
CASCADE Topology V3, (c) Open Cascade
Locations 0
Curve2ds 0
Curves 599
1 0.29814016664272458 6.1185678812897351 0 0.99999999995496147 -9.4908801772024854e-06 0 
1 0.53793821510902262 6.1185656053951902 0 -2.84223563885456e-13 -1 0 
1 0.5379382151089942 6.0185678816249748 0 -1 0 0 
1 0.29813197842474892 6.0185678816249748 0 0 -1 0 
1 0.29813197842474892 0.29999999999999721 0 1 0 0 
1 6.0568281081320947 0.29999999999999721 0 0 1 0 
1 6.0568281081320947 6.0185678816249748 0 -1 0 0 
1 1.604938215109001 6.0185678816249748 0 0 1 0 
1 1.604938215109001 6.118555478626007 0 0.99999999995496158 -9.4908802091715231e-06 0 
1 6.419830679348749 6.1185097810584068 0 -1.415234410920076e-13 -1 0 
1 6.4198306793487347 6.0180963470325679 0 -1 0 0 
1 6.156828108132089 6.0180963470325679 0 2.4852422646877548e-15 -1 0 
1 6.1568281081321032 0.29999999999999721 0 1 0 0 
1 11.535020909313721 0.29999999999999721 0 0 1 0 
1 11.535020909313721 6.0180963470325679 0 -1 0 0 
1 7.486830679348742 6.0180963470325679 0 0 1 0 
1 7.486830679348742 6.1184996542892236 0 0.99999999995496158 -9.4908802086155696e-06 0 
1 11.89274199879304 6.1184578383126791 0 0 -1 0 
1 11.89274199879304 6.0180963470325679 0 -1 0 0 
1 11.63502090931371 6.0180963470325679 0 -1.5532764154298467e-15 -1 0 
1 11.635020909313701 0.29999999999999721 0 1 0 0 
1 17.015643657750331 0.29999999999999721 0 0 1 0 
1 17.015643657750331 6.0180963470325679 0 -1 0 0 
1 12.959741998793049 6.0180963470325679 0 0 1 0 
1 12.959741998793049 6.1184477115434959 0 0.99999999995496158 -9.4908802086155662e-06 0 
1 17.365653318237349 6.1184058955669514 0 0 -1 0 
1 17.365653318237349 6.0180963470325679 0 -1 0 0 
1 17.11564365775034 6.0180963470325679 0 -1.8639316985158162e-15 -1 0 
1 17.115643657750329 0.29999999999999721 0 1 0 0 
1 22.477905860966079 0.29999999999999721 0 0 1 0 
1 22.477905860966079 6.0180963470325679 0 -1 0 0 
1 18.43265331823736 6.0180963470325679 0 0 1 0 
1 18.43265331823736 6.1183957687977681 0 0.99999999995496169 -9.4908802072164524e-06 0 
1 22.875744741754001 6.1183535999493159 0 -2.1261586022612943e-13 -1 0 
1 22.87574474175398 6.0180963470325679 0 -1 0 0 
1 22.577905860966069 6.0180963470325679 0 0 -1 0 
1 22.577905860966069 0.29999999999999721 0 1 0 0 
1 27.96770888201317 0.29999999999999721 0 0 1 0 
1 27.96770888201317 6.0180963470325679 0 -1 0 0 
1 23.94274474175398 6.0180963470325679 0 0 1 0 
1 23.94274474175398 6.1183434731801327 0 0.99999999995496158 -9.4908802067855905e-06 0 
1 28.31147595712596 6.1183020100755101 0 0 -1 0 
1 28.31147595712596 6.0180963470325679 0 -1 0 0 
1 28.067708882013161 6.0180963470325679 0 -3.7278633970316324e-15 -1 0 
1 28.06770888201314 0.29999999999999721 0 1 0 0 
1 33.439151357839343 0.29999999999999721 0 0 1 0 
1 33.439151357839343 6.0180963470325679 0 -1 0 0 
1 29.378475957125971 6.0180963470325679 0 0 1 0 
1 29.378475957125971 6.1182918833063269 0 0.99999999995496147 -9.4908802094167357e-06 0 
1 33.81413135982811 6.1182497850322477 0 2.8378166539320276e-13 -1 0 
1 33.814131359828139 6.0180963470325679 0 -1 0 0 
1 33.53915135783933 6.0180963470325679 0 0 -1 0 
1 33.53915135783933 0.29999999999999721 0 1 0 0 
1 38.91977410627598 0.29999999999999721 0 0 1 0 
1 38.91977410627598 6.0180963470325679 0 -1 0 0 
1 34.881131359828117 6.0180963470325679 0 0 1 0 
1 34.881131359828117 6.1182396582630636 0 0.99999999995496158 -9.4908802096401203e-06 0 
1 39.27708050873531 6.1181979368362818 0 0 -1 0 
1 39.27708050873531 6.0180963470325679 0 -1 0 0 
1 39.019774106275968 6.0180963470325679 0 0 -1 0 
1 39.019774106275968 0.29999999999999721 0 1 0 0 
1 44.400396854712596 0.29999999999999721 0 0 1 0 
1 44.400396854712596 6.0180963470325679 0 -1 0 0 
1 40.344080508735317 6.0180963470325679 0 0 1 0 
1 40.344080508735317 6.1181878100670994 0 0.99999999995496169 -9.4908802091414652e-06 0 
1 44.752148274215813 6.1181459736239816 0 0 -1 0 
1 44.752148274215813 6.0180963470325679 0 -1 0 0 
1 44.500396854712591 6.0180963470325679 0 0 -1 0 
1 44.500396854712591 0.29999999999999721 0 1 0 0 
1 49.881019603149241 0.29999999999999721 0 0 1 0 
1 49.881019603149241 6.0180963470325679 0 -1 0 0 
1 45.81914827421582 6.0180963470325679 0 0 1 0 
1 45.81914827421582 6.1181358468547984 0 0.99999999995496169 -9.4908802070772663e-06 0 
1 49.981019603149242 6.1180963470325764 0 0 -1 0 
1 49.981019603149242 0.29999999999999721 0 1 0 0 
1 58.168291541250511 0.29999999999999721 0 0 1 0 
1 58.168291541250511 8.1783007484035579 0 -1 0 0 
1 52.519429835154227 8.1783007484035579 0 0 1 0 
1 52.519429835154227 8.6023810133792864 0 1 -1.4210854715198773e-13 0 
1 52.61942983515425 8.6023810133792722 0 0 -1 0 
1 52.61942983515425 8.3783007484035608 0 1 0 0 
1 58.168291541250511 8.3783007484035608 0 0 1 0 
1 58.168291541250511 13.850647862453879 0 -1 0 0 
1 52.61942983515425 13.850647862453879 0 0 -1 0 
1 52.61942983515425 9.6693810133792795 0 -1 0 0 
1 52.519429835154227 9.6693810133792795 0 0 1 0 
1 52.519429835154227 14.19166227186844 0 1 1.0658141036399079e-13 0 
1 52.61942983515425 14.19166227186845 0 0 -1 0 
1 52.61942983515425 13.95064786245389 0 1 -1.6006497670041539e-15 0 
1 58.168291541250511 13.950647862453881 0 0 1 0 
1 58.168291541250511 19.316460541333999 0 -1 0 0 
1 52.61942983515425 19.316460541333999 0 0 -1 0 
1 52.61942983515425 15.258662271868451 0 -1 0 0 
1 52.519429835154227 15.258662271868451 0 0 1 0 
1 52.519429835154227 19.628715885857801 0 1 0 0 
1 52.61942983515425 19.628715885857801 0 0 -1 0 
1 52.61942983515425 19.41646054133399 0 1 0 0 
1 58.168291541250511 19.41646054133399 0 0 1 0 
1 58.168291541250511 24.79711984890643 0 -1 0 0 
1 52.61942983515425 24.79711984890643 0 0 -1 0 
1 52.61942983515425 20.695715885857808 0 -1 0 0 
1 52.519429835154227 20.695715885857808 0 0 1 0 
1 52.519429835154227 25.12222532478728 0 1 0 0 
1 52.61942983515425 25.12222532478728 0 0 -1 0 
1 52.61942983515425 24.897119848906438 0 1 0 0 
1 58.168291541250511 24.897119848906438 0 0 1 0 
1 58.168291541250511 28.832097978840949 0 -1 0 0 
1 52.61942983515425 28.832097978840949 0 0 -1 0 
1 52.61942983515425 26.189225324787269 0 -1 0 0 
1 52.519429835154227 26.189225324787269 0 0 1 0 
1 52.519429835154227 28.832097978840949 0 -1 0 0 
1 41.764166768289748 28.832097978840949 0 0 -1 0 
1 41.764166768289748 22.69046808183495 0 -1 0 0 
1 40.325184780583577 22.69046808183495 0 2.1756818568972412e-10 1 0 
1 40.325184780605333 22.790468081834959 0 1 0 0 
1 41.664166768289761 22.790468081834959 0 0 1 0 
1 41.664166768289761 28.832097978840949 0 -1 0 0 
1 39.02141865504521 28.832097978840949 0 0 -1 0 
1 39.02141865504521 22.790468081834959 0 1 0 0 
1 39.258184780605319 22.790468081834959 0 -1.8388846001471786e-10 -1 0 
1 39.25818478058693 22.690468081834961 0 -1 0 0 
1 37.599067493199243 22.690468081834961 0 5.6843418860809227e-13 1 0 
1 37.5990674931993 22.790468081834959 0 1 0 0 
1 38.921418655045223 22.790468081834959 0 0 1 0 
1 38.921418655045223 28.832097978840949 0 -1 0 0 
1 36.278670541800658 28.832097978840949 0 0 -1 0 
1 36.278670541800658 22.790468081834959 0 1 0 0 
1 36.532067493199293 22.790468081834959 0 -3.552713678800198e-13 -1 0 
1 36.532067493199257 22.69046808183495 0 -1 6.361631986256237e-15 0 
1 34.856689058950387 22.690468081834961 0 0 1 0 
1 34.856689058950387 22.790468081834959 0 1 0 0 
1 36.17867054180067 22.790468081834959 0 0 1 0 
1 36.17867054180067 28.832097978840949 0 -1 0 0 
1 33.552922933390278 28.832097978840949 0 0 -1 0 
1 33.552922933390278 22.790468081834959 0 1 0 0 
1 33.789689058950387 22.790468081834959 0 3.552713678800198e-13 -1 0 
1 33.789689058950422 22.69046808183495 0 -1 0 0 
1 32.154115612017392 22.69046808183495 0 -3.552713678800198e-13 1 0 
1 32.154115612017357 22.790468081834959 0 1 0 0 
1 33.452922933390248 22.790468081834959 0 0 1 0 
1 33.452922933390248 28.832097978840949 0 -1 0 0 
1 30.827175324979891 28.832097978840949 0 0 -1 0 
1 30.827175324979891 22.790468081834959 0 1 0 0 
1 31.08711561201736 22.790468081834959 0 0 -1 0 
1 31.08711561201736 22.69046808183495 0 -1 0 0 
1 29.393860172240149 22.69046808183495 0 0 1 0 
1 29.393860172240149 22.790468081834959 0 1 0 0 
1 30.727175324979878 22.790468081834959 0 3.5282336780289327e-15 1 0 
1 30.7271753249799 28.832097978840949 0 -1 0 0 
1 28.090094046680051 28.832097978840949 0 0 -1 0 
1 28.090094046680051 22.790468081834959 0 1 0 0 
1 28.32686017224017 22.790468081834959 0 -1.0658141036400594e-13 -1 0 
1 28.32686017224016 22.69046808183495 0 -1 0 0 
1 26.654955139097989 22.69046808183495 0 2.1316282072801188e-13 1 0 
1 26.654955139098011 22.790468081834959 0 1 0 0 
1 27.990094046680039 22.790468081834959 0 0 1 0 
1 27.990094046680039 28.832097978840949 0 -1 0 0 
1 25.353012768380211 28.832097978840949 0 0 -1 0 
1 25.353012768380211 22.790468081834959 0 1 0 0 
1 25.587955139098 22.790468081834959 0 1.0658141036400594e-13 -1 0 
1 25.58795513909801 22.69046808183495 0 -1 0 0 
1 23.925364450585231 22.69046808183495 0 -1.0658141036400594e-13 1 0 
1 23.925364450585221 22.790468081834959 0 1 0 0 
1 25.25301276838022 22.790468081834959 0 0 1 0 
1 25.25301276838022 28.832097978840949 0 -1 0 0 
1 22.621598325025101 28.832097978840949 0 0 -1 0 
1 22.621598325025101 22.790468081834959 0 1 0 0 
1 22.85836445058521 22.790468081834959 0 2.1316282072801188e-13 -1 0 
1 22.858364450585231 22.69046808183495 0 -1 0 0 
1 21.21602643477577 22.69046808183495 0 1.0658141036400594e-13 1 0 
1 21.216026434775781 22.790468081834959 0 1 0 0 
1 22.52159832502511 22.790468081834959 0 0 1 0 
1 22.52159832502511 28.832097978840949 0 -1 0 0 
1 19.890183881670001 28.832097978840949 0 0 -1 0 
1 19.890183881670001 22.790468081834959 0 1 0 0 
1 20.149026434775781 22.790468081834959 0 0 -1 0 
1 20.149026434775781 22.690468081834961 0 -1 0 0 
1 18.44517621594591 22.690468081834961 0 0 1 0 
1 18.44517621594591 22.790468081834959 0 1 0 0 
1 19.79018388167 22.790468081834959 0 0 1 0 
1 19.79018388167 28.832097978840949 0 -1 0 0 
1 17.14141009038579 28.832097978840949 0 0 -1 0 
1 17.14141009038579 22.790468081834959 0 1 0 0 
1 17.378176215945899 22.790468081834959 0 0 -1 0 
1 17.378176215945899 22.69046808183495 0 -1 0 0 
1 15.68675007755783 22.69046808183495 0 3.0198066269801683e-13 1 0 
1 15.686750077557861 22.790468081834959 0 1 0 0 
1 17.041410090385799 22.790468081834959 0 0 1 0 
1 17.041410090385799 28.832097978840949 0 -1 0 0 
1 14.39263629910157 28.832097978840949 0 0 -1 0 
1 14.39263629910157 22.790468081834959 0 1 0 0 
1 14.61975007755785 22.790468081834959 0 0 -1 0 
1 14.61975007755785 22.690468081834961 0 -1 -6.0382984818233445e-15 0 
1 12.85465995018423 22.69046808183495 0 0 1 0 
1 12.85465995018423 22.790468081834959 0 1 0 0 
1 14.292636299101559 22.790468081834959 0 0 1 0 
1 14.292636299101559 28.832097978840949 0 -1 0 0 
1 11.550893824624129 28.832097978840949 0 0 -1 0 
1 11.550893824624129 22.790468081834959 0 1 0 0 
1 11.78765995018423 22.790468081834959 0 -8.881784197000495e-14 -1 0 
1 11.787659950184221 22.69046808183495 0 -1 0 0 
1 10.01291747570677 22.69046808183495 0 -1.0658141036400594e-13 1 0 
1 10.012917475706759 22.790468081834959 0 1 0 0 
1 11.450893824624099 22.790468081834959 0 0 1 0 
1 11.450893824624099 28.832097978840949 0 -1 0 0 
1 8.7091513501466693 28.832097978840949 0 0 -1 0 
1 8.7091513501466693 22.790468081834959 0 1 0 0 
1 8.9459174757067785 22.790468081834959 0 -1.4210854715200792e-13 -1 0 
1 8.9459174757067643 22.69046808183495 0 -1 0 0 
1 8.6091513501466608 22.69046808183495 0 0 1 0 
1 8.6091513501466608 28.832097978840949 0 -1 0 0 
1 6.088050306808185 28.832097978840949 0 0 -1 0 
1 6.088050306808185 27.25325489162779 0 -1 1.9550583374440268e-10 0 
1 5.9880503068081907 27.253254891647341 0 0 1 0 
1 5.9880503068081907 28.832097978840949 0 -1 0 0 
1 0.29999999999999721 28.832097978840949 0 -8.3260289329491096e-05 -0.99999999653386196 0 
1 0.29975264908698313 25.861283030337962 0 1 0 0 
1 5.9880503068081907 25.861283030337962 0 0 1 0 
1 5.9880503068081907 26.186254891647351 0 1 -1.6871837260624538e-10 0 
1 6.088050306808185 26.18625489163048 0 0 -1 0 
1 6.088050306808185 24.182439943144349 0 -1 0 0 
1 5.9880503068081907 24.182439943144349 0 0 1 0 
1 5.9880503068081907 25.76128303033795 0 -1 2.9467607682267227e-11 0 
1 0.29975060203250342 25.76128303050557 0 -8.2571234471526931e-05 -0.99999999659099548 0 
1 0.29950529817396898 22.790468081834959 0 1 0 0 
1 5.9880503068081907 22.790468081834959 0 0 1 0 
1 5.9880503068081907 23.115439943144349 0 1 0 0 
1 6.088050306808185 23.115439943144349 0 0 -1 0 
1 6.088050306808185 21.435671024691018 0 -1 -1.7763568394003514e-13 0 
1 5.9880503068081907 21.435671024691 0 0 1 0 
1 5.9880503068081907 22.690468081834961 0 -1 0 0 
1 0.29975264908698313 22.690468081834961 0 -0.00013170280100315116 -0.99999999132718609 0 
1 0.29940406220379151 20.043699163381621 0 1 0 0 
1 5.9880503068081907 20.043699163381621 0 0 1 0 
1 5.9880503068081907 20.368671024691011 0 1 0 0 
1 6.088050306808185 20.368671024691011 0 0 -1 0 
1 6.088050306808185 18.69694371665479 0 -1 0 0 
1 5.9880503068081907 18.69694371665479 0 0 1 0 
1 5.9880503068081907 19.943699163381609 0 -1 7.3428730762524857e-11 0 
1 0.29940083068035511 19.94369916379932 0 -0.00013048186955539262 -0.99999999148724084 0 
1 0.29905547532059978 17.296930244928259 0 1 0 0 
1 5.9880503068081907 17.296930244928259 0 0 1 0 
1 5.9880503068081907 17.629943716654779 0 1 0 0 
1 6.088050306808185 17.629943716654779 0 0 -1 0 
1 6.088050306808185 15.96236114093502 0 -1 -1.9539925233403866e-13 0 
1 5.9880503068081907 15.962361140935 0 0 1 0 
1 5.9880503068081907 17.196930244928271 0 -1 0 0 
1 0.2995277376602985 17.196930244928271 0 -0.00017490162410823521 -0.99999998470471074 0 
1 0.29906835137265381 14.570389279625619 0 1 0 0 
1 5.9880503068081907 14.570389279625619 0 0 1 0 
1 5.9880503068081907 14.895361140935011 0 1 0 0 
1 6.088050306808185 14.895361140935011 0 0 -1 0 
1 6.088050306808185 13.10000970932933 0 -1 -1.9539925233403866e-13 0 
1 5.9880503068081907 13.10000970932931 0 0 1 0 
1 5.9880503068081907 14.470389279625611 0 -1 1.2945360564490465e-10 0 
1 0.29906406051480872 14.47038928036207 0 -0.00017326797062152598 -0.99999998498910503 0 
1 0.29860896508503743 11.843848314322949 0 1 0 0 
1 5.9880503068081907 11.843848314322949 0 0 1 0 
1 5.9880503068081907 12.03300970932932 0 1 0 0 
1 6.088050306808185 12.03300970932932 0 0 -1 0 
1 6.088050306808185 11.74384831432296 0 -1 0 0 
1 0.29930448254251019 11.74384831432296 0 -0.00020697916996431865 -0.99999997857981138 0 
1 33.792596689639318 15.84042954060399 0 1 0 0 
1 36.25680560896059 15.84042954060399 0 0 1 0 
1 36.25680560896059 18.18261588547491 0 -1 0 0 
1 33.792596689639318 18.18261588547491 0 0 -1 0 
1 21.789990481606921 12.820986672161141 0 1 0 0 
1 24.25419940092819 12.820986672161141 0 0 1 0 
1 24.25419940092819 15.969228308117129 0 -1 0 0 
1 21.789990481606921 15.969228308117129 0 0 -1 0 
1 17.716667292610069 12.863639270998799 0 1 0 0 
1 20.180876211931331 12.863639270998799 0 0 1 0 
1 20.180876211931331 16.011880906954801 0 -1 0 0 
1 17.716667292610069 16.011880906954801 0 0 -1 0 
1 26.652652407697271 16.366874463742281 0 1 0 0 
1 30.195980924338389 16.366874463742281 0 0 1 0 
1 30.195980924338389 19.88809858042006 0 -1 0 0 
1 26.652652407697271 19.88809858042006 0 0 -1 0 
1 0.3481078322178206 25.934764391661972 0 1 0 0 
1 2.2015050045797722 25.934764391661972 0 0 1 0 
1 2.2015050045797722 27.430621859372291 0 -1 0 0 
1 0.3481078322178206 27.430621859372291 0 0 -1 0 
1 0.34786048130480651 22.863949443158969 0 1 0 0 
1 2.2012576536667581 22.863949443158969 0 0 1 0 
1 2.2012576536667581 24.359806910869299 0 -1 0 0 
1 0.34786048130480651 24.359806910869299 0 0 -1 0 
1 0.34775924533462899 20.117180524705631 0 1 0 0 
1 2.201156417696581 20.117180524705631 0 0 1 0 
1 2.201156417696581 21.613037992415951 0 -1 0 0 
1 0.34775924533462899 21.613037992415951 0 0 -1 0 
1 0.34741065845143743 17.370411606252279 0 1 0 0 
1 2.2008078308133889 17.370411606252279 0 0 1 0 
1 2.2008078308133889 18.866269073962599 0 -1 0 0 
1 0.34741065845143743 18.866269073962599 0 0 -1 0 
1 0.34742353450349128 14.643870640949631 0 1 0 0 
1 2.2008207068654428 14.643870640949631 0 0 1 0 
1 2.2008207068654428 16.139728108659948 0 -1 0 0 
1 0.34742353450349128 16.139728108659948 0 0 -1 0 
1 0.34696414821587501 11.91732967564697 0 1 0 0 
1 2.200361320577827 11.91732967564697 0 0 1 0 
1 2.200361320577827 13.413187143357289 0 -1 0 0 
1 0.34696414821587501 13.413187143357289 0 0 -1 0 
1 3.203630544467416 1.15318008243834 0 1 0 0 
1 5.6678394637886811 1.15318008243834 0 0 1 0 
1 5.6678394637886811 4.3014217183943373 0 -1 0 0 
1 3.203630544467416 4.3014217183943373 0 0 -1 0 
1 6.2063313093919703 0.35420334735201209 0 1 0 0 
1 7.6899215540218506 0.35420334735201209 0 0 1 0 
1 7.6899215540218506 4.0860039985275023 0 -1 0 0 
1 6.2063313093919703 4.0860039985275023 0 0 -1 0 
1 10.0037828174294 0.36157133821131993 0 1 0 0 
1 11.476296994469291 0.36157133821131993 0 0 1 0 
1 11.476296994469291 5.9689487955498626 0 -1 0 0 
1 10.0037828174294 5.9689487955498626 0 0 -1 0 
1 11.684524110573561 0.35420334735201209 0 1 0 0 
1 13.168114355203439 0.35420334735201209 0 0 1 0 
1 13.168114355203439 4.0860039985275023 0 -1 0 0 
1 11.684524110573561 4.0860039985275023 0 0 -1 0 
1 15.48197561861099 0.36157133821131993 0 1 0 0 
1 16.95448979565089 0.36157133821131993 0 0 1 0 
1 16.95448979565089 5.9689487955498626 0 -1 0 0 
1 15.48197561861099 5.9689487955498626 0 0 -1 0 
1 17.165146859010211 0.35420334735201209 0 1 0 0 
1 18.648737103640091 0.35420334735201209 0 0 1 0 
1 18.648737103640091 4.0860039985275023 0 -1 0 0 
1 17.165146859010211 4.0860039985275023 0 0 -1 0 
1 20.962598367047629 0.36157133821131993 0 1 0 0 
1 22.435112544087531 0.36157133821131993 0 0 1 0 
1 22.435112544087531 5.9689487955498626 0 -1 0 0 
1 20.962598367047629 5.9689487955498626 0 0 -1 0 
1 22.627409062225951 0.35420334735201209 0 1 0 0 
1 24.110999306855831 0.35420334735201209 0 0 1 0 
1 24.110999306855831 4.0860039985275023 0 -1 0 0 
1 22.627409062225951 4.0860039985275023 0 0 -1 0 
1 26.42486057026338 0.36157133821131993 0 1 0 0 
1 27.897374747303271 0.36157133821131993 0 0 1 0 
1 27.897374747303271 5.9689487955498626 0 -1 0 0 
1 26.42486057026338 5.9689487955498626 0 0 -1 0 
1 8.7556726896293497 26.927212861293849 0 1 0 0 
1 10.251530157339641 26.927212861293849 0 0 1 0 
1 10.251530157339641 28.78061003365579 0 -1 0 0 
1 8.7556726896293497 28.78061003365579 0 0 -1 0 
1 11.59741516410681 26.927212861293849 0 1 0 0 
1 13.093272631817101 26.927212861293849 0 0 1 0 
1 13.093272631817101 28.78061003365579 0 -1 0 0 
1 11.59741516410681 28.78061003365579 0 0 -1 0 
1 14.43915763858425 26.927212861293849 0 1 0 0 
1 15.935015106294539 26.927212861293849 0 0 1 0 
1 15.935015106294539 28.78061003365579 0 -1 0 0 
1 14.43915763858425 28.78061003365579 0 0 -1 0 
1 17.18793142986847 26.927212861293849 0 1 0 0 
1 18.683788897578761 26.927212861293849 0 0 1 0 
1 18.683788897578761 28.78061003365579 0 -1 0 0 
1 17.18793142986847 28.78061003365579 0 0 -1 0 
1 19.936705221152678 26.927212861293849 0 1 0 0 
1 21.432562688862969 26.927212861293849 0 0 1 0 
1 21.432562688862969 28.78061003365579 0 -1 0 0 
1 19.936705221152678 28.78061003365579 0 0 -1 0 
1 22.668119664507781 26.927212861293849 0 1 0 0 
1 24.163977132218079 26.927212861293849 0 0 1 0 
1 24.163977132218079 28.78061003365579 0 -1 0 0 
1 22.668119664507781 28.78061003365579 0 0 -1 0 
1 25.40520094280761 26.927212861293849 0 1 0 0 
1 26.901058410517901 26.927212861293849 0 0 1 0 
1 26.901058410517901 28.78061003365579 0 -1 0 0 
1 25.40520094280761 28.78061003365579 0 0 -1 0 
1 28.14228222110745 26.927212861293849 0 1 0 0 
1 29.638139688817741 26.927212861293849 0 0 1 0 
1 29.638139688817741 28.78061003365579 0 -1 0 0 
1 28.14228222110745 28.78061003365579 0 0 -1 0 
1 30.86802982951782 26.927212861293849 0 1 0 0 
1 32.363887297228118 26.927212861293849 0 0 1 0 
1 32.363887297228118 28.78061003365579 0 -1 0 0 
1 30.86802982951782 28.78061003365579 0 0 -1 0 
1 33.593777437928217 26.927212861293849 0 1 0 0 
1 35.089634905638519 26.927212861293849 0 0 1 0 
1 35.089634905638519 28.78061003365579 0 -1 0 0 
1 33.593777437928217 28.78061003365579 0 0 -1 0 
1 36.336525551172798 26.927212861293849 0 1 0 0 
1 37.832383018883093 26.927212861293849 0 0 1 0 
1 37.832383018883093 28.78061003365579 0 -1 0 0 
1 36.336525551172798 28.78061003365579 0 0 -1 0 
1 39.079273664417343 26.927212861293849 0 1 0 0 
1 40.575131132127638 26.927212861293849 0 0 1 0 
1 40.575131132127638 28.78061003365579 0 -1 0 0 
1 39.079273664417343 28.78061003365579 0 0 -1 0 
1 41.790006250323501 23.481394535568729 0 0 -1 0 
1 41.790006250323501 22.690468081834961 0 1 0 0 
1 49.972016980901742 22.690468081834961 0 0 1 0 
1 49.972016980901742 27.161419131454071 0 -1 0 0 
1 49.212523712578673 27.161419131454071 0 0 -1 0 
1 49.212523712578673 23.481394535568729 0 -1 0 0 
1 42.674809346776037 23.72133834043656 0 1 0 0 
1 48.67580586918784 23.72133834043656 0 0 1 0 
1 48.67580586918784 24.321338340436569 0 -1 0 0 
1 42.674809346776037 24.321338340436569 0 0 -1 0 
1 13.16314220215777 14.515015050595149 0 0 1 0 
1 13.16314220215777 17.861773201773051 0 -1 0 0 
1 8.8091513501466494 17.861773201773051 0 0 -1 0 
1 8.8091513501466494 8.3783007484035608 0 1 -3.2638687581619444e-15 0 
1 13.16314220215777 8.3783007484035465 0 0 1 0 
1 13.16314220215777 13.448015050595149 0 1 0 0 
1 13.363142202157761 13.448015050595149 0 0 -1 0 
1 13.363142202157761 8.1783007484035437 0 -1 0 0 
1 8.6091513501466608 8.1783007484035437 0 0 1 0 
1 8.6091513501466608 20.63026368046398 0 1 0 0 
1 13.363142202157761 20.63026368046398 0 0 -1 0 
1 13.363142202157761 19.342088241884429 0 -1 -1.7763568394004145e-13 0 
1 13.26314220215777 19.342088241884412 0 0 1 0 
1 13.26314220215777 20.530263680463971 0 -1 0 0 
1 8.7091513501466551 20.530263680463971 0 0 -1 0 
1 8.7091513501466551 18.06177320177305 0 1 0 0 
1 13.26314220215777 18.06177320177305 0 0 1 0 
1 13.26314220215777 18.275088241884418 0 1 0 0 
1 13.363142202157761 18.275088241884418 0 0 -1 0 
1 13.363142202157761 14.515015050595149 0 -1 0 0 
1 45.392186646856892 14.515015050595149 0 0 1 0 
1 45.392186646856892 17.861773201773051 0 1 0 0 
1 49.746177498868008 17.861773201773051 0 0 -1 0 
1 49.746177498868008 8.3783007484035608 0 -1 -3.2638687581619487e-15 0 
1 45.392186646856892 8.3783007484035465 0 0 1 0 
1 45.392186646856892 13.448015050595149 0 -1 0 0 
1 45.192186646856896 13.448015050595149 0 0 -1 0 
1 45.192186646856896 8.1783007484035437 0 1 0 0 
1 49.946177498868003 8.1783007484035437 0 0 1 0 
1 49.946177498868003 20.63026368046398 0 -1 0 0 
1 45.192186646856896 20.63026368046398 0 0 -1 0 
1 45.192186646856896 19.342088241884429 0 1 -1.7763568394003514e-13 0 
1 45.292186646856891 19.342088241884412 0 0 1 0 
1 45.292186646856891 20.530263680463971 0 1 0 0 
1 49.846177498868002 20.530263680463971 0 0 -1 0 
1 49.846177498868002 18.06177320177305 0 -1 0 0 
1 45.292186646856891 18.06177320177305 0 0 1 0 
1 45.292186646856891 18.275088241884418 0 -1 0 0 
1 45.192186646856896 18.275088241884418 0 0 -1 0 
1 45.192186646856896 14.515015050595149 0 1 0 0 
1 28.117499379897779 0.35420334735201209 0 1 0 0 
1 29.60108962452767 0.35420334735201209 0 0 1 0 
1 29.60108962452767 4.0860039985275023 0 -1 0 0 
1 28.117499379897779 4.0860039985275023 0 0 -1 0 
1 31.91495088793522 0.36157133821131993 0 1 0 0 
1 33.3859808656768 0.36157133821131993 0 0 1 0 
1 33.3859808656768 5.9689487955498626 0 -1 0 0 
1 31.91495088793522 5.9689487955498626 0 0 -1 0 
1 33.588941855723988 0.35420334735201209 0 1 0 0 
1 35.072532100353868 0.35420334735201209 0 0 1 0 
1 35.072532100353868 4.0860039985275023 0 -1 0 0 
1 33.588941855723988 4.0860039985275023 0 0 -1 0 
1 37.386393363761407 0.36157133821131993 0 1 0 0 
1 38.858907540801312 0.36157133821131993 0 0 1 0 
1 38.858907540801312 5.9689487955498626 0 -1 0 0 
1 37.386393363761407 5.9689487955498626 0 0 -1 0 
1 39.069564604160632 0.35420334735201209 0 1 0 0 
1 40.553154848790513 0.35420334735201209 0 0 1 0 
1 40.553154848790513 4.0860039985275023 0 -1 0 0 
1 39.069564604160632 4.0860039985275023 0 0 -1 0 
1 42.867016112198058 0.36157133821131993 0 1 0 0 
1 44.338046089939652 0.36157133821131993 0 0 1 0 
1 44.338046089939652 5.9689487955498626 0 -1 0 0 
1 42.867016112198058 5.9689487955498626 0 0 -1 0 
1 46.75919942216774 1.1338004954763361 0 1 0 0 
1 49.231762855267483 1.1338004954763361 0 0 1 0 
1 49.231762855267483 4.282042131432334 0 -1 0 0 
1 46.75919942216774 4.282042131432334 0 0 -1 0 
1 50.302593154988642 3.092283049135617 0 1 0 0 
1 53.45083479094464 3.092283049135617 0 0 1 0 
1 53.45083479094464 5.5872532241698707 0 -1 0 0 
1 50.302593154988642 5.5872532241698707 0 0 -1 0 
1 54.46377290644088 0.44355872885772379 0 1 0 0 
1 58.007101423081991 0.44355872885772379 0 0 1 0 
1 58.007101423081991 3.9647828455355101 0 -1 0 0 
1 54.46377290644088 3.9647828455355101 0 0 -1 0 
1 56.609412346129837 9.2869899224454997 0 1 0 0 
1 58.105269813840138 9.2869899224454997 0 0 1 0 
1 58.105269813840138 11.140387094807449 0 -1 0 0 
1 56.609412346129837 11.140387094807449 0 0 -1 0 
1 56.237046779963592 12.297460465995311 0 1 0 0 
1 58.090443952325508 12.297460465995311 0 0 1 0 
1 58.090443952325508 13.793317933705611 0 -1 0 0 
1 56.237046779963592 13.793317933705611 0 0 -1 0 
1 56.609412346129837 14.85933703649583 0 1 0 0 
1 58.105269813840138 14.85933703649583 0 0 1 0 
1 58.105269813840138 16.712734208857778 0 -1 0 0 
1 56.609412346129837 16.712734208857778 0 0 -1 0 
1 56.253536858672931 17.768547077493789 0 1 0 0 
1 58.106934031034847 17.768547077493789 0 0 1 0 
1 58.106934031034847 19.264404545204091 0 -1 0 0 
1 56.253536858672931 19.264404545204091 0 0 -1 0 
1 56.609412346129837 20.325149715375929 0 1 0 0 
1 58.105269813840138 20.325149715375929 0 0 1 0 
1 58.105269813840138 22.17854688773788 0 -1 0 0 
1 56.609412346129837 22.17854688773788 0 0 -1 0 
1 56.246935017382917 23.238482093042631 0 1 0 0 
1 58.100332189744847 23.238482093042631 0 0 1 0 
1 58.100332189744847 24.734339560752929 0 -1 0 0 
1 56.246935017382917 24.734339560752929 0 0 -1 0 
1 56.257012497411012 27.28928101766174 0 1 0 0 
1 58.110409669772928 27.28928101766174 0 0 1 0 
1 58.110409669772928 28.78513848537203 0 -1 0 0 
1 56.257012497411012 28.78513848537203 0 0 -1 0 
1 33.034865857969578 8.1783007484035437 0 7.105427357600396e-14 1 0 
1 33.034865857969592 8.3783007484035608 0 1 0 0 
1 33.407532679082458 8.3783007484035608 0 0 1 0 
1 33.407532679082458 11.653200083511541 0 -1 0 0 
1 30.8701335670109 11.653200083511541 0 0 -1 0 
1 30.8701335670109 8.3783007484035608 0 1 0 0 
1 31.22486585796959 8.3783007484035608 0 -5.329070518200297e-14 -1 0 
1 31.224865857969579 8.1783007484035437 0 -1 0 0 
1 27.939936523879741 8.1783007484035437 0 2.8421709430401584e-13 1 0 
1 27.939936523879769 8.2783007484035522 0 1 0 0 
1 30.670133567010879 8.2783007484035522 0 3.0671797967552683e-15 1 0 
1 30.67013356701089 11.75320008351153 0 -1 7.7988898638345655e-16 0 
1 17.003905139006012 11.75320008351154 0 0 -1 0 
1 17.003905139006012 11.684062702108079 0 0 -1 0 
1 17.003905139006012 8.2783007484035522 0 1 0 0 
1 19.148395871983301 8.2783007484035522 0 2.8421709430401584e-13 -1 0 
1 19.148395871983329 8.1783007484035437 0 -1 0 0 
1 16.90390513900601 8.1783007484035437 0 0 1 0 
1 16.90390513900601 20.63026368046398 0 1 0 0 
1 20.640591902460201 20.63026368046398 0 1.7763568394004145e-13 -1 0 
1 20.640591902460219 20.530263680463989 0 -1 0 0 
1 17.003905139006012 20.530263680463989 0 0 -1 0 
1 17.003905139006012 11.85320008351154 0 1 0 0 
1 25.217938369026541 11.85320008351154 0 0 1 0 
1 25.217938369026541 20.530263680463989 0 -1 0 0 
1 21.707591902460191 20.530263680463989 0 0 1 0 
1 21.707591902460191 20.63026368046398 0 1 0 0 
1 25.5790039939188 20.63026368046398 0 0 -1 0 
1 25.5790039939188 20.530263680463989 0 -1 0 0 
1 25.317938369026539 20.530263680463989 0 0 -1 0 
1 25.317938369026539 15.67087150242808 0 1 0 0 
1 30.67013356701089 15.67087150242808 0 0 1 0 
1 30.67013356701089 20.530263680463971 0 -1 4.4142635249076017e-15 0 
1 26.646003993918779 20.530263680463989 0 0 1 0 
1 26.646003993918779 20.63026368046398 0 1 0 0 
1 30.770133567010902 20.63026368046398 0 0 -1 0 
1 30.770133567010902 14.257210147349699 0 -1 0 0 
1 30.67013356701089 14.257210147349699 0 0 1 0 
1 30.67013356701089 15.570871502428091 0 -1 0 0 
1 25.317938369026539 15.570871502428091 0 0 -1 0 
1 25.317938369026539 11.85320008351154 0 1 0 0 
1 30.670133567010911 11.85320008351154 0 -1.5943247286868027e-14 1 0 
1 30.67013356701089 13.190210147349701 0 1 0 0 
1 30.770133567010902 13.190210147349701 0 0 -1 0 
1 30.770133567010902 11.85320008351154 0 1 0 0 
1 33.827552055768543 11.85320008351154 0 0 -1 0 
1 33.827552055768543 11.75320008351154 0 -1 0 0 
1 33.607532679082482 11.75320008351154 0 0 -1 0 
1 33.607532679082482 8.2783007484035522 0 1 0 0 
1 37.94166355744693 8.2783007484035522 0 0 1 0 
1 37.94166355744693 11.75320008351154 0 -1 0 0 
1 34.894552055768507 11.75320008351154 0 0 1 0 
1 34.894552055768507 11.85320008351154 0 1 0 0 
1 41.488800854175992 11.85320008351154 0 0 -1 0 
1 41.488800854175992 11.75320008351154 0 -1 0 0 
1 38.041663557446917 11.75320008351154 0 0 -1 0 
1 38.041663557446917 8.2783007484035522 0 1 0 0 
1 42.90484413989293 8.2783007484035522 0 2.0447865311701723e-15 1 0 
1 42.904844139892937 11.75320008351154 0 -1 0 0 
1 42.555800854175999 11.75320008351154 0 0 1 0 
1 42.555800854175999 11.85320008351154 0 1 0 0 
1 43.004844139892953 11.85320008351154 0 0 -1 0 
1 43.004844139892953 8.1783007484035437 0 -1 0 0 
1 20.958395871983299 8.1783007484035437 0 0 1 0 
1 20.958395871983299 8.2783007484035522 0 1 0 0 
1 26.12993652387976 8.2783007484035522 0 0 -1 0 
1 26.12993652387976 8.1783007484035437 0 -1 0 0 
1 36.526686987487011 20.63026368046398 0 0 -1 0 
1 36.526686987487011 20.530335675417401 0 -0.99999999969586939 -2.466294885503138e-05 0 
1 33.607532679082482 20.530263680463971 0 0 -1 0 
1 33.607532679082482 14.5753727681527 0 1 0 0 
1 36.526686987487011 14.5753727681527 0 0 -1 0 
1 36.526686987487011 14.47537276815271 0 -1 0 0 
1 33.507532679082459 14.47537276815271 0 0 1 0 
1 33.507532679082459 20.63026368046398 0 1 0 0 
1 38.045269804463629 18.044131348115059 0 1 0 0 
1 42.904844139892958 18.044131348115059 0 0 1 0 
1 42.904844139892958 18.275088241884418 0 1 0 0 
1 43.004844139892953 18.275088241884418 0 0 -1 0 
1 43.004844139892953 14.47537276815271 0 -1 0 0 
1 39.522242206715191 14.47537276815271 0 0 1 0 
1 39.522242206715191 14.5753727681527 0 1 0 0 
1 42.904844139892958 14.5753727681527 0 0 1 0 
1 42.904844139892958 17.944131348115061 0 -1 0 0 
1 38.045269804463629 17.944131348115061 0 -0.0010784409712923965 -0.99999941848236673 0 
1 38.041636795060498 14.57537275382818 0 0.99999999999999933 3.46332998384488e-08 0 
1 38.455242206715177 14.5753727681527 0 0 -1 0 
1 38.455242206715177 14.47537276815271 0 -1 0 0 
1 37.593686987487018 14.47537276815271 0 0 1 0 
1 37.593686987487018 14.5753727681527 0 1 0 0 
1 37.941663500210041 14.5753727681527 0 0.0010704966840109698 0.9999994270182605 0 
1 37.948038309434281 20.530370730132379 0 -0.99999999969586961 -2.4662948848338972e-05 0 
1 37.593686987487018 20.530361990783849 0 0 1 0 
1 37.593686987487018 20.63026368046398 0 1 0 0 
1 43.004844139892953 20.63026368046398 0 0 -1 0 
1 43.004844139892953 19.342088241884412 0 -1 0 0 
1 42.904844139892958 19.342088241884412 0 0 1 0 
1 42.904844139892958 20.530263680463971 0 -1 0 0 
1 38.048038252136109 20.530263680463971 0 -0.0011135553486079771 -0.99999937999705057 0 
Polygon3D 0
PolygonOnTriangulations 0
Surfaces 1
1 27.076608946947601 15.789794462980293 0 0 0 1 1 0 -0 -0 1 0 
Triangulations 0

TShapes 1255
Ve
1e-07
0.298140166642725 6.11856788128974 0
0 0

0101101
*
Ve
1e-07
0.537938215109023 6.11856560539519 0
0 0

0101101
*
Ed
 1e-07 1 1 0
1  1 0 0 0.239798048477098
0

0101000
+1255 0 -1254 0 *
Ve
1e-07
0.537938215108994 6.01856788162497 0
0 0

0101101
*
Ed
 1e-07 1 1 0
1  2 0 0 0.0999977237702154
0

0101000
+1254 0 -1252 0 *
Ve
1e-07
0.298131978424749 6.01856788162497 0
0 0

0101101
*
Ed
 1e-07 1 1 0
1  3 0 0 0.239806236684245
0

0101000
+1252 0 -1250 0 *
Ve
1e-07
0.298131978424749 0.299999999999997 0
0 0

0101101
*
Ed
 1e-07 1 1 0
1  4 0 0 5.71856788162498
0

0101000
+1250 0 -1248 0 *
Ve
1e-07
6.05682810813209 0.299999999999997 0
0 0

0101101
*
Ed
 1e-07 1 1 0
1  5 0 0 5.75869612970735
0

0101000
+1248 0 -1246 0 *
Ve
1e-07
6.05682810813209 6.01856788162497 0
0 0

0101101
*
Ed
 1e-07 1 1 0
1  6 0 0 5.71856788162498
0

0101000
+1246 0 -1244 0 *
Ve
1e-07
1.604938215109 6.01856788162497 0
0 0

0101101
*
Ed
 1e-07 1 1 0
1  7 0 0 4.45188989302309
0

0101000
+1244 0 -1242 0 *
Ve
1e-07
1.604938215109 6.11855547862601 0
0 0

0101101
*
Ed
 1e-07 1 1 0
1  8 0 0 0.0999875970010322
0

0101000
+1242 0 -1240 0 *
Ve
1e-07
6.41983067934875 6.11850978105841 0
0 0

0101101
*
Ed
 1e-07 1 1 0
1  9 0 0 4.8148924644566
0

0101000
+1240 0 -1238 0 *
Ve
1e-07
6.41983067934873 6.01809634703257 0
0 0

0101101
*
Ed
 1e-07 1 1 0
1  10 0 0 0.100413434025839
0

0101000
+1238 0 -1236 0 *
Ve
1e-07
6.15682810813209 6.01809634703257 0
0 0

0101101
*
Ed
 1e-07 1 1 0
1  11 0 0 0.263002571216646
0

0101000
+1236 0 -1234 0 *
Ve
1e-07
6.1568281081321 0.299999999999997 0
0 0

0101101
*
Ed
 1e-07 1 1 0
1  12 0 0 5.71809634703257
0

0101000
+1234 0 -1232 0 *
Ve
1e-07
11.5350209093137 0.299999999999997 0
0 0

0101101
*
Ed
 1e-07 1 1 0
1  13 0 0 5.37819280118162
0

0101000
+1232 0 -1230 0 *
Ve
1e-07
11.5350209093137 6.01809634703257 0
0 0

0101101
*
Ed
 1e-07 1 1 0
1  14 0 0 5.71809634703257
0

0101000
+1230 0 -1228 0 *
Ve
1e-07
7.48683067934874 6.01809634703257 0
0 0

0101101
*
Ed
 1e-07 1 1 0
1  15 0 0 4.04819022996498
0

0101000
+1228 0 -1226 0 *
Ve
1e-07
7.48683067934874 6.11849965428922 0
0 0

0101101
*
Ed
 1e-07 1 1 0
1  16 0 0 0.100403307256656
0

0101000
+1226 0 -1224 0 *
Ve
1e-07
11.892741998793 6.11845783831268 0
0 0

0101101
*
Ed
 1e-07 1 1 0
1  17 0 0 4.40591131964273
0

0101000
+1224 0 -1222 0 *
Ve
1e-07
11.892741998793 6.01809634703257 0
0 0

0101101
*
Ed
 1e-07 1 1 0
1  18 0 0 0.100361491280111
0

0101000
+1222 0 -1220 0 *
Ve
1e-07
11.6350209093137 6.01809634703257 0
0 0

0101101
*
Ed
 1e-07 1 1 0
1  19 0 0 0.257721089479331
0

0101000
+1220 0 -1218 0 *
Ve
1e-07
11.6350209093137 0.299999999999997 0
0 0

0101101
*
Ed
 1e-07 1 1 0
1  20 0 0 5.71809634703257
0

0101000
+1218 0 -1216 0 *
Ve
1e-07
17.0156436577503 0.299999999999997 0
0 0

0101101
*
Ed
 1e-07 1 1 0
1  21 0 0 5.38062274843663
0

0101000
+1216 0 -1214 0 *
Ve
1e-07
17.0156436577503 6.01809634703257 0
0 0

0101101
*
Ed
 1e-07 1 1 0
1  22 0 0 5.71809634703257
0

0101000
+1214 0 -1212 0 *
Ve
1e-07
12.959741998793 6.01809634703257 0
0 0

0101101
*
Ed
 1e-07 1 1 0
1  23 0 0 4.05590165895728
0

0101000
+1212 0 -1210 0 *
Ve
1e-07
12.959741998793 6.1184477115435 0
0 0

0101101
*
Ed
 1e-07 1 1 0
1  24 0 0 0.100351364510928
0

0101000
+1210 0 -1208 0 *
Ve
1e-07
17.3656533182373 6.11840589556695 0
0 0

0101101
*
Ed
 1e-07 1 1 0
1  25 0 0 4.40591131964274
0

0101000
+1208 0 -1206 0 *
Ve
1e-07
17.3656533182373 6.01809634703257 0
0 0

0101101
*
Ed
 1e-07 1 1 0
1  26 0 0 0.100309548534383
0

0101000
+1206 0 -1204 0 *
Ve
1e-07
17.1156436577503 6.01809634703257 0
0 0

0101101
*
Ed
 1e-07 1 1 0
1  27 0 0 0.250009660487009
0

0101000
+1204 0 -1202 0 *
Ve
1e-07
17.1156436577503 0.299999999999997 0
0 0

0101101
*
Ed
 1e-07 1 1 0
1  28 0 0 5.71809634703257
0

0101000
+1202 0 -1200 0 *
Ve
1e-07
22.4779058609661 0.299999999999997 0
0 0

0101101
*
Ed
 1e-07 1 1 0
1  29 0 0 5.36226220321575
0

0101000
+1200 0 -1198 0 *
Ve
1e-07
22.4779058609661 6.01809634703257 0
0 0

0101101
*
Ed
 1e-07 1 1 0
1  30 0 0 5.71809634703257
0

0101000
+1198 0 -1196 0 *
Ve
1e-07
18.4326533182374 6.01809634703257 0
0 0

0101101
*
Ed
 1e-07 1 1 0
1  31 0 0 4.04525254272872
0

0101000
+1196 0 -1194 0 *
Ve
1e-07
18.4326533182374 6.11839576879777 0
0 0

0101101
*
Ed
 1e-07 1 1 0
1  32 0 0 0.1002994217652
0

0101000
+1194 0 -1192 0 *
Ve
1e-07
22.875744741754 6.11835359994932 0
0 0

0101101
*
Ed
 1e-07 1 1 0
1  33 0 0 4.44309142371675
0

0101000
+1192 0 -1190 0 *
Ve
1e-07
22.875744741754 6.01809634703257 0
0 0

0101101
*
Ed
 1e-07 1 1 0
1  34 0 0 0.100257252916748
0

0101000
+1190 0 -1188 0 *
Ve
1e-07
22.5779058609661 6.01809634703257 0
0 0

0101101
*
Ed
 1e-07 1 1 0
1  35 0 0 0.297838880787911
0

0101000
+1188 0 -1186 0 *
Ve
1e-07
22.5779058609661 0.299999999999997 0
0 0

0101101
*
Ed
 1e-07 1 1 0
1  36 0 0 5.71809634703257
0

0101000
+1186 0 -1184 0 *
Ve
1e-07
27.9677088820132 0.299999999999997 0
0 0

0101101
*
Ed
 1e-07 1 1 0
1  37 0 0 5.3898030210471
0

0101000
+1184 0 -1182 0 *
Ve
1e-07
27.9677088820132 6.01809634703257 0
0 0

0101101
*
Ed
 1e-07 1 1 0
1  38 0 0 5.71809634703257
0

0101000
+1182 0 -1180 0 *
Ve
1e-07
23.942744741754 6.01809634703257 0
0 0

0101101
*
Ed
 1e-07 1 1 0
1  39 0 0 4.02496414025919
0

0101000
+1180 0 -1178 0 *
Ve
1e-07
23.942744741754 6.11834347318013 0
0 0

0101101
*
Ed
 1e-07 1 1 0
1  40 0 0 0.100247126147565
0

0101000
+1178 0 -1176 0 *
Ve
1e-07
28.311475957126 6.11830201007551 0
0 0

0101101
*
Ed
 1e-07 1 1 0
1  41 0 0 4.36873121556874
0

0101000
+1176 0 -1174 0 *
Ve
1e-07
28.311475957126 6.01809634703257 0
0 0

0101101
*
Ed
 1e-07 1 1 0
1  42 0 0 0.100205663042942
0

0101000
+1174 0 -1172 0 *
Ve
1e-07
28.0677088820132 6.01809634703257 0
0 0

0101101
*
Ed
 1e-07 1 1 0
1  43 0 0 0.2437670751128
0

0101000
+1172 0 -1170 0 *
Ve
1e-07
28.0677088820131 0.299999999999997 0
0 0

0101101
*
Ed
 1e-07 1 1 0
1  44 0 0 5.71809634703257
0

0101000
+1170 0 -1168 0 *
Ve
1e-07
33.4391513578393 0.299999999999997 0
0 0

0101101
*
Ed
 1e-07 1 1 0
1  45 0 0 5.3714424758262
0

0101000
+1168 0 -1166 0 *
Ve
1e-07
33.4391513578393 6.01809634703257 0
0 0

0101101
*
Ed
 1e-07 1 1 0
1  46 0 0 5.71809634703257
0

0101000
+1166 0 -1164 0 *
Ve
1e-07
29.378475957126 6.01809634703257 0
0 0

0101101
*
Ed
 1e-07 1 1 0
1  47 0 0 4.06067540071337
0

0101000
+1164 0 -1162 0 *
Ve
1e-07
29.378475957126 6.11829188330633 0
0 0

0101101
*
Ed
 1e-07 1 1 0
1  48 0 0 0.100195536273759
0

0101000
+1162 0 -1160 0 *
Ve
1e-07
33.8141313598281 6.11824978503225 0
0 0

0101101
*
Ed
 1e-07 1 1 0
1  49 0 0 4.43565540290191
0

0101000
+1160 0 -1158 0 *
Ve
1e-07
33.8141313598281 6.01809634703257 0
0 0

0101101
*
Ed
 1e-07 1 1 0
1  50 0 0 0.10015343799968
0

0101000
+1158 0 -1156 0 *
Ve
1e-07
33.5391513578393 6.01809634703257 0
0 0

0101101
*
Ed
 1e-07 1 1 0
1  51 0 0 0.274980001988808
0

0101000
+1156 0 -1154 0 *
Ve
1e-07
33.5391513578393 0.299999999999997 0
0 0

0101101
*
Ed
 1e-07 1 1 0
1  52 0 0 5.71809634703257
0

0101000
+1154 0 -1152 0 *
Ve
1e-07
38.919774106276 0.299999999999997 0
0 0

0101101
*
Ed
 1e-07 1 1 0
1  53 0 0 5.38062274843665
0

0101000
+1152 0 -1150 0 *
Ve
1e-07
38.919774106276 6.01809634703257 0
0 0

0101101
*
Ed
 1e-07 1 1 0
1  54 0 0 5.71809634703257
0

0101000
+1150 0 -1148 0 *
Ve
1e-07
34.8811313598281 6.01809634703257 0
0 0

0101101
*
Ed
 1e-07 1 1 0
1  55 0 0 4.03864274644786
0

0101000
+1148 0 -1146 0 *
Ve
1e-07
34.8811313598281 6.11823965826306 0
0 0

0101101
*
Ed
 1e-07 1 1 0
1  56 0 0 0.100143311230496
0

0101000
+1146 0 -1144 0 *
Ve
1e-07
39.2770805087353 6.11819793683628 0
0 0

0101101
*
Ed
 1e-07 1 1 0
1  57 0 0 4.39594914910518
0

0101000
+1144 0 -1142 0 *
Ve
1e-07
39.2770805087353 6.01809634703257 0
0 0

0101101
*
Ed
 1e-07 1 1 0
1  58 0 0 0.100101589803714
0

0101000
+1142 0 -1140 0 *
Ve
1e-07
39.019774106276 6.01809634703257 0
0 0

0101101
*
Ed
 1e-07 1 1 0
1  59 0 0 0.257306402459342
0

0101000
+1140 0 -1138 0 *
Ve
1e-07
39.019774106276 0.299999999999997 0
0 0

0101101
*
Ed
 1e-07 1 1 0
1  60 0 0 5.71809634703257
0

0101000
+1138 0 -1136 0 *
Ve
1e-07
44.4003968547126 0.299999999999997 0
0 0

0101101
*
Ed
 1e-07 1 1 0
1  61 0 0 5.38062274843663
0

0101000
+1136 0 -1134 0 *
Ve
1e-07
44.4003968547126 6.01809634703257 0
0 0

0101101
*
Ed
 1e-07 1 1 0
1  62 0 0 5.71809634703257
0

0101000
+1134 0 -1132 0 *
Ve
1e-07
40.3440805087353 6.01809634703257 0
0 0

0101101
*
Ed
 1e-07 1 1 0
1  63 0 0 4.05631634597728
0

0101000
+1132 0 -1130 0 *
Ve
1e-07
40.3440805087353 6.1181878100671 0
0 0

0101101
*
Ed
 1e-07 1 1 0
1  64 0 0 0.100091463034532
0

0101000
+1130 0 -1128 0 *
Ve
1e-07
44.7521482742158 6.11814597362398 0
0 0

0101101
*
Ed
 1e-07 1 1 0
1  65 0 0 4.40806776567903
0

0101000
+1128 0 -1126 0 *
Ve
1e-07
44.7521482742158 6.01809634703257 0
0 0

0101101
*
Ed
 1e-07 1 1 0
1  66 0 0 0.100049626591414
0

0101000
+1126 0 -1124 0 *
Ve
1e-07
44.5003968547126 6.01809634703257 0
0 0

0101101
*
Ed
 1e-07 1 1 0
1  67 0 0 0.251751419503222
0

0101000
+1124 0 -1122 0 *
Ve
1e-07
44.5003968547126 0.299999999999997 0
0 0

0101101
*
Ed
 1e-07 1 1 0
1  68 0 0 5.71809634703257
0

0101000
+1122 0 -1120 0 *
Ve
1e-07
49.8810196031492 0.299999999999997 0
0 0

0101101
*
Ed
 1e-07 1 1 0
1  69 0 0 5.38062274843665
0

0101000
+1120 0 -1118 0 *
Ve
1e-07
49.8810196031492 6.01809634703257 0
0 0

0101101
*
Ed
 1e-07 1 1 0
1  70 0 0 5.71809634703257
0

0101000
+1118 0 -1116 0 *
Ve
1e-07
45.8191482742158 6.01809634703257 0
0 0

0101101
*
Ed
 1e-07 1 1 0
1  71 0 0 4.06187132893342
0

0101000
+1116 0 -1114 0 *
Ve
1e-07
45.8191482742158 6.1181358468548 0
0 0

0101101
*
Ed
 1e-07 1 1 0
1  72 0 0 0.10003949982223
0

0101000
+1114 0 -1112 0 *
Ve
1e-07
49.9810196031492 6.11809634703258 0
0 0

0101101
*
Ed
 1e-07 1 1 0
1  73 0 0 4.16187132912087
0

0101000
+1112 0 -1110 0 *
Ve
1e-07
49.9810196031492 0.299999999999997 0
0 0

0101101
*
Ed
 1e-07 1 1 0
1  74 0 0 5.81809634703258
0

0101000
+1110 0 -1108 0 *
Ve
1e-07
58.1682915412505 0.299999999999997 0
0 0

0101101
*
Ed
 1e-07 1 1 0
1  75 0 0 8.18727193810127
0

0101000
+1108 0 -1106 0 *
Ve
1e-07
58.1682915412505 8.17830074840356 0
0 0

0101101
*
Ed
 1e-07 1 1 0
1  76 0 0 7.87830074840356
0

0101000
+1106 0 -1104 0 *
Ve
1e-07
52.5194298351542 8.17830074840356 0
0 0

0101101
*
Ed
 1e-07 1 1 0
1  77 0 0 5.64886170609628
0

0101000
+1104 0 -1102 0 *
Ve
1e-07
52.5194298351542 8.60238101337929 0
0 0

0101101
*
Ed
 1e-07 1 1 0
1  78 0 0 0.424080264975728
0

0101000
+1102 0 -1100 0 *
Ve
1e-07
52.6194298351542 8.60238101337927 0
0 0

0101101
*
Ed
 1e-07 1 1 0
1  79 0 0 0.100000000000023
0

0101000
+1100 0 -1098 0 *
Ve
1e-07
52.6194298351542 8.37830074840356 0
0 0

0101101
*
Ed
 1e-07 1 1 0
1  80 0 0 0.224080264975711
0

0101000
+1098 0 -1096 0 *
Ve
1e-07
58.1682915412505 8.37830074840356 0
0 0

0101101
*
Ed
 1e-07 1 1 0
1  81 0 0 5.54886170609626
0

0101000
+1096 0 -1094 0 *
Ve
1e-07
58.1682915412505 13.8506478624539 0
0 0

0101101
*
Ed
 1e-07 1 1 0
1  82 0 0 5.47234711405032
0

0101000
+1094 0 -1092 0 *
Ve
1e-07
52.6194298351542 13.8506478624539 0
0 0

0101101
*
Ed
 1e-07 1 1 0
1  83 0 0 5.54886170609626
0

0101000
+1092 0 -1090 0 *
Ve
1e-07
52.6194298351542 9.66938101337928 0
0 0

0101101
*
Ed
 1e-07 1 1 0
1  84 0 0 4.1812668490746
0

0101000
+1090 0 -1088 0 *
Ve
1e-07
52.5194298351542 9.66938101337928 0
0 0

0101101
*
Ed
 1e-07 1 1 0
1  85 0 0 0.100000000000023
0

0101000
+1088 0 -1086 0 *
Ve
1e-07
52.5194298351542 14.1916622718684 0
0 0

0101101
*
Ed
 1e-07 1 1 0
1  86 0 0 4.52228125848916
0

0101000
+1086 0 -1084 0 *
Ve
1e-07
52.6194298351542 14.1916622718685 0
0 0

0101101
*
Ed
 1e-07 1 1 0
1  87 0 0 0.100000000000023
0

0101000
+1084 0 -1082 0 *
Ve
1e-07
52.6194298351542 13.9506478624539 0
0 0

0101101
*
Ed
 1e-07 1 1 0
1  88 0 0 0.241014409414561
0

0101000
+1082 0 -1080 0 *
Ve
1e-07
58.1682915412505 13.9506478624539 0
0 0

0101101
*
Ed
 1e-07 1 1 0
1  89 0 0 5.54886170609626
0

0101000
+1080 0 -1078 0 *
Ve
1e-07
58.1682915412505 19.316460541334 0
0 0

0101101
*
Ed
 1e-07 1 1 0
1  90 0 0 5.36581267888012
0

0101000
+1078 0 -1076 0 *
Ve
1e-07
52.6194298351542 19.316460541334 0
0 0

0101101
*
Ed
 1e-07 1 1 0
1  91 0 0 5.54886170609626
0

0101000
+1076 0 -1074 0 *
Ve
1e-07
52.6194298351542 15.2586622718685 0
0 0

0101101
*
Ed
 1e-07 1 1 0
1  92 0 0 4.05779826946555
0

0101000
+1074 0 -1072 0 *
Ve
1e-07
52.5194298351542 15.2586622718685 0
0 0

0101101
*
Ed
 1e-07 1 1 0
1  93 0 0 0.100000000000023
0

0101000
+1072 0 -1070 0 *
Ve
1e-07
52.5194298351542 19.6287158858578 0
0 0

0101101
*
Ed
 1e-07 1 1 0
1  94 0 0 4.37005361398935
0

0101000
+1070 0 -1068 0 *
Ve
1e-07
52.6194298351542 19.6287158858578 0
0 0

0101101
*
Ed
 1e-07 1 1 0
1  95 0 0 0.100000000000023
0

0101000
+1068 0 -1066 0 *
Ve
1e-07
52.6194298351542 19.416460541334 0
0 0

0101101
*
Ed
 1e-07 1 1 0
1  96 0 0 0.212255344523811
0

0101000
+1066 0 -1064 0 *
Ve
1e-07
58.1682915412505 19.416460541334 0
0 0

0101101
*
Ed
 1e-07 1 1 0
1  97 0 0 5.54886170609626
0

0101000
+1064 0 -1062 0 *
Ve
1e-07
58.1682915412505 24.7971198489064 0
0 0

0101101
*
Ed
 1e-07 1 1 0
1  98 0 0 5.38065930757244
0

0101000
+1062 0 -1060 0 *
Ve
1e-07
52.6194298351542 24.7971198489064 0
0 0

0101101
*
Ed
 1e-07 1 1 0
1  99 0 0 5.54886170609626
0

0101000
+1060 0 -1058 0 *
Ve
1e-07
52.6194298351542 20.6957158858578 0
0 0

0101101
*
Ed
 1e-07 1 1 0
1  100 0 0 4.10140396304862
0

0101000
+1058 0 -1056 0 *
Ve
1e-07
52.5194298351542 20.6957158858578 0
0 0

0101101
*
Ed
 1e-07 1 1 0
1  101 0 0 0.100000000000023
0

0101000
+1056 0 -1054 0 *
Ve
1e-07
52.5194298351542 25.1222253247873 0
0 0

0101101
*
Ed
 1e-07 1 1 0
1  102 0 0 4.42650943892947
0

0101000
+1054 0 -1052 0 *
Ve
1e-07
52.6194298351542 25.1222253247873 0
0 0

0101101
*
Ed
 1e-07 1 1 0
1  103 0 0 0.100000000000023
0

0101000
+1052 0 -1050 0 *
Ve
1e-07
52.6194298351542 24.8971198489064 0
0 0

0101101
*
Ed
 1e-07 1 1 0
1  104 0 0 0.225105475880842
0

0101000
+1050 0 -1048 0 *
Ve
1e-07
58.1682915412505 24.8971198489064 0
0 0

0101101
*
Ed
 1e-07 1 1 0
1  105 0 0 5.54886170609626
0

0101000
+1048 0 -1046 0 *
Ve
1e-07
58.1682915412505 28.8320979788409 0
0 0

0101101
*
Ed
 1e-07 1 1 0
1  106 0 0 3.93497812993451
0

0101000
+1046 0 -1044 0 *
Ve
1e-07
52.6194298351542 28.8320979788409 0
0 0

0101101
*
Ed
 1e-07 1 1 0
1  107 0 0 5.54886170609626
0

0101000
+1044 0 -1042 0 *
Ve
1e-07
52.6194298351542 26.1892253247873 0
0 0

0101101
*
Ed
 1e-07 1 1 0
1  108 0 0 2.64287265405368
0

0101000
+1042 0 -1040 0 *
Ve
1e-07
52.5194298351542 26.1892253247873 0
0 0

0101101
*
Ed
 1e-07 1 1 0
1  109 0 0 0.100000000000023
0

0101000
+1040 0 -1038 0 *
Ve
1e-07
52.5194298351542 28.8320979788409 0
0 0

0101101
*
Ed
 1e-07 1 1 0
1  110 0 0 2.64287265405368
0

0101000
+1038 0 -1036 0 *
Ve
1e-07
41.7641667682897 28.8320979788409 0
0 0

0101101
*
Ed
 1e-07 1 1 0
1  111 0 0 10.7552630668645
0

0101000
+1036 0 -1034 0 *
Ve
1e-07
41.7641667682897 22.690468081835 0
0 0

0101101
*
Ed
 1e-07 1 1 0
1  112 0 0 6.141629897006
0

0101000
+1034 0 -1032 0 *
Ve
1e-07
40.3251847805836 22.690468081835 0
0 0

0101101
*
Ed
 1e-07 1 1 0
1  113 0 0 1.43898198770617
0

0101000
+1032 0 -1030 0 *
Ve
1e-07
40.3251847806053 22.790468081835 0
0 0

0101101
*
Ed
 1e-07 1 1 0
1  114 0 0 0.100000000000009
0

0101000
+1030 0 -1028 0 *
Ve
1e-07
41.6641667682898 22.790468081835 0
0 0

0101101
*
Ed
 1e-07 1 1 0
1  115 0 0 1.33898198768443
0

0101000
+1028 0 -1026 0 *
Ve
1e-07
41.6641667682898 28.8320979788409 0
0 0

0101101
*
Ed
 1e-07 1 1 0
1  116 0 0 6.04162989700599
0

0101000
+1026 0 -1024 0 *
Ve
1e-07
39.0214186550452 28.8320979788409 0
0 0

0101101
*
Ed
 1e-07 1 1 0
1  117 0 0 2.64274811324455
0

0101000
+1024 0 -1022 0 *
Ve
1e-07
39.0214186550452 22.790468081835 0
0 0

0101101
*
Ed
 1e-07 1 1 0
1  118 0 0 6.04162989700599
0

0101000
+1022 0 -1020 0 *
Ve
1e-07
39.2581847806053 22.790468081835 0
0 0

0101101
*
Ed
 1e-07 1 1 0
1  119 0 0 0.236766125560109
0

0101000
+1020 0 -1018 0 *
Ve
1e-07
39.2581847805869 22.690468081835 0
0 0

0101101
*
Ed
 1e-07 1 1 0
1  120 0 0 0.0999999999999979
0

0101000
+1018 0 -1016 0 *
Ve
1e-07
37.5990674931992 22.690468081835 0
0 0

0101101
*
Ed
 1e-07 1 1 0
1  121 0 0 1.65911728738769
0

0101000
+1016 0 -1014 0 *
Ve
1e-07
37.5990674931993 22.790468081835 0
0 0

0101101
*
Ed
 1e-07 1 1 0
1  122 0 0 0.0999999999999979
0

0101000
+1014 0 -1012 0 *
Ve
1e-07
38.9214186550452 22.790468081835 0
0 0

0101101
*
Ed
 1e-07 1 1 0
1  123 0 0 1.32235116184592
0

0101000
+1012 0 -1010 0 *
Ve
1e-07
38.9214186550452 28.8320979788409 0
0 0

0101101
*
Ed
 1e-07 1 1 0
1  124 0 0 6.04162989700599
0

0101000
+1010 0 -1008 0 *
Ve
1e-07
36.2786705418007 28.8320979788409 0
0 0

0101101
*
Ed
 1e-07 1 1 0
1  125 0 0 2.64274811324456
0

0101000
+1008 0 -1006 0 *
Ve
1e-07
36.2786705418007 22.790468081835 0
0 0

0101101
*
Ed
 1e-07 1 1 0
1  126 0 0 6.04162989700599
0

0101000
+1006 0 -1004 0 *
Ve
1e-07
36.5320674931993 22.790468081835 0
0 0

0101101
*
Ed
 1e-07 1 1 0
1  127 0 0 0.253396951398635
0

0101000
+1004 0 -1002 0 *
Ve
1e-07
36.5320674931993 22.690468081835 0
0 0

0101101
*
Ed
 1e-07 1 1 0
1  128 0 0 0.100000000000009
0

0101000
+1002 0 -1000 0 *
Ve
1e-07
34.8566890589504 22.690468081835 0
0 0

0101101
*
Ed
 1e-07 1 1 0
1  129 0 0 1.67537843424887
0

0101000
+1000 0 -998 0 *
Ve
1e-07
34.8566890589504 22.790468081835 0
0 0

0101101
*
Ed
 1e-07 1 1 0
1  130 0 0 0.0999999999999979
0

0101000
+998 0 -996 0 *
Ve
1e-07
36.1786705418007 22.790468081835 0
0 0

0101101
*
Ed
 1e-07 1 1 0
1  131 0 0 1.32198148285028
0

0101000
+996 0 -994 0 *
Ve
1e-07
36.1786705418007 28.8320979788409 0
0 0

0101101
*
Ed
 1e-07 1 1 0
1  132 0 0 6.04162989700599
0

0101000
+994 0 -992 0 *
Ve
1e-07
33.5529229333903 28.8320979788409 0
0 0

0101101
*
Ed
 1e-07 1 1 0
1  133 0 0 2.62574760841039
0

0101000
+992 0 -990 0 *
Ve
1e-07
33.5529229333903 22.790468081835 0
0 0

0101101
*
Ed
 1e-07 1 1 0
1  134 0 0 6.04162989700599
0

0101000
+990 0 -988 0 *
Ve
1e-07
33.7896890589504 22.790468081835 0
0 0

0101101
*
Ed
 1e-07 1 1 0
1  135 0 0 0.236766125560109
0

0101000
+988 0 -986 0 *
Ve
1e-07
33.7896890589504 22.690468081835 0
0 0

0101101
*
Ed
 1e-07 1 1 0
1  136 0 0 0.100000000000009
0

0101000
+986 0 -984 0 *
Ve
1e-07
32.1541156120174 22.690468081835 0
0 0

0101101
*
Ed
 1e-07 1 1 0
1  137 0 0 1.63557344693303
0

0101000
+984 0 -982 0 *
Ve
1e-07
32.1541156120174 22.790468081835 0
0 0

0101101
*
Ed
 1e-07 1 1 0
1  138 0 0 0.100000000000009
0

0101000
+982 0 -980 0 *
Ve
1e-07
33.4529229333902 22.790468081835 0
0 0

0101101
*
Ed
 1e-07 1 1 0
1  139 0 0 1.29880732137289
0

0101000
+980 0 -978 0 *
Ve
1e-07
33.4529229333902 28.8320979788409 0
0 0

0101101
*
Ed
 1e-07 1 1 0
1  140 0 0 6.04162989700599
0

0101000
+978 0 -976 0 *
Ve
1e-07
30.8271753249799 28.8320979788409 0
0 0

0101101
*
Ed
 1e-07 1 1 0
1  141 0 0 2.62574760841036
0

0101000
+976 0 -974 0 *
Ve
1e-07
30.8271753249799 22.790468081835 0
0 0

0101101
*
Ed
 1e-07 1 1 0
1  142 0 0 6.04162989700599
0

0101000
+974 0 -972 0 *
Ve
1e-07
31.0871156120174 22.790468081835 0
0 0

0101101
*
Ed
 1e-07 1 1 0
1  143 0 0 0.25994028703747
0

0101000
+972 0 -970 0 *
Ve
1e-07
31.0871156120174 22.690468081835 0
0 0

0101101
*
Ed
 1e-07 1 1 0
1  144 0 0 0.100000000000009
0

0101000
+970 0 -968 0 *
Ve
1e-07
29.3938601722401 22.690468081835 0
0 0

0101101
*
Ed
 1e-07 1 1 0
1  145 0 0 1.69325543977721
0

0101000
+968 0 -966 0 *
Ve
1e-07
29.3938601722401 22.790468081835 0
0 0

0101101
*
Ed
 1e-07 1 1 0
1  146 0 0 0.100000000000009
0

0101000
+966 0 -964 0 *
Ve
1e-07
30.7271753249799 22.790468081835 0
0 0

0101101
*
Ed
 1e-07 1 1 0
1  147 0 0 1.33331515273973
0

0101000
+964 0 -962 0 *
Ve
1e-07
30.7271753249799 28.8320979788409 0
0 0

0101101
*
Ed
 1e-07 1 1 0
1  148 0 0 6.04162989700599
0

0101000
+962 0 -960 0 *
Ve
1e-07
28.0900940466801 28.8320979788409 0
0 0

0101101
*
Ed
 1e-07 1 1 0
1  149 0 0 2.63708127829985
0

0101000
+960 0 -958 0 *
Ve
1e-07
28.0900940466801 22.790468081835 0
0 0

0101101
*
Ed
 1e-07 1 1 0
1  150 0 0 6.04162989700599
0

0101000
+958 0 -956 0 *
Ve
1e-07
28.3268601722402 22.790468081835 0
0 0

0101101
*
Ed
 1e-07 1 1 0
1  151 0 0 0.23676612556012
0

0101000
+956 0 -954 0 *
Ve
1e-07
28.3268601722402 22.690468081835 0
0 0

0101101
*
Ed
 1e-07 1 1 0
1  152 0 0 0.100000000000009
0

0101000
+954 0 -952 0 *
Ve
1e-07
26.654955139098 22.690468081835 0
0 0

0101101
*
Ed
 1e-07 1 1 0
1  153 0 0 1.67190503314217
0

0101000
+952 0 -950 0 *
Ve
1e-07
26.654955139098 22.790468081835 0
0 0

0101101
*
Ed
 1e-07 1 1 0
1  154 0 0 0.100000000000009
0

0101000
+950 0 -948 0 *
Ve
1e-07
27.99009404668 22.790468081835 0
0 0

0101101
*
Ed
 1e-07 1 1 0
1  155 0 0 1.33513890758203
0

0101000
+948 0 -946 0 *
Ve
1e-07
27.99009404668 28.8320979788409 0
0 0

0101101
*
Ed
 1e-07 1 1 0
1  156 0 0 6.04162989700599
0

0101000
+946 0 -944 0 *
Ve
1e-07
25.3530127683802 28.8320979788409 0
0 0

0101101
*
Ed
 1e-07 1 1 0
1  157 0 0 2.63708127829983
0

0101000
+944 0 -942 0 *
Ve
1e-07
25.3530127683802 22.790468081835 0
0 0

0101101
*
Ed
 1e-07 1 1 0
1  158 0 0 6.04162989700599
0

0101000
+942 0 -940 0 *
Ve
1e-07
25.587955139098 22.790468081835 0
0 0

0101101
*
Ed
 1e-07 1 1 0
1  159 0 0 0.234942370717789
0

0101000
+940 0 -938 0 *
Ve
1e-07
25.587955139098 22.690468081835 0
0 0

0101101
*
Ed
 1e-07 1 1 0
1  160 0 0 0.100000000000009
0

0101000
+938 0 -936 0 *
Ve
1e-07
23.9253644505852 22.690468081835 0
0 0

0101101
*
Ed
 1e-07 1 1 0
1  161 0 0 1.66259068851278
0

0101000
+936 0 -934 0 *
Ve
1e-07
23.9253644505852 22.790468081835 0
0 0

0101101
*
Ed
 1e-07 1 1 0
1  162 0 0 0.100000000000009
0

0101000
+934 0 -932 0 *
Ve
1e-07
25.2530127683802 22.790468081835 0
0 0

0101101
*
Ed
 1e-07 1 1 0
1  163 0 0 1.327648317795
0

0101000
+932 0 -930 0 *
Ve
1e-07
25.2530127683802 28.8320979788409 0
0 0

0101101
*
Ed
 1e-07 1 1 0
1  164 0 0 6.04162989700599
0

0101000
+930 0 -928 0 *
Ve
1e-07
22.6215983250251 28.8320979788409 0
0 0

0101101
*
Ed
 1e-07 1 1 0
1  165 0 0 2.63141444335512
0

0101000
+928 0 -926 0 *
Ve
1e-07
22.6215983250251 22.790468081835 0
0 0

0101101
*
Ed
 1e-07 1 1 0
1  166 0 0 6.04162989700599
0

0101000
+926 0 -924 0 *
Ve
1e-07
22.8583644505852 22.790468081835 0
0 0

0101101
*
Ed
 1e-07 1 1 0
1  167 0 0 0.236766125560109
0

0101000
+924 0 -922 0 *
Ve
1e-07
22.8583644505852 22.690468081835 0
0 0

0101101
*
Ed
 1e-07 1 1 0
1  168 0 0 0.100000000000009
0

0101000
+922 0 -920 0 *
Ve
1e-07
21.2160264347758 22.690468081835 0
0 0

0101101
*
Ed
 1e-07 1 1 0
1  169 0 0 1.64233801580946
0

0101000
+920 0 -918 0 *
Ve
1e-07
21.2160264347758 22.790468081835 0
0 0

0101101
*
Ed
 1e-07 1 1 0
1  170 0 0 0.100000000000009
0

0101000
+918 0 -916 0 *
Ve
1e-07
22.5215983250251 22.790468081835 0
0 0

0101101
*
Ed
 1e-07 1 1 0
1  171 0 0 1.30557189024933
0

0101000
+916 0 -914 0 *
Ve
1e-07
22.5215983250251 28.8320979788409 0
0 0

0101101
*
Ed
 1e-07 1 1 0
1  172 0 0 6.04162989700599
0

0101000
+914 0 -912 0 *
Ve
1e-07
19.89018388167 28.8320979788409 0
0 0

0101101
*
Ed
 1e-07 1 1 0
1  173 0 0 2.63141444335511
0

0101000
+912 0 -910 0 *
Ve
1e-07
19.89018388167 22.790468081835 0
0 0

0101101
*
Ed
 1e-07 1 1 0
1  174 0 0 6.04162989700599
0

0101000
+910 0 -908 0 *
Ve
1e-07
20.1490264347758 22.790468081835 0
0 0

0101101
*
Ed
 1e-07 1 1 0
1  175 0 0 0.258842553105779
0

0101000
+908 0 -906 0 *
Ve
1e-07
20.1490264347758 22.690468081835 0
0 0

0101101
*
Ed
 1e-07 1 1 0
1  176 0 0 0.0999999999999979
0

0101000
+906 0 -904 0 *
Ve
1e-07
18.4451762159459 22.690468081835 0
0 0

0101101
*
Ed
 1e-07 1 1 0
1  177 0 0 1.70385021882987
0

0101000
+904 0 -902 0 *
Ve
1e-07
18.4451762159459 22.790468081835 0
0 0

0101101
*
Ed
 1e-07 1 1 0
1  178 0 0 0.0999999999999979
0

0101000
+902 0 -900 0 *
Ve
1e-07
19.79018388167 22.790468081835 0
0 0

0101101
*
Ed
 1e-07 1 1 0
1  179 0 0 1.34500766572409
0

0101000
+900 0 -898 0 *
Ve
1e-07
19.79018388167 28.8320979788409 0
0 0

0101101
*
Ed
 1e-07 1 1 0
1  180 0 0 6.04162989700599
0

0101000
+898 0 -896 0 *
Ve
1e-07
17.1414100903858 28.8320979788409 0
0 0

0101101
*
Ed
 1e-07 1 1 0
1  181 0 0 2.64877379128421
0

0101000
+896 0 -894 0 *
Ve
1e-07
17.1414100903858 22.790468081835 0
0 0

0101101
*
Ed
 1e-07 1 1 0
1  182 0 0 6.04162989700599
0

0101000
+894 0 -892 0 *
Ve
1e-07
17.3781762159459 22.790468081835 0
0 0

0101101
*
Ed
 1e-07 1 1 0
1  183 0 0 0.236766125560109
0

0101000
+892 0 -890 0 *
Ve
1e-07
17.3781762159459 22.690468081835 0
0 0

0101101
*
Ed
 1e-07 1 1 0
1  184 0 0 0.100000000000009
0

0101000
+890 0 -888 0 *
Ve
1e-07
15.6867500775578 22.690468081835 0
0 0

0101101
*
Ed
 1e-07 1 1 0
1  185 0 0 1.69142613838807
0

0101000
+888 0 -886 0 *
Ve
1e-07
15.6867500775579 22.790468081835 0
0 0

0101101
*
Ed
 1e-07 1 1 0
1  186 0 0 0.100000000000009
0

0101000
+886 0 -884 0 *
Ve
1e-07
17.0414100903858 22.790468081835 0
0 0

0101101
*
Ed
 1e-07 1 1 0
1  187 0 0 1.35466001282794
0

0101000
+884 0 -882 0 *
Ve
1e-07
17.0414100903858 28.8320979788409 0
0 0

0101101
*
Ed
 1e-07 1 1 0
1  188 0 0 6.04162989700599
0

0101000
+882 0 -880 0 *
Ve
1e-07
14.3926362991016 28.8320979788409 0
0 0

0101101
*
Ed
 1e-07 1 1 0
1  189 0 0 2.64877379128423
0

0101000
+880 0 -878 0 *
Ve
1e-07
14.3926362991016 22.790468081835 0
0 0

0101101
*
Ed
 1e-07 1 1 0
1  190 0 0 6.04162989700599
0

0101000
+878 0 -876 0 *
Ve
1e-07
14.6197500775578 22.790468081835 0
0 0

0101101
*
Ed
 1e-07 1 1 0
1  191 0 0 0.22711377845628
0

0101000
+876 0 -874 0 *
Ve
1e-07
14.6197500775578 22.690468081835 0
0 0

0101101
*
Ed
 1e-07 1 1 0
1  192 0 0 0.0999999999999979
0

0101000
+874 0 -872 0 *
Ve
1e-07
12.8546599501842 22.690468081835 0
0 0

0101101
*
Ed
 1e-07 1 1 0
1  193 0 0 1.76509012737362
0

0101000
+872 0 -870 0 *
Ve
1e-07
12.8546599501842 22.790468081835 0
0 0

0101101
*
Ed
 1e-07 1 1 0
1  194 0 0 0.100000000000009
0

0101000
+870 0 -868 0 *
Ve
1e-07
14.2926362991016 22.790468081835 0
0 0

0101101
*
Ed
 1e-07 1 1 0
1  195 0 0 1.43797634891733
0

0101000
+868 0 -866 0 *
Ve
1e-07
14.2926362991016 28.8320979788409 0
0 0

0101101
*
Ed
 1e-07 1 1 0
1  196 0 0 6.04162989700599
0

0101000
+866 0 -864 0 *
Ve
1e-07
11.5508938246241 28.8320979788409 0
0 0

0101101
*
Ed
 1e-07 1 1 0
1  197 0 0 2.74174247447743
0

0101000
+864 0 -862 0 *
Ve
1e-07
11.5508938246241 22.790468081835 0
0 0

0101101
*
Ed
 1e-07 1 1 0
1  198 0 0 6.04162989700599
0

0101000
+862 0 -860 0 *
Ve
1e-07
11.7876599501842 22.790468081835 0
0 0

0101101
*
Ed
 1e-07 1 1 0
1  199 0 0 0.2367661255601
0

0101000
+860 0 -858 0 *
Ve
1e-07
11.7876599501842 22.690468081835 0
0 0

0101101
*
Ed
 1e-07 1 1 0
1  200 0 0 0.100000000000009
0

0101000
+858 0 -856 0 *
Ve
1e-07
10.0129174757068 22.690468081835 0
0 0

0101101
*
Ed
 1e-07 1 1 0
1  201 0 0 1.77474247447745
0

0101000
+856 0 -854 0 *
Ve
1e-07
10.0129174757068 22.790468081835 0
0 0

0101101
*
Ed
 1e-07 1 1 0
1  202 0 0 0.100000000000009
0

0101000
+854 0 -852 0 *
Ve
1e-07
11.4508938246241 22.790468081835 0
0 0

0101101
*
Ed
 1e-07 1 1 0
1  203 0 0 1.43797634891734
0

0101000
+852 0 -850 0 *
Ve
1e-07
11.4508938246241 28.8320979788409 0
0 0

0101101
*
Ed
 1e-07 1 1 0
1  204 0 0 6.04162989700599
0

0101000
+850 0 -848 0 *
Ve
1e-07
8.70915135014667 28.8320979788409 0
0 0

0101101
*
Ed
 1e-07 1 1 0
1  205 0 0 2.74174247447743
0

0101000
+848 0 -846 0 *
Ve
1e-07
8.70915135014667 22.790468081835 0
0 0

0101101
*
Ed
 1e-07 1 1 0
1  206 0 0 6.04162989700599
0

0101000
+846 0 -844 0 *
Ve
1e-07
8.94591747570678 22.790468081835 0
0 0

0101101
*
Ed
 1e-07 1 1 0
1  207 0 0 0.236766125560109
0

0101000
+844 0 -842 0 *
Ve
1e-07
8.94591747570676 22.690468081835 0
0 0

0101101
*
Ed
 1e-07 1 1 0
1  208 0 0 0.100000000000009
0

0101000
+842 0 -840 0 *
Ve
1e-07
8.60915135014666 22.690468081835 0
0 0

0101101
*
Ed
 1e-07 1 1 0
1  209 0 0 0.336766125560104
0

0101000
+840 0 -838 0 *
Ve
1e-07
8.60915135014666 28.8320979788409 0
0 0

0101101
*
Ed
 1e-07 1 1 0
1  210 0 0 6.141629897006
0

0101000
+838 0 -836 0 *
Ve
1e-07
6.08805030680819 28.8320979788409 0
0 0

0101101
*
Ed
 1e-07 1 1 0
1  211 0 0 2.52110104333848
0

0101000
+836 0 -834 0 *
Ve
1e-07
6.08805030680819 27.2532548916278 0
0 0

0101101
*
Ed
 1e-07 1 1 0
1  212 0 0 1.57884308721316
0

0101000
+834 0 -832 0 *
Ve
1e-07
5.98805030680819 27.2532548916473 0
0 0

0101101
*
Ed
 1e-07 1 1 0
1  213 0 0 0.0999999999999943
0

0101000
+832 0 -830 0 *
Ve
1e-07
5.98805030680819 28.8320979788409 0
0 0

0101101
*
Ed
 1e-07 1 1 0
1  214 0 0 1.57884308719361
0

0101000
+830 0 -828 0 *
Ve
1e-07
0.299999999999997 28.8320979788409 0
0 0

0101101
*
Ed
 1e-07 1 1 0
1  215 0 0 5.68805030680819
0

0101000
+828 0 -826 0 *
Ve
1e-07
0.299752649086983 25.861283030338 0
0 0

0101101
*
Ed
 1e-07 1 1 0
1  216 0 0 2.97081495880024
0

0101000
+826 0 -824 0 *
Ve
1e-07
5.98805030680819 25.861283030338 0
0 0

0101101
*
Ed
 1e-07 1 1 0
1  217 0 0 5.68829765772121
0

0101000
+824 0 -822 0 *
Ve
1e-07
5.98805030680819 26.1862548916474 0
0 0

0101101
*
Ed
 1e-07 1 1 0
1  218 0 0 0.32497186130939
0

0101000
+822 0 -820 0 *
Ve
1e-07
6.08805030680819 26.1862548916305 0
0 0

0101101
*
Ed
 1e-07 1 1 0
1  219 0 0 0.0999999999999943
0

0101000
+820 0 -818 0 *
Ve
1e-07
6.08805030680819 24.1824399431443 0
0 0

0101101
*
Ed
 1e-07 1 1 0
1  220 0 0 2.00381494848613
0

0101000
+818 0 -816 0 *
Ve
1e-07
5.98805030680819 24.1824399431443 0
0 0

0101101
*
Ed
 1e-07 1 1 0
1  221 0 0 0.0999999999999943
0

0101000
+816 0 -814 0 *
Ve
1e-07
5.98805030680819 25.7612830303379 0
0 0

0101101
*
Ed
 1e-07 1 1 0
1  222 0 0 1.5788430871936
0

0101000
+814 0 -812 0 *
Ve
1e-07
0.299750602032503 25.7612830305056 0
0 0

0101101
*
Ed
 1e-07 1 1 0
1  223 0 0 5.68829970477569
0

0101000
+812 0 -810 0 *
Ve
1e-07
0.299505298173969 22.790468081835 0
0 0

0101101
*
Ed
 1e-07 1 1 0
1  224 0 0 2.97081495879813
0

0101000
+810 0 -808 0 *
Ve
1e-07
5.98805030680819 22.790468081835 0
0 0

0101101
*
Ed
 1e-07 1 1 0
1  225 0 0 5.68854500863422
0

0101000
+808 0 -806 0 *
Ve
1e-07
5.98805030680819 23.1154399431443 0
0 0

0101101
*
Ed
 1e-07 1 1 0
1  226 0 0 0.32497186130939
0

0101000
+806 0 -804 0 *
Ve
1e-07
6.08805030680819 23.1154399431443 0
0 0

0101101
*
Ed
 1e-07 1 1 0
1  227 0 0 0.0999999999999943
0

0101000
+804 0 -802 0 *
Ve
1e-07
6.08805030680819 21.435671024691 0
0 0

0101101
*
Ed
 1e-07 1 1 0
1  228 0 0 1.67976891845333
0

0101000
+802 0 -800 0 *
Ve
1e-07
5.98805030680819 21.435671024691 0
0 0

0101101
*
Ed
 1e-07 1 1 0
1  229 0 0 0.0999999999999943
0

0101000
+800 0 -798 0 *
Ve
1e-07
5.98805030680819 22.690468081835 0
0 0

0101101
*
Ed
 1e-07 1 1 0
1  230 0 0 1.25479705714396
0

0101000
+798 0 -796 0 *
Ve
1e-07
0.299752649086983 22.690468081835 0
0 0

0101101
*
Ed
 1e-07 1 1 0
1  231 0 0 5.68829765772121
0

0101000
+796 0 -794 0 *
Ve
1e-07
0.299404062203792 20.0436991633816 0
0 0

0101101
*
Ed
 1e-07 1 1 0
1  232 0 0 2.64676894140827
0

0101000
+794 0 -792 0 *
Ve
1e-07
5.98805030680819 20.0436991633816 0
0 0

0101101
*
Ed
 1e-07 1 1 0
1  233 0 0 5.6886462446044
0

0101000
+792 0 -790 0 *
Ve
1e-07
5.98805030680819 20.368671024691 0
0 0

0101101
*
Ed
 1e-07 1 1 0
1  234 0 0 0.32497186130939
0

0101000
+790 0 -788 0 *
Ve
1e-07
6.08805030680819 20.368671024691 0
0 0

0101101
*
Ed
 1e-07 1 1 0
1  235 0 0 0.0999999999999943
0

0101000
+788 0 -786 0 *
Ve
1e-07
6.08805030680819 18.6969437166548 0
0 0

0101101
*
Ed
 1e-07 1 1 0
1  236 0 0 1.67172730803622
0

0101000
+786 0 -784 0 *
Ve
1e-07
5.98805030680819 18.6969437166548 0
0 0

0101101
*
Ed
 1e-07 1 1 0
1  237 0 0 0.0999999999999943
0

0101000
+784 0 -782 0 *
Ve
1e-07
5.98805030680819 19.9436991633816 0
0 0

0101101
*
Ed
 1e-07 1 1 0
1  238 0 0 1.24675544672682
0

0101000
+782 0 -780 0 *
Ve
1e-07
0.299400830680355 19.9436991637993 0
0 0

0101101
*
Ed
 1e-07 1 1 0
1  239 0 0 5.68864947612784
0

0101000
+780 0 -778 0 *
Ve
1e-07
0.2990554753206 17.2969302449283 0
0 0

0101101
*
Ed
 1e-07 1 1 0
1  240 0 0 2.64676894140237
0

0101000
+778 0 -776 0 *
Ve
1e-07
5.98805030680819 17.2969302449283 0
0 0

0101101
*
Ed
 1e-07 1 1 0
1  241 0 0 5.68899483148759
0

0101000
+776 0 -774 0 *
Ve
1e-07
5.98805030680819 17.6299437166548 0
0 0

0101101
*
Ed
 1e-07 1 1 0
1  242 0 0 0.33301347172652
0

0101000
+774 0 -772 0 *
Ve
1e-07
6.08805030680819 17.6299437166548 0
0 0

0101101
*
Ed
 1e-07 1 1 0
1  243 0 0 0.0999999999999943
0

0101000
+772 0 -770 0 *
Ve
1e-07
6.08805030680819 15.962361140935 0
0 0

0101101
*
Ed
 1e-07 1 1 0
1  244 0 0 1.66758257571976
0

0101000
+770 0 -768 0 *
Ve
1e-07
5.98805030680819 15.962361140935 0
0 0

0101101
*
Ed
 1e-07 1 1 0
1  245 0 0 0.0999999999999943
0

0101000
+768 0 -766 0 *
Ve
1e-07
5.98805030680819 17.1969302449283 0
0 0

0101101
*
Ed
 1e-07 1 1 0
1  246 0 0 1.23456910399327
0

0101000
+766 0 -764 0 *
Ve
1e-07
0.299527737660298 17.1969302449283 0
0 0

0101101
*
Ed
 1e-07 1 1 0
1  247 0 0 5.68852256914789
0

0101000
+764 0 -762 0 *
Ve
1e-07
0.299068351372654 14.5703892796256 0
0 0

0101101
*
Ed
 1e-07 1 1 0
1  248 0 0 2.62654100547636
0

0101000
+762 0 -760 0 *
Ve
1e-07
5.98805030680819 14.5703892796256 0
0 0

0101101
*
Ed
 1e-07 1 1 0
1  249 0 0 5.68898195543554
0

0101000
+760 0 -758 0 *
Ve
1e-07
5.98805030680819 14.895361140935 0
0 0

0101101
*
Ed
 1e-07 1 1 0
1  250 0 0 0.324971861309391
0

0101000
+758 0 -756 0 *
Ve
1e-07
6.08805030680819 14.895361140935 0
0 0

0101101
*
Ed
 1e-07 1 1 0
1  251 0 0 0.0999999999999943
0

0101000
+756 0 -754 0 *
Ve
1e-07
6.08805030680819 13.1000097093293 0
0 0

0101101
*
Ed
 1e-07 1 1 0
1  252 0 0 1.79535143160568
0

0101000
+754 0 -752 0 *
Ve
1e-07
5.98805030680819 13.1000097093293 0
0 0

0101101
*
Ed
 1e-07 1 1 0
1  253 0 0 0.0999999999999943
0

0101000
+752 0 -750 0 *
Ve
1e-07
5.98805030680819 14.4703892796256 0
0 0

0101101
*
Ed
 1e-07 1 1 0
1  254 0 0 1.3703795702963
0

0101000
+750 0 -748 0 *
Ve
1e-07
0.299064060514809 14.4703892803621 0
0 0

0101101
*
Ed
 1e-07 1 1 0
1  255 0 0 5.68898624629338
0

0101000
+748 0 -746 0 *
Ve
1e-07
0.298608965085037 11.8438483143229 0
0 0

0101101
*
Ed
 1e-07 1 1 0
1  256 0 0 2.62654100546585
0

0101000
+746 0 -744 0 *
Ve
1e-07
5.98805030680819 11.8438483143229 0
0 0

0101101
*
Ed
 1e-07 1 1 0
1  257 0 0 5.68944134172315
0

0101000
+744 0 -742 0 *
Ve
1e-07
5.98805030680819 12.0330097093293 0
0 0

0101101
*
Ed
 1e-07 1 1 0
1  258 0 0 0.189161395006371
0

0101000
+742 0 -740 0 *
Ve
1e-07
6.08805030680819 12.0330097093293 0
0 0

0101101
*
Ed
 1e-07 1 1 0
1  259 0 0 0.0999999999999943
0

0101000
+740 0 -738 0 *
Ve
1e-07
6.08805030680819 11.743848314323 0
0 0

0101101
*
Ed
 1e-07 1 1 0
1  260 0 0 0.28916139500636
0

0101000
+738 0 -736 0 *
Ve
1e-07
0.29930448254251 11.743848314323 0
0 0

0101101
*
Ed
 1e-07 1 1 0
1  261 0 0 5.78874582426567
0

0101000
+736 0 -734 0 *
Ed
 1e-07 1 1 0
1  262 0 0 5.6252805535278
0

0101000
+734 0 -1255 0 *
Wi

0101100
+1253 0 +1251 0 +1249 0 +1247 0 +1245 0 +1243 0 +1241 0 +1239 0 +1237 0 +1235 0 
+1233 0 +1231 0 +1229 0 +1227 0 +1225 0 +1223 0 +1221 0 +1219 0 +1217 0 +1215 0 
+1213 0 +1211 0 +1209 0 +1207 0 +1205 0 +1203 0 +1201 0 +1199 0 +1197 0 +1195 0 
+1193 0 +1191 0 +1189 0 +1187 0 +1185 0 +1183 0 +1181 0 +1179 0 +1177 0 +1175 0 
+1173 0 +1171 0 +1169 0 +1167 0 +1165 0 +1163 0 +1161 0 +1159 0 +1157 0 +1155 0 
+1153 0 +1151 0 +1149 0 +1147 0 +1145 0 +1143 0 +1141 0 +1139 0 +1137 0 +1135 0 
+1133 0 +1131 0 +1129 0 +1127 0 +1125 0 +1123 0 +1121 0 +1119 0 +1117 0 +1115 0 
+1113 0 +1111 0 +1109 0 +1107 0 +1105 0 +1103 0 +1101 0 +1099 0 +1097 0 +1095 0 
+1093 0 +1091 0 +1089 0 +1087 0 +1085 0 +1083 0 +1081 0 +1079 0 +1077 0 +1075 0 
+1073 0 +1071 0 +1069 0 +1067 0 +1065 0 +1063 0 +1061 0 +1059 0 +1057 0 +1055 0 
+1053 0 +1051 0 +1049 0 +1047 0 +1045 0 +1043 0 +1041 0 +1039 0 +1037 0 +1035 0 
+1033 0 +1031 0 +1029 0 +1027 0 +1025 0 +1023 0 +1021 0 +1019 0 +1017 0 +1015 0 
+1013 0 +1011 0 +1009 0 +1007 0 +1005 0 +1003 0 +1001 0 +999 0 +997 0 +995 0 
+993 0 +991 0 +989 0 +987 0 +985 0 +983 0 +981 0 +979 0 +977 0 +975 0 
+973 0 +971 0 +969 0 +967 0 +965 0 +963 0 +961 0 +959 0 +957 0 +955 0 
+953 0 +951 0 +949 0 +947 0 +945 0 +943 0 +941 0 +939 0 +937 0 +935 0 
+933 0 +931 0 +929 0 +927 0 +925 0 +923 0 +921 0 +919 0 +917 0 +915 0 
+913 0 +911 0 +909 0 +907 0 +905 0 +903 0 +901 0 +899 0 +897 0 +895 0 
+893 0 +891 0 +889 0 +887 0 +885 0 +883 0 +881 0 +879 0 +877 0 +875 0 
+873 0 +871 0 +869 0 +867 0 +865 0 +863 0 +861 0 +859 0 +857 0 +855 0 
+853 0 +851 0 +849 0 +847 0 +845 0 +843 0 +841 0 +839 0 +837 0 +835 0 
+833 0 +831 0 +829 0 +827 0 +825 0 +823 0 +821 0 +819 0 +817 0 +815 0 
+813 0 +811 0 +809 0 +807 0 +805 0 +803 0 +801 0 +799 0 +797 0 +795 0 
+793 0 +791 0 +789 0 +787 0 +785 0 +783 0 +781 0 +779 0 +777 0 +775 0 
+773 0 +771 0 +769 0 +767 0 +765 0 +763 0 +761 0 +759 0 +757 0 +755 0 
+753 0 +751 0 +749 0 +747 0 +745 0 +743 0 +741 0 +739 0 +737 0 +735 0 
+733 0 +732 0 *
Ve
1e-07
33.7925966896393 15.840429540604 0
0 0

0101101
*
Ve
1e-07
36.2568056089606 15.840429540604 0
0 0

0101101
*
Ed
 1e-07 1 1 0
1  263 0 0 2.46420891932127
0

0101000
+730 0 -729 0 *
Ve
1e-07
36.2568056089606 18.1826158854749 0
0 0

0101101
*
Ed
 1e-07 1 1 0
1  264 0 0 2.34218634487092
0

0101000
+729 0 -727 0 *
Ve
1e-07
33.7925966896393 18.1826158854749 0
0 0

0101101
*
Ed
 1e-07 1 1 0
1  265 0 0 2.46420891932127
0

0101000
+727 0 -725 0 *
Ed
 1e-07 1 1 0
1  266 0 0 2.34218634487092
0

0101000
+725 0 -730 0 *
Wi

0101100
+728 0 +726 0 +724 0 +723 0 *
Ve
1e-07
21.7899904816069 12.8209866721611 0
0 0

0101101
*
Ve
1e-07
24.2541994009282 12.8209866721611 0
0 0

0101101
*
Ed
 1e-07 1 1 0
1  267 0 0 2.46420891932127
0

0101000
+721 0 -720 0 *
Ve
1e-07
24.2541994009282 15.9692283081171 0
0 0

0101101
*
Ed
 1e-07 1 1 0
1  268 0 0 3.14824163595599
0

0101000
+720 0 -718 0 *
Ve
1e-07
21.7899904816069 15.9692283081171 0
0 0

0101101
*
Ed
 1e-07 1 1 0
1  269 0 0 2.46420891932127
0

0101000
+718 0 -716 0 *
Ed
 1e-07 1 1 0
1  270 0 0 3.14824163595599
0

0101000
+716 0 -721 0 *
Wi

0101100
+719 0 +717 0 +715 0 +714 0 *
Ve
1e-07
17.7166672926101 12.8636392709988 0
0 0

0101101
*
Ve
1e-07
20.1808762119313 12.8636392709988 0
0 0

0101101
*
Ed
 1e-07 1 1 0
1  271 0 0 2.46420891932126
0

0101000
+712 0 -711 0 *
Ve
1e-07
20.1808762119313 16.0118809069548 0
0 0

0101101
*
Ed
 1e-07 1 1 0
1  272 0 0 3.148241635956
0

0101000
+711 0 -709 0 *
Ve
1e-07
17.7166672926101 16.0118809069548 0
0 0

0101101
*
Ed
 1e-07 1 1 0
1  273 0 0 2.46420891932126
0

0101000
+709 0 -707 0 *
Ed
 1e-07 1 1 0
1  274 0 0 3.148241635956
0

0101000
+707 0 -712 0 *
Wi

0101100
+710 0 +708 0 +706 0 +705 0 *
Ve
1e-07
26.6526524076973 16.3668744637423 0
0 0

0101101
*
Ve
1e-07
30.1959809243384 16.3668744637423 0
0 0

0101101
*
Ed
 1e-07 1 1 0
1  275 0 0 3.54332851664112
0

0101000
+703 0 -702 0 *
Ve
1e-07
30.1959809243384 19.8880985804201 0
0 0

0101101
*
Ed
 1e-07 1 1 0
1  276 0 0 3.52122411667778
0

0101000
+702 0 -700 0 *
Ve
1e-07
26.6526524076973 19.8880985804201 0
0 0

0101101
*
Ed
 1e-07 1 1 0
1  277 0 0 3.54332851664112
0

0101000
+700 0 -698 0 *
Ed
 1e-07 1 1 0
1  278 0 0 3.52122411667778
0

0101000
+698 0 -703 0 *
Wi

0101100
+701 0 +699 0 +697 0 +696 0 *
Ve
1e-07
0.348107832217821 25.934764391662 0
0 0

0101101
*
Ve
1e-07
2.20150500457977 25.934764391662 0
0 0

0101101
*
Ed
 1e-07 1 1 0
1  279 0 0 1.85339717236195
0

0101000
+694 0 -693 0 *
Ve
1e-07
2.20150500457977 27.4306218593723 0
0 0

0101101
*
Ed
 1e-07 1 1 0
1  280 0 0 1.49585746771032
0

0101000
+693 0 -691 0 *
Ve
1e-07
0.348107832217821 27.4306218593723 0
0 0

0101101
*
Ed
 1e-07 1 1 0
1  281 0 0 1.85339717236195
0

0101000
+691 0 -689 0 *
Ed
 1e-07 1 1 0
1  282 0 0 1.49585746771032
0

0101000
+689 0 -694 0 *
Wi

0101100
+692 0 +690 0 +688 0 +687 0 *
Ve
1e-07
0.347860481304807 22.863949443159 0
0 0

0101101
*
Ve
1e-07
2.20125765366676 22.863949443159 0
0 0

0101101
*
Ed
 1e-07 1 1 0
1  283 0 0 1.85339717236195
0

0101000
+685 0 -684 0 *
Ve
1e-07
2.20125765366676 24.3598069108693 0
0 0

0101101
*
Ed
 1e-07 1 1 0
1  284 0 0 1.49585746771033
0

0101000
+684 0 -682 0 *
Ve
1e-07
0.347860481304807 24.3598069108693 0
0 0

0101101
*
Ed
 1e-07 1 1 0
1  285 0 0 1.85339717236195
0

0101000
+682 0 -680 0 *
Ed
 1e-07 1 1 0
1  286 0 0 1.49585746771033
0

0101000
+680 0 -685 0 *
Wi

0101100
+683 0 +681 0 +679 0 +678 0 *
Ve
1e-07
0.347759245334629 20.1171805247056 0
0 0

0101101
*
Ve
1e-07
2.20115641769658 20.1171805247056 0
0 0

0101101
*
Ed
 1e-07 1 1 0
1  287 0 0 1.85339717236195
0

0101000
+676 0 -675 0 *
Ve
1e-07
2.20115641769658 21.613037992416 0
0 0

0101101
*
Ed
 1e-07 1 1 0
1  288 0 0 1.49585746771032
0

0101000
+675 0 -673 0 *
Ve
1e-07
0.347759245334629 21.613037992416 0
0 0

0101101
*
Ed
 1e-07 1 1 0
1  289 0 0 1.85339717236195
0

0101000
+673 0 -671 0 *
Ed
 1e-07 1 1 0
1  290 0 0 1.49585746771032
0

0101000
+671 0 -676 0 *
Wi

0101100
+674 0 +672 0 +670 0 +669 0 *
Ve
1e-07
0.347410658451437 17.3704116062523 0
0 0

0101101
*
Ve
1e-07
2.20080783081339 17.3704116062523 0
0 0

0101101
*
Ed
 1e-07 1 1 0
1  291 0 0 1.85339717236195
0

0101000
+667 0 -666 0 *
Ve
1e-07
2.20080783081339 18.8662690739626 0
0 0

0101101
*
Ed
 1e-07 1 1 0
1  292 0 0 1.49585746771032
0

0101000
+666 0 -664 0 *
Ve
1e-07
0.347410658451437 18.8662690739626 0
0 0

0101101
*
Ed
 1e-07 1 1 0
1  293 0 0 1.85339717236195
0

0101000
+664 0 -662 0 *
Ed
 1e-07 1 1 0
1  294 0 0 1.49585746771032
0

0101000
+662 0 -667 0 *
Wi

0101100
+665 0 +663 0 +661 0 +660 0 *
Ve
1e-07
0.347423534503491 14.6438706409496 0
0 0

0101101
*
Ve
1e-07
2.20082070686544 14.6438706409496 0
0 0

0101101
*
Ed
 1e-07 1 1 0
1  295 0 0 1.85339717236195
0

0101000
+658 0 -657 0 *
Ve
1e-07
2.20082070686544 16.1397281086599 0
0 0

0101101
*
Ed
 1e-07 1 1 0
1  296 0 0 1.49585746771032
0

0101000
+657 0 -655 0 *
Ve
1e-07
0.347423534503491 16.1397281086599 0
0 0

0101101
*
Ed
 1e-07 1 1 0
1  297 0 0 1.85339717236195
0

0101000
+655 0 -653 0 *
Ed
 1e-07 1 1 0
1  298 0 0 1.49585746771032
0

0101000
+653 0 -658 0 *
Wi

0101100
+656 0 +654 0 +652 0 +651 0 *
Ve
1e-07
0.346964148215875 11.917329675647 0
0 0

0101101
*
Ve
1e-07
2.20036132057783 11.917329675647 0
0 0

0101101
*
Ed
 1e-07 1 1 0
1  299 0 0 1.85339717236195
0

0101000
+649 0 -648 0 *
Ve
1e-07
2.20036132057783 13.4131871433573 0
0 0

0101101
*
Ed
 1e-07 1 1 0
1  300 0 0 1.49585746771032
0

0101000
+648 0 -646 0 *
Ve
1e-07
0.346964148215875 13.4131871433573 0
0 0

0101101
*
Ed
 1e-07 1 1 0
1  301 0 0 1.85339717236195
0

0101000
+646 0 -644 0 *
Ed
 1e-07 1 1 0
1  302 0 0 1.49585746771032
0

0101000
+644 0 -649 0 *
Wi

0101100
+647 0 +645 0 +643 0 +642 0 *
Ve
1e-07
3.20363054446742 1.15318008243834 0
0 0

0101101
*
Ve
1e-07
5.66783946378868 1.15318008243834 0
0 0

0101101
*
Ed
 1e-07 1 1 0
1  303 0 0 2.46420891932127
0

0101000
+640 0 -639 0 *
Ve
1e-07
5.66783946378868 4.30142171839434 0
0 0

0101101
*
Ed
 1e-07 1 1 0
1  304 0 0 3.148241635956
0

0101000
+639 0 -637 0 *
Ve
1e-07
3.20363054446742 4.30142171839434 0
0 0

0101101
*
Ed
 1e-07 1 1 0
1  305 0 0 2.46420891932127
0

0101000
+637 0 -635 0 *
Ed
 1e-07 1 1 0
1  306 0 0 3.148241635956
0

0101000
+635 0 -640 0 *
Wi

0101100
+638 0 +636 0 +634 0 +633 0 *
Ve
1e-07
6.20633130939197 0.354203347352012 0
0 0

0101101
*
Ve
1e-07
7.68992155402185 0.354203347352012 0
0 0

0101101
*
Ed
 1e-07 1 1 0
1  307 0 0 1.48359024462988
0

0101000
+631 0 -630 0 *
Ve
1e-07
7.68992155402185 4.0860039985275 0
0 0

0101101
*
Ed
 1e-07 1 1 0
1  308 0 0 3.73180065117549
0

0101000
+630 0 -628 0 *
Ve
1e-07
6.20633130939197 4.0860039985275 0
0 0

0101101
*
Ed
 1e-07 1 1 0
1  309 0 0 1.48359024462988
0

0101000
+628 0 -626 0 *
Ed
 1e-07 1 1 0
1  310 0 0 3.73180065117549
0

0101000
+626 0 -631 0 *
Wi

0101100
+629 0 +627 0 +625 0 +624 0 *
Ve
1e-07
10.0037828174294 0.36157133821132 0
0 0

0101101
*
Ve
1e-07
11.4762969944693 0.36157133821132 0
0 0

0101101
*
Ed
 1e-07 1 1 0
1  311 0 0 1.47251417703989
0

0101000
+622 0 -621 0 *
Ve
1e-07
11.4762969944693 5.96894879554986 0
0 0

0101101
*
Ed
 1e-07 1 1 0
1  312 0 0 5.60737745733854
0

0101000
+621 0 -619 0 *
Ve
1e-07
10.0037828174294 5.96894879554986 0
0 0

0101101
*
Ed
 1e-07 1 1 0
1  313 0 0 1.47251417703989
0

0101000
+619 0 -617 0 *
Ed
 1e-07 1 1 0
1  314 0 0 5.60737745733854
0

0101000
+617 0 -622 0 *
Wi

0101100
+620 0 +618 0 +616 0 +615 0 *
Ve
1e-07
11.6845241105736 0.354203347352012 0
0 0

0101101
*
Ve
1e-07
13.1681143552034 0.354203347352012 0
0 0

0101101
*
Ed
 1e-07 1 1 0
1  315 0 0 1.48359024462988
0

0101000
+613 0 -612 0 *
Ve
1e-07
13.1681143552034 4.0860039985275 0
0 0

0101101
*
Ed
 1e-07 1 1 0
1  316 0 0 3.73180065117549
0

0101000
+612 0 -610 0 *
Ve
1e-07
11.6845241105736 4.0860039985275 0
0 0

0101101
*
Ed
 1e-07 1 1 0
1  317 0 0 1.48359024462988
0

0101000
+610 0 -608 0 *
Ed
 1e-07 1 1 0
1  318 0 0 3.73180065117549
0

0101000
+608 0 -613 0 *
Wi

0101100
+611 0 +609 0 +607 0 +606 0 *
Ve
1e-07
15.481975618611 0.36157133821132 0
0 0

0101101
*
Ve
1e-07
16.9544897956509 0.36157133821132 0
0 0

0101101
*
Ed
 1e-07 1 1 0
1  319 0 0 1.4725141770399
0

0101000
+604 0 -603 0 *
Ve
1e-07
16.9544897956509 5.96894879554986 0
0 0

0101101
*
Ed
 1e-07 1 1 0
1  320 0 0 5.60737745733854
0

0101000
+603 0 -601 0 *
Ve
1e-07
15.481975618611 5.96894879554986 0
0 0

0101101
*
Ed
 1e-07 1 1 0
1  321 0 0 1.4725141770399
0

0101000
+601 0 -599 0 *
Ed
 1e-07 1 1 0
1  322 0 0 5.60737745733854
0

0101000
+599 0 -604 0 *
Wi

0101100
+602 0 +600 0 +598 0 +597 0 *
Ve
1e-07
17.1651468590102 0.354203347352012 0
0 0

0101101
*
Ve
1e-07
18.6487371036401 0.354203347352012 0
0 0

0101101
*
Ed
 1e-07 1 1 0
1  323 0 0 1.48359024462988
0

0101000
+595 0 -594 0 *
Ve
1e-07
18.6487371036401 4.0860039985275 0
0 0

0101101
*
Ed
 1e-07 1 1 0
1  324 0 0 3.73180065117549
0

0101000
+594 0 -592 0 *
Ve
1e-07
17.1651468590102 4.0860039985275 0
0 0

0101101
*
Ed
 1e-07 1 1 0
1  325 0 0 1.48359024462988
0

0101000
+592 0 -590 0 *
Ed
 1e-07 1 1 0
1  326 0 0 3.73180065117549
0

0101000
+590 0 -595 0 *
Wi

0101100
+593 0 +591 0 +589 0 +588 0 *
Ve
1e-07
20.9625983670476 0.36157133821132 0
0 0

0101101
*
Ve
1e-07
22.4351125440875 0.36157133821132 0
0 0

0101101
*
Ed
 1e-07 1 1 0
1  327 0 0 1.4725141770399
0

0101000
+586 0 -585 0 *
Ve
1e-07
22.4351125440875 5.96894879554986 0
0 0

0101101
*
Ed
 1e-07 1 1 0
1  328 0 0 5.60737745733854
0

0101000
+585 0 -583 0 *
Ve
1e-07
20.9625983670476 5.96894879554986 0
0 0

0101101
*
Ed
 1e-07 1 1 0
1  329 0 0 1.4725141770399
0

0101000
+583 0 -581 0 *
Ed
 1e-07 1 1 0
1  330 0 0 5.60737745733854
0

0101000
+581 0 -586 0 *
Wi

0101100
+584 0 +582 0 +580 0 +579 0 *
Ve
1e-07
22.627409062226 0.354203347352012 0
0 0

0101101
*
Ve
1e-07
24.1109993068558 0.354203347352012 0
0 0

0101101
*
Ed
 1e-07 1 1 0
1  331 0 0 1.48359024462988
0

0101000
+577 0 -576 0 *
Ve
1e-07
24.1109993068558 4.0860039985275 0
0 0

0101101
*
Ed
 1e-07 1 1 0
1  332 0 0 3.73180065117549
0

0101000
+576 0 -574 0 *
Ve
1e-07
22.627409062226 4.0860039985275 0
0 0

0101101
*
Ed
 1e-07 1 1 0
1  333 0 0 1.48359024462988
0

0101000
+574 0 -572 0 *
Ed
 1e-07 1 1 0
1  334 0 0 3.73180065117549
0

0101000
+572 0 -577 0 *
Wi

0101100
+575 0 +573 0 +571 0 +570 0 *
Ve
1e-07
26.4248605702634 0.36157133821132 0
0 0

0101101
*
Ve
1e-07
27.8973747473033 0.36157133821132 0
0 0

0101101
*
Ed
 1e-07 1 1 0
1  335 0 0 1.47251417703989
0

0101000
+568 0 -567 0 *
Ve
1e-07
27.8973747473033 5.96894879554986 0
0 0

0101101
*
Ed
 1e-07 1 1 0
1  336 0 0 5.60737745733854
0

0101000
+567 0 -565 0 *
Ve
1e-07
26.4248605702634 5.96894879554986 0
0 0

0101101
*
Ed
 1e-07 1 1 0
1  337 0 0 1.47251417703989
0

0101000
+565 0 -563 0 *
Ed
 1e-07 1 1 0
1  338 0 0 5.60737745733854
0

0101000
+563 0 -568 0 *
Wi

0101100
+566 0 +564 0 +562 0 +561 0 *
Ve
1e-07
8.75567268962935 26.9272128612938 0
0 0

0101101
*
Ve
1e-07
10.2515301573396 26.9272128612938 0
0 0

0101101
*
Ed
 1e-07 1 1 0
1  339 0 0 1.49585746771029
0

0101000
+559 0 -558 0 *
Ve
1e-07
10.2515301573396 28.7806100336558 0
0 0

0101101
*
Ed
 1e-07 1 1 0
1  340 0 0 1.85339717236194
0

0101000
+558 0 -556 0 *
Ve
1e-07
8.75567268962935 28.7806100336558 0
0 0

0101101
*
Ed
 1e-07 1 1 0
1  341 0 0 1.49585746771029
0

0101000
+556 0 -554 0 *
Ed
 1e-07 1 1 0
1  342 0 0 1.85339717236194
0

0101000
+554 0 -559 0 *
Wi

0101100
+557 0 +555 0 +553 0 +552 0 *
Ve
1e-07
11.5974151641068 26.9272128612938 0
0 0

0101101
*
Ve
1e-07
13.0932726318171 26.9272128612938 0
0 0

0101101
*
Ed
 1e-07 1 1 0
1  343 0 0 1.49585746771029
0

0101000
+550 0 -549 0 *
Ve
1e-07
13.0932726318171 28.7806100336558 0
0 0

0101101
*
Ed
 1e-07 1 1 0
1  344 0 0 1.85339717236194
0

0101000
+549 0 -547 0 *
Ve
1e-07
11.5974151641068 28.7806100336558 0
0 0

0101101
*
Ed
 1e-07 1 1 0
1  345 0 0 1.49585746771029
0

0101000
+547 0 -545 0 *
Ed
 1e-07 1 1 0
1  346 0 0 1.85339717236194
0

0101000
+545 0 -550 0 *
Wi

0101100
+548 0 +546 0 +544 0 +543 0 *
Ve
1e-07
14.4391576385843 26.9272128612938 0
0 0

0101101
*
Ve
1e-07
15.9350151062945 26.9272128612938 0
0 0

0101101
*
Ed
 1e-07 1 1 0
1  347 0 0 1.49585746771029
0

0101000
+541 0 -540 0 *
Ve
1e-07
15.9350151062945 28.7806100336558 0
0 0

0101101
*
Ed
 1e-07 1 1 0
1  348 0 0 1.85339717236194
0

0101000
+540 0 -538 0 *
Ve
1e-07
14.4391576385843 28.7806100336558 0
0 0

0101101
*
Ed
 1e-07 1 1 0
1  349 0 0 1.49585746771029
0

0101000
+538 0 -536 0 *
Ed
 1e-07 1 1 0
1  350 0 0 1.85339717236194
0

0101000
+536 0 -541 0 *
Wi

0101100
+539 0 +537 0 +535 0 +534 0 *
Ve
1e-07
17.1879314298685 26.9272128612938 0
0 0

0101101
*
Ve
1e-07
18.6837888975788 26.9272128612938 0
0 0

0101101
*
Ed
 1e-07 1 1 0
1  351 0 0 1.49585746771029
0

0101000
+532 0 -531 0 *
Ve
1e-07
18.6837888975788 28.7806100336558 0
0 0

0101101
*
Ed
 1e-07 1 1 0
1  352 0 0 1.85339717236194
0

0101000
+531 0 -529 0 *
Ve
1e-07
17.1879314298685 28.7806100336558 0
0 0

0101101
*
Ed
 1e-07 1 1 0
1  353 0 0 1.49585746771029
0

0101000
+529 0 -527 0 *
Ed
 1e-07 1 1 0
1  354 0 0 1.85339717236194
0

0101000
+527 0 -532 0 *
Wi

0101100
+530 0 +528 0 +526 0 +525 0 *
Ve
1e-07
19.9367052211527 26.9272128612938 0
0 0

0101101
*
Ve
1e-07
21.432562688863 26.9272128612938 0
0 0

0101101
*
Ed
 1e-07 1 1 0
1  355 0 0 1.49585746771029
0

0101000
+523 0 -522 0 *
Ve
1e-07
21.432562688863 28.7806100336558 0
0 0

0101101
*
Ed
 1e-07 1 1 0
1  356 0 0 1.85339717236194
0

0101000
+522 0 -520 0 *
Ve
1e-07
19.9367052211527 28.7806100336558 0
0 0

0101101
*
Ed
 1e-07 1 1 0
1  357 0 0 1.49585746771029
0

0101000
+520 0 -518 0 *
Ed
 1e-07 1 1 0
1  358 0 0 1.85339717236194
0

0101000
+518 0 -523 0 *
Wi

0101100
+521 0 +519 0 +517 0 +516 0 *
Ve
1e-07
22.6681196645078 26.9272128612938 0
0 0

0101101
*
Ve
1e-07
24.1639771322181 26.9272128612938 0
0 0

0101101
*
Ed
 1e-07 1 1 0
1  359 0 0 1.4958574677103
0

0101000
+514 0 -513 0 *
Ve
1e-07
24.1639771322181 28.7806100336558 0
0 0

0101101
*
Ed
 1e-07 1 1 0
1  360 0 0 1.85339717236194
0

0101000
+513 0 -511 0 *
Ve
1e-07
22.6681196645078 28.7806100336558 0
0 0

0101101
*
Ed
 1e-07 1 1 0
1  361 0 0 1.4958574677103
0

0101000
+511 0 -509 0 *
Ed
 1e-07 1 1 0
1  362 0 0 1.85339717236194
0

0101000
+509 0 -514 0 *
Wi

0101100
+512 0 +510 0 +508 0 +507 0 *
Ve
1e-07
25.4052009428076 26.9272128612938 0
0 0

0101101
*
Ve
1e-07
26.9010584105179 26.9272128612938 0
0 0

0101101
*
Ed
 1e-07 1 1 0
1  363 0 0 1.49585746771029
0

0101000
+505 0 -504 0 *
Ve
1e-07
26.9010584105179 28.7806100336558 0
0 0

0101101
*
Ed
 1e-07 1 1 0
1  364 0 0 1.85339717236194
0

0101000
+504 0 -502 0 *
Ve
1e-07
25.4052009428076 28.7806100336558 0
0 0

0101101
*
Ed
 1e-07 1 1 0
1  365 0 0 1.49585746771029
0

0101000
+502 0 -500 0 *
Ed
 1e-07 1 1 0
1  366 0 0 1.85339717236194
0

0101000
+500 0 -505 0 *
Wi

0101100
+503 0 +501 0 +499 0 +498 0 *
Ve
1e-07
28.1422822211075 26.9272128612938 0
0 0

0101101
*
Ve
1e-07
29.6381396888177 26.9272128612938 0
0 0

0101101
*
Ed
 1e-07 1 1 0
1  367 0 0 1.49585746771029
0

0101000
+496 0 -495 0 *
Ve
1e-07
29.6381396888177 28.7806100336558 0
0 0

0101101
*
Ed
 1e-07 1 1 0
1  368 0 0 1.85339717236194
0

0101000
+495 0 -493 0 *
Ve
1e-07
28.1422822211075 28.7806100336558 0
0 0

0101101
*
Ed
 1e-07 1 1 0
1  369 0 0 1.49585746771029
0

0101000
+493 0 -491 0 *
Ed
 1e-07 1 1 0
1  370 0 0 1.85339717236194
0

0101000
+491 0 -496 0 *
Wi

0101100
+494 0 +492 0 +490 0 +489 0 *
Ve
1e-07
30.8680298295178 26.9272128612938 0
0 0

0101101
*
Ve
1e-07
32.3638872972281 26.9272128612938 0
0 0

0101101
*
Ed
 1e-07 1 1 0
1  371 0 0 1.4958574677103
0

0101000
+487 0 -486 0 *
Ve
1e-07
32.3638872972281 28.7806100336558 0
0 0

0101101
*
Ed
 1e-07 1 1 0
1  372 0 0 1.85339717236194
0

0101000
+486 0 -484 0 *
Ve
1e-07
30.8680298295178 28.7806100336558 0
0 0

0101101
*
Ed
 1e-07 1 1 0
1  373 0 0 1.4958574677103
0

0101000
+484 0 -482 0 *
Ed
 1e-07 1 1 0
1  374 0 0 1.85339717236194
0

0101000
+482 0 -487 0 *
Wi

0101100
+485 0 +483 0 +481 0 +480 0 *
Ve
1e-07
33.5937774379282 26.9272128612938 0
0 0

0101101
*
Ve
1e-07
35.0896349056385 26.9272128612938 0
0 0

0101101
*
Ed
 1e-07 1 1 0
1  375 0 0 1.4958574677103
0

0101000
+478 0 -477 0 *
Ve
1e-07
35.0896349056385 28.7806100336558 0
0 0

0101101
*
Ed
 1e-07 1 1 0
1  376 0 0 1.85339717236194
0

0101000
+477 0 -475 0 *
Ve
1e-07
33.5937774379282 28.7806100336558 0
0 0

0101101
*
Ed
 1e-07 1 1 0
1  377 0 0 1.4958574677103
0

0101000
+475 0 -473 0 *
Ed
 1e-07 1 1 0
1  378 0 0 1.85339717236194
0

0101000
+473 0 -478 0 *
Wi

0101100
+476 0 +474 0 +472 0 +471 0 *
Ve
1e-07
36.3365255511728 26.9272128612938 0
0 0

0101101
*
Ve
1e-07
37.8323830188831 26.9272128612938 0
0 0

0101101
*
Ed
 1e-07 1 1 0
1  379 0 0 1.49585746771029
0

0101000
+469 0 -468 0 *
Ve
1e-07
37.8323830188831 28.7806100336558 0
0 0

0101101
*
Ed
 1e-07 1 1 0
1  380 0 0 1.85339717236194
0

0101000
+468 0 -466 0 *
Ve
1e-07
36.3365255511728 28.7806100336558 0
0 0

0101101
*
Ed
 1e-07 1 1 0
1  381 0 0 1.49585746771029
0

0101000
+466 0 -464 0 *
Ed
 1e-07 1 1 0
1  382 0 0 1.85339717236194
0

0101000
+464 0 -469 0 *
Wi

0101100
+467 0 +465 0 +463 0 +462 0 *
Ve
1e-07
39.0792736644173 26.9272128612938 0
0 0

0101101
*
Ve
1e-07
40.5751311321276 26.9272128612938 0
0 0

0101101
*
Ed
 1e-07 1 1 0
1  383 0 0 1.49585746771029
0

0101000
+460 0 -459 0 *
Ve
1e-07
40.5751311321276 28.7806100336558 0
0 0

0101101
*
Ed
 1e-07 1 1 0
1  384 0 0 1.85339717236194
0

0101000
+459 0 -457 0 *
Ve
1e-07
39.0792736644173 28.7806100336558 0
0 0

0101101
*
Ed
 1e-07 1 1 0
1  385 0 0 1.49585746771029
0

0101000
+457 0 -455 0 *
Ed
 1e-07 1 1 0
1  386 0 0 1.85339717236194
0

0101000
+455 0 -460 0 *
Wi

0101100
+458 0 +456 0 +454 0 +453 0 *
Ve
1e-07
41.7900062503235 23.4813945355687 0
0 0

0101101
*
Ve
1e-07
41.7900062503235 22.690468081835 0
0 0

0101101
*
Ed
 1e-07 1 1 0
1  387 0 0 0.790926453733768
0

0101000
+451 0 -450 0 *
Ve
1e-07
49.9720169809017 22.690468081835 0
0 0

0101101
*
Ed
 1e-07 1 1 0
1  388 0 0 8.18201073057824
0

0101000
+450 0 -448 0 *
Ve
1e-07
49.9720169809017 27.1614191314541 0
0 0

0101101
*
Ed
 1e-07 1 1 0
1  389 0 0 4.47095104961911
0

0101000
+448 0 -446 0 *
Ve
1e-07
49.2125237125787 27.1614191314541 0
0 0

0101101
*
Ed
 1e-07 1 1 0
1  390 0 0 0.75949326832307
0

0101000
+446 0 -444 0 *
Ve
1e-07
49.2125237125787 23.4813945355687 0
0 0

0101101
*
Ed
 1e-07 1 1 0
1  391 0 0 3.68002459588534
0

0101000
+444 0 -442 0 *
Ed
 1e-07 1 1 0
1  392 0 0 7.42251746225517
0

0101000
+442 0 -451 0 *
Wi

0101100
+449 0 +447 0 +445 0 +443 0 +441 0 +440 0 *
Ve
1e-07
42.674809346776 23.7213383404366 0
0 0

0101101
*
Ve
1e-07
48.6758058691878 23.7213383404366 0
0 0

0101101
*
Ed
 1e-07 1 1 0
1  393 0 0 6.0009965224118
0

0101000
+438 0 -437 0 *
Ve
1e-07
48.6758058691878 24.3213383404366 0
0 0

0101101
*
Ed
 1e-07 1 1 0
1  394 0 0 0.600000000000009
0

0101000
+437 0 -435 0 *
Ve
1e-07
42.674809346776 24.3213383404366 0
0 0

0101101
*
Ed
 1e-07 1 1 0
1  395 0 0 6.0009965224118
0

0101000
+435 0 -433 0 *
Ed
 1e-07 1 1 0
1  396 0 0 0.600000000000009
0

0101000
+433 0 -438 0 *
Wi

0101100
+436 0 +434 0 +432 0 +431 0 *
Ve
1e-07
13.1631422021578 14.5150150505951 0
0 0

0101101
*
Ve
1e-07
13.1631422021578 17.8617732017731 0
0 0

0101101
*
Ed
 1e-07 1 1 0
1  397 0 0 3.3467581511779
0

0101000
+429 0 -428 0 *
Ve
1e-07
8.80915135014665 17.8617732017731 0
0 0

0101101
*
Ed
 1e-07 1 1 0
1  398 0 0 4.35399085201112
0

0101000
+428 0 -426 0 *
Ve
1e-07
8.80915135014665 8.37830074840356 0
0 0

0101101
*
Ed
 1e-07 1 1 0
1  399 0 0 9.48347245336949
0

0101000
+426 0 -424 0 *
Ve
1e-07
13.1631422021578 8.37830074840355 0
0 0

0101101
*
Ed
 1e-07 1 1 0
1  400 0 0 4.35399085201112
0

0101000
+424 0 -422 0 *
Ve
1e-07
13.1631422021578 13.4480150505951 0
0 0

0101101
*
Ed
 1e-07 1 1 0
1  401 0 0 5.0697143021916
0

0101000
+422 0 -420 0 *
Ve
1e-07
13.3631422021578 13.4480150505951 0
0 0

0101101
*
Ed
 1e-07 1 1 0
1  402 0 0 0.19999999999999
0

0101000
+420 0 -418 0 *
Ve
1e-07
13.3631422021578 8.17830074840354 0
0 0

0101101
*
Ed
 1e-07 1 1 0
1  403 0 0 5.26971430219161
0

0101000
+418 0 -416 0 *
Ve
1e-07
8.60915135014666 8.17830074840354 0
0 0

0101101
*
Ed
 1e-07 1 1 0
1  404 0 0 4.7539908520111
0

0101000
+416 0 -414 0 *
Ve
1e-07
8.60915135014666 20.630263680464 0
0 0

0101101
*
Ed
 1e-07 1 1 0
1  405 0 0 12.4519629320604
0

0101000
+414 0 -412 0 *
Ve
1e-07
13.3631422021578 20.630263680464 0
0 0

0101101
*
Ed
 1e-07 1 1 0
1  406 0 0 4.7539908520111
0

0101000
+412 0 -410 0 *
Ve
1e-07
13.3631422021578 19.3420882418844 0
0 0

0101101
*
Ed
 1e-07 1 1 0
1  407 0 0 1.28817543857955
0

0101000
+410 0 -408 0 *
Ve
1e-07
13.2631422021578 19.3420882418844 0
0 0

0101101
*
Ed
 1e-07 1 1 0
1  408 0 0 0.0999999999999908
0

0101000
+408 0 -406 0 *
Ve
1e-07
13.2631422021578 20.530263680464 0
0 0

0101101
*
Ed
 1e-07 1 1 0
1  409 0 0 1.18817543857956
0

0101000
+406 0 -404 0 *
Ve
1e-07
8.70915135014666 20.530263680464 0
0 0

0101101
*
Ed
 1e-07 1 1 0
1  410 0 0 4.55399085201111
0

0101000
+404 0 -402 0 *
Ve
1e-07
8.70915135014666 18.0617732017731 0
0 0

0101101
*
Ed
 1e-07 1 1 0
1  411 0 0 2.46849047869092
0

0101000
+402 0 -400 0 *
Ve
1e-07
13.2631422021578 18.0617732017731 0
0 0

0101101
*
Ed
 1e-07 1 1 0
1  412 0 0 4.55399085201111
0

0101000
+400 0 -398 0 *
Ve
1e-07
13.2631422021578 18.2750882418844 0
0 0

0101101
*
Ed
 1e-07 1 1 0
1  413 0 0 0.213315040111368
0

0101000
+398 0 -396 0 *
Ve
1e-07
13.3631422021578 18.2750882418844 0
0 0

0101101
*
Ed
 1e-07 1 1 0
1  414 0 0 0.0999999999999908
0

0101000
+396 0 -394 0 *
Ve
1e-07
13.3631422021578 14.5150150505951 0
0 0

0101101
*
Ed
 1e-07 1 1 0
1  415 0 0 3.76007319128927
0

0101000
+394 0 -392 0 *
Ed
 1e-07 1 1 0
1  416 0 0 0.19999999999999
0

0101000
+392 0 -429 0 *
Wi

0101100
+427 0 +425 0 +423 0 +421 0 +419 0 +417 0 +415 0 +413 0 +411 0 +409 0 
+407 0 +405 0 +403 0 +401 0 +399 0 +397 0 +395 0 +393 0 +391 0 +390 0 
*
Ve
1e-07
45.3921866468569 14.5150150505951 0
0 0

0101101
*
Ve
1e-07
45.3921866468569 17.8617732017731 0
0 0

0101101
*
Ed
 1e-07 1 1 0
1  417 0 0 3.3467581511779
0

0101000
+388 0 -387 0 *
Ve
1e-07
49.746177498868 17.8617732017731 0
0 0

0101101
*
Ed
 1e-07 1 1 0
1  418 0 0 4.35399085201112
0

0101000
+387 0 -385 0 *
Ve
1e-07
49.746177498868 8.37830074840356 0
0 0

0101101
*
Ed
 1e-07 1 1 0
1  419 0 0 9.48347245336949
0

0101000
+385 0 -383 0 *
Ve
1e-07
45.3921866468569 8.37830074840355 0
0 0

0101101
*
Ed
 1e-07 1 1 0
1  420 0 0 4.35399085201112
0

0101000
+383 0 -381 0 *
Ve
1e-07
45.3921866468569 13.4480150505951 0
0 0

0101101
*
Ed
 1e-07 1 1 0
1  421 0 0 5.0697143021916
0

0101000
+381 0 -379 0 *
Ve
1e-07
45.1921866468569 13.4480150505951 0
0 0

0101101
*
Ed
 1e-07 1 1 0
1  422 0 0 0.199999999999996
0

0101000
+379 0 -377 0 *
Ve
1e-07
45.1921866468569 8.17830074840354 0
0 0

0101101
*
Ed
 1e-07 1 1 0
1  423 0 0 5.26971430219161
0

0101000
+377 0 -375 0 *
Ve
1e-07
49.946177498868 8.17830074840354 0
0 0

0101101
*
Ed
 1e-07 1 1 0
1  424 0 0 4.75399085201111
0

0101000
+375 0 -373 0 *
Ve
1e-07
49.946177498868 20.630263680464 0
0 0

0101101
*
Ed
 1e-07 1 1 0
1  425 0 0 12.4519629320604
0

0101000
+373 0 -371 0 *
Ve
1e-07
45.1921866468569 20.630263680464 0
0 0

0101101
*
Ed
 1e-07 1 1 0
1  426 0 0 4.75399085201111
0

0101000
+371 0 -369 0 *
Ve
1e-07
45.1921866468569 19.3420882418844 0
0 0

0101101
*
Ed
 1e-07 1 1 0
1  427 0 0 1.28817543857955
0

0101000
+369 0 -367 0 *
Ve
1e-07
45.2921866468569 19.3420882418844 0
0 0

0101101
*
Ed
 1e-07 1 1 0
1  428 0 0 0.0999999999999943
0

0101000
+367 0 -365 0 *
Ve
1e-07
45.2921866468569 20.530263680464 0
0 0

0101101
*
Ed
 1e-07 1 1 0
1  429 0 0 1.18817543857956
0

0101000
+365 0 -363 0 *
Ve
1e-07
49.846177498868 20.530263680464 0
0 0

0101101
*
Ed
 1e-07 1 1 0
1  430 0 0 4.55399085201111
0

0101000
+363 0 -361 0 *
Ve
1e-07
49.846177498868 18.0617732017731 0
0 0

0101101
*
Ed
 1e-07 1 1 0
1  431 0 0 2.46849047869092
0

0101000
+361 0 -359 0 *
Ve
1e-07
45.2921866468569 18.0617732017731 0
0 0

0101101
*
Ed
 1e-07 1 1 0
1  432 0 0 4.55399085201111
0

0101000
+359 0 -357 0 *
Ve
1e-07
45.2921866468569 18.2750882418844 0
0 0

0101101
*
Ed
 1e-07 1 1 0
1  433 0 0 0.213315040111368
0

0101000
+357 0 -355 0 *
Ve
1e-07
45.1921866468569 18.2750882418844 0
0 0

0101101
*
Ed
 1e-07 1 1 0
1  434 0 0 0.0999999999999943
0

0101000
+355 0 -353 0 *
Ve
1e-07
45.1921866468569 14.5150150505951 0
0 0

0101101
*
Ed
 1e-07 1 1 0
1  435 0 0 3.76007319128927
0

0101000
+353 0 -351 0 *
Ed
 1e-07 1 1 0
1  436 0 0 0.199999999999996
0

0101000
+351 0 -388 0 *
Wi

0101100
+386 0 +384 0 +382 0 +380 0 +378 0 +376 0 +374 0 +372 0 +370 0 +368 0 
+366 0 +364 0 +362 0 +360 0 +358 0 +356 0 +354 0 +352 0 +350 0 +349 0 
*
Ve
1e-07
28.1174993798978 0.354203347352012 0
0 0

0101101
*
Ve
1e-07
29.6010896245277 0.354203347352012 0
0 0

0101101
*
Ed
 1e-07 1 1 0
1  437 0 0 1.48359024462989
0

0101000
+347 0 -346 0 *
Ve
1e-07
29.6010896245277 4.0860039985275 0
0 0

0101101
*
Ed
 1e-07 1 1 0
1  438 0 0 3.73180065117549
0

0101000
+346 0 -344 0 *
Ve
1e-07
28.1174993798978 4.0860039985275 0
0 0

0101101
*
Ed
 1e-07 1 1 0
1  439 0 0 1.48359024462989
0

0101000
+344 0 -342 0 *
Ed
 1e-07 1 1 0
1  440 0 0 3.73180065117549
0

0101000
+342 0 -347 0 *
Wi

0101100
+345 0 +343 0 +341 0 +340 0 *
Ve
1e-07
31.9149508879352 0.36157133821132 0
0 0

0101101
*
Ve
1e-07
33.3859808656768 0.36157133821132 0
0 0

0101101
*
Ed
 1e-07 1 1 0
1  441 0 0 1.47102997774158
0

0101000
+338 0 -337 0 *
Ve
1e-07
33.3859808656768 5.96894879554986 0
0 0

0101101
*
Ed
 1e-07 1 1 0
1  442 0 0 5.60737745733854
0

0101000
+337 0 -335 0 *
Ve
1e-07
31.9149508879352 5.96894879554986 0
0 0

0101101
*
Ed
 1e-07 1 1 0
1  443 0 0 1.47102997774158
0

0101000
+335 0 -333 0 *
Ed
 1e-07 1 1 0
1  444 0 0 5.60737745733854
0

0101000
+333 0 -338 0 *
Wi

0101100
+336 0 +334 0 +332 0 +331 0 *
Ve
1e-07
33.588941855724 0.354203347352012 0
0 0

0101101
*
Ve
1e-07
35.0725321003539 0.354203347352012 0
0 0

0101101
*
Ed
 1e-07 1 1 0
1  445 0 0 1.48359024462988
0

0101000
+329 0 -328 0 *
Ve
1e-07
35.0725321003539 4.0860039985275 0
0 0

0101101
*
Ed
 1e-07 1 1 0
1  446 0 0 3.73180065117549
0

0101000
+328 0 -326 0 *
Ve
1e-07
33.588941855724 4.0860039985275 0
0 0

0101101
*
Ed
 1e-07 1 1 0
1  447 0 0 1.48359024462988
0

0101000
+326 0 -324 0 *
Ed
 1e-07 1 1 0
1  448 0 0 3.73180065117549
0

0101000
+324 0 -329 0 *
Wi

0101100
+327 0 +325 0 +323 0 +322 0 *
Ve
1e-07
37.3863933637614 0.36157133821132 0
0 0

0101101
*
Ve
1e-07
38.8589075408013 0.36157133821132 0
0 0

0101101
*
Ed
 1e-07 1 1 0
1  449 0 0 1.4725141770399
0

0101000
+320 0 -319 0 *
Ve
1e-07
38.8589075408013 5.96894879554986 0
0 0

0101101
*
Ed
 1e-07 1 1 0
1  450 0 0 5.60737745733854
0

0101000
+319 0 -317 0 *
Ve
1e-07
37.3863933637614 5.96894879554986 0
0 0

0101101
*
Ed
 1e-07 1 1 0
1  451 0 0 1.4725141770399
0

0101000
+317 0 -315 0 *
Ed
 1e-07 1 1 0
1  452 0 0 5.60737745733854
0

0101000
+315 0 -320 0 *
Wi

0101100
+318 0 +316 0 +314 0 +313 0 *
Ve
1e-07
39.0695646041606 0.354203347352012 0
0 0

0101101
*
Ve
1e-07
40.5531548487905 0.354203347352012 0
0 0

0101101
*
Ed
 1e-07 1 1 0
1  453 0 0 1.48359024462988
0

0101000
+311 0 -310 0 *
Ve
1e-07
40.5531548487905 4.0860039985275 0
0 0

0101101
*
Ed
 1e-07 1 1 0
1  454 0 0 3.73180065117549
0

0101000
+310 0 -308 0 *
Ve
1e-07
39.0695646041606 4.0860039985275 0
0 0

0101101
*
Ed
 1e-07 1 1 0
1  455 0 0 1.48359024462988
0

0101000
+308 0 -306 0 *
Ed
 1e-07 1 1 0
1  456 0 0 3.73180065117549
0

0101000
+306 0 -311 0 *
Wi

0101100
+309 0 +307 0 +305 0 +304 0 *
Ve
1e-07
42.8670161121981 0.36157133821132 0
0 0

0101101
*
Ve
1e-07
44.3380460899397 0.36157133821132 0
0 0

0101101
*
Ed
 1e-07 1 1 0
1  457 0 0 1.47102997774159
0

0101000
+302 0 -301 0 *
Ve
1e-07
44.3380460899397 5.96894879554986 0
0 0

0101101
*
Ed
 1e-07 1 1 0
1  458 0 0 5.60737745733854
0

0101000
+301 0 -299 0 *
Ve
1e-07
42.8670161121981 5.96894879554986 0
0 0

0101101
*
Ed
 1e-07 1 1 0
1  459 0 0 1.47102997774159
0

0101000
+299 0 -297 0 *
Ed
 1e-07 1 1 0
1  460 0 0 5.60737745733854
0

0101000
+297 0 -302 0 *
Wi

0101100
+300 0 +298 0 +296 0 +295 0 *
Ve
1e-07
46.7591994221677 1.13380049547634 0
0 0

0101101
*
Ve
1e-07
49.2317628552675 1.13380049547634 0
0 0

0101101
*
Ed
 1e-07 1 1 0
1  461 0 0 2.47256343309974
0

0101000
+293 0 -292 0 *
Ve
1e-07
49.2317628552675 4.28204213143233 0
0 0

0101101
*
Ed
 1e-07 1 1 0
1  462 0 0 3.148241635956
0

0101000
+292 0 -290 0 *
Ve
1e-07
46.7591994221677 4.28204213143233 0
0 0

0101101
*
Ed
 1e-07 1 1 0
1  463 0 0 2.47256343309974
0

0101000
+290 0 -288 0 *
Ed
 1e-07 1 1 0
1  464 0 0 3.148241635956
0

0101000
+288 0 -293 0 *
Wi

0101100
+291 0 +289 0 +287 0 +286 0 *
Ve
1e-07
50.3025931549886 3.09228304913562 0
0 0

0101101
*
Ve
1e-07
53.4508347909446 3.09228304913562 0
0 0

0101101
*
Ed
 1e-07 1 1 0
1  465 0 0 3.148241635956
0

0101000
+284 0 -283 0 *
Ve
1e-07
53.4508347909446 5.58725322416987 0
0 0

0101101
*
Ed
 1e-07 1 1 0
1  466 0 0 2.49497017503425
0

0101000
+283 0 -281 0 *
Ve
1e-07
50.3025931549886 5.58725322416987 0
0 0

0101101
*
Ed
 1e-07 1 1 0
1  467 0 0 3.148241635956
0

0101000
+281 0 -279 0 *
Ed
 1e-07 1 1 0
1  468 0 0 2.49497017503425
0

0101000
+279 0 -284 0 *
Wi

0101100
+282 0 +280 0 +278 0 +277 0 *
Ve
1e-07
54.4637729064409 0.443558728857724 0
0 0

0101101
*
Ve
1e-07
58.007101423082 0.443558728857724 0
0 0

0101101
*
Ed
 1e-07 1 1 0
1  469 0 0 3.54332851664111
0

0101000
+275 0 -274 0 *
Ve
1e-07
58.007101423082 3.96478284553551 0
0 0

0101101
*
Ed
 1e-07 1 1 0
1  470 0 0 3.52122411667779
0

0101000
+274 0 -272 0 *
Ve
1e-07
54.4637729064409 3.96478284553551 0
0 0

0101101
*
Ed
 1e-07 1 1 0
1  471 0 0 3.54332851664111
0

0101000
+272 0 -270 0 *
Ed
 1e-07 1 1 0
1  472 0 0 3.52122411667779
0

0101000
+270 0 -275 0 *
Wi

0101100
+273 0 +271 0 +269 0 +268 0 *
Ve
1e-07
56.6094123461298 9.2869899224455 0
0 0

0101101
*
Ve
1e-07
58.1052698138401 9.2869899224455 0
0 0

0101101
*
Ed
 1e-07 1 1 0
1  473 0 0 1.4958574677103
0

0101000
+266 0 -265 0 *
Ve
1e-07
58.1052698138401 11.1403870948074 0
0 0

0101101
*
Ed
 1e-07 1 1 0
1  474 0 0 1.85339717236195
0

0101000
+265 0 -263 0 *
Ve
1e-07
56.6094123461298 11.1403870948074 0
0 0

0101101
*
Ed
 1e-07 1 1 0
1  475 0 0 1.4958574677103
0

0101000
+263 0 -261 0 *
Ed
 1e-07 1 1 0
1  476 0 0 1.85339717236195
0

0101000
+261 0 -266 0 *
Wi

0101100
+264 0 +262 0 +260 0 +259 0 *
Ve
1e-07
56.2370467799636 12.2974604659953 0
0 0

0101101
*
Ve
1e-07
58.0904439523255 12.2974604659953 0
0 0

0101101
*
Ed
 1e-07 1 1 0
1  477 0 0 1.85339717236192
0

0101000
+257 0 -256 0 *
Ve
1e-07
58.0904439523255 13.7933179337056 0
0 0

0101101
*
Ed
 1e-07 1 1 0
1  478 0 0 1.4958574677103
0

0101000
+256 0 -254 0 *
Ve
1e-07
56.2370467799636 13.7933179337056 0
0 0

0101101
*
Ed
 1e-07 1 1 0
1  479 0 0 1.85339717236192
0

0101000
+254 0 -252 0 *
Ed
 1e-07 1 1 0
1  480 0 0 1.4958574677103
0

0101000
+252 0 -257 0 *
Wi

0101100
+255 0 +253 0 +251 0 +250 0 *
Ve
1e-07
56.6094123461298 14.8593370364958 0
0 0

0101101
*
Ve
1e-07
58.1052698138401 14.8593370364958 0
0 0

0101101
*
Ed
 1e-07 1 1 0
1  481 0 0 1.4958574677103
0

0101000
+248 0 -247 0 *
Ve
1e-07
58.1052698138401 16.7127342088578 0
0 0

0101101
*
Ed
 1e-07 1 1 0
1  482 0 0 1.85339717236195
0

0101000
+247 0 -245 0 *
Ve
1e-07
56.6094123461298 16.7127342088578 0
0 0

0101101
*
Ed
 1e-07 1 1 0
1  483 0 0 1.4958574677103
0

0101000
+245 0 -243 0 *
Ed
 1e-07 1 1 0
1  484 0 0 1.85339717236195
0

0101000
+243 0 -248 0 *
Wi

0101100
+246 0 +244 0 +242 0 +241 0 *
Ve
1e-07
56.2535368586729 17.7685470774938 0
0 0

0101101
*
Ve
1e-07
58.1069340310348 17.7685470774938 0
0 0

0101101
*
Ed
 1e-07 1 1 0
1  485 0 0 1.85339717236192
0

0101000
+239 0 -238 0 *
Ve
1e-07
58.1069340310348 19.2644045452041 0
0 0

0101101
*
Ed
 1e-07 1 1 0
1  486 0 0 1.4958574677103
0

0101000
+238 0 -236 0 *
Ve
1e-07
56.2535368586729 19.2644045452041 0
0 0

0101101
*
Ed
 1e-07 1 1 0
1  487 0 0 1.85339717236192
0

0101000
+236 0 -234 0 *
Ed
 1e-07 1 1 0
1  488 0 0 1.4958574677103
0

0101000
+234 0 -239 0 *
Wi

0101100
+237 0 +235 0 +233 0 +232 0 *
Ve
1e-07
56.6094123461298 20.3251497153759 0
0 0

0101101
*
Ve
1e-07
58.1052698138401 20.3251497153759 0
0 0

0101101
*
Ed
 1e-07 1 1 0
1  489 0 0 1.4958574677103
0

0101000
+230 0 -229 0 *
Ve
1e-07
58.1052698138401 22.1785468877379 0
0 0

0101101
*
Ed
 1e-07 1 1 0
1  490 0 0 1.85339717236195
0

0101000
+229 0 -227 0 *
Ve
1e-07
56.6094123461298 22.1785468877379 0
0 0

0101101
*
Ed
 1e-07 1 1 0
1  491 0 0 1.4958574677103
0

0101000
+227 0 -225 0 *
Ed
 1e-07 1 1 0
1  492 0 0 1.85339717236195
0

0101000
+225 0 -230 0 *
Wi

0101100
+228 0 +226 0 +224 0 +223 0 *
Ve
1e-07
56.2469350173829 23.2384820930426 0
0 0

0101101
*
Ve
1e-07
58.1003321897448 23.2384820930426 0
0 0

0101101
*
Ed
 1e-07 1 1 0
1  493 0 0 1.85339717236193
0

0101000
+221 0 -220 0 *
Ve
1e-07
58.1003321897448 24.7343395607529 0
0 0

0101101
*
Ed
 1e-07 1 1 0
1  494 0 0 1.4958574677103
0

0101000
+220 0 -218 0 *
Ve
1e-07
56.2469350173829 24.7343395607529 0
0 0

0101101
*
Ed
 1e-07 1 1 0
1  495 0 0 1.85339717236193
0

0101000
+218 0 -216 0 *
Ed
 1e-07 1 1 0
1  496 0 0 1.4958574677103
0

0101000
+216 0 -221 0 *
Wi

0101100
+219 0 +217 0 +215 0 +214 0 *
Ve
1e-07
56.257012497411 27.2892810176617 0
0 0

0101101
*
Ve
1e-07
58.1104096697729 27.2892810176617 0
0 0

0101101
*
Ed
 1e-07 1 1 0
1  497 0 0 1.85339717236192
0

0101000
+212 0 -211 0 *
Ve
1e-07
58.1104096697729 28.785138485372 0
0 0

0101101
*
Ed
 1e-07 1 1 0
1  498 0 0 1.49585746771029
0

0101000
+211 0 -209 0 *
Ve
1e-07
56.257012497411 28.785138485372 0
0 0

0101101
*
Ed
 1e-07 1 1 0
1  499 0 0 1.85339717236192
0

0101000
+209 0 -207 0 *
Ed
 1e-07 1 1 0
1  500 0 0 1.49585746771029
0

0101000
+207 0 -212 0 *
Wi

0101100
+210 0 +208 0 +206 0 +205 0 *
Ve
1e-07
33.0348658579696 8.17830074840354 0
0 0

0101101
*
Ve
1e-07
33.0348658579696 8.37830074840356 0
0 0

0101101
*
Ed
 1e-07 1 1 0
1  501 0 0 0.200000000000017
0

0101000
+203 0 -202 0 *
Ve
1e-07
33.4075326790825 8.37830074840356 0
0 0

0101101
*
Ed
 1e-07 1 1 0
1  502 0 0 0.372666821112865
0

0101000
+202 0 -200 0 *
Ve
1e-07
33.4075326790825 11.6532000835115 0
0 0

0101101
*
Ed
 1e-07 1 1 0
1  503 0 0 3.27489933510798
0

0101000
+200 0 -198 0 *
Ve
1e-07
30.8701335670109 11.6532000835115 0
0 0

0101101
*
Ed
 1e-07 1 1 0
1  504 0 0 2.53739911207156
0

0101000
+198 0 -196 0 *
Ve
1e-07
30.8701335670109 8.37830074840356 0
0 0

0101101
*
Ed
 1e-07 1 1 0
1  505 0 0 3.27489933510798
0

0101000
+196 0 -194 0 *
Ve
1e-07
31.2248658579696 8.37830074840356 0
0 0

0101101
*
Ed
 1e-07 1 1 0
1  506 0 0 0.35473229095869
0

0101000
+194 0 -192 0 *
Ve
1e-07
31.2248658579696 8.17830074840354 0
0 0

0101101
*
Ed
 1e-07 1 1 0
1  507 0 0 0.200000000000017
0

0101000
+192 0 -190 0 *
Ve
1e-07
27.9399365238797 8.17830074840354 0
0 0

0101101
*
Ed
 1e-07 1 1 0
1  508 0 0 3.28492933408984
0

0101000
+190 0 -188 0 *
Ve
1e-07
27.9399365238798 8.27830074840355 0
0 0

0101101
*
Ed
 1e-07 1 1 0
1  509 0 0 0.100000000000009
0

0101000
+188 0 -186 0 *
Ve
1e-07
30.6701335670109 8.27830074840355 0
0 0

0101101
*
Ed
 1e-07 1 1 0
1  510 0 0 2.73019704313111
0

0101000
+186 0 -184 0 *
Ve
1e-07
30.6701335670109 11.7532000835115 0
0 0

0101101
*
Ed
 1e-07 1 1 0
1  511 0 0 3.47489933510798
0

0101000
+184 0 -182 0 *
Ve
1e-07
17.003905139006 11.7532000835115 0
0 0

0101101
*
Ed
 1e-07 1 1 0
1  512 0 0 13.6662284280049
0

0101000
+182 0 -180 0 *
Ve
1e-07
17.003905139006 11.6840627021081 0
0 0

0101101
*
Ed
 1e-07 1 1 0
1  513 0 0 0.0691373814034613
0

0101000
+180 0 -178 0 *
Ve
1e-07
17.003905139006 8.27830074840355 0
0 0

0101101
*
Ed
 1e-07 1 1 0
1  514 0 0 3.40576195370453
0

0101000
+178 0 -176 0 *
Ve
1e-07
19.1483958719833 8.27830074840355 0
0 0

0101101
*
Ed
 1e-07 1 1 0
1  515 0 0 2.14449073297729
0

0101000
+176 0 -174 0 *
Ve
1e-07
19.1483958719833 8.17830074840354 0
0 0

0101101
*
Ed
 1e-07 1 1 0
1  516 0 0 0.100000000000009
0

0101000
+174 0 -172 0 *
Ve
1e-07
16.903905139006 8.17830074840354 0
0 0

0101101
*
Ed
 1e-07 1 1 0
1  517 0 0 2.24449073297732
0

0101000
+172 0 -170 0 *
Ve
1e-07
16.903905139006 20.630263680464 0
0 0

0101101
*
Ed
 1e-07 1 1 0
1  518 0 0 12.4519629320604
0

0101000
+170 0 -168 0 *
Ve
1e-07
20.6405919024602 20.630263680464 0
0 0

0101101
*
Ed
 1e-07 1 1 0
1  519 0 0 3.73668676345419
0

0101000
+168 0 -166 0 *
Ve
1e-07
20.6405919024602 20.530263680464 0
0 0

0101101
*
Ed
 1e-07 1 1 0
1  520 0 0 0.0999999999999908
0

0101000
+166 0 -164 0 *
Ve
1e-07
17.003905139006 20.530263680464 0
0 0

0101101
*
Ed
 1e-07 1 1 0
1  521 0 0 3.63668676345421
0

0101000
+164 0 -162 0 *
Ve
1e-07
17.003905139006 11.8532000835115 0
0 0

0101101
*
Ed
 1e-07 1 1 0
1  522 0 0 8.67706359695245
0

0101000
+162 0 -160 0 *
Ve
1e-07
25.2179383690265 11.8532000835115 0
0 0

0101101
*
Ed
 1e-07 1 1 0
1  523 0 0 8.21403323002053
0

0101000
+160 0 -158 0 *
Ve
1e-07
25.2179383690265 20.530263680464 0
0 0

0101101
*
Ed
 1e-07 1 1 0
1  524 0 0 8.67706359695245
0

0101000
+158 0 -156 0 *
Ve
1e-07
21.7075919024602 20.530263680464 0
0 0

0101101
*
Ed
 1e-07 1 1 0
1  525 0 0 3.51034646656635
0

0101000
+156 0 -154 0 *
Ve
1e-07
21.7075919024602 20.630263680464 0
0 0

0101101
*
Ed
 1e-07 1 1 0
1  526 0 0 0.0999999999999908
0

0101000
+154 0 -152 0 *
Ve
1e-07
25.5790039939188 20.630263680464 0
0 0

0101101
*
Ed
 1e-07 1 1 0
1  527 0 0 3.87141209145861
0

0101000
+152 0 -150 0 *
Ve
1e-07
25.5790039939188 20.530263680464 0
0 0

0101101
*
Ed
 1e-07 1 1 0
1  528 0 0 0.0999999999999908
0

0101000
+150 0 -148 0 *
Ve
1e-07
25.3179383690265 20.530263680464 0
0 0

0101101
*
Ed
 1e-07 1 1 0
1  529 0 0 0.261065624892261
0

0101000
+148 0 -146 0 *
Ve
1e-07
25.3179383690265 15.6708715024281 0
0 0

0101101
*
Ed
 1e-07 1 1 0
1  530 0 0 4.85939217803591
0

0101000
+146 0 -144 0 *
Ve
1e-07
30.6701335670109 15.6708715024281 0
0 0

0101101
*
Ed
 1e-07 1 1 0
1  531 0 0 5.35219519798435
0

0101000
+144 0 -142 0 *
Ve
1e-07
30.6701335670109 20.530263680464 0
0 0

0101101
*
Ed
 1e-07 1 1 0
1  532 0 0 4.85939217803589
0

0101000
+142 0 -140 0 *
Ve
1e-07
26.6460039939188 20.530263680464 0
0 0

0101101
*
Ed
 1e-07 1 1 0
1  533 0 0 4.02412957309211
0

0101000
+140 0 -138 0 *
Ve
1e-07
26.6460039939188 20.630263680464 0
0 0

0101101
*
Ed
 1e-07 1 1 0
1  534 0 0 0.0999999999999908
0

0101000
+138 0 -136 0 *
Ve
1e-07
30.7701335670109 20.630263680464 0
0 0

0101101
*
Ed
 1e-07 1 1 0
1  535 0 0 4.12412957309212
0

0101000
+136 0 -134 0 *
Ve
1e-07
30.7701335670109 14.2572101473497 0
0 0

0101101
*
Ed
 1e-07 1 1 0
1  536 0 0 6.37305353311428
0

0101000
+134 0 -132 0 *
Ve
1e-07
30.6701335670109 14.2572101473497 0
0 0

0101101
*
Ed
 1e-07 1 1 0
1  537 0 0 0.100000000000012
0

0101000
+132 0 -130 0 *
Ve
1e-07
30.6701335670109 15.5708715024281 0
0 0

0101101
*
Ed
 1e-07 1 1 0
1  538 0 0 1.31366135507839
0

0101000
+130 0 -128 0 *
Ve
1e-07
25.3179383690265 15.5708715024281 0
0 0

0101101
*
Ed
 1e-07 1 1 0
1  539 0 0 5.35219519798435
0

0101000
+128 0 -126 0 *
Ve
1e-07
25.3179383690265 11.8532000835115 0
0 0

0101101
*
Ed
 1e-07 1 1 0
1  540 0 0 3.71767141891655
0

0101000
+126 0 -124 0 *
Ve
1e-07
30.6701335670109 11.8532000835115 0
0 0

0101101
*
Ed
 1e-07 1 1 0
1  541 0 0 5.35219519798437
0

0101000
+124 0 -122 0 *
Ve
1e-07
30.6701335670109 13.1902101473497 0
0 0

0101101
*
Ed
 1e-07 1 1 0
1  542 0 0 1.33701006383816
0

0101000
+122 0 -120 0 *
Ve
1e-07
30.7701335670109 13.1902101473497 0
0 0

0101101
*
Ed
 1e-07 1 1 0
1  543 0 0 0.100000000000012
0

0101000
+120 0 -118 0 *
Ve
1e-07
30.7701335670109 11.8532000835115 0
0 0

0101101
*
Ed
 1e-07 1 1 0
1  544 0 0 1.33701006383816
0

0101000
+118 0 -116 0 *
Ve
1e-07
33.8275520557685 11.8532000835115 0
0 0

0101101
*
Ed
 1e-07 1 1 0
1  545 0 0 3.05741848875764
0

0101000
+116 0 -114 0 *
Ve
1e-07
33.8275520557685 11.7532000835115 0
0 0

0101101
*
Ed
 1e-07 1 1 0
1  546 0 0 0.0999999999999996
0

0101000
+114 0 -112 0 *
Ve
1e-07
33.6075326790825 11.7532000835115 0
0 0

0101101
*
Ed
 1e-07 1 1 0
1  547 0 0 0.220019376686061
0

0101000
+112 0 -110 0 *
Ve
1e-07
33.6075326790825 8.27830074840355 0
0 0

0101101
*
Ed
 1e-07 1 1 0
1  548 0 0 3.47489933510799
0

0101000
+110 0 -108 0 *
Ve
1e-07
37.9416635574469 8.27830074840355 0
0 0

0101101
*
Ed
 1e-07 1 1 0
1  549 0 0 4.33413087836445
0

0101000
+108 0 -106 0 *
Ve
1e-07
37.9416635574469 11.7532000835115 0
0 0

0101101
*
Ed
 1e-07 1 1 0
1  550 0 0 3.47489933510799
0

0101000
+106 0 -104 0 *
Ve
1e-07
34.8945520557685 11.7532000835115 0
0 0

0101101
*
Ed
 1e-07 1 1 0
1  551 0 0 3.04711150167842
0

0101000
+104 0 -102 0 *
Ve
1e-07
34.8945520557685 11.8532000835115 0
0 0

0101101
*
Ed
 1e-07 1 1 0
1  552 0 0 0.0999999999999996
0

0101000
+102 0 -100 0 *
Ve
1e-07
41.488800854176 11.8532000835115 0
0 0

0101101
*
Ed
 1e-07 1 1 0
1  553 0 0 6.59424879840748
0

0101000
+100 0 -98 0 *
Ve
1e-07
41.488800854176 11.7532000835115 0
0 0

0101101
*
Ed
 1e-07 1 1 0
1  554 0 0 0.0999999999999996
0

0101000
+98 0 -96 0 *
Ve
1e-07
38.0416635574469 11.7532000835115 0
0 0

0101101
*
Ed
 1e-07 1 1 0
1  555 0 0 3.44713729672907
0

0101000
+96 0 -94 0 *
Ve
1e-07
38.0416635574469 8.27830074840355 0
0 0

0101101
*
Ed
 1e-07 1 1 0
1  556 0 0 3.47489933510799
0

0101000
+94 0 -92 0 *
Ve
1e-07
42.9048441398929 8.27830074840355 0
0 0

0101101
*
Ed
 1e-07 1 1 0
1  557 0 0 4.86318058244601
0

0101000
+92 0 -90 0 *
Ve
1e-07
42.9048441398929 11.7532000835115 0
0 0

0101101
*
Ed
 1e-07 1 1 0
1  558 0 0 3.47489933510799
0

0101000
+90 0 -88 0 *
Ve
1e-07
42.555800854176 11.7532000835115 0
0 0

0101101
*
Ed
 1e-07 1 1 0
1  559 0 0 0.349043285716938
0

0101000
+88 0 -86 0 *
Ve
1e-07
42.555800854176 11.8532000835115 0
0 0

0101101
*
Ed
 1e-07 1 1 0
1  560 0 0 0.0999999999999996
0

0101000
+86 0 -84 0 *
Ve
1e-07
43.004844139893 11.8532000835115 0
0 0

0101101
*
Ed
 1e-07 1 1 0
1  561 0 0 0.449043285716954
0

0101000
+84 0 -82 0 *
Ve
1e-07
43.004844139893 8.17830074840354 0
0 0

0101101
*
Ed
 1e-07 1 1 0
1  562 0 0 3.674899335108
0

0101000
+82 0 -80 0 *
Ed
 1e-07 1 1 0
1  563 0 0 9.96997828192337
0

0101000
+80 0 -203 0 *
Wi

0101100
+201 0 +199 0 +197 0 +195 0 +193 0 +191 0 +189 0 +187 0 +185 0 +183 0 
+181 0 +179 0 +177 0 +175 0 +173 0 +171 0 +169 0 +167 0 +165 0 +163 0 
+161 0 +159 0 +157 0 +155 0 +153 0 +151 0 +149 0 +147 0 +145 0 +143 0 
+141 0 +139 0 +137 0 +135 0 +133 0 +131 0 +129 0 +127 0 +125 0 +123 0 
+121 0 +119 0 +117 0 +115 0 +113 0 +111 0 +109 0 +107 0 +105 0 +103 0 
+101 0 +99 0 +97 0 +95 0 +93 0 +91 0 +89 0 +87 0 +85 0 +83 0 
+81 0 +79 0 +78 0 *
Ve
1e-07
20.9583958719833 8.17830074840354 0
0 0

0101101
*
Ve
1e-07
20.9583958719833 8.27830074840355 0
0 0

0101101
*
Ed
 1e-07 1 1 0
1  564 0 0 0.100000000000009
0

0101000
+76 0 -75 0 *
Ve
1e-07
26.1299365238798 8.27830074840355 0
0 0

0101101
*
Ed
 1e-07 1 1 0
1  565 0 0 5.17154065189646
0

0101000
+75 0 -73 0 *
Ve
1e-07
26.1299365238798 8.17830074840354 0
0 0

0101101
*
Ed
 1e-07 1 1 0
1  566 0 0 0.100000000000009
0

0101000
+73 0 -71 0 *
Ed
 1e-07 1 1 0
1  567 0 0 5.17154065189646
0

0101000
+71 0 -76 0 *
Wi

0101100
+74 0 +72 0 +70 0 +69 0 *
Ve
1e-07
36.526686987487 20.630263680464 0
0 0

0101101
*
Ve
1e-07
36.526686987487 20.5303356754174 0
0 0

0101101
*
Ed
 1e-07 1 1 0
1  568 0 0 0.0999280050465785
0

0101000
+67 0 -66 0 *
Ve
1e-07
33.6075326790825 20.530263680464 0
0 0

0101101
*
Ed
 1e-07 1 1 0
1  569 0 0 2.91915430929233
0

0101000
+66 0 -64 0 *
Ve
1e-07
33.6075326790825 14.5753727681527 0
0 0

0101101
*
Ed
 1e-07 1 1 0
1  570 0 0 5.95489091231127
0

0101000
+64 0 -62 0 *
Ve
1e-07
36.526686987487 14.5753727681527 0
0 0

0101101
*
Ed
 1e-07 1 1 0
1  571 0 0 2.91915430840453
0

0101000
+62 0 -60 0 *
Ve
1e-07
36.526686987487 14.4753727681527 0
0 0

0101101
*
Ed
 1e-07 1 1 0
1  572 0 0 0.0999999999999908
0

0101000
+60 0 -58 0 *
Ve
1e-07
33.5075326790825 14.4753727681527 0
0 0

0101101
*
Ed
 1e-07 1 1 0
1  573 0 0 3.01915430840455
0

0101000
+58 0 -56 0 *
Ve
1e-07
33.5075326790825 20.630263680464 0
0 0

0101101
*
Ed
 1e-07 1 1 0
1  574 0 0 6.15489091231127
0

0101000
+56 0 -54 0 *
Ed
 1e-07 1 1 0
1  575 0 0 3.01915430840455
0

0101000
+54 0 -67 0 *
Wi

0101100
+65 0 +63 0 +61 0 +59 0 +57 0 +55 0 +53 0 +52 0 *
Ve
1e-07
38.0452698044636 18.0441313481151 0
0 0

0101101
*
Ve
1e-07
42.904844139893 18.0441313481151 0
0 0

0101101
*
Ed
 1e-07 1 1 0
1  576 0 0 4.85957433542933
0

0101000
+50 0 -49 0 *
Ve
1e-07
42.904844139893 18.2750882418844 0
0 0

0101101
*
Ed
 1e-07 1 1 0
1  577 0 0 0.23095689376936
0

0101000
+49 0 -47 0 *
Ve
1e-07
43.004844139893 18.2750882418844 0
0 0

0101101
*
Ed
 1e-07 1 1 0
1  578 0 0 0.0999999999999943
0

0101000
+47 0 -45 0 *
Ve
1e-07
43.004844139893 14.4753727681527 0
0 0

0101101
*
Ed
 1e-07 1 1 0
1  579 0 0 3.79971547373171
0

0101000
+45 0 -43 0 *
Ve
1e-07
39.5222422067152 14.4753727681527 0
0 0

0101101
*
Ed
 1e-07 1 1 0
1  580 0 0 3.48260193317776
0

0101000
+43 0 -41 0 *
Ve
1e-07
39.5222422067152 14.5753727681527 0
0 0

0101101
*
Ed
 1e-07 1 1 0
1  581 0 0 0.0999999999999908
0

0101000
+41 0 -39 0 *
Ve
1e-07
42.904844139893 14.5753727681527 0
0 0

0101101
*
Ed
 1e-07 1 1 0
1  582 0 0 3.38260193317777
0

0101000
+39 0 -37 0 *
Ve
1e-07
42.904844139893 17.9441313481151 0
0 0

0101101
*
Ed
 1e-07 1 1 0
1  583 0 0 3.36875857996236
0

0101000
+37 0 -35 0 *
Ve
1e-07
38.0452698044636 17.9441313481151 0
0 0

0101101
*
Ed
 1e-07 1 1 0
1  584 0 0 4.85957433542933
0

0101000
+35 0 -33 0 *
Ve
1e-07
38.0416367950605 14.5753727538282 0
0 0

0101101
*
Ed
 1e-07 1 1 0
1  585 0 0 3.36876055328054
0

0101000
+33 0 -31 0 *
Ve
1e-07
38.4552422067152 14.5753727681527 0
0 0

0101101
*
Ed
 1e-07 1 1 0
1  586 0 0 0.413605411654679
0

0101000
+31 0 -29 0 *
Ve
1e-07
38.4552422067152 14.4753727681527 0
0 0

0101101
*
Ed
 1e-07 1 1 0
1  587 0 0 0.0999999999999908
0

0101000
+29 0 -27 0 *
Ve
1e-07
37.593686987487 14.4753727681527 0
0 0

0101101
*
Ed
 1e-07 1 1 0
1  588 0 0 0.861555219228158
0

0101000
+27 0 -25 0 *
Ve
1e-07
37.593686987487 14.5753727681527 0
0 0

0101101
*
Ed
 1e-07 1 1 0
1  589 0 0 0.0999999999999908
0

0101000
+25 0 -23 0 *
Ve
1e-07
37.94166350021 14.5753727681527 0
0 0

0101101
*
Ed
 1e-07 1 1 0
1  590 0 0 0.347976512723022
0

0101000
+23 0 -21 0 *
Ve
1e-07
37.9480383094343 20.5303707301324 0
0 0

0101101
*
Ed
 1e-07 1 1 0
1  591 0 0 5.95500137408672
0

0101000
+21 0 -19 0 *
Ve
1e-07
37.593686987487 20.5303619907838 0
0 0

0101101
*
Ed
 1e-07 1 1 0
1  592 0 0 0.354351322055032
0

0101000
+19 0 -17 0 *
Ve
1e-07
37.593686987487 20.630263680464 0
0 0

0101101
*
Ed
 1e-07 1 1 0
1  593 0 0 0.0999016896801308
0

0101000
+17 0 -15 0 *
Ve
1e-07
43.004844139893 20.630263680464 0
0 0

0101101
*
Ed
 1e-07 1 1 0
1  594 0 0 5.41115715240593
0

0101000
+15 0 -13 0 *
Ve
1e-07
43.004844139893 19.3420882418844 0
0 0

0101101
*
Ed
 1e-07 1 1 0
1  595 0 0 1.28817543857957
0

0101000
+13 0 -11 0 *
Ve
1e-07
42.904844139893 19.3420882418844 0
0 0

0101101
*
Ed
 1e-07 1 1 0
1  596 0 0 0.0999999999999943
0

0101000
+11 0 -9 0 *
Ve
1e-07
42.904844139893 20.530263680464 0
0 0

0101101
*
Ed
 1e-07 1 1 0
1  597 0 0 1.18817543857956
0

0101000
+9 0 -7 0 *
Ve
1e-07
38.0480382521361 20.530263680464 0
0 0

0101101
*
Ed
 1e-07 1 1 0
1  598 0 0 4.85680588775685
0

0101000
+7 0 -5 0 *
Ed
 1e-07 1 1 0
1  599 0 0 2.48613387375925
0

0101000
+5 0 -50 0 *
Wi

0101100
+48 0 +46 0 +44 0 +42 0 +40 0 +38 0 +36 0 +34 0 +32 0 +30 0 
+28 0 +26 0 +24 0 +22 0 +20 0 +18 0 +16 0 +14 0 +12 0 +10 0 
+8 0 +6 0 +4 0 +3 0 *
Fa
0  1e-07 1 0

1111000
+731 0 -722 0 -713 0 -704 0 -695 0 -686 0 -677 0 -668 0 -659 0 -650 0 
-641 0 -632 0 -623 0 -614 0 -605 0 -596 0 -587 0 -578 0 -569 0 -560 0 
-551 0 -542 0 -533 0 -524 0 -515 0 -506 0 -497 0 -488 0 -479 0 -470 0 
-461 0 -452 0 -439 0 -430 0 +389 0 -348 0 -339 0 -330 0 -321 0 -312 0 
-303 0 -294 0 -285 0 -276 0 -267 0 -258 0 -249 0 -240 0 -231 0 -222 0 
-213 0 -204 0 +77 0 +68 0 +51 0 +2 0 *

+1 0 