
CASCADE Topology V3, (c) Open Cascade
Locations 0
Curve2ds 0
Curves 1531
1 0.29814016664272458 6.1185678812897351 0 0.99999999995496147 -9.4908801772024854e-06 0 
1 0.53793821510902262 6.1185656053951902 0 -2.84223563885456e-13 -1 0 
1 0.5379382151089942 6.0185678816249748 0 -1 0 0 
1 0.29813197842474892 6.0185678816249748 0 0 -1 0 
1 0.29813197842474892 0.29999999999999721 0 1 0 0 
1 6.0568281081320947 0.29999999999999721 0 0 1 0 
1 6.0568281081320947 6.0185678816249748 0 -1 0 0 
1 1.604938215109001 6.0185678816249748 0 0 1 0 
1 1.604938215109001 6.118555478626007 0 0.99999999995496158 -9.4908802091715231e-06 0 
1 6.419830679348749 6.1185097810584068 0 -1.415234410920076e-13 -1 0 
1 6.4198306793487347 6.0180963470325679 0 -1 0 0 
1 6.156828108132089 6.0180963470325679 0 2.4852422646877548e-15 -1 0 
1 6.1568281081321032 0.29999999999999721 0 1 0 0 
1 11.535020909313721 0.29999999999999721 0 0 1 0 
1 11.535020909313721 6.0180963470325679 0 -1 0 0 
1 7.486830679348742 6.0180963470325679 0 0 1 0 
1 7.486830679348742 6.1184996542892236 0 0.99999999995496158 -9.4908802086155696e-06 0 
1 11.89274199879304 6.1184578383126791 0 0 -1 0 
1 11.89274199879304 6.0180963470325679 0 -1 0 0 
1 11.63502090931371 6.0180963470325679 0 -1.5532764154298467e-15 -1 0 
1 11.635020909313701 0.29999999999999721 0 1 0 0 
1 17.015643657750331 0.29999999999999721 0 0 1 0 
1 17.015643657750331 6.0180963470325679 0 -1 0 0 
1 12.959741998793049 6.0180963470325679 0 0 1 0 
1 12.959741998793049 6.1184477115434959 0 0.99999999995496158 -9.4908802086155662e-06 0 
1 17.365653318237349 6.1184058955669514 0 0 -1 0 
1 17.365653318237349 6.0180963470325679 0 -1 0 0 
1 17.11564365775034 6.0180963470325679 0 -1.8639316985158162e-15 -1 0 
1 17.115643657750329 0.29999999999999721 0 1 0 0 
1 22.477905860966079 0.29999999999999721 0 0 1 0 
1 22.477905860966079 6.0180963470325679 0 -1 0 0 
1 18.43265331823736 6.0180963470325679 0 0 1 0 
1 18.43265331823736 6.1183957687977681 0 0.99999999995496169 -9.4908802072164524e-06 0 
1 22.875744741754001 6.1183535999493159 0 -2.1261586022612943e-13 -1 0 
1 22.87574474175398 6.0180963470325679 0 -1 0 0 
1 22.577905860966069 6.0180963470325679 0 0 -1 0 
1 22.577905860966069 0.29999999999999721 0 1 0 0 
1 27.96770888201317 0.29999999999999721 0 0 1 0 
1 27.96770888201317 6.0180963470325679 0 -1 0 0 
1 23.94274474175398 6.0180963470325679 0 0 1 0 
1 23.94274474175398 6.1183434731801327 0 0.99999999995496158 -9.4908802067855905e-06 0 
1 28.31147595712596 6.1183020100755101 0 0 -1 0 
1 28.31147595712596 6.0180963470325679 0 -1 0 0 
1 28.067708882013161 6.0180963470325679 0 -3.7278633970316324e-15 -1 0 
1 28.06770888201314 0.29999999999999721 0 1 0 0 
1 33.439151357839343 0.29999999999999721 0 0 1 0 
1 33.439151357839343 6.0180963470325679 0 -1 0 0 
1 29.378475957125971 6.0180963470325679 0 0 1 0 
1 29.378475957125971 6.1182918833063269 0 0.99999999995496147 -9.4908802094167357e-06 0 
1 33.81413135982811 6.1182497850322477 0 2.8378166539320276e-13 -1 0 
1 33.814131359828139 6.0180963470325679 0 -1 0 0 
1 33.53915135783933 6.0180963470325679 0 0 -1 0 
1 33.53915135783933 0.29999999999999721 0 1 0 0 
1 38.91977410627598 0.29999999999999721 0 0 1 0 
1 38.91977410627598 6.0180963470325679 0 -1 0 0 
1 34.881131359828117 6.0180963470325679 0 0 1 0 
1 34.881131359828117 6.1182396582630636 0 0.99999999995496158 -9.4908802096401203e-06 0 
1 39.27708050873531 6.1181979368362818 0 0 -1 0 
1 39.27708050873531 6.0180963470325679 0 -1 0 0 
1 39.019774106275968 6.0180963470325679 0 0 -1 0 
1 39.019774106275968 0.29999999999999721 0 1 0 0 
1 44.400396854712596 0.29999999999999721 0 0 1 0 
1 44.400396854712596 6.0180963470325679 0 -1 0 0 
1 40.344080508735317 6.0180963470325679 0 0 1 0 
1 40.344080508735317 6.1181878100670994 0 0.99999999995496169 -9.4908802091414652e-06 0 
1 44.752148274215813 6.1181459736239816 0 0 -1 0 
1 44.752148274215813 6.0180963470325679 0 -1 0 0 
1 44.500396854712591 6.0180963470325679 0 0 -1 0 
1 44.500396854712591 0.29999999999999721 0 1 0 0 
1 49.881019603149241 0.29999999999999721 0 0 1 0 
1 49.881019603149241 6.0180963470325679 0 -1 0 0 
1 45.81914827421582 6.0180963470325679 0 0 1 0 
1 45.81914827421582 6.1181358468547984 0 0.99999999995496169 -9.4908802070772663e-06 0 
1 49.981019603149242 6.1180963470325764 0 0 -1 0 
1 49.981019603149242 0.29999999999999721 0 1 0 0 
1 58.168291541250511 0.29999999999999721 0 0 1 0 
1 58.168291541250511 8.1783007484035579 0 -1 0 0 
1 52.519429835154227 8.1783007484035579 0 0 1 0 
1 52.519429835154227 8.6023810133792864 0 1 -1.4210854715198773e-13 0 
1 52.61942983515425 8.6023810133792722 0 0 -1 0 
1 52.61942983515425 8.3783007484035608 0 1 0 0 
1 58.168291541250511 8.3783007484035608 0 0 1 0 
1 58.168291541250511 13.850647862453879 0 -1 0 0 
1 52.61942983515425 13.850647862453879 0 0 -1 0 
1 52.61942983515425 9.6693810133792795 0 -1 0 0 
1 52.519429835154227 9.6693810133792795 0 0 1 0 
1 52.519429835154227 14.19166227186844 0 1 1.0658141036399079e-13 0 
1 52.61942983515425 14.19166227186845 0 0 -1 0 
1 52.61942983515425 13.95064786245389 0 1 -1.6006497670041539e-15 0 
1 58.168291541250511 13.950647862453881 0 0 1 0 
1 58.168291541250511 19.316460541333999 0 -1 0 0 
1 52.61942983515425 19.316460541333999 0 0 -1 0 
1 52.61942983515425 15.258662271868451 0 -1 0 0 
1 52.519429835154227 15.258662271868451 0 0 1 0 
1 52.519429835154227 19.628715885857801 0 1 0 0 
1 52.61942983515425 19.628715885857801 0 0 -1 0 
1 52.61942983515425 19.41646054133399 0 1 0 0 
1 58.168291541250511 19.41646054133399 0 0 1 0 
1 58.168291541250511 24.79711984890643 0 -1 0 0 
1 52.61942983515425 24.79711984890643 0 0 -1 0 
1 52.61942983515425 20.695715885857808 0 -1 0 0 
1 52.519429835154227 20.695715885857808 0 0 1 0 
1 52.519429835154227 25.12222532478728 0 1 0 0 
1 52.61942983515425 25.12222532478728 0 0 -1 0 
1 52.61942983515425 24.897119848906438 0 1 0 0 
1 58.168291541250511 24.897119848906438 0 0 1 0 
1 58.168291541250511 28.832097978840949 0 -1 0 0 
1 52.61942983515425 28.832097978840949 0 0 -1 0 
1 52.61942983515425 26.189225324787269 0 -1 0 0 
1 52.519429835154227 26.189225324787269 0 0 1 0 
1 52.519429835154227 28.832097978840949 0 -1 0 0 
1 41.764166768289748 28.832097978840949 0 0 -1 0 
1 41.764166768289748 22.69046808183495 0 -1 0 0 
1 40.325184780583577 22.69046808183495 0 2.1756818568972412e-10 1 0 
1 40.325184780605333 22.790468081834959 0 1 0 0 
1 41.664166768289761 22.790468081834959 0 0 1 0 
1 41.664166768289761 28.832097978840949 0 -1 0 0 
1 39.02141865504521 28.832097978840949 0 0 -1 0 
1 39.02141865504521 22.790468081834959 0 1 0 0 
1 39.258184780605319 22.790468081834959 0 -1.8388846001471786e-10 -1 0 
1 39.25818478058693 22.690468081834961 0 -1 0 0 
1 37.599067493199243 22.690468081834961 0 5.6843418860809227e-13 1 0 
1 37.5990674931993 22.790468081834959 0 1 0 0 
1 38.921418655045223 22.790468081834959 0 0 1 0 
1 38.921418655045223 28.832097978840949 0 -1 0 0 
1 36.278670541800658 28.832097978840949 0 0 -1 0 
1 36.278670541800658 22.790468081834959 0 1 0 0 
1 36.532067493199293 22.790468081834959 0 -3.552713678800198e-13 -1 0 
1 36.532067493199257 22.69046808183495 0 -1 6.361631986256237e-15 0 
1 34.856689058950387 22.690468081834961 0 0 1 0 
1 34.856689058950387 22.790468081834959 0 1 0 0 
1 36.17867054180067 22.790468081834959 0 0 1 0 
1 36.17867054180067 28.832097978840949 0 -1 0 0 
1 33.552922933390278 28.832097978840949 0 0 -1 0 
1 33.552922933390278 22.790468081834959 0 1 0 0 
1 33.789689058950387 22.790468081834959 0 3.552713678800198e-13 -1 0 
1 33.789689058950422 22.69046808183495 0 -1 0 0 
1 32.154115612017392 22.69046808183495 0 -3.552713678800198e-13 1 0 
1 32.154115612017357 22.790468081834959 0 1 0 0 
1 33.452922933390248 22.790468081834959 0 0 1 0 
1 33.452922933390248 28.832097978840949 0 -1 0 0 
1 30.827175324979891 28.832097978840949 0 0 -1 0 
1 30.827175324979891 22.790468081834959 0 1 0 0 
1 31.08711561201736 22.790468081834959 0 0 -1 0 
1 31.08711561201736 22.69046808183495 0 -1 0 0 
1 29.393860172240149 22.69046808183495 0 0 1 0 
1 29.393860172240149 22.790468081834959 0 1 0 0 
1 30.727175324979878 22.790468081834959 0 3.5282336780289327e-15 1 0 
1 30.7271753249799 28.832097978840949 0 -1 0 0 
1 28.090094046680051 28.832097978840949 0 0 -1 0 
1 28.090094046680051 22.790468081834959 0 1 0 0 
1 28.32686017224017 22.790468081834959 0 -1.0658141036400594e-13 -1 0 
1 28.32686017224016 22.69046808183495 0 -1 0 0 
1 26.654955139097989 22.69046808183495 0 2.1316282072801188e-13 1 0 
1 26.654955139098011 22.790468081834959 0 1 0 0 
1 27.990094046680039 22.790468081834959 0 0 1 0 
1 27.990094046680039 28.832097978840949 0 -1 0 0 
1 25.353012768380211 28.832097978840949 0 0 -1 0 
1 25.353012768380211 22.790468081834959 0 1 0 0 
1 25.587955139098 22.790468081834959 0 1.0658141036400594e-13 -1 0 
1 25.58795513909801 22.69046808183495 0 -1 0 0 
1 23.925364450585231 22.69046808183495 0 -1.0658141036400594e-13 1 0 
1 23.925364450585221 22.790468081834959 0 1 0 0 
1 25.25301276838022 22.790468081834959 0 0 1 0 
1 25.25301276838022 28.832097978840949 0 -1 0 0 
1 22.621598325025101 28.832097978840949 0 0 -1 0 
1 22.621598325025101 22.790468081834959 0 1 0 0 
1 22.85836445058521 22.790468081834959 0 2.1316282072801188e-13 -1 0 
1 22.858364450585231 22.69046808183495 0 -1 0 0 
1 21.21602643477577 22.69046808183495 0 1.0658141036400594e-13 1 0 
1 21.216026434775781 22.790468081834959 0 1 0 0 
1 22.52159832502511 22.790468081834959 0 0 1 0 
1 22.52159832502511 28.832097978840949 0 -1 0 0 
1 19.890183881670001 28.832097978840949 0 0 -1 0 
1 19.890183881670001 22.790468081834959 0 1 0 0 
1 20.149026434775781 22.790468081834959 0 0 -1 0 
1 20.149026434775781 22.690468081834961 0 -1 0 0 
1 18.44517621594591 22.690468081834961 0 0 1 0 
1 18.44517621594591 22.790468081834959 0 1 0 0 
1 19.79018388167 22.790468081834959 0 0 1 0 
1 19.79018388167 28.832097978840949 0 -1 0 0 
1 17.14141009038579 28.832097978840949 0 0 -1 0 
1 17.14141009038579 22.790468081834959 0 1 0 0 
1 17.378176215945899 22.790468081834959 0 0 -1 0 
1 17.378176215945899 22.69046808183495 0 -1 0 0 
1 15.68675007755783 22.69046808183495 0 3.0198066269801683e-13 1 0 
1 15.686750077557861 22.790468081834959 0 1 0 0 
1 17.041410090385799 22.790468081834959 0 0 1 0 
1 17.041410090385799 28.832097978840949 0 -1 0 0 
1 14.39263629910157 28.832097978840949 0 0 -1 0 
1 14.39263629910157 22.790468081834959 0 1 0 0 
1 14.61975007755785 22.790468081834959 0 0 -1 0 
1 14.61975007755785 22.690468081834961 0 -1 -6.0382984818233445e-15 0 
1 12.85465995018423 22.69046808183495 0 0 1 0 
1 12.85465995018423 22.790468081834959 0 1 0 0 
1 14.292636299101559 22.790468081834959 0 0 1 0 
1 14.292636299101559 28.832097978840949 0 -1 0 0 
1 11.550893824624129 28.832097978840949 0 0 -1 0 
1 11.550893824624129 22.790468081834959 0 1 0 0 
1 11.78765995018423 22.790468081834959 0 -8.881784197000495e-14 -1 0 
1 11.787659950184221 22.69046808183495 0 -1 0 0 
1 10.01291747570677 22.69046808183495 0 -1.0658141036400594e-13 1 0 
1 10.012917475706759 22.790468081834959 0 1 0 0 
1 11.450893824624099 22.790468081834959 0 0 1 0 
1 11.450893824624099 28.832097978840949 0 -1 0 0 
1 8.7091513501466693 28.832097978840949 0 0 -1 0 
1 8.7091513501466693 22.790468081834959 0 1 0 0 
1 8.9459174757067785 22.790468081834959 0 -1.4210854715200792e-13 -1 0 
1 8.9459174757067643 22.69046808183495 0 -1 0 0 
1 8.6091513501466608 22.69046808183495 0 0 1 0 
1 8.6091513501466608 28.832097978840949 0 -1 0 0 
1 6.088050306808185 28.832097978840949 0 0 -1 0 
1 6.088050306808185 27.25325489162779 0 -1 1.9550583374440268e-10 0 
1 5.9880503068081907 27.253254891647341 0 0 1 0 
1 5.9880503068081907 28.832097978840949 0 -1 0 0 
1 0.29999999999999721 28.832097978840949 0 -8.3260289329491096e-05 -0.99999999653386196 0 
1 0.29975264908698313 25.861283030337962 0 1 0 0 
1 5.9880503068081907 25.861283030337962 0 0 1 0 
1 5.9880503068081907 26.186254891647351 0 1 -1.6871837260624538e-10 0 
1 6.088050306808185 26.18625489163048 0 0 -1 0 
1 6.088050306808185 24.182439943144349 0 -1 0 0 
1 5.9880503068081907 24.182439943144349 0 0 1 0 
1 5.9880503068081907 25.76128303033795 0 -1 2.9467607682267227e-11 0 
1 0.29975060203250342 25.76128303050557 0 -8.2571234471526931e-05 -0.99999999659099548 0 
1 0.29950529817396898 22.790468081834959 0 1 0 0 
1 5.9880503068081907 22.790468081834959 0 0 1 0 
1 5.9880503068081907 23.115439943144349 0 1 0 0 
1 6.088050306808185 23.115439943144349 0 0 -1 0 
1 6.088050306808185 21.435671024691018 0 -1 -1.7763568394003514e-13 0 
1 5.9880503068081907 21.435671024691 0 0 1 0 
1 5.9880503068081907 22.690468081834961 0 -1 0 0 
1 0.29975264908698313 22.690468081834961 0 -0.00013170280100315116 -0.99999999132718609 0 
1 0.29940406220379151 20.043699163381621 0 1 0 0 
1 5.9880503068081907 20.043699163381621 0 0 1 0 
1 5.9880503068081907 20.368671024691011 0 1 0 0 
1 6.088050306808185 20.368671024691011 0 0 -1 0 
1 6.088050306808185 18.69694371665479 0 -1 0 0 
1 5.9880503068081907 18.69694371665479 0 0 1 0 
1 5.9880503068081907 19.943699163381609 0 -1 7.3428730762524857e-11 0 
1 0.29940083068035511 19.94369916379932 0 -0.00013048186955539262 -0.99999999148724084 0 
1 0.29905547532059978 17.296930244928259 0 1 0 0 
1 5.9880503068081907 17.296930244928259 0 0 1 0 
1 5.9880503068081907 17.629943716654779 0 1 0 0 
1 6.088050306808185 17.629943716654779 0 0 -1 0 
1 6.088050306808185 15.96236114093502 0 -1 -1.9539925233403866e-13 0 
1 5.9880503068081907 15.962361140935 0 0 1 0 
1 5.9880503068081907 17.196930244928271 0 -1 0 0 
1 0.2995277376602985 17.196930244928271 0 -0.00017490162410823521 -0.99999998470471074 0 
1 0.29906835137265381 14.570389279625619 0 1 0 0 
1 5.9880503068081907 14.570389279625619 0 0 1 0 
1 5.9880503068081907 14.895361140935011 0 1 0 0 
1 6.088050306808185 14.895361140935011 0 0 -1 0 
1 6.088050306808185 13.10000970932933 0 -1 -1.9539925233403866e-13 0 
1 5.9880503068081907 13.10000970932931 0 0 1 0 
1 5.9880503068081907 14.470389279625611 0 -1 1.2945360564490465e-10 0 
1 0.29906406051480872 14.47038928036207 0 -0.00017326797062152598 -0.99999998498910503 0 
1 0.29860896508503743 11.843848314322949 0 1 0 0 
1 5.9880503068081907 11.843848314322949 0 0 1 0 
1 5.9880503068081907 12.03300970932932 0 1 0 0 
1 6.088050306808185 12.03300970932932 0 0 -1 0 
1 6.088050306808185 11.74384831432296 0 -1 0 0 
1 0.29930448254251019 11.74384831432296 0 -0.00020697916996431865 -0.99999997857981138 0 
1 33.792596689639318 17.540964203664089 0 1 0 0 
1 34.392596689639319 17.540964203664089 0 0 1 0 
1 34.392596689639319 18.14096420366409 0 -1 0 0 
1 33.792596689639318 18.14096420366409 0 0 -1 0 
1 33.790003909501181 16.768315722498951 0 1 0 0 
1 34.390003909501168 16.768315722498951 0 0 1 0 
1 34.390003909501168 17.368315722498949 0 -1 0 0 
1 33.790003909501181 17.368315722498949 0 0 -1 0 
1 33.769261668396076 15.97751778036683 0 1 0 0 
1 34.369261668396078 15.97751778036683 0 0 1 0 
1 34.369261668396078 16.577517780366829 0 -1 0 0 
1 33.769261668396076 16.577517780366829 0 0 -1 0 
1 35.661991169236877 15.95418275912359 0 1 0 0 
1 36.261991169236879 15.95418275912359 0 0 1 0 
1 36.261991169236879 16.554182759123591 0 -1 0 0 
1 35.661991169236877 16.554182759123591 0 0 -1 0 
1 35.656805608960603 16.781279623189629 0 1 0 0 
1 36.25680560896059 16.781279623189629 0 0 1 0 
1 36.25680560896059 17.381279623189641 0 -1 0 0 
1 35.656805608960603 17.381279623189641 0 0 -1 0 
1 35.641248928131759 17.502072501592021 0 1 0 0 
1 36.241248928131782 17.502072501592021 0 0 1 0 
1 36.241248928131782 18.10207250159203 0 -1 0 0 
1 35.641248928131759 18.10207250159203 0 0 -1 0 
1 34.47322396144834 15.84042954060399 0 1 0 0 
1 35.536630025149051 15.84042954060399 0 0 1 0 
1 35.536630025149051 18.18261588547491 0 -1 0 0 
1 34.47322396144834 18.18261588547491 0 0 -1 0 
1 13.16314220215777 14.515015050595149 0 0 1 0 
1 13.16314220215777 17.861773201773051 0 -1 0 0 
1 8.8091513501466494 17.861773201773051 0 0 -1 0 
1 8.8091513501466494 8.3783007484035608 0 1 -3.2638687581619444e-15 0 
1 13.16314220215777 8.3783007484035465 0 0 1 0 
1 13.16314220215777 13.448015050595149 0 1 0 0 
1 13.363142202157761 13.448015050595149 0 0 -1 0 
1 13.363142202157761 8.1783007484035437 0 -1 0 0 
1 8.6091513501466608 8.1783007484035437 0 0 1 0 
1 8.6091513501466608 20.63026368046398 0 1 0 0 
1 13.363142202157761 20.63026368046398 0 0 -1 0 
1 13.363142202157761 19.342088241884429 0 -1 -1.7763568394004145e-13 0 
1 13.26314220215777 19.342088241884412 0 0 1 0 
1 13.26314220215777 20.530263680463971 0 -1 0 0 
1 8.7091513501466551 20.530263680463971 0 0 -1 0 
1 8.7091513501466551 18.06177320177305 0 1 0 0 
1 13.26314220215777 18.06177320177305 0 0 1 0 
1 13.26314220215777 18.275088241884418 0 1 0 0 
1 13.363142202157761 18.275088241884418 0 0 -1 0 
1 13.363142202157761 14.515015050595149 0 -1 0 0 
1 45.392186646856892 14.515015050595149 0 0 1 0 
1 45.392186646856892 17.861773201773051 0 1 0 0 
1 49.746177498868008 17.861773201773051 0 0 -1 0 
1 49.746177498868008 8.3783007484035608 0 -1 -3.2638687581619487e-15 0 
1 45.392186646856892 8.3783007484035465 0 0 1 0 
1 45.392186646856892 13.448015050595149 0 -1 0 0 
1 45.192186646856896 13.448015050595149 0 0 -1 0 
1 45.192186646856896 8.1783007484035437 0 1 0 0 
1 49.946177498868003 8.1783007484035437 0 0 1 0 
1 49.946177498868003 20.63026368046398 0 -1 0 0 
1 45.192186646856896 20.63026368046398 0 0 -1 0 
1 45.192186646856896 19.342088241884429 0 1 -1.7763568394003514e-13 0 
1 45.292186646856891 19.342088241884412 0 0 1 0 
1 45.292186646856891 20.530263680463971 0 1 0 0 
1 49.846177498868002 20.530263680463971 0 0 -1 0 
1 49.846177498868002 18.06177320177305 0 -1 0 0 
1 45.292186646856891 18.06177320177305 0 0 1 0 
1 45.292186646856891 18.275088241884418 0 -1 0 0 
1 45.192186646856896 18.275088241884418 0 0 -1 0 
1 45.192186646856896 14.515015050595149 0 1 0 0 
1 17.716667292610069 15.370229225143969 0 1 0 0 
1 18.31666729261006 15.370229225143969 0 0 1 0 
1 18.31666729261006 15.97022922514398 0 -1 0 0 
1 17.716667292610069 15.97022922514398 0 0 -1 0 
1 17.714074512471921 14.597580743978829 0 1 0 0 
1 18.314074512471919 14.597580743978829 0 0 1 0 
1 18.314074512471919 15.197580743978831 0 -1 0 0 
1 17.714074512471921 15.197580743978831 0 0 -1 0 
1 17.693332271366831 13.806782801846721 0 1 0 0 
1 18.293332271366818 13.806782801846721 0 0 1 0 
1 18.293332271366818 14.40678280184671 0 -1 0 0 
1 17.693332271366831 14.40678280184671 0 0 -1 0 
1 17.685553930952391 13.010799299438309 0 1 0 0 
1 18.285553930952421 13.010799299438309 0 0 1 0 
1 18.285553930952421 13.61079929943832 0 -1 0 0 
1 17.685553930952391 13.61079929943832 0 0 -1 0 
1 19.58087621193134 12.99783539874764 0 1 0 0 
1 20.180876211931331 12.99783539874764 0 0 1 0 
1 20.180876211931331 13.59783539874763 0 -1 0 0 
1 19.58087621193134 13.59783539874763 0 0 -1 0 
1 19.586061772207628 13.783447780603479 0 1 0 0 
1 20.186061772207619 13.783447780603479 0 0 1 0 
1 20.186061772207619 14.38344778060347 0 -1 0 0 
1 19.586061772207628 14.38344778060347 0 0 -1 0 
1 19.58087621193134 14.61054464466951 0 1 0 0 
1 20.180876211931331 14.61054464466951 0 0 1 0 
1 20.180876211931331 15.21054464466952 0 -1 0 0 
1 19.58087621193134 15.21054464466952 0 0 -1 0 
1 19.565319531102499 15.331337523071911 0 1 0 0 
1 20.165319531102529 15.331337523071911 0 0 1 0 
1 20.165319531102529 15.93133752307191 0 -1 0 0 
1 19.565319531102499 15.93133752307191 0 0 -1 0 
1 18.397294564419081 12.863639270998799 0 1 0 0 
1 19.460700628119799 12.863639270998799 0 0 1 0 
1 19.460700628119799 16.011880906954801 0 -1 0 0 
1 18.397294564419081 16.011880906954801 0 0 -1 0 
1 21.789990481606921 15.32757662630631 0 1 0 0 
1 22.389990481606919 15.32757662630631 0 0 1 0 
1 22.389990481606919 15.92757662630631 0 -1 0 0 
1 21.789990481606921 15.92757662630631 0 0 -1 0 
1 21.78739770146878 14.554928145141171 0 1 0 0 
1 22.387397701468771 14.554928145141171 0 0 1 0 
1 22.387397701468771 15.154928145141159 0 -1 0 0 
1 21.78739770146878 15.154928145141159 0 0 -1 0 
1 21.76665546036368 13.764130203009049 0 1 0 0 
1 22.366655460363681 13.764130203009049 0 0 1 0 
1 22.366655460363681 14.364130203009051 0 -1 0 0 
1 21.76665546036368 14.364130203009051 0 0 -1 0 
1 21.758877119949251 12.96814670060065 0 1 0 0 
1 22.35887711994927 12.96814670060065 0 0 1 0 
1 22.35887711994927 13.568146700600661 0 -1 0 0 
1 21.758877119949251 13.568146700600661 0 0 -1 0 
1 23.654199400928199 12.95518279990997 0 1 0 0 
1 24.25419940092819 12.95518279990997 0 0 1 0 
1 24.25419940092819 13.55518279990997 0 -1 0 0 
1 23.654199400928199 13.55518279990997 0 0 -1 0 
1 23.659384961204481 13.74079518176581 0 1 0 0 
1 24.259384961204479 13.74079518176581 0 0 1 0 
1 24.259384961204479 14.340795181765809 0 -1 0 0 
1 23.659384961204481 14.340795181765809 0 0 -1 0 
1 23.654199400928199 14.567892045831851 0 1 0 0 
1 24.25419940092819 14.567892045831851 0 0 1 0 
1 24.25419940092819 15.167892045831859 0 -1 0 0 
1 23.654199400928199 15.167892045831859 0 0 -1 0 
1 23.638642720099359 15.288684924234239 0 1 0 0 
1 24.238642720099381 15.288684924234239 0 0 1 0 
1 24.238642720099381 15.88868492423425 0 -1 0 0 
1 23.638642720099359 15.88868492423425 0 0 -1 0 
1 22.47061775341594 12.820986672161141 0 1 0 0 
1 23.534023817116651 12.820986672161141 0 0 1 0 
1 23.534023817116651 15.969228308117129 0 -1 0 0 
1 22.47061775341594 15.969228308117129 0 0 -1 0 
1 33.034865857969578 8.1783007484035437 0 7.105427357600396e-14 1 0 
1 33.034865857969592 8.3783007484035608 0 1 0 0 
1 33.407532679082458 8.3783007484035608 0 0 1 0 
1 33.407532679082458 11.653200083511541 0 -1 0 0 
1 30.8701335670109 11.653200083511541 0 0 -1 0 
1 30.8701335670109 8.3783007484035608 0 1 0 0 
1 31.22486585796959 8.3783007484035608 0 -5.329070518200297e-14 -1 0 
1 31.224865857969579 8.1783007484035437 0 -1 0 0 
1 27.939936523879741 8.1783007484035437 0 2.8421709430401584e-13 1 0 
1 27.939936523879769 8.2783007484035522 0 1 0 0 
1 30.670133567010879 8.2783007484035522 0 3.0671797967552683e-15 1 0 
1 30.67013356701089 11.75320008351153 0 -1 7.7988898638345655e-16 0 
1 17.003905139006012 11.75320008351154 0 0 -1 0 
1 17.003905139006012 11.684062702108079 0 0 -1 0 
1 17.003905139006012 8.2783007484035522 0 1 0 0 
1 19.148395871983301 8.2783007484035522 0 2.8421709430401584e-13 -1 0 
1 19.148395871983329 8.1783007484035437 0 -1 0 0 
1 16.90390513900601 8.1783007484035437 0 0 1 0 
1 16.90390513900601 20.63026368046398 0 1 0 0 
1 20.640591902460201 20.63026368046398 0 1.7763568394004145e-13 -1 0 
1 20.640591902460219 20.530263680463989 0 -1 0 0 
1 17.003905139006012 20.530263680463989 0 0 -1 0 
1 17.003905139006012 11.85320008351154 0 1 0 0 
1 25.217938369026541 11.85320008351154 0 0 1 0 
1 25.217938369026541 20.530263680463989 0 -1 0 0 
1 21.707591902460191 20.530263680463989 0 0 1 0 
1 21.707591902460191 20.63026368046398 0 1 0 0 
1 25.5790039939188 20.63026368046398 0 0 -1 0 
1 25.5790039939188 20.530263680463989 0 -1 0 0 
1 25.317938369026539 20.530263680463989 0 0 -1 0 
1 25.317938369026539 15.67087150242808 0 1 0 0 
1 30.67013356701089 15.67087150242808 0 0 1 0 
1 30.67013356701089 20.530263680463971 0 -1 4.4142635249076017e-15 0 
1 26.646003993918779 20.530263680463989 0 0 1 0 
1 26.646003993918779 20.63026368046398 0 1 0 0 
1 30.770133567010902 20.63026368046398 0 0 -1 0 
1 30.770133567010902 14.257210147349699 0 -1 0 0 
1 30.67013356701089 14.257210147349699 0 0 1 0 
1 30.67013356701089 15.570871502428091 0 -1 0 0 
1 25.317938369026539 15.570871502428091 0 0 -1 0 
1 25.317938369026539 11.85320008351154 0 1 0 0 
1 30.670133567010911 11.85320008351154 0 -1.5943247286868027e-14 1 0 
1 30.67013356701089 13.190210147349701 0 1 0 0 
1 30.770133567010902 13.190210147349701 0 0 -1 0 
1 30.770133567010902 11.85320008351154 0 1 0 0 
1 33.827552055768543 11.85320008351154 0 0 -1 0 
1 33.827552055768543 11.75320008351154 0 -1 0 0 
1 33.607532679082482 11.75320008351154 0 0 -1 0 
1 33.607532679082482 8.2783007484035522 0 1 0 0 
1 37.94166355744693 8.2783007484035522 0 0 1 0 
1 37.94166355744693 11.75320008351154 0 -1 0 0 
1 34.894552055768507 11.75320008351154 0 0 1 0 
1 34.894552055768507 11.85320008351154 0 1 0 0 
1 41.488800854175992 11.85320008351154 0 0 -1 0 
1 41.488800854175992 11.75320008351154 0 -1 0 0 
1 38.041663557446917 11.75320008351154 0 0 -1 0 
1 38.041663557446917 8.2783007484035522 0 1 0 0 
1 42.90484413989293 8.2783007484035522 0 2.0447865311701723e-15 1 0 
1 42.904844139892937 11.75320008351154 0 -1 0 0 
1 42.555800854175999 11.75320008351154 0 0 1 0 
1 42.555800854175999 11.85320008351154 0 1 0 0 
1 43.004844139892953 11.85320008351154 0 0 -1 0 
1 43.004844139892953 8.1783007484035437 0 -1 0 0 
1 48.075805869187853 23.72133834043656 0 1 0 0 
1 48.67580586918784 23.72133834043656 0 0 1 0 
1 48.67580586918784 24.321338340436569 0 -1 0 0 
1 48.075805869187853 24.321338340436569 0 0 -1 0 
1 47.106074394773628 23.72133834043656 0 1 0 0 
1 47.706074394773623 23.72133834043656 0 0 1 0 
1 47.706074394773623 24.321338340436569 0 -1 0 0 
1 47.106074394773628 24.321338340436569 0 0 -1 0 
1 45.961670791427679 23.72133834043656 0 1 0 0 
1 46.561670791427673 23.72133834043656 0 0 1 0 
1 46.561670791427673 24.321338340436569 0 -1 0 0 
1 45.961670791427679 24.321338340436569 0 0 -1 0 
1 44.949777078995453 23.72133834043656 0 1 0 0 
1 45.549777078995447 23.72133834043656 0 0 1 0 
1 45.549777078995447 24.321338340436569 0 -1 0 0 
1 44.949777078995453 24.321338340436569 0 0 -1 0 
1 43.702979469034318 23.72133834043656 0 1 0 0 
1 44.302979469034312 23.72133834043656 0 0 1 0 
1 44.302979469034312 24.321338340436569 0 -1 0 0 
1 43.702979469034318 24.321338340436569 0 0 -1 0 
1 42.674809346776037 23.72133834043656 0 1 0 0 
1 43.274809346776038 23.72133834043656 0 0 1 0 
1 43.274809346776038 24.321338340436569 0 -1 0 0 
1 42.674809346776037 24.321338340436569 0 0 -1 0 
1 42.750010277937349 27.00051044547315 0 1 0 0 
1 43.350010277937344 27.00051044547315 0 0 1 0 
1 43.350010277937344 27.600510445473152 0 -1 0 0 
1 42.750010277937349 27.600510445473152 0 0 -1 0 
1 41.854152810227049 26.380502678859401 0 1 0 0 
1 42.687983947473008 26.380502678859401 0 0 1 0 
1 42.687983947473008 28.233899851221349 0 -1 0 0 
1 41.854152810227049 28.233899851221349 0 0 -1 0 
1 41.871031844080079 28.333886561977408 0 1 0 0 
1 47.549923914493547 28.333886561977408 0 0 1 0 
1 47.549923914493547 28.750802130600409 0 -1 0 0 
1 41.871031844080079 28.750802130600409 0 0 -1 0 
1 29.60783634335138 18.230602431286059 0 1 0 0 
1 30.207836343351371 18.230602431286059 0 0 1 0 
1 30.207836343351371 18.830602431286071 0 -1 0 0 
1 29.60783634335138 18.830602431286071 0 0 -1 0 
1 29.595980924338392 17.377012262351709 0 1 0 0 
1 30.195980924338389 17.377012262351709 0 0 1 0 
1 30.195980924338389 17.977012262351721 0 -1 0 0 
1 29.595980924338392 17.977012262351721 0 0 -1 0 
1 28.51625820982812 16.366874463742281 0 1 0 0 
1 29.116258209828121 16.366874463742281 0 0 1 0 
1 29.116258209828121 16.966874463742268 0 -1 0 0 
1 28.51625820982812 16.966874463742268 0 0 -1 0 
1 27.752043923372529 16.35873043931657 0 1 0 0 
1 28.352043923372548 16.35873043931657 0 0 1 0 
1 28.352043923372548 16.958730439316579 0 -1 0 0 
1 27.752043923372529 16.958730439316579 0 0 -1 0 
1 26.656604214034932 17.456845295056709 0 1 0 0 
1 27.256604214034919 17.456845295056709 0 0 1 0 
1 27.256604214034919 18.056845295056721 0 -1 0 0 
1 26.656604214034932 18.056845295056721 0 0 -1 0 
1 26.652652407697271 18.282772819627439 0 1 0 0 
1 27.252652407697269 18.282772819627439 0 0 1 0 
1 27.252652407697269 18.882772819627451 0 -1 0 0 
1 26.652652407697271 18.882772819627451 0 0 -1 0 
1 27.79014296735178 19.288098580420069 0 1 0 0 
1 28.390142967351778 19.288098580420069 0 0 1 0 
1 28.390142967351778 19.88809858042006 0 -1 0 0 
1 27.79014296735178 19.88809858042006 0 0 -1 0 
1 28.610524387060991 19.28971459153038 0 1 0 0 
1 29.210524387060989 19.28971459153038 0 0 1 0 
1 29.210524387060989 19.889714591530389 0 -1 0 0 
1 28.610524387060991 19.889714591530389 0 0 -1 0 
1 27.434781092007771 17.108292432413261 0 1 0 0 
1 29.45858756965001 17.108292432413261 0 0 1 0 
1 29.45858756965001 19.094186261487579 0 -1 0 0 
1 27.434781092007771 19.094186261487579 0 0 -1 0 
1 56.873544625286662 17.768547077493789 0 1 0 0 
1 57.47354462528665 17.768547077493789 0 0 1 0 
1 57.47354462528665 18.36854707749379 0 -1 0 0 
1 56.873544625286662 18.36854707749379 0 0 -1 0 
1 56.253536858672931 18.430573407958111 0 1 0 0 
1 58.106934031034847 18.430573407958111 0 0 1 0 
1 58.106934031034847 19.264404545204091 0 -1 0 0 
1 56.253536858672931 19.264404545204091 0 0 -1 0 
1 52.682831879528521 18.172371628778631 0 1 0 0 
1 53.099747448151497 18.172371628778631 0 0 1 0 
1 53.099747448151497 19.272844794078349 0 -1 0 0 
1 52.682831879528521 19.272844794078349 0 0 -1 0 
1 54.044877320065183 18.655459291692519 0 1 0 0 
1 54.644877320065177 18.655459291692519 0 0 1 0 
1 54.644877320065177 19.255459291692532 0 -1 0 0 
1 54.044877320065183 19.255459291692532 0 0 -1 0 
1 54.808459796872462 18.659857358920949 0 1 0 0 
1 55.408459796872449 18.659857358920949 0 0 1 0 
1 55.408459796872449 19.259857358920939 0 -1 0 0 
1 54.808459796872462 19.259857358920939 0 0 -1 0 
1 56.866942783996649 23.238482093042631 0 1 0 0 
1 57.466942783996643 23.238482093042631 0 0 1 0 
1 57.466942783996643 23.838482093042629 0 -1 0 0 
1 56.866942783996649 23.838482093042629 0 0 -1 0 
1 56.246935017382917 23.900508423506949 0 1 0 0 
1 58.100332189744847 23.900508423506949 0 0 1 0 
1 58.100332189744847 24.734339560752929 0 -1 0 0 
1 56.246935017382917 24.734339560752929 0 0 -1 0 
1 52.676230038238508 23.64230664432748 0 1 0 0 
1 53.093145606861498 23.64230664432748 0 0 1 0 
1 53.093145606861498 24.742779809627191 0 -1 0 0 
1 52.676230038238508 24.742779809627191 0 0 -1 0 
1 54.038275478775176 24.125394307241361 0 1 0 0 
1 54.638275478775171 24.125394307241361 0 0 1 0 
1 54.638275478775171 24.72539430724137 0 -1 0 0 
1 54.038275478775176 24.72539430724137 0 0 -1 0 
1 54.801857955582449 24.12979237446979 0 1 0 0 
1 55.401857955582443 24.12979237446979 0 0 1 0 
1 55.401857955582443 24.729792374469781 0 -1 0 0 
1 54.801857955582449 24.729792374469781 0 0 -1 0 
1 56.877020264024743 27.28928101766174 0 1 0 0 
1 57.477020264024731 27.28928101766174 0 0 1 0 
1 57.477020264024731 27.88928101766173 0 -1 0 0 
1 56.877020264024743 27.88928101766173 0 0 -1 0 
1 56.257012497411012 27.951307348126051 0 1 0 0 
1 58.110409669772928 27.951307348126051 0 0 1 0 
1 58.110409669772928 28.78513848537203 0 -1 0 0 
1 56.257012497411012 28.78513848537203 0 0 -1 0 
1 52.686307518266602 27.693105568946581 0 1 0 0 
1 53.103223086889592 27.693105568946581 0 0 1 0 
1 53.103223086889592 28.793578734246299 0 -1 0 0 
1 52.686307518266602 28.793578734246299 0 0 -1 0 
1 54.048352958803257 28.17619323186047 0 1 0 0 
1 54.648352958803258 28.17619323186047 0 0 1 0 
1 54.648352958803258 28.776193231860471 0 -1 0 0 
1 54.048352958803257 28.776193231860471 0 0 -1 0 
1 54.811935435610543 28.180591299088888 0 1 0 0 
1 55.41193543561053 28.180591299088888 0 0 1 0 
1 55.41193543561053 28.780591299088879 0 -1 0 0 
1 54.811935435610543 28.780591299088879 0 0 -1 0 
1 54.775298462113398 24.982192398575759 0 1 0 0 
1 58.105371005574 24.982192398575759 0 0 1 0 
1 58.105371005574 25.39910796719877 0 -1 0 0 
1 54.775298462113398 25.39910796719877 0 0 -1 0 
1 57.271438676594158 20.325149715375929 0 1 0 0 
1 58.105269813840138 20.325149715375929 0 0 1 0 
1 58.105269813840138 22.17854688773788 0 -1 0 0 
1 57.271438676594158 22.17854688773788 0 0 -1 0 
1 56.609412346129837 20.958539121124129 0 1 0 0 
1 57.209412346129838 20.958539121124129 0 0 1 0 
1 57.209412346129838 21.558539121124131 0 -1 0 0 
1 56.609412346129837 21.558539121124131 0 0 -1 0 
1 54.775298462113398 19.50153309100331 0 1 0 0 
1 58.105371005574 19.50153309100331 0 0 1 0 
1 58.105371005574 19.918448659626321 0 -1 0 0 
1 54.775298462113398 19.918448659626321 0 0 -1 0 
1 57.271438676594158 14.85933703649583 0 1 0 0 
1 58.105269813840138 14.85933703649583 0 0 1 0 
1 58.105269813840138 16.712734208857778 0 -1 0 0 
1 57.271438676594158 16.712734208857778 0 0 -1 0 
1 56.609412346129837 15.492726442244029 0 1 0 0 
1 57.209412346129838 15.492726442244029 0 0 1 0 
1 57.209412346129838 16.092726442244029 0 -1 0 0 
1 56.609412346129837 16.092726442244029 0 0 -1 0 
1 54.775298462113398 14.03572041212321 0 1 0 0 
1 58.105371005574 14.03572041212321 0 0 1 0 
1 58.105371005574 14.452635980746219 0 -1 0 0 
1 54.775298462113398 14.452635980746219 0 0 -1 0 
1 57.271438676594158 9.2869899224454997 0 1 0 0 
1 58.105269813840138 9.2869899224454997 0 0 1 0 
1 58.105269813840138 11.140387094807449 0 -1 0 0 
1 57.271438676594158 11.140387094807449 0 0 -1 0 
1 56.609412346129837 9.9203793281937038 0 1 0 0 
1 57.209412346129838 9.9203793281937038 0 0 1 0 
1 57.209412346129838 10.5203793281937 0 -1 0 0 
1 56.609412346129837 10.5203793281937 0 0 -1 0 
1 56.857054546577317 12.297460465995311 0 1 0 0 
1 57.457054546577311 12.297460465995311 0 0 1 0 
1 57.457054546577311 12.89746046599531 0 -1 0 0 
1 56.857054546577317 12.89746046599531 0 0 -1 0 
1 56.237046779963592 12.959486796459631 0 1 0 0 
1 58.090443952325508 12.959486796459631 0 0 1 0 
1 58.090443952325508 13.793317933705611 0 -1 0 0 
1 56.237046779963592 13.793317933705611 0 0 -1 0 
1 54.775298462113398 8.4633732980728809 0 1 0 0 
1 58.105371005574 8.4633732980728809 0 0 1 0 
1 58.105371005574 8.8802888666958921 0 -1 0 0 
1 54.775298462113398 8.8802888666958921 0 0 -1 0 
1 52.666341800819168 12.70128501728016 0 1 0 0 
1 53.083257369442151 12.70128501728016 0 0 1 0 
1 53.083257369442151 13.801758182579871 0 -1 0 0 
1 52.666341800819168 13.801758182579871 0 0 -1 0 
1 54.02838724135583 13.18437268019404 0 1 0 0 
1 54.628387241355817 13.18437268019404 0 0 1 0 
1 54.628387241355817 13.78437268019405 0 -1 0 0 
1 54.02838724135583 13.78437268019405 0 0 -1 0 
1 54.791969718163102 13.18877074742247 0 1 0 0 
1 55.391969718163097 13.18877074742247 0 0 1 0 
1 55.391969718163097 13.788770747422459 0 -1 0 0 
1 54.791969718163102 13.788770747422459 0 0 -1 0 
1 39.079273664417343 26.927212861293849 0 1 0 0 
1 39.913104801663337 26.927212861293849 0 0 1 0 
1 39.913104801663337 28.78061003365579 0 -1 0 0 
1 39.079273664417343 28.78061003365579 0 0 -1 0 
1 39.975131132127643 27.547220627907581 0 1 0 0 
1 40.575131132127638 27.547220627907581 0 0 1 0 
1 40.575131132127638 28.14722062790759 0 -1 0 0 
1 39.975131132127643 28.14722062790759 0 0 -1 0 
1 36.336525551172798 26.927212861293849 0 1 0 0 
1 37.170356688418792 26.927212861293849 0 0 1 0 
1 37.170356688418792 28.78061003365579 0 -1 0 0 
1 36.336525551172798 28.78061003365579 0 0 -1 0 
1 37.232383018883098 27.547220627907581 0 1 0 0 
1 37.832383018883093 27.547220627907581 0 0 1 0 
1 37.832383018883093 28.14722062790759 0 -1 0 0 
1 37.232383018883098 28.14722062790759 0 0 -1 0 
1 33.593777437928217 26.927212861293849 0 1 0 0 
1 34.427608575174219 26.927212861293849 0 0 1 0 
1 34.427608575174219 28.78061003365579 0 -1 0 0 
1 33.593777437928217 28.78061003365579 0 0 -1 0 
1 34.489634905638518 27.547220627907581 0 1 0 0 
1 35.089634905638547 27.547220627907581 0 0 1 0 
1 35.089634905638547 28.14722062790759 0 -1 0 0 
1 34.489634905638518 28.14722062790759 0 0 -1 0 
1 30.86802982951782 26.927212861293849 0 1 0 0 
1 31.701860966763821 26.927212861293849 0 0 1 0 
1 31.701860966763821 28.78061003365579 0 -1 0 0 
1 30.86802982951782 28.78061003365579 0 0 -1 0 
1 31.76388729722812 27.547220627907581 0 1 0 0 
1 32.363887297228153 27.547220627907581 0 0 1 0 
1 32.363887297228153 28.14722062790759 0 -1 0 0 
1 31.76388729722812 28.14722062790759 0 0 -1 0 
1 28.14228222110745 26.927212861293849 0 1 0 0 
1 28.976113358353441 26.927212861293849 0 0 1 0 
1 28.976113358353441 28.78061003365579 0 -1 0 0 
1 28.14228222110745 28.78061003365579 0 0 -1 0 
1 29.038139688817751 27.547220627907581 0 1 0 0 
1 29.638139688817759 27.547220627907581 0 0 1 0 
1 29.638139688817759 28.14722062790759 0 -1 0 0 
1 29.038139688817751 28.14722062790759 0 0 -1 0 
1 25.40520094280761 26.927212861293849 0 1 0 0 
1 26.239032080053601 26.927212861293849 0 0 1 0 
1 26.239032080053601 28.78061003365579 0 -1 0 0 
1 25.40520094280761 28.78061003365579 0 0 -1 0 
1 26.301058410517911 27.547220627907581 0 1 0 0 
1 26.901058410517919 27.547220627907581 0 0 1 0 
1 26.901058410517919 28.14722062790759 0 -1 0 0 
1 26.301058410517911 28.14722062790759 0 0 -1 0 
1 22.668119664507781 26.927212861293849 0 1 0 0 
1 23.501950801753779 26.927212861293849 0 0 1 0 
1 23.501950801753779 28.78061003365579 0 -1 0 0 
1 22.668119664507781 28.78061003365579 0 0 -1 0 
1 23.563977132218081 27.547220627907581 0 1 0 0 
1 24.16397713221809 27.547220627907581 0 0 1 0 
1 24.16397713221809 28.14722062790759 0 -1 0 0 
1 23.563977132218081 28.14722062790759 0 0 -1 0 
1 19.936705221152678 26.927212861293849 0 1 0 0 
1 20.770536358398669 26.927212861293849 0 0 1 0 
1 20.770536358398669 28.78061003365579 0 -1 0 0 
1 19.936705221152678 28.78061003365579 0 0 -1 0 
1 20.832562688862978 27.547220627907581 0 1 0 0 
1 21.432562688862991 27.547220627907581 0 0 1 0 
1 21.432562688862991 28.14722062790759 0 -1 0 0 
1 20.832562688862978 28.14722062790759 0 0 -1 0 
1 18.083788897578771 27.547220627907581 0 1 0 0 
1 18.683788897578779 27.547220627907581 0 0 1 0 
1 18.683788897578779 28.14722062790759 0 -1 0 0 
1 18.083788897578771 28.14722062790759 0 0 -1 0 
1 17.18793142986847 26.927212861293849 0 1 0 0 
1 18.021762567114461 26.927212861293849 0 0 1 0 
1 18.021762567114461 28.78061003365579 0 -1 0 0 
1 17.18793142986847 28.78061003365579 0 0 -1 0 
1 15.33501510629455 27.547220627907581 0 1 0 0 
1 15.935015106294561 27.547220627907581 0 0 1 0 
1 15.935015106294561 28.14722062790759 0 -1 0 0 
1 15.33501510629455 28.14722062790759 0 0 -1 0 
1 14.43915763858425 26.927212861293849 0 1 0 0 
1 15.272988775830241 26.927212861293849 0 0 1 0 
1 15.272988775830241 28.78061003365579 0 -1 0 0 
1 14.43915763858425 28.78061003365579 0 0 -1 0 
1 12.49327263181711 27.547220627907581 0 1 0 0 
1 13.09327263181711 27.547220627907581 0 0 1 0 
1 13.09327263181711 28.14722062790759 0 -1 0 0 
1 12.49327263181711 28.14722062790759 0 0 -1 0 
1 11.59741516410681 26.927212861293849 0 1 0 0 
1 12.4312463013528 26.927212861293849 0 0 1 0 
1 12.4312463013528 28.78061003365579 0 -1 0 0 
1 11.59741516410681 28.78061003365579 0 0 -1 0 
1 9.6515301573396499 27.547220627907581 0 1 0 0 
1 10.25153015733966 27.547220627907581 0 0 1 0 
1 10.25153015733966 28.14722062790759 0 -1 0 0 
1 9.6515301573396499 28.14722062790759 0 0 -1 0 
1 8.7556726896293497 26.927212861293849 0 1 0 0 
1 9.5895038268753439 26.927212861293849 0 0 1 0 
1 9.5895038268753439 28.78061003365579 0 -1 0 0 
1 8.7556726896293497 28.78061003365579 0 0 -1 0 
1 40.9942796538827 26.106540567235061 0 1 0 0 
1 41.592341317001711 26.106540567235061 0 0 1 0 
1 41.592341317001711 26.70847266233163 0 -1 0 0 
1 40.9942796538827 26.70847266233163 0 0 -1 0 
1 41.188747798307702 22.837756185208999 0 1 0 0 
1 41.605663366930678 22.837756185208999 0 0 1 0 
1 41.605663366930678 23.938229350508731 0 -1 0 0 
1 41.188747798307702 23.938229350508731 0 0 -1 0 
1 40.996214869871487 25.3429478768421 0 1 0 0 
1 41.594276532990477 25.3429478768421 0 0 1 0 
1 41.594276532990477 25.944879971938679 0 -1 0 0 
1 40.996214869871487 25.944879971938679 0 0 -1 0 
1 40.989389766616739 24.590473567082071 0 1 0 0 
1 41.587451429735722 24.590473567082071 0 0 1 0 
1 41.587451429735722 25.19240566217864 0 -1 0 0 
1 40.989389766616739 25.19240566217864 0 0 -1 0 
1 38.251531540638148 26.106540567235061 0 1 0 0 
1 38.849593203757173 26.106540567235061 0 0 1 0 
1 38.849593203757173 26.70847266233163 0 -1 0 0 
1 38.251531540638148 26.70847266233163 0 0 -1 0 
1 38.445999685063157 22.837756185208999 0 1 0 0 
1 38.86291525368614 22.837756185208999 0 0 1 0 
1 38.86291525368614 23.938229350508731 0 -1 0 0 
1 38.445999685063157 23.938229350508731 0 0 -1 0 
1 38.253466756626949 25.3429478768421 0 1 0 0 
1 38.851528419745932 25.3429478768421 0 0 1 0 
1 38.851528419745932 25.944879971938679 0 -1 0 0 
1 38.253466756626949 25.944879971938679 0 0 -1 0 
1 38.246641653372187 24.590473567082071 0 1 0 0 
1 38.844703316491177 24.590473567082071 0 0 1 0 
1 38.844703316491177 25.19240566217864 0 -1 0 0 
1 38.246641653372187 25.19240566217864 0 0 -1 0 
1 35.508783427393581 26.106540567235061 0 1 0 0 
1 36.106845090512593 26.106540567235061 0 0 1 0 
1 36.106845090512593 26.70847266233163 0 -1 0 0 
1 35.508783427393581 26.70847266233163 0 0 -1 0 
1 35.703251571818583 22.837756185208999 0 1 0 0 
1 36.120167140441573 22.837756185208999 0 0 1 0 
1 36.120167140441573 23.938229350508731 0 -1 0 0 
1 35.703251571818583 23.938229350508731 0 0 -1 0 
1 35.510718643382383 25.3429478768421 0 1 0 0 
1 36.108780306501387 25.3429478768421 0 0 1 0 
1 36.108780306501387 25.944879971938679 0 -1 0 0 
1 35.510718643382383 25.944879971938679 0 0 -1 0 
1 35.503893540127621 24.590473567082071 0 1 0 0 
1 36.101955203246597 24.590473567082071 0 0 1 0 
1 36.101955203246597 25.19240566217864 0 -1 0 0 
1 35.503893540127621 25.19240566217864 0 0 -1 0 
1 32.783035818983187 26.106540567235061 0 1 0 0 
1 33.381097482102213 26.106540567235061 0 0 1 0 
1 33.381097482102213 26.70847266233163 0 -1 0 0 
1 32.783035818983187 26.70847266233163 0 0 -1 0 
1 32.977503963408203 22.837756185208999 0 1 0 0 
1 33.394419532031179 22.837756185208999 0 0 1 0 
1 33.394419532031179 23.938229350508731 0 -1 0 0 
1 32.977503963408203 23.938229350508731 0 0 -1 0 
1 32.784971034971989 25.3429478768421 0 1 0 0 
1 33.383032698090972 25.3429478768421 0 0 1 0 
1 33.383032698090972 25.944879971938679 0 -1 0 0 
1 32.784971034971989 25.944879971938679 0 0 -1 0 
1 32.778145931717233 24.590473567082071 0 1 0 0 
1 33.376207594836217 24.590473567082071 0 0 1 0 
1 33.376207594836217 25.19240566217864 0 -1 0 0 
1 32.778145931717233 25.19240566217864 0 0 -1 0 
1 30.057288210572811 26.106540567235061 0 1 0 0 
1 30.655349873691819 26.106540567235061 0 0 1 0 
1 30.655349873691819 26.70847266233163 0 -1 0 0 
1 30.057288210572811 26.70847266233163 0 0 -1 0 
1 30.251756354997809 22.837756185208999 0 1 0 0 
1 30.668671923620789 22.837756185208999 0 0 1 0 
1 30.668671923620789 23.938229350508731 0 -1 0 0 
1 30.251756354997809 23.938229350508731 0 0 -1 0 
1 30.059223426561601 25.3429478768421 0 1 0 0 
1 30.657285089680599 25.3429478768421 0 0 1 0 
1 30.657285089680599 25.944879971938679 0 -1 0 0 
1 30.059223426561601 25.944879971938679 0 0 -1 0 
1 30.05239832330685 24.590473567082071 0 1 0 0 
1 30.65045998642583 24.590473567082071 0 0 1 0 
1 30.65045998642583 25.19240566217864 0 -1 0 0 
1 30.05239832330685 25.19240566217864 0 0 -1 0 
1 27.320206932272971 26.106540567235061 0 1 0 0 
1 27.918268595391979 26.106540567235061 0 0 1 0 
1 27.918268595391979 26.70847266233163 0 -1 0 0 
1 27.320206932272971 26.70847266233163 0 0 -1 0 
1 27.514675076697969 22.837756185208999 0 1 0 0 
1 27.931590645320949 22.837756185208999 0 0 1 0 
1 27.931590645320949 23.938229350508731 0 -1 0 0 
1 27.514675076697969 23.938229350508731 0 0 -1 0 
1 27.322142148261761 25.3429478768421 0 1 0 0 
1 27.920203811380759 25.3429478768421 0 0 1 0 
1 27.920203811380759 25.944879971938679 0 -1 0 0 
1 27.322142148261761 25.944879971938679 0 0 -1 0 
1 27.31531704500701 24.590473567082071 0 1 0 0 
1 27.91337870812599 24.590473567082071 0 0 1 0 
1 27.91337870812599 25.19240566217864 0 -1 0 0 
1 27.31531704500701 25.19240566217864 0 0 -1 0 
1 24.583125653973141 26.106540567235061 0 1 0 0 
1 25.181187317092149 26.106540567235061 0 0 1 0 
1 25.181187317092149 26.70847266233163 0 -1 0 0 
1 24.583125653973141 26.70847266233163 0 0 -1 0 
1 24.77759379839814 22.837756185208999 0 1 0 0 
1 25.19450936702113 22.837756185208999 0 0 1 0 
1 25.19450936702113 23.938229350508731 0 -1 0 0 
1 24.77759379839814 23.938229350508731 0 0 -1 0 
1 24.585060869961939 25.3429478768421 0 1 0 0 
1 25.18312253308093 25.3429478768421 0 0 1 0 
1 25.18312253308093 25.944879971938679 0 -1 0 0 
1 24.585060869961939 25.944879971938679 0 0 -1 0 
1 24.578235766707181 24.590473567082071 0 1 0 0 
1 25.17629742982616 24.590473567082071 0 0 1 0 
1 25.17629742982616 25.19240566217864 0 -1 0 0 
1 24.578235766707181 25.19240566217864 0 0 -1 0 
1 21.851711210618031 26.106540567235061 0 1 0 0 
1 22.44977287373705 26.106540567235061 0 0 1 0 
1 22.44977287373705 26.70847266233163 0 -1 0 0 
1 21.851711210618031 26.70847266233163 0 0 -1 0 
1 22.046179355043041 22.837756185208999 0 1 0 0 
1 22.46309492366602 22.837756185208999 0 0 1 0 
1 22.46309492366602 23.938229350508731 0 -1 0 0 
1 22.046179355043041 23.938229350508731 0 0 -1 0 
1 21.853646426606829 25.3429478768421 0 1 0 0 
1 22.45170808972583 25.3429478768421 0 0 1 0 
1 22.45170808972583 25.944879971938679 0 -1 0 0 
1 21.853646426606829 25.944879971938679 0 0 -1 0 
1 21.846821323352071 24.590473567082071 0 1 0 0 
1 22.444882986471061 24.590473567082071 0 0 1 0 
1 22.444882986471061 25.19240566217864 0 -1 0 0 
1 21.846821323352071 25.19240566217864 0 0 -1 0 
1 19.32496375714668 22.82948872719264 0 1 0 0 
1 19.741879325769659 22.82948872719264 0 0 1 0 
1 19.741879325769659 23.929961892492368 0 -1 0 0 
1 19.32496375714668 23.929961892492368 0 0 -1 0 
1 19.09804753206787 24.590473567082071 0 1 0 0 
1 19.69610919518685 24.590473567082071 0 0 1 0 
1 19.69610919518685 25.19240566217864 0 -1 0 0 
1 19.09804753206787 25.19240566217864 0 0 -1 0 
1 19.104872635322621 25.3429478768421 0 1 0 0 
1 19.702934298441619 25.3429478768421 0 0 1 0 
1 19.702934298441619 25.944879971938679 0 -1 0 0 
1 19.104872635322621 25.944879971938679 0 0 -1 0 
1 19.102937419333831 26.106540567235061 0 1 0 0 
1 19.700999082452839 26.106540567235061 0 0 1 0 
1 19.700999082452839 26.70847266233163 0 -1 0 0 
1 19.102937419333831 26.70847266233163 0 0 -1 0 
1 16.576189965862451 22.82948872719264 0 1 0 0 
1 16.993105534485441 22.82948872719264 0 0 1 0 
1 16.993105534485441 23.929961892492368 0 -1 0 0 
1 16.576189965862451 23.929961892492368 0 0 -1 0 
1 16.349273740783641 24.590473567082071 0 1 0 0 
1 16.947335403902631 24.590473567082071 0 0 1 0 
1 16.947335403902631 25.19240566217864 0 -1 0 0 
1 16.349273740783641 25.19240566217864 0 0 -1 0 
1 16.356098844038399 25.3429478768421 0 1 0 0 
1 16.9541605071574 25.3429478768421 0 0 1 0 
1 16.9541605071574 25.944879971938679 0 -1 0 0 
1 16.356098844038399 25.944879971938679 0 0 -1 0 
1 16.354163628049601 26.106540567235061 0 1 0 0 
1 16.95222529116862 26.106540567235061 0 0 1 0 
1 16.95222529116862 26.70847266233163 0 -1 0 0 
1 16.354163628049601 26.70847266233163 0 0 -1 0 
1 13.83284272071975 22.833009008157489 0 1 0 0 
1 14.24975828934274 22.833009008157489 0 0 1 0 
1 14.24975828934274 23.933482173457222 0 -1 0 0 
1 13.83284272071975 23.933482173457222 0 0 -1 0 
1 13.60592649564094 24.593993848046921 0 1 0 0 
1 14.20398815875993 24.593993848046921 0 0 1 0 
1 14.20398815875993 25.195925943143489 0 -1 0 0 
1 13.60592649564094 25.195925943143489 0 0 -1 0 
1 13.6127515988957 25.34646815780695 0 1 0 0 
1 14.2108132620147 25.34646815780695 0 0 1 0 
1 14.2108132620147 25.948400252903529 0 -1 0 0 
1 13.6127515988957 25.948400252903529 0 0 -1 0 
1 13.610816382906901 26.110060848199911 0 1 0 0 
1 14.208878046025919 26.110060848199911 0 0 1 0 
1 14.208878046025919 26.71199294329648 0 -1 0 0 
1 13.610816382906901 26.71199294329648 0 0 -1 0 
1 10.991100246242301 22.833009008157489 0 1 0 0 
1 11.40801581486528 22.833009008157489 0 0 1 0 
1 11.40801581486528 23.933482173457222 0 -1 0 0 
1 10.991100246242301 23.933482173457222 0 0 -1 0 
1 10.764184021163491 24.593993848046921 0 1 0 0 
1 11.36224568428247 24.593993848046921 0 0 1 0 
1 11.36224568428247 25.195925943143489 0 -1 0 0 
1 10.764184021163491 25.195925943143489 0 0 -1 0 
1 10.77100912441824 25.34646815780695 0 1 0 0 
1 11.36907078753724 25.34646815780695 0 0 1 0 
1 11.36907078753724 25.948400252903529 0 -1 0 0 
1 10.77100912441824 25.948400252903529 0 0 -1 0 
1 10.76907390842945 26.110060848199911 0 1 0 0 
1 11.367135571548459 26.110060848199911 0 0 1 0 
1 11.367135571548459 26.71199294329648 0 -1 0 0 
1 10.76907390842945 26.71199294329648 0 0 -1 0 
1 3.0630569934749161 28.34700502741914 0 1 0 0 
1 5.9025030286816644 28.34700502741914 0 0 1 0 
1 5.9025030286816644 28.763920596042141 0 -1 0 0 
1 3.0630569934749161 28.763920596042141 0 0 -1 0 
1 3.2700366667686041 25.949483420296289 0 1 0 0 
1 3.8719687618651761 25.949483420296289 0 0 1 0 
1 3.8719687618651761 26.547545083415269 0 -1 0 0 
1 3.2700366667686041 26.547545083415269 0 0 -1 0 
1 2.5175623570085719 25.956308523551041 0 1 0 0 
1 3.119494452105144 25.956308523551041 0 0 1 0 
1 3.119494452105144 26.554370186670042 0 -1 0 0 
1 2.5175623570085719 26.554370186670042 0 0 -1 0 
1 0.98149723796602473 26.83062185937229 0 1 0 0 
1 1.581497237966019 26.83062185937229 0 0 1 0 
1 1.581497237966019 27.430621859372291 0 -1 0 0 
1 0.98149723796602473 27.430621859372291 0 0 -1 0 
1 0.3481078322178206 25.934764391661972 0 1 0 0 
1 2.2015050045797722 25.934764391661972 0 0 1 0 
1 2.2015050045797722 26.768595528907969 0 -1 0 0 
1 0.3481078322178206 26.768595528907969 0 0 -1 0 
1 3.26978931585559 22.87866847179329 0 1 0 0 
1 3.871721410952162 22.87866847179329 0 0 1 0 
1 3.871721410952162 23.47673013491227 0 -1 0 0 
1 3.26978931585559 23.47673013491227 0 0 -1 0 
1 2.5173150060955578 22.885493575048049 0 1 0 0 
1 3.1192471011921299 22.885493575048049 0 0 1 0 
1 3.1192471011921299 23.483555238167039 0 -1 0 0 
1 2.5173150060955578 23.483555238167039 0 0 -1 0 
1 3.0536293699514521 24.92733971971909 0 1 0 0 
1 5.8930754051581999 24.92733971971909 0 0 1 0 
1 5.8930754051581999 25.34425528834208 0 -1 0 0 
1 3.0536293699514521 25.34425528834208 0 0 -1 0 
1 0.98124988705301064 23.75980691086929 0 1 0 0 
1 1.581249887053005 23.75980691086929 0 0 1 0 
1 1.581249887053005 24.359806910869299 0 -1 0 0 
1 0.98124988705301064 24.359806910869299 0 0 -1 0 
1 0.34786048130480651 22.863949443158969 0 1 0 0 
1 2.2012576536667581 22.863949443158969 0 0 1 0 
1 2.2012576536667581 23.69778058040497 0 -1 0 0 
1 0.34786048130480651 23.69778058040497 0 0 -1 0 
1 3.269688079885412 20.131899553339949 0 1 0 0 
1 3.871620174981985 20.131899553339949 0 0 1 0 
1 3.871620174981985 20.729961216458928 0 -1 0 0 
1 3.269688079885412 20.729961216458928 0 0 -1 0 
1 2.5172137701253798 20.1387246565947 0 1 0 0 
1 3.1191458652219519 20.1387246565947 0 0 1 0 
1 3.1191458652219519 20.736786319713701 0 -1 0 0 
1 2.5172137701253798 20.736786319713701 0 0 -1 0 
1 3.0535281339812741 22.180570801265741 0 1 0 0 
1 5.8929741691880224 22.180570801265741 0 0 1 0 
1 5.8929741691880224 22.597486369888738 0 -1 0 0 
1 3.0535281339812741 22.597486369888738 0 0 -1 0 
1 0.98114865108283311 21.013037992415949 0 1 0 0 
1 1.581148651082827 21.013037992415949 0 0 1 0 
1 1.581148651082827 21.613037992415951 0 -1 0 0 
1 0.98114865108283311 21.613037992415951 0 0 -1 0 
1 0.34775924533462899 20.117180524705631 0 1 0 0 
1 2.201156417696581 20.117180524705631 0 0 1 0 
1 2.201156417696581 20.951011661951629 0 -1 0 0 
1 0.34775924533462899 20.951011661951629 0 0 -1 0 
1 3.2693394930022208 17.38513063488659 0 1 0 0 
1 3.8712715880987929 17.38513063488659 0 0 1 0 
1 3.8712715880987929 17.98319229800558 0 -1 0 0 
1 3.2693394930022208 17.98319229800558 0 0 -1 0 
1 2.5168651832421891 17.391955738141348 0 1 0 0 
1 3.1187972783387612 17.391955738141348 0 0 1 0 
1 3.1187972783387612 17.990017401260349 0 -1 0 0 
1 2.5168651832421891 17.990017401260349 0 0 -1 0 
1 3.053179547098082 19.433801882812389 0 1 0 0 
1 5.8926255823048308 19.433801882812389 0 0 1 0 
1 5.8926255823048308 19.85071745143539 0 -1 0 0 
1 3.053179547098082 19.85071745143539 0 0 -1 0 
1 0.9808000641996415 18.26626907396259 0 1 0 0 
1 1.580800064199636 18.26626907396259 0 0 1 0 
1 1.580800064199636 18.866269073962599 0 -1 0 0 
1 0.9808000641996415 18.866269073962599 0 0 -1 0 
1 0.34741065845143743 17.370411606252279 0 1 0 0 
1 2.2008078308133889 17.370411606252279 0 0 1 0 
1 2.2008078308133889 18.20424274349827 0 -1 0 0 
1 0.34741065845143743 18.20424274349827 0 0 -1 0 
1 3.2693523690542752 14.65858966958395 0 1 0 0 
1 3.8712844641508468 14.65858966958395 0 0 1 0 
1 3.8712844641508468 15.25665133270293 0 -1 0 0 
1 3.2693523690542752 15.25665133270293 0 0 -1 0 
1 2.516878059294243 14.6654147728387 0 1 0 0 
1 3.1188101543908151 14.6654147728387 0 0 1 0 
1 3.1188101543908151 15.263476435957701 0 -1 0 0 
1 2.516878059294243 15.263476435957701 0 0 -1 0 
1 3.0531924231501359 16.707260917509739 0 1 0 0 
1 5.8926384583568847 16.707260917509739 0 0 1 0 
1 5.8926384583568847 17.12417648613274 0 -1 0 0 
1 3.0531924231501359 17.12417648613274 0 0 -1 0 
1 0.98081294025169541 15.53972810865994 0 1 0 0 
1 1.5808129402516899 15.53972810865994 0 0 1 0 
1 1.5808129402516899 16.139728108659948 0 -1 0 0 
1 0.98081294025169541 16.139728108659948 0 0 -1 0 
1 0.34742353450349128 14.643870640949631 0 1 0 0 
1 2.2008207068654428 14.643870640949631 0 0 1 0 
1 2.2008207068654428 15.47770177819562 0 -1 0 0 
1 0.34742353450349128 15.47770177819562 0 0 -1 0 
1 3.268892982766658 11.932048704281289 0 1 0 0 
1 3.87082507786323 11.932048704281289 0 0 1 0 
1 3.87082507786323 12.530110367400271 0 -1 0 0 
1 3.268892982766658 12.530110367400271 0 0 -1 0 
1 2.5164186730066258 11.938873807536041 0 1 0 0 
1 3.1183507681031979 11.938873807536041 0 0 1 0 
1 3.1183507681031979 12.53693547065504 0 -1 0 0 
1 2.5164186730066258 12.53693547065504 0 0 -1 0 
1 3.0527330368625201 13.98071995220708 0 1 0 0 
1 5.8921790720692684 13.98071995220708 0 0 1 0 
1 5.8921790720692684 14.397635520830081 0 -1 0 0 
1 3.0527330368625201 14.397635520830081 0 0 -1 0 
1 0.98035355396407908 12.813187143357281 0 1 0 0 
1 1.580353553964073 12.813187143357281 0 0 1 0 
1 1.580353553964073 13.413187143357289 0 -1 0 0 
1 0.98035355396407908 13.413187143357289 0 0 -1 0 
1 0.34696414821587501 11.91732967564697 0 1 0 0 
1 2.200361320577827 11.91732967564697 0 0 1 0 
1 2.200361320577827 12.751160812892961 0 -1 0 0 
1 0.34696414821587501 12.751160812892961 0 0 -1 0 
1 3.203630544467416 3.65977003658351 0 1 0 0 
1 3.8036305444674099 3.65977003658351 0 0 1 0 
1 3.8036305444674099 4.259770036583518 0 -1 0 0 
1 3.203630544467416 4.259770036583518 0 0 -1 0 
1 3.2010377643292709 2.8871215554183749 0 1 0 0 
1 3.8010377643292661 2.8871215554183749 0 0 1 0 
1 3.8010377643292661 3.4871215554183692 0 -1 0 0 
1 3.2010377643292709 3.4871215554183692 0 0 -1 0 
1 3.1802955232241739 2.096323613286259 0 1 0 0 
1 3.7802955232241691 2.096323613286259 0 0 1 0 
1 3.7802955232241691 2.6963236132862529 0 -1 0 0 
1 3.1802955232241739 2.6963236132862529 0 0 -1 0 
1 3.172517182809742 1.3003401108778549 0 1 0 0 
1 3.7725171828097501 1.3003401108778549 0 0 1 0 
1 3.7725171828097501 1.900340110877863 0 -1 0 0 
1 3.172517182809742 1.900340110877863 0 0 -1 0 
1 5.0678394637886868 1.287376210187176 0 1 0 0 
1 5.6678394637886811 1.287376210187176 0 0 1 0 
1 5.6678394637886811 1.8873762101871701 0 -1 0 0 
1 5.0678394637886868 1.8873762101871701 0 0 -1 0 
1 5.0730250240649752 2.0729885920430182 0 1 0 0 
1 5.6730250240649696 2.0729885920430182 0 0 1 0 
1 5.6730250240649696 2.6729885920430121 0 -1 0 0 
1 5.0730250240649752 2.6729885920430121 0 0 -1 0 
1 5.0678394637886868 2.900085456109053 0 1 0 0 
1 5.6678394637886811 2.900085456109053 0 0 1 0 
1 5.6678394637886811 3.500085456109062 0 -1 0 0 
1 5.0678394637886868 3.500085456109062 0 0 -1 0 
1 5.0522827829598498 3.620878334511445 0 1 0 0 
1 5.6522827829598734 3.620878334511445 0 0 1 0 
1 5.6522827829598734 4.220878334511454 0 -1 0 0 
1 5.0522827829598498 4.220878334511454 0 0 -1 0 
1 3.8842578162764312 1.15318008243834 0 1 0 0 
1 4.9476638799771422 1.15318008243834 0 0 1 0 
1 4.9476638799771422 4.3014217183943373 0 -1 0 0 
1 3.8842578162764312 4.3014217183943373 0 0 -1 0 
1 7.090208850646647 2.824680662613233 0 1 0 0 
1 7.6902088506466413 2.824680662613233 0 0 1 0 
1 7.6902088506466413 3.4246806626132269 0 -1 0 0 
1 7.090208850646647 3.4246806626132269 0 0 -1 0 
1 7.090208850646647 0.97128349025128102 0 1 0 0 
1 7.6902088506466413 0.97128349025128102 0 0 1 0 
1 7.6902088506466413 1.57128349025129 0 -1 0 0 
1 7.090208850646647 1.57128349025129 0 0 -1 0 
1 10.004070114054191 0.97128349025128102 0 1 0 0 
1 10.60407011405418 0.97128349025128102 0 0 1 0 
1 10.60407011405418 1.57128349025129 0 -1 0 0 
1 10.004070114054191 1.57128349025129 0 0 -1 0 
1 10.004070114054191 2.824680662613233 0 1 0 0 
1 10.60407011405418 2.824680662613233 0 0 1 0 
1 10.60407011405418 3.4246806626132269 0 -1 0 0 
1 10.004070114054191 3.4246806626132269 0 0 -1 0 
1 10.004070114054191 4.6780778349751699 0 1 0 0 
1 10.60407011405418 4.6780778349751699 0 0 1 0 
1 10.60407011405418 5.2780778349751776 0 -1 0 0 
1 10.004070114054191 5.2780778349751776 0 0 -1 0 
1 6.2063313093919703 0.35420334735201209 0 1 0 0 
1 7.0401624466379644 0.35420334735201209 0 0 1 0 
1 7.0401624466379644 2.207600519713949 0 -1 0 0 
1 6.2063313093919703 2.207600519713949 0 0 -1 0 
1 6.2066186060167468 2.2326068261655649 0 1 0 0 
1 7.0404497432627409 2.2326068261655649 0 0 1 0 
1 7.0404497432627409 4.0860039985275023 0 -1 0 0 
1 6.2066186060167468 4.0860039985275023 0 0 -1 0 
1 10.64275315384808 0.36157133821131993 0 1 0 0 
1 11.476584291094071 0.36157133821131993 0 0 1 0 
1 11.476584291094071 2.2149685105732568 0 -1 0 0 
1 10.64275315384808 2.2149685105732568 0 0 -1 0 
1 10.64126895454979 4.1155516231879261 0 1 0 0 
1 11.475100091795779 4.1155516231879261 0 0 1 0 
1 11.475100091795779 5.9689487955498626 0 -1 0 0 
1 10.64126895454979 5.9689487955498626 0 0 -1 0 
1 10.643040450472849 2.2399748170248732 0 1 0 0 
1 11.476871587718851 2.2399748170248732 0 0 1 0 
1 11.476871587718851 4.0933719893868101 0 -1 0 0 
1 10.643040450472849 4.0933719893868101 0 0 -1 0 
1 12.568401651828241 2.824680662613233 0 1 0 0 
1 13.16840165182823 2.824680662613233 0 0 1 0 
1 13.16840165182823 3.4246806626132269 0 -1 0 0 
1 12.568401651828241 3.4246806626132269 0 0 -1 0 
1 12.568401651828241 0.97128349025128102 0 1 0 0 
1 13.16840165182823 0.97128349025128102 0 0 1 0 
1 13.16840165182823 1.57128349025129 0 -1 0 0 
1 12.568401651828241 1.57128349025129 0 0 -1 0 
1 15.482262915235779 0.97128349025128102 0 1 0 0 
1 16.08226291523577 0.97128349025128102 0 0 1 0 
1 16.08226291523577 1.57128349025129 0 -1 0 0 
1 15.482262915235779 1.57128349025129 0 0 -1 0 
1 15.482262915235779 2.824680662613233 0 1 0 0 
1 16.08226291523577 2.824680662613233 0 0 1 0 
1 16.08226291523577 3.4246806626132269 0 -1 0 0 
1 15.482262915235779 3.4246806626132269 0 0 -1 0 
1 15.482262915235779 4.6780778349751699 0 1 0 0 
1 16.08226291523577 4.6780778349751699 0 0 1 0 
1 16.08226291523577 5.2780778349751776 0 -1 0 0 
1 15.482262915235779 5.2780778349751776 0 0 -1 0 
1 11.684524110573561 0.35420334735201209 0 1 0 0 
1 12.51835524781956 0.35420334735201209 0 0 1 0 
1 12.51835524781956 2.207600519713949 0 -1 0 0 
1 11.684524110573561 2.207600519713949 0 0 -1 0 
1 11.684811407198341 2.2326068261655649 0 1 0 0 
1 12.518642544444329 2.2326068261655649 0 0 1 0 
1 12.518642544444329 4.0860039985275023 0 -1 0 0 
1 11.684811407198341 4.0860039985275023 0 0 -1 0 
1 16.120945955029669 0.36157133821131993 0 1 0 0 
1 16.954777092275659 0.36157133821131993 0 0 1 0 
1 16.954777092275659 2.2149685105732568 0 -1 0 0 
1 16.120945955029669 2.2149685105732568 0 0 -1 0 
1 16.119461755731379 4.1155516231879261 0 1 0 0 
1 16.95329289297737 4.1155516231879261 0 0 1 0 
1 16.95329289297737 5.9689487955498626 0 -1 0 0 
1 16.119461755731379 5.9689487955498626 0 0 -1 0 
1 16.121233251654441 2.2399748170248732 0 1 0 0 
1 16.955064388900439 2.2399748170248732 0 0 1 0 
1 16.955064388900439 4.0933719893868101 0 -1 0 0 
1 16.121233251654441 4.0933719893868101 0 0 -1 0 
1 18.049024400264869 2.824680662613233 0 1 0 0 
1 18.64902440026486 2.824680662613233 0 0 1 0 
1 18.64902440026486 3.4246806626132269 0 -1 0 0 
1 18.049024400264869 3.4246806626132269 0 0 -1 0 
1 18.049024400264869 0.97128349025128102 0 1 0 0 
1 18.64902440026486 0.97128349025128102 0 0 1 0 
1 18.64902440026486 1.57128349025129 0 -1 0 0 
1 18.049024400264869 1.57128349025129 0 0 -1 0 
1 20.962885663672409 0.97128349025128102 0 1 0 0 
1 21.5628856636724 0.97128349025128102 0 0 1 0 
1 21.5628856636724 1.57128349025129 0 -1 0 0 
1 20.962885663672409 1.57128349025129 0 0 -1 0 
1 20.962885663672409 2.824680662613233 0 1 0 0 
1 21.5628856636724 2.824680662613233 0 0 1 0 
1 21.5628856636724 3.4246806626132269 0 -1 0 0 
1 20.962885663672409 3.4246806626132269 0 0 -1 0 
1 20.962885663672409 4.6780778349751699 0 1 0 0 
1 21.5628856636724 4.6780778349751699 0 0 1 0 
1 21.5628856636724 5.2780778349751776 0 -1 0 0 
1 20.962885663672409 5.2780778349751776 0 0 -1 0 
1 17.165146859010211 0.35420334735201209 0 1 0 0 
1 17.998977996256201 0.35420334735201209 0 0 1 0 
1 17.998977996256201 2.207600519713949 0 -1 0 0 
1 17.165146859010211 2.207600519713949 0 0 -1 0 
1 17.165434155634969 2.2326068261655649 0 1 0 0 
1 17.99926529288096 2.2326068261655649 0 0 1 0 
1 17.99926529288096 4.0860039985275023 0 -1 0 0 
1 17.165434155634969 4.0860039985275023 0 0 -1 0 
1 21.60156870346631 0.36157133821131993 0 1 0 0 
1 22.435399840712311 0.36157133821131993 0 0 1 0 
1 22.435399840712311 2.2149685105732568 0 -1 0 0 
1 21.60156870346631 2.2149685105732568 0 0 -1 0 
1 21.600084504167999 4.1155516231879261 0 1 0 0 
1 22.433915641413989 4.1155516231879261 0 0 1 0 
1 22.433915641413989 5.9689487955498626 0 -1 0 0 
1 21.600084504167999 5.9689487955498626 0 0 -1 0 
1 21.601856000091079 2.2399748170248732 0 1 0 0 
1 22.435687137337069 2.2399748170248732 0 0 1 0 
1 22.435687137337069 4.0933719893868101 0 -1 0 0 
1 21.601856000091079 4.0933719893868101 0 0 -1 0 
1 23.51128660348061 2.824680662613233 0 1 0 0 
1 24.111286603480611 2.824680662613233 0 0 1 0 
1 24.111286603480611 3.4246806626132269 0 -1 0 0 
1 23.51128660348061 3.4246806626132269 0 0 -1 0 
1 23.51128660348061 0.97128349025128102 0 1 0 0 
1 24.111286603480611 0.97128349025128102 0 0 1 0 
1 24.111286603480611 1.57128349025129 0 -1 0 0 
1 23.51128660348061 1.57128349025129 0 0 -1 0 
1 26.42514786688815 0.97128349025128102 0 1 0 0 
1 27.025147866888151 0.97128349025128102 0 0 1 0 
1 27.025147866888151 1.57128349025129 0 -1 0 0 
1 26.42514786688815 1.57128349025129 0 0 -1 0 
1 26.42514786688815 2.824680662613233 0 1 0 0 
1 27.025147866888151 2.824680662613233 0 0 1 0 
1 27.025147866888151 3.4246806626132269 0 -1 0 0 
1 26.42514786688815 3.4246806626132269 0 0 -1 0 
1 26.42514786688815 4.6780778349751699 0 1 0 0 
1 27.025147866888151 4.6780778349751699 0 0 1 0 
1 27.025147866888151 5.2780778349751776 0 -1 0 0 
1 26.42514786688815 5.2780778349751776 0 0 -1 0 
1 22.627409062225951 0.35420334735201209 0 1 0 0 
1 23.461240199471941 0.35420334735201209 0 0 1 0 
1 23.461240199471941 2.207600519713949 0 -1 0 0 
1 22.627409062225951 2.207600519713949 0 0 -1 0 
1 22.627696358850709 2.2326068261655649 0 1 0 0 
1 23.461527496096711 2.2326068261655649 0 0 1 0 
1 23.461527496096711 4.0860039985275023 0 -1 0 0 
1 22.627696358850709 4.0860039985275023 0 0 -1 0 
1 27.06383090668206 0.36157133821131993 0 1 0 0 
1 27.897662043928051 0.36157133821131993 0 0 1 0 
1 27.897662043928051 2.2149685105732568 0 -1 0 0 
1 27.06383090668206 2.2149685105732568 0 0 -1 0 
1 27.062346707383739 4.1155516231879261 0 1 0 0 
1 27.896177844629729 4.1155516231879261 0 0 1 0 
1 27.896177844629729 5.9689487955498626 0 -1 0 0 
1 27.062346707383739 5.9689487955498626 0 0 -1 0 
1 27.064118203306819 2.2399748170248732 0 1 0 0 
1 27.89794934055281 2.2399748170248732 0 0 1 0 
1 27.89794934055281 4.0933719893868101 0 -1 0 0 
1 27.064118203306819 4.0933719893868101 0 0 -1 0 
1 29.00108962452768 2.824680662613233 0 1 0 0 
1 29.60108962452767 2.824680662613233 0 0 1 0 
1 29.60108962452767 3.4246806626132269 0 -1 0 0 
1 29.00108962452768 3.4246806626132269 0 0 -1 0 
1 29.00108962452768 0.97128349025128102 0 1 0 0 
1 29.60108962452767 0.97128349025128102 0 0 1 0 
1 29.60108962452767 1.57128349025129 0 -1 0 0 
1 29.00108962452768 1.57128349025129 0 0 -1 0 
1 31.91495088793522 0.97128349025128102 0 1 0 0 
1 32.514950887935207 0.97128349025128102 0 0 1 0 
1 32.514950887935207 1.57128349025129 0 -1 0 0 
1 31.91495088793522 1.57128349025129 0 0 -1 0 
1 31.91495088793522 2.824680662613233 0 1 0 0 
1 32.514950887935207 2.824680662613233 0 0 1 0 
1 32.514950887935207 3.4246806626132269 0 -1 0 0 
1 31.91495088793522 3.4246806626132269 0 0 -1 0 
1 31.91495088793522 4.6780778349751699 0 1 0 0 
1 32.514950887935207 4.6780778349751699 0 0 1 0 
1 32.514950887935207 5.2780778349751776 0 -1 0 0 
1 31.91495088793522 5.2780778349751776 0 0 -1 0 
1 28.117212083273021 0.35420334735201209 0 1 0 0 
1 28.951043220519011 0.35420334735201209 0 0 1 0 
1 28.951043220519011 2.207600519713949 0 -1 0 0 
1 28.117212083273021 2.207600519713949 0 0 -1 0 
1 28.117499379897779 2.2326068261655649 0 1 0 0 
1 28.95133051714377 2.2326068261655649 0 0 1 0 
1 28.95133051714377 4.0860039985275023 0 -1 0 0 
1 28.117499379897779 4.0860039985275023 0 0 -1 0 
1 32.553633927729123 0.36157133821131993 0 1 0 0 
1 33.387465064975117 0.36157133821131993 0 0 1 0 
1 33.387465064975117 2.2149685105732568 0 -1 0 0 
1 32.553633927729123 2.2149685105732568 0 0 -1 0 
1 32.552149728430813 4.1155516231879261 0 1 0 0 
1 33.3859808656768 4.1155516231879261 0 0 1 0 
1 33.3859808656768 5.9689487955498626 0 -1 0 0 
1 32.552149728430813 5.9689487955498626 0 0 -1 0 
1 32.553921224353893 2.2399748170248732 0 1 0 0 
1 33.38775236159988 2.2399748170248732 0 0 1 0 
1 33.38775236159988 4.0933719893868101 0 -1 0 0 
1 32.553921224353893 4.0933719893868101 0 0 -1 0 
1 34.472532100353867 2.824680662613233 0 1 0 0 
1 35.072532100353868 2.824680662613233 0 0 1 0 
1 35.072532100353868 3.4246806626132269 0 -1 0 0 
1 34.472532100353867 3.4246806626132269 0 0 -1 0 
1 34.472532100353867 0.97128349025128102 0 1 0 0 
1 35.072532100353868 0.97128349025128102 0 0 1 0 
1 35.072532100353868 1.57128349025129 0 -1 0 0 
1 34.472532100353867 1.57128349025129 0 0 -1 0 
1 37.386393363761407 0.97128349025128102 0 1 0 0 
1 37.986393363761408 0.97128349025128102 0 0 1 0 
1 37.986393363761408 1.57128349025129 0 -1 0 0 
1 37.386393363761407 1.57128349025129 0 0 -1 0 
1 37.386393363761407 2.824680662613233 0 1 0 0 
1 37.986393363761408 2.824680662613233 0 0 1 0 
1 37.986393363761408 3.4246806626132269 0 -1 0 0 
1 37.386393363761407 3.4246806626132269 0 0 -1 0 
1 37.386393363761407 4.6780778349751699 0 1 0 0 
1 37.986393363761408 4.6780778349751699 0 0 1 0 
1 37.986393363761408 5.2780778349751776 0 -1 0 0 
1 37.386393363761407 5.2780778349751776 0 0 -1 0 
1 33.588654559099211 0.35420334735201209 0 1 0 0 
1 34.422485696345213 0.35420334735201209 0 0 1 0 
1 34.422485696345213 2.207600519713949 0 -1 0 0 
1 33.588654559099211 2.207600519713949 0 0 -1 0 
1 33.588941855723988 2.2326068261655649 0 1 0 0 
1 34.422772992969982 2.2326068261655649 0 0 1 0 
1 34.422772992969982 4.0860039985275023 0 -1 0 0 
1 33.588941855723988 4.0860039985275023 0 0 -1 0 
1 38.025076403555317 0.36157133821131993 0 1 0 0 
1 38.858907540801312 0.36157133821131993 0 0 1 0 
1 38.858907540801312 2.2149685105732568 0 -1 0 0 
1 38.025076403555317 2.2149685105732568 0 0 -1 0 
1 38.023592204257007 4.1155516231879261 0 1 0 0 
1 38.857423341503008 4.1155516231879261 0 0 1 0 
1 38.857423341503008 5.9689487955498626 0 -1 0 0 
1 38.023592204257007 5.9689487955498626 0 0 -1 0 
1 38.025363700180087 2.2399748170248732 0 1 0 0 
1 38.859194837426088 2.2399748170248732 0 0 1 0 
1 38.859194837426088 4.0933719893868101 0 -1 0 0 
1 38.025363700180087 4.0933719893868101 0 0 -1 0 
1 57.418956842094993 2.3072866964015049 0 1 0 0 
1 58.01895684209498 2.3072866964015049 0 0 1 0 
1 58.01895684209498 2.9072866964015129 0 -1 0 0 
1 57.418956842094993 2.9072866964015129 0 0 -1 0 
1 57.407101423081997 1.4536965274671589 0 1 0 0 
1 58.007101423081991 1.4536965274671589 0 0 1 0 
1 58.007101423081991 2.0536965274671668 0 -1 0 0 
1 57.407101423081997 2.0536965274671668 0 0 -1 0 
1 56.327378708571729 0.44355872885772379 0 1 0 0 
1 56.927378708571723 0.44355872885772379 0 0 1 0 
1 56.927378708571723 1.0435587288577179 0 -1 0 0 
1 56.327378708571729 1.0435587288577179 0 0 -1 0 
1 55.563164422116159 0.43541470443202002 0 1 0 0 
1 56.163164422116147 0.43541470443202002 0 0 1 0 
1 56.163164422116147 1.035414704432029 0 -1 0 0 
1 55.563164422116159 1.035414704432029 0 0 -1 0 
1 54.467724712778526 1.533529560172155 0 1 0 0 
1 55.067724712778563 1.533529560172155 0 0 1 0 
1 55.067724712778563 2.133529560172164 0 -1 0 0 
1 54.467724712778526 2.133529560172164 0 0 -1 0 
1 54.46377290644088 2.359457084742886 0 1 0 0 
1 55.063772906440867 2.359457084742886 0 0 1 0 
1 55.063772906440867 2.959457084742894 0 -1 0 0 
1 54.46377290644088 2.959457084742894 0 0 -1 0 
1 55.601263466095389 3.3647828455355149 0 1 0 0 
1 56.201263466095412 3.3647828455355149 0 0 1 0 
1 56.201263466095412 3.9647828455355101 0 -1 0 0 
1 55.601263466095389 3.9647828455355101 0 0 -1 0 
1 56.421644885804596 3.3663988566458301 0 1 0 0 
1 57.021644885804591 3.3663988566458301 0 0 1 0 
1 57.021644885804591 3.966398856645839 0 -1 0 0 
1 56.421644885804596 3.966398856645839 0 0 -1 0 
1 55.245901590751373 1.184976697528711 0 1 0 0 
1 57.269708068393612 1.184976697528711 0 0 1 0 
1 57.269708068393612 3.170870526603025 0 -1 0 0 
1 55.245901590751373 3.170870526603025 0 0 -1 0 
1 50.404160387258401 3.092283049135617 0 1 0 0 
1 51.004160387258423 3.092283049135617 0 0 1 0 
1 51.004160387258423 3.6922830491356109 0 -1 0 0 
1 50.404160387258401 3.6922830491356109 0 0 -1 0 
1 51.181994428699817 3.092283049135617 0 1 0 0 
1 51.781994428699853 3.092283049135617 0 0 1 0 
1 51.781994428699853 3.6922830491356109 0 -1 0 0 
1 51.181994428699817 3.6922830491356109 0 0 -1 0 
1 51.91821594940572 3.0826801597350908 0 1 0 0 
1 52.518215949405707 3.0826801597350908 0 0 1 0 
1 52.518215949405707 3.6826801597350989 0 -1 0 0 
1 51.91821594940572 3.6826801597350989 0 0 -1 0 
1 52.744064437849687 3.0826801597350908 0 1 0 0 
1 53.344064437849681 3.0826801597350908 0 0 1 0 
1 53.344064437849681 3.6826801597350989 0 -1 0 0 
1 52.744064437849687 3.6826801597350989 0 0 -1 0 
1 52.756868290383693 4.9872532241698622 0 1 0 0 
1 53.356868290383723 4.9872532241698622 0 0 1 0 
1 53.356868290383723 5.5872532241698707 0 -1 0 0 
1 52.756868290383693 5.5872532241698707 0 0 -1 0 
1 51.982235212075778 4.968047445368839 0 1 0 0 
1 52.582235212075773 4.968047445368839 0 0 1 0 
1 52.582235212075773 5.5680474453688484 0 -1 0 0 
1 51.982235212075778 5.5680474453688484 0 0 -1 0 
1 51.191597318100349 4.9712484085023476 0 1 0 0 
1 51.791597318100337 4.9712484085023476 0 0 1 0 
1 51.791597318100337 5.5712484085023419 0 -1 0 0 
1 51.191597318100349 5.5712484085023419 0 0 -1 0 
1 50.423366166059417 4.9712484085023476 0 1 0 0 
1 51.023366166059418 4.9712484085023476 0 0 1 0 
1 51.023366166059418 5.5712484085023419 0 -1 0 0 
1 50.423366166059417 5.5712484085023419 0 0 -1 0 
1 50.302593154988642 3.814862579055855 0 1 0 0 
1 53.45083479094464 3.814862579055855 0 0 1 0 
1 53.45083479094464 4.8782686427565523 0 -1 0 0 
1 50.302593154988642 4.8782686427565523 0 0 -1 0 
1 48.641365744667979 1.268537835105249 0 1 0 0 
1 49.241365744667966 1.268537835105249 0 0 1 0 
1 49.241365744667966 1.868537835105244 0 -1 0 0 
1 48.641365744667979 1.868537835105244 0 0 -1 0 
1 48.657370560335487 2.075180544748207 0 1 0 0 
1 49.257370560335488 2.075180544748207 0 0 1 0 
1 49.257370560335488 2.675180544748216 0 -1 0 0 
1 48.657370560335487 2.675180544748216 0 0 -1 0 
1 48.628561892133973 2.8754213281241618 0 1 0 0 
1 49.228561892133968 2.8754213281241618 0 0 1 0 
1 49.228561892133968 3.4754213281241699 0 -1 0 0 
1 48.628561892133973 3.4754213281241699 0 0 -1 0 
1 48.631762855267453 3.6084418856965361 0 1 0 0 
1 49.231762855267483 3.6084418856965361 0 0 1 0 
1 49.231762855267483 4.20844188569653 0 -1 0 0 
1 48.631762855267453 4.20844188569653 0 0 -1 0 
1 46.78480712723578 3.595638033162516 0 1 0 0 
1 47.384807127235767 3.595638033162516 0 0 1 0 
1 47.384807127235767 4.195638033162524 0 -1 0 0 
1 46.78480712723578 4.195638033162524 0 0 -1 0 
1 46.78480712723578 2.8594165124566331 0 1 0 0 
1 47.384807127235767 2.8594165124566331 0 0 1 0 
1 47.384807127235767 3.4594165124566421 0 -1 0 0 
1 46.78480712723578 3.4594165124566421 0 0 -1 0 
1 46.75919942216774 2.0559747659471839 0 1 0 0 
1 47.359199422167727 2.0559747659471839 0 0 1 0 
1 47.359199422167727 2.655974765947192 0 -1 0 0 
1 46.75919942216774 2.655974765947192 0 0 -1 0 
1 46.75919942216774 1.2813416876392689 0 1 0 0 
1 47.359199422167727 1.2813416876392689 0 0 1 0 
1 47.359199422167727 1.8813416876392639 0 -1 0 0 
1 46.75919942216774 1.8813416876392639 0 0 -1 0 
1 47.462385933552468 1.1338004954763361 0 1 0 0 
1 48.525791997253151 1.1338004954763361 0 0 1 0 
1 48.525791997253151 4.282042131432334 0 -1 0 0 
1 47.462385933552468 4.282042131432334 0 0 -1 0 
1 39.953154848790518 2.824680662613233 0 1 0 0 
1 40.553154848790513 2.824680662613233 0 0 1 0 
1 40.553154848790513 3.4246806626132269 0 -1 0 0 
1 39.953154848790518 3.4246806626132269 0 0 -1 0 
1 39.953154848790518 0.97128349025128102 0 1 0 0 
1 40.553154848790513 0.97128349025128102 0 0 1 0 
1 40.553154848790513 1.57128349025129 0 -1 0 0 
1 39.953154848790518 1.57128349025129 0 0 -1 0 
1 42.867016112198058 0.97128349025128102 0 1 0 0 
1 43.467016112198053 0.97128349025128102 0 0 1 0 
1 43.467016112198053 1.57128349025129 0 -1 0 0 
1 42.867016112198058 1.57128349025129 0 0 -1 0 
1 42.867016112198058 2.824680662613233 0 1 0 0 
1 43.467016112198053 2.824680662613233 0 0 1 0 
1 43.467016112198053 3.4246806626132269 0 -1 0 0 
1 42.867016112198058 3.4246806626132269 0 0 -1 0 
1 42.867016112198058 4.6780778349751699 0 1 0 0 
1 43.467016112198053 4.6780778349751699 0 0 1 0 
1 43.467016112198053 5.2780778349751776 0 -1 0 0 
1 42.867016112198058 5.2780778349751776 0 0 -1 0 
1 39.069277307535863 0.35420334735201209 0 1 0 0 
1 39.90310844478185 0.35420334735201209 0 0 1 0 
1 39.90310844478185 2.207600519713949 0 -1 0 0 
1 39.069277307535863 2.207600519713949 0 0 -1 0 
1 39.069564604160632 2.2326068261655649 0 1 0 0 
1 39.903395741406626 2.2326068261655649 0 0 1 0 
1 39.903395741406626 4.0860039985275023 0 -1 0 0 
1 39.069564604160632 4.0860039985275023 0 0 -1 0 
1 43.505699151991962 0.36157133821131993 0 1 0 0 
1 44.339530289237963 0.36157133821131993 0 0 1 0 
1 44.339530289237963 2.2149685105732568 0 -1 0 0 
1 43.505699151991962 2.2149685105732568 0 0 -1 0 
1 43.504214952693658 4.1155516231879261 0 1 0 0 
1 44.338046089939652 4.1155516231879261 0 0 1 0 
1 44.338046089939652 5.9689487955498626 0 -1 0 0 
1 43.504214952693658 5.9689487955498626 0 0 -1 0 
1 43.505986448616738 2.2399748170248732 0 1 0 0 
1 44.339817585862733 2.2399748170248732 0 0 1 0 
1 44.339817585862733 4.0933719893868101 0 -1 0 0 
1 43.505986448616738 4.0933719893868101 0 0 -1 0 
1 41.790006250323501 23.481394535568729 0 0 -1 0 
1 41.790006250323501 22.690468081834961 0 1 0 0 
1 49.972016980901742 22.690468081834961 0 0 1 0 
1 49.972016980901742 27.161419131454071 0 -1 0 0 
1 49.212523712578673 27.161419131454071 0 0 -1 0 
1 49.212523712578673 23.481394535568729 0 -1 0 0 
1 20.958395871983299 8.1783007484035437 0 0 1 0 
1 20.958395871983299 8.2783007484035522 0 1 0 0 
1 26.12993652387976 8.2783007484035522 0 0 -1 0 
1 26.12993652387976 8.1783007484035437 0 -1 0 0 
1 36.526686987487011 20.63026368046398 0 0 -1 0 
1 36.526686987487011 20.530335675417401 0 -0.99999999969586939 -2.466294885503138e-05 0 
1 33.607532679082482 20.530263680463971 0 0 -1 0 
1 33.607532679082482 14.5753727681527 0 1 0 0 
1 36.526686987487011 14.5753727681527 0 0 -1 0 
1 36.526686987487011 14.47537276815271 0 -1 0 0 
1 33.507532679082459 14.47537276815271 0 0 1 0 
1 33.507532679082459 20.63026368046398 0 1 0 0 
1 38.045269804463629 18.044131348115059 0 1 0 0 
1 42.904844139892958 18.044131348115059 0 0 1 0 
1 42.904844139892958 18.275088241884418 0 1 0 0 
1 43.004844139892953 18.275088241884418 0 0 -1 0 
1 43.004844139892953 14.47537276815271 0 -1 0 0 
1 39.522242206715191 14.47537276815271 0 0 1 0 
1 39.522242206715191 14.5753727681527 0 1 0 0 
1 42.904844139892958 14.5753727681527 0 0 1 0 
1 42.904844139892958 17.944131348115061 0 -1 0 0 
1 38.045269804463629 17.944131348115061 0 -0.0010784409712923965 -0.99999941848236673 0 
1 38.041636795060498 14.57537275382818 0 0.99999999999999933 3.46332998384488e-08 0 
1 38.455242206715177 14.5753727681527 0 0 -1 0 
1 38.455242206715177 14.47537276815271 0 -1 0 0 
1 37.593686987487018 14.47537276815271 0 0 1 0 
1 37.593686987487018 14.5753727681527 0 1 0 0 
1 37.941663500210041 14.5753727681527 0 0.0010704966840109698 0.9999994270182605 0 
1 37.948038309434281 20.530370730132379 0 -0.99999999969586961 -2.4662948848338972e-05 0 
1 37.593686987487018 20.530361990783849 0 0 1 0 
1 37.593686987487018 20.63026368046398 0 1 0 0 
1 43.004844139892953 20.63026368046398 0 0 -1 0 
1 43.004844139892953 19.342088241884412 0 -1 0 0 
1 42.904844139892958 19.342088241884412 0 0 1 0 
1 42.904844139892958 20.530263680463971 0 -1 0 0 
1 38.048038252136109 20.530263680463971 0 -0.0011135553486079771 -0.99999937999705057 0 
Polygon3D 0
PolygonOnTriangulations 0
Surfaces 1
1 27.076608946947601 15.789794462980293 0 0 0 1 1 0 -0 -0 1 0 
Triangulations 0

TShapes 3352
Ve
1e-07
0.298140166642725 6.11856788128974 0
0 0

0101101
*
Ve
1e-07
0.537938215109023 6.11856560539519 0
0 0

0101101
*
Ed
 1e-07 1 1 0
1  1 0 0 0.239798048477098
0

0101000
+3352 0 -3351 0 *
Ve
1e-07
0.537938215108994 6.01856788162497 0
0 0

0101101
*
Ed
 1e-07 1 1 0
1  2 0 0 0.0999977237702154
0

0101000
+3351 0 -3349 0 *
Ve
1e-07
0.298131978424749 6.01856788162497 0
0 0

0101101
*
Ed
 1e-07 1 1 0
1  3 0 0 0.239806236684245
0

0101000
+3349 0 -3347 0 *
Ve
1e-07
0.298131978424749 0.299999999999997 0
0 0

0101101
*
Ed
 1e-07 1 1 0
1  4 0 0 5.71856788162498
0

0101000
+3347 0 -3345 0 *
Ve
1e-07
6.05682810813209 0.299999999999997 0
0 0

0101101
*
Ed
 1e-07 1 1 0
1  5 0 0 5.75869612970735
0

0101000
+3345 0 -3343 0 *
Ve
1e-07
6.05682810813209 6.01856788162497 0
0 0

0101101
*
Ed
 1e-07 1 1 0
1  6 0 0 5.71856788162498
0

0101000
+3343 0 -3341 0 *
Ve
1e-07
1.604938215109 6.01856788162497 0
0 0

0101101
*
Ed
 1e-07 1 1 0
1  7 0 0 4.45188989302309
0

0101000
+3341 0 -3339 0 *
Ve
1e-07
1.604938215109 6.11855547862601 0
0 0

0101101
*
Ed
 1e-07 1 1 0
1  8 0 0 0.0999875970010322
0

0101000
+3339 0 -3337 0 *
Ve
1e-07
6.41983067934875 6.11850978105841 0
0 0

0101101
*
Ed
 1e-07 1 1 0
1  9 0 0 4.8148924644566
0

0101000
+3337 0 -3335 0 *
Ve
1e-07
6.41983067934873 6.01809634703257 0
0 0

0101101
*
Ed
 1e-07 1 1 0
1  10 0 0 0.100413434025839
0

0101000
+3335 0 -3333 0 *
Ve
1e-07
6.15682810813209 6.01809634703257 0
0 0

0101101
*
Ed
 1e-07 1 1 0
1  11 0 0 0.263002571216646
0

0101000
+3333 0 -3331 0 *
Ve
1e-07
6.1568281081321 0.299999999999997 0
0 0

0101101
*
Ed
 1e-07 1 1 0
1  12 0 0 5.71809634703257
0

0101000
+3331 0 -3329 0 *
Ve
1e-07
11.5350209093137 0.299999999999997 0
0 0

0101101
*
Ed
 1e-07 1 1 0
1  13 0 0 5.37819280118162
0

0101000
+3329 0 -3327 0 *
Ve
1e-07
11.5350209093137 6.01809634703257 0
0 0

0101101
*
Ed
 1e-07 1 1 0
1  14 0 0 5.71809634703257
0

0101000
+3327 0 -3325 0 *
Ve
1e-07
7.48683067934874 6.01809634703257 0
0 0

0101101
*
Ed
 1e-07 1 1 0
1  15 0 0 4.04819022996498
0

0101000
+3325 0 -3323 0 *
Ve
1e-07
7.48683067934874 6.11849965428922 0
0 0

0101101
*
Ed
 1e-07 1 1 0
1  16 0 0 0.100403307256656
0

0101000
+3323 0 -3321 0 *
Ve
1e-07
11.892741998793 6.11845783831268 0
0 0

0101101
*
Ed
 1e-07 1 1 0
1  17 0 0 4.40591131964273
0

0101000
+3321 0 -3319 0 *
Ve
1e-07
11.892741998793 6.01809634703257 0
0 0

0101101
*
Ed
 1e-07 1 1 0
1  18 0 0 0.100361491280111
0

0101000
+3319 0 -3317 0 *
Ve
1e-07
11.6350209093137 6.01809634703257 0
0 0

0101101
*
Ed
 1e-07 1 1 0
1  19 0 0 0.257721089479331
0

0101000
+3317 0 -3315 0 *
Ve
1e-07
11.6350209093137 0.299999999999997 0
0 0

0101101
*
Ed
 1e-07 1 1 0
1  20 0 0 5.71809634703257
0

0101000
+3315 0 -3313 0 *
Ve
1e-07
17.0156436577503 0.299999999999997 0
0 0

0101101
*
Ed
 1e-07 1 1 0
1  21 0 0 5.38062274843663
0

0101000
+3313 0 -3311 0 *
Ve
1e-07
17.0156436577503 6.01809634703257 0
0 0

0101101
*
Ed
 1e-07 1 1 0
1  22 0 0 5.71809634703257
0

0101000
+3311 0 -3309 0 *
Ve
1e-07
12.959741998793 6.01809634703257 0
0 0

0101101
*
Ed
 1e-07 1 1 0
1  23 0 0 4.05590165895728
0

0101000
+3309 0 -3307 0 *
Ve
1e-07
12.959741998793 6.1184477115435 0
0 0

0101101
*
Ed
 1e-07 1 1 0
1  24 0 0 0.100351364510928
0

0101000
+3307 0 -3305 0 *
Ve
1e-07
17.3656533182373 6.11840589556695 0
0 0

0101101
*
Ed
 1e-07 1 1 0
1  25 0 0 4.40591131964274
0

0101000
+3305 0 -3303 0 *
Ve
1e-07
17.3656533182373 6.01809634703257 0
0 0

0101101
*
Ed
 1e-07 1 1 0
1  26 0 0 0.100309548534383
0

0101000
+3303 0 -3301 0 *
Ve
1e-07
17.1156436577503 6.01809634703257 0
0 0

0101101
*
Ed
 1e-07 1 1 0
1  27 0 0 0.250009660487009
0

0101000
+3301 0 -3299 0 *
Ve
1e-07
17.1156436577503 0.299999999999997 0
0 0

0101101
*
Ed
 1e-07 1 1 0
1  28 0 0 5.71809634703257
0

0101000
+3299 0 -3297 0 *
Ve
1e-07
22.4779058609661 0.299999999999997 0
0 0

0101101
*
Ed
 1e-07 1 1 0
1  29 0 0 5.36226220321575
0

0101000
+3297 0 -3295 0 *
Ve
1e-07
22.4779058609661 6.01809634703257 0
0 0

0101101
*
Ed
 1e-07 1 1 0
1  30 0 0 5.71809634703257
0

0101000
+3295 0 -3293 0 *
Ve
1e-07
18.4326533182374 6.01809634703257 0
0 0

0101101
*
Ed
 1e-07 1 1 0
1  31 0 0 4.04525254272872
0

0101000
+3293 0 -3291 0 *
Ve
1e-07
18.4326533182374 6.11839576879777 0
0 0

0101101
*
Ed
 1e-07 1 1 0
1  32 0 0 0.1002994217652
0

0101000
+3291 0 -3289 0 *
Ve
1e-07
22.875744741754 6.11835359994932 0
0 0

0101101
*
Ed
 1e-07 1 1 0
1  33 0 0 4.44309142371675
0

0101000
+3289 0 -3287 0 *
Ve
1e-07
22.875744741754 6.01809634703257 0
0 0

0101101
*
Ed
 1e-07 1 1 0
1  34 0 0 0.100257252916748
0

0101000
+3287 0 -3285 0 *
Ve
1e-07
22.5779058609661 6.01809634703257 0
0 0

0101101
*
Ed
 1e-07 1 1 0
1  35 0 0 0.297838880787911
0

0101000
+3285 0 -3283 0 *
Ve
1e-07
22.5779058609661 0.299999999999997 0
0 0

0101101
*
Ed
 1e-07 1 1 0
1  36 0 0 5.71809634703257
0

0101000
+3283 0 -3281 0 *
Ve
1e-07
27.9677088820132 0.299999999999997 0
0 0

0101101
*
Ed
 1e-07 1 1 0
1  37 0 0 5.3898030210471
0

0101000
+3281 0 -3279 0 *
Ve
1e-07
27.9677088820132 6.01809634703257 0
0 0

0101101
*
Ed
 1e-07 1 1 0
1  38 0 0 5.71809634703257
0

0101000
+3279 0 -3277 0 *
Ve
1e-07
23.942744741754 6.01809634703257 0
0 0

0101101
*
Ed
 1e-07 1 1 0
1  39 0 0 4.02496414025919
0

0101000
+3277 0 -3275 0 *
Ve
1e-07
23.942744741754 6.11834347318013 0
0 0

0101101
*
Ed
 1e-07 1 1 0
1  40 0 0 0.100247126147565
0

0101000
+3275 0 -3273 0 *
Ve
1e-07
28.311475957126 6.11830201007551 0
0 0

0101101
*
Ed
 1e-07 1 1 0
1  41 0 0 4.36873121556874
0

0101000
+3273 0 -3271 0 *
Ve
1e-07
28.311475957126 6.01809634703257 0
0 0

0101101
*
Ed
 1e-07 1 1 0
1  42 0 0 0.100205663042942
0

0101000
+3271 0 -3269 0 *
Ve
1e-07
28.0677088820132 6.01809634703257 0
0 0

0101101
*
Ed
 1e-07 1 1 0
1  43 0 0 0.2437670751128
0

0101000
+3269 0 -3267 0 *
Ve
1e-07
28.0677088820131 0.299999999999997 0
0 0

0101101
*
Ed
 1e-07 1 1 0
1  44 0 0 5.71809634703257
0

0101000
+3267 0 -3265 0 *
Ve
1e-07
33.4391513578393 0.299999999999997 0
0 0

0101101
*
Ed
 1e-07 1 1 0
1  45 0 0 5.3714424758262
0

0101000
+3265 0 -3263 0 *
Ve
1e-07
33.4391513578393 6.01809634703257 0
0 0

0101101
*
Ed
 1e-07 1 1 0
1  46 0 0 5.71809634703257
0

0101000
+3263 0 -3261 0 *
Ve
1e-07
29.378475957126 6.01809634703257 0
0 0

0101101
*
Ed
 1e-07 1 1 0
1  47 0 0 4.06067540071337
0

0101000
+3261 0 -3259 0 *
Ve
1e-07
29.378475957126 6.11829188330633 0
0 0

0101101
*
Ed
 1e-07 1 1 0
1  48 0 0 0.100195536273759
0

0101000
+3259 0 -3257 0 *
Ve
1e-07
33.8141313598281 6.11824978503225 0
0 0

0101101
*
Ed
 1e-07 1 1 0
1  49 0 0 4.43565540290191
0

0101000
+3257 0 -3255 0 *
Ve
1e-07
33.8141313598281 6.01809634703257 0
0 0

0101101
*
Ed
 1e-07 1 1 0
1  50 0 0 0.10015343799968
0

0101000
+3255 0 -3253 0 *
Ve
1e-07
33.5391513578393 6.01809634703257 0
0 0

0101101
*
Ed
 1e-07 1 1 0
1  51 0 0 0.274980001988808
0

0101000
+3253 0 -3251 0 *
Ve
1e-07
33.5391513578393 0.299999999999997 0
0 0

0101101
*
Ed
 1e-07 1 1 0
1  52 0 0 5.71809634703257
0

0101000
+3251 0 -3249 0 *
Ve
1e-07
38.919774106276 0.299999999999997 0
0 0

0101101
*
Ed
 1e-07 1 1 0
1  53 0 0 5.38062274843665
0

0101000
+3249 0 -3247 0 *
Ve
1e-07
38.919774106276 6.01809634703257 0
0 0

0101101
*
Ed
 1e-07 1 1 0
1  54 0 0 5.71809634703257
0

0101000
+3247 0 -3245 0 *
Ve
1e-07
34.8811313598281 6.01809634703257 0
0 0

0101101
*
Ed
 1e-07 1 1 0
1  55 0 0 4.03864274644786
0

0101000
+3245 0 -3243 0 *
Ve
1e-07
34.8811313598281 6.11823965826306 0
0 0

0101101
*
Ed
 1e-07 1 1 0
1  56 0 0 0.100143311230496
0

0101000
+3243 0 -3241 0 *
Ve
1e-07
39.2770805087353 6.11819793683628 0
0 0

0101101
*
Ed
 1e-07 1 1 0
1  57 0 0 4.39594914910518
0

0101000
+3241 0 -3239 0 *
Ve
1e-07
39.2770805087353 6.01809634703257 0
0 0

0101101
*
Ed
 1e-07 1 1 0
1  58 0 0 0.100101589803714
0

0101000
+3239 0 -3237 0 *
Ve
1e-07
39.019774106276 6.01809634703257 0
0 0

0101101
*
Ed
 1e-07 1 1 0
1  59 0 0 0.257306402459342
0

0101000
+3237 0 -3235 0 *
Ve
1e-07
39.019774106276 0.299999999999997 0
0 0

0101101
*
Ed
 1e-07 1 1 0
1  60 0 0 5.71809634703257
0

0101000
+3235 0 -3233 0 *
Ve
1e-07
44.4003968547126 0.299999999999997 0
0 0

0101101
*
Ed
 1e-07 1 1 0
1  61 0 0 5.38062274843663
0

0101000
+3233 0 -3231 0 *
Ve
1e-07
44.4003968547126 6.01809634703257 0
0 0

0101101
*
Ed
 1e-07 1 1 0
1  62 0 0 5.71809634703257
0

0101000
+3231 0 -3229 0 *
Ve
1e-07
40.3440805087353 6.01809634703257 0
0 0

0101101
*
Ed
 1e-07 1 1 0
1  63 0 0 4.05631634597728
0

0101000
+3229 0 -3227 0 *
Ve
1e-07
40.3440805087353 6.1181878100671 0
0 0

0101101
*
Ed
 1e-07 1 1 0
1  64 0 0 0.100091463034532
0

0101000
+3227 0 -3225 0 *
Ve
1e-07
44.7521482742158 6.11814597362398 0
0 0

0101101
*
Ed
 1e-07 1 1 0
1  65 0 0 4.40806776567903
0

0101000
+3225 0 -3223 0 *
Ve
1e-07
44.7521482742158 6.01809634703257 0
0 0

0101101
*
Ed
 1e-07 1 1 0
1  66 0 0 0.100049626591414
0

0101000
+3223 0 -3221 0 *
Ve
1e-07
44.5003968547126 6.01809634703257 0
0 0

0101101
*
Ed
 1e-07 1 1 0
1  67 0 0 0.251751419503222
0

0101000
+3221 0 -3219 0 *
Ve
1e-07
44.5003968547126 0.299999999999997 0
0 0

0101101
*
Ed
 1e-07 1 1 0
1  68 0 0 5.71809634703257
0

0101000
+3219 0 -3217 0 *
Ve
1e-07
49.8810196031492 0.299999999999997 0
0 0

0101101
*
Ed
 1e-07 1 1 0
1  69 0 0 5.38062274843665
0

0101000
+3217 0 -3215 0 *
Ve
1e-07
49.8810196031492 6.01809634703257 0
0 0

0101101
*
Ed
 1e-07 1 1 0
1  70 0 0 5.71809634703257
0

0101000
+3215 0 -3213 0 *
Ve
1e-07
45.8191482742158 6.01809634703257 0
0 0

0101101
*
Ed
 1e-07 1 1 0
1  71 0 0 4.06187132893342
0

0101000
+3213 0 -3211 0 *
Ve
1e-07
45.8191482742158 6.1181358468548 0
0 0

0101101
*
Ed
 1e-07 1 1 0
1  72 0 0 0.10003949982223
0

0101000
+3211 0 -3209 0 *
Ve
1e-07
49.9810196031492 6.11809634703258 0
0 0

0101101
*
Ed
 1e-07 1 1 0
1  73 0 0 4.16187132912087
0

0101000
+3209 0 -3207 0 *
Ve
1e-07
49.9810196031492 0.299999999999997 0
0 0

0101101
*
Ed
 1e-07 1 1 0
1  74 0 0 5.81809634703258
0

0101000
+3207 0 -3205 0 *
Ve
1e-07
58.1682915412505 0.299999999999997 0
0 0

0101101
*
Ed
 1e-07 1 1 0
1  75 0 0 8.18727193810127
0

0101000
+3205 0 -3203 0 *
Ve
1e-07
58.1682915412505 8.17830074840356 0
0 0

0101101
*
Ed
 1e-07 1 1 0
1  76 0 0 7.87830074840356
0

0101000
+3203 0 -3201 0 *
Ve
1e-07
52.5194298351542 8.17830074840356 0
0 0

0101101
*
Ed
 1e-07 1 1 0
1  77 0 0 5.64886170609628
0

0101000
+3201 0 -3199 0 *
Ve
1e-07
52.5194298351542 8.60238101337929 0
0 0

0101101
*
Ed
 1e-07 1 1 0
1  78 0 0 0.424080264975728
0

0101000
+3199 0 -3197 0 *
Ve
1e-07
52.6194298351542 8.60238101337927 0
0 0

0101101
*
Ed
 1e-07 1 1 0
1  79 0 0 0.100000000000023
0

0101000
+3197 0 -3195 0 *
Ve
1e-07
52.6194298351542 8.37830074840356 0
0 0

0101101
*
Ed
 1e-07 1 1 0
1  80 0 0 0.224080264975711
0

0101000
+3195 0 -3193 0 *
Ve
1e-07
58.1682915412505 8.37830074840356 0
0 0

0101101
*
Ed
 1e-07 1 1 0
1  81 0 0 5.54886170609626
0

0101000
+3193 0 -3191 0 *
Ve
1e-07
58.1682915412505 13.8506478624539 0
0 0

0101101
*
Ed
 1e-07 1 1 0
1  82 0 0 5.47234711405032
0

0101000
+3191 0 -3189 0 *
Ve
1e-07
52.6194298351542 13.8506478624539 0
0 0

0101101
*
Ed
 1e-07 1 1 0
1  83 0 0 5.54886170609626
0

0101000
+3189 0 -3187 0 *
Ve
1e-07
52.6194298351542 9.66938101337928 0
0 0

0101101
*
Ed
 1e-07 1 1 0
1  84 0 0 4.1812668490746
0

0101000
+3187 0 -3185 0 *
Ve
1e-07
52.5194298351542 9.66938101337928 0
0 0

0101101
*
Ed
 1e-07 1 1 0
1  85 0 0 0.100000000000023
0

0101000
+3185 0 -3183 0 *
Ve
1e-07
52.5194298351542 14.1916622718684 0
0 0

0101101
*
Ed
 1e-07 1 1 0
1  86 0 0 4.52228125848916
0

0101000
+3183 0 -3181 0 *
Ve
1e-07
52.6194298351542 14.1916622718685 0
0 0

0101101
*
Ed
 1e-07 1 1 0
1  87 0 0 0.100000000000023
0

0101000
+3181 0 -3179 0 *
Ve
1e-07
52.6194298351542 13.9506478624539 0
0 0

0101101
*
Ed
 1e-07 1 1 0
1  88 0 0 0.241014409414561
0

0101000
+3179 0 -3177 0 *
Ve
1e-07
58.1682915412505 13.9506478624539 0
0 0

0101101
*
Ed
 1e-07 1 1 0
1  89 0 0 5.54886170609626
0

0101000
+3177 0 -3175 0 *
Ve
1e-07
58.1682915412505 19.316460541334 0
0 0

0101101
*
Ed
 1e-07 1 1 0
1  90 0 0 5.36581267888012
0

0101000
+3175 0 -3173 0 *
Ve
1e-07
52.6194298351542 19.316460541334 0
0 0

0101101
*
Ed
 1e-07 1 1 0
1  91 0 0 5.54886170609626
0

0101000
+3173 0 -3171 0 *
Ve
1e-07
52.6194298351542 15.2586622718685 0
0 0

0101101
*
Ed
 1e-07 1 1 0
1  92 0 0 4.05779826946555
0

0101000
+3171 0 -3169 0 *
Ve
1e-07
52.5194298351542 15.2586622718685 0
0 0

0101101
*
Ed
 1e-07 1 1 0
1  93 0 0 0.100000000000023
0

0101000
+3169 0 -3167 0 *
Ve
1e-07
52.5194298351542 19.6287158858578 0
0 0

0101101
*
Ed
 1e-07 1 1 0
1  94 0 0 4.37005361398935
0

0101000
+3167 0 -3165 0 *
Ve
1e-07
52.6194298351542 19.6287158858578 0
0 0

0101101
*
Ed
 1e-07 1 1 0
1  95 0 0 0.100000000000023
0

0101000
+3165 0 -3163 0 *
Ve
1e-07
52.6194298351542 19.416460541334 0
0 0

0101101
*
Ed
 1e-07 1 1 0
1  96 0 0 0.212255344523811
0

0101000
+3163 0 -3161 0 *
Ve
1e-07
58.1682915412505 19.416460541334 0
0 0

0101101
*
Ed
 1e-07 1 1 0
1  97 0 0 5.54886170609626
0

0101000
+3161 0 -3159 0 *
Ve
1e-07
58.1682915412505 24.7971198489064 0
0 0

0101101
*
Ed
 1e-07 1 1 0
1  98 0 0 5.38065930757244
0

0101000
+3159 0 -3157 0 *
Ve
1e-07
52.6194298351542 24.7971198489064 0
0 0

0101101
*
Ed
 1e-07 1 1 0
1  99 0 0 5.54886170609626
0

0101000
+3157 0 -3155 0 *
Ve
1e-07
52.6194298351542 20.6957158858578 0
0 0

0101101
*
Ed
 1e-07 1 1 0
1  100 0 0 4.10140396304862
0

0101000
+3155 0 -3153 0 *
Ve
1e-07
52.5194298351542 20.6957158858578 0
0 0

0101101
*
Ed
 1e-07 1 1 0
1  101 0 0 0.100000000000023
0

0101000
+3153 0 -3151 0 *
Ve
1e-07
52.5194298351542 25.1222253247873 0
0 0

0101101
*
Ed
 1e-07 1 1 0
1  102 0 0 4.42650943892947
0

0101000
+3151 0 -3149 0 *
Ve
1e-07
52.6194298351542 25.1222253247873 0
0 0

0101101
*
Ed
 1e-07 1 1 0
1  103 0 0 0.100000000000023
0

0101000
+3149 0 -3147 0 *
Ve
1e-07
52.6194298351542 24.8971198489064 0
0 0

0101101
*
Ed
 1e-07 1 1 0
1  104 0 0 0.225105475880842
0

0101000
+3147 0 -3145 0 *
Ve
1e-07
58.1682915412505 24.8971198489064 0
0 0

0101101
*
Ed
 1e-07 1 1 0
1  105 0 0 5.54886170609626
0

0101000
+3145 0 -3143 0 *
Ve
1e-07
58.1682915412505 28.8320979788409 0
0 0

0101101
*
Ed
 1e-07 1 1 0
1  106 0 0 3.93497812993451
0

0101000
+3143 0 -3141 0 *
Ve
1e-07
52.6194298351542 28.8320979788409 0
0 0

0101101
*
Ed
 1e-07 1 1 0
1  107 0 0 5.54886170609626
0

0101000
+3141 0 -3139 0 *
Ve
1e-07
52.6194298351542 26.1892253247873 0
0 0

0101101
*
Ed
 1e-07 1 1 0
1  108 0 0 2.64287265405368
0

0101000
+3139 0 -3137 0 *
Ve
1e-07
52.5194298351542 26.1892253247873 0
0 0

0101101
*
Ed
 1e-07 1 1 0
1  109 0 0 0.100000000000023
0

0101000
+3137 0 -3135 0 *
Ve
1e-07
52.5194298351542 28.8320979788409 0
0 0

0101101
*
Ed
 1e-07 1 1 0
1  110 0 0 2.64287265405368
0

0101000
+3135 0 -3133 0 *
Ve
1e-07
41.7641667682897 28.8320979788409 0
0 0

0101101
*
Ed
 1e-07 1 1 0
1  111 0 0 10.7552630668645
0

0101000
+3133 0 -3131 0 *
Ve
1e-07
41.7641667682897 22.690468081835 0
0 0

0101101
*
Ed
 1e-07 1 1 0
1  112 0 0 6.141629897006
0

0101000
+3131 0 -3129 0 *
Ve
1e-07
40.3251847805836 22.690468081835 0
0 0

0101101
*
Ed
 1e-07 1 1 0
1  113 0 0 1.43898198770617
0

0101000
+3129 0 -3127 0 *
Ve
1e-07
40.3251847806053 22.790468081835 0
0 0

0101101
*
Ed
 1e-07 1 1 0
1  114 0 0 0.100000000000009
0

0101000
+3127 0 -3125 0 *
Ve
1e-07
41.6641667682898 22.790468081835 0
0 0

0101101
*
Ed
 1e-07 1 1 0
1  115 0 0 1.33898198768443
0

0101000
+3125 0 -3123 0 *
Ve
1e-07
41.6641667682898 28.8320979788409 0
0 0

0101101
*
Ed
 1e-07 1 1 0
1  116 0 0 6.04162989700599
0

0101000
+3123 0 -3121 0 *
Ve
1e-07
39.0214186550452 28.8320979788409 0
0 0

0101101
*
Ed
 1e-07 1 1 0
1  117 0 0 2.64274811324455
0

0101000
+3121 0 -3119 0 *
Ve
1e-07
39.0214186550452 22.790468081835 0
0 0

0101101
*
Ed
 1e-07 1 1 0
1  118 0 0 6.04162989700599
0

0101000
+3119 0 -3117 0 *
Ve
1e-07
39.2581847806053 22.790468081835 0
0 0

0101101
*
Ed
 1e-07 1 1 0
1  119 0 0 0.236766125560109
0

0101000
+3117 0 -3115 0 *
Ve
1e-07
39.2581847805869 22.690468081835 0
0 0

0101101
*
Ed
 1e-07 1 1 0
1  120 0 0 0.0999999999999979
0

0101000
+3115 0 -3113 0 *
Ve
1e-07
37.5990674931992 22.690468081835 0
0 0

0101101
*
Ed
 1e-07 1 1 0
1  121 0 0 1.65911728738769
0

0101000
+3113 0 -3111 0 *
Ve
1e-07
37.5990674931993 22.790468081835 0
0 0

0101101
*
Ed
 1e-07 1 1 0
1  122 0 0 0.0999999999999979
0

0101000
+3111 0 -3109 0 *
Ve
1e-07
38.9214186550452 22.790468081835 0
0 0

0101101
*
Ed
 1e-07 1 1 0
1  123 0 0 1.32235116184592
0

0101000
+3109 0 -3107 0 *
Ve
1e-07
38.9214186550452 28.8320979788409 0
0 0

0101101
*
Ed
 1e-07 1 1 0
1  124 0 0 6.04162989700599
0

0101000
+3107 0 -3105 0 *
Ve
1e-07
36.2786705418007 28.8320979788409 0
0 0

0101101
*
Ed
 1e-07 1 1 0
1  125 0 0 2.64274811324456
0

0101000
+3105 0 -3103 0 *
Ve
1e-07
36.2786705418007 22.790468081835 0
0 0

0101101
*
Ed
 1e-07 1 1 0
1  126 0 0 6.04162989700599
0

0101000
+3103 0 -3101 0 *
Ve
1e-07
36.5320674931993 22.790468081835 0
0 0

0101101
*
Ed
 1e-07 1 1 0
1  127 0 0 0.253396951398635
0

0101000
+3101 0 -3099 0 *
Ve
1e-07
36.5320674931993 22.690468081835 0
0 0

0101101
*
Ed
 1e-07 1 1 0
1  128 0 0 0.100000000000009
0

0101000
+3099 0 -3097 0 *
Ve
1e-07
34.8566890589504 22.690468081835 0
0 0

0101101
*
Ed
 1e-07 1 1 0
1  129 0 0 1.67537843424887
0

0101000
+3097 0 -3095 0 *
Ve
1e-07
34.8566890589504 22.790468081835 0
0 0

0101101
*
Ed
 1e-07 1 1 0
1  130 0 0 0.0999999999999979
0

0101000
+3095 0 -3093 0 *
Ve
1e-07
36.1786705418007 22.790468081835 0
0 0

0101101
*
Ed
 1e-07 1 1 0
1  131 0 0 1.32198148285028
0

0101000
+3093 0 -3091 0 *
Ve
1e-07
36.1786705418007 28.8320979788409 0
0 0

0101101
*
Ed
 1e-07 1 1 0
1  132 0 0 6.04162989700599
0

0101000
+3091 0 -3089 0 *
Ve
1e-07
33.5529229333903 28.8320979788409 0
0 0

0101101
*
Ed
 1e-07 1 1 0
1  133 0 0 2.62574760841039
0

0101000
+3089 0 -3087 0 *
Ve
1e-07
33.5529229333903 22.790468081835 0
0 0

0101101
*
Ed
 1e-07 1 1 0
1  134 0 0 6.04162989700599
0

0101000
+3087 0 -3085 0 *
Ve
1e-07
33.7896890589504 22.790468081835 0
0 0

0101101
*
Ed
 1e-07 1 1 0
1  135 0 0 0.236766125560109
0

0101000
+3085 0 -3083 0 *
Ve
1e-07
33.7896890589504 22.690468081835 0
0 0

0101101
*
Ed
 1e-07 1 1 0
1  136 0 0 0.100000000000009
0

0101000
+3083 0 -3081 0 *
Ve
1e-07
32.1541156120174 22.690468081835 0
0 0

0101101
*
Ed
 1e-07 1 1 0
1  137 0 0 1.63557344693303
0

0101000
+3081 0 -3079 0 *
Ve
1e-07
32.1541156120174 22.790468081835 0
0 0

0101101
*
Ed
 1e-07 1 1 0
1  138 0 0 0.100000000000009
0

0101000
+3079 0 -3077 0 *
Ve
1e-07
33.4529229333902 22.790468081835 0
0 0

0101101
*
Ed
 1e-07 1 1 0
1  139 0 0 1.29880732137289
0

0101000
+3077 0 -3075 0 *
Ve
1e-07
33.4529229333902 28.8320979788409 0
0 0

0101101
*
Ed
 1e-07 1 1 0
1  140 0 0 6.04162989700599
0

0101000
+3075 0 -3073 0 *
Ve
1e-07
30.8271753249799 28.8320979788409 0
0 0

0101101
*
Ed
 1e-07 1 1 0
1  141 0 0 2.62574760841036
0

0101000
+3073 0 -3071 0 *
Ve
1e-07
30.8271753249799 22.790468081835 0
0 0

0101101
*
Ed
 1e-07 1 1 0
1  142 0 0 6.04162989700599
0

0101000
+3071 0 -3069 0 *
Ve
1e-07
31.0871156120174 22.790468081835 0
0 0

0101101
*
Ed
 1e-07 1 1 0
1  143 0 0 0.25994028703747
0

0101000
+3069 0 -3067 0 *
Ve
1e-07
31.0871156120174 22.690468081835 0
0 0

0101101
*
Ed
 1e-07 1 1 0
1  144 0 0 0.100000000000009
0

0101000
+3067 0 -3065 0 *
Ve
1e-07
29.3938601722401 22.690468081835 0
0 0

0101101
*
Ed
 1e-07 1 1 0
1  145 0 0 1.69325543977721
0

0101000
+3065 0 -3063 0 *
Ve
1e-07
29.3938601722401 22.790468081835 0
0 0

0101101
*
Ed
 1e-07 1 1 0
1  146 0 0 0.100000000000009
0

0101000
+3063 0 -3061 0 *
Ve
1e-07
30.7271753249799 22.790468081835 0
0 0

0101101
*
Ed
 1e-07 1 1 0
1  147 0 0 1.33331515273973
0

0101000
+3061 0 -3059 0 *
Ve
1e-07
30.7271753249799 28.8320979788409 0
0 0

0101101
*
Ed
 1e-07 1 1 0
1  148 0 0 6.04162989700599
0

0101000
+3059 0 -3057 0 *
Ve
1e-07
28.0900940466801 28.8320979788409 0
0 0

0101101
*
Ed
 1e-07 1 1 0
1  149 0 0 2.63708127829985
0

0101000
+3057 0 -3055 0 *
Ve
1e-07
28.0900940466801 22.790468081835 0
0 0

0101101
*
Ed
 1e-07 1 1 0
1  150 0 0 6.04162989700599
0

0101000
+3055 0 -3053 0 *
Ve
1e-07
28.3268601722402 22.790468081835 0
0 0

0101101
*
Ed
 1e-07 1 1 0
1  151 0 0 0.23676612556012
0

0101000
+3053 0 -3051 0 *
Ve
1e-07
28.3268601722402 22.690468081835 0
0 0

0101101
*
Ed
 1e-07 1 1 0
1  152 0 0 0.100000000000009
0

0101000
+3051 0 -3049 0 *
Ve
1e-07
26.654955139098 22.690468081835 0
0 0

0101101
*
Ed
 1e-07 1 1 0
1  153 0 0 1.67190503314217
0

0101000
+3049 0 -3047 0 *
Ve
1e-07
26.654955139098 22.790468081835 0
0 0

0101101
*
Ed
 1e-07 1 1 0
1  154 0 0 0.100000000000009
0

0101000
+3047 0 -3045 0 *
Ve
1e-07
27.99009404668 22.790468081835 0
0 0

0101101
*
Ed
 1e-07 1 1 0
1  155 0 0 1.33513890758203
0

0101000
+3045 0 -3043 0 *
Ve
1e-07
27.99009404668 28.8320979788409 0
0 0

0101101
*
Ed
 1e-07 1 1 0
1  156 0 0 6.04162989700599
0

0101000
+3043 0 -3041 0 *
Ve
1e-07
25.3530127683802 28.8320979788409 0
0 0

0101101
*
Ed
 1e-07 1 1 0
1  157 0 0 2.63708127829983
0

0101000
+3041 0 -3039 0 *
Ve
1e-07
25.3530127683802 22.790468081835 0
0 0

0101101
*
Ed
 1e-07 1 1 0
1  158 0 0 6.04162989700599
0

0101000
+3039 0 -3037 0 *
Ve
1e-07
25.587955139098 22.790468081835 0
0 0

0101101
*
Ed
 1e-07 1 1 0
1  159 0 0 0.234942370717789
0

0101000
+3037 0 -3035 0 *
Ve
1e-07
25.587955139098 22.690468081835 0
0 0

0101101
*
Ed
 1e-07 1 1 0
1  160 0 0 0.100000000000009
0

0101000
+3035 0 -3033 0 *
Ve
1e-07
23.9253644505852 22.690468081835 0
0 0

0101101
*
Ed
 1e-07 1 1 0
1  161 0 0 1.66259068851278
0

0101000
+3033 0 -3031 0 *
Ve
1e-07
23.9253644505852 22.790468081835 0
0 0

0101101
*
Ed
 1e-07 1 1 0
1  162 0 0 0.100000000000009
0

0101000
+3031 0 -3029 0 *
Ve
1e-07
25.2530127683802 22.790468081835 0
0 0

0101101
*
Ed
 1e-07 1 1 0
1  163 0 0 1.327648317795
0

0101000
+3029 0 -3027 0 *
Ve
1e-07
25.2530127683802 28.8320979788409 0
0 0

0101101
*
Ed
 1e-07 1 1 0
1  164 0 0 6.04162989700599
0

0101000
+3027 0 -3025 0 *
Ve
1e-07
22.6215983250251 28.8320979788409 0
0 0

0101101
*
Ed
 1e-07 1 1 0
1  165 0 0 2.63141444335512
0

0101000
+3025 0 -3023 0 *
Ve
1e-07
22.6215983250251 22.790468081835 0
0 0

0101101
*
Ed
 1e-07 1 1 0
1  166 0 0 6.04162989700599
0

0101000
+3023 0 -3021 0 *
Ve
1e-07
22.8583644505852 22.790468081835 0
0 0

0101101
*
Ed
 1e-07 1 1 0
1  167 0 0 0.236766125560109
0

0101000
+3021 0 -3019 0 *
Ve
1e-07
22.8583644505852 22.690468081835 0
0 0

0101101
*
Ed
 1e-07 1 1 0
1  168 0 0 0.100000000000009
0

0101000
+3019 0 -3017 0 *
Ve
1e-07
21.2160264347758 22.690468081835 0
0 0

0101101
*
Ed
 1e-07 1 1 0
1  169 0 0 1.64233801580946
0

0101000
+3017 0 -3015 0 *
Ve
1e-07
21.2160264347758 22.790468081835 0
0 0

0101101
*
Ed
 1e-07 1 1 0
1  170 0 0 0.100000000000009
0

0101000
+3015 0 -3013 0 *
Ve
1e-07
22.5215983250251 22.790468081835 0
0 0

0101101
*
Ed
 1e-07 1 1 0
1  171 0 0 1.30557189024933
0

0101000
+3013 0 -3011 0 *
Ve
1e-07
22.5215983250251 28.8320979788409 0
0 0

0101101
*
Ed
 1e-07 1 1 0
1  172 0 0 6.04162989700599
0

0101000
+3011 0 -3009 0 *
Ve
1e-07
19.89018388167 28.8320979788409 0
0 0

0101101
*
Ed
 1e-07 1 1 0
1  173 0 0 2.63141444335511
0

0101000
+3009 0 -3007 0 *
Ve
1e-07
19.89018388167 22.790468081835 0
0 0

0101101
*
Ed
 1e-07 1 1 0
1  174 0 0 6.04162989700599
0

0101000
+3007 0 -3005 0 *
Ve
1e-07
20.1490264347758 22.790468081835 0
0 0

0101101
*
Ed
 1e-07 1 1 0
1  175 0 0 0.258842553105779
0

0101000
+3005 0 -3003 0 *
Ve
1e-07
20.1490264347758 22.690468081835 0
0 0

0101101
*
Ed
 1e-07 1 1 0
1  176 0 0 0.0999999999999979
0

0101000
+3003 0 -3001 0 *
Ve
1e-07
18.4451762159459 22.690468081835 0
0 0

0101101
*
Ed
 1e-07 1 1 0
1  177 0 0 1.70385021882987
0

0101000
+3001 0 -2999 0 *
Ve
1e-07
18.4451762159459 22.790468081835 0
0 0

0101101
*
Ed
 1e-07 1 1 0
1  178 0 0 0.0999999999999979
0

0101000
+2999 0 -2997 0 *
Ve
1e-07
19.79018388167 22.790468081835 0
0 0

0101101
*
Ed
 1e-07 1 1 0
1  179 0 0 1.34500766572409
0

0101000
+2997 0 -2995 0 *
Ve
1e-07
19.79018388167 28.8320979788409 0
0 0

0101101
*
Ed
 1e-07 1 1 0
1  180 0 0 6.04162989700599
0

0101000
+2995 0 -2993 0 *
Ve
1e-07
17.1414100903858 28.8320979788409 0
0 0

0101101
*
Ed
 1e-07 1 1 0
1  181 0 0 2.64877379128421
0

0101000
+2993 0 -2991 0 *
Ve
1e-07
17.1414100903858 22.790468081835 0
0 0

0101101
*
Ed
 1e-07 1 1 0
1  182 0 0 6.04162989700599
0

0101000
+2991 0 -2989 0 *
Ve
1e-07
17.3781762159459 22.790468081835 0
0 0

0101101
*
Ed
 1e-07 1 1 0
1  183 0 0 0.236766125560109
0

0101000
+2989 0 -2987 0 *
Ve
1e-07
17.3781762159459 22.690468081835 0
0 0

0101101
*
Ed
 1e-07 1 1 0
1  184 0 0 0.100000000000009
0

0101000
+2987 0 -2985 0 *
Ve
1e-07
15.6867500775578 22.690468081835 0
0 0

0101101
*
Ed
 1e-07 1 1 0
1  185 0 0 1.69142613838807
0

0101000
+2985 0 -2983 0 *
Ve
1e-07
15.6867500775579 22.790468081835 0
0 0

0101101
*
Ed
 1e-07 1 1 0
1  186 0 0 0.100000000000009
0

0101000
+2983 0 -2981 0 *
Ve
1e-07
17.0414100903858 22.790468081835 0
0 0

0101101
*
Ed
 1e-07 1 1 0
1  187 0 0 1.35466001282794
0

0101000
+2981 0 -2979 0 *
Ve
1e-07
17.0414100903858 28.8320979788409 0
0 0

0101101
*
Ed
 1e-07 1 1 0
1  188 0 0 6.04162989700599
0

0101000
+2979 0 -2977 0 *
Ve
1e-07
14.3926362991016 28.8320979788409 0
0 0

0101101
*
Ed
 1e-07 1 1 0
1  189 0 0 2.64877379128423
0

0101000
+2977 0 -2975 0 *
Ve
1e-07
14.3926362991016 22.790468081835 0
0 0

0101101
*
Ed
 1e-07 1 1 0
1  190 0 0 6.04162989700599
0

0101000
+2975 0 -2973 0 *
Ve
1e-07
14.6197500775578 22.790468081835 0
0 0

0101101
*
Ed
 1e-07 1 1 0
1  191 0 0 0.22711377845628
0

0101000
+2973 0 -2971 0 *
Ve
1e-07
14.6197500775578 22.690468081835 0
0 0

0101101
*
Ed
 1e-07 1 1 0
1  192 0 0 0.0999999999999979
0

0101000
+2971 0 -2969 0 *
Ve
1e-07
12.8546599501842 22.690468081835 0
0 0

0101101
*
Ed
 1e-07 1 1 0
1  193 0 0 1.76509012737362
0

0101000
+2969 0 -2967 0 *
Ve
1e-07
12.8546599501842 22.790468081835 0
0 0

0101101
*
Ed
 1e-07 1 1 0
1  194 0 0 0.100000000000009
0

0101000
+2967 0 -2965 0 *
Ve
1e-07
14.2926362991016 22.790468081835 0
0 0

0101101
*
Ed
 1e-07 1 1 0
1  195 0 0 1.43797634891733
0

0101000
+2965 0 -2963 0 *
Ve
1e-07
14.2926362991016 28.8320979788409 0
0 0

0101101
*
Ed
 1e-07 1 1 0
1  196 0 0 6.04162989700599
0

0101000
+2963 0 -2961 0 *
Ve
1e-07
11.5508938246241 28.8320979788409 0
0 0

0101101
*
Ed
 1e-07 1 1 0
1  197 0 0 2.74174247447743
0

0101000
+2961 0 -2959 0 *
Ve
1e-07
11.5508938246241 22.790468081835 0
0 0

0101101
*
Ed
 1e-07 1 1 0
1  198 0 0 6.04162989700599
0

0101000
+2959 0 -2957 0 *
Ve
1e-07
11.7876599501842 22.790468081835 0
0 0

0101101
*
Ed
 1e-07 1 1 0
1  199 0 0 0.2367661255601
0

0101000
+2957 0 -2955 0 *
Ve
1e-07
11.7876599501842 22.690468081835 0
0 0

0101101
*
Ed
 1e-07 1 1 0
1  200 0 0 0.100000000000009
0

0101000
+2955 0 -2953 0 *
Ve
1e-07
10.0129174757068 22.690468081835 0
0 0

0101101
*
Ed
 1e-07 1 1 0
1  201 0 0 1.77474247447745
0

0101000
+2953 0 -2951 0 *
Ve
1e-07
10.0129174757068 22.790468081835 0
0 0

0101101
*
Ed
 1e-07 1 1 0
1  202 0 0 0.100000000000009
0

0101000
+2951 0 -2949 0 *
Ve
1e-07
11.4508938246241 22.790468081835 0
0 0

0101101
*
Ed
 1e-07 1 1 0
1  203 0 0 1.43797634891734
0

0101000
+2949 0 -2947 0 *
Ve
1e-07
11.4508938246241 28.8320979788409 0
0 0

0101101
*
Ed
 1e-07 1 1 0
1  204 0 0 6.04162989700599
0

0101000
+2947 0 -2945 0 *
Ve
1e-07
8.70915135014667 28.8320979788409 0
0 0

0101101
*
Ed
 1e-07 1 1 0
1  205 0 0 2.74174247447743
0

0101000
+2945 0 -2943 0 *
Ve
1e-07
8.70915135014667 22.790468081835 0
0 0

0101101
*
Ed
 1e-07 1 1 0
1  206 0 0 6.04162989700599
0

0101000
+2943 0 -2941 0 *
Ve
1e-07
8.94591747570678 22.790468081835 0
0 0

0101101
*
Ed
 1e-07 1 1 0
1  207 0 0 0.236766125560109
0

0101000
+2941 0 -2939 0 *
Ve
1e-07
8.94591747570676 22.690468081835 0
0 0

0101101
*
Ed
 1e-07 1 1 0
1  208 0 0 0.100000000000009
0

0101000
+2939 0 -2937 0 *
Ve
1e-07
8.60915135014666 22.690468081835 0
0 0

0101101
*
Ed
 1e-07 1 1 0
1  209 0 0 0.336766125560104
0

0101000
+2937 0 -2935 0 *
Ve
1e-07
8.60915135014666 28.8320979788409 0
0 0

0101101
*
Ed
 1e-07 1 1 0
1  210 0 0 6.141629897006
0

0101000
+2935 0 -2933 0 *
Ve
1e-07
6.08805030680819 28.8320979788409 0
0 0

0101101
*
Ed
 1e-07 1 1 0
1  211 0 0 2.52110104333848
0

0101000
+2933 0 -2931 0 *
Ve
1e-07
6.08805030680819 27.2532548916278 0
0 0

0101101
*
Ed
 1e-07 1 1 0
1  212 0 0 1.57884308721316
0

0101000
+2931 0 -2929 0 *
Ve
1e-07
5.98805030680819 27.2532548916473 0
0 0

0101101
*
Ed
 1e-07 1 1 0
1  213 0 0 0.0999999999999943
0

0101000
+2929 0 -2927 0 *
Ve
1e-07
5.98805030680819 28.8320979788409 0
0 0

0101101
*
Ed
 1e-07 1 1 0
1  214 0 0 1.57884308719361
0

0101000
+2927 0 -2925 0 *
Ve
1e-07
0.299999999999997 28.8320979788409 0
0 0

0101101
*
Ed
 1e-07 1 1 0
1  215 0 0 5.68805030680819
0

0101000
+2925 0 -2923 0 *
Ve
1e-07
0.299752649086983 25.861283030338 0
0 0

0101101
*
Ed
 1e-07 1 1 0
1  216 0 0 2.97081495880024
0

0101000
+2923 0 -2921 0 *
Ve
1e-07
5.98805030680819 25.861283030338 0
0 0

0101101
*
Ed
 1e-07 1 1 0
1  217 0 0 5.68829765772121
0

0101000
+2921 0 -2919 0 *
Ve
1e-07
5.98805030680819 26.1862548916474 0
0 0

0101101
*
Ed
 1e-07 1 1 0
1  218 0 0 0.32497186130939
0

0101000
+2919 0 -2917 0 *
Ve
1e-07
6.08805030680819 26.1862548916305 0
0 0

0101101
*
Ed
 1e-07 1 1 0
1  219 0 0 0.0999999999999943
0

0101000
+2917 0 -2915 0 *
Ve
1e-07
6.08805030680819 24.1824399431443 0
0 0

0101101
*
Ed
 1e-07 1 1 0
1  220 0 0 2.00381494848613
0

0101000
+2915 0 -2913 0 *
Ve
1e-07
5.98805030680819 24.1824399431443 0
0 0

0101101
*
Ed
 1e-07 1 1 0
1  221 0 0 0.0999999999999943
0

0101000
+2913 0 -2911 0 *
Ve
1e-07
5.98805030680819 25.7612830303379 0
0 0

0101101
*
Ed
 1e-07 1 1 0
1  222 0 0 1.5788430871936
0

0101000
+2911 0 -2909 0 *
Ve
1e-07
0.299750602032503 25.7612830305056 0
0 0

0101101
*
Ed
 1e-07 1 1 0
1  223 0 0 5.68829970477569
0

0101000
+2909 0 -2907 0 *
Ve
1e-07
0.299505298173969 22.790468081835 0
0 0

0101101
*
Ed
 1e-07 1 1 0
1  224 0 0 2.97081495879813
0

0101000
+2907 0 -2905 0 *
Ve
1e-07
5.98805030680819 22.790468081835 0
0 0

0101101
*
Ed
 1e-07 1 1 0
1  225 0 0 5.68854500863422
0

0101000
+2905 0 -2903 0 *
Ve
1e-07
5.98805030680819 23.1154399431443 0
0 0

0101101
*
Ed
 1e-07 1 1 0
1  226 0 0 0.32497186130939
0

0101000
+2903 0 -2901 0 *
Ve
1e-07
6.08805030680819 23.1154399431443 0
0 0

0101101
*
Ed
 1e-07 1 1 0
1  227 0 0 0.0999999999999943
0

0101000
+2901 0 -2899 0 *
Ve
1e-07
6.08805030680819 21.435671024691 0
0 0

0101101
*
Ed
 1e-07 1 1 0
1  228 0 0 1.67976891845333
0

0101000
+2899 0 -2897 0 *
Ve
1e-07
5.98805030680819 21.435671024691 0
0 0

0101101
*
Ed
 1e-07 1 1 0
1  229 0 0 0.0999999999999943
0

0101000
+2897 0 -2895 0 *
Ve
1e-07
5.98805030680819 22.690468081835 0
0 0

0101101
*
Ed
 1e-07 1 1 0
1  230 0 0 1.25479705714396
0

0101000
+2895 0 -2893 0 *
Ve
1e-07
0.299752649086983 22.690468081835 0
0 0

0101101
*
Ed
 1e-07 1 1 0
1  231 0 0 5.68829765772121
0

0101000
+2893 0 -2891 0 *
Ve
1e-07
0.299404062203792 20.0436991633816 0
0 0

0101101
*
Ed
 1e-07 1 1 0
1  232 0 0 2.64676894140827
0

0101000
+2891 0 -2889 0 *
Ve
1e-07
5.98805030680819 20.0436991633816 0
0 0

0101101
*
Ed
 1e-07 1 1 0
1  233 0 0 5.6886462446044
0

0101000
+2889 0 -2887 0 *
Ve
1e-07
5.98805030680819 20.368671024691 0
0 0

0101101
*
Ed
 1e-07 1 1 0
1  234 0 0 0.32497186130939
0

0101000
+2887 0 -2885 0 *
Ve
1e-07
6.08805030680819 20.368671024691 0
0 0

0101101
*
Ed
 1e-07 1 1 0
1  235 0 0 0.0999999999999943
0

0101000
+2885 0 -2883 0 *
Ve
1e-07
6.08805030680819 18.6969437166548 0
0 0

0101101
*
Ed
 1e-07 1 1 0
1  236 0 0 1.67172730803622
0

0101000
+2883 0 -2881 0 *
Ve
1e-07
5.98805030680819 18.6969437166548 0
0 0

0101101
*
Ed
 1e-07 1 1 0
1  237 0 0 0.0999999999999943
0

0101000
+2881 0 -2879 0 *
Ve
1e-07
5.98805030680819 19.9436991633816 0
0 0

0101101
*
Ed
 1e-07 1 1 0
1  238 0 0 1.24675544672682
0

0101000
+2879 0 -2877 0 *
Ve
1e-07
0.299400830680355 19.9436991637993 0
0 0

0101101
*
Ed
 1e-07 1 1 0
1  239 0 0 5.68864947612784
0

0101000
+2877 0 -2875 0 *
Ve
1e-07
0.2990554753206 17.2969302449283 0
0 0

0101101
*
Ed
 1e-07 1 1 0
1  240 0 0 2.64676894140237
0

0101000
+2875 0 -2873 0 *
Ve
1e-07
5.98805030680819 17.2969302449283 0
0 0

0101101
*
Ed
 1e-07 1 1 0
1  241 0 0 5.68899483148759
0

0101000
+2873 0 -2871 0 *
Ve
1e-07
5.98805030680819 17.6299437166548 0
0 0

0101101
*
Ed
 1e-07 1 1 0
1  242 0 0 0.33301347172652
0

0101000
+2871 0 -2869 0 *
Ve
1e-07
6.08805030680819 17.6299437166548 0
0 0

0101101
*
Ed
 1e-07 1 1 0
1  243 0 0 0.0999999999999943
0

0101000
+2869 0 -2867 0 *
Ve
1e-07
6.08805030680819 15.962361140935 0
0 0

0101101
*
Ed
 1e-07 1 1 0
1  244 0 0 1.66758257571976
0

0101000
+2867 0 -2865 0 *
Ve
1e-07
5.98805030680819 15.962361140935 0
0 0

0101101
*
Ed
 1e-07 1 1 0
1  245 0 0 0.0999999999999943
0

0101000
+2865 0 -2863 0 *
Ve
1e-07
5.98805030680819 17.1969302449283 0
0 0

0101101
*
Ed
 1e-07 1 1 0
1  246 0 0 1.23456910399327
0

0101000
+2863 0 -2861 0 *
Ve
1e-07
0.299527737660298 17.1969302449283 0
0 0

0101101
*
Ed
 1e-07 1 1 0
1  247 0 0 5.68852256914789
0

0101000
+2861 0 -2859 0 *
Ve
1e-07
0.299068351372654 14.5703892796256 0
0 0

0101101
*
Ed
 1e-07 1 1 0
1  248 0 0 2.62654100547636
0

0101000
+2859 0 -2857 0 *
Ve
1e-07
5.98805030680819 14.5703892796256 0
0 0

0101101
*
Ed
 1e-07 1 1 0
1  249 0 0 5.68898195543554
0

0101000
+2857 0 -2855 0 *
Ve
1e-07
5.98805030680819 14.895361140935 0
0 0

0101101
*
Ed
 1e-07 1 1 0
1  250 0 0 0.324971861309391
0

0101000
+2855 0 -2853 0 *
Ve
1e-07
6.08805030680819 14.895361140935 0
0 0

0101101
*
Ed
 1e-07 1 1 0
1  251 0 0 0.0999999999999943
0

0101000
+2853 0 -2851 0 *
Ve
1e-07
6.08805030680819 13.1000097093293 0
0 0

0101101
*
Ed
 1e-07 1 1 0
1  252 0 0 1.79535143160568
0

0101000
+2851 0 -2849 0 *
Ve
1e-07
5.98805030680819 13.1000097093293 0
0 0

0101101
*
Ed
 1e-07 1 1 0
1  253 0 0 0.0999999999999943
0

0101000
+2849 0 -2847 0 *
Ve
1e-07
5.98805030680819 14.4703892796256 0
0 0

0101101
*
Ed
 1e-07 1 1 0
1  254 0 0 1.3703795702963
0

0101000
+2847 0 -2845 0 *
Ve
1e-07
0.299064060514809 14.4703892803621 0
0 0

0101101
*
Ed
 1e-07 1 1 0
1  255 0 0 5.68898624629338
0

0101000
+2845 0 -2843 0 *
Ve
1e-07
0.298608965085037 11.8438483143229 0
0 0

0101101
*
Ed
 1e-07 1 1 0
1  256 0 0 2.62654100546585
0

0101000
+2843 0 -2841 0 *
Ve
1e-07
5.98805030680819 11.8438483143229 0
0 0

0101101
*
Ed
 1e-07 1 1 0
1  257 0 0 5.68944134172315
0

0101000
+2841 0 -2839 0 *
Ve
1e-07
5.98805030680819 12.0330097093293 0
0 0

0101101
*
Ed
 1e-07 1 1 0
1  258 0 0 0.189161395006371
0

0101000
+2839 0 -2837 0 *
Ve
1e-07
6.08805030680819 12.0330097093293 0
0 0

0101101
*
Ed
 1e-07 1 1 0
1  259 0 0 0.0999999999999943
0

0101000
+2837 0 -2835 0 *
Ve
1e-07
6.08805030680819 11.743848314323 0
0 0

0101101
*
Ed
 1e-07 1 1 0
1  260 0 0 0.28916139500636
0

0101000
+2835 0 -2833 0 *
Ve
1e-07
0.29930448254251 11.743848314323 0
0 0

0101101
*
Ed
 1e-07 1 1 0
1  261 0 0 5.78874582426567
0

0101000
+2833 0 -2831 0 *
Ed
 1e-07 1 1 0
1  262 0 0 5.6252805535278
0

0101000
+2831 0 -3352 0 *
Wi

0101100
+3350 0 +3348 0 +3346 0 +3344 0 +3342 0 +3340 0 +3338 0 +3336 0 +3334 0 +3332 0 
+3330 0 +3328 0 +3326 0 +3324 0 +3322 0 +3320 0 +3318 0 +3316 0 +3314 0 +3312 0 
+3310 0 +3308 0 +3306 0 +3304 0 +3302 0 +3300 0 +3298 0 +3296 0 +3294 0 +3292 0 
+3290 0 +3288 0 +3286 0 +3284 0 +3282 0 +3280 0 +3278 0 +3276 0 +3274 0 +3272 0 
+3270 0 +3268 0 +3266 0 +3264 0 +3262 0 +3260 0 +3258 0 +3256 0 +3254 0 +3252 0 
+3250 0 +3248 0 +3246 0 +3244 0 +3242 0 +3240 0 +3238 0 +3236 0 +3234 0 +3232 0 
+3230 0 +3228 0 +3226 0 +3224 0 +3222 0 +3220 0 +3218 0 +3216 0 +3214 0 +3212 0 
+3210 0 +3208 0 +3206 0 +3204 0 +3202 0 +3200 0 +3198 0 +3196 0 +3194 0 +3192 0 
+3190 0 +3188 0 +3186 0 +3184 0 +3182 0 +3180 0 +3178 0 +3176 0 +3174 0 +3172 0 
+3170 0 +3168 0 +3166 0 +3164 0 +3162 0 +3160 0 +3158 0 +3156 0 +3154 0 +3152 0 
+3150 0 +3148 0 +3146 0 +3144 0 +3142 0 +3140 0 +3138 0 +3136 0 +3134 0 +3132 0 
+3130 0 +3128 0 +3126 0 +3124 0 +3122 0 +3120 0 +3118 0 +3116 0 +3114 0 +3112 0 
+3110 0 +3108 0 +3106 0 +3104 0 +3102 0 +3100 0 +3098 0 +3096 0 +3094 0 +3092 0 
+3090 0 +3088 0 +3086 0 +3084 0 +3082 0 +3080 0 +3078 0 +3076 0 +3074 0 +3072 0 
+3070 0 +3068 0 +3066 0 +3064 0 +3062 0 +3060 0 +3058 0 +3056 0 +3054 0 +3052 0 
+3050 0 +3048 0 +3046 0 +3044 0 +3042 0 +3040 0 +3038 0 +3036 0 +3034 0 +3032 0 
+3030 0 +3028 0 +3026 0 +3024 0 +3022 0 +3020 0 +3018 0 +3016 0 +3014 0 +3012 0 
+3010 0 +3008 0 +3006 0 +3004 0 +3002 0 +3000 0 +2998 0 +2996 0 +2994 0 +2992 0 
+2990 0 +2988 0 +2986 0 +2984 0 +2982 0 +2980 0 +2978 0 +2976 0 +2974 0 +2972 0 
+2970 0 +2968 0 +2966 0 +2964 0 +2962 0 +2960 0 +2958 0 +2956 0 +2954 0 +2952 0 
+2950 0 +2948 0 +2946 0 +2944 0 +2942 0 +2940 0 +2938 0 +2936 0 +2934 0 +2932 0 
+2930 0 +2928 0 +2926 0 +2924 0 +2922 0 +2920 0 +2918 0 +2916 0 +2914 0 +2912 0 
+2910 0 +2908 0 +2906 0 +2904 0 +2902 0 +2900 0 +2898 0 +2896 0 +2894 0 +2892 0 
+2890 0 +2888 0 +2886 0 +2884 0 +2882 0 +2880 0 +2878 0 +2876 0 +2874 0 +2872 0 
+2870 0 +2868 0 +2866 0 +2864 0 +2862 0 +2860 0 +2858 0 +2856 0 +2854 0 +2852 0 
+2850 0 +2848 0 +2846 0 +2844 0 +2842 0 +2840 0 +2838 0 +2836 0 +2834 0 +2832 0 
+2830 0 +2829 0 *
Ve
1e-07
33.7925966896393 17.5409642036641 0
0 0

0101101
*
Ve
1e-07
34.3925966896393 17.5409642036641 0
0 0

0101101
*
Ed
 1e-07 1 1 0
1  263 0 0 0.600000000000001
0

0101000
+2827 0 -2826 0 *
Ve
1e-07
34.3925966896393 18.1409642036641 0
0 0

0101101
*
Ed
 1e-07 1 1 0
1  264 0 0 0.600000000000001
0

0101000
+2826 0 -2824 0 *
Ve
1e-07
33.7925966896393 18.1409642036641 0
0 0

0101101
*
Ed
 1e-07 1 1 0
1  265 0 0 0.600000000000001
0

0101000
+2824 0 -2822 0 *
Ed
 1e-07 1 1 0
1  266 0 0 0.600000000000001
0

0101000
+2822 0 -2827 0 *
Wi

0101100
+2825 0 +2823 0 +2821 0 +2820 0 *
Ve
1e-07
33.7900039095012 16.768315722499 0
0 0

0101101
*
Ve
1e-07
34.3900039095012 16.768315722499 0
0 0

0101101
*
Ed
 1e-07 1 1 0
1  267 0 0 0.599999999999987
0

0101000
+2818 0 -2817 0 *
Ve
1e-07
34.3900039095012 17.3683157224989 0
0 0

0101101
*
Ed
 1e-07 1 1 0
1  268 0 0 0.599999999999998
0

0101000
+2817 0 -2815 0 *
Ve
1e-07
33.7900039095012 17.3683157224989 0
0 0

0101101
*
Ed
 1e-07 1 1 0
1  269 0 0 0.599999999999987
0

0101000
+2815 0 -2813 0 *
Ed
 1e-07 1 1 0
1  270 0 0 0.599999999999998
0

0101000
+2813 0 -2818 0 *
Wi

0101100
+2816 0 +2814 0 +2812 0 +2811 0 *
Ve
1e-07
33.7692616683961 15.9775177803668 0
0 0

0101101
*
Ve
1e-07
34.3692616683961 15.9775177803668 0
0 0

0101101
*
Ed
 1e-07 1 1 0
1  271 0 0 0.600000000000001
0

0101000
+2809 0 -2808 0 *
Ve
1e-07
34.3692616683961 16.5775177803668 0
0 0

0101101
*
Ed
 1e-07 1 1 0
1  272 0 0 0.6
0

0101000
+2808 0 -2806 0 *
Ve
1e-07
33.7692616683961 16.5775177803668 0
0 0

0101101
*
Ed
 1e-07 1 1 0
1  273 0 0 0.600000000000001
0

0101000
+2806 0 -2804 0 *
Ed
 1e-07 1 1 0
1  274 0 0 0.6
0

0101000
+2804 0 -2809 0 *
Wi

0101100
+2807 0 +2805 0 +2803 0 +2802 0 *
Ve
1e-07
35.6619911692369 15.9541827591236 0
0 0

0101101
*
Ve
1e-07
36.2619911692369 15.9541827591236 0
0 0

0101101
*
Ed
 1e-07 1 1 0
1  275 0 0 0.600000000000001
0

0101000
+2800 0 -2799 0 *
Ve
1e-07
36.2619911692369 16.5541827591236 0
0 0

0101101
*
Ed
 1e-07 1 1 0
1  276 0 0 0.600000000000001
0

0101000
+2799 0 -2797 0 *
Ve
1e-07
35.6619911692369 16.5541827591236 0
0 0

0101101
*
Ed
 1e-07 1 1 0
1  277 0 0 0.600000000000001
0

0101000
+2797 0 -2795 0 *
Ed
 1e-07 1 1 0
1  278 0 0 0.600000000000001
0

0101000
+2795 0 -2800 0 *
Wi

0101100
+2798 0 +2796 0 +2794 0 +2793 0 *
Ve
1e-07
35.6568056089606 16.7812796231896 0
0 0

0101101
*
Ve
1e-07
36.2568056089606 16.7812796231896 0
0 0

0101101
*
Ed
 1e-07 1 1 0
1  279 0 0 0.599999999999987
0

0101000
+2791 0 -2790 0 *
Ve
1e-07
36.2568056089606 17.3812796231896 0
0 0

0101101
*
Ed
 1e-07 1 1 0
1  280 0 0 0.600000000000012
0

0101000
+2790 0 -2788 0 *
Ve
1e-07
35.6568056089606 17.3812796231896 0
0 0

0101101
*
Ed
 1e-07 1 1 0
1  281 0 0 0.599999999999987
0

0101000
+2788 0 -2786 0 *
Ed
 1e-07 1 1 0
1  282 0 0 0.600000000000012
0

0101000
+2786 0 -2791 0 *
Wi

0101100
+2789 0 +2787 0 +2785 0 +2784 0 *
Ve
1e-07
35.6412489281318 17.502072501592 0
0 0

0101101
*
Ve
1e-07
36.2412489281318 17.502072501592 0
0 0

0101101
*
Ed
 1e-07 1 1 0
1  283 0 0 0.600000000000023
0

0101000
+2782 0 -2781 0 *
Ve
1e-07
36.2412489281318 18.102072501592 0
0 0

0101101
*
Ed
 1e-07 1 1 0
1  284 0 0 0.600000000000009
0

0101000
+2781 0 -2779 0 *
Ve
1e-07
35.6412489281318 18.102072501592 0
0 0

0101101
*
Ed
 1e-07 1 1 0
1  285 0 0 0.600000000000023
0

0101000
+2779 0 -2777 0 *
Ed
 1e-07 1 1 0
1  286 0 0 0.600000000000009
0

0101000
+2777 0 -2782 0 *
Wi

0101100
+2780 0 +2778 0 +2776 0 +2775 0 *
Ve
1e-07
34.4732239614483 15.840429540604 0
0 0

0101101
*
Ve
1e-07
35.5366300251491 15.840429540604 0
0 0

0101101
*
Ed
 1e-07 1 1 0
1  287 0 0 1.06340606370071
0

0101000
+2773 0 -2772 0 *
Ve
1e-07
35.5366300251491 18.1826158854749 0
0 0

0101101
*
Ed
 1e-07 1 1 0
1  288 0 0 2.34218634487092
0

0101000
+2772 0 -2770 0 *
Ve
1e-07
34.4732239614483 18.1826158854749 0
0 0

0101101
*
Ed
 1e-07 1 1 0
1  289 0 0 1.06340606370071
0

0101000
+2770 0 -2768 0 *
Ed
 1e-07 1 1 0
1  290 0 0 2.34218634487092
0

0101000
+2768 0 -2773 0 *
Wi

0101100
+2771 0 +2769 0 +2767 0 +2766 0 *
Ve
1e-07
13.1631422021578 14.5150150505951 0
0 0

0101101
*
Ve
1e-07
13.1631422021578 17.8617732017731 0
0 0

0101101
*
Ed
 1e-07 1 1 0
1  291 0 0 3.3467581511779
0

0101000
+2764 0 -2763 0 *
Ve
1e-07
8.80915135014665 17.8617732017731 0
0 0

0101101
*
Ed
 1e-07 1 1 0
1  292 0 0 4.35399085201112
0

0101000
+2763 0 -2761 0 *
Ve
1e-07
8.80915135014665 8.37830074840356 0
0 0

0101101
*
Ed
 1e-07 1 1 0
1  293 0 0 9.48347245336949
0

0101000
+2761 0 -2759 0 *
Ve
1e-07
13.1631422021578 8.37830074840355 0
0 0

0101101
*
Ed
 1e-07 1 1 0
1  294 0 0 4.35399085201112
0

0101000
+2759 0 -2757 0 *
Ve
1e-07
13.1631422021578 13.4480150505951 0
0 0

0101101
*
Ed
 1e-07 1 1 0
1  295 0 0 5.0697143021916
0

0101000
+2757 0 -2755 0 *
Ve
1e-07
13.3631422021578 13.4480150505951 0
0 0

0101101
*
Ed
 1e-07 1 1 0
1  296 0 0 0.19999999999999
0

0101000
+2755 0 -2753 0 *
Ve
1e-07
13.3631422021578 8.17830074840354 0
0 0

0101101
*
Ed
 1e-07 1 1 0
1  297 0 0 5.26971430219161
0

0101000
+2753 0 -2751 0 *
Ve
1e-07
8.60915135014666 8.17830074840354 0
0 0

0101101
*
Ed
 1e-07 1 1 0
1  298 0 0 4.7539908520111
0

0101000
+2751 0 -2749 0 *
Ve
1e-07
8.60915135014666 20.630263680464 0
0 0

0101101
*
Ed
 1e-07 1 1 0
1  299 0 0 12.4519629320604
0

0101000
+2749 0 -2747 0 *
Ve
1e-07
13.3631422021578 20.630263680464 0
0 0

0101101
*
Ed
 1e-07 1 1 0
1  300 0 0 4.7539908520111
0

0101000
+2747 0 -2745 0 *
Ve
1e-07
13.3631422021578 19.3420882418844 0
0 0

0101101
*
Ed
 1e-07 1 1 0
1  301 0 0 1.28817543857955
0

0101000
+2745 0 -2743 0 *
Ve
1e-07
13.2631422021578 19.3420882418844 0
0 0

0101101
*
Ed
 1e-07 1 1 0
1  302 0 0 0.0999999999999908
0

0101000
+2743 0 -2741 0 *
Ve
1e-07
13.2631422021578 20.530263680464 0
0 0

0101101
*
Ed
 1e-07 1 1 0
1  303 0 0 1.18817543857956
0

0101000
+2741 0 -2739 0 *
Ve
1e-07
8.70915135014666 20.530263680464 0
0 0

0101101
*
Ed
 1e-07 1 1 0
1  304 0 0 4.55399085201111
0

0101000
+2739 0 -2737 0 *
Ve
1e-07
8.70915135014666 18.0617732017731 0
0 0

0101101
*
Ed
 1e-07 1 1 0
1  305 0 0 2.46849047869092
0

0101000
+2737 0 -2735 0 *
Ve
1e-07
13.2631422021578 18.0617732017731 0
0 0

0101101
*
Ed
 1e-07 1 1 0
1  306 0 0 4.55399085201111
0

0101000
+2735 0 -2733 0 *
Ve
1e-07
13.2631422021578 18.2750882418844 0
0 0

0101101
*
Ed
 1e-07 1 1 0
1  307 0 0 0.213315040111368
0

0101000
+2733 0 -2731 0 *
Ve
1e-07
13.3631422021578 18.2750882418844 0
0 0

0101101
*
Ed
 1e-07 1 1 0
1  308 0 0 0.0999999999999908
0

0101000
+2731 0 -2729 0 *
Ve
1e-07
13.3631422021578 14.5150150505951 0
0 0

0101101
*
Ed
 1e-07 1 1 0
1  309 0 0 3.76007319128927
0

0101000
+2729 0 -2727 0 *
Ed
 1e-07 1 1 0
1  310 0 0 0.19999999999999
0

0101000
+2727 0 -2764 0 *
Wi

0101100
+2762 0 +2760 0 +2758 0 +2756 0 +2754 0 +2752 0 +2750 0 +2748 0 +2746 0 +2744 0 
+2742 0 +2740 0 +2738 0 +2736 0 +2734 0 +2732 0 +2730 0 +2728 0 +2726 0 +2725 0 
*
Ve
1e-07
45.3921866468569 14.5150150505951 0
0 0

0101101
*
Ve
1e-07
45.3921866468569 17.8617732017731 0
0 0

0101101
*
Ed
 1e-07 1 1 0
1  311 0 0 3.3467581511779
0

0101000
+2723 0 -2722 0 *
Ve
1e-07
49.746177498868 17.8617732017731 0
0 0

0101101
*
Ed
 1e-07 1 1 0
1  312 0 0 4.35399085201112
0

0101000
+2722 0 -2720 0 *
Ve
1e-07
49.746177498868 8.37830074840356 0
0 0

0101101
*
Ed
 1e-07 1 1 0
1  313 0 0 9.48347245336949
0

0101000
+2720 0 -2718 0 *
Ve
1e-07
45.3921866468569 8.37830074840355 0
0 0

0101101
*
Ed
 1e-07 1 1 0
1  314 0 0 4.35399085201112
0

0101000
+2718 0 -2716 0 *
Ve
1e-07
45.3921866468569 13.4480150505951 0
0 0

0101101
*
Ed
 1e-07 1 1 0
1  315 0 0 5.0697143021916
0

0101000
+2716 0 -2714 0 *
Ve
1e-07
45.1921866468569 13.4480150505951 0
0 0

0101101
*
Ed
 1e-07 1 1 0
1  316 0 0 0.199999999999996
0

0101000
+2714 0 -2712 0 *
Ve
1e-07
45.1921866468569 8.17830074840354 0
0 0

0101101
*
Ed
 1e-07 1 1 0
1  317 0 0 5.26971430219161
0

0101000
+2712 0 -2710 0 *
Ve
1e-07
49.946177498868 8.17830074840354 0
0 0

0101101
*
Ed
 1e-07 1 1 0
1  318 0 0 4.75399085201111
0

0101000
+2710 0 -2708 0 *
Ve
1e-07
49.946177498868 20.630263680464 0
0 0

0101101
*
Ed
 1e-07 1 1 0
1  319 0 0 12.4519629320604
0

0101000
+2708 0 -2706 0 *
Ve
1e-07
45.1921866468569 20.630263680464 0
0 0

0101101
*
Ed
 1e-07 1 1 0
1  320 0 0 4.75399085201111
0

0101000
+2706 0 -2704 0 *
Ve
1e-07
45.1921866468569 19.3420882418844 0
0 0

0101101
*
Ed
 1e-07 1 1 0
1  321 0 0 1.28817543857955
0

0101000
+2704 0 -2702 0 *
Ve
1e-07
45.2921866468569 19.3420882418844 0
0 0

0101101
*
Ed
 1e-07 1 1 0
1  322 0 0 0.0999999999999943
0

0101000
+2702 0 -2700 0 *
Ve
1e-07
45.2921866468569 20.530263680464 0
0 0

0101101
*
Ed
 1e-07 1 1 0
1  323 0 0 1.18817543857956
0

0101000
+2700 0 -2698 0 *
Ve
1e-07
49.846177498868 20.530263680464 0
0 0

0101101
*
Ed
 1e-07 1 1 0
1  324 0 0 4.55399085201111
0

0101000
+2698 0 -2696 0 *
Ve
1e-07
49.846177498868 18.0617732017731 0
0 0

0101101
*
Ed
 1e-07 1 1 0
1  325 0 0 2.46849047869092
0

0101000
+2696 0 -2694 0 *
Ve
1e-07
45.2921866468569 18.0617732017731 0
0 0

0101101
*
Ed
 1e-07 1 1 0
1  326 0 0 4.55399085201111
0

0101000
+2694 0 -2692 0 *
Ve
1e-07
45.2921866468569 18.2750882418844 0
0 0

0101101
*
Ed
 1e-07 1 1 0
1  327 0 0 0.213315040111368
0

0101000
+2692 0 -2690 0 *
Ve
1e-07
45.1921866468569 18.2750882418844 0
0 0

0101101
*
Ed
 1e-07 1 1 0
1  328 0 0 0.0999999999999943
0

0101000
+2690 0 -2688 0 *
Ve
1e-07
45.1921866468569 14.5150150505951 0
0 0

0101101
*
Ed
 1e-07 1 1 0
1  329 0 0 3.76007319128927
0

0101000
+2688 0 -2686 0 *
Ed
 1e-07 1 1 0
1  330 0 0 0.199999999999996
0

0101000
+2686 0 -2723 0 *
Wi

0101100
+2721 0 +2719 0 +2717 0 +2715 0 +2713 0 +2711 0 +2709 0 +2707 0 +2705 0 +2703 0 
+2701 0 +2699 0 +2697 0 +2695 0 +2693 0 +2691 0 +2689 0 +2687 0 +2685 0 +2684 0 
*
Ve
1e-07
17.7166672926101 15.370229225144 0
0 0

0101101
*
Ve
1e-07
18.3166672926101 15.370229225144 0
0 0

0101101
*
Ed
 1e-07 1 1 0
1  331 0 0 0.599999999999991
0

0101000
+2682 0 -2681 0 *
Ve
1e-07
18.3166672926101 15.970229225144 0
0 0

0101101
*
Ed
 1e-07 1 1 0
1  332 0 0 0.60000000000001
0

0101000
+2681 0 -2679 0 *
Ve
1e-07
17.7166672926101 15.970229225144 0
0 0

0101101
*
Ed
 1e-07 1 1 0
1  333 0 0 0.599999999999991
0

0101000
+2679 0 -2677 0 *
Ed
 1e-07 1 1 0
1  334 0 0 0.60000000000001
0

0101000
+2677 0 -2682 0 *
Wi

0101100
+2680 0 +2678 0 +2676 0 +2675 0 *
Ve
1e-07
17.7140745124719 14.5975807439788 0
0 0

0101101
*
Ve
1e-07
18.3140745124719 14.5975807439788 0
0 0

0101101
*
Ed
 1e-07 1 1 0
1  335 0 0 0.599999999999998
0

0101000
+2673 0 -2672 0 *
Ve
1e-07
18.3140745124719 15.1975807439788 0
0 0

0101101
*
Ed
 1e-07 1 1 0
1  336 0 0 0.600000000000001
0

0101000
+2672 0 -2670 0 *
Ve
1e-07
17.7140745124719 15.1975807439788 0
0 0

0101101
*
Ed
 1e-07 1 1 0
1  337 0 0 0.599999999999998
0

0101000
+2670 0 -2668 0 *
Ed
 1e-07 1 1 0
1  338 0 0 0.600000000000001
0

0101000
+2668 0 -2673 0 *
Wi

0101100
+2671 0 +2669 0 +2667 0 +2666 0 *
Ve
1e-07
17.6933322713668 13.8067828018467 0
0 0

0101101
*
Ve
1e-07
18.2933322713668 13.8067828018467 0
0 0

0101101
*
Ed
 1e-07 1 1 0
1  339 0 0 0.599999999999987
0

0101000
+2664 0 -2663 0 *
Ve
1e-07
18.2933322713668 14.4067828018467 0
0 0

0101101
*
Ed
 1e-07 1 1 0
1  340 0 0 0.599999999999989
0

0101000
+2663 0 -2661 0 *
Ve
1e-07
17.6933322713668 14.4067828018467 0
0 0

0101101
*
Ed
 1e-07 1 1 0
1  341 0 0 0.599999999999987
0

0101000
+2661 0 -2659 0 *
Ed
 1e-07 1 1 0
1  342 0 0 0.599999999999989
0

0101000
+2659 0 -2664 0 *
Wi

0101100
+2662 0 +2660 0 +2658 0 +2657 0 *
Ve
1e-07
17.6855539309524 13.0107992994383 0
0 0

0101101
*
Ve
1e-07
18.2855539309524 13.0107992994383 0
0 0

0101101
*
Ed
 1e-07 1 1 0
1  343 0 0 0.60000000000003
0

0101000
+2655 0 -2654 0 *
Ve
1e-07
18.2855539309524 13.6107992994383 0
0 0

0101101
*
Ed
 1e-07 1 1 0
1  344 0 0 0.60000000000001
0

0101000
+2654 0 -2652 0 *
Ve
1e-07
17.6855539309524 13.6107992994383 0
0 0

0101101
*
Ed
 1e-07 1 1 0
1  345 0 0 0.60000000000003
0

0101000
+2652 0 -2650 0 *
Ed
 1e-07 1 1 0
1  346 0 0 0.60000000000001
0

0101000
+2650 0 -2655 0 *
Wi

0101100
+2653 0 +2651 0 +2649 0 +2648 0 *
Ve
1e-07
19.5808762119313 12.9978353987476 0
0 0

0101101
*
Ve
1e-07
20.1808762119313 12.9978353987476 0
0 0

0101101
*
Ed
 1e-07 1 1 0
1  347 0 0 0.599999999999991
0

0101000
+2646 0 -2645 0 *
Ve
1e-07
20.1808762119313 13.5978353987476 0
0 0

0101101
*
Ed
 1e-07 1 1 0
1  348 0 0 0.599999999999991
0

0101000
+2645 0 -2643 0 *
Ve
1e-07
19.5808762119313 13.5978353987476 0
0 0

0101101
*
Ed
 1e-07 1 1 0
1  349 0 0 0.599999999999991
0

0101000
+2643 0 -2641 0 *
Ed
 1e-07 1 1 0
1  350 0 0 0.599999999999991
0

0101000
+2641 0 -2646 0 *
Wi

0101100
+2644 0 +2642 0 +2640 0 +2639 0 *
Ve
1e-07
19.5860617722076 13.7834477806035 0
0 0

0101101
*
Ve
1e-07
20.1860617722076 13.7834477806035 0
0 0

0101101
*
Ed
 1e-07 1 1 0
1  351 0 0 0.599999999999991
0

0101000
+2637 0 -2636 0 *
Ve
1e-07
20.1860617722076 14.3834477806035 0
0 0

0101101
*
Ed
 1e-07 1 1 0
1  352 0 0 0.599999999999991
0

0101000
+2636 0 -2634 0 *
Ve
1e-07
19.5860617722076 14.3834477806035 0
0 0

0101101
*
Ed
 1e-07 1 1 0
1  353 0 0 0.599999999999991
0

0101000
+2634 0 -2632 0 *
Ed
 1e-07 1 1 0
1  354 0 0 0.599999999999991
0

0101000
+2632 0 -2637 0 *
Wi

0101100
+2635 0 +2633 0 +2631 0 +2630 0 *
Ve
1e-07
19.5808762119313 14.6105446446695 0
0 0

0101101
*
Ve
1e-07
20.1808762119313 14.6105446446695 0
0 0

0101101
*
Ed
 1e-07 1 1 0
1  355 0 0 0.599999999999991
0

0101000
+2628 0 -2627 0 *
Ve
1e-07
20.1808762119313 15.2105446446695 0
0 0

0101101
*
Ed
 1e-07 1 1 0
1  356 0 0 0.60000000000001
0

0101000
+2627 0 -2625 0 *
Ve
1e-07
19.5808762119313 15.2105446446695 0
0 0

0101101
*
Ed
 1e-07 1 1 0
1  357 0 0 0.599999999999991
0

0101000
+2625 0 -2623 0 *
Ed
 1e-07 1 1 0
1  358 0 0 0.60000000000001
0

0101000
+2623 0 -2628 0 *
Wi

0101100
+2626 0 +2624 0 +2622 0 +2621 0 *
Ve
1e-07
19.5653195311025 15.3313375230719 0
0 0

0101101
*
Ve
1e-07
20.1653195311025 15.3313375230719 0
0 0

0101101
*
Ed
 1e-07 1 1 0
1  359 0 0 0.60000000000003
0

0101000
+2619 0 -2618 0 *
Ve
1e-07
20.1653195311025 15.9313375230719 0
0 0

0101101
*
Ed
 1e-07 1 1 0
1  360 0 0 0.6
0

0101000
+2618 0 -2616 0 *
Ve
1e-07
19.5653195311025 15.9313375230719 0
0 0

0101101
*
Ed
 1e-07 1 1 0
1  361 0 0 0.60000000000003
0

0101000
+2616 0 -2614 0 *
Ed
 1e-07 1 1 0
1  362 0 0 0.6
0

0101000
+2614 0 -2619 0 *
Wi

0101100
+2617 0 +2615 0 +2613 0 +2612 0 *
Ve
1e-07
18.3972945644191 12.8636392709988 0
0 0

0101101
*
Ve
1e-07
19.4607006281198 12.8636392709988 0
0 0

0101101
*
Ed
 1e-07 1 1 0
1  363 0 0 1.06340606370072
0

0101000
+2610 0 -2609 0 *
Ve
1e-07
19.4607006281198 16.0118809069548 0
0 0

0101101
*
Ed
 1e-07 1 1 0
1  364 0 0 3.148241635956
0

0101000
+2609 0 -2607 0 *
Ve
1e-07
18.3972945644191 16.0118809069548 0
0 0

0101101
*
Ed
 1e-07 1 1 0
1  365 0 0 1.06340606370072
0

0101000
+2607 0 -2605 0 *
Ed
 1e-07 1 1 0
1  366 0 0 3.148241635956
0

0101000
+2605 0 -2610 0 *
Wi

0101100
+2608 0 +2606 0 +2604 0 +2603 0 *
Ve
1e-07
21.7899904816069 15.3275766263063 0
0 0

0101101
*
Ve
1e-07
22.3899904816069 15.3275766263063 0
0 0

0101101
*
Ed
 1e-07 1 1 0
1  367 0 0 0.599999999999998
0

0101000
+2601 0 -2600 0 *
Ve
1e-07
22.3899904816069 15.9275766263063 0
0 0

0101101
*
Ed
 1e-07 1 1 0
1  368 0 0 0.6
0

0101000
+2600 0 -2598 0 *
Ve
1e-07
21.7899904816069 15.9275766263063 0
0 0

0101101
*
Ed
 1e-07 1 1 0
1  369 0 0 0.599999999999998
0

0101000
+2598 0 -2596 0 *
Ed
 1e-07 1 1 0
1  370 0 0 0.6
0

0101000
+2596 0 -2601 0 *
Wi

0101100
+2599 0 +2597 0 +2595 0 +2594 0 *
Ve
1e-07
21.7873977014688 14.5549281451412 0
0 0

0101101
*
Ve
1e-07
22.3873977014688 14.5549281451412 0
0 0

0101101
*
Ed
 1e-07 1 1 0
1  371 0 0 0.599999999999991
0

0101000
+2592 0 -2591 0 *
Ve
1e-07
22.3873977014688 15.1549281451412 0
0 0

0101101
*
Ed
 1e-07 1 1 0
1  372 0 0 0.599999999999989
0

0101000
+2591 0 -2589 0 *
Ve
1e-07
21.7873977014688 15.1549281451412 0
0 0

0101101
*
Ed
 1e-07 1 1 0
1  373 0 0 0.599999999999991
0

0101000
+2589 0 -2587 0 *
Ed
 1e-07 1 1 0
1  374 0 0 0.599999999999989
0

0101000
+2587 0 -2592 0 *
Wi

0101100
+2590 0 +2588 0 +2586 0 +2585 0 *
Ve
1e-07
21.7666554603637 13.764130203009 0
0 0

0101101
*
Ve
1e-07
22.3666554603637 13.764130203009 0
0 0

0101101
*
Ed
 1e-07 1 1 0
1  375 0 0 0.600000000000001
0

0101000
+2583 0 -2582 0 *
Ve
1e-07
22.3666554603637 14.3641302030091 0
0 0

0101101
*
Ed
 1e-07 1 1 0
1  376 0 0 0.600000000000001
0

0101000
+2582 0 -2580 0 *
Ve
1e-07
21.7666554603637 14.3641302030091 0
0 0

0101101
*
Ed
 1e-07 1 1 0
1  377 0 0 0.600000000000001
0

0101000
+2580 0 -2578 0 *
Ed
 1e-07 1 1 0
1  378 0 0 0.600000000000001
0

0101000
+2578 0 -2583 0 *
Wi

0101100
+2581 0 +2579 0 +2577 0 +2576 0 *
Ve
1e-07
21.7588771199493 12.9681467006007 0
0 0

0101101
*
Ve
1e-07
22.3588771199493 12.9681467006007 0
0 0

0101101
*
Ed
 1e-07 1 1 0
1  379 0 0 0.600000000000019
0

0101000
+2574 0 -2573 0 *
Ve
1e-07
22.3588771199493 13.5681467006007 0
0 0

0101101
*
Ed
 1e-07 1 1 0
1  380 0 0 0.60000000000001
0

0101000
+2573 0 -2571 0 *
Ve
1e-07
21.7588771199493 13.5681467006007 0
0 0

0101101
*
Ed
 1e-07 1 1 0
1  381 0 0 0.600000000000019
0

0101000
+2571 0 -2569 0 *
Ed
 1e-07 1 1 0
1  382 0 0 0.60000000000001
0

0101000
+2569 0 -2574 0 *
Wi

0101100
+2572 0 +2570 0 +2568 0 +2567 0 *
Ve
1e-07
23.6541994009282 12.95518279991 0
0 0

0101101
*
Ve
1e-07
24.2541994009282 12.95518279991 0
0 0

0101101
*
Ed
 1e-07 1 1 0
1  383 0 0 0.599999999999991
0

0101000
+2565 0 -2564 0 *
Ve
1e-07
24.2541994009282 13.55518279991 0
0 0

0101101
*
Ed
 1e-07 1 1 0
1  384 0 0 0.6
0

0101000
+2564 0 -2562 0 *
Ve
1e-07
23.6541994009282 13.55518279991 0
0 0

0101101
*
Ed
 1e-07 1 1 0
1  385 0 0 0.599999999999991
0

0101000
+2562 0 -2560 0 *
Ed
 1e-07 1 1 0
1  386 0 0 0.6
0

0101000
+2560 0 -2565 0 *
Wi

0101100
+2563 0 +2561 0 +2559 0 +2558 0 *
Ve
1e-07
23.6593849612045 13.7407951817658 0
0 0

0101101
*
Ve
1e-07
24.2593849612045 13.7407951817658 0
0 0

0101101
*
Ed
 1e-07 1 1 0
1  387 0 0 0.599999999999998
0

0101000
+2556 0 -2555 0 *
Ve
1e-07
24.2593849612045 14.3407951817658 0
0 0

0101101
*
Ed
 1e-07 1 1 0
1  388 0 0 0.6
0

0101000
+2555 0 -2553 0 *
Ve
1e-07
23.6593849612045 14.3407951817658 0
0 0

0101101
*
Ed
 1e-07 1 1 0
1  389 0 0 0.599999999999998
0

0101000
+2553 0 -2551 0 *
Ed
 1e-07 1 1 0
1  390 0 0 0.6
0

0101000
+2551 0 -2556 0 *
Wi

0101100
+2554 0 +2552 0 +2550 0 +2549 0 *
Ve
1e-07
23.6541994009282 14.5678920458319 0
0 0

0101101
*
Ve
1e-07
24.2541994009282 14.5678920458319 0
0 0

0101101
*
Ed
 1e-07 1 1 0
1  391 0 0 0.599999999999991
0

0101000
+2547 0 -2546 0 *
Ve
1e-07
24.2541994009282 15.1678920458319 0
0 0

0101101
*
Ed
 1e-07 1 1 0
1  392 0 0 0.600000000000009
0

0101000
+2546 0 -2544 0 *
Ve
1e-07
23.6541994009282 15.1678920458319 0
0 0

0101101
*
Ed
 1e-07 1 1 0
1  393 0 0 0.599999999999991
0

0101000
+2544 0 -2542 0 *
Ed
 1e-07 1 1 0
1  394 0 0 0.600000000000009
0

0101000
+2542 0 -2547 0 *
Wi

0101100
+2545 0 +2543 0 +2541 0 +2540 0 *
Ve
1e-07
23.6386427200994 15.2886849242342 0
0 0

0101101
*
Ve
1e-07
24.2386427200994 15.2886849242342 0
0 0

0101101
*
Ed
 1e-07 1 1 0
1  395 0 0 0.600000000000023
0

0101000
+2538 0 -2537 0 *
Ve
1e-07
24.2386427200994 15.8886849242342 0
0 0

0101101
*
Ed
 1e-07 1 1 0
1  396 0 0 0.60000000000001
0

0101000
+2537 0 -2535 0 *
Ve
1e-07
23.6386427200994 15.8886849242342 0
0 0

0101101
*
Ed
 1e-07 1 1 0
1  397 0 0 0.600000000000023
0

0101000
+2535 0 -2533 0 *
Ed
 1e-07 1 1 0
1  398 0 0 0.60000000000001
0

0101000
+2533 0 -2538 0 *
Wi

0101100
+2536 0 +2534 0 +2532 0 +2531 0 *
Ve
1e-07
22.4706177534159 12.8209866721611 0
0 0

0101101
*
Ve
1e-07
23.5340238171167 12.8209866721611 0
0 0

0101101
*
Ed
 1e-07 1 1 0
1  399 0 0 1.06340606370071
0

0101000
+2529 0 -2528 0 *
Ve
1e-07
23.5340238171167 15.9692283081171 0
0 0

0101101
*
Ed
 1e-07 1 1 0
1  400 0 0 3.14824163595599
0

0101000
+2528 0 -2526 0 *
Ve
1e-07
22.4706177534159 15.9692283081171 0
0 0

0101101
*
Ed
 1e-07 1 1 0
1  401 0 0 1.06340606370071
0

0101000
+2526 0 -2524 0 *
Ed
 1e-07 1 1 0
1  402 0 0 3.14824163595599
0

0101000
+2524 0 -2529 0 *
Wi

0101100
+2527 0 +2525 0 +2523 0 +2522 0 *
Ve
1e-07
33.0348658579696 8.17830074840354 0
0 0

0101101
*
Ve
1e-07
33.0348658579696 8.37830074840356 0
0 0

0101101
*
Ed
 1e-07 1 1 0
1  403 0 0 0.200000000000017
0

0101000
+2520 0 -2519 0 *
Ve
1e-07
33.4075326790825 8.37830074840356 0
0 0

0101101
*
Ed
 1e-07 1 1 0
1  404 0 0 0.372666821112865
0

0101000
+2519 0 -2517 0 *
Ve
1e-07
33.4075326790825 11.6532000835115 0
0 0

0101101
*
Ed
 1e-07 1 1 0
1  405 0 0 3.27489933510798
0

0101000
+2517 0 -2515 0 *
Ve
1e-07
30.8701335670109 11.6532000835115 0
0 0

0101101
*
Ed
 1e-07 1 1 0
1  406 0 0 2.53739911207156
0

0101000
+2515 0 -2513 0 *
Ve
1e-07
30.8701335670109 8.37830074840356 0
0 0

0101101
*
Ed
 1e-07 1 1 0
1  407 0 0 3.27489933510798
0

0101000
+2513 0 -2511 0 *
Ve
1e-07
31.2248658579696 8.37830074840356 0
0 0

0101101
*
Ed
 1e-07 1 1 0
1  408 0 0 0.35473229095869
0

0101000
+2511 0 -2509 0 *
Ve
1e-07
31.2248658579696 8.17830074840354 0
0 0

0101101
*
Ed
 1e-07 1 1 0
1  409 0 0 0.200000000000017
0

0101000
+2509 0 -2507 0 *
Ve
1e-07
27.9399365238797 8.17830074840354 0
0 0

0101101
*
Ed
 1e-07 1 1 0
1  410 0 0 3.28492933408984
0

0101000
+2507 0 -2505 0 *
Ve
1e-07
27.9399365238798 8.27830074840355 0
0 0

0101101
*
Ed
 1e-07 1 1 0
1  411 0 0 0.100000000000009
0

0101000
+2505 0 -2503 0 *
Ve
1e-07
30.6701335670109 8.27830074840355 0
0 0

0101101
*
Ed
 1e-07 1 1 0
1  412 0 0 2.73019704313111
0

0101000
+2503 0 -2501 0 *
Ve
1e-07
30.6701335670109 11.7532000835115 0
0 0

0101101
*
Ed
 1e-07 1 1 0
1  413 0 0 3.47489933510798
0

0101000
+2501 0 -2499 0 *
Ve
1e-07
17.003905139006 11.7532000835115 0
0 0

0101101
*
Ed
 1e-07 1 1 0
1  414 0 0 13.6662284280049
0

0101000
+2499 0 -2497 0 *
Ve
1e-07
17.003905139006 11.6840627021081 0
0 0

0101101
*
Ed
 1e-07 1 1 0
1  415 0 0 0.0691373814034613
0

0101000
+2497 0 -2495 0 *
Ve
1e-07
17.003905139006 8.27830074840355 0
0 0

0101101
*
Ed
 1e-07 1 1 0
1  416 0 0 3.40576195370453
0

0101000
+2495 0 -2493 0 *
Ve
1e-07
19.1483958719833 8.27830074840355 0
0 0

0101101
*
Ed
 1e-07 1 1 0
1  417 0 0 2.14449073297729
0

0101000
+2493 0 -2491 0 *
Ve
1e-07
19.1483958719833 8.17830074840354 0
0 0

0101101
*
Ed
 1e-07 1 1 0
1  418 0 0 0.100000000000009
0

0101000
+2491 0 -2489 0 *
Ve
1e-07
16.903905139006 8.17830074840354 0
0 0

0101101
*
Ed
 1e-07 1 1 0
1  419 0 0 2.24449073297732
0

0101000
+2489 0 -2487 0 *
Ve
1e-07
16.903905139006 20.630263680464 0
0 0

0101101
*
Ed
 1e-07 1 1 0
1  420 0 0 12.4519629320604
0

0101000
+2487 0 -2485 0 *
Ve
1e-07
20.6405919024602 20.630263680464 0
0 0

0101101
*
Ed
 1e-07 1 1 0
1  421 0 0 3.73668676345419
0

0101000
+2485 0 -2483 0 *
Ve
1e-07
20.6405919024602 20.530263680464 0
0 0

0101101
*
Ed
 1e-07 1 1 0
1  422 0 0 0.0999999999999908
0

0101000
+2483 0 -2481 0 *
Ve
1e-07
17.003905139006 20.530263680464 0
0 0

0101101
*
Ed
 1e-07 1 1 0
1  423 0 0 3.63668676345421
0

0101000
+2481 0 -2479 0 *
Ve
1e-07
17.003905139006 11.8532000835115 0
0 0

0101101
*
Ed
 1e-07 1 1 0
1  424 0 0 8.67706359695245
0

0101000
+2479 0 -2477 0 *
Ve
1e-07
25.2179383690265 11.8532000835115 0
0 0

0101101
*
Ed
 1e-07 1 1 0
1  425 0 0 8.21403323002053
0

0101000
+2477 0 -2475 0 *
Ve
1e-07
25.2179383690265 20.530263680464 0
0 0

0101101
*
Ed
 1e-07 1 1 0
1  426 0 0 8.67706359695245
0

0101000
+2475 0 -2473 0 *
Ve
1e-07
21.7075919024602 20.530263680464 0
0 0

0101101
*
Ed
 1e-07 1 1 0
1  427 0 0 3.51034646656635
0

0101000
+2473 0 -2471 0 *
Ve
1e-07
21.7075919024602 20.630263680464 0
0 0

0101101
*
Ed
 1e-07 1 1 0
1  428 0 0 0.0999999999999908
0

0101000
+2471 0 -2469 0 *
Ve
1e-07
25.5790039939188 20.630263680464 0
0 0

0101101
*
Ed
 1e-07 1 1 0
1  429 0 0 3.87141209145861
0

0101000
+2469 0 -2467 0 *
Ve
1e-07
25.5790039939188 20.530263680464 0
0 0

0101101
*
Ed
 1e-07 1 1 0
1  430 0 0 0.0999999999999908
0

0101000
+2467 0 -2465 0 *
Ve
1e-07
25.3179383690265 20.530263680464 0
0 0

0101101
*
Ed
 1e-07 1 1 0
1  431 0 0 0.261065624892261
0

0101000
+2465 0 -2463 0 *
Ve
1e-07
25.3179383690265 15.6708715024281 0
0 0

0101101
*
Ed
 1e-07 1 1 0
1  432 0 0 4.85939217803591
0

0101000
+2463 0 -2461 0 *
Ve
1e-07
30.6701335670109 15.6708715024281 0
0 0

0101101
*
Ed
 1e-07 1 1 0
1  433 0 0 5.35219519798435
0

0101000
+2461 0 -2459 0 *
Ve
1e-07
30.6701335670109 20.530263680464 0
0 0

0101101
*
Ed
 1e-07 1 1 0
1  434 0 0 4.85939217803589
0

0101000
+2459 0 -2457 0 *
Ve
1e-07
26.6460039939188 20.530263680464 0
0 0

0101101
*
Ed
 1e-07 1 1 0
1  435 0 0 4.02412957309211
0

0101000
+2457 0 -2455 0 *
Ve
1e-07
26.6460039939188 20.630263680464 0
0 0

0101101
*
Ed
 1e-07 1 1 0
1  436 0 0 0.0999999999999908
0

0101000
+2455 0 -2453 0 *
Ve
1e-07
30.7701335670109 20.630263680464 0
0 0

0101101
*
Ed
 1e-07 1 1 0
1  437 0 0 4.12412957309212
0

0101000
+2453 0 -2451 0 *
Ve
1e-07
30.7701335670109 14.2572101473497 0
0 0

0101101
*
Ed
 1e-07 1 1 0
1  438 0 0 6.37305353311428
0

0101000
+2451 0 -2449 0 *
Ve
1e-07
30.6701335670109 14.2572101473497 0
0 0

0101101
*
Ed
 1e-07 1 1 0
1  439 0 0 0.100000000000012
0

0101000
+2449 0 -2447 0 *
Ve
1e-07
30.6701335670109 15.5708715024281 0
0 0

0101101
*
Ed
 1e-07 1 1 0
1  440 0 0 1.31366135507839
0

0101000
+2447 0 -2445 0 *
Ve
1e-07
25.3179383690265 15.5708715024281 0
0 0

0101101
*
Ed
 1e-07 1 1 0
1  441 0 0 5.35219519798435
0

0101000
+2445 0 -2443 0 *
Ve
1e-07
25.3179383690265 11.8532000835115 0
0 0

0101101
*
Ed
 1e-07 1 1 0
1  442 0 0 3.71767141891655
0

0101000
+2443 0 -2441 0 *
Ve
1e-07
30.6701335670109 11.8532000835115 0
0 0

0101101
*
Ed
 1e-07 1 1 0
1  443 0 0 5.35219519798437
0

0101000
+2441 0 -2439 0 *
Ve
1e-07
30.6701335670109 13.1902101473497 0
0 0

0101101
*
Ed
 1e-07 1 1 0
1  444 0 0 1.33701006383816
0

0101000
+2439 0 -2437 0 *
Ve
1e-07
30.7701335670109 13.1902101473497 0
0 0

0101101
*
Ed
 1e-07 1 1 0
1  445 0 0 0.100000000000012
0

0101000
+2437 0 -2435 0 *
Ve
1e-07
30.7701335670109 11.8532000835115 0
0 0

0101101
*
Ed
 1e-07 1 1 0
1  446 0 0 1.33701006383816
0

0101000
+2435 0 -2433 0 *
Ve
1e-07
33.8275520557685 11.8532000835115 0
0 0

0101101
*
Ed
 1e-07 1 1 0
1  447 0 0 3.05741848875764
0

0101000
+2433 0 -2431 0 *
Ve
1e-07
33.8275520557685 11.7532000835115 0
0 0

0101101
*
Ed
 1e-07 1 1 0
1  448 0 0 0.0999999999999996
0

0101000
+2431 0 -2429 0 *
Ve
1e-07
33.6075326790825 11.7532000835115 0
0 0

0101101
*
Ed
 1e-07 1 1 0
1  449 0 0 0.220019376686061
0

0101000
+2429 0 -2427 0 *
Ve
1e-07
33.6075326790825 8.27830074840355 0
0 0

0101101
*
Ed
 1e-07 1 1 0
1  450 0 0 3.47489933510799
0

0101000
+2427 0 -2425 0 *
Ve
1e-07
37.9416635574469 8.27830074840355 0
0 0

0101101
*
Ed
 1e-07 1 1 0
1  451 0 0 4.33413087836445
0

0101000
+2425 0 -2423 0 *
Ve
1e-07
37.9416635574469 11.7532000835115 0
0 0

0101101
*
Ed
 1e-07 1 1 0
1  452 0 0 3.47489933510799
0

0101000
+2423 0 -2421 0 *
Ve
1e-07
34.8945520557685 11.7532000835115 0
0 0

0101101
*
Ed
 1e-07 1 1 0
1  453 0 0 3.04711150167842
0

0101000
+2421 0 -2419 0 *
Ve
1e-07
34.8945520557685 11.8532000835115 0
0 0

0101101
*
Ed
 1e-07 1 1 0
1  454 0 0 0.0999999999999996
0

0101000
+2419 0 -2417 0 *
Ve
1e-07
41.488800854176 11.8532000835115 0
0 0

0101101
*
Ed
 1e-07 1 1 0
1  455 0 0 6.59424879840748
0

0101000
+2417 0 -2415 0 *
Ve
1e-07
41.488800854176 11.7532000835115 0
0 0

0101101
*
Ed
 1e-07 1 1 0
1  456 0 0 0.0999999999999996
0

0101000
+2415 0 -2413 0 *
Ve
1e-07
38.0416635574469 11.7532000835115 0
0 0

0101101
*
Ed
 1e-07 1 1 0
1  457 0 0 3.44713729672907
0

0101000
+2413 0 -2411 0 *
Ve
1e-07
38.0416635574469 8.27830074840355 0
0 0

0101101
*
Ed
 1e-07 1 1 0
1  458 0 0 3.47489933510799
0

0101000
+2411 0 -2409 0 *
Ve
1e-07
42.9048441398929 8.27830074840355 0
0 0

0101101
*
Ed
 1e-07 1 1 0
1  459 0 0 4.86318058244601
0

0101000
+2409 0 -2407 0 *
Ve
1e-07
42.9048441398929 11.7532000835115 0
0 0

0101101
*
Ed
 1e-07 1 1 0
1  460 0 0 3.47489933510799
0

0101000
+2407 0 -2405 0 *
Ve
1e-07
42.555800854176 11.7532000835115 0
0 0

0101101
*
Ed
 1e-07 1 1 0
1  461 0 0 0.349043285716938
0

0101000
+2405 0 -2403 0 *
Ve
1e-07
42.555800854176 11.8532000835115 0
0 0

0101101
*
Ed
 1e-07 1 1 0
1  462 0 0 0.0999999999999996
0

0101000
+2403 0 -2401 0 *
Ve
1e-07
43.004844139893 11.8532000835115 0
0 0

0101101
*
Ed
 1e-07 1 1 0
1  463 0 0 0.449043285716954
0

0101000
+2401 0 -2399 0 *
Ve
1e-07
43.004844139893 8.17830074840354 0
0 0

0101101
*
Ed
 1e-07 1 1 0
1  464 0 0 3.674899335108
0

0101000
+2399 0 -2397 0 *
Ed
 1e-07 1 1 0
1  465 0 0 9.96997828192337
0

0101000
+2397 0 -2520 0 *
Wi

0101100
+2518 0 +2516 0 +2514 0 +2512 0 +2510 0 +2508 0 +2506 0 +2504 0 +2502 0 +2500 0 
+2498 0 +2496 0 +2494 0 +2492 0 +2490 0 +2488 0 +2486 0 +2484 0 +2482 0 +2480 0 
+2478 0 +2476 0 +2474 0 +2472 0 +2470 0 +2468 0 +2466 0 +2464 0 +2462 0 +2460 0 
+2458 0 +2456 0 +2454 0 +2452 0 +2450 0 +2448 0 +2446 0 +2444 0 +2442 0 +2440 0 
+2438 0 +2436 0 +2434 0 +2432 0 +2430 0 +2428 0 +2426 0 +2424 0 +2422 0 +2420 0 
+2418 0 +2416 0 +2414 0 +2412 0 +2410 0 +2408 0 +2406 0 +2404 0 +2402 0 +2400 0 
+2398 0 +2396 0 +2395 0 *
Ve
1e-07
48.0758058691879 23.7213383404366 0
0 0

0101101
*
Ve
1e-07
48.6758058691878 23.7213383404366 0
0 0

0101101
*
Ed
 1e-07 1 1 0
1  466 0 0 0.599999999999987
0

0101000
+2393 0 -2392 0 *
Ve
1e-07
48.6758058691878 24.3213383404366 0
0 0

0101101
*
Ed
 1e-07 1 1 0
1  467 0 0 0.600000000000009
0

0101000
+2392 0 -2390 0 *
Ve
1e-07
48.0758058691879 24.3213383404366 0
0 0

0101101
*
Ed
 1e-07 1 1 0
1  468 0 0 0.599999999999987
0

0101000
+2390 0 -2388 0 *
Ed
 1e-07 1 1 0
1  469 0 0 0.600000000000009
0

0101000
+2388 0 -2393 0 *
Wi

0101100
+2391 0 +2389 0 +2387 0 +2386 0 *
Ve
1e-07
47.1060743947736 23.7213383404366 0
0 0

0101101
*
Ve
1e-07
47.7060743947736 23.7213383404366 0
0 0

0101101
*
Ed
 1e-07 1 1 0
1  470 0 0 0.599999999999994
0

0101000
+2384 0 -2383 0 *
Ve
1e-07
47.7060743947736 24.3213383404366 0
0 0

0101101
*
Ed
 1e-07 1 1 0
1  471 0 0 0.600000000000009
0

0101000
+2383 0 -2381 0 *
Ve
1e-07
47.1060743947736 24.3213383404366 0
0 0

0101101
*
Ed
 1e-07 1 1 0
1  472 0 0 0.599999999999994
0

0101000
+2381 0 -2379 0 *
Ed
 1e-07 1 1 0
1  473 0 0 0.600000000000009
0

0101000
+2379 0 -2384 0 *
Wi

0101100
+2382 0 +2380 0 +2378 0 +2377 0 *
Ve
1e-07
45.9616707914277 23.7213383404366 0
0 0

0101101
*
Ve
1e-07
46.5616707914277 23.7213383404366 0
0 0

0101101
*
Ed
 1e-07 1 1 0
1  474 0 0 0.599999999999994
0

0101000
+2375 0 -2374 0 *
Ve
1e-07
46.5616707914277 24.3213383404366 0
0 0

0101101
*
Ed
 1e-07 1 1 0
1  475 0 0 0.600000000000009
0

0101000
+2374 0 -2372 0 *
Ve
1e-07
45.9616707914277 24.3213383404366 0
0 0

0101101
*
Ed
 1e-07 1 1 0
1  476 0 0 0.599999999999994
0

0101000
+2372 0 -2370 0 *
Ed
 1e-07 1 1 0
1  477 0 0 0.600000000000009
0

0101000
+2370 0 -2375 0 *
Wi

0101100
+2373 0 +2371 0 +2369 0 +2368 0 *
Ve
1e-07
44.9497770789955 23.7213383404366 0
0 0

0101101
*
Ve
1e-07
45.5497770789954 23.7213383404366 0
0 0

0101101
*
Ed
 1e-07 1 1 0
1  478 0 0 0.599999999999994
0

0101000
+2366 0 -2365 0 *
Ve
1e-07
45.5497770789954 24.3213383404366 0
0 0

0101101
*
Ed
 1e-07 1 1 0
1  479 0 0 0.600000000000009
0

0101000
+2365 0 -2363 0 *
Ve
1e-07
44.9497770789955 24.3213383404366 0
0 0

0101101
*
Ed
 1e-07 1 1 0
1  480 0 0 0.599999999999994
0

0101000
+2363 0 -2361 0 *
Ed
 1e-07 1 1 0
1  481 0 0 0.600000000000009
0

0101000
+2361 0 -2366 0 *
Wi

0101100
+2364 0 +2362 0 +2360 0 +2359 0 *
Ve
1e-07
43.7029794690343 23.7213383404366 0
0 0

0101101
*
Ve
1e-07
44.3029794690343 23.7213383404366 0
0 0

0101101
*
Ed
 1e-07 1 1 0
1  482 0 0 0.599999999999994
0

0101000
+2357 0 -2356 0 *
Ve
1e-07
44.3029794690343 24.3213383404366 0
0 0

0101101
*
Ed
 1e-07 1 1 0
1  483 0 0 0.600000000000009
0

0101000
+2356 0 -2354 0 *
Ve
1e-07
43.7029794690343 24.3213383404366 0
0 0

0101101
*
Ed
 1e-07 1 1 0
1  484 0 0 0.599999999999994
0

0101000
+2354 0 -2352 0 *
Ed
 1e-07 1 1 0
1  485 0 0 0.600000000000009
0

0101000
+2352 0 -2357 0 *
Wi

0101100
+2355 0 +2353 0 +2351 0 +2350 0 *
Ve
1e-07
42.674809346776 23.7213383404366 0
0 0

0101101
*
Ve
1e-07
43.274809346776 23.7213383404366 0
0 0

0101101
*
Ed
 1e-07 1 1 0
1  486 0 0 0.600000000000001
0

0101000
+2348 0 -2347 0 *
Ve
1e-07
43.274809346776 24.3213383404366 0
0 0

0101101
*
Ed
 1e-07 1 1 0
1  487 0 0 0.600000000000009
0

0101000
+2347 0 -2345 0 *
Ve
1e-07
42.674809346776 24.3213383404366 0
0 0

0101101
*
Ed
 1e-07 1 1 0
1  488 0 0 0.600000000000001
0

0101000
+2345 0 -2343 0 *
Ed
 1e-07 1 1 0
1  489 0 0 0.600000000000009
0

0101000
+2343 0 -2348 0 *
Wi

0101100
+2346 0 +2344 0 +2342 0 +2341 0 *
Ve
1e-07
42.7500102779373 27.0005104454732 0
0 0

0101101
*
Ve
1e-07
43.3500102779373 27.0005104454732 0
0 0

0101101
*
Ed
 1e-07 1 1 0
1  490 0 0 0.599999999999994
0

0101000
+2339 0 -2338 0 *
Ve
1e-07
43.3500102779373 27.6005104454732 0
0 0

0101101
*
Ed
 1e-07 1 1 0
1  491 0 0 0.600000000000001
0

0101000
+2338 0 -2336 0 *
Ve
1e-07
42.7500102779373 27.6005104454732 0
0 0

0101101
*
Ed
 1e-07 1 1 0
1  492 0 0 0.599999999999994
0

0101000
+2336 0 -2334 0 *
Ed
 1e-07 1 1 0
1  493 0 0 0.600000000000001
0

0101000
+2334 0 -2339 0 *
Wi

0101100
+2337 0 +2335 0 +2333 0 +2332 0 *
Ve
1e-07
41.854152810227 26.3805026788594 0
0 0

0101101
*
Ve
1e-07
42.687983947473 26.3805026788594 0
0 0

0101101
*
Ed
 1e-07 1 1 0
1  494 0 0 0.833831137245959
0

0101000
+2330 0 -2329 0 *
Ve
1e-07
42.687983947473 28.2338998512213 0
0 0

0101101
*
Ed
 1e-07 1 1 0
1  495 0 0 1.85339717236195
0

0101000
+2329 0 -2327 0 *
Ve
1e-07
41.854152810227 28.2338998512213 0
0 0

0101101
*
Ed
 1e-07 1 1 0
1  496 0 0 0.833831137245959
0

0101000
+2327 0 -2325 0 *
Ed
 1e-07 1 1 0
1  497 0 0 1.85339717236195
0

0101000
+2325 0 -2330 0 *
Wi

0101100
+2328 0 +2326 0 +2324 0 +2323 0 *
Ve
1e-07
41.8710318440801 28.3338865619774 0
0 0

0101101
*
Ve
1e-07
47.5499239144935 28.3338865619774 0
0 0

0101101
*
Ed
 1e-07 1 1 0
1  498 0 0 5.67889207041347
0

0101000
+2321 0 -2320 0 *
Ve
1e-07
47.5499239144935 28.7508021306004 0
0 0

0101101
*
Ed
 1e-07 1 1 0
1  499 0 0 0.416915568623001
0

0101000
+2320 0 -2318 0 *
Ve
1e-07
41.8710318440801 28.7508021306004 0
0 0

0101101
*
Ed
 1e-07 1 1 0
1  500 0 0 5.67889207041347
0

0101000
+2318 0 -2316 0 *
Ed
 1e-07 1 1 0
1  501 0 0 0.416915568623001
0

0101000
+2316 0 -2321 0 *
Wi

0101100
+2319 0 +2317 0 +2315 0 +2314 0 *
Ve
1e-07
29.6078363433514 18.2306024312861 0
0 0

0101101
*
Ve
1e-07
30.2078363433514 18.2306024312861 0
0 0

0101101
*
Ed
 1e-07 1 1 0
1  502 0 0 0.599999999999991
0

0101000
+2312 0 -2311 0 *
Ve
1e-07
30.2078363433514 18.8306024312861 0
0 0

0101101
*
Ed
 1e-07 1 1 0
1  503 0 0 0.600000000000012
0

0101000
+2311 0 -2309 0 *
Ve
1e-07
29.6078363433514 18.8306024312861 0
0 0

0101101
*
Ed
 1e-07 1 1 0
1  504 0 0 0.599999999999991
0

0101000
+2309 0 -2307 0 *
Ed
 1e-07 1 1 0
1  505 0 0 0.600000000000012
0

0101000
+2307 0 -2312 0 *
Wi

0101100
+2310 0 +2308 0 +2306 0 +2305 0 *
Ve
1e-07
29.5959809243384 17.3770122623517 0
0 0

0101101
*
Ve
1e-07
30.1959809243384 17.3770122623517 0
0 0

0101101
*
Ed
 1e-07 1 1 0
1  506 0 0 0.599999999999998
0

0101000
+2303 0 -2302 0 *
Ve
1e-07
30.1959809243384 17.9770122623517 0
0 0

0101101
*
Ed
 1e-07 1 1 0
1  507 0 0 0.600000000000012
0

0101000
+2302 0 -2300 0 *
Ve
1e-07
29.5959809243384 17.9770122623517 0
0 0

0101101
*
Ed
 1e-07 1 1 0
1  508 0 0 0.599999999999998
0

0101000
+2300 0 -2298 0 *
Ed
 1e-07 1 1 0
1  509 0 0 0.600000000000012
0

0101000
+2298 0 -2303 0 *
Wi

0101100
+2301 0 +2299 0 +2297 0 +2296 0 *
Ve
1e-07
28.5162582098281 16.3668744637423 0
0 0

0101101
*
Ve
1e-07
29.1162582098281 16.3668744637423 0
0 0

0101101
*
Ed
 1e-07 1 1 0
1  510 0 0 0.600000000000001
0

0101000
+2294 0 -2293 0 *
Ve
1e-07
29.1162582098281 16.9668744637423 0
0 0

0101101
*
Ed
 1e-07 1 1 0
1  511 0 0 0.599999999999987
0

0101000
+2293 0 -2291 0 *
Ve
1e-07
28.5162582098281 16.9668744637423 0
0 0

0101101
*
Ed
 1e-07 1 1 0
1  512 0 0 0.600000000000001
0

0101000
+2291 0 -2289 0 *
Ed
 1e-07 1 1 0
1  513 0 0 0.599999999999987
0

0101000
+2289 0 -2294 0 *
Wi

0101100
+2292 0 +2290 0 +2288 0 +2287 0 *
Ve
1e-07
27.7520439233725 16.3587304393166 0
0 0

0101101
*
Ve
1e-07
28.3520439233725 16.3587304393166 0
0 0

0101101
*
Ed
 1e-07 1 1 0
1  514 0 0 0.600000000000019
0

0101000
+2285 0 -2284 0 *
Ve
1e-07
28.3520439233725 16.9587304393166 0
0 0

0101101
*
Ed
 1e-07 1 1 0
1  515 0 0 0.600000000000009
0

0101000
+2284 0 -2282 0 *
Ve
1e-07
27.7520439233725 16.9587304393166 0
0 0

0101101
*
Ed
 1e-07 1 1 0
1  516 0 0 0.600000000000019
0

0101000
+2282 0 -2280 0 *
Ed
 1e-07 1 1 0
1  517 0 0 0.600000000000009
0

0101000
+2280 0 -2285 0 *
Wi

0101100
+2283 0 +2281 0 +2279 0 +2278 0 *
Ve
1e-07
26.6566042140349 17.4568452950567 0
0 0

0101101
*
Ve
1e-07
27.2566042140349 17.4568452950567 0
0 0

0101101
*
Ed
 1e-07 1 1 0
1  518 0 0 0.599999999999987
0

0101000
+2276 0 -2275 0 *
Ve
1e-07
27.2566042140349 18.0568452950567 0
0 0

0101101
*
Ed
 1e-07 1 1 0
1  519 0 0 0.600000000000012
0

0101000
+2275 0 -2273 0 *
Ve
1e-07
26.6566042140349 18.0568452950567 0
0 0

0101101
*
Ed
 1e-07 1 1 0
1  520 0 0 0.599999999999987
0

0101000
+2273 0 -2271 0 *
Ed
 1e-07 1 1 0
1  521 0 0 0.600000000000012
0

0101000
+2271 0 -2276 0 *
Wi

0101100
+2274 0 +2272 0 +2270 0 +2269 0 *
Ve
1e-07
26.6526524076973 18.2827728196274 0
0 0

0101101
*
Ve
1e-07
27.2526524076973 18.2827728196274 0
0 0

0101101
*
Ed
 1e-07 1 1 0
1  522 0 0 0.599999999999998
0

0101000
+2267 0 -2266 0 *
Ve
1e-07
27.2526524076973 18.8827728196275 0
0 0

0101101
*
Ed
 1e-07 1 1 0
1  523 0 0 0.600000000000012
0

0101000
+2266 0 -2264 0 *
Ve
1e-07
26.6526524076973 18.8827728196275 0
0 0

0101101
*
Ed
 1e-07 1 1 0
1  524 0 0 0.599999999999998
0

0101000
+2264 0 -2262 0 *
Ed
 1e-07 1 1 0
1  525 0 0 0.600000000000012
0

0101000
+2262 0 -2267 0 *
Wi

0101100
+2265 0 +2263 0 +2261 0 +2260 0 *
Ve
1e-07
27.7901429673518 19.2880985804201 0
0 0

0101101
*
Ve
1e-07
28.3901429673518 19.2880985804201 0
0 0

0101101
*
Ed
 1e-07 1 1 0
1  526 0 0 0.599999999999998
0

0101000
+2258 0 -2257 0 *
Ve
1e-07
28.3901429673518 19.8880985804201 0
0 0

0101101
*
Ed
 1e-07 1 1 0
1  527 0 0 0.599999999999991
0

0101000
+2257 0 -2255 0 *
Ve
1e-07
27.7901429673518 19.8880985804201 0
0 0

0101101
*
Ed
 1e-07 1 1 0
1  528 0 0 0.599999999999998
0

0101000
+2255 0 -2253 0 *
Ed
 1e-07 1 1 0
1  529 0 0 0.599999999999991
0

0101000
+2253 0 -2258 0 *
Wi

0101100
+2256 0 +2254 0 +2252 0 +2251 0 *
Ve
1e-07
28.610524387061 19.2897145915304 0
0 0

0101101
*
Ve
1e-07
29.210524387061 19.2897145915304 0
0 0

0101101
*
Ed
 1e-07 1 1 0
1  530 0 0 0.599999999999998
0

0101000
+2249 0 -2248 0 *
Ve
1e-07
29.210524387061 19.8897145915304 0
0 0

0101101
*
Ed
 1e-07 1 1 0
1  531 0 0 0.600000000000009
0

0101000
+2248 0 -2246 0 *
Ve
1e-07
28.610524387061 19.8897145915304 0
0 0

0101101
*
Ed
 1e-07 1 1 0
1  532 0 0 0.599999999999998
0

0101000
+2246 0 -2244 0 *
Ed
 1e-07 1 1 0
1  533 0 0 0.600000000000009
0

0101000
+2244 0 -2249 0 *
Wi

0101100
+2247 0 +2245 0 +2243 0 +2242 0 *
Ve
1e-07
27.4347810920078 17.1082924324133 0
0 0

0101101
*
Ve
1e-07
29.45858756965 17.1082924324133 0
0 0

0101101
*
Ed
 1e-07 1 1 0
1  534 0 0 2.02380647764224
0

0101000
+2240 0 -2239 0 *
Ve
1e-07
29.45858756965 19.0941862614876 0
0 0

0101101
*
Ed
 1e-07 1 1 0
1  535 0 0 1.98589382907432
0

0101000
+2239 0 -2237 0 *
Ve
1e-07
27.4347810920078 19.0941862614876 0
0 0

0101101
*
Ed
 1e-07 1 1 0
1  536 0 0 2.02380647764224
0

0101000
+2237 0 -2235 0 *
Ed
 1e-07 1 1 0
1  537 0 0 1.98589382907432
0

0101000
+2235 0 -2240 0 *
Wi

0101100
+2238 0 +2236 0 +2234 0 +2233 0 *
Ve
1e-07
56.8735446252867 17.7685470774938 0
0 0

0101101
*
Ve
1e-07
57.4735446252866 17.7685470774938 0
0 0

0101101
*
Ed
 1e-07 1 1 0
1  538 0 0 0.599999999999987
0

0101000
+2231 0 -2230 0 *
Ve
1e-07
57.4735446252866 18.3685470774938 0
0 0

0101101
*
Ed
 1e-07 1 1 0
1  539 0 0 0.600000000000001
0

0101000
+2230 0 -2228 0 *
Ve
1e-07
56.8735446252867 18.3685470774938 0
0 0

0101101
*
Ed
 1e-07 1 1 0
1  540 0 0 0.599999999999987
0

0101000
+2228 0 -2226 0 *
Ed
 1e-07 1 1 0
1  541 0 0 0.600000000000001
0

0101000
+2226 0 -2231 0 *
Wi

0101100
+2229 0 +2227 0 +2225 0 +2224 0 *
Ve
1e-07
56.2535368586729 18.4305734079581 0
0 0

0101101
*
Ve
1e-07
58.1069340310348 18.4305734079581 0
0 0

0101101
*
Ed
 1e-07 1 1 0
1  542 0 0 1.85339717236192
0

0101000
+2222 0 -2221 0 *
Ve
1e-07
58.1069340310348 19.2644045452041 0
0 0

0101101
*
Ed
 1e-07 1 1 0
1  543 0 0 0.83383113724598
0

0101000
+2221 0 -2219 0 *
Ve
1e-07
56.2535368586729 19.2644045452041 0
0 0

0101101
*
Ed
 1e-07 1 1 0
1  544 0 0 1.85339717236192
0

0101000
+2219 0 -2217 0 *
Ed
 1e-07 1 1 0
1  545 0 0 0.83383113724598
0

0101000
+2217 0 -2222 0 *
Wi

0101100
+2220 0 +2218 0 +2216 0 +2215 0 *
Ve
1e-07
52.6828318795285 18.1723716287786 0
0 0

0101101
*
Ve
1e-07
53.0997474481515 18.1723716287786 0
0 0

0101101
*
Ed
 1e-07 1 1 0
1  546 0 0 0.416915568622976
0

0101000
+2213 0 -2212 0 *
Ve
1e-07
53.0997474481515 19.2728447940783 0
0 0

0101101
*
Ed
 1e-07 1 1 0
1  547 0 0 1.10047316529972
0

0101000
+2212 0 -2210 0 *
Ve
1e-07
52.6828318795285 19.2728447940783 0
0 0

0101101
*
Ed
 1e-07 1 1 0
1  548 0 0 0.416915568622976
0

0101000
+2210 0 -2208 0 *
Ed
 1e-07 1 1 0
1  549 0 0 1.10047316529972
0

0101000
+2208 0 -2213 0 *
Wi

0101100
+2211 0 +2209 0 +2207 0 +2206 0 *
Ve
1e-07
54.0448773200652 18.6554592916925 0
0 0

0101101
*
Ve
1e-07
54.6448773200652 18.6554592916925 0
0 0

0101101
*
Ed
 1e-07 1 1 0
1  550 0 0 0.599999999999994
0

0101000
+2204 0 -2203 0 *
Ve
1e-07
54.6448773200652 19.2554592916925 0
0 0

0101101
*
Ed
 1e-07 1 1 0
1  551 0 0 0.600000000000012
0

0101000
+2203 0 -2201 0 *
Ve
1e-07
54.0448773200652 19.2554592916925 0
0 0

0101101
*
Ed
 1e-07 1 1 0
1  552 0 0 0.599999999999994
0

0101000
+2201 0 -2199 0 *
Ed
 1e-07 1 1 0
1  553 0 0 0.600000000000012
0

0101000
+2199 0 -2204 0 *
Wi

0101100
+2202 0 +2200 0 +2198 0 +2197 0 *
Ve
1e-07
54.8084597968725 18.6598573589209 0
0 0

0101101
*
Ve
1e-07
55.4084597968724 18.6598573589209 0
0 0

0101101
*
Ed
 1e-07 1 1 0
1  554 0 0 0.599999999999987
0

0101000
+2195 0 -2194 0 *
Ve
1e-07
55.4084597968724 19.2598573589209 0
0 0

0101101
*
Ed
 1e-07 1 1 0
1  555 0 0 0.599999999999991
0

0101000
+2194 0 -2192 0 *
Ve
1e-07
54.8084597968725 19.2598573589209 0
0 0

0101101
*
Ed
 1e-07 1 1 0
1  556 0 0 0.599999999999987
0

0101000
+2192 0 -2190 0 *
Ed
 1e-07 1 1 0
1  557 0 0 0.599999999999991
0

0101000
+2190 0 -2195 0 *
Wi

0101100
+2193 0 +2191 0 +2189 0 +2188 0 *
Ve
1e-07
56.8669427839966 23.2384820930426 0
0 0

0101101
*
Ve
1e-07
57.4669427839966 23.2384820930426 0
0 0

0101101
*
Ed
 1e-07 1 1 0
1  558 0 0 0.599999999999994
0

0101000
+2186 0 -2185 0 *
Ve
1e-07
57.4669427839966 23.8384820930426 0
0 0

0101101
*
Ed
 1e-07 1 1 0
1  559 0 0 0.599999999999998
0

0101000
+2185 0 -2183 0 *
Ve
1e-07
56.8669427839966 23.8384820930426 0
0 0

0101101
*
Ed
 1e-07 1 1 0
1  560 0 0 0.599999999999994
0

0101000
+2183 0 -2181 0 *
Ed
 1e-07 1 1 0
1  561 0 0 0.599999999999998
0

0101000
+2181 0 -2186 0 *
Wi

0101100
+2184 0 +2182 0 +2180 0 +2179 0 *
Ve
1e-07
56.2469350173829 23.9005084235069 0
0 0

0101101
*
Ve
1e-07
58.1003321897448 23.9005084235069 0
0 0

0101101
*
Ed
 1e-07 1 1 0
1  562 0 0 1.85339717236193
0

0101000
+2177 0 -2176 0 *
Ve
1e-07
58.1003321897448 24.7343395607529 0
0 0

0101101
*
Ed
 1e-07 1 1 0
1  563 0 0 0.83383113724598
0

0101000
+2176 0 -2174 0 *
Ve
1e-07
56.2469350173829 24.7343395607529 0
0 0

0101101
*
Ed
 1e-07 1 1 0
1  564 0 0 1.85339717236193
0

0101000
+2174 0 -2172 0 *
Ed
 1e-07 1 1 0
1  565 0 0 0.83383113724598
0

0101000
+2172 0 -2177 0 *
Wi

0101100
+2175 0 +2173 0 +2171 0 +2170 0 *
Ve
1e-07
52.6762300382385 23.6423066443275 0
0 0

0101101
*
Ve
1e-07
53.0931456068615 23.6423066443275 0
0 0

0101101
*
Ed
 1e-07 1 1 0
1  566 0 0 0.41691556862299
0

0101000
+2168 0 -2167 0 *
Ve
1e-07
53.0931456068615 24.7427798096272 0
0 0

0101101
*
Ed
 1e-07 1 1 0
1  567 0 0 1.10047316529971
0

0101000
+2167 0 -2165 0 *
Ve
1e-07
52.6762300382385 24.7427798096272 0
0 0

0101101
*
Ed
 1e-07 1 1 0
1  568 0 0 0.41691556862299
0

0101000
+2165 0 -2163 0 *
Ed
 1e-07 1 1 0
1  569 0 0 1.10047316529971
0

0101000
+2163 0 -2168 0 *
Wi

0101100
+2166 0 +2164 0 +2162 0 +2161 0 *
Ve
1e-07
54.0382754787752 24.1253943072414 0
0 0

0101101
*
Ve
1e-07
54.6382754787752 24.1253943072414 0
0 0

0101101
*
Ed
 1e-07 1 1 0
1  570 0 0 0.599999999999994
0

0101000
+2159 0 -2158 0 *
Ve
1e-07
54.6382754787752 24.7253943072414 0
0 0

0101101
*
Ed
 1e-07 1 1 0
1  571 0 0 0.600000000000009
0

0101000
+2158 0 -2156 0 *
Ve
1e-07
54.0382754787752 24.7253943072414 0
0 0

0101101
*
Ed
 1e-07 1 1 0
1  572 0 0 0.599999999999994
0

0101000
+2156 0 -2154 0 *
Ed
 1e-07 1 1 0
1  573 0 0 0.600000000000009
0

0101000
+2154 0 -2159 0 *
Wi

0101100
+2157 0 +2155 0 +2153 0 +2152 0 *
Ve
1e-07
54.8018579555824 24.1297923744698 0
0 0

0101101
*
Ve
1e-07
55.4018579555824 24.1297923744698 0
0 0

0101101
*
Ed
 1e-07 1 1 0
1  574 0 0 0.599999999999994
0

0101000
+2150 0 -2149 0 *
Ve
1e-07
55.4018579555824 24.7297923744698 0
0 0

0101101
*
Ed
 1e-07 1 1 0
1  575 0 0 0.599999999999991
0

0101000
+2149 0 -2147 0 *
Ve
1e-07
54.8018579555824 24.7297923744698 0
0 0

0101101
*
Ed
 1e-07 1 1 0
1  576 0 0 0.599999999999994
0

0101000
+2147 0 -2145 0 *
Ed
 1e-07 1 1 0
1  577 0 0 0.599999999999991
0

0101000
+2145 0 -2150 0 *
Wi

0101100
+2148 0 +2146 0 +2144 0 +2143 0 *
Ve
1e-07
56.8770202640247 27.2892810176617 0
0 0

0101101
*
Ve
1e-07
57.4770202640247 27.2892810176617 0
0 0

0101101
*
Ed
 1e-07 1 1 0
1  578 0 0 0.599999999999987
0

0101000
+2141 0 -2140 0 *
Ve
1e-07
57.4770202640247 27.8892810176617 0
0 0

0101101
*
Ed
 1e-07 1 1 0
1  579 0 0 0.599999999999991
0

0101000
+2140 0 -2138 0 *
Ve
1e-07
56.8770202640247 27.8892810176617 0
0 0

0101101
*
Ed
 1e-07 1 1 0
1  580 0 0 0.599999999999987
0

0101000
+2138 0 -2136 0 *
Ed
 1e-07 1 1 0
1  581 0 0 0.599999999999991
0

0101000
+2136 0 -2141 0 *
Wi

0101100
+2139 0 +2137 0 +2135 0 +2134 0 *
Ve
1e-07
56.257012497411 27.9513073481261 0
0 0

0101101
*
Ve
1e-07
58.1104096697729 27.9513073481261 0
0 0

0101101
*
Ed
 1e-07 1 1 0
1  582 0 0 1.85339717236192
0

0101000
+2132 0 -2131 0 *
Ve
1e-07
58.1104096697729 28.785138485372 0
0 0

0101101
*
Ed
 1e-07 1 1 0
1  583 0 0 0.83383113724598
0

0101000
+2131 0 -2129 0 *
Ve
1e-07
56.257012497411 28.785138485372 0
0 0

0101101
*
Ed
 1e-07 1 1 0
1  584 0 0 1.85339717236192
0

0101000
+2129 0 -2127 0 *
Ed
 1e-07 1 1 0
1  585 0 0 0.83383113724598
0

0101000
+2127 0 -2132 0 *
Wi

0101100
+2130 0 +2128 0 +2126 0 +2125 0 *
Ve
1e-07
52.6863075182666 27.6931055689466 0
0 0

0101101
*
Ve
1e-07
53.1032230868896 27.6931055689466 0
0 0

0101101
*
Ed
 1e-07 1 1 0
1  586 0 0 0.41691556862299
0

0101000
+2123 0 -2122 0 *
Ve
1e-07
53.1032230868896 28.7935787342463 0
0 0

0101101
*
Ed
 1e-07 1 1 0
1  587 0 0 1.10047316529972
0

0101000
+2122 0 -2120 0 *
Ve
1e-07
52.6863075182666 28.7935787342463 0
0 0

0101101
*
Ed
 1e-07 1 1 0
1  588 0 0 0.41691556862299
0

0101000
+2120 0 -2118 0 *
Ed
 1e-07 1 1 0
1  589 0 0 1.10047316529972
0

0101000
+2118 0 -2123 0 *
Wi

0101100
+2121 0 +2119 0 +2117 0 +2116 0 *
Ve
1e-07
54.0483529588033 28.1761932318605 0
0 0

0101101
*
Ve
1e-07
54.6483529588033 28.1761932318605 0
0 0

0101101
*
Ed
 1e-07 1 1 0
1  590 0 0 0.600000000000001
0

0101000
+2114 0 -2113 0 *
Ve
1e-07
54.6483529588033 28.7761932318605 0
0 0

0101101
*
Ed
 1e-07 1 1 0
1  591 0 0 0.600000000000001
0

0101000
+2113 0 -2111 0 *
Ve
1e-07
54.0483529588033 28.7761932318605 0
0 0

0101101
*
Ed
 1e-07 1 1 0
1  592 0 0 0.600000000000001
0

0101000
+2111 0 -2109 0 *
Ed
 1e-07 1 1 0
1  593 0 0 0.600000000000001
0

0101000
+2109 0 -2114 0 *
Wi

0101100
+2112 0 +2110 0 +2108 0 +2107 0 *
Ve
1e-07
54.8119354356105 28.1805912990889 0
0 0

0101101
*
Ve
1e-07
55.4119354356105 28.1805912990889 0
0 0

0101101
*
Ed
 1e-07 1 1 0
1  594 0 0 0.599999999999987
0

0101000
+2105 0 -2104 0 *
Ve
1e-07
55.4119354356105 28.7805912990889 0
0 0

0101101
*
Ed
 1e-07 1 1 0
1  595 0 0 0.599999999999991
0

0101000
+2104 0 -2102 0 *
Ve
1e-07
54.8119354356105 28.7805912990889 0
0 0

0101101
*
Ed
 1e-07 1 1 0
1  596 0 0 0.599999999999987
0

0101000
+2102 0 -2100 0 *
Ed
 1e-07 1 1 0
1  597 0 0 0.599999999999991
0

0101000
+2100 0 -2105 0 *
Wi

0101100
+2103 0 +2101 0 +2099 0 +2098 0 *
Ve
1e-07
54.7752984621134 24.9821923985758 0
0 0

0101101
*
Ve
1e-07
58.105371005574 24.9821923985758 0
0 0

0101101
*
Ed
 1e-07 1 1 0
1  598 0 0 3.3300725434606
0

0101000
+2096 0 -2095 0 *
Ve
1e-07
58.105371005574 25.3991079671988 0
0 0

0101101
*
Ed
 1e-07 1 1 0
1  599 0 0 0.416915568623011
0

0101000
+2095 0 -2093 0 *
Ve
1e-07
54.7752984621134 25.3991079671988 0
0 0

0101101
*
Ed
 1e-07 1 1 0
1  600 0 0 3.3300725434606
0

0101000
+2093 0 -2091 0 *
Ed
 1e-07 1 1 0
1  601 0 0 0.416915568623011
0

0101000
+2091 0 -2096 0 *
Wi

0101100
+2094 0 +2092 0 +2090 0 +2089 0 *
Ve
1e-07
57.2714386765942 20.3251497153759 0
0 0

0101101
*
Ve
1e-07
58.1052698138401 20.3251497153759 0
0 0

0101101
*
Ed
 1e-07 1 1 0
1  602 0 0 0.83383113724598
0

0101000
+2087 0 -2086 0 *
Ve
1e-07
58.1052698138401 22.1785468877379 0
0 0

0101101
*
Ed
 1e-07 1 1 0
1  603 0 0 1.85339717236195
0

0101000
+2086 0 -2084 0 *
Ve
1e-07
57.2714386765942 22.1785468877379 0
0 0

0101101
*
Ed
 1e-07 1 1 0
1  604 0 0 0.83383113724598
0

0101000
+2084 0 -2082 0 *
Ed
 1e-07 1 1 0
1  605 0 0 1.85339717236195
0

0101000
+2082 0 -2087 0 *
Wi

0101100
+2085 0 +2083 0 +2081 0 +2080 0 *
Ve
1e-07
56.6094123461298 20.9585391211241 0
0 0

0101101
*
Ve
1e-07
57.2094123461298 20.9585391211241 0
0 0

0101101
*
Ed
 1e-07 1 1 0
1  606 0 0 0.600000000000001
0

0101000
+2078 0 -2077 0 *
Ve
1e-07
57.2094123461298 21.5585391211241 0
0 0

0101101
*
Ed
 1e-07 1 1 0
1  607 0 0 0.600000000000001
0

0101000
+2077 0 -2075 0 *
Ve
1e-07
56.6094123461298 21.5585391211241 0
0 0

0101101
*
Ed
 1e-07 1 1 0
1  608 0 0 0.600000000000001
0

0101000
+2075 0 -2073 0 *
Ed
 1e-07 1 1 0
1  609 0 0 0.600000000000001
0

0101000
+2073 0 -2078 0 *
Wi

0101100
+2076 0 +2074 0 +2072 0 +2071 0 *
Ve
1e-07
54.7752984621134 19.5015330910033 0
0 0

0101101
*
Ve
1e-07
58.105371005574 19.5015330910033 0
0 0

0101101
*
Ed
 1e-07 1 1 0
1  610 0 0 3.3300725434606
0

0101000
+2069 0 -2068 0 *
Ve
1e-07
58.105371005574 19.9184486596263 0
0 0

0101101
*
Ed
 1e-07 1 1 0
1  611 0 0 0.416915568623011
0

0101000
+2068 0 -2066 0 *
Ve
1e-07
54.7752984621134 19.9184486596263 0
0 0

0101101
*
Ed
 1e-07 1 1 0
1  612 0 0 3.3300725434606
0

0101000
+2066 0 -2064 0 *
Ed
 1e-07 1 1 0
1  613 0 0 0.416915568623011
0

0101000
+2064 0 -2069 0 *
Wi

0101100
+2067 0 +2065 0 +2063 0 +2062 0 *
Ve
1e-07
57.2714386765942 14.8593370364958 0
0 0

0101101
*
Ve
1e-07
58.1052698138401 14.8593370364958 0
0 0

0101101
*
Ed
 1e-07 1 1 0
1  614 0 0 0.83383113724598
0

0101000
+2060 0 -2059 0 *
Ve
1e-07
58.1052698138401 16.7127342088578 0
0 0

0101101
*
Ed
 1e-07 1 1 0
1  615 0 0 1.85339717236195
0

0101000
+2059 0 -2057 0 *
Ve
1e-07
57.2714386765942 16.7127342088578 0
0 0

0101101
*
Ed
 1e-07 1 1 0
1  616 0 0 0.83383113724598
0

0101000
+2057 0 -2055 0 *
Ed
 1e-07 1 1 0
1  617 0 0 1.85339717236195
0

0101000
+2055 0 -2060 0 *
Wi

0101100
+2058 0 +2056 0 +2054 0 +2053 0 *
Ve
1e-07
56.6094123461298 15.492726442244 0
0 0

0101101
*
Ve
1e-07
57.2094123461298 15.492726442244 0
0 0

0101101
*
Ed
 1e-07 1 1 0
1  618 0 0 0.600000000000001
0

0101000
+2051 0 -2050 0 *
Ve
1e-07
57.2094123461298 16.092726442244 0
0 0

0101101
*
Ed
 1e-07 1 1 0
1  619 0 0 0.6
0

0101000
+2050 0 -2048 0 *
Ve
1e-07
56.6094123461298 16.092726442244 0
0 0

0101101
*
Ed
 1e-07 1 1 0
1  620 0 0 0.600000000000001
0

0101000
+2048 0 -2046 0 *
Ed
 1e-07 1 1 0
1  621 0 0 0.6
0

0101000
+2046 0 -2051 0 *
Wi

0101100
+2049 0 +2047 0 +2045 0 +2044 0 *
Ve
1e-07
54.7752984621134 14.0357204121232 0
0 0

0101101
*
Ve
1e-07
58.105371005574 14.0357204121232 0
0 0

0101101
*
Ed
 1e-07 1 1 0
1  622 0 0 3.3300725434606
0

0101000
+2042 0 -2041 0 *
Ve
1e-07
58.105371005574 14.4526359807462 0
0 0

0101101
*
Ed
 1e-07 1 1 0
1  623 0 0 0.416915568623009
0

0101000
+2041 0 -2039 0 *
Ve
1e-07
54.7752984621134 14.4526359807462 0
0 0

0101101
*
Ed
 1e-07 1 1 0
1  624 0 0 3.3300725434606
0

0101000
+2039 0 -2037 0 *
Ed
 1e-07 1 1 0
1  625 0 0 0.416915568623009
0

0101000
+2037 0 -2042 0 *
Wi

0101100
+2040 0 +2038 0 +2036 0 +2035 0 *
Ve
1e-07
57.2714386765942 9.2869899224455 0
0 0

0101101
*
Ve
1e-07
58.1052698138401 9.2869899224455 0
0 0

0101101
*
Ed
 1e-07 1 1 0
1  626 0 0 0.83383113724598
0

0101000
+2033 0 -2032 0 *
Ve
1e-07
58.1052698138401 11.1403870948074 0
0 0

0101101
*
Ed
 1e-07 1 1 0
1  627 0 0 1.85339717236195
0

0101000
+2032 0 -2030 0 *
Ve
1e-07
57.2714386765942 11.1403870948074 0
0 0

0101101
*
Ed
 1e-07 1 1 0
1  628 0 0 0.83383113724598
0

0101000
+2030 0 -2028 0 *
Ed
 1e-07 1 1 0
1  629 0 0 1.85339717236195
0

0101000
+2028 0 -2033 0 *
Wi

0101100
+2031 0 +2029 0 +2027 0 +2026 0 *
Ve
1e-07
56.6094123461298 9.9203793281937 0
0 0

0101101
*
Ve
1e-07
57.2094123461298 9.9203793281937 0
0 0

0101101
*
Ed
 1e-07 1 1 0
1  630 0 0 0.600000000000001
0

0101000
+2024 0 -2023 0 *
Ve
1e-07
57.2094123461298 10.5203793281937 0
0 0

0101101
*
Ed
 1e-07 1 1 0
1  631 0 0 0.599999999999996
0

0101000
+2023 0 -2021 0 *
Ve
1e-07
56.6094123461298 10.5203793281937 0
0 0

0101101
*
Ed
 1e-07 1 1 0
1  632 0 0 0.600000000000001
0

0101000
+2021 0 -2019 0 *
Ed
 1e-07 1 1 0
1  633 0 0 0.599999999999996
0

0101000
+2019 0 -2024 0 *
Wi

0101100
+2022 0 +2020 0 +2018 0 +2017 0 *
Ve
1e-07
56.8570545465773 12.2974604659953 0
0 0

0101101
*
Ve
1e-07
57.4570545465773 12.2974604659953 0
0 0

0101101
*
Ed
 1e-07 1 1 0
1  634 0 0 0.599999999999994
0

0101000
+2015 0 -2014 0 *
Ve
1e-07
57.4570545465773 12.8974604659953 0
0 0

0101101
*
Ed
 1e-07 1 1 0
1  635 0 0 0.6
0

0101000
+2014 0 -2012 0 *
Ve
1e-07
56.8570545465773 12.8974604659953 0
0 0

0101101
*
Ed
 1e-07 1 1 0
1  636 0 0 0.599999999999994
0

0101000
+2012 0 -2010 0 *
Ed
 1e-07 1 1 0
1  637 0 0 0.6
0

0101000
+2010 0 -2015 0 *
Wi

0101100
+2013 0 +2011 0 +2009 0 +2008 0 *
Ve
1e-07
56.2370467799636 12.9594867964596 0
0 0

0101101
*
Ve
1e-07
58.0904439523255 12.9594867964596 0
0 0

0101101
*
Ed
 1e-07 1 1 0
1  638 0 0 1.85339717236192
0

0101000
+2006 0 -2005 0 *
Ve
1e-07
58.0904439523255 13.7933179337056 0
0 0

0101101
*
Ed
 1e-07 1 1 0
1  639 0 0 0.83383113724598
0

0101000
+2005 0 -2003 0 *
Ve
1e-07
56.2370467799636 13.7933179337056 0
0 0

0101101
*
Ed
 1e-07 1 1 0
1  640 0 0 1.85339717236192
0

0101000
+2003 0 -2001 0 *
Ed
 1e-07 1 1 0
1  641 0 0 0.83383113724598
0

0101000
+2001 0 -2006 0 *
Wi

0101100
+2004 0 +2002 0 +2000 0 +1999 0 *
Ve
1e-07
54.7752984621134 8.46337329807288 0
0 0

0101101
*
Ve
1e-07
58.105371005574 8.46337329807288 0
0 0

0101101
*
Ed
 1e-07 1 1 0
1  642 0 0 3.3300725434606
0

0101000
+1997 0 -1996 0 *
Ve
1e-07
58.105371005574 8.88028886669589 0
0 0

0101101
*
Ed
 1e-07 1 1 0
1  643 0 0 0.416915568623011
0

0101000
+1996 0 -1994 0 *
Ve
1e-07
54.7752984621134 8.88028886669589 0
0 0

0101101
*
Ed
 1e-07 1 1 0
1  644 0 0 3.3300725434606
0

0101000
+1994 0 -1992 0 *
Ed
 1e-07 1 1 0
1  645 0 0 0.416915568623011
0

0101000
+1992 0 -1997 0 *
Wi

0101100
+1995 0 +1993 0 +1991 0 +1990 0 *
Ve
1e-07
52.6663418008192 12.7012850172802 0
0 0

0101101
*
Ve
1e-07
53.0832573694422 12.7012850172802 0
0 0

0101101
*
Ed
 1e-07 1 1 0
1  646 0 0 0.416915568622983
0

0101000
+1988 0 -1987 0 *
Ve
1e-07
53.0832573694422 13.8017581825799 0
0 0

0101101
*
Ed
 1e-07 1 1 0
1  647 0 0 1.10047316529971
0

0101000
+1987 0 -1985 0 *
Ve
1e-07
52.6663418008192 13.8017581825799 0
0 0

0101101
*
Ed
 1e-07 1 1 0
1  648 0 0 0.416915568622983
0

0101000
+1985 0 -1983 0 *
Ed
 1e-07 1 1 0
1  649 0 0 1.10047316529971
0

0101000
+1983 0 -1988 0 *
Wi

0101100
+1986 0 +1984 0 +1982 0 +1981 0 *
Ve
1e-07
54.0283872413558 13.184372680194 0
0 0

0101101
*
Ve
1e-07
54.6283872413558 13.184372680194 0
0 0

0101101
*
Ed
 1e-07 1 1 0
1  650 0 0 0.599999999999987
0

0101000
+1979 0 -1978 0 *
Ve
1e-07
54.6283872413558 13.784372680194 0
0 0

0101101
*
Ed
 1e-07 1 1 0
1  651 0 0 0.60000000000001
0

0101000
+1978 0 -1976 0 *
Ve
1e-07
54.0283872413558 13.784372680194 0
0 0

0101101
*
Ed
 1e-07 1 1 0
1  652 0 0 0.599999999999987
0

0101000
+1976 0 -1974 0 *
Ed
 1e-07 1 1 0
1  653 0 0 0.60000000000001
0

0101000
+1974 0 -1979 0 *
Wi

0101100
+1977 0 +1975 0 +1973 0 +1972 0 *
Ve
1e-07
54.7919697181631 13.1887707474225 0
0 0

0101101
*
Ve
1e-07
55.3919697181631 13.1887707474225 0
0 0

0101101
*
Ed
 1e-07 1 1 0
1  654 0 0 0.599999999999994
0

0101000
+1970 0 -1969 0 *
Ve
1e-07
55.3919697181631 13.7887707474225 0
0 0

0101101
*
Ed
 1e-07 1 1 0
1  655 0 0 0.599999999999989
0

0101000
+1969 0 -1967 0 *
Ve
1e-07
54.7919697181631 13.7887707474225 0
0 0

0101101
*
Ed
 1e-07 1 1 0
1  656 0 0 0.599999999999994
0

0101000
+1967 0 -1965 0 *
Ed
 1e-07 1 1 0
1  657 0 0 0.599999999999989
0

0101000
+1965 0 -1970 0 *
Wi

0101100
+1968 0 +1966 0 +1964 0 +1963 0 *
Ve
1e-07
39.0792736644173 26.9272128612938 0
0 0

0101101
*
Ve
1e-07
39.9131048016633 26.9272128612938 0
0 0

0101101
*
Ed
 1e-07 1 1 0
1  658 0 0 0.833831137245994
0

0101000
+1961 0 -1960 0 *
Ve
1e-07
39.9131048016633 28.7806100336558 0
0 0

0101101
*
Ed
 1e-07 1 1 0
1  659 0 0 1.85339717236194
0

0101000
+1960 0 -1958 0 *
Ve
1e-07
39.0792736644173 28.7806100336558 0
0 0

0101101
*
Ed
 1e-07 1 1 0
1  660 0 0 0.833831137245994
0

0101000
+1958 0 -1956 0 *
Ed
 1e-07 1 1 0
1  661 0 0 1.85339717236194
0

0101000
+1956 0 -1961 0 *
Wi

0101100
+1959 0 +1957 0 +1955 0 +1954 0 *
Ve
1e-07
39.9751311321276 27.5472206279076 0
0 0

0101101
*
Ve
1e-07
40.5751311321276 27.5472206279076 0
0 0

0101101
*
Ed
 1e-07 1 1 0
1  662 0 0 0.599999999999994
0

0101000
+1952 0 -1951 0 *
Ve
1e-07
40.5751311321276 28.1472206279076 0
0 0

0101101
*
Ed
 1e-07 1 1 0
1  663 0 0 0.600000000000009
0

0101000
+1951 0 -1949 0 *
Ve
1e-07
39.9751311321276 28.1472206279076 0
0 0

0101101
*
Ed
 1e-07 1 1 0
1  664 0 0 0.599999999999994
0

0101000
+1949 0 -1947 0 *
Ed
 1e-07 1 1 0
1  665 0 0 0.600000000000009
0

0101000
+1947 0 -1952 0 *
Wi

0101100
+1950 0 +1948 0 +1946 0 +1945 0 *
Ve
1e-07
36.3365255511728 26.9272128612938 0
0 0

0101101
*
Ve
1e-07
37.1703566884188 26.9272128612938 0
0 0

0101101
*
Ed
 1e-07 1 1 0
1  666 0 0 0.833831137245994
0

0101000
+1943 0 -1942 0 *
Ve
1e-07
37.1703566884188 28.7806100336558 0
0 0

0101101
*
Ed
 1e-07 1 1 0
1  667 0 0 1.85339717236194
0

0101000
+1942 0 -1940 0 *
Ve
1e-07
36.3365255511728 28.7806100336558 0
0 0

0101101
*
Ed
 1e-07 1 1 0
1  668 0 0 0.833831137245994
0

0101000
+1940 0 -1938 0 *
Ed
 1e-07 1 1 0
1  669 0 0 1.85339717236194
0

0101000
+1938 0 -1943 0 *
Wi

0101100
+1941 0 +1939 0 +1937 0 +1936 0 *
Ve
1e-07
37.2323830188831 27.5472206279076 0
0 0

0101101
*
Ve
1e-07
37.8323830188831 27.5472206279076 0
0 0

0101101
*
Ed
 1e-07 1 1 0
1  670 0 0 0.599999999999994
0

0101000
+1934 0 -1933 0 *
Ve
1e-07
37.8323830188831 28.1472206279076 0
0 0

0101101
*
Ed
 1e-07 1 1 0
1  671 0 0 0.600000000000009
0

0101000
+1933 0 -1931 0 *
Ve
1e-07
37.2323830188831 28.1472206279076 0
0 0

0101101
*
Ed
 1e-07 1 1 0
1  672 0 0 0.599999999999994
0

0101000
+1931 0 -1929 0 *
Ed
 1e-07 1 1 0
1  673 0 0 0.600000000000009
0

0101000
+1929 0 -1934 0 *
Wi

0101100
+1932 0 +1930 0 +1928 0 +1927 0 *
Ve
1e-07
33.5937774379282 26.9272128612938 0
0 0

0101101
*
Ve
1e-07
34.4276085751742 26.9272128612938 0
0 0

0101101
*
Ed
 1e-07 1 1 0
1  674 0 0 0.833831137246001
0

0101000
+1925 0 -1924 0 *
Ve
1e-07
34.4276085751742 28.7806100336558 0
0 0

0101101
*
Ed
 1e-07 1 1 0
1  675 0 0 1.85339717236194
0

0101000
+1924 0 -1922 0 *
Ve
1e-07
33.5937774379282 28.7806100336558 0
0 0

0101101
*
Ed
 1e-07 1 1 0
1  676 0 0 0.833831137246001
0

0101000
+1922 0 -1920 0 *
Ed
 1e-07 1 1 0
1  677 0 0 1.85339717236194
0

0101000
+1920 0 -1925 0 *
Wi

0101100
+1923 0 +1921 0 +1919 0 +1918 0 *
Ve
1e-07
34.4896349056385 27.5472206279076 0
0 0

0101101
*
Ve
1e-07
35.0896349056385 27.5472206279076 0
0 0

0101101
*
Ed
 1e-07 1 1 0
1  678 0 0 0.60000000000003
0

0101000
+1916 0 -1915 0 *
Ve
1e-07
35.0896349056385 28.1472206279076 0
0 0

0101101
*
Ed
 1e-07 1 1 0
1  679 0 0 0.600000000000009
0

0101000
+1915 0 -1913 0 *
Ve
1e-07
34.4896349056385 28.1472206279076 0
0 0

0101101
*
Ed
 1e-07 1 1 0
1  680 0 0 0.60000000000003
0

0101000
+1913 0 -1911 0 *
Ed
 1e-07 1 1 0
1  681 0 0 0.600000000000009
0

0101000
+1911 0 -1916 0 *
Wi

0101100
+1914 0 +1912 0 +1910 0 +1909 0 *
Ve
1e-07
30.8680298295178 26.9272128612938 0
0 0

0101101
*
Ve
1e-07
31.7018609667638 26.9272128612938 0
0 0

0101101
*
Ed
 1e-07 1 1 0
1  682 0 0 0.833831137246001
0

0101000
+1907 0 -1906 0 *
Ve
1e-07
31.7018609667638 28.7806100336558 0
0 0

0101101
*
Ed
 1e-07 1 1 0
1  683 0 0 1.85339717236194
0

0101000
+1906 0 -1904 0 *
Ve
1e-07
30.8680298295178 28.7806100336558 0
0 0

0101101
*
Ed
 1e-07 1 1 0
1  684 0 0 0.833831137246001
0

0101000
+1904 0 -1902 0 *
Ed
 1e-07 1 1 0
1  685 0 0 1.85339717236194
0

0101000
+1902 0 -1907 0 *
Wi

0101100
+1905 0 +1903 0 +1901 0 +1900 0 *
Ve
1e-07
31.7638872972281 27.5472206279076 0
0 0

0101101
*
Ve
1e-07
32.3638872972282 27.5472206279076 0
0 0

0101101
*
Ed
 1e-07 1 1 0
1  686 0 0 0.600000000000033
0

0101000
+1898 0 -1897 0 *
Ve
1e-07
32.3638872972282 28.1472206279076 0
0 0

0101101
*
Ed
 1e-07 1 1 0
1  687 0 0 0.600000000000009
0

0101000
+1897 0 -1895 0 *
Ve
1e-07
31.7638872972281 28.1472206279076 0
0 0

0101101
*
Ed
 1e-07 1 1 0
1  688 0 0 0.600000000000033
0

0101000
+1895 0 -1893 0 *
Ed
 1e-07 1 1 0
1  689 0 0 0.600000000000009
0

0101000
+1893 0 -1898 0 *
Wi

0101100
+1896 0 +1894 0 +1892 0 +1891 0 *
Ve
1e-07
28.1422822211075 26.9272128612938 0
0 0

0101101
*
Ve
1e-07
28.9761133583534 26.9272128612938 0
0 0

0101101
*
Ed
 1e-07 1 1 0
1  690 0 0 0.833831137245991
0

0101000
+1889 0 -1888 0 *
Ve
1e-07
28.9761133583534 28.7806100336558 0
0 0

0101101
*
Ed
 1e-07 1 1 0
1  691 0 0 1.85339717236194
0

0101000
+1888 0 -1886 0 *
Ve
1e-07
28.1422822211075 28.7806100336558 0
0 0

0101101
*
Ed
 1e-07 1 1 0
1  692 0 0 0.833831137245991
0

0101000
+1886 0 -1884 0 *
Ed
 1e-07 1 1 0
1  693 0 0 1.85339717236194
0

0101000
+1884 0 -1889 0 *
Wi

0101100
+1887 0 +1885 0 +1883 0 +1882 0 *
Ve
1e-07
29.0381396888178 27.5472206279076 0
0 0

0101101
*
Ve
1e-07
29.6381396888178 27.5472206279076 0
0 0

0101101
*
Ed
 1e-07 1 1 0
1  694 0 0 0.600000000000009
0

0101000
+1880 0 -1879 0 *
Ve
1e-07
29.6381396888178 28.1472206279076 0
0 0

0101101
*
Ed
 1e-07 1 1 0
1  695 0 0 0.600000000000009
0

0101000
+1879 0 -1877 0 *
Ve
1e-07
29.0381396888178 28.1472206279076 0
0 0

0101101
*
Ed
 1e-07 1 1 0
1  696 0 0 0.600000000000009
0

0101000
+1877 0 -1875 0 *
Ed
 1e-07 1 1 0
1  697 0 0 0.600000000000009
0

0101000
+1875 0 -1880 0 *
Wi

0101100
+1878 0 +1876 0 +1874 0 +1873 0 *
Ve
1e-07
25.4052009428076 26.9272128612938 0
0 0

0101101
*
Ve
1e-07
26.2390320800536 26.9272128612938 0
0 0

0101101
*
Ed
 1e-07 1 1 0
1  698 0 0 0.833831137245991
0

0101000
+1871 0 -1870 0 *
Ve
1e-07
26.2390320800536 28.7806100336558 0
0 0

0101101
*
Ed
 1e-07 1 1 0
1  699 0 0 1.85339717236194
0

0101000
+1870 0 -1868 0 *
Ve
1e-07
25.4052009428076 28.7806100336558 0
0 0

0101101
*
Ed
 1e-07 1 1 0
1  700 0 0 0.833831137245991
0

0101000
+1868 0 -1866 0 *
Ed
 1e-07 1 1 0
1  701 0 0 1.85339717236194
0

0101000
+1866 0 -1871 0 *
Wi

0101100
+1869 0 +1867 0 +1865 0 +1864 0 *
Ve
1e-07
26.3010584105179 27.5472206279076 0
0 0

0101101
*
Ve
1e-07
26.9010584105179 27.5472206279076 0
0 0

0101101
*
Ed
 1e-07 1 1 0
1  702 0 0 0.600000000000009
0

0101000
+1862 0 -1861 0 *
Ve
1e-07
26.9010584105179 28.1472206279076 0
0 0

0101101
*
Ed
 1e-07 1 1 0
1  703 0 0 0.600000000000009
0

0101000
+1861 0 -1859 0 *
Ve
1e-07
26.3010584105179 28.1472206279076 0
0 0

0101101
*
Ed
 1e-07 1 1 0
1  704 0 0 0.600000000000009
0

0101000
+1859 0 -1857 0 *
Ed
 1e-07 1 1 0
1  705 0 0 0.600000000000009
0

0101000
+1857 0 -1862 0 *
Wi

0101100
+1860 0 +1858 0 +1856 0 +1855 0 *
Ve
1e-07
22.6681196645078 26.9272128612938 0
0 0

0101101
*
Ve
1e-07
23.5019508017538 26.9272128612938 0
0 0

0101101
*
Ed
 1e-07 1 1 0
1  706 0 0 0.833831137245998
0

0101000
+1853 0 -1852 0 *
Ve
1e-07
23.5019508017538 28.7806100336558 0
0 0

0101101
*
Ed
 1e-07 1 1 0
1  707 0 0 1.85339717236194
0

0101000
+1852 0 -1850 0 *
Ve
1e-07
22.6681196645078 28.7806100336558 0
0 0

0101101
*
Ed
 1e-07 1 1 0
1  708 0 0 0.833831137245998
0

0101000
+1850 0 -1848 0 *
Ed
 1e-07 1 1 0
1  709 0 0 1.85339717236194
0

0101000
+1848 0 -1853 0 *
Wi

0101100
+1851 0 +1849 0 +1847 0 +1846 0 *
Ve
1e-07
23.5639771322181 27.5472206279076 0
0 0

0101101
*
Ve
1e-07
24.1639771322181 27.5472206279076 0
0 0

0101101
*
Ed
 1e-07 1 1 0
1  710 0 0 0.600000000000009
0

0101000
+1844 0 -1843 0 *
Ve
1e-07
24.1639771322181 28.1472206279076 0
0 0

0101101
*
Ed
 1e-07 1 1 0
1  711 0 0 0.600000000000009
0

0101000
+1843 0 -1841 0 *
Ve
1e-07
23.5639771322181 28.1472206279076 0
0 0

0101101
*
Ed
 1e-07 1 1 0
1  712 0 0 0.600000000000009
0

0101000
+1841 0 -1839 0 *
Ed
 1e-07 1 1 0
1  713 0 0 0.600000000000009
0

0101000
+1839 0 -1844 0 *
Wi

0101100
+1842 0 +1840 0 +1838 0 +1837 0 *
Ve
1e-07
19.9367052211527 26.9272128612938 0
0 0

0101101
*
Ve
1e-07
20.7705363583987 26.9272128612938 0
0 0

0101101
*
Ed
 1e-07 1 1 0
1  714 0 0 0.833831137245991
0

0101000
+1835 0 -1834 0 *
Ve
1e-07
20.7705363583987 28.7806100336558 0
0 0

0101101
*
Ed
 1e-07 1 1 0
1  715 0 0 1.85339717236194
0

0101000
+1834 0 -1832 0 *
Ve
1e-07
19.9367052211527 28.7806100336558 0
0 0

0101101
*
Ed
 1e-07 1 1 0
1  716 0 0 0.833831137245991
0

0101000
+1832 0 -1830 0 *
Ed
 1e-07 1 1 0
1  717 0 0 1.85339717236194
0

0101000
+1830 0 -1835 0 *
Wi

0101100
+1833 0 +1831 0 +1829 0 +1828 0 *
Ve
1e-07
20.832562688863 27.5472206279076 0
0 0

0101101
*
Ve
1e-07
21.432562688863 27.5472206279076 0
0 0

0101101
*
Ed
 1e-07 1 1 0
1  718 0 0 0.600000000000012
0

0101000
+1826 0 -1825 0 *
Ve
1e-07
21.432562688863 28.1472206279076 0
0 0

0101101
*
Ed
 1e-07 1 1 0
1  719 0 0 0.600000000000009
0

0101000
+1825 0 -1823 0 *
Ve
1e-07
20.832562688863 28.1472206279076 0
0 0

0101101
*
Ed
 1e-07 1 1 0
1  720 0 0 0.600000000000012
0

0101000
+1823 0 -1821 0 *
Ed
 1e-07 1 1 0
1  721 0 0 0.600000000000009
0

0101000
+1821 0 -1826 0 *
Wi

0101100
+1824 0 +1822 0 +1820 0 +1819 0 *
Ve
1e-07
18.0837888975788 27.5472206279076 0
0 0

0101101
*
Ve
1e-07
18.6837888975788 27.5472206279076 0
0 0

0101101
*
Ed
 1e-07 1 1 0
1  722 0 0 0.600000000000009
0

0101000
+1817 0 -1816 0 *
Ve
1e-07
18.6837888975788 28.1472206279076 0
0 0

0101101
*
Ed
 1e-07 1 1 0
1  723 0 0 0.600000000000009
0

0101000
+1816 0 -1814 0 *
Ve
1e-07
18.0837888975788 28.1472206279076 0
0 0

0101101
*
Ed
 1e-07 1 1 0
1  724 0 0 0.600000000000009
0

0101000
+1814 0 -1812 0 *
Ed
 1e-07 1 1 0
1  725 0 0 0.600000000000009
0

0101000
+1812 0 -1817 0 *
Wi

0101100
+1815 0 +1813 0 +1811 0 +1810 0 *
Ve
1e-07
17.1879314298685 26.9272128612938 0
0 0

0101101
*
Ve
1e-07
18.0217625671145 26.9272128612938 0
0 0

0101101
*
Ed
 1e-07 1 1 0
1  726 0 0 0.833831137245991
0

0101000
+1808 0 -1807 0 *
Ve
1e-07
18.0217625671145 28.7806100336558 0
0 0

0101101
*
Ed
 1e-07 1 1 0
1  727 0 0 1.85339717236194
0

0101000
+1807 0 -1805 0 *
Ve
1e-07
17.1879314298685 28.7806100336558 0
0 0

0101101
*
Ed
 1e-07 1 1 0
1  728 0 0 0.833831137245991
0

0101000
+1805 0 -1803 0 *
Ed
 1e-07 1 1 0
1  729 0 0 1.85339717236194
0

0101000
+1803 0 -1808 0 *
Wi

0101100
+1806 0 +1804 0 +1802 0 +1801 0 *
Ve
1e-07
15.3350151062946 27.5472206279076 0
0 0

0101101
*
Ve
1e-07
15.9350151062946 27.5472206279076 0
0 0

0101101
*
Ed
 1e-07 1 1 0
1  730 0 0 0.60000000000001
0

0101000
+1799 0 -1798 0 *
Ve
1e-07
15.9350151062946 28.1472206279076 0
0 0

0101101
*
Ed
 1e-07 1 1 0
1  731 0 0 0.600000000000009
0

0101000
+1798 0 -1796 0 *
Ve
1e-07
15.3350151062946 28.1472206279076 0
0 0

0101101
*
Ed
 1e-07 1 1 0
1  732 0 0 0.60000000000001
0

0101000
+1796 0 -1794 0 *
Ed
 1e-07 1 1 0
1  733 0 0 0.600000000000009
0

0101000
+1794 0 -1799 0 *
Wi

0101100
+1797 0 +1795 0 +1793 0 +1792 0 *
Ve
1e-07
14.4391576385843 26.9272128612938 0
0 0

0101101
*
Ve
1e-07
15.2729887758302 26.9272128612938 0
0 0

0101101
*
Ed
 1e-07 1 1 0
1  734 0 0 0.833831137245991
0

0101000
+1790 0 -1789 0 *
Ve
1e-07
15.2729887758302 28.7806100336558 0
0 0

0101101
*
Ed
 1e-07 1 1 0
1  735 0 0 1.85339717236194
0

0101000
+1789 0 -1787 0 *
Ve
1e-07
14.4391576385843 28.7806100336558 0
0 0

0101101
*
Ed
 1e-07 1 1 0
1  736 0 0 0.833831137245991
0

0101000
+1787 0 -1785 0 *
Ed
 1e-07 1 1 0
1  737 0 0 1.85339717236194
0

0101000
+1785 0 -1790 0 *
Wi

0101100
+1788 0 +1786 0 +1784 0 +1783 0 *
Ve
1e-07
12.4932726318171 27.5472206279076 0
0 0

0101101
*
Ve
1e-07
13.0932726318171 27.5472206279076 0
0 0

0101101
*
Ed
 1e-07 1 1 0
1  738 0 0 0.6
0

0101000
+1781 0 -1780 0 *
Ve
1e-07
13.0932726318171 28.1472206279076 0
0 0

0101101
*
Ed
 1e-07 1 1 0
1  739 0 0 0.600000000000009
0

0101000
+1780 0 -1778 0 *
Ve
1e-07
12.4932726318171 28.1472206279076 0
0 0

0101101
*
Ed
 1e-07 1 1 0
1  740 0 0 0.6
0

0101000
+1778 0 -1776 0 *
Ed
 1e-07 1 1 0
1  741 0 0 0.600000000000009
0

0101000
+1776 0 -1781 0 *
Wi

0101100
+1779 0 +1777 0 +1775 0 +1774 0 *
Ve
1e-07
11.5974151641068 26.9272128612938 0
0 0

0101101
*
Ve
1e-07
12.4312463013528 26.9272128612938 0
0 0

0101101
*
Ed
 1e-07 1 1 0
1  742 0 0 0.833831137245991
0

0101000
+1772 0 -1771 0 *
Ve
1e-07
12.4312463013528 28.7806100336558 0
0 0

0101101
*
Ed
 1e-07 1 1 0
1  743 0 0 1.85339717236194
0

0101000
+1771 0 -1769 0 *
Ve
1e-07
11.5974151641068 28.7806100336558 0
0 0

0101101
*
Ed
 1e-07 1 1 0
1  744 0 0 0.833831137245991
0

0101000
+1769 0 -1767 0 *
Ed
 1e-07 1 1 0
1  745 0 0 1.85339717236194
0

0101000
+1767 0 -1772 0 *
Wi

0101100
+1770 0 +1768 0 +1766 0 +1765 0 *
Ve
1e-07
9.65153015733965 27.5472206279076 0
0 0

0101101
*
Ve
1e-07
10.2515301573397 27.5472206279076 0
0 0

0101101
*
Ed
 1e-07 1 1 0
1  746 0 0 0.60000000000001
0

0101000
+1763 0 -1762 0 *
Ve
1e-07
10.2515301573397 28.1472206279076 0
0 0

0101101
*
Ed
 1e-07 1 1 0
1  747 0 0 0.600000000000009
0

0101000
+1762 0 -1760 0 *
Ve
1e-07
9.65153015733965 28.1472206279076 0
0 0

0101101
*
Ed
 1e-07 1 1 0
1  748 0 0 0.60000000000001
0

0101000
+1760 0 -1758 0 *
Ed
 1e-07 1 1 0
1  749 0 0 0.600000000000009
0

0101000
+1758 0 -1763 0 *
Wi

0101100
+1761 0 +1759 0 +1757 0 +1756 0 *
Ve
1e-07
8.75567268962935 26.9272128612938 0
0 0

0101101
*
Ve
1e-07
9.58950382687534 26.9272128612938 0
0 0

0101101
*
Ed
 1e-07 1 1 0
1  750 0 0 0.833831137245994
0

0101000
+1754 0 -1753 0 *
Ve
1e-07
9.58950382687534 28.7806100336558 0
0 0

0101101
*
Ed
 1e-07 1 1 0
1  751 0 0 1.85339717236194
0

0101000
+1753 0 -1751 0 *
Ve
1e-07
8.75567268962935 28.7806100336558 0
0 0

0101101
*
Ed
 1e-07 1 1 0
1  752 0 0 0.833831137245994
0

0101000
+1751 0 -1749 0 *
Ed
 1e-07 1 1 0
1  753 0 0 1.85339717236194
0

0101000
+1749 0 -1754 0 *
Wi

0101100
+1752 0 +1750 0 +1748 0 +1747 0 *
Ve
1e-07
40.9942796538827 26.1065405672351 0
0 0

0101101
*
Ve
1e-07
41.5923413170017 26.1065405672351 0
0 0

0101101
*
Ed
 1e-07 1 1 0
1  754 0 0 0.598061663119012
0

0101000
+1745 0 -1744 0 *
Ve
1e-07
41.5923413170017 26.7084726623316 0
0 0

0101101
*
Ed
 1e-07 1 1 0
1  755 0 0 0.601932095096569
0

0101000
+1744 0 -1742 0 *
Ve
1e-07
40.9942796538827 26.7084726623316 0
0 0

0101101
*
Ed
 1e-07 1 1 0
1  756 0 0 0.598061663119012
0

0101000
+1742 0 -1740 0 *
Ed
 1e-07 1 1 0
1  757 0 0 0.601932095096569
0

0101000
+1740 0 -1745 0 *
Wi

0101100
+1743 0 +1741 0 +1739 0 +1738 0 *
Ve
1e-07
41.1887477983077 22.837756185209 0
0 0

0101101
*
Ve
1e-07
41.6056633669307 22.837756185209 0
0 0

0101101
*
Ed
 1e-07 1 1 0
1  758 0 0 0.416915568622976
0

0101000
+1736 0 -1735 0 *
Ve
1e-07
41.6056633669307 23.9382293505087 0
0 0

0101101
*
Ed
 1e-07 1 1 0
1  759 0 0 1.10047316529973
0

0101000
+1735 0 -1733 0 *
Ve
1e-07
41.1887477983077 23.9382293505087 0
0 0

0101101
*
Ed
 1e-07 1 1 0
1  760 0 0 0.416915568622976
0

0101000
+1733 0 -1731 0 *
Ed
 1e-07 1 1 0
1  761 0 0 1.10047316529973
0

0101000
+1731 0 -1736 0 *
Wi

0101100
+1734 0 +1732 0 +1730 0 +1729 0 *
Ve
1e-07
40.9962148698715 25.3429478768421 0
0 0

0101101
*
Ve
1e-07
41.5942765329905 25.3429478768421 0
0 0

0101101
*
Ed
 1e-07 1 1 0
1  762 0 0 0.59806166311899
0

0101000
+1727 0 -1726 0 *
Ve
1e-07
41.5942765329905 25.9448799719387 0
0 0

0101101
*
Ed
 1e-07 1 1 0
1  763 0 0 0.601932095096579
0

0101000
+1726 0 -1724 0 *
Ve
1e-07
40.9962148698715 25.9448799719387 0
0 0

0101101
*
Ed
 1e-07 1 1 0
1  764 0 0 0.59806166311899
0

0101000
+1724 0 -1722 0 *
Ed
 1e-07 1 1 0
1  765 0 0 0.601932095096579
0

0101000
+1722 0 -1727 0 *
Wi

0101100
+1725 0 +1723 0 +1721 0 +1720 0 *
Ve
1e-07
40.9893897666167 24.5904735670821 0
0 0

0101101
*
Ve
1e-07
41.5874514297357 24.5904735670821 0
0 0

0101101
*
Ed
 1e-07 1 1 0
1  766 0 0 0.598061663118983
0

0101000
+1718 0 -1717 0 *
Ve
1e-07
41.5874514297357 25.1924056621786 0
0 0

0101101
*
Ed
 1e-07 1 1 0
1  767 0 0 0.601932095096569
0

0101000
+1717 0 -1715 0 *
Ve
1e-07
40.9893897666167 25.1924056621786 0
0 0

0101101
*
Ed
 1e-07 1 1 0
1  768 0 0 0.598061663118983
0

0101000
+1715 0 -1713 0 *
Ed
 1e-07 1 1 0
1  769 0 0 0.601932095096569
0

0101000
+1713 0 -1718 0 *
Wi

0101100
+1716 0 +1714 0 +1712 0 +1711 0 *
Ve
1e-07
38.2515315406381 26.1065405672351 0
0 0

0101101
*
Ve
1e-07
38.8495932037572 26.1065405672351 0
0 0

0101101
*
Ed
 1e-07 1 1 0
1  770 0 0 0.598061663119026
0

0101000
+1709 0 -1708 0 *
Ve
1e-07
38.8495932037572 26.7084726623316 0
0 0

0101101
*
Ed
 1e-07 1 1 0
1  771 0 0 0.601932095096569
0

0101000
+1708 0 -1706 0 *
Ve
1e-07
38.2515315406381 26.7084726623316 0
0 0

0101101
*
Ed
 1e-07 1 1 0
1  772 0 0 0.598061663119026
0

0101000
+1706 0 -1704 0 *
Ed
 1e-07 1 1 0
1  773 0 0 0.601932095096569
0

0101000
+1704 0 -1709 0 *
Wi

0101100
+1707 0 +1705 0 +1703 0 +1702 0 *
Ve
1e-07
38.4459996850632 22.837756185209 0
0 0

0101101
*
Ve
1e-07
38.8629152536861 22.837756185209 0
0 0

0101101
*
Ed
 1e-07 1 1 0
1  774 0 0 0.416915568622983
0

0101000
+1700 0 -1699 0 *
Ve
1e-07
38.8629152536861 23.9382293505087 0
0 0

0101101
*
Ed
 1e-07 1 1 0
1  775 0 0 1.10047316529973
0

0101000
+1699 0 -1697 0 *
Ve
1e-07
38.4459996850632 23.9382293505087 0
0 0

0101101
*
Ed
 1e-07 1 1 0
1  776 0 0 0.416915568622983
0

0101000
+1697 0 -1695 0 *
Ed
 1e-07 1 1 0
1  777 0 0 1.10047316529973
0

0101000
+1695 0 -1700 0 *
Wi

0101100
+1698 0 +1696 0 +1694 0 +1693 0 *
Ve
1e-07
38.2534667566269 25.3429478768421 0
0 0

0101101
*
Ve
1e-07
38.8515284197459 25.3429478768421 0
0 0

0101101
*
Ed
 1e-07 1 1 0
1  778 0 0 0.598061663118983
0

0101000
+1691 0 -1690 0 *
Ve
1e-07
38.8515284197459 25.9448799719387 0
0 0

0101101
*
Ed
 1e-07 1 1 0
1  779 0 0 0.601932095096579
0

0101000
+1690 0 -1688 0 *
Ve
1e-07
38.2534667566269 25.9448799719387 0
0 0

0101101
*
Ed
 1e-07 1 1 0
1  780 0 0 0.598061663118983
0

0101000
+1688 0 -1686 0 *
Ed
 1e-07 1 1 0
1  781 0 0 0.601932095096579
0

0101000
+1686 0 -1691 0 *
Wi

0101100
+1689 0 +1687 0 +1685 0 +1684 0 *
Ve
1e-07
38.2466416533722 24.5904735670821 0
0 0

0101101
*
Ve
1e-07
38.8447033164912 24.5904735670821 0
0 0

0101101
*
Ed
 1e-07 1 1 0
1  782 0 0 0.59806166311899
0

0101000
+1682 0 -1681 0 *
Ve
1e-07
38.8447033164912 25.1924056621786 0
0 0

0101101
*
Ed
 1e-07 1 1 0
1  783 0 0 0.601932095096569
0

0101000
+1681 0 -1679 0 *
Ve
1e-07
38.2466416533722 25.1924056621786 0
0 0

0101101
*
Ed
 1e-07 1 1 0
1  784 0 0 0.59806166311899
0

0101000
+1679 0 -1677 0 *
Ed
 1e-07 1 1 0
1  785 0 0 0.601932095096569
0

0101000
+1677 0 -1682 0 *
Wi

0101100
+1680 0 +1678 0 +1676 0 +1675 0 *
Ve
1e-07
35.5087834273936 26.1065405672351 0
0 0

0101101
*
Ve
1e-07
36.1068450905126 26.1065405672351 0
0 0

0101101
*
Ed
 1e-07 1 1 0
1  786 0 0 0.598061663119012
0

0101000
+1673 0 -1672 0 *
Ve
1e-07
36.1068450905126 26.7084726623316 0
0 0

0101101
*
Ed
 1e-07 1 1 0
1  787 0 0 0.601932095096569
0

0101000
+1672 0 -1670 0 *
Ve
1e-07
35.5087834273936 26.7084726623316 0
0 0

0101101
*
Ed
 1e-07 1 1 0
1  788 0 0 0.598061663119012
0

0101000
+1670 0 -1668 0 *
Ed
 1e-07 1 1 0
1  789 0 0 0.601932095096569
0

0101000
+1668 0 -1673 0 *
Wi

0101100
+1671 0 +1669 0 +1667 0 +1666 0 *
Ve
1e-07
35.7032515718186 22.837756185209 0
0 0

0101101
*
Ve
1e-07
36.1201671404416 22.837756185209 0
0 0

0101101
*
Ed
 1e-07 1 1 0
1  790 0 0 0.41691556862299
0

0101000
+1664 0 -1663 0 *
Ve
1e-07
36.1201671404416 23.9382293505087 0
0 0

0101101
*
Ed
 1e-07 1 1 0
1  791 0 0 1.10047316529973
0

0101000
+1663 0 -1661 0 *
Ve
1e-07
35.7032515718186 23.9382293505087 0
0 0

0101101
*
Ed
 1e-07 1 1 0
1  792 0 0 0.41691556862299
0

0101000
+1661 0 -1659 0 *
Ed
 1e-07 1 1 0
1  793 0 0 1.10047316529973
0

0101000
+1659 0 -1664 0 *
Wi

0101100
+1662 0 +1660 0 +1658 0 +1657 0 *
Ve
1e-07
35.5107186433824 25.3429478768421 0
0 0

0101101
*
Ve
1e-07
36.1087803065014 25.3429478768421 0
0 0

0101101
*
Ed
 1e-07 1 1 0
1  794 0 0 0.598061663119005
0

0101000
+1655 0 -1654 0 *
Ve
1e-07
36.1087803065014 25.9448799719387 0
0 0

0101101
*
Ed
 1e-07 1 1 0
1  795 0 0 0.601932095096579
0

0101000
+1654 0 -1652 0 *
Ve
1e-07
35.5107186433824 25.9448799719387 0
0 0

0101101
*
Ed
 1e-07 1 1 0
1  796 0 0 0.598061663119005
0

0101000
+1652 0 -1650 0 *
Ed
 1e-07 1 1 0
1  797 0 0 0.601932095096579
0

0101000
+1650 0 -1655 0 *
Wi

0101100
+1653 0 +1651 0 +1649 0 +1648 0 *
Ve
1e-07
35.5038935401276 24.5904735670821 0
0 0

0101101
*
Ve
1e-07
36.1019552032466 24.5904735670821 0
0 0

0101101
*
Ed
 1e-07 1 1 0
1  798 0 0 0.598061663118976
0

0101000
+1646 0 -1645 0 *
Ve
1e-07
36.1019552032466 25.1924056621786 0
0 0

0101101
*
Ed
 1e-07 1 1 0
1  799 0 0 0.601932095096569
0

0101000
+1645 0 -1643 0 *
Ve
1e-07
35.5038935401276 25.1924056621786 0
0 0

0101101
*
Ed
 1e-07 1 1 0
1  800 0 0 0.598061663118976
0

0101000
+1643 0 -1641 0 *
Ed
 1e-07 1 1 0
1  801 0 0 0.601932095096569
0

0101000
+1641 0 -1646 0 *
Wi

0101100
+1644 0 +1642 0 +1640 0 +1639 0 *
Ve
1e-07
32.7830358189832 26.1065405672351 0
0 0

0101101
*
Ve
1e-07
33.3810974821022 26.1065405672351 0
0 0

0101101
*
Ed
 1e-07 1 1 0
1  802 0 0 0.598061663119026
0

0101000
+1637 0 -1636 0 *
Ve
1e-07
33.3810974821022 26.7084726623316 0
0 0

0101101
*
Ed
 1e-07 1 1 0
1  803 0 0 0.601932095096569
0

0101000
+1636 0 -1634 0 *
Ve
1e-07
32.7830358189832 26.7084726623316 0
0 0

0101101
*
Ed
 1e-07 1 1 0
1  804 0 0 0.598061663119026
0

0101000
+1634 0 -1632 0 *
Ed
 1e-07 1 1 0
1  805 0 0 0.601932095096569
0

0101000
+1632 0 -1637 0 *
Wi

0101100
+1635 0 +1633 0 +1631 0 +1630 0 *
Ve
1e-07
32.9775039634082 22.837756185209 0
0 0

0101101
*
Ve
1e-07
33.3944195320312 22.837756185209 0
0 0

0101101
*
Ed
 1e-07 1 1 0
1  806 0 0 0.416915568622976
0

0101000
+1628 0 -1627 0 *
Ve
1e-07
33.3944195320312 23.9382293505087 0
0 0

0101101
*
Ed
 1e-07 1 1 0
1  807 0 0 1.10047316529973
0

0101000
+1627 0 -1625 0 *
Ve
1e-07
32.9775039634082 23.9382293505087 0
0 0

0101101
*
Ed
 1e-07 1 1 0
1  808 0 0 0.416915568622976
0

0101000
+1625 0 -1623 0 *
Ed
 1e-07 1 1 0
1  809 0 0 1.10047316529973
0

0101000
+1623 0 -1628 0 *
Wi

0101100
+1626 0 +1624 0 +1622 0 +1621 0 *
Ve
1e-07
32.784971034972 25.3429478768421 0
0 0

0101101
*
Ve
1e-07
33.383032698091 25.3429478768421 0
0 0

0101101
*
Ed
 1e-07 1 1 0
1  810 0 0 0.598061663118983
0

0101000
+1619 0 -1618 0 *
Ve
1e-07
33.383032698091 25.9448799719387 0
0 0

0101101
*
Ed
 1e-07 1 1 0
1  811 0 0 0.601932095096579
0

0101000
+1618 0 -1616 0 *
Ve
1e-07
32.784971034972 25.9448799719387 0
0 0

0101101
*
Ed
 1e-07 1 1 0
1  812 0 0 0.598061663118983
0

0101000
+1616 0 -1614 0 *
Ed
 1e-07 1 1 0
1  813 0 0 0.601932095096579
0

0101000
+1614 0 -1619 0 *
Wi

0101100
+1617 0 +1615 0 +1613 0 +1612 0 *
Ve
1e-07
32.7781459317172 24.5904735670821 0
0 0

0101101
*
Ve
1e-07
33.3762075948362 24.5904735670821 0
0 0

0101101
*
Ed
 1e-07 1 1 0
1  814 0 0 0.598061663118983
0

0101000
+1610 0 -1609 0 *
Ve
1e-07
33.3762075948362 25.1924056621786 0
0 0

0101101
*
Ed
 1e-07 1 1 0
1  815 0 0 0.601932095096569
0

0101000
+1609 0 -1607 0 *
Ve
1e-07
32.7781459317172 25.1924056621786 0
0 0

0101101
*
Ed
 1e-07 1 1 0
1  816 0 0 0.598061663118983
0

0101000
+1607 0 -1605 0 *
Ed
 1e-07 1 1 0
1  817 0 0 0.601932095096569
0

0101000
+1605 0 -1610 0 *
Wi

0101100
+1608 0 +1606 0 +1604 0 +1603 0 *
Ve
1e-07
30.0572882105728 26.1065405672351 0
0 0

0101101
*
Ve
1e-07
30.6553498736918 26.1065405672351 0
0 0

0101101
*
Ed
 1e-07 1 1 0
1  818 0 0 0.598061663119008
0

0101000
+1601 0 -1600 0 *
Ve
1e-07
30.6553498736918 26.7084726623316 0
0 0

0101101
*
Ed
 1e-07 1 1 0
1  819 0 0 0.601932095096569
0

0101000
+1600 0 -1598 0 *
Ve
1e-07
30.0572882105728 26.7084726623316 0
0 0

0101101
*
Ed
 1e-07 1 1 0
1  820 0 0 0.598061663119008
0

0101000
+1598 0 -1596 0 *
Ed
 1e-07 1 1 0
1  821 0 0 0.601932095096569
0

0101000
+1596 0 -1601 0 *
Wi

0101100
+1599 0 +1597 0 +1595 0 +1594 0 *
Ve
1e-07
30.2517563549978 22.837756185209 0
0 0

0101101
*
Ve
1e-07
30.6686719236208 22.837756185209 0
0 0

0101101
*
Ed
 1e-07 1 1 0
1  822 0 0 0.416915568622979
0

0101000
+1592 0 -1591 0 *
Ve
1e-07
30.6686719236208 23.9382293505087 0
0 0

0101101
*
Ed
 1e-07 1 1 0
1  823 0 0 1.10047316529973
0

0101000
+1591 0 -1589 0 *
Ve
1e-07
30.2517563549978 23.9382293505087 0
0 0

0101101
*
Ed
 1e-07 1 1 0
1  824 0 0 0.416915568622979
0

0101000
+1589 0 -1587 0 *
Ed
 1e-07 1 1 0
1  825 0 0 1.10047316529973
0

0101000
+1587 0 -1592 0 *
Wi

0101100
+1590 0 +1588 0 +1586 0 +1585 0 *
Ve
1e-07
30.0592234265616 25.3429478768421 0
0 0

0101101
*
Ve
1e-07
30.6572850896806 25.3429478768421 0
0 0

0101101
*
Ed
 1e-07 1 1 0
1  826 0 0 0.598061663118997
0

0101000
+1583 0 -1582 0 *
Ve
1e-07
30.6572850896806 25.9448799719387 0
0 0

0101101
*
Ed
 1e-07 1 1 0
1  827 0 0 0.601932095096579
0

0101000
+1582 0 -1580 0 *
Ve
1e-07
30.0592234265616 25.9448799719387 0
0 0

0101101
*
Ed
 1e-07 1 1 0
1  828 0 0 0.598061663118997
0

0101000
+1580 0 -1578 0 *
Ed
 1e-07 1 1 0
1  829 0 0 0.601932095096579
0

0101000
+1578 0 -1583 0 *
Wi

0101100
+1581 0 +1579 0 +1577 0 +1576 0 *
Ve
1e-07
30.0523983233068 24.5904735670821 0
0 0

0101101
*
Ve
1e-07
30.6504599864258 24.5904735670821 0
0 0

0101101
*
Ed
 1e-07 1 1 0
1  830 0 0 0.59806166311898
0

0101000
+1574 0 -1573 0 *
Ve
1e-07
30.6504599864258 25.1924056621786 0
0 0

0101101
*
Ed
 1e-07 1 1 0
1  831 0 0 0.601932095096569
0

0101000
+1573 0 -1571 0 *
Ve
1e-07
30.0523983233068 25.1924056621786 0
0 0

0101101
*
Ed
 1e-07 1 1 0
1  832 0 0 0.59806166311898
0

0101000
+1571 0 -1569 0 *
Ed
 1e-07 1 1 0
1  833 0 0 0.601932095096569
0

0101000
+1569 0 -1574 0 *
Wi

0101100
+1572 0 +1570 0 +1568 0 +1567 0 *
Ve
1e-07
27.320206932273 26.1065405672351 0
0 0

0101101
*
Ve
1e-07
27.918268595392 26.1065405672351 0
0 0

0101101
*
Ed
 1e-07 1 1 0
1  834 0 0 0.598061663119008
0

0101000
+1565 0 -1564 0 *
Ve
1e-07
27.918268595392 26.7084726623316 0
0 0

0101101
*
Ed
 1e-07 1 1 0
1  835 0 0 0.601932095096569
0

0101000
+1564 0 -1562 0 *
Ve
1e-07
27.320206932273 26.7084726623316 0
0 0

0101101
*
Ed
 1e-07 1 1 0
1  836 0 0 0.598061663119008
0

0101000
+1562 0 -1560 0 *
Ed
 1e-07 1 1 0
1  837 0 0 0.601932095096569
0

0101000
+1560 0 -1565 0 *
Wi

0101100
+1563 0 +1561 0 +1559 0 +1558 0 *
Ve
1e-07
27.514675076698 22.837756185209 0
0 0

0101101
*
Ve
1e-07
27.9315906453209 22.837756185209 0
0 0

0101101
*
Ed
 1e-07 1 1 0
1  838 0 0 0.416915568622979
0

0101000
+1556 0 -1555 0 *
Ve
1e-07
27.9315906453209 23.9382293505087 0
0 0

0101101
*
Ed
 1e-07 1 1 0
1  839 0 0 1.10047316529973
0

0101000
+1555 0 -1553 0 *
Ve
1e-07
27.514675076698 23.9382293505087 0
0 0

0101101
*
Ed
 1e-07 1 1 0
1  840 0 0 0.416915568622979
0

0101000
+1553 0 -1551 0 *
Ed
 1e-07 1 1 0
1  841 0 0 1.10047316529973
0

0101000
+1551 0 -1556 0 *
Wi

0101100
+1554 0 +1552 0 +1550 0 +1549 0 *
Ve
1e-07
27.3221421482618 25.3429478768421 0
0 0

0101101
*
Ve
1e-07
27.9202038113808 25.3429478768421 0
0 0

0101101
*
Ed
 1e-07 1 1 0
1  842 0 0 0.598061663118997
0

0101000
+1547 0 -1546 0 *
Ve
1e-07
27.9202038113808 25.9448799719387 0
0 0

0101101
*
Ed
 1e-07 1 1 0
1  843 0 0 0.601932095096579
0

0101000
+1546 0 -1544 0 *
Ve
1e-07
27.3221421482618 25.9448799719387 0
0 0

0101101
*
Ed
 1e-07 1 1 0
1  844 0 0 0.598061663118997
0

0101000
+1544 0 -1542 0 *
Ed
 1e-07 1 1 0
1  845 0 0 0.601932095096579
0

0101000
+1542 0 -1547 0 *
Wi

0101100
+1545 0 +1543 0 +1541 0 +1540 0 *
Ve
1e-07
27.315317045007 24.5904735670821 0
0 0

0101101
*
Ve
1e-07
27.913378708126 24.5904735670821 0
0 0

0101101
*
Ed
 1e-07 1 1 0
1  846 0 0 0.59806166311898
0

0101000
+1538 0 -1537 0 *
Ve
1e-07
27.913378708126 25.1924056621786 0
0 0

0101101
*
Ed
 1e-07 1 1 0
1  847 0 0 0.601932095096569
0

0101000
+1537 0 -1535 0 *
Ve
1e-07
27.315317045007 25.1924056621786 0
0 0

0101101
*
Ed
 1e-07 1 1 0
1  848 0 0 0.59806166311898
0

0101000
+1535 0 -1533 0 *
Ed
 1e-07 1 1 0
1  849 0 0 0.601932095096569
0

0101000
+1533 0 -1538 0 *
Wi

0101100
+1536 0 +1534 0 +1532 0 +1531 0 *
Ve
1e-07
24.5831256539731 26.1065405672351 0
0 0

0101101
*
Ve
1e-07
25.1811873170921 26.1065405672351 0
0 0

0101101
*
Ed
 1e-07 1 1 0
1  850 0 0 0.598061663119008
0

0101000
+1529 0 -1528 0 *
Ve
1e-07
25.1811873170921 26.7084726623316 0
0 0

0101101
*
Ed
 1e-07 1 1 0
1  851 0 0 0.601932095096569
0

0101000
+1528 0 -1526 0 *
Ve
1e-07
24.5831256539731 26.7084726623316 0
0 0

0101101
*
Ed
 1e-07 1 1 0
1  852 0 0 0.598061663119008
0

0101000
+1526 0 -1524 0 *
Ed
 1e-07 1 1 0
1  853 0 0 0.601932095096569
0

0101000
+1524 0 -1529 0 *
Wi

0101100
+1527 0 +1525 0 +1523 0 +1522 0 *
Ve
1e-07
24.7775937983981 22.837756185209 0
0 0

0101101
*
Ve
1e-07
25.1945093670211 22.837756185209 0
0 0

0101101
*
Ed
 1e-07 1 1 0
1  854 0 0 0.41691556862299
0

0101000
+1520 0 -1519 0 *
Ve
1e-07
25.1945093670211 23.9382293505087 0
0 0

0101101
*
Ed
 1e-07 1 1 0
1  855 0 0 1.10047316529973
0

0101000
+1519 0 -1517 0 *
Ve
1e-07
24.7775937983981 23.9382293505087 0
0 0

0101101
*
Ed
 1e-07 1 1 0
1  856 0 0 0.41691556862299
0

0101000
+1517 0 -1515 0 *
Ed
 1e-07 1 1 0
1  857 0 0 1.10047316529973
0

0101000
+1515 0 -1520 0 *
Wi

0101100
+1518 0 +1516 0 +1514 0 +1513 0 *
Ve
1e-07
24.5850608699619 25.3429478768421 0
0 0

0101101
*
Ve
1e-07
25.1831225330809 25.3429478768421 0
0 0

0101101
*
Ed
 1e-07 1 1 0
1  858 0 0 0.59806166311899
0

0101000
+1511 0 -1510 0 *
Ve
1e-07
25.1831225330809 25.9448799719387 0
0 0

0101101
*
Ed
 1e-07 1 1 0
1  859 0 0 0.601932095096579
0

0101000
+1510 0 -1508 0 *
Ve
1e-07
24.5850608699619 25.9448799719387 0
0 0

0101101
*
Ed
 1e-07 1 1 0
1  860 0 0 0.59806166311899
0

0101000
+1508 0 -1506 0 *
Ed
 1e-07 1 1 0
1  861 0 0 0.601932095096579
0

0101000
+1506 0 -1511 0 *
Wi

0101100
+1509 0 +1507 0 +1505 0 +1504 0 *
Ve
1e-07
24.5782357667072 24.5904735670821 0
0 0

0101101
*
Ve
1e-07
25.1762974298262 24.5904735670821 0
0 0

0101101
*
Ed
 1e-07 1 1 0
1  862 0 0 0.59806166311898
0

0101000
+1502 0 -1501 0 *
Ve
1e-07
25.1762974298262 25.1924056621786 0
0 0

0101101
*
Ed
 1e-07 1 1 0
1  863 0 0 0.601932095096569
0

0101000
+1501 0 -1499 0 *
Ve
1e-07
24.5782357667072 25.1924056621786 0
0 0

0101101
*
Ed
 1e-07 1 1 0
1  864 0 0 0.59806166311898
0

0101000
+1499 0 -1497 0 *
Ed
 1e-07 1 1 0
1  865 0 0 0.601932095096569
0

0101000
+1497 0 -1502 0 *
Wi

0101100
+1500 0 +1498 0 +1496 0 +1495 0 *
Ve
1e-07
21.851711210618 26.1065405672351 0
0 0

0101101
*
Ve
1e-07
22.4497728737371 26.1065405672351 0
0 0

0101101
*
Ed
 1e-07 1 1 0
1  866 0 0 0.598061663119019
0

0101000
+1493 0 -1492 0 *
Ve
1e-07
22.4497728737371 26.7084726623316 0
0 0

0101101
*
Ed
 1e-07 1 1 0
1  867 0 0 0.601932095096569
0

0101000
+1492 0 -1490 0 *
Ve
1e-07
21.851711210618 26.7084726623316 0
0 0

0101101
*
Ed
 1e-07 1 1 0
1  868 0 0 0.598061663119019
0

0101000
+1490 0 -1488 0 *
Ed
 1e-07 1 1 0
1  869 0 0 0.601932095096569
0

0101000
+1488 0 -1493 0 *
Wi

0101100
+1491 0 +1489 0 +1487 0 +1486 0 *
Ve
1e-07
22.046179355043 22.837756185209 0
0 0

0101101
*
Ve
1e-07
22.463094923666 22.837756185209 0
0 0

0101101
*
Ed
 1e-07 1 1 0
1  870 0 0 0.416915568622979
0

0101000
+1484 0 -1483 0 *
Ve
1e-07
22.463094923666 23.9382293505087 0
0 0

0101101
*
Ed
 1e-07 1 1 0
1  871 0 0 1.10047316529973
0

0101000
+1483 0 -1481 0 *
Ve
1e-07
22.046179355043 23.9382293505087 0
0 0

0101101
*
Ed
 1e-07 1 1 0
1  872 0 0 0.416915568622979
0

0101000
+1481 0 -1479 0 *
Ed
 1e-07 1 1 0
1  873 0 0 1.10047316529973
0

0101000
+1479 0 -1484 0 *
Wi

0101100
+1482 0 +1480 0 +1478 0 +1477 0 *
Ve
1e-07
21.8536464266068 25.3429478768421 0
0 0

0101101
*
Ve
1e-07
22.4517080897258 25.3429478768421 0
0 0

0101101
*
Ed
 1e-07 1 1 0
1  874 0 0 0.598061663119001
0

0101000
+1475 0 -1474 0 *
Ve
1e-07
22.4517080897258 25.9448799719387 0
0 0

0101101
*
Ed
 1e-07 1 1 0
1  875 0 0 0.601932095096579
0

0101000
+1474 0 -1472 0 *
Ve
1e-07
21.8536464266068 25.9448799719387 0
0 0

0101101
*
Ed
 1e-07 1 1 0
1  876 0 0 0.598061663119001
0

0101000
+1472 0 -1470 0 *
Ed
 1e-07 1 1 0
1  877 0 0 0.601932095096579
0

0101000
+1470 0 -1475 0 *
Wi

0101100
+1473 0 +1471 0 +1469 0 +1468 0 *
Ve
1e-07
21.8468213233521 24.5904735670821 0
0 0

0101101
*
Ve
1e-07
22.4448829864711 24.5904735670821 0
0 0

0101101
*
Ed
 1e-07 1 1 0
1  878 0 0 0.59806166311899
0

0101000
+1466 0 -1465 0 *
Ve
1e-07
22.4448829864711 25.1924056621786 0
0 0

0101101
*
Ed
 1e-07 1 1 0
1  879 0 0 0.601932095096569
0

0101000
+1465 0 -1463 0 *
Ve
1e-07
21.8468213233521 25.1924056621786 0
0 0

0101101
*
Ed
 1e-07 1 1 0
1  880 0 0 0.59806166311899
0

0101000
+1463 0 -1461 0 *
Ed
 1e-07 1 1 0
1  881 0 0 0.601932095096569
0

0101000
+1461 0 -1466 0 *
Wi

0101100
+1464 0 +1462 0 +1460 0 +1459 0 *
Ve
1e-07
19.3249637571467 22.8294887271926 0
0 0

0101101
*
Ve
1e-07
19.7418793257697 22.8294887271926 0
0 0

0101101
*
Ed
 1e-07 1 1 0
1  882 0 0 0.416915568622979
0

0101000
+1457 0 -1456 0 *
Ve
1e-07
19.7418793257697 23.9299618924924 0
0 0

0101101
*
Ed
 1e-07 1 1 0
1  883 0 0 1.10047316529973
0

0101000
+1456 0 -1454 0 *
Ve
1e-07
19.3249637571467 23.9299618924924 0
0 0

0101101
*
Ed
 1e-07 1 1 0
1  884 0 0 0.416915568622979
0

0101000
+1454 0 -1452 0 *
Ed
 1e-07 1 1 0
1  885 0 0 1.10047316529973
0

0101000
+1452 0 -1457 0 *
Wi

0101100
+1455 0 +1453 0 +1451 0 +1450 0 *
Ve
1e-07
19.0980475320679 24.5904735670821 0
0 0

0101101
*
Ve
1e-07
19.6961091951868 24.5904735670821 0
0 0

0101101
*
Ed
 1e-07 1 1 0
1  886 0 0 0.59806166311898
0

0101000
+1448 0 -1447 0 *
Ve
1e-07
19.6961091951868 25.1924056621786 0
0 0

0101101
*
Ed
 1e-07 1 1 0
1  887 0 0 0.601932095096569
0

0101000
+1447 0 -1445 0 *
Ve
1e-07
19.0980475320679 25.1924056621786 0
0 0

0101101
*
Ed
 1e-07 1 1 0
1  888 0 0 0.59806166311898
0

0101000
+1445 0 -1443 0 *
Ed
 1e-07 1 1 0
1  889 0 0 0.601932095096569
0

0101000
+1443 0 -1448 0 *
Wi

0101100
+1446 0 +1444 0 +1442 0 +1441 0 *
Ve
1e-07
19.1048726353226 25.3429478768421 0
0 0

0101101
*
Ve
1e-07
19.7029342984416 25.3429478768421 0
0 0

0101101
*
Ed
 1e-07 1 1 0
1  890 0 0 0.598061663118997
0

0101000
+1439 0 -1438 0 *
Ve
1e-07
19.7029342984416 25.9448799719387 0
0 0

0101101
*
Ed
 1e-07 1 1 0
1  891 0 0 0.601932095096579
0

0101000
+1438 0 -1436 0 *
Ve
1e-07
19.1048726353226 25.9448799719387 0
0 0

0101101
*
Ed
 1e-07 1 1 0
1  892 0 0 0.598061663118997
0

0101000
+1436 0 -1434 0 *
Ed
 1e-07 1 1 0
1  893 0 0 0.601932095096579
0

0101000
+1434 0 -1439 0 *
Wi

0101100
+1437 0 +1435 0 +1433 0 +1432 0 *
Ve
1e-07
19.1029374193338 26.1065405672351 0
0 0

0101101
*
Ve
1e-07
19.7009990824528 26.1065405672351 0
0 0

0101101
*
Ed
 1e-07 1 1 0
1  894 0 0 0.598061663119008
0

0101000
+1430 0 -1429 0 *
Ve
1e-07
19.7009990824528 26.7084726623316 0
0 0

0101101
*
Ed
 1e-07 1 1 0
1  895 0 0 0.601932095096569
0

0101000
+1429 0 -1427 0 *
Ve
1e-07
19.1029374193338 26.7084726623316 0
0 0

0101101
*
Ed
 1e-07 1 1 0
1  896 0 0 0.598061663119008
0

0101000
+1427 0 -1425 0 *
Ed
 1e-07 1 1 0
1  897 0 0 0.601932095096569
0

0101000
+1425 0 -1430 0 *
Wi

0101100
+1428 0 +1426 0 +1424 0 +1423 0 *
Ve
1e-07
16.5761899658625 22.8294887271926 0
0 0

0101101
*
Ve
1e-07
16.9931055344854 22.8294887271926 0
0 0

0101101
*
Ed
 1e-07 1 1 0
1  898 0 0 0.41691556862299
0

0101000
+1421 0 -1420 0 *
Ve
1e-07
16.9931055344854 23.9299618924924 0
0 0

0101101
*
Ed
 1e-07 1 1 0
1  899 0 0 1.10047316529973
0

0101000
+1420 0 -1418 0 *
Ve
1e-07
16.5761899658625 23.9299618924924 0
0 0

0101101
*
Ed
 1e-07 1 1 0
1  900 0 0 0.41691556862299
0

0101000
+1418 0 -1416 0 *
Ed
 1e-07 1 1 0
1  901 0 0 1.10047316529973
0

0101000
+1416 0 -1421 0 *
Wi

0101100
+1419 0 +1417 0 +1415 0 +1414 0 *
Ve
1e-07
16.3492737407836 24.5904735670821 0
0 0

0101101
*
Ve
1e-07
16.9473354039026 24.5904735670821 0
0 0

0101101
*
Ed
 1e-07 1 1 0
1  902 0 0 0.59806166311899
0

0101000
+1412 0 -1411 0 *
Ve
1e-07
16.9473354039026 25.1924056621786 0
0 0

0101101
*
Ed
 1e-07 1 1 0
1  903 0 0 0.601932095096569
0

0101000
+1411 0 -1409 0 *
Ve
1e-07
16.3492737407836 25.1924056621786 0
0 0

0101101
*
Ed
 1e-07 1 1 0
1  904 0 0 0.59806166311899
0

0101000
+1409 0 -1407 0 *
Ed
 1e-07 1 1 0
1  905 0 0 0.601932095096569
0

0101000
+1407 0 -1412 0 *
Wi

0101100
+1410 0 +1408 0 +1406 0 +1405 0 *
Ve
1e-07
16.3560988440384 25.3429478768421 0
0 0

0101101
*
Ve
1e-07
16.9541605071574 25.3429478768421 0
0 0

0101101
*
Ed
 1e-07 1 1 0
1  906 0 0 0.598061663119001
0

0101000
+1403 0 -1402 0 *
Ve
1e-07
16.9541605071574 25.9448799719387 0
0 0

0101101
*
Ed
 1e-07 1 1 0
1  907 0 0 0.601932095096579
0

0101000
+1402 0 -1400 0 *
Ve
1e-07
16.3560988440384 25.9448799719387 0
0 0

0101101
*
Ed
 1e-07 1 1 0
1  908 0 0 0.598061663119001
0

0101000
+1400 0 -1398 0 *
Ed
 1e-07 1 1 0
1  909 0 0 0.601932095096579
0

0101000
+1398 0 -1403 0 *
Wi

0101100
+1401 0 +1399 0 +1397 0 +1396 0 *
Ve
1e-07
16.3541636280496 26.1065405672351 0
0 0

0101101
*
Ve
1e-07
16.9522252911686 26.1065405672351 0
0 0

0101101
*
Ed
 1e-07 1 1 0
1  910 0 0 0.598061663119019
0

0101000
+1394 0 -1393 0 *
Ve
1e-07
16.9522252911686 26.7084726623316 0
0 0

0101101
*
Ed
 1e-07 1 1 0
1  911 0 0 0.601932095096569
0

0101000
+1393 0 -1391 0 *
Ve
1e-07
16.3541636280496 26.7084726623316 0
0 0

0101101
*
Ed
 1e-07 1 1 0
1  912 0 0 0.598061663119019
0

0101000
+1391 0 -1389 0 *
Ed
 1e-07 1 1 0
1  913 0 0 0.601932095096569
0

0101000
+1389 0 -1394 0 *
Wi

0101100
+1392 0 +1390 0 +1388 0 +1387 0 *
Ve
1e-07
13.8328427207197 22.8330090081575 0
0 0

0101101
*
Ve
1e-07
14.2497582893427 22.8330090081575 0
0 0

0101101
*
Ed
 1e-07 1 1 0
1  914 0 0 0.41691556862299
0

0101000
+1385 0 -1384 0 *
Ve
1e-07
14.2497582893427 23.9334821734572 0
0 0

0101101
*
Ed
 1e-07 1 1 0
1  915 0 0 1.10047316529973
0

0101000
+1384 0 -1382 0 *
Ve
1e-07
13.8328427207197 23.9334821734572 0
0 0

0101101
*
Ed
 1e-07 1 1 0
1  916 0 0 0.41691556862299
0

0101000
+1382 0 -1380 0 *
Ed
 1e-07 1 1 0
1  917 0 0 1.10047316529973
0

0101000
+1380 0 -1385 0 *
Wi

0101100
+1383 0 +1381 0 +1379 0 +1378 0 *
Ve
1e-07
13.6059264956409 24.5939938480469 0
0 0

0101101
*
Ve
1e-07
14.2039881587599 24.5939938480469 0
0 0

0101101
*
Ed
 1e-07 1 1 0
1  918 0 0 0.59806166311899
0

0101000
+1376 0 -1375 0 *
Ve
1e-07
14.2039881587599 25.1959259431435 0
0 0

0101101
*
Ed
 1e-07 1 1 0
1  919 0 0 0.601932095096569
0

0101000
+1375 0 -1373 0 *
Ve
1e-07
13.6059264956409 25.1959259431435 0
0 0

0101101
*
Ed
 1e-07 1 1 0
1  920 0 0 0.59806166311899
0

0101000
+1373 0 -1371 0 *
Ed
 1e-07 1 1 0
1  921 0 0 0.601932095096569
0

0101000
+1371 0 -1376 0 *
Wi

0101100
+1374 0 +1372 0 +1370 0 +1369 0 *
Ve
1e-07
13.6127515988957 25.3464681578069 0
0 0

0101101
*
Ve
1e-07
14.2108132620147 25.3464681578069 0
0 0

0101101
*
Ed
 1e-07 1 1 0
1  922 0 0 0.598061663118999
0

0101000
+1367 0 -1366 0 *
Ve
1e-07
14.2108132620147 25.9484002529035 0
0 0

0101101
*
Ed
 1e-07 1 1 0
1  923 0 0 0.601932095096579
0

0101000
+1366 0 -1364 0 *
Ve
1e-07
13.6127515988957 25.9484002529035 0
0 0

0101101
*
Ed
 1e-07 1 1 0
1  924 0 0 0.598061663118999
0

0101000
+1364 0 -1362 0 *
Ed
 1e-07 1 1 0
1  925 0 0 0.601932095096579
0

0101000
+1362 0 -1367 0 *
Wi

0101100
+1365 0 +1363 0 +1361 0 +1360 0 *
Ve
1e-07
13.6108163829069 26.1100608481999 0
0 0

0101101
*
Ve
1e-07
14.2088780460259 26.1100608481999 0
0 0

0101101
*
Ed
 1e-07 1 1 0
1  926 0 0 0.598061663119019
0

0101000
+1358 0 -1357 0 *
Ve
1e-07
14.2088780460259 26.7119929432965 0
0 0

0101101
*
Ed
 1e-07 1 1 0
1  927 0 0 0.601932095096569
0

0101000
+1357 0 -1355 0 *
Ve
1e-07
13.6108163829069 26.7119929432965 0
0 0

0101101
*
Ed
 1e-07 1 1 0
1  928 0 0 0.598061663119019
0

0101000
+1355 0 -1353 0 *
Ed
 1e-07 1 1 0
1  929 0 0 0.601932095096569
0

0101000
+1353 0 -1358 0 *
Wi

0101100
+1356 0 +1354 0 +1352 0 +1351 0 *
Ve
1e-07
10.9911002462423 22.8330090081575 0
0 0

0101101
*
Ve
1e-07
11.4080158148653 22.8330090081575 0
0 0

0101101
*
Ed
 1e-07 1 1 0
1  930 0 0 0.416915568622979
0

0101000
+1349 0 -1348 0 *
Ve
1e-07
11.4080158148653 23.9334821734572 0
0 0

0101101
*
Ed
 1e-07 1 1 0
1  931 0 0 1.10047316529973
0

0101000
+1348 0 -1346 0 *
Ve
1e-07
10.9911002462423 23.9334821734572 0
0 0

0101101
*
Ed
 1e-07 1 1 0
1  932 0 0 0.416915568622979
0

0101000
+1346 0 -1344 0 *
Ed
 1e-07 1 1 0
1  933 0 0 1.10047316529973
0

0101000
+1344 0 -1349 0 *
Wi

0101100
+1347 0 +1345 0 +1343 0 +1342 0 *
Ve
1e-07
10.7641840211635 24.5939938480469 0
0 0

0101101
*
Ve
1e-07
11.3622456842825 24.5939938480469 0
0 0

0101101
*
Ed
 1e-07 1 1 0
1  934 0 0 0.59806166311898
0

0101000
+1340 0 -1339 0 *
Ve
1e-07
11.3622456842825 25.1959259431435 0
0 0

0101101
*
Ed
 1e-07 1 1 0
1  935 0 0 0.601932095096569
0

0101000
+1339 0 -1337 0 *
Ve
1e-07
10.7641840211635 25.1959259431435 0
0 0

0101101
*
Ed
 1e-07 1 1 0
1  936 0 0 0.59806166311898
0

0101000
+1337 0 -1335 0 *
Ed
 1e-07 1 1 0
1  937 0 0 0.601932095096569
0

0101000
+1335 0 -1340 0 *
Wi

0101100
+1338 0 +1336 0 +1334 0 +1333 0 *
Ve
1e-07
10.7710091244182 25.3464681578069 0
0 0

0101101
*
Ve
1e-07
11.3690707875372 25.3464681578069 0
0 0

0101101
*
Ed
 1e-07 1 1 0
1  938 0 0 0.598061663118999
0

0101000
+1331 0 -1330 0 *
Ve
1e-07
11.3690707875372 25.9484002529035 0
0 0

0101101
*
Ed
 1e-07 1 1 0
1  939 0 0 0.601932095096579
0

0101000
+1330 0 -1328 0 *
Ve
1e-07
10.7710091244182 25.9484002529035 0
0 0

0101101
*
Ed
 1e-07 1 1 0
1  940 0 0 0.598061663118999
0

0101000
+1328 0 -1326 0 *
Ed
 1e-07 1 1 0
1  941 0 0 0.601932095096579
0

0101000
+1326 0 -1331 0 *
Wi

0101100
+1329 0 +1327 0 +1325 0 +1324 0 *
Ve
1e-07
10.7690739084294 26.1100608481999 0
0 0

0101101
*
Ve
1e-07
11.3671355715485 26.1100608481999 0
0 0

0101101
*
Ed
 1e-07 1 1 0
1  942 0 0 0.59806166311901
0

0101000
+1322 0 -1321 0 *
Ve
1e-07
11.3671355715485 26.7119929432965 0
0 0

0101101
*
Ed
 1e-07 1 1 0
1  943 0 0 0.601932095096569
0

0101000
+1321 0 -1319 0 *
Ve
1e-07
10.7690739084294 26.7119929432965 0
0 0

0101101
*
Ed
 1e-07 1 1 0
1  944 0 0 0.59806166311901
0

0101000
+1319 0 -1317 0 *
Ed
 1e-07 1 1 0
1  945 0 0 0.601932095096569
0

0101000
+1317 0 -1322 0 *
Wi

0101100
+1320 0 +1318 0 +1316 0 +1315 0 *
Ve
1e-07
3.06305699347492 28.3470050274191 0
0 0

0101101
*
Ve
1e-07
5.90250302868166 28.3470050274191 0
0 0

0101101
*
Ed
 1e-07 1 1 0
1  946 0 0 2.83944603520675
0

0101000
+1313 0 -1312 0 *
Ve
1e-07
5.90250302868166 28.7639205960421 0
0 0

0101101
*
Ed
 1e-07 1 1 0
1  947 0 0 0.416915568623001
0

0101000
+1312 0 -1310 0 *
Ve
1e-07
3.06305699347492 28.7639205960421 0
0 0

0101101
*
Ed
 1e-07 1 1 0
1  948 0 0 2.83944603520675
0

0101000
+1310 0 -1308 0 *
Ed
 1e-07 1 1 0
1  949 0 0 0.416915568623001
0

0101000
+1308 0 -1313 0 *
Wi

0101100
+1311 0 +1309 0 +1307 0 +1306 0 *
Ve
1e-07
3.2700366667686 25.9494834202963 0
0 0

0101101
*
Ve
1e-07
3.87196876186518 25.9494834202963 0
0 0

0101101
*
Ed
 1e-07 1 1 0
1  950 0 0 0.601932095096572
0

0101000
+1304 0 -1303 0 *
Ve
1e-07
3.87196876186518 26.5475450834153 0
0 0

0101101
*
Ed
 1e-07 1 1 0
1  951 0 0 0.59806166311898
0

0101000
+1303 0 -1301 0 *
Ve
1e-07
3.2700366667686 26.5475450834153 0
0 0

0101101
*
Ed
 1e-07 1 1 0
1  952 0 0 0.601932095096572
0

0101000
+1301 0 -1299 0 *
Ed
 1e-07 1 1 0
1  953 0 0 0.59806166311898
0

0101000
+1299 0 -1304 0 *
Wi

0101100
+1302 0 +1300 0 +1298 0 +1297 0 *
Ve
1e-07
2.51756235700857 25.956308523551 0
0 0

0101101
*
Ve
1e-07
3.11949445210514 25.956308523551 0
0 0

0101101
*
Ed
 1e-07 1 1 0
1  954 0 0 0.601932095096572
0

0101000
+1295 0 -1294 0 *
Ve
1e-07
3.11949445210514 26.55437018667 0
0 0

0101101
*
Ed
 1e-07 1 1 0
1  955 0 0 0.598061663119001
0

0101000
+1294 0 -1292 0 *
Ve
1e-07
2.51756235700857 26.55437018667 0
0 0

0101101
*
Ed
 1e-07 1 1 0
1  956 0 0 0.601932095096572
0

0101000
+1292 0 -1290 0 *
Ed
 1e-07 1 1 0
1  957 0 0 0.598061663119001
0

0101000
+1290 0 -1295 0 *
Wi

0101100
+1293 0 +1291 0 +1289 0 +1288 0 *
Ve
1e-07
0.981497237966025 26.8306218593723 0
0 0

0101101
*
Ve
1e-07
1.58149723796602 26.8306218593723 0
0 0

0101101
*
Ed
 1e-07 1 1 0
1  958 0 0 0.599999999999994
0

0101000
+1286 0 -1285 0 *
Ve
1e-07
1.58149723796602 27.4306218593723 0
0 0

0101101
*
Ed
 1e-07 1 1 0
1  959 0 0 0.600000000000001
0

0101000
+1285 0 -1283 0 *
Ve
1e-07
0.981497237966025 27.4306218593723 0
0 0

0101101
*
Ed
 1e-07 1 1 0
1  960 0 0 0.599999999999994
0

0101000
+1283 0 -1281 0 *
Ed
 1e-07 1 1 0
1  961 0 0 0.600000000000001
0

0101000
+1281 0 -1286 0 *
Wi

0101100
+1284 0 +1282 0 +1280 0 +1279 0 *
Ve
1e-07
0.348107832217821 25.934764391662 0
0 0

0101101
*
Ve
1e-07
2.20150500457977 25.934764391662 0
0 0

0101101
*
Ed
 1e-07 1 1 0
1  962 0 0 1.85339717236195
0

0101000
+1277 0 -1276 0 *
Ve
1e-07
2.20150500457977 26.768595528908 0
0 0

0101101
*
Ed
 1e-07 1 1 0
1  963 0 0 0.833831137245998
0

0101000
+1276 0 -1274 0 *
Ve
1e-07
0.348107832217821 26.768595528908 0
0 0

0101101
*
Ed
 1e-07 1 1 0
1  964 0 0 1.85339717236195
0

0101000
+1274 0 -1272 0 *
Ed
 1e-07 1 1 0
1  965 0 0 0.833831137245998
0

0101000
+1272 0 -1277 0 *
Wi

0101100
+1275 0 +1273 0 +1271 0 +1270 0 *
Ve
1e-07
3.26978931585559 22.8786684717933 0
0 0

0101101
*
Ve
1e-07
3.87172141095216 22.8786684717933 0
0 0

0101101
*
Ed
 1e-07 1 1 0
1  966 0 0 0.601932095096572
0

0101000
+1268 0 -1267 0 *
Ve
1e-07
3.87172141095216 23.4767301349123 0
0 0

0101101
*
Ed
 1e-07 1 1 0
1  967 0 0 0.59806166311898
0

0101000
+1267 0 -1265 0 *
Ve
1e-07
3.26978931585559 23.4767301349123 0
0 0

0101101
*
Ed
 1e-07 1 1 0
1  968 0 0 0.601932095096572
0

0101000
+1265 0 -1263 0 *
Ed
 1e-07 1 1 0
1  969 0 0 0.59806166311898
0

0101000
+1263 0 -1268 0 *
Wi

0101100
+1266 0 +1264 0 +1262 0 +1261 0 *
Ve
1e-07
2.51731500609556 22.885493575048 0
0 0

0101101
*
Ve
1e-07
3.11924710119213 22.885493575048 0
0 0

0101101
*
Ed
 1e-07 1 1 0
1  970 0 0 0.601932095096572
0

0101000
+1259 0 -1258 0 *
Ve
1e-07
3.11924710119213 23.483555238167 0
0 0

0101101
*
Ed
 1e-07 1 1 0
1  971 0 0 0.59806166311899
0

0101000
+1258 0 -1256 0 *
Ve
1e-07
2.51731500609556 23.483555238167 0
0 0

0101101
*
Ed
 1e-07 1 1 0
1  972 0 0 0.601932095096572
0

0101000
+1256 0 -1254 0 *
Ed
 1e-07 1 1 0
1  973 0 0 0.59806166311899
0

0101000
+1254 0 -1259 0 *
Wi

0101100
+1257 0 +1255 0 +1253 0 +1252 0 *
Ve
1e-07
3.05362936995145 24.9273397197191 0
0 0

0101101
*
Ve
1e-07
5.8930754051582 24.9273397197191 0
0 0

0101101
*
Ed
 1e-07 1 1 0
1  974 0 0 2.83944603520675
0

0101000
+1250 0 -1249 0 *
Ve
1e-07
5.8930754051582 25.3442552883421 0
0 0

0101101
*
Ed
 1e-07 1 1 0
1  975 0 0 0.41691556862299
0

0101000
+1249 0 -1247 0 *
Ve
1e-07
3.05362936995145 25.3442552883421 0
0 0

0101101
*
Ed
 1e-07 1 1 0
1  976 0 0 2.83944603520675
0

0101000
+1247 0 -1245 0 *
Ed
 1e-07 1 1 0
1  977 0 0 0.41691556862299
0

0101000
+1245 0 -1250 0 *
Wi

0101100
+1248 0 +1246 0 +1244 0 +1243 0 *
Ve
1e-07
0.981249887053011 23.7598069108693 0
0 0

0101101
*
Ve
1e-07
1.581249887053 23.7598069108693 0
0 0

0101101
*
Ed
 1e-07 1 1 0
1  978 0 0 0.599999999999994
0

0101000
+1241 0 -1240 0 *
Ve
1e-07
1.581249887053 24.3598069108693 0
0 0

0101101
*
Ed
 1e-07 1 1 0
1  979 0 0 0.600000000000009
0

0101000
+1240 0 -1238 0 *
Ve
1e-07
0.981249887053011 24.3598069108693 0
0 0

0101101
*
Ed
 1e-07 1 1 0
1  980 0 0 0.599999999999994
0

0101000
+1238 0 -1236 0 *
Ed
 1e-07 1 1 0
1  981 0 0 0.600000000000009
0

0101000
+1236 0 -1241 0 *
Wi

0101100
+1239 0 +1237 0 +1235 0 +1234 0 *
Ve
1e-07
0.347860481304807 22.863949443159 0
0 0

0101101
*
Ve
1e-07
2.20125765366676 22.863949443159 0
0 0

0101101
*
Ed
 1e-07 1 1 0
1  982 0 0 1.85339717236195
0

0101000
+1232 0 -1231 0 *
Ve
1e-07
2.20125765366676 23.697780580405 0
0 0

0101101
*
Ed
 1e-07 1 1 0
1  983 0 0 0.833831137246001
0

0101000
+1231 0 -1229 0 *
Ve
1e-07
0.347860481304807 23.697780580405 0
0 0

0101101
*
Ed
 1e-07 1 1 0
1  984 0 0 1.85339717236195
0

0101000
+1229 0 -1227 0 *
Ed
 1e-07 1 1 0
1  985 0 0 0.833831137246001
0

0101000
+1227 0 -1232 0 *
Wi

0101100
+1230 0 +1228 0 +1226 0 +1225 0 *
Ve
1e-07
3.26968807988541 20.1318995533399 0
0 0

0101101
*
Ve
1e-07
3.87162017498198 20.1318995533399 0
0 0

0101101
*
Ed
 1e-07 1 1 0
1  986 0 0 0.601932095096573
0

0101000
+1223 0 -1222 0 *
Ve
1e-07
3.87162017498198 20.7299612164589 0
0 0

0101101
*
Ed
 1e-07 1 1 0
1  987 0 0 0.59806166311898
0

0101000
+1222 0 -1220 0 *
Ve
1e-07
3.26968807988541 20.7299612164589 0
0 0

0101101
*
Ed
 1e-07 1 1 0
1  988 0 0 0.601932095096573
0

0101000
+1220 0 -1218 0 *
Ed
 1e-07 1 1 0
1  989 0 0 0.59806166311898
0

0101000
+1218 0 -1223 0 *
Wi

0101100
+1221 0 +1219 0 +1217 0 +1216 0 *
Ve
1e-07
2.51721377012538 20.1387246565947 0
0 0

0101101
*
Ve
1e-07
3.11914586522195 20.1387246565947 0
0 0

0101101
*
Ed
 1e-07 1 1 0
1  990 0 0 0.601932095096572
0

0101000
+1214 0 -1213 0 *
Ve
1e-07
3.11914586522195 20.7367863197137 0
0 0

0101101
*
Ed
 1e-07 1 1 0
1  991 0 0 0.598061663119001
0

0101000
+1213 0 -1211 0 *
Ve
1e-07
2.51721377012538 20.7367863197137 0
0 0

0101101
*
Ed
 1e-07 1 1 0
1  992 0 0 0.601932095096572
0

0101000
+1211 0 -1209 0 *
Ed
 1e-07 1 1 0
1  993 0 0 0.598061663119001
0

0101000
+1209 0 -1214 0 *
Wi

0101100
+1212 0 +1210 0 +1208 0 +1207 0 *
Ve
1e-07
3.05352813398127 22.1805708012657 0
0 0

0101101
*
Ve
1e-07
5.89297416918802 22.1805708012657 0
0 0

0101101
*
Ed
 1e-07 1 1 0
1  994 0 0 2.83944603520675
0

0101000
+1205 0 -1204 0 *
Ve
1e-07
5.89297416918802 22.5974863698887 0
0 0

0101101
*
Ed
 1e-07 1 1 0
1  995 0 0 0.416915568622997
0

0101000
+1204 0 -1202 0 *
Ve
1e-07
3.05352813398127 22.5974863698887 0
0 0

0101101
*
Ed
 1e-07 1 1 0
1  996 0 0 2.83944603520675
0

0101000
+1202 0 -1200 0 *
Ed
 1e-07 1 1 0
1  997 0 0 0.416915568622997
0

0101000
+1200 0 -1205 0 *
Wi

0101100
+1203 0 +1201 0 +1199 0 +1198 0 *
Ve
1e-07
0.981148651082833 21.0130379924159 0
0 0

0101101
*
Ve
1e-07
1.58114865108283 21.0130379924159 0
0 0

0101101
*
Ed
 1e-07 1 1 0
1  998 0 0 0.599999999999994
0

0101000
+1196 0 -1195 0 *
Ve
1e-07
1.58114865108283 21.613037992416 0
0 0

0101101
*
Ed
 1e-07 1 1 0
1  999 0 0 0.600000000000001
0

0101000
+1195 0 -1193 0 *
Ve
1e-07
0.981148651082833 21.613037992416 0
0 0

0101101
*
Ed
 1e-07 1 1 0
1  1000 0 0 0.599999999999994
0

0101000
+1193 0 -1191 0 *
Ed
 1e-07 1 1 0
1  1001 0 0 0.600000000000001
0

0101000
+1191 0 -1196 0 *
Wi

0101100
+1194 0 +1192 0 +1190 0 +1189 0 *
Ve
1e-07
0.347759245334629 20.1171805247056 0
0 0

0101101
*
Ve
1e-07
2.20115641769658 20.1171805247056 0
0 0

0101101
*
Ed
 1e-07 1 1 0
1  1002 0 0 1.85339717236195
0

0101000
+1187 0 -1186 0 *
Ve
1e-07
2.20115641769658 20.9510116619516 0
0 0

0101101
*
Ed
 1e-07 1 1 0
1  1003 0 0 0.833831137245998
0

0101000
+1186 0 -1184 0 *
Ve
1e-07
0.347759245334629 20.9510116619516 0
0 0

0101101
*
Ed
 1e-07 1 1 0
1  1004 0 0 1.85339717236195
0

0101000
+1184 0 -1182 0 *
Ed
 1e-07 1 1 0
1  1005 0 0 0.833831137245998
0

0101000
+1182 0 -1187 0 *
Wi

0101100
+1185 0 +1183 0 +1181 0 +1180 0 *
Ve
1e-07
3.26933949300222 17.3851306348866 0
0 0

0101101
*
Ve
1e-07
3.87127158809879 17.3851306348866 0
0 0

0101101
*
Ed
 1e-07 1 1 0
1  1006 0 0 0.601932095096572
0

0101000
+1178 0 -1177 0 *
Ve
1e-07
3.87127158809879 17.9831922980056 0
0 0

0101101
*
Ed
 1e-07 1 1 0
1  1007 0 0 0.59806166311899
0

0101000
+1177 0 -1175 0 *
Ve
1e-07
3.26933949300222 17.9831922980056 0
0 0

0101101
*
Ed
 1e-07 1 1 0
1  1008 0 0 0.601932095096572
0

0101000
+1175 0 -1173 0 *
Ed
 1e-07 1 1 0
1  1009 0 0 0.59806166311899
0

0101000
+1173 0 -1178 0 *
Wi

0101100
+1176 0 +1174 0 +1172 0 +1171 0 *
Ve
1e-07
2.51686518324219 17.3919557381413 0
0 0

0101101
*
Ve
1e-07
3.11879727833876 17.3919557381413 0
0 0

0101101
*
Ed
 1e-07 1 1 0
1  1010 0 0 0.601932095096572
0

0101000
+1169 0 -1168 0 *
Ve
1e-07
3.11879727833876 17.9900174012603 0
0 0

0101101
*
Ed
 1e-07 1 1 0
1  1011 0 0 0.598061663119001
0

0101000
+1168 0 -1166 0 *
Ve
1e-07
2.51686518324219 17.9900174012603 0
0 0

0101101
*
Ed
 1e-07 1 1 0
1  1012 0 0 0.601932095096572
0

0101000
+1166 0 -1164 0 *
Ed
 1e-07 1 1 0
1  1013 0 0 0.598061663119001
0

0101000
+1164 0 -1169 0 *
Wi

0101100
+1167 0 +1165 0 +1163 0 +1162 0 *
Ve
1e-07
3.05317954709808 19.4338018828124 0
0 0

0101101
*
Ve
1e-07
5.89262558230483 19.4338018828124 0
0 0

0101101
*
Ed
 1e-07 1 1 0
1  1014 0 0 2.83944603520675
0

0101000
+1160 0 -1159 0 *
Ve
1e-07
5.89262558230483 19.8507174514354 0
0 0

0101101
*
Ed
 1e-07 1 1 0
1  1015 0 0 0.416915568623001
0

0101000
+1159 0 -1157 0 *
Ve
1e-07
3.05317954709808 19.8507174514354 0
0 0

0101101
*
Ed
 1e-07 1 1 0
1  1016 0 0 2.83944603520675
0

0101000
+1157 0 -1155 0 *
Ed
 1e-07 1 1 0
1  1017 0 0 0.416915568623001
0

0101000
+1155 0 -1160 0 *
Wi

0101100
+1158 0 +1156 0 +1154 0 +1153 0 *
Ve
1e-07
0.980800064199641 18.2662690739626 0
0 0

0101101
*
Ve
1e-07
1.58080006419964 18.2662690739626 0
0 0

0101101
*
Ed
 1e-07 1 1 0
1  1018 0 0 0.599999999999995
0

0101000
+1151 0 -1150 0 *
Ve
1e-07
1.58080006419964 18.8662690739626 0
0 0

0101101
*
Ed
 1e-07 1 1 0
1  1019 0 0 0.600000000000009
0

0101000
+1150 0 -1148 0 *
Ve
1e-07
0.980800064199641 18.8662690739626 0
0 0

0101101
*
Ed
 1e-07 1 1 0
1  1020 0 0 0.599999999999995
0

0101000
+1148 0 -1146 0 *
Ed
 1e-07 1 1 0
1  1021 0 0 0.600000000000009
0

0101000
+1146 0 -1151 0 *
Wi

0101100
+1149 0 +1147 0 +1145 0 +1144 0 *
Ve
1e-07
0.347410658451437 17.3704116062523 0
0 0

0101101
*
Ve
1e-07
2.20080783081339 17.3704116062523 0
0 0

0101101
*
Ed
 1e-07 1 1 0
1  1022 0 0 1.85339717236195
0

0101000
+1142 0 -1141 0 *
Ve
1e-07
2.20080783081339 18.2042427434983 0
0 0

0101101
*
Ed
 1e-07 1 1 0
1  1023 0 0 0.833831137245991
0

0101000
+1141 0 -1139 0 *
Ve
1e-07
0.347410658451437 18.2042427434983 0
0 0

0101101
*
Ed
 1e-07 1 1 0
1  1024 0 0 1.85339717236195
0

0101000
+1139 0 -1137 0 *
Ed
 1e-07 1 1 0
1  1025 0 0 0.833831137245991
0

0101000
+1137 0 -1142 0 *
Wi

0101100
+1140 0 +1138 0 +1136 0 +1135 0 *
Ve
1e-07
3.26935236905428 14.658589669584 0
0 0

0101101
*
Ve
1e-07
3.87128446415085 14.658589669584 0
0 0

0101101
*
Ed
 1e-07 1 1 0
1  1026 0 0 0.601932095096572
0

0101000
+1133 0 -1132 0 *
Ve
1e-07
3.87128446415085 15.2566513327029 0
0 0

0101101
*
Ed
 1e-07 1 1 0
1  1027 0 0 0.59806166311898
0

0101000
+1132 0 -1130 0 *
Ve
1e-07
3.26935236905428 15.2566513327029 0
0 0

0101101
*
Ed
 1e-07 1 1 0
1  1028 0 0 0.601932095096572
0

0101000
+1130 0 -1128 0 *
Ed
 1e-07 1 1 0
1  1029 0 0 0.59806166311898
0

0101000
+1128 0 -1133 0 *
Wi

0101100
+1131 0 +1129 0 +1127 0 +1126 0 *
Ve
1e-07
2.51687805929424 14.6654147728387 0
0 0

0101101
*
Ve
1e-07
3.11881015439082 14.6654147728387 0
0 0

0101101
*
Ed
 1e-07 1 1 0
1  1030 0 0 0.601932095096572
0

0101000
+1124 0 -1123 0 *
Ve
1e-07
3.11881015439082 15.2634764359577 0
0 0

0101101
*
Ed
 1e-07 1 1 0
1  1031 0 0 0.598061663119001
0

0101000
+1123 0 -1121 0 *
Ve
1e-07
2.51687805929424 15.2634764359577 0
0 0

0101101
*
Ed
 1e-07 1 1 0
1  1032 0 0 0.601932095096572
0

0101000
+1121 0 -1119 0 *
Ed
 1e-07 1 1 0
1  1033 0 0 0.598061663119001
0

0101000
+1119 0 -1124 0 *
Wi

0101100
+1122 0 +1120 0 +1118 0 +1117 0 *
Ve
1e-07
3.05319242315014 16.7072609175097 0
0 0

0101101
*
Ve
1e-07
5.89263845835688 16.7072609175097 0
0 0

0101101
*
Ed
 1e-07 1 1 0
1  1034 0 0 2.83944603520675
0

0101000
+1115 0 -1114 0 *
Ve
1e-07
5.89263845835688 17.1241764861327 0
0 0

0101101
*
Ed
 1e-07 1 1 0
1  1035 0 0 0.416915568623001
0

0101000
+1114 0 -1112 0 *
Ve
1e-07
3.05319242315014 17.1241764861327 0
0 0

0101101
*
Ed
 1e-07 1 1 0
1  1036 0 0 2.83944603520675
0

0101000
+1112 0 -1110 0 *
Ed
 1e-07 1 1 0
1  1037 0 0 0.416915568623001
0

0101000
+1110 0 -1115 0 *
Wi

0101100
+1113 0 +1111 0 +1109 0 +1108 0 *
Ve
1e-07
0.980812940251695 15.5397281086599 0
0 0

0101101
*
Ve
1e-07
1.58081294025169 15.5397281086599 0
0 0

0101101
*
Ed
 1e-07 1 1 0
1  1038 0 0 0.599999999999995
0

0101000
+1106 0 -1105 0 *
Ve
1e-07
1.58081294025169 16.1397281086599 0
0 0

0101101
*
Ed
 1e-07 1 1 0
1  1039 0 0 0.600000000000009
0

0101000
+1105 0 -1103 0 *
Ve
1e-07
0.980812940251695 16.1397281086599 0
0 0

0101101
*
Ed
 1e-07 1 1 0
1  1040 0 0 0.599999999999995
0

0101000
+1103 0 -1101 0 *
Ed
 1e-07 1 1 0
1  1041 0 0 0.600000000000009
0

0101000
+1101 0 -1106 0 *
Wi

0101100
+1104 0 +1102 0 +1100 0 +1099 0 *
Ve
1e-07
0.347423534503491 14.6438706409496 0
0 0

0101101
*
Ve
1e-07
2.20082070686544 14.6438706409496 0
0 0

0101101
*
Ed
 1e-07 1 1 0
1  1042 0 0 1.85339717236195
0

0101000
+1097 0 -1096 0 *
Ve
1e-07
2.20082070686544 15.4777017781956 0
0 0

0101101
*
Ed
 1e-07 1 1 0
1  1043 0 0 0.833831137245989
0

0101000
+1096 0 -1094 0 *
Ve
1e-07
0.347423534503491 15.4777017781956 0
0 0

0101101
*
Ed
 1e-07 1 1 0
1  1044 0 0 1.85339717236195
0

0101000
+1094 0 -1092 0 *
Ed
 1e-07 1 1 0
1  1045 0 0 0.833831137245989
0

0101000
+1092 0 -1097 0 *
Wi

0101100
+1095 0 +1093 0 +1091 0 +1090 0 *
Ve
1e-07
3.26889298276666 11.9320487042813 0
0 0

0101101
*
Ve
1e-07
3.87082507786323 11.9320487042813 0
0 0

0101101
*
Ed
 1e-07 1 1 0
1  1046 0 0 0.601932095096572
0

0101000
+1088 0 -1087 0 *
Ve
1e-07
3.87082507786323 12.5301103674003 0
0 0

0101101
*
Ed
 1e-07 1 1 0
1  1047 0 0 0.598061663118981
0

0101000
+1087 0 -1085 0 *
Ve
1e-07
3.26889298276666 12.5301103674003 0
0 0

0101101
*
Ed
 1e-07 1 1 0
1  1048 0 0 0.601932095096572
0

0101000
+1085 0 -1083 0 *
Ed
 1e-07 1 1 0
1  1049 0 0 0.598061663118981
0

0101000
+1083 0 -1088 0 *
Wi

0101100
+1086 0 +1084 0 +1082 0 +1081 0 *
Ve
1e-07
2.51641867300663 11.938873807536 0
0 0

0101101
*
Ve
1e-07
3.1183507681032 11.938873807536 0
0 0

0101101
*
Ed
 1e-07 1 1 0
1  1050 0 0 0.601932095096572
0

0101000
+1079 0 -1078 0 *
Ve
1e-07
3.1183507681032 12.536935470655 0
0 0

0101101
*
Ed
 1e-07 1 1 0
1  1051 0 0 0.598061663118999
0

0101000
+1078 0 -1076 0 *
Ve
1e-07
2.51641867300663 12.536935470655 0
0 0

0101101
*
Ed
 1e-07 1 1 0
1  1052 0 0 0.601932095096572
0

0101000
+1076 0 -1074 0 *
Ed
 1e-07 1 1 0
1  1053 0 0 0.598061663118999
0

0101000
+1074 0 -1079 0 *
Wi

0101100
+1077 0 +1075 0 +1073 0 +1072 0 *
Ve
1e-07
3.05273303686252 13.9807199522071 0
0 0

0101101
*
Ve
1e-07
5.89217907206927 13.9807199522071 0
0 0

0101101
*
Ed
 1e-07 1 1 0
1  1054 0 0 2.83944603520675
0

0101000
+1070 0 -1069 0 *
Ve
1e-07
5.89217907206927 14.3976355208301 0
0 0

0101101
*
Ed
 1e-07 1 1 0
1  1055 0 0 0.416915568623001
0

0101000
+1069 0 -1067 0 *
Ve
1e-07
3.05273303686252 14.3976355208301 0
0 0

0101101
*
Ed
 1e-07 1 1 0
1  1056 0 0 2.83944603520675
0

0101000
+1067 0 -1065 0 *
Ed
 1e-07 1 1 0
1  1057 0 0 0.416915568623001
0

0101000
+1065 0 -1070 0 *
Wi

0101100
+1068 0 +1066 0 +1064 0 +1063 0 *
Ve
1e-07
0.980353553964079 12.8131871433573 0
0 0

0101101
*
Ve
1e-07
1.58035355396407 12.8131871433573 0
0 0

0101101
*
Ed
 1e-07 1 1 0
1  1058 0 0 0.599999999999994
0

0101000
+1061 0 -1060 0 *
Ve
1e-07
1.58035355396407 13.4131871433573 0
0 0

0101101
*
Ed
 1e-07 1 1 0
1  1059 0 0 0.600000000000009
0

0101000
+1060 0 -1058 0 *
Ve
1e-07
0.980353553964079 13.4131871433573 0
0 0

0101101
*
Ed
 1e-07 1 1 0
1  1060 0 0 0.599999999999994
0

0101000
+1058 0 -1056 0 *
Ed
 1e-07 1 1 0
1  1061 0 0 0.600000000000009
0

0101000
+1056 0 -1061 0 *
Wi

0101100
+1059 0 +1057 0 +1055 0 +1054 0 *
Ve
1e-07
0.346964148215875 11.917329675647 0
0 0

0101101
*
Ve
1e-07
2.20036132057783 11.917329675647 0
0 0

0101101
*
Ed
 1e-07 1 1 0
1  1062 0 0 1.85339717236195
0

0101000
+1052 0 -1051 0 *
Ve
1e-07
2.20036132057783 12.751160812893 0
0 0

0101101
*
Ed
 1e-07 1 1 0
1  1063 0 0 0.833831137245991
0

0101000
+1051 0 -1049 0 *
Ve
1e-07
0.346964148215875 12.751160812893 0
0 0

0101101
*
Ed
 1e-07 1 1 0
1  1064 0 0 1.85339717236195
0

0101000
+1049 0 -1047 0 *
Ed
 1e-07 1 1 0
1  1065 0 0 0.833831137245991
0

0101000
+1047 0 -1052 0 *
Wi

0101100
+1050 0 +1048 0 +1046 0 +1045 0 *
Ve
1e-07
3.20363054446742 3.65977003658351 0
0 0

0101101
*
Ve
1e-07
3.80363054446741 3.65977003658351 0
0 0

0101101
*
Ed
 1e-07 1 1 0
1  1066 0 0 0.599999999999994
0

0101000
+1043 0 -1042 0 *
Ve
1e-07
3.80363054446741 4.25977003658352 0
0 0

0101101
*
Ed
 1e-07 1 1 0
1  1067 0 0 0.600000000000008
0

0101000
+1042 0 -1040 0 *
Ve
1e-07
3.20363054446742 4.25977003658352 0
0 0

0101101
*
Ed
 1e-07 1 1 0
1  1068 0 0 0.599999999999994
0

0101000
+1040 0 -1038 0 *
Ed
 1e-07 1 1 0
1  1069 0 0 0.600000000000008
0

0101000
+1038 0 -1043 0 *
Wi

0101100
+1041 0 +1039 0 +1037 0 +1036 0 *
Ve
1e-07
3.20103776432927 2.88712155541837 0
0 0

0101101
*
Ve
1e-07
3.80103776432927 2.88712155541837 0
0 0

0101101
*
Ed
 1e-07 1 1 0
1  1070 0 0 0.599999999999995
0

0101000
+1034 0 -1033 0 *
Ve
1e-07
3.80103776432927 3.48712155541837 0
0 0

0101101
*
Ed
 1e-07 1 1 0
1  1071 0 0 0.599999999999994
0

0101000
+1033 0 -1031 0 *
Ve
1e-07
3.20103776432927 3.48712155541837 0
0 0

0101101
*
Ed
 1e-07 1 1 0
1  1072 0 0 0.599999999999995
0

0101000
+1031 0 -1029 0 *
Ed
 1e-07 1 1 0
1  1073 0 0 0.599999999999994
0

0101000
+1029 0 -1034 0 *
Wi

0101100
+1032 0 +1030 0 +1028 0 +1027 0 *
Ve
1e-07
3.18029552322417 2.09632361328626 0
0 0

0101101
*
Ve
1e-07
3.78029552322417 2.09632361328626 0
0 0

0101101
*
Ed
 1e-07 1 1 0
1  1074 0 0 0.599999999999995
0

0101000
+1025 0 -1024 0 *
Ve
1e-07
3.78029552322417 2.69632361328625 0
0 0

0101101
*
Ed
 1e-07 1 1 0
1  1075 0 0 0.599999999999994
0

0101000
+1024 0 -1022 0 *
Ve
1e-07
3.18029552322417 2.69632361328625 0
0 0

0101101
*
Ed
 1e-07 1 1 0
1  1076 0 0 0.599999999999995
0

0101000
+1022 0 -1020 0 *
Ed
 1e-07 1 1 0
1  1077 0 0 0.599999999999994
0

0101000
+1020 0 -1025 0 *
Wi

0101100
+1023 0 +1021 0 +1019 0 +1018 0 *
Ve
1e-07
3.17251718280974 1.30034011087785 0
0 0

0101101
*
Ve
1e-07
3.77251718280975 1.30034011087785 0
0 0

0101101
*
Ed
 1e-07 1 1 0
1  1078 0 0 0.600000000000008
0

0101000
+1016 0 -1015 0 *
Ve
1e-07
3.77251718280975 1.90034011087786 0
0 0

0101101
*
Ed
 1e-07 1 1 0
1  1079 0 0 0.600000000000008
0

0101000
+1015 0 -1013 0 *
Ve
1e-07
3.17251718280974 1.90034011087786 0
0 0

0101101
*
Ed
 1e-07 1 1 0
1  1080 0 0 0.600000000000008
0

0101000
+1013 0 -1011 0 *
Ed
 1e-07 1 1 0
1  1081 0 0 0.600000000000008
0

0101000
+1011 0 -1016 0 *
Wi

0101100
+1014 0 +1012 0 +1010 0 +1009 0 *
Ve
1e-07
5.06783946378869 1.28737621018718 0
0 0

0101101
*
Ve
1e-07
5.66783946378868 1.28737621018718 0
0 0

0101101
*
Ed
 1e-07 1 1 0
1  1082 0 0 0.599999999999994
0

0101000
+1007 0 -1006 0 *
Ve
1e-07
5.66783946378868 1.88737621018717 0
0 0

0101101
*
Ed
 1e-07 1 1 0
1  1083 0 0 0.599999999999994
0

0101000
+1006 0 -1004 0 *
Ve
1e-07
5.06783946378869 1.88737621018717 0
0 0

0101101
*
Ed
 1e-07 1 1 0
1  1084 0 0 0.599999999999994
0

0101000
+1004 0 -1002 0 *
Ed
 1e-07 1 1 0
1  1085 0 0 0.599999999999994
0

0101000
+1002 0 -1007 0 *
Wi

0101100
+1005 0 +1003 0 +1001 0 +1000 0 *
Ve
1e-07
5.07302502406498 2.07298859204302 0
0 0

0101101
*
Ve
1e-07
5.67302502406497 2.07298859204302 0
0 0

0101101
*
Ed
 1e-07 1 1 0
1  1086 0 0 0.599999999999994
0

0101000
+998 0 -997 0 *
Ve
1e-07
5.67302502406497 2.67298859204301 0
0 0

0101101
*
Ed
 1e-07 1 1 0
1  1087 0 0 0.599999999999994
0

0101000
+997 0 -995 0 *
Ve
1e-07
5.07302502406498 2.67298859204301 0
0 0

0101101
*
Ed
 1e-07 1 1 0
1  1088 0 0 0.599999999999994
0

0101000
+995 0 -993 0 *
Ed
 1e-07 1 1 0
1  1089 0 0 0.599999999999994
0

0101000
+993 0 -998 0 *
Wi

0101100
+996 0 +994 0 +992 0 +991 0 *
Ve
1e-07
5.06783946378869 2.90008545610905 0
0 0

0101101
*
Ve
1e-07
5.66783946378868 2.90008545610905 0
0 0

0101101
*
Ed
 1e-07 1 1 0
1  1090 0 0 0.599999999999994
0

0101000
+989 0 -988 0 *
Ve
1e-07
5.66783946378868 3.50008545610906 0
0 0

0101101
*
Ed
 1e-07 1 1 0
1  1091 0 0 0.600000000000009
0

0101000
+988 0 -986 0 *
Ve
1e-07
5.06783946378869 3.50008545610906 0
0 0

0101101
*
Ed
 1e-07 1 1 0
1  1092 0 0 0.599999999999994
0

0101000
+986 0 -984 0 *
Ed
 1e-07 1 1 0
1  1093 0 0 0.600000000000009
0

0101000
+984 0 -989 0 *
Wi

0101100
+987 0 +985 0 +983 0 +982 0 *
Ve
1e-07
5.05228278295985 3.62087833451145 0
0 0

0101101
*
Ve
1e-07
5.65228278295987 3.62087833451145 0
0 0

0101101
*
Ed
 1e-07 1 1 0
1  1094 0 0 0.600000000000024
0

0101000
+980 0 -979 0 *
Ve
1e-07
5.65228278295987 4.22087833451145 0
0 0

0101101
*
Ed
 1e-07 1 1 0
1  1095 0 0 0.600000000000009
0

0101000
+979 0 -977 0 *
Ve
1e-07
5.05228278295985 4.22087833451145 0
0 0

0101101
*
Ed
 1e-07 1 1 0
1  1096 0 0 0.600000000000024
0

0101000
+977 0 -975 0 *
Ed
 1e-07 1 1 0
1  1097 0 0 0.600000000000009
0

0101000
+975 0 -980 0 *
Wi

0101100
+978 0 +976 0 +974 0 +973 0 *
Ve
1e-07
3.88425781627643 1.15318008243834 0
0 0

0101101
*
Ve
1e-07
4.94766387997714 1.15318008243834 0
0 0

0101101
*
Ed
 1e-07 1 1 0
1  1098 0 0 1.06340606370071
0

0101000
+971 0 -970 0 *
Ve
1e-07
4.94766387997714 4.30142171839434 0
0 0

0101101
*
Ed
 1e-07 1 1 0
1  1099 0 0 3.148241635956
0

0101000
+970 0 -968 0 *
Ve
1e-07
3.88425781627643 4.30142171839434 0
0 0

0101101
*
Ed
 1e-07 1 1 0
1  1100 0 0 1.06340606370071
0

0101000
+968 0 -966 0 *
Ed
 1e-07 1 1 0
1  1101 0 0 3.148241635956
0

0101000
+966 0 -971 0 *
Wi

0101100
+969 0 +967 0 +965 0 +964 0 *
Ve
1e-07
7.09020885064665 2.82468066261323 0
0 0

0101101
*
Ve
1e-07
7.69020885064664 2.82468066261323 0
0 0

0101101
*
Ed
 1e-07 1 1 0
1  1102 0 0 0.599999999999994
0

0101000
+962 0 -961 0 *
Ve
1e-07
7.69020885064664 3.42468066261323 0
0 0

0101101
*
Ed
 1e-07 1 1 0
1  1103 0 0 0.599999999999994
0

0101000
+961 0 -959 0 *
Ve
1e-07
7.09020885064665 3.42468066261323 0
0 0

0101101
*
Ed
 1e-07 1 1 0
1  1104 0 0 0.599999999999994
0

0101000
+959 0 -957 0 *
Ed
 1e-07 1 1 0
1  1105 0 0 0.599999999999994
0

0101000
+957 0 -962 0 *
Wi

0101100
+960 0 +958 0 +956 0 +955 0 *
Ve
1e-07
7.09020885064665 0.971283490251281 0
0 0

0101101
*
Ve
1e-07
7.69020885064664 0.971283490251281 0
0 0

0101101
*
Ed
 1e-07 1 1 0
1  1106 0 0 0.599999999999994
0

0101000
+953 0 -952 0 *
Ve
1e-07
7.69020885064664 1.57128349025129 0
0 0

0101101
*
Ed
 1e-07 1 1 0
1  1107 0 0 0.600000000000009
0

0101000
+952 0 -950 0 *
Ve
1e-07
7.09020885064665 1.57128349025129 0
0 0

0101101
*
Ed
 1e-07 1 1 0
1  1108 0 0 0.599999999999994
0

0101000
+950 0 -948 0 *
Ed
 1e-07 1 1 0
1  1109 0 0 0.600000000000009
0

0101000
+948 0 -953 0 *
Wi

0101100
+951 0 +949 0 +947 0 +946 0 *
Ve
1e-07
10.0040701140542 0.971283490251281 0
0 0

0101101
*
Ve
1e-07
10.6040701140542 0.971283490251281 0
0 0

0101101
*
Ed
 1e-07 1 1 0
1  1110 0 0 0.599999999999989
0

0101000
+944 0 -943 0 *
Ve
1e-07
10.6040701140542 1.57128349025129 0
0 0

0101101
*
Ed
 1e-07 1 1 0
1  1111 0 0 0.600000000000009
0

0101000
+943 0 -941 0 *
Ve
1e-07
10.0040701140542 1.57128349025129 0
0 0

0101101
*
Ed
 1e-07 1 1 0
1  1112 0 0 0.599999999999989
0

0101000
+941 0 -939 0 *
Ed
 1e-07 1 1 0
1  1113 0 0 0.600000000000009
0

0101000
+939 0 -944 0 *
Wi

0101100
+942 0 +940 0 +938 0 +937 0 *
Ve
1e-07
10.0040701140542 2.82468066261323 0
0 0

0101101
*
Ve
1e-07
10.6040701140542 2.82468066261323 0
0 0

0101101
*
Ed
 1e-07 1 1 0
1  1114 0 0 0.599999999999989
0

0101000
+935 0 -934 0 *
Ve
1e-07
10.6040701140542 3.42468066261323 0
0 0

0101101
*
Ed
 1e-07 1 1 0
1  1115 0 0 0.599999999999994
0

0101000
+934 0 -932 0 *
Ve
1e-07
10.0040701140542 3.42468066261323 0
0 0

0101101
*
Ed
 1e-07 1 1 0
1  1116 0 0 0.599999999999989
0

0101000
+932 0 -930 0 *
Ed
 1e-07 1 1 0
1  1117 0 0 0.599999999999994
0

0101000
+930 0 -935 0 *
Wi

0101100
+933 0 +931 0 +929 0 +928 0 *
Ve
1e-07
10.0040701140542 4.67807783497517 0
0 0

0101101
*
Ve
1e-07
10.6040701140542 4.67807783497517 0
0 0

0101101
*
Ed
 1e-07 1 1 0
1  1118 0 0 0.599999999999989
0

0101000
+926 0 -925 0 *
Ve
1e-07
10.6040701140542 5.27807783497518 0
0 0

0101101
*
Ed
 1e-07 1 1 0
1  1119 0 0 0.600000000000008
0

0101000
+925 0 -923 0 *
Ve
1e-07
10.0040701140542 5.27807783497518 0
0 0

0101101
*
Ed
 1e-07 1 1 0
1  1120 0 0 0.599999999999989
0

0101000
+923 0 -921 0 *
Ed
 1e-07 1 1 0
1  1121 0 0 0.600000000000008
0

0101000
+921 0 -926 0 *
Wi

0101100
+924 0 +922 0 +920 0 +919 0 *
Ve
1e-07
6.20633130939197 0.354203347352012 0
0 0

0101101
*
Ve
1e-07
7.04016244663796 0.354203347352012 0
0 0

0101101
*
Ed
 1e-07 1 1 0
1  1122 0 0 0.833831137245994
0

0101000
+917 0 -916 0 *
Ve
1e-07
7.04016244663796 2.20760051971395 0
0 0

0101101
*
Ed
 1e-07 1 1 0
1  1123 0 0 1.85339717236194
0

0101000
+916 0 -914 0 *
Ve
1e-07
6.20633130939197 2.20760051971395 0
0 0

0101101
*
Ed
 1e-07 1 1 0
1  1124 0 0 0.833831137245994
0

0101000
+914 0 -912 0 *
Ed
 1e-07 1 1 0
1  1125 0 0 1.85339717236194
0

0101000
+912 0 -917 0 *
Wi

0101100
+915 0 +913 0 +911 0 +910 0 *
Ve
1e-07
6.20661860601675 2.23260682616556 0
0 0

0101101
*
Ve
1e-07
7.04044974326274 2.23260682616556 0
0 0

0101101
*
Ed
 1e-07 1 1 0
1  1126 0 0 0.833831137245994
0

0101000
+908 0 -907 0 *
Ve
1e-07
7.04044974326274 4.0860039985275 0
0 0

0101101
*
Ed
 1e-07 1 1 0
1  1127 0 0 1.85339717236194
0

0101000
+907 0 -905 0 *
Ve
1e-07
6.20661860601675 4.0860039985275 0
0 0

0101101
*
Ed
 1e-07 1 1 0
1  1128 0 0 0.833831137245994
0

0101000
+905 0 -903 0 *
Ed
 1e-07 1 1 0
1  1129 0 0 1.85339717236194
0

0101000
+903 0 -908 0 *
Wi

0101100
+906 0 +904 0 +902 0 +901 0 *
Ve
1e-07
10.6427531538481 0.36157133821132 0
0 0

0101101
*
Ve
1e-07
11.4765842910941 0.36157133821132 0
0 0

0101101
*
Ed
 1e-07 1 1 0
1  1130 0 0 0.833831137245991
0

0101000
+899 0 -898 0 *
Ve
1e-07
11.4765842910941 2.21496851057326 0
0 0

0101101
*
Ed
 1e-07 1 1 0
1  1131 0 0 1.85339717236194
0

0101000
+898 0 -896 0 *
Ve
1e-07
10.6427531538481 2.21496851057326 0
0 0

0101101
*
Ed
 1e-07 1 1 0
1  1132 0 0 0.833831137245991
0

0101000
+896 0 -894 0 *
Ed
 1e-07 1 1 0
1  1133 0 0 1.85339717236194
0

0101000
+894 0 -899 0 *
Wi

0101100
+897 0 +895 0 +893 0 +892 0 *
Ve
1e-07
10.6412689545498 4.11555162318793 0
0 0

0101101
*
Ve
1e-07
11.4751000917958 4.11555162318793 0
0 0

0101101
*
Ed
 1e-07 1 1 0
1  1134 0 0 0.833831137245989
0

0101000
+890 0 -889 0 *
Ve
1e-07
11.4751000917958 5.96894879554986 0
0 0

0101101
*
Ed
 1e-07 1 1 0
1  1135 0 0 1.85339717236194
0

0101000
+889 0 -887 0 *
Ve
1e-07
10.6412689545498 5.96894879554986 0
0 0

0101101
*
Ed
 1e-07 1 1 0
1  1136 0 0 0.833831137245989
0

0101000
+887 0 -885 0 *
Ed
 1e-07 1 1 0
1  1137 0 0 1.85339717236194
0

0101000
+885 0 -890 0 *
Wi

0101100
+888 0 +886 0 +884 0 +883 0 *
Ve
1e-07
10.6430404504728 2.23997481702487 0
0 0

0101101
*
Ve
1e-07
11.4768715877189 2.23997481702487 0
0 0

0101101
*
Ed
 1e-07 1 1 0
1  1138 0 0 0.833831137246001
0

0101000
+881 0 -880 0 *
Ve
1e-07
11.4768715877189 4.09337198938681 0
0 0

0101101
*
Ed
 1e-07 1 1 0
1  1139 0 0 1.85339717236194
0

0101000
+880 0 -878 0 *
Ve
1e-07
10.6430404504728 4.09337198938681 0
0 0

0101101
*
Ed
 1e-07 1 1 0
1  1140 0 0 0.833831137246001
0

0101000
+878 0 -876 0 *
Ed
 1e-07 1 1 0
1  1141 0 0 1.85339717236194
0

0101000
+876 0 -881 0 *
Wi

0101100
+879 0 +877 0 +875 0 +874 0 *
Ve
1e-07
12.5684016518282 2.82468066261323 0
0 0

0101101
*
Ve
1e-07
13.1684016518282 2.82468066261323 0
0 0

0101101
*
Ed
 1e-07 1 1 0
1  1142 0 0 0.599999999999989
0

0101000
+872 0 -871 0 *
Ve
1e-07
13.1684016518282 3.42468066261323 0
0 0

0101101
*
Ed
 1e-07 1 1 0
1  1143 0 0 0.599999999999994
0

0101000
+871 0 -869 0 *
Ve
1e-07
12.5684016518282 3.42468066261323 0
0 0

0101101
*
Ed
 1e-07 1 1 0
1  1144 0 0 0.599999999999989
0

0101000
+869 0 -867 0 *
Ed
 1e-07 1 1 0
1  1145 0 0 0.599999999999994
0

0101000
+867 0 -872 0 *
Wi

0101100
+870 0 +868 0 +866 0 +865 0 *
Ve
1e-07
12.5684016518282 0.971283490251281 0
0 0

0101101
*
Ve
1e-07
13.1684016518282 0.971283490251281 0
0 0

0101101
*
Ed
 1e-07 1 1 0
1  1146 0 0 0.599999999999989
0

0101000
+863 0 -862 0 *
Ve
1e-07
13.1684016518282 1.57128349025129 0
0 0

0101101
*
Ed
 1e-07 1 1 0
1  1147 0 0 0.600000000000009
0

0101000
+862 0 -860 0 *
Ve
1e-07
12.5684016518282 1.57128349025129 0
0 0

0101101
*
Ed
 1e-07 1 1 0
1  1148 0 0 0.599999999999989
0

0101000
+860 0 -858 0 *
Ed
 1e-07 1 1 0
1  1149 0 0 0.600000000000009
0

0101000
+858 0 -863 0 *
Wi

0101100
+861 0 +859 0 +857 0 +856 0 *
Ve
1e-07
15.4822629152358 0.971283490251281 0
0 0

0101101
*
Ve
1e-07
16.0822629152358 0.971283490251281 0
0 0

0101101
*
Ed
 1e-07 1 1 0
1  1150 0 0 0.599999999999991
0

0101000
+854 0 -853 0 *
Ve
1e-07
16.0822629152358 1.57128349025129 0
0 0

0101101
*
Ed
 1e-07 1 1 0
1  1151 0 0 0.600000000000009
0

0101000
+853 0 -851 0 *
Ve
1e-07
15.4822629152358 1.57128349025129 0
0 0

0101101
*
Ed
 1e-07 1 1 0
1  1152 0 0 0.599999999999991
0

0101000
+851 0 -849 0 *
Ed
 1e-07 1 1 0
1  1153 0 0 0.600000000000009
0

0101000
+849 0 -854 0 *
Wi

0101100
+852 0 +850 0 +848 0 +847 0 *
Ve
1e-07
15.4822629152358 2.82468066261323 0
0 0

0101101
*
Ve
1e-07
16.0822629152358 2.82468066261323 0
0 0

0101101
*
Ed
 1e-07 1 1 0
1  1154 0 0 0.599999999999991
0

0101000
+845 0 -844 0 *
Ve
1e-07
16.0822629152358 3.42468066261323 0
0 0

0101101
*
Ed
 1e-07 1 1 0
1  1155 0 0 0.599999999999994
0

0101000
+844 0 -842 0 *
Ve
1e-07
15.4822629152358 3.42468066261323 0
0 0

0101101
*
Ed
 1e-07 1 1 0
1  1156 0 0 0.599999999999991
0

0101000
+842 0 -840 0 *
Ed
 1e-07 1 1 0
1  1157 0 0 0.599999999999994
0

0101000
+840 0 -845 0 *
Wi

0101100
+843 0 +841 0 +839 0 +838 0 *
Ve
1e-07
15.4822629152358 4.67807783497517 0
0 0

0101101
*
Ve
1e-07
16.0822629152358 4.67807783497517 0
0 0

0101101
*
Ed
 1e-07 1 1 0
1  1158 0 0 0.599999999999991
0

0101000
+836 0 -835 0 *
Ve
1e-07
16.0822629152358 5.27807783497518 0
0 0

0101101
*
Ed
 1e-07 1 1 0
1  1159 0 0 0.600000000000008
0

0101000
+835 0 -833 0 *
Ve
1e-07
15.4822629152358 5.27807783497518 0
0 0

0101101
*
Ed
 1e-07 1 1 0
1  1160 0 0 0.599999999999991
0

0101000
+833 0 -831 0 *
Ed
 1e-07 1 1 0
1  1161 0 0 0.600000000000008
0

0101000
+831 0 -836 0 *
Wi

0101100
+834 0 +832 0 +830 0 +829 0 *
Ve
1e-07
11.6845241105736 0.354203347352012 0
0 0

0101101
*
Ve
1e-07
12.5183552478196 0.354203347352012 0
0 0

0101101
*
Ed
 1e-07 1 1 0
1  1162 0 0 0.833831137245999
0

0101000
+827 0 -826 0 *
Ve
1e-07
12.5183552478196 2.20760051971395 0
0 0

0101101
*
Ed
 1e-07 1 1 0
1  1163 0 0 1.85339717236194
0

0101000
+826 0 -824 0 *
Ve
1e-07
11.6845241105736 2.20760051971395 0
0 0

0101101
*
Ed
 1e-07 1 1 0
1  1164 0 0 0.833831137245999
0

0101000
+824 0 -822 0 *
Ed
 1e-07 1 1 0
1  1165 0 0 1.85339717236194
0

0101000
+822 0 -827 0 *
Wi

0101100
+825 0 +823 0 +821 0 +820 0 *
Ve
1e-07
11.6848114071983 2.23260682616556 0
0 0

0101101
*
Ve
1e-07
12.5186425444443 2.23260682616556 0
0 0

0101101
*
Ed
 1e-07 1 1 0
1  1166 0 0 0.833831137245989
0

0101000
+818 0 -817 0 *
Ve
1e-07
12.5186425444443 4.0860039985275 0
0 0

0101101
*
Ed
 1e-07 1 1 0
1  1167 0 0 1.85339717236194
0

0101000
+817 0 -815 0 *
Ve
1e-07
11.6848114071983 4.0860039985275 0
0 0

0101101
*
Ed
 1e-07 1 1 0
1  1168 0 0 0.833831137245989
0

0101000
+815 0 -813 0 *
Ed
 1e-07 1 1 0
1  1169 0 0 1.85339717236194
0

0101000
+813 0 -818 0 *
Wi

0101100
+816 0 +814 0 +812 0 +811 0 *
Ve
1e-07
16.1209459550297 0.36157133821132 0
0 0

0101101
*
Ve
1e-07
16.9547770922757 0.36157133821132 0
0 0

0101101
*
Ed
 1e-07 1 1 0
1  1170 0 0 0.833831137245991
0

0101000
+809 0 -808 0 *
Ve
1e-07
16.9547770922757 2.21496851057326 0
0 0

0101101
*
Ed
 1e-07 1 1 0
1  1171 0 0 1.85339717236194
0

0101000
+808 0 -806 0 *
Ve
1e-07
16.1209459550297 2.21496851057326 0
0 0

0101101
*
Ed
 1e-07 1 1 0
1  1172 0 0 0.833831137245991
0

0101000
+806 0 -804 0 *
Ed
 1e-07 1 1 0
1  1173 0 0 1.85339717236194
0

0101000
+804 0 -809 0 *
Wi

0101100
+807 0 +805 0 +803 0 +802 0 *
Ve
1e-07
16.1194617557314 4.11555162318793 0
0 0

0101101
*
Ve
1e-07
16.9532928929774 4.11555162318793 0
0 0

0101101
*
Ed
 1e-07 1 1 0
1  1174 0 0 0.833831137245991
0

0101000
+800 0 -799 0 *
Ve
1e-07
16.9532928929774 5.96894879554986 0
0 0

0101101
*
Ed
 1e-07 1 1 0
1  1175 0 0 1.85339717236194
0

0101000
+799 0 -797 0 *
Ve
1e-07
16.1194617557314 5.96894879554986 0
0 0

0101101
*
Ed
 1e-07 1 1 0
1  1176 0 0 0.833831137245991
0

0101000
+797 0 -795 0 *
Ed
 1e-07 1 1 0
1  1177 0 0 1.85339717236194
0

0101000
+795 0 -800 0 *
Wi

0101100
+798 0 +796 0 +794 0 +793 0 *
Ve
1e-07
16.1212332516544 2.23997481702487 0
0 0

0101101
*
Ve
1e-07
16.9550643889004 2.23997481702487 0
0 0

0101101
*
Ed
 1e-07 1 1 0
1  1178 0 0 0.833831137245998
0

0101000
+791 0 -790 0 *
Ve
1e-07
16.9550643889004 4.09337198938681 0
0 0

0101101
*
Ed
 1e-07 1 1 0
1  1179 0 0 1.85339717236194
0

0101000
+790 0 -788 0 *
Ve
1e-07
16.1212332516544 4.09337198938681 0
0 0

0101101
*
Ed
 1e-07 1 1 0
1  1180 0 0 0.833831137245998
0

0101000
+788 0 -786 0 *
Ed
 1e-07 1 1 0
1  1181 0 0 1.85339717236194
0

0101000
+786 0 -791 0 *
Wi

0101100
+789 0 +787 0 +785 0 +784 0 *
Ve
1e-07
18.0490244002649 2.82468066261323 0
0 0

0101101
*
Ve
1e-07
18.6490244002649 2.82468066261323 0
0 0

0101101
*
Ed
 1e-07 1 1 0
1  1182 0 0 0.599999999999991
0

0101000
+782 0 -781 0 *
Ve
1e-07
18.6490244002649 3.42468066261323 0
0 0

0101101
*
Ed
 1e-07 1 1 0
1  1183 0 0 0.599999999999994
0

0101000
+781 0 -779 0 *
Ve
1e-07
18.0490244002649 3.42468066261323 0
0 0

0101101
*
Ed
 1e-07 1 1 0
1  1184 0 0 0.599999999999991
0

0101000
+779 0 -777 0 *
Ed
 1e-07 1 1 0
1  1185 0 0 0.599999999999994
0

0101000
+777 0 -782 0 *
Wi

0101100
+780 0 +778 0 +776 0 +775 0 *
Ve
1e-07
18.0490244002649 0.971283490251281 0
0 0

0101101
*
Ve
1e-07
18.6490244002649 0.971283490251281 0
0 0

0101101
*
Ed
 1e-07 1 1 0
1  1186 0 0 0.599999999999991
0

0101000
+773 0 -772 0 *
Ve
1e-07
18.6490244002649 1.57128349025129 0
0 0

0101101
*
Ed
 1e-07 1 1 0
1  1187 0 0 0.600000000000009
0

0101000
+772 0 -770 0 *
Ve
1e-07
18.0490244002649 1.57128349025129 0
0 0

0101101
*
Ed
 1e-07 1 1 0
1  1188 0 0 0.599999999999991
0

0101000
+770 0 -768 0 *
Ed
 1e-07 1 1 0
1  1189 0 0 0.600000000000009
0

0101000
+768 0 -773 0 *
Wi

0101100
+771 0 +769 0 +767 0 +766 0 *
Ve
1e-07
20.9628856636724 0.971283490251281 0
0 0

0101101
*
Ve
1e-07
21.5628856636724 0.971283490251281 0
0 0

0101101
*
Ed
 1e-07 1 1 0
1  1190 0 0 0.599999999999991
0

0101000
+764 0 -763 0 *
Ve
1e-07
21.5628856636724 1.57128349025129 0
0 0

0101101
*
Ed
 1e-07 1 1 0
1  1191 0 0 0.600000000000009
0

0101000
+763 0 -761 0 *
Ve
1e-07
20.9628856636724 1.57128349025129 0
0 0

0101101
*
Ed
 1e-07 1 1 0
1  1192 0 0 0.599999999999991
0

0101000
+761 0 -759 0 *
Ed
 1e-07 1 1 0
1  1193 0 0 0.600000000000009
0

0101000
+759 0 -764 0 *
Wi

0101100
+762 0 +760 0 +758 0 +757 0 *
Ve
1e-07
20.9628856636724 2.82468066261323 0
0 0

0101101
*
Ve
1e-07
21.5628856636724 2.82468066261323 0
0 0

0101101
*
Ed
 1e-07 1 1 0
1  1194 0 0 0.599999999999991
0

0101000
+755 0 -754 0 *
Ve
1e-07
21.5628856636724 3.42468066261323 0
0 0

0101101
*
Ed
 1e-07 1 1 0
1  1195 0 0 0.599999999999994
0

0101000
+754 0 -752 0 *
Ve
1e-07
20.9628856636724 3.42468066261323 0
0 0

0101101
*
Ed
 1e-07 1 1 0
1  1196 0 0 0.599999999999991
0

0101000
+752 0 -750 0 *
Ed
 1e-07 1 1 0
1  1197 0 0 0.599999999999994
0

0101000
+750 0 -755 0 *
Wi

0101100
+753 0 +751 0 +749 0 +748 0 *
Ve
1e-07
20.9628856636724 4.67807783497517 0
0 0

0101101
*
Ve
1e-07
21.5628856636724 4.67807783497517 0
0 0

0101101
*
Ed
 1e-07 1 1 0
1  1198 0 0 0.599999999999991
0

0101000
+746 0 -745 0 *
Ve
1e-07
21.5628856636724 5.27807783497518 0
0 0

0101101
*
Ed
 1e-07 1 1 0
1  1199 0 0 0.600000000000008
0

0101000
+745 0 -743 0 *
Ve
1e-07
20.9628856636724 5.27807783497518 0
0 0

0101101
*
Ed
 1e-07 1 1 0
1  1200 0 0 0.599999999999991
0

0101000
+743 0 -741 0 *
Ed
 1e-07 1 1 0
1  1201 0 0 0.600000000000008
0

0101000
+741 0 -746 0 *
Wi

0101100
+744 0 +742 0 +740 0 +739 0 *
Ve
1e-07
17.1651468590102 0.354203347352012 0
0 0

0101101
*
Ve
1e-07
17.9989779962562 0.354203347352012 0
0 0

0101101
*
Ed
 1e-07 1 1 0
1  1202 0 0 0.833831137245991
0

0101000
+737 0 -736 0 *
Ve
1e-07
17.9989779962562 2.20760051971395 0
0 0

0101101
*
Ed
 1e-07 1 1 0
1  1203 0 0 1.85339717236194
0

0101000
+736 0 -734 0 *
Ve
1e-07
17.1651468590102 2.20760051971395 0
0 0

0101101
*
Ed
 1e-07 1 1 0
1  1204 0 0 0.833831137245991
0

0101000
+734 0 -732 0 *
Ed
 1e-07 1 1 0
1  1205 0 0 1.85339717236194
0

0101000
+732 0 -737 0 *
Wi

0101100
+735 0 +733 0 +731 0 +730 0 *
Ve
1e-07
17.165434155635 2.23260682616556 0
0 0

0101101
*
Ve
1e-07
17.999265292881 2.23260682616556 0
0 0

0101101
*
Ed
 1e-07 1 1 0
1  1206 0 0 0.833831137245991
0

0101000
+728 0 -727 0 *
Ve
1e-07
17.999265292881 4.0860039985275 0
0 0

0101101
*
Ed
 1e-07 1 1 0
1  1207 0 0 1.85339717236194
0

0101000
+727 0 -725 0 *
Ve
1e-07
17.165434155635 4.0860039985275 0
0 0

0101101
*
Ed
 1e-07 1 1 0
1  1208 0 0 0.833831137245991
0

0101000
+725 0 -723 0 *
Ed
 1e-07 1 1 0
1  1209 0 0 1.85339717236194
0

0101000
+723 0 -728 0 *
Wi

0101100
+726 0 +724 0 +722 0 +721 0 *
Ve
1e-07
21.6015687034663 0.36157133821132 0
0 0

0101101
*
Ve
1e-07
22.4353998407123 0.36157133821132 0
0 0

0101101
*
Ed
 1e-07 1 1 0
1  1210 0 0 0.833831137246001
0

0101000
+719 0 -718 0 *
Ve
1e-07
22.4353998407123 2.21496851057326 0
0 0

0101101
*
Ed
 1e-07 1 1 0
1  1211 0 0 1.85339717236194
0

0101000
+718 0 -716 0 *
Ve
1e-07
21.6015687034663 2.21496851057326 0
0 0

0101101
*
Ed
 1e-07 1 1 0
1  1212 0 0 0.833831137246001
0

0101000
+716 0 -714 0 *
Ed
 1e-07 1 1 0
1  1213 0 0 1.85339717236194
0

0101000
+714 0 -719 0 *
Wi

0101100
+717 0 +715 0 +713 0 +712 0 *
Ve
1e-07
21.600084504168 4.11555162318793 0
0 0

0101101
*
Ve
1e-07
22.433915641414 4.11555162318793 0
0 0

0101101
*
Ed
 1e-07 1 1 0
1  1214 0 0 0.833831137245991
0

0101000
+710 0 -709 0 *
Ve
1e-07
22.433915641414 5.96894879554986 0
0 0

0101101
*
Ed
 1e-07 1 1 0
1  1215 0 0 1.85339717236194
0

0101000
+709 0 -707 0 *
Ve
1e-07
21.600084504168 5.96894879554986 0
0 0

0101101
*
Ed
 1e-07 1 1 0
1  1216 0 0 0.833831137245991
0

0101000
+707 0 -705 0 *
Ed
 1e-07 1 1 0
1  1217 0 0 1.85339717236194
0

0101000
+705 0 -710 0 *
Wi

0101100
+708 0 +706 0 +704 0 +703 0 *
Ve
1e-07
21.6018560000911 2.23997481702487 0
0 0

0101101
*
Ve
1e-07
22.4356871373371 2.23997481702487 0
0 0

0101101
*
Ed
 1e-07 1 1 0
1  1218 0 0 0.833831137245991
0

0101000
+701 0 -700 0 *
Ve
1e-07
22.4356871373371 4.09337198938681 0
0 0

0101101
*
Ed
 1e-07 1 1 0
1  1219 0 0 1.85339717236194
0

0101000
+700 0 -698 0 *
Ve
1e-07
21.6018560000911 4.09337198938681 0
0 0

0101101
*
Ed
 1e-07 1 1 0
1  1220 0 0 0.833831137245991
0

0101000
+698 0 -696 0 *
Ed
 1e-07 1 1 0
1  1221 0 0 1.85339717236194
0

0101000
+696 0 -701 0 *
Wi

0101100
+699 0 +697 0 +695 0 +694 0 *
Ve
1e-07
23.5112866034806 2.82468066261323 0
0 0

0101101
*
Ve
1e-07
24.1112866034806 2.82468066261323 0
0 0

0101101
*
Ed
 1e-07 1 1 0
1  1222 0 0 0.600000000000001
0

0101000
+692 0 -691 0 *
Ve
1e-07
24.1112866034806 3.42468066261323 0
0 0

0101101
*
Ed
 1e-07 1 1 0
1  1223 0 0 0.599999999999994
0

0101000
+691 0 -689 0 *
Ve
1e-07
23.5112866034806 3.42468066261323 0
0 0

0101101
*
Ed
 1e-07 1 1 0
1  1224 0 0 0.600000000000001
0

0101000
+689 0 -687 0 *
Ed
 1e-07 1 1 0
1  1225 0 0 0.599999999999994
0

0101000
+687 0 -692 0 *
Wi

0101100
+690 0 +688 0 +686 0 +685 0 *
Ve
1e-07
23.5112866034806 0.971283490251281 0
0 0

0101101
*
Ve
1e-07
24.1112866034806 0.971283490251281 0
0 0

0101101
*
Ed
 1e-07 1 1 0
1  1226 0 0 0.600000000000001
0

0101000
+683 0 -682 0 *
Ve
1e-07
24.1112866034806 1.57128349025129 0
0 0

0101101
*
Ed
 1e-07 1 1 0
1  1227 0 0 0.600000000000009
0

0101000
+682 0 -680 0 *
Ve
1e-07
23.5112866034806 1.57128349025129 0
0 0

0101101
*
Ed
 1e-07 1 1 0
1  1228 0 0 0.600000000000001
0

0101000
+680 0 -678 0 *
Ed
 1e-07 1 1 0
1  1229 0 0 0.600000000000009
0

0101000
+678 0 -683 0 *
Wi

0101100
+681 0 +679 0 +677 0 +676 0 *
Ve
1e-07
26.4251478668881 0.971283490251281 0
0 0

0101101
*
Ve
1e-07
27.0251478668882 0.971283490251281 0
0 0

0101101
*
Ed
 1e-07 1 1 0
1  1230 0 0 0.600000000000001
0

0101000
+674 0 -673 0 *
Ve
1e-07
27.0251478668882 1.57128349025129 0
0 0

0101101
*
Ed
 1e-07 1 1 0
1  1231 0 0 0.600000000000009
0

0101000
+673 0 -671 0 *
Ve
1e-07
26.4251478668881 1.57128349025129 0
0 0

0101101
*
Ed
 1e-07 1 1 0
1  1232 0 0 0.600000000000001
0

0101000
+671 0 -669 0 *
Ed
 1e-07 1 1 0
1  1233 0 0 0.600000000000009
0

0101000
+669 0 -674 0 *
Wi

0101100
+672 0 +670 0 +668 0 +667 0 *
Ve
1e-07
26.4251478668881 2.82468066261323 0
0 0

0101101
*
Ve
1e-07
27.0251478668882 2.82468066261323 0
0 0

0101101
*
Ed
 1e-07 1 1 0
1  1234 0 0 0.600000000000001
0

0101000
+665 0 -664 0 *
Ve
1e-07
27.0251478668882 3.42468066261323 0
0 0

0101101
*
Ed
 1e-07 1 1 0
1  1235 0 0 0.599999999999994
0

0101000
+664 0 -662 0 *
Ve
1e-07
26.4251478668881 3.42468066261323 0
0 0

0101101
*
Ed
 1e-07 1 1 0
1  1236 0 0 0.600000000000001
0

0101000
+662 0 -660 0 *
Ed
 1e-07 1 1 0
1  1237 0 0 0.599999999999994
0

0101000
+660 0 -665 0 *
Wi

0101100
+663 0 +661 0 +659 0 +658 0 *
Ve
1e-07
26.4251478668881 4.67807783497517 0
0 0

0101101
*
Ve
1e-07
27.0251478668882 4.67807783497517 0
0 0

0101101
*
Ed
 1e-07 1 1 0
1  1238 0 0 0.600000000000001
0

0101000
+656 0 -655 0 *
Ve
1e-07
27.0251478668882 5.27807783497518 0
0 0

0101101
*
Ed
 1e-07 1 1 0
1  1239 0 0 0.600000000000008
0

0101000
+655 0 -653 0 *
Ve
1e-07
26.4251478668881 5.27807783497518 0
0 0

0101101
*
Ed
 1e-07 1 1 0
1  1240 0 0 0.600000000000001
0

0101000
+653 0 -651 0 *
Ed
 1e-07 1 1 0
1  1241 0 0 0.600000000000008
0

0101000
+651 0 -656 0 *
Wi

0101100
+654 0 +652 0 +650 0 +649 0 *
Ve
1e-07
22.627409062226 0.354203347352012 0
0 0

0101101
*
Ve
1e-07
23.4612401994719 0.354203347352012 0
0 0

0101101
*
Ed
 1e-07 1 1 0
1  1242 0 0 0.833831137245991
0

0101000
+647 0 -646 0 *
Ve
1e-07
23.4612401994719 2.20760051971395 0
0 0

0101101
*
Ed
 1e-07 1 1 0
1  1243 0 0 1.85339717236194
0

0101000
+646 0 -644 0 *
Ve
1e-07
22.627409062226 2.20760051971395 0
0 0

0101101
*
Ed
 1e-07 1 1 0
1  1244 0 0 0.833831137245991
0

0101000
+644 0 -642 0 *
Ed
 1e-07 1 1 0
1  1245 0 0 1.85339717236194
0

0101000
+642 0 -647 0 *
Wi

0101100
+645 0 +643 0 +641 0 +640 0 *
Ve
1e-07
22.6276963588507 2.23260682616556 0
0 0

0101101
*
Ve
1e-07
23.4615274960967 2.23260682616556 0
0 0

0101101
*
Ed
 1e-07 1 1 0
1  1246 0 0 0.833831137246001
0

0101000
+638 0 -637 0 *
Ve
1e-07
23.4615274960967 4.0860039985275 0
0 0

0101101
*
Ed
 1e-07 1 1 0
1  1247 0 0 1.85339717236194
0

0101000
+637 0 -635 0 *
Ve
1e-07
22.6276963588507 4.0860039985275 0
0 0

0101101
*
Ed
 1e-07 1 1 0
1  1248 0 0 0.833831137246001
0

0101000
+635 0 -633 0 *
Ed
 1e-07 1 1 0
1  1249 0 0 1.85339717236194
0

0101000
+633 0 -638 0 *
Wi

0101100
+636 0 +634 0 +632 0 +631 0 *
Ve
1e-07
27.0638309066821 0.36157133821132 0
0 0

0101101
*
Ve
1e-07
27.8976620439281 0.36157133821132 0
0 0

0101101
*
Ed
 1e-07 1 1 0
1  1250 0 0 0.833831137245991
0

0101000
+629 0 -628 0 *
Ve
1e-07
27.8976620439281 2.21496851057326 0
0 0

0101101
*
Ed
 1e-07 1 1 0
1  1251 0 0 1.85339717236194
0

0101000
+628 0 -626 0 *
Ve
1e-07
27.0638309066821 2.21496851057326 0
0 0

0101101
*
Ed
 1e-07 1 1 0
1  1252 0 0 0.833831137245991
0

0101000
+626 0 -624 0 *
Ed
 1e-07 1 1 0
1  1253 0 0 1.85339717236194
0

0101000
+624 0 -629 0 *
Wi

0101100
+627 0 +625 0 +623 0 +622 0 *
Ve
1e-07
27.0623467073837 4.11555162318793 0
0 0

0101101
*
Ve
1e-07
27.8961778446297 4.11555162318793 0
0 0

0101101
*
Ed
 1e-07 1 1 0
1  1254 0 0 0.833831137245991
0

0101000
+620 0 -619 0 *
Ve
1e-07
27.8961778446297 5.96894879554986 0
0 0

0101101
*
Ed
 1e-07 1 1 0
1  1255 0 0 1.85339717236194
0

0101000
+619 0 -617 0 *
Ve
1e-07
27.0623467073837 5.96894879554986 0
0 0

0101101
*
Ed
 1e-07 1 1 0
1  1256 0 0 0.833831137245991
0

0101000
+617 0 -615 0 *
Ed
 1e-07 1 1 0
1  1257 0 0 1.85339717236194
0

0101000
+615 0 -620 0 *
Wi

0101100
+618 0 +616 0 +614 0 +613 0 *
Ve
1e-07
27.0641182033068 2.23997481702487 0
0 0

0101101
*
Ve
1e-07
27.8979493405528 2.23997481702487 0
0 0

0101101
*
Ed
 1e-07 1 1 0
1  1258 0 0 0.833831137245991
0

0101000
+611 0 -610 0 *
Ve
1e-07
27.8979493405528 4.09337198938681 0
0 0

0101101
*
Ed
 1e-07 1 1 0
1  1259 0 0 1.85339717236194
0

0101000
+610 0 -608 0 *
Ve
1e-07
27.0641182033068 4.09337198938681 0
0 0

0101101
*
Ed
 1e-07 1 1 0
1  1260 0 0 0.833831137245991
0

0101000
+608 0 -606 0 *
Ed
 1e-07 1 1 0
1  1261 0 0 1.85339717236194
0

0101000
+606 0 -611 0 *
Wi

0101100
+609 0 +607 0 +605 0 +604 0 *
Ve
1e-07
29.0010896245277 2.82468066261323 0
0 0

0101101
*
Ve
1e-07
29.6010896245277 2.82468066261323 0
0 0

0101101
*
Ed
 1e-07 1 1 0
1  1262 0 0 0.599999999999991
0

0101000
+602 0 -601 0 *
Ve
1e-07
29.6010896245277 3.42468066261323 0
0 0

0101101
*
Ed
 1e-07 1 1 0
1  1263 0 0 0.599999999999994
0

0101000
+601 0 -599 0 *
Ve
1e-07
29.0010896245277 3.42468066261323 0
0 0

0101101
*
Ed
 1e-07 1 1 0
1  1264 0 0 0.599999999999991
0

0101000
+599 0 -597 0 *
Ed
 1e-07 1 1 0
1  1265 0 0 0.599999999999994
0

0101000
+597 0 -602 0 *
Wi

0101100
+600 0 +598 0 +596 0 +595 0 *
Ve
1e-07
29.0010896245277 0.971283490251281 0
0 0

0101101
*
Ve
1e-07
29.6010896245277 0.971283490251281 0
0 0

0101101
*
Ed
 1e-07 1 1 0
1  1266 0 0 0.599999999999991
0

0101000
+593 0 -592 0 *
Ve
1e-07
29.6010896245277 1.57128349025129 0
0 0

0101101
*
Ed
 1e-07 1 1 0
1  1267 0 0 0.600000000000009
0

0101000
+592 0 -590 0 *
Ve
1e-07
29.0010896245277 1.57128349025129 0
0 0

0101101
*
Ed
 1e-07 1 1 0
1  1268 0 0 0.599999999999991
0

0101000
+590 0 -588 0 *
Ed
 1e-07 1 1 0
1  1269 0 0 0.600000000000009
0

0101000
+588 0 -593 0 *
Wi

0101100
+591 0 +589 0 +587 0 +586 0 *
Ve
1e-07
31.9149508879352 0.971283490251281 0
0 0

0101101
*
Ve
1e-07
32.5149508879352 0.971283490251281 0
0 0

0101101
*
Ed
 1e-07 1 1 0
1  1270 0 0 0.599999999999987
0

0101000
+584 0 -583 0 *
Ve
1e-07
32.5149508879352 1.57128349025129 0
0 0

0101101
*
Ed
 1e-07 1 1 0
1  1271 0 0 0.600000000000009
0

0101000
+583 0 -581 0 *
Ve
1e-07
31.9149508879352 1.57128349025129 0
0 0

0101101
*
Ed
 1e-07 1 1 0
1  1272 0 0 0.599999999999987
0

0101000
+581 0 -579 0 *
Ed
 1e-07 1 1 0
1  1273 0 0 0.600000000000009
0

0101000
+579 0 -584 0 *
Wi

0101100
+582 0 +580 0 +578 0 +577 0 *
Ve
1e-07
31.9149508879352 2.82468066261323 0
0 0

0101101
*
Ve
1e-07
32.5149508879352 2.82468066261323 0
0 0

0101101
*
Ed
 1e-07 1 1 0
1  1274 0 0 0.599999999999987
0

0101000
+575 0 -574 0 *
Ve
1e-07
32.5149508879352 3.42468066261323 0
0 0

0101101
*
Ed
 1e-07 1 1 0
1  1275 0 0 0.599999999999994
0

0101000
+574 0 -572 0 *
Ve
1e-07
31.9149508879352 3.42468066261323 0
0 0

0101101
*
Ed
 1e-07 1 1 0
1  1276 0 0 0.599999999999987
0

0101000
+572 0 -570 0 *
Ed
 1e-07 1 1 0
1  1277 0 0 0.599999999999994
0

0101000
+570 0 -575 0 *
Wi

0101100
+573 0 +571 0 +569 0 +568 0 *
Ve
1e-07
31.9149508879352 4.67807783497517 0
0 0

0101101
*
Ve
1e-07
32.5149508879352 4.67807783497517 0
0 0

0101101
*
Ed
 1e-07 1 1 0
1  1278 0 0 0.599999999999987
0

0101000
+566 0 -565 0 *
Ve
1e-07
32.5149508879352 5.27807783497518 0
0 0

0101101
*
Ed
 1e-07 1 1 0
1  1279 0 0 0.600000000000008
0

0101000
+565 0 -563 0 *
Ve
1e-07
31.9149508879352 5.27807783497518 0
0 0

0101101
*
Ed
 1e-07 1 1 0
1  1280 0 0 0.599999999999987
0

0101000
+563 0 -561 0 *
Ed
 1e-07 1 1 0
1  1281 0 0 0.600000000000008
0

0101000
+561 0 -566 0 *
Wi

0101100
+564 0 +562 0 +560 0 +559 0 *
Ve
1e-07
28.117212083273 0.354203347352012 0
0 0

0101101
*
Ve
1e-07
28.951043220519 0.354203347352012 0
0 0

0101101
*
Ed
 1e-07 1 1 0
1  1282 0 0 0.833831137245991
0

0101000
+557 0 -556 0 *
Ve
1e-07
28.951043220519 2.20760051971395 0
0 0

0101101
*
Ed
 1e-07 1 1 0
1  1283 0 0 1.85339717236194
0

0101000
+556 0 -554 0 *
Ve
1e-07
28.117212083273 2.20760051971395 0
0 0

0101101
*
Ed
 1e-07 1 1 0
1  1284 0 0 0.833831137245991
0

0101000
+554 0 -552 0 *
Ed
 1e-07 1 1 0
1  1285 0 0 1.85339717236194
0

0101000
+552 0 -557 0 *
Wi

0101100
+555 0 +553 0 +551 0 +550 0 *
Ve
1e-07
28.1174993798978 2.23260682616556 0
0 0

0101101
*
Ve
1e-07
28.9513305171438 2.23260682616556 0
0 0

0101101
*
Ed
 1e-07 1 1 0
1  1286 0 0 0.833831137245991
0

0101000
+548 0 -547 0 *
Ve
1e-07
28.9513305171438 4.0860039985275 0
0 0

0101101
*
Ed
 1e-07 1 1 0
1  1287 0 0 1.85339717236194
0

0101000
+547 0 -545 0 *
Ve
1e-07
28.1174993798978 4.0860039985275 0
0 0

0101101
*
Ed
 1e-07 1 1 0
1  1288 0 0 0.833831137245991
0

0101000
+545 0 -543 0 *
Ed
 1e-07 1 1 0
1  1289 0 0 1.85339717236194
0

0101000
+543 0 -548 0 *
Wi

0101100
+546 0 +544 0 +542 0 +541 0 *
Ve
1e-07
32.5536339277291 0.36157133821132 0
0 0

0101101
*
Ve
1e-07
33.3874650649751 0.36157133821132 0
0 0

0101101
*
Ed
 1e-07 1 1 0
1  1290 0 0 0.833831137245994
0

0101000
+539 0 -538 0 *
Ve
1e-07
33.3874650649751 2.21496851057326 0
0 0

0101101
*
Ed
 1e-07 1 1 0
1  1291 0 0 1.85339717236194
0

0101000
+538 0 -536 0 *
Ve
1e-07
32.5536339277291 2.21496851057326 0
0 0

0101101
*
Ed
 1e-07 1 1 0
1  1292 0 0 0.833831137245994
0

0101000
+536 0 -534 0 *
Ed
 1e-07 1 1 0
1  1293 0 0 1.85339717236194
0

0101000
+534 0 -539 0 *
Wi

0101100
+537 0 +535 0 +533 0 +532 0 *
Ve
1e-07
32.5521497284308 4.11555162318793 0
0 0

0101101
*
Ve
1e-07
33.3859808656768 4.11555162318793 0
0 0

0101101
*
Ed
 1e-07 1 1 0
1  1294 0 0 0.833831137245987
0

0101000
+530 0 -529 0 *
Ve
1e-07
33.3859808656768 5.96894879554986 0
0 0

0101101
*
Ed
 1e-07 1 1 0
1  1295 0 0 1.85339717236194
0

0101000
+529 0 -527 0 *
Ve
1e-07
32.5521497284308 5.96894879554986 0
0 0

0101101
*
Ed
 1e-07 1 1 0
1  1296 0 0 0.833831137245987
0

0101000
+527 0 -525 0 *
Ed
 1e-07 1 1 0
1  1297 0 0 1.85339717236194
0

0101000
+525 0 -530 0 *
Wi

0101100
+528 0 +526 0 +524 0 +523 0 *
Ve
1e-07
32.5539212243539 2.23997481702487 0
0 0

0101101
*
Ve
1e-07
33.3877523615999 2.23997481702487 0
0 0

0101101
*
Ed
 1e-07 1 1 0
1  1298 0 0 0.833831137245987
0

0101000
+521 0 -520 0 *
Ve
1e-07
33.3877523615999 4.09337198938681 0
0 0

0101101
*
Ed
 1e-07 1 1 0
1  1299 0 0 1.85339717236194
0

0101000
+520 0 -518 0 *
Ve
1e-07
32.5539212243539 4.09337198938681 0
0 0

0101101
*
Ed
 1e-07 1 1 0
1  1300 0 0 0.833831137245987
0

0101000
+518 0 -516 0 *
Ed
 1e-07 1 1 0
1  1301 0 0 1.85339717236194
0

0101000
+516 0 -521 0 *
Wi

0101100
+519 0 +517 0 +515 0 +514 0 *
Ve
1e-07
34.4725321003539 2.82468066261323 0
0 0

0101101
*
Ve
1e-07
35.0725321003539 2.82468066261323 0
0 0

0101101
*
Ed
 1e-07 1 1 0
1  1302 0 0 0.600000000000001
0

0101000
+512 0 -511 0 *
Ve
1e-07
35.0725321003539 3.42468066261323 0
0 0

0101101
*
Ed
 1e-07 1 1 0
1  1303 0 0 0.599999999999994
0

0101000
+511 0 -509 0 *
Ve
1e-07
34.4725321003539 3.42468066261323 0
0 0

0101101
*
Ed
 1e-07 1 1 0
1  1304 0 0 0.600000000000001
0

0101000
+509 0 -507 0 *
Ed
 1e-07 1 1 0
1  1305 0 0 0.599999999999994
0

0101000
+507 0 -512 0 *
Wi

0101100
+510 0 +508 0 +506 0 +505 0 *
Ve
1e-07
34.4725321003539 0.971283490251281 0
0 0

0101101
*
Ve
1e-07
35.0725321003539 0.971283490251281 0
0 0

0101101
*
Ed
 1e-07 1 1 0
1  1306 0 0 0.600000000000001
0

0101000
+503 0 -502 0 *
Ve
1e-07
35.0725321003539 1.57128349025129 0
0 0

0101101
*
Ed
 1e-07 1 1 0
1  1307 0 0 0.600000000000009
0

0101000
+502 0 -500 0 *
Ve
1e-07
34.4725321003539 1.57128349025129 0
0 0

0101101
*
Ed
 1e-07 1 1 0
1  1308 0 0 0.600000000000001
0

0101000
+500 0 -498 0 *
Ed
 1e-07 1 1 0
1  1309 0 0 0.600000000000009
0

0101000
+498 0 -503 0 *
Wi

0101100
+501 0 +499 0 +497 0 +496 0 *
Ve
1e-07
37.3863933637614 0.971283490251281 0
0 0

0101101
*
Ve
1e-07
37.9863933637614 0.971283490251281 0
0 0

0101101
*
Ed
 1e-07 1 1 0
1  1310 0 0 0.600000000000001
0

0101000
+494 0 -493 0 *
Ve
1e-07
37.9863933637614 1.57128349025129 0
0 0

0101101
*
Ed
 1e-07 1 1 0
1  1311 0 0 0.600000000000009
0

0101000
+493 0 -491 0 *
Ve
1e-07
37.3863933637614 1.57128349025129 0
0 0

0101101
*
Ed
 1e-07 1 1 0
1  1312 0 0 0.600000000000001
0

0101000
+491 0 -489 0 *
Ed
 1e-07 1 1 0
1  1313 0 0 0.600000000000009
0

0101000
+489 0 -494 0 *
Wi

0101100
+492 0 +490 0 +488 0 +487 0 *
Ve
1e-07
37.3863933637614 2.82468066261323 0
0 0

0101101
*
Ve
1e-07
37.9863933637614 2.82468066261323 0
0 0

0101101
*
Ed
 1e-07 1 1 0
1  1314 0 0 0.600000000000001
0

0101000
+485 0 -484 0 *
Ve
1e-07
37.9863933637614 3.42468066261323 0
0 0

0101101
*
Ed
 1e-07 1 1 0
1  1315 0 0 0.599999999999994
0

0101000
+484 0 -482 0 *
Ve
1e-07
37.3863933637614 3.42468066261323 0
0 0

0101101
*
Ed
 1e-07 1 1 0
1  1316 0 0 0.600000000000001
0

0101000
+482 0 -480 0 *
Ed
 1e-07 1 1 0
1  1317 0 0 0.599999999999994
0

0101000
+480 0 -485 0 *
Wi

0101100
+483 0 +481 0 +479 0 +478 0 *
Ve
1e-07
37.3863933637614 4.67807783497517 0
0 0

0101101
*
Ve
1e-07
37.9863933637614 4.67807783497517 0
0 0

0101101
*
Ed
 1e-07 1 1 0
1  1318 0 0 0.600000000000001
0

0101000
+476 0 -475 0 *
Ve
1e-07
37.9863933637614 5.27807783497518 0
0 0

0101101
*
Ed
 1e-07 1 1 0
1  1319 0 0 0.600000000000008
0

0101000
+475 0 -473 0 *
Ve
1e-07
37.3863933637614 5.27807783497518 0
0 0

0101101
*
Ed
 1e-07 1 1 0
1  1320 0 0 0.600000000000001
0

0101000
+473 0 -471 0 *
Ed
 1e-07 1 1 0
1  1321 0 0 0.600000000000008
0

0101000
+471 0 -476 0 *
Wi

0101100
+474 0 +472 0 +470 0 +469 0 *
Ve
1e-07
33.5886545590992 0.354203347352012 0
0 0

0101101
*
Ve
1e-07
34.4224856963452 0.354203347352012 0
0 0

0101101
*
Ed
 1e-07 1 1 0
1  1322 0 0 0.833831137246001
0

0101000
+467 0 -466 0 *
Ve
1e-07
34.4224856963452 2.20760051971395 0
0 0

0101101
*
Ed
 1e-07 1 1 0
1  1323 0 0 1.85339717236194
0

0101000
+466 0 -464 0 *
Ve
1e-07
33.5886545590992 2.20760051971395 0
0 0

0101101
*
Ed
 1e-07 1 1 0
1  1324 0 0 0.833831137246001
0

0101000
+464 0 -462 0 *
Ed
 1e-07 1 1 0
1  1325 0 0 1.85339717236194
0

0101000
+462 0 -467 0 *
Wi

0101100
+465 0 +463 0 +461 0 +460 0 *
Ve
1e-07
33.588941855724 2.23260682616556 0
0 0

0101101
*
Ve
1e-07
34.42277299297 2.23260682616556 0
0 0

0101101
*
Ed
 1e-07 1 1 0
1  1326 0 0 0.833831137245994
0

0101000
+458 0 -457 0 *
Ve
1e-07
34.42277299297 4.0860039985275 0
0 0

0101101
*
Ed
 1e-07 1 1 0
1  1327 0 0 1.85339717236194
0

0101000
+457 0 -455 0 *
Ve
1e-07
33.588941855724 4.0860039985275 0
0 0

0101101
*
Ed
 1e-07 1 1 0
1  1328 0 0 0.833831137245994
0

0101000
+455 0 -453 0 *
Ed
 1e-07 1 1 0
1  1329 0 0 1.85339717236194
0

0101000
+453 0 -458 0 *
Wi

0101100
+456 0 +454 0 +452 0 +451 0 *
Ve
1e-07
38.0250764035553 0.36157133821132 0
0 0

0101101
*
Ve
1e-07
38.8589075408013 0.36157133821132 0
0 0

0101101
*
Ed
 1e-07 1 1 0
1  1330 0 0 0.833831137245994
0

0101000
+449 0 -448 0 *
Ve
1e-07
38.8589075408013 2.21496851057326 0
0 0

0101101
*
Ed
 1e-07 1 1 0
1  1331 0 0 1.85339717236194
0

0101000
+448 0 -446 0 *
Ve
1e-07
38.0250764035553 2.21496851057326 0
0 0

0101101
*
Ed
 1e-07 1 1 0
1  1332 0 0 0.833831137245994
0

0101000
+446 0 -444 0 *
Ed
 1e-07 1 1 0
1  1333 0 0 1.85339717236194
0

0101000
+444 0 -449 0 *
Wi

0101100
+447 0 +445 0 +443 0 +442 0 *
Ve
1e-07
38.023592204257 4.11555162318793 0
0 0

0101101
*
Ve
1e-07
38.857423341503 4.11555162318793 0
0 0

0101101
*
Ed
 1e-07 1 1 0
1  1334 0 0 0.833831137246001
0

0101000
+440 0 -439 0 *
Ve
1e-07
38.857423341503 5.96894879554986 0
0 0

0101101
*
Ed
 1e-07 1 1 0
1  1335 0 0 1.85339717236194
0

0101000
+439 0 -437 0 *
Ve
1e-07
38.023592204257 5.96894879554986 0
0 0

0101101
*
Ed
 1e-07 1 1 0
1  1336 0 0 0.833831137246001
0

0101000
+437 0 -435 0 *
Ed
 1e-07 1 1 0
1  1337 0 0 1.85339717236194
0

0101000
+435 0 -440 0 *
Wi

0101100
+438 0 +436 0 +434 0 +433 0 *
Ve
1e-07
38.0253637001801 2.23997481702487 0
0 0

0101101
*
Ve
1e-07
38.8591948374261 2.23997481702487 0
0 0

0101101
*
Ed
 1e-07 1 1 0
1  1338 0 0 0.833831137246001
0

0101000
+431 0 -430 0 *
Ve
1e-07
38.8591948374261 4.09337198938681 0
0 0

0101101
*
Ed
 1e-07 1 1 0
1  1339 0 0 1.85339717236194
0

0101000
+430 0 -428 0 *
Ve
1e-07
38.0253637001801 4.09337198938681 0
0 0

0101101
*
Ed
 1e-07 1 1 0
1  1340 0 0 0.833831137246001
0

0101000
+428 0 -426 0 *
Ed
 1e-07 1 1 0
1  1341 0 0 1.85339717236194
0

0101000
+426 0 -431 0 *
Wi

0101100
+429 0 +427 0 +425 0 +424 0 *
Ve
1e-07
57.418956842095 2.3072866964015 0
0 0

0101101
*
Ve
1e-07
58.018956842095 2.3072866964015 0
0 0

0101101
*
Ed
 1e-07 1 1 0
1  1342 0 0 0.599999999999987
0

0101000
+422 0 -421 0 *
Ve
1e-07
58.018956842095 2.90728669640151 0
0 0

0101101
*
Ed
 1e-07 1 1 0
1  1343 0 0 0.600000000000008
0

0101000
+421 0 -419 0 *
Ve
1e-07
57.418956842095 2.90728669640151 0
0 0

0101101
*
Ed
 1e-07 1 1 0
1  1344 0 0 0.599999999999987
0

0101000
+419 0 -417 0 *
Ed
 1e-07 1 1 0
1  1345 0 0 0.600000000000008
0

0101000
+417 0 -422 0 *
Wi

0101100
+420 0 +418 0 +416 0 +415 0 *
Ve
1e-07
57.407101423082 1.45369652746716 0
0 0

0101101
*
Ve
1e-07
58.007101423082 1.45369652746716 0
0 0

0101101
*
Ed
 1e-07 1 1 0
1  1346 0 0 0.599999999999994
0

0101000
+413 0 -412 0 *
Ve
1e-07
58.007101423082 2.05369652746717 0
0 0

0101101
*
Ed
 1e-07 1 1 0
1  1347 0 0 0.600000000000008
0

0101000
+412 0 -410 0 *
Ve
1e-07
57.407101423082 2.05369652746717 0
0 0

0101101
*
Ed
 1e-07 1 1 0
1  1348 0 0 0.599999999999994
0

0101000
+410 0 -408 0 *
Ed
 1e-07 1 1 0
1  1349 0 0 0.600000000000008
0

0101000
+408 0 -413 0 *
Wi

0101100
+411 0 +409 0 +407 0 +406 0 *
Ve
1e-07
56.3273787085717 0.443558728857724 0
0 0

0101101
*
Ve
1e-07
56.9273787085717 0.443558728857724 0
0 0

0101101
*
Ed
 1e-07 1 1 0
1  1350 0 0 0.599999999999994
0

0101000
+404 0 -403 0 *
Ve
1e-07
56.9273787085717 1.04355872885772 0
0 0

0101101
*
Ed
 1e-07 1 1 0
1  1351 0 0 0.599999999999994
0

0101000
+403 0 -401 0 *
Ve
1e-07
56.3273787085717 1.04355872885772 0
0 0

0101101
*
Ed
 1e-07 1 1 0
1  1352 0 0 0.599999999999994
0

0101000
+401 0 -399 0 *
Ed
 1e-07 1 1 0
1  1353 0 0 0.599999999999994
0

0101000
+399 0 -404 0 *
Wi

0101100
+402 0 +400 0 +398 0 +397 0 *
Ve
1e-07
55.5631644221162 0.43541470443202 0
0 0

0101101
*
Ve
1e-07
56.1631644221161 0.43541470443202 0
0 0

0101101
*
Ed
 1e-07 1 1 0
1  1354 0 0 0.599999999999987
0

0101000
+395 0 -394 0 *
Ve
1e-07
56.1631644221161 1.03541470443203 0
0 0

0101101
*
Ed
 1e-07 1 1 0
1  1355 0 0 0.600000000000009
0

0101000
+394 0 -392 0 *
Ve
1e-07
55.5631644221162 1.03541470443203 0
0 0

0101101
*
Ed
 1e-07 1 1 0
1  1356 0 0 0.599999999999987
0

0101000
+392 0 -390 0 *
Ed
 1e-07 1 1 0
1  1357 0 0 0.600000000000009
0

0101000
+390 0 -395 0 *
Wi

0101100
+393 0 +391 0 +389 0 +388 0 *
Ve
1e-07
54.4677247127785 1.53352956017216 0
0 0

0101101
*
Ve
1e-07
55.0677247127786 1.53352956017216 0
0 0

0101101
*
Ed
 1e-07 1 1 0
1  1358 0 0 0.600000000000037
0

0101000
+386 0 -385 0 *
Ve
1e-07
55.0677247127786 2.13352956017216 0
0 0

0101101
*
Ed
 1e-07 1 1 0
1  1359 0 0 0.600000000000009
0

0101000
+385 0 -383 0 *
Ve
1e-07
54.4677247127785 2.13352956017216 0
0 0

0101101
*
Ed
 1e-07 1 1 0
1  1360 0 0 0.600000000000037
0

0101000
+383 0 -381 0 *
Ed
 1e-07 1 1 0
1  1361 0 0 0.600000000000009
0

0101000
+381 0 -386 0 *
Wi

0101100
+384 0 +382 0 +380 0 +379 0 *
Ve
1e-07
54.4637729064409 2.35945708474289 0
0 0

0101101
*
Ve
1e-07
55.0637729064409 2.35945708474289 0
0 0

0101101
*
Ed
 1e-07 1 1 0
1  1362 0 0 0.599999999999987
0

0101000
+377 0 -376 0 *
Ve
1e-07
55.0637729064409 2.95945708474289 0
0 0

0101101
*
Ed
 1e-07 1 1 0
1  1363 0 0 0.600000000000008
0

0101000
+376 0 -374 0 *
Ve
1e-07
54.4637729064409 2.95945708474289 0
0 0

0101101
*
Ed
 1e-07 1 1 0
1  1364 0 0 0.599999999999987
0

0101000
+374 0 -372 0 *
Ed
 1e-07 1 1 0
1  1365 0 0 0.600000000000008
0

0101000
+372 0 -377 0 *
Wi

0101100
+375 0 +373 0 +371 0 +370 0 *
Ve
1e-07
55.6012634660954 3.36478284553551 0
0 0

0101101
*
Ve
1e-07
56.2012634660954 3.36478284553551 0
0 0

0101101
*
Ed
 1e-07 1 1 0
1  1366 0 0 0.600000000000023
0

0101000
+368 0 -367 0 *
Ve
1e-07
56.2012634660954 3.96478284553551 0
0 0

0101101
*
Ed
 1e-07 1 1 0
1  1367 0 0 0.599999999999995
0

0101000
+367 0 -365 0 *
Ve
1e-07
55.6012634660954 3.96478284553551 0
0 0

0101101
*
Ed
 1e-07 1 1 0
1  1368 0 0 0.600000000000023
0

0101000
+365 0 -363 0 *
Ed
 1e-07 1 1 0
1  1369 0 0 0.599999999999995
0

0101000
+363 0 -368 0 *
Wi

0101100
+366 0 +364 0 +362 0 +361 0 *
Ve
1e-07
56.4216448858046 3.36639885664583 0
0 0

0101101
*
Ve
1e-07
57.0216448858046 3.36639885664583 0
0 0

0101101
*
Ed
 1e-07 1 1 0
1  1370 0 0 0.599999999999994
0

0101000
+359 0 -358 0 *
Ve
1e-07
57.0216448858046 3.96639885664584 0
0 0

0101101
*
Ed
 1e-07 1 1 0
1  1371 0 0 0.600000000000009
0

0101000
+358 0 -356 0 *
Ve
1e-07
56.4216448858046 3.96639885664584 0
0 0

0101101
*
Ed
 1e-07 1 1 0
1  1372 0 0 0.599999999999994
0

0101000
+356 0 -354 0 *
Ed
 1e-07 1 1 0
1  1373 0 0 0.600000000000009
0

0101000
+354 0 -359 0 *
Wi

0101100
+357 0 +355 0 +353 0 +352 0 *
Ve
1e-07
55.2459015907514 1.18497669752871 0
0 0

0101101
*
Ve
1e-07
57.2697080683936 1.18497669752871 0
0 0

0101101
*
Ed
 1e-07 1 1 0
1  1374 0 0 2.02380647764224
0

0101000
+350 0 -349 0 *
Ve
1e-07
57.2697080683936 3.17087052660303 0
0 0

0101101
*
Ed
 1e-07 1 1 0
1  1375 0 0 1.98589382907431
0

0101000
+349 0 -347 0 *
Ve
1e-07
55.2459015907514 3.17087052660303 0
0 0

0101101
*
Ed
 1e-07 1 1 0
1  1376 0 0 2.02380647764224
0

0101000
+347 0 -345 0 *
Ed
 1e-07 1 1 0
1  1377 0 0 1.98589382907431
0

0101000
+345 0 -350 0 *
Wi

0101100
+348 0 +346 0 +344 0 +343 0 *
Ve
1e-07
50.4041603872584 3.09228304913562 0
0 0

0101101
*
Ve
1e-07
51.0041603872584 3.09228304913562 0
0 0

0101101
*
Ed
 1e-07 1 1 0
1  1378 0 0 0.600000000000023
0

0101000
+341 0 -340 0 *
Ve
1e-07
51.0041603872584 3.69228304913561 0
0 0

0101101
*
Ed
 1e-07 1 1 0
1  1379 0 0 0.599999999999994
0

0101000
+340 0 -338 0 *
Ve
1e-07
50.4041603872584 3.69228304913561 0
0 0

0101101
*
Ed
 1e-07 1 1 0
1  1380 0 0 0.600000000000023
0

0101000
+338 0 -336 0 *
Ed
 1e-07 1 1 0
1  1381 0 0 0.599999999999994
0

0101000
+336 0 -341 0 *
Wi

0101100
+339 0 +337 0 +335 0 +334 0 *
Ve
1e-07
51.1819944286998 3.09228304913562 0
0 0

0101101
*
Ve
1e-07
51.7819944286999 3.09228304913562 0
0 0

0101101
*
Ed
 1e-07 1 1 0
1  1382 0 0 0.600000000000037
0

0101000
+332 0 -331 0 *
Ve
1e-07
51.7819944286999 3.69228304913561 0
0 0

0101101
*
Ed
 1e-07 1 1 0
1  1383 0 0 0.599999999999994
0

0101000
+331 0 -329 0 *
Ve
1e-07
51.1819944286998 3.69228304913561 0
0 0

0101101
*
Ed
 1e-07 1 1 0
1  1384 0 0 0.600000000000037
0

0101000
+329 0 -327 0 *
Ed
 1e-07 1 1 0
1  1385 0 0 0.599999999999994
0

0101000
+327 0 -332 0 *
Wi

0101100
+330 0 +328 0 +326 0 +325 0 *
Ve
1e-07
51.9182159494057 3.08268015973509 0
0 0

0101101
*
Ve
1e-07
52.5182159494057 3.08268015973509 0
0 0

0101101
*
Ed
 1e-07 1 1 0
1  1386 0 0 0.599999999999987
0

0101000
+323 0 -322 0 *
Ve
1e-07
52.5182159494057 3.6826801597351 0
0 0

0101101
*
Ed
 1e-07 1 1 0
1  1387 0 0 0.600000000000008
0

0101000
+322 0 -320 0 *
Ve
1e-07
51.9182159494057 3.6826801597351 0
0 0

0101101
*
Ed
 1e-07 1 1 0
1  1388 0 0 0.599999999999987
0

0101000
+320 0 -318 0 *
Ed
 1e-07 1 1 0
1  1389 0 0 0.600000000000008
0

0101000
+318 0 -323 0 *
Wi

0101100
+321 0 +319 0 +317 0 +316 0 *
Ve
1e-07
52.7440644378497 3.08268015973509 0
0 0

0101101
*
Ve
1e-07
53.3440644378497 3.08268015973509 0
0 0

0101101
*
Ed
 1e-07 1 1 0
1  1390 0 0 0.599999999999994
0

0101000
+314 0 -313 0 *
Ve
1e-07
53.3440644378497 3.6826801597351 0
0 0

0101101
*
Ed
 1e-07 1 1 0
1  1391 0 0 0.600000000000008
0

0101000
+313 0 -311 0 *
Ve
1e-07
52.7440644378497 3.6826801597351 0
0 0

0101101
*
Ed
 1e-07 1 1 0
1  1392 0 0 0.599999999999994
0

0101000
+311 0 -309 0 *
Ed
 1e-07 1 1 0
1  1393 0 0 0.600000000000008
0

0101000
+309 0 -314 0 *
Wi

0101100
+312 0 +310 0 +308 0 +307 0 *
Ve
1e-07
52.7568682903837 4.98725322416986 0
0 0

0101101
*
Ve
1e-07
53.3568682903837 4.98725322416986 0
0 0

0101101
*
Ed
 1e-07 1 1 0
1  1394 0 0 0.60000000000003
0

0101000
+305 0 -304 0 *
Ve
1e-07
53.3568682903837 5.58725322416987 0
0 0

0101101
*
Ed
 1e-07 1 1 0
1  1395 0 0 0.600000000000009
0

0101000
+304 0 -302 0 *
Ve
1e-07
52.7568682903837 5.58725322416987 0
0 0

0101101
*
Ed
 1e-07 1 1 0
1  1396 0 0 0.60000000000003
0

0101000
+302 0 -300 0 *
Ed
 1e-07 1 1 0
1  1397 0 0 0.600000000000009
0

0101000
+300 0 -305 0 *
Wi

0101100
+303 0 +301 0 +299 0 +298 0 *
Ve
1e-07
51.9822352120758 4.96804744536884 0
0 0

0101101
*
Ve
1e-07
52.5822352120758 4.96804744536884 0
0 0

0101101
*
Ed
 1e-07 1 1 0
1  1398 0 0 0.599999999999994
0

0101000
+296 0 -295 0 *
Ve
1e-07
52.5822352120758 5.56804744536885 0
0 0

0101101
*
Ed
 1e-07 1 1 0
1  1399 0 0 0.600000000000009
0

0101000
+295 0 -293 0 *
Ve
1e-07
51.9822352120758 5.56804744536885 0
0 0

0101101
*
Ed
 1e-07 1 1 0
1  1400 0 0 0.599999999999994
0

0101000
+293 0 -291 0 *
Ed
 1e-07 1 1 0
1  1401 0 0 0.600000000000009
0

0101000
+291 0 -296 0 *
Wi

0101100
+294 0 +292 0 +290 0 +289 0 *
Ve
1e-07
51.1915973181003 4.97124840850235 0
0 0

0101101
*
Ve
1e-07
51.7915973181003 4.97124840850235 0
0 0

0101101
*
Ed
 1e-07 1 1 0
1  1402 0 0 0.599999999999987
0

0101000
+287 0 -286 0 *
Ve
1e-07
51.7915973181003 5.57124840850234 0
0 0

0101101
*
Ed
 1e-07 1 1 0
1  1403 0 0 0.599999999999994
0

0101000
+286 0 -284 0 *
Ve
1e-07
51.1915973181003 5.57124840850234 0
0 0

0101101
*
Ed
 1e-07 1 1 0
1  1404 0 0 0.599999999999987
0

0101000
+284 0 -282 0 *
Ed
 1e-07 1 1 0
1  1405 0 0 0.599999999999994
0

0101000
+282 0 -287 0 *
Wi

0101100
+285 0 +283 0 +281 0 +280 0 *
Ve
1e-07
50.4233661660594 4.97124840850235 0
0 0

0101101
*
Ve
1e-07
51.0233661660594 4.97124840850235 0
0 0

0101101
*
Ed
 1e-07 1 1 0
1  1406 0 0 0.600000000000001
0

0101000
+278 0 -277 0 *
Ve
1e-07
51.0233661660594 5.57124840850234 0
0 0

0101101
*
Ed
 1e-07 1 1 0
1  1407 0 0 0.599999999999994
0

0101000
+277 0 -275 0 *
Ve
1e-07
50.4233661660594 5.57124840850234 0
0 0

0101101
*
Ed
 1e-07 1 1 0
1  1408 0 0 0.600000000000001
0

0101000
+275 0 -273 0 *
Ed
 1e-07 1 1 0
1  1409 0 0 0.599999999999994
0

0101000
+273 0 -278 0 *
Wi

0101100
+276 0 +274 0 +272 0 +271 0 *
Ve
1e-07
50.3025931549886 3.81486257905586 0
0 0

0101101
*
Ve
1e-07
53.4508347909446 3.81486257905586 0
0 0

0101101
*
Ed
 1e-07 1 1 0
1  1410 0 0 3.148241635956
0

0101000
+269 0 -268 0 *
Ve
1e-07
53.4508347909446 4.87826864275655 0
0 0

0101101
*
Ed
 1e-07 1 1 0
1  1411 0 0 1.0634060637007
0

0101000
+268 0 -266 0 *
Ve
1e-07
50.3025931549886 4.87826864275655 0
0 0

0101101
*
Ed
 1e-07 1 1 0
1  1412 0 0 3.148241635956
0

0101000
+266 0 -264 0 *
Ed
 1e-07 1 1 0
1  1413 0 0 1.0634060637007
0

0101000
+264 0 -269 0 *
Wi

0101100
+267 0 +265 0 +263 0 +262 0 *
Ve
1e-07
48.641365744668 1.26853783510525 0
0 0

0101101
*
Ve
1e-07
49.241365744668 1.26853783510525 0
0 0

0101101
*
Ed
 1e-07 1 1 0
1  1414 0 0 0.599999999999987
0

0101000
+260 0 -259 0 *
Ve
1e-07
49.241365744668 1.86853783510524 0
0 0

0101101
*
Ed
 1e-07 1 1 0
1  1415 0 0 0.599999999999995
0

0101000
+259 0 -257 0 *
Ve
1e-07
48.641365744668 1.86853783510524 0
0 0

0101101
*
Ed
 1e-07 1 1 0
1  1416 0 0 0.599999999999987
0

0101000
+257 0 -255 0 *
Ed
 1e-07 1 1 0
1  1417 0 0 0.599999999999995
0

0101000
+255 0 -260 0 *
Wi

0101100
+258 0 +256 0 +254 0 +253 0 *
Ve
1e-07
48.6573705603355 2.07518054474821 0
0 0

0101101
*
Ve
1e-07
49.2573705603355 2.07518054474821 0
0 0

0101101
*
Ed
 1e-07 1 1 0
1  1418 0 0 0.600000000000001
0

0101000
+251 0 -250 0 *
Ve
1e-07
49.2573705603355 2.67518054474822 0
0 0

0101101
*
Ed
 1e-07 1 1 0
1  1419 0 0 0.600000000000009
0

0101000
+250 0 -248 0 *
Ve
1e-07
48.6573705603355 2.67518054474822 0
0 0

0101101
*
Ed
 1e-07 1 1 0
1  1420 0 0 0.600000000000001
0

0101000
+248 0 -246 0 *
Ed
 1e-07 1 1 0
1  1421 0 0 0.600000000000009
0

0101000
+246 0 -251 0 *
Wi

0101100
+249 0 +247 0 +245 0 +244 0 *
Ve
1e-07
48.628561892134 2.87542132812416 0
0 0

0101101
*
Ve
1e-07
49.228561892134 2.87542132812416 0
0 0

0101101
*
Ed
 1e-07 1 1 0
1  1422 0 0 0.599999999999994
0

0101000
+242 0 -241 0 *
Ve
1e-07
49.228561892134 3.47542132812417 0
0 0

0101101
*
Ed
 1e-07 1 1 0
1  1423 0 0 0.600000000000008
0

0101000
+241 0 -239 0 *
Ve
1e-07
48.628561892134 3.47542132812417 0
0 0

0101101
*
Ed
 1e-07 1 1 0
1  1424 0 0 0.599999999999994
0

0101000
+239 0 -237 0 *
Ed
 1e-07 1 1 0
1  1425 0 0 0.600000000000008
0

0101000
+237 0 -242 0 *
Wi

0101100
+240 0 +238 0 +236 0 +235 0 *
Ve
1e-07
48.6317628552675 3.60844188569654 0
0 0

0101101
*
Ve
1e-07
49.2317628552675 3.60844188569654 0
0 0

0101101
*
Ed
 1e-07 1 1 0
1  1426 0 0 0.60000000000003
0

0101000
+233 0 -232 0 *
Ve
1e-07
49.2317628552675 4.20844188569653 0
0 0

0101101
*
Ed
 1e-07 1 1 0
1  1427 0 0 0.599999999999994
0

0101000
+232 0 -230 0 *
Ve
1e-07
48.6317628552675 4.20844188569653 0
0 0

0101101
*
Ed
 1e-07 1 1 0
1  1428 0 0 0.60000000000003
0

0101000
+230 0 -228 0 *
Ed
 1e-07 1 1 0
1  1429 0 0 0.599999999999994
0

0101000
+228 0 -233 0 *
Wi

0101100
+231 0 +229 0 +227 0 +226 0 *
Ve
1e-07
46.7848071272358 3.59563803316252 0
0 0

0101101
*
Ve
1e-07
47.3848071272358 3.59563803316252 0
0 0

0101101
*
Ed
 1e-07 1 1 0
1  1430 0 0 0.599999999999987
0

0101000
+224 0 -223 0 *
Ve
1e-07
47.3848071272358 4.19563803316252 0
0 0

0101101
*
Ed
 1e-07 1 1 0
1  1431 0 0 0.600000000000008
0

0101000
+223 0 -221 0 *
Ve
1e-07
46.7848071272358 4.19563803316252 0
0 0

0101101
*
Ed
 1e-07 1 1 0
1  1432 0 0 0.599999999999987
0

0101000
+221 0 -219 0 *
Ed
 1e-07 1 1 0
1  1433 0 0 0.600000000000008
0

0101000
+219 0 -224 0 *
Wi

0101100
+222 0 +220 0 +218 0 +217 0 *
Ve
1e-07
46.7848071272358 2.85941651245663 0
0 0

0101101
*
Ve
1e-07
47.3848071272358 2.85941651245663 0
0 0

0101101
*
Ed
 1e-07 1 1 0
1  1434 0 0 0.599999999999987
0

0101000
+215 0 -214 0 *
Ve
1e-07
47.3848071272358 3.45941651245664 0
0 0

0101101
*
Ed
 1e-07 1 1 0
1  1435 0 0 0.600000000000009
0

0101000
+214 0 -212 0 *
Ve
1e-07
46.7848071272358 3.45941651245664 0
0 0

0101101
*
Ed
 1e-07 1 1 0
1  1436 0 0 0.599999999999987
0

0101000
+212 0 -210 0 *
Ed
 1e-07 1 1 0
1  1437 0 0 0.600000000000009
0

0101000
+210 0 -215 0 *
Wi

0101100
+213 0 +211 0 +209 0 +208 0 *
Ve
1e-07
46.7591994221677 2.05597476594718 0
0 0

0101101
*
Ve
1e-07
47.3591994221677 2.05597476594718 0
0 0

0101101
*
Ed
 1e-07 1 1 0
1  1438 0 0 0.599999999999987
0

0101000
+206 0 -205 0 *
Ve
1e-07
47.3591994221677 2.65597476594719 0
0 0

0101101
*
Ed
 1e-07 1 1 0
1  1439 0 0 0.600000000000008
0

0101000
+205 0 -203 0 *
Ve
1e-07
46.7591994221677 2.65597476594719 0
0 0

0101101
*
Ed
 1e-07 1 1 0
1  1440 0 0 0.599999999999987
0

0101000
+203 0 -201 0 *
Ed
 1e-07 1 1 0
1  1441 0 0 0.600000000000008
0

0101000
+201 0 -206 0 *
Wi

0101100
+204 0 +202 0 +200 0 +199 0 *
Ve
1e-07
46.7591994221677 1.28134168763927 0
0 0

0101101
*
Ve
1e-07
47.3591994221677 1.28134168763927 0
0 0

0101101
*
Ed
 1e-07 1 1 0
1  1442 0 0 0.599999999999987
0

0101000
+197 0 -196 0 *
Ve
1e-07
47.3591994221677 1.88134168763926 0
0 0

0101101
*
Ed
 1e-07 1 1 0
1  1443 0 0 0.599999999999995
0

0101000
+196 0 -194 0 *
Ve
1e-07
46.7591994221677 1.88134168763926 0
0 0

0101101
*
Ed
 1e-07 1 1 0
1  1444 0 0 0.599999999999987
0

0101000
+194 0 -192 0 *
Ed
 1e-07 1 1 0
1  1445 0 0 0.599999999999995
0

0101000
+192 0 -197 0 *
Wi

0101100
+195 0 +193 0 +191 0 +190 0 *
Ve
1e-07
47.4623859335525 1.13380049547634 0
0 0

0101101
*
Ve
1e-07
48.5257919972532 1.13380049547634 0
0 0

0101101
*
Ed
 1e-07 1 1 0
1  1446 0 0 1.06340606370068
0

0101000
+188 0 -187 0 *
Ve
1e-07
48.5257919972532 4.28204213143233 0
0 0

0101101
*
Ed
 1e-07 1 1 0
1  1447 0 0 3.148241635956
0

0101000
+187 0 -185 0 *
Ve
1e-07
47.4623859335525 4.28204213143233 0
0 0

0101101
*
Ed
 1e-07 1 1 0
1  1448 0 0 1.06340606370068
0

0101000
+185 0 -183 0 *
Ed
 1e-07 1 1 0
1  1449 0 0 3.148241635956
0

0101000
+183 0 -188 0 *
Wi

0101100
+186 0 +184 0 +182 0 +181 0 *
Ve
1e-07
39.9531548487905 2.82468066261323 0
0 0

0101101
*
Ve
1e-07
40.5531548487905 2.82468066261323 0
0 0

0101101
*
Ed
 1e-07 1 1 0
1  1450 0 0 0.599999999999994
0

0101000
+179 0 -178 0 *
Ve
1e-07
40.5531548487905 3.42468066261323 0
0 0

0101101
*
Ed
 1e-07 1 1 0
1  1451 0 0 0.599999999999994
0

0101000
+178 0 -176 0 *
Ve
1e-07
39.9531548487905 3.42468066261323 0
0 0

0101101
*
Ed
 1e-07 1 1 0
1  1452 0 0 0.599999999999994
0

0101000
+176 0 -174 0 *
Ed
 1e-07 1 1 0
1  1453 0 0 0.599999999999994
0

0101000
+174 0 -179 0 *
Wi

0101100
+177 0 +175 0 +173 0 +172 0 *
Ve
1e-07
39.9531548487905 0.971283490251281 0
0 0

0101101
*
Ve
1e-07
40.5531548487905 0.971283490251281 0
0 0

0101101
*
Ed
 1e-07 1 1 0
1  1454 0 0 0.599999999999994
0

0101000
+170 0 -169 0 *
Ve
1e-07
40.5531548487905 1.57128349025129 0
0 0

0101101
*
Ed
 1e-07 1 1 0
1  1455 0 0 0.600000000000009
0

0101000
+169 0 -167 0 *
Ve
1e-07
39.9531548487905 1.57128349025129 0
0 0

0101101
*
Ed
 1e-07 1 1 0
1  1456 0 0 0.599999999999994
0

0101000
+167 0 -165 0 *
Ed
 1e-07 1 1 0
1  1457 0 0 0.600000000000009
0

0101000
+165 0 -170 0 *
Wi

0101100
+168 0 +166 0 +164 0 +163 0 *
Ve
1e-07
42.8670161121981 0.971283490251281 0
0 0

0101101
*
Ve
1e-07
43.4670161121981 0.971283490251281 0
0 0

0101101
*
Ed
 1e-07 1 1 0
1  1458 0 0 0.599999999999994
0

0101000
+161 0 -160 0 *
Ve
1e-07
43.4670161121981 1.57128349025129 0
0 0

0101101
*
Ed
 1e-07 1 1 0
1  1459 0 0 0.600000000000009
0

0101000
+160 0 -158 0 *
Ve
1e-07
42.8670161121981 1.57128349025129 0
0 0

0101101
*
Ed
 1e-07 1 1 0
1  1460 0 0 0.599999999999994
0

0101000
+158 0 -156 0 *
Ed
 1e-07 1 1 0
1  1461 0 0 0.600000000000009
0

0101000
+156 0 -161 0 *
Wi

0101100
+159 0 +157 0 +155 0 +154 0 *
Ve
1e-07
42.8670161121981 2.82468066261323 0
0 0

0101101
*
Ve
1e-07
43.4670161121981 2.82468066261323 0
0 0

0101101
*
Ed
 1e-07 1 1 0
1  1462 0 0 0.599999999999994
0

0101000
+152 0 -151 0 *
Ve
1e-07
43.4670161121981 3.42468066261323 0
0 0

0101101
*
Ed
 1e-07 1 1 0
1  1463 0 0 0.599999999999994
0

0101000
+151 0 -149 0 *
Ve
1e-07
42.8670161121981 3.42468066261323 0
0 0

0101101
*
Ed
 1e-07 1 1 0
1  1464 0 0 0.599999999999994
0

0101000
+149 0 -147 0 *
Ed
 1e-07 1 1 0
1  1465 0 0 0.599999999999994
0

0101000
+147 0 -152 0 *
Wi

0101100
+150 0 +148 0 +146 0 +145 0 *
Ve
1e-07
42.8670161121981 4.67807783497517 0
0 0

0101101
*
Ve
1e-07
43.4670161121981 4.67807783497517 0
0 0

0101101
*
Ed
 1e-07 1 1 0
1  1466 0 0 0.599999999999994
0

0101000
+143 0 -142 0 *
Ve
1e-07
43.4670161121981 5.27807783497518 0
0 0

0101101
*
Ed
 1e-07 1 1 0
1  1467 0 0 0.600000000000008
0

0101000
+142 0 -140 0 *
Ve
1e-07
42.8670161121981 5.27807783497518 0
0 0

0101101
*
Ed
 1e-07 1 1 0
1  1468 0 0 0.599999999999994
0

0101000
+140 0 -138 0 *
Ed
 1e-07 1 1 0
1  1469 0 0 0.600000000000008
0

0101000
+138 0 -143 0 *
Wi

0101100
+141 0 +139 0 +137 0 +136 0 *
Ve
1e-07
39.0692773075359 0.354203347352012 0
0 0

0101101
*
Ve
1e-07
39.9031084447819 0.354203347352012 0
0 0

0101101
*
Ed
 1e-07 1 1 0
1  1470 0 0 0.833831137245987
0

0101000
+134 0 -133 0 *
Ve
1e-07
39.9031084447819 2.20760051971395 0
0 0

0101101
*
Ed
 1e-07 1 1 0
1  1471 0 0 1.85339717236194
0

0101000
+133 0 -131 0 *
Ve
1e-07
39.0692773075359 2.20760051971395 0
0 0

0101101
*
Ed
 1e-07 1 1 0
1  1472 0 0 0.833831137245987
0

0101000
+131 0 -129 0 *
Ed
 1e-07 1 1 0
1  1473 0 0 1.85339717236194
0

0101000
+129 0 -134 0 *
Wi

0101100
+132 0 +130 0 +128 0 +127 0 *
Ve
1e-07
39.0695646041606 2.23260682616556 0
0 0

0101101
*
Ve
1e-07
39.9033957414066 2.23260682616556 0
0 0

0101101
*
Ed
 1e-07 1 1 0
1  1474 0 0 0.833831137245994
0

0101000
+125 0 -124 0 *
Ve
1e-07
39.9033957414066 4.0860039985275 0
0 0

0101101
*
Ed
 1e-07 1 1 0
1  1475 0 0 1.85339717236194
0

0101000
+124 0 -122 0 *
Ve
1e-07
39.0695646041606 4.0860039985275 0
0 0

0101101
*
Ed
 1e-07 1 1 0
1  1476 0 0 0.833831137245994
0

0101000
+122 0 -120 0 *
Ed
 1e-07 1 1 0
1  1477 0 0 1.85339717236194
0

0101000
+120 0 -125 0 *
Wi

0101100
+123 0 +121 0 +119 0 +118 0 *
Ve
1e-07
43.505699151992 0.36157133821132 0
0 0

0101101
*
Ve
1e-07
44.339530289238 0.36157133821132 0
0 0

0101101
*
Ed
 1e-07 1 1 0
1  1478 0 0 0.833831137246001
0

0101000
+116 0 -115 0 *
Ve
1e-07
44.339530289238 2.21496851057326 0
0 0

0101101
*
Ed
 1e-07 1 1 0
1  1479 0 0 1.85339717236194
0

0101000
+115 0 -113 0 *
Ve
1e-07
43.505699151992 2.21496851057326 0
0 0

0101101
*
Ed
 1e-07 1 1 0
1  1480 0 0 0.833831137246001
0

0101000
+113 0 -111 0 *
Ed
 1e-07 1 1 0
1  1481 0 0 1.85339717236194
0

0101000
+111 0 -116 0 *
Wi

0101100
+114 0 +112 0 +110 0 +109 0 *
Ve
1e-07
43.5042149526937 4.11555162318793 0
0 0

0101101
*
Ve
1e-07
44.3380460899397 4.11555162318793 0
0 0

0101101
*
Ed
 1e-07 1 1 0
1  1482 0 0 0.833831137245994
0

0101000
+107 0 -106 0 *
Ve
1e-07
44.3380460899397 5.96894879554986 0
0 0

0101101
*
Ed
 1e-07 1 1 0
1  1483 0 0 1.85339717236194
0

0101000
+106 0 -104 0 *
Ve
1e-07
43.5042149526937 5.96894879554986 0
0 0

0101101
*
Ed
 1e-07 1 1 0
1  1484 0 0 0.833831137245994
0

0101000
+104 0 -102 0 *
Ed
 1e-07 1 1 0
1  1485 0 0 1.85339717236194
0

0101000
+102 0 -107 0 *
Wi

0101100
+105 0 +103 0 +101 0 +100 0 *
Ve
1e-07
43.5059864486167 2.23997481702487 0
0 0

0101101
*
Ve
1e-07
44.3398175858627 2.23997481702487 0
0 0

0101101
*
Ed
 1e-07 1 1 0
1  1486 0 0 0.833831137245994
0

0101000
+98 0 -97 0 *
Ve
1e-07
44.3398175858627 4.09337198938681 0
0 0

0101101
*
Ed
 1e-07 1 1 0
1  1487 0 0 1.85339717236194
0

0101000
+97 0 -95 0 *
Ve
1e-07
43.5059864486167 4.09337198938681 0
0 0

0101101
*
Ed
 1e-07 1 1 0
1  1488 0 0 0.833831137245994
0

0101000
+95 0 -93 0 *
Ed
 1e-07 1 1 0
1  1489 0 0 1.85339717236194
0

0101000
+93 0 -98 0 *
Wi

0101100
+96 0 +94 0 +92 0 +91 0 *
Ve
1e-07
41.7900062503235 23.4813945355687 0
0 0

0101101
*
Ve
1e-07
41.7900062503235 22.690468081835 0
0 0

0101101
*
Ed
 1e-07 1 1 0
1  1490 0 0 0.790926453733768
0

0101000
+89 0 -88 0 *
Ve
1e-07
49.9720169809017 22.690468081835 0
0 0

0101101
*
Ed
 1e-07 1 1 0
1  1491 0 0 8.18201073057824
0

0101000
+88 0 -86 0 *
Ve
1e-07
49.9720169809017 27.1614191314541 0
0 0

0101101
*
Ed
 1e-07 1 1 0
1  1492 0 0 4.47095104961911
0

0101000
+86 0 -84 0 *
Ve
1e-07
49.2125237125787 27.1614191314541 0
0 0

0101101
*
Ed
 1e-07 1 1 0
1  1493 0 0 0.75949326832307
0

0101000
+84 0 -82 0 *
Ve
1e-07
49.2125237125787 23.4813945355687 0
0 0

0101101
*
Ed
 1e-07 1 1 0
1  1494 0 0 3.68002459588534
0

0101000
+82 0 -80 0 *
Ed
 1e-07 1 1 0
1  1495 0 0 7.42251746225517
0

0101000
+80 0 -89 0 *
Wi

0101100
+87 0 +85 0 +83 0 +81 0 +79 0 +78 0 *
Ve
1e-07
20.9583958719833 8.17830074840354 0
0 0

0101101
*
Ve
1e-07
20.9583958719833 8.27830074840355 0
0 0

0101101
*
Ed
 1e-07 1 1 0
1  1496 0 0 0.100000000000009
0

0101000
+76 0 -75 0 *
Ve
1e-07
26.1299365238798 8.27830074840355 0
0 0

0101101
*
Ed
 1e-07 1 1 0
1  1497 0 0 5.17154065189646
0

0101000
+75 0 -73 0 *
Ve
1e-07
26.1299365238798 8.17830074840354 0
0 0

0101101
*
Ed
 1e-07 1 1 0
1  1498 0 0 0.100000000000009
0

0101000
+73 0 -71 0 *
Ed
 1e-07 1 1 0
1  1499 0 0 5.17154065189646
0

0101000
+71 0 -76 0 *
Wi

0101100
+74 0 +72 0 +70 0 +69 0 *
Ve
1e-07
36.526686987487 20.630263680464 0
0 0

0101101
*
Ve
1e-07
36.526686987487 20.5303356754174 0
0 0

0101101
*
Ed
 1e-07 1 1 0
1  1500 0 0 0.0999280050465785
0

0101000
+67 0 -66 0 *
Ve
1e-07
33.6075326790825 20.530263680464 0
0 0

0101101
*
Ed
 1e-07 1 1 0
1  1501 0 0 2.91915430929233
0

0101000
+66 0 -64 0 *
Ve
1e-07
33.6075326790825 14.5753727681527 0
0 0

0101101
*
Ed
 1e-07 1 1 0
1  1502 0 0 5.95489091231127
0

0101000
+64 0 -62 0 *
Ve
1e-07
36.526686987487 14.5753727681527 0
0 0

0101101
*
Ed
 1e-07 1 1 0
1  1503 0 0 2.91915430840453
0

0101000
+62 0 -60 0 *
Ve
1e-07
36.526686987487 14.4753727681527 0
0 0

0101101
*
Ed
 1e-07 1 1 0
1  1504 0 0 0.0999999999999908
0

0101000
+60 0 -58 0 *
Ve
1e-07
33.5075326790825 14.4753727681527 0
0 0

0101101
*
Ed
 1e-07 1 1 0
1  1505 0 0 3.01915430840455
0

0101000
+58 0 -56 0 *
Ve
1e-07
33.5075326790825 20.630263680464 0
0 0

0101101
*
Ed
 1e-07 1 1 0
1  1506 0 0 6.15489091231127
0

0101000
+56 0 -54 0 *
Ed
 1e-07 1 1 0
1  1507 0 0 3.01915430840455
0

0101000
+54 0 -67 0 *
Wi

0101100
+65 0 +63 0 +61 0 +59 0 +57 0 +55 0 +53 0 +52 0 *
Ve
1e-07
38.0452698044636 18.0441313481151 0
0 0

0101101
*
Ve
1e-07
42.904844139893 18.0441313481151 0
0 0

0101101
*
Ed
 1e-07 1 1 0
1  1508 0 0 4.85957433542933
0

0101000
+50 0 -49 0 *
Ve
1e-07
42.904844139893 18.2750882418844 0
0 0

0101101
*
Ed
 1e-07 1 1 0
1  1509 0 0 0.23095689376936
0

0101000
+49 0 -47 0 *
Ve
1e-07
43.004844139893 18.2750882418844 0
0 0

0101101
*
Ed
 1e-07 1 1 0
1  1510 0 0 0.0999999999999943
0

0101000
+47 0 -45 0 *
Ve
1e-07
43.004844139893 14.4753727681527 0
0 0

0101101
*
Ed
 1e-07 1 1 0
1  1511 0 0 3.79971547373171
0

0101000
+45 0 -43 0 *
Ve
1e-07
39.5222422067152 14.4753727681527 0
0 0

0101101
*
Ed
 1e-07 1 1 0
1  1512 0 0 3.48260193317776
0

0101000
+43 0 -41 0 *
Ve
1e-07
39.5222422067152 14.5753727681527 0
0 0

0101101
*
Ed
 1e-07 1 1 0
1  1513 0 0 0.0999999999999908
0

0101000
+41 0 -39 0 *
Ve
1e-07
42.904844139893 14.5753727681527 0
0 0

0101101
*
Ed
 1e-07 1 1 0
1  1514 0 0 3.38260193317777
0

0101000
+39 0 -37 0 *
Ve
1e-07
42.904844139893 17.9441313481151 0
0 0

0101101
*
Ed
 1e-07 1 1 0
1  1515 0 0 3.36875857996236
0

0101000
+37 0 -35 0 *
Ve
1e-07
38.0452698044636 17.9441313481151 0
0 0

0101101
*
Ed
 1e-07 1 1 0
1  1516 0 0 4.85957433542933
0

0101000
+35 0 -33 0 *
Ve
1e-07
38.0416367950605 14.5753727538282 0
0 0

0101101
*
Ed
 1e-07 1 1 0
1  1517 0 0 3.36876055328054
0

0101000
+33 0 -31 0 *
Ve
1e-07
38.4552422067152 14.5753727681527 0
0 0

0101101
*
Ed
 1e-07 1 1 0
1  1518 0 0 0.413605411654679
0

0101000
+31 0 -29 0 *
Ve
1e-07
38.4552422067152 14.4753727681527 0
0 0

0101101
*
Ed
 1e-07 1 1 0
1  1519 0 0 0.0999999999999908
0

0101000
+29 0 -27 0 *
Ve
1e-07
37.593686987487 14.4753727681527 0
0 0

0101101
*
Ed
 1e-07 1 1 0
1  1520 0 0 0.861555219228158
0

0101000
+27 0 -25 0 *
Ve
1e-07
37.593686987487 14.5753727681527 0
0 0

0101101
*
Ed
 1e-07 1 1 0
1  1521 0 0 0.0999999999999908
0

0101000
+25 0 -23 0 *
Ve
1e-07
37.94166350021 14.5753727681527 0
0 0

0101101
*
Ed
 1e-07 1 1 0
1  1522 0 0 0.347976512723022
0

0101000
+23 0 -21 0 *
Ve
1e-07
37.9480383094343 20.5303707301324 0
0 0

0101101
*
Ed
 1e-07 1 1 0
1  1523 0 0 5.95500137408672
0

0101000
+21 0 -19 0 *
Ve
1e-07
37.593686987487 20.5303619907838 0
0 0

0101101
*
Ed
 1e-07 1 1 0
1  1524 0 0 0.354351322055032
0

0101000
+19 0 -17 0 *
Ve
1e-07
37.593686987487 20.630263680464 0
0 0

0101101
*
Ed
 1e-07 1 1 0
1  1525 0 0 0.0999016896801308
0

0101000
+17 0 -15 0 *
Ve
1e-07
43.004844139893 20.630263680464 0
0 0

0101101
*
Ed
 1e-07 1 1 0
1  1526 0 0 5.41115715240593
0

0101000
+15 0 -13 0 *
Ve
1e-07
43.004844139893 19.3420882418844 0
0 0

0101101
*
Ed
 1e-07 1 1 0
1  1527 0 0 1.28817543857957
0

0101000
+13 0 -11 0 *
Ve
1e-07
42.904844139893 19.3420882418844 0
0 0

0101101
*
Ed
 1e-07 1 1 0
1  1528 0 0 0.0999999999999943
0

0101000
+11 0 -9 0 *
Ve
1e-07
42.904844139893 20.530263680464 0
0 0

0101101
*
Ed
 1e-07 1 1 0
1  1529 0 0 1.18817543857956
0

0101000
+9 0 -7 0 *
Ve
1e-07
38.0480382521361 20.530263680464 0
0 0

0101101
*
Ed
 1e-07 1 1 0
1  1530 0 0 4.85680588775685
0

0101000
+7 0 -5 0 *
Ed
 1e-07 1 1 0
1  1531 0 0 2.48613387375925
0

0101000
+5 0 -50 0 *
Wi

0101100
+48 0 +46 0 +44 0 +42 0 +40 0 +38 0 +36 0 +34 0 +32 0 +30 0 
+28 0 +26 0 +24 0 +22 0 +20 0 +18 0 +16 0 +14 0 +12 0 +10 0 
+8 0 +6 0 +4 0 +3 0 *
Fa
0  1e-07 1 0

1111000
+2828 0 -2819 0 -2810 0 -2801 0 -2792 0 -2783 0 -2774 0 -2765 0 +2724 0 -2683 0 
-2674 0 -2665 0 -2656 0 -2647 0 -2638 0 -2629 0 -2620 0 -2611 0 -2602 0 -2593 0 
-2584 0 -2575 0 -2566 0 -2557 0 -2548 0 -2539 0 -2530 0 -2521 0 +2394 0 -2385 0 
-2376 0 -2367 0 -2358 0 -2349 0 -2340 0 -2331 0 -2322 0 -2313 0 -2304 0 -2295 0 
-2286 0 -2277 0 -2268 0 -2259 0 -2250 0 -2241 0 -2232 0 -2223 0 -2214 0 -2205 0 
-2196 0 -2187 0 -2178 0 -2169 0 -2160 0 -2151 0 -2142 0 -2133 0 -2124 0 -2115 0 
-2106 0 -2097 0 -2088 0 -2079 0 -2070 0 -2061 0 -2052 0 -2043 0 -2034 0 -2025 0 
-2016 0 -2007 0 -1998 0 -1989 0 -1980 0 -1971 0 -1962 0 -1953 0 -1944 0 -1935 0 
-1926 0 -1917 0 -1908 0 -1899 0 -1890 0 -1881 0 -1872 0 -1863 0 -1854 0 -1845 0 
-1836 0 -1827 0 -1818 0 -1809 0 -1800 0 -1791 0 -1782 0 -1773 0 -1764 0 -1755 0 
-1746 0 -1737 0 -1728 0 -1719 0 -1710 0 -1701 0 -1692 0 -1683 0 -1674 0 -1665 0 
-1656 0 -1647 0 -1638 0 -1629 0 -1620 0 -1611 0 -1602 0 -1593 0 -1584 0 -1575 0 
-1566 0 -1557 0 -1548 0 -1539 0 -1530 0 -1521 0 -1512 0 -1503 0 -1494 0 -1485 0 
-1476 0 -1467 0 -1458 0 -1449 0 -1440 0 -1431 0 -1422 0 -1413 0 -1404 0 -1395 0 
-1386 0 -1377 0 -1368 0 -1359 0 -1350 0 -1341 0 -1332 0 -1323 0 -1314 0 -1305 0 
-1296 0 -1287 0 -1278 0 -1269 0 -1260 0 -1251 0 -1242 0 -1233 0 -1224 0 -1215 0 
-1206 0 -1197 0 -1188 0 -1179 0 -1170 0 -1161 0 -1152 0 -1143 0 -1134 0 -1125 0 
-1116 0 -1107 0 -1098 0 -1089 0 -1080 0 -1071 0 -1062 0 -1053 0 -1044 0 -1035 0 
-1026 0 -1017 0 -1008 0 -999 0 -990 0 -981 0 -972 0 -963 0 -954 0 -945 0 
-936 0 -927 0 -918 0 -909 0 -900 0 -891 0 -882 0 -873 0 -864 0 -855 0 
-846 0 -837 0 -828 0 -819 0 -810 0 -801 0 -792 0 -783 0 -774 0 -765 0 
-756 0 -747 0 -738 0 -729 0 -720 0 -711 0 -702 0 -693 0 -684 0 -675 0 
-666 0 -657 0 -648 0 -639 0 -630 0 -621 0 -612 0 -603 0 -594 0 -585 0 
-576 0 -567 0 -558 0 -549 0 -540 0 -531 0 -522 0 -513 0 -504 0 -495 0 
-486 0 -477 0 -468 0 -459 0 -450 0 -441 0 -432 0 -423 0 -414 0 -405 0 
-396 0 -387 0 -378 0 -369 0 -360 0 -351 0 -342 0 -333 0 -324 0 -315 0 
-306 0 -297 0 -288 0 -279 0 -270 0 -261 0 -252 0 -243 0 -234 0 -225 0 
-216 0 -207 0 -198 0 -189 0 -180 0 -171 0 -162 0 -153 0 -144 0 -135 0 
-126 0 -117 0 -108 0 -99 0 -90 0 -77 0 +68 0 +51 0 +2 0 *

+1 0 