
CASCADE Topology V3, (c) Open Cascade
Locations 0
Curve2ds 0
Curves 1504
1 6.7367841460533544 28.55326464550761 0 1 0 0 
1 12.42483445286156 28.55326464550761 0 7.7084016751825746e-13 -1 0 
1 12.42483445286355 25.9722890503546 0 1 -2.131628207323361e-13 0 
1 12.52483445286153 25.972289050354579 0 0 1 0 
1 12.52483445286153 28.55326464550761 0 1 0 0 
1 15.10619833434636 28.55326464550761 0 0 -1 0 
1 15.10619833434636 22.411634748501619 0 1 0 0 
1 16.695264401290171 22.411634748501619 0 0 1 0 
1 16.695264401290171 22.51418789493837 0 -1 0 0 
1 15.20583497451449 22.51418789493837 0 0 1 0 
1 15.20583497451449 28.55581779194436 0 1 0 0 
1 17.94757744899194 28.55581779194436 0 0 -1 0 
1 17.94757744899194 22.51418789493837 0 -1 0 0 
1 17.762264401290139 22.51418789493837 0 1.0392797692438268e-13 -1 0 
1 17.76226440129015 22.411634748501619 0 1 0 0 
1 18.246584081180501 22.411634748501619 0 2.7714127179835382e-13 1 0 
1 18.246584081180529 22.51418789493837 0 -1 0 0 
1 18.047577448991941 22.51418789493837 0 0 1 0 
1 18.047577448991941 28.55581779194436 0 1 0 0 
1 20.789319923469389 28.55581779194436 0 0 -1 0 
1 20.789319923469389 22.51418789493837 0 -1 0 0 
1 19.313584081180501 22.51418789493837 0 4.8499722564711915e-13 -1 0 
1 19.313584081180551 22.411634748501619 0 1 0 0 
1 20.889683283301281 22.411634748501619 0 0 1 0 
1 20.889683283301281 28.55326464550761 0 1 0 0 
1 31.6897969144336 28.55326464550761 0 0 -1 0 
1 31.6897969144336 22.411634748501619 0 1 0 0 
1 33.212908704135643 22.411634748501619 0 0 1 0 
1 33.212908704135643 22.511634748501621 0 -1 0 0 
1 31.78979691443358 22.511634748501621 0 0 1 0 
1 31.78979691443358 28.55326464550761 0 1 0 0 
1 34.426878192733419 28.55326464550761 0 0 -1 0 
1 34.426878192733419 22.511634748501621 0 -1 0 0 
1 34.279908704135622 22.511634748501621 0 3.5527136788004504e-13 -1 0 
1 34.279908704135657 22.411634748501619 0 1 0 0 
1 34.685351745547393 22.411634748501619 0 0 1 0 
1 34.685351745547393 22.511634748501621 0 -1 0 0 
1 34.52687819273342 22.511634748501621 0 0 1 0 
1 34.52687819273342 28.55326464550761 0 1 0 0 
1 37.163959471033259 28.55326464550761 0 0 -1 0 
1 37.163959471033259 22.511634748501621 0 -1 0 0 
1 35.752351745547386 22.511634748501621 0 -7.1054273576009009e-14 -1 0 
1 35.752351745547379 22.411634748501619 0 1 0 0 
1 37.26395947103326 22.411634748501619 0 0 1 0 
1 37.26395947103326 28.5532646455076 0 1 7.8753732239278923e-16 0 
1 50.797465418432267 28.55326464550761 0 0 -1 0 
1 50.797465418432267 22.411634748501619 0 1 0 0 
1 52.27677822207562 22.411634748501619 0 0 1 0 
1 52.27677822207562 22.511634748501621 0 -1 0 0 
1 50.896947275602876 22.511634748501621 0 0 1 0 
1 50.896947275602876 28.55326464550761 0 1 0 0 
1 53.539695388847463 28.55326464550761 0 -3.5282336780289327e-15 -1 0 
1 53.539695388847441 22.511634748501621 0 -1 0 0 
1 53.343778222075613 22.511634748501621 0 7.1054273576009009e-14 -1 0 
1 53.34377822207562 22.411634748501619 0 1 0 0 
1 53.832446304958488 22.411634748501619 0 0 1 0 
1 53.832446304958488 22.511634748501631 0 -1 -5.5294891725761146e-14 0 
1 53.639695388847443 22.511634748501621 0 0 1 0 
1 53.639695388847443 28.55326464550761 0 1 0 0 
1 56.282443502092001 28.55326464550761 0 0 -1 0 
1 56.282443502092001 22.511634748501621 0 -1 0 0 
1 54.899446304958502 22.511634748501621 0 -3.5527136788004504e-13 -1 0 
1 54.899446304958467 22.411634748501619 0 1 0 0 
1 56.38296164492138 22.411634748501619 0 0 1 0 
1 56.38296164492138 28.55326464550761 0 1 0 0 
1 58.956213981207611 28.55326464550761 0 -8.2678087999667345e-15 -1 0 
1 58.95621398120759 25.97503834776246 0 1 -1.0658141036397565e-13 0 
1 59.056213981207627 25.97503834776245 0 0 1 0 
1 59.056213981207627 28.55326464550761 0 1 0 0 
1 64.605075687303895 28.55326464550761 0 0 -1 0 
1 64.605075687303895 24.6182865155731 0 -1 0 0 
1 59.056213981207627 24.6182865155731 0 0 1 0 
1 59.056213981207627 24.908038347762439 0 -1 0 0 
1 58.956213981207611 24.908038347762439 0 0 -1 0 
1 58.956213981207611 20.481528908832949 0 1 1.0658141036399837e-13 0 
1 59.056213981207627 20.48152890883296 0 0 1 0 
1 59.056213981207627 24.518286515573099 0 1 0 0 
1 64.605075687303895 24.518286515573099 0 2.641099148426372e-15 -1 0 
1 64.605075687303909 19.137627208000659 0 -1 0 0 
1 59.056213981207627 19.137627208000659 0 0 1 0 
1 59.056213981207627 19.41452890883297 0 -1 -2.1316282072799673e-13 0 
1 58.956213981207611 19.414528908832949 0 0 -1 0 
1 58.956213981207611 15.044475294843609 0 1 0 0 
1 59.056213981207627 15.044475294843609 0 0 1 0 
1 59.056213981207627 19.037627208000661 0 1 0 0 
1 64.605075687303895 19.037627208000661 0 2.6484067867549751e-15 -1 0 
1 64.605075687303909 13.671814529120541 0 -1 0 0 
1 59.056213981207627 13.671814529120541 0 0 1 0 
1 59.056213981207627 13.977475294843609 0 -1 0 0 
1 58.956213981207618 13.977475294843609 0 0 -1 0 
1 58.956213981207618 9.4551940363544418 0 1 -3.552713678800198e-14 0 
1 59.056213981207627 9.4551940363544382 0 0 1 0 
1 59.056213981207627 13.57181452912055 0 1 0 0 
1 64.605075687303895 13.57181452912055 0 0 -1 0 
1 64.605075687303895 8.0994674150702117 0 -1 0 0 
1 59.056213981207627 8.0994674150702117 0 0 1 0 
1 59.056213981207627 8.3881940363544381 0 -1 -3.5527136788009553e-14 0 
1 58.95621398120764 8.3881940363544345 0 -4.3615962676211034e-14 -1 0 
1 58.956213981207618 7.8994674150702204 0 1 0 0 
1 64.605075687303895 7.8994674150702204 0 0 -1 0 
1 64.605075687303895 0.0211666666666659 0 -1 0 0 
1 49.441628285946329 0.0211666666666659 0 -3.6637570482878294e-15 1 0 
1 49.441628285946308 5.8393150296332186 0 -0.99999999995175204 9.8232428204950638e-06 0 
1 45.27069164201373 5.8393560017566628 0 0 -1 0 
1 45.27069164201373 5.7392630136992437 0 1 0 0 
1 49.341628285946307 5.7392630136992437 0 0 -1 0 
1 49.341628285946307 0.0211666666666659 0 -1 0 0 
1 43.961005537509678 0.0211666666666659 0 0 1 0 
1 43.961005537509678 5.7392630136992437 0 1 0 0 
1 44.203691642013709 5.7392630136992437 0 2.1294249028852396e-13 1 0 
1 44.20369164201373 5.839366483156752 0 -0.99999999995175193 9.8232428189772993e-06 0 
1 39.7900688935771 5.8394098392447233 0 0 -1 0 
1 39.7900688935771 5.7392630136992437 0 1 0 0 
1 43.861005537509683 5.7392630136992437 0 0 -1 0 
1 43.861005537509683 0.0211666666666659 0 -1 0 0 
1 38.480382789073047 0.0211666666666659 0 0 1 0 
1 38.480382789073047 5.7392630136992437 0 1 0 0 
1 38.7230688935771 5.7392630136992437 0 0 1 0 
1 38.7230688935771 5.8394203206448134 0 -0.99999999995175204 9.8232428176701157e-06 0 
1 34.31862641775092 5.839463586552732 0 0 -1 0 
1 34.31862641775092 5.7392630136992437 0 1 0 0 
1 38.38038278907306 5.7392630136992437 0 -1.2426211323438758e-15 -1 0 
1 38.380382789073053 0.0211666666666659 0 -1 0 0 
1 33.008940313246853 0.0211666666666659 0 2.4852422646877516e-15 1 0 
1 33.008940313246868 5.7392630136992437 0 1 0 0 
1 33.25162641775092 5.7392630136992437 0 0 1 0 
1 33.25162641775092 5.8394740679528283 0 -0.99999999995175182 9.8232428202790789e-06 0 
1 28.82882339670385 5.8395175142208524 0 0 -1 0 
1 28.82882339670385 5.7392630136992437 0 1 0 0 
1 32.908940313246873 5.7392630136992437 0 0 -1 0 
1 32.908940313246873 0.0211666666666659 0 -1 0 0 
1 27.51913729219978 0.0211666666666659 0 3.7278633970316276e-15 1 0 
1 27.519137292199801 5.7392630136992437 0 1 0 0 
1 27.761823396703829 5.7392630136992437 0 4.2519894113078635e-13 1 0 
1 27.761823396703871 5.8395279956209478 0 -0.99999999995175204 9.8232428199947756e-06 0 
1 23.36656119348811 5.8395711713488296 0 0 -1 0 
1 23.36656119348811 5.7392630136992437 0 1 0 0 
1 27.419137292199778 5.7392630136992437 0 0 -1 0 
1 27.419137292199778 0.0211666666666659 0 -1 0 0 
1 22.056875088984039 0.0211666666666659 0 1.8639316985158138e-15 1 0 
1 22.05687508898405 5.7392630136992437 0 1 0 0 
1 22.299561193488071 5.7392630136992437 0 2.8331434417020307e-13 1 0 
1 22.299561193488099 5.8395816527489117 0 -0.99999999995175193 9.823242820587121e-06 0 
1 17.88593844505144 5.8396250088368902 0 1.0619698245121439e-13 -1 0 
1 17.885938445051451 5.7392630136992437 0 1 0 0 
1 21.956875088984031 5.7392630136992437 0 0 -1 0 
1 21.956875088984031 0.0211666666666659 0 -1 0 0 
1 16.576252340547409 0.0211666666666659 0 0 1 0 
1 16.576252340547409 5.7392630136992437 0 1 0 0 
1 16.818938445051479 5.7392630136992437 0 1.0618589282685744e-13 1 0 
1 16.81893844505149 5.8396354902369723 0 -0.99999999995175193 9.823242840595962e-06 0 
1 16.476252340547429 5.8396388565257951 0 0 -1 0 
1 16.476252340547429 0.0211666666666659 0 -1 0 0 
1 6.7349243126960969 0.0211666666666659 0 0.00014778769232414617 0.99999998907939891 0 
1 6.7360886285958541 7.8994674150702204 0 1 0 0 
1 12.52483445286153 7.8994674150702204 0 0 1 0 
1 12.52483445286153 8.161313369036975 0 -1 -2.1316282072805353e-13 0 
1 12.424834452861541 8.1613133690369537 0 0 -1 0 
1 12.424834452861541 7.999467415070221 0 -1 0 0 
1 6.7353931111383814 7.999467415070221 0 0.00017326797062152679 0.99999998498910503 0 
1 6.7358482065681526 10.62600838110933 0 1 -1.294536056449045e-10 0 
1 12.424834452861541 10.62600838037287 0 0 -1 0 
1 12.424834452861541 9.228313369036961 0 1 -2.1316282072805353e-13 0 
1 12.52483445286153 9.2283133690369397 0 0 1 0 
1 12.52483445286153 10.88785433433962 0 -1 -1.9539925233404908e-13 0 
1 12.424834452861541 10.8878543343396 0 0 -1 0 
1 12.424834452861541 10.726008380372869 0 -1 0 0 
1 6.7353931111383814 10.726008380372869 0 0.00017326797062152668 0.99999998498910503 0 
1 6.7358482065681526 13.35254934641198 0 1 -1.294536056449045e-10 0 
1 12.424834452861541 13.35254934567552 0 0 -1 0 
1 12.424834452861541 11.954854334339609 0 1 1.0658141036402677e-13 0 
1 12.52483445286153 11.95485433433962 0 0 1 0 
1 12.52483445286153 13.61439529964224 0 -1 1.9539925233404908e-13 0 
1 12.424834452861541 13.614395299642259 0 0 -1 0 
1 12.424834452861541 13.45254934567552 0 -1 1.8734707052846549e-15 0 
1 6.7358524974259977 13.45254934567553 0 0.00017490162411907742 0.99999998470471074 0 
1 6.7363118837136708 16.079090310978181 0 1 0 0 
1 12.424834452861541 16.079090310978181 0 0 -1 0 
1 12.424834452861541 14.68139529964226 0 1 1.0658141036402677e-13 0 
1 12.52483445286153 14.68139529964227 0 0 1 0 
1 12.52483445286153 16.340936264944919 0 -1 0 0 
1 12.424834452861541 16.340936264944919 0 0 -1 0 
1 12.424834452861541 16.179090310978172 0 -1 0 0 
1 6.7358396213739589 16.179090310978172 0 0.00013048186954998169 0.99999999148724084 0 
1 6.7361849767336999 18.825859229849229 0 1 -7.3428730762524779e-11 0 
1 12.424834452861541 18.825859229431519 0 0 -1 0 
1 12.424834452861541 17.407936264944912 0 1 7.1054273576017844e-14 0 
1 12.52483445286153 17.407936264944919 0 0 1 0 
1 12.52483445286153 19.087705183398249 0 -1 1.0658141036402677e-13 0 
1 12.424834452861541 19.08770518339826 0 0 -1 0 
1 12.424834452861541 18.92585922943152 0 -1 0 0 
1 6.7361882082571638 18.92585922943152 0 0.00013170280099778097 0.99999999132718609 0 
1 6.7365367951403412 21.572628147884881 0 1 -1.8736960823304178e-15 0 
1 12.424834452861541 21.57262814788487 0 0 -1 0 
1 12.424834452861541 20.154705183398249 0 1 0 0 
1 12.52483445286153 20.154705183398249 0 0 1 0 
1 12.52483445286153 21.834474101851612 0 -1 -1.0658141036402677e-13 0 
1 12.424834452861541 21.834474101851601 0 0 -1 0 
1 12.424834452861541 21.672628147884868 0 -1 0 0 
1 6.7362894442273271 21.672628147884868 0 8.2571234466724769e-05 0.99999999659099548 0 
1 6.7365347480858473 24.64344309655548 0 1 -2.9467607682267194e-11 0 
1 12.424834452861541 24.643443096387859 0 0 -1 0 
1 12.424834452861541 22.901474101851608 0 1 -3.9079850466809817e-13 0 
1 12.52483445286153 22.901474101851569 0 0 1 0 
1 12.52483445286153 24.9052890503546 0 -1 0 0 
1 12.424834452864379 24.9052890503546 0 6.8048734826851867e-13 -1 0 
1 12.42483445286449 24.74344309638786 0 -1 0 0 
1 6.7365367951432686 24.74344309638786 0 6.492453947655306e-05 0.99999999789240201 0 
1 39.497418070347187 7.900577321621931 0 7.1054273576009009e-14 1 0 
1 39.497418070347202 8.1005773216219339 0 1 0 0 
1 39.843386908457212 8.1005773216219339 0 0 1 0 
1 39.843386908457212 11.375476656729919 0 -1 0 0 
1 37.305987796385629 11.375476656729919 0 0 -1 0 
1 37.305987796385629 8.1005773216219339 0 1 0 0 
1 37.687418070347178 8.1005773216219339 0 0 -1 0 
1 37.687418070347178 7.900577321621931 0 -1 0 0 
1 33.420181093325738 7.900577321621931 0 -1.4210854715201802e-13 1 0 
1 33.420181093325724 8.0005773216219325 0 1 0 0 
1 37.105987796385627 8.0005773216219325 0 0 1 0 
1 37.105987796385627 11.475476656729921 0 -1 0 0 
1 23.439759368380759 11.475476656729921 0 0 -1 0 
1 23.439759368380759 8.0005773216219218 0 1 0 0 
1 25.096226859856671 8.0005773216219218 0 0 -1 0 
1 25.096226859856671 7.9005773216219346 0 -1 0 0 
1 23.339759368380761 7.9005773216219346 0 0 1 0 
1 23.339759368380761 11.57547665672992 0 1 0 0 
1 40.35881565129192 11.57547665672992 0 -2.8421709430404108e-13 -1 0 
1 40.358815651291891 11.475476656729921 0 -1 0 0 
1 40.043386908457222 11.475476656729921 0 0 -1 0 
1 40.043386908457222 8.0005773216219218 0 1 0 0 
1 44.377517786821663 8.0005773216219218 0 0 1 0 
1 44.377517786821663 11.475476656729921 0 -1 0 0 
1 41.425815651291877 11.475476656729921 0 0 1 0 
1 41.425815651291877 11.575476656729929 0 1 0 0 
1 44.778984221562418 11.575476656729929 0 0 -1 0 
1 44.778984221562418 11.475476656729921 0 -1 0 0 
1 44.477517786821657 11.475476656729921 0 0 -1 0 
1 44.477517786821657 8.0005773216219218 0 1 0 0 
1 49.340698369267677 8.0005773216219218 0 0 1 0 
1 49.340698369267677 11.475476656729921 0 -1 0 0 
1 45.845984221562439 11.475476656729921 0 1.4210854715200792e-13 1 0 
1 45.845984221562453 11.575476656729929 0 1 0 0 
1 49.440698369267693 11.575476656729929 0 0 -1 0 
1 49.440698369267693 7.900577321621931 0 -1 0 0 
1 26.90622685985668 8.0005773216219325 0 1 0 0 
1 31.610181093325721 8.0005773216219325 0 0 -1 0 
1 31.610181093325721 7.9005773216219346 0 -1 0 0 
1 26.90622685985668 7.9005773216219346 0 0 1 0 
1 23.959542134068361 19.19408803554175 0 0 -1 0 
1 23.959542134068361 19.094088035541748 0 -1 0 0 
1 23.439759368380759 19.094088035541748 0 0 -1 0 
1 23.439759368380759 14.29720365302483 0 1 0 0 
1 31.653792598401289 14.29720365302483 0 0 1 0 
1 31.653792598401289 19.094088035541748 0 -1 0 0 
1 30.172208800735071 19.094088035541748 0 -3.9079850466804955e-13 1 0 
1 30.172208800735032 19.19408803554175 0 1 0 0 
1 33.085379524527418 19.19408803554175 0 -2.8421709430403604e-13 -1 0 
1 33.08537952452739 19.094088035541748 0 -1 0 0 
1 31.753792598401269 19.094088035541748 0 0 -1 0 
1 31.753792598401269 14.29720365302483 0 1 -2.70848935143953e-15 0 
1 35.688879524527387 14.29720365302482 0 0 -1 0 
1 35.688879524527387 14.197203653024831 0 -1 0 0 
1 23.339759368380761 14.197203653024831 0 0 1 0 
1 23.339759368380761 19.19408803554175 0 1 0 0 
1 36.75587952452738 19.19408803554175 0 1 0 0 
1 37.205987796385642 19.19408803554175 0 0 -1 0 
1 37.205987796385642 14.197203653024831 0 -1 0 0 
1 36.755879524527387 14.197203653024831 0 -7.1054273576017844e-14 1 0 
1 36.75587952452738 14.29720365302482 0 1 0 0 
1 37.105987796385627 14.29720365302482 0 0 1 0 
1 37.105987796385627 19.094088035541748 0 -1 0 0 
1 36.755879524527387 19.094088035541748 0 -7.1054273576009009e-14 1 0 
1 43.082147866891098 19.19408803554175 0 -2.1309440706211761e-13 -1 0 
1 43.082147866891077 19.09405593067947 0 -0.9999999996958695 -2.4662948853693613e-05 0 
1 40.043386908457222 19.093980985873351 0 0 -1 0 
1 40.043386908457222 14.297649341371089 0 1 0 0 
1 43.075773057666858 14.297649341371089 0 0 -1 0 
1 43.075773057666858 14.19764934137109 0 -1 -3.4025629436175083e-15 0 
1 39.943386908457207 14.197649341371079 0 0 1 0 
1 39.943386908457207 19.19408803554175 0 1 0 0 
1 44.149147866891091 19.19408803554175 0 -1.4210032025989164e-13 -1 0 
1 44.149147866891077 19.094082246045911 0 0.99999999969586939 2.4662948847113563e-05 0 
1 44.383892538809 19.094088035541748 0 -0.0013290701706787996 -0.99999911678585074 0 
1 44.377517729584767 14.297649341371089 0 -1 0 0 
1 44.142773057666894 14.297649341371089 0 0 -1 0 
1 44.142773057666894 14.197649341371079 0 1 0 0 
1 49.440698369267693 14.197649341371079 0 0 1 0 
1 49.440698369267693 19.19408803554175 0 -1 0 0 
1 45.79081013834243 19.19408803554175 0 0 -1 0 
1 45.79081013834243 19.094088035541748 0 1 0 0 
1 49.340698369267677 19.094088035541748 0 0 -1 0 
1 49.340698369267677 14.297649341371089 0 -1 -5.8909521773270275e-09 0 
1 44.477464261987443 14.29764931272201 0 0.00076301835529931522 0.99999970890145251 0 
1 44.481124033838377 19.094088035541748 0 1 0 0 
1 44.723810138342451 19.094088035541748 0 -4.2632564145605405e-13 1 0 
1 44.723810138342408 19.19408803554175 0 -1 0 0 
1 51.82804087623164 14.23729162381353 0 0 1 0 
1 51.82804087623164 17.584049774991431 0 1 0 0 
1 56.182031728242762 17.584049774991431 0 0 -1 0 
1 56.182031728242762 8.1005773216219374 0 -1 -3.2638687581619432e-15 0 
1 51.82804087623164 8.1005773216219232 0 0 1 0 
1 51.82804087623164 13.170291623813529 0 -1 0 0 
1 51.628040876231651 13.170291623813529 0 0 -1 0 
1 51.628040876231651 7.9005773216219168 0 1 0 0 
1 56.382031728242751 7.9005773216219168 0 0 1 0 
1 56.382031728242751 20.35254025368236 0 -1 0 0 
1 51.628040876231651 20.35254025368236 0 0 -1 0 
1 51.628040876231651 19.06436481510281 0 1 -2.1316282072810276e-13 0 
1 51.728040876231617 19.064364815102788 0 0 1 0 
1 51.728040876231617 20.252540253682351 0 1 0 0 
1 56.282031728242757 20.252540253682351 0 0 -1 0 
1 56.282031728242757 17.78404977499142 0 -1 0 0 
1 51.728040876231617 17.78404977499142 0 0 1 0 
1 51.728040876231617 17.997364815102799 0 -1 0 0 
1 51.628040876231651 17.997364815102799 0 0 -1 0 
1 51.628040876231651 14.23729162381353 0 1 0 0 
1 19.59899643153252 14.23729162381353 0 0 1 0 
1 19.59899643153252 17.584049774991431 0 -1 0 0 
1 15.245005579521401 17.584049774991431 0 0 -1 0 
1 15.245005579521401 8.1005773216219374 0 1 -3.263868758161946e-15 0 
1 19.59899643153252 8.1005773216219232 0 0 1 0 
1 19.59899643153252 13.170291623813529 0 1 0 0 
1 19.798996431532512 13.170291623813529 0 0 -1 0 
1 19.798996431532512 7.9005773216219168 0 -1 0 0 
1 15.045005579521399 7.9005773216219168 0 0 1 0 
1 15.045005579521399 20.35254025368236 0 1 0 0 
1 19.798996431532512 20.35254025368236 0 0 -1 0 
1 19.798996431532512 19.06436481510281 0 -1 -2.1316282072804975e-13 0 
1 19.698996431532521 19.064364815102788 0 0 1 0 
1 19.698996431532521 20.252540253682351 0 -1 0 0 
1 15.145005579521399 20.252540253682351 0 0 -1 0 
1 15.145005579521399 17.78404977499142 0 1 0 0 
1 19.698996431532521 17.78404977499142 0 0 1 0 
1 19.698996431532521 17.997364815102799 0 1 0 0 
1 19.798996431532512 17.997364815102799 0 0 -1 0 
1 19.798996431532512 14.23729162381353 0 -1 0 0 
1 27.917128684310509 25.242753059355401 0 1 0 0 
1 29.940935161952751 25.242753059355401 0 0 1 0 
1 29.940935161952751 27.228646888429719 0 -1 0 0 
1 27.917128684310509 27.228646888429719 0 0 -1 0 
1 22.413795350977178 25.242753059355401 0 1 0 0 
1 24.43760182861941 25.242753059355401 0 0 1 0 
1 24.43760182861941 27.228646888429719 0 -1 0 0 
1 22.413795350977178 27.228646888429719 0 0 -1 0 
1 33.434295350977187 15.72459680935542 0 1 0 0 
1 35.458101828619426 15.72459680935542 0 0 1 0 
1 35.458101828619426 17.710490638429739 0 -1 0 0 
1 33.434295350977187 17.710490638429739 0 0 -1 0 
1 30.700852075655671 16.164092801611311 0 0 1 0 
1 30.700852075655671 17.227498865312018 0 -1 0 0 
1 24.4724812576777 17.227498865312018 0 0 -1 0 
1 24.4724812576777 16.164092801611311 0 1 0 0 
1 61.596036716483447 4.9058527479653833 0 1 0 0 
1 63.6198431941257 4.9058527479653833 0 0 1 0 
1 63.6198431941257 6.8917465770396973 0 -1 0 0 
1 61.596036716483447 6.8917465770396973 0 0 -1 0 
1 8.3686114153230662 1.6248875557355551 0 1 0 0 
1 10.392417892965319 1.6248875557355551 0 0 1 0 
1 10.392417892965319 3.6107813848098691 0 -1 0 0 
1 8.3686114153230662 3.6107813848098691 0 0 -1 0 
1 12.60194474865639 1.6248875557355551 0 1 0 0 
1 14.62575122629864 1.6248875557355551 0 0 1 0 
1 14.62575122629864 3.6107813848098691 0 -1 0 0 
1 12.60194474865639 3.6107813848098691 0 0 -1 0 
1 57.362703383150127 0.99001941463205156 0 1 0 0 
1 59.386509860792373 0.99001941463205156 0 0 1 0 
1 59.386509860792373 2.975913243706366 0 -1 0 0 
1 57.362703383150127 2.975913243706366 0 0 -1 0 
1 61.596036716483447 0.99001941463205156 0 1 0 0 
1 63.6198431941257 0.99001941463205156 0 0 1 0 
1 63.6198431941257 2.975913243706366 0 -1 0 0 
1 61.596036716483447 2.975913243706366 0 0 -1 0 
1 48.347712020271743 0.20082556263885459 0 1 0 0 
1 49.181543157517737 0.20082556263885459 0 0 1 0 
1 49.181543157517737 5.3590868426957314 0 -1 0 0 
1 48.347712020271743 5.3590868426957314 0 0 -1 0 
1 44.101790175815623 0.20082556263885459 0 1 0 0 
1 44.935621313061617 0.20082556263885459 0 0 1 0 
1 44.935621313061617 4.6436222423826976 0 -1 0 0 
1 44.101790175815623 4.6436222423826976 0 0 -1 0 
1 42.865545353605057 0.20082556263885459 0 1 0 0 
1 43.699376490851051 0.20082556263885459 0 0 1 0 
1 43.699376490851051 5.3590868426957314 0 -1 0 0 
1 42.865545353605057 5.3590868426957314 0 0 -1 0 
1 38.619623509148958 0.20082556263885459 0 1 0 0 
1 39.45345464639496 0.20082556263885459 0 0 1 0 
1 39.45345464639496 4.6436222423826976 0 -1 0 0 
1 38.619623509148958 4.6436222423826976 0 0 -1 0 
1 37.40454535360508 0.20082556263885459 0 1 0 0 
1 38.23837649085106 0.20082556263885459 0 0 1 0 
1 38.23837649085106 5.3590868426957314 0 -1 0 0 
1 37.40454535360508 5.3590868426957314 0 0 -1 0 
1 33.15862350914896 0.20082556263885459 0 1 0 0 
1 33.992454646394947 0.20082556263885459 0 0 1 0 
1 33.992454646394947 4.6436222423826976 0 -1 0 0 
1 33.15862350914896 4.6436222423826976 0 0 -1 0 
1 31.901212020271739 0.20082556263885459 0 1 0 0 
1 32.735043157517737 0.20082556263885459 0 0 1 0 
1 32.735043157517737 5.3590868426957314 0 -1 0 0 
1 31.901212020271739 5.3590868426957314 0 0 -1 0 
1 27.65529017581563 0.20082556263885459 0 1 0 0 
1 28.489121313061609 0.20082556263885459 0 0 1 0 
1 28.489121313061609 4.6436222423826976 0 -1 0 0 
1 27.65529017581563 4.6436222423826976 0 0 -1 0 
1 26.44021202027173 0.20082556263885459 0 1 0 0 
1 27.27404315751772 0.20082556263885459 0 0 1 0 
1 27.27404315751772 5.3590868426957314 0 -1 0 0 
1 26.44021202027173 5.3590868426957314 0 0 -1 0 
1 22.19429017581562 0.20082556263885459 0 1 0 0 
1 23.028121313061622 0.20082556263885459 0 0 1 0 
1 23.028121313061622 4.6436222423826976 0 -1 0 0 
1 22.19429017581562 4.6436222423826976 0 0 -1 0 
1 20.958045353605069 0.20082556263885459 0 1 0 0 
1 21.79187649085106 0.20082556263885459 0 0 1 0 
1 21.79187649085106 5.3590868426957314 0 -1 0 0 
1 20.958045353605069 5.3590868426957314 0 0 -1 0 
1 16.712123509148959 0.20082556263885459 0 1 0 0 
1 17.54595464639495 0.20082556263885459 0 0 1 0 
1 17.54595464639495 4.6436222423826976 0 -1 0 0 
1 16.712123509148959 4.6436222423826976 0 0 -1 0 
1 49.501682815512503 3.3229881904200909 0 1 0 0 
1 49.918598384135471 3.3229881904200909 0 0 1 0 
1 49.918598384135471 5.6529876641200687 0 -1 0 0 
1 49.501682815512503 5.6529876641200687 0 0 -1 0 
1 49.501682815512503 0.069856062412846101 0 1 0 0 
1 49.918598384135471 0.069856062412846101 0 0 1 0 
1 49.918598384135471 2.399855536112824 0 -1 0 0 
1 49.501682815512503 2.399855536112824 0 0 -1 0 
1 55.200983355091587 3.336729412606239 0 1 0 0 
1 55.617898923714591 3.336729412606239 0 0 1 0 
1 55.617898923714591 5.6667288863062169 0 -1 0 0 
1 55.200983355091587 5.6667288863062169 0 0 -1 0 
1 55.200983355091587 0.083597284598994306 0 1 0 0 
1 55.617898923714591 0.083597284598994306 0 0 1 0 
1 55.617898923714591 2.4135967582989721 0 -1 0 0 
1 55.200983355091587 2.4135967582989721 0 0 -1 0 
1 52.336286745566248 0.083597284598994306 0 1 0 0 
1 52.753202314189217 0.083597284598994306 0 0 1 0 
1 52.753202314189217 2.4135967582989721 0 -1 0 0 
1 52.336286745566248 2.4135967582989721 0 0 -1 0 
1 52.336286745566248 3.336729412606239 0 1 0 0 
1 52.753202314189217 3.336729412606239 0 0 1 0 
1 52.753202314189217 5.6667288863062169 0 -1 0 0 
1 52.336286745566248 5.6667288863062169 0 0 -1 0 
1 6.8356394326553778 8.0954291737700146 0 1 0 0 
1 8.6890366050173302 8.0954291737700146 0 0 1 0 
1 8.6890366050173302 8.9292603110160087 0 -1 0 0 
1 6.8356394326553778 8.9292603110160087 0 0 -1 0 
1 9.4779083213020225 10.09531945033013 0 1 0 0 
1 12.31735435650878 10.09531945033013 0 0 1 0 
1 12.31735435650878 10.512235018953129 0 -1 0 0 
1 9.4779083213020225 10.512235018953129 0 0 -1 0 
1 9.4779083213020225 12.82186041563279 0 1 0 0 
1 12.31735435650878 12.82186041563279 0 0 1 0 
1 12.31735435650878 13.23877598425578 0 -1 0 0 
1 9.4779083213020225 13.23877598425578 0 0 -1 0 
1 9.4779083213020225 15.54840138093544 0 1 0 0 
1 12.31735435650878 15.54840138093544 0 0 1 0 
1 12.31735435650878 15.96531694955844 0 -1 0 0 
1 9.4779083213020225 15.96531694955844 0 0 -1 0 
1 9.4779083213020225 18.295170299388779 0 1 0 0 
1 12.31735435650878 18.295170299388779 0 0 1 0 
1 12.31735435650878 18.71208586801178 0 -1 0 0 
1 9.4779083213020225 18.71208586801178 0 0 -1 0 
1 9.4779083213020225 21.041939217842131 0 1 0 0 
1 12.31735435650878 21.041939217842131 0 0 1 0 
1 12.31735435650878 21.458854786465128 0 -1 0 0 
1 9.4779083213020225 21.458854786465128 0 0 -1 0 
1 9.4779083213020225 24.11275416634512 0 1 0 0 
1 12.31735435650878 24.11275416634512 0 0 1 0 
1 12.31735435650878 24.52966973496812 0 -1 0 0 
1 9.4779083213020225 24.52966973496812 0 0 -1 0 
1 9.477908321302051 28.022575715464871 0 1 0 0 
1 12.317354356508799 28.022575715464871 0 0 1 0 
1 12.317354356508799 28.439491284087872 0 -1 0 0 
1 9.477908321302051 28.439491284087872 0 0 -1 0 
1 6.811504035512784 24.838769140102631 0 1 0 0 
1 8.6649012078747365 24.838769140102631 0 0 1 0 
1 8.6649012078747365 25.672600277348629 0 -1 0 0 
1 6.811504035512784 25.672600277348629 0 0 -1 0 
1 6.8015017545419756 21.746597633032909 0 1 0 0 
1 8.6548989269039271 21.746597633032909 0 0 1 0 
1 8.6548989269039271 22.58042877027891 0 -1 0 0 
1 6.8015017545419756 22.58042877027891 0 0 -1 0 
1 6.7982537180549034 10.78928352478122 0 1 0 0 
1 8.651650890416855 10.78928352478122 0 0 1 0 
1 8.651650890416855 11.623114662027209 0 -1 0 0 
1 6.7982537180549034 11.623114662027209 0 0 -1 0 
1 6.7982537180549034 13.515824490083871 0 1 0 0 
1 8.651650890416855 13.515824490083871 0 0 1 0 
1 8.651650890416855 14.34965562732987 0 -1 0 0 
1 6.7982537180549034 14.34965562732987 0 0 -1 0 
1 6.7982537180549034 16.262593408537221 0 1 0 0 
1 8.651650890416855 16.262593408537221 0 0 1 0 
1 8.651650890416855 17.096424545783211 0 -1 0 0 
1 6.7982537180549034 17.096424545783211 0 0 -1 0 
1 6.7982537180549034 19.009362326990569 0 1 0 0 
1 8.651650890416855 19.009362326990569 0 0 1 0 
1 8.651650890416855 19.84319346423656 0 -1 0 0 
1 6.7982537180549034 19.84319346423656 0 0 -1 0 
1 17.065588286795752 26.664259289446839 0 1 0 0 
1 17.899419424041731 26.664259289446839 0 0 1 0 
1 17.899419424041731 28.51765646180878 0 -1 0 0 
1 17.065588286795752 28.51765646180878 0 0 -1 0 
1 15.256944117967199 22.553782200517819 0 1 0 0 
1 15.6738596865902 22.553782200517819 0 0 1 0 
1 15.6738596865902 23.654255365817551 0 -1 0 0 
1 15.256944117967199 23.654255365817551 0 0 -1 0 
1 20.750044531146202 22.553782200517819 0 -1 0 0 
1 20.333128962523212 22.553782200517819 0 0 1 0 
1 20.333128962523212 23.654255365817551 0 1 0 0 
1 20.750044531146202 23.654255365817551 0 0 -1 0 
1 18.926031571238159 26.661547149844569 0 -1 0 0 
1 18.092200433992179 26.661547149844569 0 0 1 0 
1 18.092200433992179 28.514944322206521 0 1 0 0 
1 18.926031571238159 28.514944322206521 0 0 -1 0 
1 33.543794270401939 26.664259289446839 0 1 0 0 
1 34.377625407647919 26.664259289446839 0 0 1 0 
1 34.377625407647919 28.51765646180878 0 -1 0 0 
1 33.543794270401939 28.51765646180878 0 0 -1 0 
1 35.404237554844357 26.661547149844569 0 -1 0 0 
1 34.570406417598377 26.661547149844569 0 0 1 0 
1 34.570406417598377 28.514944322206521 0 1 0 0 
1 35.404237554844357 28.514944322206521 0 0 -1 0 
1 31.85250673512542 22.552613655945741 0 1 0 0 
1 32.269422303748406 22.552613655945741 0 0 1 0 
1 32.269422303748406 23.65308682124547 0 -1 0 0 
1 31.85250673512542 23.65308682124547 0 0 -1 0 
1 37.097226305422467 22.560740872433239 0 -1 0 0 
1 36.680310736799477 22.560740872433239 0 0 1 0 
1 36.680310736799477 23.661214037732961 0 1 0 0 
1 37.097226305422467 23.661214037732961 0 0 -1 0 
1 52.649276309077457 26.664259289446839 0 1 0 0 
1 53.483107446323437 26.664259289446839 0 0 1 0 
1 53.483107446323437 28.51765646180878 0 -1 0 0 
1 52.649276309077457 28.51765646180878 0 0 -1 0 
1 50.95798877380097 22.552613655945741 0 1 0 0 
1 51.37490434242396 22.552613655945741 0 0 1 0 
1 51.37490434242396 23.65308682124547 0 -1 0 0 
1 50.95798877380097 23.65308682124547 0 0 -1 0 
1 56.202708344098021 22.560740872433239 0 -1 0 0 
1 55.785792775475031 22.560740872433239 0 0 1 0 
1 55.785792775475031 23.661214037732961 0 1 0 0 
1 56.202708344098021 23.661214037732961 0 0 -1 0 
1 54.528704570735748 26.65883501024231 0 -1 0 0 
1 53.694873433489768 26.65883501024231 0 0 1 0 
1 53.694873433489768 28.512232182604262 0 1 0 0 
1 54.528704570735748 28.512232182604262 0 0 -1 0 
1 48.114392493712387 26.616271929313481 0 1 0 0 
1 48.948223630958402 26.616271929313481 0 0 1 0 
1 48.948223630958402 28.469669101675429 0 -1 0 0 
1 48.114392493712387 28.469669101675429 0 0 -1 0 
1 48.114392493712387 24.746520426285119 0 1 0 0 
1 48.948223630958402 24.746520426285119 0 0 1 0 
1 48.948223630958402 26.59991759864705 0 -1 0 0 
1 48.114392493712387 26.59991759864705 0 0 -1 0 
1 48.114392493712387 22.870112148714529 0 1 0 0 
1 48.948223630958402 22.870112148714529 0 0 1 0 
1 48.948223630958402 24.72350932107647 0 -1 0 0 
1 48.114392493712387 24.72350932107647 0 0 -1 0 
1 48.090970917044878 26.616271929313481 0 -1 0 0 
1 47.257139779798898 26.616271929313481 0 0 1 0 
1 47.257139779798898 28.469669101675429 0 1 0 0 
1 48.090970917044878 28.469669101675429 0 0 -1 0 
1 48.090970917044878 24.746520426285119 0 -1 0 0 
1 47.257139779798898 24.746520426285119 0 0 1 0 
1 47.257139779798898 26.59991759864705 0 1 0 0 
1 48.090970917044878 26.59991759864705 0 0 -1 0 
1 48.090970917044878 22.870112148714529 0 -1 0 0 
1 47.257139779798898 22.870112148714529 0 0 1 0 
1 47.257139779798898 24.72350932107647 0 1 0 0 
1 48.090970917044878 24.72350932107647 0 0 -1 0 
1 43.976833664702731 26.616271929313481 0 1 0 0 
1 44.810664801948732 26.616271929313481 0 0 1 0 
1 44.810664801948732 28.469669101675429 0 -1 0 0 
1 43.976833664702731 28.469669101675429 0 0 -1 0 
1 43.976833664702731 24.746520426285119 0 1 0 0 
1 44.810664801948732 24.746520426285119 0 0 1 0 
1 44.810664801948732 26.59991759864705 0 -1 0 0 
1 43.976833664702731 26.59991759864705 0 0 -1 0 
1 43.976833664702731 22.870112148714529 0 1 0 0 
1 44.810664801948732 22.870112148714529 0 0 1 0 
1 44.810664801948732 24.72350932107647 0 -1 0 0 
1 43.976833664702731 24.72350932107647 0 0 -1 0 
1 43.95341208803525 26.616271929313481 0 -1 0 0 
1 43.119580950789249 26.616271929313481 0 0 1 0 
1 43.119580950789249 28.469669101675429 0 1 0 0 
1 43.95341208803525 28.469669101675429 0 0 -1 0 
1 43.95341208803525 24.746520426285119 0 -1 0 0 
1 43.119580950789249 24.746520426285119 0 0 1 0 
1 43.119580950789249 26.59991759864705 0 1 0 0 
1 43.95341208803525 26.59991759864705 0 0 -1 0 
1 43.95341208803525 22.870112148714529 0 -1 0 0 
1 43.119580950789249 22.870112148714529 0 0 1 0 
1 43.119580950789249 24.72350932107647 0 1 0 0 
1 43.95341208803525 24.72350932107647 0 0 -1 0 
1 39.964714523839604 26.616271929313481 0 1 0 0 
1 40.798545661085591 26.616271929313481 0 0 1 0 
1 40.798545661085591 28.469669101675429 0 -1 0 0 
1 39.964714523839604 28.469669101675429 0 0 -1 0 
1 39.964714523839604 24.746520426285119 0 1 0 0 
1 40.798545661085591 24.746520426285119 0 0 1 0 
1 40.798545661085591 26.59991759864705 0 -1 0 0 
1 39.964714523839604 26.59991759864705 0 0 -1 0 
1 39.964714523839604 22.870112148714529 0 1 0 0 
1 40.798545661085591 22.870112148714529 0 0 1 0 
1 40.798545661085591 24.72350932107647 0 -1 0 0 
1 39.964714523839604 24.72350932107647 0 0 -1 0 
1 39.941292947172087 26.616271929313481 0 -1 0 0 
1 39.1074618099261 26.616271929313481 0 0 1 0 
1 39.1074618099261 28.469669101675429 0 1 0 0 
1 39.941292947172087 28.469669101675429 0 0 -1 0 
1 39.941292947172087 24.746520426285119 0 -1 0 0 
1 39.1074618099261 24.746520426285119 0 0 1 0 
1 39.1074618099261 26.59991759864705 0 1 0 0 
1 39.941292947172087 26.59991759864705 0 0 -1 0 
1 39.941292947172087 22.870112148714529 0 -1 0 0 
1 39.1074618099261 22.870112148714529 0 0 1 0 
1 39.1074618099261 24.72350932107647 0 1 0 0 
1 39.941292947172087 24.72350932107647 0 0 -1 0 
1 59.120790609275012 12.421865092757839 0 1 0 0 
1 59.537706177898002 12.421865092757839 0 0 1 0 
1 59.537706177898002 13.522338258057561 0 -1 0 0 
1 59.120790609275012 13.522338258057561 0 0 -1 0 
1 62.691495588419443 12.680066871937299 0 1 0 0 
1 64.544892760781352 12.680066871937299 0 0 1 0 
1 64.544892760781352 13.513898009183279 0 -1 0 0 
1 62.691495588419443 13.513898009183279 0 0 -1 0 
1 63.725887485050009 9.0075699979231807 0 1 0 0 
1 64.559718622295961 9.0075699979231807 0 0 1 0 
1 64.559718622295961 10.860967170285139 0 -1 0 0 
1 63.725887485050009 10.860967170285139 0 0 -1 0 
1 61.230018292904717 8.1483666340203733 0 1 0 0 
1 64.560090836365305 8.1483666340203733 0 0 1 0 
1 64.560090836365305 8.5652822026433775 0 -1 0 0 
1 61.230018292904717 8.5652822026433775 0 0 -1 0 
1 63.725887485050009 14.57991711197351 0 1 0 0 
1 64.559718622295961 14.57991711197351 0 0 1 0 
1 64.559718622295961 16.43331428433547 0 -1 0 0 
1 63.725887485050009 16.43331428433547 0 0 -1 0 
1 61.230018292904717 13.720713748070709 0 1 0 0 
1 64.560090836365305 13.720713748070709 0 0 1 0 
1 64.560090836365305 14.137629316693721 0 -1 0 0 
1 61.230018292904717 14.137629316693721 0 0 -1 0 
1 63.725887485050023 20.045729790853631 0 1 0 0 
1 64.559718622296003 20.045729790853631 0 0 1 0 
1 64.559718622296003 21.899126963215579 0 -1 0 0 
1 63.725887485050023 21.899126963215579 0 0 -1 0 
1 61.230018292904731 19.18652642695082 0 1 0 0 
1 64.560090836365319 19.18652642695082 0 0 1 0 
1 64.560090836365319 19.603441995573831 0 -1 0 0 
1 61.230018292904731 19.603441995573831 0 0 -1 0 
1 59.11555430053825 27.399088659151811 0 1 0 0 
1 59.532469869161218 27.399088659151811 0 0 1 0 
1 59.532469869161218 28.499561824451519 0 -1 0 0 
1 59.11555430053825 28.499561824451519 0 0 -1 0 
1 62.686259279682673 27.65729043833127 0 1 0 0 
1 64.539656452044582 27.65729043833127 0 0 1 0 
1 64.539656452044582 28.49112157557725 0 -1 0 0 
1 62.686259279682673 28.49112157557725 0 0 -1 0 
1 61.236524352189107 24.670203153394059 0 1 0 0 
1 64.56659689564971 24.670203153394059 0 0 1 0 
1 64.56659689564971 25.08711872201707 0 -1 0 0 
1 61.236524352189107 25.08711872201707 0 0 -1 0 
1 59.113630882027017 23.361384494320561 0 1 0 0 
1 59.530546450649979 23.361384494320561 0 0 1 0 
1 59.530546450649979 24.461857659620289 0 -1 0 0 
1 59.113630882027017 24.461857659620289 0 0 -1 0 
1 62.684335861171427 23.61958627350004 0 1 0 0 
1 64.537733033533371 23.61958627350004 0 0 1 0 
1 64.537733033533371 24.45341741074602 0 -1 0 0 
1 62.684335861171427 24.45341741074602 0 0 -1 0 
1 59.109419473102648 17.879233864558341 0 1 0 0 
1 59.526335041725638 17.879233864558341 0 0 1 0 
1 59.526335041725638 18.979707029858051 0 -1 0 0 
1 59.109419473102648 18.979707029858051 0 0 -1 0 
1 62.680124452247099 18.13743564373781 0 1 0 0 
1 64.533521624609023 18.13743564373781 0 0 1 0 
1 64.533521624609023 18.97126678098379 0 -1 0 0 
1 62.680124452247099 18.97126678098379 0 0 -1 0 
1 46.311137515570067 15.12439382251619 0 1 0 0 
1 47.374543579270792 15.12439382251619 0 0 1 0 
1 47.374543579270792 18.272635458472191 0 -1 0 0 
1 46.311137515570067 18.272635458472191 0 0 -1 0 
1 41.675637515570067 15.12439382251619 0 1 0 0 
1 42.739043579270792 15.12439382251619 0 0 1 0 
1 42.739043579270792 18.272635458472191 0 -1 0 0 
1 41.675637515570067 18.272635458472191 0 0 -1 0 
1 29.092871979363728 27.42417521847252 0 1 0 0 
1 29.69287197936373 27.42417521847252 0 0 1 0 
1 29.69287197936373 28.024175218472529 0 -1 0 0 
1 29.092871979363728 28.024175218472529 0 0 -1 0 
1 28.272490559654521 27.422559207362209 0 1 0 0 
1 28.872490559654509 27.422559207362209 0 0 1 0 
1 28.872490559654509 28.0225592073622 0 -1 0 0 
1 28.272490559654521 28.0225592073622 0 0 -1 0 
1 27.135000000000009 26.417233446569579 0 1 0 0 
1 27.734999999999999 26.417233446569579 0 0 1 0 
1 27.734999999999999 27.017233446569591 0 -1 0 0 
1 27.135000000000009 27.017233446569591 0 0 -1 0 
1 27.138951806337669 25.591305921998849 0 1 0 0 
1 27.73895180633766 25.591305921998849 0 0 1 0 
1 27.73895180633766 26.191305921998861 0 -1 0 0 
1 27.138951806337669 26.191305921998861 0 0 -1 0 
1 28.23439151567527 24.49319106625871 0 1 0 0 
1 28.834391515675289 24.49319106625871 0 0 1 0 
1 28.834391515675289 25.093191066258719 0 -1 0 0 
1 28.23439151567527 25.093191066258719 0 0 -1 0 
1 28.998605802130861 24.50133509068441 0 1 0 0 
1 29.598605802130859 24.50133509068441 0 0 1 0 
1 29.598605802130859 25.101335090684412 0 -1 0 0 
1 28.998605802130861 25.101335090684412 0 0 -1 0 
1 30.078328516641129 25.511472889293849 0 1 0 0 
1 30.67832851664113 25.511472889293849 0 0 1 0 
1 30.67832851664113 26.111472889293861 0 -1 0 0 
1 30.078328516641129 26.111472889293861 0 0 -1 0 
1 30.090183935654121 26.365063058228198 0 1 0 0 
1 30.690183935654112 26.365063058228198 0 0 1 0 
1 30.690183935654112 26.96506305822821 0 -1 0 0 
1 30.090183935654121 26.96506305822821 0 0 -1 0 
1 23.589538646030391 27.42417521847252 0 1 0 0 
1 24.1895386460304 27.42417521847252 0 0 1 0 
1 24.1895386460304 28.024175218472529 0 -1 0 0 
1 23.589538646030391 28.024175218472529 0 0 -1 0 
1 22.76915722632118 27.422559207362209 0 1 0 0 
1 23.369157226321182 27.422559207362209 0 0 1 0 
1 23.369157226321182 28.0225592073622 0 -1 0 0 
1 22.76915722632118 28.0225592073622 0 0 -1 0 
1 21.631666666666678 26.417233446569579 0 1 0 0 
1 22.23166666666668 26.417233446569579 0 0 1 0 
1 22.23166666666668 27.017233446569591 0 -1 0 0 
1 21.631666666666678 27.017233446569591 0 0 -1 0 
1 21.635618473004332 25.591305921998849 0 1 0 0 
1 22.23561847300433 25.591305921998849 0 0 1 0 
1 22.23561847300433 26.191305921998861 0 -1 0 0 
1 21.635618473004332 26.191305921998861 0 0 -1 0 
1 22.73105818234194 24.49319106625871 0 1 0 0 
1 23.331058182341948 24.49319106625871 0 0 1 0 
1 23.331058182341948 25.093191066258719 0 -1 0 0 
1 22.73105818234194 25.093191066258719 0 0 -1 0 
1 23.49527246879752 24.50133509068441 0 1 0 0 
1 24.095272468797528 24.50133509068441 0 0 1 0 
1 24.095272468797528 25.101335090684412 0 -1 0 0 
1 23.49527246879752 25.101335090684412 0 0 -1 0 
1 24.574995183307799 25.511472889293849 0 1 0 0 
1 25.174995183307789 25.511472889293849 0 0 1 0 
1 25.174995183307789 26.111472889293861 0 -1 0 0 
1 24.574995183307799 26.111472889293861 0 0 -1 0 
1 24.586850602320791 26.365063058228198 0 1 0 0 
1 25.186850602320771 26.365063058228198 0 0 1 0 
1 25.186850602320771 26.96506305822821 0 -1 0 0 
1 24.586850602320791 26.96506305822821 0 0 -1 0 
1 34.610038646030411 17.906018968472541 0 1 0 0 
1 35.210038646030412 17.906018968472541 0 0 1 0 
1 35.210038646030412 18.506018968472549 0 -1 0 0 
1 34.610038646030411 18.506018968472549 0 0 -1 0 
1 33.789657226321197 17.90440295736223 0 1 0 0 
1 34.389657226321177 17.90440295736223 0 0 1 0 
1 34.389657226321177 18.50440295736222 0 -1 0 0 
1 33.789657226321197 18.50440295736222 0 0 -1 0 
1 32.652166666666687 16.8990771965696 0 1 0 0 
1 33.252166666666668 16.8990771965696 0 0 1 0 
1 33.252166666666668 17.499077196569608 0 -1 0 0 
1 32.652166666666687 17.499077196569608 0 0 -1 0 
1 32.656118473004327 16.07314967199887 0 1 0 0 
1 33.256118473004342 16.07314967199887 0 0 1 0 
1 33.256118473004342 16.673149671998878 0 -1 0 0 
1 32.656118473004327 16.673149671998878 0 0 -1 0 
1 33.751558182341952 14.975034816258731 0 1 0 0 
1 34.351558182341947 14.975034816258731 0 0 1 0 
1 34.351558182341947 15.575034816258739 0 -1 0 0 
1 33.751558182341952 15.575034816258739 0 0 -1 0 
1 34.515772468797529 14.98317884068444 0 1 0 0 
1 35.115772468797537 14.98317884068444 0 0 1 0 
1 35.115772468797537 15.583178840684431 0 -1 0 0 
1 34.515772468797529 15.583178840684431 0 0 -1 0 
1 35.595495183307797 15.993316639293869 0 1 0 0 
1 36.195495183307813 15.993316639293869 0 0 1 0 
1 36.195495183307813 16.593316639293882 0 -1 0 0 
1 35.595495183307797 16.593316639293882 0 0 -1 0 
1 35.6073506023208 16.846906808228219 0 1 0 0 
1 36.20735060232078 16.846906808228219 0 0 1 0 
1 36.20735060232078 17.446906808228231 0 -1 0 0 
1 35.6073506023208 17.446906808228231 0 0 -1 0 
1 30.587419815539501 15.472766104284471 0 0 1 0 
1 30.587419815539501 16.07276610428449 0 -1 0 0 
1 29.987419815539489 16.07276610428449 0 0 -1 0 
1 29.987419815539489 15.472766104284471 0 1 0 0 
1 29.815776058718679 15.472766104284471 0 0 1 0 
1 29.815776058718679 16.072766104284479 0 -1 0 0 
1 29.215776058718681 16.072766104284479 0 0 -1 0 
1 29.215776058718681 15.472766104284471 0 1 0 0 
1 29.044132301897879 15.472766104284499 0 0 1 0 
1 29.044132301897879 16.07276610428449 0 -1 0 0 
1 28.444132301897891 16.07276610428449 0 0 -1 0 
1 28.444132301897891 15.472766104284499 0 1 0 0 
1 28.272488545077081 15.472766104284499 0 0 1 0 
1 28.272488545077081 16.072766104284501 0 -1 0 0 
1 27.67248854507708 16.072766104284501 0 0 -1 0 
1 27.67248854507708 15.472766104284499 0 1 0 0 
1 26.90084478825629 16.072766104284479 0 0 -1 0 
1 26.90084478825629 15.47276610428445 0 1 0 0 
1 27.500844788256291 15.47276610428445 0 -1.7763568394001621e-14 1 0 
1 27.500844788256281 16.072766104284479 0 -1 0 0 
1 26.129201031435471 16.072766104284479 0 0 -1 0 
1 26.129201031435471 15.47276610428449 0 1 0 0 
1 26.72920103143549 15.47276610428449 0 -1.776356839400283e-14 1 0 
1 26.72920103143548 16.072766104284479 0 -1 0 0 
1 25.35755727461467 16.072766104284479 0 0 -1 0 
1 25.35755727461467 15.472766104284499 0 1 0 0 
1 25.957557274614668 15.472766104284499 0 0 1 0 
1 25.957557274614668 16.072766104284479 0 -1 0 0 
1 24.58591351779388 16.072766104284479 0 0 -1 0 
1 24.58591351779388 15.47276610428449 0 1 0 0 
1 25.185913517793871 15.47276610428449 0 0 1 0 
1 25.185913517793871 16.072766104284479 0 -1 0 0 
1 28.272488545077081 17.318825562638839 0 0 1 0 
1 28.272488545077081 17.918825562638862 0 -1 0 0 
1 27.67248854507708 17.918825562638862 0 0 -1 0 
1 27.67248854507708 17.318825562638839 0 1 0 0 
1 29.0441323018979 17.318825562638839 0 0 1 0 
1 29.0441323018979 17.918825562638819 0 -1 0 0 
1 28.444132301897891 17.918825562638819 0 0 -1 0 
1 28.444132301897891 17.318825562638839 0 1 0 0 
1 29.815776058718701 17.318825562638828 0 0 1 0 
1 29.815776058718701 17.918825562638819 0 -1 0 0 
1 29.215776058718699 17.918825562638819 0 0 -1 0 
1 29.215776058718699 17.318825562638828 0 1 0 0 
1 30.587419815539501 17.318825562638839 0 0 1 0 
1 30.587419815539501 17.918825562638819 0 -1 0 0 
1 29.9874198155395 17.918825562638819 0 0 -1 0 
1 29.9874198155395 17.318825562638839 0 1 0 0 
1 24.58591351779387 17.918825562638869 0 0 -1 0 
1 24.58591351779387 17.318825562638839 0 1 0 0 
1 25.185913517793882 17.318825562638839 0 0 1 0 
1 25.185913517793882 17.918825562638869 0 -1 0 0 
1 25.35755727461467 17.918825562638819 0 0 -1 0 
1 25.35755727461467 17.318825562638828 0 1 0 0 
1 25.957557274614668 17.318825562638828 0 0 1 0 
1 25.957557274614668 17.918825562638819 0 -1 0 0 
1 26.129201031435478 17.91882556263883 0 0 -1 0 
1 26.129201031435478 17.318825562638828 0 1 0 0 
1 26.72920103143548 17.318825562638828 0 0 1 0 
1 26.72920103143548 17.91882556263883 0 -1 0 0 
1 26.900844788256279 17.918825562638819 0 0 -1 0 
1 26.900844788256279 17.318825562638828 0 1 0 0 
1 27.500844788256281 17.318825562638828 0 0 1 0 
1 27.500844788256281 17.918825562638819 0 -1 0 0 
1 62.59113066515917 7.0449415737491714 0 1 0 0 
1 63.191130665159193 7.0449415737491714 0 0 1 0 
1 63.191130665159193 7.6449415737491861 0 -1 0 0 
1 62.59113066515917 7.6449415737491861 0 0 -1 0 
1 61.897749245449972 7.0644922293055217 0 1 0 0 
1 62.497749245449988 7.0644922293055217 0 0 1 0 
1 62.497749245449988 7.6644922293055266 0 -1 0 0 
1 61.897749245449972 7.6644922293055266 0 0 -1 0 
1 60.813908032172961 6.0117634247879153 0 1 0 0 
1 61.413908032172962 6.0117634247879153 0 0 1 0 
1 61.413908032172962 6.6117634247879167 0 -1 0 0 
1 60.813908032172961 6.6117634247879167 0 0 -1 0 
1 60.817859838510621 5.1858359002171852 0 1 0 0 
1 61.417859838510658 5.1858359002171852 0 0 1 0 
1 61.417859838510658 5.7858359002171866 0 -1 0 0 
1 60.817859838510621 5.7858359002171866 0 0 -1 0 
1 61.925832812076777 4.1562907548686923 0 1 0 0 
1 62.525832812076757 4.1562907548686923 0 0 1 0 
1 62.525832812076757 4.756290754868715 0 -1 0 0 
1 61.925832812076777 4.756290754868715 0 0 -1 0 
1 62.690047098532347 4.1644347792944032 0 1 0 0 
1 63.290047098532369 4.1644347792944032 0 0 1 0 
1 63.290047098532369 4.7644347792943904 0 -1 0 0 
1 62.690047098532347 4.7644347792943904 0 0 -1 0 
1 63.757236548814078 5.1720045780353701 0 1 0 0 
1 64.357236548814086 5.1720045780353701 0 0 1 0 
1 64.357236548814086 5.7720045780353786 0 -1 0 0 
1 63.757236548814078 5.7720045780353786 0 0 -1 0 
1 63.76909196782708 6.0255947469697233 0 1 0 0 
1 64.369091967827075 6.0255947469697233 0 0 1 0 
1 64.369091967827075 6.6255947469697318 0 -1 0 0 
1 63.76909196782708 6.6255947469697318 0 0 -1 0 
1 9.4907053639987691 3.7851430481860082 0 1 0 0 
1 10.090705363998779 3.7851430481860082 0 0 1 0 
1 10.090705363998779 4.3851430481860163 0 -1 0 0 
1 9.4907053639987691 4.3851430481860163 0 0 -1 0 
1 8.6703239442895708 3.783527037075693 0 1 0 0 
1 9.2703239442895882 3.783527037075693 0 0 1 0 
1 9.2703239442895882 4.3835270370756803 0 -1 0 0 
1 8.6703239442895708 4.3835270370756803 0 0 -1 0 
1 7.5864827310125698 2.7307982325580649 0 1 0 0 
1 8.186482731012557 2.7307982325580649 0 0 1 0 
1 8.186482731012557 3.3307982325580738 0 -1 0 0 
1 7.5864827310125698 3.3307982325580738 0 0 -1 0 
1 7.590434537350216 1.904870707987335 0 1 0 0 
1 8.1904345373502547 1.904870707987335 0 0 1 0 
1 8.1904345373502547 2.5048707079873438 0 -1 0 0 
1 7.590434537350216 2.5048707079873438 0 0 -1 0 
1 8.6984075109163967 0.87532556263885652 0 1 0 0 
1 9.298407510916384 0.87532556263885652 0 0 1 0 
1 9.298407510916384 1.4753255626388651 0 -1 0 0 
1 8.6984075109163967 1.4753255626388651 0 0 -1 0 
1 9.4626217973719644 0.88346958706456036 0 1 0 0 
1 10.06262179737198 0.88346958706456036 0 0 1 0 
1 10.06262179737198 1.483469587064562 0 -1 0 0 
1 9.4626217973719644 1.483469587064562 0 0 -1 0 
1 10.529811247653679 1.8910393858055341 0 1 0 0 
1 11.12981124765369 1.8910393858055341 0 0 1 0 
1 11.12981124765369 2.4910393858055428 0 -1 0 0 
1 10.529811247653679 2.4910393858055428 0 0 -1 0 
1 10.541666666666689 2.74462955473988 0 1 0 0 
1 11.141666666666669 2.74462955473988 0 0 1 0 
1 11.141666666666669 3.3446295547398819 0 -1 0 0 
1 10.541666666666689 3.3446295547398819 0 0 -1 0 
1 13.72403869733211 3.7851430481860082 0 1 0 0 
1 14.324038697332121 3.7851430481860082 0 0 1 0 
1 14.324038697332121 4.3851430481860163 0 -1 0 0 
1 13.72403869733211 4.3851430481860163 0 0 -1 0 
1 12.90365727762291 3.783527037075693 0 1 0 0 
1 13.50365727762293 3.783527037075693 0 0 1 0 
1 13.50365727762293 4.3835270370756803 0 -1 0 0 
1 12.90365727762291 4.3835270370756803 0 0 -1 0 
1 11.8198160643459 2.7307982325580649 0 1 0 0 
1 12.419816064345889 2.7307982325580649 0 0 1 0 
1 12.419816064345889 3.3307982325580738 0 -1 0 0 
1 11.8198160643459 3.3307982325580738 0 0 -1 0 
1 11.82376787068355 1.904870707987335 0 1 0 0 
1 12.423767870683569 1.904870707987335 0 0 1 0 
1 12.423767870683569 2.5048707079873438 0 -1 0 0 
1 11.82376787068355 2.5048707079873438 0 0 -1 0 
1 12.931740844249729 0.87532556263885652 0 1 0 0 
1 13.531740844249709 0.87532556263885652 0 0 1 0 
1 13.531740844249709 1.4753255626388651 0 -1 0 0 
1 12.931740844249729 1.4753255626388651 0 0 -1 0 
1 13.6959551307053 0.88346958706456036 0 1 0 0 
1 14.295955130705311 0.88346958706456036 0 0 1 0 
1 14.295955130705311 1.483469587064562 0 -1 0 0 
1 13.6959551307053 1.483469587064562 0 0 -1 0 
1 14.763144580986999 1.8910393858055341 0 1 0 0 
1 15.36314458098701 1.8910393858055341 0 0 1 0 
1 15.36314458098701 2.4910393858055428 0 -1 0 0 
1 14.763144580986999 2.4910393858055428 0 0 -1 0 
1 14.775000000000009 2.74462955473988 0 1 0 0 
1 15.375000000000011 2.74462955473988 0 0 1 0 
1 15.375000000000011 3.3446295547398819 0 -1 0 0 
1 14.775000000000009 3.3446295547398819 0 0 -1 0 
1 58.484797331825838 3.1502749070825051 0 1 0 0 
1 59.084797331825847 3.1502749070825051 0 0 1 0 
1 59.084797331825847 3.7502749070825132 0 -1 0 0 
1 58.484797331825838 3.7502749070825132 0 0 -1 0 
1 57.664415912116638 3.14865889597219 0 1 0 0 
1 58.264415912116647 3.14865889597219 0 0 1 0 
1 58.264415912116647 3.7486588959721909 0 -1 0 0 
1 57.664415912116638 3.7486588959721909 0 0 -1 0 
1 56.580574698839627 2.095930091454576 0 1 0 0 
1 57.180574698839621 2.095930091454576 0 0 1 0 
1 57.180574698839621 2.695930091454585 0 -1 0 0 
1 56.580574698839627 2.695930091454585 0 0 -1 0 
1 56.584526505177287 1.2700025668838459 0 1 0 0 
1 57.184526505177317 1.2700025668838459 0 0 1 0 
1 57.184526505177317 1.8700025668838549 0 -1 0 0 
1 56.584526505177287 1.8700025668838549 0 0 -1 0 
1 57.69249947874345 0.24045742153536051 0 1 0 0 
1 58.292499478743451 0.24045742153536051 0 0 1 0 
1 58.292499478743451 0.84045742153537617 0 -1 0 0 
1 57.69249947874345 0.84045742153537617 0 0 -1 0 
1 58.456713765199019 0.2486014459610644 0 1 0 0 
1 59.056713765199042 0.2486014459610644 0 0 1 0 
1 59.056713765199042 0.84860144596105869 0 -1 0 0 
1 58.456713765199019 0.84860144596105869 0 0 -1 0 
1 59.52390321548075 1.2561712447020379 0 1 0 0 
1 60.12390321548073 1.2561712447020379 0 0 1 0 
1 60.12390321548073 1.8561712447020471 0 -1 0 0 
1 59.52390321548075 1.8561712447020471 0 0 -1 0 
1 59.535758634493753 2.109761413636392 0 1 0 0 
1 60.135758634493747 2.109761413636392 0 0 1 0 
1 60.135758634493747 2.709761413636393 0 -1 0 0 
1 59.535758634493753 2.709761413636393 0 0 -1 0 
1 62.718130665159173 3.1502749070825051 0 1 0 0 
1 63.318130665159188 3.1502749070825051 0 0 1 0 
1 63.318130665159188 3.7502749070825132 0 -1 0 0 
1 62.718130665159173 3.7502749070825132 0 0 -1 0 
1 61.897749245449972 3.14865889597219 0 1 0 0 
1 62.497749245449988 3.14865889597219 0 0 1 0 
1 62.497749245449988 3.7486588959721909 0 -1 0 0 
1 61.897749245449972 3.7486588959721909 0 0 -1 0 
1 60.813908032172961 2.095930091454576 0 1 0 0 
1 61.413908032172962 2.095930091454576 0 0 1 0 
1 61.413908032172962 2.695930091454585 0 -1 0 0 
1 60.813908032172961 2.695930091454585 0 0 -1 0 
1 60.817859838510621 1.2700025668838459 0 1 0 0 
1 61.417859838510658 1.2700025668838459 0 0 1 0 
1 61.417859838510658 1.8700025668838549 0 -1 0 0 
1 60.817859838510621 1.8700025668838549 0 0 -1 0 
1 61.925832812076777 0.24045742153536051 0 1 0 0 
1 62.525832812076757 0.24045742153536051 0 0 1 0 
1 62.525832812076757 0.84045742153537617 0 -1 0 0 
1 61.925832812076777 0.84045742153537617 0 0 -1 0 
1 62.690047098532347 0.2486014459610644 0 1 0 0 
1 63.290047098532369 0.2486014459610644 0 0 1 0 
1 63.290047098532369 0.84860144596105869 0 -1 0 0 
1 62.690047098532347 0.84860144596105869 0 0 -1 0 
1 63.757236548814078 1.2561712447020379 0 1 0 0 
1 64.357236548814086 1.2561712447020379 0 0 1 0 
1 64.357236548814086 1.8561712447020471 0 -1 0 0 
1 63.757236548814078 1.8561712447020471 0 0 -1 0 
1 63.76909196782708 2.109761413636392 0 1 0 0 
1 64.369091967827075 2.109761413636392 0 0 1 0 
1 64.369091967827075 2.709761413636393 0 -1 0 0 
1 63.76909196782708 2.709761413636393 0 0 -1 0 
1 47.645528980477849 4.3691653927360221 0 1 0 0 
1 48.245528980477822 4.3691653927360221 0 0 1 0 
1 48.245528980477822 4.9691653927360377 0 -1 0 0 
1 47.645528980477849 4.9691653927360377 0 0 -1 0 
1 47.645528980477849 2.5157682203740852 0 1 0 0 
1 48.245528980477822 2.5157682203740852 0 0 1 0 
1 48.245528980477822 3.1157682203740862 0 -1 0 0 
1 47.645528980477849 3.1157682203740862 0 0 -1 0 
1 47.645528980477849 0.6623710480121332 0 1 0 0 
1 48.245528980477822 0.6623710480121332 0 0 1 0 
1 48.245528980477822 1.2623710480121491 0 -1 0 0 
1 47.645528980477849 1.2623710480121491 0 0 -1 0 
1 45.04916771707029 1.043371048012141 0 1 0 0 
1 45.649167717070313 1.043371048012141 0 0 1 0 
1 45.649167717070313 1.6433710480121491 0 -1 0 0 
1 45.04916771707029 1.6433710480121491 0 0 -1 0 
1 45.04916771707029 2.896768220374085 0 1 0 0 
1 45.649167717070313 2.896768220374085 0 0 1 0 
1 45.649167717070313 3.4967682203740789 0 -1 0 0 
1 45.04916771707029 3.4967682203740789 0 0 -1 0 
1 42.163362313811177 4.3691653927360221 0 1 0 0 
1 42.763362313811157 4.3691653927360221 0 0 1 0 
1 42.763362313811157 4.9691653927360377 0 -1 0 0 
1 42.163362313811177 4.9691653927360377 0 0 -1 0 
1 42.163362313811177 2.5157682203740852 0 1 0 0 
1 42.763362313811157 2.5157682203740852 0 0 1 0 
1 42.763362313811157 3.1157682203740862 0 -1 0 0 
1 42.163362313811177 3.1157682203740862 0 0 -1 0 
1 42.163362313811177 0.6623710480121332 0 1 0 0 
1 42.763362313811157 0.6623710480121332 0 0 1 0 
1 42.763362313811157 1.2623710480121491 0 -1 0 0 
1 42.163362313811177 1.2623710480121491 0 0 -1 0 
1 39.56700105040364 1.043371048012141 0 1 0 0 
1 40.167001050403627 1.043371048012141 0 0 1 0 
1 40.167001050403627 1.6433710480121491 0 -1 0 0 
1 39.56700105040364 1.6433710480121491 0 0 -1 0 
1 39.56700105040364 2.896768220374085 0 1 0 0 
1 40.167001050403627 2.896768220374085 0 0 1 0 
1 40.167001050403627 3.4967682203740789 0 -1 0 0 
1 39.56700105040364 3.4967682203740789 0 0 -1 0 
1 36.702362313811179 4.3691653927360221 0 1 0 0 
1 37.30236231381118 4.3691653927360221 0 0 1 0 
1 37.30236231381118 4.9691653927360377 0 -1 0 0 
1 36.702362313811179 4.9691653927360377 0 0 -1 0 
1 36.702362313811179 2.5157682203740852 0 1 0 0 
1 37.30236231381118 2.5157682203740852 0 0 1 0 
1 37.30236231381118 3.1157682203740862 0 -1 0 0 
1 36.702362313811179 3.1157682203740862 0 0 -1 0 
1 36.702362313811179 0.6623710480121332 0 1 0 0 
1 37.30236231381118 0.6623710480121332 0 0 1 0 
1 37.30236231381118 1.2623710480121491 0 -1 0 0 
1 36.702362313811179 1.2623710480121491 0 0 -1 0 
1 34.106001050403641 1.043371048012141 0 1 0 0 
1 34.706001050403628 1.043371048012141 0 0 1 0 
1 34.706001050403628 1.6433710480121491 0 -1 0 0 
1 34.106001050403641 1.6433710480121491 0 0 -1 0 
1 34.106001050403641 2.896768220374085 0 1 0 0 
1 34.706001050403628 2.896768220374085 0 0 1 0 
1 34.706001050403628 3.4967682203740789 0 -1 0 0 
1 34.106001050403641 3.4967682203740789 0 0 -1 0 
1 31.199028980477841 4.3691653927360221 0 1 0 0 
1 31.799028980477839 4.3691653927360221 0 0 1 0 
1 31.799028980477839 4.9691653927360377 0 -1 0 0 
1 31.199028980477841 4.9691653927360377 0 0 -1 0 
1 31.199028980477841 2.5157682203740852 0 1 0 0 
1 31.799028980477839 2.5157682203740852 0 0 1 0 
1 31.799028980477839 3.1157682203740862 0 -1 0 0 
1 31.199028980477841 3.1157682203740862 0 0 -1 0 
1 31.199028980477841 0.6623710480121332 0 1 0 0 
1 31.799028980477839 0.6623710480121332 0 0 1 0 
1 31.799028980477839 1.2623710480121491 0 -1 0 0 
1 31.199028980477841 1.2623710480121491 0 0 -1 0 
1 28.602667717070311 1.043371048012141 0 1 0 0 
1 29.202667717070302 1.043371048012141 0 0 1 0 
1 29.202667717070302 1.6433710480121491 0 -1 0 0 
1 28.602667717070311 1.6433710480121491 0 0 -1 0 
1 28.602667717070311 2.896768220374085 0 1 0 0 
1 29.202667717070302 2.896768220374085 0 0 1 0 
1 29.202667717070302 3.4967682203740789 0 -1 0 0 
1 28.602667717070311 3.4967682203740789 0 0 -1 0 
1 25.73802898047785 4.3691653927360221 0 1 0 0 
1 26.338028980477841 4.3691653927360221 0 0 1 0 
1 26.338028980477841 4.9691653927360377 0 -1 0 0 
1 25.73802898047785 4.9691653927360377 0 0 -1 0 
1 25.73802898047785 2.5157682203740852 0 1 0 0 
1 26.338028980477841 2.5157682203740852 0 0 1 0 
1 26.338028980477841 3.1157682203740862 0 -1 0 0 
1 25.73802898047785 3.1157682203740862 0 0 -1 0 
1 25.73802898047785 0.6623710480121332 0 1 0 0 
1 26.338028980477841 0.6623710480121332 0 0 1 0 
1 26.338028980477841 1.2623710480121491 0 -1 0 0 
1 25.73802898047785 1.2623710480121491 0 0 -1 0 
1 23.141667717070298 1.043371048012141 0 1 0 0 
1 23.741667717070289 1.043371048012141 0 0 1 0 
1 23.741667717070289 1.6433710480121491 0 -1 0 0 
1 23.141667717070298 1.6433710480121491 0 0 -1 0 
1 23.141667717070298 2.896768220374085 0 1 0 0 
1 23.741667717070289 2.896768220374085 0 0 1 0 
1 23.741667717070289 3.4967682203740789 0 -1 0 0 
1 23.141667717070298 3.4967682203740789 0 0 -1 0 
1 20.255862313811178 4.3691653927360221 0 1 0 0 
1 20.855862313811169 4.3691653927360221 0 0 1 0 
1 20.855862313811169 4.9691653927360377 0 -1 0 0 
1 20.255862313811178 4.9691653927360377 0 0 -1 0 
1 20.255862313811178 2.5157682203740852 0 1 0 0 
1 20.855862313811169 2.5157682203740852 0 0 1 0 
1 20.855862313811169 3.1157682203740862 0 -1 0 0 
1 20.255862313811178 3.1157682203740862 0 0 -1 0 
1 20.255862313811178 0.6623710480121332 0 1 0 0 
1 20.855862313811169 0.6623710480121332 0 0 1 0 
1 20.855862313811169 1.2623710480121491 0 -1 0 0 
1 20.255862313811178 1.2623710480121491 0 0 -1 0 
1 17.659501050403641 1.043371048012141 0 1 0 0 
1 18.259501050403632 1.043371048012141 0 0 1 0 
1 18.259501050403632 1.6433710480121491 0 -1 0 0 
1 17.659501050403641 1.6433710480121491 0 0 -1 0 
1 17.659501050403641 2.896768220374085 0 1 0 0 
1 18.259501050403632 2.896768220374085 0 0 1 0 
1 18.259501050403632 3.4967682203740789 0 -1 0 0 
1 17.659501050403641 3.4967682203740789 0 0 -1 0 
1 7.4690288384035819 8.9912866414803254 0 1 0 0 
1 8.0690288384035771 8.9912866414803254 0 0 1 0 
1 8.0690288384035771 9.5912866414803339 0 -1 0 0 
1 7.4690288384035819 9.5912866414803339 0 0 -1 0 
1 9.0050939574461299 8.1169733056590871 0 1 0 0 
1 9.607026052542702 8.1169733056590871 0 0 1 0 
1 9.607026052542702 8.7150349687780881 0 -1 0 0 
1 9.0050939574461299 8.7150349687780881 0 0 -1 0 
1 9.7575682672061621 8.1101482024043321 0 1 0 0 
1 10.35950036230274 8.1101482024043321 0 0 1 0 
1 10.35950036230274 8.7082098655233189 0 -1 0 0 
1 9.7575682672061621 8.7082098655233189 0 0 -1 0 
1 7.4448934412609882 25.734626607812949 0 1 0 0 
1 8.0448934412609816 25.734626607812949 0 0 1 0 
1 8.0448934412609816 26.334626607812961 0 -1 0 0 
1 7.4448934412609882 26.334626607812961 0 0 -1 0 
1 8.9809585603035362 24.860313271991711 0 1 0 0 
1 9.5828906554001083 24.860313271991711 0 0 1 0 
1 9.5828906554001083 25.458374935110701 0 -1 0 0 
1 8.9809585603035362 25.458374935110701 0 0 -1 0 
1 9.7334328700635684 24.853488168736948 0 1 0 0 
1 10.335364965160149 24.853488168736948 0 0 1 0 
1 10.335364965160149 25.451549831855939 0 -1 0 0 
1 9.7334328700635684 25.451549831855939 0 0 -1 0 
1 7.4348911602901788 22.64245510074322 0 1 0 0 
1 8.034891160290174 22.64245510074322 0 0 1 0 
1 8.034891160290174 23.242455100743239 0 -1 0 0 
1 7.4348911602901788 23.242455100743239 0 0 -1 0 
1 8.9709562793327287 21.768141764921989 0 1 0 0 
1 9.572888374429299 21.768141764921989 0 0 1 0 
1 9.572888374429299 22.366203428040979 0 -1 0 0 
1 8.9709562793327287 22.366203428040979 0 0 -1 0 
1 9.723430589092759 21.76131666166722 0 1 0 0 
1 10.325362684189329 21.76131666166722 0 0 1 0 
1 10.325362684189329 22.35937832478621 0 -1 0 0 
1 9.723430589092759 22.35937832478621 0 0 -1 0 
1 7.4316431238031067 11.685140992491521 0 1 0 0 
1 8.0316431238031036 11.685140992491521 0 0 1 0 
1 8.0316431238031036 12.28514099249154 0 -1 0 0 
1 7.4316431238031067 12.28514099249154 0 0 -1 0 
1 8.9677082428456547 10.810827656670289 0 1 0 0 
1 9.5696403379422268 10.810827656670289 0 0 1 0 
1 9.5696403379422268 11.40888931978929 0 -1 0 0 
1 8.9677082428456547 11.40888931978929 0 0 -1 0 
1 9.7201825526056886 10.80400255341554 0 1 0 0 
1 10.322114647702261 10.80400255341554 0 0 1 0 
1 10.322114647702261 11.402064216534519 0 -1 0 0 
1 9.7201825526056886 11.402064216534519 0 0 -1 0 
1 7.4316431238031067 14.41168195779418 0 1 0 0 
1 8.0316431238031036 14.41168195779418 0 0 1 0 
1 8.0316431238031036 15.011681957794201 0 -1 0 0 
1 7.4316431238031067 15.011681957794201 0 0 -1 0 
1 8.9677082428456547 13.537368621972931 0 1 0 0 
1 9.5696403379422268 13.537368621972931 0 0 1 0 
1 9.5696403379422268 14.135430285091941 0 -1 0 0 
1 8.9677082428456547 14.135430285091941 0 0 -1 0 
1 9.7201825526056886 13.530543518718179 0 1 0 0 
1 10.322114647702261 13.530543518718179 0 0 1 0 
1 10.322114647702261 14.12860518183717 0 -1 0 0 
1 9.7201825526056886 14.12860518183717 0 0 -1 0 
1 7.4316431238031067 17.158450876247532 0 1 0 0 
1 8.0316431238031036 17.158450876247532 0 0 1 0 
1 8.0316431238031036 17.758450876247529 0 -1 0 0 
1 7.4316431238031067 17.758450876247529 0 0 -1 0 
1 8.9677082428456547 16.28413754042629 0 1 0 0 
1 9.5696403379422268 16.28413754042629 0 0 1 0 
1 9.5696403379422268 16.882199203545291 0 -1 0 0 
1 8.9677082428456547 16.882199203545291 0 0 -1 0 
1 9.7201825526056886 16.277312437171538 0 1 0 0 
1 10.322114647702261 16.277312437171538 0 0 1 0 
1 10.322114647702261 16.875374100290522 0 -1 0 0 
1 9.7201825526056886 16.875374100290522 0 0 -1 0 
1 7.4316431238031067 19.90521979470088 0 1 0 0 
1 8.0316431238031036 19.90521979470088 0 0 1 0 
1 8.0316431238031036 20.505219794700889 0 -1 0 0 
1 7.4316431238031067 20.505219794700889 0 0 -1 0 
1 8.9677082428456547 19.030906458879642 0 1 0 0 
1 9.5696403379422268 19.030906458879642 0 0 1 0 
1 9.5696403379422268 19.628968121998639 0 -1 0 0 
1 8.9677082428456547 19.628968121998639 0 0 -1 0 
1 9.7201825526056886 19.02408135562489 0 1 0 0 
1 10.322114647702261 19.02408135562489 0 0 1 0 
1 10.322114647702261 19.62214301874387 0 -1 0 0 
1 9.7201825526056886 19.62214301874387 0 0 -1 0 
1 16.40356195633143 27.284267056060578 0 1 0 0 
1 17.003561956331431 27.284267056060578 0 0 1 0 
1 17.003561956331431 27.88426705606058 0 -1 0 0 
1 16.40356195633143 27.88426705606058 0 0 -1 0 
1 15.275417619349501 25.83083404056023 0 1 0 0 
1 15.873479282468489 25.83083404056023 0 0 1 0 
1 15.873479282468489 26.432766135656809 0 -1 0 0 
1 15.275417619349501 26.432766135656809 0 0 -1 0 
1 15.27348240336071 25.067241350167262 0 1 0 0 
1 15.871544066479689 25.067241350167262 0 0 1 0 
1 15.871544066479689 25.669173445263841 0 -1 0 0 
1 15.27348240336071 25.669173445263841 0 0 -1 0 
1 15.280307506615481 24.314767040407251 0 1 0 0 
1 15.87836916973446 24.314767040407251 0 0 1 0 
1 15.87836916973446 24.916699135503819 0 -1 0 0 
1 15.280307506615481 24.916699135503819 0 0 -1 0 
1 20.731571029763909 25.83083404056023 0 -1 0 0 
1 20.133509366644919 25.83083404056023 0 0 1 0 
1 20.133509366644919 26.432766135656809 0 1 0 0 
1 20.731571029763909 26.432766135656809 0 0 -1 0 
1 20.7335062457527 25.067241350167262 0 -1 0 0 
1 20.135444582633721 25.067241350167262 0 0 1 0 
1 20.135444582633721 25.669173445263841 0 1 0 0 
1 20.7335062457527 25.669173445263841 0 0 -1 0 
1 20.726681142497931 24.314767040407251 0 -1 0 0 
1 20.128619479378951 24.314767040407251 0 0 1 0 
1 20.128619479378951 24.916699135503819 0 1 0 0 
1 20.726681142497931 24.916699135503819 0 0 -1 0 
1 19.58805790170247 27.281554916458312 0 -1 0 0 
1 18.988057901702479 27.281554916458312 0 0 1 0 
1 18.988057901702479 27.88155491645832 0 1 0 0 
1 19.58805790170247 27.88155491645832 0 0 -1 0 
1 32.881767939937617 27.284267056060578 0 1 0 0 
1 33.481767939937619 27.284267056060578 0 0 1 0 
1 33.481767939937619 27.88426705606058 0 -1 0 0 
1 32.881767939937617 27.88426705606058 0 0 -1 0 
1 36.066263885308658 27.281554916458312 0 -1 0 0 
1 35.46626388530867 27.281554916458312 0 0 1 0 
1 35.46626388530867 27.88155491645832 0 1 0 0 
1 36.066263885308658 27.88155491645832 0 0 -1 0 
1 31.87098023650773 25.829665495988159 0 1 0 0 
1 32.46904189962671 25.829665495988159 0 0 1 0 
1 32.46904189962671 26.431597591084731 0 -1 0 0 
1 31.87098023650773 26.431597591084731 0 0 -1 0 
1 31.869045020518929 25.06607280559518 0 1 0 0 
1 32.467106683637923 25.06607280559518 0 0 1 0 
1 32.467106683637923 25.668004900691759 0 -1 0 0 
1 31.869045020518929 25.668004900691759 0 0 -1 0 
1 31.875870123773701 24.313598495835169 0 1 0 0 
1 32.473931786892692 24.313598495835169 0 0 1 0 
1 32.473931786892692 24.915530590931741 0 -1 0 0 
1 31.875870123773701 24.915530590931741 0 0 -1 0 
1 37.078752804040192 25.83779271247565 0 -1 0 0 
1 36.480691140921188 25.83779271247565 0 0 1 0 
1 36.480691140921188 26.43972480757223 0 1 0 0 
1 37.078752804040192 26.43972480757223 0 0 -1 0 
1 37.080688020028973 25.074200022082689 0 -1 0 0 
1 36.482626356909989 25.074200022082689 0 0 1 0 
1 36.482626356909989 25.676132117179261 0 1 0 0 
1 37.080688020028973 25.676132117179261 0 0 -1 0 
1 37.07386291677421 24.321725712322671 0 -1 0 0 
1 36.47580125365522 24.321725712322671 0 0 1 0 
1 36.47580125365522 24.923657807419239 0 1 0 0 
1 37.07386291677421 24.923657807419239 0 0 -1 0 
1 51.987249978613171 27.284267056060578 0 1 0 0 
1 52.587249978613151 27.284267056060578 0 0 1 0 
1 52.587249978613151 27.88426705606058 0 -1 0 0 
1 51.987249978613171 27.88426705606058 0 0 -1 0 
1 50.976462275183259 25.829665495988159 0 1 0 0 
1 51.574523938302228 25.829665495988159 0 0 1 0 
1 51.574523938302228 26.431597591084731 0 -1 0 0 
1 50.976462275183259 26.431597591084731 0 0 -1 0 
1 50.974527059194457 25.06607280559518 0 1 0 0 
1 51.572588722313448 25.06607280559518 0 0 1 0 
1 51.572588722313448 25.668004900691759 0 -1 0 0 
1 50.974527059194457 25.668004900691759 0 0 -1 0 
1 50.981352162449227 24.313598495835169 0 1 0 0 
1 51.579413825568231 24.313598495835169 0 0 1 0 
1 51.579413825568231 24.915530590931741 0 -1 0 0 
1 50.981352162449227 24.915530590931741 0 0 -1 0 
1 55.190730901200062 27.278842776856049 0 -1 0 0 
1 54.590730901200061 27.278842776856049 0 0 1 0 
1 54.590730901200061 27.87884277685605 0 1 0 0 
1 55.190730901200062 27.87884277685605 0 0 -1 0 
1 56.207865536969258 24.326911272598942 0 -1 0 0 
1 55.609803873850282 24.326911272598942 0 0 1 0 
1 55.609803873850282 24.928843367695499 0 1 0 0 
1 56.207865536969258 24.928843367695499 0 0 -1 0 
1 56.214690640224021 25.07938558235896 0 -1 0 0 
1 55.616628977105059 25.07938558235896 0 0 1 0 
1 55.616628977105059 25.681317677455532 0 1 0 0 
1 56.214690640224021 25.681317677455532 0 0 -1 0 
1 56.212755424235247 25.842978272751932 0 -1 0 0 
1 55.614693761116257 25.842978272751932 0 0 1 0 
1 55.614693761116257 26.4449103678485 0 1 0 0 
1 56.212755424235247 26.4449103678485 0 0 -1 0 
1 49.010249961422687 27.249661335061688 0 1 0 0 
1 49.610249961422703 27.249661335061688 0 0 1 0 
1 49.610249961422703 27.84966133506169 0 -1 0 0 
1 49.010249961422687 27.84966133506169 0 0 -1 0 
1 49.010249961422687 25.379909832033331 0 1 0 0 
1 49.610249961422703 25.379909832033331 0 0 1 0 
1 49.610249961422703 25.979909832033321 0 -1 0 0 
1 49.010249961422687 25.979909832033321 0 0 -1 0 
1 49.010249961422687 23.50350155446273 0 1 0 0 
1 49.610249961422703 23.50350155446273 0 0 1 0 
1 49.610249961422703 24.103501554462731 0 -1 0 0 
1 49.010249961422687 24.103501554462731 0 0 -1 0 
1 47.195113449334578 27.249661335061688 0 -1 0 0 
1 46.595113449334583 27.249661335061688 0 0 1 0 
1 46.595113449334583 27.84966133506169 0 1 0 0 
1 47.195113449334578 27.84966133506169 0 0 -1 0 
1 47.195113449334578 25.379909832033331 0 -1 0 0 
1 46.595113449334583 25.379909832033331 0 0 1 0 
1 46.595113449334583 25.979909832033321 0 1 0 0 
1 47.195113449334578 25.979909832033321 0 0 -1 0 
1 47.195113449334578 23.50350155446273 0 -1 0 0 
1 46.595113449334583 23.50350155446273 0 0 1 0 
1 46.595113449334583 24.103501554462731 0 1 0 0 
1 47.195113449334578 24.103501554462731 0 0 -1 0 
1 44.872691132413067 27.249661335061688 0 1 0 0 
1 45.47269113241304 27.249661335061688 0 0 1 0 
1 45.47269113241304 27.84966133506169 0 -1 0 0 
1 44.872691132413067 27.84966133506169 0 0 -1 0 
1 44.872691132413067 25.379909832033331 0 1 0 0 
1 45.47269113241304 25.379909832033331 0 0 1 0 
1 45.47269113241304 25.979909832033321 0 -1 0 0 
1 44.872691132413067 25.979909832033321 0 0 -1 0 
1 44.872691132413067 23.50350155446273 0 1 0 0 
1 45.47269113241304 23.50350155446273 0 0 1 0 
1 45.47269113241304 24.103501554462731 0 -1 0 0 
1 44.872691132413067 24.103501554462731 0 0 -1 0 
1 43.05755462032495 27.249661335061688 0 -1 0 0 
1 42.457554620324949 27.249661335061688 0 0 1 0 
1 42.457554620324949 27.84966133506169 0 1 0 0 
1 43.05755462032495 27.84966133506169 0 0 -1 0 
1 43.05755462032495 25.379909832033331 0 -1 0 0 
1 42.457554620324949 25.379909832033331 0 0 1 0 
1 42.457554620324949 25.979909832033321 0 1 0 0 
1 43.05755462032495 25.979909832033321 0 0 -1 0 
1 43.05755462032495 23.50350155446273 0 -1 0 0 
1 42.457554620324949 23.50350155446273 0 0 1 0 
1 42.457554620324949 24.103501554462731 0 1 0 0 
1 43.05755462032495 24.103501554462731 0 0 -1 0 
1 40.86057199154989 27.249661335061688 0 1 0 0 
1 41.460571991549891 27.249661335061688 0 0 1 0 
1 41.460571991549891 27.84966133506169 0 -1 0 0 
1 40.86057199154989 27.84966133506169 0 0 -1 0 
1 40.86057199154989 25.379909832033331 0 1 0 0 
1 41.460571991549891 25.379909832033331 0 0 1 0 
1 41.460571991549891 25.979909832033321 0 -1 0 0 
1 40.86057199154989 25.979909832033321 0 0 -1 0 
1 40.86057199154989 23.50350155446273 0 1 0 0 
1 41.460571991549891 23.50350155446273 0 0 1 0 
1 41.460571991549891 24.103501554462731 0 -1 0 0 
1 40.86057199154989 24.103501554462731 0 0 -1 0 
1 39.045435479461787 27.249661335061688 0 -1 0 0 
1 38.4454354794618 27.249661335061688 0 0 1 0 
1 38.4454354794618 27.84966133506169 0 1 0 0 
1 39.045435479461787 27.84966133506169 0 0 -1 0 
1 39.045435479461787 25.379909832033331 0 -1 0 0 
1 38.4454354794618 25.379909832033331 0 0 1 0 
1 38.4454354794618 25.979909832033321 0 1 0 0 
1 39.045435479461787 25.979909832033321 0 0 -1 0 
1 39.045435479461787 23.50350155446273 0 -1 0 0 
1 38.4454354794618 23.50350155446273 0 0 1 0 
1 38.4454354794618 24.103501554462731 0 1 0 0 
1 39.045435479461787 24.103501554462731 0 0 -1 0 
1 61.246418526618939 12.90935082290015 0 1 0 0 
1 61.84641852661894 12.90935082290015 0 0 1 0 
1 61.84641852661894 13.509350822900149 0 -1 0 0 
1 61.246418526618939 13.509350822900149 0 0 -1 0 
1 60.482836049811688 12.904952755671729 0 1 0 0 
1 61.082836049811661 12.904952755671729 0 0 1 0 
1 61.082836049811661 13.50495275567174 0 -1 0 0 
1 60.482836049811688 13.50495275567174 0 0 -1 0 
1 63.311503355033167 12.018040541473001 0 1 0 0 
1 63.911503355033147 12.018040541473001 0 0 1 0 
1 63.911503355033147 12.61804054147299 0 -1 0 0 
1 63.311503355033167 12.61804054147299 0 0 -1 0 
1 63.063861154585688 9.6409594036713848 0 1 0 0 
1 63.663861154585668 9.6409594036713848 0 0 1 0 
1 63.663861154585668 10.240959403671379 0 -1 0 0 
1 63.063861154585688 10.240959403671379 0 0 -1 0 
1 63.063861154585688 15.213306517721721 0 1 0 0 
1 63.663861154585668 15.213306517721721 0 0 1 0 
1 63.663861154585668 15.81330651772171 0 -1 0 0 
1 63.063861154585688 15.81330651772171 0 0 -1 0 
1 63.063861154585688 20.679119196601832 0 1 0 0 
1 63.663861154585703 20.679119196601832 0 0 1 0 
1 63.663861154585703 21.27911919660183 0 -1 0 0 
1 63.063861154585688 21.27911919660183 0 0 -1 0 
1 61.241182217882177 27.886574389294111 0 1 0 0 
1 61.841182217882178 27.886574389294111 0 0 1 0 
1 61.841182217882178 28.486574389294109 0 -1 0 0 
1 61.241182217882177 28.486574389294109 0 0 -1 0 
1 60.477599741074897 27.882176322065689 0 1 0 0 
1 61.077599741074899 27.882176322065689 0 0 1 0 
1 61.077599741074899 28.482176322065708 0 -1 0 0 
1 60.477599741074897 28.482176322065708 0 0 -1 0 
1 63.306267046296391 26.995264107866969 0 1 0 0 
1 63.906267046296392 26.995264107866969 0 0 1 0 
1 63.906267046296392 27.595264107866949 0 -1 0 0 
1 63.306267046296391 27.595264107866949 0 0 -1 0 
1 61.239258799370937 23.848870224462878 0 1 0 0 
1 61.839258799370931 23.848870224462878 0 0 1 0 
1 61.839258799370931 24.448870224462869 0 -1 0 0 
1 61.239258799370937 24.448870224462869 0 0 -1 0 
1 60.475676322563658 23.844472157234449 0 1 0 0 
1 61.075676322563659 23.844472157234449 0 0 1 0 
1 61.075676322563659 24.444472157234461 0 -1 0 0 
1 60.475676322563658 24.444472157234461 0 0 -1 0 
1 63.304343627785151 22.957559943035729 0 1 0 0 
1 63.904343627785153 22.957559943035729 0 0 1 0 
1 63.904343627785153 23.55755994303572 0 -1 0 0 
1 63.304343627785151 23.55755994303572 0 0 -1 0 
1 61.235047390446603 18.366719594700651 0 1 0 0 
1 61.835047390446583 18.366719594700651 0 0 1 0 
1 61.835047390446583 18.966719594700638 0 -1 0 0 
1 61.235047390446603 18.966719594700638 0 0 -1 0 
1 60.471464913639331 18.362321527472229 0 1 0 0 
1 61.071464913639318 18.362321527472229 0 0 1 0 
1 61.071464913639318 18.962321527472231 0 -1 0 0 
1 60.471464913639331 18.962321527472231 0 0 -1 0 
1 47.467166666666657 17.584711553692351 0 1 0 0 
1 48.067166666666679 17.584711553692351 0 0 1 0 
1 48.067166666666679 18.18471155369236 0 -1 0 0 
1 47.467166666666657 18.18471155369236 0 0 -1 0 
1 47.467166666666657 16.793913611560221 0 1 0 0 
1 48.067166666666637 16.793913611560221 0 0 1 0 
1 48.067166666666637 17.39391361156023 0 -1 0 0 
1 47.467166666666657 17.39391361156023 0 0 -1 0 
1 47.467166666666657 16.003115669428109 0 1 0 0 
1 48.067166666666637 16.003115669428109 0 0 1 0 
1 48.067166666666637 16.60311566942811 0 -1 0 0 
1 47.467166666666657 16.60311566942811 0 0 -1 0 
1 47.467166666666657 15.212317727296011 0 1 0 0 
1 48.067166666666637 15.212317727296011 0 0 1 0 
1 48.067166666666637 15.812317727296 0 -1 0 0 
1 47.467166666666657 15.812317727296 0 0 -1 0 
1 45.618514428174187 15.212317727296011 0 1 0 0 
1 46.21851442817421 15.212317727296011 0 0 1 0 
1 46.21851442817421 15.812317727296019 0 -1 0 0 
1 45.618514428174187 15.812317727296019 0 0 -1 0 
1 45.618514428174237 16.003115669428141 0 1 0 0 
1 46.21851442817421 16.003115669428141 0 0 1 0 
1 46.21851442817421 16.603115669428131 0 -1 0 0 
1 45.618514428174237 16.603115669428131 0 0 -1 0 
1 45.618514428174223 16.793913611560239 0 1 0 0 
1 46.21851442817421 16.793913611560239 0 0 1 0 
1 46.21851442817421 17.39391361156023 0 -1 0 0 
1 45.618514428174223 17.39391361156023 0 0 -1 0 
1 45.618514428174223 17.584711553692351 0 1 0 0 
1 46.21851442817421 17.584711553692351 0 0 1 0 
1 46.21851442817421 18.18471155369236 0 -1 0 0 
1 45.618514428174223 18.18471155369236 0 0 -1 0 
1 42.831666666666649 17.584711553692351 0 1 0 0 
1 43.431666666666658 17.584711553692351 0 0 1 0 
1 43.431666666666658 18.18471155369236 0 -1 0 0 
1 42.831666666666649 18.18471155369236 0 0 -1 0 
1 42.831666666666663 16.793913611560221 0 1 0 0 
1 43.431666666666658 16.793913611560221 0 0 1 0 
1 43.431666666666658 17.39391361156023 0 -1 0 0 
1 42.831666666666663 17.39391361156023 0 0 -1 0 
1 42.831666666666649 16.003115669428109 0 1 0 0 
1 43.431666666666658 16.003115669428109 0 0 1 0 
1 43.431666666666658 16.60311566942811 0 -1 0 0 
1 42.831666666666649 16.60311566942811 0 0 -1 0 
1 42.831666666666663 15.212317727296011 0 1 0 0 
1 43.431666666666658 15.212317727296011 0 0 1 0 
1 43.431666666666658 15.812317727296 0 -1 0 0 
1 42.831666666666663 15.812317727296 0 0 -1 0 
1 40.983014428174187 15.212317727296011 0 1 0 0 
1 41.583014428174209 15.212317727296011 0 0 1 0 
1 41.583014428174209 15.812317727296019 0 -1 0 0 
1 40.983014428174187 15.812317727296019 0 0 -1 0 
1 40.983014428174222 16.003115669428141 0 1 0 0 
1 41.583014428174209 16.003115669428141 0 0 1 0 
1 41.583014428174209 16.603115669428131 0 -1 0 0 
1 40.983014428174222 16.603115669428131 0 0 -1 0 
1 40.983014428174208 16.793913611560239 0 1 0 0 
1 41.583014428174209 16.793913611560239 0 0 1 0 
1 41.583014428174209 17.39391361156023 0 -1 0 0 
1 40.983014428174208 17.39391361156023 0 0 -1 0 
1 40.983014428174222 17.584711553692351 0 1 0 0 
1 41.583014428174209 17.584711553692351 0 0 1 0 
1 41.583014428174209 18.18471155369236 0 -1 0 0 
1 40.983014428174222 18.18471155369236 0 0 -1 0 
1 63.300132218860817 17.475409313273481 0 1 0 0 
1 63.900132218860797 17.475409313273481 0 0 1 0 
1 63.900132218860797 18.075409313273489 0 -1 0 0 
1 63.300132218860817 18.075409313273489 0 0 -1 0 
Polygon3D 0
PolygonOnTriangulations 0
Surfaces 1
1 33.805343210231634 15.145358036883998 0 -0 -0 -1 -1 0 0 0 1 -0 
Triangulations 0

TShapes 3310
Ve
1e-07
6.73678414605335 28.5532646455076 0
0 0

0101101
*
Ve
1e-07
12.4248344528616 28.5532646455076 0
0 0

0101101
*
Ed
 1e-07 1 1 0
1  1 0 0 5.68805030680821
0

0101000
+3310 0 -3309 0 *
Ve
1e-07
12.4248344528635 25.9722890503546 0
0 0

0101101
*
Ed
 1e-07 1 1 0
1  2 0 0 2.58097559515301
0

0101000
+3309 0 -3307 0 *
Ve
1e-07
12.5248344528615 25.9722890503546 0
0 0

0101101
*
Ed
 1e-07 1 1 0
1  3 0 0 0.0999999999979799
0

0101000
+3307 0 -3305 0 *
Ve
1e-07
12.5248344528615 28.5532646455076 0
0 0

0101101
*
Ed
 1e-07 1 1 0
1  4 0 0 2.58097559515303
0

0101000
+3305 0 -3303 0 *
Ve
1e-07
15.1061983343464 28.5532646455076 0
0 0

0101101
*
Ed
 1e-07 1 1 0
1  5 0 0 2.58136388148483
0

0101000
+3303 0 -3301 0 *
Ve
1e-07
15.1061983343464 22.4116347485016 0
0 0

0101101
*
Ed
 1e-07 1 1 0
1  6 0 0 6.14162989700599
0

0101000
+3301 0 -3299 0 *
Ve
1e-07
16.6952644012902 22.4116347485016 0
0 0

0101101
*
Ed
 1e-07 1 1 0
1  7 0 0 1.58906606694381
0

0101000
+3299 0 -3297 0 *
Ve
1e-07
16.6952644012902 22.5141878949384 0
0 0

0101101
*
Ed
 1e-07 1 1 0
1  8 0 0 0.102553146436751
0

0101000
+3297 0 -3295 0 *
Ve
1e-07
15.2058349745145 22.5141878949384 0
0 0

0101101
*
Ed
 1e-07 1 1 0
1  9 0 0 1.48942942677568
0

0101000
+3295 0 -3293 0 *
Ve
1e-07
15.2058349745145 28.5558177919444 0
0 0

0101101
*
Ed
 1e-07 1 1 0
1  10 0 0 6.04162989700599
0

0101000
+3293 0 -3291 0 *
Ve
1e-07
17.9475774489919 28.5558177919444 0
0 0

0101101
*
Ed
 1e-07 1 1 0
1  11 0 0 2.74174247447745
0

0101000
+3291 0 -3289 0 *
Ve
1e-07
17.9475774489919 22.5141878949384 0
0 0

0101101
*
Ed
 1e-07 1 1 0
1  12 0 0 6.04162989700599
0

0101000
+3289 0 -3287 0 *
Ve
1e-07
17.7622644012901 22.5141878949384 0
0 0

0101101
*
Ed
 1e-07 1 1 0
1  13 0 0 0.185313047701801
0

0101000
+3287 0 -3285 0 *
Ve
1e-07
17.7622644012901 22.4116347485016 0
0 0

0101101
*
Ed
 1e-07 1 1 0
1  14 0 0 0.102553146436751
0

0101000
+3285 0 -3283 0 *
Ve
1e-07
18.2465840811805 22.4116347485016 0
0 0

0101101
*
Ed
 1e-07 1 1 0
1  15 0 0 0.484319679890351
0

0101000
+3283 0 -3281 0 *
Ve
1e-07
18.2465840811805 22.5141878949384 0
0 0

0101101
*
Ed
 1e-07 1 1 0
1  16 0 0 0.102553146436751
0

0101000
+3281 0 -3279 0 *
Ve
1e-07
18.0475774489919 22.5141878949384 0
0 0

0101101
*
Ed
 1e-07 1 1 0
1  17 0 0 0.199006632188588
0

0101000
+3279 0 -3277 0 *
Ve
1e-07
18.0475774489919 28.5558177919444 0
0 0

0101101
*
Ed
 1e-07 1 1 0
1  18 0 0 6.04162989700599
0

0101000
+3277 0 -3275 0 *
Ve
1e-07
20.7893199234694 28.5558177919444 0
0 0

0101101
*
Ed
 1e-07 1 1 0
1  19 0 0 2.74174247447745
0

0101000
+3275 0 -3273 0 *
Ve
1e-07
20.7893199234694 22.5141878949384 0
0 0

0101101
*
Ed
 1e-07 1 1 0
1  20 0 0 6.04162989700599
0

0101000
+3273 0 -3271 0 *
Ve
1e-07
19.3135840811805 22.5141878949384 0
0 0

0101101
*
Ed
 1e-07 1 1 0
1  21 0 0 1.47573584228889
0

0101000
+3271 0 -3269 0 *
Ve
1e-07
19.3135840811806 22.4116347485016 0
0 0

0101101
*
Ed
 1e-07 1 1 0
1  22 0 0 0.102553146436751
0

0101000
+3269 0 -3267 0 *
Ve
1e-07
20.8896832833013 22.4116347485016 0
0 0

0101101
*
Ed
 1e-07 1 1 0
1  23 0 0 1.57609920212073
0

0101000
+3267 0 -3265 0 *
Ve
1e-07
20.8896832833013 28.5532646455076 0
0 0

0101101
*
Ed
 1e-07 1 1 0
1  24 0 0 6.14162989700599
0

0101000
+3265 0 -3263 0 *
Ve
1e-07
31.6897969144336 28.5532646455076 0
0 0

0101101
*
Ed
 1e-07 1 1 0
1  25 0 0 10.8001136311323
0

0101000
+3263 0 -3261 0 *
Ve
1e-07
31.6897969144336 22.4116347485016 0
0 0

0101101
*
Ed
 1e-07 1 1 0
1  26 0 0 6.14162989700599
0

0101000
+3261 0 -3259 0 *
Ve
1e-07
33.2129087041356 22.4116347485016 0
0 0

0101101
*
Ed
 1e-07 1 1 0
1  27 0 0 1.52311178970204
0

0101000
+3259 0 -3257 0 *
Ve
1e-07
33.2129087041356 22.5116347485016 0
0 0

0101101
*
Ed
 1e-07 1 1 0
1  28 0 0 0.100000000000001
0

0101000
+3257 0 -3255 0 *
Ve
1e-07
31.7897969144336 22.5116347485016 0
0 0

0101101
*
Ed
 1e-07 1 1 0
1  29 0 0 1.42311178970206
0

0101000
+3255 0 -3253 0 *
Ve
1e-07
31.7897969144336 28.5532646455076 0
0 0

0101101
*
Ed
 1e-07 1 1 0
1  30 0 0 6.04162989700599
0

0101000
+3253 0 -3251 0 *
Ve
1e-07
34.4268781927334 28.5532646455076 0
0 0

0101101
*
Ed
 1e-07 1 1 0
1  31 0 0 2.63708127829984
0

0101000
+3251 0 -3249 0 *
Ve
1e-07
34.4268781927334 22.5116347485016 0
0 0

0101101
*
Ed
 1e-07 1 1 0
1  32 0 0 6.04162989700599
0

0101000
+3249 0 -3247 0 *
Ve
1e-07
34.2799087041356 22.5116347485016 0
0 0

0101101
*
Ed
 1e-07 1 1 0
1  33 0 0 0.146969488597797
0

0101000
+3247 0 -3245 0 *
Ve
1e-07
34.2799087041357 22.4116347485016 0
0 0

0101101
*
Ed
 1e-07 1 1 0
1  34 0 0 0.100000000000001
0

0101000
+3245 0 -3243 0 *
Ve
1e-07
34.6853517455474 22.4116347485016 0
0 0

0101101
*
Ed
 1e-07 1 1 0
1  35 0 0 0.405443041411736
0

0101000
+3243 0 -3241 0 *
Ve
1e-07
34.6853517455474 22.5116347485016 0
0 0

0101101
*
Ed
 1e-07 1 1 0
1  36 0 0 0.100000000000001
0

0101000
+3241 0 -3239 0 *
Ve
1e-07
34.5268781927334 22.5116347485016 0
0 0

0101101
*
Ed
 1e-07 1 1 0
1  37 0 0 0.158473552813973
0

0101000
+3239 0 -3237 0 *
Ve
1e-07
34.5268781927334 28.5532646455076 0
0 0

0101101
*
Ed
 1e-07 1 1 0
1  38 0 0 6.04162989700599
0

0101000
+3237 0 -3235 0 *
Ve
1e-07
37.1639594710333 28.5532646455076 0
0 0

0101101
*
Ed
 1e-07 1 1 0
1  39 0 0 2.63708127829984
0

0101000
+3235 0 -3233 0 *
Ve
1e-07
37.1639594710333 22.5116347485016 0
0 0

0101101
*
Ed
 1e-07 1 1 0
1  40 0 0 6.04162989700599
0

0101000
+3233 0 -3231 0 *
Ve
1e-07
35.7523517455474 22.5116347485016 0
0 0

0101101
*
Ed
 1e-07 1 1 0
1  41 0 0 1.41160772548587
0

0101000
+3231 0 -3229 0 *
Ve
1e-07
35.7523517455474 22.4116347485016 0
0 0

0101101
*
Ed
 1e-07 1 1 0
1  42 0 0 0.100000000000001
0

0101000
+3229 0 -3227 0 *
Ve
1e-07
37.2639594710333 22.4116347485016 0
0 0

0101101
*
Ed
 1e-07 1 1 0
1  43 0 0 1.51160772548588
0

0101000
+3227 0 -3225 0 *
Ve
1e-07
37.2639594710333 28.5532646455076 0
0 0

0101101
*
Ed
 1e-07 1 1 0
1  44 0 0 6.14162989700598
0

0101000
+3225 0 -3223 0 *
Ve
1e-07
50.7974654184323 28.5532646455076 0
0 0

0101101
*
Ed
 1e-07 1 1 0
1  45 0 0 13.533505947399
0

0101000
+3223 0 -3221 0 *
Ve
1e-07
50.7974654184323 22.4116347485016 0
0 0

0101101
*
Ed
 1e-07 1 1 0
1  46 0 0 6.14162989700599
0

0101000
+3221 0 -3219 0 *
Ve
1e-07
52.2767782220756 22.4116347485016 0
0 0

0101101
*
Ed
 1e-07 1 1 0
1  47 0 0 1.47931280364335
0

0101000
+3219 0 -3217 0 *
Ve
1e-07
52.2767782220756 22.5116347485016 0
0 0

0101101
*
Ed
 1e-07 1 1 0
1  48 0 0 0.100000000000001
0

0101000
+3217 0 -3215 0 *
Ve
1e-07
50.8969472756029 22.5116347485016 0
0 0

0101101
*
Ed
 1e-07 1 1 0
1  49 0 0 1.37983094647274
0

0101000
+3215 0 -3213 0 *
Ve
1e-07
50.8969472756029 28.5532646455076 0
0 0

0101101
*
Ed
 1e-07 1 1 0
1  50 0 0 6.04162989700599
0

0101000
+3213 0 -3211 0 *
Ve
1e-07
53.5396953888475 28.5532646455076 0
0 0

0101101
*
Ed
 1e-07 1 1 0
1  51 0 0 2.64274811324459
0

0101000
+3211 0 -3209 0 *
Ve
1e-07
53.5396953888474 22.5116347485016 0
0 0

0101101
*
Ed
 1e-07 1 1 0
1  52 0 0 6.04162989700599
0

0101000
+3209 0 -3207 0 *
Ve
1e-07
53.3437782220756 22.5116347485016 0
0 0

0101101
*
Ed
 1e-07 1 1 0
1  53 0 0 0.195917166771828
0

0101000
+3207 0 -3205 0 *
Ve
1e-07
53.3437782220756 22.4116347485016 0
0 0

0101101
*
Ed
 1e-07 1 1 0
1  54 0 0 0.100000000000001
0

0101000
+3205 0 -3203 0 *
Ve
1e-07
53.8324463049585 22.4116347485016 0
0 0

0101101
*
Ed
 1e-07 1 1 0
1  55 0 0 0.488668082882867
0

0101000
+3203 0 -3201 0 *
Ve
1e-07
53.8324463049585 22.5116347485016 0
0 0

0101101
*
Ed
 1e-07 1 1 0
1  56 0 0 0.100000000000012
0

0101000
+3201 0 -3199 0 *
Ve
1e-07
53.6396953888474 22.5116347485016 0
0 0

0101101
*
Ed
 1e-07 1 1 0
1  57 0 0 0.192750916111045
0

0101000
+3199 0 -3197 0 *
Ve
1e-07
53.6396953888474 28.5532646455076 0
0 0

0101101
*
Ed
 1e-07 1 1 0
1  58 0 0 6.04162989700599
0

0101000
+3197 0 -3195 0 *
Ve
1e-07
56.282443502092 28.5532646455076 0
0 0

0101101
*
Ed
 1e-07 1 1 0
1  59 0 0 2.64274811324456
0

0101000
+3195 0 -3193 0 *
Ve
1e-07
56.282443502092 22.5116347485016 0
0 0

0101101
*
Ed
 1e-07 1 1 0
1  60 0 0 6.04162989700599
0

0101000
+3193 0 -3191 0 *
Ve
1e-07
54.8994463049585 22.5116347485016 0
0 0

0101101
*
Ed
 1e-07 1 1 0
1  61 0 0 1.3829971971335
0

0101000
+3191 0 -3189 0 *
Ve
1e-07
54.8994463049585 22.4116347485016 0
0 0

0101101
*
Ed
 1e-07 1 1 0
1  62 0 0 0.100000000000001
0

0101000
+3189 0 -3187 0 *
Ve
1e-07
56.3829616449214 22.4116347485016 0
0 0

0101101
*
Ed
 1e-07 1 1 0
1  63 0 0 1.48351533996291
0

0101000
+3187 0 -3185 0 *
Ve
1e-07
56.3829616449214 28.5532646455076 0
0 0

0101101
*
Ed
 1e-07 1 1 0
1  64 0 0 6.14162989700599
0

0101000
+3185 0 -3183 0 *
Ve
1e-07
58.9562139812076 28.5532646455076 0
0 0

0101101
*
Ed
 1e-07 1 1 0
1  65 0 0 2.57325233628623
0

0101000
+3183 0 -3181 0 *
Ve
1e-07
58.9562139812076 25.9750383477625 0
0 0

0101101
*
Ed
 1e-07 1 1 0
1  66 0 0 2.57822629774515
0

0101000
+3181 0 -3179 0 *
Ve
1e-07
59.0562139812076 25.9750383477624 0
0 0

0101101
*
Ed
 1e-07 1 1 0
1  67 0 0 0.100000000000037
0

0101000
+3179 0 -3177 0 *
Ve
1e-07
59.0562139812076 28.5532646455076 0
0 0

0101101
*
Ed
 1e-07 1 1 0
1  68 0 0 2.57822629774516
0

0101000
+3177 0 -3175 0 *
Ve
1e-07
64.6050756873039 28.5532646455076 0
0 0

0101101
*
Ed
 1e-07 1 1 0
1  69 0 0 5.54886170609627
0

0101000
+3175 0 -3173 0 *
Ve
1e-07
64.6050756873039 24.6182865155731 0
0 0

0101101
*
Ed
 1e-07 1 1 0
1  70 0 0 3.93497812993451
0

0101000
+3173 0 -3171 0 *
Ve
1e-07
59.0562139812076 24.6182865155731 0
0 0

0101101
*
Ed
 1e-07 1 1 0
1  71 0 0 5.54886170609627
0

0101000
+3171 0 -3169 0 *
Ve
1e-07
59.0562139812076 24.9080383477624 0
0 0

0101101
*
Ed
 1e-07 1 1 0
1  72 0 0 0.289751832189339
0

0101000
+3169 0 -3167 0 *
Ve
1e-07
58.9562139812076 24.9080383477624 0
0 0

0101101
*
Ed
 1e-07 1 1 0
1  73 0 0 0.100000000000016
0

0101000
+3167 0 -3165 0 *
Ve
1e-07
58.9562139812076 20.4815289088329 0
0 0

0101101
*
Ed
 1e-07 1 1 0
1  74 0 0 4.42650943892949
0

0101000
+3165 0 -3163 0 *
Ve
1e-07
59.0562139812076 20.481528908833 0
0 0

0101101
*
Ed
 1e-07 1 1 0
1  75 0 0 0.100000000000016
0

0101000
+3163 0 -3161 0 *
Ve
1e-07
59.0562139812076 24.5182865155731 0
0 0

0101101
*
Ed
 1e-07 1 1 0
1  76 0 0 4.03675760674014
0

0101000
+3161 0 -3159 0 *
Ve
1e-07
64.6050756873039 24.5182865155731 0
0 0

0101101
*
Ed
 1e-07 1 1 0
1  77 0 0 5.54886170609627
0

0101000
+3159 0 -3157 0 *
Ve
1e-07
64.6050756873039 19.1376272080007 0
0 0

0101101
*
Ed
 1e-07 1 1 0
1  78 0 0 5.38065930757244
0

0101000
+3157 0 -3155 0 *
Ve
1e-07
59.0562139812076 19.1376272080007 0
0 0

0101101
*
Ed
 1e-07 1 1 0
1  79 0 0 5.54886170609628
0

0101000
+3155 0 -3153 0 *
Ve
1e-07
59.0562139812076 19.414528908833 0
0 0

0101101
*
Ed
 1e-07 1 1 0
1  80 0 0 0.276901700832312
0

0101000
+3153 0 -3151 0 *
Ve
1e-07
58.9562139812076 19.4145289088329 0
0 0

0101101
*
Ed
 1e-07 1 1 0
1  81 0 0 0.100000000000016
0

0101000
+3151 0 -3149 0 *
Ve
1e-07
58.9562139812076 15.0444752948436 0
0 0

0101101
*
Ed
 1e-07 1 1 0
1  82 0 0 4.37005361398934
0

0101000
+3149 0 -3147 0 *
Ve
1e-07
59.0562139812076 15.0444752948436 0
0 0

0101101
*
Ed
 1e-07 1 1 0
1  83 0 0 0.100000000000016
0

0101000
+3147 0 -3145 0 *
Ve
1e-07
59.0562139812076 19.0376272080007 0
0 0

0101101
*
Ed
 1e-07 1 1 0
1  84 0 0 3.99315191315705
0

0101000
+3145 0 -3143 0 *
Ve
1e-07
64.6050756873039 19.0376272080007 0
0 0

0101101
*
Ed
 1e-07 1 1 0
1  85 0 0 5.54886170609627
0

0101000
+3143 0 -3141 0 *
Ve
1e-07
64.6050756873039 13.6718145291205 0
0 0

0101101
*
Ed
 1e-07 1 1 0
1  86 0 0 5.36581267888012
0

0101000
+3141 0 -3139 0 *
Ve
1e-07
59.0562139812076 13.6718145291205 0
0 0

0101101
*
Ed
 1e-07 1 1 0
1  87 0 0 5.54886170609628
0

0101000
+3139 0 -3137 0 *
Ve
1e-07
59.0562139812076 13.9774752948436 0
0 0

0101101
*
Ed
 1e-07 1 1 0
1  88 0 0 0.305660765723069
0

0101000
+3137 0 -3135 0 *
Ve
1e-07
58.9562139812076 13.9774752948436 0
0 0

0101101
*
Ed
 1e-07 1 1 0
1  89 0 0 0.100000000000009
0

0101000
+3135 0 -3133 0 *
Ve
1e-07
58.9562139812076 9.45519403635444 0
0 0

0101101
*
Ed
 1e-07 1 1 0
1  90 0 0 4.52228125848917
0

0101000
+3133 0 -3131 0 *
Ve
1e-07
59.0562139812076 9.45519403635444 0
0 0

0101101
*
Ed
 1e-07 1 1 0
1  91 0 0 0.100000000000009
0

0101000
+3131 0 -3129 0 *
Ve
1e-07
59.0562139812076 13.5718145291205 0
0 0

0101101
*
Ed
 1e-07 1 1 0
1  92 0 0 4.11662049276611
0

0101000
+3129 0 -3127 0 *
Ve
1e-07
64.6050756873039 13.5718145291205 0
0 0

0101101
*
Ed
 1e-07 1 1 0
1  93 0 0 5.54886170609627
0

0101000
+3127 0 -3125 0 *
Ve
1e-07
64.6050756873039 8.09946741507021 0
0 0

0101101
*
Ed
 1e-07 1 1 0
1  94 0 0 5.47234711405034
0

0101000
+3125 0 -3123 0 *
Ve
1e-07
59.0562139812076 8.09946741507021 0
0 0

0101101
*
Ed
 1e-07 1 1 0
1  95 0 0 5.54886170609627
0

0101000
+3123 0 -3121 0 *
Ve
1e-07
59.0562139812076 8.38819403635444 0
0 0

0101101
*
Ed
 1e-07 1 1 0
1  96 0 0 0.288726621284226
0

0101000
+3121 0 -3119 0 *
Ve
1e-07
58.9562139812076 8.38819403635443 0
0 0

0101101
*
Ed
 1e-07 1 1 0
1  97 0 0 0.0999999999999872
0

0101000
+3119 0 -3117 0 *
Ve
1e-07
58.9562139812076 7.89946741507022 0
0 0

0101101
*
Ed
 1e-07 1 1 0
1  98 0 0 0.488726621284214
0

0101000
+3117 0 -3115 0 *
Ve
1e-07
64.6050756873039 7.89946741507022 0
0 0

0101101
*
Ed
 1e-07 1 1 0
1  99 0 0 5.64886170609628
0

0101000
+3115 0 -3113 0 *
Ve
1e-07
64.6050756873039 0.0211666666666659 0
0 0

0101101
*
Ed
 1e-07 1 1 0
1  100 0 0 7.87830074840355
0

0101000
+3113 0 -3111 0 *
Ve
1e-07
49.4416282859463 0.0211666666666659 0
0 0

0101101
*
Ed
 1e-07 1 1 0
1  101 0 0 15.1634474013576
0

0101000
+3111 0 -3109 0 *
Ve
1e-07
49.4416282859463 5.83931502963322 0
0 0

0101101
*
Ed
 1e-07 1 1 0
1  102 0 0 5.81814836296655
0

0101000
+3109 0 -3107 0 *
Ve
1e-07
45.2706916420137 5.83935600175666 0
0 0

0101101
*
Ed
 1e-07 1 1 0
1  103 0 0 4.17093664413382
0

0101000
+3107 0 -3105 0 *
Ve
1e-07
45.2706916420137 5.73926301369924 0
0 0

0101101
*
Ed
 1e-07 1 1 0
1  104 0 0 0.100092988057419
0

0101000
+3105 0 -3103 0 *
Ve
1e-07
49.3416282859463 5.73926301369924 0
0 0

0101101
*
Ed
 1e-07 1 1 0
1  105 0 0 4.07093664393258
0

0101000
+3103 0 -3101 0 *
Ve
1e-07
49.3416282859463 0.0211666666666659 0
0 0

0101101
*
Ed
 1e-07 1 1 0
1  106 0 0 5.71809634703258
0

0101000
+3101 0 -3099 0 *
Ve
1e-07
43.9610055375097 0.0211666666666659 0
0 0

0101101
*
Ed
 1e-07 1 1 0
1  107 0 0 5.38062274843663
0

0101000
+3099 0 -3097 0 *
Ve
1e-07
43.9610055375097 5.73926301369924 0
0 0

0101101
*
Ed
 1e-07 1 1 0
1  108 0 0 5.71809634703258
0

0101000
+3097 0 -3095 0 *
Ve
1e-07
44.2036916420137 5.73926301369924 0
0 0

0101101
*
Ed
 1e-07 1 1 0
1  109 0 0 0.242686104504031
0

0101000
+3095 0 -3093 0 *
Ve
1e-07
44.2036916420137 5.83936648315675 0
0 0

0101101
*
Ed
 1e-07 1 1 0
1  110 0 0 0.100103469457508
0

0101000
+3093 0 -3091 0 *
Ve
1e-07
39.7900688935771 5.83940983924472 0
0 0

0101101
*
Ed
 1e-07 1 1 0
1  111 0 0 4.41362274864958
0

0101000
+3091 0 -3089 0 *
Ve
1e-07
39.7900688935771 5.73926301369924 0
0 0

0101101
*
Ed
 1e-07 1 1 0
1  112 0 0 0.10014682554548
0

0101000
+3089 0 -3087 0 *
Ve
1e-07
43.8610055375097 5.73926301369924 0
0 0

0101101
*
Ed
 1e-07 1 1 0
1  113 0 0 4.07093664393258
0

0101000
+3087 0 -3085 0 *
Ve
1e-07
43.8610055375097 0.0211666666666659 0
0 0

0101101
*
Ed
 1e-07 1 1 0
1  114 0 0 5.71809634703258
0

0101000
+3085 0 -3083 0 *
Ve
1e-07
38.480382789073 0.0211666666666659 0
0 0

0101101
*
Ed
 1e-07 1 1 0
1  115 0 0 5.38062274843664
0

0101000
+3083 0 -3081 0 *
Ve
1e-07
38.480382789073 5.73926301369924 0
0 0

0101101
*
Ed
 1e-07 1 1 0
1  116 0 0 5.71809634703258
0

0101000
+3081 0 -3079 0 *
Ve
1e-07
38.7230688935771 5.73926301369924 0
0 0

0101101
*
Ed
 1e-07 1 1 0
1  117 0 0 0.242686104504052
0

0101000
+3079 0 -3077 0 *
Ve
1e-07
38.7230688935771 5.83942032064481 0
0 0

0101101
*
Ed
 1e-07 1 1 0
1  118 0 0 0.10015730694557
0

0101000
+3077 0 -3075 0 *
Ve
1e-07
34.3186264177509 5.83946358655273 0
0 0

0101101
*
Ed
 1e-07 1 1 0
1  119 0 0 4.40444247603869
0

0101000
+3075 0 -3073 0 *
Ve
1e-07
34.3186264177509 5.73926301369924 0
0 0

0101101
*
Ed
 1e-07 1 1 0
1  120 0 0 0.100200572853488
0

0101000
+3073 0 -3071 0 *
Ve
1e-07
38.3803827890731 5.73926301369924 0
0 0

0101101
*
Ed
 1e-07 1 1 0
1  121 0 0 4.06175637132214
0

0101000
+3071 0 -3069 0 *
Ve
1e-07
38.3803827890731 0.0211666666666659 0
0 0

0101101
*
Ed
 1e-07 1 1 0
1  122 0 0 5.71809634703258
0

0101000
+3069 0 -3067 0 *
Ve
1e-07
33.0089403132469 0.0211666666666659 0
0 0

0101101
*
Ed
 1e-07 1 1 0
1  123 0 0 5.3714424758262
0

0101000
+3067 0 -3065 0 *
Ve
1e-07
33.0089403132469 5.73926301369924 0
0 0

0101101
*
Ed
 1e-07 1 1 0
1  124 0 0 5.71809634703258
0

0101000
+3065 0 -3063 0 *
Ve
1e-07
33.2516264177509 5.73926301369924 0
0 0

0101101
*
Ed
 1e-07 1 1 0
1  125 0 0 0.242686104504052
0

0101000
+3063 0 -3061 0 *
Ve
1e-07
33.2516264177509 5.83947406795283 0
0 0

0101101
*
Ed
 1e-07 1 1 0
1  126 0 0 0.100211054253585
0

0101000
+3061 0 -3059 0 *
Ve
1e-07
28.8288233967039 5.83951751422085 0
0 0

0101101
*
Ed
 1e-07 1 1 0
1  127 0 0 4.42280302126046
0

0101000
+3059 0 -3057 0 *
Ve
1e-07
28.8288233967039 5.73926301369924 0
0 0

0101101
*
Ed
 1e-07 1 1 0
1  128 0 0 0.100254500521609
0

0101000
+3057 0 -3055 0 *
Ve
1e-07
32.9089403132469 5.73926301369924 0
0 0

0101101
*
Ed
 1e-07 1 1 0
1  129 0 0 4.08011691654302
0

0101000
+3055 0 -3053 0 *
Ve
1e-07
32.9089403132469 0.0211666666666659 0
0 0

0101101
*
Ed
 1e-07 1 1 0
1  130 0 0 5.71809634703258
0

0101000
+3053 0 -3051 0 *
Ve
1e-07
27.5191372921998 0.0211666666666659 0
0 0

0101101
*
Ed
 1e-07 1 1 0
1  131 0 0 5.38980302104709
0

0101000
+3051 0 -3049 0 *
Ve
1e-07
27.5191372921998 5.73926301369924 0
0 0

0101101
*
Ed
 1e-07 1 1 0
1  132 0 0 5.71809634703258
0

0101000
+3049 0 -3047 0 *
Ve
1e-07
27.7618233967038 5.73926301369924 0
0 0

0101101
*
Ed
 1e-07 1 1 0
1  133 0 0 0.242686104504028
0

0101000
+3047 0 -3045 0 *
Ve
1e-07
27.7618233967039 5.83952799562095 0
0 0

0101101
*
Ed
 1e-07 1 1 0
1  134 0 0 0.100264981921704
0

0101000
+3045 0 -3043 0 *
Ve
1e-07
23.3665611934881 5.83957117134883 0
0 0

0101101
*
Ed
 1e-07 1 1 0
1  135 0 0 4.39526220342782
0

0101000
+3043 0 -3041 0 *
Ve
1e-07
23.3665611934881 5.73926301369924 0
0 0

0101101
*
Ed
 1e-07 1 1 0
1  136 0 0 0.100308157649586
0

0101000
+3041 0 -3039 0 *
Ve
1e-07
27.4191372921998 5.73926301369924 0
0 0

0101101
*
Ed
 1e-07 1 1 0
1  137 0 0 4.05257609871167
0

0101000
+3039 0 -3037 0 *
Ve
1e-07
27.4191372921998 0.0211666666666659 0
0 0

0101101
*
Ed
 1e-07 1 1 0
1  138 0 0 5.71809634703258
0

0101000
+3037 0 -3035 0 *
Ve
1e-07
22.056875088984 0.0211666666666659 0
0 0

0101101
*
Ed
 1e-07 1 1 0
1  139 0 0 5.36226220321574
0

0101000
+3035 0 -3033 0 *
Ve
1e-07
22.0568750889841 5.73926301369924 0
0 0

0101101
*
Ed
 1e-07 1 1 0
1  140 0 0 5.71809634703258
0

0101000
+3033 0 -3031 0 *
Ve
1e-07
22.2995611934881 5.73926301369924 0
0 0

0101101
*
Ed
 1e-07 1 1 0
1  141 0 0 0.242686104504021
0

0101000
+3031 0 -3029 0 *
Ve
1e-07
22.2995611934881 5.83958165274891 0
0 0

0101101
*
Ed
 1e-07 1 1 0
1  142 0 0 0.100318639049668
0

0101000
+3029 0 -3027 0 *
Ve
1e-07
17.8859384450514 5.83962500883689 0
0 0

0101101
*
Ed
 1e-07 1 1 0
1  143 0 0 4.41362274864961
0

0101000
+3027 0 -3025 0 *
Ve
1e-07
17.8859384450515 5.73926301369924 0
0 0

0101101
*
Ed
 1e-07 1 1 0
1  144 0 0 0.100361995137646
0

0101000
+3025 0 -3023 0 *
Ve
1e-07
21.956875088984 5.73926301369924 0
0 0

0101101
*
Ed
 1e-07 1 1 0
1  145 0 0 4.07093664393258
0

0101000
+3023 0 -3021 0 *
Ve
1e-07
21.956875088984 0.0211666666666659 0
0 0

0101101
*
Ed
 1e-07 1 1 0
1  146 0 0 5.71809634703258
0

0101000
+3021 0 -3019 0 *
Ve
1e-07
16.5762523405474 0.0211666666666659 0
0 0

0101101
*
Ed
 1e-07 1 1 0
1  147 0 0 5.38062274843662
0

0101000
+3019 0 -3017 0 *
Ve
1e-07
16.5762523405474 5.73926301369924 0
0 0

0101101
*
Ed
 1e-07 1 1 0
1  148 0 0 5.71809634703258
0

0101000
+3017 0 -3015 0 *
Ve
1e-07
16.8189384450515 5.73926301369924 0
0 0

0101101
*
Ed
 1e-07 1 1 0
1  149 0 0 0.24268610450407
0

0101000
+3015 0 -3013 0 *
Ve
1e-07
16.8189384450515 5.83963549023697 0
0 0

0101101
*
Ed
 1e-07 1 1 0
1  150 0 0 0.100372476537729
0

0101000
+3013 0 -3011 0 *
Ve
1e-07
16.4762523405474 5.8396388565258 0
0 0

0101101
*
Ed
 1e-07 1 1 0
1  151 0 0 0.342686104520595
0

0101000
+3011 0 -3009 0 *
Ve
1e-07
16.4762523405474 0.0211666666666659 0
0 0

0101101
*
Ed
 1e-07 1 1 0
1  152 0 0 5.81847218985913
0

0101000
+3009 0 -3007 0 *
Ve
1e-07
6.7349243126961 0.0211666666666659 0
0 0

0101101
*
Ed
 1e-07 1 1 0
1  153 0 0 9.74132802785133
0

0101000
+3007 0 -3005 0 *
Ve
1e-07
6.73608862859585 7.89946741507022 0
0 0

0101101
*
Ed
 1e-07 1 1 0
1  154 0 0 7.87830083443933
0

0101000
+3005 0 -3003 0 *
Ve
1e-07
12.5248344528615 7.89946741507022 0
0 0

0101101
*
Ed
 1e-07 1 1 0
1  155 0 0 5.78874582426568
0

0101000
+3003 0 -3001 0 *
Ve
1e-07
12.5248344528615 8.16131336903698 0
0 0

0101101
*
Ed
 1e-07 1 1 0
1  156 0 0 0.261845953966755
0

0101000
+3001 0 -2999 0 *
Ve
1e-07
12.4248344528615 8.16131336903695 0
0 0

0101101
*
Ed
 1e-07 1 1 0
1  157 0 0 0.099999999999989
0

0101000
+2999 0 -2997 0 *
Ve
1e-07
12.4248344528615 7.99946741507022 0
0 0

0101101
*
Ed
 1e-07 1 1 0
1  158 0 0 0.161845953966733
0

0101000
+2997 0 -2995 0 *
Ve
1e-07
6.73539311113838 7.99946741507022 0
0 0

0101101
*
Ed
 1e-07 1 1 0
1  159 0 0 5.68944134172316
0

0101000
+2995 0 -2993 0 *
Ve
1e-07
6.73584820656815 10.6260083811093 0
0 0

0101101
*
Ed
 1e-07 1 1 0
1  160 0 0 2.62654100546584
0

0101000
+2993 0 -2991 0 *
Ve
1e-07
12.4248344528615 10.6260083803729 0
0 0

0101101
*
Ed
 1e-07 1 1 0
1  161 0 0 5.68898624629339
0

0101000
+2991 0 -2989 0 *
Ve
1e-07
12.4248344528615 9.22831336903696 0
0 0

0101101
*
Ed
 1e-07 1 1 0
1  162 0 0 1.39769501133591
0

0101000
+2989 0 -2987 0 *
Ve
1e-07
12.5248344528615 9.22831336903694 0
0 0

0101101
*
Ed
 1e-07 1 1 0
1  163 0 0 0.099999999999989
0

0101000
+2987 0 -2985 0 *
Ve
1e-07
12.5248344528615 10.8878543343396 0
0 0

0101101
*
Ed
 1e-07 1 1 0
1  164 0 0 1.65954096530268
0

0101000
+2985 0 -2983 0 *
Ve
1e-07
12.4248344528615 10.8878543343396 0
0 0

0101101
*
Ed
 1e-07 1 1 0
1  165 0 0 0.099999999999989
0

0101000
+2983 0 -2981 0 *
Ve
1e-07
12.4248344528615 10.7260083803729 0
0 0

0101101
*
Ed
 1e-07 1 1 0
1  166 0 0 0.161845953966731
0

0101000
+2981 0 -2979 0 *
Ve
1e-07
6.73539311113838 10.7260083803729 0
0 0

0101101
*
Ed
 1e-07 1 1 0
1  167 0 0 5.68944134172316
0

0101000
+2979 0 -2977 0 *
Ve
1e-07
6.73584820656815 13.352549346412 0
0 0

0101101
*
Ed
 1e-07 1 1 0
1  168 0 0 2.62654100546584
0

0101000
+2977 0 -2975 0 *
Ve
1e-07
12.4248344528615 13.3525493456755 0
0 0

0101101
*
Ed
 1e-07 1 1 0
1  169 0 0 5.68898624629339
0

0101000
+2975 0 -2973 0 *
Ve
1e-07
12.4248344528615 11.9548543343396 0
0 0

0101101
*
Ed
 1e-07 1 1 0
1  170 0 0 1.39769501133591
0

0101000
+2973 0 -2971 0 *
Ve
1e-07
12.5248344528615 11.9548543343396 0
0 0

0101101
*
Ed
 1e-07 1 1 0
1  171 0 0 0.099999999999989
0

0101000
+2971 0 -2969 0 *
Ve
1e-07
12.5248344528615 13.6143952996422 0
0 0

0101101
*
Ed
 1e-07 1 1 0
1  172 0 0 1.65954096530262
0

0101000
+2969 0 -2967 0 *
Ve
1e-07
12.4248344528615 13.6143952996423 0
0 0

0101101
*
Ed
 1e-07 1 1 0
1  173 0 0 0.099999999999989
0

0101000
+2967 0 -2965 0 *
Ve
1e-07
12.4248344528615 13.4525493456755 0
0 0

0101101
*
Ed
 1e-07 1 1 0
1  174 0 0 0.16184595396674
0

0101000
+2965 0 -2963 0 *
Ve
1e-07
6.735852497426 13.4525493456755 0
0 0

0101101
*
Ed
 1e-07 1 1 0
1  175 0 0 5.68898195543554
0

0101000
+2963 0 -2961 0 *
Ve
1e-07
6.73631188371367 16.0790903109782 0
0 0

0101101
*
Ed
 1e-07 1 1 0
1  176 0 0 2.62654100547635
0

0101000
+2961 0 -2959 0 *
Ve
1e-07
12.4248344528615 16.0790903109782 0
0 0

0101101
*
Ed
 1e-07 1 1 0
1  177 0 0 5.68852256914787
0

0101000
+2959 0 -2957 0 *
Ve
1e-07
12.4248344528615 14.6813952996423 0
0 0

0101101
*
Ed
 1e-07 1 1 0
1  178 0 0 1.39769501133592
0

0101000
+2957 0 -2955 0 *
Ve
1e-07
12.5248344528615 14.6813952996423 0
0 0

0101101
*
Ed
 1e-07 1 1 0
1  179 0 0 0.099999999999989
0

0101000
+2955 0 -2953 0 *
Ve
1e-07
12.5248344528615 16.3409362649449 0
0 0

0101101
*
Ed
 1e-07 1 1 0
1  180 0 0 1.65954096530265
0

0101000
+2953 0 -2951 0 *
Ve
1e-07
12.4248344528615 16.3409362649449 0
0 0

0101101
*
Ed
 1e-07 1 1 0
1  181 0 0 0.099999999999989
0

0101000
+2951 0 -2949 0 *
Ve
1e-07
12.4248344528615 16.1790903109782 0
0 0

0101101
*
Ed
 1e-07 1 1 0
1  182 0 0 0.161845953966747
0

0101000
+2949 0 -2947 0 *
Ve
1e-07
6.73583962137396 16.1790903109782 0
0 0

0101101
*
Ed
 1e-07 1 1 0
1  183 0 0 5.68899483148758
0

0101000
+2947 0 -2945 0 *
Ve
1e-07
6.7361849767337 18.8258592298492 0
0 0

0101101
*
Ed
 1e-07 1 1 0
1  184 0 0 2.64676894140236
0

0101000
+2945 0 -2943 0 *
Ve
1e-07
12.4248344528615 18.8258592294315 0
0 0

0101101
*
Ed
 1e-07 1 1 0
1  185 0 0 5.68864947612784
0

0101000
+2943 0 -2941 0 *
Ve
1e-07
12.4248344528615 17.4079362649449 0
0 0

0101101
*
Ed
 1e-07 1 1 0
1  186 0 0 1.41792296448661
0

0101000
+2941 0 -2939 0 *
Ve
1e-07
12.5248344528615 17.4079362649449 0
0 0

0101101
*
Ed
 1e-07 1 1 0
1  187 0 0 0.099999999999989
0

0101000
+2939 0 -2937 0 *
Ve
1e-07
12.5248344528615 19.0877051833982 0
0 0

0101101
*
Ed
 1e-07 1 1 0
1  188 0 0 1.67976891845333
0

0101000
+2937 0 -2935 0 *
Ve
1e-07
12.4248344528615 19.0877051833983 0
0 0

0101101
*
Ed
 1e-07 1 1 0
1  189 0 0 0.099999999999989
0

0101000
+2935 0 -2933 0 *
Ve
1e-07
12.4248344528615 18.9258592294315 0
0 0

0101101
*
Ed
 1e-07 1 1 0
1  190 0 0 0.16184595396674
0

0101000
+2933 0 -2931 0 *
Ve
1e-07
6.73618820825716 18.9258592294315 0
0 0

0101101
*
Ed
 1e-07 1 1 0
1  191 0 0 5.68864624460438
0

0101000
+2931 0 -2929 0 *
Ve
1e-07
6.73653679514034 21.5726281478849 0
0 0

0101101
*
Ed
 1e-07 1 1 0
1  192 0 0 2.6467689414083
0

0101000
+2929 0 -2927 0 *
Ve
1e-07
12.4248344528615 21.5726281478849 0
0 0

0101101
*
Ed
 1e-07 1 1 0
1  193 0 0 5.6882976577212
0

0101000
+2927 0 -2925 0 *
Ve
1e-07
12.4248344528615 20.1547051833982 0
0 0

0101101
*
Ed
 1e-07 1 1 0
1  194 0 0 1.41792296448662
0

0101000
+2925 0 -2923 0 *
Ve
1e-07
12.5248344528615 20.1547051833982 0
0 0

0101101
*
Ed
 1e-07 1 1 0
1  195 0 0 0.099999999999989
0

0101000
+2923 0 -2921 0 *
Ve
1e-07
12.5248344528615 21.8344741018516 0
0 0

0101101
*
Ed
 1e-07 1 1 0
1  196 0 0 1.67976891845336
0

0101000
+2921 0 -2919 0 *
Ve
1e-07
12.4248344528615 21.8344741018516 0
0 0

0101101
*
Ed
 1e-07 1 1 0
1  197 0 0 0.099999999999989
0

0101000
+2919 0 -2917 0 *
Ve
1e-07
12.4248344528615 21.6726281478849 0
0 0

0101101
*
Ed
 1e-07 1 1 0
1  198 0 0 0.161845953966733
0

0101000
+2917 0 -2915 0 *
Ve
1e-07
6.73628944422733 21.6726281478849 0
0 0

0101101
*
Ed
 1e-07 1 1 0
1  199 0 0 5.68854500863421
0

0101000
+2915 0 -2913 0 *
Ve
1e-07
6.73653474808585 24.6434430965555 0
0 0

0101101
*
Ed
 1e-07 1 1 0
1  200 0 0 2.97081495879813
0

0101000
+2913 0 -2911 0 *
Ve
1e-07
12.4248344528615 24.6434430963879 0
0 0

0101101
*
Ed
 1e-07 1 1 0
1  201 0 0 5.68829970477569
0

0101000
+2911 0 -2909 0 *
Ve
1e-07
12.4248344528615 22.9014741018516 0
0 0

0101101
*
Ed
 1e-07 1 1 0
1  202 0 0 1.74196899453625
0

0101000
+2909 0 -2907 0 *
Ve
1e-07
12.5248344528615 22.9014741018516 0
0 0

0101101
*
Ed
 1e-07 1 1 0
1  203 0 0 0.099999999999989
0

0101000
+2907 0 -2905 0 *
Ve
1e-07
12.5248344528615 24.9052890503546 0
0 0

0101101
*
Ed
 1e-07 1 1 0
1  204 0 0 2.00381494850303
0

0101000
+2905 0 -2903 0 *
Ve
1e-07
12.4248344528644 24.9052890503546 0
0 0

0101101
*
Ed
 1e-07 1 1 0
1  205 0 0 0.0999999999971504
0

0101000
+2903 0 -2901 0 *
Ve
1e-07
12.4248344528645 24.7434430963879 0
0 0

0101101
*
Ed
 1e-07 1 1 0
1  206 0 0 0.16184595396674
0

0101000
+2901 0 -2899 0 *
Ve
1e-07
6.73653679514327 24.7434430963879 0
0 0

0101101
*
Ed
 1e-07 1 1 0
1  207 0 0 5.68829765772122
0

0101000
+2899 0 -2897 0 *
Ed
 1e-07 1 1 0
1  208 0 0 3.80982155714932
0

0101000
+2897 0 -3310 0 *
Wi

0101100
+3308 0 +3306 0 +3304 0 +3302 0 +3300 0 +3298 0 +3296 0 +3294 0 +3292 0 +3290 0 
+3288 0 +3286 0 +3284 0 +3282 0 +3280 0 +3278 0 +3276 0 +3274 0 +3272 0 +3270 0 
+3268 0 +3266 0 +3264 0 +3262 0 +3260 0 +3258 0 +3256 0 +3254 0 +3252 0 +3250 0 
+3248 0 +3246 0 +3244 0 +3242 0 +3240 0 +3238 0 +3236 0 +3234 0 +3232 0 +3230 0 
+3228 0 +3226 0 +3224 0 +3222 0 +3220 0 +3218 0 +3216 0 +3214 0 +3212 0 +3210 0 
+3208 0 +3206 0 +3204 0 +3202 0 +3200 0 +3198 0 +3196 0 +3194 0 +3192 0 +3190 0 
+3188 0 +3186 0 +3184 0 +3182 0 +3180 0 +3178 0 +3176 0 +3174 0 +3172 0 +3170 0 
+3168 0 +3166 0 +3164 0 +3162 0 +3160 0 +3158 0 +3156 0 +3154 0 +3152 0 +3150 0 
+3148 0 +3146 0 +3144 0 +3142 0 +3140 0 +3138 0 +3136 0 +3134 0 +3132 0 +3130 0 
+3128 0 +3126 0 +3124 0 +3122 0 +3120 0 +3118 0 +3116 0 +3114 0 +3112 0 +3110 0 
+3108 0 +3106 0 +3104 0 +3102 0 +3100 0 +3098 0 +3096 0 +3094 0 +3092 0 +3090 0 
+3088 0 +3086 0 +3084 0 +3082 0 +3080 0 +3078 0 +3076 0 +3074 0 +3072 0 +3070 0 
+3068 0 +3066 0 +3064 0 +3062 0 +3060 0 +3058 0 +3056 0 +3054 0 +3052 0 +3050 0 
+3048 0 +3046 0 +3044 0 +3042 0 +3040 0 +3038 0 +3036 0 +3034 0 +3032 0 +3030 0 
+3028 0 +3026 0 +3024 0 +3022 0 +3020 0 +3018 0 +3016 0 +3014 0 +3012 0 +3010 0 
+3008 0 +3006 0 +3004 0 +3002 0 +3000 0 +2998 0 +2996 0 +2994 0 +2992 0 +2990 0 
+2988 0 +2986 0 +2984 0 +2982 0 +2980 0 +2978 0 +2976 0 +2974 0 +2972 0 +2970 0 
+2968 0 +2966 0 +2964 0 +2962 0 +2960 0 +2958 0 +2956 0 +2954 0 +2952 0 +2950 0 
+2948 0 +2946 0 +2944 0 +2942 0 +2940 0 +2938 0 +2936 0 +2934 0 +2932 0 +2930 0 
+2928 0 +2926 0 +2924 0 +2922 0 +2920 0 +2918 0 +2916 0 +2914 0 +2912 0 +2910 0 
+2908 0 +2906 0 +2904 0 +2902 0 +2900 0 +2898 0 +2896 0 +2895 0 *
Ve
1e-07
39.4974180703472 7.90057732162193 0
0 0

0101101
*
Ve
1e-07
39.4974180703472 8.10057732162193 0
0 0

0101101
*
Ed
 1e-07 1 1 0
1  209 0 0 0.200000000000003
0

0101000
+2893 0 -2892 0 *
Ve
1e-07
39.8433869084572 8.10057732162193 0
0 0

0101101
*
Ed
 1e-07 1 1 0
1  210 0 0 0.345968838110011
0

0101000
+2892 0 -2890 0 *
Ve
1e-07
39.8433869084572 11.3754766567299 0
0 0

0101101
*
Ed
 1e-07 1 1 0
1  211 0 0 3.27489933510799
0

0101000
+2890 0 -2888 0 *
Ve
1e-07
37.3059877963856 11.3754766567299 0
0 0

0101101
*
Ed
 1e-07 1 1 0
1  212 0 0 2.53739911207158
0

0101000
+2888 0 -2886 0 *
Ve
1e-07
37.3059877963856 8.10057732162193 0
0 0

0101101
*
Ed
 1e-07 1 1 0
1  213 0 0 3.27489933510799
0

0101000
+2886 0 -2884 0 *
Ve
1e-07
37.6874180703472 8.10057732162193 0
0 0

0101101
*
Ed
 1e-07 1 1 0
1  214 0 0 0.381430273961548
0

0101000
+2884 0 -2882 0 *
Ve
1e-07
37.6874180703472 7.90057732162193 0
0 0

0101101
*
Ed
 1e-07 1 1 0
1  215 0 0 0.200000000000003
0

0101000
+2882 0 -2880 0 *
Ve
1e-07
33.4201810933257 7.90057732162193 0
0 0

0101101
*
Ed
 1e-07 1 1 0
1  216 0 0 4.26723697702144
0

0101000
+2880 0 -2878 0 *
Ve
1e-07
33.4201810933257 8.00057732162193 0
0 0

0101101
*
Ed
 1e-07 1 1 0
1  217 0 0 0.100000000000001
0

0101000
+2878 0 -2876 0 *
Ve
1e-07
37.1059877963856 8.00057732162193 0
0 0

0101101
*
Ed
 1e-07 1 1 0
1  218 0 0 3.6858067030599
0

0101000
+2876 0 -2874 0 *
Ve
1e-07
37.1059877963856 11.4754766567299 0
0 0

0101101
*
Ed
 1e-07 1 1 0
1  219 0 0 3.47489933510799
0

0101000
+2874 0 -2872 0 *
Ve
1e-07
23.4397593683808 11.4754766567299 0
0 0

0101101
*
Ed
 1e-07 1 1 0
1  220 0 0 13.6662284280049
0

0101000
+2872 0 -2870 0 *
Ve
1e-07
23.4397593683808 8.00057732162192 0
0 0

0101101
*
Ed
 1e-07 1 1 0
1  221 0 0 3.474899335108
0

0101000
+2870 0 -2868 0 *
Ve
1e-07
25.0962268598567 8.00057732162192 0
0 0

0101101
*
Ed
 1e-07 1 1 0
1  222 0 0 1.65646749147591
0

0101000
+2868 0 -2866 0 *
Ve
1e-07
25.0962268598567 7.90057732162193 0
0 0

0101101
*
Ed
 1e-07 1 1 0
1  223 0 0 0.0999999999999872
0

0101000
+2866 0 -2864 0 *
Ve
1e-07
23.3397593683808 7.90057732162193 0
0 0

0101101
*
Ed
 1e-07 1 1 0
1  224 0 0 1.75646749147591
0

0101000
+2864 0 -2862 0 *
Ve
1e-07
23.3397593683808 11.5754766567299 0
0 0

0101101
*
Ed
 1e-07 1 1 0
1  225 0 0 3.67489933510799
0

0101000
+2862 0 -2860 0 *
Ve
1e-07
40.3588156512919 11.5754766567299 0
0 0

0101101
*
Ed
 1e-07 1 1 0
1  226 0 0 17.0190562829112
0

0101000
+2860 0 -2858 0 *
Ve
1e-07
40.3588156512919 11.4754766567299 0
0 0

0101101
*
Ed
 1e-07 1 1 0
1  227 0 0 0.0999999999999996
0

0101000
+2858 0 -2856 0 *
Ve
1e-07
40.0433869084572 11.4754766567299 0
0 0

0101101
*
Ed
 1e-07 1 1 0
1  228 0 0 0.315428742834669
0

0101000
+2856 0 -2854 0 *
Ve
1e-07
40.0433869084572 8.00057732162192 0
0 0

0101101
*
Ed
 1e-07 1 1 0
1  229 0 0 3.474899335108
0

0101000
+2854 0 -2852 0 *
Ve
1e-07
44.3775177868217 8.00057732162192 0
0 0

0101101
*
Ed
 1e-07 1 1 0
1  230 0 0 4.33413087836444
0

0101000
+2852 0 -2850 0 *
Ve
1e-07
44.3775177868217 11.4754766567299 0
0 0

0101101
*
Ed
 1e-07 1 1 0
1  231 0 0 3.474899335108
0

0101000
+2850 0 -2848 0 *
Ve
1e-07
41.4258156512919 11.4754766567299 0
0 0

0101101
*
Ed
 1e-07 1 1 0
1  232 0 0 2.95170213552979
0

0101000
+2848 0 -2846 0 *
Ve
1e-07
41.4258156512919 11.5754766567299 0
0 0

0101101
*
Ed
 1e-07 1 1 0
1  233 0 0 0.100000000000009
0

0101000
+2846 0 -2844 0 *
Ve
1e-07
44.7789842215624 11.5754766567299 0
0 0

0101101
*
Ed
 1e-07 1 1 0
1  234 0 0 3.35316857027054
0

0101000
+2844 0 -2842 0 *
Ve
1e-07
44.7789842215624 11.4754766567299 0
0 0

0101101
*
Ed
 1e-07 1 1 0
1  235 0 0 0.100000000000009
0

0101000
+2842 0 -2840 0 *
Ve
1e-07
44.4775177868217 11.4754766567299 0
0 0

0101101
*
Ed
 1e-07 1 1 0
1  236 0 0 0.30146643474076
0

0101000
+2840 0 -2838 0 *
Ve
1e-07
44.4775177868217 8.00057732162192 0
0 0

0101101
*
Ed
 1e-07 1 1 0
1  237 0 0 3.474899335108
0

0101000
+2838 0 -2836 0 *
Ve
1e-07
49.3406983692677 8.00057732162192 0
0 0

0101101
*
Ed
 1e-07 1 1 0
1  238 0 0 4.86318058244602
0

0101000
+2836 0 -2834 0 *
Ve
1e-07
49.3406983692677 11.4754766567299 0
0 0

0101101
*
Ed
 1e-07 1 1 0
1  239 0 0 3.474899335108
0

0101000
+2834 0 -2832 0 *
Ve
1e-07
45.8459842215624 11.4754766567299 0
0 0

0101101
*
Ed
 1e-07 1 1 0
1  240 0 0 3.49471414770524
0

0101000
+2832 0 -2830 0 *
Ve
1e-07
45.8459842215625 11.5754766567299 0
0 0

0101101
*
Ed
 1e-07 1 1 0
1  241 0 0 0.100000000000009
0

0101000
+2830 0 -2828 0 *
Ve
1e-07
49.4406983692677 11.5754766567299 0
0 0

0101101
*
Ed
 1e-07 1 1 0
1  242 0 0 3.59471414770524
0

0101000
+2828 0 -2826 0 *
Ve
1e-07
49.4406983692677 7.90057732162193 0
0 0

0101101
*
Ed
 1e-07 1 1 0
1  243 0 0 3.674899335108
0

0101000
+2826 0 -2824 0 *
Ed
 1e-07 1 1 0
1  244 0 0 9.94328029892051
0

0101000
+2824 0 -2893 0 *
Wi

0101100
+2891 0 +2889 0 +2887 0 +2885 0 +2883 0 +2881 0 +2879 0 +2877 0 +2875 0 +2873 0 
+2871 0 +2869 0 +2867 0 +2865 0 +2863 0 +2861 0 +2859 0 +2857 0 +2855 0 +2853 0 
+2851 0 +2849 0 +2847 0 +2845 0 +2843 0 +2841 0 +2839 0 +2837 0 +2835 0 +2833 0 
+2831 0 +2829 0 +2827 0 +2825 0 +2823 0 +2822 0 *
Ve
1e-07
26.9062268598567 8.00057732162193 0
0 0

0101101
*
Ve
1e-07
31.6101810933257 8.00057732162193 0
0 0

0101101
*
Ed
 1e-07 1 1 0
1  245 0 0 4.70395423346904
0

0101000
+2820 0 -2819 0 *
Ve
1e-07
31.6101810933257 7.90057732162193 0
0 0

0101101
*
Ed
 1e-07 1 1 0
1  246 0 0 0.0999999999999979
0

0101000
+2819 0 -2817 0 *
Ve
1e-07
26.9062268598567 7.90057732162193 0
0 0

0101101
*
Ed
 1e-07 1 1 0
1  247 0 0 4.70395423346904
0

0101000
+2817 0 -2815 0 *
Ed
 1e-07 1 1 0
1  248 0 0 0.0999999999999979
0

0101000
+2815 0 -2820 0 *
Wi

0101100
+2818 0 +2816 0 +2814 0 +2813 0 *
Ve
1e-07
23.9595421340684 19.1940880355417 0
0 0

0101101
*
Ve
1e-07
23.9595421340684 19.0940880355417 0
0 0

0101101
*
Ed
 1e-07 1 1 0
1  249 0 0 0.100000000000001
0

0101000
+2811 0 -2810 0 *
Ve
1e-07
23.4397593683808 19.0940880355417 0
0 0

0101101
*
Ed
 1e-07 1 1 0
1  250 0 0 0.519782765687602
0

0101000
+2810 0 -2808 0 *
Ve
1e-07
23.4397593683808 14.2972036530248 0
0 0

0101101
*
Ed
 1e-07 1 1 0
1  251 0 0 4.79688438251692
0

0101000
+2808 0 -2806 0 *
Ve
1e-07
31.6537925984013 14.2972036530248 0
0 0

0101101
*
Ed
 1e-07 1 1 0
1  252 0 0 8.21403323002053
0

0101000
+2806 0 -2804 0 *
Ve
1e-07
31.6537925984013 19.0940880355417 0
0 0

0101101
*
Ed
 1e-07 1 1 0
1  253 0 0 4.79688438251692
0

0101000
+2804 0 -2802 0 *
Ve
1e-07
30.1722088007351 19.0940880355417 0
0 0

0101101
*
Ed
 1e-07 1 1 0
1  254 0 0 1.48158379766622
0

0101000
+2802 0 -2800 0 *
Ve
1e-07
30.172208800735 19.1940880355417 0
0 0

0101101
*
Ed
 1e-07 1 1 0
1  255 0 0 0.100000000000001
0

0101000
+2800 0 -2798 0 *
Ve
1e-07
33.0853795245274 19.1940880355417 0
0 0

0101101
*
Ed
 1e-07 1 1 0
1  256 0 0 2.91317072379239
0

0101000
+2798 0 -2796 0 *
Ve
1e-07
33.0853795245274 19.0940880355417 0
0 0

0101101
*
Ed
 1e-07 1 1 0
1  257 0 0 0.100000000000001
0

0101000
+2796 0 -2794 0 *
Ve
1e-07
31.7537925984013 19.0940880355417 0
0 0

0101101
*
Ed
 1e-07 1 1 0
1  258 0 0 1.33158692612612
0

0101000
+2794 0 -2792 0 *
Ve
1e-07
31.7537925984013 14.2972036530248 0
0 0

0101101
*
Ed
 1e-07 1 1 0
1  259 0 0 4.79688438251692
0

0101000
+2792 0 -2790 0 *
Ve
1e-07
35.6888795245274 14.2972036530248 0
0 0

0101101
*
Ed
 1e-07 1 1 0
1  260 0 0 3.93508692612612
0

0101000
+2790 0 -2788 0 *
Ve
1e-07
35.6888795245274 14.1972036530248 0
0 0

0101101
*
Ed
 1e-07 1 1 0
1  261 0 0 0.099999999999989
0

0101000
+2788 0 -2786 0 *
Ve
1e-07
23.3397593683808 14.1972036530248 0
0 0

0101101
*
Ed
 1e-07 1 1 0
1  262 0 0 12.3491201561466
0

0101000
+2786 0 -2784 0 *
Ve
1e-07
23.3397593683808 19.1940880355417 0
0 0

0101101
*
Ed
 1e-07 1 1 0
1  263 0 0 4.99688438251692
0

0101000
+2784 0 -2782 0 *
Ed
 1e-07 1 1 0
1  264 0 0 0.619782765687599
0

0101000
+2782 0 -2811 0 *
Wi

0101100
+2809 0 +2807 0 +2805 0 +2803 0 +2801 0 +2799 0 +2797 0 +2795 0 +2793 0 +2791 0 
+2789 0 +2787 0 +2785 0 +2783 0 +2781 0 +2780 0 *
Ve
1e-07
36.7558795245274 19.1940880355417 0
0 0

0101101
*
Ve
1e-07
37.2059877963856 19.1940880355417 0
0 0

0101101
*
Ed
 1e-07 1 1 0
1  265 0 0 0.450108271858262
0

0101000
+2778 0 -2777 0 *
Ve
1e-07
37.2059877963856 14.1972036530248 0
0 0

0101101
*
Ed
 1e-07 1 1 0
1  266 0 0 4.99688438251692
0

0101000
+2777 0 -2775 0 *
Ve
1e-07
36.7558795245274 14.1972036530248 0
0 0

0101101
*
Ed
 1e-07 1 1 0
1  267 0 0 0.450108271858255
0

0101000
+2775 0 -2773 0 *
Ve
1e-07
36.7558795245274 14.2972036530248 0
0 0

0101101
*
Ed
 1e-07 1 1 0
1  268 0 0 0.099999999999989
0

0101000
+2773 0 -2771 0 *
Ve
1e-07
37.1059877963856 14.2972036530248 0
0 0

0101101
*
Ed
 1e-07 1 1 0
1  269 0 0 0.350108271858247
0

0101000
+2771 0 -2769 0 *
Ve
1e-07
37.1059877963856 19.0940880355417 0
0 0

0101101
*
Ed
 1e-07 1 1 0
1  270 0 0 4.79688438251693
0

0101000
+2769 0 -2767 0 *
Ve
1e-07
36.7558795245274 19.0940880355417 0
0 0

0101101
*
Ed
 1e-07 1 1 0
1  271 0 0 0.35010827185824
0

0101000
+2767 0 -2765 0 *
Ed
 1e-07 1 1 0
1  272 0 0 0.100000000000001
0

0101000
+2765 0 -2778 0 *
Wi

0101100
+2776 0 +2774 0 +2772 0 +2770 0 +2768 0 +2766 0 +2764 0 +2763 0 *
Ve
1e-07
43.0821478668911 19.1940880355417 0
0 0

0101101
*
Ve
1e-07
43.0821478668911 19.0940559306795 0
0 0

0101101
*
Ed
 1e-07 1 1 0
1  273 0 0 0.100032104862279
0

0101000
+2761 0 -2760 0 *
Ve
1e-07
40.0433869084572 19.0939809858734 0
0 0

0101101
*
Ed
 1e-07 1 1 0
1  274 0 0 3.03876095935803
0

0101000
+2760 0 -2758 0 *
Ve
1e-07
40.0433869084572 14.2976493413711 0
0 0

0101101
*
Ed
 1e-07 1 1 0
1  275 0 0 4.79633164450226
0

0101000
+2758 0 -2756 0 *
Ve
1e-07
43.0757730576669 14.2976493413711 0
0 0

0101101
*
Ed
 1e-07 1 1 0
1  276 0 0 3.03238614920964
0

0101000
+2756 0 -2754 0 *
Ve
1e-07
43.0757730576669 14.1976493413711 0
0 0

0101101
*
Ed
 1e-07 1 1 0
1  277 0 0 0.0999999999999996
0

0101000
+2754 0 -2752 0 *
Ve
1e-07
39.9433869084572 14.1976493413711 0
0 0

0101101
*
Ed
 1e-07 1 1 0
1  278 0 0 3.13238614920965
0

0101000
+2752 0 -2750 0 *
Ve
1e-07
39.9433869084572 19.1940880355417 0
0 0

0101101
*
Ed
 1e-07 1 1 0
1  279 0 0 4.99643869417067
0

0101000
+2750 0 -2748 0 *
Ed
 1e-07 1 1 0
1  280 0 0 3.13876095843389
0

0101000
+2748 0 -2761 0 *
Wi

0101100
+2759 0 +2757 0 +2755 0 +2753 0 +2751 0 +2749 0 +2747 0 +2746 0 *
Ve
1e-07
44.1491478668911 19.1940880355417 0
0 0

0101101
*
Ve
1e-07
44.1491478668911 19.0940822460459 0
0 0

0101101
*
Ed
 1e-07 1 1 0
1  281 0 0 0.100005789495839
0

0101000
+2744 0 -2743 0 *
Ve
1e-07
44.383892538809 19.0940880355417 0
0 0

0101101
*
Ed
 1e-07 1 1 0
1  282 0 0 0.234744671989316
0

0101000
+2743 0 -2741 0 *
Ve
1e-07
44.3775177295848 14.2976493413711 0
0 0

0101101
*
Ed
 1e-07 1 1 0
1  283 0 0 4.79644293045692
0

0101000
+2741 0 -2739 0 *
Ve
1e-07
44.1427730576669 14.2976493413711 0
0 0

0101101
*
Ed
 1e-07 1 1 0
1  284 0 0 0.234744671917873
0

0101000
+2739 0 -2737 0 *
Ve
1e-07
44.1427730576669 14.1976493413711 0
0 0

0101101
*
Ed
 1e-07 1 1 0
1  285 0 0 0.10000000000001
0

0101000
+2737 0 -2735 0 *
Ve
1e-07
49.4406983692677 14.1976493413711 0
0 0

0101101
*
Ed
 1e-07 1 1 0
1  286 0 0 5.2979253116008
0

0101000
+2735 0 -2733 0 *
Ve
1e-07
49.4406983692677 19.1940880355417 0
0 0

0101101
*
Ed
 1e-07 1 1 0
1  287 0 0 4.99643869417067
0

0101000
+2733 0 -2731 0 *
Ve
1e-07
45.7908101383424 19.1940880355417 0
0 0

0101101
*
Ed
 1e-07 1 1 0
1  288 0 0 3.64988823092526
0

0101000
+2731 0 -2729 0 *
Ve
1e-07
45.7908101383424 19.0940880355417 0
0 0

0101101
*
Ed
 1e-07 1 1 0
1  289 0 0 0.100000000000001
0

0101000
+2729 0 -2727 0 *
Ve
1e-07
49.3406983692677 19.0940880355417 0
0 0

0101101
*
Ed
 1e-07 1 1 0
1  290 0 0 3.54988823092525
0

0101000
+2727 0 -2725 0 *
Ve
1e-07
49.3406983692677 14.2976493413711 0
0 0

0101101
*
Ed
 1e-07 1 1 0
1  291 0 0 4.79643869417066
0

0101000
+2725 0 -2723 0 *
Ve
1e-07
44.4774642619874 14.297649312722 0
0 0

0101101
*
Ed
 1e-07 1 1 0
1  292 0 0 4.86323410728023
0

0101000
+2723 0 -2721 0 *
Ve
1e-07
44.4811240338384 19.0940880355417 0
0 0

0101101
*
Ed
 1e-07 1 1 0
1  293 0 0 4.79644011905649
0

0101000
+2721 0 -2719 0 *
Ve
1e-07
44.7238101383425 19.0940880355417 0
0 0

0101101
*
Ed
 1e-07 1 1 0
1  294 0 0 0.242686104504074
0

0101000
+2719 0 -2717 0 *
Ve
1e-07
44.7238101383424 19.1940880355417 0
0 0

0101101
*
Ed
 1e-07 1 1 0
1  295 0 0 0.100000000000001
0

0101000
+2717 0 -2715 0 *
Ed
 1e-07 1 1 0
1  296 0 0 0.574662271451317
0

0101000
+2715 0 -2744 0 *
Wi

0101100
+2742 0 +2740 0 +2738 0 +2736 0 +2734 0 +2732 0 +2730 0 +2728 0 +2726 0 +2724 0 
+2722 0 +2720 0 +2718 0 +2716 0 +2714 0 +2713 0 *
Ve
1e-07
51.8280408762316 14.2372916238135 0
0 0

0101101
*
Ve
1e-07
51.8280408762316 17.5840497749914 0
0 0

0101101
*
Ed
 1e-07 1 1 0
1  297 0 0 3.3467581511779
0

0101000
+2711 0 -2710 0 *
Ve
1e-07
56.1820317282428 17.5840497749914 0
0 0

0101101
*
Ed
 1e-07 1 1 0
1  298 0 0 4.35399085201112
0

0101000
+2710 0 -2708 0 *
Ve
1e-07
56.1820317282428 8.10057732162194 0
0 0

0101101
*
Ed
 1e-07 1 1 0
1  299 0 0 9.48347245336949
0

0101000
+2708 0 -2706 0 *
Ve
1e-07
51.8280408762316 8.10057732162192 0
0 0

0101101
*
Ed
 1e-07 1 1 0
1  300 0 0 4.35399085201112
0

0101000
+2706 0 -2704 0 *
Ve
1e-07
51.8280408762316 13.1702916238135 0
0 0

0101101
*
Ed
 1e-07 1 1 0
1  301 0 0 5.06971430219161
0

0101000
+2704 0 -2702 0 *
Ve
1e-07
51.6280408762317 13.1702916238135 0
0 0

0101101
*
Ed
 1e-07 1 1 0
1  302 0 0 0.199999999999989
0

0101000
+2702 0 -2700 0 *
Ve
1e-07
51.6280408762317 7.90057732162192 0
0 0

0101101
*
Ed
 1e-07 1 1 0
1  303 0 0 5.26971430219161
0

0101000
+2700 0 -2698 0 *
Ve
1e-07
56.3820317282428 7.90057732162192 0
0 0

0101101
*
Ed
 1e-07 1 1 0
1  304 0 0 4.7539908520111
0

0101000
+2698 0 -2696 0 *
Ve
1e-07
56.3820317282428 20.3525402536824 0
0 0

0101101
*
Ed
 1e-07 1 1 0
1  305 0 0 12.4519629320604
0

0101000
+2696 0 -2694 0 *
Ve
1e-07
51.6280408762317 20.3525402536824 0
0 0

0101101
*
Ed
 1e-07 1 1 0
1  306 0 0 4.7539908520111
0

0101000
+2694 0 -2692 0 *
Ve
1e-07
51.6280408762317 19.0643648151028 0
0 0

0101101
*
Ed
 1e-07 1 1 0
1  307 0 0 1.28817543857955
0

0101000
+2692 0 -2690 0 *
Ve
1e-07
51.7280408762316 19.0643648151028 0
0 0

0101101
*
Ed
 1e-07 1 1 0
1  308 0 0 0.0999999999999659
0

0101000
+2690 0 -2688 0 *
Ve
1e-07
51.7280408762316 20.2525402536824 0
0 0

0101101
*
Ed
 1e-07 1 1 0
1  309 0 0 1.18817543857956
0

0101000
+2688 0 -2686 0 *
Ve
1e-07
56.2820317282428 20.2525402536824 0
0 0

0101101
*
Ed
 1e-07 1 1 0
1  310 0 0 4.55399085201114
0

0101000
+2686 0 -2684 0 *
Ve
1e-07
56.2820317282428 17.7840497749914 0
0 0

0101101
*
Ed
 1e-07 1 1 0
1  311 0 0 2.46849047869093
0

0101000
+2684 0 -2682 0 *
Ve
1e-07
51.7280408762316 17.7840497749914 0
0 0

0101101
*
Ed
 1e-07 1 1 0
1  312 0 0 4.55399085201114
0

0101000
+2682 0 -2680 0 *
Ve
1e-07
51.7280408762316 17.9973648151028 0
0 0

0101101
*
Ed
 1e-07 1 1 0
1  313 0 0 0.213315040111379
0

0101000
+2680 0 -2678 0 *
Ve
1e-07
51.6280408762317 17.9973648151028 0
0 0

0101101
*
Ed
 1e-07 1 1 0
1  314 0 0 0.0999999999999659
0

0101000
+2678 0 -2676 0 *
Ve
1e-07
51.6280408762317 14.2372916238135 0
0 0

0101101
*
Ed
 1e-07 1 1 0
1  315 0 0 3.76007319128927
0

0101000
+2676 0 -2674 0 *
Ed
 1e-07 1 1 0
1  316 0 0 0.199999999999989
0

0101000
+2674 0 -2711 0 *
Wi

0101100
+2709 0 +2707 0 +2705 0 +2703 0 +2701 0 +2699 0 +2697 0 +2695 0 +2693 0 +2691 0 
+2689 0 +2687 0 +2685 0 +2683 0 +2681 0 +2679 0 +2677 0 +2675 0 +2673 0 +2672 0 
*
Ve
1e-07
19.5989964315325 14.2372916238135 0
0 0

0101101
*
Ve
1e-07
19.5989964315325 17.5840497749914 0
0 0

0101101
*
Ed
 1e-07 1 1 0
1  317 0 0 3.3467581511779
0

0101000
+2670 0 -2669 0 *
Ve
1e-07
15.2450055795214 17.5840497749914 0
0 0

0101101
*
Ed
 1e-07 1 1 0
1  318 0 0 4.35399085201112
0

0101000
+2669 0 -2667 0 *
Ve
1e-07
15.2450055795214 8.10057732162194 0
0 0

0101101
*
Ed
 1e-07 1 1 0
1  319 0 0 9.48347245336949
0

0101000
+2667 0 -2665 0 *
Ve
1e-07
19.5989964315325 8.10057732162192 0
0 0

0101101
*
Ed
 1e-07 1 1 0
1  320 0 0 4.35399085201112
0

0101000
+2665 0 -2663 0 *
Ve
1e-07
19.5989964315325 13.1702916238135 0
0 0

0101101
*
Ed
 1e-07 1 1 0
1  321 0 0 5.06971430219161
0

0101000
+2663 0 -2661 0 *
Ve
1e-07
19.7989964315325 13.1702916238135 0
0 0

0101101
*
Ed
 1e-07 1 1 0
1  322 0 0 0.199999999999992
0

0101000
+2661 0 -2659 0 *
Ve
1e-07
19.7989964315325 7.90057732162192 0
0 0

0101101
*
Ed
 1e-07 1 1 0
1  323 0 0 5.26971430219161
0

0101000
+2659 0 -2657 0 *
Ve
1e-07
15.0450055795214 7.90057732162192 0
0 0

0101101
*
Ed
 1e-07 1 1 0
1  324 0 0 4.75399085201111
0

0101000
+2657 0 -2655 0 *
Ve
1e-07
15.0450055795214 20.3525402536824 0
0 0

0101101
*
Ed
 1e-07 1 1 0
1  325 0 0 12.4519629320604
0

0101000
+2655 0 -2653 0 *
Ve
1e-07
19.7989964315325 20.3525402536824 0
0 0

0101101
*
Ed
 1e-07 1 1 0
1  326 0 0 4.75399085201111
0

0101000
+2653 0 -2651 0 *
Ve
1e-07
19.7989964315325 19.0643648151028 0
0 0

0101101
*
Ed
 1e-07 1 1 0
1  327 0 0 1.28817543857955
0

0101000
+2651 0 -2649 0 *
Ve
1e-07
19.6989964315325 19.0643648151028 0
0 0

0101101
*
Ed
 1e-07 1 1 0
1  328 0 0 0.0999999999999908
0

0101000
+2649 0 -2647 0 *
Ve
1e-07
19.6989964315325 20.2525402536824 0
0 0

0101101
*
Ed
 1e-07 1 1 0
1  329 0 0 1.18817543857956
0

0101000
+2647 0 -2645 0 *
Ve
1e-07
15.1450055795214 20.2525402536824 0
0 0

0101101
*
Ed
 1e-07 1 1 0
1  330 0 0 4.55399085201112
0

0101000
+2645 0 -2643 0 *
Ve
1e-07
15.1450055795214 17.7840497749914 0
0 0

0101101
*
Ed
 1e-07 1 1 0
1  331 0 0 2.46849047869093
0

0101000
+2643 0 -2641 0 *
Ve
1e-07
19.6989964315325 17.7840497749914 0
0 0

0101101
*
Ed
 1e-07 1 1 0
1  332 0 0 4.55399085201112
0

0101000
+2641 0 -2639 0 *
Ve
1e-07
19.6989964315325 17.9973648151028 0
0 0

0101101
*
Ed
 1e-07 1 1 0
1  333 0 0 0.213315040111379
0

0101000
+2639 0 -2637 0 *
Ve
1e-07
19.7989964315325 17.9973648151028 0
0 0

0101101
*
Ed
 1e-07 1 1 0
1  334 0 0 0.0999999999999908
0

0101000
+2637 0 -2635 0 *
Ve
1e-07
19.7989964315325 14.2372916238135 0
0 0

0101101
*
Ed
 1e-07 1 1 0
1  335 0 0 3.76007319128927
0

0101000
+2635 0 -2633 0 *
Ed
 1e-07 1 1 0
1  336 0 0 0.199999999999992
0

0101000
+2633 0 -2670 0 *
Wi

0101100
+2668 0 +2666 0 +2664 0 +2662 0 +2660 0 +2658 0 +2656 0 +2654 0 +2652 0 +2650 0 
+2648 0 +2646 0 +2644 0 +2642 0 +2640 0 +2638 0 +2636 0 +2634 0 +2632 0 +2631 0 
*
Ve
1e-07
27.9171286843105 25.2427530593554 0
0 0

0101101
*
Ve
1e-07
29.9409351619528 25.2427530593554 0
0 0

0101101
*
Ed
 1e-07 1 1 0
1  337 0 0 2.02380647764224
0

0101000
+2629 0 -2628 0 *
Ve
1e-07
29.9409351619528 27.2286468884297 0
0 0

0101101
*
Ed
 1e-07 1 1 0
1  338 0 0 1.98589382907432
0

0101000
+2628 0 -2626 0 *
Ve
1e-07
27.9171286843105 27.2286468884297 0
0 0

0101101
*
Ed
 1e-07 1 1 0
1  339 0 0 2.02380647764224
0

0101000
+2626 0 -2624 0 *
Ed
 1e-07 1 1 0
1  340 0 0 1.98589382907432
0

0101000
+2624 0 -2629 0 *
Wi

0101100
+2627 0 +2625 0 +2623 0 +2622 0 *
Ve
1e-07
22.4137953509772 25.2427530593554 0
0 0

0101101
*
Ve
1e-07
24.4376018286194 25.2427530593554 0
0 0

0101101
*
Ed
 1e-07 1 1 0
1  341 0 0 2.02380647764223
0

0101000
+2620 0 -2619 0 *
Ve
1e-07
24.4376018286194 27.2286468884297 0
0 0

0101101
*
Ed
 1e-07 1 1 0
1  342 0 0 1.98589382907432
0

0101000
+2619 0 -2617 0 *
Ve
1e-07
22.4137953509772 27.2286468884297 0
0 0

0101101
*
Ed
 1e-07 1 1 0
1  343 0 0 2.02380647764223
0

0101000
+2617 0 -2615 0 *
Ed
 1e-07 1 1 0
1  344 0 0 1.98589382907432
0

0101000
+2615 0 -2620 0 *
Wi

0101100
+2618 0 +2616 0 +2614 0 +2613 0 *
Ve
1e-07
33.4342953509772 15.7245968093554 0
0 0

0101101
*
Ve
1e-07
35.4581018286194 15.7245968093554 0
0 0

0101101
*
Ed
 1e-07 1 1 0
1  345 0 0 2.02380647764224
0

0101000
+2611 0 -2610 0 *
Ve
1e-07
35.4581018286194 17.7104906384297 0
0 0

0101101
*
Ed
 1e-07 1 1 0
1  346 0 0 1.98589382907432
0

0101000
+2610 0 -2608 0 *
Ve
1e-07
33.4342953509772 17.7104906384297 0
0 0

0101101
*
Ed
 1e-07 1 1 0
1  347 0 0 2.02380647764224
0

0101000
+2608 0 -2606 0 *
Ed
 1e-07 1 1 0
1  348 0 0 1.98589382907432
0

0101000
+2606 0 -2611 0 *
Wi

0101100
+2609 0 +2607 0 +2605 0 +2604 0 *
Ve
1e-07
30.7008520756557 16.1640928016113 0
0 0

0101101
*
Ve
1e-07
30.7008520756557 17.227498865312 0
0 0

0101101
*
Ed
 1e-07 1 1 0
1  349 0 0 1.06340606370071
0

0101000
+2602 0 -2601 0 *
Ve
1e-07
24.4724812576777 17.227498865312 0
0 0

0101101
*
Ed
 1e-07 1 1 0
1  350 0 0 6.22837081797797
0

0101000
+2601 0 -2599 0 *
Ve
1e-07
24.4724812576777 16.1640928016113 0
0 0

0101101
*
Ed
 1e-07 1 1 0
1  351 0 0 1.06340606370071
0

0101000
+2599 0 -2597 0 *
Ed
 1e-07 1 1 0
1  352 0 0 6.22837081797797
0

0101000
+2597 0 -2602 0 *
Wi

0101100
+2600 0 +2598 0 +2596 0 +2595 0 *
Ve
1e-07
61.5960367164834 4.90585274796538 0
0 0

0101101
*
Ve
1e-07
63.6198431941257 4.90585274796538 0
0 0

0101101
*
Ed
 1e-07 1 1 0
1  353 0 0 2.02380647764225
0

0101000
+2593 0 -2592 0 *
Ve
1e-07
63.6198431941257 6.8917465770397 0
0 0

0101101
*
Ed
 1e-07 1 1 0
1  354 0 0 1.98589382907431
0

0101000
+2592 0 -2590 0 *
Ve
1e-07
61.5960367164834 6.8917465770397 0
0 0

0101101
*
Ed
 1e-07 1 1 0
1  355 0 0 2.02380647764225
0

0101000
+2590 0 -2588 0 *
Ed
 1e-07 1 1 0
1  356 0 0 1.98589382907431
0

0101000
+2588 0 -2593 0 *
Wi

0101100
+2591 0 +2589 0 +2587 0 +2586 0 *
Ve
1e-07
8.36861141532307 1.62488755573556 0
0 0

0101101
*
Ve
1e-07
10.3924178929653 1.62488755573556 0
0 0

0101101
*
Ed
 1e-07 1 1 0
1  357 0 0 2.02380647764225
0

0101000
+2584 0 -2583 0 *
Ve
1e-07
10.3924178929653 3.61078138480987 0
0 0

0101101
*
Ed
 1e-07 1 1 0
1  358 0 0 1.98589382907431
0

0101000
+2583 0 -2581 0 *
Ve
1e-07
8.36861141532307 3.61078138480987 0
0 0

0101101
*
Ed
 1e-07 1 1 0
1  359 0 0 2.02380647764225
0

0101000
+2581 0 -2579 0 *
Ed
 1e-07 1 1 0
1  360 0 0 1.98589382907431
0

0101000
+2579 0 -2584 0 *
Wi

0101100
+2582 0 +2580 0 +2578 0 +2577 0 *
Ve
1e-07
12.6019447486564 1.62488755573556 0
0 0

0101101
*
Ve
1e-07
14.6257512262986 1.62488755573556 0
0 0

0101101
*
Ed
 1e-07 1 1 0
1  361 0 0 2.02380647764225
0

0101000
+2575 0 -2574 0 *
Ve
1e-07
14.6257512262986 3.61078138480987 0
0 0

0101101
*
Ed
 1e-07 1 1 0
1  362 0 0 1.98589382907431
0

0101000
+2574 0 -2572 0 *
Ve
1e-07
12.6019447486564 3.61078138480987 0
0 0

0101101
*
Ed
 1e-07 1 1 0
1  363 0 0 2.02380647764225
0

0101000
+2572 0 -2570 0 *
Ed
 1e-07 1 1 0
1  364 0 0 1.98589382907431
0

0101000
+2570 0 -2575 0 *
Wi

0101100
+2573 0 +2571 0 +2569 0 +2568 0 *
Ve
1e-07
57.3627033831501 0.990019414632052 0
0 0

0101101
*
Ve
1e-07
59.3865098607924 0.990019414632052 0
0 0

0101101
*
Ed
 1e-07 1 1 0
1  365 0 0 2.02380647764225
0

0101000
+2566 0 -2565 0 *
Ve
1e-07
59.3865098607924 2.97591324370637 0
0 0

0101101
*
Ed
 1e-07 1 1 0
1  366 0 0 1.98589382907431
0

0101000
+2565 0 -2563 0 *
Ve
1e-07
57.3627033831501 2.97591324370637 0
0 0

0101101
*
Ed
 1e-07 1 1 0
1  367 0 0 2.02380647764225
0

0101000
+2563 0 -2561 0 *
Ed
 1e-07 1 1 0
1  368 0 0 1.98589382907431
0

0101000
+2561 0 -2566 0 *
Wi

0101100
+2564 0 +2562 0 +2560 0 +2559 0 *
Ve
1e-07
61.5960367164834 0.990019414632052 0
0 0

0101101
*
Ve
1e-07
63.6198431941257 0.990019414632052 0
0 0

0101101
*
Ed
 1e-07 1 1 0
1  369 0 0 2.02380647764225
0

0101000
+2557 0 -2556 0 *
Ve
1e-07
63.6198431941257 2.97591324370637 0
0 0

0101101
*
Ed
 1e-07 1 1 0
1  370 0 0 1.98589382907431
0

0101000
+2556 0 -2554 0 *
Ve
1e-07
61.5960367164834 2.97591324370637 0
0 0

0101101
*
Ed
 1e-07 1 1 0
1  371 0 0 2.02380647764225
0

0101000
+2554 0 -2552 0 *
Ed
 1e-07 1 1 0
1  372 0 0 1.98589382907431
0

0101000
+2552 0 -2557 0 *
Wi

0101100
+2555 0 +2553 0 +2551 0 +2550 0 *
Ve
1e-07
48.3477120202717 0.200825562638855 0
0 0

0101101
*
Ve
1e-07
49.1815431575177 0.200825562638855 0
0 0

0101101
*
Ed
 1e-07 1 1 0
1  373 0 0 0.833831137245994
0

0101000
+2548 0 -2547 0 *
Ve
1e-07
49.1815431575177 5.35908684269573 0
0 0

0101101
*
Ed
 1e-07 1 1 0
1  374 0 0 5.15826128005688
0

0101000
+2547 0 -2545 0 *
Ve
1e-07
48.3477120202717 5.35908684269573 0
0 0

0101101
*
Ed
 1e-07 1 1 0
1  375 0 0 0.833831137245994
0

0101000
+2545 0 -2543 0 *
Ed
 1e-07 1 1 0
1  376 0 0 5.15826128005688
0

0101000
+2543 0 -2548 0 *
Wi

0101100
+2546 0 +2544 0 +2542 0 +2541 0 *
Ve
1e-07
44.1017901758156 0.200825562638855 0
0 0

0101101
*
Ve
1e-07
44.9356213130616 0.200825562638855 0
0 0

0101101
*
Ed
 1e-07 1 1 0
1  377 0 0 0.833831137245994
0

0101000
+2539 0 -2538 0 *
Ve
1e-07
44.9356213130616 4.6436222423827 0
0 0

0101101
*
Ed
 1e-07 1 1 0
1  378 0 0 4.44279667974384
0

0101000
+2538 0 -2536 0 *
Ve
1e-07
44.1017901758156 4.6436222423827 0
0 0

0101101
*
Ed
 1e-07 1 1 0
1  379 0 0 0.833831137245994
0

0101000
+2536 0 -2534 0 *
Ed
 1e-07 1 1 0
1  380 0 0 4.44279667974384
0

0101000
+2534 0 -2539 0 *
Wi

0101100
+2537 0 +2535 0 +2533 0 +2532 0 *
Ve
1e-07
42.8655453536051 0.200825562638855 0
0 0

0101101
*
Ve
1e-07
43.6993764908511 0.200825562638855 0
0 0

0101101
*
Ed
 1e-07 1 1 0
1  381 0 0 0.833831137245994
0

0101000
+2530 0 -2529 0 *
Ve
1e-07
43.6993764908511 5.35908684269573 0
0 0

0101101
*
Ed
 1e-07 1 1 0
1  382 0 0 5.15826128005688
0

0101000
+2529 0 -2527 0 *
Ve
1e-07
42.8655453536051 5.35908684269573 0
0 0

0101101
*
Ed
 1e-07 1 1 0
1  383 0 0 0.833831137245994
0

0101000
+2527 0 -2525 0 *
Ed
 1e-07 1 1 0
1  384 0 0 5.15826128005688
0

0101000
+2525 0 -2530 0 *
Wi

0101100
+2528 0 +2526 0 +2524 0 +2523 0 *
Ve
1e-07
38.619623509149 0.200825562638855 0
0 0

0101101
*
Ve
1e-07
39.453454646395 0.200825562638855 0
0 0

0101101
*
Ed
 1e-07 1 1 0
1  385 0 0 0.833831137246001
0

0101000
+2521 0 -2520 0 *
Ve
1e-07
39.453454646395 4.6436222423827 0
0 0

0101101
*
Ed
 1e-07 1 1 0
1  386 0 0 4.44279667974384
0

0101000
+2520 0 -2518 0 *
Ve
1e-07
38.619623509149 4.6436222423827 0
0 0

0101101
*
Ed
 1e-07 1 1 0
1  387 0 0 0.833831137246001
0

0101000
+2518 0 -2516 0 *
Ed
 1e-07 1 1 0
1  388 0 0 4.44279667974384
0

0101000
+2516 0 -2521 0 *
Wi

0101100
+2519 0 +2517 0 +2515 0 +2514 0 *
Ve
1e-07
37.4045453536051 0.200825562638855 0
0 0

0101101
*
Ve
1e-07
38.2383764908511 0.200825562638855 0
0 0

0101101
*
Ed
 1e-07 1 1 0
1  389 0 0 0.83383113724598
0

0101000
+2512 0 -2511 0 *
Ve
1e-07
38.2383764908511 5.35908684269573 0
0 0

0101101
*
Ed
 1e-07 1 1 0
1  390 0 0 5.15826128005688
0

0101000
+2511 0 -2509 0 *
Ve
1e-07
37.4045453536051 5.35908684269573 0
0 0

0101101
*
Ed
 1e-07 1 1 0
1  391 0 0 0.83383113724598
0

0101000
+2509 0 -2507 0 *
Ed
 1e-07 1 1 0
1  392 0 0 5.15826128005688
0

0101000
+2507 0 -2512 0 *
Wi

0101100
+2510 0 +2508 0 +2506 0 +2505 0 *
Ve
1e-07
33.158623509149 0.200825562638855 0
0 0

0101101
*
Ve
1e-07
33.9924546463949 0.200825562638855 0
0 0

0101101
*
Ed
 1e-07 1 1 0
1  393 0 0 0.833831137245987
0

0101000
+2503 0 -2502 0 *
Ve
1e-07
33.9924546463949 4.6436222423827 0
0 0

0101101
*
Ed
 1e-07 1 1 0
1  394 0 0 4.44279667974384
0

0101000
+2502 0 -2500 0 *
Ve
1e-07
33.158623509149 4.6436222423827 0
0 0

0101101
*
Ed
 1e-07 1 1 0
1  395 0 0 0.833831137245987
0

0101000
+2500 0 -2498 0 *
Ed
 1e-07 1 1 0
1  396 0 0 4.44279667974384
0

0101000
+2498 0 -2503 0 *
Wi

0101100
+2501 0 +2499 0 +2497 0 +2496 0 *
Ve
1e-07
31.9012120202717 0.200825562638855 0
0 0

0101101
*
Ve
1e-07
32.7350431575177 0.200825562638855 0
0 0

0101101
*
Ed
 1e-07 1 1 0
1  397 0 0 0.833831137245998
0

0101000
+2494 0 -2493 0 *
Ve
1e-07
32.7350431575177 5.35908684269573 0
0 0

0101101
*
Ed
 1e-07 1 1 0
1  398 0 0 5.15826128005688
0

0101000
+2493 0 -2491 0 *
Ve
1e-07
31.9012120202717 5.35908684269573 0
0 0

0101101
*
Ed
 1e-07 1 1 0
1  399 0 0 0.833831137245998
0

0101000
+2491 0 -2489 0 *
Ed
 1e-07 1 1 0
1  400 0 0 5.15826128005688
0

0101000
+2489 0 -2494 0 *
Wi

0101100
+2492 0 +2490 0 +2488 0 +2487 0 *
Ve
1e-07
27.6552901758156 0.200825562638855 0
0 0

0101101
*
Ve
1e-07
28.4891213130616 0.200825562638855 0
0 0

0101101
*
Ed
 1e-07 1 1 0
1  401 0 0 0.83383113724598
0

0101000
+2485 0 -2484 0 *
Ve
1e-07
28.4891213130616 4.6436222423827 0
0 0

0101101
*
Ed
 1e-07 1 1 0
1  402 0 0 4.44279667974384
0

0101000
+2484 0 -2482 0 *
Ve
1e-07
27.6552901758156 4.6436222423827 0
0 0

0101101
*
Ed
 1e-07 1 1 0
1  403 0 0 0.83383113724598
0

0101000
+2482 0 -2480 0 *
Ed
 1e-07 1 1 0
1  404 0 0 4.44279667974384
0

0101000
+2480 0 -2485 0 *
Wi

0101100
+2483 0 +2481 0 +2479 0 +2478 0 *
Ve
1e-07
26.4402120202717 0.200825562638855 0
0 0

0101101
*
Ve
1e-07
27.2740431575177 0.200825562638855 0
0 0

0101101
*
Ed
 1e-07 1 1 0
1  405 0 0 0.833831137245991
0

0101000
+2476 0 -2475 0 *
Ve
1e-07
27.2740431575177 5.35908684269573 0
0 0

0101101
*
Ed
 1e-07 1 1 0
1  406 0 0 5.15826128005688
0

0101000
+2475 0 -2473 0 *
Ve
1e-07
26.4402120202717 5.35908684269573 0
0 0

0101101
*
Ed
 1e-07 1 1 0
1  407 0 0 0.833831137245991
0

0101000
+2473 0 -2471 0 *
Ed
 1e-07 1 1 0
1  408 0 0 5.15826128005688
0

0101000
+2471 0 -2476 0 *
Wi

0101100
+2474 0 +2472 0 +2470 0 +2469 0 *
Ve
1e-07
22.1942901758156 0.200825562638855 0
0 0

0101101
*
Ve
1e-07
23.0281213130616 0.200825562638855 0
0 0

0101101
*
Ed
 1e-07 1 1 0
1  409 0 0 0.833831137246001
0

0101000
+2467 0 -2466 0 *
Ve
1e-07
23.0281213130616 4.6436222423827 0
0 0

0101101
*
Ed
 1e-07 1 1 0
1  410 0 0 4.44279667974384
0

0101000
+2466 0 -2464 0 *
Ve
1e-07
22.1942901758156 4.6436222423827 0
0 0

0101101
*
Ed
 1e-07 1 1 0
1  411 0 0 0.833831137246001
0

0101000
+2464 0 -2462 0 *
Ed
 1e-07 1 1 0
1  412 0 0 4.44279667974384
0

0101000
+2462 0 -2467 0 *
Wi

0101100
+2465 0 +2463 0 +2461 0 +2460 0 *
Ve
1e-07
20.9580453536051 0.200825562638855 0
0 0

0101101
*
Ve
1e-07
21.7918764908511 0.200825562638855 0
0 0

0101101
*
Ed
 1e-07 1 1 0
1  413 0 0 0.833831137245991
0

0101000
+2458 0 -2457 0 *
Ve
1e-07
21.7918764908511 5.35908684269573 0
0 0

0101101
*
Ed
 1e-07 1 1 0
1  414 0 0 5.15826128005688
0

0101000
+2457 0 -2455 0 *
Ve
1e-07
20.9580453536051 5.35908684269573 0
0 0

0101101
*
Ed
 1e-07 1 1 0
1  415 0 0 0.833831137245991
0

0101000
+2455 0 -2453 0 *
Ed
 1e-07 1 1 0
1  416 0 0 5.15826128005688
0

0101000
+2453 0 -2458 0 *
Wi

0101100
+2456 0 +2454 0 +2452 0 +2451 0 *
Ve
1e-07
16.712123509149 0.200825562638855 0
0 0

0101101
*
Ve
1e-07
17.545954646395 0.200825562638855 0
0 0

0101101
*
Ed
 1e-07 1 1 0
1  417 0 0 0.833831137245991
0

0101000
+2449 0 -2448 0 *
Ve
1e-07
17.545954646395 4.6436222423827 0
0 0

0101101
*
Ed
 1e-07 1 1 0
1  418 0 0 4.44279667974384
0

0101000
+2448 0 -2446 0 *
Ve
1e-07
16.712123509149 4.6436222423827 0
0 0

0101101
*
Ed
 1e-07 1 1 0
1  419 0 0 0.833831137245991
0

0101000
+2446 0 -2444 0 *
Ed
 1e-07 1 1 0
1  420 0 0 4.44279667974384
0

0101000
+2444 0 -2449 0 *
Wi

0101100
+2447 0 +2445 0 +2443 0 +2442 0 *
Ve
1e-07
49.5016828155125 3.32298819042009 0
0 0

0101101
*
Ve
1e-07
49.9185983841355 3.32298819042009 0
0 0

0101101
*
Ed
 1e-07 1 1 0
1  421 0 0 0.416915568622969
0

0101000
+2440 0 -2439 0 *
Ve
1e-07
49.9185983841355 5.65298766412007 0
0 0

0101101
*
Ed
 1e-07 1 1 0
1  422 0 0 2.32999947369998
0

0101000
+2439 0 -2437 0 *
Ve
1e-07
49.5016828155125 5.65298766412007 0
0 0

0101101
*
Ed
 1e-07 1 1 0
1  423 0 0 0.416915568622969
0

0101000
+2437 0 -2435 0 *
Ed
 1e-07 1 1 0
1  424 0 0 2.32999947369998
0

0101000
+2435 0 -2440 0 *
Wi

0101100
+2438 0 +2436 0 +2434 0 +2433 0 *
Ve
1e-07
49.5016828155125 0.0698560624128461 0
0 0

0101101
*
Ve
1e-07
49.9185983841355 0.0698560624128461 0
0 0

0101101
*
Ed
 1e-07 1 1 0
1  425 0 0 0.416915568622969
0

0101000
+2431 0 -2430 0 *
Ve
1e-07
49.9185983841355 2.39985553611282 0
0 0

0101101
*
Ed
 1e-07 1 1 0
1  426 0 0 2.32999947369998
0

0101000
+2430 0 -2428 0 *
Ve
1e-07
49.5016828155125 2.39985553611282 0
0 0

0101101
*
Ed
 1e-07 1 1 0
1  427 0 0 0.416915568622969
0

0101000
+2428 0 -2426 0 *
Ed
 1e-07 1 1 0
1  428 0 0 2.32999947369998
0

0101000
+2426 0 -2431 0 *
Wi

0101100
+2429 0 +2427 0 +2425 0 +2424 0 *
Ve
1e-07
55.2009833550916 3.33672941260624 0
0 0

0101101
*
Ve
1e-07
55.6178989237146 3.33672941260624 0
0 0

0101101
*
Ed
 1e-07 1 1 0
1  429 0 0 0.416915568623004
0

0101000
+2422 0 -2421 0 *
Ve
1e-07
55.6178989237146 5.66672888630622 0
0 0

0101101
*
Ed
 1e-07 1 1 0
1  430 0 0 2.32999947369998
0

0101000
+2421 0 -2419 0 *
Ve
1e-07
55.2009833550916 5.66672888630622 0
0 0

0101101
*
Ed
 1e-07 1 1 0
1  431 0 0 0.416915568623004
0

0101000
+2419 0 -2417 0 *
Ed
 1e-07 1 1 0
1  432 0 0 2.32999947369998
0

0101000
+2417 0 -2422 0 *
Wi

0101100
+2420 0 +2418 0 +2416 0 +2415 0 *
Ve
1e-07
55.2009833550916 0.0835972845989943 0
0 0

0101101
*
Ve
1e-07
55.6178989237146 0.0835972845989943 0
0 0

0101101
*
Ed
 1e-07 1 1 0
1  433 0 0 0.416915568623004
0

0101000
+2413 0 -2412 0 *
Ve
1e-07
55.6178989237146 2.41359675829897 0
0 0

0101101
*
Ed
 1e-07 1 1 0
1  434 0 0 2.32999947369998
0

0101000
+2412 0 -2410 0 *
Ve
1e-07
55.2009833550916 2.41359675829897 0
0 0

0101101
*
Ed
 1e-07 1 1 0
1  435 0 0 0.416915568623004
0

0101000
+2410 0 -2408 0 *
Ed
 1e-07 1 1 0
1  436 0 0 2.32999947369998
0

0101000
+2408 0 -2413 0 *
Wi

0101100
+2411 0 +2409 0 +2407 0 +2406 0 *
Ve
1e-07
52.3362867455662 0.0835972845989943 0
0 0

0101101
*
Ve
1e-07
52.7532023141892 0.0835972845989943 0
0 0

0101101
*
Ed
 1e-07 1 1 0
1  437 0 0 0.416915568622969
0

0101000
+2404 0 -2403 0 *
Ve
1e-07
52.7532023141892 2.41359675829897 0
0 0

0101101
*
Ed
 1e-07 1 1 0
1  438 0 0 2.32999947369998
0

0101000
+2403 0 -2401 0 *
Ve
1e-07
52.3362867455662 2.41359675829897 0
0 0

0101101
*
Ed
 1e-07 1 1 0
1  439 0 0 0.416915568622969
0

0101000
+2401 0 -2399 0 *
Ed
 1e-07 1 1 0
1  440 0 0 2.32999947369998
0

0101000
+2399 0 -2404 0 *
Wi

0101100
+2402 0 +2400 0 +2398 0 +2397 0 *
Ve
1e-07
52.3362867455662 3.33672941260624 0
0 0

0101101
*
Ve
1e-07
52.7532023141892 3.33672941260624 0
0 0

0101101
*
Ed
 1e-07 1 1 0
1  441 0 0 0.416915568622969
0

0101000
+2395 0 -2394 0 *
Ve
1e-07
52.7532023141892 5.66672888630622 0
0 0

0101101
*
Ed
 1e-07 1 1 0
1  442 0 0 2.32999947369998
0

0101000
+2394 0 -2392 0 *
Ve
1e-07
52.3362867455662 5.66672888630622 0
0 0

0101101
*
Ed
 1e-07 1 1 0
1  443 0 0 0.416915568622969
0

0101000
+2392 0 -2390 0 *
Ed
 1e-07 1 1 0
1  444 0 0 2.32999947369998
0

0101000
+2390 0 -2395 0 *
Wi

0101100
+2393 0 +2391 0 +2389 0 +2388 0 *
Ve
1e-07
6.83563943265538 8.09542917377001 0
0 0

0101101
*
Ve
1e-07
8.68903660501733 8.09542917377001 0
0 0

0101101
*
Ed
 1e-07 1 1 0
1  445 0 0 1.85339717236195
0

0101000
+2386 0 -2385 0 *
Ve
1e-07
8.68903660501733 8.92926031101601 0
0 0

0101101
*
Ed
 1e-07 1 1 0
1  446 0 0 0.833831137245994
0

0101000
+2385 0 -2383 0 *
Ve
1e-07
6.83563943265538 8.92926031101601 0
0 0

0101101
*
Ed
 1e-07 1 1 0
1  447 0 0 1.85339717236195
0

0101000
+2383 0 -2381 0 *
Ed
 1e-07 1 1 0
1  448 0 0 0.833831137245994
0

0101000
+2381 0 -2386 0 *
Wi

0101100
+2384 0 +2382 0 +2380 0 +2379 0 *
Ve
1e-07
9.47790832130202 10.0953194503301 0
0 0

0101101
*
Ve
1e-07
12.3173543565088 10.0953194503301 0
0 0

0101101
*
Ed
 1e-07 1 1 0
1  449 0 0 2.83944603520676
0

0101000
+2377 0 -2376 0 *
Ve
1e-07
12.3173543565088 10.5122350189531 0
0 0

0101101
*
Ed
 1e-07 1 1 0
1  450 0 0 0.416915568622999
0

0101000
+2376 0 -2374 0 *
Ve
1e-07
9.47790832130202 10.5122350189531 0
0 0

0101101
*
Ed
 1e-07 1 1 0
1  451 0 0 2.83944603520676
0

0101000
+2374 0 -2372 0 *
Ed
 1e-07 1 1 0
1  452 0 0 0.416915568622999
0

0101000
+2372 0 -2377 0 *
Wi

0101100
+2375 0 +2373 0 +2371 0 +2370 0 *
Ve
1e-07
9.47790832130202 12.8218604156328 0
0 0

0101101
*
Ve
1e-07
12.3173543565088 12.8218604156328 0
0 0

0101101
*
Ed
 1e-07 1 1 0
1  453 0 0 2.83944603520676
0

0101000
+2368 0 -2367 0 *
Ve
1e-07
12.3173543565088 13.2387759842558 0
0 0

0101101
*
Ed
 1e-07 1 1 0
1  454 0 0 0.41691556862299
0

0101000
+2367 0 -2365 0 *
Ve
1e-07
9.47790832130202 13.2387759842558 0
0 0

0101101
*
Ed
 1e-07 1 1 0
1  455 0 0 2.83944603520676
0

0101000
+2365 0 -2363 0 *
Ed
 1e-07 1 1 0
1  456 0 0 0.41691556862299
0

0101000
+2363 0 -2368 0 *
Wi

0101100
+2366 0 +2364 0 +2362 0 +2361 0 *
Ve
1e-07
9.47790832130202 15.5484013809354 0
0 0

0101101
*
Ve
1e-07
12.3173543565088 15.5484013809354 0
0 0

0101101
*
Ed
 1e-07 1 1 0
1  457 0 0 2.83944603520676
0

0101000
+2359 0 -2358 0 *
Ve
1e-07
12.3173543565088 15.9653169495584 0
0 0

0101101
*
Ed
 1e-07 1 1 0
1  458 0 0 0.416915568623001
0

0101000
+2358 0 -2356 0 *
Ve
1e-07
9.47790832130202 15.9653169495584 0
0 0

0101101
*
Ed
 1e-07 1 1 0
1  459 0 0 2.83944603520676
0

0101000
+2356 0 -2354 0 *
Ed
 1e-07 1 1 0
1  460 0 0 0.416915568623001
0

0101000
+2354 0 -2359 0 *
Wi

0101100
+2357 0 +2355 0 +2353 0 +2352 0 *
Ve
1e-07
9.47790832130202 18.2951702993888 0
0 0

0101101
*
Ve
1e-07
12.3173543565088 18.2951702993888 0
0 0

0101101
*
Ed
 1e-07 1 1 0
1  461 0 0 2.83944603520676
0

0101000
+2350 0 -2349 0 *
Ve
1e-07
12.3173543565088 18.7120858680118 0
0 0

0101101
*
Ed
 1e-07 1 1 0
1  462 0 0 0.416915568623001
0

0101000
+2349 0 -2347 0 *
Ve
1e-07
9.47790832130202 18.7120858680118 0
0 0

0101101
*
Ed
 1e-07 1 1 0
1  463 0 0 2.83944603520676
0

0101000
+2347 0 -2345 0 *
Ed
 1e-07 1 1 0
1  464 0 0 0.416915568623001
0

0101000
+2345 0 -2350 0 *
Wi

0101100
+2348 0 +2346 0 +2344 0 +2343 0 *
Ve
1e-07
9.47790832130202 21.0419392178421 0
0 0

0101101
*
Ve
1e-07
12.3173543565088 21.0419392178421 0
0 0

0101101
*
Ed
 1e-07 1 1 0
1  465 0 0 2.83944603520676
0

0101000
+2341 0 -2340 0 *
Ve
1e-07
12.3173543565088 21.4588547864651 0
0 0

0101101
*
Ed
 1e-07 1 1 0
1  466 0 0 0.416915568622997
0

0101000
+2340 0 -2338 0 *
Ve
1e-07
9.47790832130202 21.4588547864651 0
0 0

0101101
*
Ed
 1e-07 1 1 0
1  467 0 0 2.83944603520676
0

0101000
+2338 0 -2336 0 *
Ed
 1e-07 1 1 0
1  468 0 0 0.416915568622997
0

0101000
+2336 0 -2341 0 *
Wi

0101100
+2339 0 +2337 0 +2335 0 +2334 0 *
Ve
1e-07
9.47790832130202 24.1127541663451 0
0 0

0101101
*
Ve
1e-07
12.3173543565088 24.1127541663451 0
0 0

0101101
*
Ed
 1e-07 1 1 0
1  469 0 0 2.83944603520676
0

0101000
+2332 0 -2331 0 *
Ve
1e-07
12.3173543565088 24.5296697349681 0
0 0

0101101
*
Ed
 1e-07 1 1 0
1  470 0 0 0.416915568623001
0

0101000
+2331 0 -2329 0 *
Ve
1e-07
9.47790832130202 24.5296697349681 0
0 0

0101101
*
Ed
 1e-07 1 1 0
1  471 0 0 2.83944603520676
0

0101000
+2329 0 -2327 0 *
Ed
 1e-07 1 1 0
1  472 0 0 0.416915568623001
0

0101000
+2327 0 -2332 0 *
Wi

0101100
+2330 0 +2328 0 +2326 0 +2325 0 *
Ve
1e-07
9.47790832130205 28.0225757154649 0
0 0

0101101
*
Ve
1e-07
12.3173543565088 28.0225757154649 0
0 0

0101101
*
Ed
 1e-07 1 1 0
1  473 0 0 2.83944603520675
0

0101000
+2323 0 -2322 0 *
Ve
1e-07
12.3173543565088 28.4394912840879 0
0 0

0101101
*
Ed
 1e-07 1 1 0
1  474 0 0 0.416915568623001
0

0101000
+2322 0 -2320 0 *
Ve
1e-07
9.47790832130205 28.4394912840879 0
0 0

0101101
*
Ed
 1e-07 1 1 0
1  475 0 0 2.83944603520675
0

0101000
+2320 0 -2318 0 *
Ed
 1e-07 1 1 0
1  476 0 0 0.416915568623001
0

0101000
+2318 0 -2323 0 *
Wi

0101100
+2321 0 +2319 0 +2317 0 +2316 0 *
Ve
1e-07
6.81150403551278 24.8387691401026 0
0 0

0101101
*
Ve
1e-07
8.66490120787474 24.8387691401026 0
0 0

0101101
*
Ed
 1e-07 1 1 0
1  477 0 0 1.85339717236195
0

0101000
+2314 0 -2313 0 *
Ve
1e-07
8.66490120787474 25.6726002773486 0
0 0

0101101
*
Ed
 1e-07 1 1 0
1  478 0 0 0.833831137245998
0

0101000
+2313 0 -2311 0 *
Ve
1e-07
6.81150403551278 25.6726002773486 0
0 0

0101101
*
Ed
 1e-07 1 1 0
1  479 0 0 1.85339717236195
0

0101000
+2311 0 -2309 0 *
Ed
 1e-07 1 1 0
1  480 0 0 0.833831137245998
0

0101000
+2309 0 -2314 0 *
Wi

0101100
+2312 0 +2310 0 +2308 0 +2307 0 *
Ve
1e-07
6.80150175454198 21.7465976330329 0
0 0

0101101
*
Ve
1e-07
8.65489892690393 21.7465976330329 0
0 0

0101101
*
Ed
 1e-07 1 1 0
1  481 0 0 1.85339717236195
0

0101000
+2305 0 -2304 0 *
Ve
1e-07
8.65489892690393 22.5804287702789 0
0 0

0101101
*
Ed
 1e-07 1 1 0
1  482 0 0 0.833831137246001
0

0101000
+2304 0 -2302 0 *
Ve
1e-07
6.80150175454198 22.5804287702789 0
0 0

0101101
*
Ed
 1e-07 1 1 0
1  483 0 0 1.85339717236195
0

0101000
+2302 0 -2300 0 *
Ed
 1e-07 1 1 0
1  484 0 0 0.833831137246001
0

0101000
+2300 0 -2305 0 *
Wi

0101100
+2303 0 +2301 0 +2299 0 +2298 0 *
Ve
1e-07
6.7982537180549 10.7892835247812 0
0 0

0101101
*
Ve
1e-07
8.65165089041685 10.7892835247812 0
0 0

0101101
*
Ed
 1e-07 1 1 0
1  485 0 0 1.85339717236195
0

0101000
+2296 0 -2295 0 *
Ve
1e-07
8.65165089041685 11.6231146620272 0
0 0

0101101
*
Ed
 1e-07 1 1 0
1  486 0 0 0.833831137245989
0

0101000
+2295 0 -2293 0 *
Ve
1e-07
6.7982537180549 11.6231146620272 0
0 0

0101101
*
Ed
 1e-07 1 1 0
1  487 0 0 1.85339717236195
0

0101000
+2293 0 -2291 0 *
Ed
 1e-07 1 1 0
1  488 0 0 0.833831137245989
0

0101000
+2291 0 -2296 0 *
Wi

0101100
+2294 0 +2292 0 +2290 0 +2289 0 *
Ve
1e-07
6.7982537180549 13.5158244900839 0
0 0

0101101
*
Ve
1e-07
8.65165089041685 13.5158244900839 0
0 0

0101101
*
Ed
 1e-07 1 1 0
1  489 0 0 1.85339717236195
0

0101000
+2287 0 -2286 0 *
Ve
1e-07
8.65165089041685 14.3496556273299 0
0 0

0101101
*
Ed
 1e-07 1 1 0
1  490 0 0 0.833831137245999
0

0101000
+2286 0 -2284 0 *
Ve
1e-07
6.7982537180549 14.3496556273299 0
0 0

0101101
*
Ed
 1e-07 1 1 0
1  491 0 0 1.85339717236195
0

0101000
+2284 0 -2282 0 *
Ed
 1e-07 1 1 0
1  492 0 0 0.833831137245999
0

0101000
+2282 0 -2287 0 *
Wi

0101100
+2285 0 +2283 0 +2281 0 +2280 0 *
Ve
1e-07
6.7982537180549 16.2625934085372 0
0 0

0101101
*
Ve
1e-07
8.65165089041685 16.2625934085372 0
0 0

0101101
*
Ed
 1e-07 1 1 0
1  493 0 0 1.85339717236195
0

0101000
+2278 0 -2277 0 *
Ve
1e-07
8.65165089041685 17.0964245457832 0
0 0

0101101
*
Ed
 1e-07 1 1 0
1  494 0 0 0.833831137245991
0

0101000
+2277 0 -2275 0 *
Ve
1e-07
6.7982537180549 17.0964245457832 0
0 0

0101101
*
Ed
 1e-07 1 1 0
1  495 0 0 1.85339717236195
0

0101000
+2275 0 -2273 0 *
Ed
 1e-07 1 1 0
1  496 0 0 0.833831137245991
0

0101000
+2273 0 -2278 0 *
Wi

0101100
+2276 0 +2274 0 +2272 0 +2271 0 *
Ve
1e-07
6.7982537180549 19.0093623269906 0
0 0

0101101
*
Ve
1e-07
8.65165089041685 19.0093623269906 0
0 0

0101101
*
Ed
 1e-07 1 1 0
1  497 0 0 1.85339717236195
0

0101000
+2269 0 -2268 0 *
Ve
1e-07
8.65165089041685 19.8431934642366 0
0 0

0101101
*
Ed
 1e-07 1 1 0
1  498 0 0 0.833831137245991
0

0101000
+2268 0 -2266 0 *
Ve
1e-07
6.7982537180549 19.8431934642366 0
0 0

0101101
*
Ed
 1e-07 1 1 0
1  499 0 0 1.85339717236195
0

0101000
+2266 0 -2264 0 *
Ed
 1e-07 1 1 0
1  500 0 0 0.833831137245991
0

0101000
+2264 0 -2269 0 *
Wi

0101100
+2267 0 +2265 0 +2263 0 +2262 0 *
Ve
1e-07
17.0655882867958 26.6642592894468 0
0 0

0101101
*
Ve
1e-07
17.8994194240417 26.6642592894468 0
0 0

0101101
*
Ed
 1e-07 1 1 0
1  501 0 0 0.83383113724598
0

0101000
+2260 0 -2259 0 *
Ve
1e-07
17.8994194240417 28.5176564618088 0
0 0

0101101
*
Ed
 1e-07 1 1 0
1  502 0 0 1.85339717236194
0

0101000
+2259 0 -2257 0 *
Ve
1e-07
17.0655882867958 28.5176564618088 0
0 0

0101101
*
Ed
 1e-07 1 1 0
1  503 0 0 0.83383113724598
0

0101000
+2257 0 -2255 0 *
Ed
 1e-07 1 1 0
1  504 0 0 1.85339717236194
0

0101000
+2255 0 -2260 0 *
Wi

0101100
+2258 0 +2256 0 +2254 0 +2253 0 *
Ve
1e-07
15.2569441179672 22.5537822005178 0
0 0

0101101
*
Ve
1e-07
15.6738596865902 22.5537822005178 0
0 0

0101101
*
Ed
 1e-07 1 1 0
1  505 0 0 0.416915568623001
0

0101000
+2251 0 -2250 0 *
Ve
1e-07
15.6738596865902 23.6542553658176 0
0 0

0101101
*
Ed
 1e-07 1 1 0
1  506 0 0 1.10047316529973
0

0101000
+2250 0 -2248 0 *
Ve
1e-07
15.2569441179672 23.6542553658176 0
0 0

0101101
*
Ed
 1e-07 1 1 0
1  507 0 0 0.416915568623001
0

0101000
+2248 0 -2246 0 *
Ed
 1e-07 1 1 0
1  508 0 0 1.10047316529973
0

0101000
+2246 0 -2251 0 *
Wi

0101100
+2249 0 +2247 0 +2245 0 +2244 0 *
Ve
1e-07
20.7500445311462 22.5537822005178 0
0 0

0101101
*
Ve
1e-07
20.3331289625232 22.5537822005178 0
0 0

0101101
*
Ed
 1e-07 1 1 0
1  509 0 0 0.41691556862299
0

0101000
+2242 0 -2241 0 *
Ve
1e-07
20.3331289625232 23.6542553658176 0
0 0

0101101
*
Ed
 1e-07 1 1 0
1  510 0 0 1.10047316529973
0

0101000
+2241 0 -2239 0 *
Ve
1e-07
20.7500445311462 23.6542553658176 0
0 0

0101101
*
Ed
 1e-07 1 1 0
1  511 0 0 0.41691556862299
0

0101000
+2239 0 -2237 0 *
Ed
 1e-07 1 1 0
1  512 0 0 1.10047316529973
0

0101000
+2237 0 -2242 0 *
Wi

0101100
+2240 0 +2238 0 +2236 0 +2235 0 *
Ve
1e-07
18.9260315712382 26.6615471498446 0
0 0

0101101
*
Ve
1e-07
18.0922004339922 26.6615471498446 0
0 0

0101101
*
Ed
 1e-07 1 1 0
1  513 0 0 0.83383113724598
0

0101000
+2233 0 -2232 0 *
Ve
1e-07
18.0922004339922 28.5149443222065 0
0 0

0101101
*
Ed
 1e-07 1 1 0
1  514 0 0 1.85339717236195
0

0101000
+2232 0 -2230 0 *
Ve
1e-07
18.9260315712382 28.5149443222065 0
0 0

0101101
*
Ed
 1e-07 1 1 0
1  515 0 0 0.83383113724598
0

0101000
+2230 0 -2228 0 *
Ed
 1e-07 1 1 0
1  516 0 0 1.85339717236195
0

0101000
+2228 0 -2233 0 *
Wi

0101100
+2231 0 +2229 0 +2227 0 +2226 0 *
Ve
1e-07
33.5437942704019 26.6642592894468 0
0 0

0101101
*
Ve
1e-07
34.3776254076479 26.6642592894468 0
0 0

0101101
*
Ed
 1e-07 1 1 0
1  517 0 0 0.83383113724598
0

0101000
+2224 0 -2223 0 *
Ve
1e-07
34.3776254076479 28.5176564618088 0
0 0

0101101
*
Ed
 1e-07 1 1 0
1  518 0 0 1.85339717236194
0

0101000
+2223 0 -2221 0 *
Ve
1e-07
33.5437942704019 28.5176564618088 0
0 0

0101101
*
Ed
 1e-07 1 1 0
1  519 0 0 0.83383113724598
0

0101000
+2221 0 -2219 0 *
Ed
 1e-07 1 1 0
1  520 0 0 1.85339717236194
0

0101000
+2219 0 -2224 0 *
Wi

0101100
+2222 0 +2220 0 +2218 0 +2217 0 *
Ve
1e-07
35.4042375548444 26.6615471498446 0
0 0

0101101
*
Ve
1e-07
34.5704064175984 26.6615471498446 0
0 0

0101101
*
Ed
 1e-07 1 1 0
1  521 0 0 0.83383113724598
0

0101000
+2215 0 -2214 0 *
Ve
1e-07
34.5704064175984 28.5149443222065 0
0 0

0101101
*
Ed
 1e-07 1 1 0
1  522 0 0 1.85339717236195
0

0101000
+2214 0 -2212 0 *
Ve
1e-07
35.4042375548444 28.5149443222065 0
0 0

0101101
*
Ed
 1e-07 1 1 0
1  523 0 0 0.83383113724598
0

0101000
+2212 0 -2210 0 *
Ed
 1e-07 1 1 0
1  524 0 0 1.85339717236195
0

0101000
+2210 0 -2215 0 *
Wi

0101100
+2213 0 +2211 0 +2209 0 +2208 0 *
Ve
1e-07
31.8525067351254 22.5526136559457 0
0 0

0101101
*
Ve
1e-07
32.2694223037484 22.5526136559457 0
0 0

0101101
*
Ed
 1e-07 1 1 0
1  525 0 0 0.416915568622986
0

0101000
+2206 0 -2205 0 *
Ve
1e-07
32.2694223037484 23.6530868212455 0
0 0

0101101
*
Ed
 1e-07 1 1 0
1  526 0 0 1.10047316529973
0

0101000
+2205 0 -2203 0 *
Ve
1e-07
31.8525067351254 23.6530868212455 0
0 0

0101101
*
Ed
 1e-07 1 1 0
1  527 0 0 0.416915568622986
0

0101000
+2203 0 -2201 0 *
Ed
 1e-07 1 1 0
1  528 0 0 1.10047316529973
0

0101000
+2201 0 -2206 0 *
Wi

0101100
+2204 0 +2202 0 +2200 0 +2199 0 *
Ve
1e-07
37.0972263054225 22.5607408724332 0
0 0

0101101
*
Ve
1e-07
36.6803107367995 22.5607408724332 0
0 0

0101101
*
Ed
 1e-07 1 1 0
1  529 0 0 0.41691556862299
0

0101000
+2197 0 -2196 0 *
Ve
1e-07
36.6803107367995 23.661214037733 0
0 0

0101101
*
Ed
 1e-07 1 1 0
1  530 0 0 1.10047316529972
0

0101000
+2196 0 -2194 0 *
Ve
1e-07
37.0972263054225 23.661214037733 0
0 0

0101101
*
Ed
 1e-07 1 1 0
1  531 0 0 0.41691556862299
0

0101000
+2194 0 -2192 0 *
Ed
 1e-07 1 1 0
1  532 0 0 1.10047316529972
0

0101000
+2192 0 -2197 0 *
Wi

0101100
+2195 0 +2193 0 +2191 0 +2190 0 *
Ve
1e-07
52.6492763090775 26.6642592894468 0
0 0

0101101
*
Ve
1e-07
53.4831074463234 26.6642592894468 0
0 0

0101101
*
Ed
 1e-07 1 1 0
1  533 0 0 0.83383113724598
0

0101000
+2188 0 -2187 0 *
Ve
1e-07
53.4831074463234 28.5176564618088 0
0 0

0101101
*
Ed
 1e-07 1 1 0
1  534 0 0 1.85339717236194
0

0101000
+2187 0 -2185 0 *
Ve
1e-07
52.6492763090775 28.5176564618088 0
0 0

0101101
*
Ed
 1e-07 1 1 0
1  535 0 0 0.83383113724598
0

0101000
+2185 0 -2183 0 *
Ed
 1e-07 1 1 0
1  536 0 0 1.85339717236194
0

0101000
+2183 0 -2188 0 *
Wi

0101100
+2186 0 +2184 0 +2182 0 +2181 0 *
Ve
1e-07
50.957988773801 22.5526136559457 0
0 0

0101101
*
Ve
1e-07
51.374904342424 22.5526136559457 0
0 0

0101101
*
Ed
 1e-07 1 1 0
1  537 0 0 0.41691556862299
0

0101000
+2179 0 -2178 0 *
Ve
1e-07
51.374904342424 23.6530868212455 0
0 0

0101101
*
Ed
 1e-07 1 1 0
1  538 0 0 1.10047316529973
0

0101000
+2178 0 -2176 0 *
Ve
1e-07
50.957988773801 23.6530868212455 0
0 0

0101101
*
Ed
 1e-07 1 1 0
1  539 0 0 0.41691556862299
0

0101000
+2176 0 -2174 0 *
Ed
 1e-07 1 1 0
1  540 0 0 1.10047316529973
0

0101000
+2174 0 -2179 0 *
Wi

0101100
+2177 0 +2175 0 +2173 0 +2172 0 *
Ve
1e-07
56.202708344098 22.5607408724332 0
0 0

0101101
*
Ve
1e-07
55.785792775475 22.5607408724332 0
0 0

0101101
*
Ed
 1e-07 1 1 0
1  541 0 0 0.41691556862299
0

0101000
+2170 0 -2169 0 *
Ve
1e-07
55.785792775475 23.661214037733 0
0 0

0101101
*
Ed
 1e-07 1 1 0
1  542 0 0 1.10047316529972
0

0101000
+2169 0 -2167 0 *
Ve
1e-07
56.202708344098 23.661214037733 0
0 0

0101101
*
Ed
 1e-07 1 1 0
1  543 0 0 0.41691556862299
0

0101000
+2167 0 -2165 0 *
Ed
 1e-07 1 1 0
1  544 0 0 1.10047316529972
0

0101000
+2165 0 -2170 0 *
Wi

0101100
+2168 0 +2166 0 +2164 0 +2163 0 *
Ve
1e-07
54.5287045707357 26.6588350102423 0
0 0

0101101
*
Ve
1e-07
53.6948734334898 26.6588350102423 0
0 0

0101101
*
Ed
 1e-07 1 1 0
1  545 0 0 0.83383113724598
0

0101000
+2161 0 -2160 0 *
Ve
1e-07
53.6948734334898 28.5122321826043 0
0 0

0101101
*
Ed
 1e-07 1 1 0
1  546 0 0 1.85339717236195
0

0101000
+2160 0 -2158 0 *
Ve
1e-07
54.5287045707357 28.5122321826043 0
0 0

0101101
*
Ed
 1e-07 1 1 0
1  547 0 0 0.83383113724598
0

0101000
+2158 0 -2156 0 *
Ed
 1e-07 1 1 0
1  548 0 0 1.85339717236195
0

0101000
+2156 0 -2161 0 *
Wi

0101100
+2159 0 +2157 0 +2155 0 +2154 0 *
Ve
1e-07
48.1143924937124 26.6162719293135 0
0 0

0101101
*
Ve
1e-07
48.9482236309584 26.6162719293135 0
0 0

0101101
*
Ed
 1e-07 1 1 0
1  549 0 0 0.833831137246015
0

0101000
+2152 0 -2151 0 *
Ve
1e-07
48.9482236309584 28.4696691016754 0
0 0

0101101
*
Ed
 1e-07 1 1 0
1  550 0 0 1.85339717236195
0

0101000
+2151 0 -2149 0 *
Ve
1e-07
48.1143924937124 28.4696691016754 0
0 0

0101101
*
Ed
 1e-07 1 1 0
1  551 0 0 0.833831137246015
0

0101000
+2149 0 -2147 0 *
Ed
 1e-07 1 1 0
1  552 0 0 1.85339717236195
0

0101000
+2147 0 -2152 0 *
Wi

0101100
+2150 0 +2148 0 +2146 0 +2145 0 *
Ve
1e-07
48.1143924937124 24.7465204262851 0
0 0

0101101
*
Ve
1e-07
48.9482236309584 24.7465204262851 0
0 0

0101101
*
Ed
 1e-07 1 1 0
1  553 0 0 0.833831137246015
0

0101000
+2143 0 -2142 0 *
Ve
1e-07
48.9482236309584 26.599917598647 0
0 0

0101101
*
Ed
 1e-07 1 1 0
1  554 0 0 1.85339717236193
0

0101000
+2142 0 -2140 0 *
Ve
1e-07
48.1143924937124 26.599917598647 0
0 0

0101101
*
Ed
 1e-07 1 1 0
1  555 0 0 0.833831137246015
0

0101000
+2140 0 -2138 0 *
Ed
 1e-07 1 1 0
1  556 0 0 1.85339717236193
0

0101000
+2138 0 -2143 0 *
Wi

0101100
+2141 0 +2139 0 +2137 0 +2136 0 *
Ve
1e-07
48.1143924937124 22.8701121487145 0
0 0

0101101
*
Ve
1e-07
48.9482236309584 22.8701121487145 0
0 0

0101101
*
Ed
 1e-07 1 1 0
1  557 0 0 0.833831137246015
0

0101000
+2134 0 -2133 0 *
Ve
1e-07
48.9482236309584 24.7235093210765 0
0 0

0101101
*
Ed
 1e-07 1 1 0
1  558 0 0 1.85339717236194
0

0101000
+2133 0 -2131 0 *
Ve
1e-07
48.1143924937124 24.7235093210765 0
0 0

0101101
*
Ed
 1e-07 1 1 0
1  559 0 0 0.833831137246015
0

0101000
+2131 0 -2129 0 *
Ed
 1e-07 1 1 0
1  560 0 0 1.85339717236194
0

0101000
+2129 0 -2134 0 *
Wi

0101100
+2132 0 +2130 0 +2128 0 +2127 0 *
Ve
1e-07
48.0909709170449 26.6162719293135 0
0 0

0101101
*
Ve
1e-07
47.2571397797989 26.6162719293135 0
0 0

0101101
*
Ed
 1e-07 1 1 0
1  561 0 0 0.83383113724598
0

0101000
+2125 0 -2124 0 *
Ve
1e-07
47.2571397797989 28.4696691016754 0
0 0

0101101
*
Ed
 1e-07 1 1 0
1  562 0 0 1.85339717236195
0

0101000
+2124 0 -2122 0 *
Ve
1e-07
48.0909709170449 28.4696691016754 0
0 0

0101101
*
Ed
 1e-07 1 1 0
1  563 0 0 0.83383113724598
0

0101000
+2122 0 -2120 0 *
Ed
 1e-07 1 1 0
1  564 0 0 1.85339717236195
0

0101000
+2120 0 -2125 0 *
Wi

0101100
+2123 0 +2121 0 +2119 0 +2118 0 *
Ve
1e-07
48.0909709170449 24.7465204262851 0
0 0

0101101
*
Ve
1e-07
47.2571397797989 24.7465204262851 0
0 0

0101101
*
Ed
 1e-07 1 1 0
1  565 0 0 0.83383113724598
0

0101000
+2116 0 -2115 0 *
Ve
1e-07
47.2571397797989 26.599917598647 0
0 0

0101101
*
Ed
 1e-07 1 1 0
1  566 0 0 1.85339717236193
0

0101000
+2115 0 -2113 0 *
Ve
1e-07
48.0909709170449 26.599917598647 0
0 0

0101101
*
Ed
 1e-07 1 1 0
1  567 0 0 0.83383113724598
0

0101000
+2113 0 -2111 0 *
Ed
 1e-07 1 1 0
1  568 0 0 1.85339717236193
0

0101000
+2111 0 -2116 0 *
Wi

0101100
+2114 0 +2112 0 +2110 0 +2109 0 *
Ve
1e-07
48.0909709170449 22.8701121487145 0
0 0

0101101
*
Ve
1e-07
47.2571397797989 22.8701121487145 0
0 0

0101101
*
Ed
 1e-07 1 1 0
1  569 0 0 0.83383113724598
0

0101000
+2107 0 -2106 0 *
Ve
1e-07
47.2571397797989 24.7235093210765 0
0 0

0101101
*
Ed
 1e-07 1 1 0
1  570 0 0 1.85339717236194
0

0101000
+2106 0 -2104 0 *
Ve
1e-07
48.0909709170449 24.7235093210765 0
0 0

0101101
*
Ed
 1e-07 1 1 0
1  571 0 0 0.83383113724598
0

0101000
+2104 0 -2102 0 *
Ed
 1e-07 1 1 0
1  572 0 0 1.85339717236194
0

0101000
+2102 0 -2107 0 *
Wi

0101100
+2105 0 +2103 0 +2101 0 +2100 0 *
Ve
1e-07
43.9768336647027 26.6162719293135 0
0 0

0101101
*
Ve
1e-07
44.8106648019487 26.6162719293135 0
0 0

0101101
*
Ed
 1e-07 1 1 0
1  573 0 0 0.833831137246001
0

0101000
+2098 0 -2097 0 *
Ve
1e-07
44.8106648019487 28.4696691016754 0
0 0

0101101
*
Ed
 1e-07 1 1 0
1  574 0 0 1.85339717236195
0

0101000
+2097 0 -2095 0 *
Ve
1e-07
43.9768336647027 28.4696691016754 0
0 0

0101101
*
Ed
 1e-07 1 1 0
1  575 0 0 0.833831137246001
0

0101000
+2095 0 -2093 0 *
Ed
 1e-07 1 1 0
1  576 0 0 1.85339717236195
0

0101000
+2093 0 -2098 0 *
Wi

0101100
+2096 0 +2094 0 +2092 0 +2091 0 *
Ve
1e-07
43.9768336647027 24.7465204262851 0
0 0

0101101
*
Ve
1e-07
44.8106648019487 24.7465204262851 0
0 0

0101101
*
Ed
 1e-07 1 1 0
1  577 0 0 0.833831137246001
0

0101000
+2089 0 -2088 0 *
Ve
1e-07
44.8106648019487 26.599917598647 0
0 0

0101101
*
Ed
 1e-07 1 1 0
1  578 0 0 1.85339717236193
0

0101000
+2088 0 -2086 0 *
Ve
1e-07
43.9768336647027 26.599917598647 0
0 0

0101101
*
Ed
 1e-07 1 1 0
1  579 0 0 0.833831137246001
0

0101000
+2086 0 -2084 0 *
Ed
 1e-07 1 1 0
1  580 0 0 1.85339717236193
0

0101000
+2084 0 -2089 0 *
Wi

0101100
+2087 0 +2085 0 +2083 0 +2082 0 *
Ve
1e-07
43.9768336647027 22.8701121487145 0
0 0

0101101
*
Ve
1e-07
44.8106648019487 22.8701121487145 0
0 0

0101101
*
Ed
 1e-07 1 1 0
1  581 0 0 0.833831137246001
0

0101000
+2080 0 -2079 0 *
Ve
1e-07
44.8106648019487 24.7235093210765 0
0 0

0101101
*
Ed
 1e-07 1 1 0
1  582 0 0 1.85339717236194
0

0101000
+2079 0 -2077 0 *
Ve
1e-07
43.9768336647027 24.7235093210765 0
0 0

0101101
*
Ed
 1e-07 1 1 0
1  583 0 0 0.833831137246001
0

0101000
+2077 0 -2075 0 *
Ed
 1e-07 1 1 0
1  584 0 0 1.85339717236194
0

0101000
+2075 0 -2080 0 *
Wi

0101100
+2078 0 +2076 0 +2074 0 +2073 0 *
Ve
1e-07
43.9534120880353 26.6162719293135 0
0 0

0101101
*
Ve
1e-07
43.1195809507892 26.6162719293135 0
0 0

0101101
*
Ed
 1e-07 1 1 0
1  585 0 0 0.833831137246001
0

0101000
+2071 0 -2070 0 *
Ve
1e-07
43.1195809507892 28.4696691016754 0
0 0

0101101
*
Ed
 1e-07 1 1 0
1  586 0 0 1.85339717236195
0

0101000
+2070 0 -2068 0 *
Ve
1e-07
43.9534120880353 28.4696691016754 0
0 0

0101101
*
Ed
 1e-07 1 1 0
1  587 0 0 0.833831137246001
0

0101000
+2068 0 -2066 0 *
Ed
 1e-07 1 1 0
1  588 0 0 1.85339717236195
0

0101000
+2066 0 -2071 0 *
Wi

0101100
+2069 0 +2067 0 +2065 0 +2064 0 *
Ve
1e-07
43.9534120880353 24.7465204262851 0
0 0

0101101
*
Ve
1e-07
43.1195809507892 24.7465204262851 0
0 0

0101101
*
Ed
 1e-07 1 1 0
1  589 0 0 0.833831137246001
0

0101000
+2062 0 -2061 0 *
Ve
1e-07
43.1195809507892 26.599917598647 0
0 0

0101101
*
Ed
 1e-07 1 1 0
1  590 0 0 1.85339717236193
0

0101000
+2061 0 -2059 0 *
Ve
1e-07
43.9534120880353 26.599917598647 0
0 0

0101101
*
Ed
 1e-07 1 1 0
1  591 0 0 0.833831137246001
0

0101000
+2059 0 -2057 0 *
Ed
 1e-07 1 1 0
1  592 0 0 1.85339717236193
0

0101000
+2057 0 -2062 0 *
Wi

0101100
+2060 0 +2058 0 +2056 0 +2055 0 *
Ve
1e-07
43.9534120880353 22.8701121487145 0
0 0

0101101
*
Ve
1e-07
43.1195809507892 22.8701121487145 0
0 0

0101101
*
Ed
 1e-07 1 1 0
1  593 0 0 0.833831137246001
0

0101000
+2053 0 -2052 0 *
Ve
1e-07
43.1195809507892 24.7235093210765 0
0 0

0101101
*
Ed
 1e-07 1 1 0
1  594 0 0 1.85339717236194
0

0101000
+2052 0 -2050 0 *
Ve
1e-07
43.9534120880353 24.7235093210765 0
0 0

0101101
*
Ed
 1e-07 1 1 0
1  595 0 0 0.833831137246001
0

0101000
+2050 0 -2048 0 *
Ed
 1e-07 1 1 0
1  596 0 0 1.85339717236194
0

0101000
+2048 0 -2053 0 *
Wi

0101100
+2051 0 +2049 0 +2047 0 +2046 0 *
Ve
1e-07
39.9647145238396 26.6162719293135 0
0 0

0101101
*
Ve
1e-07
40.7985456610856 26.6162719293135 0
0 0

0101101
*
Ed
 1e-07 1 1 0
1  597 0 0 0.833831137245987
0

0101000
+2044 0 -2043 0 *
Ve
1e-07
40.7985456610856 28.4696691016754 0
0 0

0101101
*
Ed
 1e-07 1 1 0
1  598 0 0 1.85339717236195
0

0101000
+2043 0 -2041 0 *
Ve
1e-07
39.9647145238396 28.4696691016754 0
0 0

0101101
*
Ed
 1e-07 1 1 0
1  599 0 0 0.833831137245987
0

0101000
+2041 0 -2039 0 *
Ed
 1e-07 1 1 0
1  600 0 0 1.85339717236195
0

0101000
+2039 0 -2044 0 *
Wi

0101100
+2042 0 +2040 0 +2038 0 +2037 0 *
Ve
1e-07
39.9647145238396 24.7465204262851 0
0 0

0101101
*
Ve
1e-07
40.7985456610856 24.7465204262851 0
0 0

0101101
*
Ed
 1e-07 1 1 0
1  601 0 0 0.833831137245987
0

0101000
+2035 0 -2034 0 *
Ve
1e-07
40.7985456610856 26.599917598647 0
0 0

0101101
*
Ed
 1e-07 1 1 0
1  602 0 0 1.85339717236193
0

0101000
+2034 0 -2032 0 *
Ve
1e-07
39.9647145238396 26.599917598647 0
0 0

0101101
*
Ed
 1e-07 1 1 0
1  603 0 0 0.833831137245987
0

0101000
+2032 0 -2030 0 *
Ed
 1e-07 1 1 0
1  604 0 0 1.85339717236193
0

0101000
+2030 0 -2035 0 *
Wi

0101100
+2033 0 +2031 0 +2029 0 +2028 0 *
Ve
1e-07
39.9647145238396 22.8701121487145 0
0 0

0101101
*
Ve
1e-07
40.7985456610856 22.8701121487145 0
0 0

0101101
*
Ed
 1e-07 1 1 0
1  605 0 0 0.833831137245987
0

0101000
+2026 0 -2025 0 *
Ve
1e-07
40.7985456610856 24.7235093210765 0
0 0

0101101
*
Ed
 1e-07 1 1 0
1  606 0 0 1.85339717236194
0

0101000
+2025 0 -2023 0 *
Ve
1e-07
39.9647145238396 24.7235093210765 0
0 0

0101101
*
Ed
 1e-07 1 1 0
1  607 0 0 0.833831137245987
0

0101000
+2023 0 -2021 0 *
Ed
 1e-07 1 1 0
1  608 0 0 1.85339717236194
0

0101000
+2021 0 -2026 0 *
Wi

0101100
+2024 0 +2022 0 +2020 0 +2019 0 *
Ve
1e-07
39.9412929471721 26.6162719293135 0
0 0

0101101
*
Ve
1e-07
39.1074618099261 26.6162719293135 0
0 0

0101101
*
Ed
 1e-07 1 1 0
1  609 0 0 0.833831137245987
0

0101000
+2017 0 -2016 0 *
Ve
1e-07
39.1074618099261 28.4696691016754 0
0 0

0101101
*
Ed
 1e-07 1 1 0
1  610 0 0 1.85339717236195
0

0101000
+2016 0 -2014 0 *
Ve
1e-07
39.9412929471721 28.4696691016754 0
0 0

0101101
*
Ed
 1e-07 1 1 0
1  611 0 0 0.833831137245987
0

0101000
+2014 0 -2012 0 *
Ed
 1e-07 1 1 0
1  612 0 0 1.85339717236195
0

0101000
+2012 0 -2017 0 *
Wi

0101100
+2015 0 +2013 0 +2011 0 +2010 0 *
Ve
1e-07
39.9412929471721 24.7465204262851 0
0 0

0101101
*
Ve
1e-07
39.1074618099261 24.7465204262851 0
0 0

0101101
*
Ed
 1e-07 1 1 0
1  613 0 0 0.833831137245987
0

0101000
+2008 0 -2007 0 *
Ve
1e-07
39.1074618099261 26.599917598647 0
0 0

0101101
*
Ed
 1e-07 1 1 0
1  614 0 0 1.85339717236193
0

0101000
+2007 0 -2005 0 *
Ve
1e-07
39.9412929471721 26.599917598647 0
0 0

0101101
*
Ed
 1e-07 1 1 0
1  615 0 0 0.833831137245987
0

0101000
+2005 0 -2003 0 *
Ed
 1e-07 1 1 0
1  616 0 0 1.85339717236193
0

0101000
+2003 0 -2008 0 *
Wi

0101100
+2006 0 +2004 0 +2002 0 +2001 0 *
Ve
1e-07
39.9412929471721 22.8701121487145 0
0 0

0101101
*
Ve
1e-07
39.1074618099261 22.8701121487145 0
0 0

0101101
*
Ed
 1e-07 1 1 0
1  617 0 0 0.833831137245987
0

0101000
+1999 0 -1998 0 *
Ve
1e-07
39.1074618099261 24.7235093210765 0
0 0

0101101
*
Ed
 1e-07 1 1 0
1  618 0 0 1.85339717236194
0

0101000
+1998 0 -1996 0 *
Ve
1e-07
39.9412929471721 24.7235093210765 0
0 0

0101101
*
Ed
 1e-07 1 1 0
1  619 0 0 0.833831137245987
0

0101000
+1996 0 -1994 0 *
Ed
 1e-07 1 1 0
1  620 0 0 1.85339717236194
0

0101000
+1994 0 -1999 0 *
Wi

0101100
+1997 0 +1995 0 +1993 0 +1992 0 *
Ve
1e-07
59.120790609275 12.4218650927578 0
0 0

0101101
*
Ve
1e-07
59.537706177898 12.4218650927578 0
0 0

0101101
*
Ed
 1e-07 1 1 0
1  621 0 0 0.41691556862299
0

0101000
+1990 0 -1989 0 *
Ve
1e-07
59.537706177898 13.5223382580576 0
0 0

0101101
*
Ed
 1e-07 1 1 0
1  622 0 0 1.10047316529972
0

0101000
+1989 0 -1987 0 *
Ve
1e-07
59.120790609275 13.5223382580576 0
0 0

0101101
*
Ed
 1e-07 1 1 0
1  623 0 0 0.41691556862299
0

0101000
+1987 0 -1985 0 *
Ed
 1e-07 1 1 0
1  624 0 0 1.10047316529972
0

0101000
+1985 0 -1990 0 *
Wi

0101100
+1988 0 +1986 0 +1984 0 +1983 0 *
Ve
1e-07
62.6914955884194 12.6800668719373 0
0 0

0101101
*
Ve
1e-07
64.5448927607814 12.6800668719373 0
0 0

0101101
*
Ed
 1e-07 1 1 0
1  625 0 0 1.85339717236191
0

0101000
+1981 0 -1980 0 *
Ve
1e-07
64.5448927607814 13.5138980091833 0
0 0

0101101
*
Ed
 1e-07 1 1 0
1  626 0 0 0.83383113724598
0

0101000
+1980 0 -1978 0 *
Ve
1e-07
62.6914955884194 13.5138980091833 0
0 0

0101101
*
Ed
 1e-07 1 1 0
1  627 0 0 1.85339717236191
0

0101000
+1978 0 -1976 0 *
Ed
 1e-07 1 1 0
1  628 0 0 0.83383113724598
0

0101000
+1976 0 -1981 0 *
Wi

0101100
+1979 0 +1977 0 +1975 0 +1974 0 *
Ve
1e-07
63.72588748505 9.00756999792318 0
0 0

0101101
*
Ve
1e-07
64.559718622296 9.00756999792318 0
0 0

0101101
*
Ed
 1e-07 1 1 0
1  629 0 0 0.833831137245951
0

0101000
+1972 0 -1971 0 *
Ve
1e-07
64.559718622296 10.8609671702851 0
0 0

0101101
*
Ed
 1e-07 1 1 0
1  630 0 0 1.85339717236196
0

0101000
+1971 0 -1969 0 *
Ve
1e-07
63.72588748505 10.8609671702851 0
0 0

0101101
*
Ed
 1e-07 1 1 0
1  631 0 0 0.833831137245951
0

0101000
+1969 0 -1967 0 *
Ed
 1e-07 1 1 0
1  632 0 0 1.85339717236196
0

0101000
+1967 0 -1972 0 *
Wi

0101100
+1970 0 +1968 0 +1966 0 +1965 0 *
Ve
1e-07
61.2300182929047 8.14836663402037 0
0 0

0101101
*
Ve
1e-07
64.5600908363653 8.14836663402037 0
0 0

0101101
*
Ed
 1e-07 1 1 0
1  633 0 0 3.33007254346059
0

0101000
+1963 0 -1962 0 *
Ve
1e-07
64.5600908363653 8.56528220264338 0
0 0

0101101
*
Ed
 1e-07 1 1 0
1  634 0 0 0.416915568623004
0

0101000
+1962 0 -1960 0 *
Ve
1e-07
61.2300182929047 8.56528220264338 0
0 0

0101101
*
Ed
 1e-07 1 1 0
1  635 0 0 3.33007254346059
0

0101000
+1960 0 -1958 0 *
Ed
 1e-07 1 1 0
1  636 0 0 0.416915568623004
0

0101000
+1958 0 -1963 0 *
Wi

0101100
+1961 0 +1959 0 +1957 0 +1956 0 *
Ve
1e-07
63.72588748505 14.5799171119735 0
0 0

0101101
*
Ve
1e-07
64.559718622296 14.5799171119735 0
0 0

0101101
*
Ed
 1e-07 1 1 0
1  637 0 0 0.833831137245951
0

0101000
+1954 0 -1953 0 *
Ve
1e-07
64.559718622296 16.4333142843355 0
0 0

0101101
*
Ed
 1e-07 1 1 0
1  638 0 0 1.85339717236196
0

0101000
+1953 0 -1951 0 *
Ve
1e-07
63.72588748505 16.4333142843355 0
0 0

0101101
*
Ed
 1e-07 1 1 0
1  639 0 0 0.833831137245951
0

0101000
+1951 0 -1949 0 *
Ed
 1e-07 1 1 0
1  640 0 0 1.85339717236196
0

0101000
+1949 0 -1954 0 *
Wi

0101100
+1952 0 +1950 0 +1948 0 +1947 0 *
Ve
1e-07
61.2300182929047 13.7207137480707 0
0 0

0101101
*
Ve
1e-07
64.5600908363653 13.7207137480707 0
0 0

0101101
*
Ed
 1e-07 1 1 0
1  641 0 0 3.33007254346059
0

0101000
+1945 0 -1944 0 *
Ve
1e-07
64.5600908363653 14.1376293166937 0
0 0

0101101
*
Ed
 1e-07 1 1 0
1  642 0 0 0.416915568623011
0

0101000
+1944 0 -1942 0 *
Ve
1e-07
61.2300182929047 14.1376293166937 0
0 0

0101101
*
Ed
 1e-07 1 1 0
1  643 0 0 3.33007254346059
0

0101000
+1942 0 -1940 0 *
Ed
 1e-07 1 1 0
1  644 0 0 0.416915568623011
0

0101000
+1940 0 -1945 0 *
Wi

0101100
+1943 0 +1941 0 +1939 0 +1938 0 *
Ve
1e-07
63.72588748505 20.0457297908536 0
0 0

0101101
*
Ve
1e-07
64.559718622296 20.0457297908536 0
0 0

0101101
*
Ed
 1e-07 1 1 0
1  645 0 0 0.83383113724598
0

0101000
+1936 0 -1935 0 *
Ve
1e-07
64.559718622296 21.8991269632156 0
0 0

0101101
*
Ed
 1e-07 1 1 0
1  646 0 0 1.85339717236195
0

0101000
+1935 0 -1933 0 *
Ve
1e-07
63.72588748505 21.8991269632156 0
0 0

0101101
*
Ed
 1e-07 1 1 0
1  647 0 0 0.83383113724598
0

0101000
+1933 0 -1931 0 *
Ed
 1e-07 1 1 0
1  648 0 0 1.85339717236195
0

0101000
+1931 0 -1936 0 *
Wi

0101100
+1934 0 +1932 0 +1930 0 +1929 0 *
Ve
1e-07
61.2300182929047 19.1865264269508 0
0 0

0101101
*
Ve
1e-07
64.5600908363653 19.1865264269508 0
0 0

0101101
*
Ed
 1e-07 1 1 0
1  649 0 0 3.33007254346059
0

0101000
+1927 0 -1926 0 *
Ve
1e-07
64.5600908363653 19.6034419955738 0
0 0

0101101
*
Ed
 1e-07 1 1 0
1  650 0 0 0.416915568623011
0

0101000
+1926 0 -1924 0 *
Ve
1e-07
61.2300182929047 19.6034419955738 0
0 0

0101101
*
Ed
 1e-07 1 1 0
1  651 0 0 3.33007254346059
0

0101000
+1924 0 -1922 0 *
Ed
 1e-07 1 1 0
1  652 0 0 0.416915568623011
0

0101000
+1922 0 -1927 0 *
Wi

0101100
+1925 0 +1923 0 +1921 0 +1920 0 *
Ve
1e-07
59.1155543005382 27.3990886591518 0
0 0

0101101
*
Ve
1e-07
59.5324698691612 27.3990886591518 0
0 0

0101101
*
Ed
 1e-07 1 1 0
1  653 0 0 0.416915568622969
0

0101000
+1918 0 -1917 0 *
Ve
1e-07
59.5324698691612 28.4995618244515 0
0 0

0101101
*
Ed
 1e-07 1 1 0
1  654 0 0 1.10047316529971
0

0101000
+1917 0 -1915 0 *
Ve
1e-07
59.1155543005382 28.4995618244515 0
0 0

0101101
*
Ed
 1e-07 1 1 0
1  655 0 0 0.416915568622969
0

0101000
+1915 0 -1913 0 *
Ed
 1e-07 1 1 0
1  656 0 0 1.10047316529971
0

0101000
+1913 0 -1918 0 *
Wi

0101100
+1916 0 +1914 0 +1912 0 +1911 0 *
Ve
1e-07
62.6862592796827 27.6572904383313 0
0 0

0101101
*
Ve
1e-07
64.5396564520446 27.6572904383313 0
0 0

0101101
*
Ed
 1e-07 1 1 0
1  657 0 0 1.85339717236191
0

0101000
+1909 0 -1908 0 *
Ve
1e-07
64.5396564520446 28.4911215755772 0
0 0

0101101
*
Ed
 1e-07 1 1 0
1  658 0 0 0.83383113724598
0

0101000
+1908 0 -1906 0 *
Ve
1e-07
62.6862592796827 28.4911215755772 0
0 0

0101101
*
Ed
 1e-07 1 1 0
1  659 0 0 1.85339717236191
0

0101000
+1906 0 -1904 0 *
Ed
 1e-07 1 1 0
1  660 0 0 0.83383113724598
0

0101000
+1904 0 -1909 0 *
Wi

0101100
+1907 0 +1905 0 +1903 0 +1902 0 *
Ve
1e-07
61.2365243521891 24.6702031533941 0
0 0

0101101
*
Ve
1e-07
64.5665968956497 24.6702031533941 0
0 0

0101101
*
Ed
 1e-07 1 1 0
1  661 0 0 3.3300725434606
0

0101000
+1900 0 -1899 0 *
Ve
1e-07
64.5665968956497 25.0871187220171 0
0 0

0101101
*
Ed
 1e-07 1 1 0
1  662 0 0 0.416915568623011
0

0101000
+1899 0 -1897 0 *
Ve
1e-07
61.2365243521891 25.0871187220171 0
0 0

0101101
*
Ed
 1e-07 1 1 0
1  663 0 0 3.3300725434606
0

0101000
+1897 0 -1895 0 *
Ed
 1e-07 1 1 0
1  664 0 0 0.416915568623011
0

0101000
+1895 0 -1900 0 *
Wi

0101100
+1898 0 +1896 0 +1894 0 +1893 0 *
Ve
1e-07
59.113630882027 23.3613844943206 0
0 0

0101101
*
Ve
1e-07
59.53054645065 23.3613844943206 0
0 0

0101101
*
Ed
 1e-07 1 1 0
1  665 0 0 0.416915568622962
0

0101000
+1891 0 -1890 0 *
Ve
1e-07
59.53054645065 24.4618576596203 0
0 0

0101101
*
Ed
 1e-07 1 1 0
1  666 0 0 1.10047316529973
0

0101000
+1890 0 -1888 0 *
Ve
1e-07
59.113630882027 24.4618576596203 0
0 0

0101101
*
Ed
 1e-07 1 1 0
1  667 0 0 0.416915568622962
0

0101000
+1888 0 -1886 0 *
Ed
 1e-07 1 1 0
1  668 0 0 1.10047316529973
0

0101000
+1886 0 -1891 0 *
Wi

0101100
+1889 0 +1887 0 +1885 0 +1884 0 *
Ve
1e-07
62.6843358611714 23.6195862735 0
0 0

0101101
*
Ve
1e-07
64.5377330335334 23.6195862735 0
0 0

0101101
*
Ed
 1e-07 1 1 0
1  669 0 0 1.85339717236194
0

0101000
+1882 0 -1881 0 *
Ve
1e-07
64.5377330335334 24.453417410746 0
0 0

0101101
*
Ed
 1e-07 1 1 0
1  670 0 0 0.83383113724598
0

0101000
+1881 0 -1879 0 *
Ve
1e-07
62.6843358611714 24.453417410746 0
0 0

0101101
*
Ed
 1e-07 1 1 0
1  671 0 0 1.85339717236194
0

0101000
+1879 0 -1877 0 *
Ed
 1e-07 1 1 0
1  672 0 0 0.83383113724598
0

0101000
+1877 0 -1882 0 *
Wi

0101100
+1880 0 +1878 0 +1876 0 +1875 0 *
Ve
1e-07
59.1094194731026 17.8792338645583 0
0 0

0101101
*
Ve
1e-07
59.5263350417256 17.8792338645583 0
0 0

0101101
*
Ed
 1e-07 1 1 0
1  673 0 0 0.41691556862299
0

0101000
+1873 0 -1872 0 *
Ve
1e-07
59.5263350417256 18.9797070298581 0
0 0

0101101
*
Ed
 1e-07 1 1 0
1  674 0 0 1.10047316529971
0

0101000
+1872 0 -1870 0 *
Ve
1e-07
59.1094194731026 18.9797070298581 0
0 0

0101101
*
Ed
 1e-07 1 1 0
1  675 0 0 0.41691556862299
0

0101000
+1870 0 -1868 0 *
Ed
 1e-07 1 1 0
1  676 0 0 1.10047316529971
0

0101000
+1868 0 -1873 0 *
Wi

0101100
+1871 0 +1869 0 +1867 0 +1866 0 *
Ve
1e-07
62.6801244522471 18.1374356437378 0
0 0

0101101
*
Ve
1e-07
64.533521624609 18.1374356437378 0
0 0

0101101
*
Ed
 1e-07 1 1 0
1  677 0 0 1.85339717236192
0

0101000
+1864 0 -1863 0 *
Ve
1e-07
64.533521624609 18.9712667809838 0
0 0

0101101
*
Ed
 1e-07 1 1 0
1  678 0 0 0.83383113724598
0

0101000
+1863 0 -1861 0 *
Ve
1e-07
62.6801244522471 18.9712667809838 0
0 0

0101101
*
Ed
 1e-07 1 1 0
1  679 0 0 1.85339717236192
0

0101000
+1861 0 -1859 0 *
Ed
 1e-07 1 1 0
1  680 0 0 0.83383113724598
0

0101000
+1859 0 -1864 0 *
Wi

0101100
+1862 0 +1860 0 +1858 0 +1857 0 *
Ve
1e-07
46.3111375155701 15.1243938225162 0
0 0

0101101
*
Ve
1e-07
47.3745435792708 15.1243938225162 0
0 0

0101101
*
Ed
 1e-07 1 1 0
1  681 0 0 1.06340606370073
0

0101000
+1855 0 -1854 0 *
Ve
1e-07
47.3745435792708 18.2726354584722 0
0 0

0101101
*
Ed
 1e-07 1 1 0
1  682 0 0 3.148241635956
0

0101000
+1854 0 -1852 0 *
Ve
1e-07
46.3111375155701 18.2726354584722 0
0 0

0101101
*
Ed
 1e-07 1 1 0
1  683 0 0 1.06340606370073
0

0101000
+1852 0 -1850 0 *
Ed
 1e-07 1 1 0
1  684 0 0 3.148241635956
0

0101000
+1850 0 -1855 0 *
Wi

0101100
+1853 0 +1851 0 +1849 0 +1848 0 *
Ve
1e-07
41.6756375155701 15.1243938225162 0
0 0

0101101
*
Ve
1e-07
42.7390435792708 15.1243938225162 0
0 0

0101101
*
Ed
 1e-07 1 1 0
1  685 0 0 1.06340606370073
0

0101000
+1846 0 -1845 0 *
Ve
1e-07
42.7390435792708 18.2726354584722 0
0 0

0101101
*
Ed
 1e-07 1 1 0
1  686 0 0 3.148241635956
0

0101000
+1845 0 -1843 0 *
Ve
1e-07
41.6756375155701 18.2726354584722 0
0 0

0101101
*
Ed
 1e-07 1 1 0
1  687 0 0 1.06340606370073
0

0101000
+1843 0 -1841 0 *
Ed
 1e-07 1 1 0
1  688 0 0 3.148241635956
0

0101000
+1841 0 -1846 0 *
Wi

0101100
+1844 0 +1842 0 +1840 0 +1839 0 *
Ve
1e-07
29.0928719793637 27.4241752184725 0
0 0

0101101
*
Ve
1e-07
29.6928719793637 27.4241752184725 0
0 0

0101101
*
Ed
 1e-07 1 1 0
1  689 0 0 0.600000000000001
0

0101000
+1837 0 -1836 0 *
Ve
1e-07
29.6928719793637 28.0241752184725 0
0 0

0101101
*
Ed
 1e-07 1 1 0
1  690 0 0 0.600000000000009
0

0101000
+1836 0 -1834 0 *
Ve
1e-07
29.0928719793637 28.0241752184725 0
0 0

0101101
*
Ed
 1e-07 1 1 0
1  691 0 0 0.600000000000001
0

0101000
+1834 0 -1832 0 *
Ed
 1e-07 1 1 0
1  692 0 0 0.600000000000009
0

0101000
+1832 0 -1837 0 *
Wi

0101100
+1835 0 +1833 0 +1831 0 +1830 0 *
Ve
1e-07
28.2724905596545 27.4225592073622 0
0 0

0101101
*
Ve
1e-07
28.8724905596545 27.4225592073622 0
0 0

0101101
*
Ed
 1e-07 1 1 0
1  693 0 0 0.599999999999987
0

0101000
+1828 0 -1827 0 *
Ve
1e-07
28.8724905596545 28.0225592073622 0
0 0

0101101
*
Ed
 1e-07 1 1 0
1  694 0 0 0.599999999999991
0

0101000
+1827 0 -1825 0 *
Ve
1e-07
28.2724905596545 28.0225592073622 0
0 0

0101101
*
Ed
 1e-07 1 1 0
1  695 0 0 0.599999999999987
0

0101000
+1825 0 -1823 0 *
Ed
 1e-07 1 1 0
1  696 0 0 0.599999999999991
0

0101000
+1823 0 -1828 0 *
Wi

0101100
+1826 0 +1824 0 +1822 0 +1821 0 *
Ve
1e-07
27.135 26.4172334465696 0
0 0

0101101
*
Ve
1e-07
27.735 26.4172334465696 0
0 0

0101101
*
Ed
 1e-07 1 1 0
1  697 0 0 0.599999999999991
0

0101000
+1819 0 -1818 0 *
Ve
1e-07
27.735 27.0172334465696 0
0 0

0101101
*
Ed
 1e-07 1 1 0
1  698 0 0 0.600000000000012
0

0101000
+1818 0 -1816 0 *
Ve
1e-07
27.135 27.0172334465696 0
0 0

0101101
*
Ed
 1e-07 1 1 0
1  699 0 0 0.599999999999991
0

0101000
+1816 0 -1814 0 *
Ed
 1e-07 1 1 0
1  700 0 0 0.600000000000012
0

0101000
+1814 0 -1819 0 *
Wi

0101100
+1817 0 +1815 0 +1813 0 +1812 0 *
Ve
1e-07
27.1389518063377 25.5913059219988 0
0 0

0101101
*
Ve
1e-07
27.7389518063377 25.5913059219988 0
0 0

0101101
*
Ed
 1e-07 1 1 0
1  701 0 0 0.599999999999991
0

0101000
+1810 0 -1809 0 *
Ve
1e-07
27.7389518063377 26.1913059219989 0
0 0

0101101
*
Ed
 1e-07 1 1 0
1  702 0 0 0.600000000000012
0

0101000
+1809 0 -1807 0 *
Ve
1e-07
27.1389518063377 26.1913059219989 0
0 0

0101101
*
Ed
 1e-07 1 1 0
1  703 0 0 0.599999999999991
0

0101000
+1807 0 -1805 0 *
Ed
 1e-07 1 1 0
1  704 0 0 0.600000000000012
0

0101000
+1805 0 -1810 0 *
Wi

0101100
+1808 0 +1806 0 +1804 0 +1803 0 *
Ve
1e-07
28.2343915156753 24.4931910662587 0
0 0

0101101
*
Ve
1e-07
28.8343915156753 24.4931910662587 0
0 0

0101101
*
Ed
 1e-07 1 1 0
1  705 0 0 0.600000000000019
0

0101000
+1801 0 -1800 0 *
Ve
1e-07
28.8343915156753 25.0931910662587 0
0 0

0101101
*
Ed
 1e-07 1 1 0
1  706 0 0 0.600000000000009
0

0101000
+1800 0 -1798 0 *
Ve
1e-07
28.2343915156753 25.0931910662587 0
0 0

0101101
*
Ed
 1e-07 1 1 0
1  707 0 0 0.600000000000019
0

0101000
+1798 0 -1796 0 *
Ed
 1e-07 1 1 0
1  708 0 0 0.600000000000009
0

0101000
+1796 0 -1801 0 *
Wi

0101100
+1799 0 +1797 0 +1795 0 +1794 0 *
Ve
1e-07
28.9986058021309 24.5013350906844 0
0 0

0101101
*
Ve
1e-07
29.5986058021309 24.5013350906844 0
0 0

0101101
*
Ed
 1e-07 1 1 0
1  709 0 0 0.599999999999998
0

0101000
+1792 0 -1791 0 *
Ve
1e-07
29.5986058021309 25.1013350906844 0
0 0

0101101
*
Ed
 1e-07 1 1 0
1  710 0 0 0.600000000000001
0

0101000
+1791 0 -1789 0 *
Ve
1e-07
28.9986058021309 25.1013350906844 0
0 0

0101101
*
Ed
 1e-07 1 1 0
1  711 0 0 0.599999999999998
0

0101000
+1789 0 -1787 0 *
Ed
 1e-07 1 1 0
1  712 0 0 0.600000000000001
0

0101000
+1787 0 -1792 0 *
Wi

0101100
+1790 0 +1788 0 +1786 0 +1785 0 *
Ve
1e-07
30.0783285166411 25.5114728892938 0
0 0

0101101
*
Ve
1e-07
30.6783285166411 25.5114728892938 0
0 0

0101101
*
Ed
 1e-07 1 1 0
1  713 0 0 0.600000000000001
0

0101000
+1783 0 -1782 0 *
Ve
1e-07
30.6783285166411 26.1114728892939 0
0 0

0101101
*
Ed
 1e-07 1 1 0
1  714 0 0 0.600000000000012
0

0101000
+1782 0 -1780 0 *
Ve
1e-07
30.0783285166411 26.1114728892939 0
0 0

0101101
*
Ed
 1e-07 1 1 0
1  715 0 0 0.600000000000001
0

0101000
+1780 0 -1778 0 *
Ed
 1e-07 1 1 0
1  716 0 0 0.600000000000012
0

0101000
+1778 0 -1783 0 *
Wi

0101100
+1781 0 +1779 0 +1777 0 +1776 0 *
Ve
1e-07
30.0901839356541 26.3650630582282 0
0 0

0101101
*
Ve
1e-07
30.6901839356541 26.3650630582282 0
0 0

0101101
*
Ed
 1e-07 1 1 0
1  717 0 0 0.599999999999991
0

0101000
+1774 0 -1773 0 *
Ve
1e-07
30.6901839356541 26.9650630582282 0
0 0

0101101
*
Ed
 1e-07 1 1 0
1  718 0 0 0.600000000000012
0

0101000
+1773 0 -1771 0 *
Ve
1e-07
30.0901839356541 26.9650630582282 0
0 0

0101101
*
Ed
 1e-07 1 1 0
1  719 0 0 0.599999999999991
0

0101000
+1771 0 -1769 0 *
Ed
 1e-07 1 1 0
1  720 0 0 0.600000000000012
0

0101000
+1769 0 -1774 0 *
Wi

0101100
+1772 0 +1770 0 +1768 0 +1767 0 *
Ve
1e-07
23.5895386460304 27.4241752184725 0
0 0

0101101
*
Ve
1e-07
24.1895386460304 27.4241752184725 0
0 0

0101101
*
Ed
 1e-07 1 1 0
1  721 0 0 0.600000000000009
0

0101000
+1765 0 -1764 0 *
Ve
1e-07
24.1895386460304 28.0241752184725 0
0 0

0101101
*
Ed
 1e-07 1 1 0
1  722 0 0 0.600000000000009
0

0101000
+1764 0 -1762 0 *
Ve
1e-07
23.5895386460304 28.0241752184725 0
0 0

0101101
*
Ed
 1e-07 1 1 0
1  723 0 0 0.600000000000009
0

0101000
+1762 0 -1760 0 *
Ed
 1e-07 1 1 0
1  724 0 0 0.600000000000009
0

0101000
+1760 0 -1765 0 *
Wi

0101100
+1763 0 +1761 0 +1759 0 +1758 0 *
Ve
1e-07
22.7691572263212 27.4225592073622 0
0 0

0101101
*
Ve
1e-07
23.3691572263212 27.4225592073622 0
0 0

0101101
*
Ed
 1e-07 1 1 0
1  725 0 0 0.600000000000001
0

0101000
+1756 0 -1755 0 *
Ve
1e-07
23.3691572263212 28.0225592073622 0
0 0

0101101
*
Ed
 1e-07 1 1 0
1  726 0 0 0.599999999999991
0

0101000
+1755 0 -1753 0 *
Ve
1e-07
22.7691572263212 28.0225592073622 0
0 0

0101101
*
Ed
 1e-07 1 1 0
1  727 0 0 0.600000000000001
0

0101000
+1753 0 -1751 0 *
Ed
 1e-07 1 1 0
1  728 0 0 0.599999999999991
0

0101000
+1751 0 -1756 0 *
Wi

0101100
+1754 0 +1752 0 +1750 0 +1749 0 *
Ve
1e-07
21.6316666666667 26.4172334465696 0
0 0

0101101
*
Ve
1e-07
22.2316666666667 26.4172334465696 0
0 0

0101101
*
Ed
 1e-07 1 1 0
1  729 0 0 0.600000000000001
0

0101000
+1747 0 -1746 0 *
Ve
1e-07
22.2316666666667 27.0172334465696 0
0 0

0101101
*
Ed
 1e-07 1 1 0
1  730 0 0 0.600000000000012
0

0101000
+1746 0 -1744 0 *
Ve
1e-07
21.6316666666667 27.0172334465696 0
0 0

0101101
*
Ed
 1e-07 1 1 0
1  731 0 0 0.600000000000001
0

0101000
+1744 0 -1742 0 *
Ed
 1e-07 1 1 0
1  732 0 0 0.600000000000012
0

0101000
+1742 0 -1747 0 *
Wi

0101100
+1745 0 +1743 0 +1741 0 +1740 0 *
Ve
1e-07
21.6356184730043 25.5913059219988 0
0 0

0101101
*
Ve
1e-07
22.2356184730043 25.5913059219988 0
0 0

0101101
*
Ed
 1e-07 1 1 0
1  733 0 0 0.599999999999998
0

0101000
+1738 0 -1737 0 *
Ve
1e-07
22.2356184730043 26.1913059219989 0
0 0

0101101
*
Ed
 1e-07 1 1 0
1  734 0 0 0.600000000000012
0

0101000
+1737 0 -1735 0 *
Ve
1e-07
21.6356184730043 26.1913059219989 0
0 0

0101101
*
Ed
 1e-07 1 1 0
1  735 0 0 0.599999999999998
0

0101000
+1735 0 -1733 0 *
Ed
 1e-07 1 1 0
1  736 0 0 0.600000000000012
0

0101000
+1733 0 -1738 0 *
Wi

0101100
+1736 0 +1734 0 +1732 0 +1731 0 *
Ve
1e-07
22.7310581823419 24.4931910662587 0
0 0

0101101
*
Ve
1e-07
23.3310581823419 24.4931910662587 0
0 0

0101101
*
Ed
 1e-07 1 1 0
1  737 0 0 0.600000000000009
0

0101000
+1729 0 -1728 0 *
Ve
1e-07
23.3310581823419 25.0931910662587 0
0 0

0101101
*
Ed
 1e-07 1 1 0
1  738 0 0 0.600000000000009
0

0101000
+1728 0 -1726 0 *
Ve
1e-07
22.7310581823419 25.0931910662587 0
0 0

0101101
*
Ed
 1e-07 1 1 0
1  739 0 0 0.600000000000009
0

0101000
+1726 0 -1724 0 *
Ed
 1e-07 1 1 0
1  740 0 0 0.600000000000009
0

0101000
+1724 0 -1729 0 *
Wi

0101100
+1727 0 +1725 0 +1723 0 +1722 0 *
Ve
1e-07
23.4952724687975 24.5013350906844 0
0 0

0101101
*
Ve
1e-07
24.0952724687975 24.5013350906844 0
0 0

0101101
*
Ed
 1e-07 1 1 0
1  741 0 0 0.600000000000009
0

0101000
+1720 0 -1719 0 *
Ve
1e-07
24.0952724687975 25.1013350906844 0
0 0

0101101
*
Ed
 1e-07 1 1 0
1  742 0 0 0.600000000000001
0

0101000
+1719 0 -1717 0 *
Ve
1e-07
23.4952724687975 25.1013350906844 0
0 0

0101101
*
Ed
 1e-07 1 1 0
1  743 0 0 0.600000000000009
0

0101000
+1717 0 -1715 0 *
Ed
 1e-07 1 1 0
1  744 0 0 0.600000000000001
0

0101000
+1715 0 -1720 0 *
Wi

0101100
+1718 0 +1716 0 +1714 0 +1713 0 *
Ve
1e-07
24.5749951833078 25.5114728892938 0
0 0

0101101
*
Ve
1e-07
25.1749951833078 25.5114728892938 0
0 0

0101101
*
Ed
 1e-07 1 1 0
1  745 0 0 0.599999999999991
0

0101000
+1711 0 -1710 0 *
Ve
1e-07
25.1749951833078 26.1114728892939 0
0 0

0101101
*
Ed
 1e-07 1 1 0
1  746 0 0 0.600000000000012
0

0101000
+1710 0 -1708 0 *
Ve
1e-07
24.5749951833078 26.1114728892939 0
0 0

0101101
*
Ed
 1e-07 1 1 0
1  747 0 0 0.599999999999991
0

0101000
+1708 0 -1706 0 *
Ed
 1e-07 1 1 0
1  748 0 0 0.600000000000012
0

0101000
+1706 0 -1711 0 *
Wi

0101100
+1709 0 +1707 0 +1705 0 +1704 0 *
Ve
1e-07
24.5868506023208 26.3650630582282 0
0 0

0101101
*
Ve
1e-07
25.1868506023208 26.3650630582282 0
0 0

0101101
*
Ed
 1e-07 1 1 0
1  749 0 0 0.59999999999998
0

0101000
+1702 0 -1701 0 *
Ve
1e-07
25.1868506023208 26.9650630582282 0
0 0

0101101
*
Ed
 1e-07 1 1 0
1  750 0 0 0.600000000000012
0

0101000
+1701 0 -1699 0 *
Ve
1e-07
24.5868506023208 26.9650630582282 0
0 0

0101101
*
Ed
 1e-07 1 1 0
1  751 0 0 0.59999999999998
0

0101000
+1699 0 -1697 0 *
Ed
 1e-07 1 1 0
1  752 0 0 0.600000000000012
0

0101000
+1697 0 -1702 0 *
Wi

0101100
+1700 0 +1698 0 +1696 0 +1695 0 *
Ve
1e-07
34.6100386460304 17.9060189684725 0
0 0

0101101
*
Ve
1e-07
35.2100386460304 17.9060189684725 0
0 0

0101101
*
Ed
 1e-07 1 1 0
1  753 0 0 0.600000000000001
0

0101000
+1693 0 -1692 0 *
Ve
1e-07
35.2100386460304 18.5060189684725 0
0 0

0101101
*
Ed
 1e-07 1 1 0
1  754 0 0 0.600000000000009
0

0101000
+1692 0 -1690 0 *
Ve
1e-07
34.6100386460304 18.5060189684725 0
0 0

0101101
*
Ed
 1e-07 1 1 0
1  755 0 0 0.600000000000001
0

0101000
+1690 0 -1688 0 *
Ed
 1e-07 1 1 0
1  756 0 0 0.600000000000009
0

0101000
+1688 0 -1693 0 *
Wi

0101100
+1691 0 +1689 0 +1687 0 +1686 0 *
Ve
1e-07
33.7896572263212 17.9044029573622 0
0 0

0101101
*
Ve
1e-07
34.3896572263212 17.9044029573622 0
0 0

0101101
*
Ed
 1e-07 1 1 0
1  757 0 0 0.59999999999998
0

0101000
+1684 0 -1683 0 *
Ve
1e-07
34.3896572263212 18.5044029573622 0
0 0

0101101
*
Ed
 1e-07 1 1 0
1  758 0 0 0.599999999999991
0

0101000
+1683 0 -1681 0 *
Ve
1e-07
33.7896572263212 18.5044029573622 0
0 0

0101101
*
Ed
 1e-07 1 1 0
1  759 0 0 0.59999999999998
0

0101000
+1681 0 -1679 0 *
Ed
 1e-07 1 1 0
1  760 0 0 0.599999999999991
0

0101000
+1679 0 -1684 0 *
Wi

0101100
+1682 0 +1680 0 +1678 0 +1677 0 *
Ve
1e-07
32.6521666666667 16.8990771965696 0
0 0

0101101
*
Ve
1e-07
33.2521666666667 16.8990771965696 0
0 0

0101101
*
Ed
 1e-07 1 1 0
1  761 0 0 0.59999999999998
0

0101000
+1675 0 -1674 0 *
Ve
1e-07
33.2521666666667 17.4990771965696 0
0 0

0101101
*
Ed
 1e-07 1 1 0
1  762 0 0 0.600000000000009
0

0101000
+1674 0 -1672 0 *
Ve
1e-07
32.6521666666667 17.4990771965696 0
0 0

0101101
*
Ed
 1e-07 1 1 0
1  763 0 0 0.59999999999998
0

0101000
+1672 0 -1670 0 *
Ed
 1e-07 1 1 0
1  764 0 0 0.600000000000009
0

0101000
+1670 0 -1675 0 *
Wi

0101100
+1673 0 +1671 0 +1669 0 +1668 0 *
Ve
1e-07
32.6561184730043 16.0731496719989 0
0 0

0101101
*
Ve
1e-07
33.2561184730043 16.0731496719989 0
0 0

0101101
*
Ed
 1e-07 1 1 0
1  765 0 0 0.600000000000016
0

0101000
+1666 0 -1665 0 *
Ve
1e-07
33.2561184730043 16.6731496719989 0
0 0

0101101
*
Ed
 1e-07 1 1 0
1  766 0 0 0.600000000000009
0

0101000
+1665 0 -1663 0 *
Ve
1e-07
32.6561184730043 16.6731496719989 0
0 0

0101101
*
Ed
 1e-07 1 1 0
1  767 0 0 0.600000000000016
0

0101000
+1663 0 -1661 0 *
Ed
 1e-07 1 1 0
1  768 0 0 0.600000000000009
0

0101000
+1661 0 -1666 0 *
Wi

0101100
+1664 0 +1662 0 +1660 0 +1659 0 *
Ve
1e-07
33.751558182342 14.9750348162587 0
0 0

0101101
*
Ve
1e-07
34.3515581823419 14.9750348162587 0
0 0

0101101
*
Ed
 1e-07 1 1 0
1  769 0 0 0.599999999999994
0

0101000
+1657 0 -1656 0 *
Ve
1e-07
34.3515581823419 15.5750348162587 0
0 0

0101101
*
Ed
 1e-07 1 1 0
1  770 0 0 0.600000000000009
0

0101000
+1656 0 -1654 0 *
Ve
1e-07
33.751558182342 15.5750348162587 0
0 0

0101101
*
Ed
 1e-07 1 1 0
1  771 0 0 0.599999999999994
0

0101000
+1654 0 -1652 0 *
Ed
 1e-07 1 1 0
1  772 0 0 0.600000000000009
0

0101000
+1652 0 -1657 0 *
Wi

0101100
+1655 0 +1653 0 +1651 0 +1650 0 *
Ve
1e-07
34.5157724687975 14.9831788406844 0
0 0

0101101
*
Ve
1e-07
35.1157724687975 14.9831788406844 0
0 0

0101101
*
Ed
 1e-07 1 1 0
1  773 0 0 0.600000000000009
0

0101000
+1648 0 -1647 0 *
Ve
1e-07
35.1157724687975 15.5831788406844 0
0 0

0101101
*
Ed
 1e-07 1 1 0
1  774 0 0 0.599999999999991
0

0101000
+1647 0 -1645 0 *
Ve
1e-07
34.5157724687975 15.5831788406844 0
0 0

0101101
*
Ed
 1e-07 1 1 0
1  775 0 0 0.600000000000009
0

0101000
+1645 0 -1643 0 *
Ed
 1e-07 1 1 0
1  776 0 0 0.599999999999991
0

0101000
+1643 0 -1648 0 *
Wi

0101100
+1646 0 +1644 0 +1642 0 +1641 0 *
Ve
1e-07
35.5954951833078 15.9933166392939 0
0 0

0101101
*
Ve
1e-07
36.1954951833078 15.9933166392939 0
0 0

0101101
*
Ed
 1e-07 1 1 0
1  777 0 0 0.600000000000016
0

0101000
+1639 0 -1638 0 *
Ve
1e-07
36.1954951833078 16.5933166392939 0
0 0

0101101
*
Ed
 1e-07 1 1 0
1  778 0 0 0.600000000000012
0

0101000
+1638 0 -1636 0 *
Ve
1e-07
35.5954951833078 16.5933166392939 0
0 0

0101101
*
Ed
 1e-07 1 1 0
1  779 0 0 0.600000000000016
0

0101000
+1636 0 -1634 0 *
Ed
 1e-07 1 1 0
1  780 0 0 0.600000000000012
0

0101000
+1634 0 -1639 0 *
Wi

0101100
+1637 0 +1635 0 +1633 0 +1632 0 *
Ve
1e-07
35.6073506023208 16.8469068082282 0
0 0

0101101
*
Ve
1e-07
36.2073506023208 16.8469068082282 0
0 0

0101101
*
Ed
 1e-07 1 1 0
1  781 0 0 0.59999999999998
0

0101000
+1630 0 -1629 0 *
Ve
1e-07
36.2073506023208 17.4469068082282 0
0 0

0101101
*
Ed
 1e-07 1 1 0
1  782 0 0 0.600000000000012
0

0101000
+1629 0 -1627 0 *
Ve
1e-07
35.6073506023208 17.4469068082282 0
0 0

0101101
*
Ed
 1e-07 1 1 0
1  783 0 0 0.59999999999998
0

0101000
+1627 0 -1625 0 *
Ed
 1e-07 1 1 0
1  784 0 0 0.600000000000012
0

0101000
+1625 0 -1630 0 *
Wi

0101100
+1628 0 +1626 0 +1624 0 +1623 0 *
Ve
1e-07
30.5874198155395 15.4727661042845 0
0 0

0101101
*
Ve
1e-07
30.5874198155395 16.0727661042845 0
0 0

0101101
*
Ed
 1e-07 1 1 0
1  785 0 0 0.600000000000019
0

0101000
+1621 0 -1620 0 *
Ve
1e-07
29.9874198155395 16.0727661042845 0
0 0

0101101
*
Ed
 1e-07 1 1 0
1  786 0 0 0.600000000000012
0

0101000
+1620 0 -1618 0 *
Ve
1e-07
29.9874198155395 15.4727661042845 0
0 0

0101101
*
Ed
 1e-07 1 1 0
1  787 0 0 0.600000000000019
0

0101000
+1618 0 -1616 0 *
Ed
 1e-07 1 1 0
1  788 0 0 0.600000000000012
0

0101000
+1616 0 -1621 0 *
Wi

0101100
+1619 0 +1617 0 +1615 0 +1614 0 *
Ve
1e-07
29.8157760587187 15.4727661042845 0
0 0

0101101
*
Ve
1e-07
29.8157760587187 16.0727661042845 0
0 0

0101101
*
Ed
 1e-07 1 1 0
1  789 0 0 0.600000000000009
0

0101000
+1612 0 -1611 0 *
Ve
1e-07
29.2157760587187 16.0727661042845 0
0 0

0101101
*
Ed
 1e-07 1 1 0
1  790 0 0 0.599999999999998
0

0101000
+1611 0 -1609 0 *
Ve
1e-07
29.2157760587187 15.4727661042845 0
0 0

0101101
*
Ed
 1e-07 1 1 0
1  791 0 0 0.600000000000009
0

0101000
+1609 0 -1607 0 *
Ed
 1e-07 1 1 0
1  792 0 0 0.599999999999998
0

0101000
+1607 0 -1612 0 *
Wi

0101100
+1610 0 +1608 0 +1606 0 +1605 0 *
Ve
1e-07
29.0441323018979 15.4727661042845 0
0 0

0101101
*
Ve
1e-07
29.0441323018979 16.0727661042845 0
0 0

0101101
*
Ed
 1e-07 1 1 0
1  793 0 0 0.599999999999991
0

0101000
+1603 0 -1602 0 *
Ve
1e-07
28.4441323018979 16.0727661042845 0
0 0

0101101
*
Ed
 1e-07 1 1 0
1  794 0 0 0.599999999999987
0

0101000
+1602 0 -1600 0 *
Ve
1e-07
28.4441323018979 15.4727661042845 0
0 0

0101101
*
Ed
 1e-07 1 1 0
1  795 0 0 0.599999999999991
0

0101000
+1600 0 -1598 0 *
Ed
 1e-07 1 1 0
1  796 0 0 0.599999999999987
0

0101000
+1598 0 -1603 0 *
Wi

0101100
+1601 0 +1599 0 +1597 0 +1596 0 *
Ve
1e-07
28.2724885450771 15.4727661042845 0
0 0

0101101
*
Ve
1e-07
28.2724885450771 16.0727661042845 0
0 0

0101101
*
Ed
 1e-07 1 1 0
1  797 0 0 0.600000000000001
0

0101000
+1594 0 -1593 0 *
Ve
1e-07
27.6724885450771 16.0727661042845 0
0 0

0101101
*
Ed
 1e-07 1 1 0
1  798 0 0 0.600000000000001
0

0101000
+1593 0 -1591 0 *
Ve
1e-07
27.6724885450771 15.4727661042845 0
0 0

0101101
*
Ed
 1e-07 1 1 0
1  799 0 0 0.600000000000001
0

0101000
+1591 0 -1589 0 *
Ed
 1e-07 1 1 0
1  800 0 0 0.600000000000001
0

0101000
+1589 0 -1594 0 *
Wi

0101100
+1592 0 +1590 0 +1588 0 +1587 0 *
Ve
1e-07
26.9008447882563 16.0727661042845 0
0 0

0101101
*
Ve
1e-07
26.9008447882563 15.4727661042844 0
0 0

0101101
*
Ed
 1e-07 1 1 0
1  801 0 0 0.60000000000003
0

0101000
+1585 0 -1584 0 *
Ve
1e-07
27.5008447882563 15.4727661042844 0
0 0

0101101
*
Ed
 1e-07 1 1 0
1  802 0 0 0.600000000000001
0

0101000
+1584 0 -1582 0 *
Ve
1e-07
27.5008447882563 16.0727661042845 0
0 0

0101101
*
Ed
 1e-07 1 1 0
1  803 0 0 0.60000000000003
0

0101000
+1582 0 -1580 0 *
Ed
 1e-07 1 1 0
1  804 0 0 0.599999999999991
0

0101000
+1580 0 -1585 0 *
Wi

0101100
+1583 0 +1581 0 +1579 0 +1578 0 *
Ve
1e-07
26.1292010314355 16.0727661042845 0
0 0

0101101
*
Ve
1e-07
26.1292010314355 15.4727661042845 0
0 0

0101101
*
Ed
 1e-07 1 1 0
1  805 0 0 0.599999999999989
0

0101000
+1576 0 -1575 0 *
Ve
1e-07
26.7292010314355 15.4727661042845 0
0 0

0101101
*
Ed
 1e-07 1 1 0
1  806 0 0 0.600000000000019
0

0101000
+1575 0 -1573 0 *
Ve
1e-07
26.7292010314355 16.0727661042845 0
0 0

0101101
*
Ed
 1e-07 1 1 0
1  807 0 0 0.599999999999989
0

0101000
+1573 0 -1571 0 *
Ed
 1e-07 1 1 0
1  808 0 0 0.600000000000009
0

0101000
+1571 0 -1576 0 *
Wi

0101100
+1574 0 +1572 0 +1570 0 +1569 0 *
Ve
1e-07
25.3575572746147 16.0727661042845 0
0 0

0101101
*
Ve
1e-07
25.3575572746147 15.4727661042845 0
0 0

0101101
*
Ed
 1e-07 1 1 0
1  809 0 0 0.59999999999998
0

0101000
+1567 0 -1566 0 *
Ve
1e-07
25.9575572746147 15.4727661042845 0
0 0

0101101
*
Ed
 1e-07 1 1 0
1  810 0 0 0.599999999999998
0

0101000
+1566 0 -1564 0 *
Ve
1e-07
25.9575572746147 16.0727661042845 0
0 0

0101101
*
Ed
 1e-07 1 1 0
1  811 0 0 0.59999999999998
0

0101000
+1564 0 -1562 0 *
Ed
 1e-07 1 1 0
1  812 0 0 0.599999999999998
0

0101000
+1562 0 -1567 0 *
Wi

0101100
+1565 0 +1563 0 +1561 0 +1560 0 *
Ve
1e-07
24.5859135177939 16.0727661042845 0
0 0

0101101
*
Ve
1e-07
24.5859135177939 15.4727661042845 0
0 0

0101101
*
Ed
 1e-07 1 1 0
1  813 0 0 0.599999999999989
0

0101000
+1558 0 -1557 0 *
Ve
1e-07
25.1859135177939 15.4727661042845 0
0 0

0101101
*
Ed
 1e-07 1 1 0
1  814 0 0 0.599999999999991
0

0101000
+1557 0 -1555 0 *
Ve
1e-07
25.1859135177939 16.0727661042845 0
0 0

0101101
*
Ed
 1e-07 1 1 0
1  815 0 0 0.599999999999989
0

0101000
+1555 0 -1553 0 *
Ed
 1e-07 1 1 0
1  816 0 0 0.599999999999991
0

0101000
+1553 0 -1558 0 *
Wi

0101100
+1556 0 +1554 0 +1552 0 +1551 0 *
Ve
1e-07
28.2724885450771 17.3188255626388 0
0 0

0101101
*
Ve
1e-07
28.2724885450771 17.9188255626389 0
0 0

0101101
*
Ed
 1e-07 1 1 0
1  817 0 0 0.600000000000023
0

0101000
+1549 0 -1548 0 *
Ve
1e-07
27.6724885450771 17.9188255626389 0
0 0

0101101
*
Ed
 1e-07 1 1 0
1  818 0 0 0.600000000000001
0

0101000
+1548 0 -1546 0 *
Ve
1e-07
27.6724885450771 17.3188255626388 0
0 0

0101101
*
Ed
 1e-07 1 1 0
1  819 0 0 0.600000000000023
0

0101000
+1546 0 -1544 0 *
Ed
 1e-07 1 1 0
1  820 0 0 0.600000000000001
0

0101000
+1544 0 -1549 0 *
Wi

0101100
+1547 0 +1545 0 +1543 0 +1542 0 *
Ve
1e-07
29.0441323018979 17.3188255626388 0
0 0

0101101
*
Ve
1e-07
29.0441323018979 17.9188255626388 0
0 0

0101101
*
Ed
 1e-07 1 1 0
1  821 0 0 0.59999999999998
0

0101000
+1540 0 -1539 0 *
Ve
1e-07
28.4441323018979 17.9188255626388 0
0 0

0101101
*
Ed
 1e-07 1 1 0
1  822 0 0 0.600000000000009
0

0101000
+1539 0 -1537 0 *
Ve
1e-07
28.4441323018979 17.3188255626388 0
0 0

0101101
*
Ed
 1e-07 1 1 0
1  823 0 0 0.59999999999998
0

0101000
+1537 0 -1535 0 *
Ed
 1e-07 1 1 0
1  824 0 0 0.600000000000009
0

0101000
+1535 0 -1540 0 *
Wi

0101100
+1538 0 +1536 0 +1534 0 +1533 0 *
Ve
1e-07
29.8157760587187 17.3188255626388 0
0 0

0101101
*
Ve
1e-07
29.8157760587187 17.9188255626388 0
0 0

0101101
*
Ed
 1e-07 1 1 0
1  825 0 0 0.599999999999991
0

0101000
+1531 0 -1530 0 *
Ve
1e-07
29.2157760587187 17.9188255626388 0
0 0

0101101
*
Ed
 1e-07 1 1 0
1  826 0 0 0.600000000000001
0

0101000
+1530 0 -1528 0 *
Ve
1e-07
29.2157760587187 17.3188255626388 0
0 0

0101101
*
Ed
 1e-07 1 1 0
1  827 0 0 0.599999999999991
0

0101000
+1528 0 -1526 0 *
Ed
 1e-07 1 1 0
1  828 0 0 0.600000000000001
0

0101000
+1526 0 -1531 0 *
Wi

0101100
+1529 0 +1527 0 +1525 0 +1524 0 *
Ve
1e-07
30.5874198155395 17.3188255626388 0
0 0

0101101
*
Ve
1e-07
30.5874198155395 17.9188255626388 0
0 0

0101101
*
Ed
 1e-07 1 1 0
1  829 0 0 0.59999999999998
0

0101000
+1522 0 -1521 0 *
Ve
1e-07
29.9874198155395 17.9188255626388 0
0 0

0101101
*
Ed
 1e-07 1 1 0
1  830 0 0 0.600000000000001
0

0101000
+1521 0 -1519 0 *
Ve
1e-07
29.9874198155395 17.3188255626388 0
0 0

0101101
*
Ed
 1e-07 1 1 0
1  831 0 0 0.59999999999998
0

0101000
+1519 0 -1517 0 *
Ed
 1e-07 1 1 0
1  832 0 0 0.600000000000001
0

0101000
+1517 0 -1522 0 *
Wi

0101100
+1520 0 +1518 0 +1516 0 +1515 0 *
Ve
1e-07
24.5859135177939 17.9188255626389 0
0 0

0101101
*
Ve
1e-07
24.5859135177939 17.3188255626388 0
0 0

0101101
*
Ed
 1e-07 1 1 0
1  833 0 0 0.60000000000003
0

0101000
+1513 0 -1512 0 *
Ve
1e-07
25.1859135177939 17.3188255626388 0
0 0

0101101
*
Ed
 1e-07 1 1 0
1  834 0 0 0.600000000000012
0

0101000
+1512 0 -1510 0 *
Ve
1e-07
25.1859135177939 17.9188255626389 0
0 0

0101101
*
Ed
 1e-07 1 1 0
1  835 0 0 0.60000000000003
0

0101000
+1510 0 -1508 0 *
Ed
 1e-07 1 1 0
1  836 0 0 0.600000000000012
0

0101000
+1508 0 -1513 0 *
Wi

0101100
+1511 0 +1509 0 +1507 0 +1506 0 *
Ve
1e-07
25.3575572746147 17.9188255626388 0
0 0

0101101
*
Ve
1e-07
25.3575572746147 17.3188255626388 0
0 0

0101101
*
Ed
 1e-07 1 1 0
1  837 0 0 0.599999999999991
0

0101000
+1504 0 -1503 0 *
Ve
1e-07
25.9575572746147 17.3188255626388 0
0 0

0101101
*
Ed
 1e-07 1 1 0
1  838 0 0 0.599999999999998
0

0101000
+1503 0 -1501 0 *
Ve
1e-07
25.9575572746147 17.9188255626388 0
0 0

0101101
*
Ed
 1e-07 1 1 0
1  839 0 0 0.599999999999991
0

0101000
+1501 0 -1499 0 *
Ed
 1e-07 1 1 0
1  840 0 0 0.599999999999998
0

0101000
+1499 0 -1504 0 *
Wi

0101100
+1502 0 +1500 0 +1498 0 +1497 0 *
Ve
1e-07
26.1292010314355 17.9188255626388 0
0 0

0101101
*
Ve
1e-07
26.1292010314355 17.3188255626388 0
0 0

0101101
*
Ed
 1e-07 1 1 0
1  841 0 0 0.600000000000001
0

0101000
+1495 0 -1494 0 *
Ve
1e-07
26.7292010314355 17.3188255626388 0
0 0

0101101
*
Ed
 1e-07 1 1 0
1  842 0 0 0.600000000000001
0

0101000
+1494 0 -1492 0 *
Ve
1e-07
26.7292010314355 17.9188255626388 0
0 0

0101101
*
Ed
 1e-07 1 1 0
1  843 0 0 0.600000000000001
0

0101000
+1492 0 -1490 0 *
Ed
 1e-07 1 1 0
1  844 0 0 0.600000000000001
0

0101000
+1490 0 -1495 0 *
Wi

0101100
+1493 0 +1491 0 +1489 0 +1488 0 *
Ve
1e-07
26.9008447882563 17.9188255626388 0
0 0

0101101
*
Ve
1e-07
26.9008447882563 17.3188255626388 0
0 0

0101101
*
Ed
 1e-07 1 1 0
1  845 0 0 0.599999999999991
0

0101000
+1486 0 -1485 0 *
Ve
1e-07
27.5008447882563 17.3188255626388 0
0 0

0101101
*
Ed
 1e-07 1 1 0
1  846 0 0 0.600000000000001
0

0101000
+1485 0 -1483 0 *
Ve
1e-07
27.5008447882563 17.9188255626388 0
0 0

0101101
*
Ed
 1e-07 1 1 0
1  847 0 0 0.599999999999991
0

0101000
+1483 0 -1481 0 *
Ed
 1e-07 1 1 0
1  848 0 0 0.600000000000001
0

0101000
+1481 0 -1486 0 *
Wi

0101100
+1484 0 +1482 0 +1480 0 +1479 0 *
Ve
1e-07
62.5911306651592 7.04494157374917 0
0 0

0101101
*
Ve
1e-07
63.1911306651592 7.04494157374917 0
0 0

0101101
*
Ed
 1e-07 1 1 0
1  849 0 0 0.600000000000023
0

0101000
+1477 0 -1476 0 *
Ve
1e-07
63.1911306651592 7.64494157374919 0
0 0

0101101
*
Ed
 1e-07 1 1 0
1  850 0 0 0.600000000000015
0

0101000
+1476 0 -1474 0 *
Ve
1e-07
62.5911306651592 7.64494157374919 0
0 0

0101101
*
Ed
 1e-07 1 1 0
1  851 0 0 0.600000000000023
0

0101000
+1474 0 -1472 0 *
Ed
 1e-07 1 1 0
1  852 0 0 0.600000000000015
0

0101000
+1472 0 -1477 0 *
Wi

0101100
+1475 0 +1473 0 +1471 0 +1470 0 *
Ve
1e-07
61.89774924545 7.06449222930552 0
0 0

0101101
*
Ve
1e-07
62.49774924545 7.06449222930552 0
0 0

0101101
*
Ed
 1e-07 1 1 0
1  853 0 0 0.600000000000016
0

0101000
+1468 0 -1467 0 *
Ve
1e-07
62.49774924545 7.66449222930553 0
0 0

0101101
*
Ed
 1e-07 1 1 0
1  854 0 0 0.600000000000005
0

0101000
+1467 0 -1465 0 *
Ve
1e-07
61.89774924545 7.66449222930553 0
0 0

0101101
*
Ed
 1e-07 1 1 0
1  855 0 0 0.600000000000016
0

0101000
+1465 0 -1463 0 *
Ed
 1e-07 1 1 0
1  856 0 0 0.600000000000005
0

0101000
+1463 0 -1468 0 *
Wi

0101100
+1466 0 +1464 0 +1462 0 +1461 0 *
Ve
1e-07
60.813908032173 6.01176342478792 0
0 0

0101101
*
Ve
1e-07
61.413908032173 6.01176342478792 0
0 0

0101101
*
Ed
 1e-07 1 1 0
1  857 0 0 0.600000000000001
0

0101000
+1459 0 -1458 0 *
Ve
1e-07
61.413908032173 6.61176342478792 0
0 0

0101101
*
Ed
 1e-07 1 1 0
1  858 0 0 0.600000000000001
0

0101000
+1458 0 -1456 0 *
Ve
1e-07
60.813908032173 6.61176342478792 0
0 0

0101101
*
Ed
 1e-07 1 1 0
1  859 0 0 0.600000000000001
0

0101000
+1456 0 -1454 0 *
Ed
 1e-07 1 1 0
1  860 0 0 0.600000000000001
0

0101000
+1454 0 -1459 0 *
Wi

0101100
+1457 0 +1455 0 +1453 0 +1452 0 *
Ve
1e-07
60.8178598385106 5.18583590021719 0
0 0

0101101
*
Ve
1e-07
61.4178598385107 5.18583590021719 0
0 0

0101101
*
Ed
 1e-07 1 1 0
1  861 0 0 0.600000000000037
0

0101000
+1450 0 -1449 0 *
Ve
1e-07
61.4178598385107 5.78583590021719 0
0 0

0101101
*
Ed
 1e-07 1 1 0
1  862 0 0 0.600000000000001
0

0101000
+1449 0 -1447 0 *
Ve
1e-07
60.8178598385106 5.78583590021719 0
0 0

0101101
*
Ed
 1e-07 1 1 0
1  863 0 0 0.600000000000037
0

0101000
+1447 0 -1445 0 *
Ed
 1e-07 1 1 0
1  864 0 0 0.600000000000001
0

0101000
+1445 0 -1450 0 *
Wi

0101100
+1448 0 +1446 0 +1444 0 +1443 0 *
Ve
1e-07
61.9258328120768 4.15629075486869 0
0 0

0101101
*
Ve
1e-07
62.5258328120768 4.15629075486869 0
0 0

0101101
*
Ed
 1e-07 1 1 0
1  865 0 0 0.59999999999998
0

0101000
+1441 0 -1440 0 *
Ve
1e-07
62.5258328120768 4.75629075486871 0
0 0

0101101
*
Ed
 1e-07 1 1 0
1  866 0 0 0.600000000000023
0

0101000
+1440 0 -1438 0 *
Ve
1e-07
61.9258328120768 4.75629075486871 0
0 0

0101101
*
Ed
 1e-07 1 1 0
1  867 0 0 0.59999999999998
0

0101000
+1438 0 -1436 0 *
Ed
 1e-07 1 1 0
1  868 0 0 0.600000000000023
0

0101000
+1436 0 -1441 0 *
Wi

0101100
+1439 0 +1437 0 +1435 0 +1434 0 *
Ve
1e-07
62.6900470985323 4.1644347792944 0
0 0

0101101
*
Ve
1e-07
63.2900470985324 4.1644347792944 0
0 0

0101101
*
Ed
 1e-07 1 1 0
1  869 0 0 0.600000000000023
0

0101000
+1432 0 -1431 0 *
Ve
1e-07
63.2900470985324 4.76443477929439 0
0 0

0101101
*
Ed
 1e-07 1 1 0
1  870 0 0 0.599999999999987
0

0101000
+1431 0 -1429 0 *
Ve
1e-07
62.6900470985323 4.76443477929439 0
0 0

0101101
*
Ed
 1e-07 1 1 0
1  871 0 0 0.600000000000023
0

0101000
+1429 0 -1427 0 *
Ed
 1e-07 1 1 0
1  872 0 0 0.599999999999987
0

0101000
+1427 0 -1432 0 *
Wi

0101100
+1430 0 +1428 0 +1426 0 +1425 0 *
Ve
1e-07
63.7572365488141 5.17200457803537 0
0 0

0101101
*
Ve
1e-07
64.3572365488141 5.17200457803537 0
0 0

0101101
*
Ed
 1e-07 1 1 0
1  873 0 0 0.600000000000009
0

0101000
+1423 0 -1422 0 *
Ve
1e-07
64.3572365488141 5.77200457803538 0
0 0

0101101
*
Ed
 1e-07 1 1 0
1  874 0 0 0.600000000000009
0

0101000
+1422 0 -1420 0 *
Ve
1e-07
63.7572365488141 5.77200457803538 0
0 0

0101101
*
Ed
 1e-07 1 1 0
1  875 0 0 0.600000000000009
0

0101000
+1420 0 -1418 0 *
Ed
 1e-07 1 1 0
1  876 0 0 0.600000000000009
0

0101000
+1418 0 -1423 0 *
Wi

0101100
+1421 0 +1419 0 +1417 0 +1416 0 *
Ve
1e-07
63.7690919678271 6.02559474696972 0
0 0

0101101
*
Ve
1e-07
64.3690919678271 6.02559474696972 0
0 0

0101101
*
Ed
 1e-07 1 1 0
1  877 0 0 0.599999999999994
0

0101000
+1414 0 -1413 0 *
Ve
1e-07
64.3690919678271 6.62559474696973 0
0 0

0101101
*
Ed
 1e-07 1 1 0
1  878 0 0 0.600000000000009
0

0101000
+1413 0 -1411 0 *
Ve
1e-07
63.7690919678271 6.62559474696973 0
0 0

0101101
*
Ed
 1e-07 1 1 0
1  879 0 0 0.599999999999994
0

0101000
+1411 0 -1409 0 *
Ed
 1e-07 1 1 0
1  880 0 0 0.600000000000009
0

0101000
+1409 0 -1414 0 *
Wi

0101100
+1412 0 +1410 0 +1408 0 +1407 0 *
Ve
1e-07
9.49070536399877 3.78514304818601 0
0 0

0101101
*
Ve
1e-07
10.0907053639988 3.78514304818601 0
0 0

0101101
*
Ed
 1e-07 1 1 0
1  881 0 0 0.60000000000001
0

0101000
+1405 0 -1404 0 *
Ve
1e-07
10.0907053639988 4.38514304818602 0
0 0

0101101
*
Ed
 1e-07 1 1 0
1  882 0 0 0.600000000000008
0

0101000
+1404 0 -1402 0 *
Ve
1e-07
9.49070536399877 4.38514304818602 0
0 0

0101101
*
Ed
 1e-07 1 1 0
1  883 0 0 0.60000000000001
0

0101000
+1402 0 -1400 0 *
Ed
 1e-07 1 1 0
1  884 0 0 0.600000000000008
0

0101000
+1400 0 -1405 0 *
Wi

0101100
+1403 0 +1401 0 +1399 0 +1398 0 *
Ve
1e-07
8.67032394428957 3.78352703707569 0
0 0

0101101
*
Ve
1e-07
9.27032394428959 3.78352703707569 0
0 0

0101101
*
Ed
 1e-07 1 1 0
1  885 0 0 0.600000000000017
0

0101000
+1396 0 -1395 0 *
Ve
1e-07
9.27032394428959 4.38352703707568 0
0 0

0101101
*
Ed
 1e-07 1 1 0
1  886 0 0 0.599999999999987
0

0101000
+1395 0 -1393 0 *
Ve
1e-07
8.67032394428957 4.38352703707568 0
0 0

0101101
*
Ed
 1e-07 1 1 0
1  887 0 0 0.600000000000017
0

0101000
+1393 0 -1391 0 *
Ed
 1e-07 1 1 0
1  888 0 0 0.599999999999987
0

0101000
+1391 0 -1396 0 *
Wi

0101100
+1394 0 +1392 0 +1390 0 +1389 0 *
Ve
1e-07
7.58648273101257 2.73079823255806 0
0 0

0101101
*
Ve
1e-07
8.18648273101256 2.73079823255806 0
0 0

0101101
*
Ed
 1e-07 1 1 0
1  889 0 0 0.599999999999987
0

0101000
+1387 0 -1386 0 *
Ve
1e-07
8.18648273101256 3.33079823255807 0
0 0

0101101
*
Ed
 1e-07 1 1 0
1  890 0 0 0.600000000000009
0

0101000
+1386 0 -1384 0 *
Ve
1e-07
7.58648273101257 3.33079823255807 0
0 0

0101101
*
Ed
 1e-07 1 1 0
1  891 0 0 0.599999999999987
0

0101000
+1384 0 -1382 0 *
Ed
 1e-07 1 1 0
1  892 0 0 0.600000000000009
0

0101000
+1382 0 -1387 0 *
Wi

0101100
+1385 0 +1383 0 +1381 0 +1380 0 *
Ve
1e-07
7.59043453735022 1.90487070798734 0
0 0

0101101
*
Ve
1e-07
8.19043453735025 1.90487070798734 0
0 0

0101101
*
Ed
 1e-07 1 1 0
1  893 0 0 0.600000000000039
0

0101000
+1378 0 -1377 0 *
Ve
1e-07
8.19043453735025 2.50487070798734 0
0 0

0101101
*
Ed
 1e-07 1 1 0
1  894 0 0 0.600000000000009
0

0101000
+1377 0 -1375 0 *
Ve
1e-07
7.59043453735022 2.50487070798734 0
0 0

0101101
*
Ed
 1e-07 1 1 0
1  895 0 0 0.600000000000039
0

0101000
+1375 0 -1373 0 *
Ed
 1e-07 1 1 0
1  896 0 0 0.600000000000009
0

0101000
+1373 0 -1378 0 *
Wi

0101100
+1376 0 +1374 0 +1372 0 +1371 0 *
Ve
1e-07
8.6984075109164 0.875325562638857 0
0 0

0101101
*
Ve
1e-07
9.29840751091638 0.875325562638857 0
0 0

0101101
*
Ed
 1e-07 1 1 0
1  897 0 0 0.599999999999987
0

0101000
+1369 0 -1368 0 *
Ve
1e-07
9.29840751091638 1.47532556263887 0
0 0

0101101
*
Ed
 1e-07 1 1 0
1  898 0 0 0.600000000000009
0

0101000
+1368 0 -1366 0 *
Ve
1e-07
8.6984075109164 1.47532556263887 0
0 0

0101101
*
Ed
 1e-07 1 1 0
1  899 0 0 0.599999999999987
0

0101000
+1366 0 -1364 0 *
Ed
 1e-07 1 1 0
1  900 0 0 0.600000000000009
0

0101000
+1364 0 -1369 0 *
Wi

0101100
+1367 0 +1365 0 +1363 0 +1362 0 *
Ve
1e-07
9.46262179737196 0.88346958706456 0
0 0

0101101
*
Ve
1e-07
10.062621797372 0.88346958706456 0
0 0

0101101
*
Ed
 1e-07 1 1 0
1  901 0 0 0.600000000000016
0

0101000
+1360 0 -1359 0 *
Ve
1e-07
10.062621797372 1.48346958706456 0
0 0

0101101
*
Ed
 1e-07 1 1 0
1  902 0 0 0.600000000000002
0

0101000
+1359 0 -1357 0 *
Ve
1e-07
9.46262179737196 1.48346958706456 0
0 0

0101101
*
Ed
 1e-07 1 1 0
1  903 0 0 0.600000000000016
0

0101000
+1357 0 -1355 0 *
Ed
 1e-07 1 1 0
1  904 0 0 0.600000000000002
0

0101000
+1355 0 -1360 0 *
Wi

0101100
+1358 0 +1356 0 +1354 0 +1353 0 *
Ve
1e-07
10.5298112476537 1.89103938580553 0
0 0

0101101
*
Ve
1e-07
11.1298112476537 1.89103938580553 0
0 0

0101101
*
Ed
 1e-07 1 1 0
1  905 0 0 0.60000000000001
0

0101000
+1351 0 -1350 0 *
Ve
1e-07
11.1298112476537 2.49103938580554 0
0 0

0101101
*
Ed
 1e-07 1 1 0
1  906 0 0 0.600000000000009
0

0101000
+1350 0 -1348 0 *
Ve
1e-07
10.5298112476537 2.49103938580554 0
0 0

0101101
*
Ed
 1e-07 1 1 0
1  907 0 0 0.60000000000001
0

0101000
+1348 0 -1346 0 *
Ed
 1e-07 1 1 0
1  908 0 0 0.600000000000009
0

0101000
+1346 0 -1351 0 *
Wi

0101100
+1349 0 +1347 0 +1345 0 +1344 0 *
Ve
1e-07
10.5416666666667 2.74462955473988 0
0 0

0101101
*
Ve
1e-07
11.1416666666667 2.74462955473988 0
0 0

0101101
*
Ed
 1e-07 1 1 0
1  909 0 0 0.59999999999998
0

0101000
+1342 0 -1341 0 *
Ve
1e-07
11.1416666666667 3.34462955473988 0
0 0

0101101
*
Ed
 1e-07 1 1 0
1  910 0 0 0.600000000000002
0

0101000
+1341 0 -1339 0 *
Ve
1e-07
10.5416666666667 3.34462955473988 0
0 0

0101101
*
Ed
 1e-07 1 1 0
1  911 0 0 0.59999999999998
0

0101000
+1339 0 -1337 0 *
Ed
 1e-07 1 1 0
1  912 0 0 0.600000000000002
0

0101000
+1337 0 -1342 0 *
Wi

0101100
+1340 0 +1338 0 +1336 0 +1335 0 *
Ve
1e-07
13.7240386973321 3.78514304818601 0
0 0

0101101
*
Ve
1e-07
14.3240386973321 3.78514304818601 0
0 0

0101101
*
Ed
 1e-07 1 1 0
1  913 0 0 0.60000000000001
0

0101000
+1333 0 -1332 0 *
Ve
1e-07
14.3240386973321 4.38514304818602 0
0 0

0101101
*
Ed
 1e-07 1 1 0
1  914 0 0 0.600000000000008
0

0101000
+1332 0 -1330 0 *
Ve
1e-07
13.7240386973321 4.38514304818602 0
0 0

0101101
*
Ed
 1e-07 1 1 0
1  915 0 0 0.60000000000001
0

0101000
+1330 0 -1328 0 *
Ed
 1e-07 1 1 0
1  916 0 0 0.600000000000008
0

0101000
+1328 0 -1333 0 *
Wi

0101100
+1331 0 +1329 0 +1327 0 +1326 0 *
Ve
1e-07
12.9036572776229 3.78352703707569 0
0 0

0101101
*
Ve
1e-07
13.5036572776229 3.78352703707569 0
0 0

0101101
*
Ed
 1e-07 1 1 0
1  917 0 0 0.600000000000019
0

0101000
+1324 0 -1323 0 *
Ve
1e-07
13.5036572776229 4.38352703707568 0
0 0

0101101
*
Ed
 1e-07 1 1 0
1  918 0 0 0.599999999999987
0

0101000
+1323 0 -1321 0 *
Ve
1e-07
12.9036572776229 4.38352703707568 0
0 0

0101101
*
Ed
 1e-07 1 1 0
1  919 0 0 0.600000000000019
0

0101000
+1321 0 -1319 0 *
Ed
 1e-07 1 1 0
1  920 0 0 0.599999999999987
0

0101000
+1319 0 -1324 0 *
Wi

0101100
+1322 0 +1320 0 +1318 0 +1317 0 *
Ve
1e-07
11.8198160643459 2.73079823255806 0
0 0

0101101
*
Ve
1e-07
12.4198160643459 2.73079823255806 0
0 0

0101101
*
Ed
 1e-07 1 1 0
1  921 0 0 0.599999999999989
0

0101000
+1315 0 -1314 0 *
Ve
1e-07
12.4198160643459 3.33079823255807 0
0 0

0101101
*
Ed
 1e-07 1 1 0
1  922 0 0 0.600000000000009
0

0101000
+1314 0 -1312 0 *
Ve
1e-07
11.8198160643459 3.33079823255807 0
0 0

0101101
*
Ed
 1e-07 1 1 0
1  923 0 0 0.599999999999989
0

0101000
+1312 0 -1310 0 *
Ed
 1e-07 1 1 0
1  924 0 0 0.600000000000009
0

0101000
+1310 0 -1315 0 *
Wi

0101100
+1313 0 +1311 0 +1309 0 +1308 0 *
Ve
1e-07
11.8237678706836 1.90487070798734 0
0 0

0101101
*
Ve
1e-07
12.4237678706836 1.90487070798734 0
0 0

0101101
*
Ed
 1e-07 1 1 0
1  925 0 0 0.600000000000019
0

0101000
+1306 0 -1305 0 *
Ve
1e-07
12.4237678706836 2.50487070798734 0
0 0

0101101
*
Ed
 1e-07 1 1 0
1  926 0 0 0.600000000000009
0

0101000
+1305 0 -1303 0 *
Ve
1e-07
11.8237678706836 2.50487070798734 0
0 0

0101101
*
Ed
 1e-07 1 1 0
1  927 0 0 0.600000000000019
0

0101000
+1303 0 -1301 0 *
Ed
 1e-07 1 1 0
1  928 0 0 0.600000000000009
0

0101000
+1301 0 -1306 0 *
Wi

0101100
+1304 0 +1302 0 +1300 0 +1299 0 *
Ve
1e-07
12.9317408442497 0.875325562638857 0
0 0

0101101
*
Ve
1e-07
13.5317408442497 0.875325562638857 0
0 0

0101101
*
Ed
 1e-07 1 1 0
1  929 0 0 0.59999999999998
0

0101000
+1297 0 -1296 0 *
Ve
1e-07
13.5317408442497 1.47532556263887 0
0 0

0101101
*
Ed
 1e-07 1 1 0
1  930 0 0 0.600000000000009
0

0101000
+1296 0 -1294 0 *
Ve
1e-07
12.9317408442497 1.47532556263887 0
0 0

0101101
*
Ed
 1e-07 1 1 0
1  931 0 0 0.59999999999998
0

0101000
+1294 0 -1292 0 *
Ed
 1e-07 1 1 0
1  932 0 0 0.600000000000009
0

0101000
+1292 0 -1297 0 *
Wi

0101100
+1295 0 +1293 0 +1291 0 +1290 0 *
Ve
1e-07
13.6959551307053 0.88346958706456 0
0 0

0101101
*
Ve
1e-07
14.2959551307053 0.88346958706456 0
0 0

0101101
*
Ed
 1e-07 1 1 0
1  933 0 0 0.60000000000001
0

0101000
+1288 0 -1287 0 *
Ve
1e-07
14.2959551307053 1.48346958706456 0
0 0

0101101
*
Ed
 1e-07 1 1 0
1  934 0 0 0.600000000000002
0

0101000
+1287 0 -1285 0 *
Ve
1e-07
13.6959551307053 1.48346958706456 0
0 0

0101101
*
Ed
 1e-07 1 1 0
1  935 0 0 0.60000000000001
0

0101000
+1285 0 -1283 0 *
Ed
 1e-07 1 1 0
1  936 0 0 0.600000000000002
0

0101000
+1283 0 -1288 0 *
Wi

0101100
+1286 0 +1284 0 +1282 0 +1281 0 *
Ve
1e-07
14.763144580987 1.89103938580553 0
0 0

0101101
*
Ve
1e-07
15.363144580987 1.89103938580553 0
0 0

0101101
*
Ed
 1e-07 1 1 0
1  937 0 0 0.60000000000001
0

0101000
+1279 0 -1278 0 *
Ve
1e-07
15.363144580987 2.49103938580554 0
0 0

0101101
*
Ed
 1e-07 1 1 0
1  938 0 0 0.600000000000009
0

0101000
+1278 0 -1276 0 *
Ve
1e-07
14.763144580987 2.49103938580554 0
0 0

0101101
*
Ed
 1e-07 1 1 0
1  939 0 0 0.60000000000001
0

0101000
+1276 0 -1274 0 *
Ed
 1e-07 1 1 0
1  940 0 0 0.600000000000009
0

0101000
+1274 0 -1279 0 *
Wi

0101100
+1277 0 +1275 0 +1273 0 +1272 0 *
Ve
1e-07
14.775 2.74462955473988 0
0 0

0101101
*
Ve
1e-07
15.375 2.74462955473988 0
0 0

0101101
*
Ed
 1e-07 1 1 0
1  941 0 0 0.600000000000001
0

0101000
+1270 0 -1269 0 *
Ve
1e-07
15.375 3.34462955473988 0
0 0

0101101
*
Ed
 1e-07 1 1 0
1  942 0 0 0.600000000000002
0

0101000
+1269 0 -1267 0 *
Ve
1e-07
14.775 3.34462955473988 0
0 0

0101101
*
Ed
 1e-07 1 1 0
1  943 0 0 0.600000000000001
0

0101000
+1267 0 -1265 0 *
Ed
 1e-07 1 1 0
1  944 0 0 0.600000000000002
0

0101000
+1265 0 -1270 0 *
Wi

0101100
+1268 0 +1266 0 +1264 0 +1263 0 *
Ve
1e-07
58.4847973318258 3.15027490708251 0
0 0

0101101
*
Ve
1e-07
59.0847973318258 3.15027490708251 0
0 0

0101101
*
Ed
 1e-07 1 1 0
1  945 0 0 0.600000000000009
0

0101000
+1261 0 -1260 0 *
Ve
1e-07
59.0847973318258 3.75027490708251 0
0 0

0101101
*
Ed
 1e-07 1 1 0
1  946 0 0 0.600000000000008
0

0101000
+1260 0 -1258 0 *
Ve
1e-07
58.4847973318258 3.75027490708251 0
0 0

0101101
*
Ed
 1e-07 1 1 0
1  947 0 0 0.600000000000009
0

0101000
+1258 0 -1256 0 *
Ed
 1e-07 1 1 0
1  948 0 0 0.600000000000008
0

0101000
+1256 0 -1261 0 *
Wi

0101100
+1259 0 +1257 0 +1255 0 +1254 0 *
Ve
1e-07
57.6644159121166 3.14865889597219 0
0 0

0101101
*
Ve
1e-07
58.2644159121166 3.14865889597219 0
0 0

0101101
*
Ed
 1e-07 1 1 0
1  949 0 0 0.600000000000009
0

0101000
+1252 0 -1251 0 *
Ve
1e-07
58.2644159121166 3.74865889597219 0
0 0

0101101
*
Ed
 1e-07 1 1 0
1  950 0 0 0.600000000000001
0

0101000
+1251 0 -1249 0 *
Ve
1e-07
57.6644159121166 3.74865889597219 0
0 0

0101101
*
Ed
 1e-07 1 1 0
1  951 0 0 0.600000000000009
0

0101000
+1249 0 -1247 0 *
Ed
 1e-07 1 1 0
1  952 0 0 0.600000000000001
0

0101000
+1247 0 -1252 0 *
Wi

0101100
+1250 0 +1248 0 +1246 0 +1245 0 *
Ve
1e-07
56.5805746988396 2.09593009145458 0
0 0

0101101
*
Ve
1e-07
57.1805746988396 2.09593009145458 0
0 0

0101101
*
Ed
 1e-07 1 1 0
1  953 0 0 0.599999999999994
0

0101000
+1243 0 -1242 0 *
Ve
1e-07
57.1805746988396 2.69593009145458 0
0 0

0101101
*
Ed
 1e-07 1 1 0
1  954 0 0 0.600000000000009
0

0101000
+1242 0 -1240 0 *
Ve
1e-07
56.5805746988396 2.69593009145458 0
0 0

0101101
*
Ed
 1e-07 1 1 0
1  955 0 0 0.599999999999994
0

0101000
+1240 0 -1238 0 *
Ed
 1e-07 1 1 0
1  956 0 0 0.600000000000009
0

0101000
+1238 0 -1243 0 *
Wi

0101100
+1241 0 +1239 0 +1237 0 +1236 0 *
Ve
1e-07
56.5845265051773 1.27000256688385 0
0 0

0101101
*
Ve
1e-07
57.1845265051773 1.27000256688385 0
0 0

0101101
*
Ed
 1e-07 1 1 0
1  957 0 0 0.60000000000003
0

0101000
+1234 0 -1233 0 *
Ve
1e-07
57.1845265051773 1.87000256688385 0
0 0

0101101
*
Ed
 1e-07 1 1 0
1  958 0 0 0.600000000000009
0

0101000
+1233 0 -1231 0 *
Ve
1e-07
56.5845265051773 1.87000256688385 0
0 0

0101101
*
Ed
 1e-07 1 1 0
1  959 0 0 0.60000000000003
0

0101000
+1231 0 -1229 0 *
Ed
 1e-07 1 1 0
1  960 0 0 0.600000000000009
0

0101000
+1229 0 -1234 0 *
Wi

0101100
+1232 0 +1230 0 +1228 0 +1227 0 *
Ve
1e-07
57.6924994787434 0.240457421535361 0
0 0

0101101
*
Ve
1e-07
58.2924994787435 0.240457421535361 0
0 0

0101101
*
Ed
 1e-07 1 1 0
1  961 0 0 0.600000000000001
0

0101000
+1225 0 -1224 0 *
Ve
1e-07
58.2924994787435 0.840457421535376 0
0 0

0101101
*
Ed
 1e-07 1 1 0
1  962 0 0 0.600000000000016
0

0101000
+1224 0 -1222 0 *
Ve
1e-07
57.6924994787434 0.840457421535376 0
0 0

0101101
*
Ed
 1e-07 1 1 0
1  963 0 0 0.600000000000001
0

0101000
+1222 0 -1220 0 *
Ed
 1e-07 1 1 0
1  964 0 0 0.600000000000016
0

0101000
+1220 0 -1225 0 *
Wi

0101100
+1223 0 +1221 0 +1219 0 +1218 0 *
Ve
1e-07
58.456713765199 0.248601445961064 0
0 0

0101101
*
Ve
1e-07
59.056713765199 0.248601445961064 0
0 0

0101101
*
Ed
 1e-07 1 1 0
1  965 0 0 0.600000000000023
0

0101000
+1216 0 -1215 0 *
Ve
1e-07
59.056713765199 0.848601445961059 0
0 0

0101101
*
Ed
 1e-07 1 1 0
1  966 0 0 0.599999999999994
0

0101000
+1215 0 -1213 0 *
Ve
1e-07
58.456713765199 0.848601445961059 0
0 0

0101101
*
Ed
 1e-07 1 1 0
1  967 0 0 0.600000000000023
0

0101000
+1213 0 -1211 0 *
Ed
 1e-07 1 1 0
1  968 0 0 0.599999999999994
0

0101000
+1211 0 -1216 0 *
Wi

0101100
+1214 0 +1212 0 +1210 0 +1209 0 *
Ve
1e-07
59.5239032154808 1.25617124470204 0
0 0

0101101
*
Ve
1e-07
60.1239032154807 1.25617124470204 0
0 0

0101101
*
Ed
 1e-07 1 1 0
1  969 0 0 0.59999999999998
0

0101000
+1207 0 -1206 0 *
Ve
1e-07
60.1239032154807 1.85617124470205 0
0 0

0101101
*
Ed
 1e-07 1 1 0
1  970 0 0 0.600000000000009
0

0101000
+1206 0 -1204 0 *
Ve
1e-07
59.5239032154808 1.85617124470205 0
0 0

0101101
*
Ed
 1e-07 1 1 0
1  971 0 0 0.59999999999998
0

0101000
+1204 0 -1202 0 *
Ed
 1e-07 1 1 0
1  972 0 0 0.600000000000009
0

0101000
+1202 0 -1207 0 *
Wi

0101100
+1205 0 +1203 0 +1201 0 +1200 0 *
Ve
1e-07
59.5357586344938 2.10976141363639 0
0 0

0101101
*
Ve
1e-07
60.1357586344937 2.10976141363639 0
0 0

0101101
*
Ed
 1e-07 1 1 0
1  973 0 0 0.599999999999994
0

0101000
+1198 0 -1197 0 *
Ve
1e-07
60.1357586344937 2.70976141363639 0
0 0

0101101
*
Ed
 1e-07 1 1 0
1  974 0 0 0.600000000000001
0

0101000
+1197 0 -1195 0 *
Ve
1e-07
59.5357586344938 2.70976141363639 0
0 0

0101101
*
Ed
 1e-07 1 1 0
1  975 0 0 0.599999999999994
0

0101000
+1195 0 -1193 0 *
Ed
 1e-07 1 1 0
1  976 0 0 0.600000000000001
0

0101000
+1193 0 -1198 0 *
Wi

0101100
+1196 0 +1194 0 +1192 0 +1191 0 *
Ve
1e-07
62.7181306651592 3.15027490708251 0
0 0

0101101
*
Ve
1e-07
63.3181306651592 3.15027490708251 0
0 0

0101101
*
Ed
 1e-07 1 1 0
1  977 0 0 0.600000000000016
0

0101000
+1189 0 -1188 0 *
Ve
1e-07
63.3181306651592 3.75027490708251 0
0 0

0101101
*
Ed
 1e-07 1 1 0
1  978 0 0 0.600000000000008
0

0101000
+1188 0 -1186 0 *
Ve
1e-07
62.7181306651592 3.75027490708251 0
0 0

0101101
*
Ed
 1e-07 1 1 0
1  979 0 0 0.600000000000016
0

0101000
+1186 0 -1184 0 *
Ed
 1e-07 1 1 0
1  980 0 0 0.600000000000008
0

0101000
+1184 0 -1189 0 *
Wi

0101100
+1187 0 +1185 0 +1183 0 +1182 0 *
Ve
1e-07
61.89774924545 3.14865889597219 0
0 0

0101101
*
Ve
1e-07
62.49774924545 3.14865889597219 0
0 0

0101101
*
Ed
 1e-07 1 1 0
1  981 0 0 0.600000000000016
0

0101000
+1180 0 -1179 0 *
Ve
1e-07
62.49774924545 3.74865889597219 0
0 0

0101101
*
Ed
 1e-07 1 1 0
1  982 0 0 0.600000000000001
0

0101000
+1179 0 -1177 0 *
Ve
1e-07
61.89774924545 3.74865889597219 0
0 0

0101101
*
Ed
 1e-07 1 1 0
1  983 0 0 0.600000000000016
0

0101000
+1177 0 -1175 0 *
Ed
 1e-07 1 1 0
1  984 0 0 0.600000000000001
0

0101000
+1175 0 -1180 0 *
Wi

0101100
+1178 0 +1176 0 +1174 0 +1173 0 *
Ve
1e-07
60.813908032173 2.09593009145458 0
0 0

0101101
*
Ve
1e-07
61.413908032173 2.09593009145458 0
0 0

0101101
*
Ed
 1e-07 1 1 0
1  985 0 0 0.600000000000001
0

0101000
+1171 0 -1170 0 *
Ve
1e-07
61.413908032173 2.69593009145458 0
0 0

0101101
*
Ed
 1e-07 1 1 0
1  986 0 0 0.600000000000009
0

0101000
+1170 0 -1168 0 *
Ve
1e-07
60.813908032173 2.69593009145458 0
0 0

0101101
*
Ed
 1e-07 1 1 0
1  987 0 0 0.600000000000001
0

0101000
+1168 0 -1166 0 *
Ed
 1e-07 1 1 0
1  988 0 0 0.600000000000009
0

0101000
+1166 0 -1171 0 *
Wi

0101100
+1169 0 +1167 0 +1165 0 +1164 0 *
Ve
1e-07
60.8178598385106 1.27000256688385 0
0 0

0101101
*
Ve
1e-07
61.4178598385107 1.27000256688385 0
0 0

0101101
*
Ed
 1e-07 1 1 0
1  989 0 0 0.600000000000037
0

0101000
+1162 0 -1161 0 *
Ve
1e-07
61.4178598385107 1.87000256688385 0
0 0

0101101
*
Ed
 1e-07 1 1 0
1  990 0 0 0.600000000000009
0

0101000
+1161 0 -1159 0 *
Ve
1e-07
60.8178598385106 1.87000256688385 0
0 0

0101101
*
Ed
 1e-07 1 1 0
1  991 0 0 0.600000000000037
0

0101000
+1159 0 -1157 0 *
Ed
 1e-07 1 1 0
1  992 0 0 0.600000000000009
0

0101000
+1157 0 -1162 0 *
Wi

0101100
+1160 0 +1158 0 +1156 0 +1155 0 *
Ve
1e-07
61.9258328120768 0.240457421535361 0
0 0

0101101
*
Ve
1e-07
62.5258328120768 0.240457421535361 0
0 0

0101101
*
Ed
 1e-07 1 1 0
1  993 0 0 0.59999999999998
0

0101000
+1153 0 -1152 0 *
Ve
1e-07
62.5258328120768 0.840457421535376 0
0 0

0101101
*
Ed
 1e-07 1 1 0
1  994 0 0 0.600000000000016
0

0101000
+1152 0 -1150 0 *
Ve
1e-07
61.9258328120768 0.840457421535376 0
0 0

0101101
*
Ed
 1e-07 1 1 0
1  995 0 0 0.59999999999998
0

0101000
+1150 0 -1148 0 *
Ed
 1e-07 1 1 0
1  996 0 0 0.600000000000016
0

0101000
+1148 0 -1153 0 *
Wi

0101100
+1151 0 +1149 0 +1147 0 +1146 0 *
Ve
1e-07
62.6900470985323 0.248601445961064 0
0 0

0101101
*
Ve
1e-07
63.2900470985324 0.248601445961064 0
0 0

0101101
*
Ed
 1e-07 1 1 0
1  997 0 0 0.600000000000023
0

0101000
+1144 0 -1143 0 *
Ve
1e-07
63.2900470985324 0.848601445961059 0
0 0

0101101
*
Ed
 1e-07 1 1 0
1  998 0 0 0.599999999999994
0

0101000
+1143 0 -1141 0 *
Ve
1e-07
62.6900470985323 0.848601445961059 0
0 0

0101101
*
Ed
 1e-07 1 1 0
1  999 0 0 0.600000000000023
0

0101000
+1141 0 -1139 0 *
Ed
 1e-07 1 1 0
1  1000 0 0 0.599999999999994
0

0101000
+1139 0 -1144 0 *
Wi

0101100
+1142 0 +1140 0 +1138 0 +1137 0 *
Ve
1e-07
63.7572365488141 1.25617124470204 0
0 0

0101101
*
Ve
1e-07
64.3572365488141 1.25617124470204 0
0 0

0101101
*
Ed
 1e-07 1 1 0
1  1001 0 0 0.600000000000009
0

0101000
+1135 0 -1134 0 *
Ve
1e-07
64.3572365488141 1.85617124470205 0
0 0

0101101
*
Ed
 1e-07 1 1 0
1  1002 0 0 0.600000000000009
0

0101000
+1134 0 -1132 0 *
Ve
1e-07
63.7572365488141 1.85617124470205 0
0 0

0101101
*
Ed
 1e-07 1 1 0
1  1003 0 0 0.600000000000009
0

0101000
+1132 0 -1130 0 *
Ed
 1e-07 1 1 0
1  1004 0 0 0.600000000000009
0

0101000
+1130 0 -1135 0 *
Wi

0101100
+1133 0 +1131 0 +1129 0 +1128 0 *
Ve
1e-07
63.7690919678271 2.10976141363639 0
0 0

0101101
*
Ve
1e-07
64.3690919678271 2.10976141363639 0
0 0

0101101
*
Ed
 1e-07 1 1 0
1  1005 0 0 0.599999999999994
0

0101000
+1126 0 -1125 0 *
Ve
1e-07
64.3690919678271 2.70976141363639 0
0 0

0101101
*
Ed
 1e-07 1 1 0
1  1006 0 0 0.600000000000001
0

0101000
+1125 0 -1123 0 *
Ve
1e-07
63.7690919678271 2.70976141363639 0
0 0

0101101
*
Ed
 1e-07 1 1 0
1  1007 0 0 0.599999999999994
0

0101000
+1123 0 -1121 0 *
Ed
 1e-07 1 1 0
1  1008 0 0 0.600000000000001
0

0101000
+1121 0 -1126 0 *
Wi

0101100
+1124 0 +1122 0 +1120 0 +1119 0 *
Ve
1e-07
47.6455289804778 4.36916539273602 0
0 0

0101101
*
Ve
1e-07
48.2455289804778 4.36916539273602 0
0 0

0101101
*
Ed
 1e-07 1 1 0
1  1009 0 0 0.599999999999973
0

0101000
+1117 0 -1116 0 *
Ve
1e-07
48.2455289804778 4.96916539273604 0
0 0

0101101
*
Ed
 1e-07 1 1 0
1  1010 0 0 0.600000000000016
0

0101000
+1116 0 -1114 0 *
Ve
1e-07
47.6455289804778 4.96916539273604 0
0 0

0101101
*
Ed
 1e-07 1 1 0
1  1011 0 0 0.599999999999973
0

0101000
+1114 0 -1112 0 *
Ed
 1e-07 1 1 0
1  1012 0 0 0.600000000000016
0

0101000
+1112 0 -1117 0 *
Wi

0101100
+1115 0 +1113 0 +1111 0 +1110 0 *
Ve
1e-07
47.6455289804778 2.51576822037409 0
0 0

0101101
*
Ve
1e-07
48.2455289804778 2.51576822037409 0
0 0

0101101
*
Ed
 1e-07 1 1 0
1  1013 0 0 0.599999999999973
0

0101000
+1108 0 -1107 0 *
Ve
1e-07
48.2455289804778 3.11576822037409 0
0 0

0101101
*
Ed
 1e-07 1 1 0
1  1014 0 0 0.600000000000001
0

0101000
+1107 0 -1105 0 *
Ve
1e-07
47.6455289804778 3.11576822037409 0
0 0

0101101
*
Ed
 1e-07 1 1 0
1  1015 0 0 0.599999999999973
0

0101000
+1105 0 -1103 0 *
Ed
 1e-07 1 1 0
1  1016 0 0 0.600000000000001
0

0101000
+1103 0 -1108 0 *
Wi

0101100
+1106 0 +1104 0 +1102 0 +1101 0 *
Ve
1e-07
47.6455289804778 0.662371048012133 0
0 0

0101101
*
Ve
1e-07
48.2455289804778 0.662371048012133 0
0 0

0101101
*
Ed
 1e-07 1 1 0
1  1017 0 0 0.599999999999973
0

0101000
+1099 0 -1098 0 *
Ve
1e-07
48.2455289804778 1.26237104801215 0
0 0

0101101
*
Ed
 1e-07 1 1 0
1  1018 0 0 0.600000000000016
0

0101000
+1098 0 -1096 0 *
Ve
1e-07
47.6455289804778 1.26237104801215 0
0 0

0101101
*
Ed
 1e-07 1 1 0
1  1019 0 0 0.599999999999973
0

0101000
+1096 0 -1094 0 *
Ed
 1e-07 1 1 0
1  1020 0 0 0.600000000000016
0

0101000
+1094 0 -1099 0 *
Wi

0101100
+1097 0 +1095 0 +1093 0 +1092 0 *
Ve
1e-07
45.0491677170703 1.04337104801214 0
0 0

0101101
*
Ve
1e-07
45.6491677170703 1.04337104801214 0
0 0

0101101
*
Ed
 1e-07 1 1 0
1  1021 0 0 0.600000000000023
0

0101000
+1090 0 -1089 0 *
Ve
1e-07
45.6491677170703 1.64337104801215 0
0 0

0101101
*
Ed
 1e-07 1 1 0
1  1022 0 0 0.600000000000008
0

0101000
+1089 0 -1087 0 *
Ve
1e-07
45.0491677170703 1.64337104801215 0
0 0

0101101
*
Ed
 1e-07 1 1 0
1  1023 0 0 0.600000000000023
0

0101000
+1087 0 -1085 0 *
Ed
 1e-07 1 1 0
1  1024 0 0 0.600000000000008
0

0101000
+1085 0 -1090 0 *
Wi

0101100
+1088 0 +1086 0 +1084 0 +1083 0 *
Ve
1e-07
45.0491677170703 2.89676822037408 0
0 0

0101101
*
Ve
1e-07
45.6491677170703 2.89676822037408 0
0 0

0101101
*
Ed
 1e-07 1 1 0
1  1025 0 0 0.600000000000023
0

0101000
+1081 0 -1080 0 *
Ve
1e-07
45.6491677170703 3.49676822037408 0
0 0

0101101
*
Ed
 1e-07 1 1 0
1  1026 0 0 0.599999999999994
0

0101000
+1080 0 -1078 0 *
Ve
1e-07
45.0491677170703 3.49676822037408 0
0 0

0101101
*
Ed
 1e-07 1 1 0
1  1027 0 0 0.600000000000023
0

0101000
+1078 0 -1076 0 *
Ed
 1e-07 1 1 0
1  1028 0 0 0.599999999999994
0

0101000
+1076 0 -1081 0 *
Wi

0101100
+1079 0 +1077 0 +1075 0 +1074 0 *
Ve
1e-07
42.1633623138112 4.36916539273602 0
0 0

0101101
*
Ve
1e-07
42.7633623138112 4.36916539273602 0
0 0

0101101
*
Ed
 1e-07 1 1 0
1  1029 0 0 0.59999999999998
0

0101000
+1072 0 -1071 0 *
Ve
1e-07
42.7633623138112 4.96916539273604 0
0 0

0101101
*
Ed
 1e-07 1 1 0
1  1030 0 0 0.600000000000016
0

0101000
+1071 0 -1069 0 *
Ve
1e-07
42.1633623138112 4.96916539273604 0
0 0

0101101
*
Ed
 1e-07 1 1 0
1  1031 0 0 0.59999999999998
0

0101000
+1069 0 -1067 0 *
Ed
 1e-07 1 1 0
1  1032 0 0 0.600000000000016
0

0101000
+1067 0 -1072 0 *
Wi

0101100
+1070 0 +1068 0 +1066 0 +1065 0 *
Ve
1e-07
42.1633623138112 2.51576822037409 0
0 0

0101101
*
Ve
1e-07
42.7633623138112 2.51576822037409 0
0 0

0101101
*
Ed
 1e-07 1 1 0
1  1033 0 0 0.59999999999998
0

0101000
+1063 0 -1062 0 *
Ve
1e-07
42.7633623138112 3.11576822037409 0
0 0

0101101
*
Ed
 1e-07 1 1 0
1  1034 0 0 0.600000000000001
0

0101000
+1062 0 -1060 0 *
Ve
1e-07
42.1633623138112 3.11576822037409 0
0 0

0101101
*
Ed
 1e-07 1 1 0
1  1035 0 0 0.59999999999998
0

0101000
+1060 0 -1058 0 *
Ed
 1e-07 1 1 0
1  1036 0 0 0.600000000000001
0

0101000
+1058 0 -1063 0 *
Wi

0101100
+1061 0 +1059 0 +1057 0 +1056 0 *
Ve
1e-07
42.1633623138112 0.662371048012133 0
0 0

0101101
*
Ve
1e-07
42.7633623138112 0.662371048012133 0
0 0

0101101
*
Ed
 1e-07 1 1 0
1  1037 0 0 0.59999999999998
0

0101000
+1054 0 -1053 0 *
Ve
1e-07
42.7633623138112 1.26237104801215 0
0 0

0101101
*
Ed
 1e-07 1 1 0
1  1038 0 0 0.600000000000016
0

0101000
+1053 0 -1051 0 *
Ve
1e-07
42.1633623138112 1.26237104801215 0
0 0

0101101
*
Ed
 1e-07 1 1 0
1  1039 0 0 0.59999999999998
0

0101000
+1051 0 -1049 0 *
Ed
 1e-07 1 1 0
1  1040 0 0 0.600000000000016
0

0101000
+1049 0 -1054 0 *
Wi

0101100
+1052 0 +1050 0 +1048 0 +1047 0 *
Ve
1e-07
39.5670010504036 1.04337104801214 0
0 0

0101101
*
Ve
1e-07
40.1670010504036 1.04337104801214 0
0 0

0101101
*
Ed
 1e-07 1 1 0
1  1041 0 0 0.599999999999987
0

0101000
+1045 0 -1044 0 *
Ve
1e-07
40.1670010504036 1.64337104801215 0
0 0

0101101
*
Ed
 1e-07 1 1 0
1  1042 0 0 0.600000000000008
0

0101000
+1044 0 -1042 0 *
Ve
1e-07
39.5670010504036 1.64337104801215 0
0 0

0101101
*
Ed
 1e-07 1 1 0
1  1043 0 0 0.599999999999987
0

0101000
+1042 0 -1040 0 *
Ed
 1e-07 1 1 0
1  1044 0 0 0.600000000000008
0

0101000
+1040 0 -1045 0 *
Wi

0101100
+1043 0 +1041 0 +1039 0 +1038 0 *
Ve
1e-07
39.5670010504036 2.89676822037408 0
0 0

0101101
*
Ve
1e-07
40.1670010504036 2.89676822037408 0
0 0

0101101
*
Ed
 1e-07 1 1 0
1  1045 0 0 0.599999999999987
0

0101000
+1036 0 -1035 0 *
Ve
1e-07
40.1670010504036 3.49676822037408 0
0 0

0101101
*
Ed
 1e-07 1 1 0
1  1046 0 0 0.599999999999994
0

0101000
+1035 0 -1033 0 *
Ve
1e-07
39.5670010504036 3.49676822037408 0
0 0

0101101
*
Ed
 1e-07 1 1 0
1  1047 0 0 0.599999999999987
0

0101000
+1033 0 -1031 0 *
Ed
 1e-07 1 1 0
1  1048 0 0 0.599999999999994
0

0101000
+1031 0 -1036 0 *
Wi

0101100
+1034 0 +1032 0 +1030 0 +1029 0 *
Ve
1e-07
36.7023623138112 4.36916539273602 0
0 0

0101101
*
Ve
1e-07
37.3023623138112 4.36916539273602 0
0 0

0101101
*
Ed
 1e-07 1 1 0
1  1049 0 0 0.600000000000001
0

0101000
+1027 0 -1026 0 *
Ve
1e-07
37.3023623138112 4.96916539273604 0
0 0

0101101
*
Ed
 1e-07 1 1 0
1  1050 0 0 0.600000000000016
0

0101000
+1026 0 -1024 0 *
Ve
1e-07
36.7023623138112 4.96916539273604 0
0 0

0101101
*
Ed
 1e-07 1 1 0
1  1051 0 0 0.600000000000001
0

0101000
+1024 0 -1022 0 *
Ed
 1e-07 1 1 0
1  1052 0 0 0.600000000000016
0

0101000
+1022 0 -1027 0 *
Wi

0101100
+1025 0 +1023 0 +1021 0 +1020 0 *
Ve
1e-07
36.7023623138112 2.51576822037409 0
0 0

0101101
*
Ve
1e-07
37.3023623138112 2.51576822037409 0
0 0

0101101
*
Ed
 1e-07 1 1 0
1  1053 0 0 0.600000000000001
0

0101000
+1018 0 -1017 0 *
Ve
1e-07
37.3023623138112 3.11576822037409 0
0 0

0101101
*
Ed
 1e-07 1 1 0
1  1054 0 0 0.600000000000001
0

0101000
+1017 0 -1015 0 *
Ve
1e-07
36.7023623138112 3.11576822037409 0
0 0

0101101
*
Ed
 1e-07 1 1 0
1  1055 0 0 0.600000000000001
0

0101000
+1015 0 -1013 0 *
Ed
 1e-07 1 1 0
1  1056 0 0 0.600000000000001
0

0101000
+1013 0 -1018 0 *
Wi

0101100
+1016 0 +1014 0 +1012 0 +1011 0 *
Ve
1e-07
36.7023623138112 0.662371048012133 0
0 0

0101101
*
Ve
1e-07
37.3023623138112 0.662371048012133 0
0 0

0101101
*
Ed
 1e-07 1 1 0
1  1057 0 0 0.600000000000001
0

0101000
+1009 0 -1008 0 *
Ve
1e-07
37.3023623138112 1.26237104801215 0
0 0

0101101
*
Ed
 1e-07 1 1 0
1  1058 0 0 0.600000000000016
0

0101000
+1008 0 -1006 0 *
Ve
1e-07
36.7023623138112 1.26237104801215 0
0 0

0101101
*
Ed
 1e-07 1 1 0
1  1059 0 0 0.600000000000001
0

0101000
+1006 0 -1004 0 *
Ed
 1e-07 1 1 0
1  1060 0 0 0.600000000000016
0

0101000
+1004 0 -1009 0 *
Wi

0101100
+1007 0 +1005 0 +1003 0 +1002 0 *
Ve
1e-07
34.1060010504036 1.04337104801214 0
0 0

0101101
*
Ve
1e-07
34.7060010504036 1.04337104801214 0
0 0

0101101
*
Ed
 1e-07 1 1 0
1  1061 0 0 0.599999999999987
0

0101000
+1000 0 -999 0 *
Ve
1e-07
34.7060010504036 1.64337104801215 0
0 0

0101101
*
Ed
 1e-07 1 1 0
1  1062 0 0 0.600000000000008
0

0101000
+999 0 -997 0 *
Ve
1e-07
34.1060010504036 1.64337104801215 0
0 0

0101101
*
Ed
 1e-07 1 1 0
1  1063 0 0 0.599999999999987
0

0101000
+997 0 -995 0 *
Ed
 1e-07 1 1 0
1  1064 0 0 0.600000000000008
0

0101000
+995 0 -1000 0 *
Wi

0101100
+998 0 +996 0 +994 0 +993 0 *
Ve
1e-07
34.1060010504036 2.89676822037408 0
0 0

0101101
*
Ve
1e-07
34.7060010504036 2.89676822037408 0
0 0

0101101
*
Ed
 1e-07 1 1 0
1  1065 0 0 0.599999999999987
0

0101000
+991 0 -990 0 *
Ve
1e-07
34.7060010504036 3.49676822037408 0
0 0

0101101
*
Ed
 1e-07 1 1 0
1  1066 0 0 0.599999999999994
0

0101000
+990 0 -988 0 *
Ve
1e-07
34.1060010504036 3.49676822037408 0
0 0

0101101
*
Ed
 1e-07 1 1 0
1  1067 0 0 0.599999999999987
0

0101000
+988 0 -986 0 *
Ed
 1e-07 1 1 0
1  1068 0 0 0.599999999999994
0

0101000
+986 0 -991 0 *
Wi

0101100
+989 0 +987 0 +985 0 +984 0 *
Ve
1e-07
31.1990289804778 4.36916539273602 0
0 0

0101101
*
Ve
1e-07
31.7990289804778 4.36916539273602 0
0 0

0101101
*
Ed
 1e-07 1 1 0
1  1069 0 0 0.599999999999998
0

0101000
+982 0 -981 0 *
Ve
1e-07
31.7990289804778 4.96916539273604 0
0 0

0101101
*
Ed
 1e-07 1 1 0
1  1070 0 0 0.600000000000016
0

0101000
+981 0 -979 0 *
Ve
1e-07
31.1990289804778 4.96916539273604 0
0 0

0101101
*
Ed
 1e-07 1 1 0
1  1071 0 0 0.599999999999998
0

0101000
+979 0 -977 0 *
Ed
 1e-07 1 1 0
1  1072 0 0 0.600000000000016
0

0101000
+977 0 -982 0 *
Wi

0101100
+980 0 +978 0 +976 0 +975 0 *
Ve
1e-07
31.1990289804778 2.51576822037409 0
0 0

0101101
*
Ve
1e-07
31.7990289804778 2.51576822037409 0
0 0

0101101
*
Ed
 1e-07 1 1 0
1  1073 0 0 0.599999999999998
0

0101000
+973 0 -972 0 *
Ve
1e-07
31.7990289804778 3.11576822037409 0
0 0

0101101
*
Ed
 1e-07 1 1 0
1  1074 0 0 0.600000000000001
0

0101000
+972 0 -970 0 *
Ve
1e-07
31.1990289804778 3.11576822037409 0
0 0

0101101
*
Ed
 1e-07 1 1 0
1  1075 0 0 0.599999999999998
0

0101000
+970 0 -968 0 *
Ed
 1e-07 1 1 0
1  1076 0 0 0.600000000000001
0

0101000
+968 0 -973 0 *
Wi

0101100
+971 0 +969 0 +967 0 +966 0 *
Ve
1e-07
31.1990289804778 0.662371048012133 0
0 0

0101101
*
Ve
1e-07
31.7990289804778 0.662371048012133 0
0 0

0101101
*
Ed
 1e-07 1 1 0
1  1077 0 0 0.599999999999998
0

0101000
+964 0 -963 0 *
Ve
1e-07
31.7990289804778 1.26237104801215 0
0 0

0101101
*
Ed
 1e-07 1 1 0
1  1078 0 0 0.600000000000016
0

0101000
+963 0 -961 0 *
Ve
1e-07
31.1990289804778 1.26237104801215 0
0 0

0101101
*
Ed
 1e-07 1 1 0
1  1079 0 0 0.599999999999998
0

0101000
+961 0 -959 0 *
Ed
 1e-07 1 1 0
1  1080 0 0 0.600000000000016
0

0101000
+959 0 -964 0 *
Wi

0101100
+962 0 +960 0 +958 0 +957 0 *
Ve
1e-07
28.6026677170703 1.04337104801214 0
0 0

0101101
*
Ve
1e-07
29.2026677170703 1.04337104801214 0
0 0

0101101
*
Ed
 1e-07 1 1 0
1  1081 0 0 0.599999999999991
0

0101000
+955 0 -954 0 *
Ve
1e-07
29.2026677170703 1.64337104801215 0
0 0

0101101
*
Ed
 1e-07 1 1 0
1  1082 0 0 0.600000000000008
0

0101000
+954 0 -952 0 *
Ve
1e-07
28.6026677170703 1.64337104801215 0
0 0

0101101
*
Ed
 1e-07 1 1 0
1  1083 0 0 0.599999999999991
0

0101000
+952 0 -950 0 *
Ed
 1e-07 1 1 0
1  1084 0 0 0.600000000000008
0

0101000
+950 0 -955 0 *
Wi

0101100
+953 0 +951 0 +949 0 +948 0 *
Ve
1e-07
28.6026677170703 2.89676822037408 0
0 0

0101101
*
Ve
1e-07
29.2026677170703 2.89676822037408 0
0 0

0101101
*
Ed
 1e-07 1 1 0
1  1085 0 0 0.599999999999991
0

0101000
+946 0 -945 0 *
Ve
1e-07
29.2026677170703 3.49676822037408 0
0 0

0101101
*
Ed
 1e-07 1 1 0
1  1086 0 0 0.599999999999994
0

0101000
+945 0 -943 0 *
Ve
1e-07
28.6026677170703 3.49676822037408 0
0 0

0101101
*
Ed
 1e-07 1 1 0
1  1087 0 0 0.599999999999991
0

0101000
+943 0 -941 0 *
Ed
 1e-07 1 1 0
1  1088 0 0 0.599999999999994
0

0101000
+941 0 -946 0 *
Wi

0101100
+944 0 +942 0 +940 0 +939 0 *
Ve
1e-07
25.7380289804778 4.36916539273602 0
0 0

0101101
*
Ve
1e-07
26.3380289804778 4.36916539273602 0
0 0

0101101
*
Ed
 1e-07 1 1 0
1  1089 0 0 0.599999999999991
0

0101000
+937 0 -936 0 *
Ve
1e-07
26.3380289804778 4.96916539273604 0
0 0

0101101
*
Ed
 1e-07 1 1 0
1  1090 0 0 0.600000000000016
0

0101000
+936 0 -934 0 *
Ve
1e-07
25.7380289804778 4.96916539273604 0
0 0

0101101
*
Ed
 1e-07 1 1 0
1  1091 0 0 0.599999999999991
0

0101000
+934 0 -932 0 *
Ed
 1e-07 1 1 0
1  1092 0 0 0.600000000000016
0

0101000
+932 0 -937 0 *
Wi

0101100
+935 0 +933 0 +931 0 +930 0 *
Ve
1e-07
25.7380289804778 2.51576822037409 0
0 0

0101101
*
Ve
1e-07
26.3380289804778 2.51576822037409 0
0 0

0101101
*
Ed
 1e-07 1 1 0
1  1093 0 0 0.599999999999991
0

0101000
+928 0 -927 0 *
Ve
1e-07
26.3380289804778 3.11576822037409 0
0 0

0101101
*
Ed
 1e-07 1 1 0
1  1094 0 0 0.600000000000001
0

0101000
+927 0 -925 0 *
Ve
1e-07
25.7380289804778 3.11576822037409 0
0 0

0101101
*
Ed
 1e-07 1 1 0
1  1095 0 0 0.599999999999991
0

0101000
+925 0 -923 0 *
Ed
 1e-07 1 1 0
1  1096 0 0 0.600000000000001
0

0101000
+923 0 -928 0 *
Wi

0101100
+926 0 +924 0 +922 0 +921 0 *
Ve
1e-07
25.7380289804778 0.662371048012133 0
0 0

0101101
*
Ve
1e-07
26.3380289804778 0.662371048012133 0
0 0

0101101
*
Ed
 1e-07 1 1 0
1  1097 0 0 0.599999999999991
0

0101000
+919 0 -918 0 *
Ve
1e-07
26.3380289804778 1.26237104801215 0
0 0

0101101
*
Ed
 1e-07 1 1 0
1  1098 0 0 0.600000000000016
0

0101000
+918 0 -916 0 *
Ve
1e-07
25.7380289804778 1.26237104801215 0
0 0

0101101
*
Ed
 1e-07 1 1 0
1  1099 0 0 0.599999999999991
0

0101000
+916 0 -914 0 *
Ed
 1e-07 1 1 0
1  1100 0 0 0.600000000000016
0

0101000
+914 0 -919 0 *
Wi

0101100
+917 0 +915 0 +913 0 +912 0 *
Ve
1e-07
23.1416677170703 1.04337104801214 0
0 0

0101101
*
Ve
1e-07
23.7416677170703 1.04337104801214 0
0 0

0101101
*
Ed
 1e-07 1 1 0
1  1101 0 0 0.599999999999991
0

0101000
+910 0 -909 0 *
Ve
1e-07
23.7416677170703 1.64337104801215 0
0 0

0101101
*
Ed
 1e-07 1 1 0
1  1102 0 0 0.600000000000008
0

0101000
+909 0 -907 0 *
Ve
1e-07
23.1416677170703 1.64337104801215 0
0 0

0101101
*
Ed
 1e-07 1 1 0
1  1103 0 0 0.599999999999991
0

0101000
+907 0 -905 0 *
Ed
 1e-07 1 1 0
1  1104 0 0 0.600000000000008
0

0101000
+905 0 -910 0 *
Wi

0101100
+908 0 +906 0 +904 0 +903 0 *
Ve
1e-07
23.1416677170703 2.89676822037408 0
0 0

0101101
*
Ve
1e-07
23.7416677170703 2.89676822037408 0
0 0

0101101
*
Ed
 1e-07 1 1 0
1  1105 0 0 0.599999999999991
0

0101000
+901 0 -900 0 *
Ve
1e-07
23.7416677170703 3.49676822037408 0
0 0

0101101
*
Ed
 1e-07 1 1 0
1  1106 0 0 0.599999999999994
0

0101000
+900 0 -898 0 *
Ve
1e-07
23.1416677170703 3.49676822037408 0
0 0

0101101
*
Ed
 1e-07 1 1 0
1  1107 0 0 0.599999999999991
0

0101000
+898 0 -896 0 *
Ed
 1e-07 1 1 0
1  1108 0 0 0.599999999999994
0

0101000
+896 0 -901 0 *
Wi

0101100
+899 0 +897 0 +895 0 +894 0 *
Ve
1e-07
20.2558623138112 4.36916539273602 0
0 0

0101101
*
Ve
1e-07
20.8558623138112 4.36916539273602 0
0 0

0101101
*
Ed
 1e-07 1 1 0
1  1109 0 0 0.599999999999991
0

0101000
+892 0 -891 0 *
Ve
1e-07
20.8558623138112 4.96916539273604 0
0 0

0101101
*
Ed
 1e-07 1 1 0
1  1110 0 0 0.600000000000016
0

0101000
+891 0 -889 0 *
Ve
1e-07
20.2558623138112 4.96916539273604 0
0 0

0101101
*
Ed
 1e-07 1 1 0
1  1111 0 0 0.599999999999991
0

0101000
+889 0 -887 0 *
Ed
 1e-07 1 1 0
1  1112 0 0 0.600000000000016
0

0101000
+887 0 -892 0 *
Wi

0101100
+890 0 +888 0 +886 0 +885 0 *
Ve
1e-07
20.2558623138112 2.51576822037409 0
0 0

0101101
*
Ve
1e-07
20.8558623138112 2.51576822037409 0
0 0

0101101
*
Ed
 1e-07 1 1 0
1  1113 0 0 0.599999999999991
0

0101000
+883 0 -882 0 *
Ve
1e-07
20.8558623138112 3.11576822037409 0
0 0

0101101
*
Ed
 1e-07 1 1 0
1  1114 0 0 0.600000000000001
0

0101000
+882 0 -880 0 *
Ve
1e-07
20.2558623138112 3.11576822037409 0
0 0

0101101
*
Ed
 1e-07 1 1 0
1  1115 0 0 0.599999999999991
0

0101000
+880 0 -878 0 *
Ed
 1e-07 1 1 0
1  1116 0 0 0.600000000000001
0

0101000
+878 0 -883 0 *
Wi

0101100
+881 0 +879 0 +877 0 +876 0 *
Ve
1e-07
20.2558623138112 0.662371048012133 0
0 0

0101101
*
Ve
1e-07
20.8558623138112 0.662371048012133 0
0 0

0101101
*
Ed
 1e-07 1 1 0
1  1117 0 0 0.599999999999991
0

0101000
+874 0 -873 0 *
Ve
1e-07
20.8558623138112 1.26237104801215 0
0 0

0101101
*
Ed
 1e-07 1 1 0
1  1118 0 0 0.600000000000016
0

0101000
+873 0 -871 0 *
Ve
1e-07
20.2558623138112 1.26237104801215 0
0 0

0101101
*
Ed
 1e-07 1 1 0
1  1119 0 0 0.599999999999991
0

0101000
+871 0 -869 0 *
Ed
 1e-07 1 1 0
1  1120 0 0 0.600000000000016
0

0101000
+869 0 -874 0 *
Wi

0101100
+872 0 +870 0 +868 0 +867 0 *
Ve
1e-07
17.6595010504036 1.04337104801214 0
0 0

0101101
*
Ve
1e-07
18.2595010504036 1.04337104801214 0
0 0

0101101
*
Ed
 1e-07 1 1 0
1  1121 0 0 0.599999999999991
0

0101000
+865 0 -864 0 *
Ve
1e-07
18.2595010504036 1.64337104801215 0
0 0

0101101
*
Ed
 1e-07 1 1 0
1  1122 0 0 0.600000000000008
0

0101000
+864 0 -862 0 *
Ve
1e-07
17.6595010504036 1.64337104801215 0
0 0

0101101
*
Ed
 1e-07 1 1 0
1  1123 0 0 0.599999999999991
0

0101000
+862 0 -860 0 *
Ed
 1e-07 1 1 0
1  1124 0 0 0.600000000000008
0

0101000
+860 0 -865 0 *
Wi

0101100
+863 0 +861 0 +859 0 +858 0 *
Ve
1e-07
17.6595010504036 2.89676822037408 0
0 0

0101101
*
Ve
1e-07
18.2595010504036 2.89676822037408 0
0 0

0101101
*
Ed
 1e-07 1 1 0
1  1125 0 0 0.599999999999991
0

0101000
+856 0 -855 0 *
Ve
1e-07
18.2595010504036 3.49676822037408 0
0 0

0101101
*
Ed
 1e-07 1 1 0
1  1126 0 0 0.599999999999994
0

0101000
+855 0 -853 0 *
Ve
1e-07
17.6595010504036 3.49676822037408 0
0 0

0101101
*
Ed
 1e-07 1 1 0
1  1127 0 0 0.599999999999991
0

0101000
+853 0 -851 0 *
Ed
 1e-07 1 1 0
1  1128 0 0 0.599999999999994
0

0101000
+851 0 -856 0 *
Wi

0101100
+854 0 +852 0 +850 0 +849 0 *
Ve
1e-07
7.46902883840358 8.99128664148033 0
0 0

0101101
*
Ve
1e-07
8.06902883840358 8.99128664148033 0
0 0

0101101
*
Ed
 1e-07 1 1 0
1  1129 0 0 0.599999999999995
0

0101000
+847 0 -846 0 *
Ve
1e-07
8.06902883840358 9.59128664148033 0
0 0

0101101
*
Ed
 1e-07 1 1 0
1  1130 0 0 0.600000000000009
0

0101000
+846 0 -844 0 *
Ve
1e-07
7.46902883840358 9.59128664148033 0
0 0

0101101
*
Ed
 1e-07 1 1 0
1  1131 0 0 0.599999999999995
0

0101000
+844 0 -842 0 *
Ed
 1e-07 1 1 0
1  1132 0 0 0.600000000000009
0

0101000
+842 0 -847 0 *
Wi

0101100
+845 0 +843 0 +841 0 +840 0 *
Ve
1e-07
9.00509395744613 8.11697330565909 0
0 0

0101101
*
Ve
1e-07
9.6070260525427 8.11697330565909 0
0 0

0101101
*
Ed
 1e-07 1 1 0
1  1133 0 0 0.601932095096572
0

0101000
+838 0 -837 0 *
Ve
1e-07
9.6070260525427 8.71503496877809 0
0 0

0101101
*
Ed
 1e-07 1 1 0
1  1134 0 0 0.598061663119001
0

0101000
+837 0 -835 0 *
Ve
1e-07
9.00509395744613 8.71503496877809 0
0 0

0101101
*
Ed
 1e-07 1 1 0
1  1135 0 0 0.601932095096572
0

0101000
+835 0 -833 0 *
Ed
 1e-07 1 1 0
1  1136 0 0 0.598061663119001
0

0101000
+833 0 -838 0 *
Wi

0101100
+836 0 +834 0 +832 0 +831 0 *
Ve
1e-07
9.75756826720616 8.11014820240433 0
0 0

0101101
*
Ve
1e-07
10.3595003623027 8.11014820240433 0
0 0

0101101
*
Ed
 1e-07 1 1 0
1  1137 0 0 0.601932095096577
0

0101000
+829 0 -828 0 *
Ve
1e-07
10.3595003623027 8.70820986552332 0
0 0

0101101
*
Ed
 1e-07 1 1 0
1  1138 0 0 0.598061663118987
0

0101000
+828 0 -826 0 *
Ve
1e-07
9.75756826720616 8.70820986552332 0
0 0

0101101
*
Ed
 1e-07 1 1 0
1  1139 0 0 0.601932095096577
0

0101000
+826 0 -824 0 *
Ed
 1e-07 1 1 0
1  1140 0 0 0.598061663118987
0

0101000
+824 0 -829 0 *
Wi

0101100
+827 0 +825 0 +823 0 +822 0 *
Ve
1e-07
7.44489344126099 25.7346266078129 0
0 0

0101101
*
Ve
1e-07
8.04489344126098 25.7346266078129 0
0 0

0101101
*
Ed
 1e-07 1 1 0
1  1141 0 0 0.599999999999993
0

0101000
+820 0 -819 0 *
Ve
1e-07
8.04489344126098 26.334626607813 0
0 0

0101101
*
Ed
 1e-07 1 1 0
1  1142 0 0 0.600000000000012
0

0101000
+819 0 -817 0 *
Ve
1e-07
7.44489344126099 26.334626607813 0
0 0

0101101
*
Ed
 1e-07 1 1 0
1  1143 0 0 0.599999999999993
0

0101000
+817 0 -815 0 *
Ed
 1e-07 1 1 0
1  1144 0 0 0.600000000000012
0

0101000
+815 0 -820 0 *
Wi

0101100
+818 0 +816 0 +814 0 +813 0 *
Ve
1e-07
8.98095856030354 24.8603132719917 0
0 0

0101101
*
Ve
1e-07
9.58289065540011 24.8603132719917 0
0 0

0101101
*
Ed
 1e-07 1 1 0
1  1145 0 0 0.601932095096572
0

0101000
+811 0 -810 0 *
Ve
1e-07
9.58289065540011 25.4583749351107 0
0 0

0101101
*
Ed
 1e-07 1 1 0
1  1146 0 0 0.59806166311899
0

0101000
+810 0 -808 0 *
Ve
1e-07
8.98095856030354 25.4583749351107 0
0 0

0101101
*
Ed
 1e-07 1 1 0
1  1147 0 0 0.601932095096572
0

0101000
+808 0 -806 0 *
Ed
 1e-07 1 1 0
1  1148 0 0 0.59806166311899
0

0101000
+806 0 -811 0 *
Wi

0101100
+809 0 +807 0 +805 0 +804 0 *
Ve
1e-07
9.73343287006357 24.8534881687369 0
0 0

0101101
*
Ve
1e-07
10.3353649651601 24.8534881687369 0
0 0

0101101
*
Ed
 1e-07 1 1 0
1  1149 0 0 0.601932095096581
0

0101000
+802 0 -801 0 *
Ve
1e-07
10.3353649651601 25.4515498318559 0
0 0

0101101
*
Ed
 1e-07 1 1 0
1  1150 0 0 0.59806166311899
0

0101000
+801 0 -799 0 *
Ve
1e-07
9.73343287006357 25.4515498318559 0
0 0

0101101
*
Ed
 1e-07 1 1 0
1  1151 0 0 0.601932095096581
0

0101000
+799 0 -797 0 *
Ed
 1e-07 1 1 0
1  1152 0 0 0.59806166311899
0

0101000
+797 0 -802 0 *
Wi

0101100
+800 0 +798 0 +796 0 +795 0 *
Ve
1e-07
7.43489116029018 22.6424551007432 0
0 0

0101101
*
Ve
1e-07
8.03489116029017 22.6424551007432 0
0 0

0101101
*
Ed
 1e-07 1 1 0
1  1153 0 0 0.599999999999995
0

0101000
+793 0 -792 0 *
Ve
1e-07
8.03489116029017 23.2424551007432 0
0 0

0101101
*
Ed
 1e-07 1 1 0
1  1154 0 0 0.600000000000019
0

0101000
+792 0 -790 0 *
Ve
1e-07
7.43489116029018 23.2424551007432 0
0 0

0101101
*
Ed
 1e-07 1 1 0
1  1155 0 0 0.599999999999995
0

0101000
+790 0 -788 0 *
Ed
 1e-07 1 1 0
1  1156 0 0 0.600000000000019
0

0101000
+788 0 -793 0 *
Wi

0101100
+791 0 +789 0 +787 0 +786 0 *
Ve
1e-07
8.97095627933273 21.768141764922 0
0 0

0101101
*
Ve
1e-07
9.5728883744293 21.768141764922 0
0 0

0101101
*
Ed
 1e-07 1 1 0
1  1157 0 0 0.60193209509657
0

0101000
+784 0 -783 0 *
Ve
1e-07
9.5728883744293 22.366203428041 0
0 0

0101101
*
Ed
 1e-07 1 1 0
1  1158 0 0 0.59806166311899
0

0101000
+783 0 -781 0 *
Ve
1e-07
8.97095627933273 22.366203428041 0
0 0

0101101
*
Ed
 1e-07 1 1 0
1  1159 0 0 0.60193209509657
0

0101000
+781 0 -779 0 *
Ed
 1e-07 1 1 0
1  1160 0 0 0.59806166311899
0

0101000
+779 0 -784 0 *
Wi

0101100
+782 0 +780 0 +778 0 +777 0 *
Ve
1e-07
9.72343058909276 21.7613166616672 0
0 0

0101101
*
Ve
1e-07
10.3253626841893 21.7613166616672 0
0 0

0101101
*
Ed
 1e-07 1 1 0
1  1161 0 0 0.60193209509657
0

0101000
+775 0 -774 0 *
Ve
1e-07
10.3253626841893 22.3593783247862 0
0 0

0101101
*
Ed
 1e-07 1 1 0
1  1162 0 0 0.59806166311899
0

0101000
+774 0 -772 0 *
Ve
1e-07
9.72343058909276 22.3593783247862 0
0 0

0101101
*
Ed
 1e-07 1 1 0
1  1163 0 0 0.60193209509657
0

0101000
+772 0 -770 0 *
Ed
 1e-07 1 1 0
1  1164 0 0 0.59806166311899
0

0101000
+770 0 -775 0 *
Wi

0101100
+773 0 +771 0 +769 0 +768 0 *
Ve
1e-07
7.43164312380311 11.6851409924915 0
0 0

0101101
*
Ve
1e-07
8.0316431238031 11.6851409924915 0
0 0

0101101
*
Ed
 1e-07 1 1 0
1  1165 0 0 0.599999999999997
0

0101000
+766 0 -765 0 *
Ve
1e-07
8.0316431238031 12.2851409924915 0
0 0

0101101
*
Ed
 1e-07 1 1 0
1  1166 0 0 0.600000000000019
0

0101000
+765 0 -763 0 *
Ve
1e-07
7.43164312380311 12.2851409924915 0
0 0

0101101
*
Ed
 1e-07 1 1 0
1  1167 0 0 0.599999999999997
0

0101000
+763 0 -761 0 *
Ed
 1e-07 1 1 0
1  1168 0 0 0.600000000000019
0

0101000
+761 0 -766 0 *
Wi

0101100
+764 0 +762 0 +760 0 +759 0 *
Ve
1e-07
8.96770824284565 10.8108276566703 0
0 0

0101101
*
Ve
1e-07
9.56964033794223 10.8108276566703 0
0 0

0101101
*
Ed
 1e-07 1 1 0
1  1169 0 0 0.601932095096572
0

0101000
+757 0 -756 0 *
Ve
1e-07
9.56964033794223 11.4088893197893 0
0 0

0101101
*
Ed
 1e-07 1 1 0
1  1170 0 0 0.598061663119001
0

0101000
+756 0 -754 0 *
Ve
1e-07
8.96770824284565 11.4088893197893 0
0 0

0101101
*
Ed
 1e-07 1 1 0
1  1171 0 0 0.601932095096572
0

0101000
+754 0 -752 0 *
Ed
 1e-07 1 1 0
1  1172 0 0 0.598061663119001
0

0101000
+752 0 -757 0 *
Wi

0101100
+755 0 +753 0 +751 0 +750 0 *
Ve
1e-07
9.72018255260569 10.8040025534155 0
0 0

0101101
*
Ve
1e-07
10.3221146477023 10.8040025534155 0
0 0

0101101
*
Ed
 1e-07 1 1 0
1  1173 0 0 0.601932095096572
0

0101000
+748 0 -747 0 *
Ve
1e-07
10.3221146477023 11.4020642165345 0
0 0

0101101
*
Ed
 1e-07 1 1 0
1  1174 0 0 0.59806166311898
0

0101000
+747 0 -745 0 *
Ve
1e-07
9.72018255260569 11.4020642165345 0
0 0

0101101
*
Ed
 1e-07 1 1 0
1  1175 0 0 0.601932095096572
0

0101000
+745 0 -743 0 *
Ed
 1e-07 1 1 0
1  1176 0 0 0.59806166311898
0

0101000
+743 0 -748 0 *
Wi

0101100
+746 0 +744 0 +742 0 +741 0 *
Ve
1e-07
7.43164312380311 14.4116819577942 0
0 0

0101101
*
Ve
1e-07
8.0316431238031 14.4116819577942 0
0 0

0101101
*
Ed
 1e-07 1 1 0
1  1177 0 0 0.599999999999997
0

0101000
+739 0 -738 0 *
Ve
1e-07
8.0316431238031 15.0116819577942 0
0 0

0101101
*
Ed
 1e-07 1 1 0
1  1178 0 0 0.600000000000021
0

0101000
+738 0 -736 0 *
Ve
1e-07
7.43164312380311 15.0116819577942 0
0 0

0101101
*
Ed
 1e-07 1 1 0
1  1179 0 0 0.599999999999997
0

0101000
+736 0 -734 0 *
Ed
 1e-07 1 1 0
1  1180 0 0 0.600000000000021
0

0101000
+734 0 -739 0 *
Wi

0101100
+737 0 +735 0 +733 0 +732 0 *
Ve
1e-07
8.96770824284565 13.5373686219729 0
0 0

0101101
*
Ve
1e-07
9.56964033794223 13.5373686219729 0
0 0

0101101
*
Ed
 1e-07 1 1 0
1  1181 0 0 0.601932095096572
0

0101000
+730 0 -729 0 *
Ve
1e-07
9.56964033794223 14.1354302850919 0
0 0

0101101
*
Ed
 1e-07 1 1 0
1  1182 0 0 0.59806166311901
0

0101000
+729 0 -727 0 *
Ve
1e-07
8.96770824284565 14.1354302850919 0
0 0

0101101
*
Ed
 1e-07 1 1 0
1  1183 0 0 0.601932095096572
0

0101000
+727 0 -725 0 *
Ed
 1e-07 1 1 0
1  1184 0 0 0.59806166311901
0

0101000
+725 0 -730 0 *
Wi

0101100
+728 0 +726 0 +724 0 +723 0 *
Ve
1e-07
9.72018255260569 13.5305435187182 0
0 0

0101101
*
Ve
1e-07
10.3221146477023 13.5305435187182 0
0 0

0101101
*
Ed
 1e-07 1 1 0
1  1185 0 0 0.601932095096572
0

0101000
+721 0 -720 0 *
Ve
1e-07
10.3221146477023 14.1286051818372 0
0 0

0101101
*
Ed
 1e-07 1 1 0
1  1186 0 0 0.59806166311899
0

0101000
+720 0 -718 0 *
Ve
1e-07
9.72018255260569 14.1286051818372 0
0 0

0101101
*
Ed
 1e-07 1 1 0
1  1187 0 0 0.601932095096572
0

0101000
+718 0 -716 0 *
Ed
 1e-07 1 1 0
1  1188 0 0 0.59806166311899
0

0101000
+716 0 -721 0 *
Wi

0101100
+719 0 +717 0 +715 0 +714 0 *
Ve
1e-07
7.43164312380311 17.1584508762475 0
0 0

0101101
*
Ve
1e-07
8.0316431238031 17.1584508762475 0
0 0

0101101
*
Ed
 1e-07 1 1 0
1  1189 0 0 0.599999999999997
0

0101000
+712 0 -711 0 *
Ve
1e-07
8.0316431238031 17.7584508762475 0
0 0

0101101
*
Ed
 1e-07 1 1 0
1  1190 0 0 0.599999999999998
0

0101000
+711 0 -709 0 *
Ve
1e-07
7.43164312380311 17.7584508762475 0
0 0

0101101
*
Ed
 1e-07 1 1 0
1  1191 0 0 0.599999999999997
0

0101000
+709 0 -707 0 *
Ed
 1e-07 1 1 0
1  1192 0 0 0.599999999999998
0

0101000
+707 0 -712 0 *
Wi

0101100
+710 0 +708 0 +706 0 +705 0 *
Ve
1e-07
8.96770824284565 16.2841375404263 0
0 0

0101101
*
Ve
1e-07
9.56964033794223 16.2841375404263 0
0 0

0101101
*
Ed
 1e-07 1 1 0
1  1193 0 0 0.601932095096572
0

0101000
+703 0 -702 0 *
Ve
1e-07
9.56964033794223 16.8821992035453 0
0 0

0101101
*
Ed
 1e-07 1 1 0
1  1194 0 0 0.598061663119001
0

0101000
+702 0 -700 0 *
Ve
1e-07
8.96770824284565 16.8821992035453 0
0 0

0101101
*
Ed
 1e-07 1 1 0
1  1195 0 0 0.601932095096572
0

0101000
+700 0 -698 0 *
Ed
 1e-07 1 1 0
1  1196 0 0 0.598061663119001
0

0101000
+698 0 -703 0 *
Wi

0101100
+701 0 +699 0 +697 0 +696 0 *
Ve
1e-07
9.72018255260569 16.2773124371715 0
0 0

0101101
*
Ve
1e-07
10.3221146477023 16.2773124371715 0
0 0

0101101
*
Ed
 1e-07 1 1 0
1  1197 0 0 0.601932095096572
0

0101000
+694 0 -693 0 *
Ve
1e-07
10.3221146477023 16.8753741002905 0
0 0

0101101
*
Ed
 1e-07 1 1 0
1  1198 0 0 0.598061663118983
0

0101000
+693 0 -691 0 *
Ve
1e-07
9.72018255260569 16.8753741002905 0
0 0

0101101
*
Ed
 1e-07 1 1 0
1  1199 0 0 0.601932095096572
0

0101000
+691 0 -689 0 *
Ed
 1e-07 1 1 0
1  1200 0 0 0.598061663118983
0

0101000
+689 0 -694 0 *
Wi

0101100
+692 0 +690 0 +688 0 +687 0 *
Ve
1e-07
7.43164312380311 19.9052197947009 0
0 0

0101101
*
Ve
1e-07
8.0316431238031 19.9052197947009 0
0 0

0101101
*
Ed
 1e-07 1 1 0
1  1201 0 0 0.599999999999997
0

0101000
+685 0 -684 0 *
Ve
1e-07
8.0316431238031 20.5052197947009 0
0 0

0101101
*
Ed
 1e-07 1 1 0
1  1202 0 0 0.600000000000009
0

0101000
+684 0 -682 0 *
Ve
1e-07
7.43164312380311 20.5052197947009 0
0 0

0101101
*
Ed
 1e-07 1 1 0
1  1203 0 0 0.599999999999997
0

0101000
+682 0 -680 0 *
Ed
 1e-07 1 1 0
1  1204 0 0 0.600000000000009
0

0101000
+680 0 -685 0 *
Wi

0101100
+683 0 +681 0 +679 0 +678 0 *
Ve
1e-07
8.96770824284565 19.0309064588796 0
0 0

0101101
*
Ve
1e-07
9.56964033794223 19.0309064588796 0
0 0

0101101
*
Ed
 1e-07 1 1 0
1  1205 0 0 0.601932095096572
0

0101000
+676 0 -675 0 *
Ve
1e-07
9.56964033794223 19.6289681219986 0
0 0

0101101
*
Ed
 1e-07 1 1 0
1  1206 0 0 0.598061663118997
0

0101000
+675 0 -673 0 *
Ve
1e-07
8.96770824284565 19.6289681219986 0
0 0

0101101
*
Ed
 1e-07 1 1 0
1  1207 0 0 0.601932095096572
0

0101000
+673 0 -671 0 *
Ed
 1e-07 1 1 0
1  1208 0 0 0.598061663118997
0

0101000
+671 0 -676 0 *
Wi

0101100
+674 0 +672 0 +670 0 +669 0 *
Ve
1e-07
9.72018255260569 19.0240813556249 0
0 0

0101101
*
Ve
1e-07
10.3221146477023 19.0240813556249 0
0 0

0101101
*
Ed
 1e-07 1 1 0
1  1209 0 0 0.601932095096572
0

0101000
+667 0 -666 0 *
Ve
1e-07
10.3221146477023 19.6221430187439 0
0 0

0101101
*
Ed
 1e-07 1 1 0
1  1210 0 0 0.59806166311898
0

0101000
+666 0 -664 0 *
Ve
1e-07
9.72018255260569 19.6221430187439 0
0 0

0101101
*
Ed
 1e-07 1 1 0
1  1211 0 0 0.601932095096572
0

0101000
+664 0 -662 0 *
Ed
 1e-07 1 1 0
1  1212 0 0 0.59806166311898
0

0101000
+662 0 -667 0 *
Wi

0101100
+665 0 +663 0 +661 0 +660 0 *
Ve
1e-07
16.4035619563314 27.2842670560606 0
0 0

0101101
*
Ve
1e-07
17.0035619563314 27.2842670560606 0
0 0

0101101
*
Ed
 1e-07 1 1 0
1  1213 0 0 0.600000000000001
0

0101000
+658 0 -657 0 *
Ve
1e-07
17.0035619563314 27.8842670560606 0
0 0

0101101
*
Ed
 1e-07 1 1 0
1  1214 0 0 0.600000000000001
0

0101000
+657 0 -655 0 *
Ve
1e-07
16.4035619563314 27.8842670560606 0
0 0

0101101
*
Ed
 1e-07 1 1 0
1  1215 0 0 0.600000000000001
0

0101000
+655 0 -653 0 *
Ed
 1e-07 1 1 0
1  1216 0 0 0.600000000000001
0

0101000
+653 0 -658 0 *
Wi

0101100
+656 0 +654 0 +652 0 +651 0 *
Ve
1e-07
15.2754176193495 25.8308340405602 0
0 0

0101101
*
Ve
1e-07
15.8734792824685 25.8308340405602 0
0 0

0101101
*
Ed
 1e-07 1 1 0
1  1217 0 0 0.598061663118989
0

0101000
+649 0 -648 0 *
Ve
1e-07
15.8734792824685 26.4327661356568 0
0 0

0101101
*
Ed
 1e-07 1 1 0
1  1218 0 0 0.601932095096579
0

0101000
+648 0 -646 0 *
Ve
1e-07
15.2754176193495 26.4327661356568 0
0 0

0101101
*
Ed
 1e-07 1 1 0
1  1219 0 0 0.598061663118989
0

0101000
+646 0 -644 0 *
Ed
 1e-07 1 1 0
1  1220 0 0 0.601932095096579
0

0101000
+644 0 -649 0 *
Wi

0101100
+647 0 +645 0 +643 0 +642 0 *
Ve
1e-07
15.2734824033607 25.0672413501673 0
0 0

0101101
*
Ve
1e-07
15.8715440664797 25.0672413501673 0
0 0

0101101
*
Ed
 1e-07 1 1 0
1  1221 0 0 0.59806166311898
0

0101000
+640 0 -639 0 *
Ve
1e-07
15.8715440664797 25.6691734452638 0
0 0

0101101
*
Ed
 1e-07 1 1 0
1  1222 0 0 0.601932095096579
0

0101000
+639 0 -637 0 *
Ve
1e-07
15.2734824033607 25.6691734452638 0
0 0

0101101
*
Ed
 1e-07 1 1 0
1  1223 0 0 0.59806166311898
0

0101000
+637 0 -635 0 *
Ed
 1e-07 1 1 0
1  1224 0 0 0.601932095096579
0

0101000
+635 0 -640 0 *
Wi

0101100
+638 0 +636 0 +634 0 +633 0 *
Ve
1e-07
15.2803075066155 24.3147670404073 0
0 0

0101101
*
Ve
1e-07
15.8783691697345 24.3147670404073 0
0 0

0101101
*
Ed
 1e-07 1 1 0
1  1225 0 0 0.59806166311898
0

0101000
+631 0 -630 0 *
Ve
1e-07
15.8783691697345 24.9166991355038 0
0 0

0101101
*
Ed
 1e-07 1 1 0
1  1226 0 0 0.601932095096569
0

0101000
+630 0 -628 0 *
Ve
1e-07
15.2803075066155 24.9166991355038 0
0 0

0101101
*
Ed
 1e-07 1 1 0
1  1227 0 0 0.59806166311898
0

0101000
+628 0 -626 0 *
Ed
 1e-07 1 1 0
1  1228 0 0 0.601932095096569
0

0101000
+626 0 -631 0 *
Wi

0101100
+629 0 +627 0 +625 0 +624 0 *
Ve
1e-07
20.7315710297639 25.8308340405602 0
0 0

0101101
*
Ve
1e-07
20.1335093666449 25.8308340405602 0
0 0

0101101
*
Ed
 1e-07 1 1 0
1  1229 0 0 0.59806166311899
0

0101000
+622 0 -621 0 *
Ve
1e-07
20.1335093666449 26.4327661356568 0
0 0

0101101
*
Ed
 1e-07 1 1 0
1  1230 0 0 0.601932095096579
0

0101000
+621 0 -619 0 *
Ve
1e-07
20.7315710297639 26.4327661356568 0
0 0

0101101
*
Ed
 1e-07 1 1 0
1  1231 0 0 0.59806166311899
0

0101000
+619 0 -617 0 *
Ed
 1e-07 1 1 0
1  1232 0 0 0.601932095096579
0

0101000
+617 0 -622 0 *
Wi

0101100
+620 0 +618 0 +616 0 +615 0 *
Ve
1e-07
20.7335062457527 25.0672413501673 0
0 0

0101101
*
Ve
1e-07
20.1354445826337 25.0672413501673 0
0 0

0101101
*
Ed
 1e-07 1 1 0
1  1233 0 0 0.59806166311898
0

0101000
+613 0 -612 0 *
Ve
1e-07
20.1354445826337 25.6691734452638 0
0 0

0101101
*
Ed
 1e-07 1 1 0
1  1234 0 0 0.601932095096579
0

0101000
+612 0 -610 0 *
Ve
1e-07
20.7335062457527 25.6691734452638 0
0 0

0101101
*
Ed
 1e-07 1 1 0
1  1235 0 0 0.59806166311898
0

0101000
+610 0 -608 0 *
Ed
 1e-07 1 1 0
1  1236 0 0 0.601932095096579
0

0101000
+608 0 -613 0 *
Wi

0101100
+611 0 +609 0 +607 0 +606 0 *
Ve
1e-07
20.7266811424979 24.3147670404073 0
0 0

0101101
*
Ve
1e-07
20.128619479379 24.3147670404073 0
0 0

0101101
*
Ed
 1e-07 1 1 0
1  1237 0 0 0.59806166311898
0

0101000
+604 0 -603 0 *
Ve
1e-07
20.128619479379 24.9166991355038 0
0 0

0101101
*
Ed
 1e-07 1 1 0
1  1238 0 0 0.601932095096569
0

0101000
+603 0 -601 0 *
Ve
1e-07
20.7266811424979 24.9166991355038 0
0 0

0101101
*
Ed
 1e-07 1 1 0
1  1239 0 0 0.59806166311898
0

0101000
+601 0 -599 0 *
Ed
 1e-07 1 1 0
1  1240 0 0 0.601932095096569
0

0101000
+599 0 -604 0 *
Wi

0101100
+602 0 +600 0 +598 0 +597 0 *
Ve
1e-07
19.5880579017025 27.2815549164583 0
0 0

0101101
*
Ve
1e-07
18.9880579017025 27.2815549164583 0
0 0

0101101
*
Ed
 1e-07 1 1 0
1  1241 0 0 0.599999999999991
0

0101000
+595 0 -594 0 *
Ve
1e-07
18.9880579017025 27.8815549164583 0
0 0

0101101
*
Ed
 1e-07 1 1 0
1  1242 0 0 0.600000000000009
0

0101000
+594 0 -592 0 *
Ve
1e-07
19.5880579017025 27.8815549164583 0
0 0

0101101
*
Ed
 1e-07 1 1 0
1  1243 0 0 0.599999999999991
0

0101000
+592 0 -590 0 *
Ed
 1e-07 1 1 0
1  1244 0 0 0.600000000000009
0

0101000
+590 0 -595 0 *
Wi

0101100
+593 0 +591 0 +589 0 +588 0 *
Ve
1e-07
32.8817679399376 27.2842670560606 0
0 0

0101101
*
Ve
1e-07
33.4817679399376 27.2842670560606 0
0 0

0101101
*
Ed
 1e-07 1 1 0
1  1245 0 0 0.600000000000001
0

0101000
+586 0 -585 0 *
Ve
1e-07
33.4817679399376 27.8842670560606 0
0 0

0101101
*
Ed
 1e-07 1 1 0
1  1246 0 0 0.600000000000001
0

0101000
+585 0 -583 0 *
Ve
1e-07
32.8817679399376 27.8842670560606 0
0 0

0101101
*
Ed
 1e-07 1 1 0
1  1247 0 0 0.600000000000001
0

0101000
+583 0 -581 0 *
Ed
 1e-07 1 1 0
1  1248 0 0 0.600000000000001
0

0101000
+581 0 -586 0 *
Wi

0101100
+584 0 +582 0 +580 0 +579 0 *
Ve
1e-07
36.0662638853087 27.2815549164583 0
0 0

0101101
*
Ve
1e-07
35.4662638853087 27.2815549164583 0
0 0

0101101
*
Ed
 1e-07 1 1 0
1  1249 0 0 0.599999999999987
0

0101000
+577 0 -576 0 *
Ve
1e-07
35.4662638853087 27.8815549164583 0
0 0

0101101
*
Ed
 1e-07 1 1 0
1  1250 0 0 0.600000000000009
0

0101000
+576 0 -574 0 *
Ve
1e-07
36.0662638853087 27.8815549164583 0
0 0

0101101
*
Ed
 1e-07 1 1 0
1  1251 0 0 0.599999999999987
0

0101000
+574 0 -572 0 *
Ed
 1e-07 1 1 0
1  1252 0 0 0.600000000000009
0

0101000
+572 0 -577 0 *
Wi

0101100
+575 0 +573 0 +571 0 +570 0 *
Ve
1e-07
31.8709802365077 25.8296654959882 0
0 0

0101101
*
Ve
1e-07
32.4690418996267 25.8296654959882 0
0 0

0101101
*
Ed
 1e-07 1 1 0
1  1253 0 0 0.59806166311898
0

0101000
+568 0 -567 0 *
Ve
1e-07
32.4690418996267 26.4315975910847 0
0 0

0101101
*
Ed
 1e-07 1 1 0
1  1254 0 0 0.601932095096572
0

0101000
+567 0 -565 0 *
Ve
1e-07
31.8709802365077 26.4315975910847 0
0 0

0101101
*
Ed
 1e-07 1 1 0
1  1255 0 0 0.59806166311898
0

0101000
+565 0 -563 0 *
Ed
 1e-07 1 1 0
1  1256 0 0 0.601932095096572
0

0101000
+563 0 -568 0 *
Wi

0101100
+566 0 +564 0 +562 0 +561 0 *
Ve
1e-07
31.8690450205189 25.0660728055952 0
0 0

0101101
*
Ve
1e-07
32.4671066836379 25.0660728055952 0
0 0

0101101
*
Ed
 1e-07 1 1 0
1  1257 0 0 0.598061663118994
0

0101000
+559 0 -558 0 *
Ve
1e-07
32.4671066836379 25.6680049006918 0
0 0

0101101
*
Ed
 1e-07 1 1 0
1  1258 0 0 0.601932095096579
0

0101000
+558 0 -556 0 *
Ve
1e-07
31.8690450205189 25.6680049006918 0
0 0

0101101
*
Ed
 1e-07 1 1 0
1  1259 0 0 0.598061663118994
0

0101000
+556 0 -554 0 *
Ed
 1e-07 1 1 0
1  1260 0 0 0.601932095096579
0

0101000
+554 0 -559 0 *
Wi

0101100
+557 0 +555 0 +553 0 +552 0 *
Ve
1e-07
31.8758701237737 24.3135984958352 0
0 0

0101101
*
Ve
1e-07
32.4739317868927 24.3135984958352 0
0 0

0101101
*
Ed
 1e-07 1 1 0
1  1261 0 0 0.59806166311899
0

0101000
+550 0 -549 0 *
Ve
1e-07
32.4739317868927 24.9155305909317 0
0 0

0101101
*
Ed
 1e-07 1 1 0
1  1262 0 0 0.601932095096572
0

0101000
+549 0 -547 0 *
Ve
1e-07
31.8758701237737 24.9155305909317 0
0 0

0101101
*
Ed
 1e-07 1 1 0
1  1263 0 0 0.59806166311899
0

0101000
+547 0 -545 0 *
Ed
 1e-07 1 1 0
1  1264 0 0 0.601932095096572
0

0101000
+545 0 -550 0 *
Wi

0101100
+548 0 +546 0 +544 0 +543 0 *
Ve
1e-07
37.0787528040402 25.8377927124757 0
0 0

0101101
*
Ve
1e-07
36.4806911409212 25.8377927124757 0
0 0

0101101
*
Ed
 1e-07 1 1 0
1  1265 0 0 0.598061663119005
0

0101000
+541 0 -540 0 *
Ve
1e-07
36.4806911409212 26.4397248075722 0
0 0

0101101
*
Ed
 1e-07 1 1 0
1  1266 0 0 0.601932095096579
0

0101000
+540 0 -538 0 *
Ve
1e-07
37.0787528040402 26.4397248075722 0
0 0

0101101
*
Ed
 1e-07 1 1 0
1  1267 0 0 0.598061663119005
0

0101000
+538 0 -536 0 *
Ed
 1e-07 1 1 0
1  1268 0 0 0.601932095096579
0

0101000
+536 0 -541 0 *
Wi

0101100
+539 0 +537 0 +535 0 +534 0 *
Ve
1e-07
37.080688020029 25.0742000220827 0
0 0

0101101
*
Ve
1e-07
36.48262635691 25.0742000220827 0
0 0

0101101
*
Ed
 1e-07 1 1 0
1  1269 0 0 0.598061663118983
0

0101000
+532 0 -531 0 *
Ve
1e-07
36.48262635691 25.6761321171793 0
0 0

0101101
*
Ed
 1e-07 1 1 0
1  1270 0 0 0.601932095096572
0

0101000
+531 0 -529 0 *
Ve
1e-07
37.080688020029 25.6761321171793 0
0 0

0101101
*
Ed
 1e-07 1 1 0
1  1271 0 0 0.598061663118983
0

0101000
+529 0 -527 0 *
Ed
 1e-07 1 1 0
1  1272 0 0 0.601932095096572
0

0101000
+527 0 -532 0 *
Wi

0101100
+530 0 +528 0 +526 0 +525 0 *
Ve
1e-07
37.0738629167742 24.3217257123227 0
0 0

0101101
*
Ve
1e-07
36.4758012536552 24.3217257123227 0
0 0

0101101
*
Ed
 1e-07 1 1 0
1  1273 0 0 0.59806166311899
0

0101000
+523 0 -522 0 *
Ve
1e-07
36.4758012536552 24.9236578074192 0
0 0

0101101
*
Ed
 1e-07 1 1 0
1  1274 0 0 0.601932095096569
0

0101000
+522 0 -520 0 *
Ve
1e-07
37.0738629167742 24.9236578074192 0
0 0

0101101
*
Ed
 1e-07 1 1 0
1  1275 0 0 0.59806166311899
0

0101000
+520 0 -518 0 *
Ed
 1e-07 1 1 0
1  1276 0 0 0.601932095096569
0

0101000
+518 0 -523 0 *
Wi

0101100
+521 0 +519 0 +517 0 +516 0 *
Ve
1e-07
51.9872499786132 27.2842670560606 0
0 0

0101101
*
Ve
1e-07
52.5872499786132 27.2842670560606 0
0 0

0101101
*
Ed
 1e-07 1 1 0
1  1277 0 0 0.59999999999998
0

0101000
+514 0 -513 0 *
Ve
1e-07
52.5872499786132 27.8842670560606 0
0 0

0101101
*
Ed
 1e-07 1 1 0
1  1278 0 0 0.600000000000001
0

0101000
+513 0 -511 0 *
Ve
1e-07
51.9872499786132 27.8842670560606 0
0 0

0101101
*
Ed
 1e-07 1 1 0
1  1279 0 0 0.59999999999998
0

0101000
+511 0 -509 0 *
Ed
 1e-07 1 1 0
1  1280 0 0 0.600000000000001
0

0101000
+509 0 -514 0 *
Wi

0101100
+512 0 +510 0 +508 0 +507 0 *
Ve
1e-07
50.9764622751833 25.8296654959882 0
0 0

0101101
*
Ve
1e-07
51.5745239383022 25.8296654959882 0
0 0

0101101
*
Ed
 1e-07 1 1 0
1  1281 0 0 0.598061663118969
0

0101000
+505 0 -504 0 *
Ve
1e-07
51.5745239383022 26.4315975910847 0
0 0

0101101
*
Ed
 1e-07 1 1 0
1  1282 0 0 0.601932095096572
0

0101000
+504 0 -502 0 *
Ve
1e-07
50.9764622751833 26.4315975910847 0
0 0

0101101
*
Ed
 1e-07 1 1 0
1  1283 0 0 0.598061663118969
0

0101000
+502 0 -500 0 *
Ed
 1e-07 1 1 0
1  1284 0 0 0.601932095096572
0

0101000
+500 0 -505 0 *
Wi

0101100
+503 0 +501 0 +499 0 +498 0 *
Ve
1e-07
50.9745270591945 25.0660728055952 0
0 0

0101101
*
Ve
1e-07
51.5725887223134 25.0660728055952 0
0 0

0101101
*
Ed
 1e-07 1 1 0
1  1285 0 0 0.59806166311899
0

0101000
+496 0 -495 0 *
Ve
1e-07
51.5725887223134 25.6680049006918 0
0 0

0101101
*
Ed
 1e-07 1 1 0
1  1286 0 0 0.601932095096579
0

0101000
+495 0 -493 0 *
Ve
1e-07
50.9745270591945 25.6680049006918 0
0 0

0101101
*
Ed
 1e-07 1 1 0
1  1287 0 0 0.59806166311899
0

0101000
+493 0 -491 0 *
Ed
 1e-07 1 1 0
1  1288 0 0 0.601932095096579
0

0101000
+491 0 -496 0 *
Wi

0101100
+494 0 +492 0 +490 0 +489 0 *
Ve
1e-07
50.9813521624492 24.3135984958352 0
0 0

0101101
*
Ve
1e-07
51.5794138255682 24.3135984958352 0
0 0

0101101
*
Ed
 1e-07 1 1 0
1  1289 0 0 0.598061663119005
0

0101000
+487 0 -486 0 *
Ve
1e-07
51.5794138255682 24.9155305909317 0
0 0

0101101
*
Ed
 1e-07 1 1 0
1  1290 0 0 0.601932095096572
0

0101000
+486 0 -484 0 *
Ve
1e-07
50.9813521624492 24.9155305909317 0
0 0

0101101
*
Ed
 1e-07 1 1 0
1  1291 0 0 0.598061663119005
0

0101000
+484 0 -482 0 *
Ed
 1e-07 1 1 0
1  1292 0 0 0.601932095096572
0

0101000
+482 0 -487 0 *
Wi

0101100
+485 0 +483 0 +481 0 +480 0 *
Ve
1e-07
55.1907309012001 27.278842776856 0
0 0

0101101
*
Ve
1e-07
54.5907309012001 27.278842776856 0
0 0

0101101
*
Ed
 1e-07 1 1 0
1  1293 0 0 0.600000000000001
0

0101000
+478 0 -477 0 *
Ve
1e-07
54.5907309012001 27.8788427768561 0
0 0

0101101
*
Ed
 1e-07 1 1 0
1  1294 0 0 0.600000000000001
0

0101000
+477 0 -475 0 *
Ve
1e-07
55.1907309012001 27.8788427768561 0
0 0

0101101
*
Ed
 1e-07 1 1 0
1  1295 0 0 0.600000000000001
0

0101000
+475 0 -473 0 *
Ed
 1e-07 1 1 0
1  1296 0 0 0.600000000000001
0

0101000
+473 0 -478 0 *
Wi

0101100
+476 0 +474 0 +472 0 +471 0 *
Ve
1e-07
56.2078655369693 24.3269112725989 0
0 0

0101101
*
Ve
1e-07
55.6098038738503 24.3269112725989 0
0 0

0101101
*
Ed
 1e-07 1 1 0
1  1297 0 0 0.598061663118976
0

0101000
+469 0 -468 0 *
Ve
1e-07
55.6098038738503 24.9288433676955 0
0 0

0101101
*
Ed
 1e-07 1 1 0
1  1298 0 0 0.601932095096558
0

0101000
+468 0 -466 0 *
Ve
1e-07
56.2078655369693 24.9288433676955 0
0 0

0101101
*
Ed
 1e-07 1 1 0
1  1299 0 0 0.598061663118976
0

0101000
+466 0 -464 0 *
Ed
 1e-07 1 1 0
1  1300 0 0 0.601932095096558
0

0101000
+464 0 -469 0 *
Wi

0101100
+467 0 +465 0 +463 0 +462 0 *
Ve
1e-07
56.214690640224 25.079385582359 0
0 0

0101101
*
Ve
1e-07
55.6166289771051 25.079385582359 0
0 0

0101101
*
Ed
 1e-07 1 1 0
1  1301 0 0 0.598061663118962
0

0101000
+460 0 -459 0 *
Ve
1e-07
55.6166289771051 25.6813176774555 0
0 0

0101101
*
Ed
 1e-07 1 1 0
1  1302 0 0 0.601932095096572
0

0101000
+459 0 -457 0 *
Ve
1e-07
56.214690640224 25.6813176774555 0
0 0

0101101
*
Ed
 1e-07 1 1 0
1  1303 0 0 0.598061663118962
0

0101000
+457 0 -455 0 *
Ed
 1e-07 1 1 0
1  1304 0 0 0.601932095096572
0

0101000
+455 0 -460 0 *
Wi

0101100
+458 0 +456 0 +454 0 +453 0 *
Ve
1e-07
56.2127554242352 25.8429782727519 0
0 0

0101101
*
Ve
1e-07
55.6146937611163 25.8429782727519 0
0 0

0101101
*
Ed
 1e-07 1 1 0
1  1305 0 0 0.59806166311899
0

0101000
+451 0 -450 0 *
Ve
1e-07
55.6146937611163 26.4449103678485 0
0 0

0101101
*
Ed
 1e-07 1 1 0
1  1306 0 0 0.601932095096569
0

0101000
+450 0 -448 0 *
Ve
1e-07
56.2127554242352 26.4449103678485 0
0 0

0101101
*
Ed
 1e-07 1 1 0
1  1307 0 0 0.59806166311899
0

0101000
+448 0 -446 0 *
Ed
 1e-07 1 1 0
1  1308 0 0 0.601932095096569
0

0101000
+446 0 -451 0 *
Wi

0101100
+449 0 +447 0 +445 0 +444 0 *
Ve
1e-07
49.0102499614227 27.2496613350617 0
0 0

0101101
*
Ve
1e-07
49.6102499614227 27.2496613350617 0
0 0

0101101
*
Ed
 1e-07 1 1 0
1  1309 0 0 0.600000000000016
0

0101000
+442 0 -441 0 *
Ve
1e-07
49.6102499614227 27.8496613350617 0
0 0

0101101
*
Ed
 1e-07 1 1 0
1  1310 0 0 0.600000000000001
0

0101000
+441 0 -439 0 *
Ve
1e-07
49.0102499614227 27.8496613350617 0
0 0

0101101
*
Ed
 1e-07 1 1 0
1  1311 0 0 0.600000000000016
0

0101000
+439 0 -437 0 *
Ed
 1e-07 1 1 0
1  1312 0 0 0.600000000000001
0

0101000
+437 0 -442 0 *
Wi

0101100
+440 0 +438 0 +436 0 +435 0 *
Ve
1e-07
49.0102499614227 25.3799098320333 0
0 0

0101101
*
Ve
1e-07
49.6102499614227 25.3799098320333 0
0 0

0101101
*
Ed
 1e-07 1 1 0
1  1313 0 0 0.600000000000016
0

0101000
+433 0 -432 0 *
Ve
1e-07
49.6102499614227 25.9799098320333 0
0 0

0101101
*
Ed
 1e-07 1 1 0
1  1314 0 0 0.599999999999991
0

0101000
+432 0 -430 0 *
Ve
1e-07
49.0102499614227 25.9799098320333 0
0 0

0101101
*
Ed
 1e-07 1 1 0
1  1315 0 0 0.600000000000016
0

0101000
+430 0 -428 0 *
Ed
 1e-07 1 1 0
1  1316 0 0 0.599999999999991
0

0101000
+428 0 -433 0 *
Wi

0101100
+431 0 +429 0 +427 0 +426 0 *
Ve
1e-07
49.0102499614227 23.5035015544627 0
0 0

0101101
*
Ve
1e-07
49.6102499614227 23.5035015544627 0
0 0

0101101
*
Ed
 1e-07 1 1 0
1  1317 0 0 0.600000000000016
0

0101000
+424 0 -423 0 *
Ve
1e-07
49.6102499614227 24.1035015544627 0
0 0

0101101
*
Ed
 1e-07 1 1 0
1  1318 0 0 0.600000000000001
0

0101000
+423 0 -421 0 *
Ve
1e-07
49.0102499614227 24.1035015544627 0
0 0

0101101
*
Ed
 1e-07 1 1 0
1  1319 0 0 0.600000000000016
0

0101000
+421 0 -419 0 *
Ed
 1e-07 1 1 0
1  1320 0 0 0.600000000000001
0

0101000
+419 0 -424 0 *
Wi

0101100
+422 0 +420 0 +418 0 +417 0 *
Ve
1e-07
47.1951134493346 27.2496613350617 0
0 0

0101101
*
Ve
1e-07
46.5951134493346 27.2496613350617 0
0 0

0101101
*
Ed
 1e-07 1 1 0
1  1321 0 0 0.599999999999994
0

0101000
+415 0 -414 0 *
Ve
1e-07
46.5951134493346 27.8496613350617 0
0 0

0101101
*
Ed
 1e-07 1 1 0
1  1322 0 0 0.600000000000001
0

0101000
+414 0 -412 0 *
Ve
1e-07
47.1951134493346 27.8496613350617 0
0 0

0101101
*
Ed
 1e-07 1 1 0
1  1323 0 0 0.599999999999994
0

0101000
+412 0 -410 0 *
Ed
 1e-07 1 1 0
1  1324 0 0 0.600000000000001
0

0101000
+410 0 -415 0 *
Wi

0101100
+413 0 +411 0 +409 0 +408 0 *
Ve
1e-07
47.1951134493346 25.3799098320333 0
0 0

0101101
*
Ve
1e-07
46.5951134493346 25.3799098320333 0
0 0

0101101
*
Ed
 1e-07 1 1 0
1  1325 0 0 0.599999999999994
0

0101000
+406 0 -405 0 *
Ve
1e-07
46.5951134493346 25.9799098320333 0
0 0

0101101
*
Ed
 1e-07 1 1 0
1  1326 0 0 0.599999999999991
0

0101000
+405 0 -403 0 *
Ve
1e-07
47.1951134493346 25.9799098320333 0
0 0

0101101
*
Ed
 1e-07 1 1 0
1  1327 0 0 0.599999999999994
0

0101000
+403 0 -401 0 *
Ed
 1e-07 1 1 0
1  1328 0 0 0.599999999999991
0

0101000
+401 0 -406 0 *
Wi

0101100
+404 0 +402 0 +400 0 +399 0 *
Ve
1e-07
47.1951134493346 23.5035015544627 0
0 0

0101101
*
Ve
1e-07
46.5951134493346 23.5035015544627 0
0 0

0101101
*
Ed
 1e-07 1 1 0
1  1329 0 0 0.599999999999994
0

0101000
+397 0 -396 0 *
Ve
1e-07
46.5951134493346 24.1035015544627 0
0 0

0101101
*
Ed
 1e-07 1 1 0
1  1330 0 0 0.600000000000001
0

0101000
+396 0 -394 0 *
Ve
1e-07
47.1951134493346 24.1035015544627 0
0 0

0101101
*
Ed
 1e-07 1 1 0
1  1331 0 0 0.599999999999994
0

0101000
+394 0 -392 0 *
Ed
 1e-07 1 1 0
1  1332 0 0 0.600000000000001
0

0101000
+392 0 -397 0 *
Wi

0101100
+395 0 +393 0 +391 0 +390 0 *
Ve
1e-07
44.8726911324131 27.2496613350617 0
0 0

0101101
*
Ve
1e-07
45.472691132413 27.2496613350617 0
0 0

0101101
*
Ed
 1e-07 1 1 0
1  1333 0 0 0.599999999999973
0

0101000
+388 0 -387 0 *
Ve
1e-07
45.472691132413 27.8496613350617 0
0 0

0101101
*
Ed
 1e-07 1 1 0
1  1334 0 0 0.600000000000001
0

0101000
+387 0 -385 0 *
Ve
1e-07
44.8726911324131 27.8496613350617 0
0 0

0101101
*
Ed
 1e-07 1 1 0
1  1335 0 0 0.599999999999973
0

0101000
+385 0 -383 0 *
Ed
 1e-07 1 1 0
1  1336 0 0 0.600000000000001
0

0101000
+383 0 -388 0 *
Wi

0101100
+386 0 +384 0 +382 0 +381 0 *
Ve
1e-07
44.8726911324131 25.3799098320333 0
0 0

0101101
*
Ve
1e-07
45.472691132413 25.3799098320333 0
0 0

0101101
*
Ed
 1e-07 1 1 0
1  1337 0 0 0.599999999999973
0

0101000
+379 0 -378 0 *
Ve
1e-07
45.472691132413 25.9799098320333 0
0 0

0101101
*
Ed
 1e-07 1 1 0
1  1338 0 0 0.599999999999991
0

0101000
+378 0 -376 0 *
Ve
1e-07
44.8726911324131 25.9799098320333 0
0 0

0101101
*
Ed
 1e-07 1 1 0
1  1339 0 0 0.599999999999973
0

0101000
+376 0 -374 0 *
Ed
 1e-07 1 1 0
1  1340 0 0 0.599999999999991
0

0101000
+374 0 -379 0 *
Wi

0101100
+377 0 +375 0 +373 0 +372 0 *
Ve
1e-07
44.8726911324131 23.5035015544627 0
0 0

0101101
*
Ve
1e-07
45.472691132413 23.5035015544627 0
0 0

0101101
*
Ed
 1e-07 1 1 0
1  1341 0 0 0.599999999999973
0

0101000
+370 0 -369 0 *
Ve
1e-07
45.472691132413 24.1035015544627 0
0 0

0101101
*
Ed
 1e-07 1 1 0
1  1342 0 0 0.600000000000001
0

0101000
+369 0 -367 0 *
Ve
1e-07
44.8726911324131 24.1035015544627 0
0 0

0101101
*
Ed
 1e-07 1 1 0
1  1343 0 0 0.599999999999973
0

0101000
+367 0 -365 0 *
Ed
 1e-07 1 1 0
1  1344 0 0 0.600000000000001
0

0101000
+365 0 -370 0 *
Wi

0101100
+368 0 +366 0 +364 0 +363 0 *
Ve
1e-07
43.057554620325 27.2496613350617 0
0 0

0101101
*
Ve
1e-07
42.4575546203249 27.2496613350617 0
0 0

0101101
*
Ed
 1e-07 1 1 0
1  1345 0 0 0.600000000000001
0

0101000
+361 0 -360 0 *
Ve
1e-07
42.4575546203249 27.8496613350617 0
0 0

0101101
*
Ed
 1e-07 1 1 0
1  1346 0 0 0.600000000000001
0

0101000
+360 0 -358 0 *
Ve
1e-07
43.057554620325 27.8496613350617 0
0 0

0101101
*
Ed
 1e-07 1 1 0
1  1347 0 0 0.600000000000001
0

0101000
+358 0 -356 0 *
Ed
 1e-07 1 1 0
1  1348 0 0 0.600000000000001
0

0101000
+356 0 -361 0 *
Wi

0101100
+359 0 +357 0 +355 0 +354 0 *
Ve
1e-07
43.057554620325 25.3799098320333 0
0 0

0101101
*
Ve
1e-07
42.4575546203249 25.3799098320333 0
0 0

0101101
*
Ed
 1e-07 1 1 0
1  1349 0 0 0.600000000000001
0

0101000
+352 0 -351 0 *
Ve
1e-07
42.4575546203249 25.9799098320333 0
0 0

0101101
*
Ed
 1e-07 1 1 0
1  1350 0 0 0.599999999999991
0

0101000
+351 0 -349 0 *
Ve
1e-07
43.057554620325 25.9799098320333 0
0 0

0101101
*
Ed
 1e-07 1 1 0
1  1351 0 0 0.600000000000001
0

0101000
+349 0 -347 0 *
Ed
 1e-07 1 1 0
1  1352 0 0 0.599999999999991
0

0101000
+347 0 -352 0 *
Wi

0101100
+350 0 +348 0 +346 0 +345 0 *
Ve
1e-07
43.057554620325 23.5035015544627 0
0 0

0101101
*
Ve
1e-07
42.4575546203249 23.5035015544627 0
0 0

0101101
*
Ed
 1e-07 1 1 0
1  1353 0 0 0.600000000000001
0

0101000
+343 0 -342 0 *
Ve
1e-07
42.4575546203249 24.1035015544627 0
0 0

0101101
*
Ed
 1e-07 1 1 0
1  1354 0 0 0.600000000000001
0

0101000
+342 0 -340 0 *
Ve
1e-07
43.057554620325 24.1035015544627 0
0 0

0101101
*
Ed
 1e-07 1 1 0
1  1355 0 0 0.600000000000001
0

0101000
+340 0 -338 0 *
Ed
 1e-07 1 1 0
1  1356 0 0 0.600000000000001
0

0101000
+338 0 -343 0 *
Wi

0101100
+341 0 +339 0 +337 0 +336 0 *
Ve
1e-07
40.8605719915499 27.2496613350617 0
0 0

0101101
*
Ve
1e-07
41.4605719915499 27.2496613350617 0
0 0

0101101
*
Ed
 1e-07 1 1 0
1  1357 0 0 0.600000000000001
0

0101000
+334 0 -333 0 *
Ve
1e-07
41.4605719915499 27.8496613350617 0
0 0

0101101
*
Ed
 1e-07 1 1 0
1  1358 0 0 0.600000000000001
0

0101000
+333 0 -331 0 *
Ve
1e-07
40.8605719915499 27.8496613350617 0
0 0

0101101
*
Ed
 1e-07 1 1 0
1  1359 0 0 0.600000000000001
0

0101000
+331 0 -329 0 *
Ed
 1e-07 1 1 0
1  1360 0 0 0.600000000000001
0

0101000
+329 0 -334 0 *
Wi

0101100
+332 0 +330 0 +328 0 +327 0 *
Ve
1e-07
40.8605719915499 25.3799098320333 0
0 0

0101101
*
Ve
1e-07
41.4605719915499 25.3799098320333 0
0 0

0101101
*
Ed
 1e-07 1 1 0
1  1361 0 0 0.600000000000001
0

0101000
+325 0 -324 0 *
Ve
1e-07
41.4605719915499 25.9799098320333 0
0 0

0101101
*
Ed
 1e-07 1 1 0
1  1362 0 0 0.599999999999991
0

0101000
+324 0 -322 0 *
Ve
1e-07
40.8605719915499 25.9799098320333 0
0 0

0101101
*
Ed
 1e-07 1 1 0
1  1363 0 0 0.600000000000001
0

0101000
+322 0 -320 0 *
Ed
 1e-07 1 1 0
1  1364 0 0 0.599999999999991
0

0101000
+320 0 -325 0 *
Wi

0101100
+323 0 +321 0 +319 0 +318 0 *
Ve
1e-07
40.8605719915499 23.5035015544627 0
0 0

0101101
*
Ve
1e-07
41.4605719915499 23.5035015544627 0
0 0

0101101
*
Ed
 1e-07 1 1 0
1  1365 0 0 0.600000000000001
0

0101000
+316 0 -315 0 *
Ve
1e-07
41.4605719915499 24.1035015544627 0
0 0

0101101
*
Ed
 1e-07 1 1 0
1  1366 0 0 0.600000000000001
0

0101000
+315 0 -313 0 *
Ve
1e-07
40.8605719915499 24.1035015544627 0
0 0

0101101
*
Ed
 1e-07 1 1 0
1  1367 0 0 0.600000000000001
0

0101000
+313 0 -311 0 *
Ed
 1e-07 1 1 0
1  1368 0 0 0.600000000000001
0

0101000
+311 0 -316 0 *
Wi

0101100
+314 0 +312 0 +310 0 +309 0 *
Ve
1e-07
39.0454354794618 27.2496613350617 0
0 0

0101101
*
Ve
1e-07
38.4454354794618 27.2496613350617 0
0 0

0101101
*
Ed
 1e-07 1 1 0
1  1369 0 0 0.599999999999987
0

0101000
+307 0 -306 0 *
Ve
1e-07
38.4454354794618 27.8496613350617 0
0 0

0101101
*
Ed
 1e-07 1 1 0
1  1370 0 0 0.600000000000001
0

0101000
+306 0 -304 0 *
Ve
1e-07
39.0454354794618 27.8496613350617 0
0 0

0101101
*
Ed
 1e-07 1 1 0
1  1371 0 0 0.599999999999987
0

0101000
+304 0 -302 0 *
Ed
 1e-07 1 1 0
1  1372 0 0 0.600000000000001
0

0101000
+302 0 -307 0 *
Wi

0101100
+305 0 +303 0 +301 0 +300 0 *
Ve
1e-07
39.0454354794618 25.3799098320333 0
0 0

0101101
*
Ve
1e-07
38.4454354794618 25.3799098320333 0
0 0

0101101
*
Ed
 1e-07 1 1 0
1  1373 0 0 0.599999999999987
0

0101000
+298 0 -297 0 *
Ve
1e-07
38.4454354794618 25.9799098320333 0
0 0

0101101
*
Ed
 1e-07 1 1 0
1  1374 0 0 0.599999999999991
0

0101000
+297 0 -295 0 *
Ve
1e-07
39.0454354794618 25.9799098320333 0
0 0

0101101
*
Ed
 1e-07 1 1 0
1  1375 0 0 0.599999999999987
0

0101000
+295 0 -293 0 *
Ed
 1e-07 1 1 0
1  1376 0 0 0.599999999999991
0

0101000
+293 0 -298 0 *
Wi

0101100
+296 0 +294 0 +292 0 +291 0 *
Ve
1e-07
39.0454354794618 23.5035015544627 0
0 0

0101101
*
Ve
1e-07
38.4454354794618 23.5035015544627 0
0 0

0101101
*
Ed
 1e-07 1 1 0
1  1377 0 0 0.599999999999987
0

0101000
+289 0 -288 0 *
Ve
1e-07
38.4454354794618 24.1035015544627 0
0 0

0101101
*
Ed
 1e-07 1 1 0
1  1378 0 0 0.600000000000001
0

0101000
+288 0 -286 0 *
Ve
1e-07
39.0454354794618 24.1035015544627 0
0 0

0101101
*
Ed
 1e-07 1 1 0
1  1379 0 0 0.599999999999987
0

0101000
+286 0 -284 0 *
Ed
 1e-07 1 1 0
1  1380 0 0 0.600000000000001
0

0101000
+284 0 -289 0 *
Wi

0101100
+287 0 +285 0 +283 0 +282 0 *
Ve
1e-07
61.2464185266189 12.9093508229001 0
0 0

0101101
*
Ve
1e-07
61.8464185266189 12.9093508229001 0
0 0

0101101
*
Ed
 1e-07 1 1 0
1  1381 0 0 0.600000000000001
0

0101000
+280 0 -279 0 *
Ve
1e-07
61.8464185266189 13.5093508229001 0
0 0

0101101
*
Ed
 1e-07 1 1 0
1  1382 0 0 0.6
0

0101000
+279 0 -277 0 *
Ve
1e-07
61.2464185266189 13.5093508229001 0
0 0

0101101
*
Ed
 1e-07 1 1 0
1  1383 0 0 0.600000000000001
0

0101000
+277 0 -275 0 *
Ed
 1e-07 1 1 0
1  1384 0 0 0.6
0

0101000
+275 0 -280 0 *
Wi

0101100
+278 0 +276 0 +274 0 +273 0 *
Ve
1e-07
60.4828360498117 12.9049527556717 0
0 0

0101101
*
Ve
1e-07
61.0828360498117 12.9049527556717 0
0 0

0101101
*
Ed
 1e-07 1 1 0
1  1385 0 0 0.599999999999973
0

0101000
+271 0 -270 0 *
Ve
1e-07
61.0828360498117 13.5049527556717 0
0 0

0101101
*
Ed
 1e-07 1 1 0
1  1386 0 0 0.60000000000001
0

0101000
+270 0 -268 0 *
Ve
1e-07
60.4828360498117 13.5049527556717 0
0 0

0101101
*
Ed
 1e-07 1 1 0
1  1387 0 0 0.599999999999973
0

0101000
+268 0 -266 0 *
Ed
 1e-07 1 1 0
1  1388 0 0 0.60000000000001
0

0101000
+266 0 -271 0 *
Wi

0101100
+269 0 +267 0 +265 0 +264 0 *
Ve
1e-07
63.3115033550332 12.018040541473 0
0 0

0101101
*
Ve
1e-07
63.9115033550331 12.018040541473 0
0 0

0101101
*
Ed
 1e-07 1 1 0
1  1389 0 0 0.59999999999998
0

0101000
+262 0 -261 0 *
Ve
1e-07
63.9115033550331 12.618040541473 0
0 0

0101101
*
Ed
 1e-07 1 1 0
1  1390 0 0 0.599999999999989
0

0101000
+261 0 -259 0 *
Ve
1e-07
63.3115033550332 12.618040541473 0
0 0

0101101
*
Ed
 1e-07 1 1 0
1  1391 0 0 0.59999999999998
0

0101000
+259 0 -257 0 *
Ed
 1e-07 1 1 0
1  1392 0 0 0.599999999999989
0

0101000
+257 0 -262 0 *
Wi

0101100
+260 0 +258 0 +256 0 +255 0 *
Ve
1e-07
63.0638611545857 9.64095940367138 0
0 0

0101101
*
Ve
1e-07
63.6638611545857 9.64095940367138 0
0 0

0101101
*
Ed
 1e-07 1 1 0
1  1393 0 0 0.59999999999998
0

0101000
+253 0 -252 0 *
Ve
1e-07
63.6638611545857 10.2409594036714 0
0 0

0101101
*
Ed
 1e-07 1 1 0
1  1394 0 0 0.599999999999994
0

0101000
+252 0 -250 0 *
Ve
1e-07
63.0638611545857 10.2409594036714 0
0 0

0101101
*
Ed
 1e-07 1 1 0
1  1395 0 0 0.59999999999998
0

0101000
+250 0 -248 0 *
Ed
 1e-07 1 1 0
1  1396 0 0 0.599999999999994
0

0101000
+248 0 -253 0 *
Wi

0101100
+251 0 +249 0 +247 0 +246 0 *
Ve
1e-07
63.0638611545857 15.2133065177217 0
0 0

0101101
*
Ve
1e-07
63.6638611545857 15.2133065177217 0
0 0

0101101
*
Ed
 1e-07 1 1 0
1  1397 0 0 0.59999999999998
0

0101000
+244 0 -243 0 *
Ve
1e-07
63.6638611545857 15.8133065177217 0
0 0

0101101
*
Ed
 1e-07 1 1 0
1  1398 0 0 0.599999999999989
0

0101000
+243 0 -241 0 *
Ve
1e-07
63.0638611545857 15.8133065177217 0
0 0

0101101
*
Ed
 1e-07 1 1 0
1  1399 0 0 0.59999999999998
0

0101000
+241 0 -239 0 *
Ed
 1e-07 1 1 0
1  1400 0 0 0.599999999999989
0

0101000
+239 0 -244 0 *
Wi

0101100
+242 0 +240 0 +238 0 +237 0 *
Ve
1e-07
63.0638611545857 20.6791191966018 0
0 0

0101101
*
Ve
1e-07
63.6638611545857 20.6791191966018 0
0 0

0101101
*
Ed
 1e-07 1 1 0
1  1401 0 0 0.600000000000016
0

0101000
+235 0 -234 0 *
Ve
1e-07
63.6638611545857 21.2791191966018 0
0 0

0101101
*
Ed
 1e-07 1 1 0
1  1402 0 0 0.599999999999998
0

0101000
+234 0 -232 0 *
Ve
1e-07
63.0638611545857 21.2791191966018 0
0 0

0101101
*
Ed
 1e-07 1 1 0
1  1403 0 0 0.600000000000016
0

0101000
+232 0 -230 0 *
Ed
 1e-07 1 1 0
1  1404 0 0 0.599999999999998
0

0101000
+230 0 -235 0 *
Wi

0101100
+233 0 +231 0 +229 0 +228 0 *
Ve
1e-07
61.2411822178822 27.8865743892941 0
0 0

0101101
*
Ve
1e-07
61.8411822178822 27.8865743892941 0
0 0

0101101
*
Ed
 1e-07 1 1 0
1  1405 0 0 0.600000000000001
0

0101000
+226 0 -225 0 *
Ve
1e-07
61.8411822178822 28.4865743892941 0
0 0

0101101
*
Ed
 1e-07 1 1 0
1  1406 0 0 0.599999999999998
0

0101000
+225 0 -223 0 *
Ve
1e-07
61.2411822178822 28.4865743892941 0
0 0

0101101
*
Ed
 1e-07 1 1 0
1  1407 0 0 0.600000000000001
0

0101000
+223 0 -221 0 *
Ed
 1e-07 1 1 0
1  1408 0 0 0.599999999999998
0

0101000
+221 0 -226 0 *
Wi

0101100
+224 0 +222 0 +220 0 +219 0 *
Ve
1e-07
60.4775997410749 27.8821763220657 0
0 0

0101101
*
Ve
1e-07
61.0775997410749 27.8821763220657 0
0 0

0101101
*
Ed
 1e-07 1 1 0
1  1409 0 0 0.600000000000001
0

0101000
+217 0 -216 0 *
Ve
1e-07
61.0775997410749 28.4821763220657 0
0 0

0101101
*
Ed
 1e-07 1 1 0
1  1410 0 0 0.600000000000019
0

0101000
+216 0 -214 0 *
Ve
1e-07
60.4775997410749 28.4821763220657 0
0 0

0101101
*
Ed
 1e-07 1 1 0
1  1411 0 0 0.600000000000001
0

0101000
+214 0 -212 0 *
Ed
 1e-07 1 1 0
1  1412 0 0 0.600000000000019
0

0101000
+212 0 -217 0 *
Wi

0101100
+215 0 +213 0 +211 0 +210 0 *
Ve
1e-07
63.3062670462964 26.995264107867 0
0 0

0101101
*
Ve
1e-07
63.9062670462964 26.995264107867 0
0 0

0101101
*
Ed
 1e-07 1 1 0
1  1413 0 0 0.600000000000001
0

0101000
+208 0 -207 0 *
Ve
1e-07
63.9062670462964 27.5952641078669 0
0 0

0101101
*
Ed
 1e-07 1 1 0
1  1414 0 0 0.59999999999998
0

0101000
+207 0 -205 0 *
Ve
1e-07
63.3062670462964 27.5952641078669 0
0 0

0101101
*
Ed
 1e-07 1 1 0
1  1415 0 0 0.600000000000001
0

0101000
+205 0 -203 0 *
Ed
 1e-07 1 1 0
1  1416 0 0 0.59999999999998
0

0101000
+203 0 -208 0 *
Wi

0101100
+206 0 +204 0 +202 0 +201 0 *
Ve
1e-07
61.2392587993709 23.8488702244629 0
0 0

0101101
*
Ve
1e-07
61.8392587993709 23.8488702244629 0
0 0

0101101
*
Ed
 1e-07 1 1 0
1  1417 0 0 0.599999999999994
0

0101000
+199 0 -198 0 *
Ve
1e-07
61.8392587993709 24.4488702244629 0
0 0

0101101
*
Ed
 1e-07 1 1 0
1  1418 0 0 0.599999999999991
0

0101000
+198 0 -196 0 *
Ve
1e-07
61.2392587993709 24.4488702244629 0
0 0

0101101
*
Ed
 1e-07 1 1 0
1  1419 0 0 0.599999999999994
0

0101000
+196 0 -194 0 *
Ed
 1e-07 1 1 0
1  1420 0 0 0.599999999999991
0

0101000
+194 0 -199 0 *
Wi

0101100
+197 0 +195 0 +193 0 +192 0 *
Ve
1e-07
60.4756763225637 23.8444721572344 0
0 0

0101101
*
Ve
1e-07
61.0756763225637 23.8444721572344 0
0 0

0101101
*
Ed
 1e-07 1 1 0
1  1421 0 0 0.600000000000001
0

0101000
+190 0 -189 0 *
Ve
1e-07
61.0756763225637 24.4444721572345 0
0 0

0101101
*
Ed
 1e-07 1 1 0
1  1422 0 0 0.600000000000012
0

0101000
+189 0 -187 0 *
Ve
1e-07
60.4756763225637 24.4444721572345 0
0 0

0101101
*
Ed
 1e-07 1 1 0
1  1423 0 0 0.600000000000001
0

0101000
+187 0 -185 0 *
Ed
 1e-07 1 1 0
1  1424 0 0 0.600000000000012
0

0101000
+185 0 -190 0 *
Wi

0101100
+188 0 +186 0 +184 0 +183 0 *
Ve
1e-07
63.3043436277852 22.9575599430357 0
0 0

0101101
*
Ve
1e-07
63.9043436277852 22.9575599430357 0
0 0

0101101
*
Ed
 1e-07 1 1 0
1  1425 0 0 0.600000000000001
0

0101000
+181 0 -180 0 *
Ve
1e-07
63.9043436277852 23.5575599430357 0
0 0

0101101
*
Ed
 1e-07 1 1 0
1  1426 0 0 0.599999999999991
0

0101000
+180 0 -178 0 *
Ve
1e-07
63.3043436277852 23.5575599430357 0
0 0

0101101
*
Ed
 1e-07 1 1 0
1  1427 0 0 0.600000000000001
0

0101000
+178 0 -176 0 *
Ed
 1e-07 1 1 0
1  1428 0 0 0.599999999999991
0

0101000
+176 0 -181 0 *
Wi

0101100
+179 0 +177 0 +175 0 +174 0 *
Ve
1e-07
61.2350473904466 18.3667195947007 0
0 0

0101101
*
Ve
1e-07
61.8350473904466 18.3667195947007 0
0 0

0101101
*
Ed
 1e-07 1 1 0
1  1429 0 0 0.59999999999998
0

0101000
+172 0 -171 0 *
Ve
1e-07
61.8350473904466 18.9667195947006 0
0 0

0101101
*
Ed
 1e-07 1 1 0
1  1430 0 0 0.599999999999987
0

0101000
+171 0 -169 0 *
Ve
1e-07
61.2350473904466 18.9667195947006 0
0 0

0101101
*
Ed
 1e-07 1 1 0
1  1431 0 0 0.59999999999998
0

0101000
+169 0 -167 0 *
Ed
 1e-07 1 1 0
1  1432 0 0 0.599999999999987
0

0101000
+167 0 -172 0 *
Wi

0101100
+170 0 +168 0 +166 0 +165 0 *
Ve
1e-07
60.4714649136393 18.3623215274722 0
0 0

0101101
*
Ve
1e-07
61.0714649136393 18.3623215274722 0
0 0

0101101
*
Ed
 1e-07 1 1 0
1  1433 0 0 0.599999999999987
0

0101000
+163 0 -162 0 *
Ve
1e-07
61.0714649136393 18.9623215274722 0
0 0

0101101
*
Ed
 1e-07 1 1 0
1  1434 0 0 0.600000000000001
0

0101000
+162 0 -160 0 *
Ve
1e-07
60.4714649136393 18.9623215274722 0
0 0

0101101
*
Ed
 1e-07 1 1 0
1  1435 0 0 0.599999999999987
0

0101000
+160 0 -158 0 *
Ed
 1e-07 1 1 0
1  1436 0 0 0.600000000000001
0

0101000
+158 0 -163 0 *
Wi

0101100
+161 0 +159 0 +157 0 +156 0 *
Ve
1e-07
47.4671666666667 17.5847115536924 0
0 0

0101101
*
Ve
1e-07
48.0671666666667 17.5847115536924 0
0 0

0101101
*
Ed
 1e-07 1 1 0
1  1437 0 0 0.600000000000023
0

0101000
+154 0 -153 0 *
Ve
1e-07
48.0671666666667 18.1847115536924 0
0 0

0101101
*
Ed
 1e-07 1 1 0
1  1438 0 0 0.600000000000009
0

0101000
+153 0 -151 0 *
Ve
1e-07
47.4671666666667 18.1847115536924 0
0 0

0101101
*
Ed
 1e-07 1 1 0
1  1439 0 0 0.600000000000023
0

0101000
+151 0 -149 0 *
Ed
 1e-07 1 1 0
1  1440 0 0 0.600000000000009
0

0101000
+149 0 -154 0 *
Wi

0101100
+152 0 +150 0 +148 0 +147 0 *
Ve
1e-07
47.4671666666667 16.7939136115602 0
0 0

0101101
*
Ve
1e-07
48.0671666666666 16.7939136115602 0
0 0

0101101
*
Ed
 1e-07 1 1 0
1  1441 0 0 0.59999999999998
0

0101000
+145 0 -144 0 *
Ve
1e-07
48.0671666666666 17.3939136115602 0
0 0

0101101
*
Ed
 1e-07 1 1 0
1  1442 0 0 0.600000000000009
0

0101000
+144 0 -142 0 *
Ve
1e-07
47.4671666666667 17.3939136115602 0
0 0

0101101
*
Ed
 1e-07 1 1 0
1  1443 0 0 0.59999999999998
0

0101000
+142 0 -140 0 *
Ed
 1e-07 1 1 0
1  1444 0 0 0.600000000000009
0

0101000
+140 0 -145 0 *
Wi

0101100
+143 0 +141 0 +139 0 +138 0 *
Ve
1e-07
47.4671666666667 16.0031156694281 0
0 0

0101101
*
Ve
1e-07
48.0671666666666 16.0031156694281 0
0 0

0101101
*
Ed
 1e-07 1 1 0
1  1445 0 0 0.59999999999998
0

0101000
+136 0 -135 0 *
Ve
1e-07
48.0671666666666 16.6031156694281 0
0 0

0101101
*
Ed
 1e-07 1 1 0
1  1446 0 0 0.600000000000001
0

0101000
+135 0 -133 0 *
Ve
1e-07
47.4671666666667 16.6031156694281 0
0 0

0101101
*
Ed
 1e-07 1 1 0
1  1447 0 0 0.59999999999998
0

0101000
+133 0 -131 0 *
Ed
 1e-07 1 1 0
1  1448 0 0 0.600000000000001
0

0101000
+131 0 -136 0 *
Wi

0101100
+134 0 +132 0 +130 0 +129 0 *
Ve
1e-07
47.4671666666667 15.212317727296 0
0 0

0101101
*
Ve
1e-07
48.0671666666666 15.212317727296 0
0 0

0101101
*
Ed
 1e-07 1 1 0
1  1449 0 0 0.59999999999998
0

0101000
+127 0 -126 0 *
Ve
1e-07
48.0671666666666 15.812317727296 0
0 0

0101101
*
Ed
 1e-07 1 1 0
1  1450 0 0 0.599999999999989
0

0101000
+126 0 -124 0 *
Ve
1e-07
47.4671666666667 15.812317727296 0
0 0

0101101
*
Ed
 1e-07 1 1 0
1  1451 0 0 0.59999999999998
0

0101000
+124 0 -122 0 *
Ed
 1e-07 1 1 0
1  1452 0 0 0.599999999999989
0

0101000
+122 0 -127 0 *
Wi

0101100
+125 0 +123 0 +121 0 +120 0 *
Ve
1e-07
45.6185144281742 15.212317727296 0
0 0

0101101
*
Ve
1e-07
46.2185144281742 15.212317727296 0
0 0

0101101
*
Ed
 1e-07 1 1 0
1  1453 0 0 0.600000000000023
0

0101000
+118 0 -117 0 *
Ve
1e-07
46.2185144281742 15.812317727296 0
0 0

0101101
*
Ed
 1e-07 1 1 0
1  1454 0 0 0.600000000000009
0

0101000
+117 0 -115 0 *
Ve
1e-07
45.6185144281742 15.812317727296 0
0 0

0101101
*
Ed
 1e-07 1 1 0
1  1455 0 0 0.600000000000023
0

0101000
+115 0 -113 0 *
Ed
 1e-07 1 1 0
1  1456 0 0 0.600000000000009
0

0101000
+113 0 -118 0 *
Wi

0101100
+116 0 +114 0 +112 0 +111 0 *
Ve
1e-07
45.6185144281742 16.0031156694281 0
0 0

0101101
*
Ve
1e-07
46.2185144281742 16.0031156694281 0
0 0

0101101
*
Ed
 1e-07 1 1 0
1  1457 0 0 0.599999999999973
0

0101000
+109 0 -108 0 *
Ve
1e-07
46.2185144281742 16.6031156694281 0
0 0

0101101
*
Ed
 1e-07 1 1 0
1  1458 0 0 0.599999999999991
0

0101000
+108 0 -106 0 *
Ve
1e-07
45.6185144281742 16.6031156694281 0
0 0

0101101
*
Ed
 1e-07 1 1 0
1  1459 0 0 0.599999999999973
0

0101000
+106 0 -104 0 *
Ed
 1e-07 1 1 0
1  1460 0 0 0.599999999999991
0

0101000
+104 0 -109 0 *
Wi

0101100
+107 0 +105 0 +103 0 +102 0 *
Ve
1e-07
45.6185144281742 16.7939136115602 0
0 0

0101101
*
Ve
1e-07
46.2185144281742 16.7939136115602 0
0 0

0101101
*
Ed
 1e-07 1 1 0
1  1461 0 0 0.599999999999987
0

0101000
+100 0 -99 0 *
Ve
1e-07
46.2185144281742 17.3939136115602 0
0 0

0101101
*
Ed
 1e-07 1 1 0
1  1462 0 0 0.599999999999991
0

0101000
+99 0 -97 0 *
Ve
1e-07
45.6185144281742 17.3939136115602 0
0 0

0101101
*
Ed
 1e-07 1 1 0
1  1463 0 0 0.599999999999987
0

0101000
+97 0 -95 0 *
Ed
 1e-07 1 1 0
1  1464 0 0 0.599999999999991
0

0101000
+95 0 -100 0 *
Wi

0101100
+98 0 +96 0 +94 0 +93 0 *
Ve
1e-07
45.6185144281742 17.5847115536924 0
0 0

0101101
*
Ve
1e-07
46.2185144281742 17.5847115536924 0
0 0

0101101
*
Ed
 1e-07 1 1 0
1  1465 0 0 0.599999999999987
0

0101000
+91 0 -90 0 *
Ve
1e-07
46.2185144281742 18.1847115536924 0
0 0

0101101
*
Ed
 1e-07 1 1 0
1  1466 0 0 0.600000000000009
0

0101000
+90 0 -88 0 *
Ve
1e-07
45.6185144281742 18.1847115536924 0
0 0

0101101
*
Ed
 1e-07 1 1 0
1  1467 0 0 0.599999999999987
0

0101000
+88 0 -86 0 *
Ed
 1e-07 1 1 0
1  1468 0 0 0.600000000000009
0

0101000
+86 0 -91 0 *
Wi

0101100
+89 0 +87 0 +85 0 +84 0 *
Ve
1e-07
42.8316666666666 17.5847115536924 0
0 0

0101101
*
Ve
1e-07
43.4316666666667 17.5847115536924 0
0 0

0101101
*
Ed
 1e-07 1 1 0
1  1469 0 0 0.600000000000009
0

0101000
+82 0 -81 0 *
Ve
1e-07
43.4316666666667 18.1847115536924 0
0 0

0101101
*
Ed
 1e-07 1 1 0
1  1470 0 0 0.600000000000009
0

0101000
+81 0 -79 0 *
Ve
1e-07
42.8316666666666 18.1847115536924 0
0 0

0101101
*
Ed
 1e-07 1 1 0
1  1471 0 0 0.600000000000009
0

0101000
+79 0 -77 0 *
Ed
 1e-07 1 1 0
1  1472 0 0 0.600000000000009
0

0101000
+77 0 -82 0 *
Wi

0101100
+80 0 +78 0 +76 0 +75 0 *
Ve
1e-07
42.8316666666667 16.7939136115602 0
0 0

0101101
*
Ve
1e-07
43.4316666666667 16.7939136115602 0
0 0

0101101
*
Ed
 1e-07 1 1 0
1  1473 0 0 0.599999999999994
0

0101000
+73 0 -72 0 *
Ve
1e-07
43.4316666666667 17.3939136115602 0
0 0

0101101
*
Ed
 1e-07 1 1 0
1  1474 0 0 0.600000000000009
0

0101000
+72 0 -70 0 *
Ve
1e-07
42.8316666666667 17.3939136115602 0
0 0

0101101
*
Ed
 1e-07 1 1 0
1  1475 0 0 0.599999999999994
0

0101000
+70 0 -68 0 *
Ed
 1e-07 1 1 0
1  1476 0 0 0.600000000000009
0

0101000
+68 0 -73 0 *
Wi

0101100
+71 0 +69 0 +67 0 +66 0 *
Ve
1e-07
42.8316666666666 16.0031156694281 0
0 0

0101101
*
Ve
1e-07
43.4316666666667 16.0031156694281 0
0 0

0101101
*
Ed
 1e-07 1 1 0
1  1477 0 0 0.600000000000009
0

0101000
+64 0 -63 0 *
Ve
1e-07
43.4316666666667 16.6031156694281 0
0 0

0101101
*
Ed
 1e-07 1 1 0
1  1478 0 0 0.600000000000001
0

0101000
+63 0 -61 0 *
Ve
1e-07
42.8316666666666 16.6031156694281 0
0 0

0101101
*
Ed
 1e-07 1 1 0
1  1479 0 0 0.600000000000009
0

0101000
+61 0 -59 0 *
Ed
 1e-07 1 1 0
1  1480 0 0 0.600000000000001
0

0101000
+59 0 -64 0 *
Wi

0101100
+62 0 +60 0 +58 0 +57 0 *
Ve
1e-07
42.8316666666667 15.212317727296 0
0 0

0101101
*
Ve
1e-07
43.4316666666667 15.212317727296 0
0 0

0101101
*
Ed
 1e-07 1 1 0
1  1481 0 0 0.599999999999994
0

0101000
+55 0 -54 0 *
Ve
1e-07
43.4316666666667 15.812317727296 0
0 0

0101101
*
Ed
 1e-07 1 1 0
1  1482 0 0 0.599999999999989
0

0101000
+54 0 -52 0 *
Ve
1e-07
42.8316666666667 15.812317727296 0
0 0

0101101
*
Ed
 1e-07 1 1 0
1  1483 0 0 0.599999999999994
0

0101000
+52 0 -50 0 *
Ed
 1e-07 1 1 0
1  1484 0 0 0.599999999999989
0

0101000
+50 0 -55 0 *
Wi

0101100
+53 0 +51 0 +49 0 +48 0 *
Ve
1e-07
40.9830144281742 15.212317727296 0
0 0

0101101
*
Ve
1e-07
41.5830144281742 15.212317727296 0
0 0

0101101
*
Ed
 1e-07 1 1 0
1  1485 0 0 0.600000000000023
0

0101000
+46 0 -45 0 *
Ve
1e-07
41.5830144281742 15.812317727296 0
0 0

0101101
*
Ed
 1e-07 1 1 0
1  1486 0 0 0.600000000000009
0

0101000
+45 0 -43 0 *
Ve
1e-07
40.9830144281742 15.812317727296 0
0 0

0101101
*
Ed
 1e-07 1 1 0
1  1487 0 0 0.600000000000023
0

0101000
+43 0 -41 0 *
Ed
 1e-07 1 1 0
1  1488 0 0 0.600000000000009
0

0101000
+41 0 -46 0 *
Wi

0101100
+44 0 +42 0 +40 0 +39 0 *
Ve
1e-07
40.9830144281742 16.0031156694281 0
0 0

0101101
*
Ve
1e-07
41.5830144281742 16.0031156694281 0
0 0

0101101
*
Ed
 1e-07 1 1 0
1  1489 0 0 0.599999999999987
0

0101000
+37 0 -36 0 *
Ve
1e-07
41.5830144281742 16.6031156694281 0
0 0

0101101
*
Ed
 1e-07 1 1 0
1  1490 0 0 0.599999999999991
0

0101000
+36 0 -34 0 *
Ve
1e-07
40.9830144281742 16.6031156694281 0
0 0

0101101
*
Ed
 1e-07 1 1 0
1  1491 0 0 0.599999999999987
0

0101000
+34 0 -32 0 *
Ed
 1e-07 1 1 0
1  1492 0 0 0.599999999999991
0

0101000
+32 0 -37 0 *
Wi

0101100
+35 0 +33 0 +31 0 +30 0 *
Ve
1e-07
40.9830144281742 16.7939136115602 0
0 0

0101101
*
Ve
1e-07
41.5830144281742 16.7939136115602 0
0 0

0101101
*
Ed
 1e-07 1 1 0
1  1493 0 0 0.600000000000001
0

0101000
+28 0 -27 0 *
Ve
1e-07
41.5830144281742 17.3939136115602 0
0 0

0101101
*
Ed
 1e-07 1 1 0
1  1494 0 0 0.599999999999991
0

0101000
+27 0 -25 0 *
Ve
1e-07
40.9830144281742 17.3939136115602 0
0 0

0101101
*
Ed
 1e-07 1 1 0
1  1495 0 0 0.600000000000001
0

0101000
+25 0 -23 0 *
Ed
 1e-07 1 1 0
1  1496 0 0 0.599999999999991
0

0101000
+23 0 -28 0 *
Wi

0101100
+26 0 +24 0 +22 0 +21 0 *
Ve
1e-07
40.9830144281742 17.5847115536924 0
0 0

0101101
*
Ve
1e-07
41.5830144281742 17.5847115536924 0
0 0

0101101
*
Ed
 1e-07 1 1 0
1  1497 0 0 0.599999999999987
0

0101000
+19 0 -18 0 *
Ve
1e-07
41.5830144281742 18.1847115536924 0
0 0

0101101
*
Ed
 1e-07 1 1 0
1  1498 0 0 0.600000000000009
0

0101000
+18 0 -16 0 *
Ve
1e-07
40.9830144281742 18.1847115536924 0
0 0

0101101
*
Ed
 1e-07 1 1 0
1  1499 0 0 0.599999999999987
0

0101000
+16 0 -14 0 *
Ed
 1e-07 1 1 0
1  1500 0 0 0.600000000000009
0

0101000
+14 0 -19 0 *
Wi

0101100
+17 0 +15 0 +13 0 +12 0 *
Ve
1e-07
63.3001322188608 17.4754093132735 0
0 0

0101101
*
Ve
1e-07
63.9001322188608 17.4754093132735 0
0 0

0101101
*
Ed
 1e-07 1 1 0
1  1501 0 0 0.59999999999998
0

0101000
+10 0 -9 0 *
Ve
1e-07
63.9001322188608 18.0754093132735 0
0 0

0101101
*
Ed
 1e-07 1 1 0
1  1502 0 0 0.600000000000009
0

0101000
+9 0 -7 0 *
Ve
1e-07
63.3001322188608 18.0754093132735 0
0 0

0101101
*
Ed
 1e-07 1 1 0
1  1503 0 0 0.59999999999998
0

0101000
+7 0 -5 0 *
Ed
 1e-07 1 1 0
1  1504 0 0 0.600000000000009
0

0101000
+5 0 -10 0 *
Wi

0101100
+8 0 +6 0 +4 0 +3 0 *
Fa
0  1e-07 1 0

1111000
+2894 0 -2821 0 -2812 0 -2779 0 -2762 0 -2745 0 +2712 0 +2671 0 -2630 0 +2621 0 
+2612 0 +2603 0 +2594 0 +2585 0 +2576 0 +2567 0 +2558 0 +2549 0 +2540 0 +2531 0 
+2522 0 +2513 0 +2504 0 +2495 0 +2486 0 +2477 0 +2468 0 +2459 0 +2450 0 +2441 0 
+2432 0 +2423 0 +2414 0 +2405 0 +2396 0 +2387 0 +2378 0 +2369 0 +2360 0 +2351 0 
+2342 0 +2333 0 +2324 0 +2315 0 +2306 0 +2297 0 +2288 0 +2279 0 +2270 0 +2261 0 
+2252 0 +2243 0 -2234 0 -2225 0 +2216 0 -2207 0 +2198 0 -2189 0 +2180 0 +2171 0 
-2162 0 -2153 0 +2144 0 +2135 0 +2126 0 -2117 0 -2108 0 -2099 0 +2090 0 +2081 0 
+2072 0 -2063 0 -2054 0 -2045 0 +2036 0 +2027 0 +2018 0 -2009 0 -2000 0 -1991 0 
+1982 0 +1973 0 +1964 0 +1955 0 +1946 0 +1937 0 +1928 0 +1919 0 +1910 0 +1901 0 
+1892 0 +1883 0 +1874 0 +1865 0 +1856 0 +1847 0 +1838 0 +1829 0 +1820 0 +1811 0 
+1802 0 +1793 0 +1784 0 +1775 0 +1766 0 +1757 0 +1748 0 +1739 0 +1730 0 +1721 0 
+1712 0 +1703 0 +1694 0 +1685 0 +1676 0 +1667 0 +1658 0 +1649 0 +1640 0 +1631 0 
+1622 0 +1613 0 +1604 0 +1595 0 +1586 0 +1577 0 +1568 0 +1559 0 +1550 0 +1541 0 
+1532 0 +1523 0 +1514 0 +1505 0 +1496 0 +1487 0 +1478 0 +1469 0 +1460 0 +1451 0 
+1442 0 +1433 0 +1424 0 +1415 0 +1406 0 +1397 0 +1388 0 +1379 0 +1370 0 +1361 0 
+1352 0 +1343 0 +1334 0 +1325 0 +1316 0 +1307 0 +1298 0 +1289 0 +1280 0 +1271 0 
+1262 0 +1253 0 +1244 0 +1235 0 +1226 0 +1217 0 +1208 0 +1199 0 +1190 0 +1181 0 
+1172 0 +1163 0 +1154 0 +1145 0 +1136 0 +1127 0 +1118 0 +1109 0 +1100 0 +1091 0 
+1082 0 +1073 0 +1064 0 +1055 0 +1046 0 +1037 0 +1028 0 +1019 0 +1010 0 +1001 0 
+992 0 +983 0 +974 0 +965 0 +956 0 +947 0 +938 0 +929 0 +920 0 +911 0 
+902 0 +893 0 +884 0 +875 0 +866 0 +857 0 +848 0 +839 0 +830 0 +821 0 
+812 0 +803 0 +794 0 +785 0 +776 0 +767 0 +758 0 +749 0 +740 0 +731 0 
+722 0 +713 0 +704 0 +695 0 +686 0 +677 0 +668 0 +659 0 +650 0 +641 0 
+632 0 +623 0 -614 0 -605 0 -596 0 -587 0 +578 0 -569 0 +560 0 +551 0 
+542 0 -533 0 -524 0 -515 0 +506 0 +497 0 +488 0 +479 0 -470 0 -461 0 
-452 0 -443 0 +434 0 +425 0 +416 0 -407 0 -398 0 -389 0 +380 0 +371 0 
+362 0 -353 0 -344 0 -335 0 +326 0 +317 0 +308 0 -299 0 -290 0 -281 0 
+272 0 +263 0 +254 0 +245 0 +236 0 +227 0 +218 0 +209 0 +200 0 +191 0 
+182 0 +173 0 +164 0 +155 0 +146 0 +137 0 +128 0 +119 0 +110 0 +101 0 
+92 0 +83 0 +74 0 +65 0 +56 0 +47 0 +38 0 +29 0 +20 0 +11 0 
+2 0 *

+1 0 