
CASCADE Topology V3, (c) Open Cascade
Locations 0
Curve2ds 0
Curves 1475
1 8.9231401666427246 5.8397345479564038 0 0.99999999999986544 -5.1860837275841433e-07 0 
1 13.31160488177569 5.839732272061859 0 -3.0198753662829966e-13 -1 0 
1 13.31160488177566 5.7397345482916444 0 -1 0 0 
1 8.9231319784247489 5.7397345482916444 0 0 -1 0 
1 8.9231319784247489 0.0211666666666659 0 1 0 0 
1 14.681828108132089 0.0211666666666659 0 0 1 0 
1 14.681828108132089 5.7397345482916444 0 -1 0 0 
1 14.39977154844234 5.7397345482916444 0 0 1 0 
1 14.39977154844234 5.8397221452926757 0 0.99999999749067381 -7.0842447296931723e-05 0 
1 15.044830679348751 5.8396764477250764 0 -2.122851616380095e-13 -1 0 
1 15.044830679348729 5.7392630136992366 0 -1 0 0 
1 14.781828108132091 5.7392630136992366 0 3.4172081139456627e-15 -1 0 
1 14.78182810813211 0.0211666666666659 0 1 0 0 
1 20.160020909313719 0.0211666666666659 0 0 1 0 
1 20.160020909313719 5.7392630136992366 0 -1 0 0 
1 16.111830679348738 5.7392630136992366 0 0 1 0 
1 16.111830679348738 5.8396663209558923 0 0.99999999995496158 -9.4908802086155662e-06 0 
1 20.517741998793039 5.8396245049793478 0 0 -1 0 
1 20.517741998793039 5.7392630136992366 0 -1 0 0 
1 20.26002090931371 5.7392630136992366 0 -1.8639316985158162e-15 -1 0 
1 20.260020909313699 0.0211666666666659 0 1 0 0 
1 25.640643657750331 0.0211666666666659 0 0 1 0 
1 25.640643657750331 5.7392630136992366 0 -1 0 0 
1 21.584741998793049 5.7392630136992366 0 0 1 0 
1 21.584741998793049 5.8396143782101566 0 0.99999999995496158 -9.4908802084139774e-06 0 
1 25.990653318237349 5.839572562233613 0 0 -1 0 
1 25.990653318237349 5.7392630136992366 0 -1 0 0 
1 25.74064365775034 5.7392630136992366 0 -1.8639316985158162e-15 -1 0 
1 25.740643657750329 0.0211666666666659 0 1 0 0 
1 31.102905860966079 0.0211666666666659 0 0 1 0 
1 31.102905860966079 5.7392630136992366 0 -1 0 0 
1 27.05765331823736 5.7392630136992366 0 0 1 0 
1 27.05765331823736 5.8395624354644369 0 0.99999999995496169 -9.4908802072164524e-06 0 
1 31.500744741754001 5.8395202666159847 0 -1.0630793011306472e-13 -1 0 
1 31.500744741753991 5.7392630136992366 0 -1 0 0 
1 31.20290586096608 5.7392630136992366 0 0 -1 0 
1 31.20290586096608 0.0211666666666659 0 1 0 0 
1 36.59270888201317 0.0211666666666659 0 0 1 0 
1 36.59270888201317 5.7392630136992366 0 -1 0 0 
1 32.567744741753977 5.7392630136992366 0 0 1 0 
1 32.567744741753977 5.8395101398468006 0 0.99999999995496158 -9.4908802065822873e-06 0 
1 36.936475957125957 5.8394686767421788 0 0 -1 0 
1 36.936475957125957 5.7392630136992366 0 -1 0 0 
1 36.692708882013157 5.7392630136992366 0 -1.2426211323438774e-15 -1 0 
1 36.69270888201315 0.0211666666666659 0 1 0 0 
1 42.064151357839343 0.0211666666666659 0 0 1 0 
1 42.064151357839343 5.7392630136992366 0 -1 0 0 
1 38.003475957125978 5.7392630136992366 0 0 1 0 
1 38.003475957125978 5.8394585499729956 0 0.99999999995496147 -9.4908802110186258e-06 0 
1 42.439131359828117 5.8394164516989093 0 3.5472708174152858e-13 -1 0 
1 42.439131359828153 5.7392630136992366 0 -1 0 0 
1 42.164151357839337 5.7392630136992366 0 0 -1 0 
1 42.164151357839337 0.0211666666666659 0 1 0 0 
1 47.54477410627598 0.0211666666666659 0 0 1 0 
1 47.54477410627598 5.7392630136992366 0 -1 0 0 
1 43.506131359828117 5.7392630136992366 0 0 1 0 
1 43.506131359828117 5.8394063249297261 0 0.99999999995496158 -9.4908802080237612e-06 0 
1 47.90208050873531 5.8393646035029514 0 0 -1 0 
1 47.90208050873531 5.7392630136992366 0 -1 0 0 
1 47.644774106275968 5.7392630136992366 0 0 -1 0 
1 47.644774106275968 0.0211666666666659 0 1 0 0 
1 53.025396854712596 0.0211666666666659 0 0 1 0 
1 53.025396854712596 5.7392630136992366 0 -1 0 0 
1 48.969080508735331 5.7392630136992366 0 0 1 0 
1 48.969080508735331 5.8393544767337673 0 0.99999999995496169 -9.49088020893999e-06 0 
1 53.37714827421582 5.8393126402906503 0 0 -1 0 
1 53.37714827421582 5.7392630136992366 0 -1 0 0 
1 53.125396854712598 5.7392630136992366 0 0 -1 0 
1 53.125396854712598 0.0211666666666659 0 1 0 0 
1 58.506019603149241 0.0211666666666659 0 0 1 0 
1 58.506019603149241 5.7392630136992366 0 -1 0 0 
1 54.444148274215827 5.7392630136992366 0 0 1 0 
1 54.444148274215827 5.8393025135214671 0 0.99999999995496169 -9.4908802070772663e-06 0 
1 58.60601960314925 5.8392630136992452 0 0 -1 0 
1 58.60601960314925 0.0211666666666659 0 1 0 0 
1 66.793291541250525 0.0211666666666659 0 0 1 0 
1 66.793291541250525 7.8994674150702267 0 -1 0 0 
1 61.144429835154241 7.8994674150702267 0 0 1 0 
1 61.144429835154241 8.323547680045948 0 1 -7.1054273575998911e-14 0 
1 61.244429835154257 8.3235476800459409 0 0 -1 0 
1 61.244429835154257 8.0994674150702295 0 1 0 0 
1 66.793291541250525 8.0994674150702295 0 0 1 0 
1 66.793291541250525 13.57181452912055 0 -1 0 0 
1 61.244429835154257 13.57181452912055 0 0 -1 0 
1 61.244429835154257 9.3905476800459482 0 -1 0 0 
1 61.144429835154241 9.3905476800459482 0 0 1 0 
1 61.144429835154241 13.91282893853511 0 1 8.8817841969998639e-14 0 
1 61.244429835154257 13.912828938535119 0 0 -1 0 
1 61.244429835154257 13.67181452912056 0 1 -1.9207797204049823e-15 0 
1 66.793291541250525 13.67181452912055 0 0 1 0 
1 66.793291541250525 19.037627208000671 0 -1 0 0 
1 61.244429835154257 19.037627208000671 0 0 -1 0 
1 61.244429835154257 14.979828938535119 0 -1 0 0 
1 61.144429835154241 14.979828938535119 0 0 1 0 
1 61.144429835154241 19.34988255252447 0 1 0 0 
1 61.244429835154257 19.34988255252447 0 0 -1 0 
1 61.244429835154257 19.137627208000659 0 1 0 0 
1 66.793291541250525 19.137627208000659 0 0 1 0 
1 66.793291541250525 24.518286515573099 0 -1 0 0 
1 61.244429835154257 24.518286515573099 0 0 -1 0 
1 61.244429835154257 20.416882552524481 0 -1 0 0 
1 61.144429835154241 20.416882552524481 0 0 1 0 
1 61.144429835154241 24.843391991453949 0 1 0 0 
1 61.244429835154257 24.843391991453949 0 0 -1 0 
1 61.244429835154257 24.618286515573111 0 1 0 0 
1 66.793291541250525 24.618286515573111 0 0 1 0 
1 66.793291541250525 28.553264645507621 0 -1 0 0 
1 61.244429835154257 28.553264645507621 0 0 -1 0 
1 61.244429835154257 25.910391991453938 0 -1 0 0 
1 61.144429835154241 25.910391991453938 0 0 1 0 
1 61.144429835154241 28.553264645507621 0 -1 0 0 
1 50.389166768289748 28.553264645507621 0 0 -1 0 
1 50.389166768289748 22.411634748501619 0 -1 0 0 
1 48.950184780583577 22.411634748501619 0 2.176392399632924e-10 1 0 
1 48.950184780605341 22.511634748501631 0 1 0 0 
1 50.289166768289768 22.511634748501631 0 0 1 0 
1 50.289166768289768 28.553264645507621 0 -1 0 0 
1 47.646418655045217 28.553264645507621 0 0 -1 0 
1 47.646418655045217 22.511634748501631 0 1 0 0 
1 47.883184780605319 22.511634748501631 0 -1.8381740574113531e-10 -1 0 
1 47.883184780586937 22.41163474850163 0 -1 0 0 
1 46.224067493199257 22.41163474850163 0 4.2632564145605405e-13 1 0 
1 46.2240674931993 22.511634748501631 0 1 0 0 
1 47.54641865504523 22.511634748501631 0 0 1 0 
1 47.54641865504523 28.553264645507621 0 -1 0 0 
1 44.903670541800658 28.553264645507621 0 0 -1 0 
1 44.903670541800658 22.511634748501631 0 1 0 0 
1 45.157067493199293 22.511634748501631 0 -3.5527136788000718e-13 -1 0 
1 45.157067493199257 22.411634748501619 0 -1 6.361631986256237e-15 0 
1 43.481689058950387 22.41163474850163 0 0 1 0 
1 43.481689058950387 22.511634748501631 0 1 0 0 
1 44.80367054180067 22.511634748501631 0 0 1 0 
1 44.80367054180067 28.553264645507621 0 -1 0 0 
1 42.177922933390278 28.553264645507621 0 0 -1 0 
1 42.177922933390278 22.511634748501631 0 1 0 0 
1 42.414689058950387 22.511634748501631 0 3.5527136788000718e-13 -1 0 
1 42.414689058950422 22.411634748501619 0 -1 0 0 
1 40.779115612017392 22.411634748501619 0 -3.5527136788000718e-13 1 0 
1 40.779115612017357 22.511634748501631 0 1 0 0 
1 42.077922933390248 22.511634748501631 0 0 1 0 
1 42.077922933390248 28.553264645507621 0 -1 0 0 
1 39.452175324979891 28.553264645507621 0 0 -1 0 
1 39.452175324979891 22.511634748501631 0 1 0 0 
1 39.712115612017371 22.511634748501631 0 0 -1 0 
1 39.712115612017371 22.411634748501619 0 -1 0 0 
1 38.018860172240153 22.411634748501619 0 0 1 0 
1 38.018860172240153 22.511634748501631 0 1 0 0 
1 39.352175324979889 22.511634748501631 0 2.3521557853526219e-15 1 0 
1 39.352175324979903 28.553264645507621 0 -1 0 0 
1 36.715094046680051 28.553264645507621 0 0 -1 0 
1 36.715094046680051 22.511634748501631 0 1 0 0 
1 36.951860172240167 22.511634748501631 0 -7.1054273576001436e-14 -1 0 
1 36.95186017224016 22.411634748501619 0 -1 0 0 
1 35.279955139097993 22.411634748501619 0 1.4210854715200287e-13 1 0 
1 35.279955139098007 22.511634748501631 0 1 0 0 
1 36.615094046680049 22.511634748501631 0 0 1 0 
1 36.615094046680049 28.553264645507621 0 -1 0 0 
1 33.978012768380211 28.553264645507621 0 0 -1 0 
1 33.978012768380211 22.511634748501631 0 1 0 0 
1 34.212955139098007 22.511634748501631 0 0 -1 0 
1 34.212955139098007 22.411634748501619 0 -1 0 0 
1 32.550364450585242 22.411634748501619 0 -1.4210854715200287e-13 1 0 
1 32.550364450585228 22.511634748501631 0 1 0 0 
1 33.878012768380223 22.511634748501631 0 0 1 0 
1 33.878012768380223 28.553264645507621 0 -1 0 0 
1 31.246598325025111 28.553264645507621 0 0 -1 0 
1 31.246598325025111 22.511634748501631 0 1 0 0 
1 31.48336445058521 22.511634748501631 0 2.1316282072800431e-13 -1 0 
1 31.483364450585231 22.411634748501619 0 -1 0 0 
1 29.84102643477577 22.411634748501619 0 1.0658141036400215e-13 1 0 
1 29.841026434775781 22.511634748501631 0 1 0 0 
1 31.14659832502511 22.511634748501631 0 0 1 0 
1 31.14659832502511 28.553264645507621 0 -1 0 0 
1 28.515183881670001 28.553264645507621 0 0 -1 0 
1 28.515183881670001 22.511634748501631 0 1 0 0 
1 28.774026434775781 22.511634748501631 0 0 -1 0 
1 28.774026434775781 22.41163474850163 0 -1 0 0 
1 27.07017621594591 22.41163474850163 0 0 1 0 
1 27.07017621594591 22.511634748501631 0 1 0 0 
1 28.41518388167 22.511634748501631 0 0 1 0 
1 28.41518388167 28.553264645507621 0 -1 0 0 
1 25.76641009038579 28.553264645507621 0 0 -1 0 
1 25.76641009038579 22.511634748501631 0 1 0 0 
1 26.003176215945899 22.511634748501631 0 0 -1 0 
1 26.003176215945899 22.411634748501619 0 -1 0 0 
1 24.311750077557829 22.411634748501619 0 3.1974423109200646e-13 1 0 
1 24.311750077557861 22.511634748501631 0 1 0 0 
1 25.666410090385799 22.511634748501631 0 0 1 0 
1 25.666410090385799 28.553264645507621 0 -1 0 0 
1 23.017636299101571 28.553264645507621 0 0 -1 0 
1 23.017636299101571 22.511634748501631 0 1 0 0 
1 23.24475007755785 22.511634748501631 0 0 -1 0 
1 23.24475007755785 22.41163474850163 0 -1 -6.0382984818233508e-15 0 
1 21.479659950184232 22.411634748501619 0 0 1 0 
1 21.479659950184232 22.511634748501631 0 1 0 0 
1 22.917636299101559 22.511634748501631 0 0 1 0 
1 22.917636299101559 28.553264645507621 0 -1 0 0 
1 20.175893824624129 28.553264645507621 0 0 -1 0 
1 20.175893824624129 22.511634748501631 0 1 0 0 
1 20.412659950184231 22.511634748501631 0 -1.0658141036400215e-13 -1 0 
1 20.412659950184221 22.411634748501619 0 -1 0 0 
1 18.637917475706772 22.411634748501619 0 -1.0658141036400215e-13 1 0 
1 18.637917475706761 22.511634748501631 0 1 0 0 
1 20.075893824624099 22.511634748501631 0 0 1 0 
1 20.075893824624099 28.553264645507621 0 -1 0 0 
1 17.334151350146669 28.553264645507621 0 0 -1 0 
1 17.334151350146669 22.511634748501631 0 1 0 0 
1 17.570917475706779 22.511634748501631 0 -7.1054273576001436e-14 -1 0 
1 17.570917475706771 22.411634748501619 0 -1 0 0 
1 17.234151350146661 22.411634748501619 0 0 1 0 
1 17.234151350146661 28.553264645507621 0 -1 0 0 
1 14.71305030680819 28.553264645507621 0 0 -1 0 
1 14.71305030680819 26.974421558294459 0 -1 1.9550583374439226e-10 0 
1 14.613050306808191 26.97442155831401 0 0 1 0 
1 14.613050306808191 28.553264645507621 0 -1 0 0 
1 8.9249999999999972 28.553264645507621 0 -8.3260289329491002e-05 -0.99999999653386218 0 
1 8.9247526490869831 25.58244969700463 0 1 0 0 
1 14.613050306808191 25.58244969700463 0 0 1 0 
1 14.613050306808191 25.90742155831402 0 1 -1.6871837260623638e-10 0 
1 14.71305030680819 25.907421558297148 0 0 -1 0 
1 14.71305030680819 23.90360660981101 0 -1 0 0 
1 14.613050306808191 23.90360660981101 0 0 1 0 
1 14.613050306808191 25.482449697004618 0 -1 2.9467607682267227e-11 0 
1 8.9247506020325034 25.482449697172239 0 -8.257123447150835e-05 -0.99999999659099548 0 
1 8.924505298173969 22.511634748501631 0 1 0 0 
1 14.613050306808191 22.511634748501631 0 0 1 0 
1 14.613050306808191 22.836606609811021 0 1 0 0 
1 14.71305030680819 22.836606609811021 0 0 -1 0 
1 14.71305030680819 21.156837691357691 0 -1 -2.1316282072803081e-13 0 
1 14.613050306808191 21.156837691357669 0 0 1 0 
1 14.613050306808191 22.41163474850163 0 -1 0 0 
1 8.9247526490869831 22.41163474850163 0 -0.00013170280100315116 -0.99999999132718609 0 
1 8.9244040622037915 19.76486583004829 0 1 0 0 
1 14.613050306808191 19.76486583004829 0 0 1 0 
1 14.613050306808191 20.08983769135768 0 1 0 0 
1 14.71305030680819 20.08983769135768 0 0 -1 0 
1 14.71305030680819 18.418110383321459 0 -1 0 0 
1 14.613050306808191 18.418110383321459 0 0 1 0 
1 14.613050306808191 19.664865830048281 0 -1 7.3428106235790746e-11 0 
1 8.9244008306803551 19.664865830465988 0 -0.00013048186955535082 -0.99999999148724084 0 
1 8.9240554753205998 17.018096911594931 0 1 0 0 
1 14.613050306808191 17.018096911594931 0 0 1 0 
1 14.613050306808191 17.351110383321451 0 1 0 0 
1 14.71305030680819 17.351110383321451 0 0 -1 0 
1 14.71305030680819 15.68352780760169 0 -1 -1.9539925233402826e-13 0 
1 14.613050306808191 15.683527807601671 0 0 1 0 
1 14.613050306808191 16.91809691159494 0 -1 0 0 
1 8.9245277376602985 16.91809691159494 0 -0.00017490162410825592 -0.99999998470471096 0 
1 8.9240683513726538 14.291555946292281 0 1 0 0 
1 14.613050306808191 14.291555946292281 0 0 1 0 
1 14.613050306808191 14.616527807601679 0 1 0 0 
1 14.71305030680819 14.616527807601679 0 0 -1 0 
1 14.71305030680819 12.821176375996 0 -1 -1.9539925233402826e-13 0 
1 14.613050306808191 12.82117637599598 0 0 1 0 
1 14.613050306808191 14.191555946292279 0 -1 1.2945360564490465e-10 0 
1 8.9240640605148087 14.191555947028739 0 -0.00017326797062152608 -0.99999998498910503 0 
1 8.9236089650850374 11.56501498098962 0 1 0 0 
1 14.613050306808191 11.56501498098962 0 0 1 0 
1 14.613050306808191 11.754176375995989 0 1 0 0 
1 14.71305030680819 11.754176375995989 0 0 -1 0 
1 14.71305030680819 11.465014980989629 0 -1 0 0 
1 8.9243044825425102 11.465014980989629 0 -0.00020697916996431865 -0.99999997857981138 0 
1 46.670269804463643 17.765298014781731 0 1 0 0 
1 51.529844139892973 17.765298014781731 0 0 1 0 
1 51.529844139892973 17.996254908551091 0 1 0 0 
1 51.62984413989296 17.996254908551091 0 0 -1 0 
1 51.62984413989296 14.19653943481938 0 -1 0 0 
1 48.147242206715191 14.19653943481938 0 0 1 0 
1 48.147242206715191 14.296539434819371 0 1 0 0 
1 51.529844139892973 14.296539434819371 0 0 1 0 
1 51.529844139892973 17.66529801478173 0 -1 0 0 
1 46.670269804463643 17.66529801478173 0 -0.0010784409712966156 -0.99999941848236673 0 
1 46.666636795060498 14.296539420494851 0 0.99999999999999933 3.46332998384488e-08 0 
1 47.080242206715177 14.296539434819371 0 0 -1 0 
1 47.080242206715177 14.19653943481938 0 -1 0 0 
1 46.218686987487033 14.19653943481938 0 0 1 0 
1 46.218686987487033 14.296539434819371 0 1 0 0 
1 46.566663500210041 14.296539434819371 0 0.0010704966840109696 0.9999994270182605 0 
1 46.573038309434281 20.251537396799051 0 -0.99999999969586939 -2.4662948848339958e-05 0 
1 46.218686987487033 20.251528657450521 0 0 1 0 
1 46.218686987487033 20.351430347130648 0 1 0 0 
1 51.62984413989296 20.351430347130648 0 0 -1 0 
1 51.62984413989296 19.06325490855108 0 -1 0 0 
1 51.529844139892973 19.06325490855108 0 0 1 0 
1 51.529844139892973 20.25143034713064 0 -1 0 0 
1 46.673038252136116 20.25143034713064 0 -0.0011135553486051207 -0.99999937999705057 0 
1 45.151686987487011 20.351430347130648 0 0 -1 0 
1 45.151686987487011 20.25150234208407 0 -0.99999999969586939 -2.466294885503138e-05 0 
1 42.232532679082482 20.25143034713064 0 0 -1 0 
1 42.232532679082482 14.296539434819371 0 1 0 0 
1 45.151686987487011 14.296539434819371 0 0 -1 0 
1 45.151686987487011 14.19653943481938 0 -1 0 0 
1 42.132532679082459 14.19653943481938 0 0 1 0 
1 42.132532679082459 20.351430347130648 0 1 0 0 
1 29.583395871983299 7.8994674150702124 0 0 1 0 
1 29.583395871983299 7.999467415070221 0 1 0 0 
1 34.754936523879763 7.999467415070221 0 0 -1 0 
1 34.754936523879763 7.8994674150702124 0 -1 0 0 
1 41.659865857969592 7.8994674150702124 0 0 1 0 
1 41.659865857969592 8.0994674150702295 0 1 0 0 
1 42.032532679082458 8.0994674150702295 0 0 1 0 
1 42.032532679082458 11.374366750178201 0 -1 0 0 
1 39.495133567010903 11.374366750178201 0 0 -1 0 
1 39.495133567010903 8.0994674150702295 0 1 0 0 
1 39.849865857969597 8.0994674150702295 0 -7.105427357600396e-14 -1 0 
1 39.849865857969583 7.8994674150702124 0 -1 0 0 
1 36.564936523879737 7.8994674150702124 0 3.552713678800198e-13 1 0 
1 36.564936523879773 7.999467415070221 0 1 0 0 
1 39.295133567010893 7.999467415070221 0 0 1 0 
1 39.295133567010893 11.4743667501782 0 -1 6.4990748865288028e-16 0 
1 25.628905139006012 11.474366750178209 0 0 -1 0 
1 25.628905139006012 11.40522936877475 0 0 -1 0 
1 25.628905139006012 7.999467415070221 0 1 0 0 
1 27.773395871983301 7.999467415070221 0 2.8421709430401584e-13 -1 0 
1 27.773395871983329 7.8994674150702124 0 -1 0 0 
1 25.52890513900601 7.8994674150702124 0 0 1 0 
1 25.52890513900601 20.351430347130648 0 1 0 0 
1 29.265591902460201 20.351430347130648 0 1.7763568394004777e-13 -1 0 
1 29.265591902460219 20.251430347130661 0 -1 0 0 
1 25.628905139006012 20.251430347130661 0 0 -1 0 
1 25.628905139006012 11.574366750178211 0 1 0 0 
1 33.842938369026541 11.574366750178211 0 0 1 0 
1 33.842938369026541 20.251430347130661 0 -1 0 0 
1 30.332591902460191 20.251430347130661 0 0 1 0 
1 30.332591902460191 20.351430347130648 0 1 0 0 
1 34.204003993918803 20.351430347130648 0 0 -1 0 
1 34.204003993918803 20.251430347130661 0 -1 0 0 
1 33.94293836902655 20.251430347130661 0 0 -1 0 
1 33.94293836902655 15.39203816909475 0 1 0 0 
1 39.295133567010893 15.39203816909475 0 0 1 0 
1 39.295133567010893 20.25143034713064 0 -1 5.2971162298891219e-15 0 
1 35.271003993918782 20.251430347130661 0 0 1 0 
1 35.271003993918782 20.351430347130648 0 1 0 0 
1 39.395133567010909 20.351430347130648 0 0 -1 0 
1 39.395133567010909 13.97837681401637 0 -1 0 0 
1 39.295133567010893 13.97837681401637 0 0 1 0 
1 39.295133567010893 15.292038169094759 0 -1 0 0 
1 33.94293836902655 15.292038169094759 0 0 -1 0 
1 33.94293836902655 11.574366750178211 0 1 0 0 
1 39.295133567010907 11.574366750178211 0 -1.0628831524578699e-14 1 0 
1 39.295133567010893 12.91137681401637 0 1 0 0 
1 39.395133567010909 12.91137681401637 0 0 -1 0 
1 39.395133567010909 11.574366750178211 0 1 0 0 
1 42.45255205576855 11.574366750178211 0 0 -1 0 
1 42.45255205576855 11.474366750178209 0 -1 0 0 
1 42.232532679082482 11.474366750178209 0 0 -1 0 
1 42.232532679082482 7.999467415070221 0 1 0 0 
1 46.56666355744693 7.999467415070221 0 0 1 0 
1 46.56666355744693 11.474366750178209 0 -1 0 0 
1 43.519552055768507 11.474366750178209 0 0 1 0 
1 43.519552055768507 11.574366750178211 0 1 0 0 
1 50.113800854175992 11.574366750178211 0 0 -1 0 
1 50.113800854175992 11.474366750178209 0 -1 0 0 
1 46.666663557446917 11.474366750178209 0 0 -1 0 
1 46.666663557446917 7.999467415070221 0 1 0 0 
1 51.529844139892937 7.999467415070221 0 0 1 0 
1 51.529844139892937 11.474366750178209 0 -1 0 0 
1 51.180800854175999 11.474366750178209 0 0 1 0 
1 51.180800854175999 11.574366750178211 0 1 0 0 
1 51.62984413989296 11.574366750178211 0 0 -1 0 
1 51.62984413989296 7.8994674150702124 0 -1 0 0 
1 54.017186646856899 14.236181717261809 0 0 1 0 
1 54.017186646856899 17.58293986843972 0 1 0 0 
1 58.371177498868008 17.58293986843972 0 0 -1 0 
1 58.371177498868008 8.0994674150702295 0 -1 -3.2638687581619538e-15 0 
1 54.017186646856899 8.0994674150702153 0 0 1 0 
1 54.017186646856899 13.16918171726182 0 -1 0 0 
1 53.817186646856896 13.16918171726182 0 0 -1 0 
1 53.817186646856896 7.8994674150702124 0 1 0 0 
1 58.571177498868011 7.8994674150702124 0 0 1 0 
1 58.571177498868011 20.351430347130648 0 -1 0 0 
1 53.817186646856896 20.351430347130648 0 0 -1 0 
1 53.817186646856896 19.063254908551091 0 1 -1.0658141036402109e-13 0 
1 53.917186646856891 19.06325490855108 0 0 1 0 
1 53.917186646856891 20.25143034713064 0 1 0 0 
1 58.471177498868023 20.25143034713064 0 0 -1 0 
1 58.471177498868023 17.782939868439719 0 -1 0 0 
1 53.917186646856891 17.782939868439719 0 0 1 0 
1 53.917186646856891 17.996254908551091 0 -1 0 0 
1 53.817186646856896 17.996254908551091 0 0 -1 0 
1 53.817186646856896 14.236181717261809 0 1 0 0 
1 21.788142202157768 14.236181717261809 0 0 1 0 
1 21.788142202157768 17.58293986843972 0 -1 0 0 
1 17.434151350146649 17.58293986843972 0 0 -1 0 
1 17.434151350146649 8.0994674150702295 0 1 -3.263868758161946e-15 0 
1 21.788142202157768 8.0994674150702153 0 0 1 0 
1 21.788142202157768 13.16918171726182 0 1 0 0 
1 21.988142202157761 13.16918171726182 0 0 -1 0 
1 21.988142202157761 7.8994674150702124 0 -1 0 0 
1 17.234151350146661 7.8994674150702124 0 0 1 0 
1 17.234151350146661 20.351430347130648 0 1 0 0 
1 21.988142202157761 20.351430347130648 0 0 -1 0 
1 21.988142202157761 19.063254908551091 0 -1 -1.0658141036402487e-13 0 
1 21.88814220215777 19.06325490855108 0 0 1 0 
1 21.88814220215777 20.25143034713064 0 -1 0 0 
1 17.334151350146659 20.25143034713064 0 0 -1 0 
1 17.334151350146659 17.782939868439719 0 1 0 0 
1 21.88814220215777 17.782939868439719 0 0 1 0 
1 21.88814220215777 17.996254908551091 0 1 0 0 
1 21.988142202157761 17.996254908551091 0 0 -1 0 
1 21.988142202157761 14.236181717261809 0 -1 0 0 
1 50.54200625032351 23.202561202235401 0 0 -1 0 
1 50.54200625032351 22.41163474850163 0 1 0 0 
1 58.724016980901737 22.41163474850163 0 0 1 0 
1 58.724016980901737 26.88258579812074 0 -1 0 0 
1 57.964523712578689 26.88258579812074 0 0 -1 0 
1 57.964523712578689 23.202561202235401 0 -1 0 0 
1 63.807401590751383 4.9278100308620409 0 1 0 0 
1 65.831208068393622 4.9278100308620409 0 0 1 0 
1 65.831208068393622 6.9137038599363549 0 -1 0 0 
1 63.807401590751383 6.9137038599363549 0 0 -1 0 
1 10.25453671648345 7.7300778408828714 0 1 0 0 
1 12.278343194125689 7.7300778408828714 0 0 1 0 
1 12.278343194125689 9.715971669957181 0 -1 0 0 
1 10.25453671648345 9.715971669957181 0 0 -1 0 
1 59.574068257418048 1.011976697528709 0 1 0 0 
1 61.597874735060287 1.011976697528709 0 0 1 0 
1 61.597874735060287 2.9978705266030228 0 -1 0 0 
1 59.574068257418048 2.9978705266030228 0 0 -1 0 
1 63.807401590751383 1.011976697528709 0 1 0 0 
1 65.831208068393622 1.011976697528709 0 0 1 0 
1 65.831208068393622 2.9978705266030228 0 -1 0 0 
1 63.807401590751383 2.9978705266030228 0 0 -1 0 
1 51.991419820514743 0.2309046715446712 0 1 0 0 
1 52.82525095776073 0.2309046715446712 0 0 1 0 
1 52.82525095776073 5.4308333333333474 0 -1 0 0 
1 51.991419820514743 5.4308333333333474 0 0 -1 0 
1 47.808997976058627 0.2309046715446712 0 1 0 0 
1 48.642829113304629 0.2309046715446712 0 0 1 0 
1 48.642829113304629 4.5961666666666829 0 -1 0 0 
1 47.808997976058627 4.5961666666666829 0 0 -1 0 
1 46.509253153848093 0.2309046715446712 0 1 0 0 
1 47.343084291094087 0.2309046715446712 0 0 1 0 
1 47.343084291094087 5.3891659516015409 0 -1 0 0 
1 46.509253153848093 5.3891659516015409 0 0 -1 0 
1 42.347997976058643 0.23090467154468541 0 1 0 0 
1 43.18182911330463 0.23090467154468541 0 0 1 0 
1 43.18182911330463 4.5961666666666758 0 -1 0 0 
1 42.347997976058643 4.5961666666666758 0 0 -1 0 
1 41.069419820514753 0.2309046715446712 0 1 0 0 
1 41.90325095776074 0.2309046715446712 0 0 1 0 
1 41.90325095776074 5.3891659516015409 0 -1 0 0 
1 41.069419820514753 5.3891659516015409 0 0 -1 0 
1 36.886997976058638 0.18991666666668999 0 1 0 0 
1 37.720829113304639 0.18991666666668999 0 0 1 0 
1 37.720829113304639 4.59616666666669 0 -1 0 0 
1 36.886997976058638 4.59616666666669 0 0 -1 0 
1 35.608419820514747 0.2309046715446712 0 1 0 0 
1 36.442250957760741 0.2309046715446712 0 0 1 0 
1 36.442250957760741 5.3891659516015409 0 -1 0 0 
1 35.608419820514747 5.3891659516015409 0 0 -1 0 
1 31.362497976058641 0.2309046715446712 0 1 0 0 
1 32.196329113304628 0.2309046715446712 0 0 1 0 
1 32.196329113304628 4.5961666666666554 0 -1 0 0 
1 31.362497976058641 4.5961666666666554 0 0 -1 0 
1 30.10508648718141 0.2309046715446641 0 1 0 0 
1 30.938917624427411 0.2309046715446641 0 0 1 0 
1 30.938917624427411 5.3891659516015409 0 -1 0 0 
1 30.10508648718141 5.3891659516015409 0 0 -1 0 
1 25.8591646427253 0.2309046715446712 0 1 0 0 
1 26.692995779971291 0.2309046715446712 0 0 1 0 
1 26.692995779971291 4.59616666666669 0 -1 0 0 
1 25.8591646427253 4.59616666666669 0 0 -1 0 
1 24.622919820514749 0.2309046715446712 0 1 0 0 
1 25.45675095776074 0.2309046715446712 0 0 1 0 
1 25.45675095776074 5.3891659516015551 0 -1 0 0 
1 24.622919820514749 5.3891659516015551 0 0 -1 0 
1 20.44049797605863 0.2309046715446712 0 1 0 0 
1 21.274329113304631 0.2309046715446712 0 0 1 0 
1 21.274329113304631 4.5961666666666554 0 -1 0 0 
1 20.44049797605863 4.5961666666666554 0 0 -1 0 
1 19.204253153848079 0.2309046715446712 0 1 0 0 
1 20.038084291094069 0.2309046715446712 0 0 1 0 
1 20.038084291094069 5.389165951601548 0 -1 0 0 
1 19.204253153848079 5.389165951601548 0 0 -1 0 
1 14.958331309391969 0.2309046715446712 0 1 0 0 
1 15.79216244663796 0.2309046715446712 0 0 1 0 
1 15.79216244663796 4.6737013512885142 0 -1 0 0 
1 14.958331309391969 4.6737013512885142 0 0 -1 0 
1 43.993970848903423 15.697925030710669 0 1 0 0 
1 45.05737691260412 15.697925030710669 0 0 1 0 
1 45.05737691260412 18.846166666666669 0 -1 0 0 
1 43.993970848903423 18.846166666666669 0 0 -1 0 
1 55.243970848903423 1.221166666666655 0 1 0 0 
1 56.307376912604127 1.221166666666655 0 0 1 0 
1 56.307376912604127 4.3694083026226522 0 -1 0 0 
1 55.243970848903423 4.3694083026226522 0 0 -1 0 
1 11.098482528425921 1.221166666666655 0 1 0 0 
1 12.16188859212663 1.221166666666655 0 0 1 0 
1 12.16188859212663 4.3694083026226522 0 -1 0 0 
1 11.098482528425921 4.3694083026226522 0 0 -1 0 
1 9.0989641482158756 11.807829675646969 0 1 0 0 
1 10.952361320577831 11.807829675646969 0 0 1 0 
1 10.952361320577831 12.64166081289296 0 -1 0 0 
1 9.0989641482158756 12.64166081289296 0 0 -1 0 
1 11.614233036862521 13.638386618873749 0 1 0 0 
1 14.453679072069271 13.638386618873749 0 0 1 0 
1 14.453679072069271 14.05530218749675 0 -1 0 0 
1 11.614233036862521 14.05530218749675 0 0 -1 0 
1 9.099423534503492 14.53437064094963 0 1 0 0 
1 10.95282070686544 14.53437064094963 0 0 1 0 
1 10.95282070686544 15.368201778195621 0 -1 0 0 
1 9.099423534503492 15.368201778195621 0 0 -1 0 
1 11.61469242315014 16.36492758417641 0 1 0 0 
1 14.454138458356891 16.36492758417641 0 0 1 0 
1 14.454138458356891 16.781843152799411 0 -1 0 0 
1 11.61469242315014 16.781843152799411 0 0 -1 0 
1 9.099410658451438 17.260911606252279 0 1 0 0 
1 10.95280783081339 17.260911606252279 0 0 1 0 
1 10.95280783081339 18.094742743498269 0 -1 0 0 
1 9.099410658451438 18.094742743498269 0 0 -1 0 
1 11.614679547098079 19.09146854947906 0 1 0 0 
1 14.45412558230483 19.09146854947906 0 0 1 0 
1 14.45412558230483 19.508384118102061 0 -1 0 0 
1 11.614679547098079 19.508384118102061 0 0 -1 0 
1 9.0997592453346297 20.007680524705631 0 1 0 0 
1 10.953156417696579 20.007680524705631 0 0 1 0 
1 10.953156417696579 20.841511661951628 0 -1 0 0 
1 9.0997592453346297 20.841511661951628 0 0 -1 0 
1 11.615028133981269 21.838237467932409 0 1 0 0 
1 14.454474169188019 21.838237467932409 0 0 1 0 
1 14.454474169188019 22.255153036555409 0 -1 0 0 
1 11.615028133981269 22.255153036555409 0 0 -1 0 
1 9.0998604813048072 22.754449443158968 0 1 0 0 
1 10.953257653666761 22.754449443158968 0 0 1 0 
1 10.953257653666761 23.58828058040497 0 -1 0 0 
1 9.0998604813048072 23.58828058040497 0 0 -1 0 
1 11.61512936995145 24.90250638638576 0 1 0 0 
1 14.4545754051582 24.90250638638576 0 0 1 0 
1 14.4545754051582 25.31942195500875 0 -1 0 0 
1 11.61512936995145 25.31942195500875 0 0 -1 0 
1 9.1001078322178213 25.825264391661971 0 1 0 0 
1 10.953505004579769 25.825264391661971 0 0 1 0 
1 10.953505004579769 26.659095528907969 0 -1 0 0 
1 9.1001078322178213 26.659095528907969 0 0 -1 0 
1 11.62455699347491 28.004671694085811 0 1 0 0 
1 14.46400302868166 28.004671694085811 0 0 1 0 
1 14.46400302868166 28.421587262708812 0 -1 0 0 
1 11.62455699347491 28.421587262708812 0 0 -1 0 
1 19.510266912908971 22.765842341490821 0 1 0 0 
1 19.92718248153195 22.765842341490821 0 0 1 0 
1 19.92718248153195 23.86631550679056 0 -1 0 0 
1 19.510266912908971 23.86631550679056 0 0 -1 0 
1 22.352009387386421 22.765842341490821 0 1 0 0 
1 22.76892495600941 22.765842341490821 0 0 1 0 
1 22.76892495600941 23.86631550679056 0 -1 0 0 
1 22.352009387386421 23.86631550679056 0 0 -1 0 
1 25.095356632529121 22.762322060525971 0 1 0 0 
1 25.512272201152111 22.762322060525971 0 0 1 0 
1 25.512272201152111 23.8627952258257 0 -1 0 0 
1 25.095356632529121 23.8627952258257 0 0 -1 0 
1 27.84413042381335 22.762322060525971 0 1 0 0 
1 28.26104599243633 22.762322060525971 0 0 1 0 
1 28.26104599243633 23.8627952258257 0 -1 0 0 
1 27.84413042381335 23.8627952258257 0 0 -1 0 
1 30.565346021709711 22.77058951854233 0 1 0 0 
1 30.982261590332691 22.77058951854233 0 0 1 0 
1 30.982261590332691 23.871062683842069 0 -1 0 0 
1 30.565346021709711 23.871062683842069 0 0 -1 0 
1 33.296760465064807 22.77058951854233 0 1 0 0 
1 33.713676033687797 22.77058951854233 0 0 1 0 
1 33.713676033687797 23.871062683842069 0 -1 0 0 
1 33.296760465064807 23.871062683842069 0 0 -1 0 
1 36.033841743364633 22.77058951854233 0 1 0 0 
1 36.450757311987623 22.77058951854233 0 0 1 0 
1 36.450757311987623 23.871062683842069 0 -1 0 0 
1 36.033841743364633 23.871062683842069 0 0 -1 0 
1 38.77092302166448 22.77058951854233 0 1 0 0 
1 39.187838590287463 22.77058951854233 0 0 1 0 
1 39.187838590287463 23.871062683842069 0 -1 0 0 
1 38.77092302166448 23.871062683842069 0 0 -1 0 
1 41.496670630074867 22.77058951854233 0 1 0 0 
1 41.91358619869785 22.77058951854233 0 0 1 0 
1 41.91358619869785 23.871062683842069 0 -1 0 0 
1 41.496670630074867 23.871062683842069 0 0 -1 0 
1 44.201251571818602 22.749422851875671 0 1 0 0 
1 44.618167140441571 22.749422851875671 0 0 1 0 
1 44.618167140441571 23.8498960171754 0 -1 0 0 
1 44.201251571818602 23.8498960171754 0 0 -1 0 
1 46.965166351729827 22.77058951854233 0 1 0 0 
1 47.382081920352817 22.77058951854233 0 0 1 0 
1 47.382081920352817 23.871062683842069 0 -1 0 0 
1 46.965166351729827 23.871062683842069 0 0 -1 0 
1 49.707914464974372 22.728256185208998 0 1 0 0 
1 50.124830033597348 22.728256185208998 0 0 1 0 
1 50.124830033597348 23.828729350508731 0 -1 0 0 
1 49.707914464974372 23.828729350508731 0 0 -1 0 
1 17.613506022962689 26.436712861293859 0 1 0 0 
1 18.447337160208679 26.436712861293859 0 0 1 0 
1 18.447337160208679 28.2901100336558 0 -1 0 0 
1 17.613506022962689 28.2901100336558 0 0 -1 0 
1 20.455248497440149 26.436712861293859 0 1 0 0 
1 21.289079634686139 26.436712861293859 0 0 1 0 
1 21.289079634686139 28.2901100336558 0 -1 0 0 
1 20.455248497440149 28.2901100336558 0 0 -1 0 
1 23.296990971917591 26.436712861293859 0 1 0 0 
1 24.130822109163582 26.436712861293859 0 0 1 0 
1 24.130822109163582 28.2901100336558 0 -1 0 0 
1 23.296990971917591 28.2901100336558 0 0 -1 0 
1 26.045764763201809 26.436712861293859 0 1 0 0 
1 26.8795959004478 26.436712861293859 0 0 1 0 
1 26.8795959004478 28.2901100336558 0 -1 0 0 
1 26.045764763201809 28.2901100336558 0 0 -1 0 
1 28.79453855448601 26.436712861293859 0 1 0 0 
1 29.628369691732011 26.436712861293859 0 0 1 0 
1 29.628369691732011 28.2901100336558 0 -1 0 0 
1 28.79453855448601 28.2901100336558 0 0 -1 0 
1 31.525952997841109 26.436712861293859 0 1 0 0 
1 32.359784135087118 26.436712861293859 0 0 1 0 
1 32.359784135087118 28.2901100336558 0 -1 0 0 
1 31.525952997841109 28.2901100336558 0 0 -1 0 
1 34.263034276140957 26.436712861293859 0 1 0 0 
1 35.096865413386944 26.436712861293859 0 0 1 0 
1 35.096865413386944 28.2901100336558 0 -1 0 0 
1 34.263034276140957 28.2901100336558 0 0 -1 0 
1 37.000115554440782 26.436712861293859 0 1 0 0 
1 37.833946691686783 26.436712861293859 0 0 1 0 
1 37.833946691686783 28.2901100336558 0 -1 0 0 
1 37.000115554440782 28.2901100336558 0 0 -1 0 
1 39.725863162851162 26.436712861293859 0 1 0 0 
1 40.559694300097163 26.436712861293859 0 0 1 0 
1 40.559694300097163 28.2901100336558 0 -1 0 0 
1 39.725863162851162 28.2901100336558 0 0 -1 0 
1 42.451610771261556 26.436712861293859 0 1 0 0 
1 43.285441908507558 26.436712861293859 0 0 1 0 
1 43.285441908507558 28.2901100336558 0 -1 0 0 
1 42.451610771261556 28.2901100336558 0 0 -1 0 
1 45.194358884506137 26.436712861293859 0 1 0 0 
1 46.028190021752117 26.436712861293859 0 0 1 0 
1 46.028190021752117 28.2901100336558 0 -1 0 0 
1 45.194358884506137 28.2901100336558 0 0 -1 0 
1 47.937106997750682 26.436712861293859 0 1 0 0 
1 48.770938134996683 26.436712861293859 0 0 1 0 
1 48.770938134996683 28.2901100336558 0 -1 0 0 
1 47.937106997750682 28.2901100336558 0 0 -1 0 
1 61.481841800819183 12.29545168394683 0 1 0 0 
1 61.898757369442158 12.29545168394683 0 0 1 0 
1 61.898757369442158 13.395924849246541 0 -1 0 0 
1 61.481841800819183 13.395924849246541 0 0 -1 0 
1 63.167465128780073 8.290373298072879 0 1 0 0 
1 66.497537672240668 8.290373298072879 0 0 1 0 
1 66.497537672240668 8.7072888666958903 0 -1 0 0 
1 63.167465128780073 8.7072888666958903 0 0 -1 0 
1 64.629213446630274 12.553653463126301 0 1 0 0 
1 66.482610618992183 12.553653463126301 0 0 1 0 
1 66.482610618992183 13.38748460037228 0 -1 0 0 
1 64.629213446630274 13.38748460037228 0 0 -1 0 
1 65.663605343260841 8.9869899224455025 0 1 0 0 
1 66.497436480506806 8.9869899224455025 0 0 1 0 
1 66.497436480506806 10.840387094807451 0 -1 0 0 
1 65.663605343260841 10.840387094807451 0 0 -1 0 
1 63.167465128780073 13.86272041212321 0 1 0 0 
1 66.497537672240668 13.86272041212321 0 0 1 0 
1 66.497537672240668 14.279635980746219 0 -1 0 0 
1 63.167465128780073 14.279635980746219 0 0 -1 0 
1 65.663605343260841 14.55933703649583 0 1 0 0 
1 66.497436480506806 14.55933703649583 0 0 1 0 
1 66.497436480506806 16.412734208857781 0 -1 0 0 
1 65.663605343260841 16.412734208857781 0 0 -1 0 
1 63.167465128780073 19.307366424336649 0 1 0 0 
1 66.497537672240668 19.307366424336649 0 0 1 0 
1 66.497537672240668 19.72428199295965 0 -1 0 0 
1 63.167465128780073 19.72428199295965 0 0 -1 0 
1 65.663605343260841 20.025149715375932 0 1 0 0 
1 66.497436480506806 20.025149715375932 0 0 1 0 
1 66.497436480506806 21.87854688773788 0 -1 0 0 
1 65.663605343260841 21.87854688773788 0 0 -1 0 
1 63.188631795446739 24.788025731909091 0 1 0 0 
1 66.518704338907341 24.788025731909091 0 0 1 0 
1 66.518704338907341 25.204941300532109 0 -1 0 0 
1 63.188631795446739 25.204941300532109 0 0 -1 0 
1 61.501807518266617 27.287272235613251 0 1 0 0 
1 61.918723086889592 27.287272235613251 0 0 1 0 
1 61.918723086889592 28.387745400912969 0 -1 0 0 
1 61.501807518266617 28.387745400912969 0 0 -1 0 
1 64.64917916407768 27.54547401479272 0 1 0 0 
1 66.502576336439603 27.54547401479272 0 0 1 0 
1 66.502576336439603 28.3793051520387 0 -1 0 0 
1 64.64917916407768 28.3793051520387 0 0 -1 0 
1 61.491730038238522 23.23647331099415 0 1 0 0 
1 61.908645606861498 23.23647331099415 0 0 1 0 
1 61.908645606861498 24.336946476293861 0 -1 0 0 
1 61.491730038238522 24.336946476293861 0 0 -1 0 
1 64.639101684049592 23.494675090173619 0 1 0 0 
1 66.49249885641153 23.494675090173619 0 0 1 0 
1 66.49249885641153 24.328506227419599 0 -1 0 0 
1 64.639101684049592 24.328506227419599 0 0 -1 0 
1 61.498331879528543 17.766538295445301 0 1 0 0 
1 61.915247448151511 17.766538295445301 0 0 1 0 
1 61.915247448151511 18.867011460745019 0 -1 0 0 
1 61.498331879528543 18.867011460745019 0 0 -1 0 
1 64.645703525339613 18.024740074624781 0 1 0 0 
1 66.499100697701522 18.024740074624781 0 0 1 0 
1 66.499100697701522 18.85857121187076 0 -1 0 0 
1 64.645703525339613 18.85857121187076 0 0 -1 0 
1 35.469628684310507 16.718271246716562 0 1 0 0 
1 37.493435161952753 16.718271246716562 0 0 1 0 
1 37.493435161952753 18.704165075790868 0 -1 0 0 
1 35.469628684310507 18.704165075790868 0 0 -1 0 
1 50.728865177413418 27.86455322864408 0 1 0 0 
1 56.407757247826893 27.86455322864408 0 0 1 0 
1 56.407757247826893 28.281468797267081 0 -1 0 0 
1 50.728865177413418 28.281468797267081 0 0 -1 0 
1 50.711986143560388 25.911169345526069 0 1 0 0 
1 51.545817280806347 25.911169345526069 0 0 1 0 
1 51.545817280806347 27.764566517888021 0 -1 0 0 
1 50.711986143560388 27.764566517888021 0 0 -1 0 
1 32.842018742322331 15.5914339056391 0 0 1 0 
1 32.842018742322331 16.654839969339811 0 -1 0 0 
1 26.613647924344349 16.654839969339811 0 0 -1 0 
1 26.613647924344349 15.5914339056391 0 1 0 0 
1 64.802495539427099 7.0668988566458282 0 1 0 0 
1 65.402495539427107 7.0668988566458282 0 0 1 0 
1 65.402495539427107 7.6668988566458367 0 -1 0 0 
1 64.802495539427099 7.6668988566458367 0 0 -1 0 
1 64.109114119717901 7.0864495122021793 0 1 0 0 
1 64.70911411971791 7.0864495122021793 0 0 1 0 
1 64.70911411971791 7.6864495122021808 0 -1 0 0 
1 64.109114119717901 7.6864495122021808 0 0 -1 0 
1 63.025272906440883 6.0337207076845658 0 1 0 0 
1 63.625272906440877 6.0337207076845658 0 0 1 0 
1 63.625272906440877 6.6337207076845672 0 -1 0 0 
1 63.025272906440883 6.6337207076845672 0 0 -1 0 
1 63.029224712778543 5.2077931831138358 0 1 0 0 
1 63.629224712778573 5.2077931831138358 0 0 1 0 
1 63.629224712778573 5.8077931831138372 0 -1 0 0 
1 63.029224712778543 5.8077931831138372 0 0 -1 0 
1 64.137197686344706 4.1782480377653499 0 1 0 0 
1 64.7371976863447 4.1782480377653499 0 0 1 0 
1 64.7371976863447 4.7782480377653664 0 -1 0 0 
1 64.137197686344706 4.7782480377653664 0 0 -1 0 
1 64.901411972800275 4.1863920621910538 0 1 0 0 
1 65.501411972800284 4.1863920621910538 0 0 1 0 
1 65.501411972800284 4.7863920621910481 0 -1 0 0 
1 64.901411972800275 4.7863920621910481 0 0 -1 0 
1 65.968601423082006 5.1939618609320277 0 1 0 0 
1 66.568601423082001 5.1939618609320277 0 0 1 0 
1 66.568601423082001 5.7939618609320362 0 -1 0 0 
1 65.968601423082006 5.7939618609320362 0 0 -1 0 
1 65.980456842094995 6.0475520298663739 0 1 0 0 
1 66.580456842094989 6.0475520298663739 0 0 1 0 
1 66.580456842094989 6.6475520298663824 0 -1 0 0 
1 65.980456842094995 6.6475520298663824 0 0 -1 0 
1 11.37663066515916 9.8903333333333201 0 1 0 0 
1 11.976630665159171 9.8903333333333201 0 0 1 0 
1 11.976630665159171 10.49033333333333 0 -1 0 0 
1 11.37663066515916 10.49033333333333 0 0 -1 0 
1 10.55624924544996 9.8887173222230054 0 1 0 0 
1 11.156249245449979 9.8887173222230054 0 0 1 0 
1 11.156249245449979 10.488717322223 0 -1 0 0 
1 10.55624924544996 10.488717322223 0 0 -1 0 
1 9.472408032172952 8.8359885177053883 0 1 0 0 
1 10.072408032172939 8.8359885177053883 0 0 1 0 
1 10.072408032172939 9.4359885177053968 0 -1 0 0 
1 9.472408032172952 9.4359885177053968 0 0 -1 0 
1 9.4763598385106 8.0100609931346582 0 1 0 0 
1 10.076359838510641 8.0100609931346582 0 0 1 0 
1 10.076359838510641 8.6100609931346668 0 -1 0 0 
1 9.4763598385106 8.6100609931346668 0 0 -1 0 
1 10.58433281207679 6.9805158477861724 0 1 0 0 
1 11.18433281207678 6.9805158477861724 0 0 1 0 
1 11.18433281207678 7.580515847786188 0 -1 0 0 
1 10.58433281207679 7.580515847786188 0 0 -1 0 
1 11.348547098532361 6.9886598722118833 0 1 0 0 
1 11.948547098532361 6.9886598722118833 0 0 1 0 
1 11.948547098532361 7.5886598722118714 0 -1 0 0 
1 11.348547098532361 7.5886598722118714 0 0 -1 0 
1 12.415736548814071 7.9962296709528502 0 1 0 0 
1 13.01573654881407 7.9962296709528502 0 0 1 0 
1 13.01573654881407 8.5962296709528587 0 -1 0 0 
1 12.415736548814071 8.5962296709528587 0 0 -1 0 
1 12.427591967827061 8.8498198398871963 0 1 0 0 
1 13.02759196782706 8.8498198398871963 0 0 1 0 
1 13.02759196782706 9.4498198398872049 0 -1 0 0 
1 12.427591967827061 9.4498198398872049 0 0 -1 0 
1 60.69616220609376 3.1722321899791619 0 1 0 0 
1 61.296162206093769 3.1722321899791619 0 0 1 0 
1 61.296162206093769 3.7722321899791709 0 -1 0 0 
1 60.69616220609376 3.7722321899791709 0 0 -1 0 
1 59.87578078638456 3.1706161788688481 0 1 0 0 
1 60.475780786384583 3.1706161788688481 0 0 1 0 
1 60.475780786384583 3.7706161788688419 0 -1 0 0 
1 59.87578078638456 3.7706161788688419 0 0 -1 0 
1 58.791939573107548 2.117887374351227 0 1 0 0 
1 59.391939573107543 2.117887374351227 0 0 1 0 
1 59.391939573107543 2.717887374351236 0 -1 0 0 
1 58.791939573107548 2.717887374351236 0 0 -1 0 
1 58.795891379445202 1.2919598497804969 0 1 0 0 
1 59.395891379445239 1.2919598497804969 0 0 1 0 
1 59.395891379445239 1.891959849780505 0 -1 0 0 
1 58.795891379445202 1.891959849780505 0 0 -1 0 
1 59.903864353011379 0.2624147044320182 0 1 0 0 
1 60.503864353011373 0.2624147044320182 0 0 1 0 
1 60.503864353011373 0.86241470443202672 0 -1 0 0 
1 59.903864353011379 0.86241470443202672 0 0 -1 0 
1 60.668078639466948 0.27055872885772198 0 1 0 0 
1 61.268078639466957 0.27055872885772198 0 0 1 0 
1 61.268078639466957 0.87055872885771635 0 -1 0 0 
1 60.668078639466948 0.87055872885771635 0 0 -1 0 
1 61.735268089748672 1.278128527598696 0 1 0 0 
1 62.335268089748674 1.278128527598696 0 0 1 0 
1 62.335268089748674 1.878128527598705 0 -1 0 0 
1 61.735268089748672 1.878128527598705 0 0 -1 0 
1 61.747123508761661 2.1317186965330421 0 1 0 0 
1 62.347123508761662 2.1317186965330421 0 0 1 0 
1 62.347123508761662 2.7317186965330511 0 -1 0 0 
1 61.747123508761661 2.7317186965330511 0 0 -1 0 
1 64.929495539427094 3.1722321899791619 0 1 0 0 
1 65.529495539427103 3.1722321899791619 0 0 1 0 
1 65.529495539427103 3.7722321899791709 0 -1 0 0 
1 64.929495539427094 3.7722321899791709 0 0 -1 0 
1 64.109114119717901 3.1706161788688481 0 1 0 0 
1 64.70911411971791 3.1706161788688481 0 0 1 0 
1 64.70911411971791 3.7706161788688419 0 -1 0 0 
1 64.109114119717901 3.7706161788688419 0 0 -1 0 
1 63.025272906440883 2.117887374351227 0 1 0 0 
1 63.625272906440877 2.117887374351227 0 0 1 0 
1 63.625272906440877 2.717887374351236 0 -1 0 0 
1 63.025272906440883 2.717887374351236 0 0 -1 0 
1 63.029224712778543 1.2919598497804969 0 1 0 0 
1 63.629224712778573 1.2919598497804969 0 0 1 0 
1 63.629224712778573 1.891959849780505 0 -1 0 0 
1 63.029224712778543 1.891959849780505 0 0 -1 0 
1 64.137197686344706 0.2624147044320182 0 1 0 0 
1 64.7371976863447 0.2624147044320182 0 0 1 0 
1 64.7371976863447 0.86241470443202672 0 -1 0 0 
1 64.137197686344706 0.86241470443202672 0 0 -1 0 
1 64.901411972800275 0.27055872885772198 0 1 0 0 
1 65.501411972800284 0.27055872885772198 0 0 1 0 
1 65.501411972800284 0.87055872885771635 0 -1 0 0 
1 64.901411972800275 0.87055872885771635 0 0 -1 0 
1 65.968601423082006 1.278128527598696 0 1 0 0 
1 66.568601423082001 1.278128527598696 0 0 1 0 
1 66.568601423082001 1.878128527598705 0 -1 0 0 
1 65.968601423082006 1.878128527598705 0 0 -1 0 
1 65.980456842094995 2.1317186965330421 0 1 0 0 
1 66.580456842094989 2.1317186965330421 0 0 1 0 
1 66.580456842094989 2.7317186965330511 0 -1 0 0 
1 65.980456842094995 2.7317186965330511 0 0 -1 0 
1 51.289236780720863 4.3992445016418387 0 1 0 0 
1 51.88923678072085 4.3992445016418387 0 0 1 0 
1 51.88923678072085 4.9992445016418472 0 -1 0 0 
1 51.289236780720863 4.9992445016418472 0 0 -1 0 
1 51.289236780720863 2.5458473292799009 0 1 0 0 
1 51.88923678072085 2.5458473292799009 0 0 1 0 
1 51.88923678072085 3.145847329279889 0 -1 0 0 
1 51.289236780720863 3.145847329279889 0 0 -1 0 
1 51.289236780720863 0.69245015691794976 0 1 0 0 
1 51.88923678072085 0.69245015691794976 0 0 1 0 
1 51.88923678072085 1.2924501569179581 0 -1 0 0 
1 51.289236780720863 1.2924501569179581 0 0 -1 0 
1 48.756375517313323 1.07345015691795 0 1 0 0 
1 49.35637551731331 1.07345015691795 0 0 1 0 
1 49.35637551731331 1.673450156917951 0 -1 0 0 
1 48.756375517313323 1.673450156917951 0 0 -1 0 
1 48.756375517313323 2.926847329279902 0 1 0 0 
1 49.35637551731331 2.926847329279902 0 0 1 0 
1 49.35637551731331 3.5268473292798892 0 -1 0 0 
1 48.756375517313323 3.5268473292798892 0 0 -1 0 
1 45.807070114054191 4.3992445016418387 0 1 0 0 
1 46.407070114054179 4.3992445016418387 0 0 1 0 
1 46.407070114054179 4.9992445016418472 0 -1 0 0 
1 45.807070114054191 4.9992445016418472 0 0 -1 0 
1 45.807070114054191 2.5458473292799009 0 1 0 0 
1 46.407070114054179 2.5458473292799009 0 0 1 0 
1 46.407070114054179 3.145847329279889 0 -1 0 0 
1 45.807070114054191 3.145847329279889 0 0 -1 0 
1 45.807070114054191 0.69245015691794976 0 1 0 0 
1 46.407070114054179 0.69245015691794976 0 0 1 0 
1 46.407070114054179 1.2924501569179581 0 -1 0 0 
1 45.807070114054191 1.2924501569179581 0 0 -1 0 
1 43.295375517313317 1.07345015691795 0 1 0 0 
1 43.895375517313312 1.07345015691795 0 0 1 0 
1 43.895375517313312 1.673450156917951 0 -1 0 0 
1 43.295375517313317 1.673450156917951 0 0 -1 0 
1 43.295375517313317 2.926847329279902 0 1 0 0 
1 43.895375517313312 2.926847329279902 0 0 1 0 
1 43.895375517313312 3.5268473292798892 0 -1 0 0 
1 43.295375517313317 3.5268473292798892 0 0 -1 0 
1 40.367236780720873 4.3992445016418387 0 1 0 0 
1 40.967236780720853 4.3992445016418387 0 0 1 0 
1 40.967236780720853 4.9992445016418472 0 -1 0 0 
1 40.367236780720873 4.9992445016418472 0 0 -1 0 
1 40.367236780720873 2.5458473292799009 0 1 0 0 
1 40.967236780720853 2.5458473292799009 0 0 1 0 
1 40.967236780720853 3.145847329279889 0 -1 0 0 
1 40.367236780720873 3.145847329279889 0 0 -1 0 
1 40.367236780720873 0.69245015691794976 0 1 0 0 
1 40.967236780720853 0.69245015691794976 0 0 1 0 
1 40.967236780720853 1.2924501569179581 0 -1 0 0 
1 40.367236780720873 1.2924501569179581 0 0 -1 0 
1 37.834375517313319 1.07345015691795 0 1 0 0 
1 38.434375517313313 1.07345015691795 0 0 1 0 
1 38.434375517313313 1.673450156917951 0 -1 0 0 
1 37.834375517313319 1.673450156917951 0 0 -1 0 
1 37.834375517313319 2.926847329279902 0 1 0 0 
1 38.434375517313313 2.926847329279902 0 0 1 0 
1 38.434375517313313 3.5268473292798892 0 -1 0 0 
1 37.834375517313319 3.5268473292798892 0 0 -1 0 
1 34.90623678072086 4.3992445016418387 0 1 0 0 
1 35.506236780720847 4.3992445016418387 0 0 1 0 
1 35.506236780720847 4.9992445016418472 0 -1 0 0 
1 34.90623678072086 4.9992445016418472 0 0 -1 0 
1 34.90623678072086 2.5458473292799009 0 1 0 0 
1 35.506236780720847 2.5458473292799009 0 0 1 0 
1 35.506236780720847 3.145847329279889 0 -1 0 0 
1 34.90623678072086 3.145847329279889 0 0 -1 0 
1 34.90623678072086 0.69245015691794976 0 1 0 0 
1 35.506236780720847 0.69245015691794976 0 0 1 0 
1 35.506236780720847 1.2924501569179581 0 -1 0 0 
1 34.90623678072086 1.2924501569179581 0 0 -1 0 
1 32.309875517313323 1.07345015691795 0 1 0 0 
1 32.90987551731331 1.07345015691795 0 0 1 0 
1 32.90987551731331 1.673450156917951 0 -1 0 0 
1 32.309875517313323 1.673450156917951 0 0 -1 0 
1 32.309875517313323 2.926847329279902 0 1 0 0 
1 32.90987551731331 2.926847329279902 0 0 1 0 
1 32.90987551731331 3.5268473292798892 0 -1 0 0 
1 32.309875517313323 3.5268473292798892 0 0 -1 0 
1 29.40290344738753 4.3992445016418387 0 1 0 0 
1 30.002903447387521 4.3992445016418387 0 0 1 0 
1 30.002903447387521 4.9992445016418472 0 -1 0 0 
1 29.40290344738753 4.9992445016418472 0 0 -1 0 
1 29.40290344738753 2.5458473292799009 0 1 0 0 
1 30.002903447387521 2.5458473292799009 0 0 1 0 
1 30.002903447387521 3.145847329279889 0 -1 0 0 
1 29.40290344738753 3.145847329279889 0 0 -1 0 
1 29.40290344738753 0.69245015691794976 0 1 0 0 
1 30.002903447387521 0.69245015691794976 0 0 1 0 
1 30.002903447387521 1.2924501569179581 0 -1 0 0 
1 29.40290344738753 1.2924501569179581 0 0 -1 0 
1 26.806542183979989 1.07345015691795 0 1 0 0 
1 27.40654218397998 1.07345015691795 0 0 1 0 
1 27.40654218397998 1.673450156917951 0 -1 0 0 
1 26.806542183979989 1.673450156917951 0 0 -1 0 
1 26.806542183979989 2.926847329279902 0 1 0 0 
1 27.40654218397998 2.926847329279902 0 0 1 0 
1 27.40654218397998 3.5268473292798892 0 -1 0 0 
1 26.806542183979989 3.5268473292798892 0 0 -1 0 
1 23.920736780720858 4.3992445016418387 0 1 0 0 
1 24.520736780720849 4.3992445016418387 0 0 1 0 
1 24.520736780720849 4.9992445016418472 0 -1 0 0 
1 23.920736780720858 4.9992445016418472 0 0 -1 0 
1 23.920736780720858 2.5458473292799009 0 1 0 0 
1 24.520736780720849 2.5458473292799009 0 0 1 0 
1 24.520736780720849 3.145847329279889 0 -1 0 0 
1 23.920736780720858 3.145847329279889 0 0 -1 0 
1 23.920736780720858 0.69245015691794976 0 1 0 0 
1 24.520736780720849 0.69245015691794976 0 0 1 0 
1 24.520736780720849 1.2924501569179581 0 -1 0 0 
1 23.920736780720858 1.2924501569179581 0 0 -1 0 
1 21.387875517313319 1.07345015691795 0 1 0 0 
1 21.987875517313309 1.07345015691795 0 0 1 0 
1 21.987875517313309 1.673450156917951 0 -1 0 0 
1 21.387875517313319 1.673450156917951 0 0 -1 0 
1 21.387875517313319 2.926847329279902 0 1 0 0 
1 21.987875517313309 2.926847329279902 0 0 1 0 
1 21.987875517313309 3.5268473292798892 0 -1 0 0 
1 21.387875517313319 3.5268473292798892 0 0 -1 0 
1 18.502070114054192 4.3992445016418387 0 1 0 0 
1 19.102070114054179 4.3992445016418387 0 0 1 0 
1 19.102070114054179 4.9992445016418472 0 -1 0 0 
1 18.502070114054192 4.9992445016418472 0 0 -1 0 
1 18.502070114054192 2.5458473292799009 0 1 0 0 
1 19.102070114054179 2.5458473292799009 0 0 1 0 
1 19.102070114054179 3.145847329279889 0 -1 0 0 
1 18.502070114054192 3.145847329279889 0 0 -1 0 
1 18.502070114054192 0.69245015691794976 0 1 0 0 
1 19.102070114054179 0.69245015691794976 0 0 1 0 
1 19.102070114054179 1.2924501569179581 0 -1 0 0 
1 18.502070114054192 1.2924501569179581 0 0 -1 0 
1 15.905708850646651 1.07345015691795 0 1 0 0 
1 16.505708850646641 1.07345015691795 0 0 1 0 
1 16.505708850646641 1.673450156917951 0 -1 0 0 
1 15.905708850646651 1.673450156917951 0 0 -1 0 
1 15.905708850646651 2.926847329279902 0 1 0 0 
1 16.505708850646641 2.926847329279902 0 0 1 0 
1 16.505708850646641 3.5268473292798892 0 -1 0 0 
1 15.905708850646651 3.5268473292798892 0 0 -1 0 
1 45.149999999999977 18.158242761886829 0 1 0 0 
1 45.750000000000007 18.158242761886829 0 0 1 0 
1 45.750000000000007 18.75824276188683 0 -1 0 0 
1 45.149999999999977 18.75824276188683 0 0 -1 0 
1 45.149999999999977 17.367444819754699 0 1 0 0 
1 45.749999999999993 17.367444819754699 0 0 1 0 
1 45.749999999999993 17.967444819754711 0 -1 0 0 
1 45.149999999999977 17.967444819754711 0 0 -1 0 
1 45.149999999999999 16.57664687762259 0 1 0 0 
1 45.749999999999993 16.57664687762259 0 0 1 0 
1 45.749999999999993 17.176646877622591 0 -1 0 0 
1 45.149999999999999 17.176646877622591 0 0 -1 0 
1 45.149999999999977 15.785848935490479 0 1 0 0 
1 45.749999999999993 15.785848935490479 0 0 1 0 
1 45.749999999999993 16.385848935490479 0 -1 0 0 
1 45.149999999999977 16.385848935490479 0 0 -1 0 
1 43.301347761507543 15.78584893549049 0 1 0 0 
1 43.901347761507552 15.78584893549049 0 0 1 0 
1 43.901347761507552 16.3858489354905 0 -1 0 0 
1 43.301347761507543 16.3858489354905 0 0 -1 0 
1 43.30134776150755 16.576646877622611 0 1 0 0 
1 43.901347761507552 16.576646877622611 0 0 1 0 
1 43.901347761507552 17.176646877622609 0 -1 0 0 
1 43.30134776150755 17.176646877622609 0 0 -1 0 
1 43.30134776150755 17.36744481975472 0 1 0 0 
1 43.901347761507552 17.36744481975472 0 0 1 0 
1 43.901347761507552 17.967444819754711 0 -1 0 0 
1 43.30134776150755 17.967444819754711 0 0 -1 0 
1 43.30134776150755 18.158242761886829 0 1 0 0 
1 43.901347761507537 18.158242761886829 0 0 1 0 
1 43.901347761507537 18.758242761886841 0 -1 0 0 
1 43.30134776150755 18.758242761886841 0 0 -1 0 
1 56.399999999999991 3.6814843978428091 0 1 0 0 
1 57.000000000000007 3.6814843978428091 0 0 1 0 
1 57.000000000000007 4.2814843978428243 0 -1 0 0 
1 56.399999999999991 4.2814843978428243 0 0 -1 0 
1 56.399999999999991 2.8906864557106862 0 1 0 0 
1 56.999999999999993 2.8906864557106862 0 0 1 0 
1 56.999999999999993 3.4906864557107009 0 -1 0 0 
1 56.399999999999991 3.4906864557107009 0 0 -1 0 
1 56.399999999999999 2.0998885135785841 0 1 0 0 
1 56.999999999999993 2.0998885135785841 0 0 1 0 
1 56.999999999999993 2.699888513578578 0 -1 0 0 
1 56.399999999999999 2.699888513578578 0 0 -1 0 
1 56.399999999999991 1.3090905714464749 0 1 0 0 
1 56.999999999999993 1.3090905714464749 0 0 1 0 
1 56.999999999999993 1.909090571446463 0 -1 0 0 
1 56.399999999999991 1.909090571446463 0 0 -1 0 
1 54.551347761507543 1.309090571446482 0 1 0 0 
1 55.151347761507552 1.309090571446482 0 0 1 0 
1 55.151347761507552 1.909090571446491 0 -1 0 0 
1 54.551347761507543 1.909090571446491 0 0 -1 0 
1 54.551347761507557 2.0998885135785912 0 1 0 0 
1 55.151347761507552 2.0998885135785912 0 0 1 0 
1 55.151347761507552 2.6998885135785931 0 -1 0 0 
1 54.551347761507557 2.6998885135785931 0 0 -1 0 
1 54.55134776150755 2.890686455710707 0 1 0 0 
1 55.151347761507552 2.890686455710707 0 0 1 0 
1 55.151347761507552 3.4906864557107009 0 -1 0 0 
1 54.55134776150755 3.4906864557107009 0 0 -1 0 
1 54.55134776150755 3.6814843978428158 0 1 0 0 
1 55.151347761507552 3.6814843978428158 0 0 1 0 
1 55.151347761507552 4.2814843978428243 0 -1 0 0 
1 54.55134776150755 4.2814843978428243 0 0 -1 0 
1 12.2545116795225 3.6814843978428158 0 1 0 0 
1 12.85451167952252 3.6814843978428158 0 0 1 0 
1 12.85451167952252 4.2814843978428243 0 -1 0 0 
1 12.2545116795225 4.2814843978428243 0 0 -1 0 
1 12.2545116795225 2.8906864557106928 0 1 0 0 
1 12.85451167952249 2.8906864557106928 0 0 1 0 
1 12.85451167952249 3.4906864557107009 0 -1 0 0 
1 12.2545116795225 3.4906864557107009 0 0 -1 0 
1 12.2545116795225 2.0998885135785841 0 1 0 0 
1 12.85451167952249 2.0998885135785841 0 0 1 0 
1 12.85451167952249 2.699888513578578 0 -1 0 0 
1 12.2545116795225 2.699888513578578 0 0 -1 0 
1 12.2545116795225 1.3090905714464749 0 1 0 0 
1 12.85451167952249 1.3090905714464749 0 0 1 0 
1 12.85451167952249 1.9090905714464701 0 -1 0 0 
1 12.2545116795225 1.9090905714464701 0 0 -1 0 
1 10.405859441030049 1.309090571446482 0 1 0 0 
1 11.00585944103006 1.309090571446482 0 0 1 0 
1 11.00585944103006 1.909090571446491 0 -1 0 0 
1 10.405859441030049 1.909090571446491 0 0 -1 0 
1 10.40585944103006 2.099888513578605 0 1 0 0 
1 11.00585944103006 2.099888513578605 0 0 1 0 
1 11.00585944103006 2.6998885135786002 0 -1 0 0 
1 10.40585944103006 2.6998885135786002 0 0 -1 0 
1 10.40585944103006 2.890686455710707 0 1 0 0 
1 11.00585944103006 2.890686455710707 0 0 1 0 
1 11.00585944103006 3.490686455710708 0 -1 0 0 
1 10.40585944103006 3.490686455710708 0 0 -1 0 
1 10.40585944103006 3.6814843978428229 0 1 0 0 
1 11.00585944103006 3.6814843978428229 0 0 1 0 
1 11.00585944103006 4.2814843978428314 0 -1 0 0 
1 10.40585944103006 4.2814843978428314 0 0 -1 0 
1 9.7323535539640798 12.70368714335728 0 1 0 0 
1 10.332353553964071 12.70368714335728 0 0 1 0 
1 10.332353553964071 13.303687143357291 0 -1 0 0 
1 9.7323535539640798 13.303687143357291 0 0 -1 0 
1 11.22608533967329 11.74470714086937 0 1 0 0 
1 11.82801743476986 11.74470714086937 0 0 1 0 
1 11.82801743476986 12.342768803988371 0 -1 0 0 
1 11.22608533967329 12.342768803988371 0 0 -1 0 
1 11.978559649433331 11.73788203761463 0 1 0 0 
1 12.580491744529899 11.73788203761463 0 0 1 0 
1 12.580491744529899 12.335943700733599 0 -1 0 0 
1 11.978559649433331 12.335943700733599 0 0 -1 0 
1 9.7328129402516961 15.43022810865995 0 1 0 0 
1 10.33281294025169 15.43022810865995 0 0 1 0 
1 10.33281294025169 16.030228108659951 0 -1 0 0 
1 9.7328129402516961 16.030228108659951 0 0 -1 0 
1 11.22654472596091 14.47124810617203 0 1 0 0 
1 11.82847682105748 14.47124810617203 0 0 1 0 
1 11.82847682105748 15.06930976929103 0 -1 0 0 
1 11.22654472596091 15.06930976929103 0 0 -1 0 
1 11.97901903572094 14.464423002917281 0 1 0 0 
1 12.580951130817519 14.464423002917281 0 0 1 0 
1 12.580951130817519 15.06248466603626 0 -1 0 0 
1 11.97901903572094 15.06248466603626 0 0 -1 0 
1 9.7328000641996422 18.15676907396259 0 1 0 0 
1 10.33280006419964 18.15676907396259 0 0 1 0 
1 10.33280006419964 18.756769073962602 0 -1 0 0 
1 9.7328000641996422 18.756769073962602 0 0 -1 0 
1 11.226531849908859 17.197789071474681 0 1 0 0 
1 11.82846394500543 17.197789071474681 0 0 1 0 
1 11.82846394500543 17.795850734593682 0 -1 0 0 
1 11.226531849908859 17.795850734593682 0 0 -1 0 
1 11.97900615966889 17.190963968219918 0 1 0 0 
1 12.58093825476546 17.190963968219918 0 0 1 0 
1 12.58093825476546 17.789025631338919 0 -1 0 0 
1 11.97900615966889 17.789025631338919 0 0 -1 0 
1 9.7331486510828338 20.903537992415949 0 1 0 0 
1 10.33314865108283 20.903537992415949 0 0 1 0 
1 10.33314865108283 21.50353799241595 0 -1 0 0 
1 9.7331486510828338 21.50353799241595 0 0 -1 0 
1 11.226880436792049 19.94455798992804 0 1 0 0 
1 11.828812531888619 19.94455798992804 0 0 1 0 
1 11.828812531888619 20.542619653047041 0 -1 0 0 
1 11.226880436792049 20.542619653047041 0 0 -1 0 
1 11.97935474655208 19.937732886673281 0 1 0 0 
1 12.58128684164865 19.937732886673281 0 0 1 0 
1 12.58128684164865 20.535794549792261 0 -1 0 0 
1 11.97935474655208 20.535794549792261 0 0 -1 0 
1 9.7332498870530113 23.65030691086929 0 1 0 0 
1 10.333249887053009 23.65030691086929 0 0 1 0 
1 10.333249887053009 24.250306910869309 0 -1 0 0 
1 9.7332498870530113 24.250306910869309 0 0 -1 0 
1 11.22698167276222 22.691326908381381 0 1 0 0 
1 11.828913767858801 22.691326908381381 0 0 1 0 
1 11.828913767858801 23.289388571500371 0 -1 0 0 
1 11.22698167276222 23.289388571500371 0 0 -1 0 
1 11.979455982522261 22.684501805126629 0 1 0 0 
1 12.581388077618829 22.684501805126629 0 0 1 0 
1 12.581388077618829 23.282563468245609 0 -1 0 0 
1 11.979455982522261 23.282563468245609 0 0 -1 0 
1 9.7334972379660254 26.721121859372289 0 1 0 0 
1 10.33349723796602 26.721121859372289 0 0 1 0 
1 10.33349723796602 27.32112185937229 0 -1 0 0 
1 9.7334972379660254 27.32112185937229 0 0 -1 0 
1 11.227229023675241 25.76214185688438 0 1 0 0 
1 11.829161118771809 25.76214185688438 0 0 1 0 
1 11.829161118771809 26.360203520003381 0 -1 0 0 
1 11.227229023675241 26.360203520003381 0 0 -1 0 
1 11.979703333435269 25.755316753629629 0 1 0 0 
1 12.58163542853184 25.755316753629629 0 0 1 0 
1 12.58163542853184 26.353378416748608 0 -1 0 0 
1 11.979703333435269 26.353378416748608 0 0 -1 0 
1 19.290175791084909 25.194634824473621 0 1 0 0 
1 19.88823745420391 25.194634824473621 0 0 1 0 
1 19.88823745420391 25.7965669195702 0 -1 0 0 
1 19.290175791084909 25.7965669195702 0 0 -1 0 
1 19.283350687830161 24.442160514713581 0 1 0 0 
1 19.881412350949141 24.442160514713581 0 0 1 0 
1 19.881412350949141 25.044092609810161 0 -1 0 0 
1 19.283350687830161 25.044092609810161 0 0 -1 0 
1 22.131918265562369 25.194634824473621 0 1 0 0 
1 22.72997992868136 25.194634824473621 0 0 1 0 
1 22.72997992868136 25.7965669195702 0 -1 0 0 
1 22.131918265562369 25.7965669195702 0 0 -1 0 
1 22.1250931623076 24.442160514713581 0 1 0 0 
1 22.723154825426601 24.442160514713581 0 0 1 0 
1 22.723154825426601 25.044092609810161 0 -1 0 0 
1 22.1250931623076 25.044092609810161 0 0 -1 0 
1 24.87526551070507 25.191114543508771 0 1 0 0 
1 25.473327173824071 25.191114543508771 0 0 1 0 
1 25.473327173824071 25.79304663860535 0 -1 0 0 
1 24.87526551070507 25.79304663860535 0 0 -1 0 
1 24.868440407450311 24.438640233748739 0 1 0 0 
1 25.466502070569302 24.438640233748739 0 0 1 0 
1 25.466502070569302 25.0405723288453 0 -1 0 0 
1 24.868440407450311 25.0405723288453 0 0 -1 0 
1 27.624039301989288 25.191114543508771 0 1 0 0 
1 28.222100965108289 25.191114543508771 0 0 1 0 
1 28.222100965108289 25.79304663860535 0 -1 0 0 
1 27.624039301989288 25.79304663860535 0 0 -1 0 
1 27.617214198734541 24.438640233748739 0 1 0 0 
1 28.21527586185352 24.438640233748739 0 0 1 0 
1 28.21527586185352 25.0405723288453 0 -1 0 0 
1 27.617214198734541 25.0405723288453 0 0 -1 0 
1 30.365987990018741 24.438640233748739 0 1 0 0 
1 30.964049653137732 24.438640233748739 0 0 1 0 
1 30.964049653137732 25.0405723288453 0 -1 0 0 
1 30.365987990018741 25.0405723288453 0 0 -1 0 
1 30.3728130932735 25.191114543508771 0 1 0 0 
1 30.970874756392501 25.191114543508771 0 0 1 0 
1 30.970874756392501 25.79304663860535 0 -1 0 0 
1 30.3728130932735 25.79304663860535 0 0 -1 0 
1 33.097402433373851 24.438640233748739 0 1 0 0 
1 33.695464096492827 24.438640233748739 0 0 1 0 
1 33.695464096492827 25.0405723288453 0 -1 0 0 
1 33.097402433373851 25.0405723288453 0 0 -1 0 
1 33.104227536628613 25.191114543508771 0 1 0 0 
1 33.702289199747597 25.191114543508771 0 0 1 0 
1 33.702289199747597 25.79304663860535 0 -1 0 0 
1 33.104227536628613 25.79304663860535 0 0 -1 0 
1 35.834483711673677 24.438640233748739 0 1 0 0 
1 36.43254537479266 24.438640233748739 0 0 1 0 
1 36.43254537479266 25.0405723288453 0 -1 0 0 
1 35.834483711673677 25.0405723288453 0 0 -1 0 
1 35.841308814928432 25.191114543508771 0 1 0 0 
1 36.439370478047429 25.191114543508771 0 0 1 0 
1 36.439370478047429 25.79304663860535 0 -1 0 0 
1 35.841308814928432 25.79304663860535 0 0 -1 0 
1 38.571564989973517 24.438640233748739 0 1 0 0 
1 39.1696266530925 24.438640233748739 0 0 1 0 
1 39.1696266530925 25.0405723288453 0 -1 0 0 
1 38.571564989973517 25.0405723288453 0 0 -1 0 
1 38.578390093228272 25.191114543508771 0 1 0 0 
1 39.176451756347269 25.191114543508771 0 0 1 0 
1 39.176451756347269 25.79304663860535 0 -1 0 0 
1 38.578390093228272 25.79304663860535 0 0 -1 0 
1 41.297312598383897 24.438640233748739 0 1 0 0 
1 41.895374261502887 24.438640233748739 0 0 1 0 
1 41.895374261502887 25.0405723288453 0 -1 0 0 
1 41.297312598383897 25.0405723288453 0 0 -1 0 
1 41.304137701638659 25.191114543508771 0 1 0 0 
1 41.902199364757642 25.191114543508771 0 0 1 0 
1 41.902199364757642 25.79304663860535 0 -1 0 0 
1 41.304137701638659 25.79304663860535 0 0 -1 0 
1 44.001893540127632 24.41747356708207 0 1 0 0 
1 44.599955203246601 24.41747356708207 0 0 1 0 
1 44.599955203246601 25.019405662178642 0 -1 0 0 
1 44.001893540127632 25.019405662178642 0 0 -1 0 
1 44.008718643382387 25.169947876842102 0 1 0 0 
1 44.606780306501392 25.169947876842102 0 0 1 0 
1 44.606780306501392 25.771879971938681 0 -1 0 0 
1 44.008718643382387 25.771879971938681 0 0 -1 0 
1 46.765808320038857 24.438640233748739 0 1 0 0 
1 47.363869983157848 24.438640233748739 0 0 1 0 
1 47.363869983157848 25.0405723288453 0 -1 0 0 
1 46.765808320038857 25.0405723288453 0 0 -1 0 
1 46.772633423293627 25.191114543508771 0 1 0 0 
1 47.370695086412603 25.191114543508771 0 0 1 0 
1 47.370695086412603 25.79304663860535 0 -1 0 0 
1 46.772633423293627 25.79304663860535 0 0 -1 0 
1 49.50855643328341 24.396306900415411 0 1 0 0 
1 50.106618096402393 24.396306900415411 0 0 1 0 
1 50.106618096402393 24.998238995511969 0 -1 0 0 
1 49.50855643328341 24.998238995511969 0 0 -1 0 
1 49.515381536538158 25.148781210175429 0 1 0 0 
1 50.113443199657148 25.148781210175429 0 0 1 0 
1 50.113443199657148 25.750713305272011 0 -1 0 0 
1 49.515381536538158 25.750713305272011 0 0 -1 0 
1 18.509363490672989 27.05672062790758 0 1 0 0 
1 19.10936349067299 27.05672062790758 0 0 1 0 
1 19.10936349067299 27.656720627907589 0 -1 0 0 
1 18.509363490672989 27.656720627907589 0 0 -1 0 
1 21.351105965150449 27.05672062790758 0 1 0 0 
1 21.95110596515045 27.05672062790758 0 0 1 0 
1 21.95110596515045 27.656720627907589 0 -1 0 0 
1 21.351105965150449 27.656720627907589 0 0 -1 0 
1 24.19284843962788 27.05672062790758 0 1 0 0 
1 24.7928484396279 27.05672062790758 0 0 1 0 
1 24.7928484396279 27.656720627907589 0 -1 0 0 
1 24.19284843962788 27.656720627907589 0 0 -1 0 
1 26.94162223091211 27.05672062790758 0 1 0 0 
1 27.541622230912122 27.05672062790758 0 0 1 0 
1 27.541622230912122 27.656720627907589 0 -1 0 0 
1 26.94162223091211 27.656720627907589 0 0 -1 0 
1 29.69039602219631 27.05672062790758 0 1 0 0 
1 30.29039602219633 27.05672062790758 0 0 1 0 
1 30.29039602219633 27.656720627907589 0 -1 0 0 
1 29.69039602219631 27.656720627907589 0 0 -1 0 
1 32.421810465551417 27.05672062790758 0 1 0 0 
1 33.021810465551432 27.05672062790758 0 0 1 0 
1 33.021810465551432 27.656720627907589 0 -1 0 0 
1 32.421810465551417 27.656720627907589 0 0 -1 0 
1 35.158891743851242 27.05672062790758 0 1 0 0 
1 35.758891743851251 27.05672062790758 0 0 1 0 
1 35.758891743851251 27.656720627907589 0 -1 0 0 
1 35.158891743851242 27.656720627907589 0 0 -1 0 
1 37.89597302215109 27.05672062790758 0 1 0 0 
1 38.495973022151091 27.05672062790758 0 0 1 0 
1 38.495973022151091 27.656720627907589 0 -1 0 0 
1 37.89597302215109 27.656720627907589 0 0 -1 0 
1 40.621720630561462 27.05672062790758 0 1 0 0 
1 41.221720630561492 27.05672062790758 0 0 1 0 
1 41.221720630561492 27.656720627907589 0 -1 0 0 
1 40.621720630561462 27.656720627907589 0 0 -1 0 
1 43.347468238971857 27.05672062790758 0 1 0 0 
1 43.947468238971886 27.05672062790758 0 0 1 0 
1 43.947468238971886 27.656720627907589 0 -1 0 0 
1 43.347468238971857 27.656720627907589 0 0 -1 0 
1 46.090216352216437 27.05672062790758 0 1 0 0 
1 46.690216352216439 27.05672062790758 0 0 1 0 
1 46.690216352216439 27.656720627907589 0 -1 0 0 
1 46.090216352216437 27.656720627907589 0 0 -1 0 
1 48.832964465460982 27.05672062790758 0 1 0 0 
1 49.432964465460977 27.05672062790758 0 0 1 0 
1 49.432964465460977 27.656720627907589 0 -1 0 0 
1 48.832964465460982 27.656720627907589 0 0 -1 0 
1 63.31113638482978 12.80410408075581 0 1 0 0 
1 63.911136384829767 12.80410408075581 0 0 1 0 
1 63.911136384829767 13.40410408075579 0 -1 0 0 
1 63.31113638482978 13.40410408075579 0 0 -1 0 
1 62.547553908022493 12.79970601352737 0 1 0 0 
1 63.147553908022488 12.79970601352737 0 0 1 0 
1 63.147553908022488 13.39970601352738 0 -1 0 0 
1 62.547553908022493 13.39970601352738 0 0 -1 0 
1 65.249221213243999 11.891627132661981 0 1 0 0 
1 65.849221213243979 11.891627132661981 0 0 1 0 
1 65.849221213243979 12.49162713266198 0 -1 0 0 
1 65.249221213243999 12.49162713266198 0 0 -1 0 
1 65.001579012796512 9.6203793281937067 0 1 0 0 
1 65.60157901279652 9.6203793281937067 0 0 1 0 
1 65.60157901279652 10.220379328193699 0 -1 0 0 
1 65.001579012796512 10.220379328193699 0 0 -1 0 
1 65.001579012796512 15.19272644224403 0 1 0 0 
1 65.60157901279652 15.19272644224403 0 0 1 0 
1 65.60157901279652 15.79272644224403 0 -1 0 0 
1 65.001579012796512 15.79272644224403 0 0 -1 0 
1 65.001579012796512 20.658539121124129 0 1 0 0 
1 65.60157901279652 20.658539121124129 0 0 1 0 
1 65.60157901279652 21.25853912112413 0 -1 0 0 
1 65.001579012796512 21.25853912112413 0 0 -1 0 
1 63.331102102277221 27.795924632422221 0 1 0 0 
1 63.931102102277208 27.795924632422221 0 0 1 0 
1 63.931102102277208 28.395924632422211 0 -1 0 0 
1 63.331102102277221 28.395924632422211 0 0 -1 0 
1 62.567519625469927 27.791526565193809 0 1 0 0 
1 63.167519625469943 27.791526565193809 0 0 1 0 
1 63.167519625469943 28.391526565193811 0 -1 0 0 
1 62.567519625469927 28.391526565193811 0 0 -1 0 
1 65.269186930691419 26.883447684328409 0 1 0 0 
1 65.869186930691413 26.883447684328409 0 0 1 0 
1 65.869186930691413 27.4834476843284 0 -1 0 0 
1 65.269186930691419 27.4834476843284 0 0 -1 0 
1 63.321024622249134 23.74512570780313 0 1 0 0 
1 63.921024622249121 23.74512570780313 0 0 1 0 
1 63.921024622249121 24.34512570780311 0 -1 0 0 
1 63.321024622249134 24.34512570780311 0 0 -1 0 
1 62.557442145441847 23.74072764057469 0 1 0 0 
1 63.157442145441848 23.74072764057469 0 0 1 0 
1 63.157442145441848 24.340727640574709 0 -1 0 0 
1 62.557442145441847 24.340727640574709 0 0 -1 0 
1 65.259109450663331 22.83264875970929 0 1 0 0 
1 65.859109450663325 22.83264875970929 0 0 1 0 
1 65.859109450663325 23.432648759709299 0 -1 0 0 
1 65.259109450663331 23.432648759709299 0 0 -1 0 
1 63.32762646353914 18.275190692254291 0 1 0 0 
1 63.927626463539127 18.275190692254291 0 0 1 0 
1 63.927626463539127 18.875190692254279 0 -1 0 0 
1 63.32762646353914 18.875190692254279 0 0 -1 0 
1 62.564043986731853 18.270792625025852 0 1 0 0 
1 63.164043986731848 18.270792625025852 0 0 1 0 
1 63.164043986731848 18.87079262502586 0 -1 0 0 
1 62.564043986731853 18.87079262502586 0 0 -1 0 
1 65.265711291953338 17.362713744160452 0 1 0 0 
1 65.865711291953332 17.362713744160452 0 0 1 0 
1 65.865711291953332 17.96271374416046 0 -1 0 0 
1 65.265711291953338 17.96271374416046 0 0 -1 0 
1 36.645371979363723 18.89969340583367 0 1 0 0 
1 37.245371979363718 18.89969340583367 0 0 1 0 
1 37.245371979363718 19.499693405833678 0 -1 0 0 
1 36.645371979363723 19.499693405833678 0 0 -1 0 
1 35.824990559654509 18.898077394723369 0 1 0 0 
1 36.424990559654503 18.898077394723369 0 0 1 0 
1 36.424990559654503 19.49807739472336 0 -1 0 0 
1 35.824990559654509 19.49807739472336 0 0 -1 0 
1 34.6875 17.89275163393074 0 1 0 0 
1 35.287500000000001 17.89275163393074 0 0 1 0 
1 35.287500000000001 18.492751633930741 0 -1 0 0 
1 34.6875 18.492751633930741 0 0 -1 0 
1 34.69145180633766 17.066824109359999 0 1 0 0 
1 35.291451806337648 17.066824109359999 0 0 1 0 
1 35.291451806337648 17.666824109360011 0 -1 0 0 
1 34.69145180633766 17.666824109360011 0 0 -1 0 
1 35.786891515675258 15.96870925361987 0 1 0 0 
1 36.386891515675281 15.96870925361987 0 0 1 0 
1 36.386891515675281 16.568709253619868 0 -1 0 0 
1 35.786891515675258 16.568709253619868 0 0 -1 0 
1 36.551105802130849 15.976853278045571 0 1 0 0 
1 37.151105802130857 15.976853278045571 0 0 1 0 
1 37.151105802130857 16.576853278045569 0 -1 0 0 
1 36.551105802130849 16.576853278045569 0 0 -1 0 
1 37.630828516641131 16.986991076654999 0 1 0 0 
1 38.230828516641132 16.986991076654999 0 0 1 0 
1 38.230828516641132 17.586991076655011 0 -1 0 0 
1 37.630828516641131 17.586991076655011 0 0 -1 0 
1 37.642683935654112 17.840581245589352 0 1 0 0 
1 38.2426839356541 17.840581245589352 0 0 1 0 
1 38.2426839356541 18.44058124558936 0 -1 0 0 
1 37.642683935654112 18.44058124558936 0 0 -1 0 
1 51.607843611270681 26.531177112139819 0 1 0 0 
1 52.20784361127069 26.531177112139819 0 0 1 0 
1 52.20784361127069 27.13117711213982 0 -1 0 0 
1 51.607843611270681 27.13117711213982 0 0 -1 0 
1 51.426809346776039 23.442505007103229 0 1 0 0 
1 52.026809346776041 23.442505007103229 0 0 1 0 
1 52.026809346776041 24.04250500710323 0 -1 0 0 
1 51.426809346776039 24.04250500710323 0 0 -1 0 
1 52.454979469034328 23.442505007103229 0 1 0 0 
1 53.054979469034308 23.442505007103229 0 0 1 0 
1 53.054979469034308 24.04250500710323 0 -1 0 0 
1 52.454979469034328 24.04250500710323 0 0 -1 0 
1 53.701777078995462 23.442505007103229 0 1 0 0 
1 54.30177707899545 23.442505007103229 0 0 1 0 
1 54.30177707899545 24.04250500710323 0 -1 0 0 
1 53.701777078995462 24.04250500710323 0 0 -1 0 
1 54.713670791427681 23.442505007103229 0 1 0 0 
1 55.313670791427683 23.442505007103229 0 0 1 0 
1 55.313670791427683 24.04250500710323 0 -1 0 0 
1 54.713670791427681 24.04250500710323 0 0 -1 0 
1 55.858074394773638 23.442505007103229 0 1 0 0 
1 56.458074394773632 23.442505007103229 0 0 1 0 
1 56.458074394773632 24.04250500710323 0 -1 0 0 
1 55.858074394773638 24.04250500710323 0 0 -1 0 
1 56.827805869187863 23.442505007103229 0 1 0 0 
1 57.427805869187843 23.442505007103229 0 0 1 0 
1 57.427805869187843 24.04250500710323 0 -1 0 0 
1 56.827805869187863 24.04250500710323 0 0 -1 0 
1 32.728586482206147 14.90010720831226 0 0 1 0 
1 32.728586482206147 15.500107208312279 0 -1 0 0 
1 32.128586482206138 15.500107208312279 0 0 -1 0 
1 32.128586482206138 14.90010720831226 0 1 0 0 
1 31.956942725385339 14.90010720831228 0 0 1 0 
1 31.956942725385339 15.500107208312279 0 -1 0 0 
1 31.356942725385341 15.500107208312279 0 0 -1 0 
1 31.356942725385341 14.90010720831228 0 1 0 0 
1 31.185298968564531 14.900107208312299 0 0 1 0 
1 31.185298968564531 15.50010720831229 0 -1 0 0 
1 30.58529896856454 15.50010720831229 0 0 -1 0 
1 30.58529896856454 14.900107208312299 0 1 0 0 
1 30.413655211743741 14.90010720831228 0 0 1 0 
1 30.413655211743741 15.500107208312279 0 -1 0 0 
1 29.81365521174374 15.500107208312279 0 0 -1 0 
1 29.81365521174374 14.90010720831228 0 1 0 0 
1 29.042011454922939 15.500107208312279 0 0 -1 0 
1 29.042011454922939 14.900107208312249 0 1 0 0 
1 29.64201145492294 14.900107208312249 0 0 1 0 
1 29.64201145492294 15.500107208312279 0 -1 0 0 
1 28.27036769810212 15.500107208312279 0 0 -1 0 
1 28.27036769810212 14.90010720831229 0 1 0 0 
1 28.870367698102129 14.90010720831229 0 0 1 0 
1 28.870367698102129 15.500107208312279 0 -1 0 0 
1 27.49872394128133 15.500107208312279 0 0 -1 0 
1 27.49872394128133 14.90010720831229 0 1 0 0 
1 28.098723941281321 14.90010720831229 0 -1.776356839400283e-14 1 0 
1 28.09872394128131 15.500107208312279 0 -1 0 0 
1 26.727080184460529 15.500107208312279 0 1.776356839400283e-14 -1 0 
1 26.72708018446054 14.90010720831229 0 1 0 0 
1 27.327080184460531 14.90010720831229 0 -1.776356839400283e-14 1 0 
1 27.32708018446052 15.500107208312279 0 -1 0 0 
1 30.413655211743741 16.746166666666628 0 0 1 0 
1 30.413655211743741 17.346166666666651 0 -1 0 0 
1 29.813655211743729 17.346166666666651 0 0 -1 0 
1 29.813655211743729 16.746166666666628 0 1 0 0 
1 31.18529896856456 16.746166666666621 0 0 1 0 
1 31.18529896856456 17.346166666666619 0 -1 0 0 
1 30.585298968564551 17.346166666666619 0 0 -1 0 
1 30.585298968564551 16.746166666666621 0 1 0 0 
1 31.95694272538536 16.746166666666628 0 0 1 0 
1 31.95694272538536 17.34616666666663 0 -1 0 0 
1 31.356942725385359 17.34616666666663 0 0 -1 0 
1 31.356942725385359 16.746166666666628 0 1 0 0 
1 32.728586482206161 16.746166666666621 0 0 1 0 
1 32.728586482206161 17.346166666666619 0 -1 0 0 
1 32.128586482206153 17.346166666666619 0 0 -1 0 
1 32.128586482206153 16.746166666666621 0 1 0 0 
1 26.727080184460529 17.346166666666662 0 0 -1 0 
1 26.727080184460529 16.746166666666628 0 1 0 0 
1 27.327080184460531 16.746166666666628 0 0 1 0 
1 27.327080184460531 17.346166666666662 0 -1 0 0 
1 27.498723941281341 17.346166666666619 0 0 -1 0 
1 27.498723941281341 16.746166666666628 0 1 0 0 
1 28.098723941281321 16.746166666666628 0 0 1 0 
1 28.098723941281321 17.346166666666619 0 -1 0 0 
1 28.27036769810212 17.34616666666663 0 0 -1 0 
1 28.27036769810212 16.746166666666621 0 1 0 0 
1 28.870367698102129 16.746166666666621 0 0 1 0 
1 28.870367698102129 17.34616666666663 0 -1 0 0 
1 29.042011454922928 17.346166666666619 0 0 -1 0 
1 29.042011454922928 16.746166666666628 0 1 0 0 
1 29.64201145492294 16.746166666666628 0 0 1 0 
1 29.64201145492294 17.346166666666619 0 -1 0 0 
Polygon3D 0
PolygonOnTriangulations 0
Surfaces 1
1 35.691724321925754 15.511532713820092 0 0 0 1 1 0 -0 -0 1 0 
Triangulations 0

TShapes 3226
Ve
1e-07
8.92314016664272 5.8397345479564 0
0 0

0101101
*
Ve
1e-07
13.3116048817757 5.83973227206186 0
0 0

0101101
*
Ed
 1e-07 1 1 0
1  1 0 0 4.38846471513356
0

0101000
+3226 0 -3225 0 *
Ve
1e-07
13.3116048817757 5.73973454829164 0
0 0

0101101
*
Ed
 1e-07 1 1 0
1  2 0 0 0.0999977237702145
0

0101000
+3225 0 -3223 0 *
Ve
1e-07
8.92313197842475 5.73973454829164 0
0 0

0101101
*
Ed
 1e-07 1 1 0
1  3 0 0 4.38847290335091
0

0101000
+3223 0 -3221 0 *
Ve
1e-07
8.92313197842475 0.0211666666666659 0
0 0

0101101
*
Ed
 1e-07 1 1 0
1  4 0 0 5.71856788162498
0

0101000
+3221 0 -3219 0 *
Ve
1e-07
14.6818281081321 0.0211666666666659 0
0 0

0101101
*
Ed
 1e-07 1 1 0
1  5 0 0 5.75869612970734
0

0101000
+3219 0 -3217 0 *
Ve
1e-07
14.6818281081321 5.73973454829164 0
0 0

0101101
*
Ed
 1e-07 1 1 0
1  6 0 0 5.71856788162498
0

0101000
+3217 0 -3215 0 *
Ve
1e-07
14.3997715484423 5.73973454829164 0
0 0

0101101
*
Ed
 1e-07 1 1 0
1  7 0 0 0.28205655968975
0

0101000
+3215 0 -3213 0 *
Ve
1e-07
14.3997715484423 5.83972214529268 0
0 0

0101101
*
Ed
 1e-07 1 1 0
1  8 0 0 0.0999875970010313
0

0101000
+3213 0 -3211 0 *
Ve
1e-07
15.0448306793488 5.83967644772508 0
0 0

0101101
*
Ed
 1e-07 1 1 0
1  9 0 0 0.645059132525075
0

0101000
+3211 0 -3209 0 *
Ve
1e-07
15.0448306793487 5.73926301369924 0
0 0

0101101
*
Ed
 1e-07 1 1 0
1  10 0 0 0.10041343402584
0

0101000
+3209 0 -3207 0 *
Ve
1e-07
14.7818281081321 5.73926301369924 0
0 0

0101101
*
Ed
 1e-07 1 1 0
1  11 0 0 0.263002571216639
0

0101000
+3207 0 -3205 0 *
Ve
1e-07
14.7818281081321 0.0211666666666659 0
0 0

0101101
*
Ed
 1e-07 1 1 0
1  12 0 0 5.71809634703257
0

0101000
+3205 0 -3203 0 *
Ve
1e-07
20.1600209093137 0.0211666666666659 0
0 0

0101101
*
Ed
 1e-07 1 1 0
1  13 0 0 5.37819280118161
0

0101000
+3203 0 -3201 0 *
Ve
1e-07
20.1600209093137 5.73926301369924 0
0 0

0101101
*
Ed
 1e-07 1 1 0
1  14 0 0 5.71809634703257
0

0101000
+3201 0 -3199 0 *
Ve
1e-07
16.1118306793487 5.73926301369924 0
0 0

0101101
*
Ed
 1e-07 1 1 0
1  15 0 0 4.04819022996498
0

0101000
+3199 0 -3197 0 *
Ve
1e-07
16.1118306793487 5.83966632095589 0
0 0

0101101
*
Ed
 1e-07 1 1 0
1  16 0 0 0.100403307256656
0

0101000
+3197 0 -3195 0 *
Ve
1e-07
20.517741998793 5.83962450497935 0
0 0

0101101
*
Ed
 1e-07 1 1 0
1  17 0 0 4.40591131964274
0

0101000
+3195 0 -3193 0 *
Ve
1e-07
20.517741998793 5.73926301369924 0
0 0

0101101
*
Ed
 1e-07 1 1 0
1  18 0 0 0.100361491280111
0

0101000
+3193 0 -3191 0 *
Ve
1e-07
20.2600209093137 5.73926301369924 0
0 0

0101101
*
Ed
 1e-07 1 1 0
1  19 0 0 0.257721089479329
0

0101000
+3191 0 -3189 0 *
Ve
1e-07
20.2600209093137 0.0211666666666659 0
0 0

0101101
*
Ed
 1e-07 1 1 0
1  20 0 0 5.71809634703257
0

0101000
+3189 0 -3187 0 *
Ve
1e-07
25.6406436577503 0.0211666666666659 0
0 0

0101101
*
Ed
 1e-07 1 1 0
1  21 0 0 5.38062274843663
0

0101000
+3187 0 -3185 0 *
Ve
1e-07
25.6406436577503 5.73926301369924 0
0 0

0101101
*
Ed
 1e-07 1 1 0
1  22 0 0 5.71809634703257
0

0101000
+3185 0 -3183 0 *
Ve
1e-07
21.584741998793 5.73926301369924 0
0 0

0101101
*
Ed
 1e-07 1 1 0
1  23 0 0 4.05590165895728
0

0101000
+3183 0 -3181 0 *
Ve
1e-07
21.584741998793 5.83961437821016 0
0 0

0101101
*
Ed
 1e-07 1 1 0
1  24 0 0 0.10035136451092
0

0101000
+3181 0 -3179 0 *
Ve
1e-07
25.9906533182373 5.83957256223361 0
0 0

0101101
*
Ed
 1e-07 1 1 0
1  25 0 0 4.40591131964274
0

0101000
+3179 0 -3177 0 *
Ve
1e-07
25.9906533182373 5.73926301369924 0
0 0

0101101
*
Ed
 1e-07 1 1 0
1  26 0 0 0.100309548534376
0

0101000
+3177 0 -3175 0 *
Ve
1e-07
25.7406436577503 5.73926301369924 0
0 0

0101101
*
Ed
 1e-07 1 1 0
1  27 0 0 0.250009660487009
0

0101000
+3175 0 -3173 0 *
Ve
1e-07
25.7406436577503 0.0211666666666659 0
0 0

0101101
*
Ed
 1e-07 1 1 0
1  28 0 0 5.71809634703257
0

0101000
+3173 0 -3171 0 *
Ve
1e-07
31.1029058609661 0.0211666666666659 0
0 0

0101101
*
Ed
 1e-07 1 1 0
1  29 0 0 5.36226220321575
0

0101000
+3171 0 -3169 0 *
Ve
1e-07
31.1029058609661 5.73926301369924 0
0 0

0101101
*
Ed
 1e-07 1 1 0
1  30 0 0 5.71809634703257
0

0101000
+3169 0 -3167 0 *
Ve
1e-07
27.0576533182374 5.73926301369924 0
0 0

0101101
*
Ed
 1e-07 1 1 0
1  31 0 0 4.04525254272872
0

0101000
+3167 0 -3165 0 *
Ve
1e-07
27.0576533182374 5.83956243546444 0
0 0

0101101
*
Ed
 1e-07 1 1 0
1  32 0 0 0.1002994217652
0

0101000
+3165 0 -3163 0 *
Ve
1e-07
31.500744741754 5.83952026661598 0
0 0

0101101
*
Ed
 1e-07 1 1 0
1  33 0 0 4.44309142371675
0

0101000
+3163 0 -3161 0 *
Ve
1e-07
31.500744741754 5.73926301369924 0
0 0

0101101
*
Ed
 1e-07 1 1 0
1  34 0 0 0.100257252916748
0

0101000
+3161 0 -3159 0 *
Ve
1e-07
31.2029058609661 5.73926301369924 0
0 0

0101101
*
Ed
 1e-07 1 1 0
1  35 0 0 0.297838880787911
0

0101000
+3159 0 -3157 0 *
Ve
1e-07
31.2029058609661 0.0211666666666659 0
0 0

0101101
*
Ed
 1e-07 1 1 0
1  36 0 0 5.71809634703257
0

0101000
+3157 0 -3155 0 *
Ve
1e-07
36.5927088820132 0.0211666666666659 0
0 0

0101101
*
Ed
 1e-07 1 1 0
1  37 0 0 5.38980302104709
0

0101000
+3155 0 -3153 0 *
Ve
1e-07
36.5927088820132 5.73926301369924 0
0 0

0101101
*
Ed
 1e-07 1 1 0
1  38 0 0 5.71809634703257
0

0101000
+3153 0 -3151 0 *
Ve
1e-07
32.567744741754 5.73926301369924 0
0 0

0101101
*
Ed
 1e-07 1 1 0
1  39 0 0 4.02496414025919
0

0101000
+3151 0 -3149 0 *
Ve
1e-07
32.567744741754 5.8395101398468 0
0 0

0101101
*
Ed
 1e-07 1 1 0
1  40 0 0 0.100247126147564
0

0101000
+3149 0 -3147 0 *
Ve
1e-07
36.936475957126 5.83946867674218 0
0 0

0101101
*
Ed
 1e-07 1 1 0
1  41 0 0 4.36873121556874
0

0101000
+3147 0 -3145 0 *
Ve
1e-07
36.936475957126 5.73926301369924 0
0 0

0101101
*
Ed
 1e-07 1 1 0
1  42 0 0 0.100205663042942
0

0101000
+3145 0 -3143 0 *
Ve
1e-07
36.6927088820132 5.73926301369924 0
0 0

0101101
*
Ed
 1e-07 1 1 0
1  43 0 0 0.2437670751128
0

0101000
+3143 0 -3141 0 *
Ve
1e-07
36.6927088820132 0.0211666666666659 0
0 0

0101101
*
Ed
 1e-07 1 1 0
1  44 0 0 5.71809634703257
0

0101000
+3141 0 -3139 0 *
Ve
1e-07
42.0641513578393 0.0211666666666659 0
0 0

0101101
*
Ed
 1e-07 1 1 0
1  45 0 0 5.37144247582619
0

0101000
+3139 0 -3137 0 *
Ve
1e-07
42.0641513578393 5.73926301369924 0
0 0

0101101
*
Ed
 1e-07 1 1 0
1  46 0 0 5.71809634703257
0

0101000
+3137 0 -3135 0 *
Ve
1e-07
38.003475957126 5.73926301369924 0
0 0

0101101
*
Ed
 1e-07 1 1 0
1  47 0 0 4.06067540071336
0

0101000
+3135 0 -3133 0 *
Ve
1e-07
38.003475957126 5.839458549973 0
0 0

0101101
*
Ed
 1e-07 1 1 0
1  48 0 0 0.100195536273759
0

0101000
+3133 0 -3131 0 *
Ve
1e-07
42.4391313598281 5.83941645169891 0
0 0

0101101
*
Ed
 1e-07 1 1 0
1  49 0 0 4.43565540290191
0

0101000
+3131 0 -3129 0 *
Ve
1e-07
42.4391313598282 5.73926301369924 0
0 0

0101101
*
Ed
 1e-07 1 1 0
1  50 0 0 0.100153437999673
0

0101000
+3129 0 -3127 0 *
Ve
1e-07
42.1641513578393 5.73926301369924 0
0 0

0101101
*
Ed
 1e-07 1 1 0
1  51 0 0 0.274980001988816
0

0101000
+3127 0 -3125 0 *
Ve
1e-07
42.1641513578393 0.0211666666666659 0
0 0

0101101
*
Ed
 1e-07 1 1 0
1  52 0 0 5.71809634703257
0

0101000
+3125 0 -3123 0 *
Ve
1e-07
47.544774106276 0.0211666666666659 0
0 0

0101101
*
Ed
 1e-07 1 1 0
1  53 0 0 5.38062274843664
0

0101000
+3123 0 -3121 0 *
Ve
1e-07
47.544774106276 5.73926301369924 0
0 0

0101101
*
Ed
 1e-07 1 1 0
1  54 0 0 5.71809634703257
0

0101000
+3121 0 -3119 0 *
Ve
1e-07
43.5061313598281 5.73926301369924 0
0 0

0101101
*
Ed
 1e-07 1 1 0
1  55 0 0 4.03864274644786
0

0101000
+3119 0 -3117 0 *
Ve
1e-07
43.5061313598281 5.83940632492973 0
0 0

0101101
*
Ed
 1e-07 1 1 0
1  56 0 0 0.100143311230489
0

0101000
+3117 0 -3115 0 *
Ve
1e-07
47.9020805087353 5.83936460350295 0
0 0

0101101
*
Ed
 1e-07 1 1 0
1  57 0 0 4.39594914910518
0

0101000
+3115 0 -3113 0 *
Ve
1e-07
47.9020805087353 5.73926301369924 0
0 0

0101101
*
Ed
 1e-07 1 1 0
1  58 0 0 0.100101589803715
0

0101000
+3113 0 -3111 0 *
Ve
1e-07
47.644774106276 5.73926301369924 0
0 0

0101101
*
Ed
 1e-07 1 1 0
1  59 0 0 0.257306402459342
0

0101000
+3111 0 -3109 0 *
Ve
1e-07
47.644774106276 0.0211666666666659 0
0 0

0101101
*
Ed
 1e-07 1 1 0
1  60 0 0 5.71809634703257
0

0101000
+3109 0 -3107 0 *
Ve
1e-07
53.0253968547126 0.0211666666666659 0
0 0

0101101
*
Ed
 1e-07 1 1 0
1  61 0 0 5.38062274843663
0

0101000
+3107 0 -3105 0 *
Ve
1e-07
53.0253968547126 5.73926301369924 0
0 0

0101101
*
Ed
 1e-07 1 1 0
1  62 0 0 5.71809634703257
0

0101000
+3105 0 -3103 0 *
Ve
1e-07
48.9690805087353 5.73926301369924 0
0 0

0101101
*
Ed
 1e-07 1 1 0
1  63 0 0 4.05631634597727
0

0101000
+3103 0 -3101 0 *
Ve
1e-07
48.9690805087353 5.83935447673377 0
0 0

0101101
*
Ed
 1e-07 1 1 0
1  64 0 0 0.100091463034531
0

0101000
+3101 0 -3099 0 *
Ve
1e-07
53.3771482742158 5.83931264029065 0
0 0

0101101
*
Ed
 1e-07 1 1 0
1  65 0 0 4.40806776567902
0

0101000
+3099 0 -3097 0 *
Ve
1e-07
53.3771482742158 5.73926301369924 0
0 0

0101101
*
Ed
 1e-07 1 1 0
1  66 0 0 0.100049626591414
0

0101000
+3097 0 -3095 0 *
Ve
1e-07
53.1253968547126 5.73926301369924 0
0 0

0101101
*
Ed
 1e-07 1 1 0
1  67 0 0 0.251751419503222
0

0101000
+3095 0 -3093 0 *
Ve
1e-07
53.1253968547126 0.0211666666666659 0
0 0

0101101
*
Ed
 1e-07 1 1 0
1  68 0 0 5.71809634703257
0

0101000
+3093 0 -3091 0 *
Ve
1e-07
58.5060196031492 0.0211666666666659 0
0 0

0101101
*
Ed
 1e-07 1 1 0
1  69 0 0 5.38062274843664
0

0101000
+3091 0 -3089 0 *
Ve
1e-07
58.5060196031492 5.73926301369924 0
0 0

0101101
*
Ed
 1e-07 1 1 0
1  70 0 0 5.71809634703257
0

0101000
+3089 0 -3087 0 *
Ve
1e-07
54.4441482742158 5.73926301369924 0
0 0

0101101
*
Ed
 1e-07 1 1 0
1  71 0 0 4.06187132893341
0

0101000
+3087 0 -3085 0 *
Ve
1e-07
54.4441482742158 5.83930251352147 0
0 0

0101101
*
Ed
 1e-07 1 1 0
1  72 0 0 0.10003949982223
0

0101000
+3085 0 -3083 0 *
Ve
1e-07
58.6060196031492 5.83926301369925 0
0 0

0101101
*
Ed
 1e-07 1 1 0
1  73 0 0 4.16187132912087
0

0101000
+3083 0 -3081 0 *
Ve
1e-07
58.6060196031492 0.0211666666666659 0
0 0

0101101
*
Ed
 1e-07 1 1 0
1  74 0 0 5.81809634703258
0

0101000
+3081 0 -3079 0 *
Ve
1e-07
66.7932915412505 0.0211666666666659 0
0 0

0101101
*
Ed
 1e-07 1 1 0
1  75 0 0 8.18727193810128
0

0101000
+3079 0 -3077 0 *
Ve
1e-07
66.7932915412505 7.89946741507023 0
0 0

0101101
*
Ed
 1e-07 1 1 0
1  76 0 0 7.87830074840356
0

0101000
+3077 0 -3075 0 *
Ve
1e-07
61.1444298351542 7.89946741507023 0
0 0

0101101
*
Ed
 1e-07 1 1 0
1  77 0 0 5.64886170609628
0

0101000
+3075 0 -3073 0 *
Ve
1e-07
61.1444298351542 8.32354768004595 0
0 0

0101101
*
Ed
 1e-07 1 1 0
1  78 0 0 0.424080264975721
0

0101000
+3073 0 -3071 0 *
Ve
1e-07
61.2444298351543 8.32354768004594 0
0 0

0101101
*
Ed
 1e-07 1 1 0
1  79 0 0 0.100000000000016
0

0101000
+3071 0 -3069 0 *
Ve
1e-07
61.2444298351543 8.09946741507023 0
0 0

0101101
*
Ed
 1e-07 1 1 0
1  80 0 0 0.224080264975711
0

0101000
+3069 0 -3067 0 *
Ve
1e-07
66.7932915412505 8.09946741507023 0
0 0

0101101
*
Ed
 1e-07 1 1 0
1  81 0 0 5.54886170609627
0

0101000
+3067 0 -3065 0 *
Ve
1e-07
66.7932915412505 13.5718145291205 0
0 0

0101101
*
Ed
 1e-07 1 1 0
1  82 0 0 5.47234711405032
0

0101000
+3065 0 -3063 0 *
Ve
1e-07
61.2444298351543 13.5718145291205 0
0 0

0101101
*
Ed
 1e-07 1 1 0
1  83 0 0 5.54886170609627
0

0101000
+3063 0 -3061 0 *
Ve
1e-07
61.2444298351543 9.39054768004595 0
0 0

0101101
*
Ed
 1e-07 1 1 0
1  84 0 0 4.1812668490746
0

0101000
+3061 0 -3059 0 *
Ve
1e-07
61.1444298351542 9.39054768004595 0
0 0

0101101
*
Ed
 1e-07 1 1 0
1  85 0 0 0.100000000000016
0

0101000
+3059 0 -3057 0 *
Ve
1e-07
61.1444298351542 13.9128289385351 0
0 0

0101101
*
Ed
 1e-07 1 1 0
1  86 0 0 4.52228125848916
0

0101000
+3057 0 -3055 0 *
Ve
1e-07
61.2444298351543 13.9128289385351 0
0 0

0101101
*
Ed
 1e-07 1 1 0
1  87 0 0 0.100000000000016
0

0101000
+3055 0 -3053 0 *
Ve
1e-07
61.2444298351543 13.6718145291206 0
0 0

0101101
*
Ed
 1e-07 1 1 0
1  88 0 0 0.241014409414559
0

0101000
+3053 0 -3051 0 *
Ve
1e-07
66.7932915412505 13.6718145291205 0
0 0

0101101
*
Ed
 1e-07 1 1 0
1  89 0 0 5.54886170609627
0

0101000
+3051 0 -3049 0 *
Ve
1e-07
66.7932915412505 19.0376272080007 0
0 0

0101101
*
Ed
 1e-07 1 1 0
1  90 0 0 5.36581267888012
0

0101000
+3049 0 -3047 0 *
Ve
1e-07
61.2444298351543 19.0376272080007 0
0 0

0101101
*
Ed
 1e-07 1 1 0
1  91 0 0 5.54886170609627
0

0101000
+3047 0 -3045 0 *
Ve
1e-07
61.2444298351543 14.9798289385351 0
0 0

0101101
*
Ed
 1e-07 1 1 0
1  92 0 0 4.05779826946555
0

0101000
+3045 0 -3043 0 *
Ve
1e-07
61.1444298351542 14.9798289385351 0
0 0

0101101
*
Ed
 1e-07 1 1 0
1  93 0 0 0.100000000000016
0

0101000
+3043 0 -3041 0 *
Ve
1e-07
61.1444298351542 19.3498825525245 0
0 0

0101101
*
Ed
 1e-07 1 1 0
1  94 0 0 4.37005361398935
0

0101000
+3041 0 -3039 0 *
Ve
1e-07
61.2444298351543 19.3498825525245 0
0 0

0101101
*
Ed
 1e-07 1 1 0
1  95 0 0 0.100000000000016
0

0101000
+3039 0 -3037 0 *
Ve
1e-07
61.2444298351543 19.1376272080007 0
0 0

0101101
*
Ed
 1e-07 1 1 0
1  96 0 0 0.212255344523811
0

0101000
+3037 0 -3035 0 *
Ve
1e-07
66.7932915412505 19.1376272080007 0
0 0

0101101
*
Ed
 1e-07 1 1 0
1  97 0 0 5.54886170609627
0

0101000
+3035 0 -3033 0 *
Ve
1e-07
66.7932915412505 24.5182865155731 0
0 0

0101101
*
Ed
 1e-07 1 1 0
1  98 0 0 5.38065930757244
0

0101000
+3033 0 -3031 0 *
Ve
1e-07
61.2444298351543 24.5182865155731 0
0 0

0101101
*
Ed
 1e-07 1 1 0
1  99 0 0 5.54886170609627
0

0101000
+3031 0 -3029 0 *
Ve
1e-07
61.2444298351543 20.4168825525245 0
0 0

0101101
*
Ed
 1e-07 1 1 0
1  100 0 0 4.10140396304862
0

0101000
+3029 0 -3027 0 *
Ve
1e-07
61.1444298351542 20.4168825525245 0
0 0

0101101
*
Ed
 1e-07 1 1 0
1  101 0 0 0.100000000000016
0

0101000
+3027 0 -3025 0 *
Ve
1e-07
61.1444298351542 24.8433919914539 0
0 0

0101101
*
Ed
 1e-07 1 1 0
1  102 0 0 4.42650943892947
0

0101000
+3025 0 -3023 0 *
Ve
1e-07
61.2444298351543 24.8433919914539 0
0 0

0101101
*
Ed
 1e-07 1 1 0
1  103 0 0 0.100000000000016
0

0101000
+3023 0 -3021 0 *
Ve
1e-07
61.2444298351543 24.6182865155731 0
0 0

0101101
*
Ed
 1e-07 1 1 0
1  104 0 0 0.225105475880838
0

0101000
+3021 0 -3019 0 *
Ve
1e-07
66.7932915412505 24.6182865155731 0
0 0

0101101
*
Ed
 1e-07 1 1 0
1  105 0 0 5.54886170609627
0

0101000
+3019 0 -3017 0 *
Ve
1e-07
66.7932915412505 28.5532646455076 0
0 0

0101101
*
Ed
 1e-07 1 1 0
1  106 0 0 3.93497812993451
0

0101000
+3017 0 -3015 0 *
Ve
1e-07
61.2444298351543 28.5532646455076 0
0 0

0101101
*
Ed
 1e-07 1 1 0
1  107 0 0 5.54886170609627
0

0101000
+3015 0 -3013 0 *
Ve
1e-07
61.2444298351543 25.9103919914539 0
0 0

0101101
*
Ed
 1e-07 1 1 0
1  108 0 0 2.64287265405368
0

0101000
+3013 0 -3011 0 *
Ve
1e-07
61.1444298351542 25.9103919914539 0
0 0

0101101
*
Ed
 1e-07 1 1 0
1  109 0 0 0.100000000000016
0

0101000
+3011 0 -3009 0 *
Ve
1e-07
61.1444298351542 28.5532646455076 0
0 0

0101101
*
Ed
 1e-07 1 1 0
1  110 0 0 2.64287265405368
0

0101000
+3009 0 -3007 0 *
Ve
1e-07
50.3891667682897 28.5532646455076 0
0 0

0101101
*
Ed
 1e-07 1 1 0
1  111 0 0 10.7552630668645
0

0101000
+3007 0 -3005 0 *
Ve
1e-07
50.3891667682897 22.4116347485016 0
0 0

0101101
*
Ed
 1e-07 1 1 0
1  112 0 0 6.141629897006
0

0101000
+3005 0 -3003 0 *
Ve
1e-07
48.9501847805836 22.4116347485016 0
0 0

0101101
*
Ed
 1e-07 1 1 0
1  113 0 0 1.43898198770617
0

0101000
+3003 0 -3001 0 *
Ve
1e-07
48.9501847806053 22.5116347485016 0
0 0

0101101
*
Ed
 1e-07 1 1 0
1  114 0 0 0.100000000000012
0

0101000
+3001 0 -2999 0 *
Ve
1e-07
50.2891667682898 22.5116347485016 0
0 0

0101101
*
Ed
 1e-07 1 1 0
1  115 0 0 1.33898198768443
0

0101000
+2999 0 -2997 0 *
Ve
1e-07
50.2891667682898 28.5532646455076 0
0 0

0101101
*
Ed
 1e-07 1 1 0
1  116 0 0 6.04162989700599
0

0101000
+2997 0 -2995 0 *
Ve
1e-07
47.6464186550452 28.5532646455076 0
0 0

0101101
*
Ed
 1e-07 1 1 0
1  117 0 0 2.64274811324455
0

0101000
+2995 0 -2993 0 *
Ve
1e-07
47.6464186550452 22.5116347485016 0
0 0

0101101
*
Ed
 1e-07 1 1 0
1  118 0 0 6.04162989700599
0

0101000
+2993 0 -2991 0 *
Ve
1e-07
47.8831847806053 22.5116347485016 0
0 0

0101101
*
Ed
 1e-07 1 1 0
1  119 0 0 0.236766125560102
0

0101000
+2991 0 -2989 0 *
Ve
1e-07
47.8831847805869 22.4116347485016 0
0 0

0101101
*
Ed
 1e-07 1 1 0
1  120 0 0 0.100000000000001
0

0101000
+2989 0 -2987 0 *
Ve
1e-07
46.2240674931993 22.4116347485016 0
0 0

0101101
*
Ed
 1e-07 1 1 0
1  121 0 0 1.65911728738768
0

0101000
+2987 0 -2985 0 *
Ve
1e-07
46.2240674931993 22.5116347485016 0
0 0

0101101
*
Ed
 1e-07 1 1 0
1  122 0 0 0.100000000000001
0

0101000
+2985 0 -2983 0 *
Ve
1e-07
47.5464186550452 22.5116347485016 0
0 0

0101101
*
Ed
 1e-07 1 1 0
1  123 0 0 1.32235116184593
0

0101000
+2983 0 -2981 0 *
Ve
1e-07
47.5464186550452 28.5532646455076 0
0 0

0101101
*
Ed
 1e-07 1 1 0
1  124 0 0 6.04162989700599
0

0101000
+2981 0 -2979 0 *
Ve
1e-07
44.9036705418007 28.5532646455076 0
0 0

0101101
*
Ed
 1e-07 1 1 0
1  125 0 0 2.64274811324457
0

0101000
+2979 0 -2977 0 *
Ve
1e-07
44.9036705418007 22.5116347485016 0
0 0

0101101
*
Ed
 1e-07 1 1 0
1  126 0 0 6.04162989700599
0

0101000
+2977 0 -2975 0 *
Ve
1e-07
45.1570674931993 22.5116347485016 0
0 0

0101101
*
Ed
 1e-07 1 1 0
1  127 0 0 0.253396951398635
0

0101000
+2975 0 -2973 0 *
Ve
1e-07
45.1570674931993 22.4116347485016 0
0 0

0101101
*
Ed
 1e-07 1 1 0
1  128 0 0 0.100000000000012
0

0101000
+2973 0 -2971 0 *
Ve
1e-07
43.4816890589504 22.4116347485016 0
0 0

0101101
*
Ed
 1e-07 1 1 0
1  129 0 0 1.67537843424887
0

0101000
+2971 0 -2969 0 *
Ve
1e-07
43.4816890589504 22.5116347485016 0
0 0

0101101
*
Ed
 1e-07 1 1 0
1  130 0 0 0.100000000000001
0

0101000
+2969 0 -2967 0 *
Ve
1e-07
44.8036705418007 22.5116347485016 0
0 0

0101101
*
Ed
 1e-07 1 1 0
1  131 0 0 1.32198148285028
0

0101000
+2967 0 -2965 0 *
Ve
1e-07
44.8036705418007 28.5532646455076 0
0 0

0101101
*
Ed
 1e-07 1 1 0
1  132 0 0 6.04162989700599
0

0101000
+2965 0 -2963 0 *
Ve
1e-07
42.1779229333903 28.5532646455076 0
0 0

0101101
*
Ed
 1e-07 1 1 0
1  133 0 0 2.62574760841039
0

0101000
+2963 0 -2961 0 *
Ve
1e-07
42.1779229333903 22.5116347485016 0
0 0

0101101
*
Ed
 1e-07 1 1 0
1  134 0 0 6.04162989700599
0

0101000
+2961 0 -2959 0 *
Ve
1e-07
42.4146890589504 22.5116347485016 0
0 0

0101101
*
Ed
 1e-07 1 1 0
1  135 0 0 0.236766125560109
0

0101000
+2959 0 -2957 0 *
Ve
1e-07
42.4146890589504 22.4116347485016 0
0 0

0101101
*
Ed
 1e-07 1 1 0
1  136 0 0 0.100000000000012
0

0101000
+2957 0 -2955 0 *
Ve
1e-07
40.7791156120174 22.4116347485016 0
0 0

0101101
*
Ed
 1e-07 1 1 0
1  137 0 0 1.63557344693303
0

0101000
+2955 0 -2953 0 *
Ve
1e-07
40.7791156120174 22.5116347485016 0
0 0

0101101
*
Ed
 1e-07 1 1 0
1  138 0 0 0.100000000000012
0

0101000
+2953 0 -2951 0 *
Ve
1e-07
42.0779229333902 22.5116347485016 0
0 0

0101101
*
Ed
 1e-07 1 1 0
1  139 0 0 1.29880732137289
0

0101000
+2951 0 -2949 0 *
Ve
1e-07
42.0779229333902 28.5532646455076 0
0 0

0101101
*
Ed
 1e-07 1 1 0
1  140 0 0 6.04162989700599
0

0101000
+2949 0 -2947 0 *
Ve
1e-07
39.4521753249799 28.5532646455076 0
0 0

0101101
*
Ed
 1e-07 1 1 0
1  141 0 0 2.62574760841036
0

0101000
+2947 0 -2945 0 *
Ve
1e-07
39.4521753249799 22.5116347485016 0
0 0

0101101
*
Ed
 1e-07 1 1 0
1  142 0 0 6.04162989700599
0

0101000
+2945 0 -2943 0 *
Ve
1e-07
39.7121156120174 22.5116347485016 0
0 0

0101101
*
Ed
 1e-07 1 1 0
1  143 0 0 0.25994028703748
0

0101000
+2943 0 -2941 0 *
Ve
1e-07
39.7121156120174 22.4116347485016 0
0 0

0101101
*
Ed
 1e-07 1 1 0
1  144 0 0 0.100000000000012
0

0101000
+2941 0 -2939 0 *
Ve
1e-07
38.0188601722402 22.4116347485016 0
0 0

0101101
*
Ed
 1e-07 1 1 0
1  145 0 0 1.69325543977722
0

0101000
+2939 0 -2937 0 *
Ve
1e-07
38.0188601722402 22.5116347485016 0
0 0

0101101
*
Ed
 1e-07 1 1 0
1  146 0 0 0.100000000000012
0

0101000
+2937 0 -2935 0 *
Ve
1e-07
39.3521753249799 22.5116347485016 0
0 0

0101101
*
Ed
 1e-07 1 1 0
1  147 0 0 1.33331515273974
0

0101000
+2935 0 -2933 0 *
Ve
1e-07
39.3521753249799 28.5532646455076 0
0 0

0101101
*
Ed
 1e-07 1 1 0
1  148 0 0 6.04162989700599
0

0101000
+2933 0 -2931 0 *
Ve
1e-07
36.7150940466801 28.5532646455076 0
0 0

0101101
*
Ed
 1e-07 1 1 0
1  149 0 0 2.63708127829985
0

0101000
+2931 0 -2929 0 *
Ve
1e-07
36.7150940466801 22.5116347485016 0
0 0

0101101
*
Ed
 1e-07 1 1 0
1  150 0 0 6.04162989700599
0

0101000
+2929 0 -2927 0 *
Ve
1e-07
36.9518601722402 22.5116347485016 0
0 0

0101101
*
Ed
 1e-07 1 1 0
1  151 0 0 0.236766125560116
0

0101000
+2927 0 -2925 0 *
Ve
1e-07
36.9518601722402 22.4116347485016 0
0 0

0101101
*
Ed
 1e-07 1 1 0
1  152 0 0 0.100000000000012
0

0101000
+2925 0 -2923 0 *
Ve
1e-07
35.279955139098 22.4116347485016 0
0 0

0101101
*
Ed
 1e-07 1 1 0
1  153 0 0 1.67190503314217
0

0101000
+2923 0 -2921 0 *
Ve
1e-07
35.279955139098 22.5116347485016 0
0 0

0101101
*
Ed
 1e-07 1 1 0
1  154 0 0 0.100000000000012
0

0101000
+2921 0 -2919 0 *
Ve
1e-07
36.61509404668 22.5116347485016 0
0 0

0101101
*
Ed
 1e-07 1 1 0
1  155 0 0 1.33513890758204
0

0101000
+2919 0 -2917 0 *
Ve
1e-07
36.61509404668 28.5532646455076 0
0 0

0101101
*
Ed
 1e-07 1 1 0
1  156 0 0 6.04162989700599
0

0101000
+2917 0 -2915 0 *
Ve
1e-07
33.9780127683802 28.5532646455076 0
0 0

0101101
*
Ed
 1e-07 1 1 0
1  157 0 0 2.63708127829984
0

0101000
+2915 0 -2913 0 *
Ve
1e-07
33.9780127683802 22.5116347485016 0
0 0

0101101
*
Ed
 1e-07 1 1 0
1  158 0 0 6.04162989700599
0

0101000
+2913 0 -2911 0 *
Ve
1e-07
34.212955139098 22.5116347485016 0
0 0

0101101
*
Ed
 1e-07 1 1 0
1  159 0 0 0.234942370717796
0

0101000
+2911 0 -2909 0 *
Ve
1e-07
34.212955139098 22.4116347485016 0
0 0

0101101
*
Ed
 1e-07 1 1 0
1  160 0 0 0.100000000000012
0

0101000
+2909 0 -2907 0 *
Ve
1e-07
32.5503644505852 22.4116347485016 0
0 0

0101101
*
Ed
 1e-07 1 1 0
1  161 0 0 1.66259068851276
0

0101000
+2907 0 -2905 0 *
Ve
1e-07
32.5503644505852 22.5116347485016 0
0 0

0101101
*
Ed
 1e-07 1 1 0
1  162 0 0 0.100000000000012
0

0101000
+2905 0 -2903 0 *
Ve
1e-07
33.8780127683802 22.5116347485016 0
0 0

0101101
*
Ed
 1e-07 1 1 0
1  163 0 0 1.327648317795
0

0101000
+2903 0 -2901 0 *
Ve
1e-07
33.8780127683802 28.5532646455076 0
0 0

0101101
*
Ed
 1e-07 1 1 0
1  164 0 0 6.04162989700599
0

0101000
+2901 0 -2899 0 *
Ve
1e-07
31.2465983250251 28.5532646455076 0
0 0

0101101
*
Ed
 1e-07 1 1 0
1  165 0 0 2.63141444335511
0

0101000
+2899 0 -2897 0 *
Ve
1e-07
31.2465983250251 22.5116347485016 0
0 0

0101101
*
Ed
 1e-07 1 1 0
1  166 0 0 6.04162989700599
0

0101000
+2897 0 -2895 0 *
Ve
1e-07
31.4833644505852 22.5116347485016 0
0 0

0101101
*
Ed
 1e-07 1 1 0
1  167 0 0 0.236766125560099
0

0101000
+2895 0 -2893 0 *
Ve
1e-07
31.4833644505852 22.4116347485016 0
0 0

0101101
*
Ed
 1e-07 1 1 0
1  168 0 0 0.100000000000012
0

0101000
+2893 0 -2891 0 *
Ve
1e-07
29.8410264347758 22.4116347485016 0
0 0

0101101
*
Ed
 1e-07 1 1 0
1  169 0 0 1.64233801580946
0

0101000
+2891 0 -2889 0 *
Ve
1e-07
29.8410264347758 22.5116347485016 0
0 0

0101101
*
Ed
 1e-07 1 1 0
1  170 0 0 0.100000000000012
0

0101000
+2889 0 -2887 0 *
Ve
1e-07
31.1465983250251 22.5116347485016 0
0 0

0101101
*
Ed
 1e-07 1 1 0
1  171 0 0 1.30557189024933
0

0101000
+2887 0 -2885 0 *
Ve
1e-07
31.1465983250251 28.5532646455076 0
0 0

0101101
*
Ed
 1e-07 1 1 0
1  172 0 0 6.04162989700599
0

0101000
+2885 0 -2883 0 *
Ve
1e-07
28.51518388167 28.5532646455076 0
0 0

0101101
*
Ed
 1e-07 1 1 0
1  173 0 0 2.63141444335511
0

0101000
+2883 0 -2881 0 *
Ve
1e-07
28.51518388167 22.5116347485016 0
0 0

0101101
*
Ed
 1e-07 1 1 0
1  174 0 0 6.04162989700599
0

0101000
+2881 0 -2879 0 *
Ve
1e-07
28.7740264347758 22.5116347485016 0
0 0

0101101
*
Ed
 1e-07 1 1 0
1  175 0 0 0.258842553105779
0

0101000
+2879 0 -2877 0 *
Ve
1e-07
28.7740264347758 22.4116347485016 0
0 0

0101101
*
Ed
 1e-07 1 1 0
1  176 0 0 0.100000000000001
0

0101000
+2877 0 -2875 0 *
Ve
1e-07
27.0701762159459 22.4116347485016 0
0 0

0101101
*
Ed
 1e-07 1 1 0
1  177 0 0 1.70385021882987
0

0101000
+2875 0 -2873 0 *
Ve
1e-07
27.0701762159459 22.5116347485016 0
0 0

0101101
*
Ed
 1e-07 1 1 0
1  178 0 0 0.100000000000001
0

0101000
+2873 0 -2871 0 *
Ve
1e-07
28.41518388167 22.5116347485016 0
0 0

0101101
*
Ed
 1e-07 1 1 0
1  179 0 0 1.34500766572409
0

0101000
+2871 0 -2869 0 *
Ve
1e-07
28.41518388167 28.5532646455076 0
0 0

0101101
*
Ed
 1e-07 1 1 0
1  180 0 0 6.04162989700599
0

0101000
+2869 0 -2867 0 *
Ve
1e-07
25.7664100903858 28.5532646455076 0
0 0

0101101
*
Ed
 1e-07 1 1 0
1  181 0 0 2.64877379128421
0

0101000
+2867 0 -2865 0 *
Ve
1e-07
25.7664100903858 22.5116347485016 0
0 0

0101101
*
Ed
 1e-07 1 1 0
1  182 0 0 6.04162989700599
0

0101000
+2865 0 -2863 0 *
Ve
1e-07
26.0031762159459 22.5116347485016 0
0 0

0101101
*
Ed
 1e-07 1 1 0
1  183 0 0 0.236766125560109
0

0101000
+2863 0 -2861 0 *
Ve
1e-07
26.0031762159459 22.4116347485016 0
0 0

0101101
*
Ed
 1e-07 1 1 0
1  184 0 0 0.100000000000012
0

0101000
+2861 0 -2859 0 *
Ve
1e-07
24.3117500775578 22.4116347485016 0
0 0

0101101
*
Ed
 1e-07 1 1 0
1  185 0 0 1.69142613838807
0

0101000
+2859 0 -2857 0 *
Ve
1e-07
24.3117500775579 22.5116347485016 0
0 0

0101101
*
Ed
 1e-07 1 1 0
1  186 0 0 0.100000000000012
0

0101000
+2857 0 -2855 0 *
Ve
1e-07
25.6664100903858 22.5116347485016 0
0 0

0101101
*
Ed
 1e-07 1 1 0
1  187 0 0 1.35466001282794
0

0101000
+2855 0 -2853 0 *
Ve
1e-07
25.6664100903858 28.5532646455076 0
0 0

0101101
*
Ed
 1e-07 1 1 0
1  188 0 0 6.04162989700599
0

0101000
+2853 0 -2851 0 *
Ve
1e-07
23.0176362991016 28.5532646455076 0
0 0

0101101
*
Ed
 1e-07 1 1 0
1  189 0 0 2.64877379128423
0

0101000
+2851 0 -2849 0 *
Ve
1e-07
23.0176362991016 22.5116347485016 0
0 0

0101101
*
Ed
 1e-07 1 1 0
1  190 0 0 6.04162989700599
0

0101000
+2849 0 -2847 0 *
Ve
1e-07
23.2447500775578 22.5116347485016 0
0 0

0101101
*
Ed
 1e-07 1 1 0
1  191 0 0 0.227113778456278
0

0101000
+2847 0 -2845 0 *
Ve
1e-07
23.2447500775578 22.4116347485016 0
0 0

0101101
*
Ed
 1e-07 1 1 0
1  192 0 0 0.100000000000001
0

0101000
+2845 0 -2843 0 *
Ve
1e-07
21.4796599501842 22.4116347485016 0
0 0

0101101
*
Ed
 1e-07 1 1 0
1  193 0 0 1.76509012737362
0

0101000
+2843 0 -2841 0 *
Ve
1e-07
21.4796599501842 22.5116347485016 0
0 0

0101101
*
Ed
 1e-07 1 1 0
1  194 0 0 0.100000000000012
0

0101000
+2841 0 -2839 0 *
Ve
1e-07
22.9176362991016 22.5116347485016 0
0 0

0101101
*
Ed
 1e-07 1 1 0
1  195 0 0 1.43797634891733
0

0101000
+2839 0 -2837 0 *
Ve
1e-07
22.9176362991016 28.5532646455076 0
0 0

0101101
*
Ed
 1e-07 1 1 0
1  196 0 0 6.04162989700599
0

0101000
+2837 0 -2835 0 *
Ve
1e-07
20.1758938246241 28.5532646455076 0
0 0

0101101
*
Ed
 1e-07 1 1 0
1  197 0 0 2.74174247447743
0

0101000
+2835 0 -2833 0 *
Ve
1e-07
20.1758938246241 22.5116347485016 0
0 0

0101101
*
Ed
 1e-07 1 1 0
1  198 0 0 6.04162989700599
0

0101000
+2833 0 -2831 0 *
Ve
1e-07
20.4126599501842 22.5116347485016 0
0 0

0101101
*
Ed
 1e-07 1 1 0
1  199 0 0 0.236766125560102
0

0101000
+2831 0 -2829 0 *
Ve
1e-07
20.4126599501842 22.4116347485016 0
0 0

0101101
*
Ed
 1e-07 1 1 0
1  200 0 0 0.100000000000012
0

0101000
+2829 0 -2827 0 *
Ve
1e-07
18.6379174757068 22.4116347485016 0
0 0

0101101
*
Ed
 1e-07 1 1 0
1  201 0 0 1.77474247447745
0

0101000
+2827 0 -2825 0 *
Ve
1e-07
18.6379174757068 22.5116347485016 0
0 0

0101101
*
Ed
 1e-07 1 1 0
1  202 0 0 0.100000000000012
0

0101000
+2825 0 -2823 0 *
Ve
1e-07
20.0758938246241 22.5116347485016 0
0 0

0101101
*
Ed
 1e-07 1 1 0
1  203 0 0 1.43797634891734
0

0101000
+2823 0 -2821 0 *
Ve
1e-07
20.0758938246241 28.5532646455076 0
0 0

0101101
*
Ed
 1e-07 1 1 0
1  204 0 0 6.04162989700599
0

0101000
+2821 0 -2819 0 *
Ve
1e-07
17.3341513501467 28.5532646455076 0
0 0

0101101
*
Ed
 1e-07 1 1 0
1  205 0 0 2.74174247447743
0

0101000
+2819 0 -2817 0 *
Ve
1e-07
17.3341513501467 22.5116347485016 0
0 0

0101101
*
Ed
 1e-07 1 1 0
1  206 0 0 6.04162989700599
0

0101000
+2817 0 -2815 0 *
Ve
1e-07
17.5709174757068 22.5116347485016 0
0 0

0101101
*
Ed
 1e-07 1 1 0
1  207 0 0 0.236766125560109
0

0101000
+2815 0 -2813 0 *
Ve
1e-07
17.5709174757068 22.4116347485016 0
0 0

0101101
*
Ed
 1e-07 1 1 0
1  208 0 0 0.100000000000012
0

0101000
+2813 0 -2811 0 *
Ve
1e-07
17.2341513501467 22.4116347485016 0
0 0

0101101
*
Ed
 1e-07 1 1 0
1  209 0 0 0.336766125560111
0

0101000
+2811 0 -2809 0 *
Ve
1e-07
17.2341513501467 28.5532646455076 0
0 0

0101101
*
Ed
 1e-07 1 1 0
1  210 0 0 6.141629897006
0

0101000
+2809 0 -2807 0 *
Ve
1e-07
14.7130503068082 28.5532646455076 0
0 0

0101101
*
Ed
 1e-07 1 1 0
1  211 0 0 2.52110104333847
0

0101000
+2807 0 -2805 0 *
Ve
1e-07
14.7130503068082 26.9744215582945 0
0 0

0101101
*
Ed
 1e-07 1 1 0
1  212 0 0 1.57884308721316
0

0101000
+2805 0 -2803 0 *
Ve
1e-07
14.6130503068082 26.974421558314 0
0 0

0101101
*
Ed
 1e-07 1 1 0
1  213 0 0 0.0999999999999996
0

0101000
+2803 0 -2801 0 *
Ve
1e-07
14.6130503068082 28.5532646455076 0
0 0

0101101
*
Ed
 1e-07 1 1 0
1  214 0 0 1.57884308719361
0

0101000
+2801 0 -2799 0 *
Ve
1e-07
8.925 28.5532646455076 0
0 0

0101101
*
Ed
 1e-07 1 1 0
1  215 0 0 5.68805030680819
0

0101000
+2799 0 -2797 0 *
Ve
1e-07
8.92475264908698 25.5824496970046 0
0 0

0101101
*
Ed
 1e-07 1 1 0
1  216 0 0 2.97081495880024
0

0101000
+2797 0 -2795 0 *
Ve
1e-07
14.6130503068082 25.5824496970046 0
0 0

0101101
*
Ed
 1e-07 1 1 0
1  217 0 0 5.68829765772121
0

0101000
+2795 0 -2793 0 *
Ve
1e-07
14.6130503068082 25.907421558314 0
0 0

0101101
*
Ed
 1e-07 1 1 0
1  218 0 0 0.32497186130939
0

0101000
+2793 0 -2791 0 *
Ve
1e-07
14.7130503068082 25.9074215582971 0
0 0

0101101
*
Ed
 1e-07 1 1 0
1  219 0 0 0.0999999999999996
0

0101000
+2791 0 -2789 0 *
Ve
1e-07
14.7130503068082 23.903606609811 0
0 0

0101101
*
Ed
 1e-07 1 1 0
1  220 0 0 2.00381494848614
0

0101000
+2789 0 -2787 0 *
Ve
1e-07
14.6130503068082 23.903606609811 0
0 0

0101101
*
Ed
 1e-07 1 1 0
1  221 0 0 0.0999999999999996
0

0101000
+2787 0 -2785 0 *
Ve
1e-07
14.6130503068082 25.4824496970046 0
0 0

0101101
*
Ed
 1e-07 1 1 0
1  222 0 0 1.57884308719361
0

0101000
+2785 0 -2783 0 *
Ve
1e-07
8.9247506020325 25.4824496971722 0
0 0

0101101
*
Ed
 1e-07 1 1 0
1  223 0 0 5.68829970477569
0

0101000
+2783 0 -2781 0 *
Ve
1e-07
8.92450529817397 22.5116347485016 0
0 0

0101101
*
Ed
 1e-07 1 1 0
1  224 0 0 2.97081495879813
0

0101000
+2781 0 -2779 0 *
Ve
1e-07
14.6130503068082 22.5116347485016 0
0 0

0101101
*
Ed
 1e-07 1 1 0
1  225 0 0 5.68854500863422
0

0101000
+2779 0 -2777 0 *
Ve
1e-07
14.6130503068082 22.836606609811 0
0 0

0101101
*
Ed
 1e-07 1 1 0
1  226 0 0 0.32497186130939
0

0101000
+2777 0 -2775 0 *
Ve
1e-07
14.7130503068082 22.836606609811 0
0 0

0101101
*
Ed
 1e-07 1 1 0
1  227 0 0 0.0999999999999996
0

0101000
+2775 0 -2773 0 *
Ve
1e-07
14.7130503068082 21.1568376913577 0
0 0

0101101
*
Ed
 1e-07 1 1 0
1  228 0 0 1.67976891845333
0

0101000
+2773 0 -2771 0 *
Ve
1e-07
14.6130503068082 21.1568376913577 0
0 0

0101101
*
Ed
 1e-07 1 1 0
1  229 0 0 0.0999999999999996
0

0101000
+2771 0 -2769 0 *
Ve
1e-07
14.6130503068082 22.4116347485016 0
0 0

0101101
*
Ed
 1e-07 1 1 0
1  230 0 0 1.25479705714396
0

0101000
+2769 0 -2767 0 *
Ve
1e-07
8.92475264908698 22.4116347485016 0
0 0

0101101
*
Ed
 1e-07 1 1 0
1  231 0 0 5.68829765772121
0

0101000
+2767 0 -2765 0 *
Ve
1e-07
8.92440406220379 19.7648658300483 0
0 0

0101101
*
Ed
 1e-07 1 1 0
1  232 0 0 2.64676894140827
0

0101000
+2765 0 -2763 0 *
Ve
1e-07
14.6130503068082 19.7648658300483 0
0 0

0101101
*
Ed
 1e-07 1 1 0
1  233 0 0 5.6886462446044
0

0101000
+2763 0 -2761 0 *
Ve
1e-07
14.6130503068082 20.0898376913577 0
0 0

0101101
*
Ed
 1e-07 1 1 0
1  234 0 0 0.32497186130939
0

0101000
+2761 0 -2759 0 *
Ve
1e-07
14.7130503068082 20.0898376913577 0
0 0

0101101
*
Ed
 1e-07 1 1 0
1  235 0 0 0.0999999999999996
0

0101000
+2759 0 -2757 0 *
Ve
1e-07
14.7130503068082 18.4181103833215 0
0 0

0101101
*
Ed
 1e-07 1 1 0
1  236 0 0 1.67172730803622
0

0101000
+2757 0 -2755 0 *
Ve
1e-07
14.6130503068082 18.4181103833215 0
0 0

0101101
*
Ed
 1e-07 1 1 0
1  237 0 0 0.0999999999999996
0

0101000
+2755 0 -2753 0 *
Ve
1e-07
14.6130503068082 19.6648658300483 0
0 0

0101101
*
Ed
 1e-07 1 1 0
1  238 0 0 1.24675544672682
0

0101000
+2753 0 -2751 0 *
Ve
1e-07
8.92440083068036 19.664865830466 0
0 0

0101101
*
Ed
 1e-07 1 1 0
1  239 0 0 5.68864947612784
0

0101000
+2751 0 -2749 0 *
Ve
1e-07
8.9240554753206 17.0180969115949 0
0 0

0101101
*
Ed
 1e-07 1 1 0
1  240 0 0 2.64676894140236
0

0101000
+2749 0 -2747 0 *
Ve
1e-07
14.6130503068082 17.0180969115949 0
0 0

0101101
*
Ed
 1e-07 1 1 0
1  241 0 0 5.68899483148759
0

0101000
+2747 0 -2745 0 *
Ve
1e-07
14.6130503068082 17.3511103833215 0
0 0

0101101
*
Ed
 1e-07 1 1 0
1  242 0 0 0.33301347172652
0

0101000
+2745 0 -2743 0 *
Ve
1e-07
14.7130503068082 17.3511103833215 0
0 0

0101101
*
Ed
 1e-07 1 1 0
1  243 0 0 0.0999999999999996
0

0101000
+2743 0 -2741 0 *
Ve
1e-07
14.7130503068082 15.6835278076017 0
0 0

0101101
*
Ed
 1e-07 1 1 0
1  244 0 0 1.66758257571976
0

0101000
+2741 0 -2739 0 *
Ve
1e-07
14.6130503068082 15.6835278076017 0
0 0

0101101
*
Ed
 1e-07 1 1 0
1  245 0 0 0.0999999999999996
0

0101000
+2739 0 -2737 0 *
Ve
1e-07
14.6130503068082 16.9180969115949 0
0 0

0101101
*
Ed
 1e-07 1 1 0
1  246 0 0 1.23456910399327
0

0101000
+2737 0 -2735 0 *
Ve
1e-07
8.9245277376603 16.9180969115949 0
0 0

0101101
*
Ed
 1e-07 1 1 0
1  247 0 0 5.68852256914789
0

0101000
+2735 0 -2733 0 *
Ve
1e-07
8.92406835137265 14.2915559462923 0
0 0

0101101
*
Ed
 1e-07 1 1 0
1  248 0 0 2.62654100547636
0

0101000
+2733 0 -2731 0 *
Ve
1e-07
14.6130503068082 14.2915559462923 0
0 0

0101101
*
Ed
 1e-07 1 1 0
1  249 0 0 5.68898195543554
0

0101000
+2731 0 -2729 0 *
Ve
1e-07
14.6130503068082 14.6165278076017 0
0 0

0101101
*
Ed
 1e-07 1 1 0
1  250 0 0 0.324971861309399
0

0101000
+2729 0 -2727 0 *
Ve
1e-07
14.7130503068082 14.6165278076017 0
0 0

0101101
*
Ed
 1e-07 1 1 0
1  251 0 0 0.0999999999999996
0

0101000
+2727 0 -2725 0 *
Ve
1e-07
14.7130503068082 12.821176375996 0
0 0

0101101
*
Ed
 1e-07 1 1 0
1  252 0 0 1.79535143160568
0

0101000
+2725 0 -2723 0 *
Ve
1e-07
14.6130503068082 12.821176375996 0
0 0

0101101
*
Ed
 1e-07 1 1 0
1  253 0 0 0.0999999999999996
0

0101000
+2723 0 -2721 0 *
Ve
1e-07
14.6130503068082 14.1915559462923 0
0 0

0101101
*
Ed
 1e-07 1 1 0
1  254 0 0 1.3703795702963
0

0101000
+2721 0 -2719 0 *
Ve
1e-07
8.92406406051481 14.1915559470287 0
0 0

0101101
*
Ed
 1e-07 1 1 0
1  255 0 0 5.68898624629338
0

0101000
+2719 0 -2717 0 *
Ve
1e-07
8.92360896508504 11.5650149809896 0
0 0

0101101
*
Ed
 1e-07 1 1 0
1  256 0 0 2.62654100546585
0

0101000
+2717 0 -2715 0 *
Ve
1e-07
14.6130503068082 11.5650149809896 0
0 0

0101101
*
Ed
 1e-07 1 1 0
1  257 0 0 5.68944134172315
0

0101000
+2715 0 -2713 0 *
Ve
1e-07
14.6130503068082 11.754176375996 0
0 0

0101101
*
Ed
 1e-07 1 1 0
1  258 0 0 0.189161395006369
0

0101000
+2713 0 -2711 0 *
Ve
1e-07
14.7130503068082 11.754176375996 0
0 0

0101101
*
Ed
 1e-07 1 1 0
1  259 0 0 0.0999999999999996
0

0101000
+2711 0 -2709 0 *
Ve
1e-07
14.7130503068082 11.4650149809896 0
0 0

0101101
*
Ed
 1e-07 1 1 0
1  260 0 0 0.28916139500636
0

0101000
+2709 0 -2707 0 *
Ve
1e-07
8.92430448254251 11.4650149809896 0
0 0

0101101
*
Ed
 1e-07 1 1 0
1  261 0 0 5.78874582426568
0

0101000
+2707 0 -2705 0 *
Ed
 1e-07 1 1 0
1  262 0 0 5.6252805535278
0

0101000
+2705 0 -3226 0 *
Wi

0101100
+3224 0 +3222 0 +3220 0 +3218 0 +3216 0 +3214 0 +3212 0 +3210 0 +3208 0 +3206 0 
+3204 0 +3202 0 +3200 0 +3198 0 +3196 0 +3194 0 +3192 0 +3190 0 +3188 0 +3186 0 
+3184 0 +3182 0 +3180 0 +3178 0 +3176 0 +3174 0 +3172 0 +3170 0 +3168 0 +3166 0 
+3164 0 +3162 0 +3160 0 +3158 0 +3156 0 +3154 0 +3152 0 +3150 0 +3148 0 +3146 0 
+3144 0 +3142 0 +3140 0 +3138 0 +3136 0 +3134 0 +3132 0 +3130 0 +3128 0 +3126 0 
+3124 0 +3122 0 +3120 0 +3118 0 +3116 0 +3114 0 +3112 0 +3110 0 +3108 0 +3106 0 
+3104 0 +3102 0 +3100 0 +3098 0 +3096 0 +3094 0 +3092 0 +3090 0 +3088 0 +3086 0 
+3084 0 +3082 0 +3080 0 +3078 0 +3076 0 +3074 0 +3072 0 +3070 0 +3068 0 +3066 0 
+3064 0 +3062 0 +3060 0 +3058 0 +3056 0 +3054 0 +3052 0 +3050 0 +3048 0 +3046 0 
+3044 0 +3042 0 +3040 0 +3038 0 +3036 0 +3034 0 +3032 0 +3030 0 +3028 0 +3026 0 
+3024 0 +3022 0 +3020 0 +3018 0 +3016 0 +3014 0 +3012 0 +3010 0 +3008 0 +3006 0 
+3004 0 +3002 0 +3000 0 +2998 0 +2996 0 +2994 0 +2992 0 +2990 0 +2988 0 +2986 0 
+2984 0 +2982 0 +2980 0 +2978 0 +2976 0 +2974 0 +2972 0 +2970 0 +2968 0 +2966 0 
+2964 0 +2962 0 +2960 0 +2958 0 +2956 0 +2954 0 +2952 0 +2950 0 +2948 0 +2946 0 
+2944 0 +2942 0 +2940 0 +2938 0 +2936 0 +2934 0 +2932 0 +2930 0 +2928 0 +2926 0 
+2924 0 +2922 0 +2920 0 +2918 0 +2916 0 +2914 0 +2912 0 +2910 0 +2908 0 +2906 0 
+2904 0 +2902 0 +2900 0 +2898 0 +2896 0 +2894 0 +2892 0 +2890 0 +2888 0 +2886 0 
+2884 0 +2882 0 +2880 0 +2878 0 +2876 0 +2874 0 +2872 0 +2870 0 +2868 0 +2866 0 
+2864 0 +2862 0 +2860 0 +2858 0 +2856 0 +2854 0 +2852 0 +2850 0 +2848 0 +2846 0 
+2844 0 +2842 0 +2840 0 +2838 0 +2836 0 +2834 0 +2832 0 +2830 0 +2828 0 +2826 0 
+2824 0 +2822 0 +2820 0 +2818 0 +2816 0 +2814 0 +2812 0 +2810 0 +2808 0 +2806 0 
+2804 0 +2802 0 +2800 0 +2798 0 +2796 0 +2794 0 +2792 0 +2790 0 +2788 0 +2786 0 
+2784 0 +2782 0 +2780 0 +2778 0 +2776 0 +2774 0 +2772 0 +2770 0 +2768 0 +2766 0 
+2764 0 +2762 0 +2760 0 +2758 0 +2756 0 +2754 0 +2752 0 +2750 0 +2748 0 +2746 0 
+2744 0 +2742 0 +2740 0 +2738 0 +2736 0 +2734 0 +2732 0 +2730 0 +2728 0 +2726 0 
+2724 0 +2722 0 +2720 0 +2718 0 +2716 0 +2714 0 +2712 0 +2710 0 +2708 0 +2706 0 
+2704 0 +2703 0 *
Ve
1e-07
46.6702698044636 17.7652980147817 0
0 0

0101101
*
Ve
1e-07
51.529844139893 17.7652980147817 0
0 0

0101101
*
Ed
 1e-07 1 1 0
1  263 0 0 4.85957433542933
0

0101000
+2701 0 -2700 0 *
Ve
1e-07
51.529844139893 17.9962549085511 0
0 0

0101101
*
Ed
 1e-07 1 1 0
1  264 0 0 0.23095689376936
0

0101000
+2700 0 -2698 0 *
Ve
1e-07
51.629844139893 17.9962549085511 0
0 0

0101101
*
Ed
 1e-07 1 1 0
1  265 0 0 0.0999999999999872
0

0101000
+2698 0 -2696 0 *
Ve
1e-07
51.629844139893 14.1965394348194 0
0 0

0101101
*
Ed
 1e-07 1 1 0
1  266 0 0 3.79971547373171
0

0101000
+2696 0 -2694 0 *
Ve
1e-07
48.1472422067152 14.1965394348194 0
0 0

0101101
*
Ed
 1e-07 1 1 0
1  267 0 0 3.48260193317777
0

0101000
+2694 0 -2692 0 *
Ve
1e-07
48.1472422067152 14.2965394348194 0
0 0

0101101
*
Ed
 1e-07 1 1 0
1  268 0 0 0.0999999999999908
0

0101000
+2692 0 -2690 0 *
Ve
1e-07
51.529844139893 14.2965394348194 0
0 0

0101101
*
Ed
 1e-07 1 1 0
1  269 0 0 3.38260193317778
0

0101000
+2690 0 -2688 0 *
Ve
1e-07
51.529844139893 17.6652980147817 0
0 0

0101101
*
Ed
 1e-07 1 1 0
1  270 0 0 3.36875857996236
0

0101000
+2688 0 -2686 0 *
Ve
1e-07
46.6702698044636 17.6652980147817 0
0 0

0101101
*
Ed
 1e-07 1 1 0
1  271 0 0 4.85957433542933
0

0101000
+2686 0 -2684 0 *
Ve
1e-07
46.6666367950605 14.2965394204949 0
0 0

0101101
*
Ed
 1e-07 1 1 0
1  272 0 0 3.36876055328054
0

0101000
+2684 0 -2682 0 *
Ve
1e-07
47.0802422067152 14.2965394348194 0
0 0

0101101
*
Ed
 1e-07 1 1 0
1  273 0 0 0.413605411654679
0

0101000
+2682 0 -2680 0 *
Ve
1e-07
47.0802422067152 14.1965394348194 0
0 0

0101101
*
Ed
 1e-07 1 1 0
1  274 0 0 0.0999999999999908
0

0101000
+2680 0 -2678 0 *
Ve
1e-07
46.218686987487 14.1965394348194 0
0 0

0101101
*
Ed
 1e-07 1 1 0
1  275 0 0 0.861555219228144
0

0101000
+2678 0 -2676 0 *
Ve
1e-07
46.218686987487 14.2965394348194 0
0 0

0101101
*
Ed
 1e-07 1 1 0
1  276 0 0 0.0999999999999908
0

0101000
+2676 0 -2674 0 *
Ve
1e-07
46.56666350021 14.2965394348194 0
0 0

0101101
*
Ed
 1e-07 1 1 0
1  277 0 0 0.347976512723008
0

0101000
+2674 0 -2672 0 *
Ve
1e-07
46.5730383094343 20.2515373967991 0
0 0

0101101
*
Ed
 1e-07 1 1 0
1  278 0 0 5.95500137408673
0

0101000
+2672 0 -2670 0 *
Ve
1e-07
46.218686987487 20.2515286574505 0
0 0

0101101
*
Ed
 1e-07 1 1 0
1  279 0 0 0.354351322055018
0

0101000
+2670 0 -2668 0 *
Ve
1e-07
46.218686987487 20.3514303471306 0
0 0

0101101
*
Ed
 1e-07 1 1 0
1  280 0 0 0.0999016896801272
0

0101000
+2668 0 -2666 0 *
Ve
1e-07
51.629844139893 20.3514303471306 0
0 0

0101101
*
Ed
 1e-07 1 1 0
1  281 0 0 5.41115715240593
0

0101000
+2666 0 -2664 0 *
Ve
1e-07
51.629844139893 19.0632549085511 0
0 0

0101101
*
Ed
 1e-07 1 1 0
1  282 0 0 1.28817543857957
0

0101000
+2664 0 -2662 0 *
Ve
1e-07
51.529844139893 19.0632549085511 0
0 0

0101101
*
Ed
 1e-07 1 1 0
1  283 0 0 0.0999999999999872
0

0101000
+2662 0 -2660 0 *
Ve
1e-07
51.529844139893 20.2514303471306 0
0 0

0101101
*
Ed
 1e-07 1 1 0
1  284 0 0 1.18817543857956
0

0101000
+2660 0 -2658 0 *
Ve
1e-07
46.6730382521361 20.2514303471306 0
0 0

0101101
*
Ed
 1e-07 1 1 0
1  285 0 0 4.85680588775686
0

0101000
+2658 0 -2656 0 *
Ed
 1e-07 1 1 0
1  286 0 0 2.48613387375924
0

0101000
+2656 0 -2701 0 *
Wi

0101100
+2699 0 +2697 0 +2695 0 +2693 0 +2691 0 +2689 0 +2687 0 +2685 0 +2683 0 +2681 0 
+2679 0 +2677 0 +2675 0 +2673 0 +2671 0 +2669 0 +2667 0 +2665 0 +2663 0 +2661 0 
+2659 0 +2657 0 +2655 0 +2654 0 *
Ve
1e-07
45.151686987487 20.3514303471306 0
0 0

0101101
*
Ve
1e-07
45.151686987487 20.2515023420841 0
0 0

0101101
*
Ed
 1e-07 1 1 0
1  287 0 0 0.0999280050465785
0

0101000
+2652 0 -2651 0 *
Ve
1e-07
42.2325326790825 20.2514303471306 0
0 0

0101101
*
Ed
 1e-07 1 1 0
1  288 0 0 2.91915430929233
0

0101000
+2651 0 -2649 0 *
Ve
1e-07
42.2325326790825 14.2965394348194 0
0 0

0101101
*
Ed
 1e-07 1 1 0
1  289 0 0 5.95489091231127
0

0101000
+2649 0 -2647 0 *
Ve
1e-07
45.151686987487 14.2965394348194 0
0 0

0101101
*
Ed
 1e-07 1 1 0
1  290 0 0 2.91915430840453
0

0101000
+2647 0 -2645 0 *
Ve
1e-07
45.151686987487 14.1965394348194 0
0 0

0101101
*
Ed
 1e-07 1 1 0
1  291 0 0 0.0999999999999908
0

0101000
+2645 0 -2643 0 *
Ve
1e-07
42.1325326790825 14.1965394348194 0
0 0

0101101
*
Ed
 1e-07 1 1 0
1  292 0 0 3.01915430840455
0

0101000
+2643 0 -2641 0 *
Ve
1e-07
42.1325326790825 20.3514303471306 0
0 0

0101101
*
Ed
 1e-07 1 1 0
1  293 0 0 6.15489091231127
0

0101000
+2641 0 -2639 0 *
Ed
 1e-07 1 1 0
1  294 0 0 3.01915430840455
0

0101000
+2639 0 -2652 0 *
Wi

0101100
+2650 0 +2648 0 +2646 0 +2644 0 +2642 0 +2640 0 +2638 0 +2637 0 *
Ve
1e-07
29.5833958719833 7.89946741507021 0
0 0

0101101
*
Ve
1e-07
29.5833958719833 7.99946741507022 0
0 0

0101101
*
Ed
 1e-07 1 1 0
1  295 0 0 0.100000000000009
0

0101000
+2635 0 -2634 0 *
Ve
1e-07
34.7549365238798 7.99946741507022 0
0 0

0101101
*
Ed
 1e-07 1 1 0
1  296 0 0 5.17154065189646
0

0101000
+2634 0 -2632 0 *
Ve
1e-07
34.7549365238798 7.89946741507021 0
0 0

0101101
*
Ed
 1e-07 1 1 0
1  297 0 0 0.100000000000009
0

0101000
+2632 0 -2630 0 *
Ed
 1e-07 1 1 0
1  298 0 0 5.17154065189646
0

0101000
+2630 0 -2635 0 *
Wi

0101100
+2633 0 +2631 0 +2629 0 +2628 0 *
Ve
1e-07
41.6598658579696 7.89946741507021 0
0 0

0101101
*
Ve
1e-07
41.6598658579696 8.09946741507023 0
0 0

0101101
*
Ed
 1e-07 1 1 0
1  299 0 0 0.200000000000017
0

0101000
+2626 0 -2625 0 *
Ve
1e-07
42.0325326790825 8.09946741507023 0
0 0

0101101
*
Ed
 1e-07 1 1 0
1  300 0 0 0.372666821112865
0

0101000
+2625 0 -2623 0 *
Ve
1e-07
42.0325326790825 11.3743667501782 0
0 0

0101101
*
Ed
 1e-07 1 1 0
1  301 0 0 3.27489933510797
0

0101000
+2623 0 -2621 0 *
Ve
1e-07
39.4951335670109 11.3743667501782 0
0 0

0101101
*
Ed
 1e-07 1 1 0
1  302 0 0 2.53739911207155
0

0101000
+2621 0 -2619 0 *
Ve
1e-07
39.4951335670109 8.09946741507023 0
0 0

0101101
*
Ed
 1e-07 1 1 0
1  303 0 0 3.27489933510797
0

0101000
+2619 0 -2617 0 *
Ve
1e-07
39.8498658579696 8.09946741507023 0
0 0

0101101
*
Ed
 1e-07 1 1 0
1  304 0 0 0.354732290958694
0

0101000
+2617 0 -2615 0 *
Ve
1e-07
39.8498658579696 7.89946741507021 0
0 0

0101101
*
Ed
 1e-07 1 1 0
1  305 0 0 0.200000000000017
0

0101000
+2615 0 -2613 0 *
Ve
1e-07
36.5649365238797 7.89946741507021 0
0 0

0101101
*
Ed
 1e-07 1 1 0
1  306 0 0 3.28492933408985
0

0101000
+2613 0 -2611 0 *
Ve
1e-07
36.5649365238798 7.99946741507022 0
0 0

0101101
*
Ed
 1e-07 1 1 0
1  307 0 0 0.100000000000009
0

0101000
+2611 0 -2609 0 *
Ve
1e-07
39.2951335670109 7.99946741507022 0
0 0

0101101
*
Ed
 1e-07 1 1 0
1  308 0 0 2.73019704313112
0

0101000
+2609 0 -2607 0 *
Ve
1e-07
39.2951335670109 11.4743667501782 0
0 0

0101101
*
Ed
 1e-07 1 1 0
1  309 0 0 3.47489933510798
0

0101000
+2607 0 -2605 0 *
Ve
1e-07
25.628905139006 11.4743667501782 0
0 0

0101101
*
Ed
 1e-07 1 1 0
1  310 0 0 13.6662284280049
0

0101000
+2605 0 -2603 0 *
Ve
1e-07
25.628905139006 11.4052293687747 0
0 0

0101101
*
Ed
 1e-07 1 1 0
1  311 0 0 0.0691373814034595
0

0101000
+2603 0 -2601 0 *
Ve
1e-07
25.628905139006 7.99946741507022 0
0 0

0101101
*
Ed
 1e-07 1 1 0
1  312 0 0 3.40576195370453
0

0101000
+2601 0 -2599 0 *
Ve
1e-07
27.7733958719833 7.99946741507022 0
0 0

0101101
*
Ed
 1e-07 1 1 0
1  313 0 0 2.14449073297729
0

0101000
+2599 0 -2597 0 *
Ve
1e-07
27.7733958719833 7.89946741507021 0
0 0

0101101
*
Ed
 1e-07 1 1 0
1  314 0 0 0.100000000000009
0

0101000
+2597 0 -2595 0 *
Ve
1e-07
25.528905139006 7.89946741507021 0
0 0

0101101
*
Ed
 1e-07 1 1 0
1  315 0 0 2.24449073297732
0

0101000
+2595 0 -2593 0 *
Ve
1e-07
25.528905139006 20.3514303471306 0
0 0

0101101
*
Ed
 1e-07 1 1 0
1  316 0 0 12.4519629320604
0

0101000
+2593 0 -2591 0 *
Ve
1e-07
29.2655919024602 20.3514303471306 0
0 0

0101101
*
Ed
 1e-07 1 1 0
1  317 0 0 3.73668676345419
0

0101000
+2591 0 -2589 0 *
Ve
1e-07
29.2655919024602 20.2514303471307 0
0 0

0101101
*
Ed
 1e-07 1 1 0
1  318 0 0 0.0999999999999872
0

0101000
+2589 0 -2587 0 *
Ve
1e-07
25.628905139006 20.2514303471307 0
0 0

0101101
*
Ed
 1e-07 1 1 0
1  319 0 0 3.63668676345421
0

0101000
+2587 0 -2585 0 *
Ve
1e-07
25.628905139006 11.5743667501782 0
0 0

0101101
*
Ed
 1e-07 1 1 0
1  320 0 0 8.67706359695245
0

0101000
+2585 0 -2583 0 *
Ve
1e-07
33.8429383690265 11.5743667501782 0
0 0

0101101
*
Ed
 1e-07 1 1 0
1  321 0 0 8.21403323002053
0

0101000
+2583 0 -2581 0 *
Ve
1e-07
33.8429383690265 20.2514303471307 0
0 0

0101101
*
Ed
 1e-07 1 1 0
1  322 0 0 8.67706359695245
0

0101000
+2581 0 -2579 0 *
Ve
1e-07
30.3325919024602 20.2514303471307 0
0 0

0101101
*
Ed
 1e-07 1 1 0
1  323 0 0 3.51034646656635
0

0101000
+2579 0 -2577 0 *
Ve
1e-07
30.3325919024602 20.3514303471306 0
0 0

0101101
*
Ed
 1e-07 1 1 0
1  324 0 0 0.0999999999999872
0

0101000
+2577 0 -2575 0 *
Ve
1e-07
34.2040039939188 20.3514303471306 0
0 0

0101101
*
Ed
 1e-07 1 1 0
1  325 0 0 3.87141209145861
0

0101000
+2575 0 -2573 0 *
Ve
1e-07
34.2040039939188 20.2514303471307 0
0 0

0101101
*
Ed
 1e-07 1 1 0
1  326 0 0 0.0999999999999872
0

0101000
+2573 0 -2571 0 *
Ve
1e-07
33.9429383690265 20.2514303471307 0
0 0

0101101
*
Ed
 1e-07 1 1 0
1  327 0 0 0.261065624892254
0

0101000
+2571 0 -2569 0 *
Ve
1e-07
33.9429383690265 15.3920381690948 0
0 0

0101101
*
Ed
 1e-07 1 1 0
1  328 0 0 4.85939217803591
0

0101000
+2569 0 -2567 0 *
Ve
1e-07
39.2951335670109 15.3920381690948 0
0 0

0101101
*
Ed
 1e-07 1 1 0
1  329 0 0 5.35219519798434
0

0101000
+2567 0 -2565 0 *
Ve
1e-07
39.2951335670109 20.2514303471306 0
0 0

0101101
*
Ed
 1e-07 1 1 0
1  330 0 0 4.85939217803589
0

0101000
+2565 0 -2563 0 *
Ve
1e-07
35.2710039939188 20.2514303471307 0
0 0

0101101
*
Ed
 1e-07 1 1 0
1  331 0 0 4.02412957309211
0

0101000
+2563 0 -2561 0 *
Ve
1e-07
35.2710039939188 20.3514303471306 0
0 0

0101101
*
Ed
 1e-07 1 1 0
1  332 0 0 0.0999999999999872
0

0101000
+2561 0 -2559 0 *
Ve
1e-07
39.3951335670109 20.3514303471306 0
0 0

0101101
*
Ed
 1e-07 1 1 0
1  333 0 0 4.12412957309213
0

0101000
+2559 0 -2557 0 *
Ve
1e-07
39.3951335670109 13.9783768140164 0
0 0

0101101
*
Ed
 1e-07 1 1 0
1  334 0 0 6.37305353311428
0

0101000
+2557 0 -2555 0 *
Ve
1e-07
39.2951335670109 13.9783768140164 0
0 0

0101101
*
Ed
 1e-07 1 1 0
1  335 0 0 0.100000000000016
0

0101000
+2555 0 -2553 0 *
Ve
1e-07
39.2951335670109 15.2920381690948 0
0 0

0101101
*
Ed
 1e-07 1 1 0
1  336 0 0 1.31366135507839
0

0101000
+2553 0 -2551 0 *
Ve
1e-07
33.9429383690265 15.2920381690948 0
0 0

0101101
*
Ed
 1e-07 1 1 0
1  337 0 0 5.35219519798434
0

0101000
+2551 0 -2549 0 *
Ve
1e-07
33.9429383690265 11.5743667501782 0
0 0

0101101
*
Ed
 1e-07 1 1 0
1  338 0 0 3.71767141891655
0

0101000
+2549 0 -2547 0 *
Ve
1e-07
39.2951335670109 11.5743667501782 0
0 0

0101101
*
Ed
 1e-07 1 1 0
1  339 0 0 5.35219519798436
0

0101000
+2547 0 -2545 0 *
Ve
1e-07
39.2951335670109 12.9113768140164 0
0 0

0101101
*
Ed
 1e-07 1 1 0
1  340 0 0 1.33701006383816
0

0101000
+2545 0 -2543 0 *
Ve
1e-07
39.3951335670109 12.9113768140164 0
0 0

0101101
*
Ed
 1e-07 1 1 0
1  341 0 0 0.100000000000016
0

0101000
+2543 0 -2541 0 *
Ve
1e-07
39.3951335670109 11.5743667501782 0
0 0

0101101
*
Ed
 1e-07 1 1 0
1  342 0 0 1.33701006383816
0

0101000
+2541 0 -2539 0 *
Ve
1e-07
42.4525520557685 11.5743667501782 0
0 0

0101101
*
Ed
 1e-07 1 1 0
1  343 0 0 3.05741848875764
0

0101000
+2539 0 -2537 0 *
Ve
1e-07
42.4525520557685 11.4743667501782 0
0 0

0101101
*
Ed
 1e-07 1 1 0
1  344 0 0 0.100000000000001
0

0101000
+2537 0 -2535 0 *
Ve
1e-07
42.2325326790825 11.4743667501782 0
0 0

0101101
*
Ed
 1e-07 1 1 0
1  345 0 0 0.220019376686068
0

0101000
+2535 0 -2533 0 *
Ve
1e-07
42.2325326790825 7.99946741507022 0
0 0

0101101
*
Ed
 1e-07 1 1 0
1  346 0 0 3.47489933510799
0

0101000
+2533 0 -2531 0 *
Ve
1e-07
46.5666635574469 7.99946741507022 0
0 0

0101101
*
Ed
 1e-07 1 1 0
1  347 0 0 4.33413087836445
0

0101000
+2531 0 -2529 0 *
Ve
1e-07
46.5666635574469 11.4743667501782 0
0 0

0101101
*
Ed
 1e-07 1 1 0
1  348 0 0 3.47489933510799
0

0101000
+2529 0 -2527 0 *
Ve
1e-07
43.5195520557685 11.4743667501782 0
0 0

0101101
*
Ed
 1e-07 1 1 0
1  349 0 0 3.04711150167842
0

0101000
+2527 0 -2525 0 *
Ve
1e-07
43.5195520557685 11.5743667501782 0
0 0

0101101
*
Ed
 1e-07 1 1 0
1  350 0 0 0.100000000000001
0

0101000
+2525 0 -2523 0 *
Ve
1e-07
50.113800854176 11.5743667501782 0
0 0

0101101
*
Ed
 1e-07 1 1 0
1  351 0 0 6.59424879840748
0

0101000
+2523 0 -2521 0 *
Ve
1e-07
50.113800854176 11.4743667501782 0
0 0

0101101
*
Ed
 1e-07 1 1 0
1  352 0 0 0.100000000000001
0

0101000
+2521 0 -2519 0 *
Ve
1e-07
46.6666635574469 11.4743667501782 0
0 0

0101101
*
Ed
 1e-07 1 1 0
1  353 0 0 3.44713729672907
0

0101000
+2519 0 -2517 0 *
Ve
1e-07
46.6666635574469 7.99946741507022 0
0 0

0101101
*
Ed
 1e-07 1 1 0
1  354 0 0 3.47489933510799
0

0101000
+2517 0 -2515 0 *
Ve
1e-07
51.5298441398929 7.99946741507022 0
0 0

0101101
*
Ed
 1e-07 1 1 0
1  355 0 0 4.86318058244602
0

0101000
+2515 0 -2513 0 *
Ve
1e-07
51.5298441398929 11.4743667501782 0
0 0

0101101
*
Ed
 1e-07 1 1 0
1  356 0 0 3.47489933510799
0

0101000
+2513 0 -2511 0 *
Ve
1e-07
51.180800854176 11.4743667501782 0
0 0

0101101
*
Ed
 1e-07 1 1 0
1  357 0 0 0.349043285716938
0

0101000
+2511 0 -2509 0 *
Ve
1e-07
51.180800854176 11.5743667501782 0
0 0

0101101
*
Ed
 1e-07 1 1 0
1  358 0 0 0.100000000000001
0

0101000
+2509 0 -2507 0 *
Ve
1e-07
51.629844139893 11.5743667501782 0
0 0

0101101
*
Ed
 1e-07 1 1 0
1  359 0 0 0.449043285716961
0

0101000
+2507 0 -2505 0 *
Ve
1e-07
51.629844139893 7.89946741507021 0
0 0

0101101
*
Ed
 1e-07 1 1 0
1  360 0 0 3.674899335108
0

0101000
+2505 0 -2503 0 *
Ed
 1e-07 1 1 0
1  361 0 0 9.96997828192337
0

0101000
+2503 0 -2626 0 *
Wi

0101100
+2624 0 +2622 0 +2620 0 +2618 0 +2616 0 +2614 0 +2612 0 +2610 0 +2608 0 +2606 0 
+2604 0 +2602 0 +2600 0 +2598 0 +2596 0 +2594 0 +2592 0 +2590 0 +2588 0 +2586 0 
+2584 0 +2582 0 +2580 0 +2578 0 +2576 0 +2574 0 +2572 0 +2570 0 +2568 0 +2566 0 
+2564 0 +2562 0 +2560 0 +2558 0 +2556 0 +2554 0 +2552 0 +2550 0 +2548 0 +2546 0 
+2544 0 +2542 0 +2540 0 +2538 0 +2536 0 +2534 0 +2532 0 +2530 0 +2528 0 +2526 0 
+2524 0 +2522 0 +2520 0 +2518 0 +2516 0 +2514 0 +2512 0 +2510 0 +2508 0 +2506 0 
+2504 0 +2502 0 +2501 0 *
Ve
1e-07
54.0171866468569 14.2361817172618 0
0 0

0101101
*
Ve
1e-07
54.0171866468569 17.5829398684397 0
0 0

0101101
*
Ed
 1e-07 1 1 0
1  362 0 0 3.34675815117791
0

0101000
+2499 0 -2498 0 *
Ve
1e-07
58.371177498868 17.5829398684397 0
0 0

0101101
*
Ed
 1e-07 1 1 0
1  363 0 0 4.35399085201111
0

0101000
+2498 0 -2496 0 *
Ve
1e-07
58.371177498868 8.09946741507023 0
0 0

0101101
*
Ed
 1e-07 1 1 0
1  364 0 0 9.48347245336949
0

0101000
+2496 0 -2494 0 *
Ve
1e-07
54.0171866468569 8.09946741507022 0
0 0

0101101
*
Ed
 1e-07 1 1 0
1  365 0 0 4.35399085201111
0

0101000
+2494 0 -2492 0 *
Ve
1e-07
54.0171866468569 13.1691817172618 0
0 0

0101101
*
Ed
 1e-07 1 1 0
1  366 0 0 5.0697143021916
0

0101000
+2492 0 -2490 0 *
Ve
1e-07
53.8171866468569 13.1691817172618 0
0 0

0101101
*
Ed
 1e-07 1 1 0
1  367 0 0 0.200000000000003
0

0101000
+2490 0 -2488 0 *
Ve
1e-07
53.8171866468569 7.89946741507021 0
0 0

0101101
*
Ed
 1e-07 1 1 0
1  368 0 0 5.26971430219161
0

0101000
+2488 0 -2486 0 *
Ve
1e-07
58.571177498868 7.89946741507021 0
0 0

0101101
*
Ed
 1e-07 1 1 0
1  369 0 0 4.75399085201111
0

0101000
+2486 0 -2484 0 *
Ve
1e-07
58.571177498868 20.3514303471306 0
0 0

0101101
*
Ed
 1e-07 1 1 0
1  370 0 0 12.4519629320604
0

0101000
+2484 0 -2482 0 *
Ve
1e-07
53.8171866468569 20.3514303471306 0
0 0

0101101
*
Ed
 1e-07 1 1 0
1  371 0 0 4.75399085201111
0

0101000
+2482 0 -2480 0 *
Ve
1e-07
53.8171866468569 19.0632549085511 0
0 0

0101101
*
Ed
 1e-07 1 1 0
1  372 0 0 1.28817543857956
0

0101000
+2480 0 -2478 0 *
Ve
1e-07
53.9171866468569 19.0632549085511 0
0 0

0101101
*
Ed
 1e-07 1 1 0
1  373 0 0 0.0999999999999943
0

0101000
+2478 0 -2476 0 *
Ve
1e-07
53.9171866468569 20.2514303471306 0
0 0

0101101
*
Ed
 1e-07 1 1 0
1  374 0 0 1.18817543857956
0

0101000
+2476 0 -2474 0 *
Ve
1e-07
58.471177498868 20.2514303471306 0
0 0

0101101
*
Ed
 1e-07 1 1 0
1  375 0 0 4.55399085201113
0

0101000
+2474 0 -2472 0 *
Ve
1e-07
58.471177498868 17.7829398684397 0
0 0

0101101
*
Ed
 1e-07 1 1 0
1  376 0 0 2.46849047869092
0

0101000
+2472 0 -2470 0 *
Ve
1e-07
53.9171866468569 17.7829398684397 0
0 0

0101101
*
Ed
 1e-07 1 1 0
1  377 0 0 4.55399085201113
0

0101000
+2470 0 -2468 0 *
Ve
1e-07
53.9171866468569 17.9962549085511 0
0 0

0101101
*
Ed
 1e-07 1 1 0
1  378 0 0 0.213315040111372
0

0101000
+2468 0 -2466 0 *
Ve
1e-07
53.8171866468569 17.9962549085511 0
0 0

0101101
*
Ed
 1e-07 1 1 0
1  379 0 0 0.0999999999999943
0

0101000
+2466 0 -2464 0 *
Ve
1e-07
53.8171866468569 14.2361817172618 0
0 0

0101101
*
Ed
 1e-07 1 1 0
1  380 0 0 3.76007319128928
0

0101000
+2464 0 -2462 0 *
Ed
 1e-07 1 1 0
1  381 0 0 0.200000000000003
0

0101000
+2462 0 -2499 0 *
Wi

0101100
+2497 0 +2495 0 +2493 0 +2491 0 +2489 0 +2487 0 +2485 0 +2483 0 +2481 0 +2479 0 
+2477 0 +2475 0 +2473 0 +2471 0 +2469 0 +2467 0 +2465 0 +2463 0 +2461 0 +2460 0 
*
Ve
1e-07
21.7881422021578 14.2361817172618 0
0 0

0101101
*
Ve
1e-07
21.7881422021578 17.5829398684397 0
0 0

0101101
*
Ed
 1e-07 1 1 0
1  382 0 0 3.34675815117791
0

0101000
+2458 0 -2457 0 *
Ve
1e-07
17.4341513501466 17.5829398684397 0
0 0

0101101
*
Ed
 1e-07 1 1 0
1  383 0 0 4.35399085201112
0

0101000
+2457 0 -2455 0 *
Ve
1e-07
17.4341513501466 8.09946741507023 0
0 0

0101101
*
Ed
 1e-07 1 1 0
1  384 0 0 9.48347245336949
0

0101000
+2455 0 -2453 0 *
Ve
1e-07
21.7881422021578 8.09946741507022 0
0 0

0101101
*
Ed
 1e-07 1 1 0
1  385 0 0 4.35399085201112
0

0101000
+2453 0 -2451 0 *
Ve
1e-07
21.7881422021578 13.1691817172618 0
0 0

0101101
*
Ed
 1e-07 1 1 0
1  386 0 0 5.0697143021916
0

0101000
+2451 0 -2449 0 *
Ve
1e-07
21.9881422021578 13.1691817172618 0
0 0

0101101
*
Ed
 1e-07 1 1 0
1  387 0 0 0.199999999999992
0

0101000
+2449 0 -2447 0 *
Ve
1e-07
21.9881422021578 7.89946741507021 0
0 0

0101101
*
Ed
 1e-07 1 1 0
1  388 0 0 5.26971430219161
0

0101000
+2447 0 -2445 0 *
Ve
1e-07
17.2341513501467 7.89946741507021 0
0 0

0101101
*
Ed
 1e-07 1 1 0
1  389 0 0 4.7539908520111
0

0101000
+2445 0 -2443 0 *
Ve
1e-07
17.2341513501467 20.3514303471306 0
0 0

0101101
*
Ed
 1e-07 1 1 0
1  390 0 0 12.4519629320604
0

0101000
+2443 0 -2441 0 *
Ve
1e-07
21.9881422021578 20.3514303471306 0
0 0

0101101
*
Ed
 1e-07 1 1 0
1  391 0 0 4.7539908520111
0

0101000
+2441 0 -2439 0 *
Ve
1e-07
21.9881422021578 19.0632549085511 0
0 0

0101101
*
Ed
 1e-07 1 1 0
1  392 0 0 1.28817543857956
0

0101000
+2439 0 -2437 0 *
Ve
1e-07
21.8881422021578 19.0632549085511 0
0 0

0101101
*
Ed
 1e-07 1 1 0
1  393 0 0 0.0999999999999908
0

0101000
+2437 0 -2435 0 *
Ve
1e-07
21.8881422021578 20.2514303471306 0
0 0

0101101
*
Ed
 1e-07 1 1 0
1  394 0 0 1.18817543857956
0

0101000
+2435 0 -2433 0 *
Ve
1e-07
17.3341513501467 20.2514303471306 0
0 0

0101101
*
Ed
 1e-07 1 1 0
1  395 0 0 4.55399085201111
0

0101000
+2433 0 -2431 0 *
Ve
1e-07
17.3341513501467 17.7829398684397 0
0 0

0101101
*
Ed
 1e-07 1 1 0
1  396 0 0 2.46849047869092
0

0101000
+2431 0 -2429 0 *
Ve
1e-07
21.8881422021578 17.7829398684397 0
0 0

0101101
*
Ed
 1e-07 1 1 0
1  397 0 0 4.55399085201111
0

0101000
+2429 0 -2427 0 *
Ve
1e-07
21.8881422021578 17.9962549085511 0
0 0

0101101
*
Ed
 1e-07 1 1 0
1  398 0 0 0.213315040111372
0

0101000
+2427 0 -2425 0 *
Ve
1e-07
21.9881422021578 17.9962549085511 0
0 0

0101101
*
Ed
 1e-07 1 1 0
1  399 0 0 0.0999999999999908
0

0101000
+2425 0 -2423 0 *
Ve
1e-07
21.9881422021578 14.2361817172618 0
0 0

0101101
*
Ed
 1e-07 1 1 0
1  400 0 0 3.76007319128928
0

0101000
+2423 0 -2421 0 *
Ed
 1e-07 1 1 0
1  401 0 0 0.199999999999992
0

0101000
+2421 0 -2458 0 *
Wi

0101100
+2456 0 +2454 0 +2452 0 +2450 0 +2448 0 +2446 0 +2444 0 +2442 0 +2440 0 +2438 0 
+2436 0 +2434 0 +2432 0 +2430 0 +2428 0 +2426 0 +2424 0 +2422 0 +2420 0 +2419 0 
*
Ve
1e-07
50.5420062503235 23.2025612022354 0
0 0

0101101
*
Ve
1e-07
50.5420062503235 22.4116347485016 0
0 0

0101101
*
Ed
 1e-07 1 1 0
1  402 0 0 0.790926453733771
0

0101000
+2417 0 -2416 0 *
Ve
1e-07
58.7240169809017 22.4116347485016 0
0 0

0101101
*
Ed
 1e-07 1 1 0
1  403 0 0 8.18201073057823
0

0101000
+2416 0 -2414 0 *
Ve
1e-07
58.7240169809017 26.8825857981207 0
0 0

0101101
*
Ed
 1e-07 1 1 0
1  404 0 0 4.47095104961911
0

0101000
+2414 0 -2412 0 *
Ve
1e-07
57.9645237125787 26.8825857981207 0
0 0

0101101
*
Ed
 1e-07 1 1 0
1  405 0 0 0.759493268323048
0

0101000
+2412 0 -2410 0 *
Ve
1e-07
57.9645237125787 23.2025612022354 0
0 0

0101101
*
Ed
 1e-07 1 1 0
1  406 0 0 3.68002459588534
0

0101000
+2410 0 -2408 0 *
Ed
 1e-07 1 1 0
1  407 0 0 7.42251746225518
0

0101000
+2408 0 -2417 0 *
Wi

0101100
+2415 0 +2413 0 +2411 0 +2409 0 +2407 0 +2406 0 *
Ve
1e-07
63.8074015907514 4.92781003086204 0
0 0

0101101
*
Ve
1e-07
65.8312080683936 4.92781003086204 0
0 0

0101101
*
Ed
 1e-07 1 1 0
1  408 0 0 2.02380647764224
0

0101000
+2404 0 -2403 0 *
Ve
1e-07
65.8312080683936 6.91370385993635 0
0 0

0101101
*
Ed
 1e-07 1 1 0
1  409 0 0 1.98589382907431
0

0101000
+2403 0 -2401 0 *
Ve
1e-07
63.8074015907514 6.91370385993635 0
0 0

0101101
*
Ed
 1e-07 1 1 0
1  410 0 0 2.02380647764224
0

0101000
+2401 0 -2399 0 *
Ed
 1e-07 1 1 0
1  411 0 0 1.98589382907431
0

0101000
+2399 0 -2404 0 *
Wi

0101100
+2402 0 +2400 0 +2398 0 +2397 0 *
Ve
1e-07
10.2545367164835 7.73007784088287 0
0 0

0101101
*
Ve
1e-07
12.2783431941257 7.73007784088287 0
0 0

0101101
*
Ed
 1e-07 1 1 0
1  412 0 0 2.02380647764224
0

0101000
+2395 0 -2394 0 *
Ve
1e-07
12.2783431941257 9.71597166995718 0
0 0

0101101
*
Ed
 1e-07 1 1 0
1  413 0 0 1.98589382907431
0

0101000
+2394 0 -2392 0 *
Ve
1e-07
10.2545367164835 9.71597166995718 0
0 0

0101101
*
Ed
 1e-07 1 1 0
1  414 0 0 2.02380647764224
0

0101000
+2392 0 -2390 0 *
Ed
 1e-07 1 1 0
1  415 0 0 1.98589382907431
0

0101000
+2390 0 -2395 0 *
Wi

0101100
+2393 0 +2391 0 +2389 0 +2388 0 *
Ve
1e-07
59.574068257418 1.01197669752871 0
0 0

0101101
*
Ve
1e-07
61.5978747350603 1.01197669752871 0
0 0

0101101
*
Ed
 1e-07 1 1 0
1  416 0 0 2.02380647764224
0

0101000
+2386 0 -2385 0 *
Ve
1e-07
61.5978747350603 2.99787052660302 0
0 0

0101101
*
Ed
 1e-07 1 1 0
1  417 0 0 1.98589382907431
0

0101000
+2385 0 -2383 0 *
Ve
1e-07
59.574068257418 2.99787052660302 0
0 0

0101101
*
Ed
 1e-07 1 1 0
1  418 0 0 2.02380647764224
0

0101000
+2383 0 -2381 0 *
Ed
 1e-07 1 1 0
1  419 0 0 1.98589382907431
0

0101000
+2381 0 -2386 0 *
Wi

0101100
+2384 0 +2382 0 +2380 0 +2379 0 *
Ve
1e-07
63.8074015907514 1.01197669752871 0
0 0

0101101
*
Ve
1e-07
65.8312080683936 1.01197669752871 0
0 0

0101101
*
Ed
 1e-07 1 1 0
1  420 0 0 2.02380647764224
0

0101000
+2377 0 -2376 0 *
Ve
1e-07
65.8312080683936 2.99787052660302 0
0 0

0101101
*
Ed
 1e-07 1 1 0
1  421 0 0 1.98589382907431
0

0101000
+2376 0 -2374 0 *
Ve
1e-07
63.8074015907514 2.99787052660302 0
0 0

0101101
*
Ed
 1e-07 1 1 0
1  422 0 0 2.02380647764224
0

0101000
+2374 0 -2372 0 *
Ed
 1e-07 1 1 0
1  423 0 0 1.98589382907431
0

0101000
+2372 0 -2377 0 *
Wi

0101100
+2375 0 +2373 0 +2371 0 +2370 0 *
Ve
1e-07
51.9914198205147 0.230904671544671 0
0 0

0101101
*
Ve
1e-07
52.8252509577607 0.230904671544671 0
0 0

0101101
*
Ed
 1e-07 1 1 0
1  424 0 0 0.833831137245987
0

0101000
+2368 0 -2367 0 *
Ve
1e-07
52.8252509577607 5.43083333333335 0
0 0

0101101
*
Ed
 1e-07 1 1 0
1  425 0 0 5.19992866178868
0

0101000
+2367 0 -2365 0 *
Ve
1e-07
51.9914198205147 5.43083333333335 0
0 0

0101101
*
Ed
 1e-07 1 1 0
1  426 0 0 0.833831137245987
0

0101000
+2365 0 -2363 0 *
Ed
 1e-07 1 1 0
1  427 0 0 5.19992866178868
0

0101000
+2363 0 -2368 0 *
Wi

0101100
+2366 0 +2364 0 +2362 0 +2361 0 *
Ve
1e-07
47.8089979760586 0.230904671544671 0
0 0

0101101
*
Ve
1e-07
48.6428291133046 0.230904671544671 0
0 0

0101101
*
Ed
 1e-07 1 1 0
1  428 0 0 0.833831137246001
0

0101000
+2359 0 -2358 0 *
Ve
1e-07
48.6428291133046 4.59616666666668 0
0 0

0101101
*
Ed
 1e-07 1 1 0
1  429 0 0 4.36526199512201
0

0101000
+2358 0 -2356 0 *
Ve
1e-07
47.8089979760586 4.59616666666668 0
0 0

0101101
*
Ed
 1e-07 1 1 0
1  430 0 0 0.833831137246001
0

0101000
+2356 0 -2354 0 *
Ed
 1e-07 1 1 0
1  431 0 0 4.36526199512201
0

0101000
+2354 0 -2359 0 *
Wi

0101100
+2357 0 +2355 0 +2353 0 +2352 0 *
Ve
1e-07
46.5092531538481 0.230904671544671 0
0 0

0101101
*
Ve
1e-07
47.3430842910941 0.230904671544671 0
0 0

0101101
*
Ed
 1e-07 1 1 0
1  432 0 0 0.833831137245994
0

0101000
+2350 0 -2349 0 *
Ve
1e-07
47.3430842910941 5.38916595160154 0
0 0

0101101
*
Ed
 1e-07 1 1 0
1  433 0 0 5.15826128005687
0

0101000
+2349 0 -2347 0 *
Ve
1e-07
46.5092531538481 5.38916595160154 0
0 0

0101101
*
Ed
 1e-07 1 1 0
1  434 0 0 0.833831137245994
0

0101000
+2347 0 -2345 0 *
Ed
 1e-07 1 1 0
1  435 0 0 5.15826128005687
0

0101000
+2345 0 -2350 0 *
Wi

0101100
+2348 0 +2346 0 +2344 0 +2343 0 *
Ve
1e-07
42.3479979760586 0.230904671544685 0
0 0

0101101
*
Ve
1e-07
43.1818291133046 0.230904671544685 0
0 0

0101101
*
Ed
 1e-07 1 1 0
1  436 0 0 0.833831137245987
0

0101000
+2341 0 -2340 0 *
Ve
1e-07
43.1818291133046 4.59616666666668 0
0 0

0101101
*
Ed
 1e-07 1 1 0
1  437 0 0 4.36526199512199
0

0101000
+2340 0 -2338 0 *
Ve
1e-07
42.3479979760586 4.59616666666668 0
0 0

0101101
*
Ed
 1e-07 1 1 0
1  438 0 0 0.833831137245987
0

0101000
+2338 0 -2336 0 *
Ed
 1e-07 1 1 0
1  439 0 0 4.36526199512199
0

0101000
+2336 0 -2341 0 *
Wi

0101100
+2339 0 +2337 0 +2335 0 +2334 0 *
Ve
1e-07
41.0694198205148 0.230904671544671 0
0 0

0101101
*
Ve
1e-07
41.9032509577607 0.230904671544671 0
0 0

0101101
*
Ed
 1e-07 1 1 0
1  440 0 0 0.833831137245987
0

0101000
+2332 0 -2331 0 *
Ve
1e-07
41.9032509577607 5.38916595160154 0
0 0

0101101
*
Ed
 1e-07 1 1 0
1  441 0 0 5.15826128005687
0

0101000
+2331 0 -2329 0 *
Ve
1e-07
41.0694198205148 5.38916595160154 0
0 0

0101101
*
Ed
 1e-07 1 1 0
1  442 0 0 0.833831137245987
0

0101000
+2329 0 -2327 0 *
Ed
 1e-07 1 1 0
1  443 0 0 5.15826128005687
0

0101000
+2327 0 -2332 0 *
Wi

0101100
+2330 0 +2328 0 +2326 0 +2325 0 *
Ve
1e-07
36.8869979760586 0.18991666666669 0
0 0

0101101
*
Ve
1e-07
37.7208291133046 0.18991666666669 0
0 0

0101101
*
Ed
 1e-07 1 1 0
1  444 0 0 0.833831137246001
0

0101000
+2323 0 -2322 0 *
Ve
1e-07
37.7208291133046 4.59616666666669 0
0 0

0101101
*
Ed
 1e-07 1 1 0
1  445 0 0 4.40625
0

0101000
+2322 0 -2320 0 *
Ve
1e-07
36.8869979760586 4.59616666666669 0
0 0

0101101
*
Ed
 1e-07 1 1 0
1  446 0 0 0.833831137246001
0

0101000
+2320 0 -2318 0 *
Ed
 1e-07 1 1 0
1  447 0 0 4.40625
0

0101000
+2318 0 -2323 0 *
Wi

0101100
+2321 0 +2319 0 +2317 0 +2316 0 *
Ve
1e-07
35.6084198205147 0.230904671544671 0
0 0

0101101
*
Ve
1e-07
36.4422509577607 0.230904671544671 0
0 0

0101101
*
Ed
 1e-07 1 1 0
1  448 0 0 0.833831137245994
0

0101000
+2314 0 -2313 0 *
Ve
1e-07
36.4422509577607 5.38916595160154 0
0 0

0101101
*
Ed
 1e-07 1 1 0
1  449 0 0 5.15826128005687
0

0101000
+2313 0 -2311 0 *
Ve
1e-07
35.6084198205147 5.38916595160154 0
0 0

0101101
*
Ed
 1e-07 1 1 0
1  450 0 0 0.833831137245994
0

0101000
+2311 0 -2309 0 *
Ed
 1e-07 1 1 0
1  451 0 0 5.15826128005687
0

0101000
+2309 0 -2314 0 *
Wi

0101100
+2312 0 +2310 0 +2308 0 +2307 0 *
Ve
1e-07
31.3624979760586 0.230904671544671 0
0 0

0101101
*
Ve
1e-07
32.1963291133046 0.230904671544671 0
0 0

0101101
*
Ed
 1e-07 1 1 0
1  452 0 0 0.833831137245987
0

0101000
+2305 0 -2304 0 *
Ve
1e-07
32.1963291133046 4.59616666666666 0
0 0

0101101
*
Ed
 1e-07 1 1 0
1  453 0 0 4.36526199512198
0

0101000
+2304 0 -2302 0 *
Ve
1e-07
31.3624979760586 4.59616666666666 0
0 0

0101101
*
Ed
 1e-07 1 1 0
1  454 0 0 0.833831137245987
0

0101000
+2302 0 -2300 0 *
Ed
 1e-07 1 1 0
1  455 0 0 4.36526199512198
0

0101000
+2300 0 -2305 0 *
Wi

0101100
+2303 0 +2301 0 +2299 0 +2298 0 *
Ve
1e-07
30.1050864871814 0.230904671544664 0
0 0

0101101
*
Ve
1e-07
30.9389176244274 0.230904671544664 0
0 0

0101101
*
Ed
 1e-07 1 1 0
1  456 0 0 0.833831137246001
0

0101000
+2296 0 -2295 0 *
Ve
1e-07
30.9389176244274 5.38916595160154 0
0 0

0101101
*
Ed
 1e-07 1 1 0
1  457 0 0 5.15826128005688
0

0101000
+2295 0 -2293 0 *
Ve
1e-07
30.1050864871814 5.38916595160154 0
0 0

0101101
*
Ed
 1e-07 1 1 0
1  458 0 0 0.833831137246001
0

0101000
+2293 0 -2291 0 *
Ed
 1e-07 1 1 0
1  459 0 0 5.15826128005688
0

0101000
+2291 0 -2296 0 *
Wi

0101100
+2294 0 +2292 0 +2290 0 +2289 0 *
Ve
1e-07
25.8591646427253 0.230904671544671 0
0 0

0101101
*
Ve
1e-07
26.6929957799713 0.230904671544671 0
0 0

0101101
*
Ed
 1e-07 1 1 0
1  460 0 0 0.833831137245991
0

0101000
+2287 0 -2286 0 *
Ve
1e-07
26.6929957799713 4.59616666666669 0
0 0

0101101
*
Ed
 1e-07 1 1 0
1  461 0 0 4.36526199512202
0

0101000
+2286 0 -2284 0 *
Ve
1e-07
25.8591646427253 4.59616666666669 0
0 0

0101101
*
Ed
 1e-07 1 1 0
1  462 0 0 0.833831137245991
0

0101000
+2284 0 -2282 0 *
Ed
 1e-07 1 1 0
1  463 0 0 4.36526199512202
0

0101000
+2282 0 -2287 0 *
Wi

0101100
+2285 0 +2283 0 +2281 0 +2280 0 *
Ve
1e-07
24.6229198205147 0.230904671544671 0
0 0

0101101
*
Ve
1e-07
25.4567509577607 0.230904671544671 0
0 0

0101101
*
Ed
 1e-07 1 1 0
1  464 0 0 0.833831137245991
0

0101000
+2278 0 -2277 0 *
Ve
1e-07
25.4567509577607 5.38916595160156 0
0 0

0101101
*
Ed
 1e-07 1 1 0
1  465 0 0 5.15826128005688
0

0101000
+2277 0 -2275 0 *
Ve
1e-07
24.6229198205147 5.38916595160156 0
0 0

0101101
*
Ed
 1e-07 1 1 0
1  466 0 0 0.833831137245991
0

0101000
+2275 0 -2273 0 *
Ed
 1e-07 1 1 0
1  467 0 0 5.15826128005688
0

0101000
+2273 0 -2278 0 *
Wi

0101100
+2276 0 +2274 0 +2272 0 +2271 0 *
Ve
1e-07
20.4404979760586 0.230904671544671 0
0 0

0101101
*
Ve
1e-07
21.2743291133046 0.230904671544671 0
0 0

0101101
*
Ed
 1e-07 1 1 0
1  468 0 0 0.833831137246001
0

0101000
+2269 0 -2268 0 *
Ve
1e-07
21.2743291133046 4.59616666666666 0
0 0

0101101
*
Ed
 1e-07 1 1 0
1  469 0 0 4.36526199512198
0

0101000
+2268 0 -2266 0 *
Ve
1e-07
20.4404979760586 4.59616666666666 0
0 0

0101101
*
Ed
 1e-07 1 1 0
1  470 0 0 0.833831137246001
0

0101000
+2266 0 -2264 0 *
Ed
 1e-07 1 1 0
1  471 0 0 4.36526199512198
0

0101000
+2264 0 -2269 0 *
Wi

0101100
+2267 0 +2265 0 +2263 0 +2262 0 *
Ve
1e-07
19.2042531538481 0.230904671544671 0
0 0

0101101
*
Ve
1e-07
20.0380842910941 0.230904671544671 0
0 0

0101101
*
Ed
 1e-07 1 1 0
1  472 0 0 0.833831137245991
0

0101000
+2260 0 -2259 0 *
Ve
1e-07
20.0380842910941 5.38916595160155 0
0 0

0101101
*
Ed
 1e-07 1 1 0
1  473 0 0 5.15826128005688
0

0101000
+2259 0 -2257 0 *
Ve
1e-07
19.2042531538481 5.38916595160155 0
0 0

0101101
*
Ed
 1e-07 1 1 0
1  474 0 0 0.833831137245991
0

0101000
+2257 0 -2255 0 *
Ed
 1e-07 1 1 0
1  475 0 0 5.15826128005688
0

0101000
+2255 0 -2260 0 *
Wi

0101100
+2258 0 +2256 0 +2254 0 +2253 0 *
Ve
1e-07
14.958331309392 0.230904671544671 0
0 0

0101101
*
Ve
1e-07
15.792162446638 0.230904671544671 0
0 0

0101101
*
Ed
 1e-07 1 1 0
1  476 0 0 0.833831137245991
0

0101000
+2251 0 -2250 0 *
Ve
1e-07
15.792162446638 4.67370135128851 0
0 0

0101101
*
Ed
 1e-07 1 1 0
1  477 0 0 4.44279667974384
0

0101000
+2250 0 -2248 0 *
Ve
1e-07
14.958331309392 4.67370135128851 0
0 0

0101101
*
Ed
 1e-07 1 1 0
1  478 0 0 0.833831137245991
0

0101000
+2248 0 -2246 0 *
Ed
 1e-07 1 1 0
1  479 0 0 4.44279667974384
0

0101000
+2246 0 -2251 0 *
Wi

0101100
+2249 0 +2247 0 +2245 0 +2244 0 *
Ve
1e-07
43.9939708489034 15.6979250307107 0
0 0

0101101
*
Ve
1e-07
45.0573769126041 15.6979250307107 0
0 0

0101101
*
Ed
 1e-07 1 1 0
1  480 0 0 1.0634060637007
0

0101000
+2242 0 -2241 0 *
Ve
1e-07
45.0573769126041 18.8461666666667 0
0 0

0101101
*
Ed
 1e-07 1 1 0
1  481 0 0 3.148241635956
0

0101000
+2241 0 -2239 0 *
Ve
1e-07
43.9939708489034 18.8461666666667 0
0 0

0101101
*
Ed
 1e-07 1 1 0
1  482 0 0 1.0634060637007
0

0101000
+2239 0 -2237 0 *
Ed
 1e-07 1 1 0
1  483 0 0 3.148241635956
0

0101000
+2237 0 -2242 0 *
Wi

0101100
+2240 0 +2238 0 +2236 0 +2235 0 *
Ve
1e-07
55.2439708489034 1.22116666666665 0
0 0

0101101
*
Ve
1e-07
56.3073769126041 1.22116666666665 0
0 0

0101101
*
Ed
 1e-07 1 1 0
1  484 0 0 1.0634060637007
0

0101000
+2233 0 -2232 0 *
Ve
1e-07
56.3073769126041 4.36940830262265 0
0 0

0101101
*
Ed
 1e-07 1 1 0
1  485 0 0 3.148241635956
0

0101000
+2232 0 -2230 0 *
Ve
1e-07
55.2439708489034 4.36940830262265 0
0 0

0101101
*
Ed
 1e-07 1 1 0
1  486 0 0 1.0634060637007
0

0101000
+2230 0 -2228 0 *
Ed
 1e-07 1 1 0
1  487 0 0 3.148241635956
0

0101000
+2228 0 -2233 0 *
Wi

0101100
+2231 0 +2229 0 +2227 0 +2226 0 *
Ve
1e-07
11.0984825284259 1.22116666666665 0
0 0

0101101
*
Ve
1e-07
12.1618885921266 1.22116666666665 0
0 0

0101101
*
Ed
 1e-07 1 1 0
1  488 0 0 1.06340606370071
0

0101000
+2224 0 -2223 0 *
Ve
1e-07
12.1618885921266 4.36940830262265 0
0 0

0101101
*
Ed
 1e-07 1 1 0
1  489 0 0 3.148241635956
0

0101000
+2223 0 -2221 0 *
Ve
1e-07
11.0984825284259 4.36940830262265 0
0 0

0101101
*
Ed
 1e-07 1 1 0
1  490 0 0 1.06340606370071
0

0101000
+2221 0 -2219 0 *
Ed
 1e-07 1 1 0
1  491 0 0 3.148241635956
0

0101000
+2219 0 -2224 0 *
Wi

0101100
+2222 0 +2220 0 +2218 0 +2217 0 *
Ve
1e-07
9.09896414821588 11.807829675647 0
0 0

0101101
*
Ve
1e-07
10.9523613205778 11.807829675647 0
0 0

0101101
*
Ed
 1e-07 1 1 0
1  492 0 0 1.85339717236196
0

0101000
+2215 0 -2214 0 *
Ve
1e-07
10.9523613205778 12.641660812893 0
0 0

0101101
*
Ed
 1e-07 1 1 0
1  493 0 0 0.833831137245991
0

0101000
+2214 0 -2212 0 *
Ve
1e-07
9.09896414821588 12.641660812893 0
0 0

0101101
*
Ed
 1e-07 1 1 0
1  494 0 0 1.85339717236196
0

0101000
+2212 0 -2210 0 *
Ed
 1e-07 1 1 0
1  495 0 0 0.833831137245991
0

0101000
+2210 0 -2215 0 *
Wi

0101100
+2213 0 +2211 0 +2209 0 +2208 0 *
Ve
1e-07
11.6142330368625 13.6383866188737 0
0 0

0101101
*
Ve
1e-07
14.4536790720693 13.6383866188737 0
0 0

0101101
*
Ed
 1e-07 1 1 0
1  496 0 0 2.83944603520675
0

0101000
+2206 0 -2205 0 *
Ve
1e-07
14.4536790720693 14.0553021874967 0
0 0

0101101
*
Ed
 1e-07 1 1 0
1  497 0 0 0.416915568623001
0

0101000
+2205 0 -2203 0 *
Ve
1e-07
11.6142330368625 14.0553021874967 0
0 0

0101101
*
Ed
 1e-07 1 1 0
1  498 0 0 2.83944603520675
0

0101000
+2203 0 -2201 0 *
Ed
 1e-07 1 1 0
1  499 0 0 0.416915568623001
0

0101000
+2201 0 -2206 0 *
Wi

0101100
+2204 0 +2202 0 +2200 0 +2199 0 *
Ve
1e-07
9.09942353450349 14.5343706409496 0
0 0

0101101
*
Ve
1e-07
10.9528207068654 14.5343706409496 0
0 0

0101101
*
Ed
 1e-07 1 1 0
1  500 0 0 1.85339717236195
0

0101000
+2197 0 -2196 0 *
Ve
1e-07
10.9528207068654 15.3682017781956 0
0 0

0101101
*
Ed
 1e-07 1 1 0
1  501 0 0 0.833831137245991
0

0101000
+2196 0 -2194 0 *
Ve
1e-07
9.09942353450349 15.3682017781956 0
0 0

0101101
*
Ed
 1e-07 1 1 0
1  502 0 0 1.85339717236195
0

0101000
+2194 0 -2192 0 *
Ed
 1e-07 1 1 0
1  503 0 0 0.833831137245991
0

0101000
+2192 0 -2197 0 *
Wi

0101100
+2195 0 +2193 0 +2191 0 +2190 0 *
Ve
1e-07
11.6146924231501 16.3649275841764 0
0 0

0101101
*
Ve
1e-07
14.4541384583569 16.3649275841764 0
0 0

0101101
*
Ed
 1e-07 1 1 0
1  504 0 0 2.83944603520675
0

0101000
+2188 0 -2187 0 *
Ve
1e-07
14.4541384583569 16.7818431527994 0
0 0

0101101
*
Ed
 1e-07 1 1 0
1  505 0 0 0.416915568623001
0

0101000
+2187 0 -2185 0 *
Ve
1e-07
11.6146924231501 16.7818431527994 0
0 0

0101101
*
Ed
 1e-07 1 1 0
1  506 0 0 2.83944603520675
0

0101000
+2185 0 -2183 0 *
Ed
 1e-07 1 1 0
1  507 0 0 0.416915568623001
0

0101000
+2183 0 -2188 0 *
Wi

0101100
+2186 0 +2184 0 +2182 0 +2181 0 *
Ve
1e-07
9.09941065845144 17.2609116062523 0
0 0

0101101
*
Ve
1e-07
10.9528078308134 17.2609116062523 0
0 0

0101101
*
Ed
 1e-07 1 1 0
1  508 0 0 1.85339717236195
0

0101000
+2179 0 -2178 0 *
Ve
1e-07
10.9528078308134 18.0947427434983 0
0 0

0101101
*
Ed
 1e-07 1 1 0
1  509 0 0 0.833831137245991
0

0101000
+2178 0 -2176 0 *
Ve
1e-07
9.09941065845144 18.0947427434983 0
0 0

0101101
*
Ed
 1e-07 1 1 0
1  510 0 0 1.85339717236195
0

0101000
+2176 0 -2174 0 *
Ed
 1e-07 1 1 0
1  511 0 0 0.833831137245991
0

0101000
+2174 0 -2179 0 *
Wi

0101100
+2177 0 +2175 0 +2173 0 +2172 0 *
Ve
1e-07
11.6146795470981 19.0914685494791 0
0 0

0101101
*
Ve
1e-07
14.4541255823048 19.0914685494791 0
0 0

0101101
*
Ed
 1e-07 1 1 0
1  512 0 0 2.83944603520675
0

0101000
+2170 0 -2169 0 *
Ve
1e-07
14.4541255823048 19.5083841181021 0
0 0

0101101
*
Ed
 1e-07 1 1 0
1  513 0 0 0.416915568623001
0

0101000
+2169 0 -2167 0 *
Ve
1e-07
11.6146795470981 19.5083841181021 0
0 0

0101101
*
Ed
 1e-07 1 1 0
1  514 0 0 2.83944603520675
0

0101000
+2167 0 -2165 0 *
Ed
 1e-07 1 1 0
1  515 0 0 0.416915568623001
0

0101000
+2165 0 -2170 0 *
Wi

0101100
+2168 0 +2166 0 +2164 0 +2163 0 *
Ve
1e-07
9.09975924533463 20.0076805247056 0
0 0

0101101
*
Ve
1e-07
10.9531564176966 20.0076805247056 0
0 0

0101101
*
Ed
 1e-07 1 1 0
1  516 0 0 1.85339717236195
0

0101000
+2161 0 -2160 0 *
Ve
1e-07
10.9531564176966 20.8415116619516 0
0 0

0101101
*
Ed
 1e-07 1 1 0
1  517 0 0 0.833831137245998
0

0101000
+2160 0 -2158 0 *
Ve
1e-07
9.09975924533463 20.8415116619516 0
0 0

0101101
*
Ed
 1e-07 1 1 0
1  518 0 0 1.85339717236195
0

0101000
+2158 0 -2156 0 *
Ed
 1e-07 1 1 0
1  519 0 0 0.833831137245998
0

0101000
+2156 0 -2161 0 *
Wi

0101100
+2159 0 +2157 0 +2155 0 +2154 0 *
Ve
1e-07
11.6150281339813 21.8382374679324 0
0 0

0101101
*
Ve
1e-07
14.454474169188 21.8382374679324 0
0 0

0101101
*
Ed
 1e-07 1 1 0
1  520 0 0 2.83944603520675
0

0101000
+2152 0 -2151 0 *
Ve
1e-07
14.454474169188 22.2551530365554 0
0 0

0101101
*
Ed
 1e-07 1 1 0
1  521 0 0 0.416915568623001
0

0101000
+2151 0 -2149 0 *
Ve
1e-07
11.6150281339813 22.2551530365554 0
0 0

0101101
*
Ed
 1e-07 1 1 0
1  522 0 0 2.83944603520675
0

0101000
+2149 0 -2147 0 *
Ed
 1e-07 1 1 0
1  523 0 0 0.416915568623001
0

0101000
+2147 0 -2152 0 *
Wi

0101100
+2150 0 +2148 0 +2146 0 +2145 0 *
Ve
1e-07
9.09986048130481 22.754449443159 0
0 0

0101101
*
Ve
1e-07
10.9532576536668 22.754449443159 0
0 0

0101101
*
Ed
 1e-07 1 1 0
1  524 0 0 1.85339717236195
0

0101000
+2143 0 -2142 0 *
Ve
1e-07
10.9532576536668 23.588280580405 0
0 0

0101101
*
Ed
 1e-07 1 1 0
1  525 0 0 0.833831137246001
0

0101000
+2142 0 -2140 0 *
Ve
1e-07
9.09986048130481 23.588280580405 0
0 0

0101101
*
Ed
 1e-07 1 1 0
1  526 0 0 1.85339717236195
0

0101000
+2140 0 -2138 0 *
Ed
 1e-07 1 1 0
1  527 0 0 0.833831137246001
0

0101000
+2138 0 -2143 0 *
Wi

0101100
+2141 0 +2139 0 +2137 0 +2136 0 *
Ve
1e-07
11.6151293699515 24.9025063863858 0
0 0

0101101
*
Ve
1e-07
14.4545754051582 24.9025063863858 0
0 0

0101101
*
Ed
 1e-07 1 1 0
1  528 0 0 2.83944603520675
0

0101000
+2134 0 -2133 0 *
Ve
1e-07
14.4545754051582 25.3194219550087 0
0 0

0101101
*
Ed
 1e-07 1 1 0
1  529 0 0 0.41691556862299
0

0101000
+2133 0 -2131 0 *
Ve
1e-07
11.6151293699515 25.3194219550087 0
0 0

0101101
*
Ed
 1e-07 1 1 0
1  530 0 0 2.83944603520675
0

0101000
+2131 0 -2129 0 *
Ed
 1e-07 1 1 0
1  531 0 0 0.41691556862299
0

0101000
+2129 0 -2134 0 *
Wi

0101100
+2132 0 +2130 0 +2128 0 +2127 0 *
Ve
1e-07
9.10010783221782 25.825264391662 0
0 0

0101101
*
Ve
1e-07
10.9535050045798 25.825264391662 0
0 0

0101101
*
Ed
 1e-07 1 1 0
1  532 0 0 1.85339717236195
0

0101000
+2125 0 -2124 0 *
Ve
1e-07
10.9535050045798 26.659095528908 0
0 0

0101101
*
Ed
 1e-07 1 1 0
1  533 0 0 0.833831137245998
0

0101000
+2124 0 -2122 0 *
Ve
1e-07
9.10010783221782 26.659095528908 0
0 0

0101101
*
Ed
 1e-07 1 1 0
1  534 0 0 1.85339717236195
0

0101000
+2122 0 -2120 0 *
Ed
 1e-07 1 1 0
1  535 0 0 0.833831137245998
0

0101000
+2120 0 -2125 0 *
Wi

0101100
+2123 0 +2121 0 +2119 0 +2118 0 *
Ve
1e-07
11.6245569934749 28.0046716940858 0
0 0

0101101
*
Ve
1e-07
14.4640030286817 28.0046716940858 0
0 0

0101101
*
Ed
 1e-07 1 1 0
1  536 0 0 2.83944603520675
0

0101000
+2116 0 -2115 0 *
Ve
1e-07
14.4640030286817 28.4215872627088 0
0 0

0101101
*
Ed
 1e-07 1 1 0
1  537 0 0 0.416915568623001
0

0101000
+2115 0 -2113 0 *
Ve
1e-07
11.6245569934749 28.4215872627088 0
0 0

0101101
*
Ed
 1e-07 1 1 0
1  538 0 0 2.83944603520675
0

0101000
+2113 0 -2111 0 *
Ed
 1e-07 1 1 0
1  539 0 0 0.416915568623001
0

0101000
+2111 0 -2116 0 *
Wi

0101100
+2114 0 +2112 0 +2110 0 +2109 0 *
Ve
1e-07
19.510266912909 22.7658423414908 0
0 0

0101101
*
Ve
1e-07
19.927182481532 22.7658423414908 0
0 0

0101101
*
Ed
 1e-07 1 1 0
1  540 0 0 0.416915568622979
0

0101000
+2107 0 -2106 0 *
Ve
1e-07
19.927182481532 23.8663155067906 0
0 0

0101101
*
Ed
 1e-07 1 1 0
1  541 0 0 1.10047316529974
0

0101000
+2106 0 -2104 0 *
Ve
1e-07
19.510266912909 23.8663155067906 0
0 0

0101101
*
Ed
 1e-07 1 1 0
1  542 0 0 0.416915568622979
0

0101000
+2104 0 -2102 0 *
Ed
 1e-07 1 1 0
1  543 0 0 1.10047316529974
0

0101000
+2102 0 -2107 0 *
Wi

0101100
+2105 0 +2103 0 +2101 0 +2100 0 *
Ve
1e-07
22.3520093873864 22.7658423414908 0
0 0

0101101
*
Ve
1e-07
22.7689249560094 22.7658423414908 0
0 0

0101101
*
Ed
 1e-07 1 1 0
1  544 0 0 0.41691556862299
0

0101000
+2098 0 -2097 0 *
Ve
1e-07
22.7689249560094 23.8663155067906 0
0 0

0101101
*
Ed
 1e-07 1 1 0
1  545 0 0 1.10047316529974
0

0101000
+2097 0 -2095 0 *
Ve
1e-07
22.3520093873864 23.8663155067906 0
0 0

0101101
*
Ed
 1e-07 1 1 0
1  546 0 0 0.41691556862299
0

0101000
+2095 0 -2093 0 *
Ed
 1e-07 1 1 0
1  547 0 0 1.10047316529974
0

0101000
+2093 0 -2098 0 *
Wi

0101100
+2096 0 +2094 0 +2092 0 +2091 0 *
Ve
1e-07
25.0953566325291 22.762322060526 0
0 0

0101101
*
Ve
1e-07
25.5122722011521 22.762322060526 0
0 0

0101101
*
Ed
 1e-07 1 1 0
1  548 0 0 0.41691556862299
0

0101000
+2089 0 -2088 0 *
Ve
1e-07
25.5122722011521 23.8627952258257 0
0 0

0101101
*
Ed
 1e-07 1 1 0
1  549 0 0 1.10047316529973
0

0101000
+2088 0 -2086 0 *
Ve
1e-07
25.0953566325291 23.8627952258257 0
0 0

0101101
*
Ed
 1e-07 1 1 0
1  550 0 0 0.41691556862299
0

0101000
+2086 0 -2084 0 *
Ed
 1e-07 1 1 0
1  551 0 0 1.10047316529973
0

0101000
+2084 0 -2089 0 *
Wi

0101100
+2087 0 +2085 0 +2083 0 +2082 0 *
Ve
1e-07
27.8441304238134 22.762322060526 0
0 0

0101101
*
Ve
1e-07
28.2610459924363 22.762322060526 0
0 0

0101101
*
Ed
 1e-07 1 1 0
1  552 0 0 0.416915568622979
0

0101000
+2080 0 -2079 0 *
Ve
1e-07
28.2610459924363 23.8627952258257 0
0 0

0101101
*
Ed
 1e-07 1 1 0
1  553 0 0 1.10047316529973
0

0101000
+2079 0 -2077 0 *
Ve
1e-07
27.8441304238134 23.8627952258257 0
0 0

0101101
*
Ed
 1e-07 1 1 0
1  554 0 0 0.416915568622979
0

0101000
+2077 0 -2075 0 *
Ed
 1e-07 1 1 0
1  555 0 0 1.10047316529973
0

0101000
+2075 0 -2080 0 *
Wi

0101100
+2078 0 +2076 0 +2074 0 +2073 0 *
Ve
1e-07
30.5653460217097 22.7705895185423 0
0 0

0101101
*
Ve
1e-07
30.9822615903327 22.7705895185423 0
0 0

0101101
*
Ed
 1e-07 1 1 0
1  556 0 0 0.416915568622979
0

0101000
+2071 0 -2070 0 *
Ve
1e-07
30.9822615903327 23.8710626838421 0
0 0

0101101
*
Ed
 1e-07 1 1 0
1  557 0 0 1.10047316529974
0

0101000
+2070 0 -2068 0 *
Ve
1e-07
30.5653460217097 23.8710626838421 0
0 0

0101101
*
Ed
 1e-07 1 1 0
1  558 0 0 0.416915568622979
0

0101000
+2068 0 -2066 0 *
Ed
 1e-07 1 1 0
1  559 0 0 1.10047316529974
0

0101000
+2066 0 -2071 0 *
Wi

0101100
+2069 0 +2067 0 +2065 0 +2064 0 *
Ve
1e-07
33.2967604650648 22.7705895185423 0
0 0

0101101
*
Ve
1e-07
33.7136760336878 22.7705895185423 0
0 0

0101101
*
Ed
 1e-07 1 1 0
1  560 0 0 0.41691556862299
0

0101000
+2062 0 -2061 0 *
Ve
1e-07
33.7136760336878 23.8710626838421 0
0 0

0101101
*
Ed
 1e-07 1 1 0
1  561 0 0 1.10047316529974
0

0101000
+2061 0 -2059 0 *
Ve
1e-07
33.2967604650648 23.8710626838421 0
0 0

0101101
*
Ed
 1e-07 1 1 0
1  562 0 0 0.41691556862299
0

0101000
+2059 0 -2057 0 *
Ed
 1e-07 1 1 0
1  563 0 0 1.10047316529974
0

0101000
+2057 0 -2062 0 *
Wi

0101100
+2060 0 +2058 0 +2056 0 +2055 0 *
Ve
1e-07
36.0338417433646 22.7705895185423 0
0 0

0101101
*
Ve
1e-07
36.4507573119876 22.7705895185423 0
0 0

0101101
*
Ed
 1e-07 1 1 0
1  564 0 0 0.41691556862299
0

0101000
+2053 0 -2052 0 *
Ve
1e-07
36.4507573119876 23.8710626838421 0
0 0

0101101
*
Ed
 1e-07 1 1 0
1  565 0 0 1.10047316529974
0

0101000
+2052 0 -2050 0 *
Ve
1e-07
36.0338417433646 23.8710626838421 0
0 0

0101101
*
Ed
 1e-07 1 1 0
1  566 0 0 0.41691556862299
0

0101000
+2050 0 -2048 0 *
Ed
 1e-07 1 1 0
1  567 0 0 1.10047316529974
0

0101000
+2048 0 -2053 0 *
Wi

0101100
+2051 0 +2049 0 +2047 0 +2046 0 *
Ve
1e-07
38.7709230216645 22.7705895185423 0
0 0

0101101
*
Ve
1e-07
39.1878385902875 22.7705895185423 0
0 0

0101101
*
Ed
 1e-07 1 1 0
1  568 0 0 0.416915568622983
0

0101000
+2044 0 -2043 0 *
Ve
1e-07
39.1878385902875 23.8710626838421 0
0 0

0101101
*
Ed
 1e-07 1 1 0
1  569 0 0 1.10047316529974
0

0101000
+2043 0 -2041 0 *
Ve
1e-07
38.7709230216645 23.8710626838421 0
0 0

0101101
*
Ed
 1e-07 1 1 0
1  570 0 0 0.416915568622983
0

0101000
+2041 0 -2039 0 *
Ed
 1e-07 1 1 0
1  571 0 0 1.10047316529974
0

0101000
+2039 0 -2044 0 *
Wi

0101100
+2042 0 +2040 0 +2038 0 +2037 0 *
Ve
1e-07
41.4966706300749 22.7705895185423 0
0 0

0101101
*
Ve
1e-07
41.9135861986978 22.7705895185423 0
0 0

0101101
*
Ed
 1e-07 1 1 0
1  572 0 0 0.416915568622983
0

0101000
+2035 0 -2034 0 *
Ve
1e-07
41.9135861986978 23.8710626838421 0
0 0

0101101
*
Ed
 1e-07 1 1 0
1  573 0 0 1.10047316529974
0

0101000
+2034 0 -2032 0 *
Ve
1e-07
41.4966706300749 23.8710626838421 0
0 0

0101101
*
Ed
 1e-07 1 1 0
1  574 0 0 0.416915568622983
0

0101000
+2032 0 -2030 0 *
Ed
 1e-07 1 1 0
1  575 0 0 1.10047316529974
0

0101000
+2030 0 -2035 0 *
Wi

0101100
+2033 0 +2031 0 +2029 0 +2028 0 *
Ve
1e-07
44.2012515718186 22.7494228518757 0
0 0

0101101
*
Ve
1e-07
44.6181671404416 22.7494228518757 0
0 0

0101101
*
Ed
 1e-07 1 1 0
1  576 0 0 0.416915568622969
0

0101000
+2026 0 -2025 0 *
Ve
1e-07
44.6181671404416 23.8498960171754 0
0 0

0101101
*
Ed
 1e-07 1 1 0
1  577 0 0 1.10047316529973
0

0101000
+2025 0 -2023 0 *
Ve
1e-07
44.2012515718186 23.8498960171754 0
0 0

0101101
*
Ed
 1e-07 1 1 0
1  578 0 0 0.416915568622969
0

0101000
+2023 0 -2021 0 *
Ed
 1e-07 1 1 0
1  579 0 0 1.10047316529973
0

0101000
+2021 0 -2026 0 *
Wi

0101100
+2024 0 +2022 0 +2020 0 +2019 0 *
Ve
1e-07
46.9651663517298 22.7705895185423 0
0 0

0101101
*
Ve
1e-07
47.3820819203528 22.7705895185423 0
0 0

0101101
*
Ed
 1e-07 1 1 0
1  580 0 0 0.41691556862299
0

0101000
+2017 0 -2016 0 *
Ve
1e-07
47.3820819203528 23.8710626838421 0
0 0

0101101
*
Ed
 1e-07 1 1 0
1  581 0 0 1.10047316529974
0

0101000
+2016 0 -2014 0 *
Ve
1e-07
46.9651663517298 23.8710626838421 0
0 0

0101101
*
Ed
 1e-07 1 1 0
1  582 0 0 0.41691556862299
0

0101000
+2014 0 -2012 0 *
Ed
 1e-07 1 1 0
1  583 0 0 1.10047316529974
0

0101000
+2012 0 -2017 0 *
Wi

0101100
+2015 0 +2013 0 +2011 0 +2010 0 *
Ve
1e-07
49.7079144649744 22.728256185209 0
0 0

0101101
*
Ve
1e-07
50.1248300335973 22.728256185209 0
0 0

0101101
*
Ed
 1e-07 1 1 0
1  584 0 0 0.416915568622976
0

0101000
+2008 0 -2007 0 *
Ve
1e-07
50.1248300335973 23.8287293505087 0
0 0

0101101
*
Ed
 1e-07 1 1 0
1  585 0 0 1.10047316529973
0

0101000
+2007 0 -2005 0 *
Ve
1e-07
49.7079144649744 23.8287293505087 0
0 0

0101101
*
Ed
 1e-07 1 1 0
1  586 0 0 0.416915568622976
0

0101000
+2005 0 -2003 0 *
Ed
 1e-07 1 1 0
1  587 0 0 1.10047316529973
0

0101000
+2003 0 -2008 0 *
Wi

0101100
+2006 0 +2004 0 +2002 0 +2001 0 *
Ve
1e-07
17.6135060229627 26.4367128612939 0
0 0

0101101
*
Ve
1e-07
18.4473371602087 26.4367128612939 0
0 0

0101101
*
Ed
 1e-07 1 1 0
1  588 0 0 0.833831137245991
0

0101000
+1999 0 -1998 0 *
Ve
1e-07
18.4473371602087 28.2901100336558 0
0 0

0101101
*
Ed
 1e-07 1 1 0
1  589 0 0 1.85339717236194
0

0101000
+1998 0 -1996 0 *
Ve
1e-07
17.6135060229627 28.2901100336558 0
0 0

0101101
*
Ed
 1e-07 1 1 0
1  590 0 0 0.833831137245991
0

0101000
+1996 0 -1994 0 *
Ed
 1e-07 1 1 0
1  591 0 0 1.85339717236194
0

0101000
+1994 0 -1999 0 *
Wi

0101100
+1997 0 +1995 0 +1993 0 +1992 0 *
Ve
1e-07
20.4552484974401 26.4367128612939 0
0 0

0101101
*
Ve
1e-07
21.2890796346861 26.4367128612939 0
0 0

0101101
*
Ed
 1e-07 1 1 0
1  592 0 0 0.833831137245991
0

0101000
+1990 0 -1989 0 *
Ve
1e-07
21.2890796346861 28.2901100336558 0
0 0

0101101
*
Ed
 1e-07 1 1 0
1  593 0 0 1.85339717236194
0

0101000
+1989 0 -1987 0 *
Ve
1e-07
20.4552484974401 28.2901100336558 0
0 0

0101101
*
Ed
 1e-07 1 1 0
1  594 0 0 0.833831137245991
0

0101000
+1987 0 -1985 0 *
Ed
 1e-07 1 1 0
1  595 0 0 1.85339717236194
0

0101000
+1985 0 -1990 0 *
Wi

0101100
+1988 0 +1986 0 +1984 0 +1983 0 *
Ve
1e-07
23.2969909719176 26.4367128612939 0
0 0

0101101
*
Ve
1e-07
24.1308221091636 26.4367128612939 0
0 0

0101101
*
Ed
 1e-07 1 1 0
1  596 0 0 0.833831137245991
0

0101000
+1981 0 -1980 0 *
Ve
1e-07
24.1308221091636 28.2901100336558 0
0 0

0101101
*
Ed
 1e-07 1 1 0
1  597 0 0 1.85339717236194
0

0101000
+1980 0 -1978 0 *
Ve
1e-07
23.2969909719176 28.2901100336558 0
0 0

0101101
*
Ed
 1e-07 1 1 0
1  598 0 0 0.833831137245991
0

0101000
+1978 0 -1976 0 *
Ed
 1e-07 1 1 0
1  599 0 0 1.85339717236194
0

0101000
+1976 0 -1981 0 *
Wi

0101100
+1979 0 +1977 0 +1975 0 +1974 0 *
Ve
1e-07
26.0457647632018 26.4367128612939 0
0 0

0101101
*
Ve
1e-07
26.8795959004478 26.4367128612939 0
0 0

0101101
*
Ed
 1e-07 1 1 0
1  600 0 0 0.833831137245991
0

0101000
+1972 0 -1971 0 *
Ve
1e-07
26.8795959004478 28.2901100336558 0
0 0

0101101
*
Ed
 1e-07 1 1 0
1  601 0 0 1.85339717236194
0

0101000
+1971 0 -1969 0 *
Ve
1e-07
26.0457647632018 28.2901100336558 0
0 0

0101101
*
Ed
 1e-07 1 1 0
1  602 0 0 0.833831137245991
0

0101000
+1969 0 -1967 0 *
Ed
 1e-07 1 1 0
1  603 0 0 1.85339717236194
0

0101000
+1967 0 -1972 0 *
Wi

0101100
+1970 0 +1968 0 +1966 0 +1965 0 *
Ve
1e-07
28.794538554486 26.4367128612939 0
0 0

0101101
*
Ve
1e-07
29.628369691732 26.4367128612939 0
0 0

0101101
*
Ed
 1e-07 1 1 0
1  604 0 0 0.833831137246001
0

0101000
+1963 0 -1962 0 *
Ve
1e-07
29.628369691732 28.2901100336558 0
0 0

0101101
*
Ed
 1e-07 1 1 0
1  605 0 0 1.85339717236194
0

0101000
+1962 0 -1960 0 *
Ve
1e-07
28.794538554486 28.2901100336558 0
0 0

0101101
*
Ed
 1e-07 1 1 0
1  606 0 0 0.833831137246001
0

0101000
+1960 0 -1958 0 *
Ed
 1e-07 1 1 0
1  607 0 0 1.85339717236194
0

0101000
+1958 0 -1963 0 *
Wi

0101100
+1961 0 +1959 0 +1957 0 +1956 0 *
Ve
1e-07
31.5259529978411 26.4367128612939 0
0 0

0101101
*
Ve
1e-07
32.3597841350871 26.4367128612939 0
0 0

0101101
*
Ed
 1e-07 1 1 0
1  608 0 0 0.833831137246008
0

0101000
+1954 0 -1953 0 *
Ve
1e-07
32.3597841350871 28.2901100336558 0
0 0

0101101
*
Ed
 1e-07 1 1 0
1  609 0 0 1.85339717236194
0

0101000
+1953 0 -1951 0 *
Ve
1e-07
31.5259529978411 28.2901100336558 0
0 0

0101101
*
Ed
 1e-07 1 1 0
1  610 0 0 0.833831137246008
0

0101000
+1951 0 -1949 0 *
Ed
 1e-07 1 1 0
1  611 0 0 1.85339717236194
0

0101000
+1949 0 -1954 0 *
Wi

0101100
+1952 0 +1950 0 +1948 0 +1947 0 *
Ve
1e-07
34.263034276141 26.4367128612939 0
0 0

0101101
*
Ve
1e-07
35.0968654133869 26.4367128612939 0
0 0

0101101
*
Ed
 1e-07 1 1 0
1  612 0 0 0.833831137245987
0

0101000
+1945 0 -1944 0 *
Ve
1e-07
35.0968654133869 28.2901100336558 0
0 0

0101101
*
Ed
 1e-07 1 1 0
1  613 0 0 1.85339717236194
0

0101000
+1944 0 -1942 0 *
Ve
1e-07
34.263034276141 28.2901100336558 0
0 0

0101101
*
Ed
 1e-07 1 1 0
1  614 0 0 0.833831137245987
0

0101000
+1942 0 -1940 0 *
Ed
 1e-07 1 1 0
1  615 0 0 1.85339717236194
0

0101000
+1940 0 -1945 0 *
Wi

0101100
+1943 0 +1941 0 +1939 0 +1938 0 *
Ve
1e-07
37.0001155544408 26.4367128612939 0
0 0

0101101
*
Ve
1e-07
37.8339466916868 26.4367128612939 0
0 0

0101101
*
Ed
 1e-07 1 1 0
1  616 0 0 0.833831137246001
0

0101000
+1936 0 -1935 0 *
Ve
1e-07
37.8339466916868 28.2901100336558 0
0 0

0101101
*
Ed
 1e-07 1 1 0
1  617 0 0 1.85339717236194
0

0101000
+1935 0 -1933 0 *
Ve
1e-07
37.0001155544408 28.2901100336558 0
0 0

0101101
*
Ed
 1e-07 1 1 0
1  618 0 0 0.833831137246001
0

0101000
+1933 0 -1931 0 *
Ed
 1e-07 1 1 0
1  619 0 0 1.85339717236194
0

0101000
+1931 0 -1936 0 *
Wi

0101100
+1934 0 +1932 0 +1930 0 +1929 0 *
Ve
1e-07
39.7258631628512 26.4367128612939 0
0 0

0101101
*
Ve
1e-07
40.5596943000972 26.4367128612939 0
0 0

0101101
*
Ed
 1e-07 1 1 0
1  620 0 0 0.833831137246001
0

0101000
+1927 0 -1926 0 *
Ve
1e-07
40.5596943000972 28.2901100336558 0
0 0

0101101
*
Ed
 1e-07 1 1 0
1  621 0 0 1.85339717236194
0

0101000
+1926 0 -1924 0 *
Ve
1e-07
39.7258631628512 28.2901100336558 0
0 0

0101101
*
Ed
 1e-07 1 1 0
1  622 0 0 0.833831137246001
0

0101000
+1924 0 -1922 0 *
Ed
 1e-07 1 1 0
1  623 0 0 1.85339717236194
0

0101000
+1922 0 -1927 0 *
Wi

0101100
+1925 0 +1923 0 +1921 0 +1920 0 *
Ve
1e-07
42.4516107712616 26.4367128612939 0
0 0

0101101
*
Ve
1e-07
43.2854419085076 26.4367128612939 0
0 0

0101101
*
Ed
 1e-07 1 1 0
1  624 0 0 0.833831137246001
0

0101000
+1918 0 -1917 0 *
Ve
1e-07
43.2854419085076 28.2901100336558 0
0 0

0101101
*
Ed
 1e-07 1 1 0
1  625 0 0 1.85339717236194
0

0101000
+1917 0 -1915 0 *
Ve
1e-07
42.4516107712616 28.2901100336558 0
0 0

0101101
*
Ed
 1e-07 1 1 0
1  626 0 0 0.833831137246001
0

0101000
+1915 0 -1913 0 *
Ed
 1e-07 1 1 0
1  627 0 0 1.85339717236194
0

0101000
+1913 0 -1918 0 *
Wi

0101100
+1916 0 +1914 0 +1912 0 +1911 0 *
Ve
1e-07
45.1943588845061 26.4367128612939 0
0 0

0101101
*
Ve
1e-07
46.0281900217521 26.4367128612939 0
0 0

0101101
*
Ed
 1e-07 1 1 0
1  628 0 0 0.83383113724598
0

0101000
+1909 0 -1908 0 *
Ve
1e-07
46.0281900217521 28.2901100336558 0
0 0

0101101
*
Ed
 1e-07 1 1 0
1  629 0 0 1.85339717236194
0

0101000
+1908 0 -1906 0 *
Ve
1e-07
45.1943588845061 28.2901100336558 0
0 0

0101101
*
Ed
 1e-07 1 1 0
1  630 0 0 0.83383113724598
0

0101000
+1906 0 -1904 0 *
Ed
 1e-07 1 1 0
1  631 0 0 1.85339717236194
0

0101000
+1904 0 -1909 0 *
Wi

0101100
+1907 0 +1905 0 +1903 0 +1902 0 *
Ve
1e-07
47.9371069977507 26.4367128612939 0
0 0

0101101
*
Ve
1e-07
48.7709381349967 26.4367128612939 0
0 0

0101101
*
Ed
 1e-07 1 1 0
1  632 0 0 0.833831137246001
0

0101000
+1900 0 -1899 0 *
Ve
1e-07
48.7709381349967 28.2901100336558 0
0 0

0101101
*
Ed
 1e-07 1 1 0
1  633 0 0 1.85339717236194
0

0101000
+1899 0 -1897 0 *
Ve
1e-07
47.9371069977507 28.2901100336558 0
0 0

0101101
*
Ed
 1e-07 1 1 0
1  634 0 0 0.833831137246001
0

0101000
+1897 0 -1895 0 *
Ed
 1e-07 1 1 0
1  635 0 0 1.85339717236194
0

0101000
+1895 0 -1900 0 *
Wi

0101100
+1898 0 +1896 0 +1894 0 +1893 0 *
Ve
1e-07
61.4818418008192 12.2954516839468 0
0 0

0101101
*
Ve
1e-07
61.8987573694422 12.2954516839468 0
0 0

0101101
*
Ed
 1e-07 1 1 0
1  636 0 0 0.416915568622976
0

0101000
+1891 0 -1890 0 *
Ve
1e-07
61.8987573694422 13.3959248492465 0
0 0

0101101
*
Ed
 1e-07 1 1 0
1  637 0 0 1.10047316529971
0

0101000
+1890 0 -1888 0 *
Ve
1e-07
61.4818418008192 13.3959248492465 0
0 0

0101101
*
Ed
 1e-07 1 1 0
1  638 0 0 0.416915568622976
0

0101000
+1888 0 -1886 0 *
Ed
 1e-07 1 1 0
1  639 0 0 1.10047316529971
0

0101000
+1886 0 -1891 0 *
Wi

0101100
+1889 0 +1887 0 +1885 0 +1884 0 *
Ve
1e-07
63.1674651287801 8.29037329807288 0
0 0

0101101
*
Ve
1e-07
66.4975376722407 8.29037329807288 0
0 0

0101101
*
Ed
 1e-07 1 1 0
1  640 0 0 3.3300725434606
0

0101000
+1882 0 -1881 0 *
Ve
1e-07
66.4975376722407 8.70728886669589 0
0 0

0101101
*
Ed
 1e-07 1 1 0
1  641 0 0 0.416915568623011
0

0101000
+1881 0 -1879 0 *
Ve
1e-07
63.1674651287801 8.70728886669589 0
0 0

0101101
*
Ed
 1e-07 1 1 0
1  642 0 0 3.3300725434606
0

0101000
+1879 0 -1877 0 *
Ed
 1e-07 1 1 0
1  643 0 0 0.416915568623011
0

0101000
+1877 0 -1882 0 *
Wi

0101100
+1880 0 +1878 0 +1876 0 +1875 0 *
Ve
1e-07
64.6292134466303 12.5536534631263 0
0 0

0101101
*
Ve
1e-07
66.4826106189922 12.5536534631263 0
0 0

0101101
*
Ed
 1e-07 1 1 0
1  644 0 0 1.85339717236191
0

0101000
+1873 0 -1872 0 *
Ve
1e-07
66.4826106189922 13.3874846003723 0
0 0

0101101
*
Ed
 1e-07 1 1 0
1  645 0 0 0.83383113724598
0

0101000
+1872 0 -1870 0 *
Ve
1e-07
64.6292134466303 13.3874846003723 0
0 0

0101101
*
Ed
 1e-07 1 1 0
1  646 0 0 1.85339717236191
0

0101000
+1870 0 -1868 0 *
Ed
 1e-07 1 1 0
1  647 0 0 0.83383113724598
0

0101000
+1868 0 -1873 0 *
Wi

0101100
+1871 0 +1869 0 +1867 0 +1866 0 *
Ve
1e-07
65.6636053432608 8.9869899224455 0
0 0

0101101
*
Ve
1e-07
66.4974364805068 8.9869899224455 0
0 0

0101101
*
Ed
 1e-07 1 1 0
1  648 0 0 0.833831137245966
0

0101000
+1864 0 -1863 0 *
Ve
1e-07
66.4974364805068 10.8403870948075 0
0 0

0101101
*
Ed
 1e-07 1 1 0
1  649 0 0 1.85339717236195
0

0101000
+1863 0 -1861 0 *
Ve
1e-07
65.6636053432608 10.8403870948075 0
0 0

0101101
*
Ed
 1e-07 1 1 0
1  650 0 0 0.833831137245966
0

0101000
+1861 0 -1859 0 *
Ed
 1e-07 1 1 0
1  651 0 0 1.85339717236195
0

0101000
+1859 0 -1864 0 *
Wi

0101100
+1862 0 +1860 0 +1858 0 +1857 0 *
Ve
1e-07
63.1674651287801 13.8627204121232 0
0 0

0101101
*
Ve
1e-07
66.4975376722407 13.8627204121232 0
0 0

0101101
*
Ed
 1e-07 1 1 0
1  652 0 0 3.3300725434606
0

0101000
+1855 0 -1854 0 *
Ve
1e-07
66.4975376722407 14.2796359807462 0
0 0

0101101
*
Ed
 1e-07 1 1 0
1  653 0 0 0.416915568623009
0

0101000
+1854 0 -1852 0 *
Ve
1e-07
63.1674651287801 14.2796359807462 0
0 0

0101101
*
Ed
 1e-07 1 1 0
1  654 0 0 3.3300725434606
0

0101000
+1852 0 -1850 0 *
Ed
 1e-07 1 1 0
1  655 0 0 0.416915568623009
0

0101000
+1850 0 -1855 0 *
Wi

0101100
+1853 0 +1851 0 +1849 0 +1848 0 *
Ve
1e-07
65.6636053432608 14.5593370364958 0
0 0

0101101
*
Ve
1e-07
66.4974364805068 14.5593370364958 0
0 0

0101101
*
Ed
 1e-07 1 1 0
1  656 0 0 0.833831137245966
0

0101000
+1846 0 -1845 0 *
Ve
1e-07
66.4974364805068 16.4127342088578 0
0 0

0101101
*
Ed
 1e-07 1 1 0
1  657 0 0 1.85339717236195
0

0101000
+1845 0 -1843 0 *
Ve
1e-07
65.6636053432608 16.4127342088578 0
0 0

0101101
*
Ed
 1e-07 1 1 0
1  658 0 0 0.833831137245966
0

0101000
+1843 0 -1841 0 *
Ed
 1e-07 1 1 0
1  659 0 0 1.85339717236195
0

0101000
+1841 0 -1846 0 *
Wi

0101100
+1844 0 +1842 0 +1840 0 +1839 0 *
Ve
1e-07
63.1674651287801 19.3073664243366 0
0 0

0101101
*
Ve
1e-07
66.4975376722407 19.3073664243366 0
0 0

0101101
*
Ed
 1e-07 1 1 0
1  660 0 0 3.3300725434606
0

0101000
+1837 0 -1836 0 *
Ve
1e-07
66.4975376722407 19.7242819929597 0
0 0

0101101
*
Ed
 1e-07 1 1 0
1  661 0 0 0.416915568623001
0

0101000
+1836 0 -1834 0 *
Ve
1e-07
63.1674651287801 19.7242819929597 0
0 0

0101101
*
Ed
 1e-07 1 1 0
1  662 0 0 3.3300725434606
0

0101000
+1834 0 -1832 0 *
Ed
 1e-07 1 1 0
1  663 0 0 0.416915568623001
0

0101000
+1832 0 -1837 0 *
Wi

0101100
+1835 0 +1833 0 +1831 0 +1830 0 *
Ve
1e-07
65.6636053432608 20.0251497153759 0
0 0

0101101
*
Ve
1e-07
66.4974364805068 20.0251497153759 0
0 0

0101101
*
Ed
 1e-07 1 1 0
1  664 0 0 0.833831137245966
0

0101000
+1828 0 -1827 0 *
Ve
1e-07
66.4974364805068 21.8785468877379 0
0 0

0101101
*
Ed
 1e-07 1 1 0
1  665 0 0 1.85339717236195
0

0101000
+1827 0 -1825 0 *
Ve
1e-07
65.6636053432608 21.8785468877379 0
0 0

0101101
*
Ed
 1e-07 1 1 0
1  666 0 0 0.833831137245966
0

0101000
+1825 0 -1823 0 *
Ed
 1e-07 1 1 0
1  667 0 0 1.85339717236195
0

0101000
+1823 0 -1828 0 *
Wi

0101100
+1826 0 +1824 0 +1822 0 +1821 0 *
Ve
1e-07
63.1886317954467 24.7880257319091 0
0 0

0101101
*
Ve
1e-07
66.5187043389073 24.7880257319091 0
0 0

0101101
*
Ed
 1e-07 1 1 0
1  668 0 0 3.3300725434606
0

0101000
+1819 0 -1818 0 *
Ve
1e-07
66.5187043389073 25.2049413005321 0
0 0

0101101
*
Ed
 1e-07 1 1 0
1  669 0 0 0.416915568623018
0

0101000
+1818 0 -1816 0 *
Ve
1e-07
63.1886317954467 25.2049413005321 0
0 0

0101101
*
Ed
 1e-07 1 1 0
1  670 0 0 3.3300725434606
0

0101000
+1816 0 -1814 0 *
Ed
 1e-07 1 1 0
1  671 0 0 0.416915568623018
0

0101000
+1814 0 -1819 0 *
Wi

0101100
+1817 0 +1815 0 +1813 0 +1812 0 *
Ve
1e-07
61.5018075182666 27.2872722356133 0
0 0

0101101
*
Ve
1e-07
61.9187230868896 27.2872722356133 0
0 0

0101101
*
Ed
 1e-07 1 1 0
1  672 0 0 0.416915568622976
0

0101000
+1810 0 -1809 0 *
Ve
1e-07
61.9187230868896 28.387745400913 0
0 0

0101101
*
Ed
 1e-07 1 1 0
1  673 0 0 1.10047316529972
0

0101000
+1809 0 -1807 0 *
Ve
1e-07
61.5018075182666 28.387745400913 0
0 0

0101101
*
Ed
 1e-07 1 1 0
1  674 0 0 0.416915568622976
0

0101000
+1807 0 -1805 0 *
Ed
 1e-07 1 1 0
1  675 0 0 1.10047316529972
0

0101000
+1805 0 -1810 0 *
Wi

0101100
+1808 0 +1806 0 +1804 0 +1803 0 *
Ve
1e-07
64.6491791640777 27.5454740147927 0
0 0

0101101
*
Ve
1e-07
66.5025763364396 27.5454740147927 0
0 0

0101101
*
Ed
 1e-07 1 1 0
1  676 0 0 1.85339717236192
0

0101000
+1801 0 -1800 0 *
Ve
1e-07
66.5025763364396 28.3793051520387 0
0 0

0101101
*
Ed
 1e-07 1 1 0
1  677 0 0 0.83383113724598
0

0101000
+1800 0 -1798 0 *
Ve
1e-07
64.6491791640777 28.3793051520387 0
0 0

0101101
*
Ed
 1e-07 1 1 0
1  678 0 0 1.85339717236192
0

0101000
+1798 0 -1796 0 *
Ed
 1e-07 1 1 0
1  679 0 0 0.83383113724598
0

0101000
+1796 0 -1801 0 *
Wi

0101100
+1799 0 +1797 0 +1795 0 +1794 0 *
Ve
1e-07
61.4917300382385 23.2364733109941 0
0 0

0101101
*
Ve
1e-07
61.9086456068615 23.2364733109941 0
0 0

0101101
*
Ed
 1e-07 1 1 0
1  680 0 0 0.416915568622976
0

0101000
+1792 0 -1791 0 *
Ve
1e-07
61.9086456068615 24.3369464762939 0
0 0

0101101
*
Ed
 1e-07 1 1 0
1  681 0 0 1.10047316529971
0

0101000
+1791 0 -1789 0 *
Ve
1e-07
61.4917300382385 24.3369464762939 0
0 0

0101101
*
Ed
 1e-07 1 1 0
1  682 0 0 0.416915568622976
0

0101000
+1789 0 -1787 0 *
Ed
 1e-07 1 1 0
1  683 0 0 1.10047316529971
0

0101000
+1787 0 -1792 0 *
Wi

0101100
+1790 0 +1788 0 +1786 0 +1785 0 *
Ve
1e-07
64.6391016840496 23.4946750901736 0
0 0

0101101
*
Ve
1e-07
66.4924988564115 23.4946750901736 0
0 0

0101101
*
Ed
 1e-07 1 1 0
1  684 0 0 1.85339717236194
0

0101000
+1783 0 -1782 0 *
Ve
1e-07
66.4924988564115 24.3285062274196 0
0 0

0101101
*
Ed
 1e-07 1 1 0
1  685 0 0 0.83383113724598
0

0101000
+1782 0 -1780 0 *
Ve
1e-07
64.6391016840496 24.3285062274196 0
0 0

0101101
*
Ed
 1e-07 1 1 0
1  686 0 0 1.85339717236194
0

0101000
+1780 0 -1778 0 *
Ed
 1e-07 1 1 0
1  687 0 0 0.83383113724598
0

0101000
+1778 0 -1783 0 *
Wi

0101100
+1781 0 +1779 0 +1777 0 +1776 0 *
Ve
1e-07
61.4983318795285 17.7665382954453 0
0 0

0101101
*
Ve
1e-07
61.9152474481515 17.7665382954453 0
0 0

0101101
*
Ed
 1e-07 1 1 0
1  688 0 0 0.416915568622969
0

0101000
+1774 0 -1773 0 *
Ve
1e-07
61.9152474481515 18.867011460745 0
0 0

0101101
*
Ed
 1e-07 1 1 0
1  689 0 0 1.10047316529972
0

0101000
+1773 0 -1771 0 *
Ve
1e-07
61.4983318795285 18.867011460745 0
0 0

0101101
*
Ed
 1e-07 1 1 0
1  690 0 0 0.416915568622969
0

0101000
+1771 0 -1769 0 *
Ed
 1e-07 1 1 0
1  691 0 0 1.10047316529972
0

0101000
+1769 0 -1774 0 *
Wi

0101100
+1772 0 +1770 0 +1768 0 +1767 0 *
Ve
1e-07
64.6457035253396 18.0247400746248 0
0 0

0101101
*
Ve
1e-07
66.4991006977015 18.0247400746248 0
0 0

0101101
*
Ed
 1e-07 1 1 0
1  692 0 0 1.85339717236191
0

0101000
+1765 0 -1764 0 *
Ve
1e-07
66.4991006977015 18.8585712118708 0
0 0

0101101
*
Ed
 1e-07 1 1 0
1  693 0 0 0.83383113724598
0

0101000
+1764 0 -1762 0 *
Ve
1e-07
64.6457035253396 18.8585712118708 0
0 0

0101101
*
Ed
 1e-07 1 1 0
1  694 0 0 1.85339717236191
0

0101000
+1762 0 -1760 0 *
Ed
 1e-07 1 1 0
1  695 0 0 0.83383113724598
0

0101000
+1760 0 -1765 0 *
Wi

0101100
+1763 0 +1761 0 +1759 0 +1758 0 *
Ve
1e-07
35.4696286843105 16.7182712467166 0
0 0

0101101
*
Ve
1e-07
37.4934351619528 16.7182712467166 0
0 0

0101101
*
Ed
 1e-07 1 1 0
1  696 0 0 2.02380647764225
0

0101000
+1756 0 -1755 0 *
Ve
1e-07
37.4934351619528 18.7041650757909 0
0 0

0101101
*
Ed
 1e-07 1 1 0
1  697 0 0 1.98589382907431
0

0101000
+1755 0 -1753 0 *
Ve
1e-07
35.4696286843105 18.7041650757909 0
0 0

0101101
*
Ed
 1e-07 1 1 0
1  698 0 0 2.02380647764225
0

0101000
+1753 0 -1751 0 *
Ed
 1e-07 1 1 0
1  699 0 0 1.98589382907431
0

0101000
+1751 0 -1756 0 *
Wi

0101100
+1754 0 +1752 0 +1750 0 +1749 0 *
Ve
1e-07
50.7288651774134 27.8645532286441 0
0 0

0101101
*
Ve
1e-07
56.4077572478269 27.8645532286441 0
0 0

0101101
*
Ed
 1e-07 1 1 0
1  700 0 0 5.67889207041348
0

0101000
+1747 0 -1746 0 *
Ve
1e-07
56.4077572478269 28.2814687972671 0
0 0

0101101
*
Ed
 1e-07 1 1 0
1  701 0 0 0.416915568623001
0

0101000
+1746 0 -1744 0 *
Ve
1e-07
50.7288651774134 28.2814687972671 0
0 0

0101101
*
Ed
 1e-07 1 1 0
1  702 0 0 5.67889207041348
0

0101000
+1744 0 -1742 0 *
Ed
 1e-07 1 1 0
1  703 0 0 0.416915568623001
0

0101000
+1742 0 -1747 0 *
Wi

0101100
+1745 0 +1743 0 +1741 0 +1740 0 *
Ve
1e-07
50.7119861435604 25.9111693455261 0
0 0

0101101
*
Ve
1e-07
51.5458172808063 25.9111693455261 0
0 0

0101101
*
Ed
 1e-07 1 1 0
1  704 0 0 0.833831137245959
0

0101000
+1738 0 -1737 0 *
Ve
1e-07
51.5458172808063 27.764566517888 0
0 0

0101101
*
Ed
 1e-07 1 1 0
1  705 0 0 1.85339717236195
0

0101000
+1737 0 -1735 0 *
Ve
1e-07
50.7119861435604 27.764566517888 0
0 0

0101101
*
Ed
 1e-07 1 1 0
1  706 0 0 0.833831137245959
0

0101000
+1735 0 -1733 0 *
Ed
 1e-07 1 1 0
1  707 0 0 1.85339717236195
0

0101000
+1733 0 -1738 0 *
Wi

0101100
+1736 0 +1734 0 +1732 0 +1731 0 *
Ve
1e-07
32.8420187423223 15.5914339056391 0
0 0

0101101
*
Ve
1e-07
32.8420187423223 16.6548399693398 0
0 0

0101101
*
Ed
 1e-07 1 1 0
1  708 0 0 1.06340606370071
0

0101000
+1729 0 -1728 0 *
Ve
1e-07
26.6136479243443 16.6548399693398 0
0 0

0101101
*
Ed
 1e-07 1 1 0
1  709 0 0 6.22837081797798
0

0101000
+1728 0 -1726 0 *
Ve
1e-07
26.6136479243443 15.5914339056391 0
0 0

0101101
*
Ed
 1e-07 1 1 0
1  710 0 0 1.06340606370071
0

0101000
+1726 0 -1724 0 *
Ed
 1e-07 1 1 0
1  711 0 0 6.22837081797798
0

0101000
+1724 0 -1729 0 *
Wi

0101100
+1727 0 +1725 0 +1723 0 +1722 0 *
Ve
1e-07
64.8024955394271 7.06689885664583 0
0 0

0101101
*
Ve
1e-07
65.4024955394271 7.06689885664583 0
0 0

0101101
*
Ed
 1e-07 1 1 0
1  712 0 0 0.600000000000009
0

0101000
+1720 0 -1719 0 *
Ve
1e-07
65.4024955394271 7.66689885664584 0
0 0

0101101
*
Ed
 1e-07 1 1 0
1  713 0 0 0.600000000000009
0

0101000
+1719 0 -1717 0 *
Ve
1e-07
64.8024955394271 7.66689885664584 0
0 0

0101101
*
Ed
 1e-07 1 1 0
1  714 0 0 0.600000000000009
0

0101000
+1717 0 -1715 0 *
Ed
 1e-07 1 1 0
1  715 0 0 0.600000000000009
0

0101000
+1715 0 -1720 0 *
Wi

0101100
+1718 0 +1716 0 +1714 0 +1713 0 *
Ve
1e-07
64.1091141197179 7.08644951220218 0
0 0

0101101
*
Ve
1e-07
64.7091141197179 7.08644951220218 0
0 0

0101101
*
Ed
 1e-07 1 1 0
1  716 0 0 0.600000000000009
0

0101000
+1711 0 -1710 0 *
Ve
1e-07
64.7091141197179 7.68644951220218 0
0 0

0101101
*
Ed
 1e-07 1 1 0
1  717 0 0 0.600000000000001
0

0101000
+1710 0 -1708 0 *
Ve
1e-07
64.1091141197179 7.68644951220218 0
0 0

0101101
*
Ed
 1e-07 1 1 0
1  718 0 0 0.600000000000009
0

0101000
+1708 0 -1706 0 *
Ed
 1e-07 1 1 0
1  719 0 0 0.600000000000001
0

0101000
+1706 0 -1711 0 *
Wi

0101100
+1709 0 +1707 0 +1705 0 +1704 0 *
Ve
1e-07
63.0252729064409 6.03372070768457 0
0 0

0101101
*
Ve
1e-07
63.6252729064409 6.03372070768457 0
0 0

0101101
*
Ed
 1e-07 1 1 0
1  720 0 0 0.599999999999994
0

0101000
+1702 0 -1701 0 *
Ve
1e-07
63.6252729064409 6.63372070768457 0
0 0

0101101
*
Ed
 1e-07 1 1 0
1  721 0 0 0.600000000000001
0

0101000
+1701 0 -1699 0 *
Ve
1e-07
63.0252729064409 6.63372070768457 0
0 0

0101101
*
Ed
 1e-07 1 1 0
1  722 0 0 0.599999999999994
0

0101000
+1699 0 -1697 0 *
Ed
 1e-07 1 1 0
1  723 0 0 0.600000000000001
0

0101000
+1697 0 -1702 0 *
Wi

0101100
+1700 0 +1698 0 +1696 0 +1695 0 *
Ve
1e-07
63.0292247127785 5.20779318311384 0
0 0

0101101
*
Ve
1e-07
63.6292247127786 5.20779318311384 0
0 0

0101101
*
Ed
 1e-07 1 1 0
1  724 0 0 0.60000000000003
0

0101000
+1693 0 -1692 0 *
Ve
1e-07
63.6292247127786 5.80779318311384 0
0 0

0101101
*
Ed
 1e-07 1 1 0
1  725 0 0 0.600000000000001
0

0101000
+1692 0 -1690 0 *
Ve
1e-07
63.0292247127785 5.80779318311384 0
0 0

0101101
*
Ed
 1e-07 1 1 0
1  726 0 0 0.60000000000003
0

0101000
+1690 0 -1688 0 *
Ed
 1e-07 1 1 0
1  727 0 0 0.600000000000001
0

0101000
+1688 0 -1693 0 *
Wi

0101100
+1691 0 +1689 0 +1687 0 +1686 0 *
Ve
1e-07
64.1371976863447 4.17824803776535 0
0 0

0101101
*
Ve
1e-07
64.7371976863447 4.17824803776535 0
0 0

0101101
*
Ed
 1e-07 1 1 0
1  728 0 0 0.599999999999994
0

0101000
+1684 0 -1683 0 *
Ve
1e-07
64.7371976863447 4.77824803776537 0
0 0

0101101
*
Ed
 1e-07 1 1 0
1  729 0 0 0.600000000000017
0

0101000
+1683 0 -1681 0 *
Ve
1e-07
64.1371976863447 4.77824803776537 0
0 0

0101101
*
Ed
 1e-07 1 1 0
1  730 0 0 0.599999999999994
0

0101000
+1681 0 -1679 0 *
Ed
 1e-07 1 1 0
1  731 0 0 0.600000000000017
0

0101000
+1679 0 -1684 0 *
Wi

0101100
+1682 0 +1680 0 +1678 0 +1677 0 *
Ve
1e-07
64.9014119728003 4.18639206219105 0
0 0

0101101
*
Ve
1e-07
65.5014119728003 4.18639206219105 0
0 0

0101101
*
Ed
 1e-07 1 1 0
1  732 0 0 0.600000000000009
0

0101000
+1675 0 -1674 0 *
Ve
1e-07
65.5014119728003 4.78639206219105 0
0 0

0101101
*
Ed
 1e-07 1 1 0
1  733 0 0 0.599999999999994
0

0101000
+1674 0 -1672 0 *
Ve
1e-07
64.9014119728003 4.78639206219105 0
0 0

0101101
*
Ed
 1e-07 1 1 0
1  734 0 0 0.600000000000009
0

0101000
+1672 0 -1670 0 *
Ed
 1e-07 1 1 0
1  735 0 0 0.599999999999994
0

0101000
+1670 0 -1675 0 *
Wi

0101100
+1673 0 +1671 0 +1669 0 +1668 0 *
Ve
1e-07
65.968601423082 5.19396186093203 0
0 0

0101101
*
Ve
1e-07
66.568601423082 5.19396186093203 0
0 0

0101101
*
Ed
 1e-07 1 1 0
1  736 0 0 0.599999999999994
0

0101000
+1666 0 -1665 0 *
Ve
1e-07
66.568601423082 5.79396186093204 0
0 0

0101101
*
Ed
 1e-07 1 1 0
1  737 0 0 0.600000000000009
0

0101000
+1665 0 -1663 0 *
Ve
1e-07
65.968601423082 5.79396186093204 0
0 0

0101101
*
Ed
 1e-07 1 1 0
1  738 0 0 0.599999999999994
0

0101000
+1663 0 -1661 0 *
Ed
 1e-07 1 1 0
1  739 0 0 0.600000000000009
0

0101000
+1661 0 -1666 0 *
Wi

0101100
+1664 0 +1662 0 +1660 0 +1659 0 *
Ve
1e-07
65.980456842095 6.04755202986637 0
0 0

0101101
*
Ve
1e-07
66.580456842095 6.04755202986637 0
0 0

0101101
*
Ed
 1e-07 1 1 0
1  740 0 0 0.599999999999994
0

0101000
+1657 0 -1656 0 *
Ve
1e-07
66.580456842095 6.64755202986638 0
0 0

0101101
*
Ed
 1e-07 1 1 0
1  741 0 0 0.600000000000009
0

0101000
+1656 0 -1654 0 *
Ve
1e-07
65.980456842095 6.64755202986638 0
0 0

0101101
*
Ed
 1e-07 1 1 0
1  742 0 0 0.599999999999994
0

0101000
+1654 0 -1652 0 *
Ed
 1e-07 1 1 0
1  743 0 0 0.600000000000009
0

0101000
+1652 0 -1657 0 *
Wi

0101100
+1655 0 +1653 0 +1651 0 +1650 0 *
Ve
1e-07
11.3766306651592 9.89033333333332 0
0 0

0101101
*
Ve
1e-07
11.9766306651592 9.89033333333332 0
0 0

0101101
*
Ed
 1e-07 1 1 0
1  744 0 0 0.60000000000001
0

0101000
+1648 0 -1647 0 *
Ve
1e-07
11.9766306651592 10.4903333333333 0
0 0

0101101
*
Ed
 1e-07 1 1 0
1  745 0 0 0.60000000000001
0

0101000
+1647 0 -1645 0 *
Ve
1e-07
11.3766306651592 10.4903333333333 0
0 0

0101101
*
Ed
 1e-07 1 1 0
1  746 0 0 0.60000000000001
0

0101000
+1645 0 -1643 0 *
Ed
 1e-07 1 1 0
1  747 0 0 0.60000000000001
0

0101000
+1643 0 -1648 0 *
Wi

0101100
+1646 0 +1644 0 +1642 0 +1641 0 *
Ve
1e-07
10.55624924545 9.88871732222301 0
0 0

0101101
*
Ve
1e-07
11.15624924545 9.88871732222301 0
0 0

0101101
*
Ed
 1e-07 1 1 0
1  748 0 0 0.600000000000019
0

0101000
+1639 0 -1638 0 *
Ve
1e-07
11.15624924545 10.488717322223 0
0 0

0101101
*
Ed
 1e-07 1 1 0
1  749 0 0 0.599999999999994
0

0101000
+1638 0 -1636 0 *
Ve
1e-07
10.55624924545 10.488717322223 0
0 0

0101101
*
Ed
 1e-07 1 1 0
1  750 0 0 0.600000000000019
0

0101000
+1636 0 -1634 0 *
Ed
 1e-07 1 1 0
1  751 0 0 0.599999999999994
0

0101000
+1634 0 -1639 0 *
Wi

0101100
+1637 0 +1635 0 +1633 0 +1632 0 *
Ve
1e-07
9.47240803217295 8.83598851770539 0
0 0

0101101
*
Ve
1e-07
10.0724080321729 8.83598851770539 0
0 0

0101101
*
Ed
 1e-07 1 1 0
1  752 0 0 0.599999999999987
0

0101000
+1630 0 -1629 0 *
Ve
1e-07
10.0724080321729 9.4359885177054 0
0 0

0101101
*
Ed
 1e-07 1 1 0
1  753 0 0 0.600000000000009
0

0101000
+1629 0 -1627 0 *
Ve
1e-07
9.47240803217295 9.4359885177054 0
0 0

0101101
*
Ed
 1e-07 1 1 0
1  754 0 0 0.599999999999987
0

0101000
+1627 0 -1625 0 *
Ed
 1e-07 1 1 0
1  755 0 0 0.600000000000009
0

0101000
+1625 0 -1630 0 *
Wi

0101100
+1628 0 +1626 0 +1624 0 +1623 0 *
Ve
1e-07
9.4763598385106 8.01006099313466 0
0 0

0101101
*
Ve
1e-07
10.0763598385106 8.01006099313466 0
0 0

0101101
*
Ed
 1e-07 1 1 0
1  756 0 0 0.600000000000041
0

0101000
+1621 0 -1620 0 *
Ve
1e-07
10.0763598385106 8.61006099313467 0
0 0

0101101
*
Ed
 1e-07 1 1 0
1  757 0 0 0.600000000000009
0

0101000
+1620 0 -1618 0 *
Ve
1e-07
9.4763598385106 8.61006099313467 0
0 0

0101101
*
Ed
 1e-07 1 1 0
1  758 0 0 0.600000000000041
0

0101000
+1618 0 -1616 0 *
Ed
 1e-07 1 1 0
1  759 0 0 0.600000000000009
0

0101000
+1616 0 -1621 0 *
Wi

0101100
+1619 0 +1617 0 +1615 0 +1614 0 *
Ve
1e-07
10.5843328120768 6.98051584778617 0
0 0

0101101
*
Ve
1e-07
11.1843328120768 6.98051584778617 0
0 0

0101101
*
Ed
 1e-07 1 1 0
1  760 0 0 0.599999999999991
0

0101000
+1612 0 -1611 0 *
Ve
1e-07
11.1843328120768 7.58051584778619 0
0 0

0101101
*
Ed
 1e-07 1 1 0
1  761 0 0 0.600000000000016
0

0101000
+1611 0 -1609 0 *
Ve
1e-07
10.5843328120768 7.58051584778619 0
0 0

0101101
*
Ed
 1e-07 1 1 0
1  762 0 0 0.599999999999991
0

0101000
+1609 0 -1607 0 *
Ed
 1e-07 1 1 0
1  763 0 0 0.600000000000016
0

0101000
+1607 0 -1612 0 *
Wi

0101100
+1610 0 +1608 0 +1606 0 +1605 0 *
Ve
1e-07
11.3485470985324 6.98865987221188 0
0 0

0101101
*
Ve
1e-07
11.9485470985324 6.98865987221188 0
0 0

0101101
*
Ed
 1e-07 1 1 0
1  764 0 0 0.6
0

0101000
+1603 0 -1602 0 *
Ve
1e-07
11.9485470985324 7.58865987221187 0
0 0

0101101
*
Ed
 1e-07 1 1 0
1  765 0 0 0.599999999999988
0

0101000
+1602 0 -1600 0 *
Ve
1e-07
11.3485470985324 7.58865987221187 0
0 0

0101101
*
Ed
 1e-07 1 1 0
1  766 0 0 0.6
0

0101000
+1600 0 -1598 0 *
Ed
 1e-07 1 1 0
1  767 0 0 0.599999999999988
0

0101000
+1598 0 -1603 0 *
Wi

0101100
+1601 0 +1599 0 +1597 0 +1596 0 *
Ve
1e-07
12.4157365488141 7.99622967095285 0
0 0

0101101
*
Ve
1e-07
13.0157365488141 7.99622967095285 0
0 0

0101101
*
Ed
 1e-07 1 1 0
1  768 0 0 0.6
0

0101000
+1594 0 -1593 0 *
Ve
1e-07
13.0157365488141 8.59622967095286 0
0 0

0101101
*
Ed
 1e-07 1 1 0
1  769 0 0 0.600000000000009
0

0101000
+1593 0 -1591 0 *
Ve
1e-07
12.4157365488141 8.59622967095286 0
0 0

0101101
*
Ed
 1e-07 1 1 0
1  770 0 0 0.6
0

0101000
+1591 0 -1589 0 *
Ed
 1e-07 1 1 0
1  771 0 0 0.600000000000009
0

0101000
+1589 0 -1594 0 *
Wi

0101100
+1592 0 +1590 0 +1588 0 +1587 0 *
Ve
1e-07
12.4275919678271 8.8498198398872 0
0 0

0101101
*
Ve
1e-07
13.0275919678271 8.8498198398872 0
0 0

0101101
*
Ed
 1e-07 1 1 0
1  772 0 0 0.6
0

0101000
+1585 0 -1584 0 *
Ve
1e-07
13.0275919678271 9.4498198398872 0
0 0

0101101
*
Ed
 1e-07 1 1 0
1  773 0 0 0.600000000000009
0

0101000
+1584 0 -1582 0 *
Ve
1e-07
12.4275919678271 9.4498198398872 0
0 0

0101101
*
Ed
 1e-07 1 1 0
1  774 0 0 0.6
0

0101000
+1582 0 -1580 0 *
Ed
 1e-07 1 1 0
1  775 0 0 0.600000000000009
0

0101000
+1580 0 -1585 0 *
Wi

0101100
+1583 0 +1581 0 +1579 0 +1578 0 *
Ve
1e-07
60.6961622060938 3.17223218997916 0
0 0

0101101
*
Ve
1e-07
61.2961622060938 3.17223218997916 0
0 0

0101101
*
Ed
 1e-07 1 1 0
1  776 0 0 0.600000000000009
0

0101000
+1576 0 -1575 0 *
Ve
1e-07
61.2961622060938 3.77223218997917 0
0 0

0101101
*
Ed
 1e-07 1 1 0
1  777 0 0 0.600000000000009
0

0101000
+1575 0 -1573 0 *
Ve
1e-07
60.6961622060938 3.77223218997917 0
0 0

0101101
*
Ed
 1e-07 1 1 0
1  778 0 0 0.600000000000009
0

0101000
+1573 0 -1571 0 *
Ed
 1e-07 1 1 0
1  779 0 0 0.600000000000009
0

0101000
+1571 0 -1576 0 *
Wi

0101100
+1574 0 +1572 0 +1570 0 +1569 0 *
Ve
1e-07
59.8757807863846 3.17061617886885 0
0 0

0101101
*
Ve
1e-07
60.4757807863846 3.17061617886885 0
0 0

0101101
*
Ed
 1e-07 1 1 0
1  780 0 0 0.600000000000023
0

0101000
+1567 0 -1566 0 *
Ve
1e-07
60.4757807863846 3.77061617886884 0
0 0

0101101
*
Ed
 1e-07 1 1 0
1  781 0 0 0.599999999999994
0

0101000
+1566 0 -1564 0 *
Ve
1e-07
59.8757807863846 3.77061617886884 0
0 0

0101101
*
Ed
 1e-07 1 1 0
1  782 0 0 0.600000000000023
0

0101000
+1564 0 -1562 0 *
Ed
 1e-07 1 1 0
1  783 0 0 0.599999999999994
0

0101000
+1562 0 -1567 0 *
Wi

0101100
+1565 0 +1563 0 +1561 0 +1560 0 *
Ve
1e-07
58.7919395731075 2.11788737435123 0
0 0

0101101
*
Ve
1e-07
59.3919395731075 2.11788737435123 0
0 0

0101101
*
Ed
 1e-07 1 1 0
1  784 0 0 0.599999999999994
0

0101000
+1558 0 -1557 0 *
Ve
1e-07
59.3919395731075 2.71788737435124 0
0 0

0101101
*
Ed
 1e-07 1 1 0
1  785 0 0 0.600000000000009
0

0101000
+1557 0 -1555 0 *
Ve
1e-07
58.7919395731075 2.71788737435124 0
0 0

0101101
*
Ed
 1e-07 1 1 0
1  786 0 0 0.599999999999994
0

0101000
+1555 0 -1553 0 *
Ed
 1e-07 1 1 0
1  787 0 0 0.600000000000009
0

0101000
+1553 0 -1558 0 *
Wi

0101100
+1556 0 +1554 0 +1552 0 +1551 0 *
Ve
1e-07
58.7958913794452 1.2919598497805 0
0 0

0101101
*
Ve
1e-07
59.3958913794452 1.2919598497805 0
0 0

0101101
*
Ed
 1e-07 1 1 0
1  788 0 0 0.600000000000037
0

0101000
+1549 0 -1548 0 *
Ve
1e-07
59.3958913794452 1.89195984978051 0
0 0

0101101
*
Ed
 1e-07 1 1 0
1  789 0 0 0.600000000000008
0

0101000
+1548 0 -1546 0 *
Ve
1e-07
58.7958913794452 1.89195984978051 0
0 0

0101101
*
Ed
 1e-07 1 1 0
1  790 0 0 0.600000000000037
0

0101000
+1546 0 -1544 0 *
Ed
 1e-07 1 1 0
1  791 0 0 0.600000000000008
0

0101000
+1544 0 -1549 0 *
Wi

0101100
+1547 0 +1545 0 +1543 0 +1542 0 *
Ve
1e-07
59.9038643530114 0.262414704432018 0
0 0

0101101
*
Ve
1e-07
60.5038643530114 0.262414704432018 0
0 0

0101101
*
Ed
 1e-07 1 1 0
1  792 0 0 0.599999999999994
0

0101000
+1540 0 -1539 0 *
Ve
1e-07
60.5038643530114 0.862414704432027 0
0 0

0101101
*
Ed
 1e-07 1 1 0
1  793 0 0 0.600000000000009
0

0101000
+1539 0 -1537 0 *
Ve
1e-07
59.9038643530114 0.862414704432027 0
0 0

0101101
*
Ed
 1e-07 1 1 0
1  794 0 0 0.599999999999994
0

0101000
+1537 0 -1535 0 *
Ed
 1e-07 1 1 0
1  795 0 0 0.600000000000009
0

0101000
+1535 0 -1540 0 *
Wi

0101100
+1538 0 +1536 0 +1534 0 +1533 0 *
Ve
1e-07
60.6680786394669 0.270558728857722 0
0 0

0101101
*
Ve
1e-07
61.268078639467 0.270558728857722 0
0 0

0101101
*
Ed
 1e-07 1 1 0
1  796 0 0 0.600000000000009
0

0101000
+1531 0 -1530 0 *
Ve
1e-07
61.268078639467 0.870558728857716 0
0 0

0101101
*
Ed
 1e-07 1 1 0
1  797 0 0 0.599999999999994
0

0101000
+1530 0 -1528 0 *
Ve
1e-07
60.6680786394669 0.870558728857716 0
0 0

0101101
*
Ed
 1e-07 1 1 0
1  798 0 0 0.600000000000009
0

0101000
+1528 0 -1526 0 *
Ed
 1e-07 1 1 0
1  799 0 0 0.599999999999994
0

0101000
+1526 0 -1531 0 *
Wi

0101100
+1529 0 +1527 0 +1525 0 +1524 0 *
Ve
1e-07
61.7352680897487 1.2781285275987 0
0 0

0101101
*
Ve
1e-07
62.3352680897487 1.2781285275987 0
0 0

0101101
*
Ed
 1e-07 1 1 0
1  800 0 0 0.600000000000001
0

0101000
+1522 0 -1521 0 *
Ve
1e-07
62.3352680897487 1.8781285275987 0
0 0

0101101
*
Ed
 1e-07 1 1 0
1  801 0 0 0.600000000000009
0

0101000
+1521 0 -1519 0 *
Ve
1e-07
61.7352680897487 1.8781285275987 0
0 0

0101101
*
Ed
 1e-07 1 1 0
1  802 0 0 0.600000000000001
0

0101000
+1519 0 -1517 0 *
Ed
 1e-07 1 1 0
1  803 0 0 0.600000000000009
0

0101000
+1517 0 -1522 0 *
Wi

0101100
+1520 0 +1518 0 +1516 0 +1515 0 *
Ve
1e-07
61.7471235087617 2.13171869653304 0
0 0

0101101
*
Ve
1e-07
62.3471235087617 2.13171869653304 0
0 0

0101101
*
Ed
 1e-07 1 1 0
1  804 0 0 0.600000000000001
0

0101000
+1513 0 -1512 0 *
Ve
1e-07
62.3471235087617 2.73171869653305 0
0 0

0101101
*
Ed
 1e-07 1 1 0
1  805 0 0 0.600000000000009
0

0101000
+1512 0 -1510 0 *
Ve
1e-07
61.7471235087617 2.73171869653305 0
0 0

0101101
*
Ed
 1e-07 1 1 0
1  806 0 0 0.600000000000001
0

0101000
+1510 0 -1508 0 *
Ed
 1e-07 1 1 0
1  807 0 0 0.600000000000009
0

0101000
+1508 0 -1513 0 *
Wi

0101100
+1511 0 +1509 0 +1507 0 +1506 0 *
Ve
1e-07
64.9294955394271 3.17223218997916 0
0 0

0101101
*
Ve
1e-07
65.5294955394271 3.17223218997916 0
0 0

0101101
*
Ed
 1e-07 1 1 0
1  808 0 0 0.600000000000009
0

0101000
+1504 0 -1503 0 *
Ve
1e-07
65.5294955394271 3.77223218997917 0
0 0

0101101
*
Ed
 1e-07 1 1 0
1  809 0 0 0.600000000000009
0

0101000
+1503 0 -1501 0 *
Ve
1e-07
64.9294955394271 3.77223218997917 0
0 0

0101101
*
Ed
 1e-07 1 1 0
1  810 0 0 0.600000000000009
0

0101000
+1501 0 -1499 0 *
Ed
 1e-07 1 1 0
1  811 0 0 0.600000000000009
0

0101000
+1499 0 -1504 0 *
Wi

0101100
+1502 0 +1500 0 +1498 0 +1497 0 *
Ve
1e-07
64.1091141197179 3.17061617886885 0
0 0

0101101
*
Ve
1e-07
64.7091141197179 3.17061617886885 0
0 0

0101101
*
Ed
 1e-07 1 1 0
1  812 0 0 0.600000000000009
0

0101000
+1495 0 -1494 0 *
Ve
1e-07
64.7091141197179 3.77061617886884 0
0 0

0101101
*
Ed
 1e-07 1 1 0
1  813 0 0 0.599999999999994
0

0101000
+1494 0 -1492 0 *
Ve
1e-07
64.1091141197179 3.77061617886884 0
0 0

0101101
*
Ed
 1e-07 1 1 0
1  814 0 0 0.600000000000009
0

0101000
+1492 0 -1490 0 *
Ed
 1e-07 1 1 0
1  815 0 0 0.599999999999994
0

0101000
+1490 0 -1495 0 *
Wi

0101100
+1493 0 +1491 0 +1489 0 +1488 0 *
Ve
1e-07
63.0252729064409 2.11788737435123 0
0 0

0101101
*
Ve
1e-07
63.6252729064409 2.11788737435123 0
0 0

0101101
*
Ed
 1e-07 1 1 0
1  816 0 0 0.599999999999994
0

0101000
+1486 0 -1485 0 *
Ve
1e-07
63.6252729064409 2.71788737435124 0
0 0

0101101
*
Ed
 1e-07 1 1 0
1  817 0 0 0.600000000000009
0

0101000
+1485 0 -1483 0 *
Ve
1e-07
63.0252729064409 2.71788737435124 0
0 0

0101101
*
Ed
 1e-07 1 1 0
1  818 0 0 0.599999999999994
0

0101000
+1483 0 -1481 0 *
Ed
 1e-07 1 1 0
1  819 0 0 0.600000000000009
0

0101000
+1481 0 -1486 0 *
Wi

0101100
+1484 0 +1482 0 +1480 0 +1479 0 *
Ve
1e-07
63.0292247127785 1.2919598497805 0
0 0

0101101
*
Ve
1e-07
63.6292247127786 1.2919598497805 0
0 0

0101101
*
Ed
 1e-07 1 1 0
1  820 0 0 0.60000000000003
0

0101000
+1477 0 -1476 0 *
Ve
1e-07
63.6292247127786 1.89195984978051 0
0 0

0101101
*
Ed
 1e-07 1 1 0
1  821 0 0 0.600000000000008
0

0101000
+1476 0 -1474 0 *
Ve
1e-07
63.0292247127785 1.89195984978051 0
0 0

0101101
*
Ed
 1e-07 1 1 0
1  822 0 0 0.60000000000003
0

0101000
+1474 0 -1472 0 *
Ed
 1e-07 1 1 0
1  823 0 0 0.600000000000008
0

0101000
+1472 0 -1477 0 *
Wi

0101100
+1475 0 +1473 0 +1471 0 +1470 0 *
Ve
1e-07
64.1371976863447 0.262414704432018 0
0 0

0101101
*
Ve
1e-07
64.7371976863447 0.262414704432018 0
0 0

0101101
*
Ed
 1e-07 1 1 0
1  824 0 0 0.599999999999994
0

0101000
+1468 0 -1467 0 *
Ve
1e-07
64.7371976863447 0.862414704432027 0
0 0

0101101
*
Ed
 1e-07 1 1 0
1  825 0 0 0.600000000000009
0

0101000
+1467 0 -1465 0 *
Ve
1e-07
64.1371976863447 0.862414704432027 0
0 0

0101101
*
Ed
 1e-07 1 1 0
1  826 0 0 0.599999999999994
0

0101000
+1465 0 -1463 0 *
Ed
 1e-07 1 1 0
1  827 0 0 0.600000000000009
0

0101000
+1463 0 -1468 0 *
Wi

0101100
+1466 0 +1464 0 +1462 0 +1461 0 *
Ve
1e-07
64.9014119728003 0.270558728857722 0
0 0

0101101
*
Ve
1e-07
65.5014119728003 0.270558728857722 0
0 0

0101101
*
Ed
 1e-07 1 1 0
1  828 0 0 0.600000000000009
0

0101000
+1459 0 -1458 0 *
Ve
1e-07
65.5014119728003 0.870558728857716 0
0 0

0101101
*
Ed
 1e-07 1 1 0
1  829 0 0 0.599999999999994
0

0101000
+1458 0 -1456 0 *
Ve
1e-07
64.9014119728003 0.870558728857716 0
0 0

0101101
*
Ed
 1e-07 1 1 0
1  830 0 0 0.600000000000009
0

0101000
+1456 0 -1454 0 *
Ed
 1e-07 1 1 0
1  831 0 0 0.599999999999994
0

0101000
+1454 0 -1459 0 *
Wi

0101100
+1457 0 +1455 0 +1453 0 +1452 0 *
Ve
1e-07
65.968601423082 1.2781285275987 0
0 0

0101101
*
Ve
1e-07
66.568601423082 1.2781285275987 0
0 0

0101101
*
Ed
 1e-07 1 1 0
1  832 0 0 0.599999999999994
0

0101000
+1450 0 -1449 0 *
Ve
1e-07
66.568601423082 1.8781285275987 0
0 0

0101101
*
Ed
 1e-07 1 1 0
1  833 0 0 0.600000000000009
0

0101000
+1449 0 -1447 0 *
Ve
1e-07
65.968601423082 1.8781285275987 0
0 0

0101101
*
Ed
 1e-07 1 1 0
1  834 0 0 0.599999999999994
0

0101000
+1447 0 -1445 0 *
Ed
 1e-07 1 1 0
1  835 0 0 0.600000000000009
0

0101000
+1445 0 -1450 0 *
Wi

0101100
+1448 0 +1446 0 +1444 0 +1443 0 *
Ve
1e-07
65.980456842095 2.13171869653304 0
0 0

0101101
*
Ve
1e-07
66.580456842095 2.13171869653304 0
0 0

0101101
*
Ed
 1e-07 1 1 0
1  836 0 0 0.599999999999994
0

0101000
+1441 0 -1440 0 *
Ve
1e-07
66.580456842095 2.73171869653305 0
0 0

0101101
*
Ed
 1e-07 1 1 0
1  837 0 0 0.600000000000009
0

0101000
+1440 0 -1438 0 *
Ve
1e-07
65.980456842095 2.73171869653305 0
0 0

0101101
*
Ed
 1e-07 1 1 0
1  838 0 0 0.599999999999994
0

0101000
+1438 0 -1436 0 *
Ed
 1e-07 1 1 0
1  839 0 0 0.600000000000009
0

0101000
+1436 0 -1441 0 *
Wi

0101100
+1439 0 +1437 0 +1435 0 +1434 0 *
Ve
1e-07
51.2892367807209 4.39924450164184 0
0 0

0101101
*
Ve
1e-07
51.8892367807209 4.39924450164184 0
0 0

0101101
*
Ed
 1e-07 1 1 0
1  840 0 0 0.599999999999987
0

0101000
+1432 0 -1431 0 *
Ve
1e-07
51.8892367807209 4.99924450164185 0
0 0

0101101
*
Ed
 1e-07 1 1 0
1  841 0 0 0.600000000000009
0

0101000
+1431 0 -1429 0 *
Ve
1e-07
51.2892367807209 4.99924450164185 0
0 0

0101101
*
Ed
 1e-07 1 1 0
1  842 0 0 0.599999999999987
0

0101000
+1429 0 -1427 0 *
Ed
 1e-07 1 1 0
1  843 0 0 0.600000000000009
0

0101000
+1427 0 -1432 0 *
Wi

0101100
+1430 0 +1428 0 +1426 0 +1425 0 *
Ve
1e-07
51.2892367807209 2.5458473292799 0
0 0

0101101
*
Ve
1e-07
51.8892367807209 2.5458473292799 0
0 0

0101101
*
Ed
 1e-07 1 1 0
1  844 0 0 0.599999999999987
0

0101000
+1423 0 -1422 0 *
Ve
1e-07
51.8892367807209 3.14584732927989 0
0 0

0101101
*
Ed
 1e-07 1 1 0
1  845 0 0 0.599999999999988
0

0101000
+1422 0 -1420 0 *
Ve
1e-07
51.2892367807209 3.14584732927989 0
0 0

0101101
*
Ed
 1e-07 1 1 0
1  846 0 0 0.599999999999987
0

0101000
+1420 0 -1418 0 *
Ed
 1e-07 1 1 0
1  847 0 0 0.599999999999988
0

0101000
+1418 0 -1423 0 *
Wi

0101100
+1421 0 +1419 0 +1417 0 +1416 0 *
Ve
1e-07
51.2892367807209 0.69245015691795 0
0 0

0101101
*
Ve
1e-07
51.8892367807209 0.69245015691795 0
0 0

0101101
*
Ed
 1e-07 1 1 0
1  848 0 0 0.599999999999987
0

0101000
+1414 0 -1413 0 *
Ve
1e-07
51.8892367807209 1.29245015691796 0
0 0

0101101
*
Ed
 1e-07 1 1 0
1  849 0 0 0.600000000000008
0

0101000
+1413 0 -1411 0 *
Ve
1e-07
51.2892367807209 1.29245015691796 0
0 0

0101101
*
Ed
 1e-07 1 1 0
1  850 0 0 0.599999999999987
0

0101000
+1411 0 -1409 0 *
Ed
 1e-07 1 1 0
1  851 0 0 0.600000000000008
0

0101000
+1409 0 -1414 0 *
Wi

0101100
+1412 0 +1410 0 +1408 0 +1407 0 *
Ve
1e-07
48.7563755173133 1.07345015691795 0
0 0

0101101
*
Ve
1e-07
49.3563755173133 1.07345015691795 0
0 0

0101101
*
Ed
 1e-07 1 1 0
1  852 0 0 0.599999999999987
0

0101000
+1405 0 -1404 0 *
Ve
1e-07
49.3563755173133 1.67345015691795 0
0 0

0101101
*
Ed
 1e-07 1 1 0
1  853 0 0 0.600000000000001
0

0101000
+1404 0 -1402 0 *
Ve
1e-07
48.7563755173133 1.67345015691795 0
0 0

0101101
*
Ed
 1e-07 1 1 0
1  854 0 0 0.599999999999987
0

0101000
+1402 0 -1400 0 *
Ed
 1e-07 1 1 0
1  855 0 0 0.600000000000001
0

0101000
+1400 0 -1405 0 *
Wi

0101100
+1403 0 +1401 0 +1399 0 +1398 0 *
Ve
1e-07
48.7563755173133 2.9268473292799 0
0 0

0101101
*
Ve
1e-07
49.3563755173133 2.9268473292799 0
0 0

0101101
*
Ed
 1e-07 1 1 0
1  856 0 0 0.599999999999987
0

0101000
+1396 0 -1395 0 *
Ve
1e-07
49.3563755173133 3.52684732927989 0
0 0

0101101
*
Ed
 1e-07 1 1 0
1  857 0 0 0.599999999999987
0

0101000
+1395 0 -1393 0 *
Ve
1e-07
48.7563755173133 3.52684732927989 0
0 0

0101101
*
Ed
 1e-07 1 1 0
1  858 0 0 0.599999999999987
0

0101000
+1393 0 -1391 0 *
Ed
 1e-07 1 1 0
1  859 0 0 0.599999999999987
0

0101000
+1391 0 -1396 0 *
Wi

0101100
+1394 0 +1392 0 +1390 0 +1389 0 *
Ve
1e-07
45.8070701140542 4.39924450164184 0
0 0

0101101
*
Ve
1e-07
46.4070701140542 4.39924450164184 0
0 0

0101101
*
Ed
 1e-07 1 1 0
1  860 0 0 0.599999999999987
0

0101000
+1387 0 -1386 0 *
Ve
1e-07
46.4070701140542 4.99924450164185 0
0 0

0101101
*
Ed
 1e-07 1 1 0
1  861 0 0 0.600000000000009
0

0101000
+1386 0 -1384 0 *
Ve
1e-07
45.8070701140542 4.99924450164185 0
0 0

0101101
*
Ed
 1e-07 1 1 0
1  862 0 0 0.599999999999987
0

0101000
+1384 0 -1382 0 *
Ed
 1e-07 1 1 0
1  863 0 0 0.600000000000009
0

0101000
+1382 0 -1387 0 *
Wi

0101100
+1385 0 +1383 0 +1381 0 +1380 0 *
Ve
1e-07
45.8070701140542 2.5458473292799 0
0 0

0101101
*
Ve
1e-07
46.4070701140542 2.5458473292799 0
0 0

0101101
*
Ed
 1e-07 1 1 0
1  864 0 0 0.599999999999987
0

0101000
+1378 0 -1377 0 *
Ve
1e-07
46.4070701140542 3.14584732927989 0
0 0

0101101
*
Ed
 1e-07 1 1 0
1  865 0 0 0.599999999999988
0

0101000
+1377 0 -1375 0 *
Ve
1e-07
45.8070701140542 3.14584732927989 0
0 0

0101101
*
Ed
 1e-07 1 1 0
1  866 0 0 0.599999999999987
0

0101000
+1375 0 -1373 0 *
Ed
 1e-07 1 1 0
1  867 0 0 0.599999999999988
0

0101000
+1373 0 -1378 0 *
Wi

0101100
+1376 0 +1374 0 +1372 0 +1371 0 *
Ve
1e-07
45.8070701140542 0.69245015691795 0
0 0

0101101
*
Ve
1e-07
46.4070701140542 0.69245015691795 0
0 0

0101101
*
Ed
 1e-07 1 1 0
1  868 0 0 0.599999999999987
0

0101000
+1369 0 -1368 0 *
Ve
1e-07
46.4070701140542 1.29245015691796 0
0 0

0101101
*
Ed
 1e-07 1 1 0
1  869 0 0 0.600000000000008
0

0101000
+1368 0 -1366 0 *
Ve
1e-07
45.8070701140542 1.29245015691796 0
0 0

0101101
*
Ed
 1e-07 1 1 0
1  870 0 0 0.599999999999987
0

0101000
+1366 0 -1364 0 *
Ed
 1e-07 1 1 0
1  871 0 0 0.600000000000008
0

0101000
+1364 0 -1369 0 *
Wi

0101100
+1367 0 +1365 0 +1363 0 +1362 0 *
Ve
1e-07
43.2953755173133 1.07345015691795 0
0 0

0101101
*
Ve
1e-07
43.8953755173133 1.07345015691795 0
0 0

0101101
*
Ed
 1e-07 1 1 0
1  872 0 0 0.599999999999994
0

0101000
+1360 0 -1359 0 *
Ve
1e-07
43.8953755173133 1.67345015691795 0
0 0

0101101
*
Ed
 1e-07 1 1 0
1  873 0 0 0.600000000000001
0

0101000
+1359 0 -1357 0 *
Ve
1e-07
43.2953755173133 1.67345015691795 0
0 0

0101101
*
Ed
 1e-07 1 1 0
1  874 0 0 0.599999999999994
0

0101000
+1357 0 -1355 0 *
Ed
 1e-07 1 1 0
1  875 0 0 0.600000000000001
0

0101000
+1355 0 -1360 0 *
Wi

0101100
+1358 0 +1356 0 +1354 0 +1353 0 *
Ve
1e-07
43.2953755173133 2.9268473292799 0
0 0

0101101
*
Ve
1e-07
43.8953755173133 2.9268473292799 0
0 0

0101101
*
Ed
 1e-07 1 1 0
1  876 0 0 0.599999999999994
0

0101000
+1351 0 -1350 0 *
Ve
1e-07
43.8953755173133 3.52684732927989 0
0 0

0101101
*
Ed
 1e-07 1 1 0
1  877 0 0 0.599999999999987
0

0101000
+1350 0 -1348 0 *
Ve
1e-07
43.2953755173133 3.52684732927989 0
0 0

0101101
*
Ed
 1e-07 1 1 0
1  878 0 0 0.599999999999994
0

0101000
+1348 0 -1346 0 *
Ed
 1e-07 1 1 0
1  879 0 0 0.599999999999987
0

0101000
+1346 0 -1351 0 *
Wi

0101100
+1349 0 +1347 0 +1345 0 +1344 0 *
Ve
1e-07
40.3672367807209 4.39924450164184 0
0 0

0101101
*
Ve
1e-07
40.9672367807209 4.39924450164184 0
0 0

0101101
*
Ed
 1e-07 1 1 0
1  880 0 0 0.59999999999998
0

0101000
+1342 0 -1341 0 *
Ve
1e-07
40.9672367807209 4.99924450164185 0
0 0

0101101
*
Ed
 1e-07 1 1 0
1  881 0 0 0.600000000000009
0

0101000
+1341 0 -1339 0 *
Ve
1e-07
40.3672367807209 4.99924450164185 0
0 0

0101101
*
Ed
 1e-07 1 1 0
1  882 0 0 0.59999999999998
0

0101000
+1339 0 -1337 0 *
Ed
 1e-07 1 1 0
1  883 0 0 0.600000000000009
0

0101000
+1337 0 -1342 0 *
Wi

0101100
+1340 0 +1338 0 +1336 0 +1335 0 *
Ve
1e-07
40.3672367807209 2.5458473292799 0
0 0

0101101
*
Ve
1e-07
40.9672367807209 2.5458473292799 0
0 0

0101101
*
Ed
 1e-07 1 1 0
1  884 0 0 0.59999999999998
0

0101000
+1333 0 -1332 0 *
Ve
1e-07
40.9672367807209 3.14584732927989 0
0 0

0101101
*
Ed
 1e-07 1 1 0
1  885 0 0 0.599999999999988
0

0101000
+1332 0 -1330 0 *
Ve
1e-07
40.3672367807209 3.14584732927989 0
0 0

0101101
*
Ed
 1e-07 1 1 0
1  886 0 0 0.59999999999998
0

0101000
+1330 0 -1328 0 *
Ed
 1e-07 1 1 0
1  887 0 0 0.599999999999988
0

0101000
+1328 0 -1333 0 *
Wi

0101100
+1331 0 +1329 0 +1327 0 +1326 0 *
Ve
1e-07
40.3672367807209 0.69245015691795 0
0 0

0101101
*
Ve
1e-07
40.9672367807209 0.69245015691795 0
0 0

0101101
*
Ed
 1e-07 1 1 0
1  888 0 0 0.59999999999998
0

0101000
+1324 0 -1323 0 *
Ve
1e-07
40.9672367807209 1.29245015691796 0
0 0

0101101
*
Ed
 1e-07 1 1 0
1  889 0 0 0.600000000000008
0

0101000
+1323 0 -1321 0 *
Ve
1e-07
40.3672367807209 1.29245015691796 0
0 0

0101101
*
Ed
 1e-07 1 1 0
1  890 0 0 0.59999999999998
0

0101000
+1321 0 -1319 0 *
Ed
 1e-07 1 1 0
1  891 0 0 0.600000000000008
0

0101000
+1319 0 -1324 0 *
Wi

0101100
+1322 0 +1320 0 +1318 0 +1317 0 *
Ve
1e-07
37.8343755173133 1.07345015691795 0
0 0

0101101
*
Ve
1e-07
38.4343755173133 1.07345015691795 0
0 0

0101101
*
Ed
 1e-07 1 1 0
1  892 0 0 0.599999999999994
0

0101000
+1315 0 -1314 0 *
Ve
1e-07
38.4343755173133 1.67345015691795 0
0 0

0101101
*
Ed
 1e-07 1 1 0
1  893 0 0 0.600000000000001
0

0101000
+1314 0 -1312 0 *
Ve
1e-07
37.8343755173133 1.67345015691795 0
0 0

0101101
*
Ed
 1e-07 1 1 0
1  894 0 0 0.599999999999994
0

0101000
+1312 0 -1310 0 *
Ed
 1e-07 1 1 0
1  895 0 0 0.600000000000001
0

0101000
+1310 0 -1315 0 *
Wi

0101100
+1313 0 +1311 0 +1309 0 +1308 0 *
Ve
1e-07
37.8343755173133 2.9268473292799 0
0 0

0101101
*
Ve
1e-07
38.4343755173133 2.9268473292799 0
0 0

0101101
*
Ed
 1e-07 1 1 0
1  896 0 0 0.599999999999994
0

0101000
+1306 0 -1305 0 *
Ve
1e-07
38.4343755173133 3.52684732927989 0
0 0

0101101
*
Ed
 1e-07 1 1 0
1  897 0 0 0.599999999999987
0

0101000
+1305 0 -1303 0 *
Ve
1e-07
37.8343755173133 3.52684732927989 0
0 0

0101101
*
Ed
 1e-07 1 1 0
1  898 0 0 0.599999999999994
0

0101000
+1303 0 -1301 0 *
Ed
 1e-07 1 1 0
1  899 0 0 0.599999999999987
0

0101000
+1301 0 -1306 0 *
Wi

0101100
+1304 0 +1302 0 +1300 0 +1299 0 *
Ve
1e-07
34.9062367807209 4.39924450164184 0
0 0

0101101
*
Ve
1e-07
35.5062367807208 4.39924450164184 0
0 0

0101101
*
Ed
 1e-07 1 1 0
1  900 0 0 0.599999999999987
0

0101000
+1297 0 -1296 0 *
Ve
1e-07
35.5062367807208 4.99924450164185 0
0 0

0101101
*
Ed
 1e-07 1 1 0
1  901 0 0 0.600000000000009
0

0101000
+1296 0 -1294 0 *
Ve
1e-07
34.9062367807209 4.99924450164185 0
0 0

0101101
*
Ed
 1e-07 1 1 0
1  902 0 0 0.599999999999987
0

0101000
+1294 0 -1292 0 *
Ed
 1e-07 1 1 0
1  903 0 0 0.600000000000009
0

0101000
+1292 0 -1297 0 *
Wi

0101100
+1295 0 +1293 0 +1291 0 +1290 0 *
Ve
1e-07
34.9062367807209 2.5458473292799 0
0 0

0101101
*
Ve
1e-07
35.5062367807208 2.5458473292799 0
0 0

0101101
*
Ed
 1e-07 1 1 0
1  904 0 0 0.599999999999987
0

0101000
+1288 0 -1287 0 *
Ve
1e-07
35.5062367807208 3.14584732927989 0
0 0

0101101
*
Ed
 1e-07 1 1 0
1  905 0 0 0.599999999999988
0

0101000
+1287 0 -1285 0 *
Ve
1e-07
34.9062367807209 3.14584732927989 0
0 0

0101101
*
Ed
 1e-07 1 1 0
1  906 0 0 0.599999999999987
0

0101000
+1285 0 -1283 0 *
Ed
 1e-07 1 1 0
1  907 0 0 0.599999999999988
0

0101000
+1283 0 -1288 0 *
Wi

0101100
+1286 0 +1284 0 +1282 0 +1281 0 *
Ve
1e-07
34.9062367807209 0.69245015691795 0
0 0

0101101
*
Ve
1e-07
35.5062367807208 0.69245015691795 0
0 0

0101101
*
Ed
 1e-07 1 1 0
1  908 0 0 0.599999999999987
0

0101000
+1279 0 -1278 0 *
Ve
1e-07
35.5062367807208 1.29245015691796 0
0 0

0101101
*
Ed
 1e-07 1 1 0
1  909 0 0 0.600000000000008
0

0101000
+1278 0 -1276 0 *
Ve
1e-07
34.9062367807209 1.29245015691796 0
0 0

0101101
*
Ed
 1e-07 1 1 0
1  910 0 0 0.599999999999987
0

0101000
+1276 0 -1274 0 *
Ed
 1e-07 1 1 0
1  911 0 0 0.600000000000008
0

0101000
+1274 0 -1279 0 *
Wi

0101100
+1277 0 +1275 0 +1273 0 +1272 0 *
Ve
1e-07
32.3098755173133 1.07345015691795 0
0 0

0101101
*
Ve
1e-07
32.9098755173133 1.07345015691795 0
0 0

0101101
*
Ed
 1e-07 1 1 0
1  912 0 0 0.599999999999987
0

0101000
+1270 0 -1269 0 *
Ve
1e-07
32.9098755173133 1.67345015691795 0
0 0

0101101
*
Ed
 1e-07 1 1 0
1  913 0 0 0.600000000000001
0

0101000
+1269 0 -1267 0 *
Ve
1e-07
32.3098755173133 1.67345015691795 0
0 0

0101101
*
Ed
 1e-07 1 1 0
1  914 0 0 0.599999999999987
0

0101000
+1267 0 -1265 0 *
Ed
 1e-07 1 1 0
1  915 0 0 0.600000000000001
0

0101000
+1265 0 -1270 0 *
Wi

0101100
+1268 0 +1266 0 +1264 0 +1263 0 *
Ve
1e-07
32.3098755173133 2.9268473292799 0
0 0

0101101
*
Ve
1e-07
32.9098755173133 2.9268473292799 0
0 0

0101101
*
Ed
 1e-07 1 1 0
1  916 0 0 0.599999999999987
0

0101000
+1261 0 -1260 0 *
Ve
1e-07
32.9098755173133 3.52684732927989 0
0 0

0101101
*
Ed
 1e-07 1 1 0
1  917 0 0 0.599999999999987
0

0101000
+1260 0 -1258 0 *
Ve
1e-07
32.3098755173133 3.52684732927989 0
0 0

0101101
*
Ed
 1e-07 1 1 0
1  918 0 0 0.599999999999987
0

0101000
+1258 0 -1256 0 *
Ed
 1e-07 1 1 0
1  919 0 0 0.599999999999987
0

0101000
+1256 0 -1261 0 *
Wi

0101100
+1259 0 +1257 0 +1255 0 +1254 0 *
Ve
1e-07
29.4029034473875 4.39924450164184 0
0 0

0101101
*
Ve
1e-07
30.0029034473875 4.39924450164184 0
0 0

0101101
*
Ed
 1e-07 1 1 0
1  920 0 0 0.599999999999991
0

0101000
+1252 0 -1251 0 *
Ve
1e-07
30.0029034473875 4.99924450164185 0
0 0

0101101
*
Ed
 1e-07 1 1 0
1  921 0 0 0.600000000000009
0

0101000
+1251 0 -1249 0 *
Ve
1e-07
29.4029034473875 4.99924450164185 0
0 0

0101101
*
Ed
 1e-07 1 1 0
1  922 0 0 0.599999999999991
0

0101000
+1249 0 -1247 0 *
Ed
 1e-07 1 1 0
1  923 0 0 0.600000000000009
0

0101000
+1247 0 -1252 0 *
Wi

0101100
+1250 0 +1248 0 +1246 0 +1245 0 *
Ve
1e-07
29.4029034473875 2.5458473292799 0
0 0

0101101
*
Ve
1e-07
30.0029034473875 2.5458473292799 0
0 0

0101101
*
Ed
 1e-07 1 1 0
1  924 0 0 0.599999999999991
0

0101000
+1243 0 -1242 0 *
Ve
1e-07
30.0029034473875 3.14584732927989 0
0 0

0101101
*
Ed
 1e-07 1 1 0
1  925 0 0 0.599999999999988
0

0101000
+1242 0 -1240 0 *
Ve
1e-07
29.4029034473875 3.14584732927989 0
0 0

0101101
*
Ed
 1e-07 1 1 0
1  926 0 0 0.599999999999991
0

0101000
+1240 0 -1238 0 *
Ed
 1e-07 1 1 0
1  927 0 0 0.599999999999988
0

0101000
+1238 0 -1243 0 *
Wi

0101100
+1241 0 +1239 0 +1237 0 +1236 0 *
Ve
1e-07
29.4029034473875 0.69245015691795 0
0 0

0101101
*
Ve
1e-07
30.0029034473875 0.69245015691795 0
0 0

0101101
*
Ed
 1e-07 1 1 0
1  928 0 0 0.599999999999991
0

0101000
+1234 0 -1233 0 *
Ve
1e-07
30.0029034473875 1.29245015691796 0
0 0

0101101
*
Ed
 1e-07 1 1 0
1  929 0 0 0.600000000000008
0

0101000
+1233 0 -1231 0 *
Ve
1e-07
29.4029034473875 1.29245015691796 0
0 0

0101101
*
Ed
 1e-07 1 1 0
1  930 0 0 0.599999999999991
0

0101000
+1231 0 -1229 0 *
Ed
 1e-07 1 1 0
1  931 0 0 0.600000000000008
0

0101000
+1229 0 -1234 0 *
Wi

0101100
+1232 0 +1230 0 +1228 0 +1227 0 *
Ve
1e-07
26.80654218398 1.07345015691795 0
0 0

0101101
*
Ve
1e-07
27.40654218398 1.07345015691795 0
0 0

0101101
*
Ed
 1e-07 1 1 0
1  932 0 0 0.599999999999991
0

0101000
+1225 0 -1224 0 *
Ve
1e-07
27.40654218398 1.67345015691795 0
0 0

0101101
*
Ed
 1e-07 1 1 0
1  933 0 0 0.600000000000001
0

0101000
+1224 0 -1222 0 *
Ve
1e-07
26.80654218398 1.67345015691795 0
0 0

0101101
*
Ed
 1e-07 1 1 0
1  934 0 0 0.599999999999991
0

0101000
+1222 0 -1220 0 *
Ed
 1e-07 1 1 0
1  935 0 0 0.600000000000001
0

0101000
+1220 0 -1225 0 *
Wi

0101100
+1223 0 +1221 0 +1219 0 +1218 0 *
Ve
1e-07
26.80654218398 2.9268473292799 0
0 0

0101101
*
Ve
1e-07
27.40654218398 2.9268473292799 0
0 0

0101101
*
Ed
 1e-07 1 1 0
1  936 0 0 0.599999999999991
0

0101000
+1216 0 -1215 0 *
Ve
1e-07
27.40654218398 3.52684732927989 0
0 0

0101101
*
Ed
 1e-07 1 1 0
1  937 0 0 0.599999999999987
0

0101000
+1215 0 -1213 0 *
Ve
1e-07
26.80654218398 3.52684732927989 0
0 0

0101101
*
Ed
 1e-07 1 1 0
1  938 0 0 0.599999999999991
0

0101000
+1213 0 -1211 0 *
Ed
 1e-07 1 1 0
1  939 0 0 0.599999999999987
0

0101000
+1211 0 -1216 0 *
Wi

0101100
+1214 0 +1212 0 +1210 0 +1209 0 *
Ve
1e-07
23.9207367807209 4.39924450164184 0
0 0

0101101
*
Ve
1e-07
24.5207367807208 4.39924450164184 0
0 0

0101101
*
Ed
 1e-07 1 1 0
1  940 0 0 0.599999999999991
0

0101000
+1207 0 -1206 0 *
Ve
1e-07
24.5207367807208 4.99924450164185 0
0 0

0101101
*
Ed
 1e-07 1 1 0
1  941 0 0 0.600000000000009
0

0101000
+1206 0 -1204 0 *
Ve
1e-07
23.9207367807209 4.99924450164185 0
0 0

0101101
*
Ed
 1e-07 1 1 0
1  942 0 0 0.599999999999991
0

0101000
+1204 0 -1202 0 *
Ed
 1e-07 1 1 0
1  943 0 0 0.600000000000009
0

0101000
+1202 0 -1207 0 *
Wi

0101100
+1205 0 +1203 0 +1201 0 +1200 0 *
Ve
1e-07
23.9207367807209 2.5458473292799 0
0 0

0101101
*
Ve
1e-07
24.5207367807208 2.5458473292799 0
0 0

0101101
*
Ed
 1e-07 1 1 0
1  944 0 0 0.599999999999991
0

0101000
+1198 0 -1197 0 *
Ve
1e-07
24.5207367807208 3.14584732927989 0
0 0

0101101
*
Ed
 1e-07 1 1 0
1  945 0 0 0.599999999999988
0

0101000
+1197 0 -1195 0 *
Ve
1e-07
23.9207367807209 3.14584732927989 0
0 0

0101101
*
Ed
 1e-07 1 1 0
1  946 0 0 0.599999999999991
0

0101000
+1195 0 -1193 0 *
Ed
 1e-07 1 1 0
1  947 0 0 0.599999999999988
0

0101000
+1193 0 -1198 0 *
Wi

0101100
+1196 0 +1194 0 +1192 0 +1191 0 *
Ve
1e-07
23.9207367807209 0.69245015691795 0
0 0

0101101
*
Ve
1e-07
24.5207367807208 0.69245015691795 0
0 0

0101101
*
Ed
 1e-07 1 1 0
1  948 0 0 0.599999999999991
0

0101000
+1189 0 -1188 0 *
Ve
1e-07
24.5207367807208 1.29245015691796 0
0 0

0101101
*
Ed
 1e-07 1 1 0
1  949 0 0 0.600000000000008
0

0101000
+1188 0 -1186 0 *
Ve
1e-07
23.9207367807209 1.29245015691796 0
0 0

0101101
*
Ed
 1e-07 1 1 0
1  950 0 0 0.599999999999991
0

0101000
+1186 0 -1184 0 *
Ed
 1e-07 1 1 0
1  951 0 0 0.600000000000008
0

0101000
+1184 0 -1189 0 *
Wi

0101100
+1187 0 +1185 0 +1183 0 +1182 0 *
Ve
1e-07
21.3878755173133 1.07345015691795 0
0 0

0101101
*
Ve
1e-07
21.9878755173133 1.07345015691795 0
0 0

0101101
*
Ed
 1e-07 1 1 0
1  952 0 0 0.599999999999991
0

0101000
+1180 0 -1179 0 *
Ve
1e-07
21.9878755173133 1.67345015691795 0
0 0

0101101
*
Ed
 1e-07 1 1 0
1  953 0 0 0.600000000000001
0

0101000
+1179 0 -1177 0 *
Ve
1e-07
21.3878755173133 1.67345015691795 0
0 0

0101101
*
Ed
 1e-07 1 1 0
1  954 0 0 0.599999999999991
0

0101000
+1177 0 -1175 0 *
Ed
 1e-07 1 1 0
1  955 0 0 0.600000000000001
0

0101000
+1175 0 -1180 0 *
Wi

0101100
+1178 0 +1176 0 +1174 0 +1173 0 *
Ve
1e-07
21.3878755173133 2.9268473292799 0
0 0

0101101
*
Ve
1e-07
21.9878755173133 2.9268473292799 0
0 0

0101101
*
Ed
 1e-07 1 1 0
1  956 0 0 0.599999999999991
0

0101000
+1171 0 -1170 0 *
Ve
1e-07
21.9878755173133 3.52684732927989 0
0 0

0101101
*
Ed
 1e-07 1 1 0
1  957 0 0 0.599999999999987
0

0101000
+1170 0 -1168 0 *
Ve
1e-07
21.3878755173133 3.52684732927989 0
0 0

0101101
*
Ed
 1e-07 1 1 0
1  958 0 0 0.599999999999991
0

0101000
+1168 0 -1166 0 *
Ed
 1e-07 1 1 0
1  959 0 0 0.599999999999987
0

0101000
+1166 0 -1171 0 *
Wi

0101100
+1169 0 +1167 0 +1165 0 +1164 0 *
Ve
1e-07
18.5020701140542 4.39924450164184 0
0 0

0101101
*
Ve
1e-07
19.1020701140542 4.39924450164184 0
0 0

0101101
*
Ed
 1e-07 1 1 0
1  960 0 0 0.599999999999987
0

0101000
+1162 0 -1161 0 *
Ve
1e-07
19.1020701140542 4.99924450164185 0
0 0

0101101
*
Ed
 1e-07 1 1 0
1  961 0 0 0.600000000000009
0

0101000
+1161 0 -1159 0 *
Ve
1e-07
18.5020701140542 4.99924450164185 0
0 0

0101101
*
Ed
 1e-07 1 1 0
1  962 0 0 0.599999999999987
0

0101000
+1159 0 -1157 0 *
Ed
 1e-07 1 1 0
1  963 0 0 0.600000000000009
0

0101000
+1157 0 -1162 0 *
Wi

0101100
+1160 0 +1158 0 +1156 0 +1155 0 *
Ve
1e-07
18.5020701140542 2.5458473292799 0
0 0

0101101
*
Ve
1e-07
19.1020701140542 2.5458473292799 0
0 0

0101101
*
Ed
 1e-07 1 1 0
1  964 0 0 0.599999999999987
0

0101000
+1153 0 -1152 0 *
Ve
1e-07
19.1020701140542 3.14584732927989 0
0 0

0101101
*
Ed
 1e-07 1 1 0
1  965 0 0 0.599999999999988
0

0101000
+1152 0 -1150 0 *
Ve
1e-07
18.5020701140542 3.14584732927989 0
0 0

0101101
*
Ed
 1e-07 1 1 0
1  966 0 0 0.599999999999987
0

0101000
+1150 0 -1148 0 *
Ed
 1e-07 1 1 0
1  967 0 0 0.599999999999988
0

0101000
+1148 0 -1153 0 *
Wi

0101100
+1151 0 +1149 0 +1147 0 +1146 0 *
Ve
1e-07
18.5020701140542 0.69245015691795 0
0 0

0101101
*
Ve
1e-07
19.1020701140542 0.69245015691795 0
0 0

0101101
*
Ed
 1e-07 1 1 0
1  968 0 0 0.599999999999987
0

0101000
+1144 0 -1143 0 *
Ve
1e-07
19.1020701140542 1.29245015691796 0
0 0

0101101
*
Ed
 1e-07 1 1 0
1  969 0 0 0.600000000000008
0

0101000
+1143 0 -1141 0 *
Ve
1e-07
18.5020701140542 1.29245015691796 0
0 0

0101101
*
Ed
 1e-07 1 1 0
1  970 0 0 0.599999999999987
0

0101000
+1141 0 -1139 0 *
Ed
 1e-07 1 1 0
1  971 0 0 0.600000000000008
0

0101000
+1139 0 -1144 0 *
Wi

0101100
+1142 0 +1140 0 +1138 0 +1137 0 *
Ve
1e-07
15.9057088506467 1.07345015691795 0
0 0

0101101
*
Ve
1e-07
16.5057088506466 1.07345015691795 0
0 0

0101101
*
Ed
 1e-07 1 1 0
1  972 0 0 0.599999999999991
0

0101000
+1135 0 -1134 0 *
Ve
1e-07
16.5057088506466 1.67345015691795 0
0 0

0101101
*
Ed
 1e-07 1 1 0
1  973 0 0 0.600000000000001
0

0101000
+1134 0 -1132 0 *
Ve
1e-07
15.9057088506467 1.67345015691795 0
0 0

0101101
*
Ed
 1e-07 1 1 0
1  974 0 0 0.599999999999991
0

0101000
+1132 0 -1130 0 *
Ed
 1e-07 1 1 0
1  975 0 0 0.600000000000001
0

0101000
+1130 0 -1135 0 *
Wi

0101100
+1133 0 +1131 0 +1129 0 +1128 0 *
Ve
1e-07
15.9057088506467 2.9268473292799 0
0 0

0101101
*
Ve
1e-07
16.5057088506466 2.9268473292799 0
0 0

0101101
*
Ed
 1e-07 1 1 0
1  976 0 0 0.599999999999991
0

0101000
+1126 0 -1125 0 *
Ve
1e-07
16.5057088506466 3.52684732927989 0
0 0

0101101
*
Ed
 1e-07 1 1 0
1  977 0 0 0.599999999999987
0

0101000
+1125 0 -1123 0 *
Ve
1e-07
15.9057088506467 3.52684732927989 0
0 0

0101101
*
Ed
 1e-07 1 1 0
1  978 0 0 0.599999999999991
0

0101000
+1123 0 -1121 0 *
Ed
 1e-07 1 1 0
1  979 0 0 0.599999999999987
0

0101000
+1121 0 -1126 0 *
Wi

0101100
+1124 0 +1122 0 +1120 0 +1119 0 *
Ve
1e-07
45.15 18.1582427618868 0
0 0

0101101
*
Ve
1e-07
45.75 18.1582427618868 0
0 0

0101101
*
Ed
 1e-07 1 1 0
1  980 0 0 0.60000000000003
0

0101000
+1117 0 -1116 0 *
Ve
1e-07
45.75 18.7582427618868 0
0 0

0101101
*
Ed
 1e-07 1 1 0
1  981 0 0 0.600000000000001
0

0101000
+1116 0 -1114 0 *
Ve
1e-07
45.15 18.7582427618868 0
0 0

0101101
*
Ed
 1e-07 1 1 0
1  982 0 0 0.60000000000003
0

0101000
+1114 0 -1112 0 *
Ed
 1e-07 1 1 0
1  983 0 0 0.600000000000001
0

0101000
+1112 0 -1117 0 *
Wi

0101100
+1115 0 +1113 0 +1111 0 +1110 0 *
Ve
1e-07
45.15 17.3674448197547 0
0 0

0101101
*
Ve
1e-07
45.75 17.3674448197547 0
0 0

0101101
*
Ed
 1e-07 1 1 0
1  984 0 0 0.600000000000016
0

0101000
+1108 0 -1107 0 *
Ve
1e-07
45.75 17.9674448197547 0
0 0

0101101
*
Ed
 1e-07 1 1 0
1  985 0 0 0.600000000000012
0

0101000
+1107 0 -1105 0 *
Ve
1e-07
45.15 17.9674448197547 0
0 0

0101101
*
Ed
 1e-07 1 1 0
1  986 0 0 0.600000000000016
0

0101000
+1105 0 -1103 0 *
Ed
 1e-07 1 1 0
1  987 0 0 0.600000000000012
0

0101000
+1103 0 -1108 0 *
Wi

0101100
+1106 0 +1104 0 +1102 0 +1101 0 *
Ve
1e-07
45.15 16.5766468776226 0
0 0

0101101
*
Ve
1e-07
45.75 16.5766468776226 0
0 0

0101101
*
Ed
 1e-07 1 1 0
1  988 0 0 0.599999999999994
0

0101000
+1099 0 -1098 0 *
Ve
1e-07
45.75 17.1766468776226 0
0 0

0101101
*
Ed
 1e-07 1 1 0
1  989 0 0 0.600000000000001
0

0101000
+1098 0 -1096 0 *
Ve
1e-07
45.15 17.1766468776226 0
0 0

0101101
*
Ed
 1e-07 1 1 0
1  990 0 0 0.599999999999994
0

0101000
+1096 0 -1094 0 *
Ed
 1e-07 1 1 0
1  991 0 0 0.600000000000001
0

0101000
+1094 0 -1099 0 *
Wi

0101100
+1097 0 +1095 0 +1093 0 +1092 0 *
Ve
1e-07
45.15 15.7858489354905 0
0 0

0101101
*
Ve
1e-07
45.75 15.7858489354905 0
0 0

0101101
*
Ed
 1e-07 1 1 0
1  992 0 0 0.600000000000016
0

0101000
+1090 0 -1089 0 *
Ve
1e-07
45.75 16.3858489354905 0
0 0

0101101
*
Ed
 1e-07 1 1 0
1  993 0 0 0.6
0

0101000
+1089 0 -1087 0 *
Ve
1e-07
45.15 16.3858489354905 0
0 0

0101101
*
Ed
 1e-07 1 1 0
1  994 0 0 0.600000000000016
0

0101000
+1087 0 -1085 0 *
Ed
 1e-07 1 1 0
1  995 0 0 0.6
0

0101000
+1085 0 -1090 0 *
Wi

0101100
+1088 0 +1086 0 +1084 0 +1083 0 *
Ve
1e-07
43.3013477615075 15.7858489354905 0
0 0

0101101
*
Ve
1e-07
43.9013477615076 15.7858489354905 0
0 0

0101101
*
Ed
 1e-07 1 1 0
1  996 0 0 0.600000000000009
0

0101000
+1081 0 -1080 0 *
Ve
1e-07
43.9013477615076 16.3858489354905 0
0 0

0101101
*
Ed
 1e-07 1 1 0
1  997 0 0 0.60000000000001
0

0101000
+1080 0 -1078 0 *
Ve
1e-07
43.3013477615075 16.3858489354905 0
0 0

0101101
*
Ed
 1e-07 1 1 0
1  998 0 0 0.600000000000009
0

0101000
+1078 0 -1076 0 *
Ed
 1e-07 1 1 0
1  999 0 0 0.60000000000001
0

0101000
+1076 0 -1081 0 *
Wi

0101100
+1079 0 +1077 0 +1075 0 +1074 0 *
Ve
1e-07
43.3013477615076 16.5766468776226 0
0 0

0101101
*
Ve
1e-07
43.9013477615076 16.5766468776226 0
0 0

0101101
*
Ed
 1e-07 1 1 0
1  1000 0 0 0.600000000000001
0

0101000
+1072 0 -1071 0 *
Ve
1e-07
43.9013477615076 17.1766468776226 0
0 0

0101101
*
Ed
 1e-07 1 1 0
1  1001 0 0 0.599999999999998
0

0101000
+1071 0 -1069 0 *
Ve
1e-07
43.3013477615076 17.1766468776226 0
0 0

0101101
*
Ed
 1e-07 1 1 0
1  1002 0 0 0.600000000000001
0

0101000
+1069 0 -1067 0 *
Ed
 1e-07 1 1 0
1  1003 0 0 0.599999999999998
0

0101000
+1067 0 -1072 0 *
Wi

0101100
+1070 0 +1068 0 +1066 0 +1065 0 *
Ve
1e-07
43.3013477615076 17.3674448197547 0
0 0

0101101
*
Ve
1e-07
43.9013477615076 17.3674448197547 0
0 0

0101101
*
Ed
 1e-07 1 1 0
1  1004 0 0 0.600000000000001
0

0101000
+1063 0 -1062 0 *
Ve
1e-07
43.9013477615076 17.9674448197547 0
0 0

0101101
*
Ed
 1e-07 1 1 0
1  1005 0 0 0.599999999999991
0

0101000
+1062 0 -1060 0 *
Ve
1e-07
43.3013477615076 17.9674448197547 0
0 0

0101101
*
Ed
 1e-07 1 1 0
1  1006 0 0 0.600000000000001
0

0101000
+1060 0 -1058 0 *
Ed
 1e-07 1 1 0
1  1007 0 0 0.599999999999991
0

0101000
+1058 0 -1063 0 *
Wi

0101100
+1061 0 +1059 0 +1057 0 +1056 0 *
Ve
1e-07
43.3013477615076 18.1582427618868 0
0 0

0101101
*
Ve
1e-07
43.9013477615075 18.1582427618868 0
0 0

0101101
*
Ed
 1e-07 1 1 0
1  1008 0 0 0.599999999999987
0

0101000
+1054 0 -1053 0 *
Ve
1e-07
43.9013477615075 18.7582427618868 0
0 0

0101101
*
Ed
 1e-07 1 1 0
1  1009 0 0 0.600000000000012
0

0101000
+1053 0 -1051 0 *
Ve
1e-07
43.3013477615076 18.7582427618868 0
0 0

0101101
*
Ed
 1e-07 1 1 0
1  1010 0 0 0.599999999999987
0

0101000
+1051 0 -1049 0 *
Ed
 1e-07 1 1 0
1  1011 0 0 0.600000000000012
0

0101000
+1049 0 -1054 0 *
Wi

0101100
+1052 0 +1050 0 +1048 0 +1047 0 *
Ve
1e-07
56.4 3.68148439784281 0
0 0

0101101
*
Ve
1e-07
57 3.68148439784281 0
0 0

0101101
*
Ed
 1e-07 1 1 0
1  1012 0 0 0.600000000000016
0

0101000
+1045 0 -1044 0 *
Ve
1e-07
57 4.28148439784282 0
0 0

0101101
*
Ed
 1e-07 1 1 0
1  1013 0 0 0.600000000000015
0

0101000
+1044 0 -1042 0 *
Ve
1e-07
56.4 4.28148439784282 0
0 0

0101101
*
Ed
 1e-07 1 1 0
1  1014 0 0 0.600000000000016
0

0101000
+1042 0 -1040 0 *
Ed
 1e-07 1 1 0
1  1015 0 0 0.600000000000015
0

0101000
+1040 0 -1045 0 *
Wi

0101100
+1043 0 +1041 0 +1039 0 +1038 0 *
Ve
1e-07
56.4 2.89068645571069 0
0 0

0101101
*
Ve
1e-07
57 2.89068645571069 0
0 0

0101101
*
Ed
 1e-07 1 1 0
1  1016 0 0 0.600000000000001
0

0101000
+1036 0 -1035 0 *
Ve
1e-07
57 3.4906864557107 0
0 0

0101101
*
Ed
 1e-07 1 1 0
1  1017 0 0 0.600000000000015
0

0101000
+1035 0 -1033 0 *
Ve
1e-07
56.4 3.4906864557107 0
0 0

0101101
*
Ed
 1e-07 1 1 0
1  1018 0 0 0.600000000000001
0

0101000
+1033 0 -1031 0 *
Ed
 1e-07 1 1 0
1  1019 0 0 0.600000000000015
0

0101000
+1031 0 -1036 0 *
Wi

0101100
+1034 0 +1032 0 +1030 0 +1029 0 *
Ve
1e-07
56.4 2.09988851357858 0
0 0

0101101
*
Ve
1e-07
57 2.09988851357858 0
0 0

0101101
*
Ed
 1e-07 1 1 0
1  1020 0 0 0.599999999999994
0

0101000
+1027 0 -1026 0 *
Ve
1e-07
57 2.69988851357858 0
0 0

0101101
*
Ed
 1e-07 1 1 0
1  1021 0 0 0.599999999999994
0

0101000
+1026 0 -1024 0 *
Ve
1e-07
56.4 2.69988851357858 0
0 0

0101101
*
Ed
 1e-07 1 1 0
1  1022 0 0 0.599999999999994
0

0101000
+1024 0 -1022 0 *
Ed
 1e-07 1 1 0
1  1023 0 0 0.599999999999994
0

0101000
+1022 0 -1027 0 *
Wi

0101100
+1025 0 +1023 0 +1021 0 +1020 0 *
Ve
1e-07
56.4 1.30909057144647 0
0 0

0101101
*
Ve
1e-07
57 1.30909057144647 0
0 0

0101101
*
Ed
 1e-07 1 1 0
1  1024 0 0 0.600000000000001
0

0101000
+1018 0 -1017 0 *
Ve
1e-07
57 1.90909057144646 0
0 0

0101101
*
Ed
 1e-07 1 1 0
1  1025 0 0 0.599999999999988
0

0101000
+1017 0 -1015 0 *
Ve
1e-07
56.4 1.90909057144646 0
0 0

0101101
*
Ed
 1e-07 1 1 0
1  1026 0 0 0.600000000000001
0

0101000
+1015 0 -1013 0 *
Ed
 1e-07 1 1 0
1  1027 0 0 0.599999999999988
0

0101000
+1013 0 -1018 0 *
Wi

0101100
+1016 0 +1014 0 +1012 0 +1011 0 *
Ve
1e-07
54.5513477615075 1.30909057144648 0
0 0

0101101
*
Ve
1e-07
55.1513477615076 1.30909057144648 0
0 0

0101101
*
Ed
 1e-07 1 1 0
1  1028 0 0 0.600000000000009
0

0101000
+1009 0 -1008 0 *
Ve
1e-07
55.1513477615076 1.90909057144649 0
0 0

0101101
*
Ed
 1e-07 1 1 0
1  1029 0 0 0.600000000000009
0

0101000
+1008 0 -1006 0 *
Ve
1e-07
54.5513477615075 1.90909057144649 0
0 0

0101101
*
Ed
 1e-07 1 1 0
1  1030 0 0 0.600000000000009
0

0101000
+1006 0 -1004 0 *
Ed
 1e-07 1 1 0
1  1031 0 0 0.600000000000009
0

0101000
+1004 0 -1009 0 *
Wi

0101100
+1007 0 +1005 0 +1003 0 +1002 0 *
Ve
1e-07
54.5513477615076 2.09988851357859 0
0 0

0101101
*
Ve
1e-07
55.1513477615076 2.09988851357859 0
0 0

0101101
*
Ed
 1e-07 1 1 0
1  1032 0 0 0.599999999999994
0

0101000
+1000 0 -999 0 *
Ve
1e-07
55.1513477615076 2.69988851357859 0
0 0

0101101
*
Ed
 1e-07 1 1 0
1  1033 0 0 0.600000000000002
0

0101000
+999 0 -997 0 *
Ve
1e-07
54.5513477615076 2.69988851357859 0
0 0

0101101
*
Ed
 1e-07 1 1 0
1  1034 0 0 0.599999999999994
0

0101000
+997 0 -995 0 *
Ed
 1e-07 1 1 0
1  1035 0 0 0.600000000000002
0

0101000
+995 0 -1000 0 *
Wi

0101100
+998 0 +996 0 +994 0 +993 0 *
Ve
1e-07
54.5513477615076 2.89068645571071 0
0 0

0101101
*
Ve
1e-07
55.1513477615076 2.89068645571071 0
0 0

0101101
*
Ed
 1e-07 1 1 0
1  1036 0 0 0.600000000000001
0

0101000
+991 0 -990 0 *
Ve
1e-07
55.1513477615076 3.4906864557107 0
0 0

0101101
*
Ed
 1e-07 1 1 0
1  1037 0 0 0.599999999999994
0

0101000
+990 0 -988 0 *
Ve
1e-07
54.5513477615076 3.4906864557107 0
0 0

0101101
*
Ed
 1e-07 1 1 0
1  1038 0 0 0.600000000000001
0

0101000
+988 0 -986 0 *
Ed
 1e-07 1 1 0
1  1039 0 0 0.599999999999994
0

0101000
+986 0 -991 0 *
Wi

0101100
+989 0 +987 0 +985 0 +984 0 *
Ve
1e-07
54.5513477615076 3.68148439784282 0
0 0

0101101
*
Ve
1e-07
55.1513477615076 3.68148439784282 0
0 0

0101101
*
Ed
 1e-07 1 1 0
1  1040 0 0 0.600000000000001
0

0101000
+982 0 -981 0 *
Ve
1e-07
55.1513477615076 4.28148439784282 0
0 0

0101101
*
Ed
 1e-07 1 1 0
1  1041 0 0 0.600000000000009
0

0101000
+981 0 -979 0 *
Ve
1e-07
54.5513477615076 4.28148439784282 0
0 0

0101101
*
Ed
 1e-07 1 1 0
1  1042 0 0 0.600000000000001
0

0101000
+979 0 -977 0 *
Ed
 1e-07 1 1 0
1  1043 0 0 0.600000000000009
0

0101000
+977 0 -982 0 *
Wi

0101100
+980 0 +978 0 +976 0 +975 0 *
Ve
1e-07
12.2545116795225 3.68148439784282 0
0 0

0101101
*
Ve
1e-07
12.8545116795225 3.68148439784282 0
0 0

0101101
*
Ed
 1e-07 1 1 0
1  1044 0 0 0.600000000000021
0

0101000
+973 0 -972 0 *
Ve
1e-07
12.8545116795225 4.28148439784282 0
0 0

0101101
*
Ed
 1e-07 1 1 0
1  1045 0 0 0.600000000000009
0

0101000
+972 0 -970 0 *
Ve
1e-07
12.2545116795225 4.28148439784282 0
0 0

0101101
*
Ed
 1e-07 1 1 0
1  1046 0 0 0.600000000000021
0

0101000
+970 0 -968 0 *
Ed
 1e-07 1 1 0
1  1047 0 0 0.600000000000009
0

0101000
+968 0 -973 0 *
Wi

0101100
+971 0 +969 0 +967 0 +966 0 *
Ve
1e-07
12.2545116795225 2.89068645571069 0
0 0

0101101
*
Ve
1e-07
12.8545116795225 2.89068645571069 0
0 0

0101101
*
Ed
 1e-07 1 1 0
1  1048 0 0 0.599999999999991
0

0101000
+964 0 -963 0 *
Ve
1e-07
12.8545116795225 3.4906864557107 0
0 0

0101101
*
Ed
 1e-07 1 1 0
1  1049 0 0 0.600000000000008
0

0101000
+963 0 -961 0 *
Ve
1e-07
12.2545116795225 3.4906864557107 0
0 0

0101101
*
Ed
 1e-07 1 1 0
1  1050 0 0 0.599999999999991
0

0101000
+961 0 -959 0 *
Ed
 1e-07 1 1 0
1  1051 0 0 0.600000000000008
0

0101000
+959 0 -964 0 *
Wi

0101100
+962 0 +960 0 +958 0 +957 0 *
Ve
1e-07
12.2545116795225 2.09988851357858 0
0 0

0101101
*
Ve
1e-07
12.8545116795225 2.09988851357858 0
0 0

0101101
*
Ed
 1e-07 1 1 0
1  1052 0 0 0.599999999999991
0

0101000
+955 0 -954 0 *
Ve
1e-07
12.8545116795225 2.69988851357858 0
0 0

0101101
*
Ed
 1e-07 1 1 0
1  1053 0 0 0.599999999999994
0

0101000
+954 0 -952 0 *
Ve
1e-07
12.2545116795225 2.69988851357858 0
0 0

0101101
*
Ed
 1e-07 1 1 0
1  1054 0 0 0.599999999999991
0

0101000
+952 0 -950 0 *
Ed
 1e-07 1 1 0
1  1055 0 0 0.599999999999994
0

0101000
+950 0 -955 0 *
Wi

0101100
+953 0 +951 0 +949 0 +948 0 *
Ve
1e-07
12.2545116795225 1.30909057144647 0
0 0

0101101
*
Ve
1e-07
12.8545116795225 1.30909057144647 0
0 0

0101101
*
Ed
 1e-07 1 1 0
1  1056 0 0 0.599999999999991
0

0101000
+946 0 -945 0 *
Ve
1e-07
12.8545116795225 1.90909057144647 0
0 0

0101101
*
Ed
 1e-07 1 1 0
1  1057 0 0 0.599999999999995
0

0101000
+945 0 -943 0 *
Ve
1e-07
12.2545116795225 1.90909057144647 0
0 0

0101101
*
Ed
 1e-07 1 1 0
1  1058 0 0 0.599999999999991
0

0101000
+943 0 -941 0 *
Ed
 1e-07 1 1 0
1  1059 0 0 0.599999999999995
0

0101000
+941 0 -946 0 *
Wi

0101100
+944 0 +942 0 +940 0 +939 0 *
Ve
1e-07
10.40585944103 1.30909057144648 0
0 0

0101101
*
Ve
1e-07
11.0058594410301 1.30909057144648 0
0 0

0101101
*
Ed
 1e-07 1 1 0
1  1060 0 0 0.60000000000001
0

0101000
+937 0 -936 0 *
Ve
1e-07
11.0058594410301 1.90909057144649 0
0 0

0101101
*
Ed
 1e-07 1 1 0
1  1061 0 0 0.600000000000009
0

0101000
+936 0 -934 0 *
Ve
1e-07
10.40585944103 1.90909057144649 0
0 0

0101101
*
Ed
 1e-07 1 1 0
1  1062 0 0 0.60000000000001
0

0101000
+934 0 -932 0 *
Ed
 1e-07 1 1 0
1  1063 0 0 0.600000000000009
0

0101000
+932 0 -937 0 *
Wi

0101100
+935 0 +933 0 +931 0 +930 0 *
Ve
1e-07
10.4058594410301 2.0998885135786 0
0 0

0101101
*
Ve
1e-07
11.0058594410301 2.0998885135786 0
0 0

0101101
*
Ed
 1e-07 1 1 0
1  1064 0 0 0.6
0

0101000
+928 0 -927 0 *
Ve
1e-07
11.0058594410301 2.6998885135786 0
0 0

0101101
*
Ed
 1e-07 1 1 0
1  1065 0 0 0.599999999999995
0

0101000
+927 0 -925 0 *
Ve
1e-07
10.4058594410301 2.6998885135786 0
0 0

0101101
*
Ed
 1e-07 1 1 0
1  1066 0 0 0.6
0

0101000
+925 0 -923 0 *
Ed
 1e-07 1 1 0
1  1067 0 0 0.599999999999995
0

0101000
+923 0 -928 0 *
Wi

0101100
+926 0 +924 0 +922 0 +921 0 *
Ve
1e-07
10.4058594410301 2.89068645571071 0
0 0

0101101
*
Ve
1e-07
11.0058594410301 2.89068645571071 0
0 0

0101101
*
Ed
 1e-07 1 1 0
1  1068 0 0 0.6
0

0101000
+919 0 -918 0 *
Ve
1e-07
11.0058594410301 3.49068645571071 0
0 0

0101101
*
Ed
 1e-07 1 1 0
1  1069 0 0 0.600000000000001
0

0101000
+918 0 -916 0 *
Ve
1e-07
10.4058594410301 3.49068645571071 0
0 0

0101101
*
Ed
 1e-07 1 1 0
1  1070 0 0 0.6
0

0101000
+916 0 -914 0 *
Ed
 1e-07 1 1 0
1  1071 0 0 0.600000000000001
0

0101000
+914 0 -919 0 *
Wi

0101100
+917 0 +915 0 +913 0 +912 0 *
Ve
1e-07
10.4058594410301 3.68148439784282 0
0 0

0101101
*
Ve
1e-07
11.0058594410301 3.68148439784282 0
0 0

0101101
*
Ed
 1e-07 1 1 0
1  1072 0 0 0.6
0

0101000
+910 0 -909 0 *
Ve
1e-07
11.0058594410301 4.28148439784283 0
0 0

0101101
*
Ed
 1e-07 1 1 0
1  1073 0 0 0.600000000000009
0

0101000
+909 0 -907 0 *
Ve
1e-07
10.4058594410301 4.28148439784283 0
0 0

0101101
*
Ed
 1e-07 1 1 0
1  1074 0 0 0.6
0

0101000
+907 0 -905 0 *
Ed
 1e-07 1 1 0
1  1075 0 0 0.600000000000009
0

0101000
+905 0 -910 0 *
Wi

0101100
+908 0 +906 0 +904 0 +903 0 *
Ve
1e-07
9.73235355396408 12.7036871433573 0
0 0

0101101
*
Ve
1e-07
10.3323535539641 12.7036871433573 0
0 0

0101101
*
Ed
 1e-07 1 1 0
1  1076 0 0 0.599999999999991
0

0101000
+901 0 -900 0 *
Ve
1e-07
10.3323535539641 13.3036871433573 0
0 0

0101101
*
Ed
 1e-07 1 1 0
1  1077 0 0 0.60000000000001
0

0101000
+900 0 -898 0 *
Ve
1e-07
9.73235355396408 13.3036871433573 0
0 0

0101101
*
Ed
 1e-07 1 1 0
1  1078 0 0 0.599999999999991
0

0101000
+898 0 -896 0 *
Ed
 1e-07 1 1 0
1  1079 0 0 0.60000000000001
0

0101000
+896 0 -901 0 *
Wi

0101100
+899 0 +897 0 +895 0 +894 0 *
Ve
1e-07
11.2260853396733 11.7447071408694 0
0 0

0101101
*
Ve
1e-07
11.8280174347699 11.7447071408694 0
0 0

0101101
*
Ed
 1e-07 1 1 0
1  1080 0 0 0.60193209509657
0

0101000
+892 0 -891 0 *
Ve
1e-07
11.8280174347699 12.3427688039884 0
0 0

0101101
*
Ed
 1e-07 1 1 0
1  1081 0 0 0.598061663119001
0

0101000
+891 0 -889 0 *
Ve
1e-07
11.2260853396733 12.3427688039884 0
0 0

0101101
*
Ed
 1e-07 1 1 0
1  1082 0 0 0.60193209509657
0

0101000
+889 0 -887 0 *
Ed
 1e-07 1 1 0
1  1083 0 0 0.598061663119001
0

0101000
+887 0 -892 0 *
Wi

0101100
+890 0 +888 0 +886 0 +885 0 *
Ve
1e-07
11.9785596494333 11.7378820376146 0
0 0

0101101
*
Ve
1e-07
12.5804917445299 11.7378820376146 0
0 0

0101101
*
Ed
 1e-07 1 1 0
1  1084 0 0 0.601932095096569
0

0101000
+883 0 -882 0 *
Ve
1e-07
12.5804917445299 12.3359437007336 0
0 0

0101101
*
Ed
 1e-07 1 1 0
1  1085 0 0 0.598061663118969
0

0101000
+882 0 -880 0 *
Ve
1e-07
11.9785596494333 12.3359437007336 0
0 0

0101101
*
Ed
 1e-07 1 1 0
1  1086 0 0 0.601932095096569
0

0101000
+880 0 -878 0 *
Ed
 1e-07 1 1 0
1  1087 0 0 0.598061663118969
0

0101000
+878 0 -883 0 *
Wi

0101100
+881 0 +879 0 +877 0 +876 0 *
Ve
1e-07
9.7328129402517 15.4302281086599 0
0 0

0101101
*
Ve
1e-07
10.3328129402517 15.4302281086599 0
0 0

0101101
*
Ed
 1e-07 1 1 0
1  1088 0 0 0.599999999999994
0

0101000
+874 0 -873 0 *
Ve
1e-07
10.3328129402517 16.03022810866 0
0 0

0101101
*
Ed
 1e-07 1 1 0
1  1089 0 0 0.600000000000001
0

0101000
+873 0 -871 0 *
Ve
1e-07
9.7328129402517 16.03022810866 0
0 0

0101101
*
Ed
 1e-07 1 1 0
1  1090 0 0 0.599999999999994
0

0101000
+871 0 -869 0 *
Ed
 1e-07 1 1 0
1  1091 0 0 0.600000000000001
0

0101000
+869 0 -874 0 *
Wi

0101100
+872 0 +870 0 +868 0 +867 0 *
Ve
1e-07
11.2265447259609 14.471248106172 0
0 0

0101101
*
Ve
1e-07
11.8284768210575 14.471248106172 0
0 0

0101101
*
Ed
 1e-07 1 1 0
1  1092 0 0 0.60193209509657
0

0101000
+865 0 -864 0 *
Ve
1e-07
11.8284768210575 15.069309769291 0
0 0

0101101
*
Ed
 1e-07 1 1 0
1  1093 0 0 0.598061663118999
0

0101000
+864 0 -862 0 *
Ve
1e-07
11.2265447259609 15.069309769291 0
0 0

0101101
*
Ed
 1e-07 1 1 0
1  1094 0 0 0.60193209509657
0

0101000
+862 0 -860 0 *
Ed
 1e-07 1 1 0
1  1095 0 0 0.598061663118999
0

0101000
+860 0 -865 0 *
Wi

0101100
+863 0 +861 0 +859 0 +858 0 *
Ve
1e-07
11.9790190357209 14.4644230029173 0
0 0

0101101
*
Ve
1e-07
12.5809511308175 14.4644230029173 0
0 0

0101101
*
Ed
 1e-07 1 1 0
1  1096 0 0 0.601932095096579
0

0101000
+856 0 -855 0 *
Ve
1e-07
12.5809511308175 15.0624846660363 0
0 0

0101101
*
Ed
 1e-07 1 1 0
1  1097 0 0 0.59806166311898
0

0101000
+855 0 -853 0 *
Ve
1e-07
11.9790190357209 15.0624846660363 0
0 0

0101101
*
Ed
 1e-07 1 1 0
1  1098 0 0 0.601932095096579
0

0101000
+853 0 -851 0 *
Ed
 1e-07 1 1 0
1  1099 0 0 0.59806166311898
0

0101000
+851 0 -856 0 *
Wi

0101100
+854 0 +852 0 +850 0 +849 0 *
Ve
1e-07
9.73280006419964 18.1567690739626 0
0 0

0101101
*
Ve
1e-07
10.3328000641996 18.1567690739626 0
0 0

0101101
*
Ed
 1e-07 1 1 0
1  1100 0 0 0.599999999999998
0

0101000
+847 0 -846 0 *
Ve
1e-07
10.3328000641996 18.7567690739626 0
0 0

0101101
*
Ed
 1e-07 1 1 0
1  1101 0 0 0.600000000000012
0

0101000
+846 0 -844 0 *
Ve
1e-07
9.73280006419964 18.7567690739626 0
0 0

0101101
*
Ed
 1e-07 1 1 0
1  1102 0 0 0.599999999999998
0

0101000
+844 0 -842 0 *
Ed
 1e-07 1 1 0
1  1103 0 0 0.600000000000012
0

0101000
+842 0 -847 0 *
Wi

0101100
+845 0 +843 0 +841 0 +840 0 *
Ve
1e-07
11.2265318499089 17.1977890714747 0
0 0

0101101
*
Ve
1e-07
11.8284639450054 17.1977890714747 0
0 0

0101101
*
Ed
 1e-07 1 1 0
1  1104 0 0 0.60193209509657
0

0101000
+838 0 -837 0 *
Ve
1e-07
11.8284639450054 17.7958507345937 0
0 0

0101101
*
Ed
 1e-07 1 1 0
1  1105 0 0 0.598061663119001
0

0101000
+837 0 -835 0 *
Ve
1e-07
11.2265318499089 17.7958507345937 0
0 0

0101101
*
Ed
 1e-07 1 1 0
1  1106 0 0 0.60193209509657
0

0101000
+835 0 -833 0 *
Ed
 1e-07 1 1 0
1  1107 0 0 0.598061663119001
0

0101000
+833 0 -838 0 *
Wi

0101100
+836 0 +834 0 +832 0 +831 0 *
Ve
1e-07
11.9790061596689 17.1909639682199 0
0 0

0101101
*
Ve
1e-07
12.5809382547655 17.1909639682199 0
0 0

0101101
*
Ed
 1e-07 1 1 0
1  1108 0 0 0.60193209509657
0

0101000
+829 0 -828 0 *
Ve
1e-07
12.5809382547655 17.7890256313389 0
0 0

0101101
*
Ed
 1e-07 1 1 0
1  1109 0 0 0.598061663119001
0

0101000
+828 0 -826 0 *
Ve
1e-07
11.9790061596689 17.7890256313389 0
0 0

0101101
*
Ed
 1e-07 1 1 0
1  1110 0 0 0.60193209509657
0

0101000
+826 0 -824 0 *
Ed
 1e-07 1 1 0
1  1111 0 0 0.598061663119001
0

0101000
+824 0 -829 0 *
Wi

0101100
+827 0 +825 0 +823 0 +822 0 *
Ve
1e-07
9.73314865108283 20.9035379924159 0
0 0

0101101
*
Ve
1e-07
10.3331486510828 20.9035379924159 0
0 0

0101101
*
Ed
 1e-07 1 1 0
1  1112 0 0 0.599999999999996
0

0101000
+820 0 -819 0 *
Ve
1e-07
10.3331486510828 21.5035379924159 0
0 0

0101101
*
Ed
 1e-07 1 1 0
1  1113 0 0 0.600000000000001
0

0101000
+819 0 -817 0 *
Ve
1e-07
9.73314865108283 21.5035379924159 0
0 0

0101101
*
Ed
 1e-07 1 1 0
1  1114 0 0 0.599999999999996
0

0101000
+817 0 -815 0 *
Ed
 1e-07 1 1 0
1  1115 0 0 0.600000000000001
0

0101000
+815 0 -820 0 *
Wi

0101100
+818 0 +816 0 +814 0 +813 0 *
Ve
1e-07
11.226880436792 19.944557989928 0
0 0

0101101
*
Ve
1e-07
11.8288125318886 19.944557989928 0
0 0

0101101
*
Ed
 1e-07 1 1 0
1  1116 0 0 0.60193209509657
0

0101000
+811 0 -810 0 *
Ve
1e-07
11.8288125318886 20.542619653047 0
0 0

0101101
*
Ed
 1e-07 1 1 0
1  1117 0 0 0.598061663119001
0

0101000
+810 0 -808 0 *
Ve
1e-07
11.226880436792 20.542619653047 0
0 0

0101101
*
Ed
 1e-07 1 1 0
1  1118 0 0 0.60193209509657
0

0101000
+808 0 -806 0 *
Ed
 1e-07 1 1 0
1  1119 0 0 0.598061663119001
0

0101000
+806 0 -811 0 *
Wi

0101100
+809 0 +807 0 +805 0 +804 0 *
Ve
1e-07
11.9793547465521 19.9377328866733 0
0 0

0101101
*
Ve
1e-07
12.5812868416486 19.9377328866733 0
0 0

0101101
*
Ed
 1e-07 1 1 0
1  1120 0 0 0.60193209509657
0

0101000
+802 0 -801 0 *
Ve
1e-07
12.5812868416486 20.5357945497923 0
0 0

0101101
*
Ed
 1e-07 1 1 0
1  1121 0 0 0.59806166311898
0

0101000
+801 0 -799 0 *
Ve
1e-07
11.9793547465521 20.5357945497923 0
0 0

0101101
*
Ed
 1e-07 1 1 0
1  1122 0 0 0.60193209509657
0

0101000
+799 0 -797 0 *
Ed
 1e-07 1 1 0
1  1123 0 0 0.59806166311898
0

0101000
+797 0 -802 0 *
Wi

0101100
+800 0 +798 0 +796 0 +795 0 *
Ve
1e-07
9.73324988705301 23.6503069108693 0
0 0

0101101
*
Ve
1e-07
10.333249887053 23.6503069108693 0
0 0

0101101
*
Ed
 1e-07 1 1 0
1  1124 0 0 0.599999999999998
0

0101000
+793 0 -792 0 *
Ve
1e-07
10.333249887053 24.2503069108693 0
0 0

0101101
*
Ed
 1e-07 1 1 0
1  1125 0 0 0.600000000000019
0

0101000
+792 0 -790 0 *
Ve
1e-07
9.73324988705301 24.2503069108693 0
0 0

0101101
*
Ed
 1e-07 1 1 0
1  1126 0 0 0.599999999999998
0

0101000
+790 0 -788 0 *
Ed
 1e-07 1 1 0
1  1127 0 0 0.600000000000019
0

0101000
+788 0 -793 0 *
Wi

0101100
+791 0 +789 0 +787 0 +786 0 *
Ve
1e-07
11.2269816727622 22.6913269083814 0
0 0

0101101
*
Ve
1e-07
11.8289137678588 22.6913269083814 0
0 0

0101101
*
Ed
 1e-07 1 1 0
1  1128 0 0 0.601932095096581
0

0101000
+784 0 -783 0 *
Ve
1e-07
11.8289137678588 23.2893885715004 0
0 0

0101101
*
Ed
 1e-07 1 1 0
1  1129 0 0 0.59806166311899
0

0101000
+783 0 -781 0 *
Ve
1e-07
11.2269816727622 23.2893885715004 0
0 0

0101101
*
Ed
 1e-07 1 1 0
1  1130 0 0 0.601932095096581
0

0101000
+781 0 -779 0 *
Ed
 1e-07 1 1 0
1  1131 0 0 0.59806166311899
0

0101000
+779 0 -784 0 *
Wi

0101100
+782 0 +780 0 +778 0 +777 0 *
Ve
1e-07
11.9794559825223 22.6845018051266 0
0 0

0101101
*
Ve
1e-07
12.5813880776188 22.6845018051266 0
0 0

0101101
*
Ed
 1e-07 1 1 0
1  1132 0 0 0.601932095096569
0

0101000
+775 0 -774 0 *
Ve
1e-07
12.5813880776188 23.2825634682456 0
0 0

0101101
*
Ed
 1e-07 1 1 0
1  1133 0 0 0.59806166311898
0

0101000
+774 0 -772 0 *
Ve
1e-07
11.9794559825223 23.2825634682456 0
0 0

0101101
*
Ed
 1e-07 1 1 0
1  1134 0 0 0.601932095096569
0

0101000
+772 0 -770 0 *
Ed
 1e-07 1 1 0
1  1135 0 0 0.59806166311898
0

0101000
+770 0 -775 0 *
Wi

0101100
+773 0 +771 0 +769 0 +768 0 *
Ve
1e-07
9.73349723796603 26.7211218593723 0
0 0

0101101
*
Ve
1e-07
10.333497237966 26.7211218593723 0
0 0

0101101
*
Ed
 1e-07 1 1 0
1  1136 0 0 0.599999999999994
0

0101000
+766 0 -765 0 *
Ve
1e-07
10.333497237966 27.3211218593723 0
0 0

0101101
*
Ed
 1e-07 1 1 0
1  1137 0 0 0.600000000000001
0

0101000
+765 0 -763 0 *
Ve
1e-07
9.73349723796603 27.3211218593723 0
0 0

0101101
*
Ed
 1e-07 1 1 0
1  1138 0 0 0.599999999999994
0

0101000
+763 0 -761 0 *
Ed
 1e-07 1 1 0
1  1139 0 0 0.600000000000001
0

0101000
+761 0 -766 0 *
Wi

0101100
+764 0 +762 0 +760 0 +759 0 *
Ve
1e-07
11.2272290236752 25.7621418568844 0
0 0

0101101
*
Ve
1e-07
11.8291611187718 25.7621418568844 0
0 0

0101101
*
Ed
 1e-07 1 1 0
1  1140 0 0 0.601932095096569
0

0101000
+757 0 -756 0 *
Ve
1e-07
11.8291611187718 26.3602035200034 0
0 0

0101101
*
Ed
 1e-07 1 1 0
1  1141 0 0 0.598061663119001
0

0101000
+756 0 -754 0 *
Ve
1e-07
11.2272290236752 26.3602035200034 0
0 0

0101101
*
Ed
 1e-07 1 1 0
1  1142 0 0 0.601932095096569
0

0101000
+754 0 -752 0 *
Ed
 1e-07 1 1 0
1  1143 0 0 0.598061663119001
0

0101000
+752 0 -757 0 *
Wi

0101100
+755 0 +753 0 +751 0 +750 0 *
Ve
1e-07
11.9797033334353 25.7553167536296 0
0 0

0101101
*
Ve
1e-07
12.5816354285318 25.7553167536296 0
0 0

0101101
*
Ed
 1e-07 1 1 0
1  1144 0 0 0.60193209509657
0

0101000
+748 0 -747 0 *
Ve
1e-07
12.5816354285318 26.3533784167486 0
0 0

0101101
*
Ed
 1e-07 1 1 0
1  1145 0 0 0.59806166311898
0

0101000
+747 0 -745 0 *
Ve
1e-07
11.9797033334353 26.3533784167486 0
0 0

0101101
*
Ed
 1e-07 1 1 0
1  1146 0 0 0.60193209509657
0

0101000
+745 0 -743 0 *
Ed
 1e-07 1 1 0
1  1147 0 0 0.59806166311898
0

0101000
+743 0 -748 0 *
Wi

0101100
+746 0 +744 0 +742 0 +741 0 *
Ve
1e-07
19.2901757910849 25.1946348244736 0
0 0

0101101
*
Ve
1e-07
19.8882374542039 25.1946348244736 0
0 0

0101101
*
Ed
 1e-07 1 1 0
1  1148 0 0 0.598061663119001
0

0101000
+739 0 -738 0 *
Ve
1e-07
19.8882374542039 25.7965669195702 0
0 0

0101101
*
Ed
 1e-07 1 1 0
1  1149 0 0 0.601932095096579
0

0101000
+738 0 -736 0 *
Ve
1e-07
19.2901757910849 25.7965669195702 0
0 0

0101101
*
Ed
 1e-07 1 1 0
1  1150 0 0 0.598061663119001
0

0101000
+736 0 -734 0 *
Ed
 1e-07 1 1 0
1  1151 0 0 0.601932095096579
0

0101000
+734 0 -739 0 *
Wi

0101100
+737 0 +735 0 +733 0 +732 0 *
Ve
1e-07
19.2833506878302 24.4421605147136 0
0 0

0101101
*
Ve
1e-07
19.8814123509491 24.4421605147136 0
0 0

0101101
*
Ed
 1e-07 1 1 0
1  1152 0 0 0.59806166311898
0

0101000
+730 0 -729 0 *
Ve
1e-07
19.8814123509491 25.0440926098102 0
0 0

0101101
*
Ed
 1e-07 1 1 0
1  1153 0 0 0.601932095096579
0

0101000
+729 0 -727 0 *
Ve
1e-07
19.2833506878302 25.0440926098102 0
0 0

0101101
*
Ed
 1e-07 1 1 0
1  1154 0 0 0.59806166311898
0

0101000
+727 0 -725 0 *
Ed
 1e-07 1 1 0
1  1155 0 0 0.601932095096579
0

0101000
+725 0 -730 0 *
Wi

0101100
+728 0 +726 0 +724 0 +723 0 *
Ve
1e-07
22.1319182655624 25.1946348244736 0
0 0

0101101
*
Ve
1e-07
22.7299799286814 25.1946348244736 0
0 0

0101101
*
Ed
 1e-07 1 1 0
1  1156 0 0 0.59806166311899
0

0101000
+721 0 -720 0 *
Ve
1e-07
22.7299799286814 25.7965669195702 0
0 0

0101101
*
Ed
 1e-07 1 1 0
1  1157 0 0 0.601932095096579
0

0101000
+720 0 -718 0 *
Ve
1e-07
22.1319182655624 25.7965669195702 0
0 0

0101101
*
Ed
 1e-07 1 1 0
1  1158 0 0 0.59806166311899
0

0101000
+718 0 -716 0 *
Ed
 1e-07 1 1 0
1  1159 0 0 0.601932095096579
0

0101000
+716 0 -721 0 *
Wi

0101100
+719 0 +717 0 +715 0 +714 0 *
Ve
1e-07
22.1250931623076 24.4421605147136 0
0 0

0101101
*
Ve
1e-07
22.7231548254266 24.4421605147136 0
0 0

0101101
*
Ed
 1e-07 1 1 0
1  1160 0 0 0.598061663119001
0

0101000
+712 0 -711 0 *
Ve
1e-07
22.7231548254266 25.0440926098102 0
0 0

0101101
*
Ed
 1e-07 1 1 0
1  1161 0 0 0.601932095096579
0

0101000
+711 0 -709 0 *
Ve
1e-07
22.1250931623076 25.0440926098102 0
0 0

0101101
*
Ed
 1e-07 1 1 0
1  1162 0 0 0.598061663119001
0

0101000
+709 0 -707 0 *
Ed
 1e-07 1 1 0
1  1163 0 0 0.601932095096579
0

0101000
+707 0 -712 0 *
Wi

0101100
+710 0 +708 0 +706 0 +705 0 *
Ve
1e-07
24.8752655107051 25.1911145435088 0
0 0

0101101
*
Ve
1e-07
25.4733271738241 25.1911145435088 0
0 0

0101101
*
Ed
 1e-07 1 1 0
1  1164 0 0 0.598061663119001
0

0101000
+703 0 -702 0 *
Ve
1e-07
25.4733271738241 25.7930466386054 0
0 0

0101101
*
Ed
 1e-07 1 1 0
1  1165 0 0 0.601932095096579
0

0101000
+702 0 -700 0 *
Ve
1e-07
24.8752655107051 25.7930466386054 0
0 0

0101101
*
Ed
 1e-07 1 1 0
1  1166 0 0 0.598061663119001
0

0101000
+700 0 -698 0 *
Ed
 1e-07 1 1 0
1  1167 0 0 0.601932095096579
0

0101000
+698 0 -703 0 *
Wi

0101100
+701 0 +699 0 +697 0 +696 0 *
Ve
1e-07
24.8684404074503 24.4386402337487 0
0 0

0101101
*
Ve
1e-07
25.4665020705693 24.4386402337487 0
0 0

0101101
*
Ed
 1e-07 1 1 0
1  1168 0 0 0.59806166311899
0

0101000
+694 0 -693 0 *
Ve
1e-07
25.4665020705693 25.0405723288453 0
0 0

0101101
*
Ed
 1e-07 1 1 0
1  1169 0 0 0.601932095096561
0

0101000
+693 0 -691 0 *
Ve
1e-07
24.8684404074503 25.0405723288453 0
0 0

0101101
*
Ed
 1e-07 1 1 0
1  1170 0 0 0.59806166311899
0

0101000
+691 0 -689 0 *
Ed
 1e-07 1 1 0
1  1171 0 0 0.601932095096561
0

0101000
+689 0 -694 0 *
Wi

0101100
+692 0 +690 0 +688 0 +687 0 *
Ve
1e-07
27.6240393019893 25.1911145435088 0
0 0

0101101
*
Ve
1e-07
28.2221009651083 25.1911145435088 0
0 0

0101101
*
Ed
 1e-07 1 1 0
1  1172 0 0 0.598061663119001
0

0101000
+685 0 -684 0 *
Ve
1e-07
28.2221009651083 25.7930466386054 0
0 0

0101101
*
Ed
 1e-07 1 1 0
1  1173 0 0 0.601932095096579
0

0101000
+684 0 -682 0 *
Ve
1e-07
27.6240393019893 25.7930466386054 0
0 0

0101101
*
Ed
 1e-07 1 1 0
1  1174 0 0 0.598061663119001
0

0101000
+682 0 -680 0 *
Ed
 1e-07 1 1 0
1  1175 0 0 0.601932095096579
0

0101000
+680 0 -685 0 *
Wi

0101100
+683 0 +681 0 +679 0 +678 0 *
Ve
1e-07
27.6172141987345 24.4386402337487 0
0 0

0101101
*
Ve
1e-07
28.2152758618535 24.4386402337487 0
0 0

0101101
*
Ed
 1e-07 1 1 0
1  1176 0 0 0.59806166311898
0

0101000
+676 0 -675 0 *
Ve
1e-07
28.2152758618535 25.0405723288453 0
0 0

0101101
*
Ed
 1e-07 1 1 0
1  1177 0 0 0.601932095096561
0

0101000
+675 0 -673 0 *
Ve
1e-07
27.6172141987345 25.0405723288453 0
0 0

0101101
*
Ed
 1e-07 1 1 0
1  1178 0 0 0.59806166311898
0

0101000
+673 0 -671 0 *
Ed
 1e-07 1 1 0
1  1179 0 0 0.601932095096561
0

0101000
+671 0 -676 0 *
Wi

0101100
+674 0 +672 0 +670 0 +669 0 *
Ve
1e-07
30.3659879900187 24.4386402337487 0
0 0

0101101
*
Ve
1e-07
30.9640496531377 24.4386402337487 0
0 0

0101101
*
Ed
 1e-07 1 1 0
1  1180 0 0 0.59806166311899
0

0101000
+667 0 -666 0 *
Ve
1e-07
30.9640496531377 25.0405723288453 0
0 0

0101101
*
Ed
 1e-07 1 1 0
1  1181 0 0 0.601932095096561
0

0101000
+666 0 -664 0 *
Ve
1e-07
30.3659879900187 25.0405723288453 0
0 0

0101101
*
Ed
 1e-07 1 1 0
1  1182 0 0 0.59806166311899
0

0101000
+664 0 -662 0 *
Ed
 1e-07 1 1 0
1  1183 0 0 0.601932095096561
0

0101000
+662 0 -667 0 *
Wi

0101100
+665 0 +663 0 +661 0 +660 0 *
Ve
1e-07
30.3728130932735 25.1911145435088 0
0 0

0101101
*
Ve
1e-07
30.9708747563925 25.1911145435088 0
0 0

0101101
*
Ed
 1e-07 1 1 0
1  1184 0 0 0.598061663119001
0

0101000
+658 0 -657 0 *
Ve
1e-07
30.9708747563925 25.7930466386054 0
0 0

0101101
*
Ed
 1e-07 1 1 0
1  1185 0 0 0.601932095096579
0

0101000
+657 0 -655 0 *
Ve
1e-07
30.3728130932735 25.7930466386054 0
0 0

0101101
*
Ed
 1e-07 1 1 0
1  1186 0 0 0.598061663119001
0

0101000
+655 0 -653 0 *
Ed
 1e-07 1 1 0
1  1187 0 0 0.601932095096579
0

0101000
+653 0 -658 0 *
Wi

0101100
+656 0 +654 0 +652 0 +651 0 *
Ve
1e-07
33.0974024333739 24.4386402337487 0
0 0

0101101
*
Ve
1e-07
33.6954640964928 24.4386402337487 0
0 0

0101101
*
Ed
 1e-07 1 1 0
1  1188 0 0 0.598061663118976
0

0101000
+649 0 -648 0 *
Ve
1e-07
33.6954640964928 25.0405723288453 0
0 0

0101101
*
Ed
 1e-07 1 1 0
1  1189 0 0 0.601932095096561
0

0101000
+648 0 -646 0 *
Ve
1e-07
33.0974024333739 25.0405723288453 0
0 0

0101101
*
Ed
 1e-07 1 1 0
1  1190 0 0 0.598061663118976
0

0101000
+646 0 -644 0 *
Ed
 1e-07 1 1 0
1  1191 0 0 0.601932095096561
0

0101000
+644 0 -649 0 *
Wi

0101100
+647 0 +645 0 +643 0 +642 0 *
Ve
1e-07
33.1042275366286 25.1911145435088 0
0 0

0101101
*
Ve
1e-07
33.7022891997476 25.1911145435088 0
0 0

0101101
*
Ed
 1e-07 1 1 0
1  1192 0 0 0.598061663118983
0

0101000
+640 0 -639 0 *
Ve
1e-07
33.7022891997476 25.7930466386054 0
0 0

0101101
*
Ed
 1e-07 1 1 0
1  1193 0 0 0.601932095096579
0

0101000
+639 0 -637 0 *
Ve
1e-07
33.1042275366286 25.7930466386054 0
0 0

0101101
*
Ed
 1e-07 1 1 0
1  1194 0 0 0.598061663118983
0

0101000
+637 0 -635 0 *
Ed
 1e-07 1 1 0
1  1195 0 0 0.601932095096579
0

0101000
+635 0 -640 0 *
Wi

0101100
+638 0 +636 0 +634 0 +633 0 *
Ve
1e-07
35.8344837116737 24.4386402337487 0
0 0

0101101
*
Ve
1e-07
36.4325453747927 24.4386402337487 0
0 0

0101101
*
Ed
 1e-07 1 1 0
1  1196 0 0 0.598061663118983
0

0101000
+631 0 -630 0 *
Ve
1e-07
36.4325453747927 25.0405723288453 0
0 0

0101101
*
Ed
 1e-07 1 1 0
1  1197 0 0 0.601932095096561
0

0101000
+630 0 -628 0 *
Ve
1e-07
35.8344837116737 25.0405723288453 0
0 0

0101101
*
Ed
 1e-07 1 1 0
1  1198 0 0 0.598061663118983
0

0101000
+628 0 -626 0 *
Ed
 1e-07 1 1 0
1  1199 0 0 0.601932095096561
0

0101000
+626 0 -631 0 *
Wi

0101100
+629 0 +627 0 +625 0 +624 0 *
Ve
1e-07
35.8413088149284 25.1911145435088 0
0 0

0101101
*
Ve
1e-07
36.4393704780474 25.1911145435088 0
0 0

0101101
*
Ed
 1e-07 1 1 0
1  1200 0 0 0.598061663118997
0

0101000
+622 0 -621 0 *
Ve
1e-07
36.4393704780474 25.7930466386054 0
0 0

0101101
*
Ed
 1e-07 1 1 0
1  1201 0 0 0.601932095096579
0

0101000
+621 0 -619 0 *
Ve
1e-07
35.8413088149284 25.7930466386054 0
0 0

0101101
*
Ed
 1e-07 1 1 0
1  1202 0 0 0.598061663118997
0

0101000
+619 0 -617 0 *
Ed
 1e-07 1 1 0
1  1203 0 0 0.601932095096579
0

0101000
+617 0 -622 0 *
Wi

0101100
+620 0 +618 0 +616 0 +615 0 *
Ve
1e-07
38.5715649899735 24.4386402337487 0
0 0

0101101
*
Ve
1e-07
39.1696266530925 24.4386402337487 0
0 0

0101101
*
Ed
 1e-07 1 1 0
1  1204 0 0 0.598061663118983
0

0101000
+613 0 -612 0 *
Ve
1e-07
39.1696266530925 25.0405723288453 0
0 0

0101101
*
Ed
 1e-07 1 1 0
1  1205 0 0 0.601932095096561
0

0101000
+612 0 -610 0 *
Ve
1e-07
38.5715649899735 25.0405723288453 0
0 0

0101101
*
Ed
 1e-07 1 1 0
1  1206 0 0 0.598061663118983
0

0101000
+610 0 -608 0 *
Ed
 1e-07 1 1 0
1  1207 0 0 0.601932095096561
0

0101000
+608 0 -613 0 *
Wi

0101100
+611 0 +609 0 +607 0 +606 0 *
Ve
1e-07
38.5783900932283 25.1911145435088 0
0 0

0101101
*
Ve
1e-07
39.1764517563473 25.1911145435088 0
0 0

0101101
*
Ed
 1e-07 1 1 0
1  1208 0 0 0.598061663118997
0

0101000
+604 0 -603 0 *
Ve
1e-07
39.1764517563473 25.7930466386054 0
0 0

0101101
*
Ed
 1e-07 1 1 0
1  1209 0 0 0.601932095096579
0

0101000
+603 0 -601 0 *
Ve
1e-07
38.5783900932283 25.7930466386054 0
0 0

0101101
*
Ed
 1e-07 1 1 0
1  1210 0 0 0.598061663118997
0

0101000
+601 0 -599 0 *
Ed
 1e-07 1 1 0
1  1211 0 0 0.601932095096579
0

0101000
+599 0 -604 0 *
Wi

0101100
+602 0 +600 0 +598 0 +597 0 *
Ve
1e-07
41.2973125983839 24.4386402337487 0
0 0

0101101
*
Ve
1e-07
41.8953742615029 24.4386402337487 0
0 0

0101101
*
Ed
 1e-07 1 1 0
1  1212 0 0 0.59806166311899
0

0101000
+595 0 -594 0 *
Ve
1e-07
41.8953742615029 25.0405723288453 0
0 0

0101101
*
Ed
 1e-07 1 1 0
1  1213 0 0 0.601932095096561
0

0101000
+594 0 -592 0 *
Ve
1e-07
41.2973125983839 25.0405723288453 0
0 0

0101101
*
Ed
 1e-07 1 1 0
1  1214 0 0 0.59806166311899
0

0101000
+592 0 -590 0 *
Ed
 1e-07 1 1 0
1  1215 0 0 0.601932095096561
0

0101000
+590 0 -595 0 *
Wi

0101100
+593 0 +591 0 +589 0 +588 0 *
Ve
1e-07
41.3041377016387 25.1911145435088 0
0 0

0101101
*
Ve
1e-07
41.9021993647576 25.1911145435088 0
0 0

0101101
*
Ed
 1e-07 1 1 0
1  1216 0 0 0.598061663118983
0

0101000
+586 0 -585 0 *
Ve
1e-07
41.9021993647576 25.7930466386054 0
0 0

0101101
*
Ed
 1e-07 1 1 0
1  1217 0 0 0.601932095096579
0

0101000
+585 0 -583 0 *
Ve
1e-07
41.3041377016387 25.7930466386054 0
0 0

0101101
*
Ed
 1e-07 1 1 0
1  1218 0 0 0.598061663118983
0

0101000
+583 0 -581 0 *
Ed
 1e-07 1 1 0
1  1219 0 0 0.601932095096579
0

0101000
+581 0 -586 0 *
Wi

0101100
+584 0 +582 0 +580 0 +579 0 *
Ve
1e-07
44.0018935401276 24.4174735670821 0
0 0

0101101
*
Ve
1e-07
44.5999552032466 24.4174735670821 0
0 0

0101101
*
Ed
 1e-07 1 1 0
1  1220 0 0 0.598061663118969
0

0101000
+577 0 -576 0 *
Ve
1e-07
44.5999552032466 25.0194056621786 0
0 0

0101101
*
Ed
 1e-07 1 1 0
1  1221 0 0 0.601932095096572
0

0101000
+576 0 -574 0 *
Ve
1e-07
44.0018935401276 25.0194056621786 0
0 0

0101101
*
Ed
 1e-07 1 1 0
1  1222 0 0 0.598061663118969
0

0101000
+574 0 -572 0 *
Ed
 1e-07 1 1 0
1  1223 0 0 0.601932095096572
0

0101000
+572 0 -577 0 *
Wi

0101100
+575 0 +573 0 +571 0 +570 0 *
Ve
1e-07
44.0087186433824 25.1699478768421 0
0 0

0101101
*
Ve
1e-07
44.6067803065014 25.1699478768421 0
0 0

0101101
*
Ed
 1e-07 1 1 0
1  1224 0 0 0.598061663119005
0

0101000
+568 0 -567 0 *
Ve
1e-07
44.6067803065014 25.7718799719387 0
0 0

0101101
*
Ed
 1e-07 1 1 0
1  1225 0 0 0.601932095096579
0

0101000
+567 0 -565 0 *
Ve
1e-07
44.0087186433824 25.7718799719387 0
0 0

0101101
*
Ed
 1e-07 1 1 0
1  1226 0 0 0.598061663119005
0

0101000
+565 0 -563 0 *
Ed
 1e-07 1 1 0
1  1227 0 0 0.601932095096579
0

0101000
+563 0 -568 0 *
Wi

0101100
+566 0 +564 0 +562 0 +561 0 *
Ve
1e-07
46.7658083200389 24.4386402337487 0
0 0

0101101
*
Ve
1e-07
47.3638699831578 24.4386402337487 0
0 0

0101101
*
Ed
 1e-07 1 1 0
1  1228 0 0 0.59806166311899
0

0101000
+559 0 -558 0 *
Ve
1e-07
47.3638699831578 25.0405723288453 0
0 0

0101101
*
Ed
 1e-07 1 1 0
1  1229 0 0 0.601932095096561
0

0101000
+558 0 -556 0 *
Ve
1e-07
46.7658083200389 25.0405723288453 0
0 0

0101101
*
Ed
 1e-07 1 1 0
1  1230 0 0 0.59806166311899
0

0101000
+556 0 -554 0 *
Ed
 1e-07 1 1 0
1  1231 0 0 0.601932095096561
0

0101000
+554 0 -559 0 *
Wi

0101100
+557 0 +555 0 +553 0 +552 0 *
Ve
1e-07
46.7726334232936 25.1911145435088 0
0 0

0101101
*
Ve
1e-07
47.3706950864126 25.1911145435088 0
0 0

0101101
*
Ed
 1e-07 1 1 0
1  1232 0 0 0.598061663118976
0

0101000
+550 0 -549 0 *
Ve
1e-07
47.3706950864126 25.7930466386054 0
0 0

0101101
*
Ed
 1e-07 1 1 0
1  1233 0 0 0.601932095096579
0

0101000
+549 0 -547 0 *
Ve
1e-07
46.7726334232936 25.7930466386054 0
0 0

0101101
*
Ed
 1e-07 1 1 0
1  1234 0 0 0.598061663118976
0

0101000
+547 0 -545 0 *
Ed
 1e-07 1 1 0
1  1235 0 0 0.601932095096579
0

0101000
+545 0 -550 0 *
Wi

0101100
+548 0 +546 0 +544 0 +543 0 *
Ve
1e-07
49.5085564332834 24.3963069004154 0
0 0

0101101
*
Ve
1e-07
50.1066180964024 24.3963069004154 0
0 0

0101101
*
Ed
 1e-07 1 1 0
1  1236 0 0 0.598061663118983
0

0101000
+541 0 -540 0 *
Ve
1e-07
50.1066180964024 24.998238995512 0
0 0

0101101
*
Ed
 1e-07 1 1 0
1  1237 0 0 0.601932095096558
0

0101000
+540 0 -538 0 *
Ve
1e-07
49.5085564332834 24.998238995512 0
0 0

0101101
*
Ed
 1e-07 1 1 0
1  1238 0 0 0.598061663118983
0

0101000
+538 0 -536 0 *
Ed
 1e-07 1 1 0
1  1239 0 0 0.601932095096558
0

0101000
+536 0 -541 0 *
Wi

0101100
+539 0 +537 0 +535 0 +534 0 *
Ve
1e-07
49.5153815365382 25.1487812101754 0
0 0

0101101
*
Ve
1e-07
50.1134431996571 25.1487812101754 0
0 0

0101101
*
Ed
 1e-07 1 1 0
1  1240 0 0 0.59806166311899
0

0101000
+532 0 -531 0 *
Ve
1e-07
50.1134431996571 25.750713305272 0
0 0

0101101
*
Ed
 1e-07 1 1 0
1  1241 0 0 0.601932095096583
0

0101000
+531 0 -529 0 *
Ve
1e-07
49.5153815365382 25.750713305272 0
0 0

0101101
*
Ed
 1e-07 1 1 0
1  1242 0 0 0.59806166311899
0

0101000
+529 0 -527 0 *
Ed
 1e-07 1 1 0
1  1243 0 0 0.601932095096583
0

0101000
+527 0 -532 0 *
Wi

0101100
+530 0 +528 0 +526 0 +525 0 *
Ve
1e-07
18.509363490673 27.0567206279076 0
0 0

0101101
*
Ve
1e-07
19.109363490673 27.0567206279076 0
0 0

0101101
*
Ed
 1e-07 1 1 0
1  1244 0 0 0.600000000000001
0

0101000
+523 0 -522 0 *
Ve
1e-07
19.109363490673 27.6567206279076 0
0 0

0101101
*
Ed
 1e-07 1 1 0
1  1245 0 0 0.600000000000009
0

0101000
+522 0 -520 0 *
Ve
1e-07
18.509363490673 27.6567206279076 0
0 0

0101101
*
Ed
 1e-07 1 1 0
1  1246 0 0 0.600000000000001
0

0101000
+520 0 -518 0 *
Ed
 1e-07 1 1 0
1  1247 0 0 0.600000000000009
0

0101000
+518 0 -523 0 *
Wi

0101100
+521 0 +519 0 +517 0 +516 0 *
Ve
1e-07
21.3511059651504 27.0567206279076 0
0 0

0101101
*
Ve
1e-07
21.9511059651505 27.0567206279076 0
0 0

0101101
*
Ed
 1e-07 1 1 0
1  1248 0 0 0.600000000000001
0

0101000
+514 0 -513 0 *
Ve
1e-07
21.9511059651505 27.6567206279076 0
0 0

0101101
*
Ed
 1e-07 1 1 0
1  1249 0 0 0.600000000000009
0

0101000
+513 0 -511 0 *
Ve
1e-07
21.3511059651504 27.6567206279076 0
0 0

0101101
*
Ed
 1e-07 1 1 0
1  1250 0 0 0.600000000000001
0

0101000
+511 0 -509 0 *
Ed
 1e-07 1 1 0
1  1251 0 0 0.600000000000009
0

0101000
+509 0 -514 0 *
Wi

0101100
+512 0 +510 0 +508 0 +507 0 *
Ve
1e-07
24.1928484396279 27.0567206279076 0
0 0

0101101
*
Ve
1e-07
24.7928484396279 27.0567206279076 0
0 0

0101101
*
Ed
 1e-07 1 1 0
1  1252 0 0 0.600000000000019
0

0101000
+505 0 -504 0 *
Ve
1e-07
24.7928484396279 27.6567206279076 0
0 0

0101101
*
Ed
 1e-07 1 1 0
1  1253 0 0 0.600000000000009
0

0101000
+504 0 -502 0 *
Ve
1e-07
24.1928484396279 27.6567206279076 0
0 0

0101101
*
Ed
 1e-07 1 1 0
1  1254 0 0 0.600000000000019
0

0101000
+502 0 -500 0 *
Ed
 1e-07 1 1 0
1  1255 0 0 0.600000000000009
0

0101000
+500 0 -505 0 *
Wi

0101100
+503 0 +501 0 +499 0 +498 0 *
Ve
1e-07
26.9416222309121 27.0567206279076 0
0 0

0101101
*
Ve
1e-07
27.5416222309121 27.0567206279076 0
0 0

0101101
*
Ed
 1e-07 1 1 0
1  1256 0 0 0.600000000000012
0

0101000
+496 0 -495 0 *
Ve
1e-07
27.5416222309121 27.6567206279076 0
0 0

0101101
*
Ed
 1e-07 1 1 0
1  1257 0 0 0.600000000000009
0

0101000
+495 0 -493 0 *
Ve
1e-07
26.9416222309121 27.6567206279076 0
0 0

0101101
*
Ed
 1e-07 1 1 0
1  1258 0 0 0.600000000000012
0

0101000
+493 0 -491 0 *
Ed
 1e-07 1 1 0
1  1259 0 0 0.600000000000009
0

0101000
+491 0 -496 0 *
Wi

0101100
+494 0 +492 0 +490 0 +489 0 *
Ve
1e-07
29.6903960221963 27.0567206279076 0
0 0

0101101
*
Ve
1e-07
30.2903960221963 27.0567206279076 0
0 0

0101101
*
Ed
 1e-07 1 1 0
1  1260 0 0 0.600000000000019
0

0101000
+487 0 -486 0 *
Ve
1e-07
30.2903960221963 27.6567206279076 0
0 0

0101101
*
Ed
 1e-07 1 1 0
1  1261 0 0 0.600000000000009
0

0101000
+486 0 -484 0 *
Ve
1e-07
29.6903960221963 27.6567206279076 0
0 0

0101101
*
Ed
 1e-07 1 1 0
1  1262 0 0 0.600000000000019
0

0101000
+484 0 -482 0 *
Ed
 1e-07 1 1 0
1  1263 0 0 0.600000000000009
0

0101000
+482 0 -487 0 *
Wi

0101100
+485 0 +483 0 +481 0 +480 0 *
Ve
1e-07
32.4218104655514 27.0567206279076 0
0 0

0101101
*
Ve
1e-07
33.0218104655514 27.0567206279076 0
0 0

0101101
*
Ed
 1e-07 1 1 0
1  1264 0 0 0.600000000000016
0

0101000
+478 0 -477 0 *
Ve
1e-07
33.0218104655514 27.6567206279076 0
0 0

0101101
*
Ed
 1e-07 1 1 0
1  1265 0 0 0.600000000000009
0

0101000
+477 0 -475 0 *
Ve
1e-07
32.4218104655514 27.6567206279076 0
0 0

0101101
*
Ed
 1e-07 1 1 0
1  1266 0 0 0.600000000000016
0

0101000
+475 0 -473 0 *
Ed
 1e-07 1 1 0
1  1267 0 0 0.600000000000009
0

0101000
+473 0 -478 0 *
Wi

0101100
+476 0 +474 0 +472 0 +471 0 *
Ve
1e-07
35.1588917438512 27.0567206279076 0
0 0

0101101
*
Ve
1e-07
35.7588917438513 27.0567206279076 0
0 0

0101101
*
Ed
 1e-07 1 1 0
1  1268 0 0 0.600000000000009
0

0101000
+469 0 -468 0 *
Ve
1e-07
35.7588917438513 27.6567206279076 0
0 0

0101101
*
Ed
 1e-07 1 1 0
1  1269 0 0 0.600000000000009
0

0101000
+468 0 -466 0 *
Ve
1e-07
35.1588917438512 27.6567206279076 0
0 0

0101101
*
Ed
 1e-07 1 1 0
1  1270 0 0 0.600000000000009
0

0101000
+466 0 -464 0 *
Ed
 1e-07 1 1 0
1  1271 0 0 0.600000000000009
0

0101000
+464 0 -469 0 *
Wi

0101100
+467 0 +465 0 +463 0 +462 0 *
Ve
1e-07
37.8959730221511 27.0567206279076 0
0 0

0101101
*
Ve
1e-07
38.4959730221511 27.0567206279076 0
0 0

0101101
*
Ed
 1e-07 1 1 0
1  1272 0 0 0.600000000000001
0

0101000
+460 0 -459 0 *
Ve
1e-07
38.4959730221511 27.6567206279076 0
0 0

0101101
*
Ed
 1e-07 1 1 0
1  1273 0 0 0.600000000000009
0

0101000
+459 0 -457 0 *
Ve
1e-07
37.8959730221511 27.6567206279076 0
0 0

0101101
*
Ed
 1e-07 1 1 0
1  1274 0 0 0.600000000000001
0

0101000
+457 0 -455 0 *
Ed
 1e-07 1 1 0
1  1275 0 0 0.600000000000009
0

0101000
+455 0 -460 0 *
Wi

0101100
+458 0 +456 0 +454 0 +453 0 *
Ve
1e-07
40.6217206305615 27.0567206279076 0
0 0

0101101
*
Ve
1e-07
41.2217206305615 27.0567206279076 0
0 0

0101101
*
Ed
 1e-07 1 1 0
1  1276 0 0 0.60000000000003
0

0101000
+451 0 -450 0 *
Ve
1e-07
41.2217206305615 27.6567206279076 0
0 0

0101101
*
Ed
 1e-07 1 1 0
1  1277 0 0 0.600000000000009
0

0101000
+450 0 -448 0 *
Ve
1e-07
40.6217206305615 27.6567206279076 0
0 0

0101101
*
Ed
 1e-07 1 1 0
1  1278 0 0 0.60000000000003
0

0101000
+448 0 -446 0 *
Ed
 1e-07 1 1 0
1  1279 0 0 0.600000000000009
0

0101000
+446 0 -451 0 *
Wi

0101100
+449 0 +447 0 +445 0 +444 0 *
Ve
1e-07
43.3474682389719 27.0567206279076 0
0 0

0101101
*
Ve
1e-07
43.9474682389719 27.0567206279076 0
0 0

0101101
*
Ed
 1e-07 1 1 0
1  1280 0 0 0.60000000000003
0

0101000
+442 0 -441 0 *
Ve
1e-07
43.9474682389719 27.6567206279076 0
0 0

0101101
*
Ed
 1e-07 1 1 0
1  1281 0 0 0.600000000000009
0

0101000
+441 0 -439 0 *
Ve
1e-07
43.3474682389719 27.6567206279076 0
0 0

0101101
*
Ed
 1e-07 1 1 0
1  1282 0 0 0.60000000000003
0

0101000
+439 0 -437 0 *
Ed
 1e-07 1 1 0
1  1283 0 0 0.600000000000009
0

0101000
+437 0 -442 0 *
Wi

0101100
+440 0 +438 0 +436 0 +435 0 *
Ve
1e-07
46.0902163522164 27.0567206279076 0
0 0

0101101
*
Ve
1e-07
46.6902163522164 27.0567206279076 0
0 0

0101101
*
Ed
 1e-07 1 1 0
1  1284 0 0 0.600000000000001
0

0101000
+433 0 -432 0 *
Ve
1e-07
46.6902163522164 27.6567206279076 0
0 0

0101101
*
Ed
 1e-07 1 1 0
1  1285 0 0 0.600000000000009
0

0101000
+432 0 -430 0 *
Ve
1e-07
46.0902163522164 27.6567206279076 0
0 0

0101101
*
Ed
 1e-07 1 1 0
1  1286 0 0 0.600000000000001
0

0101000
+430 0 -428 0 *
Ed
 1e-07 1 1 0
1  1287 0 0 0.600000000000009
0

0101000
+428 0 -433 0 *
Wi

0101100
+431 0 +429 0 +427 0 +426 0 *
Ve
1e-07
48.832964465461 27.0567206279076 0
0 0

0101101
*
Ve
1e-07
49.432964465461 27.0567206279076 0
0 0

0101101
*
Ed
 1e-07 1 1 0
1  1288 0 0 0.599999999999994
0

0101000
+424 0 -423 0 *
Ve
1e-07
49.432964465461 27.6567206279076 0
0 0

0101101
*
Ed
 1e-07 1 1 0
1  1289 0 0 0.600000000000009
0

0101000
+423 0 -421 0 *
Ve
1e-07
48.832964465461 27.6567206279076 0
0 0

0101101
*
Ed
 1e-07 1 1 0
1  1290 0 0 0.599999999999994
0

0101000
+421 0 -419 0 *
Ed
 1e-07 1 1 0
1  1291 0 0 0.600000000000009
0

0101000
+419 0 -424 0 *
Wi

0101100
+422 0 +420 0 +418 0 +417 0 *
Ve
1e-07
63.3111363848298 12.8041040807558 0
0 0

0101101
*
Ve
1e-07
63.9111363848298 12.8041040807558 0
0 0

0101101
*
Ed
 1e-07 1 1 0
1  1292 0 0 0.599999999999987
0

0101000
+415 0 -414 0 *
Ve
1e-07
63.9111363848298 13.4041040807558 0
0 0

0101101
*
Ed
 1e-07 1 1 0
1  1293 0 0 0.59999999999998
0

0101000
+414 0 -412 0 *
Ve
1e-07
63.3111363848298 13.4041040807558 0
0 0

0101101
*
Ed
 1e-07 1 1 0
1  1294 0 0 0.599999999999987
0

0101000
+412 0 -410 0 *
Ed
 1e-07 1 1 0
1  1295 0 0 0.59999999999998
0

0101000
+410 0 -415 0 *
Wi

0101100
+413 0 +411 0 +409 0 +408 0 *
Ve
1e-07
62.5475539080225 12.7997060135274 0
0 0

0101101
*
Ve
1e-07
63.1475539080225 12.7997060135274 0
0 0

0101101
*
Ed
 1e-07 1 1 0
1  1296 0 0 0.599999999999994
0

0101000
+406 0 -405 0 *
Ve
1e-07
63.1475539080225 13.3997060135274 0
0 0

0101101
*
Ed
 1e-07 1 1 0
1  1297 0 0 0.60000000000001
0

0101000
+405 0 -403 0 *
Ve
1e-07
62.5475539080225 13.3997060135274 0
0 0

0101101
*
Ed
 1e-07 1 1 0
1  1298 0 0 0.599999999999994
0

0101000
+403 0 -401 0 *
Ed
 1e-07 1 1 0
1  1299 0 0 0.60000000000001
0

0101000
+401 0 -406 0 *
Wi

0101100
+404 0 +402 0 +400 0 +399 0 *
Ve
1e-07
65.249221213244 11.891627132662 0
0 0

0101101
*
Ve
1e-07
65.849221213244 11.891627132662 0
0 0

0101101
*
Ed
 1e-07 1 1 0
1  1300 0 0 0.59999999999998
0

0101000
+397 0 -396 0 *
Ve
1e-07
65.849221213244 12.491627132662 0
0 0

0101101
*
Ed
 1e-07 1 1 0
1  1301 0 0 0.6
0

0101000
+396 0 -394 0 *
Ve
1e-07
65.249221213244 12.491627132662 0
0 0

0101101
*
Ed
 1e-07 1 1 0
1  1302 0 0 0.59999999999998
0

0101000
+394 0 -392 0 *
Ed
 1e-07 1 1 0
1  1303 0 0 0.6
0

0101000
+392 0 -397 0 *
Wi

0101100
+395 0 +393 0 +391 0 +390 0 *
Ve
1e-07
65.0015790127965 9.62037932819371 0
0 0

0101101
*
Ve
1e-07
65.6015790127965 9.62037932819371 0
0 0

0101101
*
Ed
 1e-07 1 1 0
1  1304 0 0 0.600000000000009
0

0101000
+388 0 -387 0 *
Ve
1e-07
65.6015790127965 10.2203793281937 0
0 0

0101101
*
Ed
 1e-07 1 1 0
1  1305 0 0 0.599999999999993
0

0101000
+387 0 -385 0 *
Ve
1e-07
65.0015790127965 10.2203793281937 0
0 0

0101101
*
Ed
 1e-07 1 1 0
1  1306 0 0 0.600000000000009
0

0101000
+385 0 -383 0 *
Ed
 1e-07 1 1 0
1  1307 0 0 0.599999999999993
0

0101000
+383 0 -388 0 *
Wi

0101100
+386 0 +384 0 +382 0 +381 0 *
Ve
1e-07
65.0015790127965 15.192726442244 0
0 0

0101101
*
Ve
1e-07
65.6015790127965 15.192726442244 0
0 0

0101101
*
Ed
 1e-07 1 1 0
1  1308 0 0 0.600000000000009
0

0101000
+379 0 -378 0 *
Ve
1e-07
65.6015790127965 15.792726442244 0
0 0

0101101
*
Ed
 1e-07 1 1 0
1  1309 0 0 0.6
0

0101000
+378 0 -376 0 *
Ve
1e-07
65.0015790127965 15.792726442244 0
0 0

0101101
*
Ed
 1e-07 1 1 0
1  1310 0 0 0.600000000000009
0

0101000
+376 0 -374 0 *
Ed
 1e-07 1 1 0
1  1311 0 0 0.6
0

0101000
+374 0 -379 0 *
Wi

0101100
+377 0 +375 0 +373 0 +372 0 *
Ve
1e-07
65.0015790127965 20.6585391211241 0
0 0

0101101
*
Ve
1e-07
65.6015790127965 20.6585391211241 0
0 0

0101101
*
Ed
 1e-07 1 1 0
1  1312 0 0 0.600000000000009
0

0101000
+370 0 -369 0 *
Ve
1e-07
65.6015790127965 21.2585391211241 0
0 0

0101101
*
Ed
 1e-07 1 1 0
1  1313 0 0 0.600000000000001
0

0101000
+369 0 -367 0 *
Ve
1e-07
65.0015790127965 21.2585391211241 0
0 0

0101101
*
Ed
 1e-07 1 1 0
1  1314 0 0 0.600000000000009
0

0101000
+367 0 -365 0 *
Ed
 1e-07 1 1 0
1  1315 0 0 0.600000000000001
0

0101000
+365 0 -370 0 *
Wi

0101100
+368 0 +366 0 +364 0 +363 0 *
Ve
1e-07
63.3311021022772 27.7959246324222 0
0 0

0101101
*
Ve
1e-07
63.9311021022772 27.7959246324222 0
0 0

0101101
*
Ed
 1e-07 1 1 0
1  1316 0 0 0.599999999999987
0

0101000
+361 0 -360 0 *
Ve
1e-07
63.9311021022772 28.3959246324222 0
0 0

0101101
*
Ed
 1e-07 1 1 0
1  1317 0 0 0.599999999999991
0

0101000
+360 0 -358 0 *
Ve
1e-07
63.3311021022772 28.3959246324222 0
0 0

0101101
*
Ed
 1e-07 1 1 0
1  1318 0 0 0.599999999999987
0

0101000
+358 0 -356 0 *
Ed
 1e-07 1 1 0
1  1319 0 0 0.599999999999991
0

0101000
+356 0 -361 0 *
Wi

0101100
+359 0 +357 0 +355 0 +354 0 *
Ve
1e-07
62.5675196254699 27.7915265651938 0
0 0

0101101
*
Ve
1e-07
63.1675196254699 27.7915265651938 0
0 0

0101101
*
Ed
 1e-07 1 1 0
1  1320 0 0 0.600000000000016
0

0101000
+352 0 -351 0 *
Ve
1e-07
63.1675196254699 28.3915265651938 0
0 0

0101101
*
Ed
 1e-07 1 1 0
1  1321 0 0 0.600000000000001
0

0101000
+351 0 -349 0 *
Ve
1e-07
62.5675196254699 28.3915265651938 0
0 0

0101101
*
Ed
 1e-07 1 1 0
1  1322 0 0 0.600000000000016
0

0101000
+349 0 -347 0 *
Ed
 1e-07 1 1 0
1  1323 0 0 0.600000000000001
0

0101000
+347 0 -352 0 *
Wi

0101100
+350 0 +348 0 +346 0 +345 0 *
Ve
1e-07
65.2691869306914 26.8834476843284 0
0 0

0101101
*
Ve
1e-07
65.8691869306914 26.8834476843284 0
0 0

0101101
*
Ed
 1e-07 1 1 0
1  1324 0 0 0.599999999999994
0

0101000
+343 0 -342 0 *
Ve
1e-07
65.8691869306914 27.4834476843284 0
0 0

0101101
*
Ed
 1e-07 1 1 0
1  1325 0 0 0.599999999999991
0

0101000
+342 0 -340 0 *
Ve
1e-07
65.2691869306914 27.4834476843284 0
0 0

0101101
*
Ed
 1e-07 1 1 0
1  1326 0 0 0.599999999999994
0

0101000
+340 0 -338 0 *
Ed
 1e-07 1 1 0
1  1327 0 0 0.599999999999991
0

0101000
+338 0 -343 0 *
Wi

0101100
+341 0 +339 0 +337 0 +336 0 *
Ve
1e-07
63.3210246222491 23.7451257078031 0
0 0

0101101
*
Ve
1e-07
63.9210246222491 23.7451257078031 0
0 0

0101101
*
Ed
 1e-07 1 1 0
1  1328 0 0 0.599999999999987
0

0101000
+334 0 -333 0 *
Ve
1e-07
63.9210246222491 24.3451257078031 0
0 0

0101101
*
Ed
 1e-07 1 1 0
1  1329 0 0 0.59999999999998
0

0101000
+333 0 -331 0 *
Ve
1e-07
63.3210246222491 24.3451257078031 0
0 0

0101101
*
Ed
 1e-07 1 1 0
1  1330 0 0 0.599999999999987
0

0101000
+331 0 -329 0 *
Ed
 1e-07 1 1 0
1  1331 0 0 0.59999999999998
0

0101000
+329 0 -334 0 *
Wi

0101100
+332 0 +330 0 +328 0 +327 0 *
Ve
1e-07
62.5574421454418 23.7407276405747 0
0 0

0101101
*
Ve
1e-07
63.1574421454418 23.7407276405747 0
0 0

0101101
*
Ed
 1e-07 1 1 0
1  1332 0 0 0.600000000000001
0

0101000
+325 0 -324 0 *
Ve
1e-07
63.1574421454418 24.3407276405747 0
0 0

0101101
*
Ed
 1e-07 1 1 0
1  1333 0 0 0.600000000000019
0

0101000
+324 0 -322 0 *
Ve
1e-07
62.5574421454418 24.3407276405747 0
0 0

0101101
*
Ed
 1e-07 1 1 0
1  1334 0 0 0.600000000000001
0

0101000
+322 0 -320 0 *
Ed
 1e-07 1 1 0
1  1335 0 0 0.600000000000019
0

0101000
+320 0 -325 0 *
Wi

0101100
+323 0 +321 0 +319 0 +318 0 *
Ve
1e-07
65.2591094506633 22.8326487597093 0
0 0

0101101
*
Ve
1e-07
65.8591094506633 22.8326487597093 0
0 0

0101101
*
Ed
 1e-07 1 1 0
1  1336 0 0 0.599999999999994
0

0101000
+316 0 -315 0 *
Ve
1e-07
65.8591094506633 23.4326487597093 0
0 0

0101101
*
Ed
 1e-07 1 1 0
1  1337 0 0 0.600000000000009
0

0101000
+315 0 -313 0 *
Ve
1e-07
65.2591094506633 23.4326487597093 0
0 0

0101101
*
Ed
 1e-07 1 1 0
1  1338 0 0 0.599999999999994
0

0101000
+313 0 -311 0 *
Ed
 1e-07 1 1 0
1  1339 0 0 0.600000000000009
0

0101000
+311 0 -316 0 *
Wi

0101100
+314 0 +312 0 +310 0 +309 0 *
Ve
1e-07
63.3276264635391 18.2751906922543 0
0 0

0101101
*
Ve
1e-07
63.9276264635391 18.2751906922543 0
0 0

0101101
*
Ed
 1e-07 1 1 0
1  1340 0 0 0.599999999999987
0

0101000
+307 0 -306 0 *
Ve
1e-07
63.9276264635391 18.8751906922543 0
0 0

0101101
*
Ed
 1e-07 1 1 0
1  1341 0 0 0.599999999999987
0

0101000
+306 0 -304 0 *
Ve
1e-07
63.3276264635391 18.8751906922543 0
0 0

0101101
*
Ed
 1e-07 1 1 0
1  1342 0 0 0.599999999999987
0

0101000
+304 0 -302 0 *
Ed
 1e-07 1 1 0
1  1343 0 0 0.599999999999987
0

0101000
+302 0 -307 0 *
Wi

0101100
+305 0 +303 0 +301 0 +300 0 *
Ve
1e-07
62.5640439867319 18.2707926250259 0
0 0

0101101
*
Ve
1e-07
63.1640439867318 18.2707926250259 0
0 0

0101101
*
Ed
 1e-07 1 1 0
1  1344 0 0 0.599999999999994
0

0101000
+298 0 -297 0 *
Ve
1e-07
63.1640439867318 18.8707926250259 0
0 0

0101101
*
Ed
 1e-07 1 1 0
1  1345 0 0 0.600000000000009
0

0101000
+297 0 -295 0 *
Ve
1e-07
62.5640439867319 18.8707926250259 0
0 0

0101101
*
Ed
 1e-07 1 1 0
1  1346 0 0 0.599999999999994
0

0101000
+295 0 -293 0 *
Ed
 1e-07 1 1 0
1  1347 0 0 0.600000000000009
0

0101000
+293 0 -298 0 *
Wi

0101100
+296 0 +294 0 +292 0 +291 0 *
Ve
1e-07
65.2657112919533 17.3627137441605 0
0 0

0101101
*
Ve
1e-07
65.8657112919533 17.3627137441605 0
0 0

0101101
*
Ed
 1e-07 1 1 0
1  1348 0 0 0.599999999999994
0

0101000
+289 0 -288 0 *
Ve
1e-07
65.8657112919533 17.9627137441605 0
0 0

0101101
*
Ed
 1e-07 1 1 0
1  1349 0 0 0.600000000000009
0

0101000
+288 0 -286 0 *
Ve
1e-07
65.2657112919533 17.9627137441605 0
0 0

0101101
*
Ed
 1e-07 1 1 0
1  1350 0 0 0.599999999999994
0

0101000
+286 0 -284 0 *
Ed
 1e-07 1 1 0
1  1351 0 0 0.600000000000009
0

0101000
+284 0 -289 0 *
Wi

0101100
+287 0 +285 0 +283 0 +282 0 *
Ve
1e-07
36.6453719793637 18.8996934058337 0
0 0

0101101
*
Ve
1e-07
37.2453719793637 18.8996934058337 0
0 0

0101101
*
Ed
 1e-07 1 1 0
1  1352 0 0 0.599999999999994
0

0101000
+280 0 -279 0 *
Ve
1e-07
37.2453719793637 19.4996934058337 0
0 0

0101101
*
Ed
 1e-07 1 1 0
1  1353 0 0 0.600000000000009
0

0101000
+279 0 -277 0 *
Ve
1e-07
36.6453719793637 19.4996934058337 0
0 0

0101101
*
Ed
 1e-07 1 1 0
1  1354 0 0 0.599999999999994
0

0101000
+277 0 -275 0 *
Ed
 1e-07 1 1 0
1  1355 0 0 0.600000000000009
0

0101000
+275 0 -280 0 *
Wi

0101100
+278 0 +276 0 +274 0 +273 0 *
Ve
1e-07
35.8249905596545 18.8980773947234 0
0 0

0101101
*
Ve
1e-07
36.4249905596545 18.8980773947234 0
0 0

0101101
*
Ed
 1e-07 1 1 0
1  1356 0 0 0.599999999999994
0

0101000
+271 0 -270 0 *
Ve
1e-07
36.4249905596545 19.4980773947234 0
0 0

0101101
*
Ed
 1e-07 1 1 0
1  1357 0 0 0.599999999999991
0

0101000
+270 0 -268 0 *
Ve
1e-07
35.8249905596545 19.4980773947234 0
0 0

0101101
*
Ed
 1e-07 1 1 0
1  1358 0 0 0.599999999999994
0

0101000
+268 0 -266 0 *
Ed
 1e-07 1 1 0
1  1359 0 0 0.599999999999991
0

0101000
+266 0 -271 0 *
Wi

0101100
+269 0 +267 0 +265 0 +264 0 *
Ve
1e-07
34.6875 17.8927516339307 0
0 0

0101101
*
Ve
1e-07
35.2875 17.8927516339307 0
0 0

0101101
*
Ed
 1e-07 1 1 0
1  1360 0 0 0.600000000000001
0

0101000
+262 0 -261 0 *
Ve
1e-07
35.2875 18.4927516339307 0
0 0

0101101
*
Ed
 1e-07 1 1 0
1  1361 0 0 0.600000000000001
0

0101000
+261 0 -259 0 *
Ve
1e-07
34.6875 18.4927516339307 0
0 0

0101101
*
Ed
 1e-07 1 1 0
1  1362 0 0 0.600000000000001
0

0101000
+259 0 -257 0 *
Ed
 1e-07 1 1 0
1  1363 0 0 0.600000000000001
0

0101000
+257 0 -262 0 *
Wi

0101100
+260 0 +258 0 +256 0 +255 0 *
Ve
1e-07
34.6914518063377 17.06682410936 0
0 0

0101101
*
Ve
1e-07
35.2914518063376 17.06682410936 0
0 0

0101101
*
Ed
 1e-07 1 1 0
1  1364 0 0 0.599999999999987
0

0101000
+253 0 -252 0 *
Ve
1e-07
35.2914518063376 17.66682410936 0
0 0

0101101
*
Ed
 1e-07 1 1 0
1  1365 0 0 0.600000000000012
0

0101000
+252 0 -250 0 *
Ve
1e-07
34.6914518063377 17.66682410936 0
0 0

0101101
*
Ed
 1e-07 1 1 0
1  1366 0 0 0.599999999999987
0

0101000
+250 0 -248 0 *
Ed
 1e-07 1 1 0
1  1367 0 0 0.600000000000012
0

0101000
+248 0 -253 0 *
Wi

0101100
+251 0 +249 0 +247 0 +246 0 *
Ve
1e-07
35.7868915156753 15.9687092536199 0
0 0

0101101
*
Ve
1e-07
36.3868915156753 15.9687092536199 0
0 0

0101101
*
Ed
 1e-07 1 1 0
1  1368 0 0 0.600000000000023
0

0101000
+244 0 -243 0 *
Ve
1e-07
36.3868915156753 16.5687092536199 0
0 0

0101101
*
Ed
 1e-07 1 1 0
1  1369 0 0 0.599999999999998
0

0101000
+243 0 -241 0 *
Ve
1e-07
35.7868915156753 16.5687092536199 0
0 0

0101101
*
Ed
 1e-07 1 1 0
1  1370 0 0 0.600000000000023
0

0101000
+241 0 -239 0 *
Ed
 1e-07 1 1 0
1  1371 0 0 0.599999999999998
0

0101000
+239 0 -244 0 *
Wi

0101100
+242 0 +240 0 +238 0 +237 0 *
Ve
1e-07
36.5511058021308 15.9768532780456 0
0 0

0101101
*
Ve
1e-07
37.1511058021309 15.9768532780456 0
0 0

0101101
*
Ed
 1e-07 1 1 0
1  1372 0 0 0.600000000000009
0

0101000
+235 0 -234 0 *
Ve
1e-07
37.1511058021309 16.5768532780456 0
0 0

0101101
*
Ed
 1e-07 1 1 0
1  1373 0 0 0.599999999999998
0

0101000
+234 0 -232 0 *
Ve
1e-07
36.5511058021308 16.5768532780456 0
0 0

0101101
*
Ed
 1e-07 1 1 0
1  1374 0 0 0.600000000000009
0

0101000
+232 0 -230 0 *
Ed
 1e-07 1 1 0
1  1375 0 0 0.599999999999998
0

0101000
+230 0 -235 0 *
Wi

0101100
+233 0 +231 0 +229 0 +228 0 *
Ve
1e-07
37.6308285166411 16.986991076655 0
0 0

0101101
*
Ve
1e-07
38.2308285166411 16.986991076655 0
0 0

0101101
*
Ed
 1e-07 1 1 0
1  1376 0 0 0.600000000000001
0

0101000
+226 0 -225 0 *
Ve
1e-07
38.2308285166411 17.586991076655 0
0 0

0101101
*
Ed
 1e-07 1 1 0
1  1377 0 0 0.600000000000012
0

0101000
+225 0 -223 0 *
Ve
1e-07
37.6308285166411 17.586991076655 0
0 0

0101101
*
Ed
 1e-07 1 1 0
1  1378 0 0 0.600000000000001
0

0101000
+223 0 -221 0 *
Ed
 1e-07 1 1 0
1  1379 0 0 0.600000000000012
0

0101000
+221 0 -226 0 *
Wi

0101100
+224 0 +222 0 +220 0 +219 0 *
Ve
1e-07
37.6426839356541 17.8405812455894 0
0 0

0101101
*
Ve
1e-07
38.2426839356541 17.8405812455894 0
0 0

0101101
*
Ed
 1e-07 1 1 0
1  1380 0 0 0.599999999999987
0

0101000
+217 0 -216 0 *
Ve
1e-07
38.2426839356541 18.4405812455894 0
0 0

0101101
*
Ed
 1e-07 1 1 0
1  1381 0 0 0.600000000000009
0

0101000
+216 0 -214 0 *
Ve
1e-07
37.6426839356541 18.4405812455894 0
0 0

0101101
*
Ed
 1e-07 1 1 0
1  1382 0 0 0.599999999999987
0

0101000
+214 0 -212 0 *
Ed
 1e-07 1 1 0
1  1383 0 0 0.600000000000009
0

0101000
+212 0 -217 0 *
Wi

0101100
+215 0 +213 0 +211 0 +210 0 *
Ve
1e-07
51.6078436112707 26.5311771121398 0
0 0

0101101
*
Ve
1e-07
52.2078436112707 26.5311771121398 0
0 0

0101101
*
Ed
 1e-07 1 1 0
1  1384 0 0 0.600000000000009
0

0101000
+208 0 -207 0 *
Ve
1e-07
52.2078436112707 27.1311771121398 0
0 0

0101101
*
Ed
 1e-07 1 1 0
1  1385 0 0 0.600000000000001
0

0101000
+207 0 -205 0 *
Ve
1e-07
51.6078436112707 27.1311771121398 0
0 0

0101101
*
Ed
 1e-07 1 1 0
1  1386 0 0 0.600000000000009
0

0101000
+205 0 -203 0 *
Ed
 1e-07 1 1 0
1  1387 0 0 0.600000000000001
0

0101000
+203 0 -208 0 *
Wi

0101100
+206 0 +204 0 +202 0 +201 0 *
Ve
1e-07
51.426809346776 23.4425050071032 0
0 0

0101101
*
Ve
1e-07
52.026809346776 23.4425050071032 0
0 0

0101101
*
Ed
 1e-07 1 1 0
1  1388 0 0 0.600000000000001
0

0101000
+199 0 -198 0 *
Ve
1e-07
52.026809346776 24.0425050071032 0
0 0

0101101
*
Ed
 1e-07 1 1 0
1  1389 0 0 0.600000000000001
0

0101000
+198 0 -196 0 *
Ve
1e-07
51.426809346776 24.0425050071032 0
0 0

0101101
*
Ed
 1e-07 1 1 0
1  1390 0 0 0.600000000000001
0

0101000
+196 0 -194 0 *
Ed
 1e-07 1 1 0
1  1391 0 0 0.600000000000001
0

0101000
+194 0 -199 0 *
Wi

0101100
+197 0 +195 0 +193 0 +192 0 *
Ve
1e-07
52.4549794690343 23.4425050071032 0
0 0

0101101
*
Ve
1e-07
53.0549794690343 23.4425050071032 0
0 0

0101101
*
Ed
 1e-07 1 1 0
1  1392 0 0 0.59999999999998
0

0101000
+190 0 -189 0 *
Ve
1e-07
53.0549794690343 24.0425050071032 0
0 0

0101101
*
Ed
 1e-07 1 1 0
1  1393 0 0 0.600000000000001
0

0101000
+189 0 -187 0 *
Ve
1e-07
52.4549794690343 24.0425050071032 0
0 0

0101101
*
Ed
 1e-07 1 1 0
1  1394 0 0 0.59999999999998
0

0101000
+187 0 -185 0 *
Ed
 1e-07 1 1 0
1  1395 0 0 0.600000000000001
0

0101000
+185 0 -190 0 *
Wi

0101100
+188 0 +186 0 +184 0 +183 0 *
Ve
1e-07
53.7017770789955 23.4425050071032 0
0 0

0101101
*
Ve
1e-07
54.3017770789954 23.4425050071032 0
0 0

0101101
*
Ed
 1e-07 1 1 0
1  1396 0 0 0.599999999999987
0

0101000
+181 0 -180 0 *
Ve
1e-07
54.3017770789954 24.0425050071032 0
0 0

0101101
*
Ed
 1e-07 1 1 0
1  1397 0 0 0.600000000000001
0

0101000
+180 0 -178 0 *
Ve
1e-07
53.7017770789955 24.0425050071032 0
0 0

0101101
*
Ed
 1e-07 1 1 0
1  1398 0 0 0.599999999999987
0

0101000
+178 0 -176 0 *
Ed
 1e-07 1 1 0
1  1399 0 0 0.600000000000001
0

0101000
+176 0 -181 0 *
Wi

0101100
+179 0 +177 0 +175 0 +174 0 *
Ve
1e-07
54.7136707914277 23.4425050071032 0
0 0

0101101
*
Ve
1e-07
55.3136707914277 23.4425050071032 0
0 0

0101101
*
Ed
 1e-07 1 1 0
1  1400 0 0 0.600000000000001
0

0101000
+172 0 -171 0 *
Ve
1e-07
55.3136707914277 24.0425050071032 0
0 0

0101101
*
Ed
 1e-07 1 1 0
1  1401 0 0 0.600000000000001
0

0101000
+171 0 -169 0 *
Ve
1e-07
54.7136707914277 24.0425050071032 0
0 0

0101101
*
Ed
 1e-07 1 1 0
1  1402 0 0 0.600000000000001
0

0101000
+169 0 -167 0 *
Ed
 1e-07 1 1 0
1  1403 0 0 0.600000000000001
0

0101000
+167 0 -172 0 *
Wi

0101100
+170 0 +168 0 +166 0 +165 0 *
Ve
1e-07
55.8580743947736 23.4425050071032 0
0 0

0101101
*
Ve
1e-07
56.4580743947736 23.4425050071032 0
0 0

0101101
*
Ed
 1e-07 1 1 0
1  1404 0 0 0.599999999999994
0

0101000
+163 0 -162 0 *
Ve
1e-07
56.4580743947736 24.0425050071032 0
0 0

0101101
*
Ed
 1e-07 1 1 0
1  1405 0 0 0.600000000000001
0

0101000
+162 0 -160 0 *
Ve
1e-07
55.8580743947736 24.0425050071032 0
0 0

0101101
*
Ed
 1e-07 1 1 0
1  1406 0 0 0.599999999999994
0

0101000
+160 0 -158 0 *
Ed
 1e-07 1 1 0
1  1407 0 0 0.600000000000001
0

0101000
+158 0 -163 0 *
Wi

0101100
+161 0 +159 0 +157 0 +156 0 *
Ve
1e-07
56.8278058691879 23.4425050071032 0
0 0

0101101
*
Ve
1e-07
57.4278058691878 23.4425050071032 0
0 0

0101101
*
Ed
 1e-07 1 1 0
1  1408 0 0 0.59999999999998
0

0101000
+154 0 -153 0 *
Ve
1e-07
57.4278058691878 24.0425050071032 0
0 0

0101101
*
Ed
 1e-07 1 1 0
1  1409 0 0 0.600000000000001
0

0101000
+153 0 -151 0 *
Ve
1e-07
56.8278058691879 24.0425050071032 0
0 0

0101101
*
Ed
 1e-07 1 1 0
1  1410 0 0 0.59999999999998
0

0101000
+151 0 -149 0 *
Ed
 1e-07 1 1 0
1  1411 0 0 0.600000000000001
0

0101000
+149 0 -154 0 *
Wi

0101100
+152 0 +150 0 +148 0 +147 0 *
Ve
1e-07
32.7285864822061 14.9001072083123 0
0 0

0101101
*
Ve
1e-07
32.7285864822061 15.5001072083123 0
0 0

0101101
*
Ed
 1e-07 1 1 0
1  1412 0 0 0.600000000000019
0

0101000
+145 0 -144 0 *
Ve
1e-07
32.1285864822061 15.5001072083123 0
0 0

0101101
*
Ed
 1e-07 1 1 0
1  1413 0 0 0.600000000000009
0

0101000
+144 0 -142 0 *
Ve
1e-07
32.1285864822061 14.9001072083123 0
0 0

0101101
*
Ed
 1e-07 1 1 0
1  1414 0 0 0.600000000000019
0

0101000
+142 0 -140 0 *
Ed
 1e-07 1 1 0
1  1415 0 0 0.600000000000009
0

0101000
+140 0 -145 0 *
Wi

0101100
+143 0 +141 0 +139 0 +138 0 *
Ve
1e-07
31.9569427253853 14.9001072083123 0
0 0

0101101
*
Ve
1e-07
31.9569427253853 15.5001072083123 0
0 0

0101101
*
Ed
 1e-07 1 1 0
1  1416 0 0 0.6
0

0101000
+136 0 -135 0 *
Ve
1e-07
31.3569427253853 15.5001072083123 0
0 0

0101101
*
Ed
 1e-07 1 1 0
1  1417 0 0 0.599999999999998
0

0101000
+135 0 -133 0 *
Ve
1e-07
31.3569427253853 14.9001072083123 0
0 0

0101101
*
Ed
 1e-07 1 1 0
1  1418 0 0 0.6
0

0101000
+133 0 -131 0 *
Ed
 1e-07 1 1 0
1  1419 0 0 0.599999999999998
0

0101000
+131 0 -136 0 *
Wi

0101100
+134 0 +132 0 +130 0 +129 0 *
Ve
1e-07
31.1852989685645 14.9001072083123 0
0 0

0101101
*
Ve
1e-07
31.1852989685645 15.5001072083123 0
0 0

0101101
*
Ed
 1e-07 1 1 0
1  1420 0 0 0.599999999999991
0

0101000
+127 0 -126 0 *
Ve
1e-07
30.5852989685645 15.5001072083123 0
0 0

0101101
*
Ed
 1e-07 1 1 0
1  1421 0 0 0.599999999999991
0

0101000
+126 0 -124 0 *
Ve
1e-07
30.5852989685645 14.9001072083123 0
0 0

0101101
*
Ed
 1e-07 1 1 0
1  1422 0 0 0.599999999999991
0

0101000
+124 0 -122 0 *
Ed
 1e-07 1 1 0
1  1423 0 0 0.599999999999991
0

0101000
+122 0 -127 0 *
Wi

0101100
+125 0 +123 0 +121 0 +120 0 *
Ve
1e-07
30.4136552117437 14.9001072083123 0
0 0

0101101
*
Ve
1e-07
30.4136552117437 15.5001072083123 0
0 0

0101101
*
Ed
 1e-07 1 1 0
1  1424 0 0 0.6
0

0101000
+118 0 -117 0 *
Ve
1e-07
29.8136552117437 15.5001072083123 0
0 0

0101101
*
Ed
 1e-07 1 1 0
1  1425 0 0 0.600000000000001
0

0101000
+117 0 -115 0 *
Ve
1e-07
29.8136552117437 14.9001072083123 0
0 0

0101101
*
Ed
 1e-07 1 1 0
1  1426 0 0 0.6
0

0101000
+115 0 -113 0 *
Ed
 1e-07 1 1 0
1  1427 0 0 0.600000000000001
0

0101000
+113 0 -118 0 *
Wi

0101100
+116 0 +114 0 +112 0 +111 0 *
Ve
1e-07
29.0420114549229 15.5001072083123 0
0 0

0101101
*
Ve
1e-07
29.0420114549229 14.9001072083122 0
0 0

0101101
*
Ed
 1e-07 1 1 0
1  1428 0 0 0.60000000000003
0

0101000
+109 0 -108 0 *
Ve
1e-07
29.6420114549229 14.9001072083122 0
0 0

0101101
*
Ed
 1e-07 1 1 0
1  1429 0 0 0.600000000000001
0

0101000
+108 0 -106 0 *
Ve
1e-07
29.6420114549229 15.5001072083123 0
0 0

0101101
*
Ed
 1e-07 1 1 0
1  1430 0 0 0.60000000000003
0

0101000
+106 0 -104 0 *
Ed
 1e-07 1 1 0
1  1431 0 0 0.600000000000001
0

0101000
+104 0 -109 0 *
Wi

0101100
+107 0 +105 0 +103 0 +102 0 *
Ve
1e-07
28.2703676981021 15.5001072083123 0
0 0

0101101
*
Ve
1e-07
28.2703676981021 14.9001072083123 0
0 0

0101101
*
Ed
 1e-07 1 1 0
1  1432 0 0 0.599999999999989
0

0101000
+100 0 -99 0 *
Ve
1e-07
28.8703676981021 14.9001072083123 0
0 0

0101101
*
Ed
 1e-07 1 1 0
1  1433 0 0 0.600000000000009
0

0101000
+99 0 -97 0 *
Ve
1e-07
28.8703676981021 15.5001072083123 0
0 0

0101101
*
Ed
 1e-07 1 1 0
1  1434 0 0 0.599999999999989
0

0101000
+97 0 -95 0 *
Ed
 1e-07 1 1 0
1  1435 0 0 0.600000000000009
0

0101000
+95 0 -100 0 *
Wi

0101100
+98 0 +96 0 +94 0 +93 0 *
Ve
1e-07
27.4987239412813 15.5001072083123 0
0 0

0101101
*
Ve
1e-07
27.4987239412813 14.9001072083123 0
0 0

0101101
*
Ed
 1e-07 1 1 0
1  1436 0 0 0.599999999999989
0

0101000
+91 0 -90 0 *
Ve
1e-07
28.0987239412813 14.9001072083123 0
0 0

0101101
*
Ed
 1e-07 1 1 0
1  1437 0 0 0.599999999999991
0

0101000
+90 0 -88 0 *
Ve
1e-07
28.0987239412813 15.5001072083123 0
0 0

0101101
*
Ed
 1e-07 1 1 0
1  1438 0 0 0.599999999999989
0

0101000
+88 0 -86 0 *
Ed
 1e-07 1 1 0
1  1439 0 0 0.59999999999998
0

0101000
+86 0 -91 0 *
Wi

0101100
+89 0 +87 0 +85 0 +84 0 *
Ve
1e-07
26.7270801844605 15.5001072083123 0
0 0

0101101
*
Ve
1e-07
26.7270801844605 14.9001072083123 0
0 0

0101101
*
Ed
 1e-07 1 1 0
1  1440 0 0 0.599999999999989
0

0101000
+82 0 -81 0 *
Ve
1e-07
27.3270801844605 14.9001072083123 0
0 0

0101101
*
Ed
 1e-07 1 1 0
1  1441 0 0 0.599999999999991
0

0101000
+81 0 -79 0 *
Ve
1e-07
27.3270801844605 15.5001072083123 0
0 0

0101101
*
Ed
 1e-07 1 1 0
1  1442 0 0 0.599999999999989
0

0101000
+79 0 -77 0 *
Ed
 1e-07 1 1 0
1  1443 0 0 0.599999999999991
0

0101000
+77 0 -82 0 *
Wi

0101100
+80 0 +78 0 +76 0 +75 0 *
Ve
1e-07
30.4136552117437 16.7461666666666 0
0 0

0101101
*
Ve
1e-07
30.4136552117437 17.3461666666667 0
0 0

0101101
*
Ed
 1e-07 1 1 0
1  1444 0 0 0.600000000000023
0

0101000
+73 0 -72 0 *
Ve
1e-07
29.8136552117437 17.3461666666667 0
0 0

0101101
*
Ed
 1e-07 1 1 0
1  1445 0 0 0.600000000000012
0

0101000
+72 0 -70 0 *
Ve
1e-07
29.8136552117437 16.7461666666666 0
0 0

0101101
*
Ed
 1e-07 1 1 0
1  1446 0 0 0.600000000000023
0

0101000
+70 0 -68 0 *
Ed
 1e-07 1 1 0
1  1447 0 0 0.600000000000012
0

0101000
+68 0 -73 0 *
Wi

0101100
+71 0 +69 0 +67 0 +66 0 *
Ve
1e-07
31.1852989685646 16.7461666666666 0
0 0

0101101
*
Ve
1e-07
31.1852989685646 17.3461666666666 0
0 0

0101101
*
Ed
 1e-07 1 1 0
1  1448 0 0 0.599999999999998
0

0101000
+64 0 -63 0 *
Ve
1e-07
30.5852989685646 17.3461666666666 0
0 0

0101101
*
Ed
 1e-07 1 1 0
1  1449 0 0 0.600000000000009
0

0101000
+63 0 -61 0 *
Ve
1e-07
30.5852989685646 16.7461666666666 0
0 0

0101101
*
Ed
 1e-07 1 1 0
1  1450 0 0 0.599999999999998
0

0101000
+61 0 -59 0 *
Ed
 1e-07 1 1 0
1  1451 0 0 0.600000000000009
0

0101000
+59 0 -64 0 *
Wi

0101100
+62 0 +60 0 +58 0 +57 0 *
Ve
1e-07
31.9569427253854 16.7461666666666 0
0 0

0101101
*
Ve
1e-07
31.9569427253854 17.3461666666666 0
0 0

0101101
*
Ed
 1e-07 1 1 0
1  1452 0 0 0.600000000000001
0

0101000
+55 0 -54 0 *
Ve
1e-07
31.3569427253854 17.3461666666666 0
0 0

0101101
*
Ed
 1e-07 1 1 0
1  1453 0 0 0.600000000000001
0

0101000
+54 0 -52 0 *
Ve
1e-07
31.3569427253854 16.7461666666666 0
0 0

0101101
*
Ed
 1e-07 1 1 0
1  1454 0 0 0.600000000000001
0

0101000
+52 0 -50 0 *
Ed
 1e-07 1 1 0
1  1455 0 0 0.600000000000001
0

0101000
+50 0 -55 0 *
Wi

0101100
+53 0 +51 0 +49 0 +48 0 *
Ve
1e-07
32.7285864822062 16.7461666666666 0
0 0

0101101
*
Ve
1e-07
32.7285864822062 17.3461666666666 0
0 0

0101101
*
Ed
 1e-07 1 1 0
1  1456 0 0 0.599999999999998
0

0101000
+46 0 -45 0 *
Ve
1e-07
32.1285864822062 17.3461666666666 0
0 0

0101101
*
Ed
 1e-07 1 1 0
1  1457 0 0 0.600000000000009
0

0101000
+45 0 -43 0 *
Ve
1e-07
32.1285864822062 16.7461666666666 0
0 0

0101101
*
Ed
 1e-07 1 1 0
1  1458 0 0 0.599999999999998
0

0101000
+43 0 -41 0 *
Ed
 1e-07 1 1 0
1  1459 0 0 0.600000000000009
0

0101000
+41 0 -46 0 *
Wi

0101100
+44 0 +42 0 +40 0 +39 0 *
Ve
1e-07
26.7270801844605 17.3461666666667 0
0 0

0101101
*
Ve
1e-07
26.7270801844605 16.7461666666666 0
0 0

0101101
*
Ed
 1e-07 1 1 0
1  1460 0 0 0.600000000000033
0

0101000
+37 0 -36 0 *
Ve
1e-07
27.3270801844605 16.7461666666666 0
0 0

0101101
*
Ed
 1e-07 1 1 0
1  1461 0 0 0.600000000000001
0

0101000
+36 0 -34 0 *
Ve
1e-07
27.3270801844605 17.3461666666667 0
0 0

0101101
*
Ed
 1e-07 1 1 0
1  1462 0 0 0.600000000000033
0

0101000
+34 0 -32 0 *
Ed
 1e-07 1 1 0
1  1463 0 0 0.600000000000001
0

0101000
+32 0 -37 0 *
Wi

0101100
+35 0 +33 0 +31 0 +30 0 *
Ve
1e-07
27.4987239412813 17.3461666666666 0
0 0

0101101
*
Ve
1e-07
27.4987239412813 16.7461666666666 0
0 0

0101101
*
Ed
 1e-07 1 1 0
1  1464 0 0 0.599999999999991
0

0101000
+28 0 -27 0 *
Ve
1e-07
28.0987239412813 16.7461666666666 0
0 0

0101101
*
Ed
 1e-07 1 1 0
1  1465 0 0 0.59999999999998
0

0101000
+27 0 -25 0 *
Ve
1e-07
28.0987239412813 17.3461666666666 0
0 0

0101101
*
Ed
 1e-07 1 1 0
1  1466 0 0 0.599999999999991
0

0101000
+25 0 -23 0 *
Ed
 1e-07 1 1 0
1  1467 0 0 0.59999999999998
0

0101000
+23 0 -28 0 *
Wi

0101100
+26 0 +24 0 +22 0 +21 0 *
Ve
1e-07
28.2703676981021 17.3461666666666 0
0 0

0101101
*
Ve
1e-07
28.2703676981021 16.7461666666666 0
0 0

0101101
*
Ed
 1e-07 1 1 0
1  1468 0 0 0.600000000000009
0

0101000
+19 0 -18 0 *
Ve
1e-07
28.8703676981021 16.7461666666666 0
0 0

0101101
*
Ed
 1e-07 1 1 0
1  1469 0 0 0.600000000000009
0

0101000
+18 0 -16 0 *
Ve
1e-07
28.8703676981021 17.3461666666666 0
0 0

0101101
*
Ed
 1e-07 1 1 0
1  1470 0 0 0.600000000000009
0

0101000
+16 0 -14 0 *
Ed
 1e-07 1 1 0
1  1471 0 0 0.600000000000009
0

0101000
+14 0 -19 0 *
Wi

0101100
+17 0 +15 0 +13 0 +12 0 *
Ve
1e-07
29.0420114549229 17.3461666666666 0
0 0

0101101
*
Ve
1e-07
29.0420114549229 16.7461666666666 0
0 0

0101101
*
Ed
 1e-07 1 1 0
1  1472 0 0 0.599999999999991
0

0101000
+10 0 -9 0 *
Ve
1e-07
29.6420114549229 16.7461666666666 0
0 0

0101101
*
Ed
 1e-07 1 1 0
1  1473 0 0 0.600000000000012
0

0101000
+9 0 -7 0 *
Ve
1e-07
29.6420114549229 17.3461666666666 0
0 0

0101101
*
Ed
 1e-07 1 1 0
1  1474 0 0 0.599999999999991
0

0101000
+7 0 -5 0 *
Ed
 1e-07 1 1 0
1  1475 0 0 0.600000000000012
0

0101000
+5 0 -10 0 *
Wi

0101100
+8 0 +6 0 +4 0 +3 0 *
Fa
0  1e-07 1 0

1111000
+2702 0 +2653 0 +2636 0 +2627 0 +2500 0 -2459 0 +2418 0 -2405 0 -2396 0 -2387 0 
-2378 0 -2369 0 -2360 0 -2351 0 -2342 0 -2333 0 -2324 0 -2315 0 -2306 0 -2297 0 
-2288 0 -2279 0 -2270 0 -2261 0 -2252 0 -2243 0 -2234 0 -2225 0 -2216 0 -2207 0 
-2198 0 -2189 0 -2180 0 -2171 0 -2162 0 -2153 0 -2144 0 -2135 0 -2126 0 -2117 0 
-2108 0 -2099 0 -2090 0 -2081 0 -2072 0 -2063 0 -2054 0 -2045 0 -2036 0 -2027 0 
-2018 0 -2009 0 -2000 0 -1991 0 -1982 0 -1973 0 -1964 0 -1955 0 -1946 0 -1937 0 
-1928 0 -1919 0 -1910 0 -1901 0 -1892 0 -1883 0 -1874 0 -1865 0 -1856 0 -1847 0 
-1838 0 -1829 0 -1820 0 -1811 0 -1802 0 -1793 0 -1784 0 -1775 0 -1766 0 -1757 0 
-1748 0 -1739 0 -1730 0 -1721 0 -1712 0 -1703 0 -1694 0 -1685 0 -1676 0 -1667 0 
-1658 0 -1649 0 -1640 0 -1631 0 -1622 0 -1613 0 -1604 0 -1595 0 -1586 0 -1577 0 
-1568 0 -1559 0 -1550 0 -1541 0 -1532 0 -1523 0 -1514 0 -1505 0 -1496 0 -1487 0 
-1478 0 -1469 0 -1460 0 -1451 0 -1442 0 -1433 0 -1424 0 -1415 0 -1406 0 -1397 0 
-1388 0 -1379 0 -1370 0 -1361 0 -1352 0 -1343 0 -1334 0 -1325 0 -1316 0 -1307 0 
-1298 0 -1289 0 -1280 0 -1271 0 -1262 0 -1253 0 -1244 0 -1235 0 -1226 0 -1217 0 
-1208 0 -1199 0 -1190 0 -1181 0 -1172 0 -1163 0 -1154 0 -1145 0 -1136 0 -1127 0 
-1118 0 -1109 0 -1100 0 -1091 0 -1082 0 -1073 0 -1064 0 -1055 0 -1046 0 -1037 0 
-1028 0 -1019 0 -1010 0 -1001 0 -992 0 -983 0 -974 0 -965 0 -956 0 -947 0 
-938 0 -929 0 -920 0 -911 0 -902 0 -893 0 -884 0 -875 0 -866 0 -857 0 
-848 0 -839 0 -830 0 -821 0 -812 0 -803 0 -794 0 -785 0 -776 0 -767 0 
-758 0 -749 0 -740 0 -731 0 -722 0 -713 0 -704 0 -695 0 -686 0 -677 0 
-668 0 -659 0 -650 0 -641 0 -632 0 -623 0 -614 0 -605 0 -596 0 -587 0 
-578 0 -569 0 -560 0 -551 0 -542 0 -533 0 -524 0 -515 0 -506 0 -497 0 
-488 0 -479 0 -470 0 -461 0 -452 0 -443 0 -434 0 -425 0 -416 0 -407 0 
-398 0 -389 0 -380 0 -371 0 -362 0 -353 0 -344 0 -335 0 -326 0 -317 0 
-308 0 -299 0 -290 0 -281 0 -272 0 -263 0 -254 0 -245 0 -236 0 -227 0 
-218 0 -209 0 -200 0 -191 0 -182 0 -173 0 -164 0 -155 0 -146 0 -137 0 
-128 0 -119 0 -110 0 -101 0 -92 0 -83 0 -74 0 -65 0 -56 0 -47 0 
-38 0 -29 0 -20 0 -11 0 -2 0 *

+1 0 