
CASCADE Topology V3, (c) Open Cascade
Locations 0
Curve2ds 1274
1 1.2208411691428651 -1.1213159715442225 -0.28346197005887319 0.95898347823637853 
8 0 2.112204624329808
1 -0.22966395097629555 -1.1622909426770742 -0.28346197005887319 0.95898347823637853 
1 -1.1087845781259276 1.1173282167642729 0 -1 
8 0 1.853397172361948
1 0.42685653099388432 0.70718397689600998 -0 -1 
1 1.108784578125924 -1.1173282167642717 0 1 
8 0 1.8533971723619451
1 -0.42147452556248766 -0.97694437345351326 -0 1 
1 0.2384451960307743 -1.0342728734655857 0.32984374363242797 0.94403554212039342 
8 0 1.8609821928815502
1 -0.61178824615853244 -0.91495274930483106 0.32984374363242797 0.94403554212039342 
1 -0.80740504399611623 0.34911617396200256 -0.0090698412385423147 -0.99995886814403911 
8 0 0.7525052616980733
1 0.33998369305174592 0.35466676612859527 -0.0090698412385423147 -0.99995886814403911 
1 -0.15297808436637794 1.1859718971289404 -0.061536368589419015 -0.99810484185822246 
8 0 2.1737569076760717
1 0.7463267464722847 1.2859464870462713 -0.061536368589419015 -0.99810484185822246 
1 0.44472076672769489 -0.69570313907274794 0.36554898962580296 0.93079210148322311 
8 0 1.1172968277355102
1 -0.38728072676773984 -0.38618273994280372 0.36554898962580296 0.93079210148322311 
1 0.85314749321852545 0.34426792319572641 -0.99911716856088972 -0.042010516384242948 
8 0 1.9048061825316838
1 0.81312215389023401 -0.5451599736695858 -0.99911716856088972 -0.042010516384242948 
1 0.85645237920321371 0.32376413172114482 -0.99963469881646061 -0.027027188572330135 
8 0 1.9033829209807793
1 0.79322552337743391 -0.71474738206967459 -0.99963469881646061 -0.027027188572330135 
1 0.44846259951369838 -0.68762812833798037 0.37410266378409046 0.92738729609028392 
8 0 1.090582396721405
1 -0.38700898863156041 -0.3731480914045946 0.37410266378409046 0.92738729609028392 
1 0.42306576945150809 -0.74903188613249228 0.3166509732676473 0.94854212406653393 
8 0 1.2876714843755097
1 -0.38773554555775824 -0.47002436360902777 0.3166509732676473 0.94854212406653393 
1 0.36546532112847352 -0.37997319465934964 -0.32047690697077291 0.94725632861356313 
8 0 1.0749121779995687
1 -0.4194979725266314 -0.50669236175993149 -0.32047690697077291 0.94725632861356313 
1 -0.38700898863156041 -0.3731480914045946 0.99995886814403923 -0.009069841238523493 
8 0 0.75250526169806786
1 -0.38788329990306813 0.59850204839055365 0.99995886814403923 -0.009069841238523493 
1 -0.41949797252663146 -0.50669236175993149 0.95344445033516256 0.30156869884833842 
8 0 1.4813121024159672
1 -0.98516161082266507 0.75045620205085228 0.95344445033516256 0.30156869884833842 
1 0.99285083073618452 -0.059974998446051586 -0.95094983675213007 0.30934512761816274 
8 0 1.8474511119678148
1 1.0167779258083876 -1.123693583704334 -0.95094983675213007 0.30934512761816274 
1 0.41733349206610448 1.3789110701558407 -0.94958015525008532 -0.31352436708368292 
8 0 1.4870797841999031
1 1.0161721031690494 -0.12219372288635094 -0.94958015525008532 -0.31352436708368292 
1 0.36357583118429382 0.86777699667769781 -0.99995886814403911 0.009069841238533001 
8 0 0.75250526169806264
1 0.36473876420227047 -0.47684946686378993 -0.99995886814403911 0.009069841238533001 
1 0.36473876420227036 -0.47684946686378993 -0.27023019618957911 0.96279574213191321 
8 0 1.2756971124784362
1 -0.39592934918075784 -0.58842947103056531 -0.27023019618957911 0.96279574213191321 
1 -1.844756632048469 0.47869605678844351 0.91742115522466394 -0.39791760949503496 
8 0 1.9149692846390818
1 -0.74066123016428542 0.63980627711364957 0.91742115522466394 -0.39791760949503496 
1 0.88537767430844738 -0.39159160013806193 0 1 
8 0 1.6874999999999929
1 -0.71705655467010843 -0.37976762908311112 -0 1 
1 1.0916042228491918 0.26268654082264575 -0.95973740700827193 0.28089875327070912 
8 0 2.0025008778088011
1 1.2048184453298987 -0.94226762908310402 -0.95973740700827193 0.28089875327070912 
1 0.40852617864201335 1.1327391916421923 -0.69609170084321048 -0.71795288425996751 
8 0 1.9072551519842424
1 1.0916042228491918 0.26268654082264575 -0.69609170084321048 -0.71795288425996751 
1 0.40852617864201335 -1.0235108083578073 0 1 
8 0 2.1562499999999996
1 -0.39227529882144552 -0.94945053385999945 -0 1 
1 -0.91909830404467385 -0.23658014574457731 0.86023747004253237 -0.50989361158463564 
8 0 1.5433232437794717
1 -0.42255843601331833 0.89671389104282795 0.86023747004253237 -0.50989361158463564 
1 -0.39227529882144552 -0.94945053385999945 0.95243833364682462 0.30473139090034701 
8 0 1.3320933606934389
1 -0.86444077785959905 0.40856044468287861 0.95243833364682462 0.30473139090034701 
1 -0.85670475256505085 0.63402713200283767 0.58689336234179001 -0.80966423981743718 
8 0 2.1617841709069818
1 -0.39227529882144552 1.2067994661399999 0.58689336234179001 -0.80966423981743718 
1 0.41203202815580653 -1.1162922053839326 0 1 
8 0 1.853397172361948
1 -0.79669586975302309 -1.3458839213627343 -0 1 
1 0.41203202815580653 0.73710496697801542 -0.99671591776277113 -0.080977646781793811 
8 0 1.272917145307225
1 0.26346369104845735 -0.82090943785115655 -0.99671591776277113 -0.080977646781793811 
1 0.29130338204273443 0.42745407433805838 -1 2.0718383856911022e-14 
8 0 0.77164375682080077
1 0.54003712583690699 -0.7688144817506597 -1 2.0718383856911022e-14 
1 -0.48034037477806635 0.42745407433807436 0.50720734061477735 -0.8618240618748616 
8 0 1.3060754022852223
1 0.19197807741782913 0.77801826491565529 0.50720734061477735 -0.8618240618748616 
1 0.18211065665739667 -0.69815313397421974 0.09655459058058731 0.99532769027984713 
8 0 1.1308910817057662
1 -0.32210655848189162 -0.69314783145387615 0.09655459058058731 0.99532769027984713 
1 -0.47954524260818232 -0.68497546481025573 0.71057024145764702 0.70362627292819402 
8 0 1.5997231081608061
1 -0.94473755781337232 -0.34758894339663904 0.71057024145764702 0.70362627292819402 
1 0.16392971759535868 1.8306652927939613 -1 0 
8 0 1.7991666666666646
1 0.85442910885329226 -0.34758894339663904 -1 -0 
1 -0.061520888552237807 0.91525293135583752 -0.70869820332919597 -0.70551176928380832 
8 0 1.8258938698330114
1 0.73107127177181752 0.38668988661761006 -0.70869820332919597 -0.70551176928380832 
1 0.038890690165978015 0.84902408619306158 -0.3298437436324263 -0.94403554212039409 
8 0 1.8609821928815491
1 0.89884953398299683 0.72527974744449275 -0.3298437436324263 -0.94403554212039409 
1 -0.61899731617726417 -0.91630060641637101 0.73998728600450225 0.67262085646498582 
8 0 1.9466483513140513
1 -1.4394845182844094 -0.37631299726524858 0.73998728600450225 0.67262085646498582 
1 0.82149771411675943 0.39305567488063886 -0.87942471299466374 0.47603799656566625 
8 0 0.94000280495381938
1 0.29060808654697468 -0.39764269919823647 -0.87942471299466374 0.47603799656566625 
1 -0.0051639828439320468 0.84053272691696179 -0.3298437436324263 -0.94403554212039409 
8 0 1.8609821928815491
1 0.84685999229743214 0.72400703229536512 -0.3298437436324263 -0.94403554212039409 
1 0.015399743458992532 -1.7415243282525559 0.76734391854109596 0.64123576840191632 
8 0 2.3170835879958607
1 -1.1256783217510427 -0.50622011574895986 0.76734391854109596 0.64123576840191632 
1 0.65232167824896337 -0.50622011574896675 0 1 
8 0 1.4857968750000019
1 -0.66168374211138214 -0.50499884627805258 -0 1 
1 0.94136757466832321 0.32053926921659226 -1 3.9963033507317088e-15 
8 0 1.7780000000000058
1 0.65232167824896337 -0.50622011574896675 -1 3.9963033507317088e-15 
1 -0.23684806056288821 -0.72946073078345108 0.74656007627320886 0.66531800856052348 
8 0 1.5781926634930787
1 -0.66896223073394978 -0.4084476595120885 0.74656007627320886 0.66531800856052348 
1 -0.83663242533168258 0.32053926921659937 0.49600450342450453 -0.86831994828093795 
8 0 1.2092316917039563
1 -0.14329625611549446 0.65804870837791896 0.49600450342450453 -0.86831994828093795 
1 -0.31515564816749375 -0.39195129162213505 1 4.6040853015358257e-15 
8 0 0.77164375682079367
1 -0.54003712583691055 0.76881448175065259 1 4.6040853015358257e-15 
1 -0.14329625611549446 0.65804870837791896 -0.16152629036113769 -0.98686840942557763 
8 0 1.0639716399587897
1 0.36575513093853829 0.64975589919756893 -0.16152629036113769 -0.98686840942557763 
1 -0.57774801793426178 -0.40024410080246398 1 -2.7624511809214699e-14 
8 0 0.77164375682080077
1 -0.23160663098387957 0.76881448175067035 1 -2.7624511809214699e-14 
1 0.36575513093853829 0.64975589919756871 -0.66837868350288199 -0.74382117167969508 
8 0 1.41162962278813
1 0.88158668586905276 0.32080848316397259 -0.66837868350288199 -0.74382117167969508 
1 0.98754593025862292 0.61929884657800827 -1 0 
8 0 2.878666666666664
1 1.7806940101187934 -0.64938411488120451 -1 -0 
1 -0.2853350984848646 0.84514667234847352 0.2065910153503952 -0.97842738738063384 
8 0 1.9079564810605374
1 0.98754593025862292 0.61929884657800849 0.2065910153503952 -0.97842738738063384 
1 -0.611177979398704 -0.51500838201287413 0.92892490211712253 0.37026818149375784 
8 0 1.0678718583673943
1 -0.63000976225503535 8.8817841970012523e-16 0.92892490211712253 0.37026818149375784 
1 0.38079478210885753 -0.11960941094681932 0 1 
8 0 0.79079794213211585
1 -0.76713621136033083 -0.5525888789519553 -0 1 
1 0.38079478210885753 0.67118853118529653 -0.64150984012277179 -0.76711480563580303 
8 0 1.5463095021546645
1 0.70899060541263748 0.04502922086683192 -0.64150984012277179 -0.76711480563580303 
1 -0.28298215609491706 1.1284614896906557 -3.1306556215808053e-15 -1 
8 0 2.2696291820219945
1 0.79303229387584651 0.9161099059542126 -3.1306556215808053e-15 -1 
1 0.70899060541263736 0.04502922086683192 -0.67529041616910712 0.73755193297160715 
8 0 1.4689572630616801
1 0.041443265461488576 -0.75628389020280462 -0.67529041616910712 0.73755193297160715 
1 0.93330383728726218 0.3271483786210192 -1 0 
8 0 1.8838333333333281
1 1.2100324457171823 -0.62250922094948891 -1 -0 
1 -0.026766858276232597 0.75490826595663307 -0.63554682931617068 -0.77206232115429796 
8 0 1.4032963908975662
1 0.93330383728726229 0.32714837862101942 -0.63554682931617068 -0.77206232115429796 
1 -0.12167779533264955 -0.85277506390421642 0.68661028011411407 0.72702566890146181 
8 0 1.8681323345364316
1 -1.457919298827477 -0.31671435216894395 0.68661028011411407 0.72702566890146181 
1 -1.0177589638852549 -0.70630532162076598 0.99086180191602724 0.13488101980532197 
8 0 2.355162106018855
1 -1.1726390980005448 0.18773842954190911 0.99086180191602724 0.13488101980532197 
1 0.21367344440060698 0.90483957708374785 -0.9999432219012202 -0.010656123770262442 
8 0 0.76425767955359947
1 0.56093046335293906 -1.2818655684517974 -0.9999432219012202 -0.010656123770262442 
1 -0.080881126500047529 -0.99371496210612609 0.63013615544234847 0.77648465896264596 
8 0 1.1863499218175324
1 -0.8380906625574075 0.16996787560235826 0.63013615544234847 0.77648465896264596 
1 0.85057672319431177 0.39232621493884778 -0.89173734093398216 0.45255332811061161 
8 0 0.98100432257335946
1 0.31185325093775873 -0.39723375052607324 -0.89173734093398216 0.45255332811061161 
1 -0.024221462861998333 0.83628298601031759 -0.32984374363242513 -0.94403554212039453 
8 0 1.8609821928815558
1 1.3267349097165813 1.1517804889228034 -0.32984374363242513 -0.94403554212039453 
1 -0.63805479619533045 -0.92055034732302232 0.74999326076100092 0.66144546926642511 
8 0 1.9848598611128345
1 -1.4094474035855882 -0.37981378256720788 0.74999326076100092 0.66144546926642511 
1 0.31867835419252089 0.35524055923396602 -0.94387525065427691 -0.33030215137405045 
8 0 0.93404640994659771
1 0.58605597618835159 -0.6674192713801439 -0.94387525065427691 -0.33030215137405045 
1 0.31185325093775873 -0.39723375052607324 0.0090698412385328709 0.99995886814403923 
8 0 0.75250526169807319
1 -0.80659567493652773 -0.40330524362382292 0.0090698412385328709 0.99995886814403923 
1 -1.0472124243111676 1.4871941767041754 0 -1 
8 0 3.0903333333333336
1 0.63736843191943038 1.1959205152527694 -0 -1 
1 0.89499789608943203 -1.309621895577223 0 1 
8 0 1.981489583333321
1 -1.0594546798530864 -1.3282901118135726 -0 1 
1 -1.5327521039105658 0.67186768775609806 0.77471546539480607 -0.63231000915540547 
8 0 3.1337311676910717
1 -0.82130396274057027 1.5182721251892133 0.77471546539480607 -0.63231000915540547 
1 1.1115350504280741 -1.1740374374822551 0.046859606714459788 0.99890148526196831 
8 0 2.1720232941742426
1 -0.29556731312272078 -0.97593681006871336 0.046859606714459788 0.99890148526196831 
1 -0.44087640965575048 1.6462840432152106 -0.8340498833248422 -0.55168903571288908 
8 0 2.0665230794859348
1 2.8253323029849398 -0.29955919389127672 -0.8340498833248422 -0.55168903571288908 
1 0.81137723104357917 -2.00066443562309 0 1 
8 0 3.1961666666666648
1 -0.84941345915616751 -2.1239006288835203 -0 1 
1 -1.5901071921757151 -0.98910114115762049 1 0 
8 0 2.4279166666666683
1 -1.6165394356230891 1.1955022310435748 1 -0 
1 0.52391866582155089 1.8881741935978802 -0.94772994369638164 0.31907358684362036 
8 0 1.8186439552716205
1 0.68270168873498371 -1.2699971950064786 -0.94772994369638164 0.31907358684362036 
1 -0.85317737541920735 1.6345712226223803 0 -1 
8 0 2.730500000000001
1 0.83780947449095322 1.7413988588423805 -0 -1 
1 0.9302146256698407 -1.4539628071274269 0 1 
8 0 2.0108333333333341
1 -0.22199963016612045 -1.0183879280320678 -0 1 
1 -0.06091585656274745 0.77604924988832735 -0.5755272035333201 -0.81778263493003844 
8 0 1.3764136828468867
1 0.57016388762774639 0.10721928028021743 -0.5755272035333201 -0.81778263493003844 
1 -0.8530793743566143 -0.34955795842395787 1 0 
8 0 1.7356666666666669
1 -1.5280543622270955 2.3564092194302493 1 -0 
1 0.88258729231005262 -0.34955795842395787 -0.64239059940474053 0.76637739906420677 
8 0 1.4687374780189499
1 0.36136212978107463 -0.69132674126837679 -0.64239059940474053 0.76637739906420677 
1 0.18950273772906456 0.43428046704390866 -1 0 
8 0 0.77164375682079012
1 0.23160663098387957 -0.76881448175065259 -1 -0 
1 -0.31303635664250962 0.42648196476668687 0.15093238983065682 -0.98854408788885417 
8 0 1.1386514998194412
1 0.18950273772906454 0.43428046704390888 0.15093238983065682 -0.98854408788885417 
1 -0.39283325604777275 0.42501258415852483 0.33972030923785979 -0.94052650759632128 
8 0 1.1967841408201758
1 0.097797323171921136 0.4420988244826205 0.33972030923785979 -0.94052650759632128 
1 0.013738622362623687 -0.70059462415373908 0.30851240648609168 0.95122031887684177 
8 0 1.1833296513696685
1 -0.47954524260818232 -0.68497546481025573 0.30851240648609168 0.95122031887684177 
1 0.37881050077302802 0.42501258415853904 -1 -1.8416341206143132e-14 
8 0 0.77164375682080077
1 0.23160663098388667 -0.76881448175065614 -1 -1.8416341206143132e-14 
1 0.097797323171921136 0.4420988244826205 -1 2.7624511809214191e-14 
8 0 0.77164375682081499
1 0.23160663098388667 -0.7688144817506668 -1 2.7624511809214191e-14 
1 0.94509805560481652 -0.34911910579051586 -0.72306526206739474 0.6907797237842247 
8 0 1.6294734335078507
1 0.50436920158231779 -0.68350838382964341 -0.72306526206739474 0.6907797237842247 
1 -0.2331175796263949 0.77648810252176936 -0.47025889501189155 -0.88252851039623359 
8 0 1.2754343854646863
1 0.45860740017829471 0.42648196476668687 -0.47025889501189155 -0.88252851039623359 
1 -0.83290194439518928 -0.34911910579051586 1 0 
8 0 1.7780000000000058
1 -0.80527124092935054 2.3371568512855898 1 -0 
1 0.45860740017829471 0.42648196476668687 -1 0 
8 0 0.77164375682080433
1 0.54003712583691055 -0.76881448175065259 -1 -0 
1 0.88350225304110097 0.72536423220776669 -1 1.4632766138872827e-15 
8 0 2.4279166666666683
1 0.89627001267464479 -0.66656167934131361 -1 1.4632766138872827e-15 
1 0.88350225304110097 -1.3862763927922295 0 1 
8 0 2.1116406249999962
1 -0.90052363856269935 -1.2426154495626278 -0 1 
1 -1.5773348910680589 -2.3159557953180041 0.96194310755654566 0.27324980846188379 
8 0 3.9505974627263591
1 -2.2788181344307858 0.21938531355217705 0.96194310755654566 0.27324980846188379 
1 -0.61139546438241155 0.88004978297863801 -0.69092147892015876 -0.72292980984794131 
8 0 1.1507787581740632
1 0.57266128305452924 -0.17394474452093078 -0.69092147892015876 -0.72292980984794131 
1 -1.406493225889939 0.048117514154812469 0.97317009349544015 -0.23008687299817071 
8 0 2.94381563149294
1 -1.0314564242951079 1.123827844412066 0.97317009349544015 -0.23008687299817071 
1 -1.7263763997963508 -0.64522325967742766 1 0 
8 0 2.7516666666666652
1 -1.1104355525624214 0.49050795353161369 1 -0 
1 1.0252902668703143 -0.64522325967742766 0.031078733589230367 0.99951693948551457 
8 0 1.9520314910029801
1 -0.6808672714613877 -0.69308090158699898 0.031078733589230367 0.99951693948551457 
1 -1.1104355525624214 0.49050795353161369 0.050397941968977428 -0.9987292162770105 
8 0 1.562563805650379
1 0.84980277304732255 0.51333547741222318 0.050397941968977428 -0.9987292162770105 
1 0.84980277304732255 0.51333547741222318 -1 0 
8 0 2.2859999999999943
1 1.3302242577955283 -0.27844240887113081 -1 -0 
1 -0.28464561215886874 0.74831958485271777 0.144937298730136 -0.989440841807539 
8 0 1.5253722490371304
1 0.61067313056361172 0.51960133831258504 0.144937298730136 -0.989440841807539 
1 0.38350325647942896 -0.81498622525421638 0 1 
8 0 1.8626666666666694
1 -0.17029256577043128 -0.88752676923185803 -0 1 
1 -0.37774340468402556 0.88127679945698745 0 -1 
8 0 2.0108333333333306
1 0.20107467800676204 1.0096554175225734 -0 -1 
1 0.37774340468401135 -0.88127679945699811 0 1 
8 0 2.0108333333333341
1 -0.17141794240311015 -1.0670518969253138 -0 1 
1 0.76013257862048533 1.8402981008913954 -1 0 
8 0 1.6086666666666716
1 0.78829854452638415 -0.35602295041586274 -1 -0 
1 -2.4433350573237433 -1.0712521573602718 0.94507333598703047 -0.32685836321921696 
8 0 3.3026537530446602
1 -0.96501765382769378 1.3594771488124984 0.94507333598703047 -0.32685836321921696 
1 -0.37774340468401135 0.88127679945699988 0 -1 
8 0 2.0108333333333448
1 0.20120040483439539 0.99392161220005271 -0 -1 
1 0.4039303904309719 1.2720764626045131 -0.95129061587749375 -0.30829557918241163 
8 0 1.8038387222244789
1 0.95296668902080484 -0.16183259708415676 -0.95129061587749375 -0.30829557918241163 
1 -0.14247302031681386 0.93628225865597514 -0.3512220654078318 -0.93629218771207146 
8 0 1.7667885955582683
1 0.44911719726786725 0.58717846243467542 -0.3512220654078318 -0.93629218771207146 
1 0.44911719726786714 0.5871784624346752 -0.86702988941105374 0.49825612978452749 
8 0 0.71570213120621184
1 0.20100955023946199 -0.40010574358293388 -0.86702988941105374 0.49825612978452749 
1 0.11394132318160644 0.97082507232107673 -0.20039623614870714 -0.97971493228256534 
8 0 1.9012333131709782
1 1.1568319098656374 0.5971148084157214 -0.20039623614870714 -0.97971493228256534 
1 1.1568319098656374 0.5971148084157214 -1 0 
8 0 2.7516666666666652
1 1.0402607038647034 -0.65517216219804553 -1 -0 
1 1.4242287770274196 0.63500299380592296 -1 -3.1556302106296009e-15 
8 0 2.2516666666666723
1 0.81739024446043729 -0.68230170279375457 -1 -3.1556302106296009e-15 
1 -0.82743788963925269 0.63500299380591585 0 -1 
8 0 1.8667968750000021
1 0.10883156818179884 0.84514667234846641 -0 -1 
1 0.81739024446043729 -0.68230170279375457 0 1 
8 0 1.9814895833333281
1 -1.0402607038647105 -1.3263174211352933 -0 1 
1 -1.1033091606263916 0.64877949995807072 0.1951016933676577 -0.98078301843224869 
8 0 2.0203139186694781
1 -0.10824775050070201 1.0795803744992938 0.1951016933676577 -0.98078301843224869 
1 -0.010533416973348864 0.926667469146782 -0.70744295297690896 -0.70677044949779211 
8 0 1.8525905861335821
1 0.7420941944893471 0.40283701188814547 -0.70744295297690896 -0.70677044949779211 
1 0.7420941944893471 0.40283701188814547 -0.84142325004935203 0.54037664112763584 
8 0 0.82808363274649721
1 0.23449631508632862 -0.3955319894996272 -0.84142325004935203 0.54037664112763584 
1 0.04532537291111538 0.8503140639244684 -0.3298437436324263 -0.94403554212039409 
8 0 1.8609821928815491
1 0.90049335305955946 0.71929108455446333 -0.3298437436324263 -0.94403554212039409 
1 0.23449631508632862 -0.3955319894996272 0.0090698412385328293 0.99995886814403923 
8 0 0.75250526169807674
1 -0.8210743023763527 -0.40483137333605157 0.0090698412385328293 0.99995886814403923 
1 0.24132141834109078 0.35694232026041561 -0.91750492402766415 -0.39772442015168047 
8 0 0.76685574802624112
1 0.49753502726301235 -0.69607149807871593 -0.91750492402766415 -0.39772442015168047 
1 -1.2200490664985324 0.59222733233776736 0.34325388619327873 -0.93924265747101354 
8 0 1.9852591042566332
1 -0.18391287537366452 1.1685685387718081 0.34325388619327873 -0.93924265747101354 
1 -0.18391287537366452 1.1685685387718081 -0.010206714582351671 -0.9999479101320401 
8 0 2.1697503165817409
1 0.72093065056510142 1.2989150678021315 -0.010206714582351671 -0.9999479101320401 
1 1.3764934403077049 0.73959496155937288 -1 0 
8 0 2.7516666666666723
1 1.7114059628019618 -0.65517216219804197 -1 -0 
1 -0.8141986678566937 -0.96597297383280178 0.99999805989250456 0.0019698251767436502 
8 0 0.82038301134044378
1 -0.95170644104604918 0.4292491272199932 0.99999805989250456 0.0019698251767436502 
1 0.90710464403939994 0.57696768180808178 -0.97976986801875998 -0.2001274736824051 
8 0 1.9307711083164254
1 1.0843640669565604 -0.53081773625450523 -0.97976986801875998 -0.2001274736824051 
1 0.26410235357529643 1.0101873977947058 -0.52616675448124783 -0.85038141235487408 
8 0 1.6998401933642364
1 0.90710464403939994 0.57696768180808178 -0.52616675448124783 -0.85038141235487408 
1 0.017545414480139243 0.92969425059111899 -0.72942393742166001 -0.6840619266676683 
8 0 1.9140902749483422
1 0.79460947669071658 0.39634147618610882 -0.72942393742166001 -0.6840619266676683 
1 0.25238013023840722 -1.0346103702301299 0.32984374363242969 0.94403554212039287 
8 0 1.8609821928815513
1 -0.59588247000902328 -0.91192076206643335 0.32984374363242969 0.94403554212039287 
1 -0.82407031166196276 0.34757373019125382 -0.0090698412385422714 -0.99995886814403911 
8 0 0.75250526169807685
1 0.27806620645974078 0.35549488119573536 -0.0090698412385422714 -0.99995886814403911 
1 0.41575800010615183 -1.9671701061798341 0.40461660137246835 0.91448641646215456 
8 0 3.241340062546481
1 -0.85245623713790075 -1.3781635329908792 0.40461660137246835 0.91448641646215456 
1 -0.046145496556626142 0.94088391160160256 -0.80298759921631624 -0.59599573446864251 
8 0 2.2484780608842412
1 1.7579266527421709 -0.18153072035347506 -0.80298759921631624 -0.59599573446864251 
1 -1.221959470206734 0.88923679130350308 0 -1 
8 0 2.8151666666666681
1 0.60321024495784314 1.4388970827504419 -0 -1 
1 1.0820135548931873 -0.77536144510680849 -0.61587683694768447 0.78784244726424546 
8 0 2.646362447093912
1 -0.11463602051837141 -0.80003384779009945 -0.61587683694768447 0.78784244726424546 
1 -0.54781977844014484 1.3095552215598563 0 -1 
8 0 2.0849166666666719
1 0.57050050714725664 1.3469446540094481 -0 -1 
1 -0.54781977844014484 -0.77536144510681559 1 4.3596036553436998e-15 
8 0 1.6298333333333321
1 -0.57891094099359286 0.56086927432693301 1 4.3596036553436998e-15 
1 -0.11463602051837185 -0.80003384779009945 1 0 
8 0 2.0955000000000013
1 -1.1779240024419586 0.74954090810952234 1 -0 
1 -0.48459095641293004 -1.2266124200772861 0.662264930996177 0.74926975194026679 
8 0 2.5001009251329549
1 -1.1746352083678762 -0.12748230740377786 0.662264930996177 0.74926975194026679 
1 1.1711382102537247 0.64663757992271442 -1 0 
8 0 1.9732291666666484
1 1.3223130261994172 -1.0507182238005779 -1 -0 
1 0.35160430899878037 0.81049728102523488 -0.97157678022730931 -0.2367246504340744 
8 0 1.4545892461747636
1 0.99679348404277945 -0.13600410644076355 -0.97157678022730931 -0.2367246504340744 
1 -1.1746352083678762 -0.12748230740377764 0.72413099720954843 -0.68966245285668926 
8 0 2.2865050288511837
1 -0.17524043332118411 1.0414658079438548 0.72413099720954843 -0.68966245285668926 
1 0.48109395829877855 -1.7043989740704397 0 1 
8 0 3.4501666666666626
1 -1.4317422310409516 -2.3247476875447735 -0 1 
1 0.4674099219372323 0.76878271274668641 -0.99995886814403923 0.0090698412385234288 
8 0 0.75250526169807319
1 0.36505951169372963 -0.39120042012944367 -0.99995886814403923 0.0090698412385234288 
1 -0.57891094099359286 0.56086927432693301 -3.3437305212239803e-15 -1 
8 0 1.5937500000000098
1 0.59618579460462584 0.59175773055146674 -3.3437305212239803e-15 -1 
1 1.1091087651770515 0.30321169518939772 -0.95973740700827137 0.28089875327071101 
8 0 2.0025008778087914
1 0.73790490973349798 -0.93030574534186361 -0.95973740700827137 0.28089875327071101 
1 -22.673767070545793 0.12366281843305826 -1 0 
8 0 1.9473333333333347
1 0.97293406623176182 -0.25451997663072712 -1 -0 
1 -21.628559585949752 0.12346469702710028 -1 0 
8 0 2.0188750000000191
1 1.0255272887924463 -0.25300223768000507 -1 -0 
1 2.750930570187478 -0.09570360357177754 -0.98940394965941814 0.145188926569293 
8 0 2.6241670697810418
1 1.2666019217081654 -0.55180326235401278 -0.98940394965941814 0.145188926569293 
1 2.7403924341481911 -0.095706902120877402 -0.98940394965941814 0.145188926569293 
8 0 2.6241670697810418
1 1.2664926419293785 -0.58463708858083829 -0.98940394965941814 0.145188926569293 
1 2.7295469909715919 -0.095711518540668283 -0.98887493869233933 0.14874930462433128 
8 0 2.5613565116302088
1 1.2549634231335887 -0.51705073847987615 -0.98887493869233933 0.14874930462433128 
1 2.7189042997486226 -0.095715364061350616 -0.98868982393366378 0.14997477137845863 
8 0 2.5404272765220615
1 1.2214168056287491 -0.5223042170248573 -0.98868982393366378 0.14997477137845863 
1 0.020596691574560566 0.83141229272385431 -0.80305926738579114 -0.59589916350486383 
8 0 1.6323508561877276
1 0.89527713413367849 0.03628735960492202 -0.80305926738579114 -0.59589916350486383 
1 1.2214168056287491 -0.5223042170248573 -0.66359683635742339 0.74809039478957307 
8 0 1.8095627469317963
1 0.37621802163764095 -1.0129754485883844 -0.66359683635742339 0.74809039478957307 
1 -1.1283940593636217 1.1183805158046181 0 -1 
8 0 1.8533971723619409
1 0.44900275210428475 0.8292116033602821 -0 -1 
1 0.0048976739284949389 0.631089337138101 -0.74169448546991279 -0.67073786997866858 
8 0 1.3203508455501298
1 0.6978866694893231 -0.17580426331005872 -0.74169448546991279 -0.67073786997866858 
1 0.6978866694893231 -0.17580426331005872 -0.60472239214467016 0.79643633043629281 
8 0 1.619415708350018
1 0.37930931826092962 -0.71249748068440755 -0.60472239214467016 0.79643633043629281 
1 0.37930931826092973 -0.71249748068440755 8.9851363781292193e-15 1 
8 0 0.79079794213211607
1 -0.76713621136032373 -0.55258887895194797 8.9851363781292193e-15 1 
1 0.37930931826093683 0.078300461447708525 -0.89101136461246366 0.45398099974716505 
8 0 1.099084680537179
1 0.35666503853035536 -0.42787411103777817 -0.89101136461246366 0.45398099974716505 
1 1.5901878036256534 -0.092603569580290701 -0.64150984012277157 0.76711480563580325 
8 0 1.5463095021546538
1 0.38079478210884332 -0.67118853118529231 -0.64150984012277157 0.76711480563580325 
1 2.5616558572099386 0.0041381884392576174 -0.98940394965941814 0.14518892656929319 
8 0 2.6241670697810382
1 1.2574370490658708 -0.58619746201257605 -0.98940394965941814 0.14518892656929319 
1 -0.89346623039848794 1.2784148023579316 -9.3940710005022226e-15 -1 
8 0 2.2691208179779991
1 0.33444873596879354 1.1716921485725216 -9.3940710005022226e-15 -1 
1 0.94034936505450872 -1.156533351303404 0 1 
8 0 1.8533971723619451
1 -0.44496516438410083 -0.9788761515268718 -0 1 
1 -1.1283940593636217 1.1183805158046181 0 -1 
8 0 1.8533971723619409
1 0.40429600286125833 0.81449110729610785 -0 -1 
1 1.1283940593636288 -1.1183805158046194 0 1 
8 0 1.8533971723619451
1 -0.35216785103143877 -0.935250865077079 -0 1 
1 2.7084700736859091 -0.09571823095769938 -0.98887493869233933 0.1487493046243317 
8 0 2.5613565116302017
1 1.2435304516892778 -0.58510941561491614 -0.98887493869233933 0.1487493046243317 
1 -0.055331329031584886 0.95610709413378836 -0.72855194435968929 -0.68499055786902374 
8 0 1.6937700767118482
1 0.84743570395148637 0.18636057795138861 -0.72855194435968929 -0.68499055786902374 
1 1.2435304516892778 -0.58510941561491614 -0.64442460928375433 0.76466785139005322 
8 0 2.0155372125910622
1 0.41817192043194851 -1.0640360694254971 -0.64442460928375433 0.76466785139005322 
1 0.84743570395148637 0.18636057795138861 -0.8718603984078287 0.48975447490364216 
8 0 1.4153636120417654
1 0.37447261808819121 -1.0103073964873821 -0.8718603984078287 0.48975447490364216 
1 -0.38656377873519077 0.87954124056462568 0 -1 
8 0 1.8533971723619451
1 1.1087845781259276 0.73606895559767338 -0 -1 
1 -1.1087845781259311 1.1173282167642697 0 -1 
8 0 1.8533971723619409
1 0.3851277865884839 0.7965294205307778 -0 -1 
1 -0.35410568712313051 0.70696546020652551 -0.11271583636713138 -0.99362726423546677 
8 0 1.1279815112322049
1 1.0134864615982053 0.3319354382648787 -0.11271583636713138 -0.99362726423546677 
1 -0.48124706656832927 -0.41382772290731762 0.99728212558236318 0.073677418480316018 
8 0 1.2384803871723955
1 -0.99934982934794903 -0.05714393560361386 0.99728212558236318 0.073677418480316018 
1 0.58182175388822088 -0.74899582400927578 -0.0047846342276368871 0.99998855357214356 
8 0 0.82593697859876958
1 -0.45102978360510804 0.14611047294142065 -0.0047846342276368871 0.99998855357214356 
1 -0.0052070170986269204 0.92729336606806001 -0.71193489689827016 -0.70224547173936935 
8 0 1.8645279093846019
1 0.7524798417643197 0.40154703415673865 -0.71193489689827016 -0.70224547173936935 
1 0.008254261036825028 0.85160376209355348 -0.3298437436324263 -0.94403554212039409 
8 0 1.8609821928815491
1 0.85967406413920611 0.72281480738221071 -0.3298437436324263 -0.94403554212039409 
1 -0.39665163211537191 0.48896064736995726 -0.6103040545343571 -0.79216725570988145 
8 0 0.85503828699201923
1 0.45827105450782579 -0.083612683971093449 -0.6103040545343571 -0.79216725570988145 
1 -0.48643833156123861 1.500710519521455 0 -1 
8 0 2.0531666666666606
1 0.20558872786300242 1.0453863327377206 -0 -1 
1 -0.0012040677419520307 -1.4538325669227916 0.77794118020372249 0.62833710708762014 
8 0 2.1222684208176981
1 -1.6739245540215393 0.34457208725434185 0.77794118020372249 0.62833710708762014 
1 -0.06602243099624161 0.92722734003890395 -0.69237257527729457 -0.72154017005561588 
8 0 1.8146685876076525
1 0.7084155953948752 0.40702405625535931 -0.69237257527729457 -0.72154017005561588 
1 0.7084155953948752 0.40702405625535931 -0.82063239079717976 0.57145645431170444 
8 0 0.78304663226752858
1 0.21175783359510092 -0.39448500026661654 -0.82063239079717976 0.57145645431170444 
1 0.06582216545149322 0.85450110829168224 -0.32984374363242969 -0.94403554212039287 
8 0 1.8609821928815513
1 0.91352512916367345 0.71824650506706078 -0.32984374363242969 -0.94403554212039287 
1 -0.87937352213527475 0.34720836227916152 -0.0090698412385328293 -0.99995886814403923 
8 0 0.75250526169807674
1 0.26543808906200184 0.35596218581124006 -0.0090698412385328293 -0.99995886814403923 
1 0.64065956184552419 -0.87879040509471196 0.042890134018317976 0.99907979481315246 
8 0 2.1716356449586782
1 -0.25752428456051035 -0.98994038724225364 0.042890134018317976 0.99907979481315246 
1 -1.2225144464821796 0.59196998969205339 0.34325388619327873 -0.93924265747101354 
8 0 1.9852591042566332
1 -0.16030729936777988 1.1819583162587151 0.34325388619327873 -0.93924265747101354 
1 -0.11304987312985304 -0.19447062406065374 0.089492706113319637 -0.99598747760828554 
8 0 1.6852238594029485
1 0.28462934160951647 0.88505736824664205 0.089492706113319637 -0.99598747760828554 
1 0.03776537045484929 1.8735675150073057 -0.072733569298321574 -0.99735140642459941 
8 0 2.0735300775096515
1 0.087955226368279682 1.0332160916663495 -0.072733569298321574 -0.99735140642459941 
1 -0.78256010867220027 -0.12251243049433924 0.8759152654301392 -0.48246497052786003 
8 0 1.3905508237355455
1 -0.44810777725375317 0.55559469560371877 0.8759152654301392 -0.48246497052786003 
1 -0.50496100022247958 -1.2795951641202654 0.99994322190122031 0.010656123770257696 
8 0 0.76425767955360657
1 -0.51935620251536829 0.37498386398366268 0.99994322190122031 0.010656123770257696 
1 -0.023386353226932499 1.0711835896873829 -0.56165128118781604 -0.82737406192125995 
8 0 2.3795162195782731
1 1.7716233856235846 0.75734183979237102 -0.56165128118781604 -0.82737406192125995 
1 -1.3598446865602583 -0.89756641031261353 0.94819527705224871 0.31768808063226023 
8 0 3.0458254918840888
1 -1.4704803331064658 0.063798351895471006 0.94819527705224871 0.31768808063226023 
1 1.5281926595695765 0.070056044144852336 -0.84026979884932895 0.54216848409116181 
8 0 1.8465247887300624
1 0.41112463189573156 -1.0864564474496847 -0.84026979884932895 0.54216848409116181 
1 0.66865506976255062 1.0876531911354803 -0.83906594138560719 -0.54402972897322899 
8 0 2.1560992544588595
1 1.2431594460120299 0.087568323248074842 -0.83906594138560719 -0.54402972897322899 
1 0.06189198331206569 2.7337308670953817 -0.11763091355795544 -0.99305738413020272 
8 0 2.1893091711808985
1 0.66865506976255062 1.0876531911354808 -0.11763091355795544 -0.99305738413020272 
1 0.53605815451648908 -0.62768952706883052 -0.087802443494647858 0.99613790757925147 
8 0 1.4030312620520027
1 -0.32028369131008816 -0.79479680596100066 -0.087802443494647858 0.99613790757925147 
1 -0.4010145115576762 1.1172901128327233 6.5310862995601541e-15 -1 
8 0 2.1758791820219945
1 0.2730424954280295 1.0873786571275286 6.5310862995601541e-15 -1 
1 0.03615446868076333 -1.5372518202129068 0.29137774811797662 0.95660807434481598 
8 0 3.1681382877124356
1 -0.7461104827360856 -1.1692974634450408 0.29137774811797662 0.95660807434481598 
1 -2.1024802317624207 -0.62664014033010051 1 0 
8 0 3.429000000000002
1 -1.6325407464567192 0.52841889066904635 1 -0 
1 1.4500236284823416 -1.6935102951282115 0 1 
8 0 3.3866666666666649
1 -0.94889050111699902 -1.758056302518245 -0 1 
1 -0.86587426094714459 1.5122507390528561 0 -1 
8 0 2.3283333333333402
1 1.6340402821617488 0.065979496097019918 -0 -1 
1 -0.44835472107201468 -1.1197278065030147 1 2.7291827761094794e-15 
8 0 2.6034999999999897
1 -1.4249211422207821 0.56483351149726957 1 2.7291827761094794e-15 
1 -1.6699797210720106 1.8444336518303395 0.38103993094387939 -0.92455858171685568 
8 0 3.2060288195357676
1 -0.42465273064360787 1.5764775866949972 0.38103993094387939 -0.92455858171685568 
1 0.47845648247830752 -1.5100593299847187 0.56165128118781849 0.82737406192125829 
8 0 2.3795162195782757
1 -1.3530195273753096 -0.93561446102508938 0.56165128118781849 0.82737406192125829 
1 0.92549137286417249 0.39535631606475796 -1 0 
8 0 2.4279166666666683
1 1.5620424057195237 -0.81608259428048413 -1 -0 
1 -1.3530195273753094 -0.93561446102508938 0.93392091242632325 0.35747969079765074 
8 0 3.0923789238499126
1 -1.6365889013694144 0.057992552678410192 0.93392091242632325 0.35747969079765074 
1 1.5350178187545325 0.16984820050194926 -0.87384651527175583 0.48620187962142741 
8 0 1.775573840119951
1 0.4072686370410139 -1.0940439407618285 -0.87384651527175583 0.48620187962142741 
1 -0.6443023803451382 -0.35215569707015604 0.99538465406119503 -0.095965569135368592 
8 0 1.8293070043713349
1 -0.86444817692969167 0.44017919283800122 0.99538465406119503 -0.095965569135368592 
1 -1.0305799487579037 -0.89105420844995997 0.96651991755241917 0.25659159957891242 
8 0 2.7897769627223448
1 -1.8340851609482627 -0.033107515603602811 0.96651991755241917 0.25659159957891242 
1 -0.9368299487578966 1.07769579155004 -0.047565149415453006 -0.99886813772443739 
8 0 1.9709808789026853
1 1.4202697682375884 1.3421098596698995 -0.047565149415453006 -0.99886813772443739 
1 -0.86444817692969167 0.44017919283800122 0.51452415752966074 -0.8574758838115466 
8 0 1.4324359617621296
1 0.86228983905177614 0.68272581772972352 0.51452415752966074 -0.8574758838115466 
1 -1.8340851609482627 -0.0331075156036027 0.98904442974841167 -0.14761814246101093 
8 0 3.4714293950518069
1 -1.8953605065175765 0.51617671238919449 0.98904442974841167 -0.14761814246101093 
1 -1.8953605065175765 0.51617671238919449 0.93185565441167173 -0.36282921511503879 
8 0 3.6887147666112923
1 -1.4833889828968481 1.5241864465965298 0.93185565441167173 -0.36282921511503879 
1 1.5419892062609861 -0.82219677116363421 -0.0047846342276368871 0.99998855357214356 
8 0 0.82593697859876958
1 -0.7512439037601979 -1.0070209541722033 -0.0047846342276368871 0.99998855357214356 
1 0.2730424954280295 1.0873786571275286 -0.66173071048928811 -0.74974160001652712 
8 0 1.4450742346429017
1 0.95647504029634711 0.32597447832422533 -0.66173071048928811 -0.74974160001652712 
1 0.59463050388942662 -0.4608103972773594 -0.65864462493962794 0.75245415676846195 
8 0 1.4518451434833717
1 0.27304249542804382 -1.0885005248944659 -0.65864462493962794 0.75245415676846195 
1 -0.36161949611059896 0.63163651592080772 -1.7970272756258284e-14 -1 
8 0 0.79079794213212296
1 0.76713621136033794 0.55258887895195619 -1.7970272756258284e-14 -1 
1 -0.36161949611061317 -0.15916142621131524 0.95367561120687816 -0.3008368803673972 
8 0 1.0026994386381589
1 -0.34627215191837735 0.36637294396088826 0.95367561120687816 -0.3008368803673972 
1 0.4072686370410139 -1.0940439407618285 0.10839115488294319 0.99410832284170214 
8 0 2.2847085697621123
1 -0.51615204935006886 0.071648831215137321 0.10839115488294319 0.99410832284170214 
1 0.65491083748848666 1.177203863706449 -0.78753170407352213 -0.61627413955078025 
8 0 2.2846333727740449
1 1.255295305188824 0.17876456551505804 -0.78753170407352213 -0.61627413955078025 
1 1.6774807628608386 -0.84202262892251944 -0.3630626711814699 0.93176472180190206 
8 0 2.4856482464605656
1 0.30150740910225704 -1.3178826176900835 -0.3630626711814699 0.93176472180190206 
1 -0.62017989336611379 -0.82055977842612648 0.92395337572946534 0.38250511039478358 
8 0 1.9882625887275436
1 -1.2940882385833421 1.0771864548359922 0.92395337572946534 0.38250511039478358 
1 -0.028714997591023916 -0.51935442248318964 0.99998341287875125 0.0057596846584709992 
8 0 0.7635951426524884
1 -0.59254151114761555 0.8840422211091159 0.99998341287875125 0.0057596846584709992 
1 -0.6012602827843665 -1.3133130355316283 0.78998668701507735 0.61312399589230104 
8 0 1.7951779314473408
1 -0.95132102282538966 0.064804553695378075 0.78998668701507735 0.61312399589230104 
1 -0.72120279108889918 0.85243777066273196 0.060274578080663485 -0.99818183475617206 
8 0 1.6760448756288227
1 0.19204909496843925 0.68995016433168743 0.060274578080663485 -0.99818183475617206 
1 -0.57153338183883307 0.68555209710328313 0.46006789524120179 -0.8878837377541785 
8 0 1.8792995196432198
1 -0.047698990647759842 1.4559531129954948 0.46006789524120179 -0.8878837377541785 
1 -0.047698990647759842 1.4559531129954948 -0.19601673465720365 -0.98060055054763628 
8 0 2.8240511867758693
1 1.1698968502564995 1.0842988980245032 -0.19601673465720365 -0.98060055054763628 
1 0.072786863151549142 2.7340506080279923 -0.12082885245831355 -0.99267335433847881 
8 0 2.1860033740530014
1 0.67341086795984495 1.0836100896748917 -0.12082885245831355 -0.99267335433847881 
1 -0.69492538240217527 1.0000452713419001 0.061727143578298865 -0.99809306166592704 
8 0 2.0894434810072715
1 0.17104096565965676 0.88844028833753441 0.061727143578298865 -0.99809306166592704 
1 -0.59254151114761555 0.8840422211091159 0.39417096445653993 -0.91903713242686835 
8 0 2.2643927002303577
1 0.83608165573826199 1.6357411468654099 0.39417096445653993 -0.91903713242686835 
1 -0.4952002735332357 -0.8612673545801357 0.99996182318280147 0.0087379732734615741 
8 0 2.1469986322409711
1 -1.3262972390780448 0.46448372402061722 0.99996182318280147 0.0087379732734615741 
1 2.0865519860923811 -0.11853298204356477 -0.83065381569815921 0.55678922265619391 
8 0 2.5846106116567942
1 0.82061942758862472 -0.97459960931271916 -0.83065381569815921 0.55678922265619391 
1 0.82061942758862472 -0.97459960931271894 -4.8739292929032503e-15 1 
8 0 1.4578437500000163
1 -0.95051221482666648 -0.4654757564933476 -4.8739292929032503e-15 1 
1 1.407080045873137 0.76181925176587484 -1 0 
8 0 2.4765000000000015
1 1.3561713169943204 -0.788238001072191 -1 -0 
1 -0.83962832319652136 -1.2862209212122444 0.92492071137934617 0.38016006847316886 
8 0 1.7392481829795174
1 -0.77540876570479633 1.8676394694363516 0.92492071137934617 0.38016006847316886 
1 0.81168127198375828 0.46818478015929799 -1 0 
8 0 2.4279166666666754
1 1.4774044518400089 -0.4654757564933476 -1 -0 
1 1.2062209282751155 1.2733802412841975 -0.9412107199026597 -0.3378200419458815 
8 0 2.8946316438205124
1 1.5674403030588664 0.28230322162630717 -0.9412107199026597 -0.3378200419458815 
1 -1.1570180302744575 0.30106363829298743 0 -1 
8 0 0.99662500000000165
1 1.8964435094490781 0.27808934278241537 -0 -1 
1 1.5674403030588664 0.28230322162630728 -0.9999762928591972 0.006885762091244114 
8 0 2.7245229239819033
1 1.36042605713547 -0.77245195968466263 -0.9999762928591972 0.006885762091244114 
1 -0.59175516253104377 1.2285781708022938 0 -1 
8 0 1.926166666666667
1 0.5274665261690501 1.2085252380240163 -0 -1 
1 1.1405962361166573 0.83597407638335142 -1 -2.0721572929719942e-15 
8 0 1.7145000000000081
1 1.1227448374689644 -0.69758849586436966 -1 -2.0721572929719942e-15 
1 1.2565525277287364 -1.6028012868904398 0 1 
8 0 2.6035000000000004
1 -0.83289243254705525 -0.94293802290888884 -0 1 
1 -0.57390376388335085 0.83597407638334786 0 -1 
8 0 2.2386406249999951
1 0.51323268905948538 0.845523416608291 -0 -1 
1 0.51323268905948538 0.845523416608291 -0.99990797212434535 0.013566402698553354 
8 0 1.5602269177021066
1 0.5274665261690501 -0.71764142864265068 -0.99990797212434535 0.013566402698553354 
1 -2.3272146063951524 -0.69475694700571111 1 0 
8 0 4.2333333333333272
1 -2.336889823884249 0.27808934278241537 1 -0 
1 -2.336889823884249 0.27808934278241537 0.97338914171591218 -0.2291584141801474 
8 0 4.349065704462979
1 -1.8632259982807975 1.0586276811928246 0.97338914171591218 -0.2291584141801474 
1 0.53179637131223956 -1.589684903746452 0.05851190876203894 0.99828671058620377 
8 0 3.0939729761832564
1 -0.3747510685323121 -1.327562559989925 0.05851190876203894 0.99828671058620377 
1 -1.2154923610716679 0.77792909415081724 0.33650543307470698 -0.94168152446100584 
8 0 2.0250725119358854
1 -0.15943630935474584 1.1907375339697597 0.33650543307470698 -0.94168152446100584 
1 -0.3747510685323121 -1.327562559989925 1 0 
8 0 1.0281701222582811
1 -0.66969475132454193 0.94331692309065929 1 -0 
1 0.65341905372596898 -1.327562559989925 -0.2645035901496845 0.96438470062414805 
8 0 3.2027385990648822
1 -0.24680379861469248 -1.6884181916612633 -0.2645035901496845 0.96438470062414805 
1 -0.24680379861469248 -1.6884181916612633 0.66505898275482789 0.74679083380630329 
8 0 2.5972315876065775
1 -1.0256035797804874 -0.76283016021488259 0.66505898275482789 0.74679083380630329 
1 1.4805083990176442 0.25117055123552134 -0.91316743032078107 0.40758464667028549 
8 0 2.819250851392725
1 -0.1800131094387396 -1.1620777874496753 -0.91316743032078107 0.40758464667028549 
1 -1.3093669809118325 0.51430413497211802 0 -1 
8 0 1.9814895833333281
1 1.0020095160588411 1.3222352756078166 -0 -1 
1 -0.82259584432473076 0.93554275500692086 -0.0090698412385140734 -0.99995886814403934 
8 0 0.75250526169806597
1 0.28147837767916428 0.34317178710218244 -0.0090698412385140734 -0.99995886814403934 
1 -0.21593042114667327 0.80422639507310478 -0.74219655083915936 -0.67018227365579808 
8 0 1.8905646982456861
1 0.79759152587971727 0.36179337672390233 -0.74219655083915936 -0.67018227365579808 
1 -0.15943630935474573 1.1907375339697595 -0.05279889778975641 -0.99860516541433275 
8 0 2.1726678067742986
1 0.74150357046747217 1.2889498099172059 -0.05279889778975641 -0.99860516541433275 
1 -0.27415077481571615 -0.97889976060448447 0.94965337194395794 0.31330252657051882 
8 0 0.83837154862924479
1 -0.5146839904184759 0.080507862711801437 0.94965337194395794 0.31330252657051882 
1 -0.5146839904184759 0.080507862711801437 0.84969953092544037 -0.52726720658987203 
8 0 0.9289604573315402
1 0.008254261036825028 0.85160376209355348 0.84969953092544037 -0.52726720658987203 
1 0.92333242792466308 0.42742055066911799 -0.99960272668619832 0.028184903787620928 
8 0 0.69365699112070189
1 0.10931812134282382 -1.1332421968287854 -0.99960272668619832 0.028184903787620928 
1 -0.47826179391505264 -1.0744686850243923 0.98920327537616726 0.14654992318340754 
8 0 1.3312947500490291
1 -0.80724525938646252 0.28405004736579453 0.98920327537616726 0.14654992318340754 
1 -2.4248633424859491 -0.13383298360349016 0.72931384657855747 -0.68417929900632657 
8 0 1.2684296858933617
1 0.69437548409617733 0.72107597499523557 0.72931384657855747 -0.68417929900632657 
1 -0.83289243254705525 -0.94293802290888884 0.99996104878321945 0.008826149577471817 
8 0 2.3981767452356211
1 -0.99054508807081731 0.31191892689646572 0.99996104878321945 0.008826149577471817 
1 -0.99054508807081731 0.31191892689646572 0 -1 
8 0 1.0583333333333353
1 0.80620950839689698 0.72837382493642622 -0 -1 
1 -0.8938243466476834 -0.605624288893023 1 0 
8 0 1.9130416666666861
1 -0.95656662637033918 0.3259744783242251 1 -0 
1 0.9300248083904421 -0.3285240028671943 -0.66194133242136355 0.74955564999019908 
8 0 1.4454327291615958
1 0.00022504029633541034 -0.75745779049960227 -0.66194133242136355 0.74955564999019908 
1 -0.75772864199879564 -0.73996898027111024 0.93852563121453936 0.34520955889626026 
8 0 1.8310077308393433
1 -1.0403043685089486 -0.083756777136381633 0.93852563121453936 0.34520955889626026 
1 -0.14725392922024838 0.92165753617606061 -0.34485792750536021 -0.93865489389695711 
8 0 1.7702209057353293
1 1.0176985798308706 1.1887683723947449 -0.34485792750536021 -0.93865489389695711 
1 0.9250071045443633 0.20765638344981063 -0.97619757441529598 0.21688313836186696 
8 0 1.7315799219541879
1 0.6500597512089572 -0.45930726493420254 -0.97619757441529598 0.21688313836186696 
1 0.65005975120895698 -0.45930726493420249 0.027860041626205447 0.99961183370375639 
8 0 1.0080231395051025
1 -0.28753014398155585 -0.37141628166225615 0.027860041626205447 0.99961183370375639 
1 0.62855508110034464 -0.51095217641245139 -0.39086999504021525 0.9204458957360081 
8 0 1.5517254180087925
1 -0.15883410873266957 -0.84507242106780311 -0.39086999504021525 0.9204458957360081 
1 0.022032174659472048 0.91732711590298299 -0.42893368211492061 -0.90333598198418741 
8 0 1.5658049699589833
1 0.79344862480282075 0.57398187812073731 -0.42893368211492061 -0.90333598198418741 
1 -0.64959431657887734 -0.49712085423063623 0.99994145416291424 -0.010820732256019941 
8 0 1.2782242323868904
1 -0.78549349994133877 0.27630580383140613 0.99994145416291424 -0.010820732256019941 
1 0.46092030364848569 -1.5141812845761855 -0.083810602835978465 0.99648170221648824 
8 0 3.3874686111039831
1 -0.10414038387958158 -1.5097515800819385 -0.083810602835978465 0.99648170221648824 
1 -0.7461104827360856 -1.1692974634450408 0.9615201847405318 -0.27473429770695501 
8 0 1.2553358791009583
1 -0.44347326441763357 0.60281581968775788 0.9615201847405318 -0.27473429770695501 
1 -1.4833889828968481 1.5241864465965298 0.31106207853298629 -0.95038959553371505 
8 0 3.5500540962812011
1 -0.38804617026416111 1.8657989077158823 0.31106207853298629 -0.95038959553371505 
1 -0.37910177680307555 -1.8497480300909688 0.75351525686303311 0.65743042040556443 
8 0 3.0962379134797957
1 -1.3153639268539195 -0.84679262073992501 0.75351525686303311 0.65743042040556443 
1 -1.3153639268539195 -0.84679262073992501 0.9772400449964368 0.21213649958308012 
8 0 1.7627069241851665
1 -0.92913916910342209 0.20004740143323829 0.9772400449964368 0.21213649958308012 
1 -0.10414038387958158 -1.5097515800819385 0.99999805989250456 0.0019698251767566932 
8 0 0.82038301134042246
1 -0.57476368901227914 1.2727854949388111 0.99999805989250456 0.0019698251767566932 
1 -0.80732532399753154 1.5179026190635589 -0.0090086434355679413 -0.99995942134841198 
8 0 2.349595343410809
1 0.97454543872039068 0.80852627965081725 -0.0090086434355679413 -0.99995942134841198 
1 -0.82849199066419033 -0.83159738093643654 1 0 
8 0 2.3283333333333402
1 -1.5797994762592324 0.42344816771044336 1 -0 
1 0.91658020103862725 -2.0154748959270172 0 1 
8 0 3.873500000000007
1 -0.92501663056698646 -2.0834185136933456 -0 1 
1 -0.76709823116486575 2.0615730187632302 -0.053872282884246885 -0.99854783417562909 
8 0 3.9349696379916814
1 0.39046061754478245 2.1761287565193825 -0.053872282884246885 -0.99854783417562909 
1 0.97454543872039068 0.8085262796508168 -1 0 
8 0 2.6669999999999874
1 -0.10054341216088147 -0.15946351471800213 -1 -0 
1 -0.1800131094387396 -1.1620777874496753 0.82065732044741602 0.57142065275597731 
8 0 3.4819649186119754
1 -1.6182828709434531 -0.10650887638037454 0.82065732044741602 0.57142065275597731 
1 2.6774868905612692 0.82758887921699298 -0.9882373652106341 -0.15292779342403323 
8 0 5.4966025841759238
1 4.1060912474778064 0.31667034174326147 -0.9882373652106341 -0.15292779342403323 
1 -3.4426540989027412 0.16610190420469806 0.97976478686809343 -0.20015234800850953 
8 0 3.8070999794996352
1 -1.844756632048469 0.47869605678844351 0.97976478686809343 -0.20015234800850953 
1 -1.2175849982136953 0.59248559216190344 0.34325388619327873 -0.93924265747101354 
8 0 1.9852591042566332
1 -0.16843616952993301 1.177426503414182 0.34325388619327873 -0.93924265747101354 
1 0.72921098018498753 -0.86669162026341695 -0.014760937215017686 0.99989105143137191 
8 0 2.1698736992078764
1 -0.16645283410190359 -1.0096709101221641 -0.014760937215017686 0.99989105143137191 
1 -0.68278952322538089 1.0912415136088764 0.059736852232537545 -0.99821415962976001 
8 0 2.324588758538344
1 0.16264379393203399 1.0025547963990573 0.059736852232537545 -0.99821415962976001 
1 0.16264379393203399 1.0025547963990569 -0.99998341287875114 -0.0057596846584801967 
8 0 0.76359514265250272
1 0.69707442980456591 -0.5795797927117583 -0.99998341287875114 -0.0057596846584801967 
1 1.4212399660031849 1.0316697309359935 -0.94867042137787538 -0.31626639341340773 
8 0 3.0442999813730558
1 1.5279399216563267 0.066570563741779165 -0.94867042137787538 -0.31626639341340773 
1 0.81616889086629385 0.47132071730102609 -1 0 
8 0 2.4279166666666754
1 1.584648187553384 -0.95222681244662866 -1 -0 
1 -0.99993909332142294 1.4110991387391216 0 -1 
8 0 2.8151666666666628
1 1.5162277237588384 1.2044588837291066 -0 -1 
1 -0.84326847911329139 1.6936065208867017 0 -1 
8 0 2.6458333333333304
1 1.9972510332976725 2.1400069526504097 -0 -1 
1 -0.060189527450617675 -0.57981498705173706 0.99998341287875114 0.005759684658484903 
8 0 0.76359514265249562
1 -0.58961484030425737 0.87963001287489107 0.99998341287875114 0.005759684658484903 
1 -1.2186721960287628 0.60037845520812283 0.33046139419050075 -0.94381950973142659 
8 0 1.9980586161583112
1 -0.17635760481569207 1.1697932973893543 0.33046139419050075 -0.94381950973142659 
1 -0.24699252501434898 -0.99221079116006194 0.92805689523570234 0.37243845022428701 
8 0 0.81891989814705446
1 -0.49456616905909112 0.050964928087520123 0.92805689523570234 0.37243845022428701 
1 -0.16843616952993301 1.177426503414182 -0.036183427644505349 -0.99934516537775619 
8 0 2.171058979160732
1 0.73018582386214348 1.292370931165149 -0.036183427644505349 -0.99934516537775619 
1 -0.49456616905909101 0.050964928087520178 0.85971594748398461 -0.51077244409004152 
8 0 0.87607907829389364
1 0.023619788799464914 0.8460123654198064 0.85971594748398461 -0.51077244409004152 
1 -0.044366340079008637 0.93193589474345373 -0.72217221350944227 -0.69171330335253245 
8 0 1.8929175930995432
1 0.7767989436657956 0.39853531338348347 -0.72217221350944227 -0.69171330335253245 
1 0.023619788799464914 0.8460123654198064 -0.3298437436324263 -0.94403554212039409 
8 0 1.8609821928815491
1 0.87222582735491028 0.72168836906112355 -0.3298437436324263 -0.94403554212039409 
1 -1.0452997761098928 0.50761488027655233 0 -1 
8 0 1.5916302083333349
1 1.0748486462818292 0.50541375044848635 -0 -1 
1 1.6217002238901088 0.50761488027655233 -1 0 
8 0 2.6670000000000016
1 1.0020095160588411 -0.65925430772551152 -1 -0 
1 -1.302689569335044 -0.49350751819622829 0.5295215536622816 -0.84829648367011601 
8 0 0.86021049917548154
1 -0.022721294526320435 0.72285798503923715 0.5295215536622816 -0.84829648367011601 
1 -0.022721294526320435 0.72285798503923715 -0.20125685730004156 -0.97953850224976402 
8 0 1.4281086891772075
1 0.88718564847594195 0.92122761999202751 -0.20125685730004156 -0.97953850224976402 
1 0.2100894786260028 0.88222305474521079 -0.74302110991541115 -0.66926798087169126 
8 0 0.99985943434537328
1 0.43277870547368735 -0.0068555566274390856 -0.74302110991541115 -0.66926798087169126 
1 0.2100894786260028 -0.93811027858812679 0 1 
8 0 1.8203333333333376
1 -1.1978744015259508 -1.2399589318073794 -0 1 
1 -0.53282718804069162 0.2130491499653715 0.54224703109022998 -0.84021911265683025 
8 0 1.3700705104332291
1 -0.273101912771196 0.63718734192678284 0.54224703109022998 -0.84021911265683025 
1 1.0748486462818292 0.50541375044848635 -1 0 
8 0 2.7305000000000064
1 1.6998194491901941 -0.65617534247646603 -1 -0 
1 -1.1290923810499507 -1.0137205447976463 0.97038179860713114 0.24157641634064653 
8 0 3.0206323643683346
1 -1.4512434110295875 -0.12576018515986231 0.97038179860713114 0.24157641634064653 
1 0.90579928731727222 1.1410621946257073 -0.9056375838204983 -0.42405255189866503 
8 0 2.687793340464014
1 1.5027110889746211 0.33670473968237857 -0.9056375838204983 -0.42405255189866503 
1 -1.1642889110253805 0.33670473968237857 0.20014825073556661 -0.97976562387516586 
8 0 1.1633043630291959
1 0.52546874912589914 1.0510745674473512 0.20014825073556661 -0.97976562387516586 
1 1.5027110889746211 0.33670473968237857 -1 0 
8 0 2.6670000000000016
1 1.0020095160588554 -0.65925430772551152 -1 -0 
1 -0.77640002584148249 1.1157764730210431 0 -1 
8 0 2.1801666666666648
1 0.5687784704022647 1.0030215531662421 -0 -1 
1 -1.7889050739362844 -0.34536876588657961 0.95319726016833828 -0.30234910816401178 
8 0 1.9192424727947475
1 -0.56209638239074167 1.4170351768822016 0.95319726016833828 -0.30234910816401178 
1 -1.2902881077846793 0.58430885174751879 0.38646264647932543 -0.92230505955253006 
8 0 2.0179004079069287
1 -0.19378715578307049 1.1937004845055308 0.38646264647932543 -0.92230505955253006 
1 -0.051004598203434171 -0.18123187846726374 -0.013887549490771124 -0.99990356333455555 
8 0 0.85367249426307457
1 0.48402479792800079 -0.13263353873792116 -0.013887549490771124 -0.99990356333455555 
1 0.087955226368279682 1.0332160916663495 -0.11368045573343016 -0.99351736471198115 
8 0 1.2223721630529121
1 0.50967586785313301 0.47915119071995349 -0.11368045573343016 -0.99351736471198115 
1 -0.4549815899427756 0.97203799751215025 0.0047846342276368871 -0.99998855357214356 
8 0 0.82593697859876958
1 0.49265589773788321 0.26247448164959097 0.0047846342276368871 -0.99998855357214356 
1 0.026416648729444603 -0.74308223561137665 0.47832847507255077 0.87818100066829519 
8 0 1.2762667175228344
1 -0.80481288283291263 -0.3792608169336763 0.47832847507255077 0.87818100066829519 
1 -0.13180520255656347 0.068422105511354026 -0.99859321654938327 -0.053024408167905976 
8 0 1.7208685757777866
1 0.91363480351178339 -0.28801277916831192 -0.99859321654938327 -0.053024408167905976 
1 0.63689136150799186 0.37771094750246648 -0.99994287571861395 -0.010688559284990237 
8 0 1.2940305435947796
1 0.79320450869065695 -0.26821151551379918 -0.99994287571861395 -0.010688559284990237 
1 -0.65706526152189326 0.36387962532066553 0.52536499885755117 -0.85087696994066375 
8 0 1.3009658270680855
1 0.14925854846654119 0.73269793574654252 0.52536499885755117 -0.85087696994066375 
1 1.8504137777654392 -0.022825932254010362 -0.99894214959122785 0.045984581873243627 
8 0 1.9843180920267873
1 0.99072653654886267 -0.056442654604842879 -0.99894214959122785 0.045984581873243627 
1 -0.78549349994133877 0.27630580383140613 0.83653245454810377 -0.54791737742813451 
8 0 1.532637732160063
1 -0.48889669532623992 0.57154733123874624 0.83653245454810377 -0.54791737742813451 
1 -0.48889669532623969 0.57154733123874601 -0.013887549490771124 -0.99990356333455555 
8 0 0.85367249426307457
1 0.43962395559861989 0.97447572028770746 -0.013887549490771124 -0.99990356333455555 
1 -0.2032838231026517 -1.2900095928774928 0.9999432219012202 0.010656123770262343 
8 0 0.76425767955360657
1 -0.99149244377314005 0.034805383160521508 0.9999432219012202 0.010656123770262343 
1 -0.73652038061122482 -0.31152913068087695 0.99668706345541103 -0.081332020389447438 
8 0 1.2220532788333007
1 -0.22727815731755641 0.042949407586218236 0.99668706345541103 -0.081332020389447438 
1 0.034801539984684382 1.6716563479112718 -0.099917831275909558 -0.99499569194701487 
8 0 1.3907409998521196
1 0.44207903044443242 0.59684006950223445 -0.099917831275909558 -0.99499569194701487 
1 -0.10415828458702947 0.28787504444432876 0.070700541178196283 -0.99749758569989044 
8 0 1.9654704512299892
1 -0.051443884494986519 0.98137324164347239 0.070700541178196283 -0.99749758569989044 
1 -0.051443884494986492 0.98137324164347217 -0.013887549490771124 -0.99990356333455555 
8 0 0.85367249426307457
1 0.43962395559861989 0.97447572028770724 -0.013887549490771124 -0.99990356333455555 
1 -0.063299303507974969 0.12778307270912603 0.13499536062664083 -0.99084623055713517 
8 0 1.117188345470737
1 0.33066906967049192 0.69604066806010412 0.13499536062664083 -0.99084623055713517 
1 -0.20400407285502098 0.90474325884572826 -0.59851276381023688 -0.80111327011617506 
8 0 1.5977102876008611
1 0.58732036687804623 0.57317771041190024 -0.59851276381023688 -0.80111327011617506 
1 -0.11273186501839838 0.63260707608880906 -0.70510483261108103 -0.70910307785857163 
8 0 1.2489147789955668
1 0.91824746260954093 0.25716557385073191 -0.70510483261108103 -0.70910307785857163 
1 1.0255272887924463 -0.25300223768000507 -0.78925252889240349 0.61406876295488766 
8 0 1.442198931447479
1 0.33444873596877245 -1.0974286694054776 -0.78925252889240349 0.61406876295488766 
1 0.33444873596879354 1.1716921485725216 -0.63534023707565246 -0.77223233754657916 
8 0 1.7915741635537699
1 0.68555504146593549 0.6211165887247585 -0.63534023707565246 -0.77223233754657916 
1 -0.45270411234493046 0.028403026647682239 0 -1 
8 0 0.79079794213210874
1 0.76713621136032373 0.55258887895194619 -0 -1 
1 0.68555504146593549 0.6211165887247585 -0.88695550159828873 -0.46185488866583202 
8 0 1.2833328749409971
1 0.70849074669627043 0.13064893538047573 -0.88695550159828873 -0.46185488866583202 
1 0.043241935011685939 0.95501904773613555 -0.76592398634150505 -0.64293113717313299 
8 0 1.8045735268787955
1 0.9372009849692553 0.18134035822184336 -0.76592398634150505 -0.64293113717313299 
1 1.2574370490658708 -0.58619746201257605 -0.61884182304818958 0.78551562559021915 
8 0 1.9620443687427294
1 0.3851277865884839 -1.0568677518311631 -0.61884182304818958 0.78551562559021915 
1 0.3851277865884839 0.7965294205307778 -0.96850080813647077 -0.24901041070405666 
8 0 1.2536851842080172
1 0.84011472500875328 -0.62152808549096505 -0.96850080813647077 -0.24901041070405666 
1 0.9372009849692553 0.18134035822184336 -0.89388390606103685 0.44829851938754339 
8 0 1.5462479411269074
1 0.430348749672266 -1.0022654647222415 -0.89388390606103685 0.44829851938754339 
1 0.430348749672266 -1.0022654647222415 0 1 
8 0 2.156249999999996
1 -0.37408038904543162 -0.93370874810419435 -0 1 
1 0.430348749672266 1.1539845352777545 -0.68672290790997403 -0.72691928558242924 
8 0 2.0126984747894143
1 1.1091087651770515 0.30321169518939772 -0.68672290790997403 -0.72691928558242924 
1 0.84011472500875328 -0.62152808549096505 -0.54992990914692774 0.83521080873373033 
8 0 2.2079088513983369
1 0.39381255825213679 -1.1369644847419058 -0.54992990914692774 0.83521080873373033 
1 -0.81276623482294497 0.86571169518939151 0.25746535674169041 -0.9662875297124941 
8 0 2.0962387230532107
1 0.55159269566336089 1.4331277675306877 0.25746535674169041 -0.9662875297124941 
1 0.39381255825213657 0.71643268762004197 -0.99997049228856005 -0.0076820929553684924 
8 0 1.2142309432304792
1 0.94333084034282066 -0.85405441448788633 -0.99997049228856005 -0.0076820929553684924 
1 0.39381255825213657 -1.136964484741906 0 1 
8 0 1.853397172361948
1 -1.108784578125924 -0.73606895559767471 -0 1 
1 -0.83552080824980379 0.64568447317095456 0 -1 
8 0 1.8533971723619409
1 0.37536809505114377 0.84056519736405466 -0 -1 
1 1.1283940593636288 -1.1183805158046189 0 1 
8 0 1.8533971723619451
1 -0.4155973485530069 -0.93642915014379313 -0 1 
1 0.89527713413367849 0.03628735960492202 -0.83006810427992728 0.5576620322893856 
8 0 1.5792372649035238
1 0.40145683826006007 -1.0418591000967341 -0.83006810427992728 0.5576620322893856 
1 0.40145683826006007 1.1143908999032655 -0.71669207438868099 -0.69738975509283874 
8 0 1.8290623400640031
1 1.0841540606969176 0.22431012424779073 -0.71669207438868099 -0.69738975509283874 
1 0.40145683826006007 -1.0418591000967341 0 1 
8 0 2.1562499999999996
1 -0.36514618519343855 -0.97524882090222276 -0 1 
1 -1.3777891155222548 -0.47228614323146623 0.95973740700827193 -0.28089875327070885 
8 0 2.0025008778087936
1 -0.83772093930308245 0.78681012424778096 0.95973740700827193 -0.28089875327070885 
1 0.29634117296389206 -1.1924959454842998 -0.058829845943707805 0.99826802474397613 
8 0 2.0801267536543429
1 -0.57131768965416541 -1.079453084304852 -0.058829845943707805 0.99826802474397613 
1 -0.58961484030425737 0.87963001287489107 0.39313266275275083 -0.91948176136176396 
8 0 2.253580272533461
1 0.79935402488767693 1.2069137503201759 0.39313266275275083 -0.91948176136176396 
1 0.49580426038470904 -1.6250470865119606 0.56165128118781638 0.82737406192125962 
8 0 2.3795162195782718
1 -1.3600974244735085 -0.89623921183558153 0.56165128118781638 0.82737406192125962 
1 1.5279399216563263 0.066570563741779054 -0.8390821013509866 0.54400480438357601 
8 0 1.8491384934779895
1 0.40927858880301926 -1.0863772122415334 -0.8390821013509866 0.54400480438357601 
1 0.67341086795984495 1.0836100896748917 -0.8418518411563608 -0.53970869692978407 
8 0 2.1568062254984066
1 1.2443936022991693 0.08459399318893901 -0.8418518411563608 -0.53970869692978407 
1 -1.025603579780487 -0.76283016021488237 1 0 
8 0 1.246797609961142
1 -0.34606920169048294 0.91669381135301364 1 -0 
1 0.22119403018065498 -0.76283016021488237 0.24047084378774303 0.97065636210144468 
8 0 1.9982239015027188
1 -0.49644011591308868 -0.77435644561975536 0.24047084378774303 0.97065636210144468 
1 -0.49644011591308868 -0.77435644561975536 1 0 
8 0 1.0118937124322258
1 -0.8470965163718418 0.96233476083150649 1 -0 
1 0.51545359651913714 -0.77435644561975536 -0.26422818533284431 0.96446019413748341 
8 0 2.0110614773804727
1 -0.15845855108167217 -0.77572348421395199 -0.26422818533284431 0.96446019413748341 
1 -0.15845855108167228 -0.77572348421395176 1 0 
8 0 1.1444036033459497
1 -0.48712018466312657 0.93306187255917905 1 -0 
1 0.98594505226427742 -0.77572348421395176 -0.65377255973701631 0.75669111276326584 
8 0 2.563250327883253
1 0.057499857163527457 -2.0460976192771589 -0.65377255973701631 0.75669111276326584 
1 0.39046061754478245 2.1761287565193825 -0.28800532979228988 -0.95762880596358135 
8 0 4.1031090387989879
1 1.2392171290565557 1.8831577902862939 -0.28800532979228988 -0.95762880596358135 
1 -0.79125665434824555 -1.7531266530440703 1 0 
8 0 0.96973147441421759
1 -0.97290045090555566 0.97678716677952693 1 -0 
1 0.26410235357529643 -0.85247926887196357 0 1 
8 0 1.8626666666666694
1 -0.59437945974968898 -0.78934901151822956 -0 1 
1 -0.63029704410394061 -0.4353251066159558 0.90627329151090608 -0.42269222975350301 
8 0 0.98689810905508057
1 -0.30920808653034726 0.42484263369035702 0.90627329151090608 -0.42269222975350301 
1 -0.59191824882504562 1.2446803721932476 0 -1 
8 0 2.0108333333333288
1 0.26460948971411113 0.92360812612522025 -0 -1 
1 0.56739048030830475 -1.3295868921410641 0 1 
8 0 2.3071666666666619
1 -0.76712415482669627 -1.2438829473866608 -0 1 
1 1.4348663189714088 0.58008204148121933 -1 0 
8 0 2.8363333333333216
1 1.7576409022944404 -0.65127055603888806 -1 -0 
1 -0.30920808653034726 0.42484263369035702 -0.013887549490754424 -0.99990356333455577 
8 0 0.85367249426307801
1 0.44514594913513861 0.9763607432192033 -0.013887549490754424 -0.99990356333455577 
1 -0.32106350554332153 -0.42874753524399267 0.9009662683926728 0.43388913701380255 
8 0 1.0058698627074834
1 -0.64164532697810028 0.48717211944687827 0.9009662683926728 0.43388913701380255 
1 -0.64164532697810017 0.48717211944687833 0.49887498793409435 -0.8666739562336907 
8 0 1.8165970205183655
1 0.02875955290993204 0.90392164022824417 0.49887498793409435 -0.8666739562336907 
1 -1.217584998213681 0.59248559216190344 0.34325388619327563 -0.93924265747101476 
8 0 1.9852591042566305
1 -0.19848220354042923 1.1599663844520798 0.34325388619327563 -0.93924265747101476 
1 -0.16645283410190359 -1.0096709101221641 0.90514677732223758 0.42509917843153711 
8 0 0.71747317613985973
1 -0.43083559634828106 0.05299205176970645 0.90514677732223758 0.42509917843153711 
1 0.21175783359510092 -0.39448500026661648 0.0090698412385328293 0.99995886814403923 
8 0 0.75250526169807674
1 -0.85763825494248636 -0.405082233131143 0.0090698412385328293 0.99995886814403923 
1 0.0049701575607059567 0.92969825240346893 -0.72582832322152435 -0.68787589375513836 
8 0 1.9034774923557627
1 0.78571540655747185 0.39743551923057652 -0.72582832322152435 -0.68787589375513836 
1 0.78571540655747185 0.39743551923057652 -0.86396769432227649 0.50354724025402964 
8 0 0.88864959682944467
1 0.26491442912321617 -0.39674896200068233 -0.86396769432227649 0.50354724025402964 
1 -0.4965375063191857 1.2448973913405368 0 -1 
8 0 1.5916302083333349
1 0.11394132318160644 0.97082507232107673 -0 -1 
1 -0.4965375063191857 -0.34673281699279812 0.90152886028832124 -0.4327189781685577 
8 0 1.5230504019013935
1 -0.52194361548406953 0.77599950053823019 0.90152886028832124 -0.4327189781685577 
1 -0.26705867681839379 -0.89184159434558552 0.81485114628039368 0.57967025920391024 
8 0 0.46757006078861985
1 -0.38049576080890546 0.5286772553676542 0.81485114628039368 0.57967025920391024 
1 0.20107467800676204 1.0096554175225734 -0.56968985161879049 -0.82185976477898004 
8 0 1.2775902228069613
1 0.78931856629102271 0.32659952955784277 -0.56968985161879049 -0.82185976477898004 
1 -0.273101912771196 -0.15361060020534012 0.89973827838367437 -0.43642986883482399 
8 0 0.82570307890123273
1 -0.25277710934991404 0.38610544259639923 0.89973827838367437 -0.43642986883482399 
1 -0.273101912771196 0.63718734192678284 0 -1 
8 0 0.79079794213212296
1 0.76713621136033083 0.23820906318015744 -0 -1 
1 -0.25277710934991404 0.38610544259639923 8.9851363781292224e-15 -1 
8 0 0.79079794213211585
1 0.76713621136031662 0.55258887895194775 8.9851363781292224e-15 -1 
1 -0.25277710934990694 -0.40469249953571662 0.86526119550340386 0.50132131767562038 
8 0 0.85860393431195392
1 -0.27605000600395613 0.12519376447796299 0.86526119550340386 0.50132131767562038 
1 -0.53732793880369201 -0.17584806510512863 0.66607563075833309 -0.74588420958610513 
8 0 1.1153638301117204
1 -0.28464561215886874 0.74831958485271777 0.66607563075833309 -0.74588420958610513 
1 0.20558872786300242 1.0453863327377206 -0.51972059728335762 -0.85433629254493804 
8 0 1.4294539615131854
1 0.46686666066273119 0.55563022018870356 -0.51972059728335762 -0.85433629254493804 
1 -0.27605000600395613 0.12519376447796304 -8.9851363781293029e-15 -1 
8 0 0.79079794213210874
1 0.76713621136033083 0.23820906318015034 -8.9851363781293029e-15 -1 
1 -1.4512434110295871 -0.1257601851598622 0.76509232871739097 -0.64392059179513728 
8 0 1.0392180546894658
1 -0.22761726398090332 0.87962894909911071 0.76509232871739097 -0.64392059179513728 
1 -0.81635643747657127 0.34762797043407545 -0.0090698412385422714 -0.99995886814403911 
8 0 0.75250526169807685
1 0.24846822140053604 0.35663894651285954 -0.0090698412385422714 -0.99995886814403911 
1 -1.2249811322260697 0.59171356007234266 0.34325388619327873 -0.93924265747101354 
8 0 1.9852591042566332
1 -0.1793312135543772 1.1712217084935261 0.34325388619327873 -0.93924265747101354 
1 0.79470663165523803 0.037465644671639708 -0.79313521470624315 0.60904559040590844 
8 0 1.446001213187148
1 0.34091211209829453 -1.0467380306736671 -0.79313521470624315 0.60904559040590844 
1 -0.35216785103143877 -0.935250865077079 0.76263676752351095 0.64682699450571035 
8 0 1.5038279447382144
1 -1.2778978402739583 -0.1360507384798797 0.76263676752351095 0.64682699450571035 
1 1.2549634231335887 -0.51705073847987615 -0.71538598861947278 0.69872948076271946 
8 0 1.9373971572961608
1 0.44900275210428475 -1.0241855690016588 -0.71538598861947278 0.69872948076271946 
1 0.44900275210428475 0.8292116033602821 -0.94073039232618849 -0.33915531685912814 
8 0 1.4733092414434226
1 0.95109456009743099 -0.46087062896390224 -0.94073039232618849 -0.33915531685912814 
1 -0.43489222062343202 1.1956987084228752 -3.2952706585975614e-15 -1 
8 0 2.1562500000000031
1 0.34091211209830163 1.109511969326336 -3.2952706585975614e-15 -1 
1 0.95109456009743099 -0.46087062896390218 -0.64168933871805611 0.76696466188187828 
8 0 2.1599030825254748
1 0.45572272262509017 -1.1016314537878475 -0.64168933871805611 0.76696466188187828 
1 0.34091211209830163 1.109511969326336 -0.66859814285578434 -0.74362391258605731 
8 0 1.7153420106553647
1 1.0448189164367179 0.21741727541865696 -0.66859814285578434 -0.74362391258605731 
1 -1.5051948645839204 -0.28312017863001238 0.92609235976954696 -0.37729688731352135 
8 0 2.468436302151173
1 -0.95577574220446593 0.65289092446220565 0.92609235976954696 -0.37729688731352135 
1 -0.95577574220446593 0.65289092446220565 0 -1 
8 0 0.93133333333333645
1 1.8576581809755055 0.32298186341041379 -0 -1 
1 -0.77377589175241468 0.97522538335200792 0 -1 
8 0 2.2648333333333337
1 0.5775759748818885 0.87788114266570005 -0 -1 
1 -2.1074540608685552 -0.73379616328550057 0.99938933201684299 0.034942281707532698 
8 0 4.1328571368657929
1 -2.2726751523578415 0.17857040507706223 0.99938933201684299 0.034942281707532698 
1 -0.81393579327178145 0.60278995993844031 0 -1 
8 0 1.7812500000000098
1 0.83179599125048043 0.60058765791715363 -0 -1 
1 1.389605873394899 0.60278995993844031 -1 0 
8 0 2.2035416666666805
1 1.0613072920209987 -1.0605244525098767 -1 -0 
1 0.83179599125048043 0.60058765791715363 -1 0 
8 0 2.2436666666666696
1 1.413556235418433 -0.60786043124824385 -1 -0 
1 -1.4294225521256365 -0.18750774907732648 0.68916501078289061 -0.72460443547677666 
8 0 1.8493998486934013
1 0.41152996370470873 0.96468786910003956 0.68916501078289061 -0.72460443547677666 
1 -0.087923298715134379 -0.28330394321155694 1 0 
8 0 1.9732291666666484
1 -1.335860734747218 1.1959205152527694 1 -0 
1 -1.4865863915969033 1.7947121130659696 0 -1 
8 0 2.7728333333333399
1 0.65091614046723123 1.0507182238005779 -0 -1 
1 -1.5355547506489469 0.41055246966173087 0 -1 
8 0 2.7093333333333298
1 0.65390744522590083 1.0219595285592398 -0 -1 
1 0.99997881011898215 0.042248126587447254 -0.9999432219012202 -0.010656123770262442 
8 0 0.76425767955359947
1 0.56093046335293195 -1.2818655684517974 -0.9999432219012202 -0.010656123770262442 
1 0.12424110032748104 0.074526538959505895 -0.9987666084415151 -0.049651403426623185 
8 0 2.001797639777628
1 0.99997881011898238 0.042248126587447268 -0.9987666084415151 -0.049651403426623185 
1 1.8749124608605356 -0.02486552323155522 -0.99839225998627046 0.056682406437159417 
8 0 1.7534905174015765
1 0.83274045871787905 -0.37426392518549967 -0.99839225998627046 0.056682406437159417 
1 0.24561773069690673 1.2744015060491356 -0.99999805989250456 -0.0019698251767567274 
8 0 0.82038301134040825
1 0.53285127572762292 -0.36980027055193432 -0.99999805989250456 -0.0019698251767567274 
1 0.44207903044443242 0.59684006950223445 -0.96081900424675293 -0.27717655217979426 
8 0 1.2384446206624204
1 0.7698969166126659 -0.11529736658734263 -0.96081900424675293 -0.27717655217979426 
1 -0.44810777725375317 0.55559469560371877 0.027680848067161222 -0.99961681190858465 
8 0 1.0145486351670421
1 0.24485808394021547 0.38312788840935585 0.027680848067161222 -0.99961681190858465 
1 -0.51935620251536818 0.37498386398366268 0.61871769715498459 -0.78561339807008956 
8 0 1.280548231811645
1 -0.25944657735476551 0.63621557723425681 0.61871769715498459 -0.78561339807008956 
1 -0.34627215191837024 -0.42442499817122403 0.89028410523523038 0.45540554670041644 
8 0 1.0740953302175071
1 -0.36892963312198646 0.084028739345832104 0.89028410523523038 0.45540554670041644 
1 -0.34627215191837735 0.36637294396088826 8.9851363781292635e-15 -1 
8 0 0.7907979421321123
1 0.76713621136031662 0.55258887895194997 8.9851363781292635e-15 -1 
1 -0.36892963312198646 0.084028739345832104 -8.9851363781292635e-15 -1 
8 0 0.7907979421321123
1 0.76713621136032373 0.238209063180153 -8.9851363781292635e-15 -1 
1 -0.68640949913508997 0.75826517703188845 9.7966294493402181e-15 -1 
8 0 2.1758791820219976
1 0.33671673479396524 1.103281951026382 9.7966294493402181e-15 -1 
1 0.33671673479396524 1.103281951026382 -0.69213369959764781 -0.72176931347991868 
8 0 1.6445654278537849
1 1.0322037403792503 0.3604504796231458 -0.69213369959764781 -0.72176931347991868 
1 -0.80154241901686341 -0.083714908808453004 0.75490370501158743 -0.65583564721641818 
8 0 1.5078203302676574
1 -0.43882601393999643 0.60402714291997794 0.75490370501158743 -0.65583564721641818 
1 1.0322037403792503 0.3604504796231458 -1 0 
8 0 2.0188750000000191
1 0.65626077168912822 -0.53865507457062645 -1 -0 
1 -0.98667125962076874 0.3604504796231458 0.59582107114700311 -0.80311720886632609 
8 0 1.4779870817491143
1 0.035279376392425621 0.81933193653727376 0.59582107114700311 -0.80311720886632609 
1 0.0046005119952443607 -0.82382434793389692 0.63200788560926768 0.77496195553569136 
8 0 1.5316840412047299
1 -0.93275701591083404 -0.3676649232975544 0.63200788560926768 0.77496195553569136 
1 0.02350082789048713 1.1578447709941297 -0.0047846342276368871 0.99998855357214356 
8 0 0.82593697859876958
1 -0.45102978360511337 0.14611047294142132 -0.0047846342276368871 0.99998855357214356 
1 0.28604215317944259 -0.37252667920115368 -0.18168234360402236 0.98335727282740426 
8 0 1.9837425457712725
1 -0.080881126500047473 -0.99371496210612631 -0.18168234360402236 0.98335727282740426 
1 -0.86316886665938775 -0.37033884655934024 1 0 
8 0 1.9473333333333347
1 -0.97469642903483056 0.36317251190093103 1 -0 
1 0.70059371683017169 -0.045839024989654753 -0.63639244039193621 0.77136545282505109 
8 0 1.5388255404588931
1 0.0046005119952445828 -0.82382434793389692 -0.63639244039193621 0.77136545282505109 
1 -0.27870322419991389 -1.1284713471768173 0.67082761169355443 0.74161331931777075 
8 0 1.4598339781479437
1 -0.60797220627017801 -0.45311115549702219 0.67082761169355443 0.74161331931777075 
1 -1.457919298827477 -0.31671435216894395 0.99724076960084285 -0.07423508231233146 
8 0 2.9465382099741868
1 -1.2818812360200127 0.33802145806785511 0.99724076960084285 -0.07423508231233146 
1 -0.51253077536440728 -0.76442262657211302 0.99999805989250456 0.0019698251767588499 
8 0 0.82038301134042602
1 -0.57476368901228625 1.2727854949388089 0.99999805989250456 0.0019698251767588499 
1 -0.18374547528748053 -1.9301794086596207 0.17764636670363715 0.98409438998349996 
8 0 1.9319062971115539
1 -0.42763805530464438 -0.94004745039268478 0.17764636670363715 0.98409438998349996 
1 -0.7787197989771677 -0.11395328189846055 0.65762506438897694 -0.75334538870785817 
8 0 1.1262421688130746
1 -0.084441920810899518 0.96113069856859212 0.65762506438897694 -0.75334538870785817 
1 0.37536809505114377 0.84056519736405466 -0.92300607424768966 -0.38478537771317184 
8 0 1.2985957667697907
1 0.83427946365852534 -0.47575397845124107 -0.92300607424768966 -0.38478537771317184 
1 -0.82324368566970918 0.34088453475081471 0.66291304002837814 -0.74869640132722282 
8 0 1.8080980586375892
1 0.031831890519477213 0.8315241286659576 0.66291304002837814 -0.74869640132722282 
1 0.83427946365852534 -0.47575397845124101 -0.58619763034903705 0.81016809254201927 
8 0 2.0447230058012256
1 0.38205604044795649 -1.0841194948367772 -0.58619763034903705 0.81016809254201927 
1 -0.36433231706231339 1.1808153589355221 -6.5905413171951228e-15 -1 
8 0 2.1562500000000031
1 0.4102900116672501 1.1150487315187365 -6.5905413171951228e-15 -1 
1 -0.67380088761614587 1.1587407790505253 0 -1 
8 0 1.7812500000000142
1 0.96214467590947805 0.58620717590949223 -0 -1 
1 0.96214467590947805 0.58620717590949223 -1 2.8050046316707884e-15 
8 0 2.533124999999977
1 1.2624418994001445 -0.24629816145731276 -1 2.8050046316707884e-15 
1 -0.42465273064360787 -0.49282970497166012 0.80672110771083161 -0.59093236023576234 
8 0 1.514308957982399
1 0.040816899400148543 0.64855600520938417 0.80672110771083161 -0.59093236023576234 
1 -0.42465273064360787 1.5764775866949972 0 -1 
8 0 2.0693072916666573
1 0.45904376286208048 1.5859979253424683 -0 -1 
1 -0.85245623713790053 -1.3781635329908788 0.82603685521892645 0.56361610500412984 
8 0 1.5877015555830025
1 -1.2706831005998325 -0.24629816145730565 0.82603685521892645 0.56361610500412984 
1 -0.47255653189574787 -0.98983146578243808 0.98683132800829532 0.16175268177493829 
8 0 1.2168443380063574
1 -0.81791236173769022 0.57222886805341 0.98683132800829532 0.16175268177493829 
1 -1.1474877665243852 -1.007602052833299 1 2.4865887515663909e-15 
8 0 2.8575000000000159
1 -1.5484705384346498 0.77380015352849441 1 2.4865887515663909e-15 
1 -2.2340821479095681 -1.0061651869543358 1 -2.1657385900739701e-15 
8 0 3.2808333333333266
1 -1.4938531658430065 0.6736109060785429 1 -2.1657385900739701e-15 
1 -0.70976501155004001 1.3600706963118654 0 -1 
8 0 1.7812500000000142
1 0.89516253999548923 1.3183095910936036 -0 -1 
1 -0.70976501155004001 -0.42117930368814882 0.95973740700827315 -0.28089875327070496 
8 0 2.002500877808806
1 -0.83199970591519468 0.7878482627183675 0.95973740700827315 -0.28089875327070496 
1 0.60917379700453012 -1.2624103907034954 0.052717635332990252 0.99860945865983963 
8 0 1.9538053888304412
1 -1.2471046928192777 -0.62387055075136288 0.052717635332990252 0.99860945865983963 
1 -1.2139928696621354 0.68867815096314899 0.68274857302114667 -0.73065339665096207 
8 0 2.6703339101818919
1 -0.62020060479471795 1.2580076400796454 0.68274857302114667 -0.73065339665096207 
1 -0.6808672714613877 -0.69308090158699898 1 0 
8 0 1.8838333333333352
1 -0.06180275125410617 1.162254703738693 1 -0 
1 -1.2046238249364336 -0.32995950839690913 1 0 
8 0 2.0108333333333306
1 -0.77616856732001338 0.52084055246537986 1 -0 
1 0.80620950839689698 0.72837382493642622 -0.88491822238198181 -0.46574643283262351 
8 0 2.2723380335876269
1 1.8985053612619756 -0.54518272410657254 -0.88491822238198181 -0.46574643283262351 
1 -0.77616856732001338 0.52084055246537986 0.058744091411038896 -0.99827307472669602 
8 0 1.5632777889229013
1 1.2420031466382966 0.48501046913547641 0.058744091411038896 -0.99827307472669602 
1 1.2420031466382966 0.48501046913547619 -1 0 
8 0 3.1326666666666654
1 1.8855619738473877 -0.62387055075136288 -1 -0 
1 0.24405699470720421 -1.0338551740925901 0.3298437436324263 0.94403554212039409 
8 0 1.8609821928815491
1 -0.60157378824261099 -0.91301480511090127 0.3298437436324263 0.94403554212039409 
1 0.79460947669071658 0.39634147618610882 -0.86804235584122302 0.49649014941448694 
8 0 0.9012808261433477
1 0.27124110320497152 -0.39697942856430757 -0.86804235584122302 0.49649014941448694 
1 0.27806620645974078 0.35549488119573525 -0.93276287674507508 -0.36049052104910034 
8 0 0.84606179612189569
1 0.521140603268897 -0.68268172059180898 -0.93276287674507508 -0.36049052104910034 
1 0.62726753576825445 -0.88069615947903657 0.049591047216454937 0.99876960708462459 
8 0 2.172310089518386
1 -0.26803443158586759 -0.98767897831552887 0.049591047216454937 0.99876960708462459 
1 -0.10824775050070201 -0.90190920883403436 1 -1.8026454184188736e-14 
8 0 0.39416666666666345
1 -0.2853350984848646 0.84514667234847352 1 -1.8026454184188736e-14 
1 -0.10824775050070201 1.0795803744992938 0 -1 
8 0 1.9814895833333281
1 1.0979726565478778 0.64938411488120806 -0 -1 
1 -0.63171285158229296 -1.3444528192899554 1 4.0937741641642022e-15 
8 0 1.7356666666666669
1 -0.85407998079761427 0.32080848316396526 1 4.0937741641642022e-15 
1 -0.85407998079761427 0.32080848316396526 0.60226675965289178 -0.79829490178580376 
8 0 1.3153034018520624
1 -0.22185692929341994 1.0102026289185739 0.60226675965289178 -0.79829490178580376 
1 -0.22185692929341982 1.0102026289185737 0 -1 
8 0 2.0108333333333341
1 0.91186579024132186 1.2134111410723953 -0 -1 
1 -1.2276054426141663 0.59144188941622033 0.34325388619327873 -0.93924265747101354 
8 0 1.9852591042566332
1 -0.15297808436637794 1.1859718971289404 0.34325388619327873 -0.93924265747101354 
1 0.60106567218449314 -0.88424983179340799 0.069904294877855627 0.997553702593314 
8 0 2.1749578884163281
1 -0.29983163395116463 -0.98086746618502474 0.069904294877855627 0.997553702593314 
1 -1.2902881077846757 0.58430885174752589 0.38646264647932388 -0.92230505955253062 
8 0 2.0179004079069274
1 -0.18036813221037917 1.200821831308172 0.38646264647932388 -0.92230505955253062 
1 -1.0509631616003432 -0.1062161583811907 0.96192754363025468 -0.27330459345840613 
8 0 2.0645812092120068
1 -0.49254153031945713 1.2585555029781776 0.96192754363025468 -0.27330459345840613 
1 0.39340231322720598 1.2670186213491021 -0.9999432219012202 -0.010656123770266993 
8 0 0.76425767955360668
1 0.53220854548660423 -1.2918579754404682 -0.9999432219012202 -0.010656123770266993 
1 0.7524798417643197 0.40154703415673865 -0.84720559443650678 0.53126516990622041 
8 0 0.84228569344252735
1 0.24164311814576678 -0.39583536324718344 -0.84720559443650678 0.53126516990622041 
1 -0.86345685044726395 0.33863531407978442 -0.0090698412385423147 -0.99995886814403911 
8 0 0.7525052616980733
1 0.23449102409546896 0.35170655063960521 -0.0090698412385423147 -0.99995886814403911 
1 0.24846822140053604 0.35663894651285943 -0.92087245199776757 -0.38986398545084833 
8 0 0.78231708776847786
1 0.50211668908229967 -0.6934183283569979 -0.92087245199776757 -0.38986398545084833 
1 0.69314730895679588 -0.86520781252938406 0.017956950416047848 0.99983876096686486 
8 0 2.1699871812092577
1 -0.21829756577081127 -0.99841558608071779 0.017956950416047848 0.99983876096686486 
1 0.27516686811529922 -1.0365899622320995 0.3298437436324263 0.94403554212039409 
8 0 1.8609821928815491
1 -0.56293643324863052 -0.9014997280127377 0.3298437436324263 0.94403554212039409 
1 0.73107127177181752 0.38668988661761006 -0.82346283046454227 0.56737022026479733 
8 0 0.82599280322514046
1 0.2276659208406997 -0.40076775912043422 -0.82346283046454227 0.56737022026479733 
1 0.23449102409546896 0.3517065506396051 -0.92422822409358074 -0.38184052926428075 
8 0 0.7433223277893799
1 0.48392363115432602 -0.71601340612783559 -0.92422822409358074 -0.38184052926428075 
1 -0.17635760481569207 1.1697932973893543 -0.012313677204666102 -0.99992418380280179 
8 0 2.1698018006954465
1 0.71234112905420943 1.2970001869060397 -0.012313677204666102 -0.99992418380280179 
1 -0.83114678619454452 0.34752471200360091 -0.0090698412385328293 -0.99995886814403923 
8 0 0.75250526169807674
1 0.27173953237797832 0.35572534775936049 -0.0090698412385328293 -0.99995886814403923 
1 -1.2225144464821938 0.59196998969206049 0.34325388619328195 -0.93924265747101243 
8 0 1.9852591042566357
1 -0.16438254070927638 1.179696907331991 0.34325388619328195 -0.93924265747101243 
1 -0.25752428456051035 -0.98994038724225319 0.93046741782623699 0.36637465027451727 
8 0 0.83247369187576559
1 -0.50285011410993974 0.050728090035640605 0.93046741782623699 0.36637465027451727 
1 -0.17029256577043128 -0.88752676923185803 0.79571359390635443 0.60567307722288055 
8 0 0.77488098488598667
1 -0.4195255894315153 -0.043502769609588599 0.79571359390635443 0.60567307722288055 
1 0.44629076756289265 -0.41820221863446605 -0.40466925583721486 0.91446311756142185 
8 0 1.5236722939519654
1 0.23608757252441848 -0.86466486070162318 -0.40466925583721486 0.91446311756142185 
1 -0.52194361548406931 0.77599950053823008 0.14014737019918405 -0.99013065533102895 
8 0 1.6809686332215978
1 0.00050423919109476856 0.79971371370098154 0.14014737019918405 -0.99013065533102895 
1 -0.46561274135545716 -0.13677726314029215 0.0047846342276110379 -0.99998855357214367 
8 0 0.82593697859877657
1 0.19705774390180864 0.42582178098780332 0.0047846342276110379 -0.99998855357214367 
1 -0.66925621459684237 -1.3604618402394166 1 0 
8 0 1.6086666666666716
1 -0.81934810037564887 0.32659952955784277 1 -0 
1 -1.4169212115283045 -0.18991335783907459 0.77106090575602426 -0.63676139928131592 
8 0 2.3333651767788486
1 -0.66168374211138214 0.98079802872194932 0.77106090575602426 -0.63676139928131592 
1 -0.81934810037564887 0.32659952955784277 0.64269420779008579 -0.7661228069135354 
8 0 1.3705374523833451
1 -0.32622607109137658 0.65168317307791335 0.64269420779008579 -0.7661228069135354 
1 -0.32622607109137647 0.65168317307791312 0.10343527240167771 -0.99463618696646605 
8 0 1.0556623756093517
1 0.18477590759917817 0.65700962797277995 0.10343527240167771 -0.99463618696646605 
1 -0.21703334570602095 -0.39831682692213377 1 -9.2081706030715662e-15 
8 0 0.77164375682080077
1 -0.54003712583690344 0.7688144817506668 1 -9.2081706030715662e-15 
1 -0.66168374211138214 -0.50499884627805258 1 3.9492880171937065e-15 
8 0 1.7991666666666646
1 -0.94166221835772035 0.31912914034500517 1 3.9492880171937065e-15 
1 0.65717039262301924 0.44063174350203838 -1 -2.071838385691112e-14 
8 0 0.77164375682079722
1 0.54003712583691765 -0.76881448175065259 -1 -2.071838385691112e-14 
1 -0.52662977962613411 0.10869548717897892 0.54298627310412473 -0.83974157168767882 
8 0 1.3404209655240373
1 0.060468360065854654 0.76958425789640827 0.54298627310412473 -0.83974157168767882 
1 0.060468360065854654 0.76958425789640827 -0.6162763667102128 -0.78752996122970409 
8 0 1.4292881080418447
1 0.55872992372425045 0.43245937685839486 -0.6162763667102128 -0.78752996122970409 
1 0.55872992372425045 0.43245937685839486 -1 9.2081706030715236e-15 
8 0 0.77164375682080433
1 0.54003712583691765 -0.7688144817506597 -1 9.2081706030715236e-15 
1 0.1026815260868581 -0.40844765951209183 0.36108699242267317 0.93253213558737402 
8 0 1.1259665591456358
1 -0.39261906029428678 -0.39037812681791118 0.36108699242267317 0.93253213558737402 
1 -0.66896223073394978 -0.40844765951208828 1 -4.6040853015357405e-15 
8 0 0.77164375682080788
1 -0.23160663098388667 0.76881448175064904 1 -4.6040853015357405e-15 
1 0.791059816129561 -0.89161912516101971 0 1 
8 0 2.0531666666666606
1 -0.22243647845299819 -1.0058770133447563 -0 1 
1 -0.49728309979181518 0.55119843279460667 0.54561310833731591 -0.83803719249833564 
8 0 1.4572556072387688
1 -0.22243647845299819 1.0472896533219043 0.54561310833731591 -0.83803719249833564 
1 0.29781466171571935 0.12076197708388747 -0.87940380373915272 0.4760766219518765 
8 0 0.90413272961390923
1 0.2751207243567394 -0.40512190909216989 -0.87940380373915272 0.4760766219518765 
1 0.29781466171571225 -0.67003596504822838 8.9851363781292224e-15 1 
8 0 0.79079794213211585
1 -0.76713621136032373 -0.23820906318015034 8.9851363781292224e-15 1 
1 0.27512072435673929 -0.40512190909216983 0 1 
8 0 0.79079794213210164
1 -0.76713621136032373 -0.5525888789519442 -0 1 
1 0.27512072435673929 0.38567603303993181 -0.91081757900879157 -0.41280908149962481 
8 0 0.8729495124290525
1 0.29490397410262414 -0.14904454126330785 -0.91081757900879157 -0.41280908149962481 
1 0.81090880347901617 -0.88263026268548828 0 1 
8 0 1.8203333333333376
1 -0.22761726398090332 -0.94070438423422686 -0 1 
1 0.29490397410260982 0.64175340086881505 -0.56831151310554484 -0.82281348073040594 
8 0 1.3990527081929054
1 0.567480497526617 0.21045504431927853 -0.56831151310554484 -0.82281348073040594 
1 0.29490397410262403 -0.14904454126330791 -1.7970272756258284e-14 1 
8 0 0.79079794213212296
1 -0.76713621136031662 -0.238209063180161 -1.7970272756258284e-14 1 
1 1.0448189164367179 0.21741727541865696 -0.95973740700827259 0.28089875327070685 
8 0 2.0025008778087923
1 1.21210998844996 -0.98367930368812928 -0.95973740700827259 0.28089875327070685 
1 -0.70976501155004001 1.3600706963118565 0 -1 
8 0 1.78125
1 0.6283802150374882 0.63000521503748885 -0 -1 
1 1.6425517302613386 0.73991544799274855 -1 -2.1013685008678061e-15 
8 0 3.3813333333333304
1 1.3530911368493932 -0.56200780351605939 -1 -2.1013685008678061e-15 
1 -0.62707910543051071 -0.63766243876384099 1 -3.9963033507317088e-15 
8 0 1.7780000000000058
1 -1.1496197849625176 0.63000521503749596 1 -3.9963033507317088e-15 
1 1.1509208945694951 -0.63766243876384809 -0.70291041207656202 0.71127839317271402 
8 0 2.5294830883887145
1 -0.77481502396816615 -1.7151596779908742 -0.70291041207656202 0.71127839317271402 
1 -0.62707910543051071 1.1615042279028307 0 -1 
8 0 1.7991666666666717
1 1.4401313664328512 1.2423269669004915 -0 -1 
1 -2.1256186335671501 -0.55683969976619441 1 3.9853760682050054e-15 
8 0 3.5657500000000013
1 -1.8092430416372878 0.69418574564961411 1 3.9853760682050054e-15 
1 -0.95753527129006244 -0.9671986683169953 0.99006619126002582 0.14060205163462619 
8 0 1.39989305054136
1 -0.93026405809577306 0.55493788359892982 0.99006619126002582 0.14060205163462619 
1 -0.86869049058633152 0.49614274303184391 0 -1 
8 0 1.853397172361948
1 0.45572272262509017 0.75176571857410046 -0 -1 
1 -0.42255843601331833 0.89671389104282806 0 -1 
8 0 1.8533971723619451
1 1.1185848214943341 0.7355396196479016 -0 -1 
1 -0.42255843601331833 -0.95668328131911706 0.77961633002320052 0.62625743744977291 
8 0 1.7029203103623787
1 -1.3297593416993791 -0.17080326235401633 0.77961633002320052 0.62625743744977291 
1 1.2666019217081654 -0.55180326235401278 -0.65915276766947861 0.75200906169651072 
8 0 1.9247992922894692
1 0.40429600286125833 -1.0389060650658331 -0.65915276766947861 0.75200906169651072 
1 0.37447261808819121 -1.0103073964873821 3.2952706585975669e-15 1 
8 0 2.1562499999999996
1 -0.40579598975639541 -0.92508459162228407 3.2952706585975669e-15 1 
1 0.37447261808819832 1.1459426035126175 -0.64472892886081623 -0.76441128215770382 
8 0 1.9139818727648243
1 1.0701880340960237 0.29727235690590437 -0.64472892886081623 -0.76441128215770382 
1 0.78948949730335727 -0.61304158063668712 0 1 
8 0 1.7991666666666646
1 -1.3410537450081073 -0.56276207834143044 -0 1 
1 -1.3625730026966423 -0.61304158063669423 1 3.3016826219503398e-15 
8 0 2.1520624999999995
1 -0.80906543193747282 0.52990918193747394 1 3.3016826219503398e-15 
1 -1.3410537450081073 -0.56276207834143044 1 -6.3521663034501983e-15 
8 0 3.3557500000000005
1 -1.552638125077241 0.66863238418678961 1 -6.3521663034501983e-15 
1 -1.0109582858891315 2.0986879276094967 0 -1 
8 0 2.7466406249999942
1 0.58522566772968432 1.9922009543186832 -0 -1 
1 -1.0109582858891315 -0.64795269739049743 0.94918032173765532 -0.31473277049903986 
8 0 2.9104717372802154
1 -1.1892533509867147 0.65003831567995907 0.94918032173765532 -0.31473277049903986 
1 -0.83011043124823658 1.1913062354184278 0 -1 
8 0 1.7991666666666717
1 1.3530911368493932 1.2371588631506123 -0 -1 
1 -1.4638200559170418 1.482984911433558 0 -1 
8 0 2.8574999999999946
1 0.64708188974091918 1.7682826935924005 -0 -1 
1 0.3114122513465567 1.1106752523123973 -0.95787852968933118 -0.28717367978316755 
8 0 2.5345071684479556
1 1.6064460372594276 -0.46321745814410775 -0.95787852968933118 -0.28717367978316755 
1 -0.82130396274057027 1.5182721251892133 0 -1 
8 0 2.7093333333333369
1 0.65390744522589905 1.0219595285592433 -0 -1 
1 0.44505800206196788 -0.69460458497730215 0.36711526255896276 0.93017545871532425 
8 0 1.1137812956299491
1 -0.38741479806630968 -0.38437531687468862 0.36711526255896276 0.93017545871532425 
1 0.85394411484041832 0.34140744259383382 -0.99920264535363201 -0.039925850251483597 
8 0 1.9051029887558453
1 0.81291194869031891 -0.54808479139017052 -0.99920264535363201 -0.039925850251483597 
1 0.36505951169372963 -0.39120042012944367 -0.31292728905334694 0.9497770853025056 
8 0 1.0979809335932185
1 -0.4164516523089663 -0.48034123726664824 -0.31292728905334694 0.9497770853025056 
1 0.99679348404277945 -0.13600410644076355 -0.92924680465735487 0.36945957293605985 
8 0 1.890599273011371
1 0.99403388040084906 -1.0356759052347382 -0.92924680465735487 0.36945957293605985 
1 -1.0908265461765261 -0.63472934561699645 0.99902779617630488 0.044084719201957993 
8 0 1.9049894738509621
1 -1.0504760770591073 0.26312216789869325 0.99902779617630488 0.044084719201957993 
1 0.38079478210884332 -0.67118853118529231 8.9851363781293408e-15 1 
8 0 0.79079794213210541
1 -0.76713621136032373 -0.23820906318014878 8.9851363781293408e-15 1 
1 0.38079478210885043 0.1196094109468131 -0.92892490211712164 0.37026818149375995 
8 0 1.0678718583673954
1 0.36196299925252617 -0.39539897106605659 -0.92892490211712164 0.37026818149375995 
1 0.36196299925252617 -0.39539897106605659 0 1 
8 0 0.7907979421321123
1 -0.76713621136031662 -0.55258887895194997 -0 1 
1 0.59618579460462584 0.59175773055146674 -0.99801432699246762 -0.062987325056489976 
8 0 1.6802322251091042
1 0.57050050714725686 -0.73797201265722379 -0.99801432699246762 -0.062987325056489976 
1 -0.51681227860569656 1.022368221794582 -0.18526144468539107 -0.9826892678324527 
8 0 1.5995413068087687
1 0.9525941050224791 1.0331970010850471 -0.18526144468539107 -0.9826892678324527 
1 1.5006289688429089 0.35852588825552179 -0.97363862753211916 0.22809608277515714 
8 0 2.4039279070787654
1 1.1467556441405389 -0.64046818701773844 -0.97363862753211916 0.22809608277515714 
1 0.57050050714725664 1.3469446540094481 -0.60781974711904363 -0.79407503109727728 
8 0 2.7588702757380026
1 1.4660407377617979 0.87584972168643027 -0.60781974711904363 -0.79407503109727728 
1 0.35666503853035536 0.36292383109432702 -0.95835116206236848 -0.28559245468623318 
8 0 1.02185605840206
1 0.37132473475990757 -0.16127677544197905 -0.95835116206236848 -0.28559245468623318 
1 0.35666503853035536 -0.42787411103777817 0 1 
8 0 0.79079794213210519
1 -0.7671362113603184 -0.55258887895194508 -0 1 
1 0.37132473475990757 -0.16127677544197905 0 1 
8 0 0.7907979421321194
1 -0.7671362113603184 -0.23820906318015611 -0 1 
1 2.7400864037639749 -0.095708233693643008 -0.98887493869233933 0.1487493046243317 
8 0 2.5613565116302017
1 1.2304436712403302 -0.52219238108274335 -0.98887493869233933 0.1487493046243317 
1 0.031831890519477213 0.8315241286659576 -0.80805761808096721 -0.58910345938664599 
8 0 1.6511811198010329
1 0.90940993010966054 0.036130928924884897 -0.80805761808096721 -0.58910345938664599 
1 -0.24437418860188131 -1.0502210746683809 0.72282294784745393 0.69103327420980021 
8 0 1.8458869999355416
1 -0.9239594710194512 -0.16052060586802597 0.72282294784745393 0.69103327420980021 
1 -0.92395947101945097 -0.16052060586802597 0.83458754933401957 -0.55087532391334759 
8 0 1.5986932512369558
1 -0.42483955257702655 0.91681159153812586 0.83458754933401957 -0.55087532391334759 
1 -0.42483955257702632 0.91681159153812564 0 -1 
8 0 1.8533971723619451
1 1.1382121457569099 0.73449995929452561 -0 -1 
1 -0.83822358762405713 1.2422863879836985 0 -1 
8 0 1.853397172361948
1 0.38205604044795649 0.76927767752517084 -0 -1 
1 0.38205604044795649 0.76927767752517084 -0.98678371775921458 -0.16204287816902926 
8 0 1.2146651380128592
1 0.48407112820767395 -0.79016561253836315 -0.98678371775921458 -0.16204287816902926 
1 -0.93738583307884937 1.4664950237186574 0 -1 
8 0 1.9685000000000024
1 0.89627001267464479 1.3019383206586888 -0 -1 
1 -1.1707292448822884 -0.66108325511771326 0.94626937309210524 0.32337945752300684 
8 0 2.8855419795291519
1 -1.7527753791651293 0.55065038080914874 0.94626937309210524 0.32337945752300684 
1 -1.1707292448822884 0.27204174488228716 0 -1 
8 0 0.93312500000000043
1 1.2325934387734279 0.27040593877343255 -0 -1 
1 1.5597707551177145 0.27204174488228716 -1 0 
8 0 2.7305000000000028
1 1.0306805508098051 -0.65617534247646958 -1 -0 
1 1.3720410417421149 0.7659380273270493 -1 0 
8 0 2.7939999999999969
1 1.0594546798530899 -0.653199471519752 -1 -0 
1 1.7475042154958516 0.35217717442981922 -0.95059919607681576 0.31042095357451571 
8 0 3.0059987550937226
1 1.2325934387734279 -0.66271906122656798 -0.95059919607681576 0.31042095357451571 
1 1.2325934387734279 0.27040593877343255 -1 0 
8 0 2.8575000000000017
1 1.769172685970176 -0.65032210569648541 -1 -0 
1 -0.28674319066092835 -0.98366539744530357 0.93659618855708038 0.35041058714078527 
8 0 0.87039966518243472
1 -0.5257923535602238 0.050101363454601255 0.93659618855708038 0.35041058714078527 
1 -0.86422502357428144 0.34730453397041217 -0.0090698412385281073 -0.99995886814403923 
8 0 0.75250526169807674
1 0.29743318980173328 0.35483161056180634 -0.0090698412385281073 -0.99995886814403923 
1 -1.2276054426141627 0.59144188941622033 0.34325388619327873 -0.93924265747101354 
8 0 1.9852591042566332
1 -0.14779273637239143 1.1887698283892192 0.34325388619327873 -0.93924265747101354 
1 -0.29983163395116463 -0.98086746618502474 0.93909992358866201 0.34364419610371588 
8 0 0.88753792783879315
1 -0.5360536104137168 0.04983435283808646 0.93909992358866201 0.34364419610371588 
1 0.33998369305174592 0.35466676612859516 -0.94907197894179052 -0.3150593258221594 
8 0 0.97923633234306318
1 0.59947499976103924 -0.66029792457750247 -0.94907197894179052 -0.3150593258221594 
1 -0.58938207073678583 0.046149227440025697 0.90108925952638952 -0.43363365455898734 
8 0 1.0238060777892835
1 -0.043422998127532364 0.83286426808814085 0.90108925952638952 -0.43363365455898734 
1 0.60061140748321762 -0.88536799030692848 0.068752883216679467 0.99763372088627478 
8 0 2.1747834392033063
1 -0.32989076402749262 -0.96881546326607193 0.068752883216679467 0.99763372088627478 
1 0.18477590759917817 0.65700962797277995 -0.5335859225512104 -0.84574586209757696 
8 0 1.2415076999559844
1 0.85750444830894423 0.31912914034501227 -0.5335859225512104 -0.84574586209757696 
1 -0.47767512383626709 -0.39299037202727405 1 9.2081706030715662e-15 
8 0 0.77164375682080077
1 -0.54003712583690699 0.76881448175065259 1 9.2081706030715662e-15 
1 -0.94166221835772035 0.31912914034500517 0.73457020701950559 -0.67853268967627556 
8 0 1.5474567636542265
1 -0.48439724765367131 0.6430827185327459 0.73457020701950559 -0.67853268967627556 
1 -0.80906543193747282 0.52990918193747394 0 -1 
8 0 1.5937500000000071
1 1.0895342446150771 0.5051279946150844 -0 -1 
1 0.41817192043194851 0.78936110293644379 -0.97231015326615278 -0.23369417163367728 
8 0 1.3358512984337028
1 0.89306579096446725 -0.61290392900904767 -0.97231015326615278 -0.23369417163367728 
1 0.41817192043194851 -1.0640360694254971 0 1 
8 0 1.8533971723619409
1 -1.1087845781259311 -0.73606895559767138 -0 1 
1 0.89306579096446725 -0.61290392900904767 -0.57584423376565252 0.81755942807776893 
8 0 2.2555783396963642
1 0.42685653099388432 -1.146213195465938 -0.57584423376565252 0.81755942807776893 
1 0.42685653099388432 0.70718397689600998 -0.99997421369955708 -0.0071813603135300356 
8 0 1.2988952744246458
1 0.58802125777407355 -0.83041099852752431 -0.99997421369955708 -0.0071813603135300356 
1 -1.1185848214943341 1.1178575527140442 0 -1 
8 0 1.853397172361948
1 0.41678959054320686 0.709927787927362 -0 -1 
1 -1.1185848214943412 1.1178575527140415 0 -1 
8 0 1.8533971723619409
1 0.40809965292729444 0.79148394958594848 -0 -1 
1 1.0701880340960237 0.29727235690590437 -0.9597374070082707 0.28089875327071312 
8 0 2.0025008778087887
1 0.90199080138594923 -0.90795783973399846 -0.9597374070082707 0.28089875327071312 
1 -1.506785715221362 0.31086904855469299 0 -1 
8 0 1.0794999999999995
1 1.4954805742047057 1.5565737847355958 -0 -1 
1 -0.77803847495111889 -0.21261579142444376 0.91335719250706227 -0.40715923039471591 
8 0 1.9234898983069546
1 -0.73668694608844221 0.65882968759571281 0.91335719250706227 -0.40715923039471591 
1 -1.0681223602844359 -0.68642324709157165 0.98775456725262967 0.15601575199822101 
8 0 1.9263781834081191
1 -1.0762431935154808 0.19889305757940789 0.98775456725262967 0.15601575199822101 
1 0.41845463974202168 -0.76105611334899947 0.30801430046264872 0.95138172712665936 
8 0 1.3249093144270363
1 -0.38798405924884882 -0.48829573114973357 0.30801430046264872 0.95138172712665936 
1 0.44422175619839699 -0.69682700302972123 0.36435696705908982 0.9312593626672977 
8 0 1.1209874915789437
1 -0.38730240613767286 -0.387992477362328 0.36435696705908982 0.9312593626672977 
1 -0.38730240613767286 -0.387992477362328 0.99995886814403911 -0.0090698412385377004 
8 0 0.75250526169806442
1 -0.38852829268603817 0.69428651022309751 0.99995886814403911 -0.0090698412385377004 
1 0.36517190362235752 -0.39481758061709371 -0.31116257008246789 0.95035669881348939 
8 0 1.1056429670380004
1 -0.41535437818934534 -0.49316423599574244 -0.31116257008246789 0.95035669881348939 
1 -0.76107191297577792 -0.35157532580229223 0.93679219565194682 -0.34988624174952154 
8 0 1.8753714446891738
1 -0.75998179990550008 0.54919458825599332 0.93679219565194682 -0.34988624174952154 
1 0.36404852046874403 0.69528019900837279 -0.999958868144039 0.0090698412385471407 
8 0 0.75250526169806442
1 0.36449025051118156 -0.49512083440450638 -0.999958868144039 0.0090698412385471407 
1 0.36449025051118156 -0.49512083440450638 -0.2622318492975404 0.96500490009843587 
8 0 1.3132779066420193
1 -0.39230365198810269 -0.60848992750485209 -0.2622318492975404 0.96500490009843587 
1 -0.39230365198810269 -0.60848992750485209 0.94596970331306773 0.32425502372945075 
8 0 1.4931239703408834
1 -0.98995740851167113 0.78947894325756707 0.94596970331306773 0.32425502372945075 
1 0.99744424792683972 -0.11974236910849001 -0.93305556938708722 0.35973226771550326 
8 0 1.8828817821508497
1 0.99553079455700555 -1.0281580945183784 -0.93305556938708722 0.35973226771550326 
1 -0.4153543781893454 -0.49316423599574222 0.9667989850677855 0.2555381037573457 
8 0 1.4613157936001859
1 -0.98374893430057697 0.8077743274593665 0.9667989850677855 0.2555381037573457 
1 0.36394269274799029 0.68936369634860384 -0.99995886814403911 0.0090698412385305759 
8 0 0.75250526169806797
1 0.36519358299229421 -0.3930078431975641 -0.99995886814403911 0.0090698412385305759 
1 0.3651935829922941 -0.3930078431975641 -0.31223542094796425 0.95000475888568459 
8 0 1.1018851808185492
1 -0.41593421663629643 -0.49760157726724152 -0.31223542094796425 0.95000475888568459 
1 -0.41593421663629648 -0.49760157726724152 0.96383583680793128 0.26649667856233217 
8 0 1.4657949996371267
1 -0.98587876097856686 0.82385271074635458 0.96383583680793128 0.26649667856233217 
1 -1.2818812360200127 0.33802145806785511 -0.013887549490773206 -0.99990356333455555 
8 0 0.85367249426307457
1 0.439623955598611 0.97447572028770324 -0.013887549490773206 -0.99990356333455555 
1 -1.2937366550330029 -0.51556871086649103 0.97762184864936175 0.21036996231259936 
8 0 3.0177961501800405
1 -1.4842227134241401 0.2409960593059477 0.97762184864936175 0.21036996231259936 
1 -1.4842227134241401 0.2409960593059477 0.63334549445135024 -0.77386916507777648 
8 0 2.0105418432883977
1 -0.12661197371208055 0.91542815060178762 0.63334549445135024 -0.77386916507777648 
1 -0.42976840711459552 0.32873331543551521 0 -1 
8 0 0.79079794213211585
1 0.7671362113603184 0.55258887895194775 -0 -1 
1 0.70849074669627043 0.13064893538047562 -0.98519330068599542 0.17144725218980328 
8 0 1.1553663154411322
1 0.69943313987085354 -0.3848551792671846 -0.98519330068599542 0.17144725218980328 
1 -0.43882601393999643 0.60402714291997794 -2.0216556850790569e-14 -1 
8 0 0.79079794213212296
1 0.76713621136033083 0.23820906318015878 -2.0216556850790569e-14 -1 
1 -0.88840217235848229 0.4932198163524566 0 -1 
8 0 1.853397172361948
1 0.38290775231649832 0.76905670302858775 -0 -1 
1 0.37621802163764073 0.84042172377355673 -0.92325726641324524 -0.38418227446765679 
8 0 1.3006343494259678
1 0.83567392886074998 -0.47556815828899335 -0.92325726641324524 -0.38418227446765679 
1 0.37621802163764073 -1.0129754485883842 0 1 
8 0 1.8533971723619409
1 -1.1382121457569099 -0.73449995929452339 -0 1 
1 0.83567392886074998 -0.47556815828899346 -0.58690584999723205 0.80965518786643165 
8 0 2.046018307808402
1 0.38290775231649832 -1.0843404693333603 -0.58690584999723205 0.80965518786643165 
1 0.093407728688369218 0.93470384285948427 -0.76023752033541514 -0.64964522061988528 
8 0 2.0209131393426225
1 0.87911766240623024 0.38890749701667104 -0.76023752033541514 -0.64964522061988528 
1 -0.043422998127532253 0.83286426808814085 -0.3298437436324263 -0.94403554212039409 
8 0 1.8609821928815491
1 0.84584097428728466 0.7231722044524711 -0.3298437436324263 -0.94403554212039409 
1 0.81043299285126835 0.39440353199217881 -0.87490393686572632 0.48429650138820263 
8 0 0.92397333194367659
1 0.28259555211624143 -0.39737568858172173 -0.87490393686572632 0.48429650138820263 
1 0.049039971406394045 0.92907644267014078 -0.73569571125703292 -0.67731220307773032 
8 0 1.9331650534971159
1 0.81043299285126835 0.39440353199217881 -0.73569571125703292 -0.67731220307773032 
1 0.28259555211624132 -0.39737568858172168 0.0090698412385328293 0.99995886814403923 
8 0 0.75250526169807674
1 -0.80801284578415888 -0.40473714885375855 0.0090698412385328293 0.99995886814403923 
1 -0.39261906029428673 -0.39037812681791095 1 2.3020426507678915e-14 
8 0 0.77164375682080077
1 -0.23160663098389023 0.76881448175065614 1 2.3020426507678915e-14 
1 0.37902469652651405 -0.39037812681789319 -0.32840385215125395 0.94453740523719731 
8 0 1.1116552866811531
1 -0.11932536924327408 -0.40691728146728323 -0.32840385215125395 0.94453740523719731 
1 -0.11932536924327408 -0.40691728146728323 1 -2.3020426507678278e-14 
8 0 0.77164375682082209
1 -0.54003712583692121 0.76881448175065614 1 -2.3020426507678278e-14 
1 -0.48971410317548347 -0.84553991198709966 0.99997316447530227 0.0073260036343173619 
8 0 1.2732501157224612
1 -0.85642635684432755 0.70059995295218425 0.99997316447530227 0.0073260036343173619 
1 -1.3466302314085397 -0.39260330703710355 0.95973740700827159 -0.28089875327071012 
8 0 2.0025008778087945
1 -0.82839363495628526 0.86327839470968837 0.95973740700827159 -0.28089875327071012 
1 -0.22966395097629544 -1.1622909426770742 0.67075049320003532 0.74168306969480535 
8 0 1.9726341306251025
1 -0.91528336972015722 -0.31219956995404097 0.67075049320003532 0.74168306969480535 
1 -0.85642635684432733 0.70059995295218425 0.56816955709360573 -0.82291151066931612 
8 0 2.2409084251196028
1 -0.39612709625480846 1.2286023860016111 0.56816955709360573 -0.82291151066931612 
1 0.017282468052620459 1.2482921602660086 -0.54544269226633812 -0.83814811904176501 
8 0 1.9015135437183903
1 0.70093411407040662 0.6145242192629361 -0.54544269226633812 -0.83814811904176501 
1 -1.1228576656036502 -1.6704605040146667 0.88127023418550465 0.47261271072478139 
8 0 1.9382060882970755
1 -1.025516186259072 -0.28653589707427518 0.88127023418550465 0.47261271072478139 
1 0.58522566772968432 1.9922009543186832 -0.42265001796430157 -0.90629297818904875 
8 0 4.0413658126890342
1 1.2473117251143009 2.0280407744365072 -0.42265001796430157 -0.90629297818904875 
1 0.40786194629985317 -1.0053802325672674 0 1 
8 0 2.156249999999996
1 -0.39612709625480846 -0.92764761399838491 -0 1 
1 -0.91528336972015722 -0.31219956995404097 0.88580276574360195 -0.46406191418924431 
8 0 1.49372452558248
1 -0.42147452556248788 0.87645279890843197 0.88580276574360195 -0.46406191418924431 
1 -0.39612709625480846 -0.92764761399838491 0.97123159339909126 0.23813691856464092 
8 0 1.3109292943525097
1 -0.86511629446023997 0.47930328697272268 0.97123159339909126 0.23813691856464092 
1 -0.42147452556248766 -0.97694437345351326 0.75188228274277058 0.65929737819706247 
8 0 1.7597772236278069
1 -1.3298686214781661 -0.20363708858084184 0.75188228274277058 0.65929737819706247 
1 1.2664926419293785 -0.58463708858083829 -0.63689247512027047 0.77095264130501284 
8 0 1.9991065951079114
1 0.40809965292729444 -1.0619132227759924 -0.63689247512027047 0.77095264130501284 
1 0.84435432291048684 0.78797824269804639 -1 0 
8 0 1.7080833333333345
1 0.68256714707426269 -0.28653589707427507 -1 -0 
1 0.68256714707426269 -0.28653589707427507 0 1 
8 0 0.91602083333335571
1 -1.1892533509867143 -0.26598251765339676 -0 1 
1 -1.1892533509867143 -0.26598251765339676 1 0 
8 0 2.7625624999999872
1 -1.6730282553849101 0.5051279946150844 1 -0 
1 0.56984794323570753 -1.0313603900976309 0 1 
8 0 1.5937500000000027
1 -0.33623255259625751 -0.97922578073707367 -0 1 
1 0.56984794323570753 0.56238960990237175 -1 8.8339337226701353e-15 
8 0 1.6086666666666645
1 1.0635964501521649 -2.5114367989391884 -1 8.8339337226701353e-15 
1 0.70093411407040662 0.6145242192629361 -1 -6.8508057441115404e-15 
8 0 1.0371666666666641
1 -0.46077160821903362 -1.6346206838968431 -1 -6.8508057441115404e-15 
1 -1.0020095160588554 0.65925430772550797 0 -1 
8 0 1.9814895833333281
1 1.030680550809798 0.65617534247646958 -0 -1 
1 -1.0306805508098122 1.3253142408568621 0 -1 
8 0 1.9814895833333281
1 1.0020095160588554 1.3222352756078166 -0 -1 
1 -1.0402607038647105 1.3263174211352862 0 -1 
8 0 1.9814895833333281
1 1.0402607038647034 1.3263174211352826 -0 -1 
1 1.0402607038647176 -1.3263174211352897 0 1 
8 0 1.9814895833333281
1 -1.0786924310388812 -0.65127055603888806 -0 1 
1 1.0786924310388883 -1.3302190272944365 0 1 
8 0 1.9814895833333281
1 -1.0020095160588482 -1.3222352756078166 -0 1 
1 -0.63736843191943393 -1.1959205152527765 1 0 
8 0 1.9732291666666484
1 -1.3193217214407493 1.0219595285592433 1 -0 
1 1.0306805508098051 -0.65617534247646958 0 1 
8 0 1.9814895833333281
1 -1.0979726565478707 -0.64938411488120451 -0 1 
1 -1.0306805508098122 0.65617534247646248 0 -1 
8 0 1.9814895833333281
1 1.0883273140298186 0.65032210569648541 -0 -1 
1 -0.65390744522590261 -1.0219595285592469 1 0 
8 0 1.9732291666666484
1 -0.64708188974092096 1.0892173064075941 1 -0 
1 0.65091614046723123 1.0507182238005779 -1 0 
8 0 1.9732291666666484
1 1.3193217214407511 -1.0219595285592398 -1 -0 
1 0.65390744522590083 1.0219595285592398 -1 0 
8 0 1.9732291666666484
1 0.64708188974091918 -1.0892173064075941 -1 -0 
1 -1.0883273140298257 1.3311674776368427 0 -1 
8 0 1.9814895833333281
1 1.0594546798530899 1.3282901118135761 -0 -1 
Curves 645
1 27.106542183979982 3.2268473292798956 0 -0.28346197005887319 0.95898347823637853 0 
1 24.220736780720856 4.6992445016418429 0 0 -1 0 
1 27.106542183979982 1.3734501569179505 0 0 1 0 
1 23.745250000000006 23.430250000000008 0 0.32984374363242797 0.94403554212039342 0 
1 22.430949097121868 25.49560087202191 0 -0.009069841238542313 -0.999958868144039 0 
1 24.492848439627892 27.356720627907585 0 -0.061536368589419008 -0.99810484185822235 0 
1 11.527510773509196 14.770278937731531 0 0.36554898962580296 0.93079210148322322 0 
1 11.935937500000026 15.810250000000005 0 -0.99911716856088961 -0.042010516384242941 0 
1 11.935937500000026 24.001750000000001 0 -0.99963469881646039 -0.027027188572330128 0 
1 11.527947720310511 22.990357739940876 0 0.37410266378409046 0.92738729609028403 0 
1 11.528195071223525 26.061172688443882 0 0.3166509732676473 0.94854212406653393 0 
1 11.935937500000026 27.282583333333335 0 -0.99068755614353377 -0.13615493418290989 0 
1 12.280422030070545 22.983532636686121 0 -0.32047690697077286 0.94725632861356301 0 
1 11.527947720310511 22.990357739940876 0 0.99995886814403923 -0.009069841238523493 0 
1 12.280422030070545 22.983532636686121 0 0.95344445033516256 0.30156869884833842 0 
1 13.692770833333361 23.430250000000001 0 -0.95094983675213007 0.30934512761816274 0 
1 13.692770833333361 26.520583333333335 0 -0.94958015525008521 -0.31352436708368286 0 
1 12.280669380983554 26.05434758518912 0 -0.999958868144039 0.0090698412385329993 0 
1 12.280669380983554 26.05434758518912 0 -0.27023019618957911 0.96279574213191321 0 
1 11.935937500000026 27.282583333333335 0 0.91742115522466383 -0.39791760949503491 0 
1 32.015624999999993 5.1586666666666581 0 0 1 0 
1 33.9375 4.5961666666666652 0 -0.95973740700827193 0.28089875327070912 0 
1 33.9375 4.5961666666666652 0 -0.69609170084321048 -0.71795288425996751 0 
1 33.9375 2.4399166666666656 0 0 1 0 
1 32.609875517313313 3.2268473292798956 0 0.86023747004253237 -0.50989361158463564 0 
1 33.9375 2.4399166666666656 0 0.95243833364682462 0.30473139090034701 0 
1 33.9375 4.5961666666666652 0 0.58689336234179001 -0.80966423981743718 0 
1 35.206236780720857 2.8458473292798949 0 0 1 0 
1 35.206236780720857 4.6992445016418429 0 -0.99671591776277102 -0.080977646781793797 0 
1 31.656942725385338 15.200107208312279 0 -1 2.0718383856911022e-14 0 
1 30.885298968564538 15.200107208312295 0 0.50720734061477724 -0.86182406187486149 0 
1 31.547750000000001 14.0745 0 0.096554590580587296 0.99532769027984702 0 
1 29.748583333333336 14.0745 0 0.71057024145764702 0.70362627292819402 0 
1 31.547750000000001 14.0745 0 -1 0 0 
1 44.300924371687117 24.718439614630356 0 -0.70869820332919597 -0.70551176928380832 0 
1 46.351250000000007 25.187083333333341 0 -0.32984374363242625 -0.94403554212039398 0 
1 26.475750000000009 23.430250000000008 0 0.73998728600450225 0.67262085646498582 0 
1 27.916245030294032 24.739606281297018 0 -0.87942471299466374 0.47603799656566625 0 
1 27.089583333333341 25.187083333333341 0 -0.32984374363242625 -0.94403554212039398 0 
1 27.97058333333333 18.096166666666676 0 0.76734391854109585 0.64123576840191621 0 
1 29.748583333333336 18.096166666666669 0 0 1 0 
1 29.748583333333336 18.096166666666669 0 -1 3.9963033507317088e-15 0 
1 28.570367698102125 17.046166666666625 0 0.74656007627320875 0.66531800856052337 0 
1 27.97058333333333 18.096166666666676 0 0.49600450342450453 -0.86831994828093795 0 
1 27.798723941281331 17.046166666666622 0 1 4.6040853015358257e-15 0 
1 27.97058333333333 18.096166666666676 0 -0.16152629036113766 -0.98686840942557741 0 
1 27.02708018446053 17.046166666666643 0 1 -2.7624511809214699e-14 0 
1 27.97058333333333 18.096166666666676 0 -0.66837868350288188 -0.74382117167969497 0 
1 29.354416666666673 21.44876041666668 0 -1 0 0 
1 29.354416666666673 21.44876041666668 0 0.20659101535039517 -0.97842738738063373 0 
1 53.859374999999993 2.7952874846446494 0 0.92892490211712253 0.37026818149375784 0 
1 54.851347761507554 3.1906864557107042 0 0 1 0 
1 54.851347761507554 3.98148439784282 0 -0.64150984012277168 -0.76711480563580292 0 
1 53.859375 5.0649166666666439 0 -3.1306556215808053e-15 -1 0 
1 54.851347761507554 3.98148439784282 0 -0.67529041616910712 0.73755193297160715 0 
1 55.743208333333328 5.0649166666666439 0 -1 0 0 
1 55.743208333333328 5.0649166666666439 0 -0.63554682931617057 -0.77206232115429785 0 
1 12.727591967827061 9.1498198398872006 0 0.68661028011411407 0.72702566890146181 0 
1 11.676630665159166 10.190333333333326 0 0.99086180191602724 0.13488101980532197 0 
1 11.648547098532362 7.2886598722118769 0 -0.9999432219012202 -0.010656123770262442 0 
1 10.136770833333355 6.359333333333332 0 0.63013615544234836 0.77648465896264585 0 
1 19.582381519389649 24.743126562261871 0 -0.89173734093398216 0.45255332811061161 0 
1 18.707583333333339 25.187083333333341 0 -0.32984374363242508 -0.94403554212039442 0 
1 18.093750000000007 23.430250000000001 0 0.74999326076100092 0.66144546926642511 0 
1 19.589206622644411 25.49560087202191 0 -0.9438752506542768 -0.33030215137405039 0 
1 19.582381519389649 24.743126562261871 0 0.0090698412385328709 0.99995886814403923 0 
1 15.666000000000009 26.520583333333335 0 0 -1 0 
1 18.093750000000007 21.44876041666668 0 0 1 0 
1 15.666000000000009 23.430250000000001 0 0.77471546539480607 -0.63231000915540547 0 
1 18.707583333333339 25.187083333333341 0 0.046859606714459788 0.99890148526196831 0 
1 21.317333333333337 13.70499479166668 0 -0.8340498833248422 -0.55168903571288908 0 
1 23.745250000000006 10.508828125000015 0 0 1 0 
1 21.317333333333337 13.70499479166668 0 1 0 0 
1 21.317333333333337 18.547135416666681 0 -0.94772994369638153 0.3190735868436203 0 
1 23.745250000000006 16.435494791666681 0 0 -1 0 
1 26.234916666666663 14.0745 0 0 1 0 
1 27.02708018446053 15.200107208312286 0 -0.5755272035333201 -0.81778263493003844 0 
1 26.234916666666663 14.0745 0 1 0 0 
1 27.97058333333333 14.0745 0 -0.64239059940474041 0.76637739906420665 0 
1 27.79872394128132 15.200107208312286 0 -1 0 0 
1 27.79872394128132 15.200107208312286 0 0.15093238983065679 -0.98854408788885406 0 
1 29.34201145492294 15.200107208312264 0 0.33972030923785979 -0.94052650759632128 0 
1 29.748583333333336 14.0745 0 0.30851240648609168 0.95122031887684177 0 
1 30.11365521174374 15.200107208312279 0 -1 -1.8416341206143132e-14 0 
1 29.34201145492294 15.200107208312264 0 -1 2.7624511809214191e-14 0 
1 29.748583333333336 14.0745 0 -0.72306526206739463 0.69077972378422459 0 
1 28.570367698102125 15.200107208312286 0 -0.47025889501189155 -0.88252851039623359 0 
1 27.97058333333333 14.0745 0 1 0 0 
1 28.570367698102125 15.200107208312286 0 -1 0 0 
1 23.745250000000006 18.547135416666677 0 -1 1.4632766138872827e-15 0 
1 23.745250000000006 16.435494791666681 0 0 1 0 
1 28.659874999999992 8.6453333333333369 0 0.96194310755654566 0.27324980846188379 0 
1 43.601347761507547 16.085848935490496 0 -0.69092147892015876 -0.72292980984794131 0 
1 42.80625000000002 15.253916666666671 0 0.97317009349544015 -0.23008687299817071 0 
1 42.858750000000008 12.62549479166668 0 1 0 0 
1 45.610416666666673 12.62549479166668 0 0.031078733589230367 0.99951693948551457 0 
1 42.858750000000008 12.62549479166668 0 0.050397941968977428 -0.9987292162770105 0 
1 42.858750000000008 12.62549479166668 0 -1 0 0 
1 45.449999999999989 16.085848935490482 0 0.14493729873013597 -0.98944084180753888 0 
1 34.370916666666673 17.723427083333348 0 0 1 0 
1 33.156416666666672 18.096166666666676 0 0 -1 0 
1 34.370916666666673 15.712593750000014 0 0 1 0 
1 33.156416666666672 14.0745 0 -1 0 0 
1 32.460124999999991 9.7248333333333186 0 0.94507333598703047 -0.32685836321921696 0 
1 33.156416666666672 16.085333333333345 0 0 -1 0 
1 36.086891515675269 16.268709253619871 0 -0.95129061587749375 -0.30829557918241163 0 
1 34.991451806337651 17.366824109360003 0 -0.35122206540783174 -0.93629218771207134 0 
1 34.991451806337651 17.366824109360003 0 -0.86702988941105363 0.49825612978452744 0 
1 34.751916666666673 21.44876041666668 0 -0.20039623614870714 -0.97971493228256534 0 
1 34.751916666666673 21.44876041666668 0 -1 0 0 
1 32.000250000000008 21.44876041666668 0 -1 -3.1556302106296009e-15 0 
1 29.748583333333336 21.448760416666673 0 0 -1 0 
1 32.000250000000008 21.44876041666668 0 0 1 0 
1 29.354416666666673 23.430250000000008 0 0.1951016933676577 -0.98078301843224869 0 
1 30.665018821578236 24.739606281297018 0 -0.70744295297690896 -0.70677044949779211 0 
1 30.665018821578236 24.739606281297018 0 -0.84142325004935203 0.54037664112763584 0 
1 29.968250000000005 25.187083333333341 0 -0.32984374363242625 -0.94403554212039398 0 
1 30.665018821578236 24.739606281297018 0 0.0090698412385328293 0.99995886814403923 0 
1 30.671843924832999 25.492080591057061 0 -0.91750492402766404 -0.39772442015168041 0 
1 29.990396022196322 27.356720627907585 0 0.34325388619327873 -0.93924265747101354 0 
1 29.990396022196322 27.356720627907585 0 -0.010206714582351669 -0.99994791013203999 0 
1 37.503583333333346 21.44876041666668 0 -1 0 0 
1 36.124990559654506 19.198077394723363 0 0.99999805989250445 0.0019698251767436498 0 
1 38.837083333333339 19.586093750000018 0 -0.97976986801875987 -0.20012747368240508 0 
1 38.837083333333339 19.586093750000018 0 -0.52616675448124783 -0.85038141235487408 0 
1 33.396433264933336 24.739606281297018 0 -0.72942393742166001 -0.6840619266676683 0 
1 34.751916666666673 23.430250000000008 0 0.32984374363242969 0.94403554212039287 0 
1 33.403258368188105 25.492080591057061 0 -0.0090698412385422696 -0.999958868144039 0 
1 51.326250000000023 6.8461666666666652 0 0.4046166013724683 0.91448641646215445 0 
1 50.718750000000007 11.064916666666665 0 -0.80298759921631624 -0.59599573446864251 0 
1 52.637750000000004 12.62549479166668 0 0 -1 0 
1 17.295833333333341 6.8461666666666723 0 -0.61587683694768436 0.78784244726424535 0 
1 15.666000000000009 8.931083333333337 0 0 -1 0 
1 15.666000000000009 6.8461666666666652 0 1 4.3596036553436998e-15 0 
1 17.295833333333341 6.8461666666666723 0 1 0 0 
1 14.010270833333355 10.507999999999999 0 0.662264930996177 0.74926975194026679 0 
1 15.666000000000009 12.38125 0 -1 0 0 
1 13.692770833333361 12.38125 0 -0.97157678022730931 -0.2367246504340744 0 
1 14.010270833333355 10.507999999999999 0 0.72413099720954832 -0.68966245285668915 0 
1 15.666000000000009 8.931083333333337 0 0 1 0 
1 12.279525696981615 12.036912869174115 0 -0.99995886814403923 0.0090698412385234288 0 
1 15.666000000000009 6.8461666666666652 0 -3.3437305212239803e-15 -1 0 
1 17.587875 4.6899166666666616 0 -0.95973740700827126 0.28089875327071095 0 
1 11.67389583333332 0.72348125767765836 0 -1 0 0 
1 13.69277083333334 0.72348125767765836 0 -1 0 0 
1 35.206236780720857 0.99245015691795402 0 -0.98940394965941814 0.145188926569293 0 
1 29.702903447387527 0.99245015691795402 0 -0.98940394965941814 0.145188926569293 0 
1 40.667236780720863 0.99245015691795402 0 -0.98887493869233933 0.14874930462433128 0 
1 46.107070114054189 0.99245015691795402 0 -0.98868982393366378 0.14997477137845863 0 
1 44.90625 2.3461666666666656 0 -0.80305926738579114 -0.59589916350486383 0 
1 46.107070114054189 0.99245015691795402 0 -0.66359683635742328 0.74809039478957295 0 
1 40.667236780720863 2.8458473292798949 0 0 -1 0 
1 10.705859441030054 1.6090905714464865 0 -0.74169448546991279 -0.67073786997866858 0 
1 10.705859441030054 1.6090905714464865 0 -0.60472239214467016 0.79643633043629281 0 
1 9.7265624999999751 2.8988520756556646 0 4.8994594155253856e-15 -1 0 
1 10.705859441030054 1.6090905714464865 0 8.9851363781292193e-15 1 0 
1 10.705859441030061 2.3998885135786026 0 -0.89101136461246366 0.45398099974716505 0 
1 54.851347761507547 1.6090905714464865 0 -0.64150984012277157 0.76711480563580325 0 
1 18.802070114054185 0.99245015691795402 0 -0.98940394965941814 0.14518892656929319 0 
1 13.692770833333361 2.9926020756556575 0 -9.3940710005022226e-15 -1 0 
1 16.205708850646644 1.3734501569179505 0 0 1 0 
1 35.206236780720857 2.8458473292798949 0 0 -1 0 
1 38.134375517313316 1.3734501569179505 0 0 1 0 
1 24.220736780720856 0.99245015691795402 0 -0.98887493869233933 0.1487493046243317 0 
1 22.921874999999993 2.5336666666666585 0 -0.72855194435968929 -0.68499055786902374 0 
1 24.220736780720856 0.99245015691795402 0 -0.64442460928375433 0.76466785139005322 0 
1 22.921874999999993 2.5336666666666585 0 -0.8718603984078287 0.48975447490364216 0 
1 21.687875517313316 3.2268473292798956 0 0 -1 0 
1 18.802070114054185 2.8458473292798949 0 0 -1 0 
1 59.09589137944522 1.5919598497805012 0 -0.11271583636713137 -0.99362726423546666 0 
1 58.968750000000021 0.47116666666665807 0 0.99728212558236318 0.073677418480316018 0 
1 59.09589137944522 1.5919598497805012 0 -0.0047846342276368871 0.99998855357214356 0 
1 47.064839151598349 24.739606281297018 0 -0.71193489689827016 -0.70224547173936935 0 
1 49.018250000000009 25.187083333333341 0 -0.32984374363242625 -0.94403554212039398 0 
1 46.192916666666683 15.253916666666671 0 -0.61030405453435699 -0.79216725570988133 0 
1 46.192916666666683 17.307083333333331 0 0 -1 0 
1 47.597250000000003 14.576583333333325 0 0.77794118020372249 0.62833710708762014 0 
1 41.596343429943389 24.739606281297018 0 -0.69237257527729457 -0.72154017005561588 0 
1 41.596343429943389 24.739606281297018 0 -0.82063239079717976 0.57145645431170444 0 
1 40.953750000000007 25.187083333333341 0 -0.32984374363242969 -0.94403554212039287 0 
1 38.877420924787771 25.492080591057061 0 -0.0090698412385328293 -0.99995886814403923 0 
1 35.365750000000013 25.187083333333341 0 0.042890134018317969 0.99907979481315234 0 
1 32.721810465551428 27.356720627907585 0 0.34325388619327873 -0.93924265747101354 0 
1 66.268601423082004 5.493961860932032 0 0.089492706113319623 -0.99598747760828543 0 
1 66.419416666666706 3.8154999999999895 0 0 1 0 
1 66.419416666666706 7.5619999999999914 0 -0.072733569298321574 -0.99735140642459941 0 
1 65.201411972800287 4.4863920621910509 0 0.8759152654301392 -0.48246497052786003 0 
1 64.437197686344703 4.4782480377653577 0 0.9999432219012202 0.010656123770257694 0 
1 63.75 21.95966666666666 0 -0.56165128118781604 -0.82737406192125995 0 
1 62.413541666666674 19.990916666666664 0 0.94819527705224849 0.31768808063226017 0 
1 65.301579012796509 20.958539121124129 0 -0.84026979884932884 0.5421684840911617 0 
1 65.559109450663328 23.132648759709294 0 -0.83906594138560697 -0.54402972897322888 0 
1 65.559109450663328 23.132648759709294 0 -0.11763091355795541 -0.9930573841302025 0 
1 59.091939573107545 2.4178873743512312 0 -0.087802443494647844 0.99613790757925136 0 
1 57.656250000000014 5.0649166666666439 0 6.5310862995601541e-15 -1 0 
1 58.96875 3.8154999999999895 0 0.29137774811797662 0.95660807434481598 0 
1 56.46287499999999 6.8461666666666652 0 1 0 0 
1 59.985624999999999 11.143250000000005 0 0 1 0 
1 59.985624999999999 11.143250000000005 0 0 -1 0 
1 53.859375 6.8461666666666581 0 1 2.7291827761094794e-15 0 
1 52.637750000000004 9.8103281250000123 0 0.38103993094387939 -0.92455858171685568 0 
1 62.413541666666667 8.8149166666666652 0 0.56165128118781849 0.82737406192125829 0 
1 62.413541666666667 8.8149166666666652 0 -1 0 0 
1 62.413541666666667 8.8149166666666652 0 0.93392091242632325 0.35747969079765074 0 
1 65.301579012796509 9.9203793281937038 0 -0.87384651527175583 0.48620187962142741 0 
1 62.588250000000031 7.5619999999999914 0 0.99538465406119503 -0.095965569135368592 0 
1 59.891874999999992 6.8461666666666652 0 0.96651991755241906 0.25659159957891237 0 
1 59.985624999999999 8.8149166666666652 0 -0.047565149415453006 -0.99886813772443739 0 
1 62.588250000000031 7.5619999999999914 0 0.51452415752966074 -0.8574758838115466 0 
1 59.891874999999992 6.8461666666666652 0 0.98904442974841167 -0.14761814246101093 0 
1 59.891874999999992 6.8461666666666652 0 0.93185565441167173 -0.36282921511503879 0 
1 63.329224712778554 5.5077931831138365 0 -0.0047846342276368871 0.99998855357214356 0 
1 57.656250000000014 5.0649166666666439 0 -0.661730710489288 -0.74974160001652701 0 
1 57.656250000000028 2.8890374846446494 0 -0.65864462493962794 0.75245415676846195 0 
1 56.700000000000003 3.9814843978428165 0 -1.7970272756258284e-14 -1 0 
1 56.699999999999989 3.1906864557106935 0 0.95367561120687816 -0.3008368803673972 0 
1 65.301579012796509 9.9203793281937038 0 0.10839115488294319 0.99410832284170214 0 
1 65.549221213243982 12.191627132661981 0 -0.78753170407352213 -0.61627413955078025 0 
1 63.75 10.78366666666666 0 -0.36306267118146984 0.93176472180190195 0 
1 63.732124999999996 26.422927083333356 0 0.92395337572946523 0.38250511039478352 0 
1 62.857442145441851 24.040727640574701 0 0.99998341287875137 0.0057596846584709992 0 
1 62.313958333333332 25.322260416666687 0 0.78998668701507735 0.61312399589230104 0 
1 63.631102102277211 28.095924632422214 0 0.060274578080663485 -0.99818183475617206 0 
1 62.867519625469939 28.09152656519381 0 0.46006789524120179 -0.8878837377541785 0 
1 63.631102102277211 28.095924632422214 0 -0.99998341287875137 -0.0057596846584523891 0 
1 62.867519625469939 28.09152656519381 0 -0.19601673465720365 -0.98060055054763628 0 
1 65.565711291953335 17.662713744160456 0 -0.12082885245831354 -0.9926733543384787 0 
1 63.621024622249124 24.04512570780312 0 0.061727143578298858 -0.99809306166592693 0 
1 62.857442145441851 24.040727640574701 0 0.39417096445653993 -0.91903713242686835 0 
1 57.838708333333329 21.43 0 0.99996182318280136 0.0087379732734615724 0 
1 59.985624999999999 19.990916666666664 0 -0.83065381569815933 0.55678922265619391 0 
1 59.985624999999999 19.990916666666664 0 -4.8739292929032503e-15 1 0 
1 57.838708333333329 21.43 0 -1 0 0 
1 54.352250000000012 18.525968750000015 0 0.92492071137934606 0.3801600684731688 0 
1 62.413541666666674 19.990916666666664 0 -1 0 0 
1 55.362208333333328 21.43 0 -0.9412107199026597 -0.3378200419458815 0 
1 52.637750000000004 21.44876041666668 0 0 -1 0 
1 55.362208333333328 21.43 0 -0.99997629285919709 0.0068857620912441131 0 
1 52.637750000000004 20.452135416666678 0 0 -1 0 
1 54.352250000000012 18.525968750000015 0 -1 -2.0721572929719942e-15 0 
1 52.637750000000004 13.683828125000016 0 0 1 0 
1 52.637750000000004 18.525968750000011 0 0 -1 0 
1 52.637750000000004 18.525968750000011 0 -0.99990797212434535 0.013566402698553354 0 
1 48.404416666666677 21.44876041666668 0 1 0 0 
1 48.404416666666677 21.44876041666668 0 0.97338914171591195 -0.22915841418014735 0 
1 51.726809346776037 23.74250500710323 0 0.05851190876203894 0.99828671058620377 0 
1 49.132964465460979 27.356720627907585 0 0.33650543307470693 -0.94168152446100573 0 
1 51.726809346776037 23.74250500710323 0 1 0 0 
1 52.754979469034318 23.74250500710323 0 -0.2645035901496845 0.96438470062414805 0 
1 52.754979469034318 23.74250500710323 0 0.66505898275482778 0.74679083380630318 0 
1 54.482291666666654 25.682093750000014 0 -0.91316743032078107 0.40758464667028549 0 
1 48.404416666666677 23.430250000000008 0 0 -1 0 
1 49.814412368097649 25.449747257723722 0 -0.0090698412385140734 -0.99995886814403934 0 
1 49.807587264842901 24.69727294796369 0 -0.74219655083915936 -0.67018227365579808 0 
1 49.132964465460979 27.356720627907585 0 -0.05279889778975641 -0.99860516541433275 0 
1 49.018250000000009 25.187083333333341 0 0.94965337194395794 0.31330252657051882 0 
1 49.018250000000009 25.187083333333341 0 0.84969953092544037 -0.52726720658987203 0 
1 65.10249553942711 7.3668988566458324 0 -0.99960272668619832 0.028184903787620928 0 
1 65.10249553942711 7.3668988566458324 0 0.98920327537616726 0.14654992318340754 0 
1 55.035833333333343 13.70499479166668 0 0.72931384657855747 -0.68417929900632657 0 
1 52.637750000000004 13.683828125000016 0 0.99996104878321945 0.008826149577471817 0 
1 52.637750000000004 13.683828125000016 0 0 -1 0 
1 55.743208333333328 5.0649166666666439 0 1 0 0 
1 56.700000000000003 3.9814843978428165 0 -0.66194133242136355 0.74955564999019908 0 
1 62.718750000000007 3.8461666666666656 0 0.93852563121453936 0.34520955889626026 0 
1 63.329224712778554 5.5077931831138365 0 -0.34485792750536021 -0.93865489389695711 0 
1 64.409114119717913 3.4706161788688448 0 -0.97619757441529587 0.21688313836186693 0 
1 64.409114119717913 3.4706161788688448 0 0.027860041626205447 0.99961183370375639 0 
1 63.32527290644088 2.4178873743512312 0 -0.39086999504021519 0.92044589573600799 0 
1 62.718750000000007 3.8461666666666656 0 -0.42893368211492061 -0.90333598198418741 0 
1 62.047123508761658 2.4317186965330464 0 0.99994145416291424 -0.010820732256019941 0 
1 60.175780786384571 3.4706161788688448 0 -0.083810602835978465 0.99648170221648824 0 
1 58.96875 3.8154999999999895 0 0.96152018474053169 -0.27473429770695496 0 
1 59.891874999999992 6.8461666666666652 0 0.31106207853298623 -0.95038959553371494 0 
1 60.996162206093764 3.4722321899791666 0 0.75351525686303311 0.65743042040556443 0 
1 60.996162206093764 3.4722321899791666 0 0.9772400449964368 0.21213649958308012 0 
1 60.175780786384571 3.4706161788688448 0 0.99999805989250445 0.0019698251767566928 0 
1 60.006791666666651 27.671760416666682 0 -0.0090086434355679396 -0.99995942134841176 0 
1 59.985624999999992 25.322260416666687 0 1 0 0 
1 59.985624999999992 21.44876041666668 0 0 1 0 
1 57.339791666666663 27.671760416666682 0 -0.053872282884246885 -0.99854783417562909 0 
1 60.006791666666651 27.671760416666682 0 -1 0 0 
1 54.482291666666654 25.682093750000014 0 0.82065732044741602 0.57142065275597731 0 
1 57.339791666666663 27.671760416666682 0 -0.9882373652106341 -0.15292779342403323 0 
1 11.935937500000026 27.282583333333335 0 0.97976478686809343 -0.20015234800850953 0 
1 38.195973022151094 27.356720627907585 0 0.34325388619327873 -0.93924265747101354 0 
1 40.953750000000007 25.187083333333341 0 -0.014760937215017686 0.99989105143137191 0 
1 63.611136384829777 13.1041040807558 0 0.059736852232537538 -0.9982141596297599 0 
1 63.611136384829777 13.1041040807558 0 -0.99998341287875114 -0.0057596846584801967 0 
1 65.301579012796509 15.492726442244031 0 -0.94867042137787527 -0.31626639341340768 0 
1 62.413541666666674 14.52991666666667 0 -1 0 0 
1 59.985624999999999 19.990916666666664 0 0 -1 0 
1 59.985624999999999 17.175750000000001 0 0 -1 0 
1 62.864043986731851 18.570792625025856 0 0.99998341287875114 0.005759684658484903 0 
1 43.647468238971868 27.356720627907585 0 0.33046139419050075 -0.94381950973142659 0 
1 38.117416666666678 25.187083333333341 0 0.92805689523570223 0.37243845022428695 0 
1 38.195973022151094 27.356720627907585 0 -0.036183427644505342 -0.99934516537775608 0 
1 38.117416666666678 25.187083333333341 0 0.85971594748398461 -0.51077244409004152 0 
1 38.870595821533009 24.739606281297018 0 -0.72217221350944227 -0.69171330335253245 0 
1 38.117416666666678 25.187083333333341 0 -0.32984374363242625 -0.94403554212039398 0 
1 45.737416666666675 21.44876041666668 0 0 -1 0 
1 48.404416666666677 21.44876041666668 0 -1 0 0 
1 45.737416666666675 19.857130208333345 0 0.5295215536622816 -0.84829648367011601 0 
1 45.737416666666675 19.857130208333345 0 -0.20125685730004156 -0.97953850224976402 0 
1 46.192916666666683 19.127416666666669 0 -0.74302110991541115 -0.66926798087169126 0 
1 46.192916666666683 17.307083333333331 0 0 1 0 
1 45.449999999999989 18.458242761886829 0 0.54224703109022998 -0.84021911265683025 0 
1 45.737416666666675 21.44876041666668 0 -1 0 0 
1 42.80625000000002 19.127416666666669 0 0.97038179860713103 0.2415764163406465 0 
1 43.006916666666669 21.44876041666668 0 -0.9056375838204983 -0.42405255189866503 0 
1 40.339916666666667 21.44876041666668 0 0.20014825073556661 -0.97976562387516586 0 
1 43.006916666666669 21.44876041666668 0 -1 0 0 
1 40.572750000000013 20.308994791666677 0 0 -1 0 
1 49.248250000000013 19.127416666666665 0 0.95319726016833828 -0.30234910816401178 0 
1 18.80936349067299 27.356720627907585 0 0.38646264647932538 -0.92230505955252995 0 
1 66.280456842094992 6.3475520298663781 0 -0.013887549490771124 -0.99990356333455555 0 
1 66.419416666666706 7.5619999999999914 0 -0.11368045573343016 -0.99351736471198115 0 
1 63.32527290644088 2.4178873743512312 0 0.0047846342276368871 -0.99998855357214356 0 
1 62.718750000000007 0.47116666666665807 0 0.47832847507255077 0.87818100066829519 0 
1 64.437197686344703 0.56241470443202246 0 -0.99859321654938327 -0.053024408167905976 0 
1 63.329224712778554 1.5919598497805012 0 -0.99994287571861384 -0.010688559284990235 0 
1 62.035268089748669 1.5781285275987003 0 0.52536499885755117 -0.85087696994066375 0 
1 62.718750000000007 0.47116666666665807 0 1 0 0 
1 66.419416666666706 0.47116666666665807 0 -0.99894214959122785 0.045984581873243627 0 
1 62.047123508761658 2.4317186965330464 0 0.83653245454810365 -0.5479173774281344 0 
1 62.047123508761658 2.4317186965330464 0 -0.013887549490771124 -0.99990356333455555 0 
1 64.437197686344703 0.56241470443202246 0 0.9999432219012202 0.010656123770262343 0 
1 65.201411972800287 0.57055872885771919 0 0.99668706345541103 -0.081332020389447438 0 
1 66.419416666666706 3.8154999999999895 0 -0.099917831275909558 -0.99499569194701487 0 
1 66.280456842094992 2.4317186965330464 0 0.070700541178196269 -0.99749758569989033 0 
1 66.419416666666706 0.47116666666665807 0 0 1 0 
1 66.280456842094992 2.4317186965330464 0 -0.013887549490771124 -0.99990356333455555 0 
1 66.268601423082004 1.5781285275987003 0 0.13499536062664083 -0.99084623055713517 0 
1 57.656250000000028 2.8890374846446494 0 -0.59851276381023688 -0.80111327011617506 0 
1 12.554511679522495 1.6090905714464725 0 -0.70510483261108103 -0.70910307785857163 0 
1 13.69277083333334 0.72348125767765836 0 -0.78925252889240338 0.61406876295488755 0 
1 13.692770833333361 2.9926020756556575 0 -0.63534023707565246 -0.77223233754657916 0 
1 12.554511679522495 2.3998885135785812 0 0 -1 0 
1 13.692770833333361 2.9926020756556575 0 -0.88695550159828862 -0.46185488866583196 0 
1 17.587875 2.5336666666666656 0 -0.76592398634150505 -0.64293113717313299 0 
1 18.802070114054185 0.99245015691795402 0 -0.61884182304818958 0.78551562559021915 0 
1 18.802070114054185 2.8458473292798949 0 -0.96850080813647077 -0.24901041070405666 0 
1 17.587875 2.5336666666666656 0 -0.89388390606103685 0.44829851938754339 0 
1 17.587875 2.5336666666666656 0 0 1 0 
1 17.587875 4.6899166666666616 0 -0.68672290790997403 -0.72691928558242924 0 
1 18.802070114054185 2.8458473292798949 0 -0.54992990914692774 0.83521080873373033 0 
1 15.666000000000004 5.2524166666666554 0 0.25746535674169035 -0.96628752971249399 0 
1 18.802070114054185 4.6992445016418429 0 -0.99997049228856005 -0.0076820929553684924 0 
1 18.802070114054185 2.8458473292798949 0 0 1 0 
1 51.58923678072086 2.8458473292798949 0 0 -1 0 
1 43.595375517313315 1.3734501569179505 0 0 1 0 
1 44.90625 2.3461666666666656 0 -0.83006810427992728 0.5576620322893856 0 
1 44.90625 4.5024166666666652 0 -0.71669207438868099 -0.69738975509283874 0 
1 44.90625 2.3461666666666656 0 0 1 0 
1 42.984375 5.0649166666666554 0 0.95973740700827193 -0.28089875327070885 0 
1 63.75 16.498666666666665 0 -0.058829845943707798 0.99826802474397602 0 
1 62.864043986731851 18.570792625025856 0 0.39313266275275083 -0.91948176136176396 0 
1 62.413541666666674 14.52991666666667 0 0.56165128118781638 0.82737406192125962 0 
1 65.301579012796509 15.492726442244031 0 -0.8390821013509866 0.54400480438357601 0 
1 65.565711291953335 17.662713744160456 0 -0.8418518411563608 -0.53970869692978407 0 
1 52.754979469034318 23.74250500710323 0 1 0 0 
1 54.00177707899546 23.74250500710323 0 0.24047084378774303 0.97065636210144468 0 
1 54.00177707899546 23.74250500710323 0 1 0 0 
1 55.013670791427685 23.74250500710323 0 -0.26422818533284426 0.9644601941374833 0 
1 55.013670791427685 23.74250500710323 0 1 0 0 
1 56.158074394773635 23.74250500710323 0 -0.65377255973701631 0.75669111276326584 0 
1 57.339791666666663 27.671760416666682 0 -0.28800532979228988 -0.95762880596358135 0 
1 56.158074394773635 23.74250500710323 0 1 0 0 
1 38.837083333333339 17.723427083333348 0 0 1 0 
1 37.942683935654102 18.140581245589356 0 0.90627329151090608 -0.42269222975350301 0 
1 38.837083333333339 17.723427083333348 0 0 -1 0 
1 40.572750000000013 15.821661458333351 0 0 1 0 
1 40.339916666666667 21.44876041666668 0 -1 0 0 
1 37.942683935654102 18.140581245589356 0 -0.013887549490754422 -0.99990356333455566 0 
1 37.930828516641128 17.286991076655006 0 0.90096626839267269 0.43388913701380249 0 
1 37.930828516641128 17.286991076655006 0 0.49887498793409435 -0.8666739562336907 0 
1 40.921720630561481 27.356720627907585 0 0.34325388619327563 -0.93924265747101476 0 
1 40.953750000000007 25.187083333333341 0 0.90514677732223758 0.42509917843153711 0 
1 41.596343429943389 24.739606281297018 0 0.0090698412385328293 0.99995886814403923 0 
1 36.133514543233169 24.739606281297018 0 -0.72582832322152435 -0.68787589375513836 0 
1 36.133514543233169 24.739606281297018 0 -0.86396769432227649 0.50354724025402964 0 
1 34.751916666666673 21.44876041666668 0 0 -1 0 
1 34.751916666666673 19.857130208333345 0 0.90152886028832113 -0.43271897816855764 0 
1 34.370916666666673 19.586093750000018 0 0.81485114628039368 0.57967025920391024 0 
1 33.156416666666672 18.096166666666676 0 -0.56968985161879049 -0.82185976477898004 0 
1 45.449999999999989 17.667444819754706 0 0.89973827838367437 -0.43642986883482399 0 
1 45.449999999999989 18.458242761886829 0 0 -1 0 
1 45.449999999999989 17.667444819754706 0 8.9851363781292224e-15 -1 0 
1 45.449999999999996 16.876646877622591 0 0.86526119550340386 0.50132131767562038 0 
1 45.449999999999989 16.085848935490482 0 0.66607563075833309 -0.74588420958610513 0 
1 46.192916666666683 17.307083333333331 0 -0.51972059728335762 -0.85433629254493804 0 
1 45.449999999999996 16.876646877622591 0 -8.9851363781293029e-15 -1 0 
1 42.80625000000002 19.127416666666669 0 0.76509232871739097 -0.64392059179513728 0 
1 47.071664254853118 25.492080591057061 0 -0.0090698412385422696 -0.999958868144039 0 
1 46.390216352216441 27.356720627907585 0 0.34325388619327873 -0.93924265747101354 0 
1 39.281249999999993 2.3461666666666692 0 -0.79313521470624315 0.60904559040590844 0 
1 38.134375517313316 1.3734501569179505 0 0.76263676752351095 0.64682699450571035 0 
1 40.667236780720863 0.99245015691795402 0 -0.71538598861947278 0.69872948076271946 0 
1 40.667236780720863 2.8458473292798949 0 -0.94073039232618849 -0.33915531685912814 0 
1 39.28125 4.5024166666666723 0 -3.2952706585975614e-15 -1 0 
1 40.667236780720863 2.8458473292798949 0 -0.64168933871805611 0.76696466188187828 0 
1 39.28125 4.5024166666666723 0 -0.66859814285578434 -0.74362391258605731 0 
1 40.572750000000013 13.556828125000017 0 0.92609235976954696 -0.37729688731352135 0 
1 40.572750000000013 13.556828125000017 0 0 -1 0 
1 40.572750000000013 15.821661458333351 0 0 -1 0 
1 36.442416666666666 13.412416666666665 0 0.99938933201684299 0.034942281707532698 0 
1 42.984375 6.8461666666666652 0 0 -1 0 
1 45.18791666666668 6.8461666666666652 0 -1 0 0 
1 42.984375 6.8461666666666652 0 -1 0 0 
1 42.9375 11.064916666666655 0 0.68916501078289061 -0.72460443547677666 0 
1 13.692770833333361 26.520583333333335 0 1 0 0 
1 15.666000000000009 15.15408333333334 0 0 -1 0 
1 15.666000000000009 17.863416666666669 0 0 -1 0 
1 60.968078639466952 0.57055872885771919 0 -0.9999432219012202 -0.010656123770262442 0 
1 60.968078639466952 0.57055872885771919 0 -0.99876660844151499 -0.049651403426623178 0 
1 62.718750000000007 0.47116666666665807 0 -0.99839225998627046 0.056682406437159417 0 
1 58.968750000000021 0.47116666666665807 0 1 0 0 
1 65.229495539427091 3.4722321899791666 0 -0.99999805989250445 -0.001969825176756727 0 
1 66.419416666666706 3.8154999999999895 0 -0.96081900424675293 -0.27717655217979426 0 
1 65.201411972800287 4.4863920621910509 0 0.027680848067161219 -0.99961681190858453 0 
1 64.437197686344703 4.4782480377653577 0 0.61871769715498459 -0.78561339807008956 0 
1 56.699999999999996 2.3998885135785812 0 0.89028410523523038 0.45540554670041644 0 
1 56.699999999999989 3.1906864557106935 0 8.9851363781292635e-15 -1 0 
1 56.699999999999996 2.3998885135785812 0 -8.9851363781292635e-15 -1 0 
1 13.69277083333334 5.1684812576776551 0 9.7966294493402181e-15 -1 0 
1 13.69277083333334 5.1684812576776551 0 -0.69213369959764781 -0.72176931347991868 0 
1 12.554511679522511 3.98148439784282 0 0.75490370501158743 -0.65583564721641818 0 
1 13.69277083333334 5.1684812576776551 0 -1 0 0 
1 11.67389583333332 5.1684812576776551 0 0.595821071147003 -0.80311720886632598 0 
1 10.705859441030061 3.9814843978428271 0 0.63200788560926768 0.77496195553569136 0 
1 9.7763598385106203 8.3100609931346625 0 -0.0047846342276368871 0.99998855357214356 0 
1 10.136770833333355 6.359333333333332 0 -0.18168234360402233 0.98335727282740415 0 
1 9.7265624999999858 5.1684812576776551 0 1 0 0 
1 10.705859441030061 3.9814843978428271 0 -0.6363924403919361 0.77136545282505098 0 
1 9.7265624999999751 2.8988520756556646 0 0.67082761169355443 0.74161331931777075 0 
1 9.7265624999999858 5.1684812576776551 0 -4.6959834323712161e-15 -1 0 
1 12.727591967827061 9.1498198398872006 0 0.99724076960084285 -0.07423508231233146 0 
1 10.85624924544997 10.188717322223003 0 0.99999805989250445 0.0019698251767588494 0 
1 9.7724080321729456 9.1359885177053926 0 0.17764636670363715 0.98409438998349996 0 
1 10.11560416666669 11.037166666666669 0 0.65762506438897694 -0.75334538870785817 0 
1 51.58923678072086 2.8458473292798949 0 -0.92300607424768966 -0.38478537771317184 0 
1 50.390625000000007 2.346166666666655 0 0.66291304002837814 -0.74869640132722282 0 
1 51.58923678072086 2.8458473292798949 0 -0.58619763034903705 0.81016809254201927 0 
1 50.390625000000021 4.5024166666666581 0 -6.5905413171951228e-15 -1 0 
1 53.859375 6.8461666666666581 0 0 -1 0 
1 53.859375 6.8461666666666581 0 -1 2.8050046316707884e-15 0 
1 52.637750000000004 7.741020833333355 0 0.80672110771083161 -0.59093236023576234 0 
1 52.637750000000004 9.8103281250000123 0 0 -1 0 
1 51.326250000000023 6.8461666666666652 0 0.82603685521892645 0.56361610500412984 0 
1 44.90625 4.5024166666666652 0 0.98683132800829521 0.16175268177493826 0 
1 48.468750000000007 6.8461666666666581 0 1 2.4865887515663909e-15 0 
1 45.18791666666668 6.8461666666666652 0 1 -2.1657385900739701e-15 0 
1 48.468750000000007 6.8461666666666581 0 0 -1 0 
1 48.468750000000007 5.0649166666666439 0 0.95973740700827304 -0.2808987532707049 0 
1 47.494250000000008 12.62549479166668 0 0.052717635332990252 0.99860945865983963 0 
1 45.671083333333343 14.576583333333325 0 0.68274857302114667 -0.73065339665096207 0 
1 45.610416666666673 12.62549479166668 0 1 0 0 
1 50.626916666666673 12.62549479166668 0 1 0 0 
1 52.637750000000004 13.683828125000016 0 -0.8849182223819817 -0.46574643283262346 0 
1 50.626916666666673 12.62549479166668 0 0.058744091411038882 -0.9982730747266958 0 
1 50.626916666666673 12.62549479166668 0 -1 0 0 
1 32.000250000000008 23.430250000000008 0 0.32984374363242625 0.94403554212039398 0 
1 33.396433264933336 24.739606281297018 0 -0.86804235584122302 0.49649014941448694 0 
1 33.403258368188105 25.492080591057061 0 -0.93276287674507508 -0.36049052104910034 0 
1 32.61408333333334 25.187083333333341 0 0.04959104721645493 0.99876960708462448 0 
1 29.354416666666673 21.44876041666668 0 1 -1.8026454184188736e-14 0 
1 29.354416666666673 23.430250000000008 0 0 -1 0 
1 26.234916666666663 18.096166666666669 0 1 4.0937741641642022e-15 0 
1 26.234916666666663 18.096166666666669 0 0.60226675965289167 -0.79829490178580365 0 
1 26.234916666666663 18.096166666666669 0 0 -1 0 
1 24.492848439627892 27.356720627907585 0 0.34325388619327873 -0.93924265747101354 0 
1 27.089583333333341 25.187083333333341 0 0.069904294877855627 0.997553702593314 0 
1 21.65110596515045 27.356720627907585 0 0.38646264647932388 -0.92230505955253062 0 
1 36.851105802130853 16.276853278045571 0 0.96192754363025468 -0.27330459345840613 0 
1 36.851105802130853 16.276853278045571 0 -0.99994322190122009 -0.010656123770266991 0 
1 47.064839151598349 24.739606281297018 0 -0.84720559443650678 0.53126516990622041 0 
1 44.307749474941886 25.470913924390395 0 -0.009069841238542313 -0.999958868144039 0 
1 47.071664254853118 25.492080591057061 0 -0.92087245199776757 -0.38986398545084833 0 
1 46.351250000000007 25.187083333333341 0 0.017956950416047848 0.99983876096686486 0 
1 43.006916666666669 23.430250000000008 0 0.32984374363242625 0.94403554212039398 0 
1 44.300924371687117 24.718439614630356 0 -0.82346283046454216 0.56737022026479722 0 
1 44.307749474941886 25.470913924390395 0 -0.92422822409358074 -0.38184052926428075 0 
1 43.647468238971868 27.356720627907585 0 -0.012313677204666102 -0.99992418380280179 0 
1 36.140339646487931 25.492080591057061 0 -0.0090698412385328293 -0.99995886814403923 0 
1 35.458891743851247 27.356720627907585 0 0.3432538861932819 -0.93924265747101232 0 
1 35.365750000000013 25.187083333333341 0 0.93046741782623699 0.36637465027451727 0 
1 34.370916666666673 17.723427083333348 0 0.79571359390635443 0.60567307722288055 0 
1 34.987499999999997 18.19275163393074 0 -0.40466925583721486 0.91446311756142185 0 
1 34.751916666666673 19.857130208333345 0 0.14014737019918405 -0.99013065533102895 0 
1 34.987499999999997 18.19275163393074 0 0.0047846342276110379 -0.99998855357214367 0 
1 31.547750000000001 18.096166666666676 0 1 0 0 
1 29.748583333333336 19.581963541666671 0 0.77106090575602426 -0.63676139928131592 0 
1 31.547750000000001 18.096166666666676 0 0.64269420779008568 -0.76612280691353518 0 
1 31.547750000000001 18.096166666666676 0 0.10343527240167771 -0.99463618696646605 0 
1 31.656942725385356 17.046166666666629 0 1 -9.2081706030715662e-15 0 
1 29.748583333333336 18.096166666666669 0 1 3.9492880171937065e-15 0 
1 30.885298968564538 15.200107208312295 0 -1 -2.071838385691112e-14 0 
1 32.428586482206143 15.200107208312271 0 0.54298627310412473 -0.83974157168767882 0 
1 32.428586482206143 15.200107208312271 0 -0.6162763667102128 -0.78752996122970409 0 
1 32.428586482206143 15.200107208312271 0 -1 9.2081706030715236e-15 0 
1 29.342011454922933 17.046166666666622 0 0.36108699242267311 0.93253213558737391 0 
1 28.570367698102125 17.046166666666625 0 1 -4.6040853015357405e-15 0 
1 42.80625000000002 15.253916666666671 0 0 1 0 
1 42.80625000000002 17.307083333333331 0 0.54561310833731591 -0.83803719249833564 0 
1 43.601347761507554 16.876646877622612 0 -0.87940380373915261 0.47607662195187644 0 
1 43.601347761507547 16.085848935490496 0 8.9851363781292224e-15 1 0 
1 43.601347761507554 16.876646877622612 0 0 1 0 
1 43.601347761507554 17.667444819754714 0 -0.91081757900879146 -0.41280908149962475 0 
1 42.80625000000002 17.307083333333331 0 0 1 0 
1 43.60134776150754 18.458242761886837 0 -0.56831151310554484 -0.82281348073040594 0 
1 43.601347761507554 17.667444819754714 0 -1.7970272756258284e-14 1 0 
1 39.28125 4.5024166666666723 0 -0.95973740700827259 0.28089875327070685 0 
1 37.359375 6.8461666666666581 0 0 -1 0 
1 40.74070833333333 6.8461666666666652 0 -1 -2.1013685008678061e-15 0 
1 35.581374999999994 6.8461666666666652 0 1 -3.9963033507317088e-15 0 
1 37.359375 6.8461666666666581 0 -0.70291041207656191 0.71127839317271391 0 
1 35.581374999999994 8.6453333333333369 0 0 -1 0 
1 32.015624999999993 6.846166666666651 0 1 3.9853760682050054e-15 0 
1 39.28125 4.5024166666666723 0 0.99006619126002571 0.14060205163462616 0 
1 40.667236780720863 4.6992445016418429 0 0 -1 0 
1 32.609875517313313 3.2268473292798956 0 0 -1 0 
1 32.609875517313313 1.3734501569179505 0 0.77961633002320052 0.62625743744977291 0 
1 35.206236780720857 0.99245015691795402 0 -0.65915276766947861 0.75200906169651072 0 
1 22.921874999999993 2.5336666666666585 0 3.2952706585975669e-15 1 0 
1 22.921875 4.6899166666666581 0 -0.64472892886081623 -0.76441128215770382 0 
1 28.659874999999992 6.8461666666666723 0 0 1 0 
1 26.507812499999993 6.8461666666666652 0 1 3.3016826219503398e-15 0 
1 28.659874999999992 6.8461666666666723 0 1 -6.3521663034501983e-15 0 
1 23.745250000000006 10.508828125000015 0 0 -1 0 
1 23.745250000000006 7.7621875000000209 0 0.94918032173765521 -0.3147327704990398 0 
1 40.74070833333333 8.6453333333333369 0 0 -1 0 
1 15.666000000000009 20.720916666666664 0 0 -1 0 
1 18.093750000000007 21.44876041666668 0 -0.95787852968933118 -0.28717367978316755 0 
1 15.666000000000009 23.430250000000001 0 0 -1 0 
1 11.527051387221576 12.04373797242887 0 0.36711526255896271 0.93017545871532414 0 
1 11.935937500000026 13.079750000000006 0 -0.99920264535363201 -0.039925850251483597 0 
1 12.279525696981615 12.036912869174115 0 -0.31292728905334694 0.9497770853025056 0 
1 13.692770833333361 12.38125 0 -0.92924680465735487 0.36945957293605985 0 
1 10.032800064199641 18.456769073962597 0 0.99902779617630488 0.044084719201957993 0 
1 54.851347761507547 1.6090905714464865 0 8.9851363781293408e-15 1 0 
1 54.851347761507554 2.3998885135785919 0 -0.92892490211712164 0.37026818149375995 0 
1 54.851347761507554 2.3998885135785919 0 0 1 0 
1 15.666000000000009 6.8461666666666652 0 -0.9980143269924675 -0.062987325056489962 0 
1 13.98910416666669 6.7403333333333286 0 -0.18526144468539107 -0.9826892678324527 0 
1 13.98910416666669 6.7403333333333286 0 -0.97363862753211916 0.22809608277515714 0 
1 15.666000000000009 8.931083333333337 0 -0.60781974711904363 -0.79407503109727728 0 
1 10.705859441030061 3.1906864557107077 0 -0.95835116206236848 -0.28559245468623318 0 
1 10.705859441030061 2.3998885135786026 0 0 1 0 
1 10.705859441030061 3.1906864557107077 0 0 1 0 
1 51.58923678072086 0.99245015691795402 0 -0.98887493869233933 0.1487493046243317 0 
1 50.390625000000007 2.346166666666655 0 -0.80805761808096721 -0.58910345938664599 0 
1 49.05637551731332 3.2268473292798956 0 0.72282294784745382 0.6910332742098001 0 
1 49.05637551731332 3.2268473292798956 0 0.83458754933401946 -0.55087532391334748 0 
1 49.05637551731332 3.2268473292798956 0 0 -1 0 
1 51.58923678072086 4.6992445016418429 0 0 -1 0 
1 51.58923678072086 4.6992445016418429 0 -0.98678371775921458 -0.16204287816902926 0 
1 23.745250000000006 20.515635416666679 0 0 -1 0 
1 23.745250000000006 20.515635416666679 0 0.94626937309210524 0.32337945752300684 0 
1 23.745250000000006 21.44876041666668 0 0 -1 0 
1 26.475750000000009 21.44876041666668 0 -1 0 0 
1 20.887750000000004 21.44876041666668 0 -1 0 0 
1 23.745250000000006 20.515635416666679 0 -0.95059919607681576 0.31042095357451571 0 
1 23.745250000000006 21.44876041666668 0 -1 0 0 
1 24.359083333333341 25.187083333333341 0 0.93659618855708038 0.35041058714078527 0 
1 27.923070133548791 25.492080591057061 0 -0.0090698412385281073 -0.99995886814403923 0 
1 27.241622230912114 27.356720627907585 0 0.34325388619327873 -0.93924265747101354 0 
1 27.089583333333341 25.187083333333341 0 0.93909992358866201 0.34364419610371588 0 
1 22.430949097121868 25.49560087202191 0 -0.94907197894179041 -0.31505932582215934 0 
1 21.501583333333336 25.187083333333341 0 0.90108925952638941 -0.43363365455898728 0 
1 21.501583333333336 25.187083333333341 0 0.068752883216679467 0.99763372088627478 0 
1 31.547750000000001 18.096166666666676 0 -0.5335859225512104 -0.84574586209757696 0 
1 30.885298968564555 17.046166666666622 0 1 9.2081706030715662e-15 0 
1 29.748583333333336 18.096166666666669 0 0.73457020701950559 -0.67853268967627556 0 
1 26.507812499999993 6.8461666666666652 0 0 -1 0 
1 24.220736780720856 2.8458473292798949 0 -0.97231015326615278 -0.23369417163367728 0 
1 24.220736780720856 0.99245015691795402 0 0 1 0 
1 24.220736780720856 2.8458473292798949 0 -0.57584423376565252 0.81755942807776893 0 
1 24.220736780720856 4.6992445016418429 0 -0.99997421369955708 -0.0071813603135300356 0 
1 29.702903447387527 4.6992445016418429 0 0 -1 0 
1 29.702903447387527 2.8458473292798949 0 0 -1 0 
1 22.921875 4.6899166666666581 0 -0.9597374070082707 0.28089875327071312 0 
1 40.74070833333333 9.7248333333333363 0 0 -1 0 
1 11.935937500000026 21.504083333333334 0 0.91335719250706215 -0.40715923039471585 0 
1 10.033148651082833 21.203537992415949 0 0.98775456725262967 0.15601575199822101 0 
1 11.527846484340335 20.243588821487542 0 0.30801430046264872 0.95138172712665936 0 
1 11.527497897457145 17.496819903034183 0 0.36435696705908982 0.9312593626672977 0 
1 11.527497897457145 17.496819903034183 0 0.999958868144039 -0.0090698412385376986 0 
1 12.279972207217176 17.489994799779417 0 -0.31116257008246784 0.95035669881348928 0 
1 11.935937500000026 15.810250000000005 0 0.93679219565194671 -0.34988624174952149 0 
1 12.280320794100366 20.236763718232769 0 -0.999958868144039 0.0090698412385471407 0 
1 12.280320794100366 20.236763718232769 0 -0.2622318492975404 0.96500490009843587 0 
1 12.280320794100366 20.236763718232769 0 0.94596970331306773 0.32425502372945075 0 
1 13.692770833333361 17.863416666666669 0 -0.93305556938708722 0.35973226771550326 0 
1 12.279972207217176 17.489994799779417 0 0.96679898506778539 0.25553810375734565 0 
1 12.27998508326923 14.763453834476771 0 -0.999958868144039 0.0090698412385305741 0 
1 12.27998508326923 14.763453834476771 0 -0.31223542094796419 0.95000475888568447 0 
1 12.27998508326923 14.763453834476771 0 0.96383583680793117 0.26649667856233211 0 
1 12.727591967827061 9.1498198398872006 0 -0.013887549490773206 -0.99990356333455555 0 
1 12.715736548814071 8.2962296709528545 0 0.97762184864936175 0.21036996231259936 0 
1 12.715736548814071 8.2962296709528545 0 0.63334549445135013 -0.77386916507777637 0 
1 12.554511679522495 3.1906864557106971 0 0 -1 0 
1 13.692770833333361 2.9926020756556575 0 -0.98519330068599542 0.17144725218980328 0 
1 12.554511679522511 3.98148439784282 0 -2.0216556850790569e-14 -1 0 
1 46.107070114054189 4.6992445016418429 0 0 -1 0 
1 46.107070114054189 2.8458473292798949 0 -0.92325726641324513 -0.38418227446765674 0 
1 46.107070114054189 0.99245015691795402 0 0 1 0 
1 46.107070114054189 2.8458473292798949 0 -0.58690584999723205 0.80965518786643165 0 
1 22.424123993867099 24.743126562261871 0 -0.76023752033541514 -0.64964522061988528 0 
1 21.501583333333336 25.187083333333341 0 -0.32984374363242625 -0.94403554212039398 0 
1 25.167471239009807 24.739606281297018 0 -0.87490393686572621 0.48429650138820257 0 
1 25.167471239009807 24.739606281297018 0 -0.73569571125703292 -0.67731220307773032 0 
1 25.167471239009807 24.739606281297018 0 0.0090698412385328293 0.99995886814403923 0 
1 29.342011454922933 17.046166666666622 0 1 2.3020426507678915e-14 0 
1 30.113655211743733 17.04616666666664 0 -0.32840385215125395 0.94453740523719742 0 
1 30.113655211743733 17.04616666666664 0 1 -2.3020426507678278e-14 0 
1 28.429687499999993 4.6899166666666652 0 0.99997316447530216 0.007326003634317361 0 
1 26.507812499999993 5.2524166666666581 0 0.95973740700827148 -0.28089875327071007 0 
1 27.106542183979982 3.2268473292798956 0 0.67075049320003532 0.74168306969480535 0 
1 28.429687499999993 4.6899166666666652 0 0.56816955709360573 -0.82291151066931612 0 
1 22.037166666666671 6.8461666666666652 0 -0.54544269226633812 -0.83814811904176501 0 
1 22.037166666666671 6.8461666666666652 0 0.88127023418550454 0.47261271072478134 0 
1 23.745250000000006 10.508828125000015 0 -0.42265001796430157 -0.90629297818904875 0 
1 28.429687499999993 2.5336666666666692 0 0 1 0 
1 27.106542183979982 3.2268473292798956 0 0.88580276574360184 -0.46406191418924425 0 
1 28.429687499999993 2.5336666666666692 0 0.97123159339909115 0.23813691856464089 0 
1 27.106542183979982 1.3734501569179505 0 0.75188228274277058 0.65929737819706247 0 
1 29.702903447387527 0.99245015691795402 0 -0.63689247512027047 0.77095264130501284 0 
1 23.745250000000006 6.8461666666666652 0 -1 0 0 
1 23.745250000000006 6.8461666666666652 0 0 1 0 
1 23.745250000000006 6.8461666666666652 0 1 0 0 
1 21.000000000000007 5.2524166666666554 0 0 1 0 
1 21.000000000000007 6.8461666666666581 0 -1 8.8339337226701353e-15 0 
1 22.037166666666671 6.8461666666666652 0 -1 -6.8508057441115404e-15 0 
1 45.737416666666675 23.430250000000008 0 0 -1 0 
1 43.006916666666669 23.430250000000008 0 0 -1 0 
1 34.751916666666673 23.430250000000008 0 0 -1 0 
1 37.503583333333346 21.44876041666668 0 0 1 0 
1 40.339916666666667 21.44876041666668 0 0 1 0 
1 13.692770833333361 23.430250000000001 0 1 0 0 
1 26.475750000000009 21.44876041666668 0 0 1 0 
1 23.745250000000006 23.430250000000008 0 0 -1 0 
1 13.692770833333361 20.720916666666664 0 1 0 0 
1 15.666000000000009 15.15408333333334 0 -1 0 0 
1 15.666000000000009 17.863416666666669 0 -1 0 0 
1 20.887750000000004 23.430250000000008 0 0 -1 0 
Polygon3D 0
PolygonOnTriangulations 0
Surfaces 711
1 25.885701014837117 4.3481633008241181 0 0 0 1 1 0 -0 -0 1 0 
1 27.336206134956278 4.3891382719569698 0 0 0 1 1 0 -0 -0 1 0 
1 25.329521358846783 3.5819162848775701 0 0 0 1 1 0 -0 -0 1 0 
1 23.793880249726971 3.992060524745833 0 0 0 1 1 0 -0 -0 1 0 
1 25.997757605854058 2.4907783736822222 0 0 0 1 1 0 -0 -0 1 0 
1 27.52801670954247 2.3503945303714637 0 0 0 1 1 0 -0 -0 1 0 
1 23.506804803969231 24.464522873465594 0 0 0 1 1 0 -0 -0 1 0 
1 24.357038246158538 24.345202749304839 0 0 0 1 1 0 -0 -0 1 0 
1 23.238354141117984 25.146484698059908 0 0 0 1 1 0 -0 -0 1 0 
1 22.090965404070122 25.140934105893315 0 0 0 1 1 0 -0 -0 1 0 
1 24.64582652399427 26.170748730778644 0 0 0 1 1 0 -0 -0 1 0 
1 23.746521693155607 26.070774140861314 0 0 0 1 1 0 -0 -0 1 0 
1 11.082790006781501 15.465982076804279 0 0 0 1 1 0 -0 -0 1 0 
1 11.914791500276936 15.156461677674335 0 0 0 1 1 0 -0 -0 1 0 
1 11.122815346109793 16.355409973669591 0 0 0 1 1 0 -0 -0 1 0 
1 11.079485120796813 23.677985868278856 0 0 0 1 1 0 -0 -0 1 0 
1 11.142711976622593 24.716497382069676 0 0 0 1 1 0 -0 -0 1 0 
1 11.914956708942071 23.363505831345471 0 0 0 1 1 0 -0 -0 1 0 
1 11.105129301772017 26.810204574576375 0 0 0 1 1 0 -0 -0 1 0 
1 11.915930616781283 26.53119705205291 0 0 0 1 1 0 -0 -0 1 0 
1 12.699920002597176 23.490224998446052 0 0 0 1 1 0 -0 -0 1 0 
1 11.915831020213579 22.391855691550322 0 0 0 1 1 0 -0 -0 1 0 
1 13.26558364089321 22.233076434635269 0 0 0 1 1 0 -0 -0 1 0 
1 12.675992907524973 24.553943583704335 0 0 0 1 1 0 -0 -0 1 0 
1 13.275437341267256 25.141672263177494 0 0 0 1 1 0 -0 -0 1 0 
1 12.676598730164311 26.642777056219686 0 0 0 1 1 0 -0 -0 1 0 
1 11.91709354979926 25.186570588511422 0 0 0 1 1 0 -0 -0 1 0 
1 13.780694132048495 26.803887276544891 0 0 0 1 1 0 -0 -0 1 0 
1 31.130247325691546 5.55025826680472 0 0 0 1 1 0 -0 -0 1 0 
1 32.732681554670101 5.5384342957497692 0 0 0 1 1 0 -0 -0 1 0 
1 32.845895777150808 4.3334801258440194 0 0 0 1 1 0 -0 -0 1 0 
1 33.528973821357987 3.4634274750244729 0 0 0 1 1 0 -0 -0 1 0 
1 34.329775298821446 3.3893672005266651 0 0 0 1 1 0 -0 -0 1 0 
1 33.032433953326631 2.3301334382370675 0 0 0 1 1 0 -0 -0 1 0 
1 34.801940777859599 2.0313562219837871 0 0 0 1 1 0 -0 -0 1 0 
1 34.794204752565051 3.9621395346638275 0 0 0 1 1 0 -0 -0 1 0 
1 36.00293265047388 4.1917312506426292 0 0 0 1 1 0 -0 -0 1 0 
1 34.9427730896724 5.5201539394929995 0 0 0 1 1 0 -0 -0 1 0 
1 31.365639343342604 14.77265313397422 0 0 0 1 1 0 -0 -0 1 0 
1 31.116905599548431 15.968921690062938 0 0 0 1 1 0 -0 -0 1 0 
1 30.693320891146708 14.422088943396639 0 0 0 1 1 0 -0 -0 1 0 
1 31.869856558481892 14.767647831453877 0 0 0 1 1 0 -0 -0 1 0 
1 30.228128575941518 14.759475464810256 0 0 0 1 1 0 -0 -0 1 0 
1 31.383820282404642 12.243834707206039 0 0 0 1 1 0 -0 -0 1 0 
1 44.362445260239355 23.803186683274518 0 0 0 1 1 0 -0 -0 1 0 
1 43.569853099915299 24.331749728012745 0 0 0 1 1 0 -0 -0 1 0 
1 46.312359309834029 24.338059247140279 0 0 0 1 1 0 -0 -0 1 0 
1 45.452400466017011 24.461803585888848 0 0 0 1 1 0 -0 -0 1 0 
1 27.094747316177273 24.346550606416379 0 0 0 1 1 0 -0 -0 1 0 
1 27.915234518284418 23.806562997265257 0 0 0 1 1 0 -0 -0 1 0 
1 27.625636943747057 25.137248980495254 0 0 0 1 1 0 -0 -0 1 0 
1 26.242723341035909 24.463076301037976 0 0 0 1 1 0 -0 -0 1 0 
1 27.955183589874338 19.837690994919232 0 0 0 1 1 0 -0 -0 1 0 
1 29.096261655084373 18.602386782415635 0 0 0 1 1 0 -0 -0 1 0 
1 30.410267075444718 18.601165512944721 0 0 0 1 1 0 -0 -0 1 0 
1 28.807215758665013 17.775627397450076 0 0 0 1 1 0 -0 -0 1 0 
1 29.239329928836074 17.454614326178714 0 0 0 1 1 0 -0 -0 1 0 
1 28.113879589448825 17.438117958288757 0 0 0 1 1 0 -0 -0 1 0 
1 28.338761067118241 16.277352184915969 0 0 0 1 1 0 -0 -0 1 0 
1 27.604828202394792 17.446410767469107 0 0 0 1 1 0 -0 -0 1 0 
1 27.25868681544441 16.277352184915973 0 0 0 1 1 0 -0 -0 1 0 
1 27.088996647464278 17.775358183502703 0 0 0 1 1 0 -0 -0 1 0 
1 28.36687073640805 20.829461570088672 0 0 0 1 1 0 -0 -0 1 0 
1 27.573722656547879 22.098144531547884 0 0 0 1 1 0 -0 -0 1 0 
1 29.639751765151537 20.603613744318206 0 0 0 1 1 0 -0 -0 1 0 
1 54.470552979398697 3.3102958666575235 0 0 0 1 1 0 -0 -0 1 0 
1 54.489384762255028 2.7952874846446485 0 0 0 1 1 0 -0 -0 1 0 
1 55.618483972867885 3.7432753346626595 0 0 0 1 1 0 -0 -0 1 0 
1 54.142357156094917 3.9364551769759881 0 0 0 1 1 0 -0 -0 1 0 
1 53.066342706124153 4.1488067607124313 0 0 0 1 1 0 -0 -0 1 0 
1 54.809904496046066 4.7377682880456247 0 0 0 1 1 0 -0 -0 1 0 
1 54.533175887616146 5.6874258876161328 0 0 0 1 1 0 -0 -0 1 0 
1 55.769975191609561 4.3100084007100108 0 0 0 1 1 0 -0 -0 1 0 
1 12.849269763159711 10.002594903791417 0 0 0 1 1 0 -0 -0 1 0 
1 14.185511266654538 9.4665341920561445 0 0 0 1 1 0 -0 -0 1 0 
1 12.694389629044421 10.896638654954092 0 0 0 1 1 0 -0 -0 1 0 
1 11.434873654131755 6.3838202951281291 0 0 0 1 1 0 -0 -0 1 0 
1 11.087616635179423 8.5705254406636744 0 0 0 1 1 0 -0 -0 1 0 
1 10.217651959833402 7.353048295439458 0 0 0 1 1 0 -0 -0 1 0 
1 10.974861495890762 6.1893654577309736 0 0 0 1 1 0 -0 -0 1 0 
1 18.731804796195338 24.350800347323023 0 0 0 1 1 0 -0 -0 1 0 
1 19.270528268451891 25.140360312787944 0 0 0 1 1 0 -0 -0 1 0 
1 17.380848423616758 24.035302844410538 0 0 0 1 1 0 -0 -0 1 0 
1 19.503197403585595 23.810063782567209 0 0 0 1 1 0 -0 -0 1 0 
1 19.00315064645606 26.163020143402054 0 0 0 1 1 0 -0 -0 1 0 
1 20.388977194326177 25.146431805885694 0 0 0 1 1 0 -0 -0 1 0 
1 16.713212424311177 25.033389156629159 0 0 0 1 1 0 -0 -0 1 0 
1 15.028631568080579 25.324662818080565 0 0 0 1 1 0 -0 -0 1 0 
1 17.198752103910575 22.758382312243903 0 0 0 1 1 0 -0 -0 1 0 
1 19.153204679853093 22.777050528480252 0 0 0 1 1 0 -0 -0 1 0 
1 16.48730396274058 21.911977874810788 0 0 0 1 1 0 -0 -0 1 0 
1 17.596048282905265 26.361120770815596 0 0 0 1 1 0 -0 -0 1 0 
1 21.758209742989088 12.058710748451469 0 0 0 1 1 0 -0 -0 1 0 
1 18.492001030348398 14.004553985557957 0 0 0 1 1 0 -0 -0 1 0 
1 22.933872768956427 12.509492560623105 0 0 0 1 1 0 -0 -0 1 0 
1 24.594663459156173 12.632728753883535 0 0 0 1 1 0 -0 -0 1 0 
1 22.907440525509053 14.6940959328243 0 0 0 1 1 0 -0 -0 1 0 
1 20.793414667511787 16.6589612230688 0 0 0 1 1 0 -0 -0 1 0 
1 20.634631644598354 19.817132611673159 0 0 0 1 1 0 -0 -0 1 0 
1 24.598427375419213 14.800923569044301 0 0 0 1 1 0 -0 -0 1 0 
1 25.304702040996823 15.528462807127427 0 0 0 1 1 0 -0 -0 1 0 
1 26.456916296832784 15.092887928032068 0 0 0 1 1 0 -0 -0 1 0 
1 27.087996041023278 14.424057958423958 0 0 0 1 1 0 -0 -0 1 0 
1 27.762971028893759 11.718090780569751 0 0 0 1 1 0 -0 -0 1 0 
1 27.609221203552256 14.765826741268377 0 0 0 1 1 0 -0 -0 1 0 
1 27.567117310297441 15.968921690062938 0 0 0 1 1 0 -0 -0 1 0 
1 28.11176029792383 14.773625243545599 0 0 0 1 1 0 -0 -0 1 0 
1 29.734844710970712 14.77509462415374 0 0 0 1 1 0 -0 -0 1 0 
1 29.244214131751018 14.758008383829644 0 0 0 1 1 0 -0 -0 1 0 
1 29.882048580759854 15.968921690062935 0 0 0 1 1 0 -0 -0 1 0 
1 29.110404823939053 15.968921690062931 0 0 0 1 1 0 -0 -0 1 0 
1 28.80348527772852 14.423619105790516 0 0 0 1 1 0 -0 -0 1 0 
1 28.775854574262681 11.737343148714411 0 0 0 1 1 0 -0 -0 1 0 
1 28.030330572265214 15.968921690062938 0 0 0 1 1 0 -0 -0 1 0 
1 22.861747746958905 17.82177118445891 0 0 0 1 1 0 -0 -0 1 0 
1 22.848979987325361 19.213697096007991 0 0 0 1 1 0 -0 -0 1 0 
1 24.645773638562705 17.678110241229309 0 0 0 1 1 0 -0 -0 1 0 
1 30.237209891068051 10.961289128651341 0 0 0 1 1 0 -0 -0 1 0 
1 30.938693134430778 8.4259480197811598 0 0 0 1 1 0 -0 -0 1 0 
1 44.212743225889959 15.205799152511858 0 0 0 1 1 0 -0 -0 1 0 
1 43.028686478453018 16.259793680011427 0 0 0 1 1 0 -0 -0 1 0 
1 43.837706424295128 14.130088822254605 0 0 0 1 1 0 -0 -0 1 0 
1 44.585126399796358 13.270718051344108 0 0 0 1 1 0 -0 -0 1 0 
1 43.969185552562429 12.134986838135067 0 0 0 1 1 0 -0 -0 1 0 
1 46.291283938128061 13.318575693253679 0 0 0 1 1 0 -0 -0 1 0 
1 42.008947226952685 12.112159314254457 0 0 0 1 1 0 -0 -0 1 0 
1 41.528525742204479 12.903937200537811 0 0 0 1 1 0 -0 -0 1 0 
1 45.734645612158857 15.337529350637764 0 0 0 1 1 0 -0 -0 1 0 
1 44.839326869436377 15.566247597177897 0 0 0 1 1 0 -0 -0 1 0 
1 33.987413410187244 18.538413308587565 0 0 0 1 1 0 -0 -0 1 0 
1 34.541209232437105 18.610953852565206 0 0 0 1 1 0 -0 -0 1 0 
1 33.534160071350698 17.214889867209688 0 0 0 1 1 0 -0 -0 1 0 
1 32.95534198865991 17.086511249144102 0 0 0 1 1 0 -0 -0 1 0 
1 33.993173261982662 16.593870549457012 0 0 0 1 1 0 -0 -0 1 0 
1 34.542334609069783 16.779645646925328 0 0 0 1 1 0 -0 -0 1 0 
1 32.396284088046187 12.234201899108605 0 0 0 1 1 0 -0 -0 1 0 
1 32.368118122140288 14.430522950415863 0 0 0 1 1 0 -0 -0 1 0 
1 34.903460057323734 10.79608549069359 0 0 0 1 1 0 -0 -0 1 0 
1 33.425142653827685 8.3653561845208202 0 0 0 1 1 0 -0 -0 1 0 
1 33.534160071350684 15.204056533876345 0 0 0 1 1 0 -0 -0 1 0 
1 32.955216261832277 15.091411721133293 0 0 0 1 1 0 -0 -0 1 0 
1 35.682961125244297 14.996632791015358 0 0 0 1 1 0 -0 -0 1 0 
1 35.133924826654464 16.430541850704028 0 0 0 1 1 0 -0 -0 1 0 
1 34.790442256098189 17.766929852942937 0 0 0 1 1 0 -0 -0 1 0 
1 34.637975343485067 20.477935344345603 0 0 0 1 1 0 -0 -0 1 0 
1 33.595084756801036 20.851645608250958 0 0 0 1 1 0 -0 -0 1 0 
1 33.71165596280197 22.103932578864725 0 0 0 1 1 0 -0 -0 1 0 
1 30.576021222972589 20.813757422860757 0 0 0 1 1 0 -0 -0 1 0 
1 31.182859755539571 22.131062119460434 0 0 0 1 1 0 -0 -0 1 0 
1 33.040510703864719 22.775077837801973 0 0 0 1 1 0 -0 -0 1 0 
1 30.457725827293064 22.781470500041937 0 0 0 1 1 0 -0 -0 1 0 
1 29.462664417167375 22.350669625500714 0 0 0 1 1 0 -0 -0 1 0 
1 30.675552238551585 23.812938812150236 0 0 0 1 1 0 -0 -0 1 0 
1 29.922924627088889 24.336769269408872 0 0 0 1 1 0 -0 -0 1 0 
1 30.430522506491908 25.135138270796645 0 0 0 1 1 0 -0 -0 1 0 
1 29.067756646940445 24.467792248778878 0 0 0 1 1 0 -0 -0 1 0 
1 31.486093123954589 25.144437654633069 0 0 0 1 1 0 -0 -0 1 0 
1 30.174308897569986 26.188152089135777 0 0 0 1 1 0 -0 -0 1 0 
1 31.210445088694854 26.764493295569817 0 0 0 1 1 0 -0 -0 1 0 
1 29.26946537163122 26.057805560105454 0 0 0 1 1 0 -0 -0 1 0 
1 36.127089893025641 20.709165455107307 0 0 0 1 1 0 -0 -0 1 0 
1 35.792177370531384 22.103932578864722 0 0 0 1 1 0 -0 -0 1 0 
1 36.9391892275112 20.164050368556165 0 0 0 1 1 0 -0 -0 1 0 
1 37.076697000700555 18.76882826750337 0 0 0 1 1 0 -0 -0 1 0 
1 37.929978689293939 19.009126068191936 0 0 0 1 1 0 -0 -0 1 0 
1 37.752719266376779 20.116911486254523 0 0 0 1 1 0 -0 -0 1 0 
1 38.572980979758043 18.575906352205312 0 0 0 1 1 0 -0 -0 1 0 
1 33.378887850453197 23.809912030705899 0 0 0 1 1 0 -0 -0 1 0 
1 32.601823788242619 24.343264805110909 0 0 0 1 1 0 -0 -0 1 0 
1 34.499536536428266 24.464860370230138 0 0 0 1 1 0 -0 -0 1 0 
1 35.347799136675697 24.342170762066441 0 0 0 1 1 0 -0 -0 1 0 
1 34.227328679850068 25.144506860865807 0 0 0 1 1 0 -0 -0 1 0 
1 33.125192161728364 25.136585709861325 0 0 0 1 1 0 -0 -0 1 0 
1 50.910491999893871 8.8133367728464993 0 0 0 1 1 0 -0 -0 1 0 
1 52.178706237137924 8.224330199657544 0 0 0 1 1 0 -0 -0 1 0 
1 50.764895496556633 10.124032755065063 0 0 0 1 1 0 -0 -0 1 0 
1 48.960823347257836 11.24644738702014 0 0 0 1 1 0 -0 -0 1 0 
1 53.859709470206738 11.736258000363177 0 0 0 1 1 0 -0 -0 1 0 
1 52.034539755042161 11.186597708916239 0 0 0 1 1 0 -0 -0 1 0 
1 16.213819778440154 7.6215281117734808 0 0 0 1 1 0 -0 -0 1 0 
1 17.410469353851713 7.6462005144567717 0 0 0 1 1 0 -0 -0 1 0 
1 15.095499492852753 7.584138679323889 0 0 0 1 1 0 -0 -0 1 0 
1 16.244910940993602 6.2852973923397322 0 0 0 1 1 0 -0 -0 1 0 
1 18.4737573357753 6.0966257585571499 0 0 0 1 1 0 -0 -0 1 0 
1 14.494861789746285 11.734612420077285 0 0 0 1 1 0 -0 -0 1 0 
1 15.184906041701231 10.635482307403777 0 0 0 1 1 0 -0 -0 1 0 
1 14.343686973800592 13.431968223800578 0 0 0 1 1 0 -0 -0 1 0 
1 13.341166524334581 11.570752718974765 0 0 0 1 1 0 -0 -0 1 0 
1 12.695977349290581 12.517254106440763 0 0 0 1 1 0 -0 -0 1 0 
1 17.097742231040961 11.25583102087811 0 0 0 1 1 0 -0 -0 1 0 
1 11.812115775044383 11.268130156427429 0 0 0 1 1 0 -0 -0 1 0 
1 11.914466185287885 12.428113289303559 0 0 0 1 1 0 -0 -0 1 0 
1 15.069814205395383 6.2544089361151984 0 0 0 1 1 0 -0 -0 1 0 
1 16.478766234822949 4.3867049714772639 0 0 0 1 1 0 -0 -0 1 0 
1 16.849970090266503 5.6202224120085251 0 0 0 1 1 0 -0 -0 1 0 
1 34.347662903879112 0.5998184392446001 0 0 0 1 1 0 -0 -0 1 0 
1 10.700961767101559 0.97800123430838548 0 0 0 1 1 0 -0 -0 1 0 
1 35.321330419283093 0.60001656065055808 0 0 0 1 1 0 -0 -0 1 0 
1 12.667243544540893 0.97648349535766343 0 0 0 1 1 0 -0 -0 1 0 
1 32.455306210533379 1.0881537604897316 0 0 0 1 1 0 -0 -0 1 0 
1 33.939634859012692 1.5442534192719668 0 0 0 1 1 0 -0 -0 1 0 
1 26.962511013239336 1.0881570590388314 0 0 0 1 1 0 -0 -0 1 0 
1 28.436410805458149 1.5770872454987923 0 0 0 1 1 0 -0 -0 1 0 
1 37.937689789749271 1.0881616754586223 0 0 0 1 1 0 -0 -0 1 0 
1 39.412273357587274 1.5095008953978302 0 0 0 1 1 0 -0 -0 1 0 
1 43.388165814305566 1.0881655209793046 0 0 0 1 1 0 -0 -0 1 0 
1 44.885653308425439 1.5147543739428113 0 0 0 1 1 0 -0 -0 1 0 
1 44.010972865866322 2.3098793070617436 0 0 0 1 1 0 -0 -0 1 0 
1 45.730852092416548 2.0054256055063382 0 0 0 1 1 0 -0 -0 1 0 
1 41.795630840084485 1.7274668134752769 0 0 0 1 1 0 -0 -0 1 0 
1 40.218234028616578 2.0166357259196128 0 0 0 1 1 0 -0 -0 1 0 
1 10.007972771540731 1.7848948347565452 0 0 0 1 1 0 -0 -0 1 0 
1 10.326550122769124 2.321588052130894 0 0 0 1 1 0 -0 -0 1 0 
1 11.472995652390377 2.1616794503984345 0 0 0 1 1 0 -0 -0 1 0 
1 10.349194402499705 2.8277626246163807 0 0 0 1 1 0 -0 -0 1 0 
1 53.261159957881894 1.7016941410267772 0 0 0 1 1 0 -0 -0 1 0 
1 54.470552979398704 2.2802791026317788 0 0 0 1 1 0 -0 -0 1 0 
1 16.240414256844247 0.9883119684786964 0 0 0 1 1 0 -0 -0 1 0 
1 17.544633064988314 1.5786476189305301 0 0 0 1 1 0 -0 -0 1 0 
1 14.586237063731849 1.7141872732977259 0 0 0 1 1 0 -0 -0 1 0 
1 13.358322097364567 1.8209099270831359 0 0 0 1 1 0 -0 -0 1 0 
1 15.265359485592136 2.5299835082213544 0 0 0 1 1 0 -0 -0 1 0 
1 16.650674015030745 2.3523263084448223 0 0 0 1 1 0 -0 -0 1 0 
1 36.334630840084479 1.7274668134752769 0 0 0 1 1 0 -0 -0 1 0 
1 37.005981457949687 2.4918306727225699 0 0 0 1 1 0 -0 -0 1 0 
1 38.486543368344755 2.3087010219950295 0 0 0 1 1 0 -0 -0 1 0 
1 21.512266707034946 1.0881683878756534 0 0 0 1 1 0 -0 -0 1 0 
1 22.977206329031578 1.5775595725328702 0 0 0 1 1 0 -0 -0 1 0 
1 22.074439296048507 2.3473060887152699 0 0 0 1 1 0 -0 -0 1 0 
1 23.802564860288907 2.0564862263434511 0 0 0 1 1 0 -0 -0 1 0 
1 22.547402381911802 3.5439740631540406 0 0 0 1 1 0 -0 -0 1 0 
1 20.579090939187388 2.4907783736822222 0 0 0 1 1 0 -0 -0 1 0 
1 19.910854692180116 1.7285191125156252 0 0 0 1 1 0 -0 -0 1 0 
1 18.416942327465701 2.0493179087491171 0 0 0 1 1 0 -0 -0 1 0 
1 59.449997066568351 0.88499438957397569 0 0 0 1 1 0 -0 -0 1 0 
1 58.082404917847015 1.2600244115156225 0 0 0 1 1 0 -0 -0 1 0 
1 59.96809982934797 0.52831060227027193 0 0 0 1 1 0 -0 -0 1 0 
1 58.514069625556999 2.340955673789777 0 0 0 1 1 0 -0 -0 1 0 
1 59.546921163050328 1.4458493768390805 0 0 0 1 1 0 -0 -0 1 0 
1 47.070046168696976 23.812312915228958 0 0 0 1 1 0 -0 -0 1 0 
1 49.009995738963184 24.335479571239787 0 0 0 1 1 0 -0 -0 1 0 
1 48.158575935860803 24.46426852595113 0 0 0 1 1 0 -0 -0 1 0 
1 46.589568298782055 14.764956019296713 0 0 0 1 1 0 -0 -0 1 0 
1 46.679354998227922 15.806372813811876 0 0 0 1 1 0 -0 -0 1 0 
1 45.987327938803681 16.261697000595611 0 0 0 1 1 0 -0 -0 1 0 
1 47.598454067741955 16.030415900256116 0 0 0 1 1 0 -0 -0 1 0 
1 49.271174554021542 14.232011246078983 0 0 0 1 1 0 -0 -0 1 0 
1 41.66236586093963 23.812378941258114 0 0 0 1 1 0 -0 -0 1 0 
1 40.887927834548513 24.332582225041659 0 0 0 1 1 0 -0 -0 1 0 
1 41.384585596348288 25.134091281563634 0 0 0 1 1 0 -0 -0 1 0 
1 40.040224870836333 24.46883682826628 0 0 0 1 1 0 -0 -0 1 0 
1 39.756794446923045 25.144872228777899 0 0 0 1 1 0 -0 -0 1 0 
1 38.611982835725769 25.136118405245821 0 0 0 1 1 0 -0 -0 1 0 
1 34.725090438154488 26.065873738428053 0 0 0 1 1 0 -0 -0 1 0 
1 35.623274284560523 26.177023720575594 0 0 0 1 1 0 -0 -0 1 0 
1 33.944324912033608 26.764750638215531 0 0 0 1 1 0 -0 -0 1 0 
1 32.882117764919208 26.17476231164887 0 0 0 1 1 0 -0 -0 1 0 
1 66.381651296211857 5.6884324849926857 0 0 0 1 1 0 -0 -0 1 0 
1 65.983972081472487 4.6089044926853902 0 0 0 1 1 0 -0 -0 1 0 
1 66.331461440298426 6.5287839083336419 0 0 0 1 1 0 -0 -0 1 0 
1 65.64951975005404 3.9307973665873321 0 0 0 1 1 0 -0 -0 1 0 
1 64.942158686567183 5.7578432018856232 0 0 0 1 1 0 -0 -0 1 0 
1 64.956553888860071 4.1032641737816951 0 0 0 1 1 0 -0 -0 1 0 
1 63.773386353226932 20.888483076979277 0 0 0 1 1 0 -0 -0 1 0 
1 61.978376614376415 21.202324826874289 0 0 0 1 1 0 -0 -0 1 0 
1 63.88402199977314 19.927118314771192 0 0 0 1 1 0 -0 -0 1 0 
1 64.890454380900778 22.044995568573814 0 0 0 1 1 0 -0 -0 1 0 
1 64.315950004651299 23.04508043646122 0 0 0 1 1 0 -0 -0 1 0 
1 65.497217467351263 20.398917892613913 0 0 0 1 1 0 -0 -0 1 0 
1 58.555881418591056 3.0455769014200618 0 0 0 1 1 0 -0 -0 1 0 
1 59.412223264417634 3.2126841803122317 0 0 0 1 1 0 -0 -0 1 0 
1 58.05726451155769 3.9476265538339206 0 0 0 1 1 0 -0 -0 1 0 
1 57.383207504571985 3.9775380095391153 0 0 0 1 1 0 -0 -0 1 0 
1 58.932595531319237 5.3527518202128963 0 0 0 1 1 0 -0 -0 1 0 
1 59.714860482736086 4.9847974634450303 0 0 0 1 1 0 -0 -0 1 0 
1 58.56535523176241 7.4728068069967657 0 0 0 1 1 0 -0 -0 1 0 
1 58.095415746456709 6.3177477759976188 0 0 0 1 1 0 -0 -0 1 0 
1 58.535601371517657 12.836760295128217 0 0 0 1 1 0 -0 -0 1 0 
1 60.934515501116998 12.90130630251825 0 0 0 1 1 0 -0 -0 1 0 
1 60.851499260947143 9.6309992609471493 0 0 0 1 1 0 -0 -0 1 0 
1 58.35158471783825 11.077270503902986 0 0 0 1 1 0 -0 -0 1 0 
1 54.307729721072015 7.9658944731696728 0 0 0 1 1 0 -0 -0 1 0 
1 55.284296142220782 6.2813331551693885 0 0 0 1 1 0 -0 -0 1 0 
1 53.062402730643612 8.2338505383050151 0 0 0 1 1 0 -0 -0 1 0 
1 61.93508518418836 10.324975996651384 0 0 0 1 1 0 -0 -0 1 0 
1 63.766561194041977 9.7505311276917546 0 0 0 1 1 0 -0 -0 1 0 
1 61.488050293802495 8.4195603506019072 0 0 0 1 1 0 -0 -0 1 0 
1 64.050130568036082 8.756924113988255 0 0 0 1 1 0 -0 -0 1 0 
1 64.894310375755495 11.014423268955532 0 0 0 1 1 0 -0 -0 1 0 
1 63.232552380345169 7.9141556970701474 0 0 0 1 1 0 -0 -0 1 0 
1 63.452698176929722 7.1218208071619902 0 0 0 1 1 0 -0 -0 1 0 
1 60.922454948757895 7.7372208751166252 0 0 0 1 1 0 -0 -0 1 0 
1 61.725960160948254 6.8792741822702679 0 0 0 1 1 0 -0 -0 1 0 
1 61.787235506517568 6.3299899542774707 0 0 0 1 1 0 -0 -0 1 0 
1 61.37526398289684 5.3219802200701354 0 0 0 1 1 0 -0 -0 1 0 
1 64.080468616538752 6.5148141372860398 0 0 0 1 1 0 -0 -0 1 0 
1 56.699774959703667 4.7389421883424188 0 0 0 1 1 0 -0 -0 1 0 
1 57.061619496110602 3.3498478819220088 0 0 0 1 1 0 -0 -0 1 0 
1 55.932863788639665 3.4288955188908603 0 0 0 1 1 0 -0 -0 1 0 
1 57.046272151918366 2.8243135117498053 0 0 0 1 1 0 -0 -0 1 0 
1 65.817731062146578 9.8487304969785665 0 0 0 1 1 0 -0 -0 1 0 
1 64.293925908055158 12.012862567146923 0 0 0 1 1 0 -0 -0 1 0 
1 62.072519237139161 11.625689295589179 0 0 0 1 1 0 -0 -0 1 0 
1 63.448492590897743 12.101549284356743 0 0 0 1 1 0 -0 -0 1 0 
1 64.35230489336611 27.243486861759482 0 0 0 1 1 0 -0 -0 1 0 
1 65.026213238583338 25.345740628497364 0 0 0 1 1 0 -0 -0 1 0 
1 62.886157143032875 24.560082063057891 0 0 0 1 1 0 -0 -0 1 0 
1 63.449983656589467 23.156685419465585 0 0 0 1 1 0 -0 -0 1 0 
1 62.915218616117699 26.635573452198315 0 0 0 1 1 0 -0 -0 1 0 
1 63.265279356158722 25.257455862971309 0 0 0 1 1 0 -0 -0 1 0 
1 63.439053007308772 27.405974468090527 0 0 0 1 1 0 -0 -0 1 0 
1 61.697622775213439 27.007227667169307 0 0 0 1 1 0 -0 -0 1 0 
1 65.492924428801786 14.928663136132464 0 0 0 1 1 0 -0 -0 1 0 
1 64.89230042399349 16.579103654485564 0 0 0 1 1 0 -0 -0 1 0 
1 62.021360489703589 22.404986493709291 0 0 0 1 1 0 -0 -0 1 0 
1 58.333908606866565 22.291267354580135 0 0 0 1 1 0 -0 -0 1 0 
1 59.165005572411374 20.965516275979382 0 0 0 1 1 0 -0 -0 1 0 
1 57.899073013907618 20.109449648710228 0 0 0 1 1 0 -0 -0 1 0 
1 60.936137214826665 20.456392423160011 0 0 0 1 1 0 -0 -0 1 0 
1 56.431628287460192 20.668180748234125 0 0 0 1 1 0 -0 -0 1 0 
1 56.482537016339009 22.218238001072191 0 0 0 1 1 0 -0 -0 1 0 
1 55.191878323196534 19.812189671212259 0 0 0 1 1 0 -0 -0 1 0 
1 55.127658765704808 16.658329280563663 0 0 0 1 1 0 -0 -0 1 0 
1 61.601860394682916 19.522731886507366 0 0 0 1 1 0 -0 -0 1 0 
1 54.155987405058212 20.156619758715802 0 0 0 1 1 0 -0 -0 1 0 
1 53.794768030274462 21.147696778373692 0 0 0 1 1 0 -0 -0 1 0 
1 50.741306490550926 21.170671073884265 0 0 0 1 1 0 -0 -0 1 0 
1 54.001782276197858 22.202451959684662 0 0 0 1 1 0 -0 -0 1 0 
1 53.229505162531048 19.223557245864384 0 0 0 1 1 0 -0 -0 1 0 
1 52.110283473830954 19.243610178642662 0 0 0 1 1 0 -0 -0 1 0 
1 53.211653763883355 17.689994673616663 0 0 0 1 1 0 -0 -0 1 0 
1 51.381197472271268 15.286629411890456 0 0 0 1 1 0 -0 -0 1 0 
1 53.470642432547059 14.626766147908905 0 0 0 1 1 0 -0 -0 1 0 
1 52.124517310940519 17.68044533339172 0 0 0 1 1 0 -0 -0 1 0 
1 50.731631273061829 22.143517363672391 0 0 0 1 1 0 -0 -0 1 0 
1 50.267642664947473 20.390132735473856 0 0 0 1 1 0 -0 -0 1 0 
1 51.195012975463797 25.332189910849682 0 0 0 1 1 0 -0 -0 1 0 
1 52.101560415308349 25.070067567093155 0 0 0 1 1 0 -0 -0 1 0 
1 50.348456826532647 26.578791533756768 0 0 0 1 1 0 -0 -0 1 0 
1 49.292400774815725 26.165983093937825 0 0 0 1 1 0 -0 -0 1 0 
1 52.396504098100579 22.79918808401257 0 0 0 1 1 0 -0 -0 1 0 
1 53.00178326764901 25.430923198764493 0 0 0 1 1 0 -0 -0 1 0 
1 53.780583048814805 24.505335167318112 0 0 0 1 1 0 -0 -0 1 0 
1 54.662304776105394 26.844171537449689 0 0 0 1 1 0 -0 -0 1 0 
1 49.713783647578509 22.91594586502789 0 0 0 1 1 0 -0 -0 1 0 
1 47.402407150607836 22.108014724392191 0 0 0 1 1 0 -0 -0 1 0 
1 50.63700821242238 24.514204502716801 0 0 0 1 1 0 -0 -0 1 0 
1 49.532933990418485 25.106575470621539 0 0 0 1 1 0 -0 -0 1 0 
1 50.023517685989574 23.893046552890585 0 0 0 1 1 0 -0 -0 1 0 
1 48.391460894993507 26.067770817990379 0 0 0 1 1 0 -0 -0 1 0 
1 64.179163111502447 6.9394783059767144 0 0 0 1 1 0 -0 -0 1 0 
1 64.993177418084287 8.5001410534746178 0 0 0 1 1 0 -0 -0 1 0 
1 65.580757333342163 8.4413675416702247 0 0 0 1 1 0 -0 -0 1 0 
1 65.909740798813573 7.0828488092800379 0 0 0 1 1 0 -0 -0 1 0 
1 57.460696675819293 13.83882777527017 0 0 0 1 1 0 -0 -0 1 0 
1 54.341457849237166 12.983918816671444 0 0 0 1 1 0 -0 -0 1 0 
1 53.628295088070821 13.37190919810355 0 0 0 1 1 0 -0 -0 1 0 
1 51.831540491603107 12.95545430006359 0 0 0 1 1 0 -0 -0 1 0 
1 56.637032679981012 5.6705409555596669 0 0 0 1 1 0 -0 -0 1 0 
1 63.476478641998803 4.5861356469377759 0 0 0 1 1 0 -0 -0 1 0 
1 63.759054368508956 3.9299234438030473 0 0 0 1 1 0 -0 -0 1 0 
1 62.311526132947684 4.3190248107190916 0 0 0 1 1 0 -0 -0 1 0 
1 63.484107015173549 3.2629597954190341 0 0 0 1 1 0 -0 -0 1 0 
1 64.696644263699469 3.8420324605311009 0 0 0 1 1 0 -0 -0 1 0 
1 62.696717825340535 2.9288395507636826 0 0 0 1 1 0 -0 -0 1 0 
1 61.925301375197186 3.2721847885459283 0 0 0 1 1 0 -0 -0 1 0 
1 62.832617008702996 2.1554128927016403 0 0 0 1 1 0 -0 -0 1 0 
1 60.279921170264153 4.9803677589507833 0 0 0 1 1 0 -0 -0 1 0 
1 60.75054447539685 2.1978306839300337 0 0 0 1 1 0 -0 -0 1 0 
1 60.814116990664182 26.153857797603123 0 0 0 1 1 0 -0 -0 1 0 
1 59.03224622794626 26.863234137015866 0 0 0 1 1 0 -0 -0 1 0 
1 61.565424476259224 24.898812248956244 0 0 0 1 1 0 -0 -0 1 0 
1 59.069044798961365 23.464235312593697 0 0 0 1 1 0 -0 -0 1 0 
1 60.910641630566978 23.532178930360026 0 0 0 1 1 0 -0 -0 1 0 
1 58.106889897831529 25.610187397903452 0 0 0 1 1 0 -0 -0 1 0 
1 56.949331049121881 25.4956316601473 0 0 0 1 1 0 -0 -0 1 0 
1 60.107335078827532 27.831223931384685 0 0 0 1 1 0 -0 -0 1 0 
1 56.100574537610107 25.788602626380388 0 0 0 1 1 0 -0 -0 1 0 
1 53.233700419188857 27.355090074923421 0 0 0 1 1 0 -0 -0 1 0 
1 15.378591598902768 27.116481429128637 0 0 0 1 1 0 -0 -0 1 0 
1 39.413558020364789 26.764235035745681 0 0 0 1 1 0 -0 -0 1 0 
1 38.364409191681027 26.179294124493403 0 0 0 1 1 0 -0 -0 1 0 
1 40.224539019815019 26.053774953596758 0 0 0 1 1 0 -0 -0 1 0 
1 41.12020283410191 26.196754243455505 0 0 0 1 1 0 -0 -0 1 0 
1 62.914061955025211 13.683683873467558 0 0 0 1 1 0 -0 -0 1 0 
1 63.880339046793324 14.461056711308037 0 0 0 1 1 0 -0 -0 1 0 
1 63.773639091140183 15.426155878502252 0 0 0 1 1 0 -0 -0 1 0 
1 61.59737277580038 14.058595949365644 0 0 0 1 1 0 -0 -0 1 0 
1 60.82889347911329 15.482143479113299 0 0 0 1 1 0 -0 -0 1 0 
1 60.985564093321422 18.579817527927542 0 0 0 1 1 0 -0 -0 1 0 
1 58.46939727624116 18.786457782937557 0 0 0 1 1 0 -0 -0 1 0 
1 57.988373966702326 15.035743047349591 0 0 0 1 1 0 -0 -0 1 0 
1 62.924233514182468 19.150607612077593 0 0 0 1 1 0 -0 -0 1 0 
1 63.453658827036108 17.691162612150965 0 0 0 1 1 0 -0 -0 1 0 
1 44.866140435000631 26.756342172699462 0 0 0 1 1 0 -0 -0 1 0 
1 43.82382584378756 26.18692733051823 0 0 0 1 1 0 -0 -0 1 0 
1 37.46578719828895 26.064349696742436 0 0 0 1 1 0 -0 -0 1 0 
1 38.093796877867213 24.341070967913534 0 0 0 1 1 0 -0 -0 1 0 
1 38.914962161612017 23.807670386553564 0 0 0 1 1 0 -0 -0 1 0 
1 37.245190839311768 24.465394964272217 0 0 0 1 1 0 -0 -0 1 0 
1 46.782716442776568 20.941145536390128 0 0 0 1 1 0 -0 -0 1 0 
1 44.662568020384846 20.943346666218194 0 0 0 1 1 0 -0 -0 1 0 
1 47.040106236001719 20.350637726529573 0 0 0 1 1 0 -0 -0 1 0 
1 45.760137961192996 19.134272223294108 0 0 0 1 1 0 -0 -0 1 0 
1 44.850231018190733 18.935902588341317 0 0 0 1 1 0 -0 -0 1 0 
1 45.98282718804068 18.245193611921458 0 0 0 1 1 0 -0 -0 1 0 
1 47.390791068192634 18.547042265140711 0 0 0 1 1 0 -0 -0 1 0 
1 45.723101912771185 17.821055419960047 0 0 0 1 1 0 -0 -0 1 0 
1 44.037597217476481 22.104935759143146 0 0 0 1 1 0 -0 -0 1 0 
1 43.935342381049971 20.141137211464315 0 0 0 1 1 0 -0 -0 1 0 
1 44.257493411029607 19.253176851826531 0 0 0 1 1 0 -0 -0 1 0 
1 42.101117379349397 20.307698222040973 0 0 0 1 1 0 -0 -0 1 0 
1 41.504205577692048 21.112055676984301 0 0 0 1 1 0 -0 -0 1 0 
1 39.814447917540768 20.397685849219329 0 0 0 1 1 0 -0 -0 1 0 
1 42.004907150607814 22.108014724392191 0 0 0 1 1 0 -0 -0 1 0 
1 41.349150025841496 19.193218318645634 0 0 0 1 1 0 -0 -0 1 0 
1 40.003971529597749 19.305973238500435 0 0 0 1 1 0 -0 -0 1 0 
1 51.037155073936297 19.472785432553245 0 0 0 1 1 0 -0 -0 1 0 
1 49.810346382390755 17.710381489784464 0 0 0 1 1 0 -0 -0 1 0 
1 20.099651598457669 26.772411776160066 0 0 0 1 1 0 -0 -0 1 0 
1 65.796432044166991 6.4801855686042993 0 0 0 1 1 0 -0 -0 1 0 
1 63.780254496383655 1.445849376839081 0 0 0 1 1 0 -0 -0 1 0 
1 62.692333351270563 1.2142489022780347 0 0 0 1 1 0 -0 -0 1 0 
1 63.52356288283292 0.85042748360033438 0 0 0 1 1 0 -0 -0 1 0 
1 64.569002888901267 0.49399259892066844 0 0 0 1 1 0 -0 -0 1 0 
1 62.536020204087897 1.8601713652943004 0 0 0 1 1 0 -0 -0 1 0 
1 61.886009541282128 0.84543059185215774 0 0 0 1 1 0 -0 -0 1 0 
1 65.428690130117843 0.52760932127150095 0 0 0 1 1 0 -0 -0 1 0 
1 61.607499553163038 1.4572429762453389 0 0 0 1 1 0 -0 -0 1 0 
1 64.640481509447355 1.8524242973095153 0 0 0 1 1 0 -0 -0 1 0 
1 65.937932353411512 0.88208785953859614 0 0 0 1 1 0 -0 -0 1 0 
1 66.384615126682021 2.1438436520887176 0 0 0 1 1 0 -0 -0 1 0 
1 65.977337636222273 3.218659930497755 0 0 0 1 1 0 -0 -0 1 0 
1 66.331900726589978 1.4503454548895742 0 0 0 1 1 0 -0 -0 1 0 
1 65.840832886496372 1.4572429762453392 0 0 0 1 1 0 -0 -0 1 0 
1 57.860254072855049 1.9842942257989211 0 0 0 1 1 0 -0 -0 1 0 
1 57.068929633121982 2.3158597742327491 0 0 0 1 1 0 -0 -0 1 0 
1 11.636264216912954 1.3519249975957406 0 0 0 1 1 0 -0 -0 1 0 
1 13.007215791867425 2.371485486930899 0 0 0 1 1 0 -0 -0 1 0 
1 11.787375468162171 1.847299634626635 0 0 0 1 1 0 -0 -0 1 0 
1 12.98428008663709 2.8619531402751819 0 0 0 1 1 0 -0 -0 1 0 
1 17.961955389045432 3.46737541477086 0 0 0 1 1 0 -0 -0 1 0 
1 17.157526250327734 3.5359321313889072 0 0 0 1 1 0 -0 -0 1 0 
1 18.408257555802049 3.982811814021801 0 0 0 1 1 0 -0 -0 1 0 
1 15.114407304336643 3.8192888991359677 0 0 0 1 1 0 -0 -0 1 0 
1 17.858739273711365 5.5532989161297293 0 0 0 1 1 0 -0 -0 1 0 
1 19.910854692180109 3.5819162848775696 0 0 0 1 1 0 -0 -0 1 0 
1 52.424757588970664 2.2001628561089404 0 0 0 1 1 0 -0 -0 1 0 
1 51.213868685669716 2.0052821319158403 0 0 0 1 1 0 -0 -0 1 0 
1 42.466981457949686 2.4918306727225694 0 0 0 1 1 0 -0 -0 1 0 
1 44.50479316173994 3.3880257667633997 0 0 0 1 1 0 -0 -0 1 0 
1 43.822095939303082 4.2781065424188744 0 0 0 1 1 0 -0 -0 1 0 
1 45.271396185193439 3.3214154875688884 0 0 0 1 1 0 -0 -0 1 0 
1 44.362164115522255 5.5372028098981216 0 0 0 1 1 0 -0 -0 1 0 
1 64.321317689654165 17.578119750971517 0 0 0 1 1 0 -0 -0 1 0 
1 62.064689961844174 17.36387887470568 0 0 0 1 1 0 -0 -0 1 0 
1 61.917737406281965 16.154963753178631 0 0 0 1 1 0 -0 -0 1 0 
1 53.101048670724801 22.825811195750216 0 0 0 1 1 0 -0 -0 1 0 
1 54.498217194908548 24.516861452722985 0 0 0 1 1 0 -0 -0 1 0 
1 54.848873595367301 22.780170246271723 0 0 0 1 1 0 -0 -0 1 0 
1 55.172129342509358 24.518228491317181 0 0 0 1 1 0 -0 -0 1 0 
1 55.500790976090812 22.80944313454405 0 0 0 1 1 0 -0 -0 1 0 
1 57.130974845679191 22.765717840323703 0 0 0 1 1 0 -0 -0 1 0 
1 39.431462793083028 18.512776094851578 0 0 0 1 1 0 -0 -0 1 0 
1 38.25189202218445 17.715738611898999 0 0 0 1 1 0 -0 -0 1 0 
1 39.429001582158385 16.478746711140101 0 0 0 1 1 0 -0 -0 1 0 
1 38.572473843619228 16.799818957208128 0 0 0 1 1 0 -0 -0 1 0 
1 40.005359519691709 17.151248350474415 0 0 0 1 1 0 -0 -0 1 0 
1 41.33987415482671 17.065544405720011 0 0 0 1 1 0 -0 -0 1 0 
1 38.905050347695258 20.868678375185461 0 0 0 1 1 0 -0 -0 1 0 
1 38.582275764372227 22.100030972705568 0 0 0 1 1 0 -0 -0 1 0 
1 37.497537986518964 17.164220502370153 0 0 0 1 1 0 -0 -0 1 0 
1 37.902068963731196 16.383069436426762 0 0 0 1 1 0 -0 -0 1 0 
1 42.139305628775162 26.764235035745681 0 0 0 1 1 0 -0 -0 1 0 
1 42.453981684885875 25.144688514428161 0 0 0 1 1 0 -0 -0 1 0 
1 36.128544385672463 23.809908028893549 0 0 0 1 1 0 -0 -0 1 0 
1 35.868600114109952 25.1363552432977 0 0 0 1 1 0 -0 -0 1 0 
1 35.248454172985859 20.203863025326143 0 0 0 1 1 0 -0 -0 1 0 
1 35.273860282150743 19.081130707795115 0 0 0 1 1 0 -0 -0 1 0 
1 34.751412427475579 19.057416494632363 0 0 0 1 1 0 -0 -0 1 0 
1 32.367098100375649 17.769567137108833 0 0 0 1 1 0 -0 -0 1 0 
1 45.702777109349903 17.281339377158307 0 0 0 1 1 0 -0 -0 1 0 
1 44.682863788639658 18.220033698706672 0 0 0 1 1 0 -0 -0 1 0 
1 44.682863788639672 17.114855940802759 0 0 0 1 1 0 -0 -0 1 0 
1 45.726050006003952 16.751453113144628 0 0 0 1 1 0 -0 -0 1 0 
1 44.682863788639665 16.63843781444244 0 0 0 1 1 0 -0 -0 1 0 
1 43.033867263980923 18.247787717567558 0 0 0 1 1 0 -0 -0 1 0 
1 47.88802069232969 25.144452620622985 0 0 0 1 1 0 -0 -0 1 0 
1 46.823196033452582 25.135441644544201 0 0 0 1 1 0 -0 -0 1 0 
1 47.615197484442511 26.765007067835242 0 0 0 1 1 0 -0 -0 1 0 
1 46.569547565770819 26.185498919414059 0 0 0 1 1 0 -0 -0 1 0 
1 38.940337887901698 3.3929046973403363 0 0 0 1 1 0 -0 -0 1 0 
1 39.716142220623432 3.3067179582437971 0 0 0 1 1 0 -0 -0 1 0 
1 40.211514058095773 3.9474787830677425 0 0 0 1 1 0 -0 -0 1 0 
1 38.236431083563282 4.2849993912480153 0 0 0 1 1 0 -0 -0 1 0 
1 42.077944864583934 13.839948303630029 0 0 0 1 1 0 -0 -0 1 0 
1 38.715091819024508 13.233846261589603 0 0 0 1 1 0 -0 -0 1 0 
1 41.346525891752428 14.846436074981343 0 0 0 1 1 0 -0 -0 1 0 
1 39.995174025118125 14.943780315667651 0 0 0 1 1 0 -0 -0 1 0 
1 38.549870727535222 14.146212829952166 0 0 0 1 1 0 -0 -0 1 0 
1 43.798310793271781 6.2433767067282249 0 0 0 1 1 0 -0 -0 1 0 
1 42.15257900874952 6.2455790087495116 0 0 0 1 1 0 -0 -0 1 0 
1 44.126609374645682 7.9066911191765419 0 0 0 1 1 0 -0 -0 1 0 
1 41.570818764581567 7.454027097914909 0 0 0 1 1 0 -0 -0 1 0 
1 44.366922552125637 11.252424415743981 0 0 0 1 1 0 -0 -0 1 0 
1 42.525970036295291 10.100228797566615 0 0 0 1 1 0 -0 -0 1 0 
1 17.152586391596913 13.35937122026737 0 0 0 1 1 0 -0 -0 1 0 
1 15.015083859532778 14.103365109532762 0 0 0 1 1 0 -0 -0 1 0 
1 17.201554750648956 17.452864197004939 0 0 0 1 1 0 -0 -0 1 0 
1 15.012092554774108 16.84145713810743 0 0 0 1 1 0 -0 -0 1 0 
1 60.407148176114021 1.8524242973095166 0 0 0 1 1 0 -0 -0 1 0 
1 60.843837539139471 0.49603218989821329 0 0 0 1 1 0 -0 -0 1 0 
1 64.983877808730185 2.197830683930031 0 0 0 1 1 0 -0 -0 1 0 
1 55.932863788639672 2.6380975767587436 0 0 0 1 1 0 -0 -0 1 0 
1 55.932863788639672 2.1616794503984282 0 0 0 1 1 0 -0 -0 1 0 
1 14.37918033246843 4.4102160806457666 0 0 0 1 1 0 -0 -0 1 0 
1 13.356054098539374 4.065199306651273 0 0 0 1 1 0 -0 -0 1 0 
1 12.660567092954089 4.8080307780545093 0 0 0 1 1 0 -0 -0 1 0 
1 12.993337693462507 3.3774572549228421 0 0 0 1 1 0 -0 -0 1 0 
1 13.036510061644211 5.7071363322482815 0 0 0 1 1 0 -0 -0 1 0 
1 11.638616456940895 4.3491493211403816 0 0 0 1 1 0 -0 -0 1 0 
1 10.701258929034816 4.8053087457767241 0 0 0 1 1 0 -0 -0 1 0 
1 9.7528590106201332 7.1522162221405328 0 0 0 1 1 0 -0 -0 1 0 
1 10.227389622115734 8.1639505201932412 0 0 0 1 1 0 -0 -0 1 0 
1 9.850728680153912 6.7318600125344856 0 0 0 1 1 0 -0 -0 1 0 
1 10.589731366659374 5.5388201042369953 0 0 0 1 1 0 -0 -0 1 0 
1 10.005265724199889 4.0273234228324819 0 0 0 1 1 0 -0 -0 1 0 
1 10.334534706270153 3.3519632311526868 0 0 0 1 1 0 -0 -0 1 0 
1 14.009473203847074 8.8117983818193455 0 0 0 1 1 0 -0 -0 1 0 
1 11.368780020814377 10.953139948795116 0 0 0 1 1 0 -0 -0 1 0 
1 11.431012934462256 8.9159318272841936 0 0 0 1 1 0 -0 -0 1 0 
1 9.9561535074604262 11.066167926365013 0 0 0 1 1 0 -0 -0 1 0 
1 10.20004608747759 10.076035968098077 0 0 0 1 1 0 -0 -0 1 0 
1 10.894323965643858 11.15111994856513 0 0 0 1 1 0 -0 -0 1 0 
1 50.754957317062335 3.3216013077311359 0 0 0 1 1 0 -0 -0 1 0 
1 50.35879310948053 1.5146425380006974 0 0 0 1 1 0 -0 -0 1 0 
1 51.207180740272904 3.9299668241166721 0 0 0 1 1 0 -0 -0 1 0 
1 49.980334988332771 3.3873679351479216 0 0 0 1 1 0 -0 -0 1 0 
1 52.897230324090522 6.2599594907571658 0 0 0 1 1 0 -0 -0 1 0 
1 52.596933100599855 7.0924648281239708 0 0 0 1 1 0 -0 -0 1 0 
1 45.378806531895748 5.4922481324491033 0 0 0 1 1 0 -0 -0 1 0 
1 45.72416236173769 3.9301877986132552 0 0 0 1 1 0 -0 -0 1 0 
1 49.616237766524392 7.853768719499957 0 0 0 1 1 0 -0 -0 1 0 
1 50.017220538434657 6.0723665131381637 0 0 0 1 1 0 -0 -0 1 0 
1 47.421998814576249 7.8523318536210009 0 0 0 1 1 0 -0 -0 1 0 
1 46.681769832509687 6.1725557605881223 0 0 0 1 1 0 -0 -0 1 0 
1 49.178515011550047 5.4860959703547927 0 0 0 1 1 0 -0 -0 1 0 
1 47.573587460004518 5.5278570755730545 0 0 0 1 1 0 -0 -0 1 0 
1 49.300749705915202 4.2770684039482765 0 0 0 1 1 0 -0 -0 1 0 
1 46.885076202995478 13.887905182370176 0 0 0 1 1 0 -0 -0 1 0 
1 48.741354692819286 13.249365342418043 0 0 0 1 1 0 -0 -0 1 0 
1 45.672219417920779 11.463240087927987 0 0 0 1 1 0 -0 -0 1 0 
1 51.403085233986687 12.104654239201301 0 0 0 1 1 0 -0 -0 1 0 
1 50.739244638738029 14.229010849106588 0 0 0 1 1 0 -0 -0 1 0 
1 49.384913520028377 12.140484322531204 0 0 0 1 1 0 -0 -0 1 0 
1 31.756193005292804 24.464105174092598 0 0 0 1 1 0 -0 -0 1 0 
1 31.986815797565086 26.067779492812377 0 0 0 1 1 0 -0 -0 1 0 
1 28.256444010118795 22.7808658851188 0 0 0 1 1 0 -0 -0 1 0 
1 26.866629518248956 19.440619485956624 0 0 0 1 1 0 -0 -0 1 0 
1 26.456773595960083 17.085964037748095 0 0 0 1 1 0 -0 -0 1 0 
1 25.323050876425341 16.882755525594273 0 0 0 1 1 0 -0 -0 1 0 
1 25.720453882242058 26.765278738491364 0 0 0 1 1 0 -0 -0 1 0 
1 26.488517661148848 26.071333165126749 0 0 0 1 1 0 -0 -0 1 0 
1 27.389414967284505 26.167950799518366 0 0 0 1 1 0 -0 -0 1 0 
1 22.941394072935125 26.772411776160059 0 0 0 1 1 0 -0 -0 1 0 
1 21.831474097360829 26.155898796599413 0 0 0 1 1 0 -0 -0 1 0 
1 37.34364733245031 15.018297775067394 0 0 0 1 1 0 -0 -0 1 0 
1 36.457703488903647 15.009834656696469 0 0 0 1 1 0 -0 -0 1 0 
1 36.318897256644249 17.56871125348604 0 0 0 1 1 0 -0 -0 1 0 
1 45.17120632538915 25.13227861031061 0 0 0 1 1 0 -0 -0 1 0 
1 44.073258450846417 25.11920737375079 0 0 0 1 1 0 -0 -0 1 0 
1 45.658102691043212 26.052291145862725 0 0 0 1 1 0 -0 -0 1 0 
1 42.73174979855137 24.466839962232108 0 0 0 1 1 0 -0 -0 1 0 
1 42.935127109917659 26.059720441001545 0 0 0 1 1 0 -0 -0 1 0 
1 36.971486432682475 25.14455587905346 0 0 0 1 1 0 -0 -0 1 0 
1 36.681406190333441 26.764750638215524 0 0 0 1 1 0 -0 -0 1 0 
1 35.453112741355454 18.329528897071032 0 0 0 1 1 0 -0 -0 1 0 
1 32.217006214596843 19.456628506906092 0 0 0 1 1 0 -0 -0 1 0 
1 31.165504544861641 19.771876899505745 0 0 0 1 1 0 -0 -0 1 0 
1 31.873976071091377 17.444483493588763 0 0 0 1 1 0 -0 -0 1 0 
1 31.362974092400822 17.439157038693896 0 0 0 1 1 0 -0 -0 1 0 
1 32.19697985122226 16.277352184915962 0 0 0 1 1 0 -0 -0 1 0 
1 30.690245551691056 17.777037526321664 0 0 0 1 1 0 -0 -0 1 0 
1 30.34526184272762 15.968921690062947 0 0 0 1 1 0 -0 -0 1 0 
1 31.888549356369225 15.968921690062931 0 0 0 1 1 0 -0 -0 1 0 
1 29.734630515217219 17.436544793484533 0 0 0 1 1 0 -0 -0 1 0 
1 28.801974329086011 16.277352184915976 0 0 0 1 1 0 -0 -0 1 0 
1 42.015190183870459 16.14553579182769 0 0 0 1 1 0 -0 -0 1 0 
1 43.303533099791835 16.755884900538724 0 0 0 1 1 0 -0 -0 1 0 
1 43.326227037150815 17.281768786714782 0 0 0 1 1 0 -0 -0 1 0 
1 44.368483972867871 16.324057998670646 0 0 0 1 1 0 -0 -0 1 0 
1 44.368483972867878 17.429235756574556 0 0 0 1 1 0 -0 -0 1 0 
1 43.30644378740493 17.816489361018021 0 0 0 1 1 0 -0 -0 1 0 
1 41.995341196521004 18.189713596018819 0 0 0 1 1 0 -0 -0 1 0 
1 44.368483972867871 17.905653882934875 0 0 0 1 1 0 -0 -0 1 0 
1 38.06914001155004 5.4860959703548016 0 0 0 1 1 0 -0 -0 1 0 
1 36.730994784962512 6.2161614516291692 0 0 0 1 1 0 -0 -0 1 0 
1 39.098156603071992 6.1062512186739166 0 0 0 1 1 0 -0 -0 1 0 
1 39.387617196483937 7.4081744701827246 0 0 0 1 1 0 -0 -0 1 0 
1 36.208454105430505 7.4838291054305062 0 0 0 1 1 0 -0 -0 1 0 
1 38.134190023968166 8.5613263446575321 0 0 0 1 1 0 -0 -0 1 0 
1 34.141243633567143 7.4030063664328454 0 0 0 1 1 0 -0 -0 1 0 
1 33.824868041637281 6.1519809210170369 0 0 0 1 1 0 -0 -0 1 0 
1 40.238785271290062 5.4696153349836676 0 0 0 1 1 0 -0 -0 1 0 
1 41.535927271307195 4.203101758609999 0 0 0 1 1 0 -0 -0 1 0 
1 31.491290695818979 2.491307709631994 0 0 0 1 1 0 -0 -0 1 0 
1 23.327670989756388 3.4587512582889426 0 0 0 1 1 0 -0 -0 1 0 
1 21.851686965903976 4.3926443097607537 0 0 0 1 1 0 -0 -0 1 0 
1 27.870385502696635 7.4592082473033594 0 0 0 1 1 0 -0 -0 1 0 
1 30.0009287450081 7.4089287450081027 0 0 0 1 1 0 -0 -0 1 0 
1 27.316877931937466 6.3162574847291912 0 0 0 1 1 0 -0 -0 1 0 
1 30.212513125077233 6.1775342824798827 0 0 0 1 1 0 -0 -0 1 0 
1 24.756208285889137 8.4101401973905183 0 0 0 1 1 0 -0 -0 1 0 
1 23.160024332270321 8.5166271706813319 0 0 0 1 1 0 -0 -0 1 0 
1 24.93450335098672 7.1121491843200619 0 0 0 1 1 0 -0 -0 1 0 
1 17.129820055917051 19.237931755233106 0 0 0 1 1 0 -0 -0 1 0 
1 15.01891811025909 18.952633973074263 0 0 0 1 1 0 -0 -0 1 0 
1 17.78233774865345 20.338085164354283 0 0 0 1 1 0 -0 -0 1 0 
1 15.01209255477411 22.408290471440758 0 0 0 1 1 0 -0 -0 1 0 
1 11.081993385159608 12.738342557406172 0 0 0 1 1 0 -0 -0 1 0 
1 11.123025551309707 13.627834791390177 0 0 0 1 1 0 -0 -0 1 0 
1 12.698736952932512 13.416925905234738 0 0 0 1 1 0 -0 -0 1 0 
1 11.123626610376167 19.091498419579594 0 0 0 1 1 0 -0 -0 1 0 
1 11.083276141258748 18.193646906063904 0 0 0 1 1 0 -0 -0 1 0 
1 55.618483972867871 1.8472996346266353 0 0 0 1 1 0 -0 -0 1 0 
1 55.618483972867871 2.9524773925305419 0 0 0 1 1 0 -0 -0 1 0 
1 14.505916445272387 5.7179651115387466 0 0 0 1 1 0 -0 -0 1 0 
1 12.488475197823782 6.3818074450778068 0 0 0 1 1 0 -0 -0 1 0 
1 12.842348522526152 7.3808015203510671 0 0 0 1 1 0 -0 -0 1 0 
1 14.199959262238211 8.0552336116469068 0 0 0 1 1 0 -0 -0 1 0 
1 11.472995652390379 2.9524773925305476 0 0 0 1 1 0 -0 -0 1 0 
1 11.472995652390379 3.4288955188908639 0 0 0 1 1 0 -0 -0 1 0 
1 48.849150376956885 1.088158390611597 0 0 0 1 1 0 -0 -0 1 0 
1 49.481215069890347 2.31003573774177 0 0 0 1 1 0 -0 -0 1 0 
1 47.91816337155641 2.49234736998537 0 0 0 1 1 0 -0 -0 1 0 
1 52.427460368344917 3.4569581136581444 0 0 0 1 1 0 -0 -0 1 0 
1 51.105165652513186 5.4894101141802061 0 0 0 1 1 0 -0 -0 1 0 
1 24.682635833078855 19.049140392948022 0 0 0 1 1 0 -0 -0 1 0 
1 24.915979244882294 21.176718671784393 0 0 0 1 1 0 -0 -0 1 0 
1 25.498025379165135 19.964985035857531 0 0 0 1 1 0 -0 -0 1 0 
1 22.512656561226578 21.178354477893247 0 0 0 1 1 0 -0 -0 1 0 
1 25.445069449190203 22.104935759143149 0 0 0 1 1 0 -0 -0 1 0 
1 19.515708958257889 20.682822389339631 0 0 0 1 1 0 -0 -0 1 0 
1 19.828295320146914 22.101959888186432 0 0 0 1 1 0 -0 -0 1 0 
1 21.997745784504154 20.16345824223686 0 0 0 1 1 0 -0 -0 1 0 
1 21.97607731402983 22.099082522363165 0 0 0 1 1 0 -0 -0 1 0 
1 24.884875686893565 25.13698196987874 0 0 0 1 1 0 -0 -0 1 0 
1 28.787295157123072 25.144776057086649 0 0 0 1 1 0 -0 -0 1 0 
1 28.469227673526277 26.765278738491364 0 0 0 1 1 0 -0 -0 1 0 
1 21.545006331460868 24.3542190652452 0 0 0 1 1 0 -0 -0 1 0 
1 20.900971925850119 26.072451323640269 0 0 0 1 1 0 -0 -0 1 0 
1 31.425336094401462 16.277352184915969 0 0 0 1 1 0 -0 -0 1 0 
1 30.232980580987007 17.453083948133923 0 0 0 1 1 0 -0 -0 1 0 
1 25.418278255384916 6.3410386720515808 0 0 0 1 1 0 -0 -0 1 0 
1 25.329521358846787 1.7285191125156254 0 0 0 1 1 0 -0 -0 1 0 
1 23.632715522946782 5.5296555001693672 0 0 0 1 1 0 -0 -0 1 0 
1 30.821488268881861 3.5813869489277987 0 0 0 1 1 0 -0 -0 1 0 
1 29.28611385684432 3.9893167137144809 0 0 0 1 1 0 -0 -0 1 0 
1 30.821488268881868 1.7279897765658534 0 0 0 1 1 0 -0 -0 1 0 
1 29.294803794460233 2.0543633796939464 0 0 0 1 1 0 -0 -0 1 0 
1 22.019884198614051 5.5978745064006565 0 0 0 1 1 0 -0 -0 1 0 
1 42.247494048554692 9.4139642847786433 0 0 0 1 1 0 -0 -0 1 0 
1 39.245227759128625 8.1682595485977405 0 0 0 1 1 0 -0 -0 1 0 
1 12.713975974951145 21.716699124757778 0 0 0 1 1 0 -0 -0 1 0 
1 12.672624446088468 20.845253645737621 0 0 0 1 1 0 -0 -0 1 0 
1 11.101271011367269 21.889961239507521 0 0 0 1 1 0 -0 -0 1 0 
1 11.109391844598314 21.004644934836541 0 0 0 1 1 0 -0 -0 1 0 
1 11.915830543589184 20.731884552637275 0 0 0 1 1 0 -0 -0 1 0 
1 11.914800303594818 17.884812380396511 0 0 0 1 1 0 -0 -0 1 0 
1 11.916026190143183 16.802533392811085 0 0 0 1 1 0 -0 -0 1 0 
1 12.695326585406521 17.983159035775159 0 0 0 1 1 0 -0 -0 1 0 
1 12.697009412975804 16.161825325802297 0 0 0 1 1 0 -0 -0 1 0 
1 12.695919299905526 15.261055411744012 0 0 0 1 1 0 -0 -0 1 0 
1 11.916272273631622 19.541483519224396 0 0 0 1 1 0 -0 -0 1 0 
1 13.270278202612037 19.447284774975202 0 0 0 1 1 0 -0 -0 1 0 
1 12.697240038776355 18.891574761185048 0 0 0 1 1 0 -0 -0 1 0 
1 13.263721141517752 16.682220472320051 0 0 0 1 1 0 -0 -0 1 0 
1 11.916042390521239 14.074090138128167 0 0 0 1 1 0 -0 -0 1 0 
1 13.265863844247797 13.939601123730416 0 0 0 1 1 0 -0 -0 1 0 
1 12.28796801222845 8.1753441195994974 0 0 0 1 1 0 -0 -0 1 0 
1 11.787375468162177 2.6380975767587493 0 0 0 1 1 0 -0 -0 1 0 
1 11.78737546816218 3.7432753346626613 0 0 0 1 1 0 -0 -0 1 0 
1 46.995472286412671 4.2060246852893863 0 0 0 1 1 0 -0 -0 1 0 
1 47.245282259811098 1.7269501162124774 0 0 0 1 1 0 -0 -0 1 0 
1 22.330716265178729 23.808422719402387 0 0 0 1 1 0 -0 -0 1 0 
1 20.655742359046052 24.46391112888087 0 0 0 1 1 0 -0 -0 1 0 
1 25.118431267603412 23.810529838626877 0 0 0 1 1 0 -0 -0 1 0 
1 25.975484084793965 25.144343430150776 0 0 0 1 1 0 -0 -0 1 0 
1 29.573618085906823 16.277352184915966 0 0 0 1 1 0 -0 -0 1 0 
1 30.653692337580654 16.277352184915983 0 0 0 1 1 0 -0 -0 1 0 
1 28.919401603175476 5.5354565786537648 0 0 0 1 1 0 -0 -0 1 0 
1 27.854442731408533 5.6450199737037616 0 0 0 1 1 0 -0 -0 1 0 
1 28.02182555370014 3.5390468992339366 0 0 0 1 1 0 -0 -0 1 0 
1 28.825814596254801 3.4613142806650541 0 0 0 1 1 0 -0 -0 1 0 
1 21.336232552596265 6.2316424474037291 0 0 0 1 1 0 -0 -0 1 0 
1 23.062682852925743 7.1327025637409402 0 0 0 1 1 0 -0 -0 1 0 
1 22.497938274885705 8.4807873505635083 0 0 0 1 1 0 -0 -0 1 0 
1 22.900895677089519 6.0581884239686188 0 0 0 1 1 0 -0 -0 1 0 
1 20.4301520567643 6.2837770567642863 0 0 0 1 1 0 -0 -0 1 0 
1 19.936403549847842 9.3576034656058464 0 0 0 1 1 0 -0 -0 1 0 
1 46.739426182725531 22.7709956922745 0 0 0 1 1 0 -0 -0 1 0 
1 44.706736115856877 22.774074657523538 0 0 0 1 1 0 -0 -0 1 0 
1 36.463322629468628 22.77507783780197 0 0 0 1 1 0 -0 -0 1 0 
1 39.261224235627779 22.778979443961116 0 0 0 1 1 0 -0 -0 1 0 
1 41.341926182725516 22.770995692274496 0 0 0 1 1 0 -0 -0 1 0 
1 14.330139265252795 24.626170515252777 0 0 0 1 1 0 -0 -0 1 0 
1 24.775930550809818 22.774074657523546 0 0 0 1 1 0 -0 -0 1 0 
1 22.656922685970187 22.779927894303523 0 0 0 1 1 0 -0 -0 1 0 
1 14.346678278559263 21.742876195225911 0 0 0 1 1 0 -0 -0 1 0 
1 14.339852723074282 19.63169936025907 0 0 0 1 1 0 -0 -0 1 0 
1 14.346678278559258 16.176042861892579 0 0 0 1 1 0 -0 -0 1 0 
Triangulations 0

TShapes 1936
Ve
1.00000000888178e-07
27.10654218398 3.2268473292799 0
0 0

0101101
*
Ve
1.00000004440892e-07
26.5078125 5.25241666666666 0
0 0

0101101
*
Ed
 1.00000000888178e-07 1 1 0
1  1 0 0 2.11220462432981
2  1 1 0 0 2.11220462432981
2  2 2 0 0 2.11220462432981
4 CN 1 0 2 0
0

0101000
+1936 0 -1935 0 *
Ve
1e-07
24.2207367807209 4.69924450164184 0
0 0

0101101
*
Ve
1e-07
24.2207367807209 2.84584732927989 0
0 0

0101101
*
Ed
 1e-07 1 1 0
1  2 0 0 1.85339717236195
2  3 3 0 0 1.85339717236195
2  4 4 0 0 1.85339717236195
4 CN 3 0 4 0
0

0101000
+1933 0 -1932 0 *
Ve
1e-07
27.10654218398 1.37345015691795 0
0 0

0101101
*
Ve
1e-07
27.10654218398 3.2268473292799 0
0 0

0101101
*
Ed
 1e-07 1 1 0
1  3 0 0 1.85339717236195
2  5 5 0 0 1.85339717236195
2  6 6 0 0 1.85339717236195
4 CN 5 0 6 0
0

0101000
+1930 0 -1929 0 *
Ve
1e-07
23.74525 23.43025 0
0 0

0101101
*
Ve
1e-07
24.3590833333333 25.1870833333333 0
0 0

0101101
*
Ed
 1e-07 1 1 0
1  4 0 0 1.86098219288155
2  7 7 0 0 1.86098219288155
2  8 8 0 0 1.86098219288155
4 CN 7 0 8 0
0

0101000
+1927 0 -1926 0 *
Ve
1e-07
22.4309490971219 25.4956008720219 0
0 0

0101101
*
Ve
1e-07
22.4241239938671 24.7431265622619 0
0 0

0101101
*
Ed
 1e-07 1 1 0
1  5 0 0 0.752505261698073
2  9 9 0 0 0.752505261698073
2  10 10 0 0 0.752505261698073
4 CN 9 0 10 0
0

0101000
+1924 0 -1923 0 *
Ve
1e-07
24.4928484396279 27.3567206279076 0
0 0

0101101
*
Ve
1e-07
24.3590833333333 25.1870833333333 0
0 0

0101101
*
Ed
 1e-07 1 1 0
1  6 0 0 2.17375690767607
2  11 11 0 0 2.17375690767607
2  12 12 0 0 2.17375690767607
4 CN 12 0 11 0
0

0101000
+1921 0 -1920 0 *
Ve
1e-07
11.5275107735092 14.7702789377315 0
0 0

0101101
*
Ve
1e-07
11.9359375 15.81025 0
0 0

0101101
*
Ed
 1e-07 1 1 0
1  7 0 0 1.11729682773551
2  13 13 0 0 1.11729682773551
2  14 14 0 0 1.11729682773551
4 CN 13 0 14 0
0

0101000
+1918 0 -1917 0 *
Ve
1e-07
11.9359375 15.81025 0
0 0

0101101
*
Ve
1e-07
10.0328129402517 15.73022810866 0
0 0

0101101
*
Ed
 1e-07 1 1 0
1  8 0 0 1.90480618253168
2  15 13 0 0 1.90480618253168
2  16 15 0 0 1.90480618253168
4 CN 13 0 15 0
0

0101000
+1915 0 -1914 0 *
Ve
1e-07
11.9359375 24.00175 0
0 0

0101101
*
Ve
1e-07
10.033249887053 23.9503069108693 0
0 0

0101101
*
Ed
 1e-07 1 1 0
1  9 0 0 1.90338292098078
2  17 16 0 0 1.90338292098078
2  18 17 0 0 1.90338292098078
4 CN 16 0 17 0
0

0101000
+1912 0 -1911 0 *
Ve
1.00000003552714e-07
11.5279477203105 22.9903577399409 0
0 0

0101101
*
Ve
1.00000003552714e-07
11.9359375 24.00175 0
0 0

0101101
*
Ed
 1.00000001776357e-07 1 1 0
1  10 0 0 1.09058239672141
2  19 16 0 0 1.09058239672141
2  20 18 0 0 1.09058239672141
4 CN 16 0 18 0
0

0101000
+1909 0 -1908 0 *
Ve
1e-07
11.5281950712235 26.0611726884439 0
0 0

0101101
*
Ve
1e-07
11.9359375 27.2825833333333 0
0 0

0101101
*
Ed
 1e-07 1 1 0
1  11 0 0 1.28767148437551
2  21 19 0 0 1.28767148437551
2  22 20 0 0 1.28767148437551
4 CN 19 0 20 0
0

0101000
+1906 0 -1905 0 *
Ve
1e-07
11.9359375 27.2825833333333 0
0 0

0101101
*
Ve
1e-07
10.033497237966 27.0211218593723 0
0 0

0101101
*
Ed
 1e-07 1 1 0
1  12 0 0 1.92032316368206
0

0101000
+1903 0 -1902 0 *
Ve
1.00000001776357e-07
12.2804220300705 22.9835326366861 0
0 0

0101101
*
Ve
1.00000003552714e-07
11.9359375 24.00175 0
0 0

0101101
*
Ed
 1.00000001776357e-07 1 1 0
1  13 0 0 1.07491217799957
2  23 18 0 0 1.07491217799957
2  24 21 0 0 1.07491217799957
4 CN 18 0 21 0
0

0101000
+1900 0 -1899 0 *
Ve
1e-07
11.5279477203105 22.9903577399409 0
0 0

0101101
*
Ve
1e-07
12.2804220300705 22.9835326366861 0
0 0

0101101
*
Ed
 1e-07 1 1 0
1  14 0 0 0.752505261698068
2  25 18 0 0 0.752505261698068
2  26 22 0 0 0.752505261698068
4 CN 18 0 22 0
0

0101000
+1897 0 -1896 0 *
Ve
1e-07
12.2804220300705 22.9835326366861 0
0 0

0101101
*
Ve
1e-07
13.6927708333334 23.43025 0
0 0

0101101
*
Ed
 1e-07 1 1 0
1  15 0 0 1.48131210241597
2  27 21 0 0 1.48131210241597
2  28 23 0 0 1.48131210241597
4 CN 21 0 23 0
0

0101000
+1894 0 -1893 0 *
Ve
1e-07
13.6927708333334 23.43025 0
0 0

0101101
*
Ve
1e-07
11.9359375 24.00175 0
0 0

0101101
*
Ed
 1e-07 1 1 0
1  16 0 0 1.84745111196781
2  29 21 0 0 1.84745111196781
2  30 24 0 0 1.84745111196781
4 CN 21 0 24 0
0

0101000
+1891 0 -1890 0 *
Ve
1e-07
13.6927708333334 26.5205833333333 0
0 0

0101101
*
Ve
1e-07
12.2806693809836 26.0543475851891 0
0 0

0101101
*
Ed
 1e-07 1 1 0
1  17 0 0 1.4870797841999
2  31 25 0 0 1.4870797841999
2  32 26 0 0 1.4870797841999
4 CN 25 0 26 0
0

0101000
+1888 0 -1887 0 *
Ve
1.00000003552714e-07
12.2806693809836 26.0543475851891 0
0 0

0101101
*
Ve
1.00000007524768e-07
11.5281950712235 26.0611726884439 0
0 0

0101101
*
Ed
 1.00000003552714e-07 1 1 0
1  18 0 0 0.752505261698063
2  33 27 0 0 0.752505261698063
2  34 20 0 0 0.752505261698063
4 CN 27 0 20 0
0

0101000
+1885 0 -1884 0 *
Ve
1e-07
12.2806693809836 26.0543475851891 0
0 0

0101101
*
Ve
1e-07
11.9359375 27.2825833333333 0
0 0

0101101
*
Ed
 1e-07 1 1 0
1  19 0 0 1.27569711247844
2  35 20 0 0 1.27569711247844
2  36 26 0 0 1.27569711247844
4 CN 20 0 26 0
0

0101000
+1882 0 -1881 0 *
Ve
1e-07
11.9359375 27.2825833333333 0
0 0

0101101
*
Ve
1e-07
13.6927708333334 26.5205833333333 0
0 0

0101101
*
Ed
 1e-07 1 1 0
1  20 0 0 1.91496928463908
2  37 28 0 0 1.91496928463908
2  38 26 0 0 1.91496928463908
4 CN 26 0 28 0
0

0101000
+1879 0 -1878 0 *
Ve
1e-07
32.015625 5.15866666666666 0
0 0

0101101
*
Ve
1e-07
32.015625 6.84616666666665 0
0 0

0101101
*
Ed
 1e-07 1 1 0
1  21 0 0 1.68749999999999
2  39 29 0 0 1.68749999999999
2  40 30 0 0 1.68749999999999
4 CN 29 0 30 0
0

0101000
+1876 0 -1875 0 *
Ve
1.00000000888178e-07
33.9375 4.59616666666667 0
0 0

0101101
*
Ve
1.00000000888178e-07
32.015625 5.15866666666666 0
0 0

0101101
*
Ed
 1.00000000888178e-07 1 1 0
1  22 0 0 2.0025008778088
2  41 31 0 0 2.0025008778088
2  42 30 0 0 2.0025008778088
4 CN 31 0 30 0
0

0101000
+1873 0 -1872 0 *
Ve
1.00000001776357e-07
33.9375 4.59616666666667 0
0 0

0101101
*
Ve
1.00000001776357e-07
32.6098755173133 3.2268473292799 0
0 0

0101101
*
Ed
 1.00000001776357e-07 1 1 0
1  23 0 0 1.90725515198424
2  43 32 0 0 1.90725515198424
2  44 31 0 0 1.90725515198424
4 CN 31 0 32 0
0

0101000
+1870 0 -1869 0 *
Ve
1e-07
33.9375 2.43991666666667 0
0 0

0101101
*
Ve
1e-07
33.9375 4.59616666666667 0
0 0

0101101
*
Ed
 1e-07 1 1 0
1  24 0 0 2.15625
2  45 32 0 0 2.15625
2  46 33 0 0 2.15625
4 CN 32 0 33 0
0

0101000
+1867 0 -1866 0 *
Ve
1.00000001332268e-07
32.6098755173133 3.2268473292799 0
0 0

0101101
*
Ve
1.00000001332268e-07
33.9375 2.43991666666667 0
0 0

0101101
*
Ed
 1.00000001332268e-07 1 1 0
1  25 0 0 1.54332324377947
2  47 32 0 0 1.54332324377947
2  48 34 0 0 1.54332324377947
4 CN 32 0 34 0
0

0101000
+1864 0 -1863 0 *
Ve
1.00000000888178e-07
33.9375 2.43991666666667 0
0 0

0101101
*
Ve
1.00000000888178e-07
35.2062367807209 2.84584732927989 0
0 0

0101101
*
Ed
 1.00000000888178e-07 1 1 0
1  26 0 0 1.33209336069344
2  49 33 0 0 1.33209336069344
2  50 35 0 0 1.33209336069344
4 CN 33 0 35 0
0

0101000
+1861 0 -1860 0 *
Ve
1.00000001776357e-07
33.9375 4.59616666666667 0
0 0

0101101
*
Ve
1.00000001776357e-07
35.2062367807209 2.84584732927989 0
0 0

0101101
*
Ed
 1.00000001776357e-07 1 1 0
1  27 0 0 2.16178417090698
2  51 36 0 0 2.16178417090698
2  52 33 0 0 2.16178417090698
4 CN 33 0 36 0
0

0101000
+1858 0 -1857 0 *
Ve
1e-07
35.2062367807209 2.84584732927989 0
0 0

0101101
*
Ve
1e-07
35.2062367807209 4.69924450164184 0
0 0

0101101
*
Ed
 1e-07 1 1 0
1  28 0 0 1.85339717236195
2  53 36 0 0 1.85339717236195
2  54 37 0 0 1.85339717236195
4 CN 36 0 37 0
0

0101000
+1855 0 -1854 0 *
Ve
1e-07
35.2062367807209 4.69924450164184 0
0 0

0101101
*
Ve
1e-07
33.9375 4.59616666666667 0
0 0

0101101
*
Ed
 1e-07 1 1 0
1  29 0 0 1.27291714530722
2  55 36 0 0 1.27291714530722
2  56 38 0 0 1.27291714530722
4 CN 36 0 38 0
0

0101000
+1852 0 -1851 0 *
Ve
1.00000003552714e-07
31.6569427253853 15.2001072083123 0
0 0

0101101
*
Ve
1.00000001776357e-07
30.8852989685645 15.2001072083123 0
0 0

0101101
*
Ed
 1.00000001776357e-07 1 1 0
1  30 0 0 0.771643756820801
2  57 39 0 0 0.771643756820801
2  58 40 0 0 0.771643756820801
4 CN 39 0 40 0
0

0101000
+1849 0 -1848 0 *
Ve
1e-07
30.8852989685645 15.2001072083123 0
0 0

0101101
*
Ve
1e-07
31.54775 14.0745 0
0 0

0101101
*
Ed
 1e-07 1 1 0
1  31 0 0 1.30607540228522
2  59 39 0 0 1.30607540228522
2  60 41 0 0 1.30607540228522
4 CN 39 0 41 0
0

0101000
+1846 0 -1845 0 *
Ve
1e-07
31.54775 14.0745 0
0 0

0101101
*
Ve
1e-07
31.6569427253853 15.2001072083123 0
0 0

0101101
*
Ed
 1e-07 1 1 0
1  32 0 0 1.13089108170577
2  61 39 0 0 1.13089108170577
2  62 42 0 0 1.13089108170577
4 CN 39 0 42 0
0

0101000
+1843 0 -1842 0 *
Ve
1.00000005329071e-07
29.7485833333333 14.0745 0
0 0

0101101
*
Ve
1.00000001776357e-07
30.8852989685645 15.2001072083123 0
0 0

0101101
*
Ed
 1.00000001776357e-07 1 1 0
1  33 0 0 1.59972310816081
2  63 43 0 0 1.59972310816081
2  64 41 0 0 1.59972310816081
4 CN 41 0 43 0
0

0101000
+1840 0 -1839 0 *
Ve
1e-07
31.54775 14.0745 0
0 0

0101101
*
Ve
1e-07
29.7485833333333 14.0745 0
0 0

0101101
*
Ed
 1e-07 1 1 0
1  34 0 0 1.79916666666666
2  65 44 0 0 1.79916666666666
2  66 41 0 0 1.79916666666666
4 CN 41 0 44 0
0

0101000
+1837 0 -1836 0 *
Ve
1e-07
44.3009243716871 24.7184396146304 0
0 0

0101101
*
Ve
1e-07
43.0069166666667 23.43025 0
0 0

0101101
*
Ed
 1e-07 1 1 0
1  35 0 0 1.82589386983301
2  67 45 0 0 1.82589386983301
2  68 46 0 0 1.82589386983301
4 CN 45 0 46 0
0

0101000
+1834 0 -1833 0 *
Ve
1e-07
46.35125 25.1870833333333 0
0 0

0101101
*
Ve
1e-07
45.7374166666667 23.43025 0
0 0

0101101
*
Ed
 1e-07 1 1 0
1  36 0 0 1.86098219288155
2  69 47 0 0 1.86098219288155
2  70 48 0 0 1.86098219288155
4 CN 48 0 47 0
0

0101000
+1831 0 -1830 0 *
Ve
1e-07
26.47575 23.43025 0
0 0

0101101
*
Ve
1e-07
27.916245030294 24.739606281297 0
0 0

0101101
*
Ed
 1e-07 1 1 0
1  37 0 0 1.94664835131405
2  71 49 0 0 1.94664835131405
2  72 50 0 0 1.94664835131405
4 CN 49 0 50 0
0

0101000
+1828 0 -1827 0 *
Ve
1e-07
27.916245030294 24.739606281297 0
0 0

0101101
*
Ve
1e-07
27.0895833333333 25.1870833333333 0
0 0

0101101
*
Ed
 1e-07 1 1 0
1  38 0 0 0.940002804953819
2  73 49 0 0 0.940002804953819
2  74 51 0 0 0.940002804953819
4 CN 49 0 51 0
0

0101000
+1825 0 -1824 0 *
Ve
1e-07
27.0895833333333 25.1870833333333 0
0 0

0101101
*
Ve
1e-07
26.47575 23.43025 0
0 0

0101101
*
Ed
 1e-07 1 1 0
1  39 0 0 1.86098219288155
2  75 49 0 0 1.86098219288155
2  76 52 0 0 1.86098219288155
4 CN 49 0 52 0
0

0101000
+1822 0 -1821 0 *
Ve
1e-07
27.9705833333333 18.0961666666667 0
0 0

0101101
*
Ve
1e-07
29.7485833333333 19.5819635416667 0
0 0

0101101
*
Ed
 1e-07 1 1 0
1  40 0 0 2.31708358799586
2  77 53 0 0 2.31708358799586
2  78 54 0 0 2.31708358799586
4 CN 53 0 54 0
0

0101000
+1819 0 -1818 0 *
Ve
1e-07
29.7485833333333 18.0961666666667 0
0 0

0101101
*
Ve
1e-07
29.7485833333333 19.5819635416667 0
0 0

0101101
*
Ed
 1e-07 1 1 0
1  41 0 0 1.485796875
2  79 54 0 0 1.485796875
2  80 55 0 0 1.485796875
4 CN 54 0 55 0
0

0101000
+1816 0 -1815 0 *
Ve
1e-07
29.7485833333333 18.0961666666667 0
0 0

0101101
*
Ve
1e-07
27.9705833333333 18.0961666666667 0
0 0

0101101
*
Ed
 1e-07 1 1 0
1  42 0 0 1.77800000000001
2  81 56 0 0 1.77800000000001
2  82 54 0 0 1.77800000000001
4 CN 54 0 56 0
0

0101000
+1813 0 -1812 0 *
Ve
1e-07
28.5703676981021 17.0461666666666 0
0 0

0101101
*
Ve
1e-07
29.7485833333333 18.0961666666667 0
0 0

0101101
*
Ed
 1e-07 1 1 0
1  43 0 0 1.57819266349308
2  83 56 0 0 1.57819266349308
2  84 57 0 0 1.57819266349308
4 CN 56 0 57 0
0

0101000
+1810 0 -1809 0 *
Ve
1e-07
27.9705833333333 18.0961666666667 0
0 0

0101101
*
Ve
1e-07
28.5703676981021 17.0461666666666 0
0 0

0101101
*
Ed
 1e-07 1 1 0
1  44 0 0 1.20923169170396
2  85 56 0 0 1.20923169170396
2  86 58 0 0 1.20923169170396
4 CN 56 0 58 0
0

0101000
+1807 0 -1806 0 *
Ve
1e-07
27.7987239412813 17.0461666666666 0
0 0

0101101
*
Ve
1e-07
28.5703676981021 17.0461666666666 0
0 0

0101101
*
Ed
 1e-07 1 1 0
1  45 0 0 0.771643756820794
2  87 58 0 0 0.771643756820794
2  88 59 0 0 0.771643756820794
4 CN 58 0 59 0
0

0101000
+1804 0 -1803 0 *
Ve
1e-07
27.9705833333333 18.0961666666667 0
0 0

0101101
*
Ve
1e-07
27.7987239412813 17.0461666666666 0
0 0

0101101
*
Ed
 1e-07 1 1 0
1  46 0 0 1.06397163995879
2  89 58 0 0 1.06397163995879
2  90 60 0 0 1.06397163995879
4 CN 58 0 60 0
0

0101000
+1801 0 -1800 0 *
Ve
1.00000003552714e-07
27.0270801844605 17.0461666666666 0
0 0

0101101
*
Ve
1.00000007105427e-07
27.7987239412813 17.0461666666666 0
0 0

0101101
*
Ed
 1.00000003552714e-07 1 1 0
1  47 0 0 0.771643756820801
2  91 60 0 0 0.771643756820801
2  92 61 0 0 0.771643756820801
4 CN 60 0 61 0
0

0101000
+1798 0 -1797 0 *
Ve
1.00000007105427e-07
27.9705833333333 18.0961666666667 0
0 0

0101101
*
Ve
1.00000003552714e-07
27.0270801844605 17.0461666666666 0
0 0

0101101
*
Ed
 1.00000003552714e-07 1 1 0
1  48 0 0 1.41162962278813
2  93 60 0 0 1.41162962278813
2  94 62 0 0 1.41162962278813
4 CN 60 0 62 0
0

0101000
+1795 0 -1794 0 *
Ve
1e-07
29.3544166666667 21.4487604166667 0
0 0

0101101
*
Ve
1e-07
26.47575 21.4487604166667 0
0 0

0101101
*
Ed
 1e-07 1 1 0
1  49 0 0 2.87866666666666
2  95 63 0 0 2.87866666666666
2  96 64 0 0 2.87866666666666
4 CN 63 0 64 0
0

0101000
+1792 0 -1791 0 *
Ve
1e-07
29.3544166666667 21.4487604166667 0
0 0

0101101
*
Ve
1e-07
29.7485833333333 19.5819635416667 0
0 0

0101101
*
Ed
 1e-07 1 1 0
1  50 0 0 1.90795648106054
2  97 65 0 0 1.90795648106054
2  98 63 0 0 1.90795648106054
4 CN 63 0 65 0
0

0101000
+1789 0 -1788 0 *
Ve
1.00000000888178e-07
53.859375 2.79528748464465 0
0 0

0101101
*
Ve
1.00000000888178e-07
54.8513477615076 3.1906864557107 0
0 0

0101101
*
Ed
 1.00000000888178e-07 1 1 0
1  51 0 0 1.06787185836739
2  99 66 0 0 1.06787185836739
2  100 67 0 0 1.06787185836739
4 CN 66 0 67 0
0

0101000
+1786 0 -1785 0 *
Ve
1e-07
54.8513477615076 3.1906864557107 0
0 0

0101101
*
Ve
1e-07
54.8513477615076 3.98148439784282 0
0 0

0101101
*
Ed
 1e-07 1 1 0
1  52 0 0 0.790797942132116
2  101 66 0 0 0.790797942132116
2  102 68 0 0 0.790797942132116
4 CN 66 0 68 0
0

0101000
+1783 0 -1782 0 *
Ve
1.00000001776357e-07
54.8513477615076 3.98148439784282 0
0 0

0101101
*
Ve
1.00000001776357e-07
53.859375 2.79528748464465 0
0 0

0101101
*
Ed
 1.00000001776357e-07 1 1 0
1  53 0 0 1.54630950215466
2  103 66 0 0 1.54630950215466
2  104 69 0 0 1.54630950215466
4 CN 66 0 69 0
0

0101000
+1780 0 -1779 0 *
Ve
1e-07
53.859375 5.06491666666664 0
0 0

0101101
*
Ve
1e-07
53.859375 2.79528748464465 0
0 0

0101101
*
Ed
 1e-07 1 1 0
1  54 0 0 2.26962918202199
2  105 69 0 0 2.26962918202199
2  106 70 0 0 2.26962918202199
4 CN 69 0 70 0
0

0101000
+1777 0 -1776 0 *
Ve
1e-07
54.8513477615076 3.98148439784282 0
0 0

0101101
*
Ve
1e-07
53.859375 5.06491666666664 0
0 0

0101101
*
Ed
 1e-07 1 1 0
1  55 0 0 1.46895726306168
2  107 69 0 0 1.46895726306168
2  108 71 0 0 1.46895726306168
4 CN 69 0 71 0
0

0101000
+1774 0 -1773 0 *
Ve
1e-07
55.7432083333333 5.06491666666664 0
0 0

0101101
*
Ve
1e-07
53.859375 5.06491666666664 0
0 0

0101101
*
Ed
 1e-07 1 1 0
1  56 0 0 1.88383333333333
2  109 71 0 0 1.88383333333333
2  110 72 0 0 1.88383333333333
4 CN 71 0 72 0
0

0101000
+1771 0 -1770 0 *
Ve
1.00000008881784e-07
55.7432083333333 5.06491666666664 0
0 0

0101101
*
Ve
1.00000001776357e-07
54.8513477615076 3.98148439784282 0
0 0

0101101
*
Ed
 1.00000001776357e-07 1 1 0
1  57 0 0 1.40329639089757
2  111 73 0 0 1.40329639089757
2  112 71 0 0 1.40329639089757
4 CN 71 0 73 0
0

0101000
+1768 0 -1767 0 *
Ve
1e-07
12.7275919678271 9.1498198398872 0
0 0

0101101
*
Ve
1e-07
14.0102708333334 10.508 0
0 0

0101101
*
Ed
 1e-07 1 1 0
1  58 0 0 1.86813233453643
2  113 74 0 0 1.86813233453643
2  114 75 0 0 1.86813233453643
4 CN 74 0 75 0
0

0101000
+1765 0 -1764 0 *
Ve
1e-07
11.6766306651592 10.1903333333333 0
0 0

0101101
*
Ve
1e-07
14.0102708333334 10.508 0
0 0

0101101
*
Ed
 1e-07 1 1 0
1  59 0 0 2.35516210601886
2  115 76 0 0 2.35516210601886
2  116 74 0 0 2.35516210601886
4 CN 74 0 76 0
0

0101000
+1762 0 -1761 0 *
Ve
1e-07
11.6485470985324 7.28865987221188 0
0 0

0101101
*
Ve
1e-07
10.8843328120768 7.28051584778618 0
0 0

0101101
*
Ed
 1e-07 1 1 0
1  60 0 0 0.764257679553599
2  117 77 0 0 0.764257679553599
2  118 78 0 0 0.764257679553599
4 CN 77 0 78 0
0

0101000
+1759 0 -1758 0 *
Ve
1.00000000888178e-07
10.1367708333334 6.35933333333333 0
0 0

0101101
*
Ve
1.00000000888178e-07
10.8843328120768 7.28051584778618 0
0 0

0101101
*
Ed
 1.00000000888178e-07 1 1 0
1  61 0 0 1.18634992181753
2  119 79 0 0 1.18634992181753
2  120 80 0 0 1.18634992181753
4 CN 80 0 79 0
0

0101000
+1756 0 -1755 0 *
Ve
1e-07
19.5823815193896 24.7431265622619 0
0 0

0101101
*
Ve
1e-07
18.7075833333333 25.1870833333333 0
0 0

0101101
*
Ed
 1e-07 1 1 0
1  62 0 0 0.981004322573359
2  121 81 0 0 0.981004322573359
2  122 82 0 0 0.981004322573359
4 CN 81 0 82 0
0

0101000
+1753 0 -1752 0 *
Ve
1e-07
18.7075833333333 25.1870833333333 0
0 0

0101101
*
Ve
1e-07
18.09375 23.43025 0
0 0

0101101
*
Ed
 1e-07 1 1 0
1  63 0 0 1.86098219288156
2  123 81 0 0 1.86098219288156
2  124 83 0 0 1.86098219288156
4 CN 81 0 83 0
0

0101000
+1750 0 -1749 0 *
Ve
1e-07
18.09375 23.43025 0
0 0

0101101
*
Ve
1e-07
19.5823815193896 24.7431265622619 0
0 0

0101101
*
Ed
 1e-07 1 1 0
1  64 0 0 1.98485986111283
2  125 81 0 0 1.98485986111283
2  126 84 0 0 1.98485986111283
4 CN 81 0 84 0
0

0101000
+1747 0 -1746 0 *
Ve
1.00000003552714e-07
19.5892066226444 25.4956008720219 0
0 0

0101101
*
Ve
1.00000007105427e-07
18.7075833333333 25.1870833333333 0
0 0

0101101
*
Ed
 1.00000003552714e-07 1 1 0
1  65 0 0 0.934046409946598
2  127 82 0 0 0.934046409946598
2  128 85 0 0 0.934046409946598
4 CN 82 0 85 0
0

0101000
+1744 0 -1743 0 *
Ve
1.00000007105427e-07
19.5823815193896 24.7431265622619 0
0 0

0101101
*
Ve
1.00000003552714e-07
19.5892066226444 25.4956008720219 0
0 0

0101101
*
Ed
 1.00000003552714e-07 1 1 0
1  66 0 0 0.752505261698073
2  129 82 0 0 0.752505261698073
2  130 86 0 0 0.752505261698073
4 CN 82 0 86 0
0

0101000
+1741 0 -1740 0 *
Ve
1e-07
15.666 26.5205833333333 0
0 0

0101101
*
Ve
1e-07
15.666 23.43025 0
0 0

0101101
*
Ed
 1e-07 1 1 0
1  67 0 0 3.09033333333333
2  131 87 0 0 3.09033333333333
2  132 88 0 0 3.09033333333333
4 CN 87 0 88 0
0

0101000
+1738 0 -1737 0 *
Ve
1e-07
18.09375 21.4487604166667 0
0 0

0101101
*
Ve
1e-07
18.09375 23.43025 0
0 0

0101101
*
Ed
 1e-07 1 1 0
1  68 0 0 1.98148958333332
2  133 89 0 0 1.98148958333332
2  134 90 0 0 1.98148958333332
4 CN 89 0 90 0
0

0101000
+1735 0 -1734 0 *
Ve
1.00000003552714e-07
15.666 23.43025 0
0 0

0101101
*
Ve
1.00000007105427e-07
18.09375 21.4487604166667 0
0 0

0101101
*
Ed
 1.00000003552714e-07 1 1 0
1  69 0 0 3.13373116769107
2  135 89 0 0 3.13373116769107
2  136 91 0 0 3.13373116769107
4 CN 89 0 91 0
0

0101000
+1732 0 -1731 0 *
Ve
1e-07
18.7075833333333 25.1870833333333 0
0 0

0101101
*
Ve
1e-07
18.809363490673 27.3567206279076 0
0 0

0101101
*
Ed
 1e-07 1 1 0
1  70 0 0 2.17202329417424
2  137 92 0 0 2.17202329417424
2  138 85 0 0 2.17202329417424
4 CN 92 0 85 0
0

0101000
+1729 0 -1728 0 *
Ve
1.00000001776357e-07
21.3173333333333 13.7049947916667 0
0 0

0101101
*
Ve
1.00000001776357e-07
19.59375 12.5649166666667 0
0 0

0101101
*
Ed
 1.00000001776357e-07 1 1 0
1  71 0 0 2.06652307948593
2  139 93 0 0 2.06652307948593
2  140 94 0 0 2.06652307948593
4 CN 93 0 94 0
0

0101000
+1726 0 -1725 0 *
Ve
1e-07
23.74525 10.508828125 0
0 0

0101101
*
Ve
1e-07
23.74525 13.7049947916667 0
0 0

0101101
*
Ed
 1e-07 1 1 0
1  72 0 0 3.19616666666666
2  141 95 0 0 3.19616666666666
2  142 96 0 0 3.19616666666666
4 CN 95 0 96 0
0

0101000
+1723 0 -1722 0 *
Ve
1e-07
21.3173333333333 13.7049947916667 0
0 0

0101101
*
Ve
1e-07
23.74525 13.7049947916667 0
0 0

0101101
*
Ed
 1e-07 1 1 0
1  73 0 0 2.42791666666667
2  143 97 0 0 2.42791666666667
2  144 95 0 0 2.42791666666667
4 CN 95 0 97 0
0

0101000
+1720 0 -1719 0 *
Ve
1e-07
21.3173333333333 18.5471354166667 0
0 0

0101101
*
Ve
1e-07
19.59375 19.1274166666667 0
0 0

0101101
*
Ed
 1e-07 1 1 0
1  74 0 0 1.81864395527162
2  145 98 0 0 1.81864395527162
2  146 99 0 0 1.81864395527162
4 CN 98 0 99 0
0

0101000
+1717 0 -1716 0 *
Ve
1e-07
23.74525 16.4354947916667 0
0 0

0101101
*
Ve
1e-07
23.74525 13.7049947916667 0
0 0

0101101
*
Ed
 1e-07 1 1 0
1  75 0 0 2.7305
2  147 100 0 0 2.7305
2  148 97 0 0 2.7305
4 CN 100 0 97 0
0

0101000
+1714 0 -1713 0 *
Ve
1e-07
26.2349166666667 14.0745 0
0 0

0101101
*
Ve
1e-07
26.2349166666667 16.0853333333333 0
0 0

0101101
*
Ed
 1e-07 1 1 0
1  76 0 0 2.01083333333333
2  149 101 0 0 2.01083333333333
2  150 102 0 0 2.01083333333333
4 CN 101 0 102 0
0

0101000
+1711 0 -1710 0 *
Ve
1.00000003552714e-07
27.0270801844605 15.2001072083123 0
0 0

0101101
*
Ve
1.00000001776357e-07
26.2349166666667 14.0745 0
0 0

0101101
*
Ed
 1.00000001776357e-07 1 1 0
1  77 0 0 1.37641368284689
2  151 103 0 0 1.37641368284689
2  152 102 0 0 1.37641368284689
4 CN 102 0 103 0
0

0101000
+1708 0 -1707 0 *
Ve
1e-07
26.2349166666667 14.0745 0
0 0

0101101
*
Ve
1e-07
27.9705833333333 14.0745 0
0 0

0101101
*
Ed
 1e-07 1 1 0
1  78 0 0 1.73566666666667
2  153 103 0 0 1.73566666666667
2  154 104 0 0 1.73566666666667
4 CN 103 0 104 0
0

0101000
+1705 0 -1704 0 *
Ve
1.00000005329071e-07
27.9705833333333 14.0745 0
0 0

0101101
*
Ve
1.00000003552714e-07
27.0270801844605 15.2001072083123 0
0 0

0101101
*
Ed
 1.00000001776357e-07 1 1 0
1  79 0 0 1.46873747801895
2  155 103 0 0 1.46873747801895
2  156 105 0 0 1.46873747801895
4 CN 103 0 105 0
0

0101000
+1702 0 -1701 0 *
Ve
1e-07
27.7987239412813 15.2001072083123 0
0 0

0101101
*
Ve
1e-07
27.0270801844605 15.2001072083123 0
0 0

0101101
*
Ed
 1e-07 1 1 0
1  80 0 0 0.77164375682079
2  157 105 0 0 0.77164375682079
2  158 106 0 0 0.77164375682079
4 CN 105 0 106 0
0

0101000
+1699 0 -1698 0 *
Ve
1e-07
27.7987239412813 15.2001072083123 0
0 0

0101101
*
Ve
1e-07
27.9705833333333 14.0745 0
0 0

0101101
*
Ed
 1e-07 1 1 0
1  81 0 0 1.13865149981944
2  159 107 0 0 1.13865149981944
2  160 105 0 0 1.13865149981944
4 CN 105 0 107 0
0

0101000
+1696 0 -1695 0 *
Ve
1.00000005329071e-07
29.3420114549229 15.2001072083123 0
0 0

0101101
*
Ve
1.00000007105427e-07
29.7485833333333 14.0745 0
0 0

0101101
*
Ed
 1.00000003552714e-07 1 1 0
1  82 0 0 1.19678414082018
2  161 108 0 0 1.19678414082018
2  162 109 0 0 1.19678414082018
4 CN 108 0 109 0
0

0101000
+1693 0 -1692 0 *
Ve
1e-07
29.7485833333333 14.0745 0
0 0

0101101
*
Ve
1e-07
30.1136552117437 15.2001072083123 0
0 0

0101101
*
Ed
 1e-07 1 1 0
1  83 0 0 1.18332965136967
2  163 108 0 0 1.18332965136967
2  164 43 0 0 1.18332965136967
4 CN 108 0 43 0
0

0101000
+1690 0 -1689 0 *
Ve
1e-07
30.1136552117437 15.2001072083123 0
0 0

0101101
*
Ve
1e-07
29.3420114549229 15.2001072083123 0
0 0

0101101
*
Ed
 1e-07 1 1 0
1  84 0 0 0.771643756820801
2  165 108 0 0 0.771643756820801
2  166 110 0 0 0.771643756820801
4 CN 108 0 110 0
0

0101000
+1687 0 -1686 0 *
Ve
1e-07
29.3420114549229 15.2001072083123 0
0 0

0101101
*
Ve
1e-07
28.5703676981021 15.2001072083123 0
0 0

0101101
*
Ed
 1e-07 1 1 0
1  85 0 0 0.771643756820815
2  167 109 0 0 0.771643756820815
2  168 111 0 0 0.771643756820815
4 CN 109 0 111 0
0

0101000
+1684 0 -1683 0 *
Ve
1.00000005329071e-07
29.7485833333333 14.0745 0
0 0

0101101
*
Ve
1.00000005748411e-07
28.5703676981021 15.2001072083123 0
0 0

0101101
*
Ed
 1.00000001776357e-07 1 1 0
1  86 0 0 1.62947343350785
2  169 112 0 0 1.62947343350785
2  170 109 0 0 1.62947343350785
4 CN 109 0 112 0
0

0101000
+1681 0 -1680 0 *
Ve
1e-07
28.5703676981021 15.2001072083123 0
0 0

0101101
*
Ve
1e-07
27.9705833333333 14.0745 0
0 0

0101101
*
Ed
 1e-07 1 1 0
1  87 0 0 1.27543438546469
2  171 112 0 0 1.27543438546469
2  172 107 0 0 1.27543438546469
4 CN 112 0 107 0
0

0101000
+1678 0 -1677 0 *
Ve
1e-07
27.9705833333333 14.0745 0
0 0

0101101
*
Ve
1e-07
29.7485833333333 14.0745 0
0 0

0101101
*
Ed
 1e-07 1 1 0
1  88 0 0 1.77800000000001
2  173 112 0 0 1.77800000000001
2  174 113 0 0 1.77800000000001
4 CN 112 0 113 0
0

0101000
+1675 0 -1674 0 *
Ve
1e-07
28.5703676981021 15.2001072083123 0
0 0

0101101
*
Ve
1e-07
27.7987239412813 15.2001072083123 0
0 0

0101101
*
Ed
 1e-07 1 1 0
1  89 0 0 0.771643756820804
2  175 107 0 0 0.771643756820804
2  176 114 0 0 0.771643756820804
4 CN 107 0 114 0
0

0101000
+1672 0 -1671 0 *
Ve
1e-07
23.74525 18.5471354166667 0
0 0

0101101
*
Ve
1e-07
21.3173333333333 18.5471354166667 0
0 0

0101101
*
Ed
 1e-07 1 1 0
1  90 0 0 2.42791666666667
2  177 115 0 0 2.42791666666667
2  178 116 0 0 2.42791666666667
4 CN 115 0 116 0
0

0101000
+1669 0 -1668 0 *
Ve
1e-07
23.74525 16.4354947916667 0
0 0

0101101
*
Ve
1e-07
23.74525 18.5471354166667 0
0 0

0101101
*
Ed
 1e-07 1 1 0
1  91 0 0 2.111640625
2  179 115 0 0 2.111640625
2  180 117 0 0 2.111640625
4 CN 115 0 117 0
0

0101000
+1666 0 -1665 0 *
Ve
1e-07
28.659875 8.64533333333334 0
0 0

0101101
*
Ve
1e-07
32.460125 9.72483333333332 0
0 0

0101101
*
Ed
 1e-07 1 1 0
1  92 0 0 3.95059746272636
2  181 118 0 0 3.95059746272636
2  182 119 0 0 3.95059746272636
4 CN 118 0 119 0
0

0101000
+1663 0 -1662 0 *
Ve
1.00000001776357e-07
43.6013477615075 16.0858489354905 0
0 0

0101101
*
Ve
1.00000008881784e-07
42.80625 15.2539166666667 0
0 0

0101101
*
Ed
 1.00000001776357e-07 1 1 0
1  93 0 0 1.15077875817406
2  183 120 0 0 1.15077875817406
2  184 121 0 0 1.15077875817406
4 CN 120 0 121 0
0

0101000
+1660 0 -1659 0 *
Ve
1.00000008881784e-07
42.80625 15.2539166666667 0
0 0

0101101
*
Ve
1.00000001776357e-07
45.6710833333333 14.5765833333333 0
0 0

0101101
*
Ed
 1.00000001776357e-07 1 1 0
1  94 0 0 2.94381563149294
2  185 120 0 0 2.94381563149294
2  186 122 0 0 2.94381563149294
4 CN 120 0 122 0
0

0101000
+1657 0 -1656 0 *
Ve
1e-07
42.85875 12.6254947916667 0
0 0

0101101
*
Ve
1e-07
45.6104166666667 12.6254947916667 0
0 0

0101101
*
Ed
 1e-07 1 1 0
1  95 0 0 2.75166666666667
2  187 123 0 0 2.75166666666667
2  188 124 0 0 2.75166666666667
4 CN 123 0 124 0
0

0101000
+1654 0 -1653 0 *
Ve
1.00000007105427e-07
45.6104166666667 12.6254947916667 0
0 0

0101101
*
Ve
1.00000007105427e-07
45.6710833333333 14.5765833333333 0
0 0

0101101
*
Ed
 1.00000007105427e-07 1 1 0
1  96 0 0 1.95203149100298
2  189 123 0 0 1.95203149100298
2  190 125 0 0 1.95203149100298
4 CN 123 0 125 0
0

0101000
+1651 0 -1650 0 *
Ve
1.00000007105427e-07
42.85875 12.6254947916667 0
0 0

0101101
*
Ve
1.00000007105427e-07
42.9375 11.0649166666667 0
0 0

0101101
*
Ed
 1.00000007105427e-07 1 1 0
1  97 0 0 1.56256380565038
2  191 124 0 0 1.56256380565038
2  192 126 0 0 1.56256380565038
4 CN 124 0 126 0
0

0101000
+1648 0 -1647 0 *
Ve
1e-07
42.85875 12.6254947916667 0
0 0

0101101
*
Ve
1e-07
40.57275 12.6254947916667 0
0 0

0101101
*
Ed
 1e-07 1 1 0
1  98 0 0 2.28599999999999
2  193 126 0 0 2.28599999999999
2  194 127 0 0 2.28599999999999
4 CN 126 0 127 0
0

0101000
+1645 0 -1644 0 *
Ve
1e-07
45.45 16.0858489354905 0
0 0

0101101
*
Ve
1e-07
45.6710833333333 14.5765833333333 0
0 0

0101101
*
Ed
 1e-07 1 1 0
1  99 0 0 1.52537224903713
2  195 128 0 0 1.52537224903713
2  196 129 0 0 1.52537224903713
4 CN 129 0 128 0
0

0101000
+1642 0 -1641 0 *
Ve
1e-07
34.3709166666667 17.7234270833333 0
0 0

0101101
*
Ve
1e-07
34.3709166666667 19.58609375 0
0 0

0101101
*
Ed
 1e-07 1 1 0
1  100 0 0 1.86266666666667
2  197 130 0 0 1.86266666666667
2  198 131 0 0 1.86266666666667
4 CN 130 0 131 0
0

0101000
+1639 0 -1638 0 *
Ve
1e-07
33.1564166666667 18.0961666666667 0
0 0

0101101
*
Ve
1e-07
33.1564166666667 16.0853333333333 0
0 0

0101101
*
Ed
 1e-07 1 1 0
1  101 0 0 2.01083333333333
2  199 132 0 0 2.01083333333333
2  200 133 0 0 2.01083333333333
4 CN 132 0 133 0
0

0101000
+1636 0 -1635 0 *
Ve
1e-07
34.3709166666667 15.71259375 0
0 0

0101101
*
Ve
1e-07
34.3709166666667 17.7234270833333 0
0 0

0101101
*
Ed
 1e-07 1 1 0
1  102 0 0 2.01083333333333
2  201 134 0 0 2.01083333333333
2  202 135 0 0 2.01083333333333
4 CN 134 0 135 0
0

0101000
+1633 0 -1632 0 *
Ve
1e-07
33.1564166666667 14.0745 0
0 0

0101101
*
Ve
1e-07
31.54775 14.0745 0
0 0

0101101
*
Ed
 1e-07 1 1 0
1  103 0 0 1.60866666666667
2  203 136 0 0 1.60866666666667
2  204 137 0 0 1.60866666666667
4 CN 136 0 137 0
0

0101000
+1630 0 -1629 0 *
Ve
1e-07
32.460125 9.72483333333332 0
0 0

0101101
*
Ve
1e-07
35.581375 8.64533333333334 0
0 0

0101101
*
Ed
 1e-07 1 1 0
1  104 0 0 3.30265375304466
2  205 138 0 0 3.30265375304466
2  206 139 0 0 3.30265375304466
4 CN 138 0 139 0
0

0101000
+1627 0 -1626 0 *
Ve
1e-07
33.1564166666667 16.0853333333333 0
0 0

0101101
*
Ve
1e-07
33.1564166666667 14.0745 0
0 0

0101101
*
Ed
 1e-07 1 1 0
1  105 0 0 2.01083333333334
2  207 140 0 0 2.01083333333334
2  208 141 0 0 2.01083333333334
4 CN 140 0 141 0
0

0101000
+1624 0 -1623 0 *
Ve
1.00000003552714e-07
36.0868915156753 16.2687092536199 0
0 0

0101101
*
Ve
1.00000005329071e-07
34.3709166666667 15.71259375 0
0 0

0101101
*
Ed
 1.00000003552714e-07 1 1 0
1  106 0 0 1.80383872222448
2  209 142 0 0 1.80383872222448
2  210 143 0 0 1.80383872222448
4 CN 142 0 143 0
0

0101000
+1621 0 -1620 0 *
Ve
1e-07
34.9914518063377 17.36682410936 0
0 0

0101101
*
Ve
1e-07
34.3709166666667 15.71259375 0
0 0

0101101
*
Ed
 1e-07 1 1 0
1  107 0 0 1.76678859555827
2  211 143 0 0 1.76678859555827
2  212 135 0 0 1.76678859555827
4 CN 143 0 135 0
0

0101000
+1618 0 -1617 0 *
Ve
1e-07
34.9914518063377 17.36682410936 0
0 0

0101101
*
Ve
1e-07
34.3709166666667 17.7234270833333 0
0 0

0101101
*
Ed
 1e-07 1 1 0
1  108 0 0 0.715702131206212
2  213 135 0 0 0.715702131206212
2  214 144 0 0 0.715702131206212
4 CN 135 0 144 0
0

0101000
+1615 0 -1614 0 *
Ve
1e-07
34.7519166666667 21.4487604166667 0
0 0

0101101
*
Ve
1e-07
34.3709166666667 19.58609375 0
0 0

0101101
*
Ed
 1e-07 1 1 0
1  109 0 0 1.90123331317098
2  215 145 0 0 1.90123331317098
2  216 146 0 0 1.90123331317098
4 CN 146 0 145 0
0

0101000
+1612 0 -1611 0 *
Ve
1e-07
34.7519166666667 21.4487604166667 0
0 0

0101101
*
Ve
1e-07
32.00025 21.4487604166667 0
0 0

0101101
*
Ed
 1e-07 1 1 0
1  110 0 0 2.75166666666667
2  217 146 0 0 2.75166666666667
2  218 147 0 0 2.75166666666667
4 CN 146 0 147 0
0

0101000
+1609 0 -1608 0 *
Ve
1e-07
32.00025 21.4487604166667 0
0 0

0101101
*
Ve
1e-07
29.7485833333333 21.4487604166667 0
0 0

0101101
*
Ed
 1e-07 1 1 0
1  111 0 0 2.25166666666667
2  219 148 0 0 2.25166666666667
2  220 149 0 0 2.25166666666667
4 CN 148 0 149 0
0

0101000
+1606 0 -1605 0 *
Ve
1e-07
29.7485833333333 21.4487604166667 0
0 0

0101101
*
Ve
1e-07
29.7485833333333 19.5819635416667 0
0 0

0101101
*
Ed
 1e-07 1 1 0
1  112 0 0 1.866796875
2  221 148 0 0 1.866796875
2  222 65 0 0 1.866796875
4 CN 148 0 65 0
0

0101000
+1603 0 -1602 0 *
Ve
1e-07
32.00025 21.4487604166667 0
0 0

0101101
*
Ve
1e-07
32.00025 23.43025 0
0 0

0101101
*
Ed
 1e-07 1 1 0
1  113 0 0 1.98148958333333
2  223 149 0 0 1.98148958333333
2  224 150 0 0 1.98148958333333
4 CN 149 0 150 0
0

0101000
+1600 0 -1599 0 *
Ve
1e-07
29.3544166666667 23.43025 0
0 0

0101101
*
Ve
1e-07
29.7485833333333 21.4487604166667 0
0 0

0101101
*
Ed
 1e-07 1 1 0
1  114 0 0 2.02031391866948
2  225 151 0 0 2.02031391866948
2  226 152 0 0 2.02031391866948
4 CN 151 0 152 0
0

0101000
+1597 0 -1596 0 *
Ve
1e-07
30.6650188215782 24.739606281297 0
0 0

0101101
*
Ve
1e-07
29.3544166666667 23.43025 0
0 0

0101101
*
Ed
 1e-07 1 1 0
1  115 0 0 1.85259058613358
2  227 153 0 0 1.85259058613358
2  228 154 0 0 1.85259058613358
4 CN 153 0 154 0
0

0101000
+1594 0 -1593 0 *
Ve
1e-07
30.6650188215782 24.739606281297 0
0 0

0101101
*
Ve
1e-07
29.96825 25.1870833333333 0
0 0

0101101
*
Ed
 1e-07 1 1 0
1  116 0 0 0.828083632746497
2  229 154 0 0 0.828083632746497
2  230 155 0 0 0.828083632746497
4 CN 154 0 155 0
0

0101000
+1591 0 -1590 0 *
Ve
1e-07
29.96825 25.1870833333333 0
0 0

0101101
*
Ve
1e-07
29.3544166666667 23.43025 0
0 0

0101101
*
Ed
 1e-07 1 1 0
1  117 0 0 1.86098219288155
2  231 154 0 0 1.86098219288155
2  232 156 0 0 1.86098219288155
4 CN 154 0 156 0
0

0101000
+1588 0 -1587 0 *
Ve
1.00000007105427e-07
30.6650188215782 24.739606281297 0
0 0

0101101
*
Ve
1.00000003552714e-07
30.671843924833 25.4920805910571 0
0 0

0101101
*
Ed
 1.00000003552714e-07 1 1 0
1  118 0 0 0.752505261698077
2  233 155 0 0 0.752505261698077
2  234 157 0 0 0.752505261698077
4 CN 155 0 157 0
0

0101000
+1585 0 -1584 0 *
Ve
1e-07
30.671843924833 25.4920805910571 0
0 0

0101101
*
Ve
1e-07
29.96825 25.1870833333333 0
0 0

0101101
*
Ed
 1e-07 1 1 0
1  119 0 0 0.766855748026241
2  235 155 0 0 0.766855748026241
2  236 158 0 0 0.766855748026241
4 CN 155 0 158 0
0

0101000
+1582 0 -1581 0 *
Ve
1e-07
29.9903960221963 27.3567206279076 0
0 0

0101101
*
Ve
1e-07
30.671843924833 25.4920805910571 0
0 0

0101101
*
Ed
 1e-07 1 1 0
1  120 0 0 1.98525910425663
2  237 159 0 0 1.98525910425663
2  238 158 0 0 1.98525910425663
4 CN 158 0 159 0
0

0101000
+1579 0 -1578 0 *
Ve
1.00000007105427e-07
29.9903960221963 27.3567206279076 0
0 0

0101101
*
Ve
1.0000000857701e-07
29.96825 25.1870833333333 0
0 0

0101101
*
Ed
 1.00000003552714e-07 1 1 0
1  121 0 0 2.16975031658174
2  239 158 0 0 2.16975031658174
2  240 160 0 0 2.16975031658174
4 CN 158 0 160 0
0

0101000
+1576 0 -1575 0 *
Ve
1e-07
37.5035833333333 21.4487604166667 0
0 0

0101101
*
Ve
1e-07
34.7519166666667 21.4487604166667 0
0 0

0101101
*
Ed
 1e-07 1 1 0
1  122 0 0 2.75166666666667
2  241 161 0 0 2.75166666666667
2  242 162 0 0 2.75166666666667
4 CN 161 0 162 0
0

0101000
+1573 0 -1572 0 *
Ve
1.00000003552714e-07
36.1249905596545 19.1980773947234 0
0 0

0101101
*
Ve
1.00000003552714e-07
36.9453719793637 19.1996934058337 0
0 0

0101101
*
Ed
 1.00000003552714e-07 1 1 0
1  123 0 0 0.820383011340444
2  243 163 0 0 0.820383011340444
2  244 164 0 0 0.820383011340444
4 CN 163 0 164 0
0

0101000
+1570 0 -1569 0 *
Ve
1.00000003552714e-07
38.8370833333333 19.58609375 0
0 0

0101101
*
Ve
1.00000003552714e-07
36.9453719793637 19.1996934058337 0
0 0

0101101
*
Ed
 1.00000003552714e-07 1 1 0
1  124 0 0 1.93077110831643
2  245 165 0 0 1.93077110831643
2  246 166 0 0 1.93077110831643
4 CN 165 0 166 0
0

0101000
+1567 0 -1566 0 *
Ve
1.00000003552714e-07
38.8370833333333 19.58609375 0
0 0

0101101
*
Ve
1.00000003552714e-07
37.9426839356541 18.1405812455894 0
0 0

0101101
*
Ed
 1.00000003552714e-07 1 1 0
1  125 0 0 1.69984019336424
2  247 167 0 0 1.69984019336424
2  248 165 0 0 1.69984019336424
4 CN 165 0 167 0
0

0101000
+1564 0 -1563 0 *
Ve
1.00000003552714e-07
33.3964332649333 24.739606281297 0
0 0

0101101
*
Ve
1.00000007105427e-07
32.00025 23.43025 0
0 0

0101101
*
Ed
 1.00000003552714e-07 1 1 0
1  126 0 0 1.91409027494834
2  249 168 0 0 1.91409027494834
2  250 169 0 0 1.91409027494834
4 CN 168 0 169 0
0

0101000
+1561 0 -1560 0 *
Ve
1e-07
34.7519166666667 23.43025 0
0 0

0101101
*
Ve
1e-07
35.36575 25.1870833333333 0
0 0

0101101
*
Ed
 1e-07 1 1 0
1  127 0 0 1.86098219288155
2  251 170 0 0 1.86098219288155
2  252 171 0 0 1.86098219288155
4 CN 170 0 171 0
0

0101000
+1558 0 -1557 0 *
Ve
1.00000007105427e-07
33.4032583681881 25.4920805910571 0
0 0

0101101
*
Ve
1.00000007105427e-07
33.3964332649333 24.739606281297 0
0 0

0101101
*
Ed
 1.00000007105427e-07 1 1 0
1  128 0 0 0.752505261698077
2  253 172 0 0 0.752505261698077
2  254 173 0 0 0.752505261698077
4 CN 172 0 173 0
0

0101000
+1555 0 -1554 0 *
Ve
1.00000001776357e-07
51.32625 6.84616666666667 0
0 0

0101101
*
Ve
1.00000001776357e-07
52.63775 9.81032812500001 0
0 0

0101101
*
Ed
 1.00000001776357e-07 1 1 0
1  129 0 0 3.24134006254648
2  255 174 0 0 3.24134006254648
2  256 175 0 0 3.24134006254648
4 CN 174 0 175 0
0

0101000
+1552 0 -1551 0 *
Ve
1e-07
50.71875 11.0649166666667 0
0 0

0101101
*
Ve
1e-07
48.91325 9.72483333333333 0
0 0

0101101
*
Ed
 1e-07 1 1 0
1  130 0 0 2.24847806088424
2  257 176 0 0 2.24847806088424
2  258 177 0 0 2.24847806088424
4 CN 176 0 177 0
0

0101000
+1549 0 -1548 0 *
Ve
1e-07
52.63775 12.6254947916667 0
0 0

0101101
*
Ve
1e-07
52.63775 9.81032812500001 0
0 0

0101101
*
Ed
 1e-07 1 1 0
1  131 0 0 2.81516666666667
2  259 178 0 0 2.81516666666667
2  260 179 0 0 2.81516666666667
4 CN 179 0 178 0
0

0101000
+1546 0 -1545 0 *
Ve
1.00000000888178e-07
17.2958333333333 6.84616666666667 0
0 0

0101101
*
Ve
1.00000000888178e-07
15.666 8.93108333333334 0
0 0

0101101
*
Ed
 1.00000000888178e-07 1 1 0
1  132 0 0 2.64636244709391
2  261 180 0 0 2.64636244709391
2  262 181 0 0 2.64636244709391
4 CN 180 0 181 0
0

0101000
+1543 0 -1542 0 *
Ve
1e-07
15.666 8.93108333333334 0
0 0

0101101
*
Ve
1e-07
15.666 6.84616666666667 0
0 0

0101101
*
Ed
 1e-07 1 1 0
1  133 0 0 2.08491666666667
2  263 180 0 0 2.08491666666667
2  264 182 0 0 2.08491666666667
4 CN 180 0 182 0
0

0101000
+1540 0 -1539 0 *
Ve
1e-07
15.666 6.84616666666667 0
0 0

0101101
*
Ve
1e-07
17.2958333333333 6.84616666666667 0
0 0

0101101
*
Ed
 1e-07 1 1 0
1  134 0 0 1.62983333333333
2  265 180 0 0 1.62983333333333
2  266 183 0 0 1.62983333333333
4 CN 180 0 183 0
0

0101000
+1537 0 -1536 0 *
Ve
1e-07
17.2958333333333 6.84616666666667 0
0 0

0101101
*
Ve
1e-07
19.3913333333333 6.84616666666667 0
0 0

0101101
*
Ed
 1e-07 1 1 0
1  135 0 0 2.0955
2  267 181 0 0 2.0955
2  268 184 0 0 2.0955
4 CN 181 0 184 0
0

0101000
+1534 0 -1533 0 *
Ve
1e-07
14.0102708333334 10.508 0
0 0

0101101
*
Ve
1e-07
15.666 12.38125 0
0 0

0101101
*
Ed
 1e-07 1 1 0
1  136 0 0 2.50010092513295
2  269 185 0 0 2.50010092513295
2  270 186 0 0 2.50010092513295
4 CN 185 0 186 0
0

0101000
+1531 0 -1530 0 *
Ve
1e-07
15.666 12.38125 0
0 0

0101101
*
Ve
1e-07
13.6927708333334 12.38125 0
0 0

0101101
*
Ed
 1e-07 1 1 0
1  137 0 0 1.97322916666665
2  271 185 0 0 1.97322916666665
2  272 187 0 0 1.97322916666665
4 CN 185 0 187 0
0

0101000
+1528 0 -1527 0 *
Ve
1e-07
13.6927708333334 12.38125 0
0 0

0101101
*
Ve
1e-07
12.2795256969816 12.0369128691741 0
0 0

0101101
*
Ed
 1e-07 1 1 0
1  138 0 0 1.45458924617476
2  273 188 0 0 1.45458924617476
2  274 189 0 0 1.45458924617476
4 CN 188 0 189 0
0

0101000
+1525 0 -1524 0 *
Ve
1e-07
14.0102708333334 10.508 0
0 0

0101101
*
Ve
1e-07
15.666 8.93108333333334 0
0 0

0101101
*
Ed
 1e-07 1 1 0
1  139 0 0 2.28650502885118
2  275 186 0 0 2.28650502885118
2  276 75 0 0 2.28650502885118
4 CN 186 0 75 0
0

0101000
+1522 0 -1521 0 *
Ve
1e-07
15.666 8.93108333333334 0
0 0

0101101
*
Ve
1e-07
15.666 12.38125 0
0 0

0101101
*
Ed
 1e-07 1 1 0
1  140 0 0 3.45016666666666
2  277 186 0 0 3.45016666666666
2  278 190 0 0 3.45016666666666
4 CN 186 0 190 0
0

0101000
+1519 0 -1518 0 *
Ve
1e-07
12.2795256969816 12.0369128691741 0
0 0

0101101
*
Ve
1e-07
11.5270513872216 12.0437379724289 0
0 0

0101101
*
Ed
 1e-07 1 1 0
1  141 0 0 0.752505261698073
2  279 191 0 0 0.752505261698073
2  280 192 0 0 0.752505261698073
4 CN 191 0 192 0
0

0101000
+1516 0 -1515 0 *
Ve
1.00000001776357e-07
15.666 6.84616666666667 0
0 0

0101101
*
Ve
1.00000001776357e-07
15.666 5.25241666666666 0
0 0

0101101
*
Ed
 1.00000001776357e-07 1 1 0
1  142 0 0 1.59375000000001
2  281 183 0 0 1.59375000000001
2  282 193 0 0 1.59375000000001
4 CN 183 0 193 0
0

0101000
+1513 0 -1512 0 *
Ve
1.00000000888178e-07
17.587875 4.68991666666666 0
0 0

0101101
*
Ve
1.00000000888178e-07
15.666 5.25241666666666 0
0 0

0101101
*
Ed
 1.00000000888178e-07 1 1 0
1  143 0 0 2.00250087780879
2  283 194 0 0 2.00250087780879
2  284 195 0 0 2.00250087780879
4 CN 195 0 194 0
0

0101000
+1510 0 -1509 0 *
Ve
1e-07
11.6738958333333 0.723481257677658 0
0 0

0101101
*
Ve
1e-07
9.72656249999999 0.723481257677658 0
0 0

0101101
*
Ed
 1e-07 1 1 0
1  144 0 0 1.94733333333333
2  285 196 0 0 1.94733333333333
2  286 197 0 0 1.94733333333333
4 CN 196 0 197 0
0

0101000
+1507 0 -1506 0 *
Ve
1e-07
13.6927708333333 0.723481257677658 0
0 0

0101101
*
Ve
1e-07
11.6738958333333 0.723481257677658 0
0 0

0101101
*
Ed
 1e-07 1 1 0
1  145 0 0 2.01887500000002
2  287 198 0 0 2.01887500000002
2  288 199 0 0 2.01887500000002
4 CN 198 0 199 0
0

0101000
+1504 0 -1503 0 *
Ve
1.00000000444089e-07
35.2062367807209 0.992450156917954 0
0 0

0101101
*
Ve
1.00000000444089e-07
32.6098755173133 1.37345015691795 0
0 0

0101101
*
Ed
 1.00000000444089e-07 1 1 0
1  146 0 0 2.62416706978104
2  289 200 0 0 2.62416706978104
2  290 201 0 0 2.62416706978104
4 CN 200 0 201 0
0

0101000
+1501 0 -1500 0 *
Ve
1.00000000444089e-07
29.7029034473875 0.992450156917954 0
0 0

0101101
*
Ve
1.00000000444089e-07
27.10654218398 1.37345015691795 0
0 0

0101101
*
Ed
 1.00000000444089e-07 1 1 0
1  147 0 0 2.62416706978104
2  291 202 0 0 2.62416706978104
2  292 203 0 0 2.62416706978104
4 CN 202 0 203 0
0

0101000
+1498 0 -1497 0 *
Ve
1.00000000444089e-07
40.6672367807209 0.992450156917954 0
0 0

0101101
*
Ve
1.00000000444089e-07
38.1343755173133 1.37345015691795 0
0 0

0101101
*
Ed
 1.00000000444089e-07 1 1 0
1  148 0 0 2.56135651163021
2  293 204 0 0 2.56135651163021
2  294 205 0 0 2.56135651163021
4 CN 204 0 205 0
0

0101000
+1495 0 -1494 0 *
Ve
1.00000000666134e-07
46.1070701140542 0.992450156917954 0
0 0

0101101
*
Ve
1.00000007771561e-07
43.5953755173133 1.37345015691795 0
0 0

0101101
*
Ed
 1.00000000666134e-07 1 1 0
1  149 0 0 2.54042727652206
2  295 206 0 0 2.54042727652206
2  296 207 0 0 2.54042727652206
4 CN 206 0 207 0
0

0101000
+1492 0 -1491 0 *
Ve
1.00000001776357e-07
44.90625 2.34616666666667 0
0 0

0101101
*
Ve
1.00000008881784e-07
43.5953755173133 1.37345015691795 0
0 0

0101101
*
Ed
 1.00000001776357e-07 1 1 0
1  150 0 0 1.63235085618773
2  297 207 0 0 1.63235085618773
2  298 208 0 0 1.63235085618773
4 CN 207 0 208 0
0

0101000
+1489 0 -1488 0 *
Ve
1.00000001776357e-07
46.1070701140542 0.992450156917954 0
0 0

0101101
*
Ve
1.00000001776357e-07
44.90625 2.34616666666667 0
0 0

0101101
*
Ed
 1.00000001776357e-07 1 1 0
1  151 0 0 1.8095627469318
2  299 207 0 0 1.8095627469318
2  300 209 0 0 1.8095627469318
4 CN 207 0 209 0
0

0101000
+1486 0 -1485 0 *
Ve
1e-07
40.6672367807209 2.84584732927989 0
0 0

0101101
*
Ve
1e-07
40.6672367807209 0.992450156917954 0
0 0

0101101
*
Ed
 1e-07 1 1 0
1  152 0 0 1.85339717236194
2  301 210 0 0 1.85339717236194
2  302 211 0 0 1.85339717236194
4 CN 210 0 211 0
0

0101000
+1483 0 -1482 0 *
Ve
1.00000002220446e-07
10.7058594410301 1.60909057144649 0
0 0

0101101
*
Ve
1.00000000444089e-07
9.72656249999999 0.723481257677658 0
0 0

0101101
*
Ed
 1.00000000444089e-07 1 1 0
1  153 0 0 1.32035084555013
2  303 197 0 0 1.32035084555013
2  304 212 0 0 1.32035084555013
4 CN 197 0 212 0
0

0101000
+1480 0 -1479 0 *
Ve
1.00000002220446e-07
10.7058594410301 1.60909057144649 0
0 0

0101101
*
Ve
1.00000000444089e-07
9.72656249999998 2.89885207565566 0
0 0

0101101
*
Ed
 1.00000000444089e-07 1 1 0
1  154 0 0 1.61941570835002
2  305 212 0 0 1.61941570835002
2  306 213 0 0 1.61941570835002
4 CN 212 0 213 0
0

0101000
+1477 0 -1476 0 *
Ve
1.00000001776357e-07
9.72656249999998 2.89885207565566 0
0 0

0101101
*
Ve
1.00000001776357e-07
9.72656249999999 0.723481257677658 0
0 0

0101101
*
Ed
 1.00000001776357e-07 1 1 0
1  155 0 0 2.17537081797801
0

0101000
+1474 0 -1473 0 *
Ve
1e-07
10.7058594410301 1.60909057144649 0
0 0

0101101
*
Ve
1e-07
10.7058594410301 2.3998885135786 0
0 0

0101101
*
Ed
 1e-07 1 1 0
1  156 0 0 0.790797942132116
2  307 213 0 0 0.790797942132116
2  308 214 0 0 0.790797942132116
4 CN 213 0 214 0
0

0101000
+1471 0 -1470 0 *
Ve
1.00000002220446e-07
10.7058594410301 2.3998885135786 0
0 0

0101101
*
Ve
1.00000000444089e-07
9.72656249999998 2.89885207565566 0
0 0

0101101
*
Ed
 1.00000000444089e-07 1 1 0
1  157 0 0 1.09908468053718
2  309 213 0 0 1.09908468053718
2  310 215 0 0 1.09908468053718
4 CN 213 0 215 0
0

0101000
+1468 0 -1467 0 *
Ve
1.00000000444089e-07
54.8513477615075 1.60909057144649 0
0 0

0101101
*
Ve
1.00000000444089e-07
53.859375 2.79528748464465 0
0 0

0101101
*
Ed
 1.00000000444089e-07 1 1 0
1  158 0 0 1.54630950215465
2  311 216 0 0 1.54630950215465
2  312 217 0 0 1.54630950215465
4 CN 216 0 217 0
0

0101000
+1465 0 -1464 0 *
Ve
1.00000000444089e-07
18.8020701140542 0.992450156917954 0
0 0

0101101
*
Ve
1.00000000444089e-07
16.2057088506466 1.37345015691795 0
0 0

0101101
*
Ed
 1.00000000444089e-07 1 1 0
1  159 0 0 2.62416706978104
2  313 218 0 0 2.62416706978104
2  314 219 0 0 2.62416706978104
4 CN 218 0 219 0
0

0101000
+1462 0 -1461 0 *
Ve
1e-07
13.6927708333334 2.99260207565566 0
0 0

0101101
*
Ve
1e-07
13.6927708333333 0.723481257677658 0
0 0

0101101
*
Ed
 1e-07 1 1 0
1  160 0 0 2.269120817978
2  315 220 0 0 2.269120817978
2  316 221 0 0 2.269120817978
4 CN 220 0 221 0
0

0101000
+1459 0 -1458 0 *
Ve
1e-07
16.2057088506466 1.37345015691795 0
0 0

0101101
*
Ve
1e-07
16.2057088506466 3.2268473292799 0
0 0

0101101
*
Ed
 1e-07 1 1 0
1  161 0 0 1.85339717236195
2  317 222 0 0 1.85339717236195
2  318 223 0 0 1.85339717236195
4 CN 222 0 223 0
0

0101000
+1456 0 -1455 0 *
Ve
1e-07
35.2062367807209 2.84584732927989 0
0 0

0101101
*
Ve
1e-07
35.2062367807209 0.992450156917954 0
0 0

0101101
*
Ed
 1e-07 1 1 0
1  162 0 0 1.85339717236194
2  319 224 0 0 1.85339717236194
2  320 35 0 0 1.85339717236194
4 CN 224 0 35 0
0

0101000
+1453 0 -1452 0 *
Ve
1e-07
38.1343755173133 1.37345015691795 0
0 0

0101101
*
Ve
1e-07
38.1343755173133 3.2268473292799 0
0 0

0101101
*
Ed
 1e-07 1 1 0
1  163 0 0 1.85339717236195
2  321 225 0 0 1.85339717236195
2  322 226 0 0 1.85339717236195
4 CN 225 0 226 0
0

0101000
+1450 0 -1449 0 *
Ve
1.00000000222045e-07
24.2207367807209 0.992450156917954 0
0 0

0101101
*
Ve
1.00000000222045e-07
21.6878755173133 1.37345015691795 0
0 0

0101101
*
Ed
 1.00000000222045e-07 1 1 0
1  164 0 0 2.5613565116302
2  323 227 0 0 2.5613565116302
2  324 228 0 0 2.5613565116302
4 CN 227 0 228 0
0

0101000
+1447 0 -1446 0 *
Ve
1.00000004440892e-07
22.921875 2.53366666666666 0
0 0

0101101
*
Ve
1.00000000888178e-07
21.6878755173133 1.37345015691795 0
0 0

0101101
*
Ed
 1.00000000888178e-07 1 1 0
1  165 0 0 1.69377007671185
2  325 228 0 0 1.69377007671185
2  326 229 0 0 1.69377007671185
4 CN 228 0 229 0
0

0101000
+1444 0 -1443 0 *
Ve
1.00000000888178e-07
24.2207367807209 0.992450156917954 0
0 0

0101101
*
Ve
1.00000004440892e-07
22.921875 2.53366666666666 0
0 0

0101101
*
Ed
 1.00000000888178e-07 1 1 0
1  166 0 0 2.01553721259106
2  327 228 0 0 2.01553721259106
2  328 230 0 0 2.01553721259106
4 CN 228 0 230 0
0

0101000
+1441 0 -1440 0 *
Ve
1.00000004440892e-07
22.921875 2.53366666666666 0
0 0

0101101
*
Ve
1.00000000888178e-07
21.6878755173133 3.2268473292799 0
0 0

0101101
*
Ed
 1.00000000888178e-07 1 1 0
1  167 0 0 1.41536361204177
2  329 229 0 0 1.41536361204177
2  330 231 0 0 1.41536361204177
4 CN 229 0 231 0
0

0101000
+1438 0 -1437 0 *
Ve
1e-07
21.6878755173133 3.2268473292799 0
0 0

0101101
*
Ve
1e-07
21.6878755173133 1.37345015691795 0
0 0

0101101
*
Ed
 1e-07 1 1 0
1  168 0 0 1.85339717236195
2  331 229 0 0 1.85339717236195
2  332 232 0 0 1.85339717236195
4 CN 229 0 232 0
0

0101000
+1435 0 -1434 0 *
Ve
1e-07
18.8020701140542 2.84584732927989 0
0 0

0101101
*
Ve
1e-07
18.8020701140542 0.992450156917954 0
0 0

0101101
*
Ed
 1e-07 1 1 0
1  169 0 0 1.85339717236194
2  333 233 0 0 1.85339717236194
2  334 234 0 0 1.85339717236194
4 CN 233 0 234 0
0

0101000
+1432 0 -1431 0 *
Ve
1.00000000444089e-07
59.0958913794452 1.5919598497805 0
0 0

0101101
*
Ve
1.00000000444089e-07
58.96875 0.471166666666658 0
0 0

0101101
*
Ed
 1.00000000444089e-07 1 1 0
1  170 0 0 1.1279815112322
2  335 235 0 0 1.1279815112322
2  336 236 0 0 1.1279815112322
4 CN 236 0 235 0
0

0101000
+1429 0 -1428 0 *
Ve
1.00000000333067e-07
58.96875 0.471166666666658 0
0 0

0101101
*
Ve
1.00000000333067e-07
60.2038643530114 0.562414704432022 0
0 0

0101101
*
Ed
 1.00000000333067e-07 1 1 0
1  171 0 0 1.2384803871724
2  337 235 0 0 1.2384803871724
2  338 237 0 0 1.2384803871724
4 CN 235 0 237 0
0

0101000
+1426 0 -1425 0 *
Ve
1.00000007105427e-07
59.0958913794452 1.5919598497805 0
0 0

0101101
*
Ve
1.00000007105427e-07
59.0919395731075 2.41788737435123 0
0 0

0101101
*
Ed
 1.00000007105427e-07 1 1 0
1  172 0 0 0.82593697859877
2  339 238 0 0 0.82593697859877
2  340 239 0 0 0.82593697859877
4 CN 239 0 238 0
0

0101000
+1423 0 -1422 0 *
Ve
1.00000010658141e-07
47.0648391515984 24.739606281297 0
0 0

0101101
*
Ve
1.00000011496823e-07
45.7374166666667 23.43025 0
0 0

0101101
*
Ed
 1.00000003552714e-07 1 1 0
1  173 0 0 1.8645279093846
2  341 240 0 0 1.8645279093846
2  342 47 0 0 1.8645279093846
4 CN 240 0 47 0
0

0101000
+1420 0 -1419 0 *
Ve
1e-07
49.01825 25.1870833333333 0
0 0

0101101
*
Ve
1e-07
48.4044166666667 23.43025 0
0 0

0101101
*
Ed
 1e-07 1 1 0
1  174 0 0 1.86098219288155
2  343 241 0 0 1.86098219288155
2  344 242 0 0 1.86098219288155
4 CN 242 0 241 0
0

0101000
+1417 0 -1416 0 *
Ve
1.00000001776357e-07
46.1929166666667 15.2539166666667 0
0 0

0101101
*
Ve
1.00000001776357e-07
45.6710833333333 14.5765833333333 0
0 0

0101101
*
Ed
 1.00000001776357e-07 1 1 0
1  175 0 0 0.855038286992019
2  345 243 0 0 0.855038286992019
2  346 128 0 0 0.855038286992019
4 CN 243 0 128 0
0

0101000
+1414 0 -1413 0 *
Ve
1e-07
46.1929166666667 17.3070833333333 0
0 0

0101101
*
Ve
1e-07
46.1929166666667 15.2539166666667 0
0 0

0101101
*
Ed
 1e-07 1 1 0
1  176 0 0 2.05316666666666
2  347 244 0 0 2.05316666666666
2  348 245 0 0 2.05316666666666
4 CN 244 0 245 0
0

0101000
+1411 0 -1410 0 *
Ve
1.00000001776357e-07
47.59725 14.5765833333333 0
0 0

0101101
*
Ve
1.00000003552714e-07
49.24825 15.9100833333333 0
0 0

0101101
*
Ed
 1.00000001776357e-07 1 1 0
1  177 0 0 2.1222684208177
2  349 246 0 0 2.1222684208177
2  350 247 0 0 2.1222684208177
4 CN 246 0 247 0
0

0101000
+1408 0 -1407 0 *
Ve
1e-07
41.5963434299434 24.739606281297 0
0 0

0101101
*
Ve
1e-07
40.3399166666667 23.43025 0
0 0

0101101
*
Ed
 1e-07 1 1 0
1  178 0 0 1.81466858760765
2  351 248 0 0 1.81466858760765
2  352 249 0 0 1.81466858760765
4 CN 248 0 249 0
0

0101000
+1405 0 -1404 0 *
Ve
1.00000003552714e-07
41.5963434299434 24.739606281297 0
0 0

0101101
*
Ve
1.00000007105427e-07
40.95375 25.1870833333333 0
0 0

0101101
*
Ed
 1.00000003552714e-07 1 1 0
1  179 0 0 0.783046632267529
2  353 249 0 0 0.783046632267529
2  354 250 0 0 0.783046632267529
4 CN 249 0 250 0
0

0101000
+1402 0 -1401 0 *
Ve
1.00000010658141e-07
40.95375 25.1870833333333 0
0 0

0101101
*
Ve
1.00000010658141e-07
40.3399166666667 23.43025 0
0 0

0101101
*
Ed
 1.00000007105427e-07 1 1 0
1  180 0 0 1.86098219288155
2  355 249 0 0 1.86098219288155
2  356 251 0 0 1.86098219288155
4 CN 249 0 251 0
0

0101000
+1399 0 -1398 0 *
Ve
1.00000007105427e-07
38.8774209247878 25.4920805910571 0
0 0

0101101
*
Ve
1.00000007105427e-07
38.870595821533 24.739606281297 0
0 0

0101101
*
Ed
 1.00000007105427e-07 1 1 0
1  181 0 0 0.752505261698077
2  357 252 0 0 0.752505261698077
2  358 253 0 0 0.752505261698077
4 CN 252 0 253 0
0

0101000
+1396 0 -1395 0 *
Ve
1.00000010658141e-07
35.36575 25.1870833333333 0
0 0

0101101
*
Ve
1.00000010658141e-07
35.4588917438512 27.3567206279076 0
0 0

0101101
*
Ed
 1.00000007105427e-07 1 1 0
1  182 0 0 2.17163564495868
2  359 254 0 0 2.17163564495868
2  360 255 0 0 2.17163564495868
4 CN 254 0 255 0
0

0101000
+1393 0 -1392 0 *
Ve
1e-07
32.7218104655514 27.3567206279076 0
0 0

0101101
*
Ve
1e-07
33.4032583681881 25.4920805910571 0
0 0

0101101
*
Ed
 1e-07 1 1 0
1  183 0 0 1.98525910425663
2  361 256 0 0 1.98525910425663
2  362 257 0 0 1.98525910425663
4 CN 256 0 257 0
0

0101000
+1390 0 -1389 0 *
Ve
1.00000000888178e-07
66.268601423082 5.49396186093203 0
0 0

0101101
*
Ve
1.00000000888178e-07
66.4194166666667 3.81549999999999 0
0 0

0101101
*
Ed
 1.00000000888178e-07 1 1 0
1  184 0 0 1.68522385940295
2  363 258 0 0 1.68522385940295
2  364 259 0 0 1.68522385940295
4 CN 258 0 259 0
0

0101000
+1387 0 -1386 0 *
Ve
1e-07
66.4194166666667 3.81549999999999 0
0 0

0101101
*
Ve
1e-07
66.4194166666667 7.56199999999999 0
0 0

0101101
*
Ed
 1e-07 1 1 0
1  185 0 0 3.7465
0

0101000
+1384 0 -1383 0 *
Ve
1.00000000888178e-07
66.4194166666667 7.56199999999999 0
0 0

0101101
*
Ve
1.00000000888178e-07
66.268601423082 5.49396186093203 0
0 0

0101101
*
Ed
 1.00000000888178e-07 1 1 0
1  186 0 0 2.07353007750965
2  365 258 0 0 2.07353007750965
2  366 260 0 0 2.07353007750965
4 CN 258 0 260 0
0

0101000
+1381 0 -1380 0 *
Ve
1.00000002664535e-07
65.2014119728003 4.48639206219105 0
0 0

0101101
*
Ve
1.00000002664535e-07
66.4194166666667 3.81549999999999 0
0 0

0101101
*
Ed
 1.00000002664535e-07 1 1 0
1  187 0 0 1.39055082373555
2  367 259 0 0 1.39055082373555
2  368 261 0 0 1.39055082373555
4 CN 259 0 261 0
0

0101000
+1378 0 -1377 0 *
Ve
1e-07
64.4371976863447 4.47824803776536 0
0 0

0101101
*
Ve
1e-07
65.2014119728003 4.48639206219105 0
0 0

0101101
*
Ed
 1e-07 1 1 0
1  188 0 0 0.764257679553607
2  369 262 0 0 0.764257679553607
2  370 263 0 0 0.764257679553607
4 CN 262 0 263 0
0

0101000
+1375 0 -1374 0 *
Ve
1e-07
63.75 21.9596666666667 0
0 0

0101101
*
Ve
1e-07
62.4135416666667 19.9909166666667 0
0 0

0101101
*
Ed
 1e-07 1 1 0
1  189 0 0 2.37951621957827
2  371 264 0 0 2.37951621957827
2  372 265 0 0 2.37951621957827
4 CN 264 0 265 0
0

0101000
+1372 0 -1371 0 *
Ve
1.00000003552714e-07
62.4135416666667 19.9909166666667 0
0 0

0101101
*
Ve
1.00000003552714e-07
65.3015790127965 20.9585391211241 0
0 0

0101101
*
Ed
 1.00000003552714e-07 1 1 0
1  190 0 0 3.04582549188409
2  373 264 0 0 3.04582549188409
2  374 266 0 0 3.04582549188409
4 CN 264 0 266 0
0

0101000
+1369 0 -1368 0 *
Ve
1.00000003552714e-07
65.3015790127965 20.9585391211241 0
0 0

0101101
*
Ve
1.00000003552714e-07
63.75 21.9596666666667 0
0 0

0101101
*
Ed
 1.00000003552714e-07 1 1 0
1  191 0 0 1.84652478873006
2  375 264 0 0 1.84652478873006
2  376 267 0 0 1.84652478873006
4 CN 264 0 267 0
0

0101000
+1366 0 -1365 0 *
Ve
1.00000003552714e-07
65.5591094506633 23.1326487597093 0
0 0

0101101
*
Ve
1.00000003552714e-07
63.75 21.9596666666667 0
0 0

0101101
*
Ed
 1.00000003552714e-07 1 1 0
1  192 0 0 2.15609925445886
2  377 267 0 0 2.15609925445886
2  378 268 0 0 2.15609925445886
4 CN 267 0 268 0
0

0101000
+1363 0 -1362 0 *
Ve
1e-07
65.5591094506633 23.1326487597093 0
0 0

0101101
*
Ve
1e-07
65.3015790127965 20.9585391211241 0
0 0

0101101
*
Ed
 1e-07 1 1 0
1  193 0 0 2.1893091711809
2  379 269 0 0 2.1893091711809
2  380 267 0 0 2.1893091711809
4 CN 267 0 269 0
0

0101000
+1360 0 -1359 0 *
Ve
1.00000000444089e-07
59.0919395731075 2.41788737435123 0
0 0

0101101
*
Ve
1.00000000444089e-07
58.96875 3.81549999999999 0
0 0

0101101
*
Ed
 1.00000000444089e-07 1 1 0
1  194 0 0 1.403031262052
2  381 270 0 0 1.403031262052
2  382 271 0 0 1.403031262052
4 CN 270 0 271 0
0

0101000
+1357 0 -1356 0 *
Ve
1e-07
57.65625 5.06491666666664 0
0 0

0101101
*
Ve
1e-07
57.65625 2.88903748464465 0
0 0

0101101
*
Ed
 1e-07 1 1 0
1  195 0 0 2.17587918202199
2  383 272 0 0 2.17587918202199
2  384 273 0 0 2.17587918202199
4 CN 272 0 273 0
0

0101000
+1354 0 -1353 0 *
Ve
1.00000000888178e-07
58.96875 3.81549999999999 0
0 0

0101101
*
Ve
1.00000000888178e-07
59.891875 6.84616666666667 0
0 0

0101101
*
Ed
 1.00000000888178e-07 1 1 0
1  196 0 0 3.16813828771244
2  385 274 0 0 3.16813828771244
2  386 275 0 0 3.16813828771244
4 CN 274 0 275 0
0

0101000
+1351 0 -1350 0 *
Ve
1e-07
56.462875 6.84616666666667 0
0 0

0101101
*
Ve
1e-07
59.891875 6.84616666666667 0
0 0

0101101
*
Ed
 1e-07 1 1 0
1  197 0 0 3.429
2  387 276 0 0 3.429
2  388 277 0 0 3.429
4 CN 277 0 276 0
0

0101000
+1348 0 -1347 0 *
Ve
1e-07
59.985625 11.14325 0
0 0

0101101
*
Ve
1e-07
59.985625 14.5299166666667 0
0 0

0101101
*
Ed
 1e-07 1 1 0
1  198 0 0 3.38666666666666
2  389 278 0 0 3.38666666666666
2  390 279 0 0 3.38666666666666
4 CN 278 0 279 0
0

0101000
+1345 0 -1344 0 *
Ve
1e-07
59.985625 11.14325 0
0 0

0101101
*
Ve
1e-07
59.985625 8.81491666666667 0
0 0

0101101
*
Ed
 1e-07 1 1 0
1  199 0 0 2.32833333333334
2  391 280 0 0 2.32833333333334
2  392 281 0 0 2.32833333333334
4 CN 281 0 280 0
0

0101000
+1342 0 -1341 0 *
Ve
1e-07
53.859375 6.84616666666666 0
0 0

0101101
*
Ve
1e-07
56.462875 6.84616666666667 0
0 0

0101101
*
Ed
 1e-07 1 1 0
1  200 0 0 2.60349999999999
2  393 282 0 0 2.60349999999999
2  394 283 0 0 2.60349999999999
4 CN 282 0 283 0
0

0101000
+1339 0 -1338 0 *
Ve
1.00000001776357e-07
52.63775 9.81032812500001 0
0 0

0101101
*
Ve
1.00000001776357e-07
53.859375 6.84616666666666 0
0 0

0101101
*
Ed
 1.00000001776357e-07 1 1 0
1  201 0 0 3.20602881953577
2  395 282 0 0 3.20602881953577
2  396 284 0 0 3.20602881953577
4 CN 282 0 284 0
0

0101000
+1336 0 -1335 0 *
Ve
1.00000001776357e-07
62.4135416666667 8.81491666666667 0
0 0

0101101
*
Ve
1.00000001776357e-07
63.75 10.7836666666667 0
0 0

0101101
*
Ed
 1.00000001776357e-07 1 1 0
1  202 0 0 2.37951621957828
2  397 285 0 0 2.37951621957828
2  398 286 0 0 2.37951621957828
4 CN 285 0 286 0
0

0101000
+1333 0 -1332 0 *
Ve
1e-07
62.4135416666667 8.81491666666667 0
0 0

0101101
*
Ve
1e-07
59.985625 8.81491666666667 0
0 0

0101101
*
Ed
 1e-07 1 1 0
1  203 0 0 2.42791666666667
2  399 287 0 0 2.42791666666667
2  400 280 0 0 2.42791666666667
4 CN 280 0 287 0
0

0101000
+1330 0 -1329 0 *
Ve
1.00000001776357e-07
62.4135416666667 8.81491666666667 0
0 0

0101101
*
Ve
1.00000001776357e-07
65.3015790127965 9.9203793281937 0
0 0

0101101
*
Ed
 1.00000001776357e-07 1 1 0
1  204 0 0 3.09237892384991
2  401 286 0 0 3.09237892384991
2  402 288 0 0 3.09237892384991
4 CN 286 0 288 0
0

0101000
+1327 0 -1326 0 *
Ve
1.00000003552714e-07
65.3015790127965 9.9203793281937 0
0 0

0101101
*
Ve
1.00000003552714e-07
63.75 10.7836666666667 0
0 0

0101101
*
Ed
 1.00000003552714e-07 1 1 0
1  205 0 0 1.77557384011995
2  403 286 0 0 1.77557384011995
2  404 289 0 0 1.77557384011995
4 CN 286 0 289 0
0

0101000
+1324 0 -1323 0 *
Ve
1.00000007993606e-07
62.58825 7.56199999999999 0
0 0

0101101
*
Ve
1.00000000888178e-07
64.4091141197179 7.38644951220218 0
0 0

0101101
*
Ed
 1.00000000888178e-07 1 1 0
1  206 0 0 1.82930700437133
2  405 290 0 0 1.82930700437133
2  406 291 0 0 1.82930700437133
4 CN 290 0 291 0
0

0101000
+1321 0 -1320 0 *
Ve
1.00000000888178e-07
59.891875 6.84616666666667 0
0 0

0101101
*
Ve
1.00000007993606e-07
62.58825 7.56199999999999 0
0 0

0101101
*
Ed
 1.00000000888178e-07 1 1 0
1  207 0 0 2.78977696272234
2  407 292 0 0 2.78977696272234
2  408 293 0 0 2.78977696272234
4 CN 292 0 293 0
0

0101000
+1318 0 -1317 0 *
Ve
1e-07
59.985625 8.81491666666667 0
0 0

0101101
*
Ve
1e-07
59.891875 6.84616666666667 0
0 0

0101101
*
Ed
 1e-07 1 1 0
1  208 0 0 1.97098087890269
2  409 292 0 0 1.97098087890269
2  410 276 0 0 1.97098087890269
4 CN 292 0 276 0
0

0101000
+1315 0 -1314 0 *
Ve
1.00000008881784e-07
62.58825 7.56199999999999 0
0 0

0101101
*
Ve
1.00000001776357e-07
63.3252729064409 6.33372070768457 0
0 0

0101101
*
Ed
 1.00000001776357e-07 1 1 0
1  209 0 0 1.43243596176213
2  411 291 0 0 1.43243596176213
2  412 293 0 0 1.43243596176213
4 CN 291 0 293 0
0

0101000
+1312 0 -1311 0 *
Ve
1.00000000888178e-07
59.891875 6.84616666666667 0
0 0

0101101
*
Ve
1.00000000888178e-07
63.3252729064409 6.33372070768457 0
0 0

0101101
*
Ed
 1.00000000888178e-07 1 1 0
1  210 0 0 3.47142939505181
2  413 293 0 0 3.47142939505181
2  414 294 0 0 3.47142939505181
4 CN 293 0 294 0
0

0101000
+1309 0 -1308 0 *
Ve
1.00000000888178e-07
59.891875 6.84616666666667 0
0 0

0101101
*
Ve
1.00000007993606e-07
63.3292247127785 5.50779318311384 0
0 0

0101101
*
Ed
 1.00000000888178e-07 1 1 0
1  211 0 0 3.68871476661129
2  415 294 0 0 3.68871476661129
2  416 295 0 0 3.68871476661129
4 CN 294 0 295 0
0

0101000
+1306 0 -1305 0 *
Ve
1.00000014210855e-07
63.3292247127785 5.50779318311384 0
0 0

0101101
*
Ve
1.00000007105427e-07
63.3252729064409 6.33372070768457 0
0 0

0101101
*
Ed
 1.00000007105427e-07 1 1 0
1  212 0 0 0.82593697859877
2  417 294 0 0 0.82593697859877
2  418 296 0 0 0.82593697859877
4 CN 294 0 296 0
0

0101000
+1303 0 -1302 0 *
Ve
1.00000008881784e-07
57.65625 5.06491666666664 0
0 0

0101101
*
Ve
1.00000008881784e-07
56.7 3.98148439784282 0
0 0

0101101
*
Ed
 1.00000001776357e-07 1 1 0
1  213 0 0 1.4450742346429
2  419 273 0 0 1.4450742346429
2  420 297 0 0 1.4450742346429
4 CN 273 0 297 0
0

0101000
+1300 0 -1299 0 *
Ve
1.00000002220446e-07
57.65625 2.88903748464465 0
0 0

0101101
*
Ve
1.00000009325873e-07
56.7 3.98148439784282 0
0 0

0101101
*
Ed
 1.00000002220446e-07 1 1 0
1  214 0 0 1.45184514348337
2  421 298 0 0 1.45184514348337
2  422 273 0 0 1.45184514348337
4 CN 273 0 298 0
0

0101000
+1297 0 -1296 0 *
Ve
1e-07
56.7 3.98148439784282 0
0 0

0101101
*
Ve
1e-07
56.7 3.19068645571069 0
0 0

0101101
*
Ed
 1e-07 1 1 0
1  215 0 0 0.790797942132123
2  423 298 0 0 0.790797942132123
2  424 299 0 0 0.790797942132123
4 CN 298 0 299 0
0

0101000
+1294 0 -1293 0 *
Ve
1.00000000888178e-07
56.7 3.19068645571069 0
0 0

0101101
*
Ve
1.00000000888178e-07
57.65625 2.88903748464465 0
0 0

0101101
*
Ed
 1.00000000888178e-07 1 1 0
1  216 0 0 1.00269943863816
2  425 298 0 0 1.00269943863816
2  426 300 0 0 1.00269943863816
4 CN 298 0 300 0
0

0101000
+1291 0 -1290 0 *
Ve
1e-07
65.3015790127965 9.9203793281937 0
0 0

0101101
*
Ve
1e-07
65.549221213244 12.191627132662 0
0 0

0101101
*
Ed
 1e-07 1 1 0
1  217 0 0 2.28470856976211
2  427 289 0 0 2.28470856976211
2  428 301 0 0 2.28470856976211
4 CN 289 0 301 0
0

0101000
+1288 0 -1287 0 *
Ve
1e-07
65.549221213244 12.191627132662 0
0 0

0101101
*
Ve
1e-07
63.75 10.7836666666667 0
0 0

0101101
*
Ed
 1e-07 1 1 0
1  218 0 0 2.28463337277404
2  429 289 0 0 2.28463337277404
2  430 302 0 0 2.28463337277404
4 CN 289 0 302 0
0

0101000
+1285 0 -1284 0 *
Ve
1.00000001776357e-07
63.75 10.7836666666667 0
0 0

0101101
*
Ve
1.00000001776357e-07
62.8475539080225 13.0997060135274 0
0 0

0101101
*
Ed
 1.00000001776357e-07 1 1 0
1  219 0 0 2.48564824646057
2  431 303 0 0 2.48564824646057
2  432 304 0 0 2.48564824646057
4 CN 303 0 304 0
0

0101000
+1282 0 -1281 0 *
Ve
1.00000007105427e-07
63.732125 26.4229270833334 0
0 0

0101101
*
Ve
1.00000003552714e-07
65.5691869306914 27.1834476843284 0
0 0

0101101
*
Ed
 1.00000003552714e-07 1 1 0
1  220 0 0 1.98826258872754
2  433 305 0 0 1.98826258872754
2  434 306 0 0 1.98826258872754
4 CN 306 0 305 0
0

0101000
+1279 0 -1278 0 *
Ve
1e-07
62.8574421454419 24.0407276405747 0
0 0

0101101
*
Ve
1e-07
63.6210246222491 24.0451257078031 0
0 0

0101101
*
Ed
 1e-07 1 1 0
1  221 0 0 0.763595142652488
2  435 307 0 0 0.763595142652488
2  436 308 0 0 0.763595142652488
4 CN 307 0 308 0
0

0101000
+1276 0 -1275 0 *
Ve
1.00000011496823e-07
62.3139583333333 25.3222604166667 0
0 0

0101101
*
Ve
1.00000007105427e-07
63.732125 26.4229270833334 0
0 0

0101101
*
Ed
 1.00000003552714e-07 1 1 0
1  222 0 0 1.79517793144734
2  437 309 0 0 1.79517793144734
2  438 310 0 0 1.79517793144734
4 CN 310 0 309 0
0

0101000
+1273 0 -1272 0 *
Ve
1.00000014210855e-07
63.6311021022772 28.0959246324222 0
0 0

0101101
*
Ve
1.00000010658141e-07
63.732125 26.4229270833334 0
0 0

0101101
*
Ed
 1.00000007105427e-07 1 1 0
1  223 0 0 1.67604487562882
2  439 305 0 0 1.67604487562882
2  440 311 0 0 1.67604487562882
4 CN 305 0 311 0
0

0101000
+1270 0 -1269 0 *
Ve
1.00000011496823e-07
62.8675196254699 28.0915265651938 0
0 0

0101101
*
Ve
1.00000007105427e-07
63.732125 26.4229270833334 0
0 0

0101101
*
Ed
 1.00000003552714e-07 1 1 0
1  224 0 0 1.87929951964322
2  441 311 0 0 1.87929951964322
2  442 309 0 0 1.87929951964322
4 CN 311 0 309 0
0

0101000
+1267 0 -1266 0 *
Ve
1e-07
63.6311021022772 28.0959246324222 0
0 0

0101101
*
Ve
1e-07
62.8675196254699 28.0915265651938 0
0 0

0101101
*
Ed
 1e-07 1 1 0
1  225 0 0 0.763595142652488
0

0101000
+1264 0 -1263 0 *
Ve
1e-07
62.8675196254699 28.0915265651938 0
0 0

0101101
*
Ve
1e-07
62.3139583333333 25.3222604166667 0
0 0

0101101
*
Ed
 1e-07 1 1 0
1  226 0 0 2.82405118677587
2  443 309 0 0 2.82405118677587
2  444 312 0 0 2.82405118677587
4 CN 309 0 312 0
0

0101000
+1261 0 -1260 0 *
Ve
1.00000014210855e-07
65.5657112919533 17.6627137441605 0
0 0

0101101
*
Ve
1.00000015987212e-07
65.3015790127965 15.492726442244 0
0 0

0101101
*
Ed
 1.00000014210855e-07 1 1 0
1  227 0 0 2.186003374053
2  445 313 0 0 2.186003374053
2  446 314 0 0 2.186003374053
4 CN 313 0 314 0
0

0101000
+1258 0 -1257 0 *
Ve
1.00000014210855e-07
63.6210246222491 24.0451257078031 0
0 0

0101101
*
Ve
1.00000007105427e-07
63.75 21.9596666666667 0
0 0

0101101
*
Ed
 1.00000007105427e-07 1 1 0
1  228 0 0 2.08944348100727
2  447 268 0 0 2.08944348100727
2  448 308 0 0 2.08944348100727
4 CN 268 0 308 0
0

0101000
+1255 0 -1254 0 *
Ve
1e-07
62.8574421454419 24.0407276405747 0
0 0

0101101
*
Ve
1e-07
63.75 21.9596666666667 0
0 0

0101101
*
Ed
 1e-07 1 1 0
1  229 0 0 2.26439270023036
2  449 308 0 0 2.26439270023036
2  450 315 0 0 2.26439270023036
4 CN 308 0 315 0
0

0101000
+1252 0 -1251 0 *
Ve
1e-07
57.8387083333333 21.43 0
0 0

0101101
*
Ve
1e-07
59.985625 21.4487604166667 0
0 0

0101101
*
Ed
 1e-07 1 1 0
1  230 0 0 2.14699863224097
2  451 316 0 0 2.14699863224097
2  452 317 0 0 2.14699863224097
4 CN 316 0 317 0
0

0101000
+1249 0 -1248 0 *
Ve
1e-07
59.985625 19.9909166666667 0
0 0

0101101
*
Ve
1e-07
57.8387083333333 21.43 0
0 0

0101101
*
Ed
 1e-07 1 1 0
1  231 0 0 2.58461061165679
2  453 318 0 0 2.58461061165679
2  454 317 0 0 2.58461061165679
4 CN 317 0 318 0
0

0101000
+1246 0 -1245 0 *
Ve
1e-07
59.985625 19.9909166666667 0
0 0

0101101
*
Ve
1e-07
59.985625 21.4487604166667 0
0 0

0101101
*
Ed
 1e-07 1 1 0
1  232 0 0 1.45784375000002
2  455 317 0 0 1.45784375000002
2  456 319 0 0 1.45784375000002
4 CN 317 0 319 0
0

0101000
+1243 0 -1242 0 *
Ve
1e-07
57.8387083333333 21.43 0
0 0

0101101
*
Ve
1e-07
55.3622083333333 21.43 0
0 0

0101101
*
Ed
 1e-07 1 1 0
1  233 0 0 2.4765
2  457 320 0 0 2.4765
2  458 321 0 0 2.4765
4 CN 320 0 321 0
0

0101000
+1240 0 -1239 0 *
Ve
1.00000010658141e-07
54.35225 18.52596875 0
0 0

0101101
*
Ve
1.00000003552714e-07
55.9609166666667 19.1871614583333 0
0 0

0101101
*
Ed
 1.00000003552714e-07 1 1 0
1  234 0 0 1.73924818297952
2  459 322 0 0 1.73924818297952
2  460 323 0 0 1.73924818297952
4 CN 322 0 323 0
0

0101000
+1237 0 -1236 0 *
Ve
1e-07
62.4135416666667 19.9909166666667 0
0 0

0101101
*
Ve
1e-07
59.985625 19.9909166666667 0
0 0

0101101
*
Ed
 1e-07 1 1 0
1  235 0 0 2.42791666666668
2  461 324 0 0 2.42791666666668
2  462 319 0 0 2.42791666666668
4 CN 319 0 324 0
0

0101000
+1234 0 -1233 0 *
Ve
1.00000011496823e-07
55.3622083333333 21.43 0
0 0

0101101
*
Ve
1.00000003552714e-07
52.63775 20.4521354166667 0
0 0

0101101
*
Ed
 1.00000003552714e-07 1 1 0
1  236 0 0 2.89463164382051
2  463 325 0 0 2.89463164382051
2  464 326 0 0 2.89463164382051
4 CN 325 0 326 0
0

0101000
+1231 0 -1230 0 *
Ve
1e-07
52.63775 21.4487604166667 0
0 0

0101101
*
Ve
1e-07
52.63775 20.4521354166667 0
0 0

0101101
*
Ed
 1e-07 1 1 0
1  237 0 0 0.996625000000002
2  465 326 0 0 0.996625000000002
2  466 327 0 0 0.996625000000002
4 CN 326 0 327 0
0

0101000
+1228 0 -1227 0 *
Ve
1e-07
55.3622083333333 21.43 0
0 0

0101101
*
Ve
1e-07
52.63775 21.4487604166667 0
0 0

0101101
*
Ed
 1e-07 1 1 0
1  238 0 0 2.7245229239819
2  467 326 0 0 2.7245229239819
2  468 328 0 0 2.7245229239819
4 CN 326 0 328 0
0

0101000
+1225 0 -1224 0 *
Ve
1e-07
52.63775 20.4521354166667 0
0 0

0101101
*
Ve
1e-07
52.63775 18.52596875 0
0 0

0101101
*
Ed
 1e-07 1 1 0
1  239 0 0 1.92616666666667
2  469 329 0 0 1.92616666666667
2  470 330 0 0 1.92616666666667
4 CN 329 0 330 0
0

0101000
+1222 0 -1221 0 *
Ve
1e-07
54.35225 18.52596875 0
0 0

0101101
*
Ve
1e-07
52.63775 18.52596875 0
0 0

0101101
*
Ed
 1e-07 1 1 0
1  240 0 0 1.71450000000001
2  471 331 0 0 1.71450000000001
2  472 329 0 0 1.71450000000001
4 CN 329 0 331 0
0

0101000
+1219 0 -1218 0 *
Ve
1e-07
52.63775 13.683828125 0
0 0

0101101
*
Ve
1e-07
52.63775 16.287328125 0
0 0

0101101
*
Ed
 1e-07 1 1 0
1  241 0 0 2.6035
2  473 332 0 0 2.6035
2  474 333 0 0 2.6035
4 CN 332 0 333 0
0

0101000
+1216 0 -1215 0 *
Ve
1e-07
52.63775 18.52596875 0
0 0

0101101
*
Ve
1e-07
52.63775 16.287328125 0
0 0

0101101
*
Ed
 1e-07 1 1 0
1  242 0 0 2.238640625
2  475 331 0 0 2.238640625
2  476 334 0 0 2.238640625
4 CN 331 0 334 0
0

0101000
+1213 0 -1212 0 *
Ve
1e-07
52.63775 18.52596875 0
0 0

0101101
*
Ve
1e-07
51.0776666666667 18.5471354166667 0
0 0

0101101
*
Ed
 1e-07 1 1 0
1  243 0 0 1.56022691770211
2  477 334 0 0 1.56022691770211
2  478 330 0 0 1.56022691770211
4 CN 334 0 330 0
0

0101000
+1210 0 -1209 0 *
Ve
1e-07
48.4044166666667 21.4487604166667 0
0 0

0101101
*
Ve
1e-07
52.63775 21.4487604166667 0
0 0

0101101
*
Ed
 1e-07 1 1 0
1  244 0 0 4.23333333333333
2  479 335 0 0 4.23333333333333
2  480 327 0 0 4.23333333333333
4 CN 327 0 335 0
0

0101000
+1207 0 -1206 0 *
Ve
1.00000011496823e-07
48.4044166666667 21.4487604166667 0
0 0

0101101
*
Ve
1.00000003552714e-07
52.63775 20.4521354166667 0
0 0

0101101
*
Ed
 1.00000003552714e-07 1 1 0
1  245 0 0 4.34906570446298
2  481 327 0 0 4.34906570446298
2  482 336 0 0 4.34906570446298
4 CN 327 0 336 0
0

0101000
+1204 0 -1203 0 *
Ve
1.00000007105427e-07
51.726809346776 23.7425050071032 0
0 0

0101101
*
Ve
1.00000010658141e-07
51.9078436112707 26.8311771121398 0
0 0

0101101
*
Ed
 1.00000007105427e-07 1 1 0
1  246 0 0 3.09397297618326
2  483 337 0 0 3.09397297618326
2  484 338 0 0 3.09397297618326
4 CN 337 0 338 0
0

0101000
+1201 0 -1200 0 *
Ve
1e-07
49.132964465461 27.3567206279076 0
0 0

0101101
*
Ve
1e-07
49.8144123680976 25.4497472577237 0
0 0

0101101
*
Ed
 1e-07 1 1 0
1  247 0 0 2.02507251193589
2  485 339 0 0 2.02507251193589
2  486 340 0 0 2.02507251193589
4 CN 339 0 340 0
0

0101000
+1198 0 -1197 0 *
Ve
1e-07
51.726809346776 23.7425050071032 0
0 0

0101101
*
Ve
1e-07
52.7549794690343 23.7425050071032 0
0 0

0101101
*
Ed
 1e-07 1 1 0
1  248 0 0 1.02817012225828
2  487 338 0 0 1.02817012225828
2  488 341 0 0 1.02817012225828
4 CN 338 0 341 0
0

0101000
+1195 0 -1194 0 *
Ve
1e-07
52.7549794690343 23.7425050071032 0
0 0

0101101
*
Ve
1e-07
51.9078436112707 26.8311771121398 0
0 0

0101101
*
Ed
 1e-07 1 1 0
1  249 0 0 3.20273859906488
2  489 338 0 0 3.20273859906488
2  490 342 0 0 3.20273859906488
4 CN 338 0 342 0
0

0101000
+1192 0 -1191 0 *
Ve
1.00000003552714e-07
52.7549794690343 23.7425050071032 0
0 0

0101101
*
Ve
1.00000011496823e-07
54.4822916666667 25.68209375 0
0 0

0101101
*
Ed
 1.00000003552714e-07 1 1 0
1  250 0 0 2.59723158760658
2  491 342 0 0 2.59723158760658
2  492 343 0 0 2.59723158760658
4 CN 342 0 343 0
0

0101000
+1189 0 -1188 0 *
Ve
1.00000011496823e-07
54.4822916666667 25.68209375 0
0 0

0101101
*
Ve
1.00000007105427e-07
51.9078436112707 26.8311771121398 0
0 0

0101101
*
Ed
 1.00000003552714e-07 1 1 0
1  251 0 0 2.81925085139273
2  493 342 0 0 2.81925085139273
2  494 344 0 0 2.81925085139273
4 CN 342 0 344 0
0

0101000
+1186 0 -1185 0 *
Ve
1e-07
48.4044166666667 23.43025 0
0 0

0101101
*
Ve
1e-07
48.4044166666667 21.4487604166667 0
0 0

0101101
*
Ed
 1e-07 1 1 0
1  252 0 0 1.98148958333333
2  495 345 0 0 1.98148958333333
2  496 346 0 0 1.98148958333333
4 CN 345 0 346 0
0

0101000
+1183 0 -1182 0 *
Ve
1.00000015049537e-07
49.8144123680977 25.4497472577237 0
0 0

0101101
*
Ve
1.00000010658141e-07
49.8075872648429 24.6972729479637 0
0 0

0101101
*
Ed
 1.00000007105427e-07 1 1 0
1  253 0 0 0.752505261698066
2  497 347 0 0 0.752505261698066
2  498 348 0 0 0.752505261698066
4 CN 347 0 348 0
0

0101000
+1180 0 -1179 0 *
Ve
1.00000007105427e-07
49.8075872648429 24.6972729479637 0
0 0

0101101
*
Ve
1.00000011496823e-07
48.4044166666667 23.43025 0
0 0

0101101
*
Ed
 1.00000003552714e-07 1 1 0
1  254 0 0 1.89056469824569
2  499 349 0 0 1.89056469824569
2  500 241 0 0 1.89056469824569
4 CN 349 0 241 0
0

0101000
+1177 0 -1176 0 *
Ve
1.00000010658141e-07
49.132964465461 27.3567206279076 0
0 0

0101101
*
Ve
1.00000015049537e-07
49.01825 25.1870833333333 0
0 0

0101101
*
Ed
 1.00000007105427e-07 1 1 0
1  255 0 0 2.1726678067743
2  501 340 0 0 2.1726678067743
2  502 350 0 0 2.1726678067743
4 CN 340 0 350 0
0

0101000
+1174 0 -1173 0 *
Ve
1.00000011496823e-07
49.01825 25.1870833333333 0
0 0

0101101
*
Ve
1.00000011496823e-07
49.8144123680977 25.4497472577237 0
0 0

0101101
*
Ed
 1.00000003552714e-07 1 1 0
1  256 0 0 0.838371548629245
2  503 340 0 0 0.838371548629245
2  504 348 0 0 0.838371548629245
4 CN 340 0 348 0
0

0101000
+1171 0 -1170 0 *
Ve
1.00000011496823e-07
49.01825 25.1870833333333 0
0 0

0101101
*
Ve
1.00000007105427e-07
49.8075872648429 24.6972729479637 0
0 0

0101101
*
Ed
 1.00000003552714e-07 1 1 0
1  257 0 0 0.92896045733154
2  505 348 0 0 0.92896045733154
2  506 241 0 0 0.92896045733154
4 CN 348 0 241 0
0

0101000
+1168 0 -1167 0 *
Ve
1.00000000888178e-07
65.1024955394271 7.36689885664583 0
0 0

0101101
*
Ve
1.00000000888178e-07
64.4091141197179 7.38644951220218 0
0 0

0101101
*
Ed
 1.00000000888178e-07 1 1 0
1  258 0 0 0.693656991120702
2  507 351 0 0 0.693656991120702
2  508 352 0 0 0.693656991120702
4 CN 351 0 352 0
0

0101000
+1165 0 -1164 0 *
Ve
1.00000000888178e-07
65.1024955394271 7.36689885664583 0
0 0

0101101
*
Ve
1.00000000888178e-07
66.4194166666667 7.56199999999999 0
0 0

0101101
*
Ed
 1.00000000888178e-07 1 1 0
1  259 0 0 1.33129475004903
2  509 353 0 0 1.33129475004903
2  510 354 0 0 1.33129475004903
4 CN 353 0 354 0
0

0101000
+1162 0 -1161 0 *
Ve
1.00000008881784e-07
55.0358333333333 13.7049947916667 0
0 0

0101101
*
Ve
1.00000003552714e-07
55.9609166666667 12.8371614583333 0
0 0

0101101
*
Ed
 1.00000001776357e-07 1 1 0
1  260 0 0 1.26842968589336
2  511 355 0 0 1.26842968589336
2  512 356 0 0 1.26842968589336
4 CN 355 0 356 0
0

0101000
+1159 0 -1158 0 *
Ve
1.00000003552714e-07
52.63775 13.683828125 0
0 0

0101101
*
Ve
1.00000008881784e-07
55.0358333333333 13.7049947916667 0
0 0

0101101
*
Ed
 1.00000001776357e-07 1 1 0
1  261 0 0 2.39817674523562
2  513 333 0 0 2.39817674523562
2  514 357 0 0 2.39817674523562
4 CN 333 0 357 0
0

0101000
+1156 0 -1155 0 *
Ve
1e-07
52.63775 13.683828125 0
0 0

0101101
*
Ve
1e-07
52.63775 12.6254947916667 0
0 0

0101101
*
Ed
 1e-07 1 1 0
1  262 0 0 1.05833333333334
2  515 357 0 0 1.05833333333334
2  516 358 0 0 1.05833333333334
4 CN 357 0 358 0
0

0101000
+1153 0 -1152 0 *
Ve
1e-07
55.7432083333333 5.06491666666664 0
0 0

0101101
*
Ve
1e-07
57.65625 5.06491666666664 0
0 0

0101101
*
Ed
 1e-07 1 1 0
1  263 0 0 1.91304166666669
2  517 359 0 0 1.91304166666669
2  518 297 0 0 1.91304166666669
4 CN 359 0 297 0
0

0101000
+1150 0 -1149 0 *
Ve
1.00000008881784e-07
56.7 3.98148439784282 0
0 0

0101101
*
Ve
1.00000008881784e-07
55.7432083333333 5.06491666666664 0
0 0

0101101
*
Ed
 1.00000001776357e-07 1 1 0
1  264 0 0 1.4454327291616
2  519 73 0 0 1.4454327291616
2  520 297 0 0 1.4454327291616
4 CN 297 0 73 0
0

0101000
+1147 0 -1146 0 *
Ve
1.00000000888178e-07
62.71875 3.84616666666667 0
0 0

0101101
*
Ve
1.00000000888178e-07
64.4371976863447 4.47824803776536 0
0 0

0101101
*
Ed
 1.00000000888178e-07 1 1 0
1  265 0 0 1.83100773083934
2  521 360 0 0 1.83100773083934
2  522 361 0 0 1.83100773083934
4 CN 360 0 361 0
0

0101000
+1144 0 -1143 0 *
Ve
1.00000008881784e-07
63.3292247127785 5.50779318311384 0
0 0

0101101
*
Ve
1.00000001776357e-07
62.71875 3.84616666666667 0
0 0

0101101
*
Ed
 1.00000001776357e-07 1 1 0
1  266 0 0 1.77022090573533
2  523 360 0 0 1.77022090573533
2  524 362 0 0 1.77022090573533
4 CN 360 0 362 0
0

0101000
+1141 0 -1140 0 *
Ve
1.00000001332268e-07
64.4091141197179 3.47061617886884 0
0 0

0101101
*
Ve
1.00000001332268e-07
62.71875 3.84616666666667 0
0 0

0101101
*
Ed
 1.00000001332268e-07 1 1 0
1  267 0 0 1.73157992195419
2  525 363 0 0 1.73157992195419
2  526 361 0 0 1.73157992195419
4 CN 361 0 363 0
0

0101000
+1138 0 -1137 0 *
Ve
1.00000000444089e-07
64.4091141197179 3.47061617886884 0
0 0

0101101
*
Ve
1.00000000444089e-07
64.4371976863447 4.47824803776536 0
0 0

0101101
*
Ed
 1.00000000444089e-07 1 1 0
1  268 0 0 1.0080231395051
2  527 361 0 0 1.0080231395051
2  528 364 0 0 1.0080231395051
4 CN 361 0 364 0
0

0101000
+1135 0 -1134 0 *
Ve
1.00000001332268e-07
63.3252729064409 2.41788737435123 0
0 0

0101101
*
Ve
1.00000001332268e-07
62.71875 3.84616666666667 0
0 0

0101101
*
Ed
 1.00000001332268e-07 1 1 0
1  269 0 0 1.55172541800879
2  529 365 0 0 1.55172541800879
2  530 363 0 0 1.55172541800879
4 CN 365 0 363 0
0

0101000
+1132 0 -1131 0 *
Ve
1.00000001332268e-07
62.71875 3.84616666666667 0
0 0

0101101
*
Ve
1.00000008437695e-07
62.0471235087617 2.43171869653305 0
0 0

0101101
*
Ed
 1.00000001332268e-07 1 1 0
1  270 0 0 1.56580496995898
2  531 365 0 0 1.56580496995898
2  532 366 0 0 1.56580496995898
4 CN 365 0 366 0
0

0101000
+1129 0 -1128 0 *
Ve
1e-07
62.0471235087617 2.43171869653305 0
0 0

0101101
*
Ve
1e-07
63.3252729064409 2.41788737435123 0
0 0

0101101
*
Ed
 1e-07 1 1 0
1  271 0 0 1.27822423238689
2  533 365 0 0 1.27822423238689
2  534 367 0 0 1.27822423238689
4 CN 365 0 367 0
0

0101000
+1126 0 -1125 0 *
Ve
1.00000000888178e-07
60.1757807863846 3.47061617886884 0
0 0

0101101
*
Ve
1.00000000888178e-07
59.891875 6.84616666666667 0
0 0

0101101
*
Ed
 1.00000000888178e-07 1 1 0
1  272 0 0 3.38746861110398
2  535 275 0 0 3.38746861110398
2  536 368 0 0 3.38746861110398
4 CN 275 0 368 0
0

0101000
+1123 0 -1122 0 *
Ve
1.00000000888178e-07
58.96875 3.81549999999999 0
0 0

0101101
*
Ve
1.00000000888178e-07
60.1757807863846 3.47061617886884 0
0 0

0101101
*
Ed
 1.00000000888178e-07 1 1 0
1  273 0 0 1.25533587910096
2  537 275 0 0 1.25533587910096
2  538 271 0 0 1.25533587910096
4 CN 275 0 271 0
0

0101000
+1120 0 -1119 0 *
Ve
1.00000000888178e-07
59.891875 6.84616666666667 0
0 0

0101101
*
Ve
1.00000000888178e-07
60.9961622060938 3.47223218997917 0
0 0

0101101
*
Ed
 1.00000000888178e-07 1 1 0
1  274 0 0 3.5500540962812
2  539 295 0 0 3.5500540962812
2  540 368 0 0 3.5500540962812
4 CN 295 0 368 0
0

0101000
+1117 0 -1116 0 *
Ve
1.00000001776357e-07
60.9961622060938 3.47223218997917 0
0 0

0101101
*
Ve
1.00000008881784e-07
63.3292247127785 5.50779318311384 0
0 0

0101101
*
Ed
 1.00000001776357e-07 1 1 0
1  275 0 0 3.0962379134798
2  541 295 0 0 3.0962379134798
2  542 362 0 0 3.0962379134798
4 CN 295 0 362 0
0

0101000
+1114 0 -1113 0 *
Ve
1.00000000888178e-07
60.9961622060938 3.47223218997917 0
0 0

0101101
*
Ve
1.00000000888178e-07
62.71875 3.84616666666667 0
0 0

0101101
*
Ed
 1.00000000888178e-07 1 1 0
1  276 0 0 1.76270692418517
2  543 362 0 0 1.76270692418517
2  544 366 0 0 1.76270692418517
4 CN 362 0 366 0
0

0101000
+1111 0 -1110 0 *
Ve
1e-07
60.1757807863846 3.47061617886884 0
0 0

0101101
*
Ve
1e-07
60.9961622060938 3.47223218997917 0
0 0

0101101
*
Ed
 1e-07 1 1 0
1  277 0 0 0.820383011340422
2  545 368 0 0 0.820383011340422
2  546 369 0 0 0.820383011340422
4 CN 368 0 369 0
0

0101000
+1108 0 -1107 0 *
Ve
1e-07
60.0067916666667 27.6717604166667 0
0 0

0101101
*
Ve
1e-07
59.985625 25.3222604166667 0
0 0

0101101
*
Ed
 1e-07 1 1 0
1  278 0 0 2.34959534341081
2  547 370 0 0 2.34959534341081
2  548 371 0 0 2.34959534341081
4 CN 370 0 371 0
0

0101000
+1105 0 -1104 0 *
Ve
1e-07
59.985625 25.3222604166667 0
0 0

0101101
*
Ve
1e-07
62.3139583333333 25.3222604166667 0
0 0

0101101
*
Ed
 1e-07 1 1 0
1  279 0 0 2.32833333333334
2  549 370 0 0 2.32833333333334
2  550 372 0 0 2.32833333333334
4 CN 370 0 372 0
0

0101000
+1102 0 -1101 0 *
Ve
1e-07
59.985625 21.4487604166667 0
0 0

0101101
*
Ve
1e-07
59.985625 25.3222604166667 0
0 0

0101101
*
Ed
 1e-07 1 1 0
1  280 0 0 3.87350000000001
2  551 373 0 0 3.87350000000001
2  552 374 0 0 3.87350000000001
4 CN 373 0 374 0
0

0101000
+1099 0 -1098 0 *
Ve
1e-07
57.3397916666667 27.6717604166667 0
0 0

0101101
*
Ve
1e-07
57.1278058691879 23.7425050071032 0
0 0

0101101
*
Ed
 1e-07 1 1 0
1  281 0 0 3.93496963799168
2  553 375 0 0 3.93496963799168
2  554 376 0 0 3.93496963799168
4 CN 375 0 376 0
0

0101000
+1096 0 -1095 0 *
Ve
1e-07
60.0067916666667 27.6717604166667 0
0 0

0101101
*
Ve
1e-07
57.3397916666667 27.6717604166667 0
0 0

0101101
*
Ed
 1e-07 1 1 0
1  282 0 0 2.66699999999999
2  555 371 0 0 2.66699999999999
2  556 377 0 0 2.66699999999999
4 CN 371 0 377 0
0

0101000
+1093 0 -1092 0 *
Ve
1.00000011496823e-07
54.4822916666667 25.68209375 0
0 0

0101101
*
Ve
1.00000003552714e-07
57.3397916666667 27.6717604166667 0
0 0

0101101
*
Ed
 1.00000003552714e-07 1 1 0
1  283 0 0 3.48196491861198
2  557 344 0 0 3.48196491861198
2  558 378 0 0 3.48196491861198
4 CN 344 0 378 0
0

0101000
+1090 0 -1089 0 *
Ve
1.00000003552714e-07
57.3397916666667 27.6717604166667 0
0 0

0101101
*
Ve
1.00000007105427e-07
51.9078436112707 26.8311771121398 0
0 0

0101101
*
Ed
 1.00000003552714e-07 1 1 0
1  284 0 0 5.49660258417592
2  559 344 0 0 5.49660258417592
2  560 379 0 0 5.49660258417592
4 CN 344 0 379 0
0

0101000
+1087 0 -1086 0 *
Ve
1e-07
11.9359375 27.2825833333333 0
0 0

0101101
*
Ve
1e-07
15.666 26.5205833333333 0
0 0

0101101
*
Ed
 1e-07 1 1 0
1  285 0 0 3.80709997949964
2  561 380 0 0 3.80709997949964
2  562 28 0 0 3.80709997949964
4 CN 380 0 28 0
0

0101000
+1084 0 -1083 0 *
Ve
1e-07
38.1959730221511 27.3567206279076 0
0 0

0101101
*
Ve
1e-07
38.8774209247878 25.4920805910571 0
0 0

0101101
*
Ed
 1e-07 1 1 0
1  286 0 0 1.98525910425663
2  563 381 0 0 1.98525910425663
2  564 382 0 0 1.98525910425663
4 CN 381 0 382 0
0

0101000
+1081 0 -1080 0 *
Ve
1.00000010658141e-07
40.95375 25.1870833333333 0
0 0

0101101
*
Ve
1.00000010658141e-07
40.9217206305615 27.3567206279076 0
0 0

0101101
*
Ed
 1.00000007105427e-07 1 1 0
1  287 0 0 2.16987369920788
2  565 383 0 0 2.16987369920788
2  566 384 0 0 2.16987369920788
4 CN 383 0 384 0
0

0101000
+1078 0 -1077 0 *
Ve
1.00000014429534e-07
63.6111363848298 13.1041040807558 0
0 0

0101101
*
Ve
1.00000007105427e-07
63.75 10.7836666666667 0
0 0

0101101
*
Ed
 1.00000007105427e-07 1 1 0
1  288 0 0 2.32458875853834
2  567 302 0 0 2.32458875853834
2  568 304 0 0 2.32458875853834
4 CN 302 0 304 0
0

0101000
+1075 0 -1074 0 *
Ve
1.00000009100464e-07
63.6111363848298 13.1041040807558 0
0 0

0101101
*
Ve
1.00000001776357e-07
62.8475539080225 13.0997060135274 0
0 0

0101101
*
Ed
 1.00000001776357e-07 1 1 0
1  289 0 0 0.763595142652503
2  569 304 0 0 0.763595142652503
2  570 385 0 0 0.763595142652503
4 CN 304 0 385 0
0

0101000
+1072 0 -1071 0 *
Ve
1.00000003552714e-07
65.3015790127965 15.492726442244 0
0 0

0101101
*
Ve
1.00000001776357e-07
62.4135416666667 14.5299166666667 0
0 0

0101101
*
Ed
 1.00000001776357e-07 1 1 0
1  290 0 0 3.04429998137306
2  571 386 0 0 3.04429998137306
2  572 387 0 0 3.04429998137306
4 CN 386 0 387 0
0

0101000
+1069 0 -1068 0 *
Ve
1e-07
62.4135416666667 14.5299166666667 0
0 0

0101101
*
Ve
1e-07
59.985625 14.5299166666667 0
0 0

0101101
*
Ed
 1e-07 1 1 0
1  291 0 0 2.42791666666668
2  573 388 0 0 2.42791666666668
2  574 389 0 0 2.42791666666668
4 CN 388 0 389 0
0

0101000
+1066 0 -1065 0 *
Ve
1e-07
59.985625 19.9909166666667 0
0 0

0101101
*
Ve
1e-07
59.985625 17.17575 0
0 0

0101101
*
Ed
 1e-07 1 1 0
1  292 0 0 2.81516666666666
2  575 390 0 0 2.81516666666666
2  576 391 0 0 2.81516666666666
4 CN 390 0 391 0
0

0101000
+1063 0 -1062 0 *
Ve
1e-07
59.985625 17.17575 0
0 0

0101101
*
Ve
1e-07
59.985625 14.5299166666667 0
0 0

0101101
*
Ed
 1e-07 1 1 0
1  293 0 0 2.64583333333333
2  577 389 0 0 2.64583333333333
2  578 392 0 0 2.64583333333333
4 CN 389 0 392 0
0

0101000
+1060 0 -1059 0 *
Ve
1e-07
62.8640439867319 18.5707926250259 0
0 0

0101101
*
Ve
1e-07
63.6276264635391 18.5751906922543 0
0 0

0101101
*
Ed
 1e-07 1 1 0
1  294 0 0 0.763595142652496
2  579 393 0 0 0.763595142652496
2  580 394 0 0 0.763595142652496
4 CN 393 0 394 0
0

0101000
+1057 0 -1056 0 *
Ve
1e-07
43.6474682389719 27.3567206279076 0
0 0

0101101
*
Ve
1e-07
44.3077494749419 25.4709139243904 0
0 0

0101101
*
Ed
 1e-07 1 1 0
1  295 0 0 1.99805861615831
2  581 395 0 0 1.99805861615831
2  582 396 0 0 1.99805861615831
4 CN 395 0 396 0
0

0101000
+1054 0 -1053 0 *
Ve
1.00000007105427e-07
38.1174166666667 25.1870833333333 0
0 0

0101101
*
Ve
1.00000003552714e-07
38.8774209247878 25.4920805910571 0
0 0

0101101
*
Ed
 1.00000003552714e-07 1 1 0
1  296 0 0 0.818919898147054
2  583 382 0 0 0.818919898147054
2  584 253 0 0 0.818919898147054
4 CN 382 0 253 0
0

0101000
+1051 0 -1050 0 *
Ve
1e-07
38.1959730221511 27.3567206279076 0
0 0

0101101
*
Ve
1e-07
38.1174166666667 25.1870833333333 0
0 0

0101101
*
Ed
 1e-07 1 1 0
1  297 0 0 2.17105897916073
2  585 382 0 0 2.17105897916073
2  586 397 0 0 2.17105897916073
4 CN 382 0 397 0
0

0101000
+1048 0 -1047 0 *
Ve
1.00000007105427e-07
38.1174166666667 25.1870833333333 0
0 0

0101101
*
Ve
1.00000003552714e-07
38.870595821533 24.739606281297 0
0 0

0101101
*
Ed
 1.00000003552714e-07 1 1 0
1  298 0 0 0.876079078293894
2  587 253 0 0 0.876079078293894
2  588 398 0 0 0.876079078293894
4 CN 253 0 398 0
0

0101000
+1045 0 -1044 0 *
Ve
1e-07
38.870595821533 24.739606281297 0
0 0

0101101
*
Ve
1e-07
37.5035833333333 23.43025 0
0 0

0101101
*
Ed
 1e-07 1 1 0
1  299 0 0 1.89291759309954
2  589 399 0 0 1.89291759309954
2  590 398 0 0 1.89291759309954
4 CN 399 0 398 0
0

0101000
+1042 0 -1041 0 *
Ve
1e-07
38.1174166666667 25.1870833333333 0
0 0

0101101
*
Ve
1e-07
37.5035833333333 23.43025 0
0 0

0101101
*
Ed
 1e-07 1 1 0
1  300 0 0 1.86098219288155
2  591 398 0 0 1.86098219288155
2  592 400 0 0 1.86098219288155
4 CN 398 0 400 0
0

0101000
+1039 0 -1038 0 *
Ve
1e-07
45.7374166666667 21.4487604166667 0
0 0

0101101
*
Ve
1e-07
45.7374166666667 19.8571302083333 0
0 0

0101101
*
Ed
 1e-07 1 1 0
1  301 0 0 1.59163020833333
2  593 401 0 0 1.59163020833333
2  594 402 0 0 1.59163020833333
4 CN 401 0 402 0
0

0101000
+1036 0 -1035 0 *
Ve
1e-07
48.4044166666667 21.4487604166667 0
0 0

0101101
*
Ve
1e-07
45.7374166666667 21.4487604166667 0
0 0

0101101
*
Ed
 1e-07 1 1 0
1  302 0 0 2.667
2  595 401 0 0 2.667
2  596 346 0 0 2.667
4 CN 401 0 346 0
0

0101000
+1033 0 -1032 0 *
Ve
1e-07
45.7374166666667 19.8571302083333 0
0 0

0101101
*
Ve
1e-07
46.1929166666667 19.1274166666667 0
0 0

0101101
*
Ed
 1e-07 1 1 0
1  303 0 0 0.860210499175482
2  597 403 0 0 0.860210499175482
2  598 404 0 0 0.860210499175482
4 CN 403 0 404 0
0

0101000
+1030 0 -1029 0 *
Ve
1e-07
45.7374166666667 19.8571302083333 0
0 0

0101101
*
Ve
1e-07
45.45 18.4582427618868 0
0 0

0101101
*
Ed
 1e-07 1 1 0
1  304 0 0 1.42810868917721
2  599 404 0 0 1.42810868917721
2  600 405 0 0 1.42810868917721
4 CN 404 0 405 0
0

0101000
+1027 0 -1026 0 *
Ve
1.00000003552714e-07
46.1929166666667 19.1274166666667 0
0 0

0101101
*
Ve
1.00000003552714e-07
45.45 18.4582427618868 0
0 0

0101101
*
Ed
 1.00000003552714e-07 1 1 0
1  305 0 0 0.999859434345373
2  601 406 0 0 0.999859434345373
2  602 404 0 0 0.999859434345373
4 CN 404 0 406 0
0

0101000
+1024 0 -1023 0 *
Ve
1e-07
46.1929166666667 17.3070833333333 0
0 0

0101101
*
Ve
1e-07
46.1929166666667 19.1274166666667 0
0 0

0101101
*
Ed
 1e-07 1 1 0
1  306 0 0 1.82033333333334
2  603 406 0 0 1.82033333333334
2  604 407 0 0 1.82033333333334
4 CN 406 0 407 0
0

0101000
+1021 0 -1020 0 *
Ve
1e-07
45.45 18.4582427618868 0
0 0

0101101
*
Ve
1e-07
46.1929166666667 17.3070833333333 0
0 0

0101101
*
Ed
 1e-07 1 1 0
1  307 0 0 1.37007051043323
2  605 406 0 0 1.37007051043323
2  606 408 0 0 1.37007051043323
4 CN 406 0 408 0
0

0101000
+1018 0 -1017 0 *
Ve
1e-07
45.7374166666667 21.4487604166667 0
0 0

0101101
*
Ve
1e-07
43.0069166666667 21.4487604166667 0
0 0

0101101
*
Ed
 1e-07 1 1 0
1  308 0 0 2.73050000000001
2  607 402 0 0 2.73050000000001
2  608 409 0 0 2.73050000000001
4 CN 402 0 409 0
0

0101000
+1015 0 -1014 0 *
Ve
1e-07
42.80625 19.1274166666667 0
0 0

0101101
*
Ve
1e-07
45.7374166666667 19.8571302083333 0
0 0

0101101
*
Ed
 1e-07 1 1 0
1  309 0 0 3.02063236436833
2  609 410 0 0 3.02063236436833
2  610 411 0 0 3.02063236436833
4 CN 410 0 411 0
0

0101000
+1012 0 -1011 0 *
Ve
1.00000011496823e-07
43.0069166666667 21.4487604166667 0
0 0

0101101
*
Ve
1.00000003552714e-07
40.57275 20.3089947916667 0
0 0

0101101
*
Ed
 1.00000003552714e-07 1 1 0
1  310 0 0 2.68779334046401
2  611 412 0 0 2.68779334046401
2  612 413 0 0 2.68779334046401
4 CN 412 0 413 0
0

0101000
+1009 0 -1008 0 *
Ve
1.00000010658141e-07
40.3399166666667 21.4487604166667 0
0 0

0101101
*
Ve
1.00000007105427e-07
40.57275 20.3089947916667 0
0 0

0101101
*
Ed
 1.00000007105427e-07 1 1 0
1  311 0 0 1.1633043630292
2  613 413 0 0 1.1633043630292
2  614 414 0 0 1.1633043630292
4 CN 413 0 414 0
0

0101000
+1006 0 -1005 0 *
Ve
1e-07
43.0069166666667 21.4487604166667 0
0 0

0101101
*
Ve
1e-07
40.3399166666667 21.4487604166667 0
0 0

0101101
*
Ed
 1e-07 1 1 0
1  312 0 0 2.667
2  615 413 0 0 2.667
2  616 415 0 0 2.667
4 CN 413 0 415 0
0

0101000
+1003 0 -1002 0 *
Ve
1e-07
40.57275 20.3089947916667 0
0 0

0101101
*
Ve
1e-07
40.57275 18.128828125 0
0 0

0101101
*
Ed
 1e-07 1 1 0
1  313 0 0 2.18016666666666
2  617 416 0 0 2.18016666666666
2  618 417 0 0 2.18016666666666
4 CN 416 0 417 0
0

0101000
+1000 0 -999 0 *
Ve
1.00000003552714e-07
49.24825 19.1274166666667 0
0 0

0101101
*
Ve
1.00000010658141e-07
51.0776666666667 18.5471354166667 0
0 0

0101101
*
Ed
 1.00000003552714e-07 1 1 0
1  314 0 0 1.91924247279475
2  619 418 0 0 1.91924247279475
2  620 419 0 0 1.91924247279475
4 CN 418 0 419 0
0

0101000
+997 0 -996 0 *
Ve
1.00000007105427e-07
18.809363490673 27.3567206279076 0
0 0

0101101
*
Ve
1.00000003552714e-07
19.5892066226444 25.4956008720219 0
0 0

0101101
*
Ed
 1.00000003552714e-07 1 1 0
1  315 0 0 2.01790040790693
2  621 420 0 0 2.01790040790693
2  622 85 0 0 2.01790040790693
4 CN 420 0 85 0
0

0101000
+994 0 -993 0 *
Ve
1e-07
66.280456842095 6.34755202986638 0
0 0

0101101
*
Ve
1e-07
66.268601423082 5.49396186093203 0
0 0

0101101
*
Ed
 1e-07 1 1 0
1  316 0 0 0.853672494263075
2  623 260 0 0 0.853672494263075
2  624 421 0 0 0.853672494263075
4 CN 260 0 421 0
0

0101000
+991 0 -990 0 *
Ve
1e-07
66.4194166666667 7.56199999999999 0
0 0

0101101
*
Ve
1e-07
66.280456842095 6.34755202986638 0
0 0

0101101
*
Ed
 1e-07 1 1 0
1  317 0 0 1.22237216305291
2  625 260 0 0 1.22237216305291
2  626 354 0 0 1.22237216305291
4 CN 260 0 354 0
0

0101000
+988 0 -987 0 *
Ve
1.00000007105427e-07
63.3252729064409 2.41788737435123 0
0 0

0101101
*
Ve
1.00000014210855e-07
63.3292247127785 1.5919598497805 0
0 0

0101101
*
Ed
 1.00000007105427e-07 1 1 0
1  318 0 0 0.82593697859877
2  627 422 0 0 0.82593697859877
2  628 367 0 0 0.82593697859877
4 CN 422 0 367 0
0

0101000
+985 0 -984 0 *
Ve
1.0000000144329e-07
62.71875 0.471166666666658 0
0 0

0101101
*
Ve
1.00000008548717e-07
63.3292247127785 1.5919598497805 0
0 0

0101101
*
Ed
 1.0000000144329e-07 1 1 0
1  319 0 0 1.27626671752283
2  629 423 0 0 1.27626671752283
2  630 424 0 0 1.27626671752283
4 CN 424 0 423 0
0

0101000
+982 0 -981 0 *
Ve
1.00000000222045e-07
64.4371976863447 0.562414704432022 0
0 0

0101101
*
Ve
1.00000000222045e-07
62.71875 0.471166666666658 0
0 0

0101101
*
Ed
 1.00000000222045e-07 1 1 0
1  320 0 0 1.72086857577779
2  631 425 0 0 1.72086857577779
2  632 424 0 0 1.72086857577779
4 CN 424 0 425 0
0

0101000
+979 0 -978 0 *
Ve
1e-07
63.3292247127786 1.5919598497805 0
0 0

0101101
*
Ve
1e-07
62.0352680897487 1.5781285275987 0
0 0

0101101
*
Ed
 1e-07 1 1 0
1  321 0 0 1.29403054359478
2  633 423 0 0 1.29403054359478
2  634 426 0 0 1.29403054359478
4 CN 423 0 426 0
0

0101000
+976 0 -975 0 *
Ve
1.0000000865974e-07
62.0352680897487 1.5781285275987 0
0 0

0101101
*
Ve
1.00000001554312e-07
62.71875 0.471166666666658 0
0 0

0101101
*
Ed
 1.00000001554312e-07 1 1 0
1  322 0 0 1.30096582706809
2  635 423 0 0 1.30096582706809
2  636 427 0 0 1.30096582706809
4 CN 423 0 427 0
0

0101000
+973 0 -972 0 *
Ve
1e-07
62.71875 0.471166666666658 0
0 0

0101101
*
Ve
1e-07
66.4194166666667 0.471166666666658 0
0 0

0101101
*
Ed
 1e-07 1 1 0
1  323 0 0 3.7006666666667
0

0101000
+970 0 -969 0 *
Ve
1.00000000333067e-07
66.4194166666667 0.471166666666658 0
0 0

0101101
*
Ve
1.00000000333067e-07
64.4371976863447 0.562414704432022 0
0 0

0101101
*
Ed
 1.00000000333067e-07 1 1 0
1  324 0 0 1.98431809202679
2  637 425 0 0 1.98431809202679
2  638 428 0 0 1.98431809202679
4 CN 425 0 428 0
0

0101000
+967 0 -966 0 *
Ve
1.00000008437695e-07
62.0471235087617 2.43171869653305 0
0 0

0101101
*
Ve
1.00000008437695e-07
63.3292247127785 1.5919598497805 0
0 0

0101101
*
Ed
 1.00000001332268e-07 1 1 0
1  325 0 0 1.53263773216006
2  639 367 0 0 1.53263773216006
2  640 426 0 0 1.53263773216006
4 CN 367 0 426 0
0

0101000
+964 0 -963 0 *
Ve
1e-07
62.0471235087617 2.43171869653305 0
0 0

0101101
*
Ve
1e-07
62.0352680897487 1.5781285275987 0
0 0

0101101
*
Ed
 1e-07 1 1 0
1  326 0 0 0.853672494263075
2  641 426 0 0 0.853672494263075
2  642 429 0 0 0.853672494263075
4 CN 426 0 429 0
0

0101000
+961 0 -960 0 *
Ve
1.00000000111022e-07
64.4371976863447 0.562414704432022 0
0 0

0101101
*
Ve
1.00000000111022e-07
65.2014119728003 0.570558728857719 0
0 0

0101101
*
Ed
 1.00000000111022e-07 1 1 0
1  327 0 0 0.764257679553607
2  643 430 0 0 0.764257679553607
2  644 428 0 0 0.764257679553607
4 CN 430 0 428 0
0

0101000
+958 0 -957 0 *
Ve
1.00000000388578e-07
65.2014119728003 0.570558728857719 0
0 0

0101101
*
Ve
1.00000000388578e-07
66.4194166666667 0.471166666666658 0
0 0

0101101
*
Ed
 1.00000000388578e-07 1 1 0
1  328 0 0 1.2220532788333
2  645 431 0 0 1.2220532788333
2  646 428 0 0 1.2220532788333
4 CN 428 0 431 0
0

0101000
+955 0 -954 0 *
Ve
1e-07
66.4194166666667 3.81549999999999 0
0 0

0101101
*
Ve
1e-07
66.280456842095 2.43171869653305 0
0 0

0101101
*
Ed
 1e-07 1 1 0
1  329 0 0 1.39074099985212
2  647 432 0 0 1.39074099985212
2  648 433 0 0 1.39074099985212
4 CN 432 0 433 0
0

0101000
+952 0 -951 0 *
Ve
1.00000000222045e-07
66.280456842095 2.43171869653305 0
0 0

0101101
*
Ve
1.00000000222045e-07
66.4194166666667 0.471166666666658 0
0 0

0101101
*
Ed
 1.00000000222045e-07 1 1 0
1  330 0 0 1.96547045122999
2  649 432 0 0 1.96547045122999
2  650 434 0 0 1.96547045122999
4 CN 432 0 434 0
0

0101000
+949 0 -948 0 *
Ve
1e-07
66.4194166666667 0.471166666666658 0
0 0

0101101
*
Ve
1e-07
66.4194166666667 3.81549999999999 0
0 0

0101101
*
Ed
 1e-07 1 1 0
1  331 0 0 3.34433333333333
0

0101000
+946 0 -945 0 *
Ve
1.00000000222045e-07
66.280456842095 2.43171869653305 0
0 0

0101101
*
Ve
1.00000000222045e-07
66.268601423082 1.5781285275987 0
0 0

0101101
*
Ed
 1.00000000222045e-07 1 1 0
1  332 0 0 0.853672494263075
2  651 434 0 0 0.853672494263075
2  652 435 0 0 0.853672494263075
4 CN 434 0 435 0
0

0101000
+943 0 -942 0 *
Ve
1.00000000888178e-07
66.268601423082 1.5781285275987 0
0 0

0101101
*
Ve
1.00000000888178e-07
66.4194166666667 0.471166666666658 0
0 0

0101101
*
Ed
 1.00000000888178e-07 1 1 0
1  333 0 0 1.11718834547074
2  653 434 0 0 1.11718834547074
2  654 431 0 0 1.11718834547074
4 CN 434 0 431 0
0

0101000
+940 0 -939 0 *
Ve
1.00000001332268e-07
57.65625 2.88903748464465 0
0 0

0101101
*
Ve
1.00000001332268e-07
56.7 1.60909057144647 0
0 0

0101101
*
Ed
 1.00000001332268e-07 1 1 0
1  334 0 0 1.59771028760086
2  655 436 0 0 1.59771028760086
2  656 437 0 0 1.59771028760086
4 CN 436 0 437 0
0

0101000
+937 0 -936 0 *
Ve
1.00000002220446e-07
12.5545116795225 1.60909057144647 0
0 0

0101101
*
Ve
1.00000000444089e-07
11.6738958333333 0.723481257677658 0
0 0

0101101
*
Ed
 1.00000000444089e-07 1 1 0
1  335 0 0 1.24891477899557
2  657 199 0 0 1.24891477899557
2  658 438 0 0 1.24891477899557
4 CN 199 0 438 0
0

0101000
+934 0 -933 0 *
Ve
1.00000000444089e-07
13.6927708333333 0.723481257677658 0
0 0

0101101
*
Ve
1.00000002220446e-07
12.5545116795225 1.60909057144647 0
0 0

0101101
*
Ed
 1.00000000444089e-07 1 1 0
1  336 0 0 1.44219893144748
2  659 199 0 0 1.44219893144748
2  660 221 0 0 1.44219893144748
4 CN 199 0 221 0
0

0101000
+931 0 -930 0 *
Ve
1.00000000444089e-07
13.6927708333334 2.99260207565566 0
0 0

0101101
*
Ve
1.00000002220446e-07
12.5545116795225 1.60909057144647 0
0 0

0101101
*
Ed
 1.00000000444089e-07 1 1 0
1  337 0 0 1.79157416355377
2  661 221 0 0 1.79157416355377
2  662 439 0 0 1.79157416355377
4 CN 221 0 439 0
0

0101000
+928 0 -927 0 *
Ve
1e-07
12.5545116795225 2.39988851357858 0
0 0

0101101
*
Ve
1e-07
12.5545116795225 1.60909057144647 0
0 0

0101101
*
Ed
 1e-07 1 1 0
1  338 0 0 0.790797942132109
2  663 439 0 0 0.790797942132109
2  664 440 0 0 0.790797942132109
4 CN 439 0 440 0
0

0101000
+925 0 -924 0 *
Ve
1.00000000444089e-07
13.6927708333334 2.99260207565566 0
0 0

0101101
*
Ve
1.00000002220446e-07
12.5545116795225 2.39988851357858 0
0 0

0101101
*
Ed
 1.00000000444089e-07 1 1 0
1  339 0 0 1.283332874941
2  665 439 0 0 1.283332874941
2  666 441 0 0 1.283332874941
4 CN 439 0 441 0
0

0101000
+922 0 -921 0 *
Ve
1.00000000888178e-07
17.587875 2.53366666666667 0
0 0

0101101
*
Ve
1.00000000888178e-07
16.2057088506466 1.37345015691795 0
0 0

0101101
*
Ed
 1.00000000888178e-07 1 1 0
1  340 0 0 1.8045735268788
2  667 219 0 0 1.8045735268788
2  668 223 0 0 1.8045735268788
4 CN 219 0 223 0
0

0101000
+919 0 -918 0 *
Ve
1.00000000888178e-07
18.8020701140542 0.992450156917954 0
0 0

0101101
*
Ve
1.00000000888178e-07
17.587875 2.53366666666667 0
0 0

0101101
*
Ed
 1.00000000888178e-07 1 1 0
1  341 0 0 1.96204436874273
2  669 219 0 0 1.96204436874273
2  670 234 0 0 1.96204436874273
4 CN 219 0 234 0
0

0101000
+916 0 -915 0 *
Ve
1.00000000444089e-07
18.8020701140542 2.84584732927989 0
0 0

0101101
*
Ve
1.00000000444089e-07
17.587875 2.53366666666667 0
0 0

0101101
*
Ed
 1.00000000444089e-07 1 1 0
1  342 0 0 1.25368518420802
2  671 234 0 0 1.25368518420802
2  672 442 0 0 1.25368518420802
4 CN 234 0 442 0
0

0101000
+913 0 -912 0 *
Ve
1.00000000888178e-07
17.587875 2.53366666666667 0
0 0

0101101
*
Ve
1.00000000888178e-07
16.2057088506466 3.2268473292799 0
0 0

0101101
*
Ed
 1.00000000888178e-07 1 1 0
1  343 0 0 1.54624794112691
2  673 223 0 0 1.54624794112691
2  674 443 0 0 1.54624794112691
4 CN 223 0 443 0
0

0101000
+910 0 -909 0 *
Ve
1e-07
17.587875 2.53366666666667 0
0 0

0101101
*
Ve
1e-07
17.587875 4.68991666666666 0
0 0

0101101
*
Ed
 1e-07 1 1 0
1  344 0 0 2.15625
2  675 443 0 0 2.15625
2  676 442 0 0 2.15625
4 CN 443 0 442 0
0

0101000
+907 0 -906 0 *
Ve
1.00000000888178e-07
17.587875 4.68991666666666 0
0 0

0101101
*
Ve
1.00000000888178e-07
16.2057088506466 3.2268473292799 0
0 0

0101101
*
Ed
 1.00000000888178e-07 1 1 0
1  345 0 0 2.01269847478941
2  677 443 0 0 2.01269847478941
2  678 194 0 0 2.01269847478941
4 CN 443 0 194 0
0

0101000
+904 0 -903 0 *
Ve
1.00000000888178e-07
18.8020701140542 2.84584732927989 0
0 0

0101101
*
Ve
1.00000000888178e-07
17.587875 4.68991666666666 0
0 0

0101101
*
Ed
 1.00000000888178e-07 1 1 0
1  346 0 0 2.20790885139834
2  679 442 0 0 2.20790885139834
2  680 444 0 0 2.20790885139834
4 CN 442 0 444 0
0

0101000
+901 0 -900 0 *
Ve
1.00000000444089e-07
15.666 5.25241666666666 0
0 0

0101101
*
Ve
1.00000000444089e-07
16.2057088506466 3.2268473292799 0
0 0

0101101
*
Ed
 1.00000000444089e-07 1 1 0
1  347 0 0 2.09623872305321
2  681 194 0 0 2.09623872305321
2  682 445 0 0 2.09623872305321
4 CN 194 0 445 0
0

0101000
+898 0 -897 0 *
Ve
1e-07
18.8020701140542 4.69924450164184 0
0 0

0101101
*
Ve
1e-07
17.587875 4.68991666666666 0
0 0

0101101
*
Ed
 1e-07 1 1 0
1  348 0 0 1.21423094323048
2  683 444 0 0 1.21423094323048
2  684 446 0 0 1.21423094323048
4 CN 444 0 446 0
0

0101000
+895 0 -894 0 *
Ve
1e-07
18.8020701140542 2.84584732927989 0
0 0

0101101
*
Ve
1e-07
18.8020701140542 4.69924450164184 0
0 0

0101101
*
Ed
 1e-07 1 1 0
1  349 0 0 1.85339717236195
2  685 444 0 0 1.85339717236195
2  686 447 0 0 1.85339717236195
4 CN 444 0 447 0
0

0101000
+892 0 -891 0 *
Ve
1e-07
51.5892367807209 2.84584732927989 0
0 0

0101101
*
Ve
1e-07
51.5892367807209 0.992450156917954 0
0 0

0101101
*
Ed
 1e-07 1 1 0
1  350 0 0 1.85339717236194
2  687 448 0 0 1.85339717236194
2  688 449 0 0 1.85339717236194
4 CN 448 0 449 0
0

0101000
+889 0 -888 0 *
Ve
1e-07
43.5953755173133 1.37345015691795 0
0 0

0101101
*
Ve
1e-07
43.5953755173133 3.2268473292799 0
0 0

0101101
*
Ed
 1e-07 1 1 0
1  351 0 0 1.85339717236195
2  689 450 0 0 1.85339717236195
2  690 208 0 0 1.85339717236195
4 CN 450 0 208 0
0

0101000
+886 0 -885 0 *
Ve
1.00000001776357e-07
44.90625 2.34616666666667 0
0 0

0101101
*
Ve
1.00000008881784e-07
43.5953755173133 3.2268473292799 0
0 0

0101101
*
Ed
 1.00000001776357e-07 1 1 0
1  352 0 0 1.57923726490352
2  691 208 0 0 1.57923726490352
2  692 451 0 0 1.57923726490352
4 CN 208 0 451 0
0

0101000
+883 0 -882 0 *
Ve
1.00000001776357e-07
44.90625 4.50241666666667 0
0 0

0101101
*
Ve
1.00000008881784e-07
43.5953755173133 3.2268473292799 0
0 0

0101101
*
Ed
 1.00000001776357e-07 1 1 0
1  353 0 0 1.829062340064
2  693 451 0 0 1.829062340064
2  694 452 0 0 1.829062340064
4 CN 451 0 452 0
0

0101000
+880 0 -879 0 *
Ve
1e-07
44.90625 2.34616666666667 0
0 0

0101101
*
Ve
1e-07
44.90625 4.50241666666667 0
0 0

0101101
*
Ed
 1e-07 1 1 0
1  354 0 0 2.15625
2  695 451 0 0 2.15625
2  696 453 0 0 2.15625
4 CN 451 0 453 0
0

0101000
+877 0 -876 0 *
Ve
1e-07
42.984375 5.06491666666666 0
0 0

0101101
*
Ve
1e-07
44.90625 4.50241666666667 0
0 0

0101101
*
Ed
 1e-07 1 1 0
1  355 0 0 2.00250087780879
2  697 454 0 0 2.00250087780879
2  698 452 0 0 2.00250087780879
4 CN 452 0 454 0
0

0101000
+874 0 -873 0 *
Ve
1.00000007105427e-07
63.75 16.4986666666667 0
0 0

0101101
*
Ve
1.00000014210855e-07
63.6276264635391 18.5751906922543 0
0 0

0101101
*
Ed
 1.00000007105427e-07 1 1 0
1  356 0 0 2.08012675365434
2  699 394 0 0 2.08012675365434
2  700 455 0 0 2.08012675365434
4 CN 394 0 455 0
0

0101000
+871 0 -870 0 *
Ve
1e-07
62.8640439867319 18.5707926250259 0
0 0

0101101
*
Ve
1e-07
63.75 16.4986666666667 0
0 0

0101101
*
Ed
 1e-07 1 1 0
1  357 0 0 2.25358027253346
2  701 394 0 0 2.25358027253346
2  702 456 0 0 2.25358027253346
4 CN 394 0 456 0
0

0101000
+868 0 -867 0 *
Ve
1e-07
62.4135416666667 14.5299166666667 0
0 0

0101101
*
Ve
1e-07
63.75 16.4986666666667 0
0 0

0101101
*
Ed
 1e-07 1 1 0
1  358 0 0 2.37951621957827
2  703 457 0 0 2.37951621957827
2  704 387 0 0 2.37951621957827
4 CN 457 0 387 0
0

0101000
+865 0 -864 0 *
Ve
1.00000005329071e-07
65.3015790127965 15.492726442244 0
0 0

0101101
*
Ve
1.00000003552714e-07
63.75 16.4986666666667 0
0 0

0101101
*
Ed
 1.00000003552714e-07 1 1 0
1  359 0 0 1.84913849347799
2  705 387 0 0 1.84913849347799
2  706 314 0 0 1.84913849347799
4 CN 387 0 314 0
0

0101000
+862 0 -861 0 *
Ve
1.00000003552714e-07
65.5657112919533 17.6627137441605 0
0 0

0101101
*
Ve
1.00000003552714e-07
63.75 16.4986666666667 0
0 0

0101101
*
Ed
 1.00000003552714e-07 1 1 0
1  360 0 0 2.15680622549841
2  707 314 0 0 2.15680622549841
2  708 455 0 0 2.15680622549841
4 CN 314 0 455 0
0

0101000
+859 0 -858 0 *
Ve
1e-07
52.7549794690343 23.7425050071032 0
0 0

0101101
*
Ve
1e-07
54.0017770789955 23.7425050071032 0
0 0

0101101
*
Ed
 1e-07 1 1 0
1  361 0 0 1.24679760996114
2  709 343 0 0 1.24679760996114
2  710 458 0 0 1.24679760996114
4 CN 343 0 458 0
0

0101000
+856 0 -855 0 *
Ve
1e-07
54.0017770789955 23.7425050071032 0
0 0

0101101
*
Ve
1e-07
54.4822916666667 25.68209375 0
0 0

0101101
*
Ed
 1e-07 1 1 0
1  362 0 0 1.99822390150272
2  711 343 0 0 1.99822390150272
2  712 459 0 0 1.99822390150272
4 CN 343 0 459 0
0

0101000
+853 0 -852 0 *
Ve
1e-07
54.0017770789955 23.7425050071032 0
0 0

0101101
*
Ve
1e-07
55.0136707914277 23.7425050071032 0
0 0

0101101
*
Ed
 1e-07 1 1 0
1  363 0 0 1.01189371243223
2  713 459 0 0 1.01189371243223
2  714 460 0 0 1.01189371243223
4 CN 459 0 460 0
0

0101000
+850 0 -849 0 *
Ve
1e-07
55.0136707914277 23.7425050071032 0
0 0

0101101
*
Ve
1e-07
54.4822916666667 25.68209375 0
0 0

0101101
*
Ed
 1e-07 1 1 0
1  364 0 0 2.01106147738047
2  715 459 0 0 2.01106147738047
2  716 461 0 0 2.01106147738047
4 CN 459 0 461 0
0

0101000
+847 0 -846 0 *
Ve
1e-07
55.0136707914277 23.7425050071032 0
0 0

0101101
*
Ve
1e-07
56.1580743947736 23.7425050071032 0
0 0

0101101
*
Ed
 1e-07 1 1 0
1  365 0 0 1.14440360334595
2  717 461 0 0 1.14440360334595
2  718 462 0 0 1.14440360334595
4 CN 461 0 462 0
0

0101000
+844 0 -843 0 *
Ve
1e-07
56.1580743947736 23.7425050071032 0
0 0

0101101
*
Ve
1e-07
54.4822916666667 25.68209375 0
0 0

0101101
*
Ed
 1e-07 1 1 0
1  366 0 0 2.56325032788325
2  719 461 0 0 2.56325032788325
2  720 378 0 0 2.56325032788325
4 CN 461 0 378 0
0

0101000
+841 0 -840 0 *
Ve
1e-07
57.3397916666667 27.6717604166667 0
0 0

0101101
*
Ve
1e-07
56.1580743947736 23.7425050071032 0
0 0

0101101
*
Ed
 1e-07 1 1 0
1  367 0 0 4.10310903879899
2  721 376 0 0 4.10310903879899
2  722 378 0 0 4.10310903879899
4 CN 376 0 378 0
0

0101000
+838 0 -837 0 *
Ve
1e-07
56.1580743947736 23.7425050071032 0
0 0

0101101
*
Ve
1e-07
57.1278058691879 23.7425050071032 0
0 0

0101101
*
Ed
 1e-07 1 1 0
1  368 0 0 0.969731474414218
2  723 376 0 0 0.969731474414218
2  724 463 0 0 0.969731474414218
4 CN 376 0 463 0
0

0101000
+835 0 -834 0 *
Ve
1e-07
38.8370833333333 17.7234270833333 0
0 0

0101101
*
Ve
1e-07
38.8370833333333 19.58609375 0
0 0

0101101
*
Ed
 1e-07 1 1 0
1  369 0 0 1.86266666666667
2  725 167 0 0 1.86266666666667
2  726 464 0 0 1.86266666666667
4 CN 464 0 167 0
0

0101000
+832 0 -831 0 *
Ve
1.00000003552714e-07
37.9426839356541 18.1405812455894 0
0 0

0101101
*
Ve
1.00000003552714e-07
38.8370833333333 17.7234270833333 0
0 0

0101101
*
Ed
 1.00000003552714e-07 1 1 0
1  370 0 0 0.986898109055081
2  727 167 0 0 0.986898109055081
2  728 465 0 0 0.986898109055081
4 CN 167 0 465 0
0

0101000
+829 0 -828 0 *
Ve
1e-07
38.8370833333333 17.7234270833333 0
0 0

0101101
*
Ve
1e-07
38.8370833333333 15.71259375 0
0 0

0101101
*
Ed
 1e-07 1 1 0
1  371 0 0 2.01083333333333
2  729 466 0 0 2.01083333333333
2  730 467 0 0 2.01083333333333
4 CN 466 0 467 0
0

0101000
+826 0 -825 0 *
Ve
1e-07
40.57275 15.8216614583334 0
0 0

0101101
*
Ve
1e-07
40.57275 18.128828125 0
0 0

0101101
*
Ed
 1e-07 1 1 0
1  372 0 0 2.30716666666666
2  731 468 0 0 2.30716666666666
2  732 469 0 0 2.30716666666666
4 CN 468 0 469 0
0

0101000
+823 0 -822 0 *
Ve
1e-07
40.3399166666667 21.4487604166667 0
0 0

0101101
*
Ve
1e-07
37.5035833333333 21.4487604166667 0
0 0

0101101
*
Ed
 1e-07 1 1 0
1  373 0 0 2.83633333333332
2  733 470 0 0 2.83633333333332
2  734 471 0 0 2.83633333333332
4 CN 470 0 471 0
0

0101000
+820 0 -819 0 *
Ve
1.00000007105427e-07
37.9426839356541 18.1405812455894 0
0 0

0101101
*
Ve
1.00000007105427e-07
37.9308285166411 17.286991076655 0
0 0

0101101
*
Ed
 1.00000007105427e-07 1 1 0
1  374 0 0 0.853672494263078
2  735 465 0 0 0.853672494263078
2  736 472 0 0 0.853672494263078
4 CN 465 0 472 0
0

0101000
+817 0 -816 0 *
Ve
1.00000003552714e-07
37.9308285166411 17.286991076655 0
0 0

0101101
*
Ve
1.00000003552714e-07
38.8370833333333 17.7234270833333 0
0 0

0101101
*
Ed
 1.00000003552714e-07 1 1 0
1  375 0 0 1.00586986270748
2  737 465 0 0 1.00586986270748
2  738 467 0 0 1.00586986270748
4 CN 465 0 467 0
0

0101000
+814 0 -813 0 *
Ve
1.00000001776357e-07
37.9308285166411 17.286991076655 0
0 0

0101101
*
Ve
1.00000001776357e-07
38.8370833333333 15.71259375 0
0 0

0101101
*
Ed
 1.00000001776357e-07 1 1 0
1  376 0 0 1.81659702051837
2  739 467 0 0 1.81659702051837
2  740 473 0 0 1.81659702051837
4 CN 467 0 473 0
0

0101000
+811 0 -810 0 *
Ve
1e-07
40.9217206305615 27.3567206279076 0
0 0

0101101
*
Ve
1e-07
41.6031685331982 25.4920805910571 0
0 0

0101101
*
Ed
 1e-07 1 1 0
1  377 0 0 1.98525910425663
2  741 474 0 0 1.98525910425663
2  742 384 0 0 1.98525910425663
4 CN 474 0 384 0
0

0101000
+808 0 -807 0 *
Ve
1.00000007105427e-07
40.95375 25.1870833333333 0
0 0

0101101
*
Ve
1.00000003552714e-07
41.6031685331982 25.4920805910571 0
0 0

0101101
*
Ed
 1.00000003552714e-07 1 1 0
1  378 0 0 0.71747317613986
2  743 384 0 0 0.71747317613986
2  744 250 0 0 0.71747317613986
4 CN 384 0 250 0
0

0101000
+805 0 -804 0 *
Ve
1.00000007105427e-07
41.5963434299434 24.739606281297 0
0 0

0101101
*
Ve
1.00000007105427e-07
41.6031685331982 25.4920805910571 0
0 0

0101101
*
Ed
 1.00000007105427e-07 1 1 0
1  379 0 0 0.752505261698077
2  745 250 0 0 0.752505261698077
2  746 475 0 0 0.752505261698077
4 CN 250 0 475 0
0

0101000
+802 0 -801 0 *
Ve
1.00000003552714e-07
36.1335145432332 24.739606281297 0
0 0

0101101
*
Ve
1.00000007105427e-07
34.7519166666667 23.43025 0
0 0

0101101
*
Ed
 1.00000003552714e-07 1 1 0
1  380 0 0 1.90347749235576
2  747 476 0 0 1.90347749235576
2  748 171 0 0 1.90347749235576
4 CN 476 0 171 0
0

0101000
+799 0 -798 0 *
Ve
1.00000003552714e-07
36.1335145432332 24.739606281297 0
0 0

0101101
*
Ve
1.00000007105427e-07
35.36575 25.1870833333333 0
0 0

0101101
*
Ed
 1.00000003552714e-07 1 1 0
1  381 0 0 0.888649596829445
2  749 171 0 0 0.888649596829445
2  750 477 0 0 0.888649596829445
4 CN 171 0 477 0
0

0101000
+796 0 -795 0 *
Ve
1e-07
34.7519166666667 21.4487604166667 0
0 0

0101101
*
Ve
1e-07
34.7519166666667 19.8571302083333 0
0 0

0101101
*
Ed
 1e-07 1 1 0
1  382 0 0 1.59163020833333
2  751 478 0 0 1.59163020833333
2  752 145 0 0 1.59163020833333
4 CN 478 0 145 0
0

0101000
+793 0 -792 0 *
Ve
1.00000003552714e-07
34.7519166666667 19.8571302083333 0
0 0

0101101
*
Ve
1.00000003552714e-07
36.1249905596545 19.1980773947234 0
0 0

0101101
*
Ed
 1.00000003552714e-07 1 1 0
1  383 0 0 1.52305040190139
2  753 478 0 0 1.52305040190139
2  754 479 0 0 1.52305040190139
4 CN 478 0 479 0
0

0101000
+790 0 -789 0 *
Ve
1.00000003552714e-07
34.3709166666667 19.58609375 0
0 0

0101101
*
Ve
1.00000003552714e-07
34.7519166666667 19.8571302083333 0
0 0

0101101
*
Ed
 1.00000003552714e-07 1 1 0
1  384 0 0 0.46757006078862
2  755 145 0 0 0.46757006078862
2  756 480 0 0 0.46757006078862
4 CN 145 0 480 0
0

0101000
+787 0 -786 0 *
Ve
1e-07
33.1564166666667 18.0961666666667 0
0 0

0101101
*
Ve
1e-07
32.4285864822062 17.0461666666666 0
0 0

0101101
*
Ed
 1e-07 1 1 0
1  385 0 0 1.27759022280696
2  757 133 0 0 1.27759022280696
2  758 481 0 0 1.27759022280696
4 CN 133 0 481 0
0

0101000
+784 0 -783 0 *
Ve
1.00000003552714e-07
45.45 17.6674448197547 0
0 0

0101101
*
Ve
1.00000003552714e-07
46.1929166666667 17.3070833333333 0
0 0

0101101
*
Ed
 1.00000003552714e-07 1 1 0
1  386 0 0 0.825703078901233
2  759 408 0 0 0.825703078901233
2  760 482 0 0 0.825703078901233
4 CN 408 0 482 0
0

0101000
+781 0 -780 0 *
Ve
1e-07
45.45 18.4582427618868 0
0 0

0101101
*
Ve
1e-07
45.45 17.6674448197547 0
0 0

0101101
*
Ed
 1e-07 1 1 0
1  387 0 0 0.790797942132123
2  761 408 0 0 0.790797942132123
2  762 483 0 0 0.790797942132123
4 CN 408 0 483 0
0

0101000
+778 0 -777 0 *
Ve
1.00000007105427e-07
45.45 17.6674448197547 0
0 0

0101101
*
Ve
1.00000007105427e-07
45.45 16.8766468776226 0
0 0

0101101
*
Ed
 1.00000007105427e-07 1 1 0
1  388 0 0 0.790797942132116
2  763 482 0 0 0.790797942132116
2  764 484 0 0 0.790797942132116
4 CN 482 0 484 0
0

0101000
+775 0 -774 0 *
Ve
1.00000003552714e-07
45.45 16.8766468776226 0
0 0

0101101
*
Ve
1.00000003552714e-07
46.1929166666667 17.3070833333333 0
0 0

0101101
*
Ed
 1.00000003552714e-07 1 1 0
1  389 0 0 0.858603934311954
2  765 482 0 0 0.858603934311954
2  766 485 0 0 0.858603934311954
4 CN 482 0 485 0
0

0101000
+772 0 -771 0 *
Ve
1.00000001776357e-07
45.45 16.0858489354905 0
0 0

0101101
*
Ve
1.00000001776357e-07
46.1929166666667 15.2539166666667 0
0 0

0101101
*
Ed
 1.00000001776357e-07 1 1 0
1  390 0 0 1.11536383011172
2  767 245 0 0 1.11536383011172
2  768 128 0 0 1.11536383011172
4 CN 245 0 128 0
0

0101000
+769 0 -768 0 *
Ve
1e-07
46.1929166666667 17.3070833333333 0
0 0

0101101
*
Ve
1e-07
45.45 16.0858489354905 0
0 0

0101101
*
Ed
 1e-07 1 1 0
1  391 0 0 1.42945396151319
2  769 245 0 0 1.42945396151319
2  770 485 0 0 1.42945396151319
4 CN 245 0 485 0
0

0101000
+766 0 -765 0 *
Ve
1e-07
45.45 16.8766468776226 0
0 0

0101101
*
Ve
1e-07
45.45 16.0858489354905 0
0 0

0101101
*
Ed
 1e-07 1 1 0
1  392 0 0 0.790797942132109
2  771 485 0 0 0.790797942132109
2  772 486 0 0 0.790797942132109
4 CN 485 0 486 0
0

0101000
+763 0 -762 0 *
Ve
1e-07
42.80625 19.1274166666667 0
0 0

0101101
*
Ve
1e-07
43.6013477615075 18.4582427618868 0
0 0

0101101
*
Ed
 1e-07 1 1 0
1  393 0 0 1.03921805468947
2  773 411 0 0 1.03921805468947
2  774 487 0 0 1.03921805468947
4 CN 411 0 487 0
0

0101000
+760 0 -759 0 *
Ve
1.00000007105427e-07
47.0716642548531 25.4920805910571 0
0 0

0101101
*
Ve
1.00000014210855e-07
47.0648391515984 24.739606281297 0
0 0

0101101
*
Ed
 1.00000007105427e-07 1 1 0
1  394 0 0 0.752505261698077
2  775 488 0 0 0.752505261698077
2  776 489 0 0 0.752505261698077
4 CN 488 0 489 0
0

0101000
+757 0 -756 0 *
Ve
1e-07
46.3902163522164 27.3567206279076 0
0 0

0101101
*
Ve
1e-07
47.0716642548531 25.4920805910571 0
0 0

0101101
*
Ed
 1e-07 1 1 0
1  395 0 0 1.98525910425663
2  777 490 0 0 1.98525910425663
2  778 491 0 0 1.98525910425663
4 CN 490 0 491 0
0

0101000
+754 0 -753 0 *
Ve
1.00000001776357e-07
39.28125 2.34616666666667 0
0 0

0101101
*
Ve
1.00000001776357e-07
38.1343755173133 3.2268473292799 0
0 0

0101101
*
Ed
 1.00000001776357e-07 1 1 0
1  396 0 0 1.44600121318715
2  779 226 0 0 1.44600121318715
2  780 492 0 0 1.44600121318715
4 CN 226 0 492 0
0

0101000
+751 0 -750 0 *
Ve
1.00000001776357e-07
38.1343755173133 1.37345015691795 0
0 0

0101101
*
Ve
1.00000001776357e-07
39.28125 2.34616666666667 0
0 0

0101101
*
Ed
 1.00000001776357e-07 1 1 0
1  397 0 0 1.50382794473821
2  781 226 0 0 1.50382794473821
2  782 205 0 0 1.50382794473821
4 CN 226 0 205 0
0

0101000
+748 0 -747 0 *
Ve
1.00000001776357e-07
40.6672367807209 0.992450156917954 0
0 0

0101101
*
Ve
1.00000001776357e-07
39.28125 2.34616666666667 0
0 0

0101101
*
Ed
 1.00000001776357e-07 1 1 0
1  398 0 0 1.93739715729616
2  783 205 0 0 1.93739715729616
2  784 211 0 0 1.93739715729616
4 CN 205 0 211 0
0

0101000
+745 0 -744 0 *
Ve
1.00000001332268e-07
40.6672367807209 2.84584732927989 0
0 0

0101101
*
Ve
1.00000001332268e-07
39.28125 2.34616666666667 0
0 0

0101101
*
Ed
 1.00000001332268e-07 1 1 0
1  399 0 0 1.47330924144342
2  785 211 0 0 1.47330924144342
2  786 493 0 0 1.47330924144342
4 CN 211 0 493 0
0

0101000
+742 0 -741 0 *
Ve
1.00000007105427e-07
39.28125 4.50241666666667 0
0 0

0101101
*
Ve
1.00000007105427e-07
39.28125 2.34616666666667 0
0 0

0101101
*
Ed
 1.00000007105427e-07 1 1 0
1  400 0 0 2.15625
2  787 493 0 0 2.15625
2  788 492 0 0 2.15625
4 CN 493 0 492 0
0

0101000
+739 0 -738 0 *
Ve
1.00000001776357e-07
40.6672367807209 2.84584732927989 0
0 0

0101101
*
Ve
1.00000001776357e-07
39.28125 4.50241666666667 0
0 0

0101101
*
Ed
 1.00000001776357e-07 1 1 0
1  401 0 0 2.15990308252547
2  789 493 0 0 2.15990308252547
2  790 494 0 0 2.15990308252547
4 CN 493 0 494 0
0

0101000
+736 0 -735 0 *
Ve
1e-07
39.28125 4.50241666666667 0
0 0

0101101
*
Ve
1e-07
38.1343755173133 3.2268473292799 0
0 0

0101101
*
Ed
 1e-07 1 1 0
1  402 0 0 1.71534201065536
2  791 492 0 0 1.71534201065536
2  792 495 0 0 1.71534201065536
4 CN 492 0 495 0
0

0101000
+733 0 -732 0 *
Ve
1.00000001776357e-07
40.57275 13.556828125 0
0 0

0101101
*
Ve
1.00000001776357e-07
42.85875 12.6254947916667 0
0 0

0101101
*
Ed
 1.00000001776357e-07 1 1 0
1  403 0 0 2.46843630215117
2  793 496 0 0 2.46843630215117
2  794 127 0 0 2.46843630215117
4 CN 496 0 127 0
0

0101000
+730 0 -729 0 *
Ve
1e-07
40.57275 13.556828125 0
0 0

0101101
*
Ve
1e-07
40.57275 12.6254947916667 0
0 0

0101101
*
Ed
 1e-07 1 1 0
1  404 0 0 0.931333333333336
2  795 127 0 0 0.931333333333336
2  796 497 0 0 0.931333333333336
4 CN 127 0 497 0
0

0101000
+727 0 -726 0 *
Ve
1e-07
40.57275 15.8216614583334 0
0 0

0101101
*
Ve
1e-07
40.57275 13.556828125 0
0 0

0101101
*
Ed
 1e-07 1 1 0
1  405 0 0 2.26483333333333
2  797 498 0 0 2.26483333333333
2  798 499 0 0 2.26483333333333
4 CN 498 0 499 0
0

0101000
+724 0 -723 0 *
Ve
1e-07
36.4424166666667 13.4124166666667 0
0 0

0101101
*
Ve
1e-07
40.57275 13.556828125 0
0 0

0101101
*
Ed
 1e-07 1 1 0
1  406 0 0 4.13285713686579
2  799 500 0 0 4.13285713686579
2  800 497 0 0 4.13285713686579
4 CN 500 0 497 0
0

0101000
+721 0 -720 0 *
Ve
1e-07
42.984375 6.84616666666667 0
0 0

0101101
*
Ve
1e-07
42.984375 5.06491666666666 0
0 0

0101101
*
Ed
 1e-07 1 1 0
1  407 0 0 1.78125000000001
2  801 501 0 0 1.78125000000001
2  802 502 0 0 1.78125000000001
4 CN 501 0 502 0
0

0101000
+718 0 -717 0 *
Ve
1e-07
45.1879166666667 6.84616666666667 0
0 0

0101101
*
Ve
1e-07
42.984375 6.84616666666667 0
0 0

0101101
*
Ed
 1e-07 1 1 0
1  408 0 0 2.20354166666668
2  803 501 0 0 2.20354166666668
2  804 503 0 0 2.20354166666668
4 CN 501 0 503 0
0

0101000
+715 0 -714 0 *
Ve
1e-07
42.984375 6.84616666666667 0
0 0

0101101
*
Ve
1e-07
40.7407083333333 6.84616666666667 0
0 0

0101101
*
Ed
 1e-07 1 1 0
1  409 0 0 2.24366666666667
2  805 502 0 0 2.24366666666667
2  806 504 0 0 2.24366666666667
4 CN 502 0 504 0
0

0101000
+712 0 -711 0 *
Ve
1.00000001776357e-07
42.9375 11.0649166666667 0
0 0

0101101
*
Ve
1.00000001776357e-07
44.2120416666667 9.72483333333334 0
0 0

0101101
*
Ed
 1.00000001776357e-07 1 1 0
1  410 0 0 1.8493998486934
2  807 505 0 0 1.8493998486934
2  808 506 0 0 1.8493998486934
4 CN 505 0 506 0
0

0101000
+709 0 -708 0 *
Ve
1e-07
13.6927708333334 26.5205833333333 0
0 0

0101101
*
Ve
1e-07
15.666 26.5205833333333 0
0 0

0101101
*
Ed
 1e-07 1 1 0
1  411 0 0 1.97322916666665
2  809 28 0 0 1.97322916666665
2  810 88 0 0 1.97322916666665
4 CN 28 0 88 0
0

0101000
+706 0 -705 0 *
Ve
1e-07
15.666 15.1540833333333 0
0 0

0101101
*
Ve
1e-07
15.666 12.38125 0
0 0

0101101
*
Ed
 1e-07 1 1 0
1  412 0 0 2.77283333333334
2  811 507 0 0 2.77283333333334
2  812 508 0 0 2.77283333333334
4 CN 507 0 508 0
0

0101000
+703 0 -702 0 *
Ve
1e-07
15.666 17.8634166666667 0
0 0

0101101
*
Ve
1e-07
15.666 15.1540833333333 0
0 0

0101101
*
Ed
 1e-07 1 1 0
1  413 0 0 2.70933333333333
2  813 509 0 0 2.70933333333333
2  814 510 0 0 2.70933333333333
4 CN 509 0 510 0
0

0101000
+700 0 -699 0 *
Ve
1e-07
60.968078639467 0.570558728857719 0
0 0

0101101
*
Ve
1e-07
60.2038643530114 0.562414704432022 0
0 0

0101101
*
Ed
 1e-07 1 1 0
1  414 0 0 0.764257679553599
2  815 237 0 0 0.764257679553599
2  816 511 0 0 0.764257679553599
4 CN 237 0 511 0
0

0101000
+697 0 -696 0 *
Ve
1.00000007327472e-07
60.9680786394669 0.570558728857719 0
0 0

0101101
*
Ve
1.00000000222045e-07
58.96875 0.471166666666658 0
0 0

0101101
*
Ed
 1.00000000222045e-07 1 1 0
1  415 0 0 2.00179763977763
2  817 512 0 0 2.00179763977763
2  818 237 0 0 2.00179763977763
4 CN 237 0 512 0
0

0101000
+694 0 -693 0 *
Ve
1.00000000222045e-07
62.71875 0.471166666666658 0
0 0

0101101
*
Ve
1.00000007327472e-07
60.9680786394669 0.570558728857719 0
0 0

0101101
*
Ed
 1.00000000222045e-07 1 1 0
1  416 0 0 1.75349051740158
2  819 512 0 0 1.75349051740158
2  820 427 0 0 1.75349051740158
4 CN 512 0 427 0
0

0101000
+691 0 -690 0 *
Ve
1e-07
58.96875 0.471166666666658 0
0 0

0101101
*
Ve
1e-07
62.71875 0.471166666666658 0
0 0

0101101
*
Ed
 1e-07 1 1 0
1  417 0 0 3.74999999999999
0

0101000
+688 0 -687 0 *
Ve
1e-07
65.2294955394271 3.47223218997917 0
0 0

0101101
*
Ve
1e-07
64.4091141197179 3.47061617886884 0
0 0

0101101
*
Ed
 1e-07 1 1 0
1  418 0 0 0.820383011340408
2  821 513 0 0 0.820383011340408
2  822 364 0 0 0.820383011340408
4 CN 513 0 364 0
0

0101000
+685 0 -684 0 *
Ve
1.00000001776357e-07
66.4194166666667 3.81549999999999 0
0 0

0101101
*
Ve
1.00000001776357e-07
65.2294955394271 3.47223218997917 0
0 0

0101101
*
Ed
 1.00000001776357e-07 1 1 0
1  419 0 0 1.23844462066242
2  823 433 0 0 1.23844462066242
2  824 261 0 0 1.23844462066242
4 CN 433 0 261 0
0

0101000
+682 0 -681 0 *
Ve
1.00000014210855e-07
65.2014119728003 4.48639206219105 0
0 0

0101101
*
Ve
1.00000014210855e-07
65.2294955394271 3.47223218997917 0
0 0

0101101
*
Ed
 1.00000014210855e-07 1 1 0
1  420 0 0 1.01454863516704
2  825 261 0 0 1.01454863516704
2  826 263 0 0 1.01454863516704
4 CN 261 0 263 0
0

0101000
+679 0 -678 0 *
Ve
1.00000003552714e-07
64.4371976863447 4.47824803776536 0
0 0

0101101
*
Ve
1.00000003552714e-07
65.2294955394271 3.47223218997917 0
0 0

0101101
*
Ed
 1.00000003552714e-07 1 1 0
1  421 0 0 1.28054823181165
2  827 263 0 0 1.28054823181165
2  828 364 0 0 1.28054823181165
4 CN 263 0 364 0
0

0101000
+676 0 -675 0 *
Ve
1.00000001776357e-07
56.7 2.39988851357858 0
0 0

0101101
*
Ve
1.00000001776357e-07
57.65625 2.88903748464465 0
0 0

0101101
*
Ed
 1.00000001776357e-07 1 1 0
1  422 0 0 1.07409533021751
2  829 300 0 0 1.07409533021751
2  830 437 0 0 1.07409533021751
4 CN 300 0 437 0
0

0101000
+673 0 -672 0 *
Ve
1e-07
56.7 3.19068645571069 0
0 0

0101101
*
Ve
1e-07
56.7 2.39988851357858 0
0 0

0101101
*
Ed
 1e-07 1 1 0
1  423 0 0 0.790797942132112
2  831 300 0 0 0.790797942132112
2  832 514 0 0 0.790797942132112
4 CN 300 0 514 0
0

0101000
+670 0 -669 0 *
Ve
1.00000007105427e-07
56.7 2.39988851357858 0
0 0

0101101
*
Ve
1.00000007105427e-07
56.7 1.60909057144647 0
0 0

0101101
*
Ed
 1.00000007105427e-07 1 1 0
1  424 0 0 0.790797942132112
2  833 437 0 0 0.790797942132112
2  834 515 0 0 0.790797942132112
4 CN 437 0 515 0
0

0101000
+667 0 -666 0 *
Ve
1e-07
13.6927708333333 5.16848125767766 0
0 0

0101101
*
Ve
1e-07
13.6927708333334 2.99260207565566 0
0 0

0101101
*
Ed
 1e-07 1 1 0
1  425 0 0 2.175879182022
2  835 516 0 0 2.175879182022
2  836 517 0 0 2.175879182022
4 CN 516 0 517 0
0

0101000
+664 0 -663 0 *
Ve
1.00000000888178e-07
13.6927708333333 5.16848125767766 0
0 0

0101101
*
Ve
1.00000000888178e-07
12.5545116795225 3.98148439784282 0
0 0

0101101
*
Ed
 1.00000000888178e-07 1 1 0
1  426 0 0 1.64456542785378
2  837 517 0 0 1.64456542785378
2  838 518 0 0 1.64456542785378
4 CN 517 0 518 0
0

0101000
+661 0 -660 0 *
Ve
1.00000000444089e-07
12.5545116795225 3.98148439784282 0
0 0

0101101
*
Ve
1.00000000444089e-07
13.6927708333334 2.99260207565566 0
0 0

0101101
*
Ed
 1.00000000444089e-07 1 1 0
1  427 0 0 1.50782033026766
2  839 517 0 0 1.50782033026766
2  840 519 0 0 1.50782033026766
4 CN 517 0 519 0
0

0101000
+658 0 -657 0 *
Ve
1e-07
13.6927708333333 5.16848125767766 0
0 0

0101101
*
Ve
1e-07
11.6738958333333 5.16848125767766 0
0 0

0101101
*
Ed
 1e-07 1 1 0
1  428 0 0 2.01887500000002
2  841 518 0 0 2.01887500000002
2  842 520 0 0 2.01887500000002
4 CN 518 0 520 0
0

0101000
+655 0 -654 0 *
Ve
1.00000000888178e-07
11.6738958333333 5.16848125767766 0
0 0

0101101
*
Ve
1.00000000888178e-07
12.5545116795225 3.98148439784282 0
0 0

0101101
*
Ed
 1.00000000888178e-07 1 1 0
1  429 0 0 1.47798708174911
2  843 518 0 0 1.47798708174911
2  844 521 0 0 1.47798708174911
4 CN 518 0 521 0
0

0101000
+652 0 -651 0 *
Ve
1.00000002664535e-07
10.7058594410301 3.98148439784283 0
0 0

0101101
*
Ve
1.00000000888178e-07
11.6738958333333 5.16848125767766 0
0 0

0101101
*
Ed
 1.00000000888178e-07 1 1 0
1  430 0 0 1.53168404120473
2  845 522 0 0 1.53168404120473
2  846 521 0 0 1.53168404120473
4 CN 521 0 522 0
0

0101000
+649 0 -648 0 *
Ve
1e-07
9.77635983851062 8.31006099313466 0
0 0

0101101
*
Ve
1e-07
9.77240803217295 9.13598851770539 0
0 0

0101101
*
Ed
 1e-07 1 1 0
1  431 0 0 0.82593697859877
2  847 523 0 0 0.82593697859877
2  848 524 0 0 0.82593697859877
4 CN 523 0 524 0
0

0101000
+646 0 -645 0 *
Ve
1.00000000888178e-07
10.1367708333334 6.35933333333333 0
0 0

0101101
*
Ve
1.00000000888178e-07
9.77635983851062 8.31006099313466 0
0 0

0101101
*
Ed
 1.00000000888178e-07 1 1 0
1  432 0 0 1.98374254577127
2  849 525 0 0 1.98374254577127
2  850 79 0 0 1.98374254577127
4 CN 525 0 79 0
0

0101000
+643 0 -642 0 *
Ve
1e-07
9.72656249999999 5.16848125767766 0
0 0

0101101
*
Ve
1e-07
11.6738958333333 5.16848125767766 0
0 0

0101101
*
Ed
 1e-07 1 1 0
1  433 0 0 1.94733333333333
2  851 526 0 0 1.94733333333333
2  852 522 0 0 1.94733333333333
4 CN 526 0 522 0
0

0101000
+640 0 -639 0 *
Ve
1.00000002664535e-07
10.7058594410301 3.98148439784283 0
0 0

0101101
*
Ve
1.00000000888178e-07
9.72656249999999 5.16848125767766 0
0 0

0101101
*
Ed
 1.00000000888178e-07 1 1 0
1  434 0 0 1.53882554045889
2  853 527 0 0 1.53882554045889
2  854 522 0 0 1.53882554045889
4 CN 522 0 527 0
0

0101000
+637 0 -636 0 *
Ve
1.00000000444089e-07
9.72656249999998 2.89885207565566 0
0 0

0101101
*
Ve
1.00000002220446e-07
10.7058594410301 3.98148439784283 0
0 0

0101101
*
Ed
 1.00000000444089e-07 1 1 0
1  435 0 0 1.45983397814794
2  855 527 0 0 1.45983397814794
2  856 528 0 0 1.45983397814794
4 CN 527 0 528 0
0

0101000
+634 0 -633 0 *
Ve
1.00000001776357e-07
9.72656249999999 5.16848125767766 0
0 0

0101101
*
Ve
1.00000001776357e-07
9.72656249999998 2.89885207565566 0
0 0

0101101
*
Ed
 1.00000001776357e-07 1 1 0
1  436 0 0 2.26962918202199
0

0101000
+631 0 -630 0 *
Ve
1e-07
12.7275919678271 9.1498198398872 0
0 0

0101101
*
Ve
1e-07
15.666 8.93108333333334 0
0 0

0101101
*
Ed
 1e-07 1 1 0
1  437 0 0 2.94653820997419
2  857 75 0 0 2.94653820997419
2  858 529 0 0 2.94653820997419
4 CN 75 0 529 0
0

0101000
+628 0 -627 0 *
Ve
1e-07
10.85624924545 10.188717322223 0
0 0

0101101
*
Ve
1e-07
11.6766306651592 10.1903333333333 0
0 0

0101101
*
Ed
 1e-07 1 1 0
1  438 0 0 0.820383011340426
2  859 530 0 0 0.820383011340426
2  860 531 0 0 0.820383011340426
4 CN 530 0 531 0
0

0101000
+625 0 -624 0 *
Ve
1e-07
9.77240803217295 9.13598851770539 0
0 0

0101101
*
Ve
1e-07
10.1156041666667 11.0371666666667 0
0 0

0101101
*
Ed
 1e-07 1 1 0
1  439 0 0 1.93190629711155
2  861 532 0 0 1.93190629711155
2  862 533 0 0 1.93190629711155
4 CN 532 0 533 0
0

0101000
+622 0 -621 0 *
Ve
1.00000001776357e-07
10.1156041666667 11.0371666666667 0
0 0

0101101
*
Ve
1.00000003552714e-07
10.85624924545 10.188717322223 0
0 0

0101101
*
Ed
 1.00000001776357e-07 1 1 0
1  440 0 0 1.12624216881307
2  863 534 0 0 1.12624216881307
2  864 533 0 0 1.12624216881307
4 CN 534 0 533 0
0

0101000
+619 0 -618 0 *
Ve
1.00000000888178e-07
51.5892367807209 2.84584732927989 0
0 0

0101101
*
Ve
1.00000000888178e-07
50.390625 2.34616666666665 0
0 0

0101101
*
Ed
 1.00000000888178e-07 1 1 0
1  441 0 0 1.29859576676979
2  865 449 0 0 1.29859576676979
2  866 535 0 0 1.29859576676979
4 CN 449 0 535 0
0

0101000
+616 0 -615 0 *
Ve
1.00000001332268e-07
50.390625 2.34616666666665 0
0 0

0101101
*
Ve
1.00000001332268e-07
51.5892367807209 0.992450156917954 0
0 0

0101101
*
Ed
 1.00000001332268e-07 1 1 0
1  442 0 0 1.80809805863759
2  867 449 0 0 1.80809805863759
2  868 536 0 0 1.80809805863759
4 CN 449 0 536 0
0

0101000
+613 0 -612 0 *
Ve
1.00000001776357e-07
51.5892367807209 2.84584732927989 0
0 0

0101101
*
Ve
1.00000001776357e-07
50.390625 4.50241666666666 0
0 0

0101101
*
Ed
 1.00000001776357e-07 1 1 0
1  443 0 0 2.04472300580123
2  869 535 0 0 2.04472300580123
2  870 537 0 0 2.04472300580123
4 CN 535 0 537 0
0

0101000
+610 0 -609 0 *
Ve
1e-07
50.390625 4.50241666666666 0
0 0

0101101
*
Ve
1e-07
50.390625 2.34616666666665 0
0 0

0101101
*
Ed
 1e-07 1 1 0
1  444 0 0 2.15625
2  871 535 0 0 2.15625
2  872 538 0 0 2.15625
4 CN 535 0 538 0
0

0101000
+607 0 -606 0 *
Ve
1e-07
53.859375 6.84616666666666 0
0 0

0101101
*
Ve
1e-07
53.859375 5.06491666666664 0
0 0

0101101
*
Ed
 1e-07 1 1 0
1  445 0 0 1.78125000000001
2  873 72 0 0 1.78125000000001
2  874 539 0 0 1.78125000000001
4 CN 72 0 539 0
0

0101000
+604 0 -603 0 *
Ve
1e-07
53.859375 6.84616666666666 0
0 0

0101101
*
Ve
1e-07
51.32625 6.84616666666667 0
0 0

0101101
*
Ed
 1e-07 1 1 0
1  446 0 0 2.53312499999998
2  875 539 0 0 2.53312499999998
2  876 540 0 0 2.53312499999998
4 CN 539 0 540 0
0

0101000
+601 0 -600 0 *
Ve
1.00000001776357e-07
52.63775 7.74102083333336 0
0 0

0101101
*
Ve
1.00000001776357e-07
53.859375 6.84616666666666 0
0 0

0101101
*
Ed
 1.00000001776357e-07 1 1 0
1  447 0 0 1.5143089579824
2  877 284 0 0 1.5143089579824
2  878 540 0 0 1.5143089579824
4 CN 284 0 540 0
0

0101000
+598 0 -597 0 *
Ve
1e-07
52.63775 9.81032812500001 0
0 0

0101101
*
Ve
1e-07
52.63775 7.74102083333336 0
0 0

0101101
*
Ed
 1e-07 1 1 0
1  448 0 0 2.06930729166666
2  879 284 0 0 2.06930729166666
2  880 175 0 0 2.06930729166666
4 CN 284 0 175 0
0

0101000
+595 0 -594 0 *
Ve
1.00000001776357e-07
51.32625 6.84616666666667 0
0 0

0101101
*
Ve
1.00000001776357e-07
52.63775 7.74102083333336 0
0 0

0101101
*
Ed
 1.00000001776357e-07 1 1 0
1  449 0 0 1.587701555583
2  881 175 0 0 1.587701555583
2  882 540 0 0 1.587701555583
4 CN 175 0 540 0
0

0101000
+592 0 -591 0 *
Ve
1.00000000888178e-07
44.90625 4.50241666666667 0
0 0

0101101
*
Ve
1.00000000888178e-07
46.1070701140542 4.69924450164184 0
0 0

0101101
*
Ed
 1.00000000888178e-07 1 1 0
1  450 0 0 1.21684433800636
2  883 541 0 0 1.21684433800636
2  884 542 0 0 1.21684433800636
4 CN 541 0 542 0
0

0101000
+589 0 -588 0 *
Ve
1e-07
48.46875 6.84616666666666 0
0 0

0101101
*
Ve
1e-07
51.32625 6.84616666666667 0
0 0

0101101
*
Ed
 1e-07 1 1 0
1  451 0 0 2.85750000000002
2  885 543 0 0 2.85750000000002
2  886 544 0 0 2.85750000000002
4 CN 543 0 544 0
0

0101000
+586 0 -585 0 *
Ve
1e-07
45.1879166666667 6.84616666666667 0
0 0

0101101
*
Ve
1e-07
48.46875 6.84616666666666 0
0 0

0101101
*
Ed
 1e-07 1 1 0
1  452 0 0 3.28083333333333
2  887 545 0 0 3.28083333333333
2  888 546 0 0 3.28083333333333
4 CN 545 0 546 0
0

0101000
+583 0 -582 0 *
Ve
1e-07
48.46875 6.84616666666666 0
0 0

0101101
*
Ve
1e-07
48.46875 5.06491666666664 0
0 0

0101101
*
Ed
 1e-07 1 1 0
1  453 0 0 1.78125000000001
2  889 547 0 0 1.78125000000001
2  890 548 0 0 1.78125000000001
4 CN 547 0 548 0
0

0101000
+580 0 -579 0 *
Ve
1.00000000888178e-07
48.46875 5.06491666666664 0
0 0

0101101
*
Ve
1.00000000888178e-07
50.390625 4.50241666666666 0
0 0

0101101
*
Ed
 1.00000000888178e-07 1 1 0
1  454 0 0 2.00250087780881
2  891 547 0 0 2.00250087780881
2  892 549 0 0 2.00250087780881
4 CN 547 0 549 0
0

0101000
+577 0 -576 0 *
Ve
1.00000014210855e-07
47.49425 12.6254947916667 0
0 0

0101101
*
Ve
1.00000007105427e-07
47.59725 14.5765833333333 0
0 0

0101101
*
Ed
 1.00000007105427e-07 1 1 0
1  455 0 0 1.95380538883044
2  893 550 0 0 1.95380538883044
2  894 551 0 0 1.95380538883044
4 CN 550 0 551 0
0

0101000
+574 0 -573 0 *
Ve
1.00000001776357e-07
45.6710833333333 14.5765833333333 0
0 0

0101101
*
Ve
1.00000008881784e-07
47.49425 12.6254947916667 0
0 0

0101101
*
Ed
 1.00000001776357e-07 1 1 0
1  456 0 0 2.67033391018189
2  895 550 0 0 2.67033391018189
2  896 125 0 0 2.67033391018189
4 CN 550 0 125 0
0

0101000
+571 0 -570 0 *
Ve
1e-07
45.6104166666667 12.6254947916667 0
0 0

0101101
*
Ve
1e-07
47.49425 12.6254947916667 0
0 0

0101101
*
Ed
 1e-07 1 1 0
1  457 0 0 1.88383333333334
2  897 125 0 0 1.88383333333334
2  898 552 0 0 1.88383333333334
4 CN 125 0 552 0
0

0101000
+568 0 -567 0 *
Ve
1e-07
50.6269166666667 12.6254947916667 0
0 0

0101101
*
Ve
1e-07
52.63775 12.6254947916667 0
0 0

0101101
*
Ed
 1e-07 1 1 0
1  458 0 0 2.01083333333333
2  899 358 0 0 2.01083333333333
2  900 553 0 0 2.01083333333333
4 CN 358 0 553 0
0

0101000
+565 0 -564 0 *
Ve
1.00000003552714e-07
52.63775 13.683828125 0
0 0

0101101
*
Ve
1.00000008881784e-07
50.6269166666667 12.6254947916667 0
0 0

0101101
*
Ed
 1.00000001776357e-07 1 1 0
1  459 0 0 2.27233803358763
2  901 358 0 0 2.27233803358763
2  902 554 0 0 2.27233803358763
4 CN 358 0 554 0
0

0101000
+562 0 -561 0 *
Ve
1e-07
50.6269166666667 12.6254947916667 0
0 0

0101101
*
Ve
1e-07
50.71875 11.0649166666667 0
0 0

0101101
*
Ed
 1e-07 1 1 0
1  460 0 0 1.5632777889229
2  903 553 0 0 1.5632777889229
2  904 555 0 0 1.5632777889229
4 CN 553 0 555 0
0

0101000
+559 0 -558 0 *
Ve
1e-07
50.6269166666667 12.6254947916667 0
0 0

0101101
*
Ve
1e-07
47.49425 12.6254947916667 0
0 0

0101101
*
Ed
 1e-07 1 1 0
1  461 0 0 3.13266666666667
2  905 555 0 0 3.13266666666667
2  906 551 0 0 3.13266666666667
4 CN 555 0 551 0
0

0101000
+556 0 -555 0 *
Ve
1e-07
32.00025 23.43025 0
0 0

0101101
*
Ve
1e-07
32.6140833333333 25.1870833333333 0
0 0

0101101
*
Ed
 1e-07 1 1 0
1  462 0 0 1.86098219288155
2  907 556 0 0 1.86098219288155
2  908 169 0 0 1.86098219288155
4 CN 556 0 169 0
0

0101000
+553 0 -552 0 *
Ve
1.00000003552714e-07
33.3964332649333 24.739606281297 0
0 0

0101101
*
Ve
1.00000007105427e-07
32.6140833333333 25.1870833333333 0
0 0

0101101
*
Ed
 1.00000003552714e-07 1 1 0
1  463 0 0 0.901280826143348
2  909 169 0 0 0.901280826143348
2  910 173 0 0 0.901280826143348
4 CN 169 0 173 0
0

0101000
+550 0 -549 0 *
Ve
1e-07
33.4032583681881 25.4920805910571 0
0 0

0101101
*
Ve
1e-07
32.6140833333333 25.1870833333333 0
0 0

0101101
*
Ed
 1e-07 1 1 0
1  464 0 0 0.846061796121896
2  911 173 0 0 0.846061796121896
2  912 257 0 0 0.846061796121896
4 CN 173 0 257 0
0

0101000
+547 0 -546 0 *
Ve
1e-07
32.6140833333333 25.1870833333333 0
0 0

0101101
*
Ve
1e-07
32.7218104655514 27.3567206279076 0
0 0

0101101
*
Ed
 1e-07 1 1 0
1  465 0 0 2.17231008951839
2  913 557 0 0 2.17231008951839
2  914 257 0 0 2.17231008951839
4 CN 557 0 257 0
0

0101000
+544 0 -543 0 *
Ve
1e-07
29.3544166666667 21.4487604166667 0
0 0

0101101
*
Ve
1e-07
29.7485833333333 21.4487604166667 0
0 0

0101101
*
Ed
 1e-07 1 1 0
1  466 0 0 0.394166666666663
2  915 152 0 0 0.394166666666663
2  916 65 0 0 0.394166666666663
4 CN 152 0 65 0
0

0101000
+541 0 -540 0 *
Ve
1e-07
29.3544166666667 23.43025 0
0 0

0101101
*
Ve
1e-07
29.3544166666667 21.4487604166667 0
0 0

0101101
*
Ed
 1e-07 1 1 0
1  467 0 0 1.98148958333333
2  917 152 0 0 1.98148958333333
2  918 558 0 0 1.98148958333333
4 CN 152 0 558 0
0

0101000
+538 0 -537 0 *
Ve
1.00000003552714e-07
26.2349166666667 18.0961666666667 0
0 0

0101101
*
Ve
1.00000007105427e-07
27.9705833333333 18.0961666666667 0
0 0

0101101
*
Ed
 1.00000003552714e-07 1 1 0
1  468 0 0 1.73566666666667
2  919 559 0 0 1.73566666666667
2  920 62 0 0 1.73566666666667
4 CN 559 0 62 0
0

0101000
+535 0 -534 0 *
Ve
1e-07
26.2349166666667 18.0961666666667 0
0 0

0101101
*
Ve
1e-07
27.0270801844605 17.0461666666666 0
0 0

0101101
*
Ed
 1e-07 1 1 0
1  469 0 0 1.31530340185206
2  921 62 0 0 1.31530340185206
2  922 560 0 0 1.31530340185206
4 CN 62 0 560 0
0

0101000
+532 0 -531 0 *
Ve
1e-07
26.2349166666667 18.0961666666667 0
0 0

0101101
*
Ve
1e-07
26.2349166666667 16.0853333333333 0
0 0

0101101
*
Ed
 1e-07 1 1 0
1  470 0 0 2.01083333333333
2  923 560 0 0 2.01083333333333
2  924 561 0 0 2.01083333333333
4 CN 560 0 561 0
0

0101000
+529 0 -528 0 *
Ve
1e-07
24.4928484396279 27.3567206279076 0
0 0

0101101
*
Ve
1e-07
25.1742963422646 25.4920805910571 0
0 0

0101101
*
Ed
 1e-07 1 1 0
1  471 0 0 1.98525910425663
2  925 562 0 0 1.98525910425663
2  926 11 0 0 1.98525910425663
4 CN 562 0 11 0
0

0101000
+526 0 -525 0 *
Ve
1.00000007105427e-07
27.0895833333333 25.1870833333333 0
0 0

0101101
*
Ve
1.00000007105427e-07
27.2416222309121 27.3567206279076 0
0 0

0101101
*
Ed
 1.00000003552714e-07 1 1 0
1  472 0 0 2.17495788841633
2  927 563 0 0 2.17495788841633
2  928 564 0 0 2.17495788841633
4 CN 563 0 564 0
0

0101000
+523 0 -522 0 *
Ve
1e-07
21.6511059651504 27.3567206279076 0
0 0

0101101
*
Ve
1e-07
22.4309490971219 25.4956008720219 0
0 0

0101101
*
Ed
 1e-07 1 1 0
1  473 0 0 2.01790040790693
2  929 565 0 0 2.01790040790693
2  930 566 0 0 2.01790040790693
4 CN 565 0 566 0
0

0101000
+520 0 -519 0 *
Ve
1.00000001776357e-07
36.8511058021309 16.2768532780456 0
0 0

0101101
*
Ve
1.00000001776357e-07
38.8370833333333 15.71259375 0
0 0

0101101
*
Ed
 1.00000001776357e-07 1 1 0
1  474 0 0 2.06458120921201
2  931 473 0 0 2.06458120921201
2  932 567 0 0 2.06458120921201
4 CN 473 0 567 0
0

0101000
+517 0 -516 0 *
Ve
1e-07
36.8511058021309 16.2768532780456 0
0 0

0101101
*
Ve
1e-07
36.0868915156753 16.2687092536199 0
0 0

0101101
*
Ed
 1e-07 1 1 0
1  475 0 0 0.764257679553607
2  933 568 0 0 0.764257679553607
2  934 569 0 0 0.764257679553607
4 CN 568 0 569 0
0

0101000
+514 0 -513 0 *
Ve
1e-07
47.0648391515983 24.739606281297 0
0 0

0101101
*
Ve
1e-07
46.35125 25.1870833333333 0
0 0

0101101
*
Ed
 1e-07 1 1 0
1  476 0 0 0.842285693442527
2  935 47 0 0 0.842285693442527
2  936 489 0 0 0.842285693442527
4 CN 47 0 489 0
0

0101000
+511 0 -510 0 *
Ve
1e-07
44.3077494749419 25.4709139243904 0
0 0

0101101
*
Ve
1e-07
44.3009243716871 24.7184396146304 0
0 0

0101101
*
Ed
 1e-07 1 1 0
1  477 0 0 0.752505261698073
2  937 570 0 0 0.752505261698073
2  938 571 0 0 0.752505261698073
4 CN 570 0 571 0
0

0101000
+508 0 -507 0 *
Ve
1e-07
47.0716642548531 25.4920805910571 0
0 0

0101101
*
Ve
1e-07
46.35125 25.1870833333333 0
0 0

0101101
*
Ed
 1e-07 1 1 0
1  478 0 0 0.782317087768478
2  939 489 0 0 0.782317087768478
2  940 491 0 0 0.782317087768478
4 CN 489 0 491 0
0

0101000
+505 0 -504 0 *
Ve
1e-07
46.35125 25.1870833333333 0
0 0

0101101
*
Ve
1e-07
46.3902163522164 27.3567206279076 0
0 0

0101101
*
Ed
 1e-07 1 1 0
1  479 0 0 2.16998718120926
2  941 572 0 0 2.16998718120926
2  942 491 0 0 2.16998718120926
4 CN 572 0 491 0
0

0101000
+502 0 -501 0 *
Ve
1e-07
43.0069166666667 23.43025 0
0 0

0101101
*
Ve
1e-07
43.62075 25.1870833333333 0
0 0

0101101
*
Ed
 1e-07 1 1 0
1  480 0 0 1.86098219288155
2  943 573 0 0 1.86098219288155
2  944 46 0 0 1.86098219288155
4 CN 573 0 46 0
0

0101000
+499 0 -498 0 *
Ve
1e-07
44.3009243716871 24.7184396146304 0
0 0

0101101
*
Ve
1e-07
43.62075 25.1870833333333 0
0 0

0101101
*
Ed
 1e-07 1 1 0
1  481 0 0 0.82599280322514
2  945 46 0 0 0.82599280322514
2  946 571 0 0 0.82599280322514
4 CN 46 0 571 0
0

0101000
+496 0 -495 0 *
Ve
1.00000007105427e-07
44.3077494749419 25.4709139243904 0
0 0

0101101
*
Ve
1.00000011496823e-07
43.62075 25.1870833333333 0
0 0

0101101
*
Ed
 1.00000003552714e-07 1 1 0
1  482 0 0 0.74332232778938
2  947 571 0 0 0.74332232778938
2  948 396 0 0 0.74332232778938
4 CN 571 0 396 0
0

0101000
+493 0 -492 0 *
Ve
1.00000010658141e-07
43.6474682389719 27.3567206279076 0
0 0

0101101
*
Ve
1.00000015049537e-07
43.62075 25.1870833333333 0
0 0

0101101
*
Ed
 1.00000007105427e-07 1 1 0
1  483 0 0 2.16980180069545
2  949 396 0 0 2.16980180069545
2  950 574 0 0 2.16980180069545
4 CN 396 0 574 0
0

0101000
+490 0 -489 0 *
Ve
1.00000007105427e-07
36.1403396464879 25.4920805910571 0
0 0

0101101
*
Ve
1.00000007105427e-07
36.1335145432332 24.739606281297 0
0 0

0101101
*
Ed
 1.00000007105427e-07 1 1 0
1  484 0 0 0.752505261698077
2  951 575 0 0 0.752505261698077
2  952 477 0 0 0.752505261698077
4 CN 575 0 477 0
0

0101000
+487 0 -486 0 *
Ve
1e-07
35.4588917438512 27.3567206279076 0
0 0

0101101
*
Ve
1e-07
36.1403396464879 25.4920805910571 0
0 0

0101101
*
Ed
 1e-07 1 1 0
1  485 0 0 1.98525910425664
2  953 576 0 0 1.98525910425664
2  954 255 0 0 1.98525910425664
4 CN 576 0 255 0
0

0101000
+484 0 -483 0 *
Ve
1e-07
35.36575 25.1870833333333 0
0 0

0101101
*
Ve
1e-07
36.1403396464879 25.4920805910571 0
0 0

0101101
*
Ed
 1e-07 1 1 0
1  486 0 0 0.832473691875766
2  955 255 0 0 0.832473691875766
2  956 477 0 0 0.832473691875766
4 CN 255 0 477 0
0

0101000
+481 0 -480 0 *
Ve
1e-07
34.3709166666667 17.7234270833333 0
0 0

0101101
*
Ve
1e-07
34.9875 18.1927516339307 0
0 0

0101101
*
Ed
 1e-07 1 1 0
1  487 0 0 0.774880984885987
2  957 131 0 0 0.774880984885987
2  958 144 0 0 0.774880984885987
4 CN 131 0 144 0
0

0101000
+478 0 -477 0 *
Ve
1e-07
34.9875 18.1927516339307 0
0 0

0101101
*
Ve
1e-07
34.3709166666667 19.58609375 0
0 0

0101101
*
Ed
 1e-07 1 1 0
1  488 0 0 1.52367229395197
2  959 131 0 0 1.52367229395197
2  960 480 0 0 1.52367229395197
4 CN 131 0 480 0
0

0101000
+475 0 -474 0 *
Ve
1e-07
34.7519166666667 19.8571302083333 0
0 0

0101101
*
Ve
1e-07
34.9875 18.1927516339307 0
0 0

0101101
*
Ed
 1e-07 1 1 0
1  489 0 0 1.6809686332216
2  961 479 0 0 1.6809686332216
2  962 480 0 0 1.6809686332216
4 CN 479 0 480 0
0

0101000
+472 0 -471 0 *
Ve
1e-07
34.9875 18.1927516339307 0
0 0

0101101
*
Ve
1e-07
34.9914518063377 17.36682410936 0
0 0

0101101
*
Ed
 1e-07 1 1 0
1  490 0 0 0.825936978598777
2  963 577 0 0 0.825936978598777
2  964 144 0 0 0.825936978598777
4 CN 577 0 144 0
0

0101000
+469 0 -468 0 *
Ve
1e-07
31.54775 18.0961666666667 0
0 0

0101101
*
Ve
1e-07
33.1564166666667 18.0961666666667 0
0 0

0101101
*
Ed
 1e-07 1 1 0
1  491 0 0 1.60866666666667
2  965 578 0 0 1.60866666666667
2  966 481 0 0 1.60866666666667
4 CN 578 0 481 0
0

0101000
+466 0 -465 0 *
Ve
1e-07
29.7485833333333 19.5819635416667 0
0 0

0101101
*
Ve
1e-07
31.54775 18.0961666666667 0
0 0

0101101
*
Ed
 1e-07 1 1 0
1  492 0 0 2.33336517677885
2  967 579 0 0 2.33336517677885
2  968 55 0 0 2.33336517677885
4 CN 579 0 55 0
0

0101000
+463 0 -462 0 *
Ve
1e-07
31.54775 18.0961666666667 0
0 0

0101101
*
Ve
1e-07
32.4285864822062 17.0461666666666 0
0 0

0101101
*
Ed
 1e-07 1 1 0
1  493 0 0 1.37053745238335
2  969 481 0 0 1.37053745238335
2  970 580 0 0 1.37053745238335
4 CN 481 0 580 0
0

0101000
+460 0 -459 0 *
Ve
1e-07
31.54775 18.0961666666667 0
0 0

0101101
*
Ve
1e-07
31.6569427253854 17.0461666666666 0
0 0

0101101
*
Ed
 1e-07 1 1 0
1  494 0 0 1.05566237560935
2  971 580 0 0 1.05566237560935
2  972 581 0 0 1.05566237560935
4 CN 580 0 581 0
0

0101000
+457 0 -456 0 *
Ve
1e-07
31.6569427253854 17.0461666666666 0
0 0

0101101
*
Ve
1e-07
32.4285864822062 17.0461666666666 0
0 0

0101101
*
Ed
 1e-07 1 1 0
1  495 0 0 0.771643756820801
2  973 580 0 0 0.771643756820801
2  974 582 0 0 0.771643756820801
4 CN 580 0 582 0
0

0101000
+454 0 -453 0 *
Ve
1e-07
29.7485833333333 18.0961666666667 0
0 0

0101101
*
Ve
1e-07
31.54775 18.0961666666667 0
0 0

0101101
*
Ed
 1e-07 1 1 0
1  496 0 0 1.79916666666666
2  975 55 0 0 1.79916666666666
2  976 583 0 0 1.79916666666666
4 CN 55 0 583 0
0

0101000
+451 0 -450 0 *
Ve
1.00000001776357e-07
30.8852989685645 15.2001072083123 0
0 0

0101101
*
Ve
1.00000005748411e-07
30.1136552117437 15.2001072083123 0
0 0

0101101
*
Ed
 1.00000001776357e-07 1 1 0
1  497 0 0 0.771643756820797
2  977 43 0 0 0.771643756820797
2  978 584 0 0 0.771643756820797
4 CN 43 0 584 0
0

0101000
+448 0 -447 0 *
Ve
1.00000003552714e-07
32.4285864822061 15.2001072083123 0
0 0

0101101
*
Ve
1.00000001776357e-07
33.1564166666667 14.0745 0
0 0

0101101
*
Ed
 1.00000001776357e-07 1 1 0
1  498 0 0 1.34042096552404
2  979 141 0 0 1.34042096552404
2  980 137 0 0 1.34042096552404
4 CN 141 0 137 0
0

0101000
+445 0 -444 0 *
Ve
1.00000003552714e-07
32.4285864822061 15.2001072083123 0
0 0

0101101
*
Ve
1.00000005329071e-07
31.54775 14.0745 0
0 0

0101101
*
Ed
 1.00000001776357e-07 1 1 0
1  499 0 0 1.42928810804184
2  981 137 0 0 1.42928810804184
2  982 42 0 0 1.42928810804184
4 CN 137 0 42 0
0

0101000
+442 0 -441 0 *
Ve
1e-07
32.4285864822061 15.2001072083123 0
0 0

0101101
*
Ve
1e-07
31.6569427253853 15.2001072083123 0
0 0

0101101
*
Ed
 1e-07 1 1 0
1  500 0 0 0.771643756820804
2  983 42 0 0 0.771643756820804
2  984 585 0 0 0.771643756820804
4 CN 42 0 585 0
0

0101000
+439 0 -438 0 *
Ve
1e-07
29.3420114549229 17.0461666666666 0
0 0

0101101
*
Ve
1e-07
29.7485833333333 18.0961666666667 0
0 0

0101101
*
Ed
 1e-07 1 1 0
1  501 0 0 1.12596655914564
2  985 57 0 0 1.12596655914564
2  986 586 0 0 1.12596655914564
4 CN 57 0 586 0
0

0101000
+436 0 -435 0 *
Ve
1.00000007105427e-07
28.5703676981021 17.0461666666666 0
0 0

0101101
*
Ve
1.00000007105427e-07
29.3420114549229 17.0461666666666 0
0 0

0101101
*
Ed
 1.00000003552714e-07 1 1 0
1  502 0 0 0.771643756820808
2  987 57 0 0 0.771643756820808
2  988 587 0 0 0.771643756820808
4 CN 57 0 587 0
0

0101000
+433 0 -432 0 *
Ve
1e-07
42.80625 15.2539166666667 0
0 0

0101101
*
Ve
1e-07
42.80625 17.3070833333333 0
0 0

0101101
*
Ed
 1e-07 1 1 0
1  503 0 0 2.05316666666666
2  989 588 0 0 2.05316666666666
2  990 121 0 0 2.05316666666666
4 CN 588 0 121 0
0

0101000
+430 0 -429 0 *
Ve
1.00000010658141e-07
42.80625 17.3070833333333 0
0 0

0101101
*
Ve
1.00000003552714e-07
43.6013477615075 16.0858489354905 0
0 0

0101101
*
Ed
 1.00000003552714e-07 1 1 0
1  504 0 0 1.45725560723877
2  991 589 0 0 1.45725560723877
2  992 121 0 0 1.45725560723877
4 CN 121 0 589 0
0

0101000
+427 0 -426 0 *
Ve
1e-07
43.6013477615076 16.8766468776226 0
0 0

0101101
*
Ve
1e-07
42.80625 17.3070833333333 0
0 0

0101101
*
Ed
 1e-07 1 1 0
1  505 0 0 0.904132729613909
2  993 589 0 0 0.904132729613909
2  994 590 0 0 0.904132729613909
4 CN 589 0 590 0
0

0101000
+424 0 -423 0 *
Ve
1e-07
43.6013477615075 16.0858489354905 0
0 0

0101101
*
Ve
1e-07
43.6013477615076 16.8766468776226 0
0 0

0101101
*
Ed
 1e-07 1 1 0
1  506 0 0 0.790797942132116
2  995 589 0 0 0.790797942132116
2  996 591 0 0 0.790797942132116
4 CN 589 0 591 0
0

0101000
+421 0 -420 0 *
Ve
1e-07
43.6013477615076 16.8766468776226 0
0 0

0101101
*
Ve
1e-07
43.6013477615076 17.6674448197547 0
0 0

0101101
*
Ed
 1e-07 1 1 0
1  507 0 0 0.790797942132102
2  997 590 0 0 0.790797942132102
2  998 592 0 0 0.790797942132102
4 CN 590 0 592 0
0

0101000
+418 0 -417 0 *
Ve
1e-07
43.6013477615076 17.6674448197547 0
0 0

0101101
*
Ve
1e-07
42.80625 17.3070833333333 0
0 0

0101101
*
Ed
 1e-07 1 1 0
1  508 0 0 0.872949512429052
2  999 590 0 0 0.872949512429052
2  1000 593 0 0 0.872949512429052
4 CN 590 0 593 0
0

0101000
+415 0 -414 0 *
Ve
1e-07
42.80625 17.3070833333333 0
0 0

0101101
*
Ve
1e-07
42.80625 19.1274166666667 0
0 0

0101101
*
Ed
 1e-07 1 1 0
1  509 0 0 1.82033333333334
2  1001 594 0 0 1.82033333333334
2  1002 487 0 0 1.82033333333334
4 CN 594 0 487 0
0

0101000
+412 0 -411 0 *
Ve
1e-07
43.6013477615075 18.4582427618868 0
0 0

0101101
*
Ve
1e-07
42.80625 17.3070833333333 0
0 0

0101101
*
Ed
 1e-07 1 1 0
1  510 0 0 1.39905270819291
2  1003 593 0 0 1.39905270819291
2  1004 487 0 0 1.39905270819291
4 CN 593 0 487 0
0

0101000
+409 0 -408 0 *
Ve
1e-07
43.6013477615076 17.6674448197547 0
0 0

0101101
*
Ve
1e-07
43.6013477615075 18.4582427618868 0
0 0

0101101
*
Ed
 1e-07 1 1 0
1  511 0 0 0.790797942132123
2  1005 593 0 0 0.790797942132123
2  1006 595 0 0 0.790797942132123
4 CN 593 0 595 0
0

0101000
+406 0 -405 0 *
Ve
1e-07
39.28125 4.50241666666667 0
0 0

0101101
*
Ve
1e-07
37.359375 5.06491666666666 0
0 0

0101101
*
Ed
 1e-07 1 1 0
1  512 0 0 2.00250087780879
2  1007 495 0 0 2.00250087780879
2  1008 596 0 0 2.00250087780879
4 CN 495 0 596 0
0

0101000
+403 0 -402 0 *
Ve
1e-07
37.359375 6.84616666666666 0
0 0

0101101
*
Ve
1e-07
37.359375 5.06491666666666 0
0 0

0101101
*
Ed
 1e-07 1 1 0
1  513 0 0 1.78125
2  1009 596 0 0 1.78125
2  1010 597 0 0 1.78125
4 CN 596 0 597 0
0

0101000
+400 0 -399 0 *
Ve
1e-07
40.7407083333333 6.84616666666667 0
0 0

0101101
*
Ve
1e-07
37.359375 6.84616666666666 0
0 0

0101101
*
Ed
 1e-07 1 1 0
1  514 0 0 3.38133333333333
2  1011 598 0 0 3.38133333333333
2  1012 599 0 0 3.38133333333333
4 CN 598 0 599 0
0

0101000
+397 0 -396 0 *
Ve
1e-07
35.581375 6.84616666666667 0
0 0

0101101
*
Ve
1e-07
37.359375 6.84616666666666 0
0 0

0101101
*
Ed
 1e-07 1 1 0
1  515 0 0 1.77800000000001
2  1013 600 0 0 1.77800000000001
2  1014 597 0 0 1.77800000000001
4 CN 597 0 600 0
0

0101000
+394 0 -393 0 *
Ve
1.00000001776357e-07
37.359375 6.84616666666666 0
0 0

0101101
*
Ve
1.00000001776357e-07
35.581375 8.64533333333334 0
0 0

0101101
*
Ed
 1.00000001776357e-07 1 1 0
1  516 0 0 2.52948308838871
2  1015 600 0 0 2.52948308838871
2  1016 601 0 0 2.52948308838871
4 CN 600 0 601 0
0

0101000
+391 0 -390 0 *
Ve
1e-07
35.581375 8.64533333333334 0
0 0

0101101
*
Ve
1e-07
35.581375 6.84616666666667 0
0 0

0101101
*
Ed
 1e-07 1 1 0
1  517 0 0 1.79916666666667
2  1017 600 0 0 1.79916666666667
2  1018 602 0 0 1.79916666666667
4 CN 600 0 602 0
0

0101000
+388 0 -387 0 *
Ve
1e-07
32.015625 6.84616666666665 0
0 0

0101101
*
Ve
1e-07
35.581375 6.84616666666667 0
0 0

0101101
*
Ed
 1e-07 1 1 0
1  518 0 0 3.56575
2  1019 602 0 0 3.56575
2  1020 603 0 0 3.56575
4 CN 602 0 603 0
0

0101000
+385 0 -384 0 *
Ve
1.00000000888178e-07
39.28125 4.50241666666667 0
0 0

0101101
*
Ve
1.00000000888178e-07
40.6672367807209 4.69924450164184 0
0 0

0101101
*
Ed
 1.00000000888178e-07 1 1 0
1  519 0 0 1.39989305054136
2  1021 604 0 0 1.39989305054136
2  1022 494 0 0 1.39989305054136
4 CN 604 0 494 0
0

0101000
+382 0 -381 0 *
Ve
1e-07
40.6672367807209 4.69924450164184 0
0 0

0101101
*
Ve
1e-07
40.6672367807209 2.84584732927989 0
0 0

0101101
*
Ed
 1e-07 1 1 0
1  520 0 0 1.85339717236195
2  1023 605 0 0 1.85339717236195
2  1024 494 0 0 1.85339717236195
4 CN 605 0 494 0
0

0101000
+379 0 -378 0 *
Ve
1e-07
32.6098755173133 3.2268473292799 0
0 0

0101101
*
Ve
1e-07
32.6098755173133 1.37345015691795 0
0 0

0101101
*
Ed
 1e-07 1 1 0
1  521 0 0 1.85339717236195
2  1025 34 0 0 1.85339717236195
2  1026 606 0 0 1.85339717236195
4 CN 34 0 606 0
0

0101000
+376 0 -375 0 *
Ve
1.00000001776357e-07
32.6098755173133 1.37345015691795 0
0 0

0101101
*
Ve
1.00000001776357e-07
33.9375 2.43991666666667 0
0 0

0101101
*
Ed
 1.00000001776357e-07 1 1 0
1  522 0 0 1.70292031036238
2  1027 34 0 0 1.70292031036238
2  1028 201 0 0 1.70292031036238
4 CN 34 0 201 0
0

0101000
+373 0 -372 0 *
Ve
1.00000001776357e-07
35.2062367807209 0.992450156917954 0
0 0

0101101
*
Ve
1.00000001776357e-07
33.9375 2.43991666666667 0
0 0

0101101
*
Ed
 1.00000001776357e-07 1 1 0
1  523 0 0 1.92479929228947
2  1029 201 0 0 1.92479929228947
2  1030 35 0 0 1.92479929228947
4 CN 201 0 35 0
0

0101000
+370 0 -369 0 *
Ve
1.00000007105427e-07
22.921875 2.53366666666666 0
0 0

0101101
*
Ve
1.00000003552714e-07
22.921875 4.68991666666666 0
0 0

0101101
*
Ed
 1.00000003552714e-07 1 1 0
1  524 0 0 2.15625
2  1031 231 0 0 2.15625
2  1032 607 0 0 2.15625
4 CN 231 0 607 0
0

0101000
+367 0 -366 0 *
Ve
1.00000000888178e-07
22.921875 4.68991666666666 0
0 0

0101101
*
Ve
1.00000000888178e-07
21.6878755173133 3.2268473292799 0
0 0

0101101
*
Ed
 1.00000000888178e-07 1 1 0
1  525 0 0 1.91398187276482
2  1033 231 0 0 1.91398187276482
2  1034 608 0 0 1.91398187276482
4 CN 231 0 608 0
0

0101000
+364 0 -363 0 *
Ve
1e-07
28.659875 6.84616666666667 0
0 0

0101101
*
Ve
1e-07
28.659875 8.64533333333334 0
0 0

0101101
*
Ed
 1e-07 1 1 0
1  526 0 0 1.79916666666666
2  1035 609 0 0 1.79916666666666
2  1036 610 0 0 1.79916666666666
4 CN 609 0 610 0
0

0101000
+361 0 -360 0 *
Ve
1e-07
26.5078125 6.84616666666667 0
0 0

0101101
*
Ve
1e-07
28.659875 6.84616666666667 0
0 0

0101101
*
Ed
 1e-07 1 1 0
1  527 0 0 2.1520625
2  1037 609 0 0 2.1520625
2  1038 611 0 0 2.1520625
4 CN 609 0 611 0
0

0101000
+358 0 -357 0 *
Ve
1e-07
28.659875 6.84616666666667 0
0 0

0101101
*
Ve
1e-07
32.015625 6.84616666666665 0
0 0

0101101
*
Ed
 1e-07 1 1 0
1  528 0 0 3.35575
2  1039 610 0 0 3.35575
2  1040 612 0 0 3.35575
4 CN 610 0 612 0
0

0101000
+355 0 -354 0 *
Ve
1e-07
23.74525 10.508828125 0
0 0

0101101
*
Ve
1e-07
23.74525 7.76218750000002 0
0 0

0101101
*
Ed
 1e-07 1 1 0
1  529 0 0 2.74664062499999
2  1041 613 0 0 2.74664062499999
2  1042 614 0 0 2.74664062499999
4 CN 613 0 614 0
0

0101000
+352 0 -351 0 *
Ve
1.00000004440892e-07
23.74525 7.76218750000002 0
0 0

0101101
*
Ve
1.00000004440892e-07
26.5078125 6.84616666666667 0
0 0

0101101
*
Ed
 1.00000000888178e-07 1 1 0
1  530 0 0 2.91047173728022
2  1043 613 0 0 2.91047173728022
2  1044 615 0 0 2.91047173728022
4 CN 613 0 615 0
0

0101000
+349 0 -348 0 *
Ve
1e-07
40.7407083333333 8.64533333333334 0
0 0

0101101
*
Ve
1e-07
40.7407083333333 6.84616666666667 0
0 0

0101101
*
Ed
 1e-07 1 1 0
1  531 0 0 1.79916666666667
2  1045 504 0 0 1.79916666666667
2  1046 599 0 0 1.79916666666667
4 CN 504 0 599 0
0

0101000
+346 0 -345 0 *
Ve
1e-07
15.666 20.7209166666667 0
0 0

0101101
*
Ve
1e-07
15.666 17.8634166666667 0
0 0

0101101
*
Ed
 1e-07 1 1 0
1  532 0 0 2.85749999999999
2  1047 616 0 0 2.85749999999999
2  1048 617 0 0 2.85749999999999
4 CN 616 0 617 0
0

0101000
+343 0 -342 0 *
Ve
1.00000007105427e-07
18.09375 21.4487604166667 0
0 0

0101101
*
Ve
1.00000003552714e-07
15.666 20.7209166666667 0
0 0

0101101
*
Ed
 1.00000003552714e-07 1 1 0
1  533 0 0 2.53450716844796
2  1049 618 0 0 2.53450716844796
2  1050 91 0 0 2.53450716844796
4 CN 618 0 91 0
0

0101000
+340 0 -339 0 *
Ve
1e-07
15.666 23.43025 0
0 0

0101101
*
Ve
1e-07
15.666 20.7209166666667 0
0 0

0101101
*
Ed
 1e-07 1 1 0
1  534 0 0 2.70933333333334
2  1051 91 0 0 2.70933333333334
2  1052 619 0 0 2.70933333333334
4 CN 91 0 619 0
0

0101000
+337 0 -336 0 *
Ve
1.00000001776357e-07
11.5270513872216 12.0437379724289 0
0 0

0101101
*
Ve
1.00000003552714e-07
11.9359375 13.07975 0
0 0

0101101
*
Ed
 1.00000001776357e-07 1 1 0
1  535 0 0 1.11378129562995
2  1053 620 0 0 1.11378129562995
2  1054 192 0 0 1.11378129562995
4 CN 620 0 192 0
0

0101000
+334 0 -333 0 *
Ve
1.00000003552714e-07
11.9359375 13.07975 0
0 0

0101101
*
Ve
1.00000003552714e-07
10.0323535539641 13.0036871433573 0
0 0

0101101
*
Ed
 1.00000001776357e-07 1 1 0
1  536 0 0 1.90510298875585
2  1055 620 0 0 1.90510298875585
2  1056 621 0 0 1.90510298875585
4 CN 620 0 621 0
0

0101000
+331 0 -330 0 *
Ve
1.00000001776357e-07
12.2795256969816 12.0369128691741 0
0 0

0101101
*
Ve
1.00000003552714e-07
11.9359375 13.07975 0
0 0

0101101
*
Ed
 1.00000001776357e-07 1 1 0
1  537 0 0 1.09798093359322
2  1057 192 0 0 1.09798093359322
2  1058 189 0 0 1.09798093359322
4 CN 192 0 189 0
0

0101000
+328 0 -327 0 *
Ve
1.00000001776357e-07
13.6927708333334 12.38125 0
0 0

0101101
*
Ve
1.00000003552714e-07
11.9359375 13.07975 0
0 0

0101101
*
Ed
 1.00000001776357e-07 1 1 0
1  538 0 0 1.89059927301137
2  1059 189 0 0 1.89059927301137
2  1060 622 0 0 1.89059927301137
4 CN 189 0 622 0
0

0101000
+325 0 -324 0 *
Ve
1.00000003552714e-07
10.0328000641996 18.4567690739626 0
0 0

0101101
*
Ve
1.00000005329071e-07
11.9359375 18.54075 0
0 0

0101101
*
Ed
 1.00000003552714e-07 1 1 0
1  539 0 0 1.90498947385096
2  1061 623 0 0 1.90498947385096
2  1062 624 0 0 1.90498947385096
4 CN 623 0 624 0
0

0101000
+322 0 -321 0 *
Ve
1e-07
54.8513477615075 1.60909057144649 0
0 0

0101101
*
Ve
1e-07
54.8513477615076 2.39988851357859 0
0 0

0101101
*
Ed
 1e-07 1 1 0
1  540 0 0 0.790797942132105
2  1063 217 0 0 0.790797942132105
2  1064 625 0 0 0.790797942132105
4 CN 217 0 625 0
0

0101000
+319 0 -318 0 *
Ve
1.00000001332268e-07
54.8513477615076 2.39988851357859 0
0 0

0101101
*
Ve
1.00000001332268e-07
53.859375 2.79528748464465 0
0 0

0101101
*
Ed
 1.00000001332268e-07 1 1 0
1  541 0 0 1.0678718583674
2  1065 217 0 0 1.0678718583674
2  1066 67 0 0 1.0678718583674
4 CN 217 0 67 0
0

0101000
+316 0 -315 0 *
Ve
1e-07
54.8513477615076 2.39988851357859 0
0 0

0101101
*
Ve
1e-07
54.8513477615076 3.1906864557107 0
0 0

0101101
*
Ed
 1e-07 1 1 0
1  542 0 0 0.790797942132112
2  1067 67 0 0 0.790797942132112
2  1068 626 0 0 0.790797942132112
4 CN 67 0 626 0
0

0101000
+313 0 -312 0 *
Ve
1e-07
15.666 6.84616666666667 0
0 0

0101101
*
Ve
1e-07
13.9891041666667 6.74033333333333 0
0 0

0101101
*
Ed
 1e-07 1 1 0
1  543 0 0 1.6802322251091
2  1069 193 0 0 1.6802322251091
2  1070 182 0 0 1.6802322251091
4 CN 193 0 182 0
0

0101000
+310 0 -309 0 *
Ve
1.00000000888178e-07
13.9891041666667 6.74033333333333 0
0 0

0101101
*
Ve
1.00000000888178e-07
13.6927708333333 5.16848125767766 0
0 0

0101101
*
Ed
 1.00000000888178e-07 1 1 0
1  544 0 0 1.59954130680877
2  1071 627 0 0 1.59954130680877
2  1072 520 0 0 1.59954130680877
4 CN 627 0 520 0
0

0101000
+307 0 -306 0 *
Ve
1e-07
13.9891041666667 6.74033333333333 0
0 0

0101101
*
Ve
1e-07
11.6485470985324 7.28865987221188 0
0 0

0101101
*
Ed
 1e-07 1 1 0
1  545 0 0 2.40392790707877
2  1073 628 0 0 2.40392790707877
2  1074 629 0 0 2.40392790707877
4 CN 628 0 629 0
0

0101000
+304 0 -303 0 *
Ve
1e-07
15.666 8.93108333333334 0
0 0

0101101
*
Ve
1e-07
13.9891041666667 6.74033333333333 0
0 0

0101101
*
Ed
 1e-07 1 1 0
1  546 0 0 2.758870275738
2  1075 182 0 0 2.758870275738
2  1076 630 0 0 2.758870275738
4 CN 182 0 630 0
0

0101000
+301 0 -300 0 *
Ve
1.00000002220446e-07
10.7058594410301 3.19068645571071 0
0 0

0101101
*
Ve
1.00000000444089e-07
9.72656249999998 2.89885207565566 0
0 0

0101101
*
Ed
 1.00000000444089e-07 1 1 0
1  547 0 0 1.02185605840206
2  1077 215 0 0 1.02185605840206
2  1078 528 0 0 1.02185605840206
4 CN 215 0 528 0
0

0101000
+298 0 -297 0 *
Ve
1e-07
10.7058594410301 2.3998885135786 0
0 0

0101101
*
Ve
1e-07
10.7058594410301 3.19068645571071 0
0 0

0101101
*
Ed
 1e-07 1 1 0
1  548 0 0 0.790797942132105
2  1079 215 0 0 0.790797942132105
2  1080 631 0 0 0.790797942132105
4 CN 215 0 631 0
0

0101000
+295 0 -294 0 *
Ve
1e-07
10.7058594410301 3.19068645571071 0
0 0

0101101
*
Ve
1e-07
10.7058594410301 3.98148439784283 0
0 0

0101101
*
Ed
 1e-07 1 1 0
1  549 0 0 0.790797942132119
2  1081 528 0 0 0.790797942132119
2  1082 632 0 0 0.790797942132119
4 CN 528 0 632 0
0

0101000
+292 0 -291 0 *
Ve
1.00000000222045e-07
51.5892367807209 0.992450156917954 0
0 0

0101101
*
Ve
1.00000000222045e-07
49.0563755173133 1.37345015691795 0
0 0

0101101
*
Ed
 1.00000000222045e-07 1 1 0
1  550 0 0 2.5613565116302
2  1083 633 0 0 2.5613565116302
2  1084 536 0 0 2.5613565116302
4 CN 633 0 536 0
0

0101000
+289 0 -288 0 *
Ve
1.00000001332268e-07
50.390625 2.34616666666665 0
0 0

0101101
*
Ve
1.00000001332268e-07
49.0563755173133 1.37345015691795 0
0 0

0101101
*
Ed
 1.00000001332268e-07 1 1 0
1  551 0 0 1.65118111980103
2  1085 536 0 0 1.65118111980103
2  1086 634 0 0 1.65118111980103
4 CN 536 0 634 0
0

0101000
+286 0 -285 0 *
Ve
1.00000001776357e-07
49.0563755173133 3.2268473292799 0
0 0

0101101
*
Ve
1.00000001776357e-07
50.390625 4.50241666666666 0
0 0

0101101
*
Ed
 1.00000001776357e-07 1 1 0
1  552 0 0 1.84588699993554
2  1087 549 0 0 1.84588699993554
2  1088 538 0 0 1.84588699993554
4 CN 549 0 538 0
0

0101000
+283 0 -282 0 *
Ve
1.00000001332268e-07
49.0563755173133 3.2268473292799 0
0 0

0101101
*
Ve
1.00000001332268e-07
50.390625 2.34616666666665 0
0 0

0101101
*
Ed
 1.00000001332268e-07 1 1 0
1  553 0 0 1.59869325123696
2  1089 538 0 0 1.59869325123696
2  1090 634 0 0 1.59869325123696
4 CN 538 0 634 0
0

0101000
+280 0 -279 0 *
Ve
1e-07
49.0563755173133 3.2268473292799 0
0 0

0101101
*
Ve
1e-07
49.0563755173133 1.37345015691795 0
0 0

0101101
*
Ed
 1e-07 1 1 0
1  554 0 0 1.85339717236195
2  1091 634 0 0 1.85339717236195
2  1092 635 0 0 1.85339717236195
4 CN 634 0 635 0
0

0101000
+277 0 -276 0 *
Ve
1e-07
51.5892367807209 4.69924450164184 0
0 0

0101101
*
Ve
1e-07
51.5892367807209 2.84584732927989 0
0 0

0101101
*
Ed
 1e-07 1 1 0
1  555 0 0 1.85339717236195
2  1093 636 0 0 1.85339717236195
2  1094 537 0 0 1.85339717236195
4 CN 636 0 537 0
0

0101000
+274 0 -273 0 *
Ve
1.00000000888178e-07
51.5892367807209 4.69924450164184 0
0 0

0101101
*
Ve
1.00000000888178e-07
50.390625 4.50241666666666 0
0 0

0101101
*
Ed
 1.00000000888178e-07 1 1 0
1  556 0 0 1.21466513801286
2  1095 537 0 0 1.21466513801286
2  1096 637 0 0 1.21466513801286
4 CN 537 0 637 0
0

0101000
+271 0 -270 0 *
Ve
1e-07
23.74525 20.5156354166667 0
0 0

0101101
*
Ve
1e-07
23.74525 18.5471354166667 0
0 0

0101101
*
Ed
 1e-07 1 1 0
1  557 0 0 1.9685
2  1097 638 0 0 1.9685
2  1098 116 0 0 1.9685
4 CN 638 0 116 0
0

0101000
+268 0 -267 0 *
Ve
1.00000007105427e-07
23.74525 20.5156354166667 0
0 0

0101101
*
Ve
1.00000007105427e-07
26.47575 21.4487604166667 0
0 0

0101101
*
Ed
 1.00000003552714e-07 1 1 0
1  558 0 0 2.88554197952915
2  1099 639 0 0 2.88554197952915
2  1100 640 0 0 2.88554197952915
4 CN 640 0 639 0
0

0101000
+265 0 -264 0 *
Ve
1e-07
23.74525 21.4487604166667 0
0 0

0101101
*
Ve
1e-07
23.74525 20.5156354166667 0
0 0

0101101
*
Ed
 1e-07 1 1 0
1  559 0 0 0.933125
2  1101 639 0 0 0.933125
2  1102 641 0 0 0.933125
4 CN 639 0 641 0
0

0101000
+262 0 -261 0 *
Ve
1e-07
26.47575 21.4487604166667 0
0 0

0101101
*
Ve
1e-07
23.74525 21.4487604166667 0
0 0

0101101
*
Ed
 1e-07 1 1 0
1  560 0 0 2.7305
2  1103 639 0 0 2.7305
2  1104 642 0 0 2.7305
4 CN 639 0 642 0
0

0101000
+259 0 -258 0 *
Ve
1e-07
20.88775 21.4487604166667 0
0 0

0101101
*
Ve
1e-07
18.09375 21.4487604166667 0
0 0

0101101
*
Ed
 1e-07 1 1 0
1  561 0 0 2.794
2  1105 643 0 0 2.794
2  1106 644 0 0 2.794
4 CN 643 0 644 0
0

0101000
+256 0 -255 0 *
Ve
1e-07
23.74525 20.5156354166667 0
0 0

0101101
*
Ve
1e-07
20.88775 21.4487604166667 0
0 0

0101101
*
Ed
 1e-07 1 1 0
1  562 0 0 3.00599875509372
2  1107 645 0 0 3.00599875509372
2  1108 641 0 0 3.00599875509372
4 CN 645 0 641 0
0

0101000
+253 0 -252 0 *
Ve
1e-07
23.74525 21.4487604166667 0
0 0

0101101
*
Ve
1e-07
20.88775 21.4487604166667 0
0 0

0101101
*
Ed
 1e-07 1 1 0
1  563 0 0 2.8575
2  1109 641 0 0 2.8575
2  1110 646 0 0 2.8575
4 CN 641 0 646 0
0

0101000
+250 0 -249 0 *
Ve
1.00000007105427e-07
24.3590833333333 25.1870833333333 0
0 0

0101101
*
Ve
1.00000003552714e-07
25.1742963422646 25.4920805910571 0
0 0

0101101
*
Ed
 1.00000003552714e-07 1 1 0
1  564 0 0 0.870399665182435
2  1111 11 0 0 0.870399665182435
2  1112 647 0 0 0.870399665182435
4 CN 11 0 647 0
0

0101000
+247 0 -246 0 *
Ve
1e-07
27.9230701335488 25.4920805910571 0
0 0

0101101
*
Ve
1e-07
27.916245030294 24.739606281297 0
0 0

0101101
*
Ed
 1e-07 1 1 0
1  565 0 0 0.752505261698077
2  1113 648 0 0 0.752505261698077
2  1114 51 0 0 0.752505261698077
4 CN 648 0 51 0
0

0101000
+244 0 -243 0 *
Ve
1e-07
27.2416222309121 27.3567206279076 0
0 0

0101101
*
Ve
1e-07
27.9230701335488 25.4920805910571 0
0 0

0101101
*
Ed
 1e-07 1 1 0
1  566 0 0 1.98525910425663
2  1115 649 0 0 1.98525910425663
2  1116 564 0 0 1.98525910425663
4 CN 649 0 564 0
0

0101000
+241 0 -240 0 *
Ve
1e-07
27.0895833333333 25.1870833333333 0
0 0

0101101
*
Ve
1e-07
27.9230701335488 25.4920805910571 0
0 0

0101101
*
Ed
 1e-07 1 1 0
1  567 0 0 0.887537927838793
2  1117 564 0 0 0.887537927838793
2  1118 51 0 0 0.887537927838793
4 CN 564 0 51 0
0

0101000
+238 0 -237 0 *
Ve
1e-07
22.4309490971219 25.4956008720219 0
0 0

0101101
*
Ve
1e-07
21.5015833333333 25.1870833333333 0
0 0

0101101
*
Ed
 1e-07 1 1 0
1  568 0 0 0.979236332343063
2  1119 10 0 0 0.979236332343063
2  1120 566 0 0 0.979236332343063
4 CN 10 0 566 0
0

0101000
+235 0 -234 0 *
Ve
1e-07
21.5015833333333 25.1870833333333 0
0 0

0101101
*
Ve
1e-07
22.4241239938671 24.7431265622619 0
0 0

0101101
*
Ed
 1e-07 1 1 0
1  569 0 0 1.02380607778928
2  1121 10 0 0 1.02380607778928
2  1122 650 0 0 1.02380607778928
4 CN 10 0 650 0
0

0101000
+232 0 -231 0 *
Ve
1e-07
21.5015833333333 25.1870833333333 0
0 0

0101101
*
Ve
1e-07
21.6511059651504 27.3567206279076 0
0 0

0101101
*
Ed
 1e-07 1 1 0
1  570 0 0 2.17478343920331
2  1123 651 0 0 2.17478343920331
2  1124 566 0 0 2.17478343920331
4 CN 651 0 566 0
0

0101000
+229 0 -228 0 *
Ve
1e-07
31.54775 18.0961666666667 0
0 0

0101101
*
Ve
1e-07
30.8852989685646 17.0461666666666 0
0 0

0101101
*
Ed
 1e-07 1 1 0
1  571 0 0 1.24150769995598
2  1125 581 0 0 1.24150769995598
2  1126 583 0 0 1.24150769995598
4 CN 581 0 583 0
0

0101000
+226 0 -225 0 *
Ve
1e-07
30.8852989685646 17.0461666666666 0
0 0

0101101
*
Ve
1e-07
31.6569427253854 17.0461666666666 0
0 0

0101101
*
Ed
 1e-07 1 1 0
1  572 0 0 0.771643756820801
2  1127 581 0 0 0.771643756820801
2  1128 652 0 0 0.771643756820801
4 CN 581 0 652 0
0

0101000
+223 0 -222 0 *
Ve
1e-07
29.7485833333333 18.0961666666667 0
0 0

0101101
*
Ve
1e-07
30.8852989685646 17.0461666666666 0
0 0

0101101
*
Ed
 1e-07 1 1 0
1  573 0 0 1.54745676365423
2  1129 583 0 0 1.54745676365423
2  1130 653 0 0 1.54745676365423
4 CN 583 0 653 0
0

0101000
+220 0 -219 0 *
Ve
1e-07
26.5078125 6.84616666666667 0
0 0

0101101
*
Ve
1e-07
26.5078125 5.25241666666666 0
0 0

0101101
*
Ed
 1e-07 1 1 0
1  574 0 0 1.59375000000001
2  1131 611 0 0 1.59375000000001
2  1132 654 0 0 1.59375000000001
4 CN 611 0 654 0
0

0101000
+217 0 -216 0 *
Ve
1.00000000444089e-07
24.2207367807209 2.84584732927989 0
0 0

0101101
*
Ve
1.00000003996803e-07
22.921875 2.53366666666666 0
0 0

0101101
*
Ed
 1.00000000444089e-07 1 1 0
1  575 0 0 1.3358512984337
2  1133 230 0 0 1.3358512984337
2  1134 607 0 0 1.3358512984337
4 CN 230 0 607 0
0

0101000
+214 0 -213 0 *
Ve
1e-07
24.2207367807209 0.992450156917954 0
0 0

0101101
*
Ve
1e-07
24.2207367807209 2.84584732927989 0
0 0

0101101
*
Ed
 1e-07 1 1 0
1  576 0 0 1.85339717236194
2  1135 230 0 0 1.85339717236194
2  1136 655 0 0 1.85339717236194
4 CN 230 0 655 0
0

0101000
+211 0 -210 0 *
Ve
1.00000000888178e-07
24.2207367807209 2.84584732927989 0
0 0

0101101
*
Ve
1.00000000888178e-07
22.921875 4.68991666666666 0
0 0

0101101
*
Ed
 1.00000000888178e-07 1 1 0
1  577 0 0 2.25557833969636
2  1137 607 0 0 2.25557833969636
2  1138 4 0 0 2.25557833969636
4 CN 607 0 4 0
0

0101000
+208 0 -207 0 *
Ve
1e-07
24.2207367807209 4.69924450164184 0
0 0

0101101
*
Ve
1e-07
22.921875 4.68991666666666 0
0 0

0101101
*
Ed
 1e-07 1 1 0
1  578 0 0 1.29889527442465
2  1139 4 0 0 1.29889527442465
2  1140 656 0 0 1.29889527442465
4 CN 4 0 656 0
0

0101000
+205 0 -204 0 *
Ve
1e-07
29.7029034473875 4.69924450164184 0
0 0

0101101
*
Ve
1e-07
29.7029034473875 2.84584732927989 0
0 0

0101101
*
Ed
 1e-07 1 1 0
1  579 0 0 1.85339717236195
2  1141 657 0 0 1.85339717236195
2  1142 658 0 0 1.85339717236195
4 CN 657 0 658 0
0

0101000
+202 0 -201 0 *
Ve
1e-07
29.7029034473875 2.84584732927989 0
0 0

0101101
*
Ve
1e-07
29.7029034473875 0.992450156917954 0
0 0

0101101
*
Ed
 1e-07 1 1 0
1  580 0 0 1.85339717236194
2  1143 659 0 0 1.85339717236194
2  1144 660 0 0 1.85339717236194
4 CN 659 0 660 0
0

0101000
+199 0 -198 0 *
Ve
1.00000000888178e-07
22.921875 4.68991666666666 0
0 0

0101101
*
Ve
1.00000000888178e-07
21 5.25241666666666 0
0 0

0101101
*
Ed
 1.00000000888178e-07 1 1 0
1  581 0 0 2.00250087780879
2  1145 608 0 0 2.00250087780879
2  1146 661 0 0 2.00250087780879
4 CN 608 0 661 0
0

0101000
+196 0 -195 0 *
Ve
1e-07
40.7407083333333 9.72483333333334 0
0 0

0101101
*
Ve
1e-07
40.7407083333333 8.64533333333334 0
0 0

0101101
*
Ed
 1e-07 1 1 0
1  582 0 0 1.0795
2  1147 662 0 0 1.0795
2  1148 663 0 0 1.0795
4 CN 662 0 663 0
0

0101000
+193 0 -192 0 *
Ve
1.00000007524768e-07
11.9359375 21.5040833333333 0
0 0

0101101
*
Ve
1.00000003552714e-07
13.6927708333334 20.7209166666667 0
0 0

0101101
*
Ed
 1.00000003552714e-07 1 1 0
1  583 0 0 1.92348989830695
2  1149 664 0 0 1.92348989830695
2  1150 665 0 0 1.92348989830695
4 CN 664 0 665 0
0

0101000
+190 0 -189 0 *
Ve
1e-07
10.0331486510828 21.2035379924159 0
0 0

0101101
*
Ve
1e-07
11.9359375 21.5040833333333 0
0 0

0101101
*
Ed
 1e-07 1 1 0
1  584 0 0 1.92637818340812
2  1151 666 0 0 1.92637818340812
2  1152 667 0 0 1.92637818340812
4 CN 666 0 667 0
0

0101000
+187 0 -186 0 *
Ve
1e-07
11.5278464843403 20.2435888214875 0
0 0

0101101
*
Ve
1e-07
11.9359375 21.5040833333333 0
0 0

0101101
*
Ed
 1e-07 1 1 0
1  585 0 0 1.32490931442704
2  1153 667 0 0 1.32490931442704
2  1154 668 0 0 1.32490931442704
4 CN 667 0 668 0
0

0101000
+184 0 -183 0 *
Ve
1.00000001776357e-07
11.5274978974571 17.4968199030342 0
0 0

0101101
*
Ve
1.00000003552714e-07
11.9359375 18.54075 0
0 0

0101101
*
Ed
 1.00000001776357e-07 1 1 0
1  586 0 0 1.12098749157894
2  1155 624 0 0 1.12098749157894
2  1156 669 0 0 1.12098749157894
4 CN 624 0 669 0
0

0101000
+181 0 -180 0 *
Ve
1.00000003552714e-07
11.5274978974571 17.4968199030342 0
0 0

0101101
*
Ve
1.00000003552714e-07
12.2799722072172 17.4899947997794 0
0 0

0101101
*
Ed
 1.00000003552714e-07 1 1 0
1  587 0 0 0.752505261698064
2  1157 669 0 0 0.752505261698064
2  1158 670 0 0 0.752505261698064
4 CN 669 0 670 0
0

0101000
+178 0 -177 0 *
Ve
1e-07
12.2799722072172 17.4899947997794 0
0 0

0101101
*
Ve
1e-07
11.9359375 18.54075 0
0 0

0101101
*
Ed
 1e-07 1 1 0
1  588 0 0 1.105642967038
2  1159 669 0 0 1.105642967038
2  1160 671 0 0 1.105642967038
4 CN 669 0 671 0
0

0101000
+175 0 -174 0 *
Ve
1.00000003552714e-07
11.9359375 15.81025 0
0 0

0101101
*
Ve
1.00000001776357e-07
13.6927708333334 15.1540833333333 0
0 0

0101101
*
Ed
 1.00000001776357e-07 1 1 0
1  589 0 0 1.87537144468917
2  1161 672 0 0 1.87537144468917
2  1162 673 0 0 1.87537144468917
4 CN 672 0 673 0
0

0101000
+172 0 -171 0 *
Ve
1e-07
12.2803207941004 20.2367637182328 0
0 0

0101101
*
Ve
1e-07
11.5278464843403 20.2435888214875 0
0 0

0101101
*
Ed
 1e-07 1 1 0
1  590 0 0 0.752505261698064
2  1163 674 0 0 0.752505261698064
2  1164 668 0 0 0.752505261698064
4 CN 674 0 668 0
0

0101000
+169 0 -168 0 *
Ve
1.00000003552714e-07
12.2803207941004 20.2367637182328 0
0 0

0101101
*
Ve
1.00000005748411e-07
11.9359375 21.5040833333333 0
0 0

0101101
*
Ed
 1.00000001776357e-07 1 1 0
1  591 0 0 1.31327790664202
2  1165 668 0 0 1.31327790664202
2  1166 665 0 0 1.31327790664202
4 CN 668 0 665 0
0

0101000
+166 0 -165 0 *
Ve
1e-07
12.2803207941004 20.2367637182328 0
0 0

0101101
*
Ve
1e-07
13.6927708333334 20.7209166666667 0
0 0

0101101
*
Ed
 1e-07 1 1 0
1  592 0 0 1.49312397034088
2  1167 665 0 0 1.49312397034088
2  1168 675 0 0 1.49312397034088
4 CN 665 0 675 0
0

0101000
+163 0 -162 0 *
Ve
1e-07
13.6927708333334 17.8634166666667 0
0 0

0101101
*
Ve
1e-07
11.9359375 18.54075 0
0 0

0101101
*
Ed
 1e-07 1 1 0
1  593 0 0 1.88288178215085
2  1169 671 0 0 1.88288178215085
2  1170 676 0 0 1.88288178215085
4 CN 671 0 676 0
0

0101000
+160 0 -159 0 *
Ve
1e-07
12.2799722072172 17.4899947997794 0
0 0

0101101
*
Ve
1e-07
13.6927708333334 17.8634166666667 0
0 0

0101101
*
Ed
 1e-07 1 1 0
1  594 0 0 1.46131579360019
2  1171 671 0 0 1.46131579360019
2  1172 677 0 0 1.46131579360019
4 CN 671 0 677 0
0

0101000
+157 0 -156 0 *
Ve
1e-07
12.2799850832692 14.7634538344768 0
0 0

0101101
*
Ve
1e-07
11.5275107735092 14.7702789377315 0
0 0

0101101
*
Ed
 1e-07 1 1 0
1  595 0 0 0.752505261698068
2  1173 678 0 0 0.752505261698068
2  1174 14 0 0 0.752505261698068
4 CN 678 0 14 0
0

0101000
+154 0 -153 0 *
Ve
1.00000001776357e-07
12.2799850832692 14.7634538344768 0
0 0

0101101
*
Ve
1.00000003552714e-07
11.9359375 15.81025 0
0 0

0101101
*
Ed
 1.00000001776357e-07 1 1 0
1  596 0 0 1.10188518081855
2  1175 14 0 0 1.10188518081855
2  1176 673 0 0 1.10188518081855
4 CN 14 0 673 0
0

0101000
+151 0 -150 0 *
Ve
1e-07
12.2799850832692 14.7634538344768 0
0 0

0101101
*
Ve
1e-07
13.6927708333334 15.1540833333333 0
0 0

0101101
*
Ed
 1e-07 1 1 0
1  597 0 0 1.46579499963713
2  1177 673 0 0 1.46579499963713
2  1178 679 0 0 1.46579499963713
4 CN 673 0 679 0
0

0101000
+148 0 -147 0 *
Ve
1e-07
12.7275919678271 9.1498198398872 0
0 0

0101101
*
Ve
1e-07
12.7157365488141 8.29622967095285 0
0 0

0101101
*
Ed
 1e-07 1 1 0
1  598 0 0 0.853672494263075
2  1179 529 0 0 0.853672494263075
2  1180 680 0 0 0.853672494263075
4 CN 529 0 680 0
0

0101000
+145 0 -144 0 *
Ve
1.00000001776357e-07
12.7157365488141 8.29622967095285 0
0 0

0101101
*
Ve
1.00000001776357e-07
15.666 8.93108333333334 0
0 0

0101101
*
Ed
 1.00000001776357e-07 1 1 0
1  599 0 0 3.01779615018004
2  1181 529 0 0 3.01779615018004
2  1182 630 0 0 3.01779615018004
4 CN 529 0 630 0
0

0101000
+142 0 -141 0 *
Ve
1.00000000888178e-07
12.7157365488141 8.29622967095285 0
0 0

0101101
*
Ve
1.00000000888178e-07
13.9891041666667 6.74033333333333 0
0 0

0101101
*
Ed
 1.00000000888178e-07 1 1 0
1  600 0 0 2.0105418432884
2  1183 630 0 0 2.0105418432884
2  1184 629 0 0 2.0105418432884
4 CN 630 0 629 0
0

0101000
+139 0 -138 0 *
Ve
1e-07
12.5545116795225 3.1906864557107 0
0 0

0101101
*
Ve
1e-07
12.5545116795225 2.39988851357858 0
0 0

0101101
*
Ed
 1e-07 1 1 0
1  601 0 0 0.790797942132116
2  1185 441 0 0 0.790797942132116
2  1186 681 0 0 0.790797942132116
4 CN 441 0 681 0
0

0101000
+136 0 -135 0 *
Ve
1.00000000444089e-07
13.6927708333334 2.99260207565566 0
0 0

0101101
*
Ve
1.00000002220446e-07
12.5545116795225 3.1906864557107 0
0 0

0101101
*
Ed
 1.00000000444089e-07 1 1 0
1  602 0 0 1.15536631544113
2  1187 441 0 0 1.15536631544113
2  1188 519 0 0 1.15536631544113
4 CN 441 0 519 0
0

0101000
+133 0 -132 0 *
Ve
1.00000001776357e-07
12.5545116795225 3.98148439784282 0
0 0

0101101
*
Ve
1.00000003552714e-07
12.5545116795225 3.1906864557107 0
0 0

0101101
*
Ed
 1.00000001776357e-07 1 1 0
1  603 0 0 0.790797942132123
2  1189 519 0 0 0.790797942132123
2  1190 682 0 0 0.790797942132123
4 CN 519 0 682 0
0

0101000
+130 0 -129 0 *
Ve
1e-07
46.1070701140542 4.69924450164184 0
0 0

0101101
*
Ve
1e-07
46.1070701140542 2.84584732927989 0
0 0

0101101
*
Ed
 1e-07 1 1 0
1  604 0 0 1.85339717236195
2  1191 683 0 0 1.85339717236195
2  1192 542 0 0 1.85339717236195
4 CN 683 0 542 0
0

0101000
+127 0 -126 0 *
Ve
1.00000001332268e-07
46.1070701140542 2.84584732927989 0
0 0

0101101
*
Ve
1.00000001332268e-07
44.90625 2.34616666666667 0
0 0

0101101
*
Ed
 1.00000001332268e-07 1 1 0
1  605 0 0 1.30063434942597
2  1193 209 0 0 1.30063434942597
2  1194 453 0 0 1.30063434942597
4 CN 209 0 453 0
0

0101000
+124 0 -123 0 *
Ve
1e-07
46.1070701140542 0.992450156917954 0
0 0

0101101
*
Ve
1e-07
46.1070701140542 2.84584732927989 0
0 0

0101101
*
Ed
 1e-07 1 1 0
1  606 0 0 1.85339717236194
2  1195 209 0 0 1.85339717236194
2  1196 684 0 0 1.85339717236194
4 CN 209 0 684 0
0

0101000
+121 0 -120 0 *
Ve
1.00000001776357e-07
46.1070701140542 2.84584732927989 0
0 0

0101101
*
Ve
1.00000001776357e-07
44.90625 4.50241666666667 0
0 0

0101101
*
Ed
 1.00000001776357e-07 1 1 0
1  607 0 0 2.0460183078084
2  1197 453 0 0 2.0460183078084
2  1198 542 0 0 2.0460183078084
4 CN 453 0 542 0
0

0101000
+118 0 -117 0 *
Ve
1e-07
22.4241239938671 24.7431265622619 0
0 0

0101101
*
Ve
1e-07
20.88775 23.43025 0
0 0

0101101
*
Ed
 1e-07 1 1 0
1  608 0 0 2.02091313934262
2  1199 685 0 0 2.02091313934262
2  1200 650 0 0 2.02091313934262
4 CN 685 0 650 0
0

0101000
+115 0 -114 0 *
Ve
1e-07
21.5015833333333 25.1870833333333 0
0 0

0101101
*
Ve
1e-07
20.88775 23.43025 0
0 0

0101101
*
Ed
 1e-07 1 1 0
1  609 0 0 1.86098219288155
2  1201 650 0 0 1.86098219288155
2  1202 686 0 0 1.86098219288155
4 CN 650 0 686 0
0

0101000
+112 0 -111 0 *
Ve
1e-07
25.1674712390098 24.739606281297 0
0 0

0101101
*
Ve
1e-07
24.3590833333333 25.1870833333333 0
0 0

0101101
*
Ed
 1e-07 1 1 0
1  610 0 0 0.923973331943677
2  1203 8 0 0 0.923973331943677
2  1204 647 0 0 0.923973331943677
4 CN 8 0 647 0
0

0101000
+109 0 -108 0 *
Ve
1e-07
25.1674712390098 24.739606281297 0
0 0

0101101
*
Ve
1e-07
23.74525 23.43025 0
0 0

0101101
*
Ed
 1e-07 1 1 0
1  611 0 0 1.93316505349712
2  1205 687 0 0 1.93316505349712
2  1206 8 0 0 1.93316505349712
4 CN 8 0 687 0
0

0101000
+106 0 -105 0 *
Ve
1.00000007105427e-07
25.1674712390098 24.739606281297 0
0 0

0101101
*
Ve
1.00000003552714e-07
25.1742963422646 25.4920805910571 0
0 0

0101101
*
Ed
 1.00000003552714e-07 1 1 0
1  612 0 0 0.752505261698077
2  1207 647 0 0 0.752505261698077
2  1208 688 0 0 0.752505261698077
4 CN 647 0 688 0
0

0101000
+103 0 -102 0 *
Ve
1.00000007105427e-07
29.3420114549229 17.0461666666666 0
0 0

0101101
*
Ve
1.00000003552714e-07
30.1136552117437 17.0461666666666 0
0 0

0101101
*
Ed
 1.00000003552714e-07 1 1 0
1  613 0 0 0.771643756820801
2  1209 586 0 0 0.771643756820801
2  1210 689 0 0 0.771643756820801
4 CN 586 0 689 0
0

0101000
+100 0 -99 0 *
Ve
1e-07
30.1136552117437 17.0461666666666 0
0 0

0101101
*
Ve
1e-07
29.7485833333333 18.0961666666667 0
0 0

0101101
*
Ed
 1e-07 1 1 0
1  614 0 0 1.11165528668115
2  1211 586 0 0 1.11165528668115
2  1212 653 0 0 1.11165528668115
4 CN 586 0 653 0
0

0101000
+97 0 -96 0 *
Ve
1e-07
30.1136552117437 17.0461666666666 0
0 0

0101101
*
Ve
1e-07
30.8852989685646 17.0461666666666 0
0 0

0101101
*
Ed
 1e-07 1 1 0
1  615 0 0 0.771643756820822
2  1213 653 0 0 0.771643756820822
2  1214 690 0 0 0.771643756820822
4 CN 653 0 690 0
0

0101000
+94 0 -93 0 *
Ve
1e-07
28.4296875 4.68991666666667 0
0 0

0101101
*
Ve
1e-07
29.7029034473875 4.69924450164184 0
0 0

0101101
*
Ed
 1e-07 1 1 0
1  616 0 0 1.27325011572246
2  1215 691 0 0 1.27325011572246
2  1216 658 0 0 1.27325011572246
4 CN 691 0 658 0
0

0101000
+91 0 -90 0 *
Ve
1e-07
26.5078125 5.25241666666666 0
0 0

0101101
*
Ve
1e-07
28.4296875 4.68991666666667 0
0 0

0101101
*
Ed
 1e-07 1 1 0
1  617 0 0 2.00250087780879
2  1217 692 0 0 2.00250087780879
2  1218 2 0 0 2.00250087780879
4 CN 692 0 2 0
0

0101000
+88 0 -87 0 *
Ve
1.00000000888178e-07
27.10654218398 3.2268473292799 0
0 0

0101101
*
Ve
1.00000004440892e-07
28.4296875 4.68991666666667 0
0 0

0101101
*
Ed
 1.00000000888178e-07 1 1 0
1  618 0 0 1.9726341306251
2  1219 2 0 0 1.9726341306251
2  1220 693 0 0 1.9726341306251
4 CN 2 0 693 0
0

0101000
+85 0 -84 0 *
Ve
1.00000004440892e-07
28.4296875 4.68991666666667 0
0 0

0101101
*
Ve
1.00000000888178e-07
29.7029034473875 2.84584732927989 0
0 0

0101101
*
Ed
 1.00000000888178e-07 1 1 0
1  619 0 0 2.2409084251196
2  1221 658 0 0 2.2409084251196
2  1222 694 0 0 2.2409084251196
4 CN 658 0 694 0
0

0101000
+82 0 -81 0 *
Ve
1e-07
22.0371666666667 6.84616666666667 0
0 0

0101101
*
Ve
1e-07
21 5.25241666666666 0
0 0

0101101
*
Ed
 1e-07 1 1 0
1  620 0 0 1.90151354371839
2  1223 661 0 0 1.90151354371839
2  1224 695 0 0 1.90151354371839
4 CN 661 0 695 0
0

0101000
+79 0 -78 0 *
Ve
1e-07
22.0371666666667 6.84616666666667 0
0 0

0101101
*
Ve
1e-07
23.74525 7.76218750000002 0
0 0

0101101
*
Ed
 1e-07 1 1 0
1  621 0 0 1.93820608829708
2  1225 614 0 0 1.93820608829708
2  1226 696 0 0 1.93820608829708
4 CN 614 0 696 0
0

0101000
+76 0 -75 0 *
Ve
1.00000004440892e-07
23.74525 10.508828125 0
0 0

0101101
*
Ve
1.00000004440892e-07
22.0371666666667 6.84616666666667 0
0 0

0101101
*
Ed
 1.00000000888178e-07 1 1 0
1  622 0 0 4.04136581268903
2  1227 614 0 0 4.04136581268903
2  1228 697 0 0 4.04136581268903
4 CN 614 0 697 0
0

0101000
+73 0 -72 0 *
Ve
1e-07
28.4296875 2.53366666666667 0
0 0

0101101
*
Ve
1e-07
28.4296875 4.68991666666667 0
0 0

0101101
*
Ed
 1e-07 1 1 0
1  623 0 0 2.15625
2  1229 693 0 0 2.15625
2  1230 694 0 0 2.15625
4 CN 693 0 694 0
0

0101000
+70 0 -69 0 *
Ve
1.00000000888178e-07
27.10654218398 3.2268473292799 0
0 0

0101101
*
Ve
1.00000004440892e-07
28.4296875 2.53366666666667 0
0 0

0101101
*
Ed
 1.00000000888178e-07 1 1 0
1  624 0 0 1.49372452558248
2  1231 693 0 0 1.49372452558248
2  1232 6 0 0 1.49372452558248
4 CN 693 0 6 0
0

0101000
+67 0 -66 0 *
Ve
1.00000003996803e-07
28.4296875 2.53366666666667 0
0 0

0101101
*
Ve
1.00000000444089e-07
29.7029034473875 2.84584732927989 0
0 0

0101101
*
Ed
 1.00000000444089e-07 1 1 0
1  625 0 0 1.31092929435251
2  1233 694 0 0 1.31092929435251
2  1234 660 0 0 1.31092929435251
4 CN 694 0 660 0
0

0101000
+64 0 -63 0 *
Ve
1.00000000888178e-07
27.10654218398 1.37345015691795 0
0 0

0101101
*
Ve
1.00000004440892e-07
28.4296875 2.53366666666667 0
0 0

0101101
*
Ed
 1.00000000888178e-07 1 1 0
1  626 0 0 1.75977722362781
2  1235 6 0 0 1.75977722362781
2  1236 203 0 0 1.75977722362781
4 CN 6 0 203 0
0

0101000
+61 0 -60 0 *
Ve
1.00000000888178e-07
29.7029034473875 0.992450156917954 0
0 0

0101101
*
Ve
1.00000004440892e-07
28.4296875 2.53366666666667 0
0 0

0101101
*
Ed
 1.00000000888178e-07 1 1 0
1  627 0 0 1.99910659510791
2  1237 203 0 0 1.99910659510791
2  1238 660 0 0 1.99910659510791
4 CN 203 0 660 0
0

0101000
+58 0 -57 0 *
Ve
1e-07
23.74525 6.84616666666667 0
0 0

0101101
*
Ve
1e-07
22.0371666666667 6.84616666666667 0
0 0

0101101
*
Ed
 1e-07 1 1 0
1  628 0 0 1.70808333333333
2  1239 698 0 0 1.70808333333333
2  1240 696 0 0 1.70808333333333
4 CN 698 0 696 0
0

0101000
+55 0 -54 0 *
Ve
1e-07
23.74525 6.84616666666667 0
0 0

0101101
*
Ve
1e-07
23.74525 7.76218750000002 0
0 0

0101101
*
Ed
 1e-07 1 1 0
1  629 0 0 0.916020833333356
2  1241 696 0 0 0.916020833333356
2  1242 615 0 0 0.916020833333356
4 CN 696 0 615 0
0

0101000
+52 0 -51 0 *
Ve
1e-07
23.74525 6.84616666666667 0
0 0

0101101
*
Ve
1e-07
26.5078125 6.84616666666667 0
0 0

0101101
*
Ed
 1e-07 1 1 0
1  630 0 0 2.76256249999999
2  1243 615 0 0 2.76256249999999
2  1244 654 0 0 2.76256249999999
4 CN 615 0 654 0
0

0101000
+49 0 -48 0 *
Ve
1e-07
21 5.25241666666666 0
0 0

0101101
*
Ve
1e-07
21 6.84616666666666 0
0 0

0101101
*
Ed
 1e-07 1 1 0
1  631 0 0 1.59375
2  1245 699 0 0 1.59375
2  1246 695 0 0 1.59375
4 CN 699 0 695 0
0

0101000
+46 0 -45 0 *
Ve
1e-07
21 6.84616666666666 0
0 0

0101101
*
Ve
1e-07
19.3913333333333 6.84616666666667 0
0 0

0101101
*
Ed
 1e-07 1 1 0
1  632 0 0 1.60866666666666
2  1247 699 0 0 1.60866666666666
2  1248 700 0 0 1.60866666666666
4 CN 699 0 700 0
0

0101000
+43 0 -42 0 *
Ve
1e-07
22.0371666666667 6.84616666666667 0
0 0

0101101
*
Ve
1e-07
21 6.84616666666666 0
0 0

0101101
*
Ed
 1e-07 1 1 0
1  633 0 0 1.03716666666666
2  1249 695 0 0 1.03716666666666
2  1250 697 0 0 1.03716666666666
4 CN 695 0 697 0
0

0101000
+40 0 -39 0 *
Ve
1e-07
45.7374166666667 23.43025 0
0 0

0101101
*
Ve
1e-07
45.7374166666667 21.4487604166667 0
0 0

0101101
*
Ed
 1e-07 1 1 0
1  634 0 0 1.98148958333333
2  1251 701 0 0 1.98148958333333
2  1252 702 0 0 1.98148958333333
4 CN 701 0 702 0
0

0101000
+37 0 -36 0 *
Ve
1e-07
43.0069166666667 23.43025 0
0 0

0101101
*
Ve
1e-07
43.0069166666667 21.4487604166667 0
0 0

0101101
*
Ed
 1e-07 1 1 0
1  635 0 0 1.98148958333333
2  1253 409 0 0 1.98148958333333
2  1254 415 0 0 1.98148958333333
4 CN 409 0 415 0
0

0101000
+34 0 -33 0 *
Ve
1e-07
34.7519166666667 23.43025 0
0 0

0101101
*
Ve
1e-07
34.7519166666667 21.4487604166667 0
0 0

0101101
*
Ed
 1e-07 1 1 0
1  636 0 0 1.98148958333333
2  1255 162 0 0 1.98148958333333
2  1256 147 0 0 1.98148958333333
4 CN 162 0 147 0
0

0101000
+31 0 -30 0 *
Ve
1e-07
37.5035833333333 21.4487604166667 0
0 0

0101101
*
Ve
1e-07
37.5035833333333 23.43025 0
0 0

0101101
*
Ed
 1e-07 1 1 0
1  637 0 0 1.98148958333333
2  1257 703 0 0 1.98148958333333
2  1258 471 0 0 1.98148958333333
4 CN 703 0 471 0
0

0101000
+28 0 -27 0 *
Ve
1e-07
40.3399166666667 21.4487604166667 0
0 0

0101101
*
Ve
1e-07
40.3399166666667 23.43025 0
0 0

0101101
*
Ed
 1e-07 1 1 0
1  638 0 0 1.98148958333333
2  1259 704 0 0 1.98148958333333
2  1260 705 0 0 1.98148958333333
4 CN 704 0 705 0
0

0101000
+25 0 -24 0 *
Ve
1e-07
13.6927708333334 23.43025 0
0 0

0101101
*
Ve
1e-07
15.666 23.43025 0
0 0

0101101
*
Ed
 1e-07 1 1 0
1  639 0 0 1.97322916666665
2  1261 706 0 0 1.97322916666665
2  1262 619 0 0 1.97322916666665
4 CN 706 0 619 0
0

0101000
+22 0 -21 0 *
Ve
1e-07
26.47575 21.4487604166667 0
0 0

0101101
*
Ve
1e-07
26.47575 23.43025 0
0 0

0101101
*
Ed
 1e-07 1 1 0
1  640 0 0 1.98148958333333
2  1263 642 0 0 1.98148958333333
2  1264 64 0 0 1.98148958333333
4 CN 642 0 64 0
0

0101000
+19 0 -18 0 *
Ve
1e-07
23.74525 23.43025 0
0 0

0101101
*
Ve
1e-07
23.74525 21.4487604166667 0
0 0

0101101
*
Ed
 1e-07 1 1 0
1  641 0 0 1.98148958333333
2  1265 707 0 0 1.98148958333333
2  1266 708 0 0 1.98148958333333
4 CN 707 0 708 0
0

0101000
+16 0 -15 0 *
Ve
1e-07
13.6927708333334 20.7209166666667 0
0 0

0101101
*
Ve
1e-07
15.666 20.7209166666667 0
0 0

0101101
*
Ed
 1e-07 1 1 0
1  642 0 0 1.97322916666665
2  1267 709 0 0 1.97322916666665
2  1268 710 0 0 1.97322916666665
4 CN 709 0 710 0
0

0101000
+13 0 -12 0 *
Ve
1e-07
15.666 15.1540833333333 0
0 0

0101101
*
Ve
1e-07
13.6927708333334 15.1540833333333 0
0 0

0101101
*
Ed
 1e-07 1 1 0
1  643 0 0 1.97322916666665
2  1269 508 0 0 1.97322916666665
2  1270 711 0 0 1.97322916666665
4 CN 508 0 711 0
0

0101000
+10 0 -9 0 *
Ve
1e-07
15.666 17.8634166666667 0
0 0

0101101
*
Ve
1e-07
13.6927708333334 17.8634166666667 0
0 0

0101101
*
Ed
 1e-07 1 1 0
1  644 0 0 1.97322916666665
2  1271 510 0 0 1.97322916666665
2  1272 617 0 0 1.97322916666665
4 CN 510 0 617 0
0

0101000
+7 0 -6 0 *
Ve
1e-07
20.88775 23.43025 0
0 0

0101101
*
Ve
1e-07
20.88775 21.4487604166667 0
0 0

0101101
*
Ed
 1e-07 1 1 0
1  645 0 0 1.98148958333333
2  1273 646 0 0 1.98148958333333
2  1274 644 0 0 1.98148958333333
4 CN 646 0 644 0
0

0101000
+4 0 -3 0 *
Co

1100000
+1934 0 +1931 0 +1928 0 +1925 0 +1922 0 +1919 0 +1916 0 +1913 0 +1910 0 +1907 0 
+1904 0 +1901 0 +1898 0 +1895 0 +1892 0 +1889 0 +1886 0 +1883 0 +1880 0 +1877 0 
+1874 0 +1871 0 +1868 0 +1865 0 +1862 0 +1859 0 +1856 0 +1853 0 +1850 0 +1847 0 
+1844 0 +1841 0 +1838 0 +1835 0 +1832 0 +1829 0 +1826 0 +1823 0 +1820 0 +1817 0 
+1814 0 +1811 0 +1808 0 +1805 0 +1802 0 +1799 0 +1796 0 +1793 0 +1790 0 +1787 0 
+1784 0 +1781 0 +1778 0 +1775 0 +1772 0 +1769 0 +1766 0 +1763 0 +1760 0 +1757 0 
+1754 0 +1751 0 +1748 0 +1745 0 +1742 0 +1739 0 +1736 0 +1733 0 +1730 0 +1727 0 
+1724 0 +1721 0 +1718 0 +1715 0 +1712 0 +1709 0 +1706 0 +1703 0 +1700 0 +1697 0 
+1694 0 +1691 0 +1688 0 +1685 0 +1682 0 +1679 0 +1676 0 +1673 0 +1670 0 +1667 0 
+1664 0 +1661 0 +1658 0 +1655 0 +1652 0 +1649 0 +1646 0 +1643 0 +1640 0 +1637 0 
+1634 0 +1631 0 +1628 0 +1625 0 +1622 0 +1619 0 +1616 0 +1613 0 +1610 0 +1607 0 
+1604 0 +1601 0 +1598 0 +1595 0 +1592 0 +1589 0 +1586 0 +1583 0 +1580 0 +1577 0 
+1574 0 +1571 0 +1568 0 +1565 0 +1562 0 +1559 0 +1556 0 +1553 0 +1550 0 +1547 0 
+1544 0 +1541 0 +1538 0 +1535 0 +1532 0 +1529 0 +1526 0 +1523 0 +1520 0 +1517 0 
+1514 0 +1511 0 +1508 0 +1505 0 +1502 0 +1499 0 +1496 0 +1493 0 +1490 0 +1487 0 
+1484 0 +1481 0 +1478 0 +1475 0 +1472 0 +1469 0 +1466 0 +1463 0 +1460 0 +1457 0 
+1454 0 +1451 0 +1448 0 +1445 0 +1442 0 +1439 0 +1436 0 +1433 0 +1430 0 +1427 0 
+1424 0 +1421 0 +1418 0 +1415 0 +1412 0 +1409 0 +1406 0 +1403 0 +1400 0 +1397 0 
+1394 0 +1391 0 +1388 0 +1385 0 +1382 0 +1379 0 +1376 0 +1373 0 +1370 0 +1367 0 
+1364 0 +1361 0 +1358 0 +1355 0 +1352 0 +1349 0 +1346 0 +1343 0 +1340 0 +1337 0 
+1334 0 +1331 0 +1328 0 +1325 0 +1322 0 +1319 0 +1316 0 +1313 0 +1310 0 +1307 0 
+1304 0 +1301 0 +1298 0 +1295 0 +1292 0 +1289 0 +1286 0 +1283 0 +1280 0 +1277 0 
+1274 0 +1271 0 +1268 0 +1265 0 +1262 0 +1259 0 +1256 0 +1253 0 +1250 0 +1247 0 
+1244 0 +1241 0 +1238 0 +1235 0 +1232 0 +1229 0 +1226 0 +1223 0 +1220 0 +1217 0 
+1214 0 +1211 0 +1208 0 +1205 0 +1202 0 +1199 0 +1196 0 +1193 0 +1190 0 +1187 0 
+1184 0 +1181 0 +1178 0 +1175 0 +1172 0 +1169 0 +1166 0 +1163 0 +1160 0 +1157 0 
+1154 0 +1151 0 +1148 0 +1145 0 +1142 0 +1139 0 +1136 0 +1133 0 +1130 0 +1127 0 
+1124 0 +1121 0 +1118 0 +1115 0 +1112 0 +1109 0 +1106 0 +1103 0 +1100 0 +1097 0 
+1094 0 +1091 0 +1088 0 +1085 0 +1082 0 +1079 0 +1076 0 +1073 0 +1070 0 +1067 0 
+1064 0 +1061 0 +1058 0 +1055 0 +1052 0 +1049 0 +1046 0 +1043 0 +1040 0 +1037 0 
+1034 0 +1031 0 +1028 0 +1025 0 +1022 0 +1019 0 +1016 0 +1013 0 +1010 0 +1007 0 
+1004 0 +1001 0 +998 0 +995 0 +992 0 +989 0 +986 0 +983 0 +980 0 +977 0 
+974 0 +971 0 +968 0 +965 0 +962 0 +959 0 +956 0 +953 0 +950 0 +947 0 
+944 0 +941 0 +938 0 +935 0 +932 0 +929 0 +926 0 +923 0 +920 0 +917 0 
+914 0 +911 0 +908 0 +905 0 +902 0 +899 0 +896 0 +893 0 +890 0 +887 0 
+884 0 +881 0 +878 0 +875 0 +872 0 +869 0 +866 0 +863 0 +860 0 +857 0 
+854 0 +851 0 +848 0 +845 0 +842 0 +839 0 +836 0 +833 0 +830 0 +827 0 
+824 0 +821 0 +818 0 +815 0 +812 0 +809 0 +806 0 +803 0 +800 0 +797 0 
+794 0 +791 0 +788 0 +785 0 +782 0 +779 0 +776 0 +773 0 +770 0 +767 0 
+764 0 +761 0 +758 0 +755 0 +752 0 +749 0 +746 0 +743 0 +740 0 +737 0 
+734 0 +731 0 +728 0 +725 0 +722 0 +719 0 +716 0 +713 0 +710 0 +707 0 
+704 0 +701 0 +698 0 +695 0 +692 0 +689 0 +686 0 +683 0 +680 0 +677 0 
+674 0 +671 0 +668 0 +665 0 +662 0 +659 0 +656 0 +653 0 +650 0 +647 0 
+644 0 +641 0 +638 0 +635 0 +632 0 +629 0 +626 0 +623 0 +620 0 +617 0 
+614 0 +611 0 +608 0 +605 0 +602 0 +599 0 +596 0 +593 0 +590 0 +587 0 
+584 0 +581 0 +578 0 +575 0 +572 0 +569 0 +566 0 +563 0 +560 0 +557 0 
+554 0 +551 0 +548 0 +545 0 +542 0 +539 0 +536 0 +533 0 +530 0 +527 0 
+524 0 +521 0 +518 0 +515 0 +512 0 +509 0 +506 0 +503 0 +500 0 +497 0 
+494 0 +491 0 +488 0 +485 0 +482 0 +479 0 +476 0 +473 0 +470 0 +467 0 
+464 0 +461 0 +458 0 +455 0 +452 0 +449 0 +446 0 +443 0 +440 0 +437 0 
+434 0 +431 0 +428 0 +425 0 +422 0 +419 0 +416 0 +413 0 +410 0 +407 0 
+404 0 +401 0 +398 0 +395 0 +392 0 +389 0 +386 0 +383 0 +380 0 +377 0 
+374 0 +371 0 +368 0 +365 0 +362 0 +359 0 +356 0 +353 0 +350 0 +347 0 
+344 0 +341 0 +338 0 +335 0 +332 0 +329 0 +326 0 +323 0 +320 0 +317 0 
+314 0 +311 0 +308 0 +305 0 +302 0 +299 0 +296 0 +293 0 +290 0 +287 0 
+284 0 +281 0 +278 0 +275 0 +272 0 +269 0 +266 0 +263 0 +260 0 +257 0 
+254 0 +251 0 +248 0 +245 0 +242 0 +239 0 +236 0 +233 0 +230 0 +227 0 
+224 0 +221 0 +218 0 +215 0 +212 0 +209 0 +206 0 +203 0 +200 0 +197 0 
+194 0 +191 0 +188 0 +185 0 +182 0 +179 0 +176 0 +173 0 +170 0 +167 0 
+164 0 +161 0 +158 0 +155 0 +152 0 +149 0 +146 0 +143 0 +140 0 +137 0 
+134 0 +131 0 +128 0 +125 0 +122 0 +119 0 +116 0 +113 0 +110 0 +107 0 
+104 0 +101 0 +98 0 +95 0 +92 0 +89 0 +86 0 +83 0 +80 0 +77 0 
+74 0 +71 0 +68 0 +65 0 +62 0 +59 0 +56 0 +53 0 +50 0 +47 0 
+44 0 +41 0 +38 0 +35 0 +32 0 +29 0 +26 0 +23 0 +20 0 +17 0 
+14 0 +11 0 +8 0 +5 0 +2 0 *

+1 0 