  0
SECTION
  2
HEADER
  9
$ACADVER
  1
AC1024
  9
$ACADMAINTVER
 70
     6
  9
$DWGCODEPAGE
  3
ANSI_1252
  9
$LASTSAVEDBY
  1
wassimj
  9
$INSBASE
 10
0.0
 20
0.0
 30
0.0
  9
$EXTMIN
 10
6.734924312696101
 20
0.0210000000000008
 30
0.0
  9
$EXTMAX
 10
64.60507568730392
 20
28.5556511252777
 30
0.0
  9
$LIMMIN
 10
0.0
 20
0.0
  9
$LIMMAX
 10
12.0
 20
9.0
  9
$ORTHOMODE
 70
     0
  9
$REGENMODE
 70
     1
  9
$FILLMODE
 70
     1
  9
$QTEXTMODE
 70
     0
  9
$MIRRTEXT
 70
     1
  9
$LTSCALE
 40
1.0
  9
$ATTMODE
 70
     1
  9
$TEXTSIZE
 40
0.2
  9
$TRACEWID
 40
0.05
  9
$TEXTSTYLE
  7
Standard
  9
$CLAYER
  8
0
  9
$CELTYPE
  6
ByLayer
  9
$CECOLOR
 62
   256
  9
$CELTSCALE
 40
1.0
  9
$DISPSILH
 70
     0
  9
$DIMSCALE
 40
1.0
  9
$DIMASZ
 40
0.18
  9
$DIMEXO
 40
0.0625
  9
$DIMDLI
 40
0.38
  9
$DIMRND
 40
0.0
  9
$DIMDLE
 40
0.0
  9
$DIMEXE
 40
0.18
  9
$DIMTP
 40
0.0
  9
$DIMTM
 40
0.0
  9
$DIMTXT
 40
0.18
  9
$DIMCEN
 40
0.09
  9
$DIMTSZ
 40
0.0
  9
$DIMTOL
 70
     0
  9
$DIMLIM
 70
     0
  9
$DIMTIH
 70
     1
  9
$DIMTOH
 70
     1
  9
$DIMSE1
 70
     0
  9
$DIMSE2
 70
     0
  9
$DIMTAD
 70
     0
  9
$DIMZIN
 70
     0
  9
$DIMBLK
  1

  9
$DIMASO
 70
     1
  9
$DIMSHO
 70
     1
  9
$DIMPOST
  1

  9
$DIMAPOST
  1

  9
$DIMALT
 70
     0
  9
$DIMALTD
 70
     2
  9
$DIMALTF
 40
25.4
  9
$DIMLFAC
 40
1.0
  9
$DIMTOFL
 70
     0
  9
$DIMTVP
 40
0.0
  9
$DIMTIX
 70
     0
  9
$DIMSOXD
 70
     0
  9
$DIMSAH
 70
     0
  9
$DIMBLK1
  1

  9
$DIMBLK2
  1

  9
$DIMSTYLE
  2
STANDARD_ACAD
  9
$DIMCLRD
 70
     0
  9
$DIMCLRE
 70
     0
  9
$DIMCLRT
 70
     0
  9
$DIMTFAC
 40
1.0
  9
$DIMGAP
 40
0.09
  9
$DIMJUST
 70
     0
  9
$DIMSD1
 70
     0
  9
$DIMSD2
 70
     0
  9
$DIMTOLJ
 70
     1
  9
$DIMTZIN
 70
     0
  9
$DIMALTZ
 70
     0
  9
$DIMALTTZ
 70
     0
  9
$DIMUPT
 70
     0
  9
$DIMDEC
 70
     4
  9
$DIMTDEC
 70
     4
  9
$DIMALTU
 70
     2
  9
$DIMALTTD
 70
     2
  9
$DIMTXSTY
  7
Standard
  9
$DIMAUNIT
 70
     0
  9
$DIMADEC
 70
     0
  9
$DIMALTRND
 40
0.0
  9
$DIMAZIN
 70
     0
  9
$DIMDSEP
 70
    46
  9
$DIMATFIT
 70
     3
  9
$DIMFRAC
 70
     0
  9
$DIMLDRBLK
  1

  9
$DIMLUNIT
 70
     2
  9
$DIMLWD
 70
    -2
  9
$DIMLWE
 70
    -2
  9
$DIMTMOVE
 70
     2
  9
$DIMFXL
 40
1.0
  9
$DIMFXLON
 70
     0
  9
$DIMJOGANG
 40
0.7853981633974483
  9
$DIMTFILL
 70
     0
  9
$DIMTFILLCLR
 70
     0
  9
$DIMARCSYM
 70
     0
  9
$DIMLTYPE
  6

  9
$DIMLTEX1
  6

  9
$DIMLTEX2
  6

  9
$DIMTXTDIRECTION
 70
     0
  9
$LUNITS
 70
     2
  9
$LUPREC
 70
     3
  9
$SKETCHINC
 40
0.1
  9
$FILLETRAD
 40
0.0
  9
$AUNITS
 70
     0
  9
$AUPREC
 70
     0
  9
$MENU
  1
.
  9
$ELEVATION
 40
0.0
  9
$PELEVATION
 40
0.0
  9
$THICKNESS
 40
0.0
  9
$LIMCHECK
 70
     0
  9
$CHAMFERA
 40
0.0
  9
$CHAMFERB
 40
0.0
  9
$CHAMFERC
 40
0.0
  9
$CHAMFERD
 40
0.0
  9
$SKPOLY
 70
     0
  9
$TDCREATE
 40
2460497.317362466
  9
$TDUCREATE
 40
2460497.275695799
  9
$TDUPDATE
 40
2460497.317381516
  9
$TDUUPDATE
 40
2460497.27571485
  9
$TDINDWG
 40
0.0000000116
  9
$TDUSRTIMER
 40
0.0000000116
  9
$USRTIMER
 70
     1
  9
$ANGBASE
 50
0.0
  9
$ANGDIR
 70
     0
  9
$PDMODE
 70
     0
  9
$PDSIZE
 40
0.0
  9
$PLINEWID
 40
0.0
  9
$SPLFRAME
 70
     0
  9
$SPLINETYPE
 70
     6
  9
$SPLINESEGS
 70
     8
  9
$HANDSEED
  5
F3A
  9
$SURFTAB1
 70
     6
  9
$SURFTAB2
 70
     6
  9
$SURFTYPE
 70
     6
  9
$SURFU
 70
     6
  9
$SURFV
 70
     6
  9
$UCSBASE
  2

  9
$UCSNAME
  2

  9
$UCSORG
 10
0.0
 20
0.0
 30
0.0
  9
$UCSXDIR
 10
1.0
 20
0.0
 30
0.0
  9
$UCSYDIR
 10
0.0
 20
1.0
 30
0.0
  9
$UCSORTHOREF
  2

  9
$UCSORTHOVIEW
 70
     0
  9
$UCSORGTOP
 10
0.0
 20
0.0
 30
0.0
  9
$UCSORGBOTTOM
 10
0.0
 20
0.0
 30
0.0
  9
$UCSORGLEFT
 10
0.0
 20
0.0
 30
0.0
  9
$UCSORGRIGHT
 10
0.0
 20
0.0
 30
0.0
  9
$UCSORGFRONT
 10
0.0
 20
0.0
 30
0.0
  9
$UCSORGBACK
 10
0.0
 20
0.0
 30
0.0
  9
$PUCSBASE
  2

  9
$PUCSNAME
  2

  9
$PUCSORG
 10
0.0
 20
0.0
 30
0.0
  9
$PUCSXDIR
 10
1.0
 20
0.0
 30
0.0
  9
$PUCSYDIR
 10
0.0
 20
1.0
 30
0.0
  9
$PUCSORTHOREF
  2

  9
$PUCSORTHOVIEW
 70
     0
  9
$PUCSORGTOP
 10
0.0
 20
0.0
 30
0.0
  9
$PUCSORGBOTTOM
 10
0.0
 20
0.0
 30
0.0
  9
$PUCSORGLEFT
 10
0.0
 20
0.0
 30
0.0
  9
$PUCSORGRIGHT
 10
0.0
 20
0.0
 30
0.0
  9
$PUCSORGFRONT
 10
0.0
 20
0.0
 30
0.0
  9
$PUCSORGBACK
 10
0.0
 20
0.0
 30
0.0
  9
$USERI1
 70
     0
  9
$USERI2
 70
     0
  9
$USERI3
 70
     0
  9
$USERI4
 70
     0
  9
$USERI5
 70
     0
  9
$USERR1
 40
0.0
  9
$USERR2
 40
0.0
  9
$USERR3
 40
0.0
  9
$USERR4
 40
0.0
  9
$USERR5
 40
0.0
  9
$WORLDVIEW
 70
     1
  9
$SHADEDGE
 70
     3
  9
$SHADEDIF
 70
    70
  9
$TILEMODE
 70
     1
  9
$MAXACTVP
 70
    64
  9
$PINSBASE
 10
0.0
 20
0.0
 30
0.0
  9
$PLIMCHECK
 70
     0
  9
$PEXTMIN
 10
1.000000000000000E+20
 20
1.000000000000000E+20
 30
1.000000000000000E+20
  9
$PEXTMAX
 10
-1.000000000000000E+20
 20
-1.000000000000000E+20
 30
-1.000000000000000E+20
  9
$PLIMMIN
 10
0.0
 20
0.0
  9
$PLIMMAX
 10
12.0
 20
9.0
  9
$UNITMODE
 70
     0
  9
$VISRETAIN
 70
     1
  9
$PLINEGEN
 70
     0
  9
$PSLTSCALE
 70
     1
  9
$TREEDEPTH
 70
  3020
  9
$CMLSTYLE
  2
Standard
  9
$CMLJUST
 70
     0
  9
$CMLSCALE
 40
1.0
  9
$PROXYGRAPHICS
 70
     1
  9
$MEASUREMENT
 70
     1
  9
$CELWEIGHT
370
    -1
  9
$ENDCAPS
280
     0
  9
$JOINSTYLE
280
     0
  9
$LWDISPLAY
290
     0
  9
$INSUNITS
 70
     6
  9
$HYPERLINKBASE
  1

  9
$STYLESHEET
  1

  9
$XEDIT
290
     1
  9
$CEPSNTYPE
380
     0
  9
$PSTYLEMODE
290
     1
  9
$FINGERPRINTGUID
  2
{e0360706-bad2-4ed7-b283-b30cea8e6858}
  9
$VERSIONGUID
  2
{FAEB1C32-E019-11D5-929B-00C0DF256EC4}
  9
$EXTNAMES
290
     1
  9
$PSVPSCALE
 40
0.0
  9
$OLESTARTUP
290
     0
  9
$SORTENTS
280
   127
  9
$INDEXCTL
280
     0
  9
$HIDETEXT
280
     1
  9
$XCLIPFRAME
280
     2
  9
$HALOGAP
280
     0
  9
$OBSCOLOR
 70
   257
  9
$OBSLTYPE
280
     0
  9
$INTERSECTIONDISPLAY
280
     0
  9
$INTERSECTIONCOLOR
 70
   257
  9
$DIMASSOC
280
     2
  9
$PROJECTNAME
  1

  9
$CAMERADISPLAY
290
     0
  9
$LENSLENGTH
 40
50.0
  9
$CAMERAHEIGHT
 40
0.0
  9
$STEPSPERSEC
 40
2.0
  9
$STEPSIZE
 40
6.0
  9
$3DDWFPREC
 40
2.0
  9
$PSOLWIDTH
 40
0.25
  9
$PSOLHEIGHT
 40
4.0
  9
$LOFTANG1
 40
1.570796326794897
  9
$LOFTANG2
 40
1.570796326794897
  9
$LOFTMAG1
 40
0.0
  9
$LOFTMAG2
 40
0.0
  9
$LOFTPARAM
 70
     7
  9
$LOFTNORMALS
280
     1
  9
$LATITUDE
 40
37.795
  9
$LONGITUDE
 40
-122.394
  9
$NORTHDIRECTION
 40
0.0
  9
$TIMEZONE
 70
 -8000
  9
$LIGHTGLYPHDISPLAY
280
     1
  9
$TILEMODELIGHTSYNCH
280
     1
  9
$CMATERIAL
347
44
  9
$SOLIDHIST
280
     0
  9
$SHOWHIST
280
     1
  9
$DWFFRAME
280
     2
  9
$DGNFRAME
280
     2
  9
$REALWORLDSCALE
290
     1
  9
$INTERFERECOLOR
 62
   256
  9
$CSHADOW
280
     0
  9
$SHADOWPLANELOCATION
 40
0.0
  0
ENDSEC
  0
SECTION
  2
CLASSES
  0
CLASS
  1
ACDBDICTIONARYWDFLT
  2
AcDbDictionaryWithDefault
  3
ObjectDBX Classes
 90
        0
 91
        3
280
     0
281
     0
  0
CLASS
  1
VISUALSTYLE
  2
AcDbVisualStyle
  3
ObjectDBX Classes
 90
     4095
 91
        3
280
     0
281
     0
  0
CLASS
  1
MATERIAL
  2
AcDbMaterial
  3
ObjectDBX Classes
 90
     1153
 91
        3
280
     0
281
     0
  0
CLASS
  1
SCALE
  2
AcDbScale
  3
ObjectDBX Classes
 90
     1153
 91
        3
280
     0
281
     0
  0
CLASS
  1
TABLESTYLE
  2
AcDbTableStyle
  3
ObjectDBX Classes
 90
     4095
 91
        3
280
     0
281
     0
  0
CLASS
  1
MLEADERSTYLE
  2
AcDbMLeaderStyle
  3
ACDB_MLEADERSTYLE_CLASS
 90
     4095
 91
        3
280
     0
281
     0
  0
CLASS
  1
SUN
  2
AcDbSun
  3
SCENEOE
 90
     1153
 91
        3
280
     0
281
     0
  0
CLASS
  1
DICTIONARYVAR
  2
AcDbDictionaryVar
  3
ObjectDBX Classes
 90
        0
 91
        3
280
     0
281
     0
  0
CLASS
  1
CELLSTYLEMAP
  2
AcDbCellStyleMap
  3
ObjectDBX Classes
 90
     1152
 91
        3
280
     0
281
     0
  0
ENDSEC
  0
SECTION
  2
TABLES
  0
TABLE
  2
VPORT
  5
8
330
0
100
AcDbSymbolTable
 70
     1
  0
VPORT
  5
29
330
8
100
AcDbSymbolTableRecord
100
AcDbViewportTableRecord
  2
*Active
 70
     0
 10
0.0
 20
0.0
 11
1.0
 21
1.0
 12
10.42990654205607
 22
4.5
 13
0.0
 23
0.0
 14
0.5
 24
0.5
 15
0.5
 25
0.5
 16
0.0
 26
0.0
 36
1.0
 17
0.0
 27
0.0
 37
0.0
 40
9.0
 41
1.972972972850329
 42
50.0
 43
0.0
 44
0.0
 50
0.0
 51
0.0
 71
     0
 72
   100
 73
     1
 74
     3
 75
     0
 76
     0
 77
     0
 78
     0
281
     0
 65
     1
110
0.0
120
0.0
130
0.0
111
1.0
121
0.0
131
0.0
112
0.0
122
1.0
132
0.0
 79
     0
146
0.0
348
2F
 60
     3
 61
     5
292
     1
282
     1
141
0.0
142
0.0
 63
   250
361
5D
  0
ENDTAB
  0
TABLE
  2
LTYPE
  5
5
330
0
100
AcDbSymbolTable
 70
     1
  0
LTYPE
  5
14
330
5
100
AcDbSymbolTableRecord
100
AcDbLinetypeTableRecord
  2
ByBlock
 70
     0
  3

 72
    65
 73
     0
 40
0.0
  0
LTYPE
  5
15
330
5
100
AcDbSymbolTableRecord
100
AcDbLinetypeTableRecord
  2
ByLayer
 70
     0
  3

 72
    65
 73
     0
 40
0.0
  0
LTYPE
  5
16
330
5
100
AcDbSymbolTableRecord
100
AcDbLinetypeTableRecord
  2
Continuous
 70
     0
  3
Solid line
 72
    65
 73
     0
 40
0.0
  0
ENDTAB
  0
TABLE
  2
LAYER
  5
2
330
0
100
AcDbSymbolTable
 70
     1
  0
LAYER
  5
10
330
2
100
AcDbSymbolTableRecord
100
AcDbLayerTableRecord
  2
0
 70
     0
 62
    18
420
        0
  6
Continuous
370
    -3
390
F
347
46
  0
ENDTAB
  0
TABLE
  2
STYLE
  5
3
330
0
100
AcDbSymbolTable
 70
     1
  0
STYLE
  5
11
330
3
100
AcDbSymbolTableRecord
100
AcDbTextStyleTableRecord
  2
Standard
 70
     0
 40
0.0
 41
1.0
 50
0.0
 71
     0
 42
0.2
  3
txt
  4

  0
ENDTAB
  0
TABLE
  2
VIEW
  5
6
330
0
100
AcDbSymbolTable
 70
     0
  0
ENDTAB
  0
TABLE
  2
UCS
  5
7
330
0
100
AcDbSymbolTable
 70
     0
  0
ENDTAB
  0
TABLE
  2
APPID
  5
9
330
0
100
AcDbSymbolTable
 70
     2
  0
APPID
  5
12
330
9
100
AcDbSymbolTableRecord
100
AcDbRegAppTableRecord
  2
ACAD
 70
     0
  0
APPID
  5
5E
330
9
100
AcDbSymbolTableRecord
100
AcDbRegAppTableRecord
  2
Rhino
 70
     0
  0
ENDTAB
  0
TABLE
  2
DIMSTYLE
  5
A
330
0
100
AcDbSymbolTable
 70
     1
100
AcDbDimStyleTable
  0
DIMSTYLE
105
27
330
A
100
AcDbSymbolTableRecord
100
AcDbDimStyleTableRecord
  2
STANDARD_ACAD
 70
     0
178
     0
340
11
  0
ENDTAB
  0
TABLE
  2
BLOCK_RECORD
  5
1
330
0
100
AcDbSymbolTable
 70
     1
  0
BLOCK_RECORD
  5
1F
330
1
100
AcDbSymbolTableRecord
100
AcDbBlockTableRecord
  2
*Model_Space
340
22
 70
     0
280
     1
281
     0
  0
BLOCK_RECORD
  5
1B
330
1
100
AcDbSymbolTableRecord
100
AcDbBlockTableRecord
  2
*Paper_Space
340
1E
 70
     0
280
     1
281
     0
  0
BLOCK_RECORD
  5
23
330
1
100
AcDbSymbolTableRecord
100
AcDbBlockTableRecord
  2
*Paper_Space0
340
26
 70
     0
280
     1
281
     0
  0
ENDTAB
  0
ENDSEC
  0
SECTION
  2
BLOCKS
  0
BLOCK
  5
20
330
1F
100
AcDbEntity
  8
0
100
AcDbBlockBegin
  2
*Model_Space
 70
     0
 10
0.0
 20
0.0
 30
0.0
  3
*Model_Space
  1

  0
ENDBLK
  5
21
330
1F
100
AcDbEntity
  8
0
100
AcDbBlockEnd
  0
BLOCK
  5
1C
330
1B
100
AcDbEntity
 67
     1
  8
0
100
AcDbBlockBegin
  2
*Paper_Space
 70
     0
 10
0.0
 20
0.0
 30
0.0
  3
*Paper_Space
  1

  0
ENDBLK
  5
1D
330
1B
100
AcDbEntity
 67
     1
  8
0
100
AcDbBlockEnd
  0
BLOCK
  5
24
330
23
100
AcDbEntity
  8
0
100
AcDbBlockBegin
  2
*Paper_Space0
 70
     0
 10
0.0
 20
0.0
 30
0.0
  3
*Paper_Space0
  1

  0
ENDBLK
  5
25
330
23
100
AcDbEntity
  8
0
100
AcDbBlockEnd
  0
ENDSEC
  0
SECTION
  2
ENTITIES
  0
POLYLINE
  5
5F
330
1F
100
AcDbEntity
  8
0
  6
Continuous
 62
    18
420
        0
370
    70
100
AcDb2dPolyline
 66
     1
 10
0.0
 20
0.0
 30
0.0
 70
     1
  0
VERTEX
  5
60
330
5F
100
AcDbEntity
  8
0
  6
Continuous
 62
    18
420
        0
370
    70
100
AcDbVertex
100
AcDb2dVertex
 10
6.73678414605336
 20
28.55309797884095
 30
0.0
  0
VERTEX
  5
61
330
5F
100
AcDbEntity
  8
0
  6
Continuous
 62
    18
420
        0
370
    70
100
AcDbVertex
100
AcDb2dVertex
 10
12.42483445286157
 20
28.55309797884095
 30
0.0
  0
VERTEX
  5
62
330
5F
100
AcDbEntity
  8
0
  6
Continuous
 62
    18
420
        0
370
    70
100
AcDbVertex
100
AcDb2dVertex
 10
12.42483445286356
 20
25.97212238368795
 30
0.0
  0
VERTEX
  5
63
330
5F
100
AcDbEntity
  8
0
  6
Continuous
 62
    18
420
        0
370
    70
100
AcDbVertex
100
AcDb2dVertex
 10
12.52483445286154
 20
25.97212238368792
 30
0.0
  0
VERTEX
  5
64
330
5F
100
AcDbEntity
  8
0
  6
Continuous
 62
    18
420
        0
370
    70
100
AcDbVertex
100
AcDb2dVertex
 10
12.52483445286154
 20
28.55309797884095
 30
0.0
  0
VERTEX
  5
65
330
5F
100
AcDbEntity
  8
0
  6
Continuous
 62
    18
420
        0
370
    70
100
AcDbVertex
100
AcDb2dVertex
 10
15.10619833434637
 20
28.55309797884095
 30
0.0
  0
VERTEX
  5
66
330
5F
100
AcDbEntity
  8
0
  6
Continuous
 62
    18
420
        0
370
    70
100
AcDbVertex
100
AcDb2dVertex
 10
15.10619833434637
 20
22.41146808183496
 30
0.0
  0
VERTEX
  5
67
330
5F
100
AcDbEntity
  8
0
  6
Continuous
 62
    18
420
        0
370
    70
100
AcDbVertex
100
AcDb2dVertex
 10
16.69526440129018
 20
22.41146808183496
 30
0.0
  0
VERTEX
  5
68
330
5F
100
AcDbEntity
  8
0
  6
Continuous
 62
    18
420
        0
370
    70
100
AcDbVertex
100
AcDb2dVertex
 10
16.69526440129018
 20
22.51402122827171
 30
0.0
  0
VERTEX
  5
69
330
5F
100
AcDbEntity
  8
0
  6
Continuous
 62
    18
420
        0
370
    70
100
AcDbVertex
100
AcDb2dVertex
 10
15.2058349745145
 20
22.51402122827171
 30
0.0
  0
VERTEX
  5
6A
330
5F
100
AcDbEntity
  8
0
  6
Continuous
 62
    18
420
        0
370
    70
100
AcDbVertex
100
AcDb2dVertex
 10
15.2058349745145
 20
28.5556511252777
 30
0.0
  0
VERTEX
  5
6B
330
5F
100
AcDbEntity
  8
0
  6
Continuous
 62
    18
420
        0
370
    70
100
AcDbVertex
100
AcDb2dVertex
 10
17.94757744899195
 20
28.5556511252777
 30
0.0
  0
VERTEX
  5
6C
330
5F
100
AcDbEntity
  8
0
  6
Continuous
 62
    18
420
        0
370
    70
100
AcDbVertex
100
AcDb2dVertex
 10
17.94757744899195
 20
22.51402122827171
 30
0.0
  0
VERTEX
  5
6D
330
5F
100
AcDbEntity
  8
0
  6
Continuous
 62
    18
420
        0
370
    70
100
AcDbVertex
100
AcDb2dVertex
 10
17.76226440129015
 20
22.51402122827171
 30
0.0
  0
VERTEX
  5
6E
330
5F
100
AcDbEntity
  8
0
  6
Continuous
 62
    18
420
        0
370
    70
100
AcDbVertex
100
AcDb2dVertex
 10
17.76226440129016
 20
22.41146808183496
 30
0.0
  0
VERTEX
  5
6F
330
5F
100
AcDbEntity
  8
0
  6
Continuous
 62
    18
420
        0
370
    70
100
AcDbVertex
100
AcDb2dVertex
 10
18.2465840811805
 20
22.41146808183496
 30
0.0
  0
VERTEX
  5
70
330
5F
100
AcDbEntity
  8
0
  6
Continuous
 62
    18
420
        0
370
    70
100
AcDbVertex
100
AcDb2dVertex
 10
18.24658408118054
 20
22.51402122827171
 30
0.0
  0
VERTEX
  5
71
330
5F
100
AcDbEntity
  8
0
  6
Continuous
 62
    18
420
        0
370
    70
100
AcDbVertex
100
AcDb2dVertex
 10
18.04757744899195
 20
22.51402122827171
 30
0.0
  0
VERTEX
  5
72
330
5F
100
AcDbEntity
  8
0
  6
Continuous
 62
    18
420
        0
370
    70
100
AcDbVertex
100
AcDb2dVertex
 10
18.04757744899195
 20
28.5556511252777
 30
0.0
  0
VERTEX
  5
73
330
5F
100
AcDbEntity
  8
0
  6
Continuous
 62
    18
420
        0
370
    70
100
AcDbVertex
100
AcDb2dVertex
 10
20.7893199234694
 20
28.5556511252777
 30
0.0
  0
VERTEX
  5
74
330
5F
100
AcDbEntity
  8
0
  6
Continuous
 62
    18
420
        0
370
    70
100
AcDbVertex
100
AcDb2dVertex
 10
20.7893199234694
 20
22.51402122827171
 30
0.0
  0
VERTEX
  5
75
330
5F
100
AcDbEntity
  8
0
  6
Continuous
 62
    18
420
        0
370
    70
100
AcDbVertex
100
AcDb2dVertex
 10
19.31358408118051
 20
22.51402122827171
 30
0.0
  0
VERTEX
  5
76
330
5F
100
AcDbEntity
  8
0
  6
Continuous
 62
    18
420
        0
370
    70
100
AcDbVertex
100
AcDb2dVertex
 10
19.31358408118056
 20
22.41146808183496
 30
0.0
  0
VERTEX
  5
77
330
5F
100
AcDbEntity
  8
0
  6
Continuous
 62
    18
420
        0
370
    70
100
AcDbVertex
100
AcDb2dVertex
 10
20.88968328330129
 20
22.41146808183496
 30
0.0
  0
VERTEX
  5
78
330
5F
100
AcDbEntity
  8
0
  6
Continuous
 62
    18
420
        0
370
    70
100
AcDbVertex
100
AcDb2dVertex
 10
20.88968328330129
 20
28.55309797884095
 30
0.0
  0
VERTEX
  5
79
330
5F
100
AcDbEntity
  8
0
  6
Continuous
 62
    18
420
        0
370
    70
100
AcDbVertex
100
AcDb2dVertex
 10
31.68979691443361
 20
28.55309797884095
 30
0.0
  0
VERTEX
  5
7A
330
5F
100
AcDbEntity
  8
0
  6
Continuous
 62
    18
420
        0
370
    70
100
AcDbVertex
100
AcDb2dVertex
 10
31.68979691443361
 20
22.41146808183496
 30
0.0
  0
VERTEX
  5
7B
330
5F
100
AcDbEntity
  8
0
  6
Continuous
 62
    18
420
        0
370
    70
100
AcDbVertex
100
AcDb2dVertex
 10
33.21290870413565
 20
22.41146808183496
 30
0.0
  0
VERTEX
  5
7C
330
5F
100
AcDbEntity
  8
0
  6
Continuous
 62
    18
420
        0
370
    70
100
AcDbVertex
100
AcDb2dVertex
 10
33.21290870413565
 20
22.51146808183496
 30
0.0
  0
VERTEX
  5
7D
330
5F
100
AcDbEntity
  8
0
  6
Continuous
 62
    18
420
        0
370
    70
100
AcDbVertex
100
AcDb2dVertex
 10
31.78979691443359
 20
22.51146808183496
 30
0.0
  0
VERTEX
  5
7E
330
5F
100
AcDbEntity
  8
0
  6
Continuous
 62
    18
420
        0
370
    70
100
AcDbVertex
100
AcDb2dVertex
 10
31.78979691443359
 20
28.55309797884095
 30
0.0
  0
VERTEX
  5
7F
330
5F
100
AcDbEntity
  8
0
  6
Continuous
 62
    18
420
        0
370
    70
100
AcDbVertex
100
AcDb2dVertex
 10
34.42687819273343
 20
28.55309797884095
 30
0.0
  0
VERTEX
  5
80
330
5F
100
AcDbEntity
  8
0
  6
Continuous
 62
    18
420
        0
370
    70
100
AcDbVertex
100
AcDb2dVertex
 10
34.42687819273343
 20
22.51146808183496
 30
0.0
  0
VERTEX
  5
81
330
5F
100
AcDbEntity
  8
0
  6
Continuous
 62
    18
420
        0
370
    70
100
AcDbVertex
100
AcDb2dVertex
 10
34.27990870413563
 20
22.51146808183496
 30
0.0
  0
VERTEX
  5
82
330
5F
100
AcDbEntity
  8
0
  6
Continuous
 62
    18
420
        0
370
    70
100
AcDbVertex
100
AcDb2dVertex
 10
34.27990870413566
 20
22.41146808183496
 30
0.0
  0
VERTEX
  5
83
330
5F
100
AcDbEntity
  8
0
  6
Continuous
 62
    18
420
        0
370
    70
100
AcDbVertex
100
AcDb2dVertex
 10
34.6853517455474
 20
22.41146808183496
 30
0.0
  0
VERTEX
  5
84
330
5F
100
AcDbEntity
  8
0
  6
Continuous
 62
    18
420
        0
370
    70
100
AcDbVertex
100
AcDb2dVertex
 10
34.6853517455474
 20
22.51146808183496
 30
0.0
  0
VERTEX
  5
85
330
5F
100
AcDbEntity
  8
0
  6
Continuous
 62
    18
420
        0
370
    70
100
AcDbVertex
100
AcDb2dVertex
 10
34.52687819273343
 20
22.51146808183496
 30
0.0
  0
VERTEX
  5
86
330
5F
100
AcDbEntity
  8
0
  6
Continuous
 62
    18
420
        0
370
    70
100
AcDbVertex
100
AcDb2dVertex
 10
34.52687819273343
 20
28.55309797884095
 30
0.0
  0
VERTEX
  5
87
330
5F
100
AcDbEntity
  8
0
  6
Continuous
 62
    18
420
        0
370
    70
100
AcDbVertex
100
AcDb2dVertex
 10
37.16395947103327
 20
28.55309797884095
 30
0.0
  0
VERTEX
  5
88
330
5F
100
AcDbEntity
  8
0
  6
Continuous
 62
    18
420
        0
370
    70
100
AcDbVertex
100
AcDb2dVertex
 10
37.16395947103327
 20
22.51146808183496
 30
0.0
  0
VERTEX
  5
89
330
5F
100
AcDbEntity
  8
0
  6
Continuous
 62
    18
420
        0
370
    70
100
AcDbVertex
100
AcDb2dVertex
 10
35.75235174554739
 20
22.51146808183496
 30
0.0
  0
VERTEX
  5
8A
330
5F
100
AcDbEntity
  8
0
  6
Continuous
 62
    18
420
        0
370
    70
100
AcDbVertex
100
AcDb2dVertex
 10
35.75235174554739
 20
22.41146808183496
 30
0.0
  0
VERTEX
  5
8B
330
5F
100
AcDbEntity
  8
0
  6
Continuous
 62
    18
420
        0
370
    70
100
AcDbVertex
100
AcDb2dVertex
 10
37.26395947103327
 20
22.41146808183496
 30
0.0
  0
VERTEX
  5
8C
330
5F
100
AcDbEntity
  8
0
  6
Continuous
 62
    18
420
        0
370
    70
100
AcDbVertex
100
AcDb2dVertex
 10
37.26395947103327
 20
28.55309797884094
 30
0.0
  0
VERTEX
  5
8D
330
5F
100
AcDbEntity
  8
0
  6
Continuous
 62
    18
420
        0
370
    70
100
AcDbVertex
100
AcDb2dVertex
 10
50.79746541843227
 20
28.55309797884095
 30
0.0
  0
VERTEX
  5
8E
330
5F
100
AcDbEntity
  8
0
  6
Continuous
 62
    18
420
        0
370
    70
100
AcDbVertex
100
AcDb2dVertex
 10
50.79746541843227
 20
22.41146808183496
 30
0.0
  0
VERTEX
  5
8F
330
5F
100
AcDbEntity
  8
0
  6
Continuous
 62
    18
420
        0
370
    70
100
AcDbVertex
100
AcDb2dVertex
 10
52.27677822207562
 20
22.41146808183496
 30
0.0
  0
VERTEX
  5
90
330
5F
100
AcDbEntity
  8
0
  6
Continuous
 62
    18
420
        0
370
    70
100
AcDbVertex
100
AcDb2dVertex
 10
52.27677822207562
 20
22.51146808183496
 30
0.0
  0
VERTEX
  5
91
330
5F
100
AcDbEntity
  8
0
  6
Continuous
 62
    18
420
        0
370
    70
100
AcDbVertex
100
AcDb2dVertex
 10
50.89694727560288
 20
22.51146808183496
 30
0.0
  0
VERTEX
  5
92
330
5F
100
AcDbEntity
  8
0
  6
Continuous
 62
    18
420
        0
370
    70
100
AcDbVertex
100
AcDb2dVertex
 10
50.89694727560288
 20
28.55309797884095
 30
0.0
  0
VERTEX
  5
93
330
5F
100
AcDbEntity
  8
0
  6
Continuous
 62
    18
420
        0
370
    70
100
AcDbVertex
100
AcDb2dVertex
 10
53.53969538884748
 20
28.55309797884095
 30
0.0
  0
VERTEX
  5
94
330
5F
100
AcDbEntity
  8
0
  6
Continuous
 62
    18
420
        0
370
    70
100
AcDbVertex
100
AcDb2dVertex
 10
53.53969538884746
 20
22.51146808183496
 30
0.0
  0
VERTEX
  5
95
330
5F
100
AcDbEntity
  8
0
  6
Continuous
 62
    18
420
        0
370
    70
100
AcDbVertex
100
AcDb2dVertex
 10
53.34377822207562
 20
22.51146808183496
 30
0.0
  0
VERTEX
  5
96
330
5F
100
AcDbEntity
  8
0
  6
Continuous
 62
    18
420
        0
370
    70
100
AcDbVertex
100
AcDb2dVertex
 10
53.34377822207564
 20
22.41146808183496
 30
0.0
  0
VERTEX
  5
97
330
5F
100
AcDbEntity
  8
0
  6
Continuous
 62
    18
420
        0
370
    70
100
AcDbVertex
100
AcDb2dVertex
 10
53.83244630495851
 20
22.41146808183496
 30
0.0
  0
VERTEX
  5
98
330
5F
100
AcDbEntity
  8
0
  6
Continuous
 62
    18
420
        0
370
    70
100
AcDbVertex
100
AcDb2dVertex
 10
53.83244630495851
 20
22.51146808183497
 30
0.0
  0
VERTEX
  5
99
330
5F
100
AcDbEntity
  8
0
  6
Continuous
 62
    18
420
        0
370
    70
100
AcDbVertex
100
AcDb2dVertex
 10
53.63969538884746
 20
22.51146808183496
 30
0.0
  0
VERTEX
  5
9A
330
5F
100
AcDbEntity
  8
0
  6
Continuous
 62
    18
420
        0
370
    70
100
AcDbVertex
100
AcDb2dVertex
 10
53.63969538884746
 20
28.55309797884095
 30
0.0
  0
VERTEX
  5
9B
330
5F
100
AcDbEntity
  8
0
  6
Continuous
 62
    18
420
        0
370
    70
100
AcDbVertex
100
AcDb2dVertex
 10
56.28244350209201
 20
28.55309797884095
 30
0.0
  0
VERTEX
  5
9C
330
5F
100
AcDbEntity
  8
0
  6
Continuous
 62
    18
420
        0
370
    70
100
AcDbVertex
100
AcDb2dVertex
 10
56.28244350209201
 20
22.51146808183496
 30
0.0
  0
VERTEX
  5
9D
330
5F
100
AcDbEntity
  8
0
  6
Continuous
 62
    18
420
        0
370
    70
100
AcDbVertex
100
AcDb2dVertex
 10
54.89944630495852
 20
22.51146808183496
 30
0.0
  0
VERTEX
  5
9E
330
5F
100
AcDbEntity
  8
0
  6
Continuous
 62
    18
420
        0
370
    70
100
AcDbVertex
100
AcDb2dVertex
 10
54.89944630495848
 20
22.41146808183496
 30
0.0
  0
VERTEX
  5
9F
330
5F
100
AcDbEntity
  8
0
  6
Continuous
 62
    18
420
        0
370
    70
100
AcDbVertex
100
AcDb2dVertex
 10
56.38296164492139
 20
22.41146808183496
 30
0.0
  0
VERTEX
  5
A0
330
5F
100
AcDbEntity
  8
0
  6
Continuous
 62
    18
420
        0
370
    70
100
AcDbVertex
100
AcDb2dVertex
 10
56.38296164492139
 20
28.55309797884095
 30
0.0
  0
VERTEX
  5
A1
330
5F
100
AcDbEntity
  8
0
  6
Continuous
 62
    18
420
        0
370
    70
100
AcDbVertex
100
AcDb2dVertex
 10
58.95621398120762
 20
28.55309797884095
 30
0.0
  0
VERTEX
  5
A2
330
5F
100
AcDbEntity
  8
0
  6
Continuous
 62
    18
420
        0
370
    70
100
AcDbVertex
100
AcDb2dVertex
 10
58.9562139812076
 20
25.9748716810958
 30
0.0
  0
VERTEX
  5
A3
330
5F
100
AcDbEntity
  8
0
  6
Continuous
 62
    18
420
        0
370
    70
100
AcDbVertex
100
AcDb2dVertex
 10
59.05621398120763
 20
25.97487168109579
 30
0.0
  0
VERTEX
  5
A4
330
5F
100
AcDbEntity
  8
0
  6
Continuous
 62
    18
420
        0
370
    70
100
AcDbVertex
100
AcDb2dVertex
 10
59.05621398120763
 20
28.55309797884095
 30
0.0
  0
VERTEX
  5
A5
330
5F
100
AcDbEntity
  8
0
  6
Continuous
 62
    18
420
        0
370
    70
100
AcDbVertex
100
AcDb2dVertex
 10
64.60507568730391
 20
28.55309797884095
 30
0.0
  0
VERTEX
  5
A6
330
5F
100
AcDbEntity
  8
0
  6
Continuous
 62
    18
420
        0
370
    70
100
AcDbVertex
100
AcDb2dVertex
 10
64.60507568730391
 20
24.61811984890644
 30
0.0
  0
VERTEX
  5
A7
330
5F
100
AcDbEntity
  8
0
  6
Continuous
 62
    18
420
        0
370
    70
100
AcDbVertex
100
AcDb2dVertex
 10
59.05621398120763
 20
24.61811984890644
 30
0.0
  0
VERTEX
  5
A8
330
5F
100
AcDbEntity
  8
0
  6
Continuous
 62
    18
420
        0
370
    70
100
AcDbVertex
100
AcDb2dVertex
 10
59.05621398120763
 20
24.90787168109578
 30
0.0
  0
VERTEX
  5
A9
330
5F
100
AcDbEntity
  8
0
  6
Continuous
 62
    18
420
        0
370
    70
100
AcDbVertex
100
AcDb2dVertex
 10
58.95621398120762
 20
24.90787168109578
 30
0.0
  0
VERTEX
  5
AA
330
5F
100
AcDbEntity
  8
0
  6
Continuous
 62
    18
420
        0
370
    70
100
AcDbVertex
100
AcDb2dVertex
 10
58.95621398120762
 20
20.48136224216629
 30
0.0
  0
VERTEX
  5
AB
330
5F
100
AcDbEntity
  8
0
  6
Continuous
 62
    18
420
        0
370
    70
100
AcDbVertex
100
AcDb2dVertex
 10
59.05621398120763
 20
20.4813622421663
 30
0.0
  0
VERTEX
  5
AC
330
5F
100
AcDbEntity
  8
0
  6
Continuous
 62
    18
420
        0
370
    70
100
AcDbVertex
100
AcDb2dVertex
 10
59.05621398120763
 20
24.51811984890644
 30
0.0
  0
VERTEX
  5
AD
330
5F
100
AcDbEntity
  8
0
  6
Continuous
 62
    18
420
        0
370
    70
100
AcDbVertex
100
AcDb2dVertex
 10
64.60507568730391
 20
24.51811984890644
 30
0.0
  0
VERTEX
  5
AE
330
5F
100
AcDbEntity
  8
0
  6
Continuous
 62
    18
420
        0
370
    70
100
AcDbVertex
100
AcDb2dVertex
 10
64.60507568730392
 20
19.137460541334
 30
0.0
  0
VERTEX
  5
AF
330
5F
100
AcDbEntity
  8
0
  6
Continuous
 62
    18
420
        0
370
    70
100
AcDbVertex
100
AcDb2dVertex
 10
59.05621398120763
 20
19.137460541334
 30
0.0
  0
VERTEX
  5
B0
330
5F
100
AcDbEntity
  8
0
  6
Continuous
 62
    18
420
        0
370
    70
100
AcDbVertex
100
AcDb2dVertex
 10
59.05621398120763
 20
19.41436224216631
 30
0.0
  0
VERTEX
  5
B1
330
5F
100
AcDbEntity
  8
0
  6
Continuous
 62
    18
420
        0
370
    70
100
AcDbVertex
100
AcDb2dVertex
 10
58.95621398120762
 20
19.41436224216629
 30
0.0
  0
VERTEX
  5
B2
330
5F
100
AcDbEntity
  8
0
  6
Continuous
 62
    18
420
        0
370
    70
100
AcDbVertex
100
AcDb2dVertex
 10
58.95621398120762
 20
15.04430862817695
 30
0.0
  0
VERTEX
  5
B3
330
5F
100
AcDbEntity
  8
0
  6
Continuous
 62
    18
420
        0
370
    70
100
AcDbVertex
100
AcDb2dVertex
 10
59.05621398120763
 20
15.04430862817695
 30
0.0
  0
VERTEX
  5
B4
330
5F
100
AcDbEntity
  8
0
  6
Continuous
 62
    18
420
        0
370
    70
100
AcDbVertex
100
AcDb2dVertex
 10
59.05621398120763
 20
19.037460541334
 30
0.0
  0
VERTEX
  5
B5
330
5F
100
AcDbEntity
  8
0
  6
Continuous
 62
    18
420
        0
370
    70
100
AcDbVertex
100
AcDb2dVertex
 10
64.60507568730391
 20
19.037460541334
 30
0.0
  0
VERTEX
  5
B6
330
5F
100
AcDbEntity
  8
0
  6
Continuous
 62
    18
420
        0
370
    70
100
AcDbVertex
100
AcDb2dVertex
 10
64.60507568730392
 20
13.67164786245388
 30
0.0
  0
VERTEX
  5
B7
330
5F
100
AcDbEntity
  8
0
  6
Continuous
 62
    18
420
        0
370
    70
100
AcDbVertex
100
AcDb2dVertex
 10
59.05621398120763
 20
13.67164786245388
 30
0.0
  0
VERTEX
  5
B8
330
5F
100
AcDbEntity
  8
0
  6
Continuous
 62
    18
420
        0
370
    70
100
AcDbVertex
100
AcDb2dVertex
 10
59.05621398120763
 20
13.97730862817695
 30
0.0
  0
VERTEX
  5
B9
330
5F
100
AcDbEntity
  8
0
  6
Continuous
 62
    18
420
        0
370
    70
100
AcDbVertex
100
AcDb2dVertex
 10
58.95621398120762
 20
13.97730862817695
 30
0.0
  0
VERTEX
  5
BA
330
5F
100
AcDbEntity
  8
0
  6
Continuous
 62
    18
420
        0
370
    70
100
AcDbVertex
100
AcDb2dVertex
 10
58.95621398120762
 20
9.45502736968778
 30
0.0
  0
VERTEX
  5
BB
330
5F
100
AcDbEntity
  8
0
  6
Continuous
 62
    18
420
        0
370
    70
100
AcDbVertex
100
AcDb2dVertex
 10
59.05621398120763
 20
9.455027369687777
 30
0.0
  0
VERTEX
  5
BC
330
5F
100
AcDbEntity
  8
0
  6
Continuous
 62
    18
420
        0
370
    70
100
AcDbVertex
100
AcDb2dVertex
 10
59.05621398120763
 20
13.57164786245389
 30
0.0
  0
VERTEX
  5
BD
330
5F
100
AcDbEntity
  8
0
  6
Continuous
 62
    18
420
        0
370
    70
100
AcDbVertex
100
AcDb2dVertex
 10
64.60507568730391
 20
13.57164786245389
 30
0.0
  0
VERTEX
  5
BE
330
5F
100
AcDbEntity
  8
0
  6
Continuous
 62
    18
420
        0
370
    70
100
AcDbVertex
100
AcDb2dVertex
 10
64.60507568730391
 20
8.099300748403547
 30
0.0
  0
VERTEX
  5
BF
330
5F
100
AcDbEntity
  8
0
  6
Continuous
 62
    18
420
        0
370
    70
100
AcDbVertex
100
AcDb2dVertex
 10
59.05621398120763
 20
8.099300748403547
 30
0.0
  0
VERTEX
  5
C0
330
5F
100
AcDbEntity
  8
0
  6
Continuous
 62
    18
420
        0
370
    70
100
AcDbVertex
100
AcDb2dVertex
 10
59.05621398120763
 20
8.388027369687773
 30
0.0
  0
VERTEX
  5
C1
330
5F
100
AcDbEntity
  8
0
  6
Continuous
 62
    18
420
        0
370
    70
100
AcDbVertex
100
AcDb2dVertex
 10
58.95621398120766
 20
8.388027369687773
 30
0.0
  0
VERTEX
  5
C2
330
5F
100
AcDbEntity
  8
0
  6
Continuous
 62
    18
420
        0
370
    70
100
AcDbVertex
100
AcDb2dVertex
 10
58.95621398120762
 20
7.899300748403558
 30
0.0
  0
VERTEX
  5
C3
330
5F
100
AcDbEntity
  8
0
  6
Continuous
 62
    18
420
        0
370
    70
100
AcDbVertex
100
AcDb2dVertex
 10
64.60507568730391
 20
7.899300748403558
 30
0.0
  0
VERTEX
  5
C4
330
5F
100
AcDbEntity
  8
0
  6
Continuous
 62
    18
420
        0
370
    70
100
AcDbVertex
100
AcDb2dVertex
 10
64.60507568730391
 20
0.0210000000000008
 30
0.0
  0
VERTEX
  5
C5
330
5F
100
AcDbEntity
  8
0
  6
Continuous
 62
    18
420
        0
370
    70
100
AcDbVertex
100
AcDb2dVertex
 10
49.44162828594634
 20
0.0210000000000008
 30
0.0
  0
VERTEX
  5
C6
330
5F
100
AcDbEntity
  8
0
  6
Continuous
 62
    18
420
        0
370
    70
100
AcDbVertex
100
AcDb2dVertex
 10
49.44162828594632
 20
5.839148362966554
 30
0.0
  0
VERTEX
  5
C7
330
5F
100
AcDbEntity
  8
0
  6
Continuous
 62
    18
420
        0
370
    70
100
AcDbVertex
100
AcDb2dVertex
 10
47.62019164201375
 20
5.839189335089998
 30
0.0
  0
VERTEX
  5
C8
330
5F
100
AcDbEntity
  8
0
  6
Continuous
 62
    18
420
        0
370
    70
100
AcDbVertex
100
AcDb2dVertex
 10
47.62019164201375
 20
5.739096347032579
 30
0.0
  0
VERTEX
  5
C9
330
5F
100
AcDbEntity
  8
0
  6
Continuous
 62
    18
420
        0
370
    70
100
AcDbVertex
100
AcDb2dVertex
 10
49.34162828594632
 20
5.739096347032579
 30
0.0
  0
VERTEX
  5
CA
330
5F
100
AcDbEntity
  8
0
  6
Continuous
 62
    18
420
        0
370
    70
100
AcDbVertex
100
AcDb2dVertex
 10
49.34162828594632
 20
0.0210000000000008
 30
0.0
  0
VERTEX
  5
CB
330
5F
100
AcDbEntity
  8
0
  6
Continuous
 62
    18
420
        0
370
    70
100
AcDbVertex
100
AcDb2dVertex
 10
43.96100553750968
 20
0.0210000000000008
 30
0.0
  0
VERTEX
  5
CC
330
5F
100
AcDbEntity
  8
0
  6
Continuous
 62
    18
420
        0
370
    70
100
AcDbVertex
100
AcDb2dVertex
 10
43.96100553750968
 20
5.739096347032579
 30
0.0
  0
VERTEX
  5
CD
330
5F
100
AcDbEntity
  8
0
  6
Continuous
 62
    18
420
        0
370
    70
100
AcDbVertex
100
AcDb2dVertex
 10
45.64302497534705
 20
5.739096347032579
 30
0.0
  0
VERTEX
  5
CE
330
5F
100
AcDbEntity
  8
0
  6
Continuous
 62
    18
420
        0
370
    70
100
AcDbVertex
100
AcDb2dVertex
 10
45.64302497534708
 20
5.839199816490087
 30
0.0
  0
VERTEX
  5
CF
330
5F
100
AcDbEntity
  8
0
  6
Continuous
 62
    18
420
        0
370
    70
100
AcDbVertex
100
AcDb2dVertex
 10
42.18190222691045
 20
5.839243172578058
 30
0.0
  0
VERTEX
  5
D0
330
5F
100
AcDbEntity
  8
0
  6
Continuous
 62
    18
420
        0
370
    70
100
AcDbVertex
100
AcDb2dVertex
 10
42.18190222691045
 20
5.739096347032579
 30
0.0
  0
VERTEX
  5
D1
330
5F
100
AcDbEntity
  8
0
  6
Continuous
 62
    18
420
        0
370
    70
100
AcDbVertex
100
AcDb2dVertex
 10
43.86100553750968
 20
5.739096347032579
 30
0.0
  0
VERTEX
  5
D2
330
5F
100
AcDbEntity
  8
0
  6
Continuous
 62
    18
420
        0
370
    70
100
AcDbVertex
100
AcDb2dVertex
 10
43.86100553750968
 20
0.0210000000000008
 30
0.0
  0
VERTEX
  5
D3
330
5F
100
AcDbEntity
  8
0
  6
Continuous
 62
    18
420
        0
370
    70
100
AcDbVertex
100
AcDb2dVertex
 10
38.48038278907305
 20
0.0210000000000008
 30
0.0
  0
VERTEX
  5
D4
330
5F
100
AcDbEntity
  8
0
  6
Continuous
 62
    18
420
        0
370
    70
100
AcDbVertex
100
AcDb2dVertex
 10
38.48038278907305
 20
5.739096347032579
 30
0.0
  0
VERTEX
  5
D5
330
5F
100
AcDbEntity
  8
0
  6
Continuous
 62
    18
420
        0
370
    70
100
AcDbVertex
100
AcDb2dVertex
 10
40.20473556024378
 20
5.739096347032579
 30
0.0
  0
VERTEX
  5
D6
330
5F
100
AcDbEntity
  8
0
  6
Continuous
 62
    18
420
        0
370
    70
100
AcDbVertex
100
AcDb2dVertex
 10
40.20473556024378
 20
5.839253653978155
 30
0.0
  0
VERTEX
  5
D7
330
5F
100
AcDbEntity
  8
0
  6
Continuous
 62
    18
420
        0
370
    70
100
AcDbVertex
100
AcDb2dVertex
 10
36.66812641775093
 20
5.839296919886067
 30
0.0
  0
VERTEX
  5
D8
330
5F
100
AcDbEntity
  8
0
  6
Continuous
 62
    18
420
        0
370
    70
100
AcDbVertex
100
AcDb2dVertex
 10
36.66812641775093
 20
5.739096347032579
 30
0.0
  0
VERTEX
  5
D9
330
5F
100
AcDbEntity
  8
0
  6
Continuous
 62
    18
420
        0
370
    70
100
AcDbVertex
100
AcDb2dVertex
 10
38.38038278907307
 20
5.739096347032579
 30
0.0
  0
VERTEX
  5
DA
330
5F
100
AcDbEntity
  8
0
  6
Continuous
 62
    18
420
        0
370
    70
100
AcDbVertex
100
AcDb2dVertex
 10
38.38038278907306
 20
0.0210000000000008
 30
0.0
  0
VERTEX
  5
DB
330
5F
100
AcDbEntity
  8
0
  6
Continuous
 62
    18
420
        0
370
    70
100
AcDbVertex
100
AcDb2dVertex
 10
33.00894031324686
 20
0.0210000000000008
 30
0.0
  0
VERTEX
  5
DC
330
5F
100
AcDbEntity
  8
0
  6
Continuous
 62
    18
420
        0
370
    70
100
AcDbVertex
100
AcDb2dVertex
 10
33.00894031324687
 20
5.739096347032579
 30
0.0
  0
VERTEX
  5
DD
330
5F
100
AcDbEntity
  8
0
  6
Continuous
 62
    18
420
        0
370
    70
100
AcDbVertex
100
AcDb2dVertex
 10
34.69095975108426
 20
5.739096347032579
 30
0.0
  0
VERTEX
  5
DE
330
5F
100
AcDbEntity
  8
0
  6
Continuous
 62
    18
420
        0
370
    70
100
AcDbVertex
100
AcDb2dVertex
 10
34.69095975108426
 20
5.83930740128617
 30
0.0
  0
VERTEX
  5
DF
330
5F
100
AcDbEntity
  8
0
  6
Continuous
 62
    18
420
        0
370
    70
100
AcDbVertex
100
AcDb2dVertex
 10
31.11482339670385
 20
5.839350847554194
 30
0.0
  0
VERTEX
  5
E0
330
5F
100
AcDbEntity
  8
0
  6
Continuous
 62
    18
420
        0
370
    70
100
AcDbVertex
100
AcDb2dVertex
 10
31.11482339670385
 20
5.739096347032579
 30
0.0
  0
VERTEX
  5
E1
330
5F
100
AcDbEntity
  8
0
  6
Continuous
 62
    18
420
        0
370
    70
100
AcDbVertex
100
AcDb2dVertex
 10
32.90894031324689
 20
5.739096347032579
 30
0.0
  0
VERTEX
  5
E2
330
5F
100
AcDbEntity
  8
0
  6
Continuous
 62
    18
420
        0
370
    70
100
AcDbVertex
100
AcDb2dVertex
 10
32.90894031324689
 20
0.0210000000000008
 30
0.0
  0
VERTEX
  5
E3
330
5F
100
AcDbEntity
  8
0
  6
Continuous
 62
    18
420
        0
370
    70
100
AcDbVertex
100
AcDb2dVertex
 10
27.51913729219978
 20
0.0210000000000008
 30
0.0
  0
VERTEX
  5
E4
330
5F
100
AcDbEntity
  8
0
  6
Continuous
 62
    18
420
        0
370
    70
100
AcDbVertex
100
AcDb2dVertex
 10
27.51913729219981
 20
5.739096347032579
 30
0.0
  0
VERTEX
  5
E5
330
5F
100
AcDbEntity
  8
0
  6
Continuous
 62
    18
420
        0
370
    70
100
AcDbVertex
100
AcDb2dVertex
 10
29.2434900633705
 20
5.739096347032579
 30
0.0
  0
VERTEX
  5
E6
330
5F
100
AcDbEntity
  8
0
  6
Continuous
 62
    18
420
        0
370
    70
100
AcDbVertex
100
AcDb2dVertex
 10
29.24349006337054
 20
5.839361328954283
 30
0.0
  0
VERTEX
  5
E7
330
5F
100
AcDbEntity
  8
0
  6
Continuous
 62
    18
420
        0
370
    70
100
AcDbVertex
100
AcDb2dVertex
 10
25.69489452682145
 20
5.839404504682172
 30
0.0
  0
VERTEX
  5
E8
330
5F
100
AcDbEntity
  8
0
  6
Continuous
 62
    18
420
        0
370
    70
100
AcDbVertex
100
AcDb2dVertex
 10
25.69489452682145
 20
5.739096347032579
 30
0.0
  0
VERTEX
  5
E9
330
5F
100
AcDbEntity
  8
0
  6
Continuous
 62
    18
420
        0
370
    70
100
AcDbVertex
100
AcDb2dVertex
 10
27.41913729219979
 20
5.739096347032579
 30
0.0
  0
VERTEX
  5
EA
330
5F
100
AcDbEntity
  8
0
  6
Continuous
 62
    18
420
        0
370
    70
100
AcDbVertex
100
AcDb2dVertex
 10
27.41913729219979
 20
0.0210000000000008
 30
0.0
  0
VERTEX
  5
EB
330
5F
100
AcDbEntity
  8
0
  6
Continuous
 62
    18
420
        0
370
    70
100
AcDbVertex
100
AcDb2dVertex
 10
22.05687508898405
 20
0.0210000000000008
 30
0.0
  0
VERTEX
  5
EC
330
5F
100
AcDbEntity
  8
0
  6
Continuous
 62
    18
420
        0
370
    70
100
AcDbVertex
100
AcDb2dVertex
 10
22.05687508898406
 20
5.739096347032579
 30
0.0
  0
VERTEX
  5
ED
330
5F
100
AcDbEntity
  8
0
  6
Continuous
 62
    18
420
        0
370
    70
100
AcDbVertex
100
AcDb2dVertex
 10
23.73889452682142
 20
5.739096347032579
 30
0.0
  0
VERTEX
  5
EE
330
5F
100
AcDbEntity
  8
0
  6
Continuous
 62
    18
420
        0
370
    70
100
AcDbVertex
100
AcDb2dVertex
 10
23.73889452682144
 20
5.839414986082247
 30
0.0
  0
VERTEX
  5
EF
330
5F
100
AcDbEntity
  8
0
  6
Continuous
 62
    18
420
        0
370
    70
100
AcDbVertex
100
AcDb2dVertex
 10
20.25660511171811
 20
5.839458342170225
 30
0.0
  0
VERTEX
  5
F0
330
5F
100
AcDbEntity
  8
0
  6
Continuous
 62
    18
420
        0
370
    70
100
AcDbVertex
100
AcDb2dVertex
 10
20.25660511171813
 20
5.739096347032579
 30
0.0
  0
VERTEX
  5
F1
330
5F
100
AcDbEntity
  8
0
  6
Continuous
 62
    18
420
        0
370
    70
100
AcDbVertex
100
AcDb2dVertex
 10
21.95687508898404
 20
5.739096347032579
 30
0.0
  0
VERTEX
  5
F2
330
5F
100
AcDbEntity
  8
0
  6
Continuous
 62
    18
420
        0
370
    70
100
AcDbVertex
100
AcDb2dVertex
 10
21.95687508898404
 20
0.0210000000000008
 30
0.0
  0
VERTEX
  5
F3
330
5F
100
AcDbEntity
  8
0
  6
Continuous
 62
    18
420
        0
370
    70
100
AcDbVertex
100
AcDb2dVertex
 10
16.57625234054742
 20
0.0210000000000008
 30
0.0
  0
VERTEX
  5
F4
330
5F
100
AcDbEntity
  8
0
  6
Continuous
 62
    18
420
        0
370
    70
100
AcDbVertex
100
AcDb2dVertex
 10
16.57625234054742
 20
5.739096347032579
 30
0.0
  0
VERTEX
  5
F5
330
5F
100
AcDbEntity
  8
0
  6
Continuous
 62
    18
420
        0
370
    70
100
AcDbVertex
100
AcDb2dVertex
 10
18.30060511171815
 20
5.739096347032579
 30
0.0
  0
VERTEX
  5
F6
330
5F
100
AcDbEntity
  8
0
  6
Continuous
 62
    18
420
        0
370
    70
100
AcDbVertex
100
AcDb2dVertex
 10
18.30060511171816
 20
5.839468823570307
 30
0.0
  0
VERTEX
  5
F7
330
5F
100
AcDbEntity
  8
0
  6
Continuous
 62
    18
420
        0
370
    70
100
AcDbVertex
100
AcDb2dVertex
 10
16.47625234054743
 20
5.83947218985913
 30
0.0
  0
VERTEX
  5
F8
330
5F
100
AcDbEntity
  8
0
  6
Continuous
 62
    18
420
        0
370
    70
100
AcDbVertex
100
AcDb2dVertex
 10
16.47625234054743
 20
0.0210000000000008
 30
0.0
  0
VERTEX
  5
F9
330
5F
100
AcDbEntity
  8
0
  6
Continuous
 62
    18
420
        0
370
    70
100
AcDbVertex
100
AcDb2dVertex
 10
6.734924312696102
 20
0.0210000000000008
 30
0.0
  0
VERTEX
  5
FA
330
5F
100
AcDbEntity
  8
0
  6
Continuous
 62
    18
420
        0
370
    70
100
AcDbVertex
100
AcDb2dVertex
 10
6.73608862859586
 20
7.899300748403558
 30
0.0
  0
VERTEX
  5
FB
330
5F
100
AcDbEntity
  8
0
  6
Continuous
 62
    18
420
        0
370
    70
100
AcDbVertex
100
AcDb2dVertex
 10
12.52483445286154
 20
7.899300748403558
 30
0.0
  0
VERTEX
  5
FC
330
5F
100
AcDbEntity
  8
0
  6
Continuous
 62
    18
420
        0
370
    70
100
AcDbVertex
100
AcDb2dVertex
 10
12.52483445286154
 20
8.16114670237031
 30
0.0
  0
VERTEX
  5
FD
330
5F
100
AcDbEntity
  8
0
  6
Continuous
 62
    18
420
        0
370
    70
100
AcDbVertex
100
AcDb2dVertex
 10
12.42483445286155
 20
8.161146702370292
 30
0.0
  0
VERTEX
  5
FE
330
5F
100
AcDbEntity
  8
0
  6
Continuous
 62
    18
420
        0
370
    70
100
AcDbVertex
100
AcDb2dVertex
 10
12.42483445286155
 20
7.999300748403559
 30
0.0
  0
VERTEX
  5
FF
330
5F
100
AcDbEntity
  8
0
  6
Continuous
 62
    18
420
        0
370
    70
100
AcDbVertex
100
AcDb2dVertex
 10
6.735393111138387
 20
7.999300748403559
 30
0.0
  0
VERTEX
  5
100
330
5F
100
AcDbEntity
  8
0
  6
Continuous
 62
    18
420
        0
370
    70
100
AcDbVertex
100
AcDb2dVertex
 10
6.735848206568158
 20
10.62584171444267
 30
0.0
  0
VERTEX
  5
101
330
5F
100
AcDbEntity
  8
0
  6
Continuous
 62
    18
420
        0
370
    70
100
AcDbVertex
100
AcDb2dVertex
 10
12.42483445286155
 20
10.62584171370621
 30
0.0
  0
VERTEX
  5
102
330
5F
100
AcDbEntity
  8
0
  6
Continuous
 62
    18
420
        0
370
    70
100
AcDbVertex
100
AcDb2dVertex
 10
12.42483445286155
 20
9.2281467023703
 30
0.0
  0
VERTEX
  5
103
330
5F
100
AcDbEntity
  8
0
  6
Continuous
 62
    18
420
        0
370
    70
100
AcDbVertex
100
AcDb2dVertex
 10
12.52483445286154
 20
9.228146702370282
 30
0.0
  0
VERTEX
  5
104
330
5F
100
AcDbEntity
  8
0
  6
Continuous
 62
    18
420
        0
370
    70
100
AcDbVertex
100
AcDb2dVertex
 10
12.52483445286154
 20
10.88768766767296
 30
0.0
  0
VERTEX
  5
105
330
5F
100
AcDbEntity
  8
0
  6
Continuous
 62
    18
420
        0
370
    70
100
AcDbVertex
100
AcDb2dVertex
 10
12.42483445286155
 20
10.88768766767294
 30
0.0
  0
VERTEX
  5
106
330
5F
100
AcDbEntity
  8
0
  6
Continuous
 62
    18
420
        0
370
    70
100
AcDbVertex
100
AcDb2dVertex
 10
12.42483445286155
 20
10.72584171370621
 30
0.0
  0
VERTEX
  5
107
330
5F
100
AcDbEntity
  8
0
  6
Continuous
 62
    18
420
        0
370
    70
100
AcDbVertex
100
AcDb2dVertex
 10
6.735393111138387
 20
10.72584171370621
 30
0.0
  0
VERTEX
  5
108
330
5F
100
AcDbEntity
  8
0
  6
Continuous
 62
    18
420
        0
370
    70
100
AcDbVertex
100
AcDb2dVertex
 10
6.735848206568158
 20
13.35238267974532
 30
0.0
  0
VERTEX
  5
109
330
5F
100
AcDbEntity
  8
0
  6
Continuous
 62
    18
420
        0
370
    70
100
AcDbVertex
100
AcDb2dVertex
 10
12.42483445286155
 20
13.35238267900885
 30
0.0
  0
VERTEX
  5
10A
330
5F
100
AcDbEntity
  8
0
  6
Continuous
 62
    18
420
        0
370
    70
100
AcDbVertex
100
AcDb2dVertex
 10
12.42483445286155
 20
11.95468766767295
 30
0.0
  0
VERTEX
  5
10B
330
5F
100
AcDbEntity
  8
0
  6
Continuous
 62
    18
420
        0
370
    70
100
AcDbVertex
100
AcDb2dVertex
 10
12.52483445286154
 20
11.95468766767296
 30
0.0
  0
VERTEX
  5
10C
330
5F
100
AcDbEntity
  8
0
  6
Continuous
 62
    18
420
        0
370
    70
100
AcDbVertex
100
AcDb2dVertex
 10
12.52483445286154
 20
13.61422863297558
 30
0.0
  0
VERTEX
  5
10D
330
5F
100
AcDbEntity
  8
0
  6
Continuous
 62
    18
420
        0
370
    70
100
AcDbVertex
100
AcDb2dVertex
 10
12.42483445286155
 20
13.6142286329756
 30
0.0
  0
VERTEX
  5
10E
330
5F
100
AcDbEntity
  8
0
  6
Continuous
 62
    18
420
        0
370
    70
100
AcDbVertex
100
AcDb2dVertex
 10
12.42483445286155
 20
13.45238267900886
 30
0.0
  0
VERTEX
  5
10F
330
5F
100
AcDbEntity
  8
0
  6
Continuous
 62
    18
420
        0
370
    70
100
AcDbVertex
100
AcDb2dVertex
 10
6.735852497426003
 20
13.45238267900887
 30
0.0
  0
VERTEX
  5
110
330
5F
100
AcDbEntity
  8
0
  6
Continuous
 62
    18
420
        0
370
    70
100
AcDbVertex
100
AcDb2dVertex
 10
6.736311883713676
 20
16.07892364431152
 30
0.0
  0
VERTEX
  5
111
330
5F
100
AcDbEntity
  8
0
  6
Continuous
 62
    18
420
        0
370
    70
100
AcDbVertex
100
AcDb2dVertex
 10
12.42483445286155
 20
16.07892364431152
 30
0.0
  0
VERTEX
  5
112
330
5F
100
AcDbEntity
  8
0
  6
Continuous
 62
    18
420
        0
370
    70
100
AcDbVertex
100
AcDb2dVertex
 10
12.42483445286155
 20
14.6812286329756
 30
0.0
  0
VERTEX
  5
113
330
5F
100
AcDbEntity
  8
0
  6
Continuous
 62
    18
420
        0
370
    70
100
AcDbVertex
100
AcDb2dVertex
 10
12.52483445286154
 20
14.68122863297561
 30
0.0
  0
VERTEX
  5
114
330
5F
100
AcDbEntity
  8
0
  6
Continuous
 62
    18
420
        0
370
    70
100
AcDbVertex
100
AcDb2dVertex
 10
12.52483445286154
 20
16.34076959827826
 30
0.0
  0
VERTEX
  5
115
330
5F
100
AcDbEntity
  8
0
  6
Continuous
 62
    18
420
        0
370
    70
100
AcDbVertex
100
AcDb2dVertex
 10
12.42483445286155
 20
16.34076959827826
 30
0.0
  0
VERTEX
  5
116
330
5F
100
AcDbEntity
  8
0
  6
Continuous
 62
    18
420
        0
370
    70
100
AcDbVertex
100
AcDb2dVertex
 10
12.42483445286155
 20
16.17892364431151
 30
0.0
  0
VERTEX
  5
117
330
5F
100
AcDbEntity
  8
0
  6
Continuous
 62
    18
420
        0
370
    70
100
AcDbVertex
100
AcDb2dVertex
 10
6.735839621373964
 20
16.17892364431151
 30
0.0
  0
VERTEX
  5
118
330
5F
100
AcDbEntity
  8
0
  6
Continuous
 62
    18
420
        0
370
    70
100
AcDbVertex
100
AcDb2dVertex
 10
6.736184976733706
 20
18.82569256318257
 30
0.0
  0
VERTEX
  5
119
330
5F
100
AcDbEntity
  8
0
  6
Continuous
 62
    18
420
        0
370
    70
100
AcDbVertex
100
AcDb2dVertex
 10
12.42483445286155
 20
18.82569256276486
 30
0.0
  0
VERTEX
  5
11A
330
5F
100
AcDbEntity
  8
0
  6
Continuous
 62
    18
420
        0
370
    70
100
AcDbVertex
100
AcDb2dVertex
 10
12.42483445286155
 20
17.40776959827825
 30
0.0
  0
VERTEX
  5
11B
330
5F
100
AcDbEntity
  8
0
  6
Continuous
 62
    18
420
        0
370
    70
100
AcDbVertex
100
AcDb2dVertex
 10
12.52483445286154
 20
17.40776959827826
 30
0.0
  0
VERTEX
  5
11C
330
5F
100
AcDbEntity
  8
0
  6
Continuous
 62
    18
420
        0
370
    70
100
AcDbVertex
100
AcDb2dVertex
 10
12.52483445286154
 20
19.08753851673159
 30
0.0
  0
VERTEX
  5
11D
330
5F
100
AcDbEntity
  8
0
  6
Continuous
 62
    18
420
        0
370
    70
100
AcDbVertex
100
AcDb2dVertex
 10
12.42483445286155
 20
19.0875385167316
 30
0.0
  0
VERTEX
  5
11E
330
5F
100
AcDbEntity
  8
0
  6
Continuous
 62
    18
420
        0
370
    70
100
AcDbVertex
100
AcDb2dVertex
 10
12.42483445286155
 20
18.92569256276486
 30
0.0
  0
VERTEX
  5
11F
330
5F
100
AcDbEntity
  8
0
  6
Continuous
 62
    18
420
        0
370
    70
100
AcDbVertex
100
AcDb2dVertex
 10
6.73618820825717
 20
18.92569256276486
 30
0.0
  0
VERTEX
  5
120
330
5F
100
AcDbEntity
  8
0
  6
Continuous
 62
    18
420
        0
370
    70
100
AcDbVertex
100
AcDb2dVertex
 10
6.736536795140347
 20
21.57246148121822
 30
0.0
  0
VERTEX
  5
121
330
5F
100
AcDbEntity
  8
0
  6
Continuous
 62
    18
420
        0
370
    70
100
AcDbVertex
100
AcDb2dVertex
 10
12.42483445286155
 20
21.57246148121821
 30
0.0
  0
VERTEX
  5
122
330
5F
100
AcDbEntity
  8
0
  6
Continuous
 62
    18
420
        0
370
    70
100
AcDbVertex
100
AcDb2dVertex
 10
12.42483445286155
 20
20.15453851673159
 30
0.0
  0
VERTEX
  5
123
330
5F
100
AcDbEntity
  8
0
  6
Continuous
 62
    18
420
        0
370
    70
100
AcDbVertex
100
AcDb2dVertex
 10
12.52483445286154
 20
20.15453851673159
 30
0.0
  0
VERTEX
  5
124
330
5F
100
AcDbEntity
  8
0
  6
Continuous
 62
    18
420
        0
370
    70
100
AcDbVertex
100
AcDb2dVertex
 10
12.52483445286154
 20
21.83430743518495
 30
0.0
  0
VERTEX
  5
125
330
5F
100
AcDbEntity
  8
0
  6
Continuous
 62
    18
420
        0
370
    70
100
AcDbVertex
100
AcDb2dVertex
 10
12.42483445286155
 20
21.83430743518494
 30
0.0
  0
VERTEX
  5
126
330
5F
100
AcDbEntity
  8
0
  6
Continuous
 62
    18
420
        0
370
    70
100
AcDbVertex
100
AcDb2dVertex
 10
12.42483445286155
 20
21.67246148121821
 30
0.0
  0
VERTEX
  5
127
330
5F
100
AcDbEntity
  8
0
  6
Continuous
 62
    18
420
        0
370
    70
100
AcDbVertex
100
AcDb2dVertex
 10
6.736289444227332
 20
21.67246148121821
 30
0.0
  0
VERTEX
  5
128
330
5F
100
AcDbEntity
  8
0
  6
Continuous
 62
    18
420
        0
370
    70
100
AcDbVertex
100
AcDb2dVertex
 10
6.736534748085852
 20
24.64327642988882
 30
0.0
  0
VERTEX
  5
129
330
5F
100
AcDbEntity
  8
0
  6
Continuous
 62
    18
420
        0
370
    70
100
AcDbVertex
100
AcDb2dVertex
 10
12.42483445286155
 20
24.6432764297212
 30
0.0
  0
VERTEX
  5
12A
330
5F
100
AcDbEntity
  8
0
  6
Continuous
 62
    18
420
        0
370
    70
100
AcDbVertex
100
AcDb2dVertex
 10
12.42483445286155
 20
22.90130743518495
 30
0.0
  0
VERTEX
  5
12B
330
5F
100
AcDbEntity
  8
0
  6
Continuous
 62
    18
420
        0
370
    70
100
AcDbVertex
100
AcDb2dVertex
 10
12.52483445286154
 20
22.90130743518491
 30
0.0
  0
VERTEX
  5
12C
330
5F
100
AcDbEntity
  8
0
  6
Continuous
 62
    18
420
        0
370
    70
100
AcDbVertex
100
AcDb2dVertex
 10
12.52483445286154
 20
24.90512238368794
 30
0.0
  0
VERTEX
  5
12D
330
5F
100
AcDbEntity
  8
0
  6
Continuous
 62
    18
420
        0
370
    70
100
AcDbVertex
100
AcDb2dVertex
 10
12.42483445286438
 20
24.90512238368794
 30
0.0
  0
VERTEX
  5
12E
330
5F
100
AcDbEntity
  8
0
  6
Continuous
 62
    18
420
        0
370
    70
100
AcDbVertex
100
AcDb2dVertex
 10
12.42483445286449
 20
24.7432764297212
 30
0.0
  0
VERTEX
  5
12F
330
5F
100
AcDbEntity
  8
0
  6
Continuous
 62
    18
420
        0
370
    70
100
AcDbVertex
100
AcDb2dVertex
 10
6.736536795143275
 20
24.7432764297212
 30
0.0
  0
SEQEND
  5
130
330
5F
100
AcDbEntity
  8
0
  6
Continuous
 62
    18
420
        0
370
    70
  0
POLYLINE
  5
131
330
1F
100
AcDbEntity
  8
0
  6
Continuous
 62
    18
420
        0
370
    25
100
AcDb2dPolyline
 66
     1
 10
0.0
 20
0.0
 30
0.0
  0
VERTEX
  5
132
330
131
100
AcDbEntity
  8
0
  6
Continuous
 62
    18
420
        0
370
    25
100
AcDbVertex
100
AcDb2dVertex
 10
36.75587952452738
 20
19.19408803554175
 30
0.0
  0
VERTEX
  5
133
330
131
100
AcDbEntity
  8
0
  6
Continuous
 62
    18
420
        0
370
    25
100
AcDbVertex
100
AcDb2dVertex
 10
36.75587952452739
 20
19.09408803554175
 30
0.0
  0
SEQEND
  5
134
330
131
100
AcDbEntity
  8
0
  6
Continuous
 62
    18
420
        0
370
    25
  0
POLYLINE
  5
135
330
1F
100
AcDbEntity
  8
0
  6
Continuous
 62
    18
420
        0
370
    25
100
AcDb2dPolyline
 66
     1
 10
0.0
 20
0.0
 30
0.0
  0
VERTEX
  5
136
330
135
100
AcDbEntity
  8
0
  6
Continuous
 62
    18
420
        0
370
    25
100
AcDbVertex
100
AcDb2dVertex
 10
35.68887952452742
 20
19.19408803554175
 30
0.0
  0
VERTEX
  5
137
330
135
100
AcDbEntity
  8
0
  6
Continuous
 62
    18
420
        0
370
    25
100
AcDbVertex
100
AcDb2dVertex
 10
35.68887952452739
 20
19.09408803554175
 30
0.0
  0
SEQEND
  5
138
330
135
100
AcDbEntity
  8
0
  6
Continuous
 62
    18
420
        0
370
    25
  0
POLYLINE
  5
139
330
1F
100
AcDbEntity
  8
0
  6
Continuous
 62
    18
420
        0
370
    25
100
AcDb2dPolyline
 66
     1
 10
0.0
 20
0.0
 30
0.0
  0
VERTEX
  5
13A
330
139
100
AcDbEntity
  8
0
  6
Continuous
 62
    18
420
        0
370
    25
100
AcDbVertex
100
AcDb2dVertex
 10
36.75587952452738
 20
14.29720365302482
 30
0.0
  0
VERTEX
  5
13B
330
139
100
AcDbEntity
  8
0
  6
Continuous
 62
    18
420
        0
370
    25
100
AcDbVertex
100
AcDb2dVertex
 10
36.75587952452739
 20
14.19720365302483
 30
0.0
  0
SEQEND
  5
13C
330
139
100
AcDbEntity
  8
0
  6
Continuous
 62
    18
420
        0
370
    25
  0
POLYLINE
  5
13D
330
1F
100
AcDbEntity
  8
0
  6
Continuous
 62
    18
420
        0
370
    25
100
AcDb2dPolyline
 66
     1
 10
0.0
 20
0.0
 30
0.0
  0
VERTEX
  5
13E
330
13D
100
AcDbEntity
  8
0
  6
Continuous
 62
    18
420
        0
370
    25
100
AcDbVertex
100
AcDb2dVertex
 10
35.68887952452739
 20
14.29720365302482
 30
0.0
  0
VERTEX
  5
13F
330
13D
100
AcDbEntity
  8
0
  6
Continuous
 62
    18
420
        0
370
    25
100
AcDbVertex
100
AcDb2dVertex
 10
35.68887952452739
 20
14.19720365302483
 30
0.0
  0
SEQEND
  5
140
330
13D
100
AcDbEntity
  8
0
  6
Continuous
 62
    18
420
        0
370
    25
  0
POLYLINE
  5
141
330
1F
100
AcDbEntity
  8
0
  6
Continuous
 62
    18
420
        0
370
    25
100
AcDb2dPolyline
 66
     1
 10
0.0
 20
0.0
 30
0.0
  0
VERTEX
  5
142
330
141
100
AcDbEntity
  8
0
  6
Continuous
 62
    18
420
        0
370
    25
100
AcDbVertex
100
AcDb2dVertex
 10
43.0821478668911
 20
19.19408803554175
 30
0.0
  0
VERTEX
  5
143
330
141
100
AcDbEntity
  8
0
  6
Continuous
 62
    18
420
        0
370
    25
100
AcDbVertex
100
AcDb2dVertex
 10
43.08214786689108
 20
19.09405593067947
 30
0.0
  0
SEQEND
  5
144
330
141
100
AcDbEntity
  8
0
  6
Continuous
 62
    18
420
        0
370
    25
  0
POLYLINE
  5
145
330
1F
100
AcDbEntity
  8
0
  6
Continuous
 62
    18
420
        0
370
    25
100
AcDb2dPolyline
 66
     1
 10
0.0
 20
0.0
 30
0.0
  0
VERTEX
  5
146
330
145
100
AcDbEntity
  8
0
  6
Continuous
 62
    18
420
        0
370
    25
100
AcDbVertex
100
AcDb2dVertex
 10
44.14914786689109
 20
19.19408803554175
 30
0.0
  0
VERTEX
  5
147
330
145
100
AcDbEntity
  8
0
  6
Continuous
 62
    18
420
        0
370
    25
100
AcDbVertex
100
AcDb2dVertex
 10
44.14914786689108
 20
19.09408224604591
 30
0.0
  0
SEQEND
  5
148
330
145
100
AcDbEntity
  8
0
  6
Continuous
 62
    18
420
        0
370
    25
  0
POLYLINE
  5
149
330
1F
100
AcDbEntity
  8
0
  6
Continuous
 62
    18
420
        0
370
    25
100
AcDb2dPolyline
 66
     1
 10
0.0
 20
0.0
 30
0.0
  0
VERTEX
  5
14A
330
149
100
AcDbEntity
  8
0
  6
Continuous
 62
    18
420
        0
370
    25
100
AcDbVertex
100
AcDb2dVertex
 10
44.72381013834241
 20
19.19408803554175
 30
0.0
  0
VERTEX
  5
14B
330
149
100
AcDbEntity
  8
0
  6
Continuous
 62
    18
420
        0
370
    25
100
AcDbVertex
100
AcDb2dVertex
 10
44.72381013834245
 20
19.09408803554175
 30
0.0
  0
SEQEND
  5
14C
330
149
100
AcDbEntity
  8
0
  6
Continuous
 62
    18
420
        0
370
    25
  0
POLYLINE
  5
14D
330
1F
100
AcDbEntity
  8
0
  6
Continuous
 62
    18
420
        0
370
    25
100
AcDb2dPolyline
 66
     1
 10
0.0
 20
0.0
 30
0.0
  0
VERTEX
  5
14E
330
14D
100
AcDbEntity
  8
0
  6
Continuous
 62
    18
420
        0
370
    25
100
AcDbVertex
100
AcDb2dVertex
 10
45.79081013834243
 20
19.19408803554175
 30
0.0
  0
VERTEX
  5
14F
330
14D
100
AcDbEntity
  8
0
  6
Continuous
 62
    18
420
        0
370
    25
100
AcDbVertex
100
AcDb2dVertex
 10
45.79081013834243
 20
19.09408803554175
 30
0.0
  0
SEQEND
  5
150
330
14D
100
AcDbEntity
  8
0
  6
Continuous
 62
    18
420
        0
370
    25
  0
POLYLINE
  5
151
330
1F
100
AcDbEntity
  8
0
  6
Continuous
 62
    18
420
        0
370
    70
100
AcDb2dPolyline
 66
     1
 10
0.0
 20
0.0
 30
0.0
 70
     1
  0
VERTEX
  5
152
330
151
100
AcDbEntity
  8
0
  6
Continuous
 62
    18
420
        0
370
    70
100
AcDbVertex
100
AcDb2dVertex
 10
39.49741807034719
 20
7.900577321621931
 30
0.0
  0
VERTEX
  5
153
330
151
100
AcDbEntity
  8
0
  6
Continuous
 62
    18
420
        0
370
    70
100
AcDbVertex
100
AcDb2dVertex
 10
39.4974180703472
 20
8.100577321621934
 30
0.0
  0
VERTEX
  5
154
330
151
100
AcDbEntity
  8
0
  6
Continuous
 62
    18
420
        0
370
    70
100
AcDbVertex
100
AcDb2dVertex
 10
39.84338690845721
 20
8.100577321621934
 30
0.0
  0
VERTEX
  5
155
330
151
100
AcDbEntity
  8
0
  6
Continuous
 62
    18
420
        0
370
    70
100
AcDbVertex
100
AcDb2dVertex
 10
39.84338690845721
 20
11.37547665672992
 30
0.0
  0
VERTEX
  5
156
330
151
100
AcDbEntity
  8
0
  6
Continuous
 62
    18
420
        0
370
    70
100
AcDbVertex
100
AcDb2dVertex
 10
37.30598779638563
 20
11.37547665672992
 30
0.0
  0
VERTEX
  5
157
330
151
100
AcDbEntity
  8
0
  6
Continuous
 62
    18
420
        0
370
    70
100
AcDbVertex
100
AcDb2dVertex
 10
37.30598779638563
 20
8.100577321621934
 30
0.0
  0
VERTEX
  5
158
330
151
100
AcDbEntity
  8
0
  6
Continuous
 62
    18
420
        0
370
    70
100
AcDbVertex
100
AcDb2dVertex
 10
37.68741807034718
 20
8.100577321621934
 30
0.0
  0
VERTEX
  5
159
330
151
100
AcDbEntity
  8
0
  6
Continuous
 62
    18
420
        0
370
    70
100
AcDbVertex
100
AcDb2dVertex
 10
37.68741807034718
 20
7.900577321621931
 30
0.0
  0
VERTEX
  5
15A
330
151
100
AcDbEntity
  8
0
  6
Continuous
 62
    18
420
        0
370
    70
100
AcDbVertex
100
AcDb2dVertex
 10
33.42018109332574
 20
7.900577321621931
 30
0.0
  0
VERTEX
  5
15B
330
151
100
AcDbEntity
  8
0
  6
Continuous
 62
    18
420
        0
370
    70
100
AcDbVertex
100
AcDb2dVertex
 10
33.42018109332572
 20
8.000577321621932
 30
0.0
  0
VERTEX
  5
15C
330
151
100
AcDbEntity
  8
0
  6
Continuous
 62
    18
420
        0
370
    70
100
AcDbVertex
100
AcDb2dVertex
 10
37.10598779638563
 20
8.000577321621932
 30
0.0
  0
VERTEX
  5
15D
330
151
100
AcDbEntity
  8
0
  6
Continuous
 62
    18
420
        0
370
    70
100
AcDbVertex
100
AcDb2dVertex
 10
37.10598779638563
 20
11.47547665672992
 30
0.0
  0
VERTEX
  5
15E
330
151
100
AcDbEntity
  8
0
  6
Continuous
 62
    18
420
        0
370
    70
100
AcDbVertex
100
AcDb2dVertex
 10
23.43975936838076
 20
11.47547665672992
 30
0.0
  0
VERTEX
  5
15F
330
151
100
AcDbEntity
  8
0
  6
Continuous
 62
    18
420
        0
370
    70
100
AcDbVertex
100
AcDb2dVertex
 10
23.43975936838076
 20
8.000577321621922
 30
0.0
  0
VERTEX
  5
160
330
151
100
AcDbEntity
  8
0
  6
Continuous
 62
    18
420
        0
370
    70
100
AcDbVertex
100
AcDb2dVertex
 10
25.09622685985667
 20
8.000577321621922
 30
0.0
  0
VERTEX
  5
161
330
151
100
AcDbEntity
  8
0
  6
Continuous
 62
    18
420
        0
370
    70
100
AcDbVertex
100
AcDb2dVertex
 10
25.09622685985667
 20
7.900577321621935
 30
0.0
  0
VERTEX
  5
162
330
151
100
AcDbEntity
  8
0
  6
Continuous
 62
    18
420
        0
370
    70
100
AcDbVertex
100
AcDb2dVertex
 10
23.33975936838076
 20
7.900577321621935
 30
0.0
  0
VERTEX
  5
163
330
151
100
AcDbEntity
  8
0
  6
Continuous
 62
    18
420
        0
370
    70
100
AcDbVertex
100
AcDb2dVertex
 10
23.33975936838076
 20
11.57547665672992
 30
0.0
  0
VERTEX
  5
164
330
151
100
AcDbEntity
  8
0
  6
Continuous
 62
    18
420
        0
370
    70
100
AcDbVertex
100
AcDb2dVertex
 10
40.35881565129192
 20
11.57547665672992
 30
0.0
  0
VERTEX
  5
165
330
151
100
AcDbEntity
  8
0
  6
Continuous
 62
    18
420
        0
370
    70
100
AcDbVertex
100
AcDb2dVertex
 10
40.35881565129189
 20
11.47547665672992
 30
0.0
  0
VERTEX
  5
166
330
151
100
AcDbEntity
  8
0
  6
Continuous
 62
    18
420
        0
370
    70
100
AcDbVertex
100
AcDb2dVertex
 10
40.04338690845722
 20
11.47547665672992
 30
0.0
  0
VERTEX
  5
167
330
151
100
AcDbEntity
  8
0
  6
Continuous
 62
    18
420
        0
370
    70
100
AcDbVertex
100
AcDb2dVertex
 10
40.04338690845722
 20
8.000577321621922
 30
0.0
  0
VERTEX
  5
168
330
151
100
AcDbEntity
  8
0
  6
Continuous
 62
    18
420
        0
370
    70
100
AcDbVertex
100
AcDb2dVertex
 10
44.37751778682166
 20
8.000577321621922
 30
0.0
  0
VERTEX
  5
169
330
151
100
AcDbEntity
  8
0
  6
Continuous
 62
    18
420
        0
370
    70
100
AcDbVertex
100
AcDb2dVertex
 10
44.37751778682166
 20
11.47547665672992
 30
0.0
  0
VERTEX
  5
16A
330
151
100
AcDbEntity
  8
0
  6
Continuous
 62
    18
420
        0
370
    70
100
AcDbVertex
100
AcDb2dVertex
 10
41.42581565129188
 20
11.47547665672992
 30
0.0
  0
VERTEX
  5
16B
330
151
100
AcDbEntity
  8
0
  6
Continuous
 62
    18
420
        0
370
    70
100
AcDbVertex
100
AcDb2dVertex
 10
41.42581565129188
 20
11.57547665672993
 30
0.0
  0
VERTEX
  5
16C
330
151
100
AcDbEntity
  8
0
  6
Continuous
 62
    18
420
        0
370
    70
100
AcDbVertex
100
AcDb2dVertex
 10
44.77898422156242
 20
11.57547665672993
 30
0.0
  0
VERTEX
  5
16D
330
151
100
AcDbEntity
  8
0
  6
Continuous
 62
    18
420
        0
370
    70
100
AcDbVertex
100
AcDb2dVertex
 10
44.77898422156242
 20
11.47547665672992
 30
0.0
  0
VERTEX
  5
16E
330
151
100
AcDbEntity
  8
0
  6
Continuous
 62
    18
420
        0
370
    70
100
AcDbVertex
100
AcDb2dVertex
 10
44.47751778682166
 20
11.47547665672992
 30
0.0
  0
VERTEX
  5
16F
330
151
100
AcDbEntity
  8
0
  6
Continuous
 62
    18
420
        0
370
    70
100
AcDbVertex
100
AcDb2dVertex
 10
44.47751778682166
 20
8.000577321621922
 30
0.0
  0
VERTEX
  5
170
330
151
100
AcDbEntity
  8
0
  6
Continuous
 62
    18
420
        0
370
    70
100
AcDbVertex
100
AcDb2dVertex
 10
49.34069836926768
 20
8.000577321621922
 30
0.0
  0
VERTEX
  5
171
330
151
100
AcDbEntity
  8
0
  6
Continuous
 62
    18
420
        0
370
    70
100
AcDbVertex
100
AcDb2dVertex
 10
49.34069836926768
 20
11.47547665672992
 30
0.0
  0
VERTEX
  5
172
330
151
100
AcDbEntity
  8
0
  6
Continuous
 62
    18
420
        0
370
    70
100
AcDbVertex
100
AcDb2dVertex
 10
45.84598422156244
 20
11.47547665672992
 30
0.0
  0
VERTEX
  5
173
330
151
100
AcDbEntity
  8
0
  6
Continuous
 62
    18
420
        0
370
    70
100
AcDbVertex
100
AcDb2dVertex
 10
45.84598422156245
 20
11.57547665672993
 30
0.0
  0
VERTEX
  5
174
330
151
100
AcDbEntity
  8
0
  6
Continuous
 62
    18
420
        0
370
    70
100
AcDbVertex
100
AcDb2dVertex
 10
49.44069836926769
 20
11.57547665672993
 30
0.0
  0
VERTEX
  5
175
330
151
100
AcDbEntity
  8
0
  6
Continuous
 62
    18
420
        0
370
    70
100
AcDbVertex
100
AcDb2dVertex
 10
49.44069836926769
 20
7.900577321621931
 30
0.0
  0
SEQEND
  5
176
330
151
100
AcDbEntity
  8
0
  6
Continuous
 62
    18
420
        0
370
    70
  0
POLYLINE
  5
177
330
1F
100
AcDbEntity
  8
0
  6
Continuous
 62
    18
420
        0
370
    70
100
AcDb2dPolyline
 66
     1
 10
0.0
 20
0.0
 30
0.0
 70
     1
  0
VERTEX
  5
178
330
177
100
AcDbEntity
  8
0
  6
Continuous
 62
    18
420
        0
370
    70
100
AcDbVertex
100
AcDb2dVertex
 10
26.90622685985668
 20
8.000577321621932
 30
0.0
  0
VERTEX
  5
179
330
177
100
AcDbEntity
  8
0
  6
Continuous
 62
    18
420
        0
370
    70
100
AcDbVertex
100
AcDb2dVertex
 10
31.61018109332572
 20
8.000577321621932
 30
0.0
  0
VERTEX
  5
17A
330
177
100
AcDbEntity
  8
0
  6
Continuous
 62
    18
420
        0
370
    70
100
AcDbVertex
100
AcDb2dVertex
 10
31.61018109332572
 20
7.900577321621935
 30
0.0
  0
VERTEX
  5
17B
330
177
100
AcDbEntity
  8
0
  6
Continuous
 62
    18
420
        0
370
    70
100
AcDbVertex
100
AcDb2dVertex
 10
26.90622685985668
 20
7.900577321621935
 30
0.0
  0
SEQEND
  5
17C
330
177
100
AcDbEntity
  8
0
  6
Continuous
 62
    18
420
        0
370
    70
  0
POLYLINE
  5
17D
330
1F
100
AcDbEntity
  8
0
  6
Continuous
 62
    18
420
        0
370
    70
100
AcDb2dPolyline
 66
     1
 10
0.0
 20
0.0
 30
0.0
 70
     1
  0
VERTEX
  5
17E
330
17D
100
AcDbEntity
  8
0
  6
Continuous
 62
    18
420
        0
370
    70
100
AcDbVertex
100
AcDb2dVertex
 10
23.95954213406836
 20
19.19408803554175
 30
0.0
  0
VERTEX
  5
17F
330
17D
100
AcDbEntity
  8
0
  6
Continuous
 62
    18
420
        0
370
    70
100
AcDbVertex
100
AcDb2dVertex
 10
23.95954213406836
 20
19.09408803554175
 30
0.0
  0
VERTEX
  5
180
330
17D
100
AcDbEntity
  8
0
  6
Continuous
 62
    18
420
        0
370
    70
100
AcDbVertex
100
AcDb2dVertex
 10
23.43975936838076
 20
19.09408803554175
 30
0.0
  0
VERTEX
  5
181
330
17D
100
AcDbEntity
  8
0
  6
Continuous
 62
    18
420
        0
370
    70
100
AcDbVertex
100
AcDb2dVertex
 10
23.43975936838076
 20
14.29720365302483
 30
0.0
  0
VERTEX
  5
182
330
17D
100
AcDbEntity
  8
0
  6
Continuous
 62
    18
420
        0
370
    70
100
AcDbVertex
100
AcDb2dVertex
 10
31.65379259840129
 20
14.29720365302483
 30
0.0
  0
VERTEX
  5
183
330
17D
100
AcDbEntity
  8
0
  6
Continuous
 62
    18
420
        0
370
    70
100
AcDbVertex
100
AcDb2dVertex
 10
31.65379259840129
 20
19.09408803554175
 30
0.0
  0
VERTEX
  5
184
330
17D
100
AcDbEntity
  8
0
  6
Continuous
 62
    18
420
        0
370
    70
100
AcDbVertex
100
AcDb2dVertex
 10
30.17220880073507
 20
19.09408803554175
 30
0.0
  0
VERTEX
  5
185
330
17D
100
AcDbEntity
  8
0
  6
Continuous
 62
    18
420
        0
370
    70
100
AcDbVertex
100
AcDb2dVertex
 10
30.17220880073503
 20
19.19408803554175
 30
0.0
  0
VERTEX
  5
186
330
17D
100
AcDbEntity
  8
0
  6
Continuous
 62
    18
420
        0
370
    70
100
AcDbVertex
100
AcDb2dVertex
 10
33.08537952452742
 20
19.19408803554175
 30
0.0
  0
VERTEX
  5
187
330
17D
100
AcDbEntity
  8
0
  6
Continuous
 62
    18
420
        0
370
    70
100
AcDbVertex
100
AcDb2dVertex
 10
33.08537952452739
 20
19.09408803554175
 30
0.0
  0
VERTEX
  5
188
330
17D
100
AcDbEntity
  8
0
  6
Continuous
 62
    18
420
        0
370
    70
100
AcDbVertex
100
AcDb2dVertex
 10
31.75379259840127
 20
19.09408803554175
 30
0.0
  0
VERTEX
  5
189
330
17D
100
AcDbEntity
  8
0
  6
Continuous
 62
    18
420
        0
370
    70
100
AcDbVertex
100
AcDb2dVertex
 10
31.75379259840127
 20
14.29720365302483
 30
0.0
  0
VERTEX
  5
18A
330
17D
100
AcDbEntity
  8
0
  6
Continuous
 62
    18
420
        0
370
    70
100
AcDbVertex
100
AcDb2dVertex
 10
35.68887952452739
 20
14.29720365302482
 30
0.0
  0
VERTEX
  5
18B
330
17D
100
AcDbEntity
  8
0
  6
Continuous
 62
    18
420
        0
370
    70
100
AcDbVertex
100
AcDb2dVertex
 10
35.68887952452739
 20
14.19720365302483
 30
0.0
  0
VERTEX
  5
18C
330
17D
100
AcDbEntity
  8
0
  6
Continuous
 62
    18
420
        0
370
    70
100
AcDbVertex
100
AcDb2dVertex
 10
23.33975936838076
 20
14.19720365302483
 30
0.0
  0
VERTEX
  5
18D
330
17D
100
AcDbEntity
  8
0
  6
Continuous
 62
    18
420
        0
370
    70
100
AcDbVertex
100
AcDb2dVertex
 10
23.33975936838076
 20
19.19408803554175
 30
0.0
  0
SEQEND
  5
18E
330
17D
100
AcDbEntity
  8
0
  6
Continuous
 62
    18
420
        0
370
    70
  0
POLYLINE
  5
18F
330
1F
100
AcDbEntity
  8
0
  6
Continuous
 62
    18
420
        0
370
    70
100
AcDb2dPolyline
 66
     1
 10
0.0
 20
0.0
 30
0.0
 70
     1
  0
VERTEX
  5
190
330
18F
100
AcDbEntity
  8
0
  6
Continuous
 62
    18
420
        0
370
    70
100
AcDbVertex
100
AcDb2dVertex
 10
36.75587952452738
 20
19.19408803554175
 30
0.0
  0
VERTEX
  5
191
330
18F
100
AcDbEntity
  8
0
  6
Continuous
 62
    18
420
        0
370
    70
100
AcDbVertex
100
AcDb2dVertex
 10
37.20598779638564
 20
19.19408803554175
 30
0.0
  0
VERTEX
  5
192
330
18F
100
AcDbEntity
  8
0
  6
Continuous
 62
    18
420
        0
370
    70
100
AcDbVertex
100
AcDb2dVertex
 10
37.20598779638564
 20
14.19720365302483
 30
0.0
  0
VERTEX
  5
193
330
18F
100
AcDbEntity
  8
0
  6
Continuous
 62
    18
420
        0
370
    70
100
AcDbVertex
100
AcDb2dVertex
 10
36.75587952452739
 20
14.19720365302483
 30
0.0
  0
VERTEX
  5
194
330
18F
100
AcDbEntity
  8
0
  6
Continuous
 62
    18
420
        0
370
    70
100
AcDbVertex
100
AcDb2dVertex
 10
36.75587952452738
 20
14.29720365302482
 30
0.0
  0
VERTEX
  5
195
330
18F
100
AcDbEntity
  8
0
  6
Continuous
 62
    18
420
        0
370
    70
100
AcDbVertex
100
AcDb2dVertex
 10
37.10598779638563
 20
14.29720365302482
 30
0.0
  0
VERTEX
  5
196
330
18F
100
AcDbEntity
  8
0
  6
Continuous
 62
    18
420
        0
370
    70
100
AcDbVertex
100
AcDb2dVertex
 10
37.10598779638563
 20
19.09408803554175
 30
0.0
  0
VERTEX
  5
197
330
18F
100
AcDbEntity
  8
0
  6
Continuous
 62
    18
420
        0
370
    70
100
AcDbVertex
100
AcDb2dVertex
 10
36.75587952452739
 20
19.09408803554175
 30
0.0
  0
SEQEND
  5
198
330
18F
100
AcDbEntity
  8
0
  6
Continuous
 62
    18
420
        0
370
    70
  0
POLYLINE
  5
199
330
1F
100
AcDbEntity
  8
0
  6
Continuous
 62
    18
420
        0
370
    70
100
AcDb2dPolyline
 66
     1
 10
0.0
 20
0.0
 30
0.0
 70
     1
  0
VERTEX
  5
19A
330
199
100
AcDbEntity
  8
0
  6
Continuous
 62
    18
420
        0
370
    70
100
AcDbVertex
100
AcDb2dVertex
 10
43.0821478668911
 20
19.19408803554175
 30
0.0
  0
VERTEX
  5
19B
330
199
100
AcDbEntity
  8
0
  6
Continuous
 62
    18
420
        0
370
    70
100
AcDbVertex
100
AcDb2dVertex
 10
43.08214786689108
 20
19.09405593067947
 30
0.0
  0
VERTEX
  5
19C
330
199
100
AcDbEntity
  8
0
  6
Continuous
 62
    18
420
        0
370
    70
100
AcDbVertex
100
AcDb2dVertex
 10
40.04338690845722
 20
19.09398098587335
 30
0.0
  0
VERTEX
  5
19D
330
199
100
AcDbEntity
  8
0
  6
Continuous
 62
    18
420
        0
370
    70
100
AcDbVertex
100
AcDb2dVertex
 10
40.04338690845722
 20
14.29764934137109
 30
0.0
  0
VERTEX
  5
19E
330
199
100
AcDbEntity
  8
0
  6
Continuous
 62
    18
420
        0
370
    70
100
AcDbVertex
100
AcDb2dVertex
 10
43.07577305766686
 20
14.29764934137109
 30
0.0
  0
VERTEX
  5
19F
330
199
100
AcDbEntity
  8
0
  6
Continuous
 62
    18
420
        0
370
    70
100
AcDbVertex
100
AcDb2dVertex
 10
43.07577305766686
 20
14.19764934137109
 30
0.0
  0
VERTEX
  5
1A0
330
199
100
AcDbEntity
  8
0
  6
Continuous
 62
    18
420
        0
370
    70
100
AcDbVertex
100
AcDb2dVertex
 10
39.94338690845721
 20
14.19764934137108
 30
0.0
  0
VERTEX
  5
1A1
330
199
100
AcDbEntity
  8
0
  6
Continuous
 62
    18
420
        0
370
    70
100
AcDbVertex
100
AcDb2dVertex
 10
39.94338690845721
 20
19.19408803554175
 30
0.0
  0
SEQEND
  5
1A2
330
199
100
AcDbEntity
  8
0
  6
Continuous
 62
    18
420
        0
370
    70
  0
POLYLINE
  5
1A3
330
1F
100
AcDbEntity
  8
0
  6
Continuous
 62
    18
420
        0
370
    70
100
AcDb2dPolyline
 66
     1
 10
0.0
 20
0.0
 30
0.0
 70
     1
  0
VERTEX
  5
1A4
330
1A3
100
AcDbEntity
  8
0
  6
Continuous
 62
    18
420
        0
370
    70
100
AcDbVertex
100
AcDb2dVertex
 10
44.14914786689109
 20
19.19408803554175
 30
0.0
  0
VERTEX
  5
1A5
330
1A3
100
AcDbEntity
  8
0
  6
Continuous
 62
    18
420
        0
370
    70
100
AcDbVertex
100
AcDb2dVertex
 10
44.14914786689108
 20
19.09408224604591
 30
0.0
  0
VERTEX
  5
1A6
330
1A3
100
AcDbEntity
  8
0
  6
Continuous
 62
    18
420
        0
370
    70
100
AcDbVertex
100
AcDb2dVertex
 10
44.383892538809
 20
19.09408803554175
 30
0.0
  0
VERTEX
  5
1A7
330
1A3
100
AcDbEntity
  8
0
  6
Continuous
 62
    18
420
        0
370
    70
100
AcDbVertex
100
AcDb2dVertex
 10
44.37751772958477
 20
14.29764934137109
 30
0.0
  0
VERTEX
  5
1A8
330
1A3
100
AcDbEntity
  8
0
  6
Continuous
 62
    18
420
        0
370
    70
100
AcDbVertex
100
AcDb2dVertex
 10
44.14277305766689
 20
14.29764934137109
 30
0.0
  0
VERTEX
  5
1A9
330
1A3
100
AcDbEntity
  8
0
  6
Continuous
 62
    18
420
        0
370
    70
100
AcDbVertex
100
AcDb2dVertex
 10
44.14277305766689
 20
14.19764934137108
 30
0.0
  0
VERTEX
  5
1AA
330
1A3
100
AcDbEntity
  8
0
  6
Continuous
 62
    18
420
        0
370
    70
100
AcDbVertex
100
AcDb2dVertex
 10
49.44069836926769
 20
14.19764934137108
 30
0.0
  0
VERTEX
  5
1AB
330
1A3
100
AcDbEntity
  8
0
  6
Continuous
 62
    18
420
        0
370
    70
100
AcDbVertex
100
AcDb2dVertex
 10
49.44069836926769
 20
19.19408803554175
 30
0.0
  0
VERTEX
  5
1AC
330
1A3
100
AcDbEntity
  8
0
  6
Continuous
 62
    18
420
        0
370
    70
100
AcDbVertex
100
AcDb2dVertex
 10
45.79081013834243
 20
19.19408803554175
 30
0.0
  0
VERTEX
  5
1AD
330
1A3
100
AcDbEntity
  8
0
  6
Continuous
 62
    18
420
        0
370
    70
100
AcDbVertex
100
AcDb2dVertex
 10
45.79081013834243
 20
19.09408803554175
 30
0.0
  0
VERTEX
  5
1AE
330
1A3
100
AcDbEntity
  8
0
  6
Continuous
 62
    18
420
        0
370
    70
100
AcDbVertex
100
AcDb2dVertex
 10
49.34069836926768
 20
19.09408803554175
 30
0.0
  0
VERTEX
  5
1AF
330
1A3
100
AcDbEntity
  8
0
  6
Continuous
 62
    18
420
        0
370
    70
100
AcDbVertex
100
AcDb2dVertex
 10
49.34069836926768
 20
14.29764934137109
 30
0.0
  0
VERTEX
  5
1B0
330
1A3
100
AcDbEntity
  8
0
  6
Continuous
 62
    18
420
        0
370
    70
100
AcDbVertex
100
AcDb2dVertex
 10
44.47746426198744
 20
14.29764931272201
 30
0.0
  0
VERTEX
  5
1B1
330
1A3
100
AcDbEntity
  8
0
  6
Continuous
 62
    18
420
        0
370
    70
100
AcDbVertex
100
AcDb2dVertex
 10
44.48112403383838
 20
19.09408803554175
 30
0.0
  0
VERTEX
  5
1B2
330
1A3
100
AcDbEntity
  8
0
  6
Continuous
 62
    18
420
        0
370
    70
100
AcDbVertex
100
AcDb2dVertex
 10
44.72381013834245
 20
19.09408803554175
 30
0.0
  0
VERTEX
  5
1B3
330
1A3
100
AcDbEntity
  8
0
  6
Continuous
 62
    18
420
        0
370
    70
100
AcDbVertex
100
AcDb2dVertex
 10
44.72381013834241
 20
19.19408803554175
 30
0.0
  0
SEQEND
  5
1B4
330
1A3
100
AcDbEntity
  8
0
  6
Continuous
 62
    18
420
        0
370
    70
  0
POLYLINE
  5
1B5
330
1F
100
AcDbEntity
  8
0
  6
Continuous
 62
    18
420
        0
370
    70
100
AcDb2dPolyline
 66
     1
 10
0.0
 20
0.0
 30
0.0
 70
     1
  0
VERTEX
  5
1B6
330
1B5
100
AcDbEntity
  8
0
  6
Continuous
 62
    18
420
        0
370
    70
100
AcDbVertex
100
AcDb2dVertex
 10
51.82804087623164
 20
14.23729162381353
 30
0.0
  0
VERTEX
  5
1B7
330
1B5
100
AcDbEntity
  8
0
  6
Continuous
 62
    18
420
        0
370
    70
100
AcDbVertex
100
AcDb2dVertex
 10
51.82804087623164
 20
17.58404977499143
 30
0.0
  0
VERTEX
  5
1B8
330
1B5
100
AcDbEntity
  8
0
  6
Continuous
 62
    18
420
        0
370
    70
100
AcDbVertex
100
AcDb2dVertex
 10
56.18203172824276
 20
17.58404977499143
 30
0.0
  0
VERTEX
  5
1B9
330
1B5
100
AcDbEntity
  8
0
  6
Continuous
 62
    18
420
        0
370
    70
100
AcDbVertex
100
AcDb2dVertex
 10
56.18203172824276
 20
8.100577321621937
 30
0.0
  0
VERTEX
  5
1BA
330
1B5
100
AcDbEntity
  8
0
  6
Continuous
 62
    18
420
        0
370
    70
100
AcDbVertex
100
AcDb2dVertex
 10
51.82804087623164
 20
8.100577321621923
 30
0.0
  0
VERTEX
  5
1BB
330
1B5
100
AcDbEntity
  8
0
  6
Continuous
 62
    18
420
        0
370
    70
100
AcDbVertex
100
AcDb2dVertex
 10
51.82804087623164
 20
13.17029162381353
 30
0.0
  0
VERTEX
  5
1BC
330
1B5
100
AcDbEntity
  8
0
  6
Continuous
 62
    18
420
        0
370
    70
100
AcDbVertex
100
AcDb2dVertex
 10
51.62804087623165
 20
13.17029162381353
 30
0.0
  0
VERTEX
  5
1BD
330
1B5
100
AcDbEntity
  8
0
  6
Continuous
 62
    18
420
        0
370
    70
100
AcDbVertex
100
AcDb2dVertex
 10
51.62804087623165
 20
7.900577321621917
 30
0.0
  0
VERTEX
  5
1BE
330
1B5
100
AcDbEntity
  8
0
  6
Continuous
 62
    18
420
        0
370
    70
100
AcDbVertex
100
AcDb2dVertex
 10
56.38203172824275
 20
7.900577321621917
 30
0.0
  0
VERTEX
  5
1BF
330
1B5
100
AcDbEntity
  8
0
  6
Continuous
 62
    18
420
        0
370
    70
100
AcDbVertex
100
AcDb2dVertex
 10
56.38203172824275
 20
20.35254025368236
 30
0.0
  0
VERTEX
  5
1C0
330
1B5
100
AcDbEntity
  8
0
  6
Continuous
 62
    18
420
        0
370
    70
100
AcDbVertex
100
AcDb2dVertex
 10
51.62804087623165
 20
20.35254025368236
 30
0.0
  0
VERTEX
  5
1C1
330
1B5
100
AcDbEntity
  8
0
  6
Continuous
 62
    18
420
        0
370
    70
100
AcDbVertex
100
AcDb2dVertex
 10
51.62804087623165
 20
19.06436481510281
 30
0.0
  0
VERTEX
  5
1C2
330
1B5
100
AcDbEntity
  8
0
  6
Continuous
 62
    18
420
        0
370
    70
100
AcDbVertex
100
AcDb2dVertex
 10
51.72804087623162
 20
19.06436481510279
 30
0.0
  0
VERTEX
  5
1C3
330
1B5
100
AcDbEntity
  8
0
  6
Continuous
 62
    18
420
        0
370
    70
100
AcDbVertex
100
AcDb2dVertex
 10
51.72804087623162
 20
20.25254025368235
 30
0.0
  0
VERTEX
  5
1C4
330
1B5
100
AcDbEntity
  8
0
  6
Continuous
 62
    18
420
        0
370
    70
100
AcDbVertex
100
AcDb2dVertex
 10
56.28203172824276
 20
20.25254025368235
 30
0.0
  0
VERTEX
  5
1C5
330
1B5
100
AcDbEntity
  8
0
  6
Continuous
 62
    18
420
        0
370
    70
100
AcDbVertex
100
AcDb2dVertex
 10
56.28203172824276
 20
17.78404977499142
 30
0.0
  0
VERTEX
  5
1C6
330
1B5
100
AcDbEntity
  8
0
  6
Continuous
 62
    18
420
        0
370
    70
100
AcDbVertex
100
AcDb2dVertex
 10
51.72804087623162
 20
17.78404977499142
 30
0.0
  0
VERTEX
  5
1C7
330
1B5
100
AcDbEntity
  8
0
  6
Continuous
 62
    18
420
        0
370
    70
100
AcDbVertex
100
AcDb2dVertex
 10
51.72804087623162
 20
17.9973648151028
 30
0.0
  0
VERTEX
  5
1C8
330
1B5
100
AcDbEntity
  8
0
  6
Continuous
 62
    18
420
        0
370
    70
100
AcDbVertex
100
AcDb2dVertex
 10
51.62804087623165
 20
17.9973648151028
 30
0.0
  0
VERTEX
  5
1C9
330
1B5
100
AcDbEntity
  8
0
  6
Continuous
 62
    18
420
        0
370
    70
100
AcDbVertex
100
AcDb2dVertex
 10
51.62804087623165
 20
14.23729162381353
 30
0.0
  0
SEQEND
  5
1CA
330
1B5
100
AcDbEntity
  8
0
  6
Continuous
 62
    18
420
        0
370
    70
  0
POLYLINE
  5
1CB
330
1F
100
AcDbEntity
  8
0
  6
Continuous
 62
    18
420
        0
370
    70
100
AcDb2dPolyline
 66
     1
 10
0.0
 20
0.0
 30
0.0
 70
     1
  0
VERTEX
  5
1CC
330
1CB
100
AcDbEntity
  8
0
  6
Continuous
 62
    18
420
        0
370
    70
100
AcDbVertex
100
AcDb2dVertex
 10
19.59899643153252
 20
14.23729162381353
 30
0.0
  0
VERTEX
  5
1CD
330
1CB
100
AcDbEntity
  8
0
  6
Continuous
 62
    18
420
        0
370
    70
100
AcDbVertex
100
AcDb2dVertex
 10
19.59899643153252
 20
17.58404977499143
 30
0.0
  0
VERTEX
  5
1CE
330
1CB
100
AcDbEntity
  8
0
  6
Continuous
 62
    18
420
        0
370
    70
100
AcDbVertex
100
AcDb2dVertex
 10
15.2450055795214
 20
17.58404977499143
 30
0.0
  0
VERTEX
  5
1CF
330
1CB
100
AcDbEntity
  8
0
  6
Continuous
 62
    18
420
        0
370
    70
100
AcDbVertex
100
AcDb2dVertex
 10
15.2450055795214
 20
8.100577321621937
 30
0.0
  0
VERTEX
  5
1D0
330
1CB
100
AcDbEntity
  8
0
  6
Continuous
 62
    18
420
        0
370
    70
100
AcDbVertex
100
AcDb2dVertex
 10
19.59899643153252
 20
8.100577321621923
 30
0.0
  0
VERTEX
  5
1D1
330
1CB
100
AcDbEntity
  8
0
  6
Continuous
 62
    18
420
        0
370
    70
100
AcDbVertex
100
AcDb2dVertex
 10
19.59899643153252
 20
13.17029162381353
 30
0.0
  0
VERTEX
  5
1D2
330
1CB
100
AcDbEntity
  8
0
  6
Continuous
 62
    18
420
        0
370
    70
100
AcDbVertex
100
AcDb2dVertex
 10
19.79899643153251
 20
13.17029162381353
 30
0.0
  0
VERTEX
  5
1D3
330
1CB
100
AcDbEntity
  8
0
  6
Continuous
 62
    18
420
        0
370
    70
100
AcDbVertex
100
AcDb2dVertex
 10
19.79899643153251
 20
7.900577321621917
 30
0.0
  0
VERTEX
  5
1D4
330
1CB
100
AcDbEntity
  8
0
  6
Continuous
 62
    18
420
        0
370
    70
100
AcDbVertex
100
AcDb2dVertex
 10
15.0450055795214
 20
7.900577321621917
 30
0.0
  0
VERTEX
  5
1D5
330
1CB
100
AcDbEntity
  8
0
  6
Continuous
 62
    18
420
        0
370
    70
100
AcDbVertex
100
AcDb2dVertex
 10
15.0450055795214
 20
20.35254025368236
 30
0.0
  0
VERTEX
  5
1D6
330
1CB
100
AcDbEntity
  8
0
  6
Continuous
 62
    18
420
        0
370
    70
100
AcDbVertex
100
AcDb2dVertex
 10
19.79899643153251
 20
20.35254025368236
 30
0.0
  0
VERTEX
  5
1D7
330
1CB
100
AcDbEntity
  8
0
  6
Continuous
 62
    18
420
        0
370
    70
100
AcDbVertex
100
AcDb2dVertex
 10
19.79899643153251
 20
19.06436481510281
 30
0.0
  0
VERTEX
  5
1D8
330
1CB
100
AcDbEntity
  8
0
  6
Continuous
 62
    18
420
        0
370
    70
100
AcDbVertex
100
AcDb2dVertex
 10
19.69899643153252
 20
19.06436481510279
 30
0.0
  0
VERTEX
  5
1D9
330
1CB
100
AcDbEntity
  8
0
  6
Continuous
 62
    18
420
        0
370
    70
100
AcDbVertex
100
AcDb2dVertex
 10
19.69899643153252
 20
20.25254025368235
 30
0.0
  0
VERTEX
  5
1DA
330
1CB
100
AcDbEntity
  8
0
  6
Continuous
 62
    18
420
        0
370
    70
100
AcDbVertex
100
AcDb2dVertex
 10
15.1450055795214
 20
20.25254025368235
 30
0.0
  0
VERTEX
  5
1DB
330
1CB
100
AcDbEntity
  8
0
  6
Continuous
 62
    18
420
        0
370
    70
100
AcDbVertex
100
AcDb2dVertex
 10
15.1450055795214
 20
17.78404977499142
 30
0.0
  0
VERTEX
  5
1DC
330
1CB
100
AcDbEntity
  8
0
  6
Continuous
 62
    18
420
        0
370
    70
100
AcDbVertex
100
AcDb2dVertex
 10
19.69899643153252
 20
17.78404977499142
 30
0.0
  0
VERTEX
  5
1DD
330
1CB
100
AcDbEntity
  8
0
  6
Continuous
 62
    18
420
        0
370
    70
100
AcDbVertex
100
AcDb2dVertex
 10
19.69899643153252
 20
17.9973648151028
 30
0.0
  0
VERTEX
  5
1DE
330
1CB
100
AcDbEntity
  8
0
  6
Continuous
 62
    18
420
        0
370
    70
100
AcDbVertex
100
AcDb2dVertex
 10
19.79899643153251
 20
17.9973648151028
 30
0.0
  0
VERTEX
  5
1DF
330
1CB
100
AcDbEntity
  8
0
  6
Continuous
 62
    18
420
        0
370
    70
100
AcDbVertex
100
AcDb2dVertex
 10
19.79899643153251
 20
14.23729162381353
 30
0.0
  0
SEQEND
  5
1E0
330
1CB
100
AcDbEntity
  8
0
  6
Continuous
 62
    18
420
        0
370
    70
  0
POLYLINE
  5
1E1
330
1F
100
AcDbEntity
  8
0
  6
Continuous
 62
    18
420
        0
370
    25
100
AcDb2dPolyline
 66
     1
 10
0.0
 20
0.0
 30
0.0
 70
     1
  0
VERTEX
  5
1E2
330
1E1
100
AcDbEntity
  8
0
  6
Continuous
 62
    18
420
        0
370
    25
100
AcDbVertex
100
AcDb2dVertex
 10
9.810187500000026
 20
26.14415889597219
 30
0.0
  0
VERTEX
  5
1E3
330
1E1
100
AcDbEntity
  8
0
  6
Continuous
 62
    18
420
        0
370
    25
100
AcDbVertex
100
AcDb2dVertex
 10
9.997687500000033
 20
26.14415889597219
 30
0.0
  0
VERTEX
  5
1E4
330
1E1
100
AcDbEntity
  8
0
  6
Continuous
 62
    18
420
        0
370
    25
100
AcDbVertex
100
AcDb2dVertex
 10
9.997687500000033
 20
26.3316588959722
 30
0.0
  0
VERTEX
  5
1E5
330
1E1
100
AcDbEntity
  8
0
  6
Continuous
 62
    18
420
        0
370
    25
100
AcDbVertex
100
AcDb2dVertex
 10
9.810187500000026
 20
26.3316588959722
 30
0.0
  0
SEQEND
  5
1E6
330
1E1
100
AcDbEntity
  8
0
  6
Continuous
 62
    18
420
        0
370
    25
  0
POLYLINE
  5
1E7
330
1F
100
AcDbEntity
  8
0
  6
Continuous
 62
    18
420
        0
370
    25
100
AcDb2dPolyline
 66
     1
 10
0.0
 20
0.0
 30
0.0
 70
     1
  0
VERTEX
  5
1E8
330
1E7
100
AcDbEntity
  8
0
  6
Continuous
 62
    18
420
        0
370
    25
100
AcDbVertex
100
AcDb2dVertex
 10
11.56702083333337
 20
25.44565889597219
 30
0.0
  0
VERTEX
  5
1E9
330
1E7
100
AcDbEntity
  8
0
  6
Continuous
 62
    18
420
        0
370
    25
100
AcDbVertex
100
AcDb2dVertex
 10
11.75452083333337
 20
25.44565889597219
 30
0.0
  0
VERTEX
  5
1EA
330
1E7
100
AcDbEntity
  8
0
  6
Continuous
 62
    18
420
        0
370
    25
100
AcDbVertex
100
AcDb2dVertex
 10
11.75452083333337
 20
25.63315889597219
 30
0.0
  0
VERTEX
  5
1EB
330
1E7
100
AcDbEntity
  8
0
  6
Continuous
 62
    18
420
        0
370
    25
100
AcDbVertex
100
AcDb2dVertex
 10
11.56702083333337
 20
25.63315889597219
 30
0.0
  0
SEQEND
  5
1EC
330
1E7
100
AcDbEntity
  8
0
  6
Continuous
 62
    18
420
        0
370
    25
  0
POLYLINE
  5
1ED
330
1F
100
AcDbEntity
  8
0
  6
Continuous
 62
    18
420
        0
370
    25
100
AcDb2dPolyline
 66
     1
 10
0.0
 20
0.0
 30
0.0
 70
     1
  0
VERTEX
  5
1EE
330
1ED
100
AcDbEntity
  8
0
  6
Continuous
 62
    18
420
        0
370
    25
100
AcDbVertex
100
AcDb2dVertex
 10
13.64608333333335
 20
25.44565889597219
 30
0.0
  0
VERTEX
  5
1EF
330
1ED
100
AcDbEntity
  8
0
  6
Continuous
 62
    18
420
        0
370
    25
100
AcDbVertex
100
AcDb2dVertex
 10
13.83358333333335
 20
25.44565889597219
 30
0.0
  0
VERTEX
  5
1F0
330
1ED
100
AcDbEntity
  8
0
  6
Continuous
 62
    18
420
        0
370
    25
100
AcDbVertex
100
AcDb2dVertex
 10
13.83358333333335
 20
25.63315889597219
 30
0.0
  0
VERTEX
  5
1F1
330
1ED
100
AcDbEntity
  8
0
  6
Continuous
 62
    18
420
        0
370
    25
100
AcDbVertex
100
AcDb2dVertex
 10
13.64608333333335
 20
25.63315889597219
 30
0.0
  0
SEQEND
  5
1F2
330
1ED
100
AcDbEntity
  8
0
  6
Continuous
 62
    18
420
        0
370
    25
  0
POLYLINE
  5
1F3
330
1F
100
AcDbEntity
  8
0
  6
Continuous
 62
    18
420
        0
370
    25
100
AcDb2dPolyline
 66
     1
 10
0.0
 20
0.0
 30
0.0
 70
     1
  0
VERTEX
  5
1F4
330
1F3
100
AcDbEntity
  8
0
  6
Continuous
 62
    18
420
        0
370
    25
100
AcDbVertex
100
AcDb2dVertex
 10
9.810187500000026
 20
23.05382556263886
 30
0.0
  0
VERTEX
  5
1F5
330
1F3
100
AcDbEntity
  8
0
  6
Continuous
 62
    18
420
        0
370
    25
100
AcDbVertex
100
AcDb2dVertex
 10
9.997687500000033
 20
23.05382556263886
 30
0.0
  0
VERTEX
  5
1F6
330
1F3
100
AcDbEntity
  8
0
  6
Continuous
 62
    18
420
        0
370
    25
100
AcDbVertex
100
AcDb2dVertex
 10
9.997687500000033
 20
23.24132556263887
 30
0.0
  0
VERTEX
  5
1F7
330
1F3
100
AcDbEntity
  8
0
  6
Continuous
 62
    18
420
        0
370
    25
100
AcDbVertex
100
AcDb2dVertex
 10
9.810187500000026
 20
23.24132556263887
 30
0.0
  0
SEQEND
  5
1F8
330
1F3
100
AcDbEntity
  8
0
  6
Continuous
 62
    18
420
        0
370
    25
  0
POLYLINE
  5
1F9
330
1F
100
AcDbEntity
  8
0
  6
Continuous
 62
    18
420
        0
370
    25
100
AcDb2dPolyline
 66
     1
 10
0.0
 20
0.0
 30
0.0
 70
     1
  0
VERTEX
  5
1FA
330
1F9
100
AcDbEntity
  8
0
  6
Continuous
 62
    18
420
        0
370
    25
100
AcDbVertex
100
AcDb2dVertex
 10
11.56702083333337
 20
22.35532556263886
 30
0.0
  0
VERTEX
  5
1FB
330
1F9
100
AcDbEntity
  8
0
  6
Continuous
 62
    18
420
        0
370
    25
100
AcDbVertex
100
AcDb2dVertex
 10
11.75452083333337
 20
22.35532556263886
 30
0.0
  0
VERTEX
  5
1FC
330
1F9
100
AcDbEntity
  8
0
  6
Continuous
 62
    18
420
        0
370
    25
100
AcDbVertex
100
AcDb2dVertex
 10
11.75452083333337
 20
22.54282556263887
 30
0.0
  0
VERTEX
  5
1FD
330
1F9
100
AcDbEntity
  8
0
  6
Continuous
 62
    18
420
        0
370
    25
100
AcDbVertex
100
AcDb2dVertex
 10
11.56702083333337
 20
22.54282556263887
 30
0.0
  0
SEQEND
  5
1FE
330
1F9
100
AcDbEntity
  8
0
  6
Continuous
 62
    18
420
        0
370
    25
  0
POLYLINE
  5
1FF
330
1F
100
AcDbEntity
  8
0
  6
Continuous
 62
    18
420
        0
370
    25
100
AcDb2dPolyline
 66
     1
 10
0.0
 20
0.0
 30
0.0
 70
     1
  0
VERTEX
  5
200
330
1FF
100
AcDbEntity
  8
0
  6
Continuous
 62
    18
420
        0
370
    25
100
AcDbVertex
100
AcDb2dVertex
 10
54.81775
 20
25.08082556263886
 30
0.0
  0
VERTEX
  5
201
330
1FF
100
AcDbEntity
  8
0
  6
Continuous
 62
    18
420
        0
370
    25
100
AcDbVertex
100
AcDb2dVertex
 10
55.00525000000001
 20
25.08082556263886
 30
0.0
  0
VERTEX
  5
202
330
1FF
100
AcDbEntity
  8
0
  6
Continuous
 62
    18
420
        0
370
    25
100
AcDbVertex
100
AcDb2dVertex
 10
55.00525000000001
 20
25.26832556263887
 30
0.0
  0
VERTEX
  5
203
330
1FF
100
AcDbEntity
  8
0
  6
Continuous
 62
    18
420
        0
370
    25
100
AcDbVertex
100
AcDb2dVertex
 10
54.81775
 20
25.26832556263887
 30
0.0
  0
SEQEND
  5
204
330
1FF
100
AcDbEntity
  8
0
  6
Continuous
 62
    18
420
        0
370
    25
  0
POLYLINE
  5
205
330
1F
100
AcDbEntity
  8
0
  6
Continuous
 62
    18
420
        0
370
    25
100
AcDb2dPolyline
 66
     1
 10
0.0
 20
0.0
 30
0.0
 70
     1
  0
VERTEX
  5
206
330
205
100
AcDbEntity
  8
0
  6
Continuous
 62
    18
420
        0
370
    25
100
AcDbVertex
100
AcDb2dVertex
 10
54.28258333333333
 20
22.9791588959722
 30
0.0
  0
VERTEX
  5
207
330
205
100
AcDbEntity
  8
0
  6
Continuous
 62
    18
420
        0
370
    25
100
AcDbVertex
100
AcDb2dVertex
 10
54.47008333333333
 20
22.9791588959722
 30
0.0
  0
VERTEX
  5
208
330
205
100
AcDbEntity
  8
0
  6
Continuous
 62
    18
420
        0
370
    25
100
AcDbVertex
100
AcDb2dVertex
 10
54.47008333333333
 20
23.1666588959722
 30
0.0
  0
VERTEX
  5
209
330
205
100
AcDbEntity
  8
0
  6
Continuous
 62
    18
420
        0
370
    25
100
AcDbVertex
100
AcDb2dVertex
 10
54.28258333333333
 20
23.1666588959722
 30
0.0
  0
SEQEND
  5
20A
330
205
100
AcDbEntity
  8
0
  6
Continuous
 62
    18
420
        0
370
    25
  0
POLYLINE
  5
20B
330
1F
100
AcDbEntity
  8
0
  6
Continuous
 62
    18
420
        0
370
    25
100
AcDb2dPolyline
 66
     1
 10
0.0
 20
0.0
 30
0.0
 70
     1
  0
VERTEX
  5
20C
330
20B
100
AcDbEntity
  8
0
  6
Continuous
 62
    18
420
        0
370
    25
100
AcDbVertex
100
AcDb2dVertex
 10
54.28258333333333
 20
21.19115889597219
 30
0.0
  0
VERTEX
  5
20D
330
20B
100
AcDbEntity
  8
0
  6
Continuous
 62
    18
420
        0
370
    25
100
AcDbVertex
100
AcDb2dVertex
 10
54.47008333333333
 20
21.19115889597219
 30
0.0
  0
VERTEX
  5
20E
330
20B
100
AcDbEntity
  8
0
  6
Continuous
 62
    18
420
        0
370
    25
100
AcDbVertex
100
AcDb2dVertex
 10
54.47008333333333
 20
21.3786588959722
 30
0.0
  0
VERTEX
  5
20F
330
20B
100
AcDbEntity
  8
0
  6
Continuous
 62
    18
420
        0
370
    25
100
AcDbVertex
100
AcDb2dVertex
 10
54.28258333333333
 20
21.3786588959722
 30
0.0
  0
SEQEND
  5
210
330
20B
100
AcDbEntity
  8
0
  6
Continuous
 62
    18
420
        0
370
    25
  0
POLYLINE
  5
211
330
1F
100
AcDbEntity
  8
0
  6
Continuous
 62
    18
420
        0
370
    25
100
AcDb2dPolyline
 66
     1
 10
0.0
 20
0.0
 30
0.0
 70
     1
  0
VERTEX
  5
212
330
211
100
AcDbEntity
  8
0
  6
Continuous
 62
    18
420
        0
370
    25
100
AcDbVertex
100
AcDb2dVertex
 10
52.36241666666668
 20
25.08082556263886
 30
0.0
  0
VERTEX
  5
213
330
211
100
AcDbEntity
  8
0
  6
Continuous
 62
    18
420
        0
370
    25
100
AcDbVertex
100
AcDb2dVertex
 10
52.54991666666668
 20
25.08082556263886
 30
0.0
  0
VERTEX
  5
214
330
211
100
AcDbEntity
  8
0
  6
Continuous
 62
    18
420
        0
370
    25
100
AcDbVertex
100
AcDb2dVertex
 10
52.54991666666668
 20
25.26832556263887
 30
0.0
  0
VERTEX
  5
215
330
211
100
AcDbEntity
  8
0
  6
Continuous
 62
    18
420
        0
370
    25
100
AcDbVertex
100
AcDb2dVertex
 10
52.36241666666668
 20
25.26832556263887
 30
0.0
  0
SEQEND
  5
216
330
211
100
AcDbEntity
  8
0
  6
Continuous
 62
    18
420
        0
370
    25
  0
POLYLINE
  5
217
330
1F
100
AcDbEntity
  8
0
  6
Continuous
 62
    18
420
        0
370
    25
100
AcDb2dPolyline
 66
     1
 10
0.0
 20
0.0
 30
0.0
 70
     1
  0
VERTEX
  5
218
330
217
100
AcDbEntity
  8
0
  6
Continuous
 62
    18
420
        0
370
    25
100
AcDbVertex
100
AcDb2dVertex
 10
52.73741666666669
 20
22.9791588959722
 30
0.0
  0
VERTEX
  5
219
330
217
100
AcDbEntity
  8
0
  6
Continuous
 62
    18
420
        0
370
    25
100
AcDbVertex
100
AcDb2dVertex
 10
52.92491666666668
 20
22.9791588959722
 30
0.0
  0
VERTEX
  5
21A
330
217
100
AcDbEntity
  8
0
  6
Continuous
 62
    18
420
        0
370
    25
100
AcDbVertex
100
AcDb2dVertex
 10
52.92491666666668
 20
23.1666588959722
 30
0.0
  0
VERTEX
  5
21B
330
217
100
AcDbEntity
  8
0
  6
Continuous
 62
    18
420
        0
370
    25
100
AcDbVertex
100
AcDb2dVertex
 10
52.73741666666669
 20
23.1666588959722
 30
0.0
  0
SEQEND
  5
21C
330
217
100
AcDbEntity
  8
0
  6
Continuous
 62
    18
420
        0
370
    25
  0
POLYLINE
  5
21D
330
1F
100
AcDbEntity
  8
0
  6
Continuous
 62
    18
420
        0
370
    25
100
AcDb2dPolyline
 66
     1
 10
0.0
 20
0.0
 30
0.0
 70
     1
  0
VERTEX
  5
21E
330
21D
100
AcDbEntity
  8
0
  6
Continuous
 62
    18
420
        0
370
    25
100
AcDbVertex
100
AcDb2dVertex
 10
52.73741666666669
 20
21.19115889597219
 30
0.0
  0
VERTEX
  5
21F
330
21D
100
AcDbEntity
  8
0
  6
Continuous
 62
    18
420
        0
370
    25
100
AcDbVertex
100
AcDb2dVertex
 10
52.92491666666668
 20
21.19115889597219
 30
0.0
  0
VERTEX
  5
220
330
21D
100
AcDbEntity
  8
0
  6
Continuous
 62
    18
420
        0
370
    25
100
AcDbVertex
100
AcDb2dVertex
 10
52.92491666666668
 20
21.3786588959722
 30
0.0
  0
VERTEX
  5
221
330
21D
100
AcDbEntity
  8
0
  6
Continuous
 62
    18
420
        0
370
    25
100
AcDbVertex
100
AcDb2dVertex
 10
52.73741666666669
 20
21.3786588959722
 30
0.0
  0
SEQEND
  5
222
330
21D
100
AcDbEntity
  8
0
  6
Continuous
 62
    18
420
        0
370
    25
  0
POLYLINE
  5
223
330
1F
100
AcDbEntity
  8
0
  6
Continuous
 62
    18
420
        0
370
    25
100
AcDb2dPolyline
 66
     1
 10
0.0
 20
0.0
 30
0.0
 70
     1
  0
VERTEX
  5
224
330
223
100
AcDbEntity
  8
0
  6
Continuous
 62
    18
420
        0
370
    25
100
AcDbVertex
100
AcDb2dVertex
 10
35.64075
 20
25.08082556263886
 30
0.0
  0
VERTEX
  5
225
330
223
100
AcDbEntity
  8
0
  6
Continuous
 62
    18
420
        0
370
    25
100
AcDbVertex
100
AcDb2dVertex
 10
35.82825
 20
25.08082556263886
 30
0.0
  0
VERTEX
  5
226
330
223
100
AcDbEntity
  8
0
  6
Continuous
 62
    18
420
        0
370
    25
100
AcDbVertex
100
AcDb2dVertex
 10
35.82825
 20
25.26832556263887
 30
0.0
  0
VERTEX
  5
227
330
223
100
AcDbEntity
  8
0
  6
Continuous
 62
    18
420
        0
370
    25
100
AcDbVertex
100
AcDb2dVertex
 10
35.64075
 20
25.26832556263887
 30
0.0
  0
SEQEND
  5
228
330
223
100
AcDbEntity
  8
0
  6
Continuous
 62
    18
420
        0
370
    25
  0
POLYLINE
  5
229
330
1F
100
AcDbEntity
  8
0
  6
Continuous
 62
    18
420
        0
370
    25
100
AcDb2dPolyline
 66
     1
 10
0.0
 20
0.0
 30
0.0
 70
     1
  0
VERTEX
  5
22A
330
229
100
AcDbEntity
  8
0
  6
Continuous
 62
    18
420
        0
370
    25
100
AcDbVertex
100
AcDb2dVertex
 10
35.10558333333334
 20
22.9791588959722
 30
0.0
  0
VERTEX
  5
22B
330
229
100
AcDbEntity
  8
0
  6
Continuous
 62
    18
420
        0
370
    25
100
AcDbVertex
100
AcDb2dVertex
 10
35.29308333333335
 20
22.9791588959722
 30
0.0
  0
VERTEX
  5
22C
330
229
100
AcDbEntity
  8
0
  6
Continuous
 62
    18
420
        0
370
    25
100
AcDbVertex
100
AcDb2dVertex
 10
35.29308333333335
 20
23.1666588959722
 30
0.0
  0
VERTEX
  5
22D
330
229
100
AcDbEntity
  8
0
  6
Continuous
 62
    18
420
        0
370
    25
100
AcDbVertex
100
AcDb2dVertex
 10
35.10558333333334
 20
23.1666588959722
 30
0.0
  0
SEQEND
  5
22E
330
229
100
AcDbEntity
  8
0
  6
Continuous
 62
    18
420
        0
370
    25
  0
POLYLINE
  5
22F
330
1F
100
AcDbEntity
  8
0
  6
Continuous
 62
    18
420
        0
370
    25
100
AcDb2dPolyline
 66
     1
 10
0.0
 20
0.0
 30
0.0
 70
     1
  0
VERTEX
  5
230
330
22F
100
AcDbEntity
  8
0
  6
Continuous
 62
    18
420
        0
370
    25
100
AcDbVertex
100
AcDb2dVertex
 10
35.10558333333334
 20
20.00582556263886
 30
0.0
  0
VERTEX
  5
231
330
22F
100
AcDbEntity
  8
0
  6
Continuous
 62
    18
420
        0
370
    25
100
AcDbVertex
100
AcDb2dVertex
 10
35.29308333333335
 20
20.00582556263886
 30
0.0
  0
VERTEX
  5
232
330
22F
100
AcDbEntity
  8
0
  6
Continuous
 62
    18
420
        0
370
    25
100
AcDbVertex
100
AcDb2dVertex
 10
35.29308333333335
 20
20.19332556263886
 30
0.0
  0
VERTEX
  5
233
330
22F
100
AcDbEntity
  8
0
  6
Continuous
 62
    18
420
        0
370
    25
100
AcDbVertex
100
AcDb2dVertex
 10
35.10558333333334
 20
20.19332556263886
 30
0.0
  0
SEQEND
  5
234
330
22F
100
AcDbEntity
  8
0
  6
Continuous
 62
    18
420
        0
370
    25
  0
POLYLINE
  5
235
330
1F
100
AcDbEntity
  8
0
  6
Continuous
 62
    18
420
        0
370
    25
100
AcDb2dPolyline
 66
     1
 10
0.0
 20
0.0
 30
0.0
 70
     1
  0
VERTEX
  5
236
330
235
100
AcDbEntity
  8
0
  6
Continuous
 62
    18
420
        0
370
    25
100
AcDbVertex
100
AcDb2dVertex
 10
33.56041666666667
 20
20.00582556263886
 30
0.0
  0
VERTEX
  5
237
330
235
100
AcDbEntity
  8
0
  6
Continuous
 62
    18
420
        0
370
    25
100
AcDbVertex
100
AcDb2dVertex
 10
33.74791666666668
 20
20.00582556263886
 30
0.0
  0
VERTEX
  5
238
330
235
100
AcDbEntity
  8
0
  6
Continuous
 62
    18
420
        0
370
    25
100
AcDbVertex
100
AcDb2dVertex
 10
33.74791666666668
 20
20.19332556263886
 30
0.0
  0
VERTEX
  5
239
330
235
100
AcDbEntity
  8
0
  6
Continuous
 62
    18
420
        0
370
    25
100
AcDbVertex
100
AcDb2dVertex
 10
33.56041666666667
 20
20.19332556263886
 30
0.0
  0
SEQEND
  5
23A
330
235
100
AcDbEntity
  8
0
  6
Continuous
 62
    18
420
        0
370
    25
  0
POLYLINE
  5
23B
330
1F
100
AcDbEntity
  8
0
  6
Continuous
 62
    18
420
        0
370
    25
100
AcDb2dPolyline
 66
     1
 10
0.0
 20
0.0
 30
0.0
 70
     1
  0
VERTEX
  5
23C
330
23B
100
AcDbEntity
  8
0
  6
Continuous
 62
    18
420
        0
370
    25
100
AcDbVertex
100
AcDb2dVertex
 10
31.38133333333334
 20
20.00582556263886
 30
0.0
  0
VERTEX
  5
23D
330
23B
100
AcDbEntity
  8
0
  6
Continuous
 62
    18
420
        0
370
    25
100
AcDbVertex
100
AcDb2dVertex
 10
31.56883333333334
 20
20.00582556263886
 30
0.0
  0
VERTEX
  5
23E
330
23B
100
AcDbEntity
  8
0
  6
Continuous
 62
    18
420
        0
370
    25
100
AcDbVertex
100
AcDb2dVertex
 10
31.56883333333334
 20
20.19332556263886
 30
0.0
  0
VERTEX
  5
23F
330
23B
100
AcDbEntity
  8
0
  6
Continuous
 62
    18
420
        0
370
    25
100
AcDbVertex
100
AcDb2dVertex
 10
31.38133333333334
 20
20.19332556263886
 30
0.0
  0
SEQEND
  5
240
330
23B
100
AcDbEntity
  8
0
  6
Continuous
 62
    18
420
        0
370
    25
  0
POLYLINE
  5
241
330
1F
100
AcDbEntity
  8
0
  6
Continuous
 62
    18
420
        0
370
    25
100
AcDb2dPolyline
 66
     1
 10
0.0
 20
0.0
 30
0.0
 70
     1
  0
VERTEX
  5
242
330
241
100
AcDbEntity
  8
0
  6
Continuous
 62
    18
420
        0
370
    25
100
AcDbVertex
100
AcDb2dVertex
 10
28.82016666666667
 20
20.00582556263886
 30
0.0
  0
VERTEX
  5
243
330
241
100
AcDbEntity
  8
0
  6
Continuous
 62
    18
420
        0
370
    25
100
AcDbVertex
100
AcDb2dVertex
 10
29.00766666666668
 20
20.00582556263886
 30
0.0
  0
VERTEX
  5
244
330
241
100
AcDbEntity
  8
0
  6
Continuous
 62
    18
420
        0
370
    25
100
AcDbVertex
100
AcDb2dVertex
 10
29.00766666666668
 20
20.19332556263886
 30
0.0
  0
VERTEX
  5
245
330
241
100
AcDbEntity
  8
0
  6
Continuous
 62
    18
420
        0
370
    25
100
AcDbVertex
100
AcDb2dVertex
 10
28.82016666666667
 20
20.19332556263886
 30
0.0
  0
SEQEND
  5
246
330
241
100
AcDbEntity
  8
0
  6
Continuous
 62
    18
420
        0
370
    25
  0
POLYLINE
  5
247
330
1F
100
AcDbEntity
  8
0
  6
Continuous
 62
    18
420
        0
370
    25
100
AcDb2dPolyline
 66
     1
 10
0.0
 20
0.0
 30
0.0
 70
     1
  0
VERTEX
  5
248
330
247
100
AcDbEntity
  8
0
  6
Continuous
 62
    18
420
        0
370
    25
100
AcDbVertex
100
AcDb2dVertex
 10
35.10558333333334
 20
21.19115889597219
 30
0.0
  0
VERTEX
  5
249
330
247
100
AcDbEntity
  8
0
  6
Continuous
 62
    18
420
        0
370
    25
100
AcDbVertex
100
AcDb2dVertex
 10
35.29308333333335
 20
21.19115889597219
 30
0.0
  0
VERTEX
  5
24A
330
247
100
AcDbEntity
  8
0
  6
Continuous
 62
    18
420
        0
370
    25
100
AcDbVertex
100
AcDb2dVertex
 10
35.29308333333335
 20
21.3786588959722
 30
0.0
  0
VERTEX
  5
24B
330
247
100
AcDbEntity
  8
0
  6
Continuous
 62
    18
420
        0
370
    25
100
AcDbVertex
100
AcDb2dVertex
 10
35.10558333333334
 20
21.3786588959722
 30
0.0
  0
SEQEND
  5
24C
330
247
100
AcDbEntity
  8
0
  6
Continuous
 62
    18
420
        0
370
    25
  0
POLYLINE
  5
24D
330
1F
100
AcDbEntity
  8
0
  6
Continuous
 62
    18
420
        0
370
    25
100
AcDb2dPolyline
 66
     1
 10
0.0
 20
0.0
 30
0.0
 70
     1
  0
VERTEX
  5
24E
330
24D
100
AcDbEntity
  8
0
  6
Continuous
 62
    18
420
        0
370
    25
100
AcDbVertex
100
AcDb2dVertex
 10
33.18541666666667
 20
25.08082556263886
 30
0.0
  0
VERTEX
  5
24F
330
24D
100
AcDbEntity
  8
0
  6
Continuous
 62
    18
420
        0
370
    25
100
AcDbVertex
100
AcDb2dVertex
 10
33.37291666666668
 20
25.08082556263886
 30
0.0
  0
VERTEX
  5
250
330
24D
100
AcDbEntity
  8
0
  6
Continuous
 62
    18
420
        0
370
    25
100
AcDbVertex
100
AcDb2dVertex
 10
33.37291666666668
 20
25.26832556263887
 30
0.0
  0
VERTEX
  5
251
330
24D
100
AcDbEntity
  8
0
  6
Continuous
 62
    18
420
        0
370
    25
100
AcDbVertex
100
AcDb2dVertex
 10
33.18541666666667
 20
25.26832556263887
 30
0.0
  0
SEQEND
  5
252
330
24D
100
AcDbEntity
  8
0
  6
Continuous
 62
    18
420
        0
370
    25
  0
POLYLINE
  5
253
330
1F
100
AcDbEntity
  8
0
  6
Continuous
 62
    18
420
        0
370
    25
100
AcDb2dPolyline
 66
     1
 10
0.0
 20
0.0
 30
0.0
 70
     1
  0
VERTEX
  5
254
330
253
100
AcDbEntity
  8
0
  6
Continuous
 62
    18
420
        0
370
    25
100
AcDbVertex
100
AcDb2dVertex
 10
33.56041666666667
 20
22.9791588959722
 30
0.0
  0
VERTEX
  5
255
330
253
100
AcDbEntity
  8
0
  6
Continuous
 62
    18
420
        0
370
    25
100
AcDbVertex
100
AcDb2dVertex
 10
33.74791666666668
 20
22.9791588959722
 30
0.0
  0
VERTEX
  5
256
330
253
100
AcDbEntity
  8
0
  6
Continuous
 62
    18
420
        0
370
    25
100
AcDbVertex
100
AcDb2dVertex
 10
33.74791666666668
 20
23.1666588959722
 30
0.0
  0
VERTEX
  5
257
330
253
100
AcDbEntity
  8
0
  6
Continuous
 62
    18
420
        0
370
    25
100
AcDbVertex
100
AcDb2dVertex
 10
33.56041666666667
 20
23.1666588959722
 30
0.0
  0
SEQEND
  5
258
330
253
100
AcDbEntity
  8
0
  6
Continuous
 62
    18
420
        0
370
    25
  0
POLYLINE
  5
259
330
1F
100
AcDbEntity
  8
0
  6
Continuous
 62
    18
420
        0
370
    25
100
AcDb2dPolyline
 66
     1
 10
0.0
 20
0.0
 30
0.0
 70
     1
  0
VERTEX
  5
25A
330
259
100
AcDbEntity
  8
0
  6
Continuous
 62
    18
420
        0
370
    25
100
AcDbVertex
100
AcDb2dVertex
 10
33.56041666666667
 20
21.19115889597219
 30
0.0
  0
VERTEX
  5
25B
330
259
100
AcDbEntity
  8
0
  6
Continuous
 62
    18
420
        0
370
    25
100
AcDbVertex
100
AcDb2dVertex
 10
33.74791666666668
 20
21.19115889597219
 30
0.0
  0
VERTEX
  5
25C
330
259
100
AcDbEntity
  8
0
  6
Continuous
 62
    18
420
        0
370
    25
100
AcDbVertex
100
AcDb2dVertex
 10
33.74791666666668
 20
21.3786588959722
 30
0.0
  0
VERTEX
  5
25D
330
259
100
AcDbEntity
  8
0
  6
Continuous
 62
    18
420
        0
370
    25
100
AcDbVertex
100
AcDb2dVertex
 10
33.56041666666667
 20
21.3786588959722
 30
0.0
  0
SEQEND
  5
25E
330
259
100
AcDbEntity
  8
0
  6
Continuous
 62
    18
420
        0
370
    25
  0
POLYLINE
  5
25F
330
1F
100
AcDbEntity
  8
0
  6
Continuous
 62
    18
420
        0
370
    25
100
AcDb2dPolyline
 66
     1
 10
0.0
 20
0.0
 30
0.0
 70
     1
  0
VERTEX
  5
260
330
25F
100
AcDbEntity
  8
0
  6
Continuous
 62
    18
420
        0
370
    25
100
AcDbVertex
100
AcDb2dVertex
 10
19.23658333333334
 20
25.08082556263886
 30
0.0
  0
VERTEX
  5
261
330
25F
100
AcDbEntity
  8
0
  6
Continuous
 62
    18
420
        0
370
    25
100
AcDbVertex
100
AcDb2dVertex
 10
19.42408333333335
 20
25.08082556263886
 30
0.0
  0
VERTEX
  5
262
330
25F
100
AcDbEntity
  8
0
  6
Continuous
 62
    18
420
        0
370
    25
100
AcDbVertex
100
AcDb2dVertex
 10
19.42408333333335
 20
25.26832556263887
 30
0.0
  0
VERTEX
  5
263
330
25F
100
AcDbEntity
  8
0
  6
Continuous
 62
    18
420
        0
370
    25
100
AcDbVertex
100
AcDb2dVertex
 10
19.23658333333334
 20
25.26832556263887
 30
0.0
  0
SEQEND
  5
264
330
25F
100
AcDbEntity
  8
0
  6
Continuous
 62
    18
420
        0
370
    25
  0
POLYLINE
  5
265
330
1F
100
AcDbEntity
  8
0
  6
Continuous
 62
    18
420
        0
370
    25
100
AcDb2dPolyline
 66
     1
 10
0.0
 20
0.0
 30
0.0
 70
     1
  0
VERTEX
  5
266
330
265
100
AcDbEntity
  8
0
  6
Continuous
 62
    18
420
        0
370
    25
100
AcDbVertex
100
AcDb2dVertex
 10
18.70141666666667
 20
22.9791588959722
 30
0.0
  0
VERTEX
  5
267
330
265
100
AcDbEntity
  8
0
  6
Continuous
 62
    18
420
        0
370
    25
100
AcDbVertex
100
AcDb2dVertex
 10
18.88891666666668
 20
22.9791588959722
 30
0.0
  0
VERTEX
  5
268
330
265
100
AcDbEntity
  8
0
  6
Continuous
 62
    18
420
        0
370
    25
100
AcDbVertex
100
AcDb2dVertex
 10
18.88891666666668
 20
23.1666588959722
 30
0.0
  0
VERTEX
  5
269
330
265
100
AcDbEntity
  8
0
  6
Continuous
 62
    18
420
        0
370
    25
100
AcDbVertex
100
AcDb2dVertex
 10
18.70141666666667
 20
23.1666588959722
 30
0.0
  0
SEQEND
  5
26A
330
265
100
AcDbEntity
  8
0
  6
Continuous
 62
    18
420
        0
370
    25
  0
POLYLINE
  5
26B
330
1F
100
AcDbEntity
  8
0
  6
Continuous
 62
    18
420
        0
370
    25
100
AcDb2dPolyline
 66
     1
 10
0.0
 20
0.0
 30
0.0
 70
     1
  0
VERTEX
  5
26C
330
26B
100
AcDbEntity
  8
0
  6
Continuous
 62
    18
420
        0
370
    25
100
AcDbVertex
100
AcDb2dVertex
 10
55.92408333333334
 20
1.367170891094176
 30
0.0
  0
VERTEX
  5
26D
330
26B
100
AcDbEntity
  8
0
  6
Continuous
 62
    18
420
        0
370
    25
100
AcDbVertex
100
AcDb2dVertex
 10
56.11158333333335
 20
1.367170891094176
 30
0.0
  0
VERTEX
  5
26E
330
26B
100
AcDbEntity
  8
0
  6
Continuous
 62
    18
420
        0
370
    25
100
AcDbVertex
100
AcDb2dVertex
 10
56.11158333333335
 20
1.554670891094183
 30
0.0
  0
VERTEX
  5
26F
330
26B
100
AcDbEntity
  8
0
  6
Continuous
 62
    18
420
        0
370
    25
100
AcDbVertex
100
AcDb2dVertex
 10
55.92408333333334
 20
1.554670891094183
 30
0.0
  0
SEQEND
  5
270
330
26B
100
AcDbEntity
  8
0
  6
Continuous
 62
    18
420
        0
370
    25
  0
POLYLINE
  5
271
330
1F
100
AcDbEntity
  8
0
  6
Continuous
 62
    18
420
        0
370
    25
100
AcDb2dPolyline
 66
     1
 10
0.0
 20
0.0
 30
0.0
 70
     1
  0
VERTEX
  5
272
330
271
100
AcDbEntity
  8
0
  6
Continuous
 62
    18
420
        0
370
    25
100
AcDbVertex
100
AcDb2dVertex
 10
55.92408333333334
 20
4.067325562638864
 30
0.0
  0
VERTEX
  5
273
330
271
100
AcDbEntity
  8
0
  6
Continuous
 62
    18
420
        0
370
    25
100
AcDbVertex
100
AcDb2dVertex
 10
56.11158333333335
 20
4.067325562638864
 30
0.0
  0
VERTEX
  5
274
330
271
100
AcDbEntity
  8
0
  6
Continuous
 62
    18
420
        0
370
    25
100
AcDbVertex
100
AcDb2dVertex
 10
56.11158333333335
 20
4.254825562638864
 30
0.0
  0
VERTEX
  5
275
330
271
100
AcDbEntity
  8
0
  6
Continuous
 62
    18
420
        0
370
    25
100
AcDbVertex
100
AcDb2dVertex
 10
55.92408333333334
 20
4.254825562638864
 30
0.0
  0
SEQEND
  5
276
330
271
100
AcDbEntity
  8
0
  6
Continuous
 62
    18
420
        0
370
    25
  0
POLYLINE
  5
277
330
1F
100
AcDbEntity
  8
0
  6
Continuous
 62
    18
420
        0
370
    25
100
AcDb2dPolyline
 66
     1
 10
0.0
 20
0.0
 30
0.0
 70
     1
  0
VERTEX
  5
278
330
277
100
AcDbEntity
  8
0
  6
Continuous
 62
    18
420
        0
370
    25
100
AcDbVertex
100
AcDb2dVertex
 10
54.74933333333334
 20
1.367170891094176
 30
0.0
  0
VERTEX
  5
279
330
277
100
AcDbEntity
  8
0
  6
Continuous
 62
    18
420
        0
370
    25
100
AcDbVertex
100
AcDb2dVertex
 10
54.93683333333335
 20
1.367170891094176
 30
0.0
  0
VERTEX
  5
27A
330
277
100
AcDbEntity
  8
0
  6
Continuous
 62
    18
420
        0
370
    25
100
AcDbVertex
100
AcDb2dVertex
 10
54.93683333333335
 20
1.554670891094183
 30
0.0
  0
VERTEX
  5
27B
330
277
100
AcDbEntity
  8
0
  6
Continuous
 62
    18
420
        0
370
    25
100
AcDbVertex
100
AcDb2dVertex
 10
54.74933333333334
 20
1.554670891094183
 30
0.0
  0
SEQEND
  5
27C
330
277
100
AcDbEntity
  8
0
  6
Continuous
 62
    18
420
        0
370
    25
  0
POLYLINE
  5
27D
330
1F
100
AcDbEntity
  8
0
  6
Continuous
 62
    18
420
        0
370
    25
100
AcDb2dPolyline
 66
     1
 10
0.0
 20
0.0
 30
0.0
 70
     1
  0
VERTEX
  5
27E
330
27D
100
AcDbEntity
  8
0
  6
Continuous
 62
    18
420
        0
370
    25
100
AcDbVertex
100
AcDb2dVertex
 10
54.74933333333334
 20
4.067325562638864
 30
0.0
  0
VERTEX
  5
27F
330
27D
100
AcDbEntity
  8
0
  6
Continuous
 62
    18
420
        0
370
    25
100
AcDbVertex
100
AcDb2dVertex
 10
54.93683333333335
 20
4.067325562638864
 30
0.0
  0
VERTEX
  5
280
330
27D
100
AcDbEntity
  8
0
  6
Continuous
 62
    18
420
        0
370
    25
100
AcDbVertex
100
AcDb2dVertex
 10
54.93683333333335
 20
4.254825562638864
 30
0.0
  0
VERTEX
  5
281
330
27D
100
AcDbEntity
  8
0
  6
Continuous
 62
    18
420
        0
370
    25
100
AcDbVertex
100
AcDb2dVertex
 10
54.74933333333334
 20
4.254825562638864
 30
0.0
  0
SEQEND
  5
282
330
27D
100
AcDbEntity
  8
0
  6
Continuous
 62
    18
420
        0
370
    25
  0
POLYLINE
  5
283
330
1F
100
AcDbEntity
  8
0
  6
Continuous
 62
    18
420
        0
370
    25
100
AcDb2dPolyline
 66
     1
 10
0.0
 20
0.0
 30
0.0
 70
     1
  0
VERTEX
  5
284
330
283
100
AcDbEntity
  8
0
  6
Continuous
 62
    18
420
        0
370
    25
100
AcDbVertex
100
AcDb2dVertex
 10
53.16183333333334
 20
1.367170891094176
 30
0.0
  0
VERTEX
  5
285
330
283
100
AcDbEntity
  8
0
  6
Continuous
 62
    18
420
        0
370
    25
100
AcDbVertex
100
AcDb2dVertex
 10
53.34933333333335
 20
1.367170891094176
 30
0.0
  0
VERTEX
  5
286
330
283
100
AcDbEntity
  8
0
  6
Continuous
 62
    18
420
        0
370
    25
100
AcDbVertex
100
AcDb2dVertex
 10
53.34933333333335
 20
1.554670891094183
 30
0.0
  0
VERTEX
  5
287
330
283
100
AcDbEntity
  8
0
  6
Continuous
 62
    18
420
        0
370
    25
100
AcDbVertex
100
AcDb2dVertex
 10
53.16183333333334
 20
1.554670891094183
 30
0.0
  0
SEQEND
  5
288
330
283
100
AcDbEntity
  8
0
  6
Continuous
 62
    18
420
        0
370
    25
  0
POLYLINE
  5
289
330
1F
100
AcDbEntity
  8
0
  6
Continuous
 62
    18
420
        0
370
    25
100
AcDb2dPolyline
 66
     1
 10
0.0
 20
0.0
 30
0.0
 70
     1
  0
VERTEX
  5
28A
330
289
100
AcDbEntity
  8
0
  6
Continuous
 62
    18
420
        0
370
    25
100
AcDbVertex
100
AcDb2dVertex
 10
53.16183333333334
 20
4.067325562638864
 30
0.0
  0
VERTEX
  5
28B
330
289
100
AcDbEntity
  8
0
  6
Continuous
 62
    18
420
        0
370
    25
100
AcDbVertex
100
AcDb2dVertex
 10
53.34933333333335
 20
4.067325562638864
 30
0.0
  0
VERTEX
  5
28C
330
289
100
AcDbEntity
  8
0
  6
Continuous
 62
    18
420
        0
370
    25
100
AcDbVertex
100
AcDb2dVertex
 10
53.34933333333335
 20
4.254825562638864
 30
0.0
  0
VERTEX
  5
28D
330
289
100
AcDbEntity
  8
0
  6
Continuous
 62
    18
420
        0
370
    25
100
AcDbVertex
100
AcDb2dVertex
 10
53.16183333333334
 20
4.254825562638864
 30
0.0
  0
SEQEND
  5
28E
330
289
100
AcDbEntity
  8
0
  6
Continuous
 62
    18
420
        0
370
    25
  0
POLYLINE
  5
28F
330
1F
100
AcDbEntity
  8
0
  6
Continuous
 62
    18
420
        0
370
    25
100
AcDb2dPolyline
 66
     1
 10
0.0
 20
0.0
 30
0.0
 70
     1
  0
VERTEX
  5
290
330
28F
100
AcDbEntity
  8
0
  6
Continuous
 62
    18
420
        0
370
    25
100
AcDbVertex
100
AcDb2dVertex
 10
51.89183333333334
 20
1.367170891094176
 30
0.0
  0
VERTEX
  5
291
330
28F
100
AcDbEntity
  8
0
  6
Continuous
 62
    18
420
        0
370
    25
100
AcDbVertex
100
AcDb2dVertex
 10
52.07933333333335
 20
1.367170891094176
 30
0.0
  0
VERTEX
  5
292
330
28F
100
AcDbEntity
  8
0
  6
Continuous
 62
    18
420
        0
370
    25
100
AcDbVertex
100
AcDb2dVertex
 10
52.07933333333335
 20
1.554670891094183
 30
0.0
  0
VERTEX
  5
293
330
28F
100
AcDbEntity
  8
0
  6
Continuous
 62
    18
420
        0
370
    25
100
AcDbVertex
100
AcDb2dVertex
 10
51.89183333333334
 20
1.554670891094183
 30
0.0
  0
SEQEND
  5
294
330
28F
100
AcDbEntity
  8
0
  6
Continuous
 62
    18
420
        0
370
    25
  0
POLYLINE
  5
295
330
1F
100
AcDbEntity
  8
0
  6
Continuous
 62
    18
420
        0
370
    25
100
AcDb2dPolyline
 66
     1
 10
0.0
 20
0.0
 30
0.0
 70
     1
  0
VERTEX
  5
296
330
295
100
AcDbEntity
  8
0
  6
Continuous
 62
    18
420
        0
370
    25
100
AcDbVertex
100
AcDb2dVertex
 10
51.89183333333334
 20
4.067325562638864
 30
0.0
  0
VERTEX
  5
297
330
295
100
AcDbEntity
  8
0
  6
Continuous
 62
    18
420
        0
370
    25
100
AcDbVertex
100
AcDb2dVertex
 10
52.07933333333335
 20
4.067325562638864
 30
0.0
  0
VERTEX
  5
298
330
295
100
AcDbEntity
  8
0
  6
Continuous
 62
    18
420
        0
370
    25
100
AcDbVertex
100
AcDb2dVertex
 10
52.07933333333335
 20
4.254825562638864
 30
0.0
  0
VERTEX
  5
299
330
295
100
AcDbEntity
  8
0
  6
Continuous
 62
    18
420
        0
370
    25
100
AcDbVertex
100
AcDb2dVertex
 10
51.89183333333334
 20
4.254825562638864
 30
0.0
  0
SEQEND
  5
29A
330
295
100
AcDbEntity
  8
0
  6
Continuous
 62
    18
420
        0
370
    25
  0
POLYLINE
  5
29B
330
1F
100
AcDbEntity
  8
0
  6
Continuous
 62
    18
420
        0
370
    25
100
AcDb2dPolyline
 66
     1
 10
0.0
 20
0.0
 30
0.0
 70
     1
  0
VERTEX
  5
29C
330
29B
100
AcDbEntity
  8
0
  6
Continuous
 62
    18
420
        0
370
    25
100
AcDbVertex
100
AcDb2dVertex
 10
51.04516666666667
 20
2.754992229305529
 30
0.0
  0
VERTEX
  5
29D
330
29B
100
AcDbEntity
  8
0
  6
Continuous
 62
    18
420
        0
370
    25
100
AcDbVertex
100
AcDb2dVertex
 10
51.23266666666668
 20
2.754992229305529
 30
0.0
  0
VERTEX
  5
29E
330
29B
100
AcDbEntity
  8
0
  6
Continuous
 62
    18
420
        0
370
    25
100
AcDbVertex
100
AcDb2dVertex
 10
51.23266666666668
 20
2.942492229305536
 30
0.0
  0
VERTEX
  5
29F
330
29B
100
AcDbEntity
  8
0
  6
Continuous
 62
    18
420
        0
370
    25
100
AcDbVertex
100
AcDb2dVertex
 10
51.04516666666667
 20
2.942492229305536
 30
0.0
  0
SEQEND
  5
2A0
330
29B
100
AcDbEntity
  8
0
  6
Continuous
 62
    18
420
        0
370
    25
  0
POLYLINE
  5
2A1
330
1F
100
AcDbEntity
  8
0
  6
Continuous
 62
    18
420
        0
370
    25
100
AcDb2dPolyline
 66
     1
 10
0.0
 20
0.0
 30
0.0
 70
     1
  0
VERTEX
  5
2A2
330
2A1
100
AcDbEntity
  8
0
  6
Continuous
 62
    18
420
        0
370
    25
100
AcDbVertex
100
AcDb2dVertex
 10
52.44216666666667
 20
2.754992229305529
 30
0.0
  0
VERTEX
  5
2A3
330
2A1
100
AcDbEntity
  8
0
  6
Continuous
 62
    18
420
        0
370
    25
100
AcDbVertex
100
AcDb2dVertex
 10
52.62966666666669
 20
2.754992229305529
 30
0.0
  0
VERTEX
  5
2A4
330
2A1
100
AcDbEntity
  8
0
  6
Continuous
 62
    18
420
        0
370
    25
100
AcDbVertex
100
AcDb2dVertex
 10
52.62966666666669
 20
2.942492229305536
 30
0.0
  0
VERTEX
  5
2A5
330
2A1
100
AcDbEntity
  8
0
  6
Continuous
 62
    18
420
        0
370
    25
100
AcDbVertex
100
AcDb2dVertex
 10
52.44216666666667
 20
2.942492229305536
 30
0.0
  0
SEQEND
  5
2A6
330
2A1
100
AcDbEntity
  8
0
  6
Continuous
 62
    18
420
        0
370
    25
  0
POLYLINE
  5
2A7
330
1F
100
AcDbEntity
  8
0
  6
Continuous
 62
    18
420
        0
370
    25
100
AcDb2dPolyline
 66
     1
 10
0.0
 20
0.0
 30
0.0
 70
     1
  0
VERTEX
  5
2A8
330
2A7
100
AcDbEntity
  8
0
  6
Continuous
 62
    18
420
        0
370
    25
100
AcDbVertex
100
AcDb2dVertex
 10
54.02966666666667
 20
2.754992229305529
 30
0.0
  0
VERTEX
  5
2A9
330
2A7
100
AcDbEntity
  8
0
  6
Continuous
 62
    18
420
        0
370
    25
100
AcDbVertex
100
AcDb2dVertex
 10
54.21716666666669
 20
2.754992229305529
 30
0.0
  0
VERTEX
  5
2AA
330
2A7
100
AcDbEntity
  8
0
  6
Continuous
 62
    18
420
        0
370
    25
100
AcDbVertex
100
AcDb2dVertex
 10
54.21716666666669
 20
2.942492229305536
 30
0.0
  0
VERTEX
  5
2AB
330
2A7
100
AcDbEntity
  8
0
  6
Continuous
 62
    18
420
        0
370
    25
100
AcDbVertex
100
AcDb2dVertex
 10
54.02966666666667
 20
2.942492229305536
 30
0.0
  0
SEQEND
  5
2AC
330
2A7
100
AcDbEntity
  8
0
  6
Continuous
 62
    18
420
        0
370
    25
  0
POLYLINE
  5
2AD
330
1F
100
AcDbEntity
  8
0
  6
Continuous
 62
    18
420
        0
370
    25
100
AcDb2dPolyline
 66
     1
 10
0.0
 20
0.0
 30
0.0
 70
     1
  0
VERTEX
  5
2AE
330
2AD
100
AcDbEntity
  8
0
  6
Continuous
 62
    18
420
        0
370
    25
100
AcDbVertex
100
AcDb2dVertex
 10
51.04516666666667
 20
5.972325562638858
 30
0.0
  0
VERTEX
  5
2AF
330
2AD
100
AcDbEntity
  8
0
  6
Continuous
 62
    18
420
        0
370
    25
100
AcDbVertex
100
AcDb2dVertex
 10
51.23266666666668
 20
5.972325562638858
 30
0.0
  0
VERTEX
  5
2B0
330
2AD
100
AcDbEntity
  8
0
  6
Continuous
 62
    18
420
        0
370
    25
100
AcDbVertex
100
AcDb2dVertex
 10
51.23266666666668
 20
6.159825562638865
 30
0.0
  0
VERTEX
  5
2B1
330
2AD
100
AcDbEntity
  8
0
  6
Continuous
 62
    18
420
        0
370
    25
100
AcDbVertex
100
AcDb2dVertex
 10
51.04516666666667
 20
6.159825562638865
 30
0.0
  0
SEQEND
  5
2B2
330
2AD
100
AcDbEntity
  8
0
  6
Continuous
 62
    18
420
        0
370
    25
  0
POLYLINE
  5
2B3
330
1F
100
AcDbEntity
  8
0
  6
Continuous
 62
    18
420
        0
370
    25
100
AcDb2dPolyline
 66
     1
 10
0.0
 20
0.0
 30
0.0
 70
     1
  0
VERTEX
  5
2B4
330
2B3
100
AcDbEntity
  8
0
  6
Continuous
 62
    18
420
        0
370
    25
100
AcDbVertex
100
AcDb2dVertex
 10
52.44216666666667
 20
5.972325562638858
 30
0.0
  0
VERTEX
  5
2B5
330
2B3
100
AcDbEntity
  8
0
  6
Continuous
 62
    18
420
        0
370
    25
100
AcDbVertex
100
AcDb2dVertex
 10
52.62966666666669
 20
5.972325562638858
 30
0.0
  0
VERTEX
  5
2B6
330
2B3
100
AcDbEntity
  8
0
  6
Continuous
 62
    18
420
        0
370
    25
100
AcDbVertex
100
AcDb2dVertex
 10
52.62966666666669
 20
6.159825562638865
 30
0.0
  0
VERTEX
  5
2B7
330
2B3
100
AcDbEntity
  8
0
  6
Continuous
 62
    18
420
        0
370
    25
100
AcDbVertex
100
AcDb2dVertex
 10
52.44216666666667
 20
6.159825562638865
 30
0.0
  0
SEQEND
  5
2B8
330
2B3
100
AcDbEntity
  8
0
  6
Continuous
 62
    18
420
        0
370
    25
  0
POLYLINE
  5
2B9
330
1F
100
AcDbEntity
  8
0
  6
Continuous
 62
    18
420
        0
370
    25
100
AcDb2dPolyline
 66
     1
 10
0.0
 20
0.0
 30
0.0
 70
     1
  0
VERTEX
  5
2BA
330
2B9
100
AcDbEntity
  8
0
  6
Continuous
 62
    18
420
        0
370
    25
100
AcDbVertex
100
AcDb2dVertex
 10
54.02966666666667
 20
5.972325562638858
 30
0.0
  0
VERTEX
  5
2BB
330
2B9
100
AcDbEntity
  8
0
  6
Continuous
 62
    18
420
        0
370
    25
100
AcDbVertex
100
AcDb2dVertex
 10
54.21716666666669
 20
5.972325562638858
 30
0.0
  0
VERTEX
  5
2BC
330
2B9
100
AcDbEntity
  8
0
  6
Continuous
 62
    18
420
        0
370
    25
100
AcDbVertex
100
AcDb2dVertex
 10
54.21716666666669
 20
6.159825562638865
 30
0.0
  0
VERTEX
  5
2BD
330
2B9
100
AcDbEntity
  8
0
  6
Continuous
 62
    18
420
        0
370
    25
100
AcDbVertex
100
AcDb2dVertex
 10
54.02966666666667
 20
6.159825562638865
 30
0.0
  0
SEQEND
  5
2BE
330
2B9
100
AcDbEntity
  8
0
  6
Continuous
 62
    18
420
        0
370
    25
  0
POLYLINE
  5
2BF
330
1F
100
AcDbEntity
  8
0
  6
Continuous
 62
    18
420
        0
370
    25
100
AcDb2dPolyline
 66
     1
 10
0.0
 20
0.0
 30
0.0
 70
     1
  0
VERTEX
  5
2C0
330
2BF
100
AcDbEntity
  8
0
  6
Continuous
 62
    18
420
        0
370
    25
100
AcDbVertex
100
AcDb2dVertex
 10
55.34200000000001
 20
2.754992229305529
 30
0.0
  0
VERTEX
  5
2C1
330
2BF
100
AcDbEntity
  8
0
  6
Continuous
 62
    18
420
        0
370
    25
100
AcDbVertex
100
AcDb2dVertex
 10
55.52950000000002
 20
2.754992229305529
 30
0.0
  0
VERTEX
  5
2C2
330
2BF
100
AcDbEntity
  8
0
  6
Continuous
 62
    18
420
        0
370
    25
100
AcDbVertex
100
AcDb2dVertex
 10
55.52950000000002
 20
2.942492229305536
 30
0.0
  0
VERTEX
  5
2C3
330
2BF
100
AcDbEntity
  8
0
  6
Continuous
 62
    18
420
        0
370
    25
100
AcDbVertex
100
AcDb2dVertex
 10
55.34200000000001
 20
2.942492229305536
 30
0.0
  0
SEQEND
  5
2C4
330
2BF
100
AcDbEntity
  8
0
  6
Continuous
 62
    18
420
        0
370
    25
  0
POLYLINE
  5
2C5
330
1F
100
AcDbEntity
  8
0
  6
Continuous
 62
    18
420
        0
370
    25
100
AcDb2dPolyline
 66
     1
 10
0.0
 20
0.0
 30
0.0
 70
     1
  0
VERTEX
  5
2C6
330
2C5
100
AcDbEntity
  8
0
  6
Continuous
 62
    18
420
        0
370
    25
100
AcDbVertex
100
AcDb2dVertex
 10
55.92408333333334
 20
2.754992229305529
 30
0.0
  0
VERTEX
  5
2C7
330
2C5
100
AcDbEntity
  8
0
  6
Continuous
 62
    18
420
        0
370
    25
100
AcDbVertex
100
AcDb2dVertex
 10
56.11158333333335
 20
2.754992229305529
 30
0.0
  0
VERTEX
  5
2C8
330
2C5
100
AcDbEntity
  8
0
  6
Continuous
 62
    18
420
        0
370
    25
100
AcDbVertex
100
AcDb2dVertex
 10
56.11158333333335
 20
2.942492229305536
 30
0.0
  0
VERTEX
  5
2C9
330
2C5
100
AcDbEntity
  8
0
  6
Continuous
 62
    18
420
        0
370
    25
100
AcDbVertex
100
AcDb2dVertex
 10
55.92408333333334
 20
2.942492229305536
 30
0.0
  0
SEQEND
  5
2CA
330
2C5
100
AcDbEntity
  8
0
  6
Continuous
 62
    18
420
        0
370
    25
  0
POLYLINE
  5
2CB
330
1F
100
AcDbEntity
  8
0
  6
Continuous
 62
    18
420
        0
370
    25
100
AcDb2dPolyline
 66
     1
 10
0.0
 20
0.0
 30
0.0
 70
     1
  0
VERTEX
  5
2CC
330
2CB
100
AcDbEntity
  8
0
  6
Continuous
 62
    18
420
        0
370
    25
100
AcDbVertex
100
AcDb2dVertex
 10
50.26200000000001
 20
1.367170891094176
 30
0.0
  0
VERTEX
  5
2CD
330
2CB
100
AcDbEntity
  8
0
  6
Continuous
 62
    18
420
        0
370
    25
100
AcDbVertex
100
AcDb2dVertex
 10
50.44950000000001
 20
1.367170891094176
 30
0.0
  0
VERTEX
  5
2CE
330
2CB
100
AcDbEntity
  8
0
  6
Continuous
 62
    18
420
        0
370
    25
100
AcDbVertex
100
AcDb2dVertex
 10
50.44950000000001
 20
1.554670891094183
 30
0.0
  0
VERTEX
  5
2CF
330
2CB
100
AcDbEntity
  8
0
  6
Continuous
 62
    18
420
        0
370
    25
100
AcDbVertex
100
AcDb2dVertex
 10
50.26200000000001
 20
1.554670891094183
 30
0.0
  0
SEQEND
  5
2D0
330
2CB
100
AcDbEntity
  8
0
  6
Continuous
 62
    18
420
        0
370
    25
  0
POLYLINE
  5
2D1
330
1F
100
AcDbEntity
  8
0
  6
Continuous
 62
    18
420
        0
370
    25
100
AcDb2dPolyline
 66
     1
 10
0.0
 20
0.0
 30
0.0
 70
     1
  0
VERTEX
  5
2D2
330
2D1
100
AcDbEntity
  8
0
  6
Continuous
 62
    18
420
        0
370
    25
100
AcDbVertex
100
AcDb2dVertex
 10
50.26200000000001
 20
4.067325562638864
 30
0.0
  0
VERTEX
  5
2D3
330
2D1
100
AcDbEntity
  8
0
  6
Continuous
 62
    18
420
        0
370
    25
100
AcDbVertex
100
AcDb2dVertex
 10
50.44950000000001
 20
4.067325562638864
 30
0.0
  0
VERTEX
  5
2D4
330
2D1
100
AcDbEntity
  8
0
  6
Continuous
 62
    18
420
        0
370
    25
100
AcDbVertex
100
AcDb2dVertex
 10
50.44950000000001
 20
4.254825562638864
 30
0.0
  0
VERTEX
  5
2D5
330
2D1
100
AcDbEntity
  8
0
  6
Continuous
 62
    18
420
        0
370
    25
100
AcDbVertex
100
AcDb2dVertex
 10
50.26200000000001
 20
4.254825562638864
 30
0.0
  0
SEQEND
  5
2D6
330
2D1
100
AcDbEntity
  8
0
  6
Continuous
 62
    18
420
        0
370
    25
  0
POLYLINE
  5
2D7
330
1F
100
AcDbEntity
  8
0
  6
Continuous
 62
    18
420
        0
370
    25
100
AcDb2dPolyline
 66
     1
 10
0.0
 20
0.0
 30
0.0
 70
     1
  0
VERTEX
  5
2D8
330
2D7
100
AcDbEntity
  8
0
  6
Continuous
 62
    18
420
        0
370
    25
100
AcDbVertex
100
AcDb2dVertex
 10
55.92408333333334
 20
6.722337557760852
 30
0.0
  0
VERTEX
  5
2D9
330
2D7
100
AcDbEntity
  8
0
  6
Continuous
 62
    18
420
        0
370
    25
100
AcDbVertex
100
AcDb2dVertex
 10
56.11158333333335
 20
6.722337557760852
 30
0.0
  0
VERTEX
  5
2DA
330
2D7
100
AcDbEntity
  8
0
  6
Continuous
 62
    18
420
        0
370
    25
100
AcDbVertex
100
AcDb2dVertex
 10
56.11158333333335
 20
6.909837557760852
 30
0.0
  0
VERTEX
  5
2DB
330
2D7
100
AcDbEntity
  8
0
  6
Continuous
 62
    18
420
        0
370
    25
100
AcDbVertex
100
AcDb2dVertex
 10
55.92408333333334
 20
6.909837557760852
 30
0.0
  0
SEQEND
  5
2DC
330
2D7
100
AcDbEntity
  8
0
  6
Continuous
 62
    18
420
        0
370
    25
  0
POLYLINE
  5
2DD
330
1F
100
AcDbEntity
  8
0
  6
Continuous
 62
    18
420
        0
370
    25
100
AcDb2dPolyline
 66
     1
 10
0.0
 20
0.0
 30
0.0
 70
     1
  0
VERTEX
  5
2DE
330
2DD
100
AcDbEntity
  8
0
  6
Continuous
 62
    18
420
        0
370
    25
100
AcDbVertex
100
AcDb2dVertex
 10
54.02966666666669
 20
6.722337557760852
 30
0.0
  0
VERTEX
  5
2DF
330
2DD
100
AcDbEntity
  8
0
  6
Continuous
 62
    18
420
        0
370
    25
100
AcDbVertex
100
AcDb2dVertex
 10
54.21716666666669
 20
6.722337557760852
 30
0.0
  0
VERTEX
  5
2E0
330
2DD
100
AcDbEntity
  8
0
  6
Continuous
 62
    18
420
        0
370
    25
100
AcDbVertex
100
AcDb2dVertex
 10
54.21716666666669
 20
6.909837557760852
 30
0.0
  0
VERTEX
  5
2E1
330
2DD
100
AcDbEntity
  8
0
  6
Continuous
 62
    18
420
        0
370
    25
100
AcDbVertex
100
AcDb2dVertex
 10
54.02966666666669
 20
6.909837557760852
 30
0.0
  0
SEQEND
  5
2E2
330
2DD
100
AcDbEntity
  8
0
  6
Continuous
 62
    18
420
        0
370
    25
  0
POLYLINE
  5
2E3
330
1F
100
AcDbEntity
  8
0
  6
Continuous
 62
    18
420
        0
370
    25
100
AcDb2dPolyline
 66
     1
 10
0.0
 20
0.0
 30
0.0
 70
     1
  0
VERTEX
  5
2E4
330
2E3
100
AcDbEntity
  8
0
  6
Continuous
 62
    18
420
        0
370
    25
100
AcDbVertex
100
AcDb2dVertex
 10
52.42100000000001
 20
6.722337557760852
 30
0.0
  0
VERTEX
  5
2E5
330
2E3
100
AcDbEntity
  8
0
  6
Continuous
 62
    18
420
        0
370
    25
100
AcDbVertex
100
AcDb2dVertex
 10
52.60850000000002
 20
6.722337557760852
 30
0.0
  0
VERTEX
  5
2E6
330
2E3
100
AcDbEntity
  8
0
  6
Continuous
 62
    18
420
        0
370
    25
100
AcDbVertex
100
AcDb2dVertex
 10
52.60850000000002
 20
6.909837557760852
 30
0.0
  0
VERTEX
  5
2E7
330
2E3
100
AcDbEntity
  8
0
  6
Continuous
 62
    18
420
        0
370
    25
100
AcDbVertex
100
AcDb2dVertex
 10
52.42100000000001
 20
6.909837557760852
 30
0.0
  0
SEQEND
  5
2E8
330
2E3
100
AcDbEntity
  8
0
  6
Continuous
 62
    18
420
        0
370
    25
  0
POLYLINE
  5
2E9
330
1F
100
AcDbEntity
  8
0
  6
Continuous
 62
    18
420
        0
370
    25
100
AcDb2dPolyline
 66
     1
 10
0.0
 20
0.0
 30
0.0
 70
     1
  0
VERTEX
  5
2EA
330
2E9
100
AcDbEntity
  8
0
  6
Continuous
 62
    18
420
        0
370
    25
100
AcDbVertex
100
AcDb2dVertex
 10
50.49483333333334
 20
6.722337557760852
 30
0.0
  0
VERTEX
  5
2EB
330
2E9
100
AcDbEntity
  8
0
  6
Continuous
 62
    18
420
        0
370
    25
100
AcDbVertex
100
AcDb2dVertex
 10
50.68233333333335
 20
6.722337557760852
 30
0.0
  0
VERTEX
  5
2EC
330
2E9
100
AcDbEntity
  8
0
  6
Continuous
 62
    18
420
        0
370
    25
100
AcDbVertex
100
AcDb2dVertex
 10
50.68233333333335
 20
6.909837557760852
 30
0.0
  0
VERTEX
  5
2ED
330
2E9
100
AcDbEntity
  8
0
  6
Continuous
 62
    18
420
        0
370
    25
100
AcDbVertex
100
AcDb2dVertex
 10
50.49483333333334
 20
6.909837557760852
 30
0.0
  0
SEQEND
  5
2EE
330
2E9
100
AcDbEntity
  8
0
  6
Continuous
 62
    18
420
        0
370
    25
  0
POLYLINE
  5
2EF
330
1F
100
AcDbEntity
  8
0
  6
Continuous
 62
    18
420
        0
370
    25
100
AcDb2dPolyline
 66
     1
 10
0.0
 20
0.0
 30
0.0
 70
     1
  0
VERTEX
  5
2F0
330
2EF
100
AcDbEntity
  8
0
  6
Continuous
 62
    18
420
        0
370
    25
100
AcDbVertex
100
AcDb2dVertex
 10
61.58616666666668
 20
26.35582556263886
 30
0.0
  0
VERTEX
  5
2F1
330
2EF
100
AcDbEntity
  8
0
  6
Continuous
 62
    18
420
        0
370
    25
100
AcDbVertex
100
AcDb2dVertex
 10
61.77366666666666
 20
26.35582556263886
 30
0.0
  0
VERTEX
  5
2F2
330
2EF
100
AcDbEntity
  8
0
  6
Continuous
 62
    18
420
        0
370
    25
100
AcDbVertex
100
AcDb2dVertex
 10
61.77366666666666
 20
26.54332556263887
 30
0.0
  0
VERTEX
  5
2F3
330
2EF
100
AcDbEntity
  8
0
  6
Continuous
 62
    18
420
        0
370
    25
100
AcDbVertex
100
AcDb2dVertex
 10
61.58616666666668
 20
26.54332556263887
 30
0.0
  0
SEQEND
  5
2F4
330
2EF
100
AcDbEntity
  8
0
  6
Continuous
 62
    18
420
        0
370
    25
  0
POLYLINE
  5
2F5
330
1F
100
AcDbEntity
  8
0
  6
Continuous
 62
    18
420
        0
370
    25
100
AcDb2dPolyline
 66
     1
 10
0.0
 20
0.0
 30
0.0
 70
     1
  0
VERTEX
  5
2F6
330
2F5
100
AcDbEntity
  8
0
  6
Continuous
 62
    18
420
        0
370
    25
100
AcDbVertex
100
AcDb2dVertex
 10
59.59650000000001
 20
25.48799222930553
 30
0.0
  0
VERTEX
  5
2F7
330
2F5
100
AcDbEntity
  8
0
  6
Continuous
 62
    18
420
        0
370
    25
100
AcDbVertex
100
AcDb2dVertex
 10
59.78400000000002
 20
25.48799222930553
 30
0.0
  0
VERTEX
  5
2F8
330
2F5
100
AcDbEntity
  8
0
  6
Continuous
 62
    18
420
        0
370
    25
100
AcDbVertex
100
AcDb2dVertex
 10
59.78400000000002
 20
25.67549222930553
 30
0.0
  0
VERTEX
  5
2F9
330
2F5
100
AcDbEntity
  8
0
  6
Continuous
 62
    18
420
        0
370
    25
100
AcDbVertex
100
AcDb2dVertex
 10
59.59650000000001
 20
25.67549222930553
 30
0.0
  0
SEQEND
  5
2FA
330
2F5
100
AcDbEntity
  8
0
  6
Continuous
 62
    18
420
        0
370
    25
  0
POLYLINE
  5
2FB
330
1F
100
AcDbEntity
  8
0
  6
Continuous
 62
    18
420
        0
370
    25
100
AcDb2dPolyline
 66
     1
 10
0.0
 20
0.0
 30
0.0
 70
     1
  0
VERTEX
  5
2FC
330
2FB
100
AcDbEntity
  8
0
  6
Continuous
 62
    18
420
        0
370
    25
100
AcDbVertex
100
AcDb2dVertex
 10
57.54333333333334
 20
25.48799222930553
 30
0.0
  0
VERTEX
  5
2FD
330
2FB
100
AcDbEntity
  8
0
  6
Continuous
 62
    18
420
        0
370
    25
100
AcDbVertex
100
AcDb2dVertex
 10
57.73083333333335
 20
25.48799222930553
 30
0.0
  0
VERTEX
  5
2FE
330
2FB
100
AcDbEntity
  8
0
  6
Continuous
 62
    18
420
        0
370
    25
100
AcDbVertex
100
AcDb2dVertex
 10
57.73083333333335
 20
25.67549222930553
 30
0.0
  0
VERTEX
  5
2FF
330
2FB
100
AcDbEntity
  8
0
  6
Continuous
 62
    18
420
        0
370
    25
100
AcDbVertex
100
AcDb2dVertex
 10
57.54333333333334
 20
25.67549222930553
 30
0.0
  0
SEQEND
  5
300
330
2FB
100
AcDbEntity
  8
0
  6
Continuous
 62
    18
420
        0
370
    25
  0
POLYLINE
  5
301
330
1F
100
AcDbEntity
  8
0
  6
Continuous
 62
    18
420
        0
370
    25
100
AcDb2dPolyline
 66
     1
 10
0.0
 20
0.0
 30
0.0
 70
     1
  0
VERTEX
  5
302
330
301
100
AcDbEntity
  8
0
  6
Continuous
 62
    18
420
        0
370
    25
100
AcDbVertex
100
AcDb2dVertex
 10
61.58616666666668
 20
22.16482556263886
 30
0.0
  0
VERTEX
  5
303
330
301
100
AcDbEntity
  8
0
  6
Continuous
 62
    18
420
        0
370
    25
100
AcDbVertex
100
AcDb2dVertex
 10
61.77366666666666
 20
22.16482556263886
 30
0.0
  0
VERTEX
  5
304
330
301
100
AcDbEntity
  8
0
  6
Continuous
 62
    18
420
        0
370
    25
100
AcDbVertex
100
AcDb2dVertex
 10
61.77366666666666
 20
22.35232556263887
 30
0.0
  0
VERTEX
  5
305
330
301
100
AcDbEntity
  8
0
  6
Continuous
 62
    18
420
        0
370
    25
100
AcDbVertex
100
AcDb2dVertex
 10
61.58616666666668
 20
22.35232556263887
 30
0.0
  0
SEQEND
  5
306
330
301
100
AcDbEntity
  8
0
  6
Continuous
 62
    18
420
        0
370
    25
  0
POLYLINE
  5
307
330
1F
100
AcDbEntity
  8
0
  6
Continuous
 62
    18
420
        0
370
    25
100
AcDb2dPolyline
 66
     1
 10
0.0
 20
0.0
 30
0.0
 70
     1
  0
VERTEX
  5
308
330
307
100
AcDbEntity
  8
0
  6
Continuous
 62
    18
420
        0
370
    25
100
AcDbVertex
100
AcDb2dVertex
 10
59.59650000000001
 20
19.92115889597219
 30
0.0
  0
VERTEX
  5
309
330
307
100
AcDbEntity
  8
0
  6
Continuous
 62
    18
420
        0
370
    25
100
AcDbVertex
100
AcDb2dVertex
 10
59.78400000000002
 20
19.92115889597219
 30
0.0
  0
VERTEX
  5
30A
330
307
100
AcDbEntity
  8
0
  6
Continuous
 62
    18
420
        0
370
    25
100
AcDbVertex
100
AcDb2dVertex
 10
59.78400000000002
 20
20.1086588959722
 30
0.0
  0
VERTEX
  5
30B
330
307
100
AcDbEntity
  8
0
  6
Continuous
 62
    18
420
        0
370
    25
100
AcDbVertex
100
AcDb2dVertex
 10
59.59650000000001
 20
20.1086588959722
 30
0.0
  0
SEQEND
  5
30C
330
307
100
AcDbEntity
  8
0
  6
Continuous
 62
    18
420
        0
370
    25
  0
POLYLINE
  5
30D
330
1F
100
AcDbEntity
  8
0
  6
Continuous
 62
    18
420
        0
370
    25
100
AcDb2dPolyline
 66
     1
 10
0.0
 20
0.0
 30
0.0
 70
     1
  0
VERTEX
  5
30E
330
30D
100
AcDbEntity
  8
0
  6
Continuous
 62
    18
420
        0
370
    25
100
AcDbVertex
100
AcDb2dVertex
 10
57.54333333333334
 20
19.92115889597219
 30
0.0
  0
VERTEX
  5
30F
330
30D
100
AcDbEntity
  8
0
  6
Continuous
 62
    18
420
        0
370
    25
100
AcDbVertex
100
AcDb2dVertex
 10
57.73083333333335
 20
19.92115889597219
 30
0.0
  0
VERTEX
  5
310
330
30D
100
AcDbEntity
  8
0
  6
Continuous
 62
    18
420
        0
370
    25
100
AcDbVertex
100
AcDb2dVertex
 10
57.73083333333335
 20
20.1086588959722
 30
0.0
  0
VERTEX
  5
311
330
30D
100
AcDbEntity
  8
0
  6
Continuous
 62
    18
420
        0
370
    25
100
AcDbVertex
100
AcDb2dVertex
 10
57.54333333333334
 20
20.1086588959722
 30
0.0
  0
SEQEND
  5
312
330
30D
100
AcDbEntity
  8
0
  6
Continuous
 62
    18
420
        0
370
    25
  0
POLYLINE
  5
313
330
1F
100
AcDbEntity
  8
0
  6
Continuous
 62
    18
420
        0
370
    25
100
AcDb2dPolyline
 66
     1
 10
0.0
 20
0.0
 30
0.0
 70
     1
  0
VERTEX
  5
314
330
313
100
AcDbEntity
  8
0
  6
Continuous
 62
    18
420
        0
370
    25
100
AcDbVertex
100
AcDb2dVertex
 10
61.58616666666668
 20
16.64032556263886
 30
0.0
  0
VERTEX
  5
315
330
313
100
AcDbEntity
  8
0
  6
Continuous
 62
    18
420
        0
370
    25
100
AcDbVertex
100
AcDb2dVertex
 10
61.77366666666666
 20
16.64032556263886
 30
0.0
  0
VERTEX
  5
316
330
313
100
AcDbEntity
  8
0
  6
Continuous
 62
    18
420
        0
370
    25
100
AcDbVertex
100
AcDb2dVertex
 10
61.77366666666666
 20
16.82782556263887
 30
0.0
  0
VERTEX
  5
317
330
313
100
AcDbEntity
  8
0
  6
Continuous
 62
    18
420
        0
370
    25
100
AcDbVertex
100
AcDb2dVertex
 10
61.58616666666668
 20
16.82782556263887
 30
0.0
  0
SEQEND
  5
318
330
313
100
AcDbEntity
  8
0
  6
Continuous
 62
    18
420
        0
370
    25
  0
POLYLINE
  5
319
330
1F
100
AcDbEntity
  8
0
  6
Continuous
 62
    18
420
        0
370
    25
100
AcDb2dPolyline
 66
     1
 10
0.0
 20
0.0
 30
0.0
 70
     1
  0
VERTEX
  5
31A
330
319
100
AcDbEntity
  8
0
  6
Continuous
 62
    18
420
        0
370
    25
100
AcDbVertex
100
AcDb2dVertex
 10
59.59650000000001
 20
14.3966588959722
 30
0.0
  0
VERTEX
  5
31B
330
319
100
AcDbEntity
  8
0
  6
Continuous
 62
    18
420
        0
370
    25
100
AcDbVertex
100
AcDb2dVertex
 10
59.78400000000002
 20
14.3966588959722
 30
0.0
  0
VERTEX
  5
31C
330
319
100
AcDbEntity
  8
0
  6
Continuous
 62
    18
420
        0
370
    25
100
AcDbVertex
100
AcDb2dVertex
 10
59.78400000000002
 20
14.5841588959722
 30
0.0
  0
VERTEX
  5
31D
330
319
100
AcDbEntity
  8
0
  6
Continuous
 62
    18
420
        0
370
    25
100
AcDbVertex
100
AcDb2dVertex
 10
59.59650000000001
 20
14.5841588959722
 30
0.0
  0
SEQEND
  5
31E
330
319
100
AcDbEntity
  8
0
  6
Continuous
 62
    18
420
        0
370
    25
  0
POLYLINE
  5
31F
330
1F
100
AcDbEntity
  8
0
  6
Continuous
 62
    18
420
        0
370
    25
100
AcDb2dPolyline
 66
     1
 10
0.0
 20
0.0
 30
0.0
 70
     1
  0
VERTEX
  5
320
330
31F
100
AcDbEntity
  8
0
  6
Continuous
 62
    18
420
        0
370
    25
100
AcDbVertex
100
AcDb2dVertex
 10
57.54333333333334
 20
14.3966588959722
 30
0.0
  0
VERTEX
  5
321
330
31F
100
AcDbEntity
  8
0
  6
Continuous
 62
    18
420
        0
370
    25
100
AcDbVertex
100
AcDb2dVertex
 10
57.73083333333335
 20
14.3966588959722
 30
0.0
  0
VERTEX
  5
322
330
31F
100
AcDbEntity
  8
0
  6
Continuous
 62
    18
420
        0
370
    25
100
AcDbVertex
100
AcDb2dVertex
 10
57.73083333333335
 20
14.5841588959722
 30
0.0
  0
VERTEX
  5
323
330
31F
100
AcDbEntity
  8
0
  6
Continuous
 62
    18
420
        0
370
    25
100
AcDbVertex
100
AcDb2dVertex
 10
57.54333333333334
 20
14.5841588959722
 30
0.0
  0
SEQEND
  5
324
330
31F
100
AcDbEntity
  8
0
  6
Continuous
 62
    18
420
        0
370
    25
  0
POLYLINE
  5
325
330
1F
100
AcDbEntity
  8
0
  6
Continuous
 62
    18
420
        0
370
    25
100
AcDb2dPolyline
 66
     1
 10
0.0
 20
0.0
 30
0.0
 70
     1
  0
VERTEX
  5
326
330
325
100
AcDbEntity
  8
0
  6
Continuous
 62
    18
420
        0
370
    25
100
AcDbVertex
100
AcDb2dVertex
 10
61.58616666666668
 20
11.0311588959722
 30
0.0
  0
VERTEX
  5
327
330
325
100
AcDbEntity
  8
0
  6
Continuous
 62
    18
420
        0
370
    25
100
AcDbVertex
100
AcDb2dVertex
 10
61.77366666666666
 20
11.0311588959722
 30
0.0
  0
VERTEX
  5
328
330
325
100
AcDbEntity
  8
0
  6
Continuous
 62
    18
420
        0
370
    25
100
AcDbVertex
100
AcDb2dVertex
 10
61.77366666666666
 20
11.2186588959722
 30
0.0
  0
VERTEX
  5
329
330
325
100
AcDbEntity
  8
0
  6
Continuous
 62
    18
420
        0
370
    25
100
AcDbVertex
100
AcDb2dVertex
 10
61.58616666666668
 20
11.2186588959722
 30
0.0
  0
SEQEND
  5
32A
330
325
100
AcDbEntity
  8
0
  6
Continuous
 62
    18
420
        0
370
    25
  0
POLYLINE
  5
32B
330
1F
100
AcDbEntity
  8
0
  6
Continuous
 62
    18
420
        0
370
    25
100
AcDb2dPolyline
 66
     1
 10
0.0
 20
0.0
 30
0.0
 70
     1
  0
VERTEX
  5
32C
330
32B
100
AcDbEntity
  8
0
  6
Continuous
 62
    18
420
        0
370
    25
100
AcDbVertex
100
AcDb2dVertex
 10
59.59650000000001
 20
8.787492229305528
 30
0.0
  0
VERTEX
  5
32D
330
32B
100
AcDbEntity
  8
0
  6
Continuous
 62
    18
420
        0
370
    25
100
AcDbVertex
100
AcDb2dVertex
 10
59.78400000000002
 20
8.787492229305528
 30
0.0
  0
VERTEX
  5
32E
330
32B
100
AcDbEntity
  8
0
  6
Continuous
 62
    18
420
        0
370
    25
100
AcDbVertex
100
AcDb2dVertex
 10
59.78400000000002
 20
8.974992229305528
 30
0.0
  0
VERTEX
  5
32F
330
32B
100
AcDbEntity
  8
0
  6
Continuous
 62
    18
420
        0
370
    25
100
AcDbVertex
100
AcDb2dVertex
 10
59.59650000000001
 20
8.974992229305528
 30
0.0
  0
SEQEND
  5
330
330
32B
100
AcDbEntity
  8
0
  6
Continuous
 62
    18
420
        0
370
    25
  0
POLYLINE
  5
331
330
1F
100
AcDbEntity
  8
0
  6
Continuous
 62
    18
420
        0
370
    25
100
AcDb2dPolyline
 66
     1
 10
0.0
 20
0.0
 30
0.0
 70
     1
  0
VERTEX
  5
332
330
331
100
AcDbEntity
  8
0
  6
Continuous
 62
    18
420
        0
370
    25
100
AcDbVertex
100
AcDb2dVertex
 10
57.54333333333334
 20
8.787492229305528
 30
0.0
  0
VERTEX
  5
333
330
331
100
AcDbEntity
  8
0
  6
Continuous
 62
    18
420
        0
370
    25
100
AcDbVertex
100
AcDb2dVertex
 10
57.73083333333335
 20
8.787492229305528
 30
0.0
  0
VERTEX
  5
334
330
331
100
AcDbEntity
  8
0
  6
Continuous
 62
    18
420
        0
370
    25
100
AcDbVertex
100
AcDb2dVertex
 10
57.73083333333335
 20
8.974992229305528
 30
0.0
  0
VERTEX
  5
335
330
331
100
AcDbEntity
  8
0
  6
Continuous
 62
    18
420
        0
370
    25
100
AcDbVertex
100
AcDb2dVertex
 10
57.54333333333334
 20
8.974992229305528
 30
0.0
  0
SEQEND
  5
336
330
331
100
AcDbEntity
  8
0
  6
Continuous
 62
    18
420
        0
370
    25
  0
POLYLINE
  5
337
330
1F
100
AcDbEntity
  8
0
  6
Continuous
 62
    18
420
        0
370
    25
100
AcDb2dPolyline
 66
     1
 10
0.0
 20
0.0
 30
0.0
 70
     1
  0
VERTEX
  5
338
330
337
100
AcDbEntity
  8
0
  6
Continuous
 62
    18
420
        0
370
    25
100
AcDbVertex
100
AcDb2dVertex
 10
57.54333333333334
 20
9.422492229305522
 30
0.0
  0
VERTEX
  5
339
330
337
100
AcDbEntity
  8
0
  6
Continuous
 62
    18
420
        0
370
    25
100
AcDbVertex
100
AcDb2dVertex
 10
57.73083333333335
 20
9.422492229305522
 30
0.0
  0
VERTEX
  5
33A
330
337
100
AcDbEntity
  8
0
  6
Continuous
 62
    18
420
        0
370
    25
100
AcDbVertex
100
AcDb2dVertex
 10
57.73083333333335
 20
9.609992229305533
 30
0.0
  0
VERTEX
  5
33B
330
337
100
AcDbEntity
  8
0
  6
Continuous
 62
    18
420
        0
370
    25
100
AcDbVertex
100
AcDb2dVertex
 10
57.54333333333334
 20
9.609992229305533
 30
0.0
  0
SEQEND
  5
33C
330
337
100
AcDbEntity
  8
0
  6
Continuous
 62
    18
420
        0
370
    25
  0
POLYLINE
  5
33D
330
1F
100
AcDbEntity
  8
0
  6
Continuous
 62
    18
420
        0
370
    25
100
AcDb2dPolyline
 66
     1
 10
0.0
 20
0.0
 30
0.0
 70
     1
  0
VERTEX
  5
33E
330
33D
100
AcDbEntity
  8
0
  6
Continuous
 62
    18
420
        0
370
    25
100
AcDbVertex
100
AcDb2dVertex
 10
57.54333333333334
 20
11.17932556263886
 30
0.0
  0
VERTEX
  5
33F
330
33D
100
AcDbEntity
  8
0
  6
Continuous
 62
    18
420
        0
370
    25
100
AcDbVertex
100
AcDb2dVertex
 10
57.73083333333335
 20
11.17932556263886
 30
0.0
  0
VERTEX
  5
340
330
33D
100
AcDbEntity
  8
0
  6
Continuous
 62
    18
420
        0
370
    25
100
AcDbVertex
100
AcDb2dVertex
 10
57.73083333333335
 20
11.36682556263887
 30
0.0
  0
VERTEX
  5
341
330
33D
100
AcDbEntity
  8
0
  6
Continuous
 62
    18
420
        0
370
    25
100
AcDbVertex
100
AcDb2dVertex
 10
57.54333333333334
 20
11.36682556263887
 30
0.0
  0
SEQEND
  5
342
330
33D
100
AcDbEntity
  8
0
  6
Continuous
 62
    18
420
        0
370
    25
  0
POLYLINE
  5
343
330
1F
100
AcDbEntity
  8
0
  6
Continuous
 62
    18
420
        0
370
    25
100
AcDb2dPolyline
 66
     1
 10
0.0
 20
0.0
 30
0.0
 70
     1
  0
VERTEX
  5
344
330
343
100
AcDbEntity
  8
0
  6
Continuous
 62
    18
420
        0
370
    25
100
AcDbVertex
100
AcDb2dVertex
 10
57.54333333333334
 20
13.48649222930553
 30
0.0
  0
VERTEX
  5
345
330
343
100
AcDbEntity
  8
0
  6
Continuous
 62
    18
420
        0
370
    25
100
AcDbVertex
100
AcDb2dVertex
 10
57.73083333333335
 20
13.48649222930553
 30
0.0
  0
VERTEX
  5
346
330
343
100
AcDbEntity
  8
0
  6
Continuous
 62
    18
420
        0
370
    25
100
AcDbVertex
100
AcDb2dVertex
 10
57.73083333333335
 20
13.67399222930553
 30
0.0
  0
VERTEX
  5
347
330
343
100
AcDbEntity
  8
0
  6
Continuous
 62
    18
420
        0
370
    25
100
AcDbVertex
100
AcDb2dVertex
 10
57.54333333333334
 20
13.67399222930553
 30
0.0
  0
SEQEND
  5
348
330
343
100
AcDbEntity
  8
0
  6
Continuous
 62
    18
420
        0
370
    25
  0
POLYLINE
  5
349
330
1F
100
AcDbEntity
  8
0
  6
Continuous
 62
    18
420
        0
370
    25
100
AcDb2dPolyline
 66
     1
 10
0.0
 20
0.0
 30
0.0
 70
     1
  0
VERTEX
  5
34A
330
349
100
AcDbEntity
  8
0
  6
Continuous
 62
    18
420
        0
370
    25
100
AcDbVertex
100
AcDb2dVertex
 10
57.54333333333334
 20
15.6666588959722
 30
0.0
  0
VERTEX
  5
34B
330
349
100
AcDbEntity
  8
0
  6
Continuous
 62
    18
420
        0
370
    25
100
AcDbVertex
100
AcDb2dVertex
 10
57.73083333333335
 20
15.6666588959722
 30
0.0
  0
VERTEX
  5
34C
330
349
100
AcDbEntity
  8
0
  6
Continuous
 62
    18
420
        0
370
    25
100
AcDbVertex
100
AcDb2dVertex
 10
57.73083333333335
 20
15.8541588959722
 30
0.0
  0
VERTEX
  5
34D
330
349
100
AcDbEntity
  8
0
  6
Continuous
 62
    18
420
        0
370
    25
100
AcDbVertex
100
AcDb2dVertex
 10
57.54333333333334
 20
15.8541588959722
 30
0.0
  0
SEQEND
  5
34E
330
349
100
AcDbEntity
  8
0
  6
Continuous
 62
    18
420
        0
370
    25
  0
POLYLINE
  5
34F
330
1F
100
AcDbEntity
  8
0
  6
Continuous
 62
    18
420
        0
370
    25
100
AcDb2dPolyline
 66
     1
 10
0.0
 20
0.0
 30
0.0
 70
     1
  0
VERTEX
  5
350
330
34F
100
AcDbEntity
  8
0
  6
Continuous
 62
    18
420
        0
370
    25
100
AcDbVertex
100
AcDb2dVertex
 10
57.54333333333334
 20
18.37599222930553
 30
0.0
  0
VERTEX
  5
351
330
34F
100
AcDbEntity
  8
0
  6
Continuous
 62
    18
420
        0
370
    25
100
AcDbVertex
100
AcDb2dVertex
 10
57.73083333333335
 20
18.37599222930553
 30
0.0
  0
VERTEX
  5
352
330
34F
100
AcDbEntity
  8
0
  6
Continuous
 62
    18
420
        0
370
    25
100
AcDbVertex
100
AcDb2dVertex
 10
57.73083333333335
 20
18.56349222930553
 30
0.0
  0
VERTEX
  5
353
330
34F
100
AcDbEntity
  8
0
  6
Continuous
 62
    18
420
        0
370
    25
100
AcDbVertex
100
AcDb2dVertex
 10
57.54333333333334
 20
18.56349222930553
 30
0.0
  0
SEQEND
  5
354
330
34F
100
AcDbEntity
  8
0
  6
Continuous
 62
    18
420
        0
370
    25
  0
POLYLINE
  5
355
330
1F
100
AcDbEntity
  8
0
  6
Continuous
 62
    18
420
        0
370
    25
100
AcDb2dPolyline
 66
     1
 10
0.0
 20
0.0
 30
0.0
 70
     1
  0
VERTEX
  5
356
330
355
100
AcDbEntity
  8
0
  6
Continuous
 62
    18
420
        0
370
    25
100
AcDbVertex
100
AcDb2dVertex
 10
56.01933333333334
 20
21.21232556263886
 30
0.0
  0
VERTEX
  5
357
330
355
100
AcDbEntity
  8
0
  6
Continuous
 62
    18
420
        0
370
    25
100
AcDbVertex
100
AcDb2dVertex
 10
56.20683333333335
 20
21.21232556263886
 30
0.0
  0
VERTEX
  5
358
330
355
100
AcDbEntity
  8
0
  6
Continuous
 62
    18
420
        0
370
    25
100
AcDbVertex
100
AcDb2dVertex
 10
56.20683333333335
 20
21.39982556263886
 30
0.0
  0
VERTEX
  5
359
330
355
100
AcDbEntity
  8
0
  6
Continuous
 62
    18
420
        0
370
    25
100
AcDbVertex
100
AcDb2dVertex
 10
56.01933333333334
 20
21.39982556263886
 30
0.0
  0
SEQEND
  5
35A
330
355
100
AcDbEntity
  8
0
  6
Continuous
 62
    18
420
        0
370
    25
  0
POLYLINE
  5
35B
330
1F
100
AcDbEntity
  8
0
  6
Continuous
 62
    18
420
        0
370
    25
100
AcDb2dPolyline
 66
     1
 10
0.0
 20
0.0
 30
0.0
 70
     1
  0
VERTEX
  5
35C
330
35B
100
AcDbEntity
  8
0
  6
Continuous
 62
    18
420
        0
370
    25
100
AcDbVertex
100
AcDb2dVertex
 10
57.54333333333334
 20
24.26032556263885
 30
0.0
  0
VERTEX
  5
35D
330
35B
100
AcDbEntity
  8
0
  6
Continuous
 62
    18
420
        0
370
    25
100
AcDbVertex
100
AcDb2dVertex
 10
57.73083333333335
 20
24.26032556263885
 30
0.0
  0
VERTEX
  5
35E
330
35B
100
AcDbEntity
  8
0
  6
Continuous
 62
    18
420
        0
370
    25
100
AcDbVertex
100
AcDb2dVertex
 10
57.73083333333335
 20
24.44782556263887
 30
0.0
  0
VERTEX
  5
35F
330
35B
100
AcDbEntity
  8
0
  6
Continuous
 62
    18
420
        0
370
    25
100
AcDbVertex
100
AcDb2dVertex
 10
57.54333333333334
 20
24.44782556263887
 30
0.0
  0
SEQEND
  5
360
330
35B
100
AcDbEntity
  8
0
  6
Continuous
 62
    18
420
        0
370
    25
  0
POLYLINE
  5
361
330
1F
100
AcDbEntity
  8
0
  6
Continuous
 62
    18
420
        0
370
    25
100
AcDb2dPolyline
 66
     1
 10
0.0
 20
0.0
 30
0.0
 70
     1
  0
VERTEX
  5
362
330
361
100
AcDbEntity
  8
0
  6
Continuous
 62
    18
420
        0
370
    25
100
AcDbVertex
100
AcDb2dVertex
 10
57.54333333333334
 20
22.54582556263886
 30
0.0
  0
VERTEX
  5
363
330
361
100
AcDbEntity
  8
0
  6
Continuous
 62
    18
420
        0
370
    25
100
AcDbVertex
100
AcDb2dVertex
 10
57.73083333333335
 20
22.54582556263886
 30
0.0
  0
VERTEX
  5
364
330
361
100
AcDbEntity
  8
0
  6
Continuous
 62
    18
420
        0
370
    25
100
AcDbVertex
100
AcDb2dVertex
 10
57.73083333333335
 20
22.73332556263887
 30
0.0
  0
VERTEX
  5
365
330
361
100
AcDbEntity
  8
0
  6
Continuous
 62
    18
420
        0
370
    25
100
AcDbVertex
100
AcDb2dVertex
 10
57.54333333333334
 20
22.73332556263887
 30
0.0
  0
SEQEND
  5
366
330
361
100
AcDbEntity
  8
0
  6
Continuous
 62
    18
420
        0
370
    25
  0
POLYLINE
  5
367
330
1F
100
AcDbEntity
  8
0
  6
Continuous
 62
    18
420
        0
370
    25
100
AcDb2dPolyline
 66
     1
 10
0.0
 20
0.0
 30
0.0
 70
     1
  0
VERTEX
  5
368
330
367
100
AcDbEntity
  8
0
  6
Continuous
 62
    18
420
        0
370
    25
100
AcDbVertex
100
AcDb2dVertex
 10
57.54333333333334
 20
21.21232556263886
 30
0.0
  0
VERTEX
  5
369
330
367
100
AcDbEntity
  8
0
  6
Continuous
 62
    18
420
        0
370
    25
100
AcDbVertex
100
AcDb2dVertex
 10
57.73083333333335
 20
21.21232556263886
 30
0.0
  0
VERTEX
  5
36A
330
367
100
AcDbEntity
  8
0
  6
Continuous
 62
    18
420
        0
370
    25
100
AcDbVertex
100
AcDb2dVertex
 10
57.73083333333335
 20
21.39982556263886
 30
0.0
  0
VERTEX
  5
36B
330
367
100
AcDbEntity
  8
0
  6
Continuous
 62
    18
420
        0
370
    25
100
AcDbVertex
100
AcDb2dVertex
 10
57.54333333333334
 20
21.39982556263886
 30
0.0
  0
SEQEND
  5
36C
330
367
100
AcDbEntity
  8
0
  6
Continuous
 62
    18
420
        0
370
    25
  0
POLYLINE
  5
36D
330
1F
100
AcDbEntity
  8
0
  6
Continuous
 62
    18
420
        0
370
    25
100
AcDb2dPolyline
 66
     1
 10
0.0
 20
0.0
 30
0.0
 70
     1
  0
VERTEX
  5
36E
330
36D
100
AcDbEntity
  8
0
  6
Continuous
 62
    18
420
        0
370
    25
100
AcDbVertex
100
AcDb2dVertex
 10
50.49483333333334
 20
7.919658895972194
 30
0.0
  0
VERTEX
  5
36F
330
36D
100
AcDbEntity
  8
0
  6
Continuous
 62
    18
420
        0
370
    25
100
AcDbVertex
100
AcDb2dVertex
 10
50.68233333333335
 20
7.919658895972194
 30
0.0
  0
VERTEX
  5
370
330
36D
100
AcDbEntity
  8
0
  6
Continuous
 62
    18
420
        0
370
    25
100
AcDbVertex
100
AcDb2dVertex
 10
50.68233333333335
 20
8.107158895972194
 30
0.0
  0
VERTEX
  5
371
330
36D
100
AcDbEntity
  8
0
  6
Continuous
 62
    18
420
        0
370
    25
100
AcDbVertex
100
AcDb2dVertex
 10
50.49483333333334
 20
8.107158895972194
 30
0.0
  0
SEQEND
  5
372
330
36D
100
AcDbEntity
  8
0
  6
Continuous
 62
    18
420
        0
370
    25
  0
POLYLINE
  5
373
330
1F
100
AcDbEntity
  8
0
  6
Continuous
 62
    18
420
        0
370
    25
100
AcDb2dPolyline
 66
     1
 10
0.0
 20
0.0
 30
0.0
 70
     1
  0
VERTEX
  5
374
330
373
100
AcDbEntity
  8
0
  6
Continuous
 62
    18
420
        0
370
    25
100
AcDbVertex
100
AcDb2dVertex
 10
50.49483333333334
 20
9.422492229305522
 30
0.0
  0
VERTEX
  5
375
330
373
100
AcDbEntity
  8
0
  6
Continuous
 62
    18
420
        0
370
    25
100
AcDbVertex
100
AcDb2dVertex
 10
50.68233333333335
 20
9.422492229305522
 30
0.0
  0
VERTEX
  5
376
330
373
100
AcDbEntity
  8
0
  6
Continuous
 62
    18
420
        0
370
    25
100
AcDbVertex
100
AcDb2dVertex
 10
50.68233333333335
 20
9.609992229305533
 30
0.0
  0
VERTEX
  5
377
330
373
100
AcDbEntity
  8
0
  6
Continuous
 62
    18
420
        0
370
    25
100
AcDbVertex
100
AcDb2dVertex
 10
50.49483333333334
 20
9.609992229305533
 30
0.0
  0
SEQEND
  5
378
330
373
100
AcDbEntity
  8
0
  6
Continuous
 62
    18
420
        0
370
    25
  0
POLYLINE
  5
379
330
1F
100
AcDbEntity
  8
0
  6
Continuous
 62
    18
420
        0
370
    25
100
AcDb2dPolyline
 66
     1
 10
0.0
 20
0.0
 30
0.0
 70
     1
  0
VERTEX
  5
37A
330
379
100
AcDbEntity
  8
0
  6
Continuous
 62
    18
420
        0
370
    25
100
AcDbVertex
100
AcDb2dVertex
 10
50.49483333333334
 20
11.17932556263886
 30
0.0
  0
VERTEX
  5
37B
330
379
100
AcDbEntity
  8
0
  6
Continuous
 62
    18
420
        0
370
    25
100
AcDbVertex
100
AcDb2dVertex
 10
50.68233333333335
 20
11.17932556263886
 30
0.0
  0
VERTEX
  5
37C
330
379
100
AcDbEntity
  8
0
  6
Continuous
 62
    18
420
        0
370
    25
100
AcDbVertex
100
AcDb2dVertex
 10
50.68233333333335
 20
11.36682556263887
 30
0.0
  0
VERTEX
  5
37D
330
379
100
AcDbEntity
  8
0
  6
Continuous
 62
    18
420
        0
370
    25
100
AcDbVertex
100
AcDb2dVertex
 10
50.49483333333334
 20
11.36682556263887
 30
0.0
  0
SEQEND
  5
37E
330
379
100
AcDbEntity
  8
0
  6
Continuous
 62
    18
420
        0
370
    25
  0
POLYLINE
  5
37F
330
1F
100
AcDbEntity
  8
0
  6
Continuous
 62
    18
420
        0
370
    25
100
AcDb2dPolyline
 66
     1
 10
0.0
 20
0.0
 30
0.0
 70
     1
  0
VERTEX
  5
380
330
37F
100
AcDbEntity
  8
0
  6
Continuous
 62
    18
420
        0
370
    25
100
AcDbVertex
100
AcDb2dVertex
 10
50.49483333333334
 20
13.48649222930553
 30
0.0
  0
VERTEX
  5
381
330
37F
100
AcDbEntity
  8
0
  6
Continuous
 62
    18
420
        0
370
    25
100
AcDbVertex
100
AcDb2dVertex
 10
50.68233333333335
 20
13.48649222930553
 30
0.0
  0
VERTEX
  5
382
330
37F
100
AcDbEntity
  8
0
  6
Continuous
 62
    18
420
        0
370
    25
100
AcDbVertex
100
AcDb2dVertex
 10
50.68233333333335
 20
13.67399222930553
 30
0.0
  0
VERTEX
  5
383
330
37F
100
AcDbEntity
  8
0
  6
Continuous
 62
    18
420
        0
370
    25
100
AcDbVertex
100
AcDb2dVertex
 10
50.49483333333334
 20
13.67399222930553
 30
0.0
  0
SEQEND
  5
384
330
37F
100
AcDbEntity
  8
0
  6
Continuous
 62
    18
420
        0
370
    25
  0
POLYLINE
  5
385
330
1F
100
AcDbEntity
  8
0
  6
Continuous
 62
    18
420
        0
370
    25
100
AcDb2dPolyline
 66
     1
 10
0.0
 20
0.0
 30
0.0
 70
     1
  0
VERTEX
  5
386
330
385
100
AcDbEntity
  8
0
  6
Continuous
 62
    18
420
        0
370
    25
100
AcDbVertex
100
AcDb2dVertex
 10
50.49483333333334
 20
15.6666588959722
 30
0.0
  0
VERTEX
  5
387
330
385
100
AcDbEntity
  8
0
  6
Continuous
 62
    18
420
        0
370
    25
100
AcDbVertex
100
AcDb2dVertex
 10
50.68233333333335
 20
15.6666588959722
 30
0.0
  0
VERTEX
  5
388
330
385
100
AcDbEntity
  8
0
  6
Continuous
 62
    18
420
        0
370
    25
100
AcDbVertex
100
AcDb2dVertex
 10
50.68233333333335
 20
15.8541588959722
 30
0.0
  0
VERTEX
  5
389
330
385
100
AcDbEntity
  8
0
  6
Continuous
 62
    18
420
        0
370
    25
100
AcDbVertex
100
AcDb2dVertex
 10
50.49483333333334
 20
15.8541588959722
 30
0.0
  0
SEQEND
  5
38A
330
385
100
AcDbEntity
  8
0
  6
Continuous
 62
    18
420
        0
370
    25
  0
POLYLINE
  5
38B
330
1F
100
AcDbEntity
  8
0
  6
Continuous
 62
    18
420
        0
370
    25
100
AcDb2dPolyline
 66
     1
 10
0.0
 20
0.0
 30
0.0
 70
     1
  0
VERTEX
  5
38C
330
38B
100
AcDbEntity
  8
0
  6
Continuous
 62
    18
420
        0
370
    25
100
AcDbVertex
100
AcDb2dVertex
 10
50.49483333333334
 20
18.37599222930553
 30
0.0
  0
VERTEX
  5
38D
330
38B
100
AcDbEntity
  8
0
  6
Continuous
 62
    18
420
        0
370
    25
100
AcDbVertex
100
AcDb2dVertex
 10
50.68233333333335
 20
18.37599222930553
 30
0.0
  0
VERTEX
  5
38E
330
38B
100
AcDbEntity
  8
0
  6
Continuous
 62
    18
420
        0
370
    25
100
AcDbVertex
100
AcDb2dVertex
 10
50.68233333333335
 20
18.56349222930553
 30
0.0
  0
VERTEX
  5
38F
330
38B
100
AcDbEntity
  8
0
  6
Continuous
 62
    18
420
        0
370
    25
100
AcDbVertex
100
AcDb2dVertex
 10
50.49483333333334
 20
18.56349222930553
 30
0.0
  0
SEQEND
  5
390
330
38B
100
AcDbEntity
  8
0
  6
Continuous
 62
    18
420
        0
370
    25
  0
POLYLINE
  5
391
330
1F
100
AcDbEntity
  8
0
  6
Continuous
 62
    18
420
        0
370
    25
100
AcDb2dPolyline
 66
     1
 10
0.0
 20
0.0
 30
0.0
 70
     1
  0
VERTEX
  5
392
330
391
100
AcDbEntity
  8
0
  6
Continuous
 62
    18
420
        0
370
    25
100
AcDbVertex
100
AcDb2dVertex
 10
50.49483333333334
 20
20.11165889597219
 30
0.0
  0
VERTEX
  5
393
330
391
100
AcDbEntity
  8
0
  6
Continuous
 62
    18
420
        0
370
    25
100
AcDbVertex
100
AcDb2dVertex
 10
50.68233333333335
 20
20.11165889597219
 30
0.0
  0
VERTEX
  5
394
330
391
100
AcDbEntity
  8
0
  6
Continuous
 62
    18
420
        0
370
    25
100
AcDbVertex
100
AcDb2dVertex
 10
50.68233333333335
 20
20.2991588959722
 30
0.0
  0
VERTEX
  5
395
330
391
100
AcDbEntity
  8
0
  6
Continuous
 62
    18
420
        0
370
    25
100
AcDbVertex
100
AcDb2dVertex
 10
50.49483333333334
 20
20.2991588959722
 30
0.0
  0
SEQEND
  5
396
330
391
100
AcDbEntity
  8
0
  6
Continuous
 62
    18
420
        0
370
    25
  0
POLYLINE
  5
397
330
1F
100
AcDbEntity
  8
0
  6
Continuous
 62
    18
420
        0
370
    25
100
AcDb2dPolyline
 66
     1
 10
0.0
 20
0.0
 30
0.0
 70
     1
  0
VERTEX
  5
398
330
397
100
AcDbEntity
  8
0
  6
Continuous
 62
    18
420
        0
370
    25
100
AcDbVertex
100
AcDb2dVertex
 10
50.49483333333334
 20
21.19115889597219
 30
0.0
  0
VERTEX
  5
399
330
397
100
AcDbEntity
  8
0
  6
Continuous
 62
    18
420
        0
370
    25
100
AcDbVertex
100
AcDb2dVertex
 10
50.68233333333335
 20
21.19115889597219
 30
0.0
  0
VERTEX
  5
39A
330
397
100
AcDbEntity
  8
0
  6
Continuous
 62
    18
420
        0
370
    25
100
AcDbVertex
100
AcDb2dVertex
 10
50.68233333333335
 20
21.3786588959722
 30
0.0
  0
VERTEX
  5
39B
330
397
100
AcDbEntity
  8
0
  6
Continuous
 62
    18
420
        0
370
    25
100
AcDbVertex
100
AcDb2dVertex
 10
50.49483333333334
 20
21.3786588959722
 30
0.0
  0
SEQEND
  5
39C
330
397
100
AcDbEntity
  8
0
  6
Continuous
 62
    18
420
        0
370
    25
  0
POLYLINE
  5
39D
330
1F
100
AcDbEntity
  8
0
  6
Continuous
 62
    18
420
        0
370
    25
100
AcDb2dPolyline
 66
     1
 10
0.0
 20
0.0
 30
0.0
 70
     1
  0
VERTEX
  5
39E
330
39D
100
AcDbEntity
  8
0
  6
Continuous
 62
    18
420
        0
370
    25
100
AcDbVertex
100
AcDb2dVertex
 10
47.15050000000001
 20
20.11165889597219
 30
0.0
  0
VERTEX
  5
39F
330
39D
100
AcDbEntity
  8
0
  6
Continuous
 62
    18
420
        0
370
    25
100
AcDbVertex
100
AcDb2dVertex
 10
47.33800000000002
 20
20.11165889597219
 30
0.0
  0
VERTEX
  5
3A0
330
39D
100
AcDbEntity
  8
0
  6
Continuous
 62
    18
420
        0
370
    25
100
AcDbVertex
100
AcDb2dVertex
 10
47.33800000000002
 20
20.2991588959722
 30
0.0
  0
VERTEX
  5
3A1
330
39D
100
AcDbEntity
  8
0
  6
Continuous
 62
    18
420
        0
370
    25
100
AcDbVertex
100
AcDb2dVertex
 10
47.15050000000001
 20
20.2991588959722
 30
0.0
  0
SEQEND
  5
3A2
330
39D
100
AcDbEntity
  8
0
  6
Continuous
 62
    18
420
        0
370
    25
  0
POLYLINE
  5
3A3
330
1F
100
AcDbEntity
  8
0
  6
Continuous
 62
    18
420
        0
370
    25
100
AcDb2dPolyline
 66
     1
 10
0.0
 20
0.0
 30
0.0
 70
     1
  0
VERTEX
  5
3A4
330
3A3
100
AcDbEntity
  8
0
  6
Continuous
 62
    18
420
        0
370
    25
100
AcDbVertex
100
AcDb2dVertex
 10
44.58933333333334
 20
20.11165889597219
 30
0.0
  0
VERTEX
  5
3A5
330
3A3
100
AcDbEntity
  8
0
  6
Continuous
 62
    18
420
        0
370
    25
100
AcDbVertex
100
AcDb2dVertex
 10
44.77683333333333
 20
20.11165889597219
 30
0.0
  0
VERTEX
  5
3A6
330
3A3
100
AcDbEntity
  8
0
  6
Continuous
 62
    18
420
        0
370
    25
100
AcDbVertex
100
AcDb2dVertex
 10
44.77683333333333
 20
20.2991588959722
 30
0.0
  0
VERTEX
  5
3A7
330
3A3
100
AcDbEntity
  8
0
  6
Continuous
 62
    18
420
        0
370
    25
100
AcDbVertex
100
AcDb2dVertex
 10
44.58933333333334
 20
20.2991588959722
 30
0.0
  0
SEQEND
  5
3A8
330
3A3
100
AcDbEntity
  8
0
  6
Continuous
 62
    18
420
        0
370
    25
  0
POLYLINE
  5
3A9
330
1F
100
AcDbEntity
  8
0
  6
Continuous
 62
    18
420
        0
370
    25
100
AcDb2dPolyline
 66
     1
 10
0.0
 20
0.0
 30
0.0
 70
     1
  0
VERTEX
  5
3AA
330
3A9
100
AcDbEntity
  8
0
  6
Continuous
 62
    18
420
        0
370
    25
100
AcDbVertex
100
AcDb2dVertex
 10
41.96466666666667
 20
20.11165889597219
 30
0.0
  0
VERTEX
  5
3AB
330
3A9
100
AcDbEntity
  8
0
  6
Continuous
 62
    18
420
        0
370
    25
100
AcDbVertex
100
AcDb2dVertex
 10
42.15216666666669
 20
20.11165889597219
 30
0.0
  0
VERTEX
  5
3AC
330
3A9
100
AcDbEntity
  8
0
  6
Continuous
 62
    18
420
        0
370
    25
100
AcDbVertex
100
AcDb2dVertex
 10
42.15216666666669
 20
20.2991588959722
 30
0.0
  0
VERTEX
  5
3AD
330
3A9
100
AcDbEntity
  8
0
  6
Continuous
 62
    18
420
        0
370
    25
100
AcDbVertex
100
AcDb2dVertex
 10
41.96466666666667
 20
20.2991588959722
 30
0.0
  0
SEQEND
  5
3AE
330
3A9
100
AcDbEntity
  8
0
  6
Continuous
 62
    18
420
        0
370
    25
  0
POLYLINE
  5
3AF
330
1F
100
AcDbEntity
  8
0
  6
Continuous
 62
    18
420
        0
370
    25
100
AcDb2dPolyline
 66
     1
 10
0.0
 20
0.0
 30
0.0
 70
     1
  0
VERTEX
  5
3B0
330
3AF
100
AcDbEntity
  8
0
  6
Continuous
 62
    18
420
        0
370
    25
100
AcDbVertex
100
AcDb2dVertex
 10
38.68625000000002
 20
20.11165889597219
 30
0.0
  0
VERTEX
  5
3B1
330
3AF
100
AcDbEntity
  8
0
  6
Continuous
 62
    18
420
        0
370
    25
100
AcDbVertex
100
AcDb2dVertex
 10
38.87375000000002
 20
20.11165889597219
 30
0.0
  0
VERTEX
  5
3B2
330
3AF
100
AcDbEntity
  8
0
  6
Continuous
 62
    18
420
        0
370
    25
100
AcDbVertex
100
AcDb2dVertex
 10
38.87375000000002
 20
20.2991588959722
 30
0.0
  0
VERTEX
  5
3B3
330
3AF
100
AcDbEntity
  8
0
  6
Continuous
 62
    18
420
        0
370
    25
100
AcDbVertex
100
AcDb2dVertex
 10
38.68625000000002
 20
20.2991588959722
 30
0.0
  0
SEQEND
  5
3B4
330
3AF
100
AcDbEntity
  8
0
  6
Continuous
 62
    18
420
        0
370
    25
  0
POLYLINE
  5
3B5
330
1F
100
AcDbEntity
  8
0
  6
Continuous
 62
    18
420
        0
370
    25
100
AcDb2dPolyline
 66
     1
 10
0.0
 20
0.0
 30
0.0
 70
     1
  0
VERTEX
  5
3B6
330
3B5
100
AcDbEntity
  8
0
  6
Continuous
 62
    18
420
        0
370
    25
100
AcDbVertex
100
AcDb2dVertex
 10
47.15050000000001
 20
21.19115889597219
 30
0.0
  0
VERTEX
  5
3B7
330
3B5
100
AcDbEntity
  8
0
  6
Continuous
 62
    18
420
        0
370
    25
100
AcDbVertex
100
AcDb2dVertex
 10
47.33800000000002
 20
21.19115889597219
 30
0.0
  0
VERTEX
  5
3B8
330
3B5
100
AcDbEntity
  8
0
  6
Continuous
 62
    18
420
        0
370
    25
100
AcDbVertex
100
AcDb2dVertex
 10
47.33800000000002
 20
21.3786588959722
 30
0.0
  0
VERTEX
  5
3B9
330
3B5
100
AcDbEntity
  8
0
  6
Continuous
 62
    18
420
        0
370
    25
100
AcDbVertex
100
AcDb2dVertex
 10
47.15050000000001
 20
21.3786588959722
 30
0.0
  0
SEQEND
  5
3BA
330
3B5
100
AcDbEntity
  8
0
  6
Continuous
 62
    18
420
        0
370
    25
  0
POLYLINE
  5
3BB
330
1F
100
AcDbEntity
  8
0
  6
Continuous
 62
    18
420
        0
370
    25
100
AcDb2dPolyline
 66
     1
 10
0.0
 20
0.0
 30
0.0
 70
     1
  0
VERTEX
  5
3BC
330
3BB
100
AcDbEntity
  8
0
  6
Continuous
 62
    18
420
        0
370
    25
100
AcDbVertex
100
AcDb2dVertex
 10
44.58933333333334
 20
21.19115889597219
 30
0.0
  0
VERTEX
  5
3BD
330
3BB
100
AcDbEntity
  8
0
  6
Continuous
 62
    18
420
        0
370
    25
100
AcDbVertex
100
AcDb2dVertex
 10
44.77683333333333
 20
21.19115889597219
 30
0.0
  0
VERTEX
  5
3BE
330
3BB
100
AcDbEntity
  8
0
  6
Continuous
 62
    18
420
        0
370
    25
100
AcDbVertex
100
AcDb2dVertex
 10
44.77683333333333
 20
21.3786588959722
 30
0.0
  0
VERTEX
  5
3BF
330
3BB
100
AcDbEntity
  8
0
  6
Continuous
 62
    18
420
        0
370
    25
100
AcDbVertex
100
AcDb2dVertex
 10
44.58933333333334
 20
21.3786588959722
 30
0.0
  0
SEQEND
  5
3C0
330
3BB
100
AcDbEntity
  8
0
  6
Continuous
 62
    18
420
        0
370
    25
  0
POLYLINE
  5
3C1
330
1F
100
AcDbEntity
  8
0
  6
Continuous
 62
    18
420
        0
370
    25
100
AcDb2dPolyline
 66
     1
 10
0.0
 20
0.0
 30
0.0
 70
     1
  0
VERTEX
  5
3C2
330
3C1
100
AcDbEntity
  8
0
  6
Continuous
 62
    18
420
        0
370
    25
100
AcDbVertex
100
AcDb2dVertex
 10
49.71166666666667
 20
22.4611588959722
 30
0.0
  0
VERTEX
  5
3C3
330
3C1
100
AcDbEntity
  8
0
  6
Continuous
 62
    18
420
        0
370
    25
100
AcDbVertex
100
AcDb2dVertex
 10
49.89916666666669
 20
22.4611588959722
 30
0.0
  0
VERTEX
  5
3C4
330
3C1
100
AcDbEntity
  8
0
  6
Continuous
 62
    18
420
        0
370
    25
100
AcDbVertex
100
AcDb2dVertex
 10
49.89916666666669
 20
22.6486588959722
 30
0.0
  0
VERTEX
  5
3C5
330
3C1
100
AcDbEntity
  8
0
  6
Continuous
 62
    18
420
        0
370
    25
100
AcDbVertex
100
AcDb2dVertex
 10
49.71166666666667
 20
22.6486588959722
 30
0.0
  0
SEQEND
  5
3C6
330
3C1
100
AcDbEntity
  8
0
  6
Continuous
 62
    18
420
        0
370
    25
  0
POLYLINE
  5
3C7
330
1F
100
AcDbEntity
  8
0
  6
Continuous
 62
    18
420
        0
370
    25
100
AcDb2dPolyline
 66
     1
 10
0.0
 20
0.0
 30
0.0
 70
     1
  0
VERTEX
  5
3C8
330
3C7
100
AcDbEntity
  8
0
  6
Continuous
 62
    18
420
        0
370
    25
100
AcDbVertex
100
AcDb2dVertex
 10
46.43325000000002
 20
22.4611588959722
 30
0.0
  0
VERTEX
  5
3C9
330
3C7
100
AcDbEntity
  8
0
  6
Continuous
 62
    18
420
        0
370
    25
100
AcDbVertex
100
AcDb2dVertex
 10
46.62075000000002
 20
22.4611588959722
 30
0.0
  0
VERTEX
  5
3CA
330
3C7
100
AcDbEntity
  8
0
  6
Continuous
 62
    18
420
        0
370
    25
100
AcDbVertex
100
AcDb2dVertex
 10
46.62075000000002
 20
22.6486588959722
 30
0.0
  0
VERTEX
  5
3CB
330
3C7
100
AcDbEntity
  8
0
  6
Continuous
 62
    18
420
        0
370
    25
100
AcDbVertex
100
AcDb2dVertex
 10
46.43325000000002
 20
22.6486588959722
 30
0.0
  0
SEQEND
  5
3CC
330
3C7
100
AcDbEntity
  8
0
  6
Continuous
 62
    18
420
        0
370
    25
  0
POLYLINE
  5
3CD
330
1F
100
AcDbEntity
  8
0
  6
Continuous
 62
    18
420
        0
370
    25
100
AcDb2dPolyline
 66
     1
 10
0.0
 20
0.0
 30
0.0
 70
     1
  0
VERTEX
  5
3CE
330
3CD
100
AcDbEntity
  8
0
  6
Continuous
 62
    18
420
        0
370
    25
100
AcDbVertex
100
AcDb2dVertex
 10
45.54183333333334
 20
22.4611588959722
 30
0.0
  0
VERTEX
  5
3CF
330
3CD
100
AcDbEntity
  8
0
  6
Continuous
 62
    18
420
        0
370
    25
100
AcDbVertex
100
AcDb2dVertex
 10
45.72933333333333
 20
22.4611588959722
 30
0.0
  0
VERTEX
  5
3D0
330
3CD
100
AcDbEntity
  8
0
  6
Continuous
 62
    18
420
        0
370
    25
100
AcDbVertex
100
AcDb2dVertex
 10
45.72933333333333
 20
22.6486588959722
 30
0.0
  0
VERTEX
  5
3D1
330
3CD
100
AcDbEntity
  8
0
  6
Continuous
 62
    18
420
        0
370
    25
100
AcDbVertex
100
AcDb2dVertex
 10
45.54183333333334
 20
22.6486588959722
 30
0.0
  0
SEQEND
  5
3D2
330
3CD
100
AcDbEntity
  8
0
  6
Continuous
 62
    18
420
        0
370
    25
  0
POLYLINE
  5
3D3
330
1F
100
AcDbEntity
  8
0
  6
Continuous
 62
    18
420
        0
370
    25
100
AcDb2dPolyline
 66
     1
 10
0.0
 20
0.0
 30
0.0
 70
     1
  0
VERTEX
  5
3D4
330
3D3
100
AcDbEntity
  8
0
  6
Continuous
 62
    18
420
        0
370
    25
100
AcDbVertex
100
AcDb2dVertex
 10
42.26341666666668
 20
22.4611588959722
 30
0.0
  0
VERTEX
  5
3D5
330
3D3
100
AcDbEntity
  8
0
  6
Continuous
 62
    18
420
        0
370
    25
100
AcDbVertex
100
AcDb2dVertex
 10
42.45091666666669
 20
22.4611588959722
 30
0.0
  0
VERTEX
  5
3D6
330
3D3
100
AcDbEntity
  8
0
  6
Continuous
 62
    18
420
        0
370
    25
100
AcDbVertex
100
AcDb2dVertex
 10
42.45091666666669
 20
22.6486588959722
 30
0.0
  0
VERTEX
  5
3D7
330
3D3
100
AcDbEntity
  8
0
  6
Continuous
 62
    18
420
        0
370
    25
100
AcDbVertex
100
AcDb2dVertex
 10
42.26341666666668
 20
22.6486588959722
 30
0.0
  0
SEQEND
  5
3D8
330
3D3
100
AcDbEntity
  8
0
  6
Continuous
 62
    18
420
        0
370
    25
  0
POLYLINE
  5
3D9
330
1F
100
AcDbEntity
  8
0
  6
Continuous
 62
    18
420
        0
370
    25
100
AcDb2dPolyline
 66
     1
 10
0.0
 20
0.0
 30
0.0
 70
     1
  0
VERTEX
  5
3DA
330
3D9
100
AcDbEntity
  8
0
  6
Continuous
 62
    18
420
        0
370
    25
100
AcDbVertex
100
AcDb2dVertex
 10
41.47783333333334
 20
22.4611588959722
 30
0.0
  0
VERTEX
  5
3DB
330
3D9
100
AcDbEntity
  8
0
  6
Continuous
 62
    18
420
        0
370
    25
100
AcDbVertex
100
AcDb2dVertex
 10
41.66533333333334
 20
22.4611588959722
 30
0.0
  0
VERTEX
  5
3DC
330
3D9
100
AcDbEntity
  8
0
  6
Continuous
 62
    18
420
        0
370
    25
100
AcDbVertex
100
AcDb2dVertex
 10
41.66533333333334
 20
22.6486588959722
 30
0.0
  0
VERTEX
  5
3DD
330
3D9
100
AcDbEntity
  8
0
  6
Continuous
 62
    18
420
        0
370
    25
100
AcDbVertex
100
AcDb2dVertex
 10
41.47783333333334
 20
22.6486588959722
 30
0.0
  0
SEQEND
  5
3DE
330
3D9
100
AcDbEntity
  8
0
  6
Continuous
 62
    18
420
        0
370
    25
  0
POLYLINE
  5
3DF
330
1F
100
AcDbEntity
  8
0
  6
Continuous
 62
    18
420
        0
370
    25
100
AcDb2dPolyline
 66
     1
 10
0.0
 20
0.0
 30
0.0
 70
     1
  0
VERTEX
  5
3E0
330
3DF
100
AcDbEntity
  8
0
  6
Continuous
 62
    18
420
        0
370
    25
100
AcDbVertex
100
AcDb2dVertex
 10
38.19941666666668
 20
22.4611588959722
 30
0.0
  0
VERTEX
  5
3E1
330
3DF
100
AcDbEntity
  8
0
  6
Continuous
 62
    18
420
        0
370
    25
100
AcDbVertex
100
AcDb2dVertex
 10
38.38691666666669
 20
22.4611588959722
 30
0.0
  0
VERTEX
  5
3E2
330
3DF
100
AcDbEntity
  8
0
  6
Continuous
 62
    18
420
        0
370
    25
100
AcDbVertex
100
AcDb2dVertex
 10
38.38691666666669
 20
22.6486588959722
 30
0.0
  0
VERTEX
  5
3E3
330
3DF
100
AcDbEntity
  8
0
  6
Continuous
 62
    18
420
        0
370
    25
100
AcDbVertex
100
AcDb2dVertex
 10
38.19941666666668
 20
22.6486588959722
 30
0.0
  0
SEQEND
  5
3E4
330
3DF
100
AcDbEntity
  8
0
  6
Continuous
 62
    18
420
        0
370
    25
  0
POLYLINE
  5
3E5
330
1F
100
AcDbEntity
  8
0
  6
Continuous
 62
    18
420
        0
370
    25
100
AcDb2dPolyline
 66
     1
 10
0.0
 20
0.0
 30
0.0
 70
     1
  0
VERTEX
  5
3E6
330
3E5
100
AcDbEntity
  8
0
  6
Continuous
 62
    18
420
        0
370
    25
100
AcDbVertex
100
AcDb2dVertex
 10
37.81841666666668
 20
25.59382556263887
 30
0.0
  0
VERTEX
  5
3E7
330
3E5
100
AcDbEntity
  8
0
  6
Continuous
 62
    18
420
        0
370
    25
100
AcDbVertex
100
AcDb2dVertex
 10
38.00591666666669
 20
25.59382556263887
 30
0.0
  0
VERTEX
  5
3E8
330
3E5
100
AcDbEntity
  8
0
  6
Continuous
 62
    18
420
        0
370
    25
100
AcDbVertex
100
AcDb2dVertex
 10
38.00591666666669
 20
25.78132556263887
 30
0.0
  0
VERTEX
  5
3E9
330
3E5
100
AcDbEntity
  8
0
  6
Continuous
 62
    18
420
        0
370
    25
100
AcDbVertex
100
AcDb2dVertex
 10
37.81841666666668
 20
25.78132556263887
 30
0.0
  0
SEQEND
  5
3EA
330
3E5
100
AcDbEntity
  8
0
  6
Continuous
 62
    18
420
        0
370
    25
  0
POLYLINE
  5
3EB
330
1F
100
AcDbEntity
  8
0
  6
Continuous
 62
    18
420
        0
370
    25
100
AcDb2dPolyline
 66
     1
 10
0.0
 20
0.0
 30
0.0
 70
     1
  0
VERTEX
  5
3EC
330
3EB
100
AcDbEntity
  8
0
  6
Continuous
 62
    18
420
        0
370
    25
100
AcDbVertex
100
AcDb2dVertex
 10
41.81891666666668
 20
25.59382556263887
 30
0.0
  0
VERTEX
  5
3ED
330
3EB
100
AcDbEntity
  8
0
  6
Continuous
 62
    18
420
        0
370
    25
100
AcDbVertex
100
AcDb2dVertex
 10
42.00641666666669
 20
25.59382556263887
 30
0.0
  0
VERTEX
  5
3EE
330
3EB
100
AcDbEntity
  8
0
  6
Continuous
 62
    18
420
        0
370
    25
100
AcDbVertex
100
AcDb2dVertex
 10
42.00641666666669
 20
25.78132556263887
 30
0.0
  0
VERTEX
  5
3EF
330
3EB
100
AcDbEntity
  8
0
  6
Continuous
 62
    18
420
        0
370
    25
100
AcDbVertex
100
AcDb2dVertex
 10
41.81891666666668
 20
25.78132556263887
 30
0.0
  0
SEQEND
  5
3F0
330
3EB
100
AcDbEntity
  8
0
  6
Continuous
 62
    18
420
        0
370
    25
  0
POLYLINE
  5
3F1
330
1F
100
AcDbEntity
  8
0
  6
Continuous
 62
    18
420
        0
370
    25
100
AcDb2dPolyline
 66
     1
 10
0.0
 20
0.0
 30
0.0
 70
     1
  0
VERTEX
  5
3F2
330
3F1
100
AcDbEntity
  8
0
  6
Continuous
 62
    18
420
        0
370
    25
100
AcDbVertex
100
AcDb2dVertex
 10
45.88291666666668
 20
25.59382556263887
 30
0.0
  0
VERTEX
  5
3F3
330
3F1
100
AcDbEntity
  8
0
  6
Continuous
 62
    18
420
        0
370
    25
100
AcDbVertex
100
AcDb2dVertex
 10
46.07041666666669
 20
25.59382556263887
 30
0.0
  0
VERTEX
  5
3F4
330
3F1
100
AcDbEntity
  8
0
  6
Continuous
 62
    18
420
        0
370
    25
100
AcDbVertex
100
AcDb2dVertex
 10
46.07041666666669
 20
25.78132556263887
 30
0.0
  0
VERTEX
  5
3F5
330
3F1
100
AcDbEntity
  8
0
  6
Continuous
 62
    18
420
        0
370
    25
100
AcDbVertex
100
AcDb2dVertex
 10
45.88291666666668
 20
25.78132556263887
 30
0.0
  0
SEQEND
  5
3F6
330
3F1
100
AcDbEntity
  8
0
  6
Continuous
 62
    18
420
        0
370
    25
  0
POLYLINE
  5
3F7
330
1F
100
AcDbEntity
  8
0
  6
Continuous
 62
    18
420
        0
370
    25
100
AcDb2dPolyline
 66
     1
 10
0.0
 20
0.0
 30
0.0
 70
     1
  0
VERTEX
  5
3F8
330
3F7
100
AcDbEntity
  8
0
  6
Continuous
 62
    18
420
        0
370
    25
100
AcDbVertex
100
AcDb2dVertex
 10
50.07391666666668
 20
25.59382556263887
 30
0.0
  0
VERTEX
  5
3F9
330
3F7
100
AcDbEntity
  8
0
  6
Continuous
 62
    18
420
        0
370
    25
100
AcDbVertex
100
AcDb2dVertex
 10
50.26141666666669
 20
25.59382556263887
 30
0.0
  0
VERTEX
  5
3FA
330
3F7
100
AcDbEntity
  8
0
  6
Continuous
 62
    18
420
        0
370
    25
100
AcDbVertex
100
AcDb2dVertex
 10
50.26141666666669
 20
25.78132556263887
 30
0.0
  0
VERTEX
  5
3FB
330
3F7
100
AcDbEntity
  8
0
  6
Continuous
 62
    18
420
        0
370
    25
100
AcDbVertex
100
AcDb2dVertex
 10
50.07391666666668
 20
25.78132556263887
 30
0.0
  0
SEQEND
  5
3FC
330
3F7
100
AcDbEntity
  8
0
  6
Continuous
 62
    18
420
        0
370
    25
  0
POLYLINE
  5
3FD
330
1F
100
AcDbEntity
  8
0
  6
Continuous
 62
    18
420
        0
370
    25
100
AcDb2dPolyline
 66
     1
 10
0.0
 20
0.0
 30
0.0
 70
     1
  0
VERTEX
  5
3FE
330
3FD
100
AcDbEntity
  8
0
  6
Continuous
 62
    18
420
        0
370
    25
100
AcDbVertex
100
AcDb2dVertex
 10
41.96466666666667
 20
21.19115889597219
 30
0.0
  0
VERTEX
  5
3FF
330
3FD
100
AcDbEntity
  8
0
  6
Continuous
 62
    18
420
        0
370
    25
100
AcDbVertex
100
AcDb2dVertex
 10
42.15216666666669
 20
21.19115889597219
 30
0.0
  0
VERTEX
  5
400
330
3FD
100
AcDbEntity
  8
0
  6
Continuous
 62
    18
420
        0
370
    25
100
AcDbVertex
100
AcDb2dVertex
 10
42.15216666666669
 20
21.3786588959722
 30
0.0
  0
VERTEX
  5
401
330
3FD
100
AcDbEntity
  8
0
  6
Continuous
 62
    18
420
        0
370
    25
100
AcDbVertex
100
AcDb2dVertex
 10
41.96466666666667
 20
21.3786588959722
 30
0.0
  0
SEQEND
  5
402
330
3FD
100
AcDbEntity
  8
0
  6
Continuous
 62
    18
420
        0
370
    25
  0
POLYLINE
  5
403
330
1F
100
AcDbEntity
  8
0
  6
Continuous
 62
    18
420
        0
370
    25
100
AcDb2dPolyline
 66
     1
 10
0.0
 20
0.0
 30
0.0
 70
     1
  0
VERTEX
  5
404
330
403
100
AcDbEntity
  8
0
  6
Continuous
 62
    18
420
        0
370
    25
100
AcDbVertex
100
AcDb2dVertex
 10
38.68625000000002
 20
16.66149222930553
 30
0.0
  0
VERTEX
  5
405
330
403
100
AcDbEntity
  8
0
  6
Continuous
 62
    18
420
        0
370
    25
100
AcDbVertex
100
AcDb2dVertex
 10
38.87375000000002
 20
16.66149222930553
 30
0.0
  0
VERTEX
  5
406
330
403
100
AcDbEntity
  8
0
  6
Continuous
 62
    18
420
        0
370
    25
100
AcDbVertex
100
AcDb2dVertex
 10
38.87375000000002
 20
16.84899222930554
 30
0.0
  0
VERTEX
  5
407
330
403
100
AcDbEntity
  8
0
  6
Continuous
 62
    18
420
        0
370
    25
100
AcDbVertex
100
AcDb2dVertex
 10
38.68625000000002
 20
16.84899222930554
 30
0.0
  0
SEQEND
  5
408
330
403
100
AcDbEntity
  8
0
  6
Continuous
 62
    18
420
        0
370
    25
  0
POLYLINE
  5
409
330
1F
100
AcDbEntity
  8
0
  6
Continuous
 62
    18
420
        0
370
    25
100
AcDb2dPolyline
 66
     1
 10
0.0
 20
0.0
 30
0.0
 70
     1
  0
VERTEX
  5
40A
330
409
100
AcDbEntity
  8
0
  6
Continuous
 62
    18
420
        0
370
    25
100
AcDbVertex
100
AcDb2dVertex
 10
38.68625000000002
 20
13.95215889597219
 30
0.0
  0
VERTEX
  5
40B
330
409
100
AcDbEntity
  8
0
  6
Continuous
 62
    18
420
        0
370
    25
100
AcDbVertex
100
AcDb2dVertex
 10
38.87375000000002
 20
13.95215889597219
 30
0.0
  0
VERTEX
  5
40C
330
409
100
AcDbEntity
  8
0
  6
Continuous
 62
    18
420
        0
370
    25
100
AcDbVertex
100
AcDb2dVertex
 10
38.87375000000002
 20
14.1396588959722
 30
0.0
  0
VERTEX
  5
40D
330
409
100
AcDbEntity
  8
0
  6
Continuous
 62
    18
420
        0
370
    25
100
AcDbVertex
100
AcDb2dVertex
 10
38.68625000000002
 20
14.1396588959722
 30
0.0
  0
SEQEND
  5
40E
330
409
100
AcDbEntity
  8
0
  6
Continuous
 62
    18
420
        0
370
    25
  0
POLYLINE
  5
40F
330
1F
100
AcDbEntity
  8
0
  6
Continuous
 62
    18
420
        0
370
    25
100
AcDb2dPolyline
 66
     1
 10
0.0
 20
0.0
 30
0.0
 70
     1
  0
VERTEX
  5
410
330
40F
100
AcDbEntity
  8
0
  6
Continuous
 62
    18
420
        0
370
    25
100
AcDbVertex
100
AcDb2dVertex
 10
38.68625000000002
 20
19.18032556263886
 30
0.0
  0
VERTEX
  5
411
330
40F
100
AcDbEntity
  8
0
  6
Continuous
 62
    18
420
        0
370
    25
100
AcDbVertex
100
AcDb2dVertex
 10
38.87375000000002
 20
19.18032556263886
 30
0.0
  0
VERTEX
  5
412
330
40F
100
AcDbEntity
  8
0
  6
Continuous
 62
    18
420
        0
370
    25
100
AcDbVertex
100
AcDb2dVertex
 10
38.87375000000002
 20
19.36782556263886
 30
0.0
  0
VERTEX
  5
413
330
40F
100
AcDbEntity
  8
0
  6
Continuous
 62
    18
420
        0
370
    25
100
AcDbVertex
100
AcDb2dVertex
 10
38.68625000000002
 20
19.36782556263886
 30
0.0
  0
SEQEND
  5
414
330
40F
100
AcDbEntity
  8
0
  6
Continuous
 62
    18
420
        0
370
    25
  0
POLYLINE
  5
415
330
1F
100
AcDbEntity
  8
0
  6
Continuous
 62
    18
420
        0
370
    25
100
AcDb2dPolyline
 66
     1
 10
0.0
 20
0.0
 30
0.0
 70
     1
  0
VERTEX
  5
416
330
415
100
AcDbEntity
  8
0
  6
Continuous
 62
    18
420
        0
370
    25
100
AcDbVertex
100
AcDb2dVertex
 10
38.68625000000002
 20
21.19115889597219
 30
0.0
  0
VERTEX
  5
417
330
415
100
AcDbEntity
  8
0
  6
Continuous
 62
    18
420
        0
370
    25
100
AcDbVertex
100
AcDb2dVertex
 10
38.87375000000002
 20
21.19115889597219
 30
0.0
  0
VERTEX
  5
418
330
415
100
AcDbEntity
  8
0
  6
Continuous
 62
    18
420
        0
370
    25
100
AcDbVertex
100
AcDb2dVertex
 10
38.87375000000002
 20
21.3786588959722
 30
0.0
  0
VERTEX
  5
419
330
415
100
AcDbEntity
  8
0
  6
Continuous
 62
    18
420
        0
370
    25
100
AcDbVertex
100
AcDb2dVertex
 10
38.68625000000002
 20
21.3786588959722
 30
0.0
  0
SEQEND
  5
41A
330
415
100
AcDbEntity
  8
0
  6
Continuous
 62
    18
420
        0
370
    25
  0
POLYLINE
  5
41B
330
1F
100
AcDbEntity
  8
0
  6
Continuous
 62
    18
420
        0
370
    25
100
AcDb2dPolyline
 66
     1
 10
0.0
 20
0.0
 30
0.0
 70
     1
  0
VERTEX
  5
41C
330
41B
100
AcDbEntity
  8
0
  6
Continuous
 62
    18
420
        0
370
    25
100
AcDbVertex
100
AcDb2dVertex
 10
31.38133333333334
 20
21.19115889597219
 30
0.0
  0
VERTEX
  5
41D
330
41B
100
AcDbEntity
  8
0
  6
Continuous
 62
    18
420
        0
370
    25
100
AcDbVertex
100
AcDb2dVertex
 10
31.56883333333334
 20
21.19115889597219
 30
0.0
  0
VERTEX
  5
41E
330
41B
100
AcDbEntity
  8
0
  6
Continuous
 62
    18
420
        0
370
    25
100
AcDbVertex
100
AcDb2dVertex
 10
31.56883333333334
 20
21.3786588959722
 30
0.0
  0
VERTEX
  5
41F
330
41B
100
AcDbEntity
  8
0
  6
Continuous
 62
    18
420
        0
370
    25
100
AcDbVertex
100
AcDb2dVertex
 10
31.38133333333334
 20
21.3786588959722
 30
0.0
  0
SEQEND
  5
420
330
41B
100
AcDbEntity
  8
0
  6
Continuous
 62
    18
420
        0
370
    25
  0
POLYLINE
  5
421
330
1F
100
AcDbEntity
  8
0
  6
Continuous
 62
    18
420
        0
370
    25
100
AcDb2dPolyline
 66
     1
 10
0.0
 20
0.0
 30
0.0
 70
     1
  0
VERTEX
  5
422
330
421
100
AcDbEntity
  8
0
  6
Continuous
 62
    18
420
        0
370
    25
100
AcDbVertex
100
AcDb2dVertex
 10
28.82016666666667
 20
21.19115889597219
 30
0.0
  0
VERTEX
  5
423
330
421
100
AcDbEntity
  8
0
  6
Continuous
 62
    18
420
        0
370
    25
100
AcDbVertex
100
AcDb2dVertex
 10
29.00766666666668
 20
21.19115889597219
 30
0.0
  0
VERTEX
  5
424
330
421
100
AcDbEntity
  8
0
  6
Continuous
 62
    18
420
        0
370
    25
100
AcDbVertex
100
AcDb2dVertex
 10
29.00766666666668
 20
21.3786588959722
 30
0.0
  0
VERTEX
  5
425
330
421
100
AcDbEntity
  8
0
  6
Continuous
 62
    18
420
        0
370
    25
100
AcDbVertex
100
AcDb2dVertex
 10
28.82016666666667
 20
21.3786588959722
 30
0.0
  0
SEQEND
  5
426
330
421
100
AcDbEntity
  8
0
  6
Continuous
 62
    18
420
        0
370
    25
  0
POLYLINE
  5
427
330
1F
100
AcDbEntity
  8
0
  6
Continuous
 62
    18
420
        0
370
    25
100
AcDb2dPolyline
 66
     1
 10
0.0
 20
0.0
 30
0.0
 70
     1
  0
VERTEX
  5
428
330
427
100
AcDbEntity
  8
0
  6
Continuous
 62
    18
420
        0
370
    25
100
AcDbVertex
100
AcDb2dVertex
 10
26.19549999999999
 20
20.02699222930553
 30
0.0
  0
VERTEX
  5
429
330
427
100
AcDbEntity
  8
0
  6
Continuous
 62
    18
420
        0
370
    25
100
AcDbVertex
100
AcDb2dVertex
 10
26.383
 20
20.02699222930553
 30
0.0
  0
VERTEX
  5
42A
330
427
100
AcDbEntity
  8
0
  6
Continuous
 62
    18
420
        0
370
    25
100
AcDbVertex
100
AcDb2dVertex
 10
26.383
 20
20.21449222930553
 30
0.0
  0
VERTEX
  5
42B
330
427
100
AcDbEntity
  8
0
  6
Continuous
 62
    18
420
        0
370
    25
100
AcDbVertex
100
AcDb2dVertex
 10
26.19549999999999
 20
20.21449222930553
 30
0.0
  0
SEQEND
  5
42C
330
427
100
AcDbEntity
  8
0
  6
Continuous
 62
    18
420
        0
370
    25
  0
POLYLINE
  5
42D
330
1F
100
AcDbEntity
  8
0
  6
Continuous
 62
    18
420
        0
370
    25
100
AcDb2dPolyline
 66
     1
 10
0.0
 20
0.0
 30
0.0
 70
     1
  0
VERTEX
  5
42E
330
42D
100
AcDbEntity
  8
0
  6
Continuous
 62
    18
420
        0
370
    25
100
AcDbVertex
100
AcDb2dVertex
 10
23.33800000000001
 20
20.02699222930553
 30
0.0
  0
VERTEX
  5
42F
330
42D
100
AcDbEntity
  8
0
  6
Continuous
 62
    18
420
        0
370
    25
100
AcDbVertex
100
AcDb2dVertex
 10
23.52550000000001
 20
20.02699222930553
 30
0.0
  0
VERTEX
  5
430
330
42D
100
AcDbEntity
  8
0
  6
Continuous
 62
    18
420
        0
370
    25
100
AcDbVertex
100
AcDb2dVertex
 10
23.52550000000001
 20
20.21449222930553
 30
0.0
  0
VERTEX
  5
431
330
42D
100
AcDbEntity
  8
0
  6
Continuous
 62
    18
420
        0
370
    25
100
AcDbVertex
100
AcDb2dVertex
 10
23.33800000000001
 20
20.21449222930553
 30
0.0
  0
SEQEND
  5
432
330
42D
100
AcDbEntity
  8
0
  6
Continuous
 62
    18
420
        0
370
    25
  0
POLYLINE
  5
433
330
1F
100
AcDbEntity
  8
0
  6
Continuous
 62
    18
420
        0
370
    25
100
AcDb2dPolyline
 66
     1
 10
0.0
 20
0.0
 30
0.0
 70
     1
  0
VERTEX
  5
434
330
433
100
AcDbEntity
  8
0
  6
Continuous
 62
    18
420
        0
370
    25
100
AcDbVertex
100
AcDb2dVertex
 10
26.19549999999999
 20
21.19115889597219
 30
0.0
  0
VERTEX
  5
435
330
433
100
AcDbEntity
  8
0
  6
Continuous
 62
    18
420
        0
370
    25
100
AcDbVertex
100
AcDb2dVertex
 10
26.383
 20
21.19115889597219
 30
0.0
  0
VERTEX
  5
436
330
433
100
AcDbEntity
  8
0
  6
Continuous
 62
    18
420
        0
370
    25
100
AcDbVertex
100
AcDb2dVertex
 10
26.383
 20
21.3786588959722
 30
0.0
  0
VERTEX
  5
437
330
433
100
AcDbEntity
  8
0
  6
Continuous
 62
    18
420
        0
370
    25
100
AcDbVertex
100
AcDb2dVertex
 10
26.19549999999999
 20
21.3786588959722
 30
0.0
  0
SEQEND
  5
438
330
433
100
AcDbEntity
  8
0
  6
Continuous
 62
    18
420
        0
370
    25
  0
POLYLINE
  5
439
330
1F
100
AcDbEntity
  8
0
  6
Continuous
 62
    18
420
        0
370
    25
100
AcDb2dPolyline
 66
     1
 10
0.0
 20
0.0
 30
0.0
 70
     1
  0
VERTEX
  5
43A
330
439
100
AcDbEntity
  8
0
  6
Continuous
 62
    18
420
        0
370
    25
100
AcDbVertex
100
AcDb2dVertex
 10
20.25008333333335
 20
21.19115889597219
 30
0.0
  0
VERTEX
  5
43B
330
439
100
AcDbEntity
  8
0
  6
Continuous
 62
    18
420
        0
370
    25
100
AcDbVertex
100
AcDb2dVertex
 10
20.43758333333336
 20
21.19115889597219
 30
0.0
  0
VERTEX
  5
43C
330
439
100
AcDbEntity
  8
0
  6
Continuous
 62
    18
420
        0
370
    25
100
AcDbVertex
100
AcDb2dVertex
 10
20.43758333333336
 20
21.3786588959722
 30
0.0
  0
VERTEX
  5
43D
330
439
100
AcDbEntity
  8
0
  6
Continuous
 62
    18
420
        0
370
    25
100
AcDbVertex
100
AcDb2dVertex
 10
20.25008333333335
 20
21.3786588959722
 30
0.0
  0
SEQEND
  5
43E
330
439
100
AcDbEntity
  8
0
  6
Continuous
 62
    18
420
        0
370
    25
  0
POLYLINE
  5
43F
330
1F
100
AcDbEntity
  8
0
  6
Continuous
 62
    18
420
        0
370
    25
100
AcDb2dPolyline
 66
     1
 10
0.0
 20
0.0
 30
0.0
 70
     1
  0
VERTEX
  5
440
330
43F
100
AcDbEntity
  8
0
  6
Continuous
 62
    18
420
        0
370
    25
100
AcDbVertex
100
AcDb2dVertex
 10
21.56241666666668
 20
21.19115889597219
 30
0.0
  0
VERTEX
  5
441
330
43F
100
AcDbEntity
  8
0
  6
Continuous
 62
    18
420
        0
370
    25
100
AcDbVertex
100
AcDb2dVertex
 10
21.74991666666667
 20
21.19115889597219
 30
0.0
  0
VERTEX
  5
442
330
43F
100
AcDbEntity
  8
0
  6
Continuous
 62
    18
420
        0
370
    25
100
AcDbVertex
100
AcDb2dVertex
 10
21.74991666666667
 20
21.3786588959722
 30
0.0
  0
VERTEX
  5
443
330
43F
100
AcDbEntity
  8
0
  6
Continuous
 62
    18
420
        0
370
    25
100
AcDbVertex
100
AcDb2dVertex
 10
21.56241666666668
 20
21.3786588959722
 30
0.0
  0
SEQEND
  5
444
330
43F
100
AcDbEntity
  8
0
  6
Continuous
 62
    18
420
        0
370
    25
  0
POLYLINE
  5
445
330
1F
100
AcDbEntity
  8
0
  6
Continuous
 62
    18
420
        0
370
    25
100
AcDb2dPolyline
 66
     1
 10
0.0
 20
0.0
 30
0.0
 70
     1
  0
VERTEX
  5
446
330
445
100
AcDbEntity
  8
0
  6
Continuous
 62
    18
420
        0
370
    25
100
AcDbVertex
100
AcDb2dVertex
 10
23.33800000000001
 20
21.19115889597219
 30
0.0
  0
VERTEX
  5
447
330
445
100
AcDbEntity
  8
0
  6
Continuous
 62
    18
420
        0
370
    25
100
AcDbVertex
100
AcDb2dVertex
 10
23.52550000000001
 20
21.19115889597219
 30
0.0
  0
VERTEX
  5
448
330
445
100
AcDbEntity
  8
0
  6
Continuous
 62
    18
420
        0
370
    25
100
AcDbVertex
100
AcDb2dVertex
 10
23.52550000000001
 20
21.3786588959722
 30
0.0
  0
VERTEX
  5
449
330
445
100
AcDbEntity
  8
0
  6
Continuous
 62
    18
420
        0
370
    25
100
AcDbVertex
100
AcDb2dVertex
 10
23.33800000000001
 20
21.3786588959722
 30
0.0
  0
SEQEND
  5
44A
330
445
100
AcDbEntity
  8
0
  6
Continuous
 62
    18
420
        0
370
    25
  0
POLYLINE
  5
44B
330
1F
100
AcDbEntity
  8
0
  6
Continuous
 62
    18
420
        0
370
    25
100
AcDb2dPolyline
 66
     1
 10
0.0
 20
0.0
 30
0.0
 70
     1
  0
VERTEX
  5
44C
330
44B
100
AcDbEntity
  8
0
  6
Continuous
 62
    18
420
        0
370
    25
100
AcDbVertex
100
AcDb2dVertex
 10
18.70141666666667
 20
21.19115889597219
 30
0.0
  0
VERTEX
  5
44D
330
44B
100
AcDbEntity
  8
0
  6
Continuous
 62
    18
420
        0
370
    25
100
AcDbVertex
100
AcDb2dVertex
 10
18.88891666666668
 20
21.19115889597219
 30
0.0
  0
VERTEX
  5
44E
330
44B
100
AcDbEntity
  8
0
  6
Continuous
 62
    18
420
        0
370
    25
100
AcDbVertex
100
AcDb2dVertex
 10
18.88891666666668
 20
21.3786588959722
 30
0.0
  0
VERTEX
  5
44F
330
44B
100
AcDbEntity
  8
0
  6
Continuous
 62
    18
420
        0
370
    25
100
AcDbVertex
100
AcDb2dVertex
 10
18.70141666666667
 20
21.3786588959722
 30
0.0
  0
SEQEND
  5
450
330
44B
100
AcDbEntity
  8
0
  6
Continuous
 62
    18
420
        0
370
    25
  0
POLYLINE
  5
451
330
1F
100
AcDbEntity
  8
0
  6
Continuous
 62
    18
420
        0
370
    25
100
AcDb2dPolyline
 66
     1
 10
0.0
 20
0.0
 30
0.0
 70
     1
  0
VERTEX
  5
452
330
451
100
AcDbEntity
  8
0
  6
Continuous
 62
    18
420
        0
370
    25
100
AcDbVertex
100
AcDb2dVertex
 10
16.78125000000001
 20
25.08082556263886
 30
0.0
  0
VERTEX
  5
453
330
451
100
AcDbEntity
  8
0
  6
Continuous
 62
    18
420
        0
370
    25
100
AcDbVertex
100
AcDb2dVertex
 10
16.96875000000001
 20
25.08082556263886
 30
0.0
  0
VERTEX
  5
454
330
451
100
AcDbEntity
  8
0
  6
Continuous
 62
    18
420
        0
370
    25
100
AcDbVertex
100
AcDb2dVertex
 10
16.96875000000001
 20
25.26832556263887
 30
0.0
  0
VERTEX
  5
455
330
451
100
AcDbEntity
  8
0
  6
Continuous
 62
    18
420
        0
370
    25
100
AcDbVertex
100
AcDb2dVertex
 10
16.78125000000001
 20
25.26832556263887
 30
0.0
  0
SEQEND
  5
456
330
451
100
AcDbEntity
  8
0
  6
Continuous
 62
    18
420
        0
370
    25
  0
POLYLINE
  5
457
330
1F
100
AcDbEntity
  8
0
  6
Continuous
 62
    18
420
        0
370
    25
100
AcDb2dPolyline
 66
     1
 10
0.0
 20
0.0
 30
0.0
 70
     1
  0
VERTEX
  5
458
330
457
100
AcDbEntity
  8
0
  6
Continuous
 62
    18
420
        0
370
    25
100
AcDbVertex
100
AcDb2dVertex
 10
17.15625
 20
22.9791588959722
 30
0.0
  0
VERTEX
  5
459
330
457
100
AcDbEntity
  8
0
  6
Continuous
 62
    18
420
        0
370
    25
100
AcDbVertex
100
AcDb2dVertex
 10
17.34375000000001
 20
22.9791588959722
 30
0.0
  0
VERTEX
  5
45A
330
457
100
AcDbEntity
  8
0
  6
Continuous
 62
    18
420
        0
370
    25
100
AcDbVertex
100
AcDb2dVertex
 10
17.34375000000001
 20
23.1666588959722
 30
0.0
  0
VERTEX
  5
45B
330
457
100
AcDbEntity
  8
0
  6
Continuous
 62
    18
420
        0
370
    25
100
AcDbVertex
100
AcDb2dVertex
 10
17.15625
 20
23.1666588959722
 30
0.0
  0
SEQEND
  5
45C
330
457
100
AcDbEntity
  8
0
  6
Continuous
 62
    18
420
        0
370
    25
  0
POLYLINE
  5
45D
330
1F
100
AcDbEntity
  8
0
  6
Continuous
 62
    18
420
        0
370
    25
100
AcDb2dPolyline
 66
     1
 10
0.0
 20
0.0
 30
0.0
 70
     1
  0
VERTEX
  5
45E
330
45D
100
AcDbEntity
  8
0
  6
Continuous
 62
    18
420
        0
370
    25
100
AcDbVertex
100
AcDb2dVertex
 10
17.15625
 20
21.19115889597219
 30
0.0
  0
VERTEX
  5
45F
330
45D
100
AcDbEntity
  8
0
  6
Continuous
 62
    18
420
        0
370
    25
100
AcDbVertex
100
AcDb2dVertex
 10
17.34375000000001
 20
21.19115889597219
 30
0.0
  0
VERTEX
  5
460
330
45D
100
AcDbEntity
  8
0
  6
Continuous
 62
    18
420
        0
370
    25
100
AcDbVertex
100
AcDb2dVertex
 10
17.34375000000001
 20
21.3786588959722
 30
0.0
  0
VERTEX
  5
461
330
45D
100
AcDbEntity
  8
0
  6
Continuous
 62
    18
420
        0
370
    25
100
AcDbVertex
100
AcDb2dVertex
 10
17.15625
 20
21.3786588959722
 30
0.0
  0
SEQEND
  5
462
330
45D
100
AcDbEntity
  8
0
  6
Continuous
 62
    18
420
        0
370
    25
  0
POLYLINE
  5
463
330
1F
100
AcDbEntity
  8
0
  6
Continuous
 62
    18
420
        0
370
    25
100
AcDb2dPolyline
 66
     1
 10
0.0
 20
0.0
 30
0.0
 70
     1
  0
VERTEX
  5
464
330
463
100
AcDbEntity
  8
0
  6
Continuous
 62
    18
420
        0
370
    25
100
AcDbVertex
100
AcDb2dVertex
 10
13.64608333333335
 20
22.35532556263886
 30
0.0
  0
VERTEX
  5
465
330
463
100
AcDbEntity
  8
0
  6
Continuous
 62
    18
420
        0
370
    25
100
AcDbVertex
100
AcDb2dVertex
 10
13.83358333333335
 20
22.35532556263886
 30
0.0
  0
VERTEX
  5
466
330
463
100
AcDbEntity
  8
0
  6
Continuous
 62
    18
420
        0
370
    25
100
AcDbVertex
100
AcDb2dVertex
 10
13.83358333333335
 20
22.54282556263887
 30
0.0
  0
VERTEX
  5
467
330
463
100
AcDbEntity
  8
0
  6
Continuous
 62
    18
420
        0
370
    25
100
AcDbVertex
100
AcDb2dVertex
 10
13.64608333333335
 20
22.54282556263887
 30
0.0
  0
SEQEND
  5
468
330
463
100
AcDbEntity
  8
0
  6
Continuous
 62
    18
420
        0
370
    25
  0
POLYLINE
  5
469
330
1F
100
AcDbEntity
  8
0
  6
Continuous
 62
    18
420
        0
370
    25
100
AcDb2dPolyline
 66
     1
 10
0.0
 20
0.0
 30
0.0
 70
     1
  0
VERTEX
  5
46A
330
469
100
AcDbEntity
  8
0
  6
Continuous
 62
    18
420
        0
370
    25
100
AcDbVertex
100
AcDb2dVertex
 10
9.810187500000026
 20
20.3021588959722
 30
0.0
  0
VERTEX
  5
46B
330
469
100
AcDbEntity
  8
0
  6
Continuous
 62
    18
420
        0
370
    25
100
AcDbVertex
100
AcDb2dVertex
 10
9.997687500000033
 20
20.3021588959722
 30
0.0
  0
VERTEX
  5
46C
330
469
100
AcDbEntity
  8
0
  6
Continuous
 62
    18
420
        0
370
    25
100
AcDbVertex
100
AcDb2dVertex
 10
9.997687500000033
 20
20.4896588959722
 30
0.0
  0
VERTEX
  5
46D
330
469
100
AcDbEntity
  8
0
  6
Continuous
 62
    18
420
        0
370
    25
100
AcDbVertex
100
AcDb2dVertex
 10
9.810187500000026
 20
20.4896588959722
 30
0.0
  0
SEQEND
  5
46E
330
469
100
AcDbEntity
  8
0
  6
Continuous
 62
    18
420
        0
370
    25
  0
POLYLINE
  5
46F
330
1F
100
AcDbEntity
  8
0
  6
Continuous
 62
    18
420
        0
370
    25
100
AcDb2dPolyline
 66
     1
 10
0.0
 20
0.0
 30
0.0
 70
     1
  0
VERTEX
  5
470
330
46F
100
AcDbEntity
  8
0
  6
Continuous
 62
    18
420
        0
370
    25
100
AcDbVertex
100
AcDb2dVertex
 10
11.56702083333337
 20
19.60365889597219
 30
0.0
  0
VERTEX
  5
471
330
46F
100
AcDbEntity
  8
0
  6
Continuous
 62
    18
420
        0
370
    25
100
AcDbVertex
100
AcDb2dVertex
 10
11.75452083333337
 20
19.60365889597219
 30
0.0
  0
VERTEX
  5
472
330
46F
100
AcDbEntity
  8
0
  6
Continuous
 62
    18
420
        0
370
    25
100
AcDbVertex
100
AcDb2dVertex
 10
11.75452083333337
 20
19.7911588959722
 30
0.0
  0
VERTEX
  5
473
330
46F
100
AcDbEntity
  8
0
  6
Continuous
 62
    18
420
        0
370
    25
100
AcDbVertex
100
AcDb2dVertex
 10
11.56702083333337
 20
19.7911588959722
 30
0.0
  0
SEQEND
  5
474
330
46F
100
AcDbEntity
  8
0
  6
Continuous
 62
    18
420
        0
370
    25
  0
POLYLINE
  5
475
330
1F
100
AcDbEntity
  8
0
  6
Continuous
 62
    18
420
        0
370
    25
100
AcDb2dPolyline
 66
     1
 10
0.0
 20
0.0
 30
0.0
 70
     1
  0
VERTEX
  5
476
330
475
100
AcDbEntity
  8
0
  6
Continuous
 62
    18
420
        0
370
    25
100
AcDbVertex
100
AcDb2dVertex
 10
15.12775000000002
 20
21.19115889597219
 30
0.0
  0
VERTEX
  5
477
330
475
100
AcDbEntity
  8
0
  6
Continuous
 62
    18
420
        0
370
    25
100
AcDbVertex
100
AcDb2dVertex
 10
15.31525000000002
 20
21.19115889597219
 30
0.0
  0
VERTEX
  5
478
330
475
100
AcDbEntity
  8
0
  6
Continuous
 62
    18
420
        0
370
    25
100
AcDbVertex
100
AcDb2dVertex
 10
15.31525000000002
 20
21.3786588959722
 30
0.0
  0
VERTEX
  5
479
330
475
100
AcDbEntity
  8
0
  6
Continuous
 62
    18
420
        0
370
    25
100
AcDbVertex
100
AcDb2dVertex
 10
15.12775000000002
 20
21.3786588959722
 30
0.0
  0
SEQEND
  5
47A
330
475
100
AcDbEntity
  8
0
  6
Continuous
 62
    18
420
        0
370
    25
  0
POLYLINE
  5
47B
330
1F
100
AcDbEntity
  8
0
  6
Continuous
 62
    18
420
        0
370
    25
100
AcDb2dPolyline
 66
     1
 10
0.0
 20
0.0
 30
0.0
 70
     1
  0
VERTEX
  5
47C
330
47B
100
AcDbEntity
  8
0
  6
Continuous
 62
    18
420
        0
370
    25
100
AcDbVertex
100
AcDb2dVertex
 10
13.64608333333335
 20
21.19115889597219
 30
0.0
  0
VERTEX
  5
47D
330
47B
100
AcDbEntity
  8
0
  6
Continuous
 62
    18
420
        0
370
    25
100
AcDbVertex
100
AcDb2dVertex
 10
13.83358333333335
 20
21.19115889597219
 30
0.0
  0
VERTEX
  5
47E
330
47B
100
AcDbEntity
  8
0
  6
Continuous
 62
    18
420
        0
370
    25
100
AcDbVertex
100
AcDb2dVertex
 10
13.83358333333335
 20
21.3786588959722
 30
0.0
  0
VERTEX
  5
47F
330
47B
100
AcDbEntity
  8
0
  6
Continuous
 62
    18
420
        0
370
    25
100
AcDbVertex
100
AcDb2dVertex
 10
13.64608333333335
 20
21.3786588959722
 30
0.0
  0
SEQEND
  5
480
330
47B
100
AcDbEntity
  8
0
  6
Continuous
 62
    18
420
        0
370
    25
  0
POLYLINE
  5
481
330
1F
100
AcDbEntity
  8
0
  6
Continuous
 62
    18
420
        0
370
    25
100
AcDb2dPolyline
 66
     1
 10
0.0
 20
0.0
 30
0.0
 70
     1
  0
VERTEX
  5
482
330
481
100
AcDbEntity
  8
0
  6
Continuous
 62
    18
420
        0
370
    25
100
AcDbVertex
100
AcDb2dVertex
 10
21.56241666666668
 20
19.60365889597219
 30
0.0
  0
VERTEX
  5
483
330
481
100
AcDbEntity
  8
0
  6
Continuous
 62
    18
420
        0
370
    25
100
AcDbVertex
100
AcDb2dVertex
 10
21.74991666666667
 20
19.60365889597219
 30
0.0
  0
VERTEX
  5
484
330
481
100
AcDbEntity
  8
0
  6
Continuous
 62
    18
420
        0
370
    25
100
AcDbVertex
100
AcDb2dVertex
 10
21.74991666666667
 20
19.7911588959722
 30
0.0
  0
VERTEX
  5
485
330
481
100
AcDbEntity
  8
0
  6
Continuous
 62
    18
420
        0
370
    25
100
AcDbVertex
100
AcDb2dVertex
 10
21.56241666666668
 20
19.7911588959722
 30
0.0
  0
SEQEND
  5
486
330
481
100
AcDbEntity
  8
0
  6
Continuous
 62
    18
420
        0
370
    25
  0
POLYLINE
  5
487
330
1F
100
AcDbEntity
  8
0
  6
Continuous
 62
    18
420
        0
370
    25
100
AcDb2dPolyline
 66
     1
 10
0.0
 20
0.0
 30
0.0
 70
     1
  0
VERTEX
  5
488
330
487
100
AcDbEntity
  8
0
  6
Continuous
 62
    18
420
        0
370
    25
100
AcDbVertex
100
AcDb2dVertex
 10
21.56241666666668
 20
16.13232556263886
 30
0.0
  0
VERTEX
  5
489
330
487
100
AcDbEntity
  8
0
  6
Continuous
 62
    18
420
        0
370
    25
100
AcDbVertex
100
AcDb2dVertex
 10
21.74991666666667
 20
16.13232556263886
 30
0.0
  0
VERTEX
  5
48A
330
487
100
AcDbEntity
  8
0
  6
Continuous
 62
    18
420
        0
370
    25
100
AcDbVertex
100
AcDb2dVertex
 10
21.74991666666667
 20
16.31982556263887
 30
0.0
  0
VERTEX
  5
48B
330
487
100
AcDbEntity
  8
0
  6
Continuous
 62
    18
420
        0
370
    25
100
AcDbVertex
100
AcDb2dVertex
 10
21.56241666666668
 20
16.31982556263887
 30
0.0
  0
SEQEND
  5
48C
330
487
100
AcDbEntity
  8
0
  6
Continuous
 62
    18
420
        0
370
    25
  0
POLYLINE
  5
48D
330
1F
100
AcDbEntity
  8
0
  6
Continuous
 62
    18
420
        0
370
    25
100
AcDb2dPolyline
 66
     1
 10
0.0
 20
0.0
 30
0.0
 70
     1
  0
VERTEX
  5
48E
330
48D
100
AcDbEntity
  8
0
  6
Continuous
 62
    18
420
        0
370
    25
100
AcDbVertex
100
AcDb2dVertex
 10
45.28125000000003
 20
12.76682556263886
 30
0.0
  0
VERTEX
  5
48F
330
48D
100
AcDbEntity
  8
0
  6
Continuous
 62
    18
420
        0
370
    25
100
AcDbVertex
100
AcDb2dVertex
 10
45.46875000000001
 20
12.76682556263886
 30
0.0
  0
VERTEX
  5
490
330
48D
100
AcDbEntity
  8
0
  6
Continuous
 62
    18
420
        0
370
    25
100
AcDbVertex
100
AcDb2dVertex
 10
45.46875000000001
 20
12.95432556263887
 30
0.0
  0
VERTEX
  5
491
330
48D
100
AcDbEntity
  8
0
  6
Continuous
 62
    18
420
        0
370
    25
100
AcDbVertex
100
AcDb2dVertex
 10
45.28125000000003
 20
12.95432556263887
 30
0.0
  0
SEQEND
  5
492
330
48D
100
AcDbEntity
  8
0
  6
Continuous
 62
    18
420
        0
370
    25
  0
POLYLINE
  5
493
330
1F
100
AcDbEntity
  8
0
  6
Continuous
 62
    18
420
        0
370
    25
100
AcDb2dPolyline
 66
     1
 10
0.0
 20
0.0
 30
0.0
 70
     1
  0
VERTEX
  5
494
330
493
100
AcDbEntity
  8
0
  6
Continuous
 62
    18
420
        0
370
    25
100
AcDbVertex
100
AcDb2dVertex
 10
45.28125000000003
 20
10.64332556263886
 30
0.0
  0
VERTEX
  5
495
330
493
100
AcDbEntity
  8
0
  6
Continuous
 62
    18
420
        0
370
    25
100
AcDbVertex
100
AcDb2dVertex
 10
45.46875000000001
 20
10.64332556263886
 30
0.0
  0
VERTEX
  5
496
330
493
100
AcDbEntity
  8
0
  6
Continuous
 62
    18
420
        0
370
    25
100
AcDbVertex
100
AcDb2dVertex
 10
45.46875000000001
 20
10.83082556263887
 30
0.0
  0
VERTEX
  5
497
330
493
100
AcDbEntity
  8
0
  6
Continuous
 62
    18
420
        0
370
    25
100
AcDbVertex
100
AcDb2dVertex
 10
45.28125000000003
 20
10.83082556263887
 30
0.0
  0
SEQEND
  5
498
330
493
100
AcDbEntity
  8
0
  6
Continuous
 62
    18
420
        0
370
    25
  0
POLYLINE
  5
499
330
1F
100
AcDbEntity
  8
0
  6
Continuous
 62
    18
420
        0
370
    25
100
AcDb2dPolyline
 66
     1
 10
0.0
 20
0.0
 30
0.0
 70
     1
  0
VERTEX
  5
49A
330
499
100
AcDbEntity
  8
0
  6
Continuous
 62
    18
420
        0
370
    25
100
AcDbVertex
100
AcDb2dVertex
 10
40.87500000000001
 20
12.76682556263886
 30
0.0
  0
VERTEX
  5
49B
330
499
100
AcDbEntity
  8
0
  6
Continuous
 62
    18
420
        0
370
    25
100
AcDbVertex
100
AcDb2dVertex
 10
41.06250000000002
 20
12.76682556263886
 30
0.0
  0
VERTEX
  5
49C
330
499
100
AcDbEntity
  8
0
  6
Continuous
 62
    18
420
        0
370
    25
100
AcDbVertex
100
AcDb2dVertex
 10
41.06250000000002
 20
12.95432556263887
 30
0.0
  0
VERTEX
  5
49D
330
499
100
AcDbEntity
  8
0
  6
Continuous
 62
    18
420
        0
370
    25
100
AcDbVertex
100
AcDb2dVertex
 10
40.87500000000001
 20
12.95432556263887
 30
0.0
  0
SEQEND
  5
49E
330
499
100
AcDbEntity
  8
0
  6
Continuous
 62
    18
420
        0
370
    25
  0
POLYLINE
  5
49F
330
1F
100
AcDbEntity
  8
0
  6
Continuous
 62
    18
420
        0
370
    25
100
AcDb2dPolyline
 66
     1
 10
0.0
 20
0.0
 30
0.0
 70
     1
  0
VERTEX
  5
4A0
330
49F
100
AcDbEntity
  8
0
  6
Continuous
 62
    18
420
        0
370
    25
100
AcDbVertex
100
AcDb2dVertex
 10
40.87500000000001
 20
10.64332556263886
 30
0.0
  0
VERTEX
  5
4A1
330
49F
100
AcDbEntity
  8
0
  6
Continuous
 62
    18
420
        0
370
    25
100
AcDbVertex
100
AcDb2dVertex
 10
41.06250000000002
 20
10.64332556263886
 30
0.0
  0
VERTEX
  5
4A2
330
49F
100
AcDbEntity
  8
0
  6
Continuous
 62
    18
420
        0
370
    25
100
AcDbVertex
100
AcDb2dVertex
 10
41.06250000000002
 20
10.83082556263887
 30
0.0
  0
VERTEX
  5
4A3
330
49F
100
AcDbEntity
  8
0
  6
Continuous
 62
    18
420
        0
370
    25
100
AcDbVertex
100
AcDb2dVertex
 10
40.87500000000001
 20
10.83082556263887
 30
0.0
  0
SEQEND
  5
4A4
330
49F
100
AcDbEntity
  8
0
  6
Continuous
 62
    18
420
        0
370
    25
  0
POLYLINE
  5
4A5
330
1F
100
AcDbEntity
  8
0
  6
Continuous
 62
    18
420
        0
370
    25
100
AcDb2dPolyline
 66
     1
 10
0.0
 20
0.0
 30
0.0
 70
     1
  0
VERTEX
  5
4A6
330
4A5
100
AcDbEntity
  8
0
  6
Continuous
 62
    18
420
        0
370
    25
100
AcDbVertex
100
AcDb2dVertex
 10
41.75541666666668
 20
12.76682556263886
 30
0.0
  0
VERTEX
  5
4A7
330
4A5
100
AcDbEntity
  8
0
  6
Continuous
 62
    18
420
        0
370
    25
100
AcDbVertex
100
AcDb2dVertex
 10
41.9429166666667
 20
12.76682556263886
 30
0.0
  0
VERTEX
  5
4A8
330
4A5
100
AcDbEntity
  8
0
  6
Continuous
 62
    18
420
        0
370
    25
100
AcDbVertex
100
AcDb2dVertex
 10
41.9429166666667
 20
12.95432556263887
 30
0.0
  0
VERTEX
  5
4A9
330
4A5
100
AcDbEntity
  8
0
  6
Continuous
 62
    18
420
        0
370
    25
100
AcDbVertex
100
AcDb2dVertex
 10
41.75541666666668
 20
12.95432556263887
 30
0.0
  0
SEQEND
  5
4AA
330
4A5
100
AcDbEntity
  8
0
  6
Continuous
 62
    18
420
        0
370
    25
  0
POLYLINE
  5
4AB
330
1F
100
AcDbEntity
  8
0
  6
Continuous
 62
    18
420
        0
370
    25
100
AcDb2dPolyline
 66
     1
 10
0.0
 20
0.0
 30
0.0
 70
     1
  0
VERTEX
  5
4AC
330
4AB
100
AcDbEntity
  8
0
  6
Continuous
 62
    18
420
        0
370
    25
100
AcDbVertex
100
AcDb2dVertex
 10
38.68625000000002
 20
12.76682556263886
 30
0.0
  0
VERTEX
  5
4AD
330
4AB
100
AcDbEntity
  8
0
  6
Continuous
 62
    18
420
        0
370
    25
100
AcDbVertex
100
AcDb2dVertex
 10
38.87375000000002
 20
12.76682556263886
 30
0.0
  0
VERTEX
  5
4AE
330
4AB
100
AcDbEntity
  8
0
  6
Continuous
 62
    18
420
        0
370
    25
100
AcDbVertex
100
AcDb2dVertex
 10
38.87375000000002
 20
12.95432556263887
 30
0.0
  0
VERTEX
  5
4AF
330
4AB
100
AcDbEntity
  8
0
  6
Continuous
 62
    18
420
        0
370
    25
100
AcDbVertex
100
AcDb2dVertex
 10
38.68625000000002
 20
12.95432556263887
 30
0.0
  0
SEQEND
  5
4B0
330
4AB
100
AcDbEntity
  8
0
  6
Continuous
 62
    18
420
        0
370
    25
  0
POLYLINE
  5
4B1
330
1F
100
AcDbEntity
  8
0
  6
Continuous
 62
    18
420
        0
370
    25
100
AcDb2dPolyline
 66
     1
 10
0.0
 20
0.0
 30
0.0
 70
     1
  0
VERTEX
  5
4B2
330
4B1
100
AcDbEntity
  8
0
  6
Continuous
 62
    18
420
        0
370
    25
100
AcDbVertex
100
AcDb2dVertex
 10
43.47850000000001
 20
12.76682556263886
 30
0.0
  0
VERTEX
  5
4B3
330
4B1
100
AcDbEntity
  8
0
  6
Continuous
 62
    18
420
        0
370
    25
100
AcDbVertex
100
AcDb2dVertex
 10
43.66600000000003
 20
12.76682556263886
 30
0.0
  0
VERTEX
  5
4B4
330
4B1
100
AcDbEntity
  8
0
  6
Continuous
 62
    18
420
        0
370
    25
100
AcDbVertex
100
AcDb2dVertex
 10
43.66600000000003
 20
12.95432556263887
 30
0.0
  0
VERTEX
  5
4B5
330
4B1
100
AcDbEntity
  8
0
  6
Continuous
 62
    18
420
        0
370
    25
100
AcDbVertex
100
AcDb2dVertex
 10
43.47850000000001
 20
12.95432556263887
 30
0.0
  0
SEQEND
  5
4B6
330
4B1
100
AcDbEntity
  8
0
  6
Continuous
 62
    18
420
        0
370
    25
  0
POLYLINE
  5
4B7
330
1F
100
AcDbEntity
  8
0
  6
Continuous
 62
    18
420
        0
370
    25
100
AcDb2dPolyline
 66
     1
 10
0.0
 20
0.0
 30
0.0
 70
     1
  0
VERTEX
  5
4B8
330
4B7
100
AcDbEntity
  8
0
  6
Continuous
 62
    18
420
        0
370
    25
100
AcDbVertex
100
AcDb2dVertex
 10
43.47850000000001
 20
14.39665889597219
 30
0.0
  0
VERTEX
  5
4B9
330
4B7
100
AcDbEntity
  8
0
  6
Continuous
 62
    18
420
        0
370
    25
100
AcDbVertex
100
AcDb2dVertex
 10
43.66600000000003
 20
14.39665889597219
 30
0.0
  0
VERTEX
  5
4BA
330
4B7
100
AcDbEntity
  8
0
  6
Continuous
 62
    18
420
        0
370
    25
100
AcDbVertex
100
AcDb2dVertex
 10
43.66600000000003
 20
14.58415889597221
 30
0.0
  0
VERTEX
  5
4BB
330
4B7
100
AcDbEntity
  8
0
  6
Continuous
 62
    18
420
        0
370
    25
100
AcDbVertex
100
AcDb2dVertex
 10
43.47850000000001
 20
14.58415889597221
 30
0.0
  0
SEQEND
  5
4BC
330
4B7
100
AcDbEntity
  8
0
  6
Continuous
 62
    18
420
        0
370
    25
  0
POLYLINE
  5
4BD
330
1F
100
AcDbEntity
  8
0
  6
Continuous
 62
    18
420
        0
370
    25
100
AcDb2dPolyline
 66
     1
 10
0.0
 20
0.0
 30
0.0
 70
     1
  0
VERTEX
  5
4BE
330
4BD
100
AcDbEntity
  8
0
  6
Continuous
 62
    18
420
        0
370
    25
100
AcDbVertex
100
AcDb2dVertex
 10
33.41575000000002
 20
12.76682556263886
 30
0.0
  0
VERTEX
  5
4BF
330
4BD
100
AcDbEntity
  8
0
  6
Continuous
 62
    18
420
        0
370
    25
100
AcDbVertex
100
AcDb2dVertex
 10
33.60325000000002
 20
12.76682556263886
 30
0.0
  0
VERTEX
  5
4C0
330
4BD
100
AcDbEntity
  8
0
  6
Continuous
 62
    18
420
        0
370
    25
100
AcDbVertex
100
AcDb2dVertex
 10
33.60325000000002
 20
12.95432556263887
 30
0.0
  0
VERTEX
  5
4C1
330
4BD
100
AcDbEntity
  8
0
  6
Continuous
 62
    18
420
        0
370
    25
100
AcDbVertex
100
AcDb2dVertex
 10
33.41575000000002
 20
12.95432556263887
 30
0.0
  0
SEQEND
  5
4C2
330
4BD
100
AcDbEntity
  8
0
  6
Continuous
 62
    18
420
        0
370
    25
  0
POLYLINE
  5
4C3
330
1F
100
AcDbEntity
  8
0
  6
Continuous
 62
    18
420
        0
370
    25
100
AcDb2dPolyline
 66
     1
 10
0.0
 20
0.0
 30
0.0
 70
     1
  0
VERTEX
  5
4C4
330
4C3
100
AcDbEntity
  8
0
  6
Continuous
 62
    18
420
        0
370
    25
100
AcDbVertex
100
AcDb2dVertex
 10
30.34658333333335
 20
12.76682556263886
 30
0.0
  0
VERTEX
  5
4C5
330
4C3
100
AcDbEntity
  8
0
  6
Continuous
 62
    18
420
        0
370
    25
100
AcDbVertex
100
AcDb2dVertex
 10
30.53408333333334
 20
12.76682556263886
 30
0.0
  0
VERTEX
  5
4C6
330
4C3
100
AcDbEntity
  8
0
  6
Continuous
 62
    18
420
        0
370
    25
100
AcDbVertex
100
AcDb2dVertex
 10
30.53408333333334
 20
12.95432556263887
 30
0.0
  0
VERTEX
  5
4C7
330
4C3
100
AcDbEntity
  8
0
  6
Continuous
 62
    18
420
        0
370
    25
100
AcDbVertex
100
AcDb2dVertex
 10
30.34658333333335
 20
12.95432556263887
 30
0.0
  0
SEQEND
  5
4C8
330
4C3
100
AcDbEntity
  8
0
  6
Continuous
 62
    18
420
        0
370
    25
  0
POLYLINE
  5
4C9
330
1F
100
AcDbEntity
  8
0
  6
Continuous
 62
    18
420
        0
370
    25
100
AcDb2dPolyline
 66
     1
 10
0.0
 20
0.0
 30
0.0
 70
     1
  0
VERTEX
  5
4CA
330
4C9
100
AcDbEntity
  8
0
  6
Continuous
 62
    18
420
        0
370
    25
100
AcDbVertex
100
AcDb2dVertex
 10
21.56241666666668
 20
18.46024222930552
 30
0.0
  0
VERTEX
  5
4CB
330
4C9
100
AcDbEntity
  8
0
  6
Continuous
 62
    18
420
        0
370
    25
100
AcDbVertex
100
AcDb2dVertex
 10
21.74991666666667
 20
18.46024222930552
 30
0.0
  0
VERTEX
  5
4CC
330
4C9
100
AcDbEntity
  8
0
  6
Continuous
 62
    18
420
        0
370
    25
100
AcDbVertex
100
AcDb2dVertex
 10
21.74991666666667
 20
18.64774222930553
 30
0.0
  0
VERTEX
  5
4CD
330
4C9
100
AcDbEntity
  8
0
  6
Continuous
 62
    18
420
        0
370
    25
100
AcDbVertex
100
AcDb2dVertex
 10
21.56241666666668
 20
18.64774222930553
 30
0.0
  0
SEQEND
  5
4CE
330
4C9
100
AcDbEntity
  8
0
  6
Continuous
 62
    18
420
        0
370
    25
  0
POLYLINE
  5
4CF
330
1F
100
AcDbEntity
  8
0
  6
Continuous
 62
    18
420
        0
370
    25
100
AcDb2dPolyline
 66
     1
 10
0.0
 20
0.0
 30
0.0
 70
     1
  0
VERTEX
  5
4D0
330
4CF
100
AcDbEntity
  8
0
  6
Continuous
 62
    18
420
        0
370
    25
100
AcDbVertex
100
AcDb2dVertex
 10
54.00741666666666
 20
18.95682556263887
 30
0.0
  0
VERTEX
  5
4D1
330
4CF
100
AcDbEntity
  8
0
  6
Continuous
 62
    18
420
        0
370
    25
100
AcDbVertex
100
AcDb2dVertex
 10
54.19491666666668
 20
18.95682556263887
 30
0.0
  0
VERTEX
  5
4D2
330
4CF
100
AcDbEntity
  8
0
  6
Continuous
 62
    18
420
        0
370
    25
100
AcDbVertex
100
AcDb2dVertex
 10
54.19491666666668
 20
19.14432556263888
 30
0.0
  0
VERTEX
  5
4D3
330
4CF
100
AcDbEntity
  8
0
  6
Continuous
 62
    18
420
        0
370
    25
100
AcDbVertex
100
AcDb2dVertex
 10
54.00741666666666
 20
19.14432556263888
 30
0.0
  0
SEQEND
  5
4D4
330
4CF
100
AcDbEntity
  8
0
  6
Continuous
 62
    18
420
        0
370
    25
  0
POLYLINE
  5
4D5
330
1F
100
AcDbEntity
  8
0
  6
Continuous
 62
    18
420
        0
370
    25
100
AcDb2dPolyline
 66
     1
 10
0.0
 20
0.0
 30
0.0
 70
     1
  0
VERTEX
  5
4D6
330
4D5
100
AcDbEntity
  8
0
  6
Continuous
 62
    18
420
        0
370
    25
100
AcDbVertex
100
AcDb2dVertex
 10
52.46225
 20
18.37599222930552
 30
0.0
  0
VERTEX
  5
4D7
330
4D5
100
AcDbEntity
  8
0
  6
Continuous
 62
    18
420
        0
370
    25
100
AcDbVertex
100
AcDb2dVertex
 10
52.64975000000001
 20
18.37599222930552
 30
0.0
  0
VERTEX
  5
4D8
330
4D5
100
AcDbEntity
  8
0
  6
Continuous
 62
    18
420
        0
370
    25
100
AcDbVertex
100
AcDb2dVertex
 10
52.64975000000001
 20
18.56349222930553
 30
0.0
  0
VERTEX
  5
4D9
330
4D5
100
AcDbEntity
  8
0
  6
Continuous
 62
    18
420
        0
370
    25
100
AcDbVertex
100
AcDb2dVertex
 10
52.46225
 20
18.56349222930553
 30
0.0
  0
SEQEND
  5
4DA
330
4D5
100
AcDbEntity
  8
0
  6
Continuous
 62
    18
420
        0
370
    25
  0
POLYLINE
  5
4DB
330
1F
100
AcDbEntity
  8
0
  6
Continuous
 62
    18
420
        0
370
    25
100
AcDb2dPolyline
 66
     1
 10
0.0
 20
0.0
 30
0.0
 70
     1
  0
VERTEX
  5
4DC
330
4DB
100
AcDbEntity
  8
0
  6
Continuous
 62
    18
420
        0
370
    25
100
AcDbVertex
100
AcDb2dVertex
 10
54.00741666666666
 20
12.3316588959722
 30
0.0
  0
VERTEX
  5
4DD
330
4DB
100
AcDbEntity
  8
0
  6
Continuous
 62
    18
420
        0
370
    25
100
AcDbVertex
100
AcDb2dVertex
 10
54.19491666666668
 20
12.3316588959722
 30
0.0
  0
VERTEX
  5
4DE
330
4DB
100
AcDbEntity
  8
0
  6
Continuous
 62
    18
420
        0
370
    25
100
AcDbVertex
100
AcDb2dVertex
 10
54.19491666666668
 20
12.51915889597221
 30
0.0
  0
VERTEX
  5
4DF
330
4DB
100
AcDbEntity
  8
0
  6
Continuous
 62
    18
420
        0
370
    25
100
AcDbVertex
100
AcDb2dVertex
 10
54.00741666666666
 20
12.51915889597221
 30
0.0
  0
SEQEND
  5
4E0
330
4DB
100
AcDbEntity
  8
0
  6
Continuous
 62
    18
420
        0
370
    25
  0
POLYLINE
  5
4E1
330
1F
100
AcDbEntity
  8
0
  6
Continuous
 62
    18
420
        0
370
    25
100
AcDb2dPolyline
 66
     1
 10
0.0
 20
0.0
 30
0.0
 70
     1
  0
VERTEX
  5
4E2
330
4E1
100
AcDbEntity
  8
0
  6
Continuous
 62
    18
420
        0
370
    25
100
AcDbVertex
100
AcDb2dVertex
 10
52.47775000000001
 20
13.54957556263886
 30
0.0
  0
VERTEX
  5
4E3
330
4E1
100
AcDbEntity
  8
0
  6
Continuous
 62
    18
420
        0
370
    25
100
AcDbVertex
100
AcDb2dVertex
 10
52.66525
 20
13.54957556263886
 30
0.0
  0
VERTEX
  5
4E4
330
4E1
100
AcDbEntity
  8
0
  6
Continuous
 62
    18
420
        0
370
    25
100
AcDbVertex
100
AcDb2dVertex
 10
52.66525
 20
13.73707556263886
 30
0.0
  0
VERTEX
  5
4E5
330
4E1
100
AcDbEntity
  8
0
  6
Continuous
 62
    18
420
        0
370
    25
100
AcDbVertex
100
AcDb2dVertex
 10
52.47775000000001
 20
13.73707556263886
 30
0.0
  0
SEQEND
  5
4E6
330
4E1
100
AcDbEntity
  8
0
  6
Continuous
 62
    18
420
        0
370
    25
  0
POLYLINE
  5
4E7
330
1F
100
AcDbEntity
  8
0
  6
Continuous
 62
    18
420
        0
370
    25
100
AcDb2dPolyline
 66
     1
 10
0.0
 20
0.0
 30
0.0
 70
     1
  0
VERTEX
  5
4E8
330
4E7
100
AcDbEntity
  8
0
  6
Continuous
 62
    18
420
        0
370
    25
100
AcDbVertex
100
AcDb2dVertex
 10
17.15625
 20
12.3316588959722
 30
0.0
  0
VERTEX
  5
4E9
330
4E7
100
AcDbEntity
  8
0
  6
Continuous
 62
    18
420
        0
370
    25
100
AcDbVertex
100
AcDb2dVertex
 10
17.34375000000001
 20
12.3316588959722
 30
0.0
  0
VERTEX
  5
4EA
330
4E7
100
AcDbEntity
  8
0
  6
Continuous
 62
    18
420
        0
370
    25
100
AcDbVertex
100
AcDb2dVertex
 10
17.34375000000001
 20
12.51915889597221
 30
0.0
  0
VERTEX
  5
4EB
330
4E7
100
AcDbEntity
  8
0
  6
Continuous
 62
    18
420
        0
370
    25
100
AcDbVertex
100
AcDb2dVertex
 10
17.15625
 20
12.51915889597221
 30
0.0
  0
SEQEND
  5
4EC
330
4E7
100
AcDbEntity
  8
0
  6
Continuous
 62
    18
420
        0
370
    25
  0
POLYLINE
  5
4ED
330
1F
100
AcDbEntity
  8
0
  6
Continuous
 62
    18
420
        0
370
    25
100
AcDb2dPolyline
 66
     1
 10
0.0
 20
0.0
 30
0.0
 70
     1
  0
VERTEX
  5
4EE
330
4ED
100
AcDbEntity
  8
0
  6
Continuous
 62
    18
420
        0
370
    25
100
AcDbVertex
100
AcDb2dVertex
 10
17.15625
 20
18.89332556263887
 30
0.0
  0
VERTEX
  5
4EF
330
4ED
100
AcDbEntity
  8
0
  6
Continuous
 62
    18
420
        0
370
    25
100
AcDbVertex
100
AcDb2dVertex
 10
17.34375000000001
 20
18.89332556263887
 30
0.0
  0
VERTEX
  5
4F0
330
4ED
100
AcDbEntity
  8
0
  6
Continuous
 62
    18
420
        0
370
    25
100
AcDbVertex
100
AcDb2dVertex
 10
17.34375000000001
 20
19.08082556263887
 30
0.0
  0
VERTEX
  5
4F1
330
4ED
100
AcDbEntity
  8
0
  6
Continuous
 62
    18
420
        0
370
    25
100
AcDbVertex
100
AcDb2dVertex
 10
17.15625
 20
19.08082556263887
 30
0.0
  0
SEQEND
  5
4F2
330
4ED
100
AcDbEntity
  8
0
  6
Continuous
 62
    18
420
        0
370
    25
  0
POLYLINE
  5
4F3
330
1F
100
AcDbEntity
  8
0
  6
Continuous
 62
    18
420
        0
370
    25
100
AcDb2dPolyline
 66
     1
 10
0.0
 20
0.0
 30
0.0
 70
     1
  0
VERTEX
  5
4F4
330
4F3
100
AcDbEntity
  8
0
  6
Continuous
 62
    18
420
        0
370
    25
100
AcDbVertex
100
AcDb2dVertex
 10
18.67458333333334
 20
18.46024222930552
 30
0.0
  0
VERTEX
  5
4F5
330
4F3
100
AcDbEntity
  8
0
  6
Continuous
 62
    18
420
        0
370
    25
100
AcDbVertex
100
AcDb2dVertex
 10
18.86208333333335
 20
18.46024222930552
 30
0.0
  0
VERTEX
  5
4F6
330
4F3
100
AcDbEntity
  8
0
  6
Continuous
 62
    18
420
        0
370
    25
100
AcDbVertex
100
AcDb2dVertex
 10
18.86208333333335
 20
18.64774222930553
 30
0.0
  0
VERTEX
  5
4F7
330
4F3
100
AcDbEntity
  8
0
  6
Continuous
 62
    18
420
        0
370
    25
100
AcDbVertex
100
AcDb2dVertex
 10
18.67458333333334
 20
18.64774222930553
 30
0.0
  0
SEQEND
  5
4F8
330
4F3
100
AcDbEntity
  8
0
  6
Continuous
 62
    18
420
        0
370
    25
  0
POLYLINE
  5
4F9
330
1F
100
AcDbEntity
  8
0
  6
Continuous
 62
    18
420
        0
370
    25
100
AcDb2dPolyline
 66
     1
 10
0.0
 20
0.0
 30
0.0
 70
     1
  0
VERTEX
  5
4FA
330
4F9
100
AcDbEntity
  8
0
  6
Continuous
 62
    18
420
        0
370
    25
100
AcDbVertex
100
AcDb2dVertex
 10
21.56241666666668
 20
13.54957556263886
 30
0.0
  0
VERTEX
  5
4FB
330
4F9
100
AcDbEntity
  8
0
  6
Continuous
 62
    18
420
        0
370
    25
100
AcDbVertex
100
AcDb2dVertex
 10
21.74991666666667
 20
13.54957556263886
 30
0.0
  0
VERTEX
  5
4FC
330
4F9
100
AcDbEntity
  8
0
  6
Continuous
 62
    18
420
        0
370
    25
100
AcDbVertex
100
AcDb2dVertex
 10
21.74991666666667
 20
13.73707556263886
 30
0.0
  0
VERTEX
  5
4FD
330
4F9
100
AcDbEntity
  8
0
  6
Continuous
 62
    18
420
        0
370
    25
100
AcDbVertex
100
AcDb2dVertex
 10
21.56241666666668
 20
13.73707556263886
 30
0.0
  0
SEQEND
  5
4FE
330
4F9
100
AcDbEntity
  8
0
  6
Continuous
 62
    18
420
        0
370
    25
  0
POLYLINE
  5
4FF
330
1F
100
AcDbEntity
  8
0
  6
Continuous
 62
    18
420
        0
370
    25
100
AcDb2dPolyline
 66
     1
 10
0.0
 20
0.0
 30
0.0
 70
     1
  0
VERTEX
  5
500
330
4FF
100
AcDbEntity
  8
0
  6
Continuous
 62
    18
420
        0
370
    25
100
AcDbVertex
100
AcDb2dVertex
 10
18.67458333333334
 20
13.54957556263886
 30
0.0
  0
VERTEX
  5
501
330
4FF
100
AcDbEntity
  8
0
  6
Continuous
 62
    18
420
        0
370
    25
100
AcDbVertex
100
AcDb2dVertex
 10
18.86208333333335
 20
13.54957556263886
 30
0.0
  0
VERTEX
  5
502
330
4FF
100
AcDbEntity
  8
0
  6
Continuous
 62
    18
420
        0
370
    25
100
AcDbVertex
100
AcDb2dVertex
 10
18.86208333333335
 20
13.73707556263886
 30
0.0
  0
VERTEX
  5
503
330
4FF
100
AcDbEntity
  8
0
  6
Continuous
 62
    18
420
        0
370
    25
100
AcDbVertex
100
AcDb2dVertex
 10
18.67458333333334
 20
13.73707556263886
 30
0.0
  0
SEQEND
  5
504
330
4FF
100
AcDbEntity
  8
0
  6
Continuous
 62
    18
420
        0
370
    25
  0
POLYLINE
  5
505
330
1F
100
AcDbEntity
  8
0
  6
Continuous
 62
    18
420
        0
370
    25
100
AcDb2dPolyline
 66
     1
 10
0.0
 20
0.0
 30
0.0
 70
     1
  0
VERTEX
  5
506
330
505
100
AcDbEntity
  8
0
  6
Continuous
 62
    18
420
        0
370
    25
100
AcDbVertex
100
AcDb2dVertex
 10
26.24025000000001
 20
12.76682556263886
 30
0.0
  0
VERTEX
  5
507
330
505
100
AcDbEntity
  8
0
  6
Continuous
 62
    18
420
        0
370
    25
100
AcDbVertex
100
AcDb2dVertex
 10
26.42775000000002
 20
12.76682556263886
 30
0.0
  0
VERTEX
  5
508
330
505
100
AcDbEntity
  8
0
  6
Continuous
 62
    18
420
        0
370
    25
100
AcDbVertex
100
AcDb2dVertex
 10
26.42775000000002
 20
12.95432556263887
 30
0.0
  0
VERTEX
  5
509
330
505
100
AcDbEntity
  8
0
  6
Continuous
 62
    18
420
        0
370
    25
100
AcDbVertex
100
AcDb2dVertex
 10
26.24025000000001
 20
12.95432556263887
 30
0.0
  0
SEQEND
  5
50A
330
505
100
AcDbEntity
  8
0
  6
Continuous
 62
    18
420
        0
370
    25
  0
POLYLINE
  5
50B
330
1F
100
AcDbEntity
  8
0
  6
Continuous
 62
    18
420
        0
370
    25
100
AcDb2dPolyline
 66
     1
 10
0.0
 20
0.0
 30
0.0
 70
     1
  0
VERTEX
  5
50C
330
50B
100
AcDbEntity
  8
0
  6
Continuous
 62
    18
420
        0
370
    25
100
AcDbVertex
100
AcDb2dVertex
 10
23.27691666666668
 20
12.76682556263886
 30
0.0
  0
VERTEX
  5
50D
330
50B
100
AcDbEntity
  8
0
  6
Continuous
 62
    18
420
        0
370
    25
100
AcDbVertex
100
AcDb2dVertex
 10
23.46441666666669
 20
12.76682556263886
 30
0.0
  0
VERTEX
  5
50E
330
50B
100
AcDbEntity
  8
0
  6
Continuous
 62
    18
420
        0
370
    25
100
AcDbVertex
100
AcDb2dVertex
 10
23.46441666666669
 20
12.95432556263887
 30
0.0
  0
VERTEX
  5
50F
330
50B
100
AcDbEntity
  8
0
  6
Continuous
 62
    18
420
        0
370
    25
100
AcDbVertex
100
AcDb2dVertex
 10
23.27691666666668
 20
12.95432556263887
 30
0.0
  0
SEQEND
  5
510
330
50B
100
AcDbEntity
  8
0
  6
Continuous
 62
    18
420
        0
370
    25
  0
POLYLINE
  5
511
330
1F
100
AcDbEntity
  8
0
  6
Continuous
 62
    18
420
        0
370
    25
100
AcDb2dPolyline
 66
     1
 10
0.0
 20
0.0
 30
0.0
 70
     1
  0
VERTEX
  5
512
330
511
100
AcDbEntity
  8
0
  6
Continuous
 62
    18
420
        0
370
    25
100
AcDbVertex
100
AcDb2dVertex
 10
21.56241666666668
 20
12.76682556263886
 30
0.0
  0
VERTEX
  5
513
330
511
100
AcDbEntity
  8
0
  6
Continuous
 62
    18
420
        0
370
    25
100
AcDbVertex
100
AcDb2dVertex
 10
21.74991666666667
 20
12.76682556263886
 30
0.0
  0
VERTEX
  5
514
330
511
100
AcDbEntity
  8
0
  6
Continuous
 62
    18
420
        0
370
    25
100
AcDbVertex
100
AcDb2dVertex
 10
21.74991666666667
 20
12.95432556263887
 30
0.0
  0
VERTEX
  5
515
330
511
100
AcDbEntity
  8
0
  6
Continuous
 62
    18
420
        0
370
    25
100
AcDbVertex
100
AcDb2dVertex
 10
21.56241666666668
 20
12.95432556263887
 30
0.0
  0
SEQEND
  5
516
330
511
100
AcDbEntity
  8
0
  6
Continuous
 62
    18
420
        0
370
    25
  0
POLYLINE
  5
517
330
1F
100
AcDbEntity
  8
0
  6
Continuous
 62
    18
420
        0
370
    25
100
AcDb2dPolyline
 66
     1
 10
0.0
 20
0.0
 30
0.0
 70
     1
  0
VERTEX
  5
518
330
517
100
AcDbEntity
  8
0
  6
Continuous
 62
    18
420
        0
370
    25
100
AcDbVertex
100
AcDb2dVertex
 10
21.56241666666668
 20
14.14265889597219
 30
0.0
  0
VERTEX
  5
519
330
517
100
AcDbEntity
  8
0
  6
Continuous
 62
    18
420
        0
370
    25
100
AcDbVertex
100
AcDb2dVertex
 10
21.74991666666667
 20
14.14265889597219
 30
0.0
  0
VERTEX
  5
51A
330
517
100
AcDbEntity
  8
0
  6
Continuous
 62
    18
420
        0
370
    25
100
AcDbVertex
100
AcDb2dVertex
 10
21.74991666666667
 20
14.3301588959722
 30
0.0
  0
VERTEX
  5
51B
330
517
100
AcDbEntity
  8
0
  6
Continuous
 62
    18
420
        0
370
    25
100
AcDbVertex
100
AcDb2dVertex
 10
21.56241666666668
 20
14.3301588959722
 30
0.0
  0
SEQEND
  5
51C
330
517
100
AcDbEntity
  8
0
  6
Continuous
 62
    18
420
        0
370
    25
  0
POLYLINE
  5
51D
330
1F
100
AcDbEntity
  8
0
  6
Continuous
 62
    18
420
        0
370
    25
100
AcDb2dPolyline
 66
     1
 10
0.0
 20
0.0
 30
0.0
 70
     1
  0
VERTEX
  5
51E
330
51D
100
AcDbEntity
  8
0
  6
Continuous
 62
    18
420
        0
370
    25
100
AcDbVertex
100
AcDb2dVertex
 10
21.56241666666668
 20
11.39099222930553
 30
0.0
  0
VERTEX
  5
51F
330
51D
100
AcDbEntity
  8
0
  6
Continuous
 62
    18
420
        0
370
    25
100
AcDbVertex
100
AcDb2dVertex
 10
21.74991666666667
 20
11.39099222930553
 30
0.0
  0
VERTEX
  5
520
330
51D
100
AcDbEntity
  8
0
  6
Continuous
 62
    18
420
        0
370
    25
100
AcDbVertex
100
AcDb2dVertex
 10
21.74991666666667
 20
11.57849222930553
 30
0.0
  0
VERTEX
  5
521
330
51D
100
AcDbEntity
  8
0
  6
Continuous
 62
    18
420
        0
370
    25
100
AcDbVertex
100
AcDb2dVertex
 10
21.56241666666668
 20
11.57849222930553
 30
0.0
  0
SEQEND
  5
522
330
51D
100
AcDbEntity
  8
0
  6
Continuous
 62
    18
420
        0
370
    25
  0
POLYLINE
  5
523
330
1F
100
AcDbEntity
  8
0
  6
Continuous
 62
    18
420
        0
370
    25
100
AcDb2dPolyline
 66
     1
 10
0.0
 20
0.0
 30
0.0
 70
     1
  0
VERTEX
  5
524
330
523
100
AcDbEntity
  8
0
  6
Continuous
 62
    18
420
        0
370
    25
100
AcDbVertex
100
AcDb2dVertex
 10
21.56241666666668
 20
8.681658895972188
 30
0.0
  0
VERTEX
  5
525
330
523
100
AcDbEntity
  8
0
  6
Continuous
 62
    18
420
        0
370
    25
100
AcDbVertex
100
AcDb2dVertex
 10
21.74991666666667
 20
8.681658895972188
 30
0.0
  0
VERTEX
  5
526
330
523
100
AcDbEntity
  8
0
  6
Continuous
 62
    18
420
        0
370
    25
100
AcDbVertex
100
AcDb2dVertex
 10
21.74991666666667
 20
8.869158895972195
 30
0.0
  0
VERTEX
  5
527
330
523
100
AcDbEntity
  8
0
  6
Continuous
 62
    18
420
        0
370
    25
100
AcDbVertex
100
AcDb2dVertex
 10
21.56241666666668
 20
8.869158895972195
 30
0.0
  0
SEQEND
  5
528
330
523
100
AcDbEntity
  8
0
  6
Continuous
 62
    18
420
        0
370
    25
  0
POLYLINE
  5
529
330
1F
100
AcDbEntity
  8
0
  6
Continuous
 62
    18
420
        0
370
    25
100
AcDb2dPolyline
 66
     1
 10
0.0
 20
0.0
 30
0.0
 70
     1
  0
VERTEX
  5
52A
330
529
100
AcDbEntity
  8
0
  6
Continuous
 62
    18
420
        0
370
    25
100
AcDbVertex
100
AcDb2dVertex
 10
13.64608333333335
 20
19.60365889597219
 30
0.0
  0
VERTEX
  5
52B
330
529
100
AcDbEntity
  8
0
  6
Continuous
 62
    18
420
        0
370
    25
100
AcDbVertex
100
AcDb2dVertex
 10
13.83358333333335
 20
19.60365889597219
 30
0.0
  0
VERTEX
  5
52C
330
529
100
AcDbEntity
  8
0
  6
Continuous
 62
    18
420
        0
370
    25
100
AcDbVertex
100
AcDb2dVertex
 10
13.83358333333335
 20
19.7911588959722
 30
0.0
  0
VERTEX
  5
52D
330
529
100
AcDbEntity
  8
0
  6
Continuous
 62
    18
420
        0
370
    25
100
AcDbVertex
100
AcDb2dVertex
 10
13.64608333333335
 20
19.7911588959722
 30
0.0
  0
SEQEND
  5
52E
330
529
100
AcDbEntity
  8
0
  6
Continuous
 62
    18
420
        0
370
    25
  0
POLYLINE
  5
52F
330
1F
100
AcDbEntity
  8
0
  6
Continuous
 62
    18
420
        0
370
    25
100
AcDb2dPolyline
 66
     1
 10
0.0
 20
0.0
 30
0.0
 70
     1
  0
VERTEX
  5
530
330
52F
100
AcDbEntity
  8
0
  6
Continuous
 62
    18
420
        0
370
    25
100
AcDbVertex
100
AcDb2dVertex
 10
9.810187500000026
 20
17.57165889597219
 30
0.0
  0
VERTEX
  5
531
330
52F
100
AcDbEntity
  8
0
  6
Continuous
 62
    18
420
        0
370
    25
100
AcDbVertex
100
AcDb2dVertex
 10
9.997687500000033
 20
17.57165889597219
 30
0.0
  0
VERTEX
  5
532
330
52F
100
AcDbEntity
  8
0
  6
Continuous
 62
    18
420
        0
370
    25
100
AcDbVertex
100
AcDb2dVertex
 10
9.997687500000033
 20
17.7591588959722
 30
0.0
  0
VERTEX
  5
533
330
52F
100
AcDbEntity
  8
0
  6
Continuous
 62
    18
420
        0
370
    25
100
AcDbVertex
100
AcDb2dVertex
 10
9.810187500000026
 20
17.7591588959722
 30
0.0
  0
SEQEND
  5
534
330
52F
100
AcDbEntity
  8
0
  6
Continuous
 62
    18
420
        0
370
    25
  0
POLYLINE
  5
535
330
1F
100
AcDbEntity
  8
0
  6
Continuous
 62
    18
420
        0
370
    25
100
AcDb2dPolyline
 66
     1
 10
0.0
 20
0.0
 30
0.0
 70
     1
  0
VERTEX
  5
536
330
535
100
AcDbEntity
  8
0
  6
Continuous
 62
    18
420
        0
370
    25
100
AcDbVertex
100
AcDb2dVertex
 10
11.56702083333337
 20
16.87315889597219
 30
0.0
  0
VERTEX
  5
537
330
535
100
AcDbEntity
  8
0
  6
Continuous
 62
    18
420
        0
370
    25
100
AcDbVertex
100
AcDb2dVertex
 10
11.75452083333337
 20
16.87315889597219
 30
0.0
  0
VERTEX
  5
538
330
535
100
AcDbEntity
  8
0
  6
Continuous
 62
    18
420
        0
370
    25
100
AcDbVertex
100
AcDb2dVertex
 10
11.75452083333337
 20
17.0606588959722
 30
0.0
  0
VERTEX
  5
539
330
535
100
AcDbEntity
  8
0
  6
Continuous
 62
    18
420
        0
370
    25
100
AcDbVertex
100
AcDb2dVertex
 10
11.56702083333337
 20
17.0606588959722
 30
0.0
  0
SEQEND
  5
53A
330
535
100
AcDbEntity
  8
0
  6
Continuous
 62
    18
420
        0
370
    25
  0
POLYLINE
  5
53B
330
1F
100
AcDbEntity
  8
0
  6
Continuous
 62
    18
420
        0
370
    25
100
AcDb2dPolyline
 66
     1
 10
0.0
 20
0.0
 30
0.0
 70
     1
  0
VERTEX
  5
53C
330
53B
100
AcDbEntity
  8
0
  6
Continuous
 62
    18
420
        0
370
    25
100
AcDbVertex
100
AcDb2dVertex
 10
13.64608333333335
 20
16.87315889597219
 30
0.0
  0
VERTEX
  5
53D
330
53B
100
AcDbEntity
  8
0
  6
Continuous
 62
    18
420
        0
370
    25
100
AcDbVertex
100
AcDb2dVertex
 10
13.83358333333335
 20
16.87315889597219
 30
0.0
  0
VERTEX
  5
53E
330
53B
100
AcDbEntity
  8
0
  6
Continuous
 62
    18
420
        0
370
    25
100
AcDbVertex
100
AcDb2dVertex
 10
13.83358333333335
 20
17.0606588959722
 30
0.0
  0
VERTEX
  5
53F
330
53B
100
AcDbEntity
  8
0
  6
Continuous
 62
    18
420
        0
370
    25
100
AcDbVertex
100
AcDb2dVertex
 10
13.64608333333335
 20
17.0606588959722
 30
0.0
  0
SEQEND
  5
540
330
53B
100
AcDbEntity
  8
0
  6
Continuous
 62
    18
420
        0
370
    25
  0
POLYLINE
  5
541
330
1F
100
AcDbEntity
  8
0
  6
Continuous
 62
    18
420
        0
370
    25
100
AcDb2dPolyline
 66
     1
 10
0.0
 20
0.0
 30
0.0
 70
     1
  0
VERTEX
  5
542
330
541
100
AcDbEntity
  8
0
  6
Continuous
 62
    18
420
        0
370
    25
100
AcDbVertex
100
AcDb2dVertex
 10
9.810187500000026
 20
14.84115889597219
 30
0.0
  0
VERTEX
  5
543
330
541
100
AcDbEntity
  8
0
  6
Continuous
 62
    18
420
        0
370
    25
100
AcDbVertex
100
AcDb2dVertex
 10
9.997687500000033
 20
14.84115889597219
 30
0.0
  0
VERTEX
  5
544
330
541
100
AcDbEntity
  8
0
  6
Continuous
 62
    18
420
        0
370
    25
100
AcDbVertex
100
AcDb2dVertex
 10
9.997687500000033
 20
15.0286588959722
 30
0.0
  0
VERTEX
  5
545
330
541
100
AcDbEntity
  8
0
  6
Continuous
 62
    18
420
        0
370
    25
100
AcDbVertex
100
AcDb2dVertex
 10
9.810187500000026
 20
15.0286588959722
 30
0.0
  0
SEQEND
  5
546
330
541
100
AcDbEntity
  8
0
  6
Continuous
 62
    18
420
        0
370
    25
  0
POLYLINE
  5
547
330
1F
100
AcDbEntity
  8
0
  6
Continuous
 62
    18
420
        0
370
    25
100
AcDb2dPolyline
 66
     1
 10
0.0
 20
0.0
 30
0.0
 70
     1
  0
VERTEX
  5
548
330
547
100
AcDbEntity
  8
0
  6
Continuous
 62
    18
420
        0
370
    25
100
AcDbVertex
100
AcDb2dVertex
 10
11.56702083333337
 20
14.14265889597219
 30
0.0
  0
VERTEX
  5
549
330
547
100
AcDbEntity
  8
0
  6
Continuous
 62
    18
420
        0
370
    25
100
AcDbVertex
100
AcDb2dVertex
 10
11.75452083333337
 20
14.14265889597219
 30
0.0
  0
VERTEX
  5
54A
330
547
100
AcDbEntity
  8
0
  6
Continuous
 62
    18
420
        0
370
    25
100
AcDbVertex
100
AcDb2dVertex
 10
11.75452083333337
 20
14.3301588959722
 30
0.0
  0
VERTEX
  5
54B
330
547
100
AcDbEntity
  8
0
  6
Continuous
 62
    18
420
        0
370
    25
100
AcDbVertex
100
AcDb2dVertex
 10
11.56702083333337
 20
14.3301588959722
 30
0.0
  0
SEQEND
  5
54C
330
547
100
AcDbEntity
  8
0
  6
Continuous
 62
    18
420
        0
370
    25
  0
POLYLINE
  5
54D
330
1F
100
AcDbEntity
  8
0
  6
Continuous
 62
    18
420
        0
370
    25
100
AcDb2dPolyline
 66
     1
 10
0.0
 20
0.0
 30
0.0
 70
     1
  0
VERTEX
  5
54E
330
54D
100
AcDbEntity
  8
0
  6
Continuous
 62
    18
420
        0
370
    25
100
AcDbVertex
100
AcDb2dVertex
 10
13.64608333333335
 20
14.14265889597219
 30
0.0
  0
VERTEX
  5
54F
330
54D
100
AcDbEntity
  8
0
  6
Continuous
 62
    18
420
        0
370
    25
100
AcDbVertex
100
AcDb2dVertex
 10
13.83358333333335
 20
14.14265889597219
 30
0.0
  0
VERTEX
  5
550
330
54D
100
AcDbEntity
  8
0
  6
Continuous
 62
    18
420
        0
370
    25
100
AcDbVertex
100
AcDb2dVertex
 10
13.83358333333335
 20
14.3301588959722
 30
0.0
  0
VERTEX
  5
551
330
54D
100
AcDbEntity
  8
0
  6
Continuous
 62
    18
420
        0
370
    25
100
AcDbVertex
100
AcDb2dVertex
 10
13.64608333333335
 20
14.3301588959722
 30
0.0
  0
SEQEND
  5
552
330
54D
100
AcDbEntity
  8
0
  6
Continuous
 62
    18
420
        0
370
    25
  0
POLYLINE
  5
553
330
1F
100
AcDbEntity
  8
0
  6
Continuous
 62
    18
420
        0
370
    25
100
AcDb2dPolyline
 66
     1
 10
0.0
 20
0.0
 30
0.0
 70
     1
  0
VERTEX
  5
554
330
553
100
AcDbEntity
  8
0
  6
Continuous
 62
    18
420
        0
370
    25
100
AcDbVertex
100
AcDb2dVertex
 10
9.810187500000026
 20
12.08949222930553
 30
0.0
  0
VERTEX
  5
555
330
553
100
AcDbEntity
  8
0
  6
Continuous
 62
    18
420
        0
370
    25
100
AcDbVertex
100
AcDb2dVertex
 10
9.997687500000033
 20
12.08949222930553
 30
0.0
  0
VERTEX
  5
556
330
553
100
AcDbEntity
  8
0
  6
Continuous
 62
    18
420
        0
370
    25
100
AcDbVertex
100
AcDb2dVertex
 10
9.997687500000033
 20
12.27699222930553
 30
0.0
  0
VERTEX
  5
557
330
553
100
AcDbEntity
  8
0
  6
Continuous
 62
    18
420
        0
370
    25
100
AcDbVertex
100
AcDb2dVertex
 10
9.810187500000026
 20
12.27699222930553
 30
0.0
  0
SEQEND
  5
558
330
553
100
AcDbEntity
  8
0
  6
Continuous
 62
    18
420
        0
370
    25
  0
POLYLINE
  5
559
330
1F
100
AcDbEntity
  8
0
  6
Continuous
 62
    18
420
        0
370
    25
100
AcDb2dPolyline
 66
     1
 10
0.0
 20
0.0
 30
0.0
 70
     1
  0
VERTEX
  5
55A
330
559
100
AcDbEntity
  8
0
  6
Continuous
 62
    18
420
        0
370
    25
100
AcDbVertex
100
AcDb2dVertex
 10
11.56702083333337
 20
11.39099222930553
 30
0.0
  0
VERTEX
  5
55B
330
559
100
AcDbEntity
  8
0
  6
Continuous
 62
    18
420
        0
370
    25
100
AcDbVertex
100
AcDb2dVertex
 10
11.75452083333337
 20
11.39099222930553
 30
0.0
  0
VERTEX
  5
55C
330
559
100
AcDbEntity
  8
0
  6
Continuous
 62
    18
420
        0
370
    25
100
AcDbVertex
100
AcDb2dVertex
 10
11.75452083333337
 20
11.57849222930553
 30
0.0
  0
VERTEX
  5
55D
330
559
100
AcDbEntity
  8
0
  6
Continuous
 62
    18
420
        0
370
    25
100
AcDbVertex
100
AcDb2dVertex
 10
11.56702083333337
 20
11.57849222930553
 30
0.0
  0
SEQEND
  5
55E
330
559
100
AcDbEntity
  8
0
  6
Continuous
 62
    18
420
        0
370
    25
  0
POLYLINE
  5
55F
330
1F
100
AcDbEntity
  8
0
  6
Continuous
 62
    18
420
        0
370
    25
100
AcDb2dPolyline
 66
     1
 10
0.0
 20
0.0
 30
0.0
 70
     1
  0
VERTEX
  5
560
330
55F
100
AcDbEntity
  8
0
  6
Continuous
 62
    18
420
        0
370
    25
100
AcDbVertex
100
AcDb2dVertex
 10
13.64608333333335
 20
11.39099222930553
 30
0.0
  0
VERTEX
  5
561
330
55F
100
AcDbEntity
  8
0
  6
Continuous
 62
    18
420
        0
370
    25
100
AcDbVertex
100
AcDb2dVertex
 10
13.83358333333335
 20
11.39099222930553
 30
0.0
  0
VERTEX
  5
562
330
55F
100
AcDbEntity
  8
0
  6
Continuous
 62
    18
420
        0
370
    25
100
AcDbVertex
100
AcDb2dVertex
 10
13.83358333333335
 20
11.57849222930553
 30
0.0
  0
VERTEX
  5
563
330
55F
100
AcDbEntity
  8
0
  6
Continuous
 62
    18
420
        0
370
    25
100
AcDbVertex
100
AcDb2dVertex
 10
13.64608333333335
 20
11.57849222930553
 30
0.0
  0
SEQEND
  5
564
330
55F
100
AcDbEntity
  8
0
  6
Continuous
 62
    18
420
        0
370
    25
  0
POLYLINE
  5
565
330
1F
100
AcDbEntity
  8
0
  6
Continuous
 62
    18
420
        0
370
    25
100
AcDb2dPolyline
 66
     1
 10
0.0
 20
0.0
 30
0.0
 70
     1
  0
VERTEX
  5
566
330
565
100
AcDbEntity
  8
0
  6
Continuous
 62
    18
420
        0
370
    25
100
AcDbVertex
100
AcDb2dVertex
 10
9.810187500000026
 20
9.380158895972194
 30
0.0
  0
VERTEX
  5
567
330
565
100
AcDbEntity
  8
0
  6
Continuous
 62
    18
420
        0
370
    25
100
AcDbVertex
100
AcDb2dVertex
 10
9.997687500000033
 20
9.380158895972194
 30
0.0
  0
VERTEX
  5
568
330
565
100
AcDbEntity
  8
0
  6
Continuous
 62
    18
420
        0
370
    25
100
AcDbVertex
100
AcDb2dVertex
 10
9.997687500000033
 20
9.567658895972194
 30
0.0
  0
VERTEX
  5
569
330
565
100
AcDbEntity
  8
0
  6
Continuous
 62
    18
420
        0
370
    25
100
AcDbVertex
100
AcDb2dVertex
 10
9.810187500000026
 20
9.567658895972194
 30
0.0
  0
SEQEND
  5
56A
330
565
100
AcDbEntity
  8
0
  6
Continuous
 62
    18
420
        0
370
    25
  0
POLYLINE
  5
56B
330
1F
100
AcDbEntity
  8
0
  6
Continuous
 62
    18
420
        0
370
    25
100
AcDb2dPolyline
 66
     1
 10
0.0
 20
0.0
 30
0.0
 70
     1
  0
VERTEX
  5
56C
330
56B
100
AcDbEntity
  8
0
  6
Continuous
 62
    18
420
        0
370
    25
100
AcDbVertex
100
AcDb2dVertex
 10
11.56702083333337
 20
8.681658895972188
 30
0.0
  0
VERTEX
  5
56D
330
56B
100
AcDbEntity
  8
0
  6
Continuous
 62
    18
420
        0
370
    25
100
AcDbVertex
100
AcDb2dVertex
 10
11.75452083333337
 20
8.681658895972188
 30
0.0
  0
VERTEX
  5
56E
330
56B
100
AcDbEntity
  8
0
  6
Continuous
 62
    18
420
        0
370
    25
100
AcDbVertex
100
AcDb2dVertex
 10
11.75452083333337
 20
8.869158895972195
 30
0.0
  0
VERTEX
  5
56F
330
56B
100
AcDbEntity
  8
0
  6
Continuous
 62
    18
420
        0
370
    25
100
AcDbVertex
100
AcDb2dVertex
 10
11.56702083333337
 20
8.869158895972195
 30
0.0
  0
SEQEND
  5
570
330
56B
100
AcDbEntity
  8
0
  6
Continuous
 62
    18
420
        0
370
    25
  0
POLYLINE
  5
571
330
1F
100
AcDbEntity
  8
0
  6
Continuous
 62
    18
420
        0
370
    25
100
AcDb2dPolyline
 66
     1
 10
0.0
 20
0.0
 30
0.0
 70
     1
  0
VERTEX
  5
572
330
571
100
AcDbEntity
  8
0
  6
Continuous
 62
    18
420
        0
370
    25
100
AcDbVertex
100
AcDb2dVertex
 10
15.23358333333335
 20
6.776658895972197
 30
0.0
  0
VERTEX
  5
573
330
571
100
AcDbEntity
  8
0
  6
Continuous
 62
    18
420
        0
370
    25
100
AcDbVertex
100
AcDb2dVertex
 10
15.42108333333336
 20
6.776658895972197
 30
0.0
  0
VERTEX
  5
574
330
571
100
AcDbEntity
  8
0
  6
Continuous
 62
    18
420
        0
370
    25
100
AcDbVertex
100
AcDb2dVertex
 10
15.42108333333336
 20
6.964158895972197
 30
0.0
  0
VERTEX
  5
575
330
571
100
AcDbEntity
  8
0
  6
Continuous
 62
    18
420
        0
370
    25
100
AcDbVertex
100
AcDb2dVertex
 10
15.23358333333335
 20
6.964158895972197
 30
0.0
  0
SEQEND
  5
576
330
571
100
AcDbEntity
  8
0
  6
Continuous
 62
    18
420
        0
370
    25
  0
POLYLINE
  5
577
330
1F
100
AcDbEntity
  8
0
  6
Continuous
 62
    18
420
        0
370
    25
100
AcDb2dPolyline
 66
     1
 10
0.0
 20
0.0
 30
0.0
 70
     1
  0
VERTEX
  5
578
330
577
100
AcDbEntity
  8
0
  6
Continuous
 62
    18
420
        0
370
    25
100
AcDbVertex
100
AcDb2dVertex
 10
9.285750000000014
 20
6.776658895972197
 30
0.0
  0
VERTEX
  5
579
330
577
100
AcDbEntity
  8
0
  6
Continuous
 62
    18
420
        0
370
    25
100
AcDbVertex
100
AcDb2dVertex
 10
9.473250000000018
 20
6.776658895972197
 30
0.0
  0
VERTEX
  5
57A
330
577
100
AcDbEntity
  8
0
  6
Continuous
 62
    18
420
        0
370
    25
100
AcDbVertex
100
AcDb2dVertex
 10
9.473250000000018
 20
6.964158895972197
 30
0.0
  0
VERTEX
  5
57B
330
577
100
AcDbEntity
  8
0
  6
Continuous
 62
    18
420
        0
370
    25
100
AcDbVertex
100
AcDb2dVertex
 10
9.285750000000014
 20
6.964158895972197
 30
0.0
  0
SEQEND
  5
57C
330
577
100
AcDbEntity
  8
0
  6
Continuous
 62
    18
420
        0
370
    25
  0
POLYLINE
  5
57D
330
1F
100
AcDbEntity
  8
0
  6
Continuous
 62
    18
420
        0
370
    25
100
AcDb2dPolyline
 66
     1
 10
0.0
 20
0.0
 30
0.0
 70
     1
  0
VERTEX
  5
57E
330
57D
100
AcDbEntity
  8
0
  6
Continuous
 62
    18
420
        0
370
    25
100
AcDbVertex
100
AcDb2dVertex
 10
11.50825000000001
 20
6.776658895972197
 30
0.0
  0
VERTEX
  5
57F
330
57D
100
AcDbEntity
  8
0
  6
Continuous
 62
    18
420
        0
370
    25
100
AcDbVertex
100
AcDb2dVertex
 10
11.69575000000002
 20
6.776658895972197
 30
0.0
  0
VERTEX
  5
580
330
57D
100
AcDbEntity
  8
0
  6
Continuous
 62
    18
420
        0
370
    25
100
AcDbVertex
100
AcDb2dVertex
 10
11.69575000000002
 20
6.964158895972197
 30
0.0
  0
VERTEX
  5
581
330
57D
100
AcDbEntity
  8
0
  6
Continuous
 62
    18
420
        0
370
    25
100
AcDbVertex
100
AcDb2dVertex
 10
11.50825000000001
 20
6.964158895972197
 30
0.0
  0
SEQEND
  5
582
330
57D
100
AcDbEntity
  8
0
  6
Continuous
 62
    18
420
        0
370
    25
  0
POLYLINE
  5
583
330
1F
100
AcDbEntity
  8
0
  6
Continuous
 62
    18
420
        0
370
    25
100
AcDb2dPolyline
 66
     1
 10
0.0
 20
0.0
 30
0.0
 70
     1
  0
VERTEX
  5
584
330
583
100
AcDbEntity
  8
0
  6
Continuous
 62
    18
420
        0
370
    25
100
AcDbVertex
100
AcDb2dVertex
 10
13.64608333333335
 20
6.776658895972197
 30
0.0
  0
VERTEX
  5
585
330
583
100
AcDbEntity
  8
0
  6
Continuous
 62
    18
420
        0
370
    25
100
AcDbVertex
100
AcDb2dVertex
 10
13.83358333333335
 20
6.776658895972197
 30
0.0
  0
VERTEX
  5
586
330
583
100
AcDbEntity
  8
0
  6
Continuous
 62
    18
420
        0
370
    25
100
AcDbVertex
100
AcDb2dVertex
 10
13.83358333333335
 20
6.964158895972197
 30
0.0
  0
VERTEX
  5
587
330
583
100
AcDbEntity
  8
0
  6
Continuous
 62
    18
420
        0
370
    25
100
AcDbVertex
100
AcDb2dVertex
 10
13.64608333333335
 20
6.964158895972197
 30
0.0
  0
SEQEND
  5
588
330
583
100
AcDbEntity
  8
0
  6
Continuous
 62
    18
420
        0
370
    25
  0
POLYLINE
  5
589
330
1F
100
AcDbEntity
  8
0
  6
Continuous
 62
    18
420
        0
370
    25
100
AcDb2dPolyline
 66
     1
 10
0.0
 20
0.0
 30
0.0
 70
     1
  0
VERTEX
  5
58A
330
589
100
AcDbEntity
  8
0
  6
Continuous
 62
    18
420
        0
370
    25
100
AcDbVertex
100
AcDb2dVertex
 10
13.64608333333335
 20
8.681658895972188
 30
0.0
  0
VERTEX
  5
58B
330
589
100
AcDbEntity
  8
0
  6
Continuous
 62
    18
420
        0
370
    25
100
AcDbVertex
100
AcDb2dVertex
 10
13.83358333333335
 20
8.681658895972188
 30
0.0
  0
VERTEX
  5
58C
330
589
100
AcDbEntity
  8
0
  6
Continuous
 62
    18
420
        0
370
    25
100
AcDbVertex
100
AcDb2dVertex
 10
13.83358333333335
 20
8.869158895972195
 30
0.0
  0
VERTEX
  5
58D
330
589
100
AcDbEntity
  8
0
  6
Continuous
 62
    18
420
        0
370
    25
100
AcDbVertex
100
AcDb2dVertex
 10
13.64608333333335
 20
8.869158895972195
 30
0.0
  0
SEQEND
  5
58E
330
589
100
AcDbEntity
  8
0
  6
Continuous
 62
    18
420
        0
370
    25
  0
POLYLINE
  5
58F
330
1F
100
AcDbEntity
  8
0
  6
Continuous
 62
    18
420
        0
370
    25
100
AcDb2dPolyline
 66
     1
 10
0.0
 20
0.0
 30
0.0
 70
     1
  0
VERTEX
  5
590
330
58F
100
AcDbEntity
  8
0
  6
Continuous
 62
    18
420
        0
370
    25
100
AcDbVertex
100
AcDb2dVertex
 10
36.09133333333335
 20
12.76682556263886
 30
0.0
  0
VERTEX
  5
591
330
58F
100
AcDbEntity
  8
0
  6
Continuous
 62
    18
420
        0
370
    25
100
AcDbVertex
100
AcDb2dVertex
 10
36.27883333333336
 20
12.76682556263886
 30
0.0
  0
VERTEX
  5
592
330
58F
100
AcDbEntity
  8
0
  6
Continuous
 62
    18
420
        0
370
    25
100
AcDbVertex
100
AcDb2dVertex
 10
36.27883333333336
 20
12.95432556263887
 30
0.0
  0
VERTEX
  5
593
330
58F
100
AcDbEntity
  8
0
  6
Continuous
 62
    18
420
        0
370
    25
100
AcDbVertex
100
AcDb2dVertex
 10
36.09133333333335
 20
12.95432556263887
 30
0.0
  0
SEQEND
  5
594
330
58F
100
AcDbEntity
  8
0
  6
Continuous
 62
    18
420
        0
370
    25
  0
POLYLINE
  5
595
330
1F
100
AcDbEntity
  8
0
  6
Continuous
 62
    18
420
        0
370
    25
100
AcDb2dPolyline
 66
     1
 10
0.0
 20
0.0
 30
0.0
 70
     1
  0
VERTEX
  5
596
330
595
100
AcDbEntity
  8
0
  6
Continuous
 62
    18
420
        0
370
    25
100
AcDbVertex
100
AcDb2dVertex
 10
31.19083333333334
 20
24.33082556263887
 30
0.0
  0
VERTEX
  5
597
330
595
100
AcDbEntity
  8
0
  6
Continuous
 62
    18
420
        0
370
    25
100
AcDbVertex
100
AcDb2dVertex
 10
31.19083333333334
 20
24.14332556263886
 30
0.0
  0
VERTEX
  5
598
330
595
100
AcDbEntity
  8
0
  6
Continuous
 62
    18
420
        0
370
    25
100
AcDbVertex
100
AcDb2dVertex
 10
31.37833333333335
 20
24.14332556263886
 30
0.0
  0
VERTEX
  5
599
330
595
100
AcDbEntity
  8
0
  6
Continuous
 62
    18
420
        0
370
    25
100
AcDbVertex
100
AcDb2dVertex
 10
31.37833333333335
 20
24.33082556263887
 30
0.0
  0
SEQEND
  5
59A
330
595
100
AcDbEntity
  8
0
  6
Continuous
 62
    18
420
        0
370
    25
  0
POLYLINE
  5
59B
330
1F
100
AcDbEntity
  8
0
  6
Continuous
 62
    18
420
        0
370
    25
100
AcDb2dPolyline
 66
     1
 10
0.0
 20
0.0
 30
0.0
 70
     1
  0
VERTEX
  5
59C
330
59B
100
AcDbEntity
  8
0
  6
Continuous
 62
    18
420
        0
370
    25
100
AcDbVertex
100
AcDb2dVertex
 10
31.19083333333334
 20
28.20432556263887
 30
0.0
  0
VERTEX
  5
59D
330
59B
100
AcDbEntity
  8
0
  6
Continuous
 62
    18
420
        0
370
    25
100
AcDbVertex
100
AcDb2dVertex
 10
31.19083333333334
 20
28.01682556263886
 30
0.0
  0
VERTEX
  5
59E
330
59B
100
AcDbEntity
  8
0
  6
Continuous
 62
    18
420
        0
370
    25
100
AcDbVertex
100
AcDb2dVertex
 10
31.37833333333335
 20
28.01682556263886
 30
0.0
  0
VERTEX
  5
59F
330
59B
100
AcDbEntity
  8
0
  6
Continuous
 62
    18
420
        0
370
    25
100
AcDbVertex
100
AcDb2dVertex
 10
31.37833333333335
 20
28.20432556263887
 30
0.0
  0
SEQEND
  5
5A0
330
59B
100
AcDbEntity
  8
0
  6
Continuous
 62
    18
420
        0
370
    25
  0
POLYLINE
  5
5A1
330
1F
100
AcDbEntity
  8
0
  6
Continuous
 62
    18
420
        0
370
    25
100
AcDb2dPolyline
 66
     1
 10
0.0
 20
0.0
 30
0.0
 70
     1
  0
VERTEX
  5
5A2
330
5A1
100
AcDbEntity
  8
0
  6
Continuous
 62
    18
420
        0
370
    25
100
AcDbVertex
100
AcDb2dVertex
 10
28.82016666666668
 20
23.01849222930553
 30
0.0
  0
VERTEX
  5
5A3
330
5A1
100
AcDbEntity
  8
0
  6
Continuous
 62
    18
420
        0
370
    25
100
AcDbVertex
100
AcDb2dVertex
 10
28.82016666666668
 20
22.83099222930553
 30
0.0
  0
VERTEX
  5
5A4
330
5A1
100
AcDbEntity
  8
0
  6
Continuous
 62
    18
420
        0
370
    25
100
AcDbVertex
100
AcDb2dVertex
 10
29.00766666666668
 20
22.83099222930553
 30
0.0
  0
VERTEX
  5
5A5
330
5A1
100
AcDbEntity
  8
0
  6
Continuous
 62
    18
420
        0
370
    25
100
AcDbVertex
100
AcDb2dVertex
 10
29.00766666666668
 20
23.01849222930553
 30
0.0
  0
SEQEND
  5
5A6
330
5A1
100
AcDbEntity
  8
0
  6
Continuous
 62
    18
420
        0
370
    25
  0
POLYLINE
  5
5A7
330
1F
100
AcDbEntity
  8
0
  6
Continuous
 62
    18
420
        0
370
    25
100
AcDb2dPolyline
 66
     1
 10
0.0
 20
0.0
 30
0.0
 70
     1
  0
VERTEX
  5
5A8
330
5A7
100
AcDbEntity
  8
0
  6
Continuous
 62
    18
420
        0
370
    25
100
AcDbVertex
100
AcDb2dVertex
 10
26.72466666666667
 20
24.33082556263887
 30
0.0
  0
VERTEX
  5
5A9
330
5A7
100
AcDbEntity
  8
0
  6
Continuous
 62
    18
420
        0
370
    25
100
AcDbVertex
100
AcDb2dVertex
 10
26.72466666666667
 20
24.14332556263886
 30
0.0
  0
VERTEX
  5
5AA
330
5A7
100
AcDbEntity
  8
0
  6
Continuous
 62
    18
420
        0
370
    25
100
AcDbVertex
100
AcDb2dVertex
 10
26.91216666666668
 20
24.14332556263886
 30
0.0
  0
VERTEX
  5
5AB
330
5A7
100
AcDbEntity
  8
0
  6
Continuous
 62
    18
420
        0
370
    25
100
AcDbVertex
100
AcDb2dVertex
 10
26.91216666666668
 20
24.33082556263887
 30
0.0
  0
SEQEND
  5
5AC
330
5A7
100
AcDbEntity
  8
0
  6
Continuous
 62
    18
420
        0
370
    25
  0
POLYLINE
  5
5AD
330
1F
100
AcDbEntity
  8
0
  6
Continuous
 62
    18
420
        0
370
    25
100
AcDb2dPolyline
 66
     1
 10
0.0
 20
0.0
 30
0.0
 70
     1
  0
VERTEX
  5
5AE
330
5AD
100
AcDbEntity
  8
0
  6
Continuous
 62
    18
420
        0
370
    25
100
AcDbVertex
100
AcDb2dVertex
 10
26.72466666666667
 20
28.20432556263887
 30
0.0
  0
VERTEX
  5
5AF
330
5AD
100
AcDbEntity
  8
0
  6
Continuous
 62
    18
420
        0
370
    25
100
AcDbVertex
100
AcDb2dVertex
 10
26.72466666666667
 20
28.01682556263886
 30
0.0
  0
VERTEX
  5
5B0
330
5AD
100
AcDbEntity
  8
0
  6
Continuous
 62
    18
420
        0
370
    25
100
AcDbVertex
100
AcDb2dVertex
 10
26.91216666666668
 20
28.01682556263886
 30
0.0
  0
VERTEX
  5
5B1
330
5AD
100
AcDbEntity
  8
0
  6
Continuous
 62
    18
420
        0
370
    25
100
AcDbVertex
100
AcDb2dVertex
 10
26.91216666666668
 20
28.20432556263887
 30
0.0
  0
SEQEND
  5
5B2
330
5AD
100
AcDbEntity
  8
0
  6
Continuous
 62
    18
420
        0
370
    25
  0
POLYLINE
  5
5B3
330
1F
100
AcDbEntity
  8
0
  6
Continuous
 62
    18
420
        0
370
    25
100
AcDb2dPolyline
 66
     1
 10
0.0
 20
0.0
 30
0.0
 70
     1
  0
VERTEX
  5
5B4
330
5B3
100
AcDbEntity
  8
0
  6
Continuous
 62
    18
420
        0
370
    25
100
AcDbVertex
100
AcDb2dVertex
 10
27.91712868431051
 20
25.2427530593554
 30
0.0
  0
VERTEX
  5
5B5
330
5B3
100
AcDbEntity
  8
0
  6
Continuous
 62
    18
420
        0
370
    25
100
AcDbVertex
100
AcDb2dVertex
 10
29.94093516195275
 20
25.2427530593554
 30
0.0
  0
VERTEX
  5
5B6
330
5B3
100
AcDbEntity
  8
0
  6
Continuous
 62
    18
420
        0
370
    25
100
AcDbVertex
100
AcDb2dVertex
 10
29.94093516195275
 20
27.22864688842972
 30
0.0
  0
VERTEX
  5
5B7
330
5B3
100
AcDbEntity
  8
0
  6
Continuous
 62
    18
420
        0
370
    25
100
AcDbVertex
100
AcDb2dVertex
 10
27.91712868431051
 20
27.22864688842972
 30
0.0
  0
SEQEND
  5
5B8
330
5B3
100
AcDbEntity
  8
0
  6
Continuous
 62
    18
420
        0
370
    25
  0
POLYLINE
  5
5B9
330
1F
100
AcDbEntity
  8
0
  6
Continuous
 62
    18
420
        0
370
    25
100
AcDb2dPolyline
 66
     1
 10
0.0
 20
0.0
 30
0.0
 70
     1
  0
VERTEX
  5
5BA
330
5B9
100
AcDbEntity
  8
0
  6
Continuous
 62
    18
420
        0
370
    25
100
AcDbVertex
100
AcDb2dVertex
 10
29.09287197936373
 20
27.42417521847252
 30
0.0
  0
VERTEX
  5
5BB
330
5B9
100
AcDbEntity
  8
0
  6
Continuous
 62
    18
420
        0
370
    25
100
AcDbVertex
100
AcDb2dVertex
 10
29.69287197936373
 20
27.42417521847252
 30
0.0
  0
VERTEX
  5
5BC
330
5B9
100
AcDbEntity
  8
0
  6
Continuous
 62
    18
420
        0
370
    25
100
AcDbVertex
100
AcDb2dVertex
 10
29.69287197936373
 20
28.02417521847253
 30
0.0
  0
VERTEX
  5
5BD
330
5B9
100
AcDbEntity
  8
0
  6
Continuous
 62
    18
420
        0
370
    25
100
AcDbVertex
100
AcDb2dVertex
 10
29.09287197936373
 20
28.02417521847253
 30
0.0
  0
SEQEND
  5
5BE
330
5B9
100
AcDbEntity
  8
0
  6
Continuous
 62
    18
420
        0
370
    25
  0
POLYLINE
  5
5BF
330
1F
100
AcDbEntity
  8
0
  6
Continuous
 62
    18
420
        0
370
    25
100
AcDb2dPolyline
 66
     1
 10
0.0
 20
0.0
 30
0.0
 70
     1
  0
VERTEX
  5
5C0
330
5BF
100
AcDbEntity
  8
0
  6
Continuous
 62
    18
420
        0
370
    25
100
AcDbVertex
100
AcDb2dVertex
 10
28.27249055965452
 20
27.42255920736221
 30
0.0
  0
VERTEX
  5
5C1
330
5BF
100
AcDbEntity
  8
0
  6
Continuous
 62
    18
420
        0
370
    25
100
AcDbVertex
100
AcDb2dVertex
 10
28.87249055965451
 20
27.42255920736221
 30
0.0
  0
VERTEX
  5
5C2
330
5BF
100
AcDbEntity
  8
0
  6
Continuous
 62
    18
420
        0
370
    25
100
AcDbVertex
100
AcDb2dVertex
 10
28.87249055965451
 20
28.0225592073622
 30
0.0
  0
VERTEX
  5
5C3
330
5BF
100
AcDbEntity
  8
0
  6
Continuous
 62
    18
420
        0
370
    25
100
AcDbVertex
100
AcDb2dVertex
 10
28.27249055965452
 20
28.0225592073622
 30
0.0
  0
SEQEND
  5
5C4
330
5BF
100
AcDbEntity
  8
0
  6
Continuous
 62
    18
420
        0
370
    25
  0
POLYLINE
  5
5C5
330
1F
100
AcDbEntity
  8
0
  6
Continuous
 62
    18
420
        0
370
    25
100
AcDb2dPolyline
 66
     1
 10
0.0
 20
0.0
 30
0.0
 70
     1
  0
VERTEX
  5
5C6
330
5C5
100
AcDbEntity
  8
0
  6
Continuous
 62
    18
420
        0
370
    25
100
AcDbVertex
100
AcDb2dVertex
 10
27.13500000000001
 20
26.41723344656958
 30
0.0
  0
VERTEX
  5
5C7
330
5C5
100
AcDbEntity
  8
0
  6
Continuous
 62
    18
420
        0
370
    25
100
AcDbVertex
100
AcDb2dVertex
 10
27.735
 20
26.41723344656958
 30
0.0
  0
VERTEX
  5
5C8
330
5C5
100
AcDbEntity
  8
0
  6
Continuous
 62
    18
420
        0
370
    25
100
AcDbVertex
100
AcDb2dVertex
 10
27.735
 20
27.01723344656959
 30
0.0
  0
VERTEX
  5
5C9
330
5C5
100
AcDbEntity
  8
0
  6
Continuous
 62
    18
420
        0
370
    25
100
AcDbVertex
100
AcDb2dVertex
 10
27.13500000000001
 20
27.01723344656959
 30
0.0
  0
SEQEND
  5
5CA
330
5C5
100
AcDbEntity
  8
0
  6
Continuous
 62
    18
420
        0
370
    25
  0
POLYLINE
  5
5CB
330
1F
100
AcDbEntity
  8
0
  6
Continuous
 62
    18
420
        0
370
    25
100
AcDb2dPolyline
 66
     1
 10
0.0
 20
0.0
 30
0.0
 70
     1
  0
VERTEX
  5
5CC
330
5CB
100
AcDbEntity
  8
0
  6
Continuous
 62
    18
420
        0
370
    25
100
AcDbVertex
100
AcDb2dVertex
 10
27.13895180633767
 20
25.59130592199885
 30
0.0
  0
VERTEX
  5
5CD
330
5CB
100
AcDbEntity
  8
0
  6
Continuous
 62
    18
420
        0
370
    25
100
AcDbVertex
100
AcDb2dVertex
 10
27.73895180633766
 20
25.59130592199885
 30
0.0
  0
VERTEX
  5
5CE
330
5CB
100
AcDbEntity
  8
0
  6
Continuous
 62
    18
420
        0
370
    25
100
AcDbVertex
100
AcDb2dVertex
 10
27.73895180633766
 20
26.19130592199886
 30
0.0
  0
VERTEX
  5
5CF
330
5CB
100
AcDbEntity
  8
0
  6
Continuous
 62
    18
420
        0
370
    25
100
AcDbVertex
100
AcDb2dVertex
 10
27.13895180633767
 20
26.19130592199886
 30
0.0
  0
SEQEND
  5
5D0
330
5CB
100
AcDbEntity
  8
0
  6
Continuous
 62
    18
420
        0
370
    25
  0
POLYLINE
  5
5D1
330
1F
100
AcDbEntity
  8
0
  6
Continuous
 62
    18
420
        0
370
    25
100
AcDb2dPolyline
 66
     1
 10
0.0
 20
0.0
 30
0.0
 70
     1
  0
VERTEX
  5
5D2
330
5D1
100
AcDbEntity
  8
0
  6
Continuous
 62
    18
420
        0
370
    25
100
AcDbVertex
100
AcDb2dVertex
 10
28.23439151567527
 20
24.49319106625871
 30
0.0
  0
VERTEX
  5
5D3
330
5D1
100
AcDbEntity
  8
0
  6
Continuous
 62
    18
420
        0
370
    25
100
AcDbVertex
100
AcDb2dVertex
 10
28.83439151567529
 20
24.49319106625871
 30
0.0
  0
VERTEX
  5
5D4
330
5D1
100
AcDbEntity
  8
0
  6
Continuous
 62
    18
420
        0
370
    25
100
AcDbVertex
100
AcDb2dVertex
 10
28.83439151567529
 20
25.09319106625872
 30
0.0
  0
VERTEX
  5
5D5
330
5D1
100
AcDbEntity
  8
0
  6
Continuous
 62
    18
420
        0
370
    25
100
AcDbVertex
100
AcDb2dVertex
 10
28.23439151567527
 20
25.09319106625872
 30
0.0
  0
SEQEND
  5
5D6
330
5D1
100
AcDbEntity
  8
0
  6
Continuous
 62
    18
420
        0
370
    25
  0
POLYLINE
  5
5D7
330
1F
100
AcDbEntity
  8
0
  6
Continuous
 62
    18
420
        0
370
    25
100
AcDb2dPolyline
 66
     1
 10
0.0
 20
0.0
 30
0.0
 70
     1
  0
VERTEX
  5
5D8
330
5D7
100
AcDbEntity
  8
0
  6
Continuous
 62
    18
420
        0
370
    25
100
AcDbVertex
100
AcDb2dVertex
 10
28.99860580213086
 20
24.50133509068441
 30
0.0
  0
VERTEX
  5
5D9
330
5D7
100
AcDbEntity
  8
0
  6
Continuous
 62
    18
420
        0
370
    25
100
AcDbVertex
100
AcDb2dVertex
 10
29.59860580213086
 20
24.50133509068441
 30
0.0
  0
VERTEX
  5
5DA
330
5D7
100
AcDbEntity
  8
0
  6
Continuous
 62
    18
420
        0
370
    25
100
AcDbVertex
100
AcDb2dVertex
 10
29.59860580213086
 20
25.10133509068441
 30
0.0
  0
VERTEX
  5
5DB
330
5D7
100
AcDbEntity
  8
0
  6
Continuous
 62
    18
420
        0
370
    25
100
AcDbVertex
100
AcDb2dVertex
 10
28.99860580213086
 20
25.10133509068441
 30
0.0
  0
SEQEND
  5
5DC
330
5D7
100
AcDbEntity
  8
0
  6
Continuous
 62
    18
420
        0
370
    25
  0
POLYLINE
  5
5DD
330
1F
100
AcDbEntity
  8
0
  6
Continuous
 62
    18
420
        0
370
    25
100
AcDb2dPolyline
 66
     1
 10
0.0
 20
0.0
 30
0.0
 70
     1
  0
VERTEX
  5
5DE
330
5DD
100
AcDbEntity
  8
0
  6
Continuous
 62
    18
420
        0
370
    25
100
AcDbVertex
100
AcDb2dVertex
 10
30.07832851664113
 20
25.51147288929385
 30
0.0
  0
VERTEX
  5
5DF
330
5DD
100
AcDbEntity
  8
0
  6
Continuous
 62
    18
420
        0
370
    25
100
AcDbVertex
100
AcDb2dVertex
 10
30.67832851664113
 20
25.51147288929385
 30
0.0
  0
VERTEX
  5
5E0
330
5DD
100
AcDbEntity
  8
0
  6
Continuous
 62
    18
420
        0
370
    25
100
AcDbVertex
100
AcDb2dVertex
 10
30.67832851664113
 20
26.11147288929386
 30
0.0
  0
VERTEX
  5
5E1
330
5DD
100
AcDbEntity
  8
0
  6
Continuous
 62
    18
420
        0
370
    25
100
AcDbVertex
100
AcDb2dVertex
 10
30.07832851664113
 20
26.11147288929386
 30
0.0
  0
SEQEND
  5
5E2
330
5DD
100
AcDbEntity
  8
0
  6
Continuous
 62
    18
420
        0
370
    25
  0
POLYLINE
  5
5E3
330
1F
100
AcDbEntity
  8
0
  6
Continuous
 62
    18
420
        0
370
    25
100
AcDb2dPolyline
 66
     1
 10
0.0
 20
0.0
 30
0.0
 70
     1
  0
VERTEX
  5
5E4
330
5E3
100
AcDbEntity
  8
0
  6
Continuous
 62
    18
420
        0
370
    25
100
AcDbVertex
100
AcDb2dVertex
 10
30.09018393565412
 20
26.3650630582282
 30
0.0
  0
VERTEX
  5
5E5
330
5E3
100
AcDbEntity
  8
0
  6
Continuous
 62
    18
420
        0
370
    25
100
AcDbVertex
100
AcDb2dVertex
 10
30.69018393565411
 20
26.3650630582282
 30
0.0
  0
VERTEX
  5
5E6
330
5E3
100
AcDbEntity
  8
0
  6
Continuous
 62
    18
420
        0
370
    25
100
AcDbVertex
100
AcDb2dVertex
 10
30.69018393565411
 20
26.96506305822821
 30
0.0
  0
VERTEX
  5
5E7
330
5E3
100
AcDbEntity
  8
0
  6
Continuous
 62
    18
420
        0
370
    25
100
AcDbVertex
100
AcDb2dVertex
 10
30.09018393565412
 20
26.96506305822821
 30
0.0
  0
SEQEND
  5
5E8
330
5E3
100
AcDbEntity
  8
0
  6
Continuous
 62
    18
420
        0
370
    25
  0
POLYLINE
  5
5E9
330
1F
100
AcDbEntity
  8
0
  6
Continuous
 62
    18
420
        0
370
    25
100
AcDb2dPolyline
 66
     1
 10
0.0
 20
0.0
 30
0.0
 70
     1
  0
VERTEX
  5
5EA
330
5E9
100
AcDbEntity
  8
0
  6
Continuous
 62
    18
420
        0
370
    25
100
AcDbVertex
100
AcDb2dVertex
 10
25.68750000000001
 20
24.33082556263887
 30
0.0
  0
VERTEX
  5
5EB
330
5E9
100
AcDbEntity
  8
0
  6
Continuous
 62
    18
420
        0
370
    25
100
AcDbVertex
100
AcDb2dVertex
 10
25.68750000000001
 20
24.14332556263886
 30
0.0
  0
VERTEX
  5
5EC
330
5E9
100
AcDbEntity
  8
0
  6
Continuous
 62
    18
420
        0
370
    25
100
AcDbVertex
100
AcDb2dVertex
 10
25.875
 20
24.14332556263886
 30
0.0
  0
VERTEX
  5
5ED
330
5E9
100
AcDbEntity
  8
0
  6
Continuous
 62
    18
420
        0
370
    25
100
AcDbVertex
100
AcDb2dVertex
 10
25.875
 20
24.33082556263887
 30
0.0
  0
SEQEND
  5
5EE
330
5E9
100
AcDbEntity
  8
0
  6
Continuous
 62
    18
420
        0
370
    25
  0
POLYLINE
  5
5EF
330
1F
100
AcDbEntity
  8
0
  6
Continuous
 62
    18
420
        0
370
    25
100
AcDb2dPolyline
 66
     1
 10
0.0
 20
0.0
 30
0.0
 70
     1
  0
VERTEX
  5
5F0
330
5EF
100
AcDbEntity
  8
0
  6
Continuous
 62
    18
420
        0
370
    25
100
AcDbVertex
100
AcDb2dVertex
 10
25.68750000000001
 20
28.20432556263886
 30
0.0
  0
VERTEX
  5
5F1
330
5EF
100
AcDbEntity
  8
0
  6
Continuous
 62
    18
420
        0
370
    25
100
AcDbVertex
100
AcDb2dVertex
 10
25.68750000000001
 20
28.01682556263886
 30
0.0
  0
VERTEX
  5
5F2
330
5EF
100
AcDbEntity
  8
0
  6
Continuous
 62
    18
420
        0
370
    25
100
AcDbVertex
100
AcDb2dVertex
 10
25.875
 20
28.01682556263886
 30
0.0
  0
VERTEX
  5
5F3
330
5EF
100
AcDbEntity
  8
0
  6
Continuous
 62
    18
420
        0
370
    25
100
AcDbVertex
100
AcDb2dVertex
 10
25.875
 20
28.20432556263886
 30
0.0
  0
SEQEND
  5
5F4
330
5EF
100
AcDbEntity
  8
0
  6
Continuous
 62
    18
420
        0
370
    25
  0
POLYLINE
  5
5F5
330
1F
100
AcDbEntity
  8
0
  6
Continuous
 62
    18
420
        0
370
    25
100
AcDb2dPolyline
 66
     1
 10
0.0
 20
0.0
 30
0.0
 70
     1
  0
VERTEX
  5
5F6
330
5F5
100
AcDbEntity
  8
0
  6
Continuous
 62
    18
420
        0
370
    25
100
AcDbVertex
100
AcDb2dVertex
 10
26.19549999999999
 20
23.01849222930553
 30
0.0
  0
VERTEX
  5
5F7
330
5F5
100
AcDbEntity
  8
0
  6
Continuous
 62
    18
420
        0
370
    25
100
AcDbVertex
100
AcDb2dVertex
 10
26.19549999999999
 20
22.83099222930553
 30
0.0
  0
VERTEX
  5
5F8
330
5F5
100
AcDbEntity
  8
0
  6
Continuous
 62
    18
420
        0
370
    25
100
AcDbVertex
100
AcDb2dVertex
 10
26.383
 20
22.83099222930553
 30
0.0
  0
VERTEX
  5
5F9
330
5F5
100
AcDbEntity
  8
0
  6
Continuous
 62
    18
420
        0
370
    25
100
AcDbVertex
100
AcDb2dVertex
 10
26.383
 20
23.01849222930553
 30
0.0
  0
SEQEND
  5
5FA
330
5F5
100
AcDbEntity
  8
0
  6
Continuous
 62
    18
420
        0
370
    25
  0
POLYLINE
  5
5FB
330
1F
100
AcDbEntity
  8
0
  6
Continuous
 62
    18
420
        0
370
    25
100
AcDb2dPolyline
 66
     1
 10
0.0
 20
0.0
 30
0.0
 70
     1
  0
VERTEX
  5
5FC
330
5FB
100
AcDbEntity
  8
0
  6
Continuous
 62
    18
420
        0
370
    25
100
AcDbVertex
100
AcDb2dVertex
 10
23.33800000000001
 20
23.01849222930553
 30
0.0
  0
VERTEX
  5
5FD
330
5FB
100
AcDbEntity
  8
0
  6
Continuous
 62
    18
420
        0
370
    25
100
AcDbVertex
100
AcDb2dVertex
 10
23.33800000000001
 20
22.83099222930553
 30
0.0
  0
VERTEX
  5
5FE
330
5FB
100
AcDbEntity
  8
0
  6
Continuous
 62
    18
420
        0
370
    25
100
AcDbVertex
100
AcDb2dVertex
 10
23.52550000000001
 20
22.83099222930553
 30
0.0
  0
VERTEX
  5
5FF
330
5FB
100
AcDbEntity
  8
0
  6
Continuous
 62
    18
420
        0
370
    25
100
AcDbVertex
100
AcDb2dVertex
 10
23.52550000000001
 20
23.01849222930553
 30
0.0
  0
SEQEND
  5
600
330
5FB
100
AcDbEntity
  8
0
  6
Continuous
 62
    18
420
        0
370
    25
  0
POLYLINE
  5
601
330
1F
100
AcDbEntity
  8
0
  6
Continuous
 62
    18
420
        0
370
    25
100
AcDb2dPolyline
 66
     1
 10
0.0
 20
0.0
 30
0.0
 70
     1
  0
VERTEX
  5
602
330
601
100
AcDbEntity
  8
0
  6
Continuous
 62
    18
420
        0
370
    25
100
AcDbVertex
100
AcDb2dVertex
 10
21.22133333333334
 20
24.33082556263887
 30
0.0
  0
VERTEX
  5
603
330
601
100
AcDbEntity
  8
0
  6
Continuous
 62
    18
420
        0
370
    25
100
AcDbVertex
100
AcDb2dVertex
 10
21.22133333333334
 20
24.14332556263886
 30
0.0
  0
VERTEX
  5
604
330
601
100
AcDbEntity
  8
0
  6
Continuous
 62
    18
420
        0
370
    25
100
AcDbVertex
100
AcDb2dVertex
 10
21.40883333333335
 20
24.14332556263886
 30
0.0
  0
VERTEX
  5
605
330
601
100
AcDbEntity
  8
0
  6
Continuous
 62
    18
420
        0
370
    25
100
AcDbVertex
100
AcDb2dVertex
 10
21.40883333333335
 20
24.33082556263887
 30
0.0
  0
SEQEND
  5
606
330
601
100
AcDbEntity
  8
0
  6
Continuous
 62
    18
420
        0
370
    25
  0
POLYLINE
  5
607
330
1F
100
AcDbEntity
  8
0
  6
Continuous
 62
    18
420
        0
370
    25
100
AcDb2dPolyline
 66
     1
 10
0.0
 20
0.0
 30
0.0
 70
     1
  0
VERTEX
  5
608
330
607
100
AcDbEntity
  8
0
  6
Continuous
 62
    18
420
        0
370
    25
100
AcDbVertex
100
AcDb2dVertex
 10
21.22133333333334
 20
28.20432556263886
 30
0.0
  0
VERTEX
  5
609
330
607
100
AcDbEntity
  8
0
  6
Continuous
 62
    18
420
        0
370
    25
100
AcDbVertex
100
AcDb2dVertex
 10
21.22133333333334
 20
28.01682556263886
 30
0.0
  0
VERTEX
  5
60A
330
607
100
AcDbEntity
  8
0
  6
Continuous
 62
    18
420
        0
370
    25
100
AcDbVertex
100
AcDb2dVertex
 10
21.40883333333335
 20
28.01682556263886
 30
0.0
  0
VERTEX
  5
60B
330
607
100
AcDbEntity
  8
0
  6
Continuous
 62
    18
420
        0
370
    25
100
AcDbVertex
100
AcDb2dVertex
 10
21.40883333333335
 20
28.20432556263886
 30
0.0
  0
SEQEND
  5
60C
330
607
100
AcDbEntity
  8
0
  6
Continuous
 62
    18
420
        0
370
    25
  0
POLYLINE
  5
60D
330
1F
100
AcDbEntity
  8
0
  6
Continuous
 62
    18
420
        0
370
    25
100
AcDb2dPolyline
 66
     1
 10
0.0
 20
0.0
 30
0.0
 70
     1
  0
VERTEX
  5
60E
330
60D
100
AcDbEntity
  8
0
  6
Continuous
 62
    18
420
        0
370
    25
100
AcDbVertex
100
AcDb2dVertex
 10
22.41379535097718
 20
25.2427530593554
 30
0.0
  0
VERTEX
  5
60F
330
60D
100
AcDbEntity
  8
0
  6
Continuous
 62
    18
420
        0
370
    25
100
AcDbVertex
100
AcDb2dVertex
 10
24.43760182861941
 20
25.2427530593554
 30
0.0
  0
VERTEX
  5
610
330
60D
100
AcDbEntity
  8
0
  6
Continuous
 62
    18
420
        0
370
    25
100
AcDbVertex
100
AcDb2dVertex
 10
24.43760182861941
 20
27.22864688842972
 30
0.0
  0
VERTEX
  5
611
330
60D
100
AcDbEntity
  8
0
  6
Continuous
 62
    18
420
        0
370
    25
100
AcDbVertex
100
AcDb2dVertex
 10
22.41379535097718
 20
27.22864688842972
 30
0.0
  0
SEQEND
  5
612
330
60D
100
AcDbEntity
  8
0
  6
Continuous
 62
    18
420
        0
370
    25
  0
POLYLINE
  5
613
330
1F
100
AcDbEntity
  8
0
  6
Continuous
 62
    18
420
        0
370
    25
100
AcDb2dPolyline
 66
     1
 10
0.0
 20
0.0
 30
0.0
 70
     1
  0
VERTEX
  5
614
330
613
100
AcDbEntity
  8
0
  6
Continuous
 62
    18
420
        0
370
    25
100
AcDbVertex
100
AcDb2dVertex
 10
23.58953864603039
 20
27.42417521847252
 30
0.0
  0
VERTEX
  5
615
330
613
100
AcDbEntity
  8
0
  6
Continuous
 62
    18
420
        0
370
    25
100
AcDbVertex
100
AcDb2dVertex
 10
24.1895386460304
 20
27.42417521847252
 30
0.0
  0
VERTEX
  5
616
330
613
100
AcDbEntity
  8
0
  6
Continuous
 62
    18
420
        0
370
    25
100
AcDbVertex
100
AcDb2dVertex
 10
24.1895386460304
 20
28.02417521847253
 30
0.0
  0
VERTEX
  5
617
330
613
100
AcDbEntity
  8
0
  6
Continuous
 62
    18
420
        0
370
    25
100
AcDbVertex
100
AcDb2dVertex
 10
23.58953864603039
 20
28.02417521847253
 30
0.0
  0
SEQEND
  5
618
330
613
100
AcDbEntity
  8
0
  6
Continuous
 62
    18
420
        0
370
    25
  0
POLYLINE
  5
619
330
1F
100
AcDbEntity
  8
0
  6
Continuous
 62
    18
420
        0
370
    25
100
AcDb2dPolyline
 66
     1
 10
0.0
 20
0.0
 30
0.0
 70
     1
  0
VERTEX
  5
61A
330
619
100
AcDbEntity
  8
0
  6
Continuous
 62
    18
420
        0
370
    25
100
AcDbVertex
100
AcDb2dVertex
 10
22.76915722632118
 20
27.42255920736221
 30
0.0
  0
VERTEX
  5
61B
330
619
100
AcDbEntity
  8
0
  6
Continuous
 62
    18
420
        0
370
    25
100
AcDbVertex
100
AcDb2dVertex
 10
23.36915722632118
 20
27.42255920736221
 30
0.0
  0
VERTEX
  5
61C
330
619
100
AcDbEntity
  8
0
  6
Continuous
 62
    18
420
        0
370
    25
100
AcDbVertex
100
AcDb2dVertex
 10
23.36915722632118
 20
28.0225592073622
 30
0.0
  0
VERTEX
  5
61D
330
619
100
AcDbEntity
  8
0
  6
Continuous
 62
    18
420
        0
370
    25
100
AcDbVertex
100
AcDb2dVertex
 10
22.76915722632118
 20
28.0225592073622
 30
0.0
  0
SEQEND
  5
61E
330
619
100
AcDbEntity
  8
0
  6
Continuous
 62
    18
420
        0
370
    25
  0
POLYLINE
  5
61F
330
1F
100
AcDbEntity
  8
0
  6
Continuous
 62
    18
420
        0
370
    25
100
AcDb2dPolyline
 66
     1
 10
0.0
 20
0.0
 30
0.0
 70
     1
  0
VERTEX
  5
620
330
61F
100
AcDbEntity
  8
0
  6
Continuous
 62
    18
420
        0
370
    25
100
AcDbVertex
100
AcDb2dVertex
 10
21.63166666666668
 20
26.41723344656958
 30
0.0
  0
VERTEX
  5
621
330
61F
100
AcDbEntity
  8
0
  6
Continuous
 62
    18
420
        0
370
    25
100
AcDbVertex
100
AcDb2dVertex
 10
22.23166666666668
 20
26.41723344656958
 30
0.0
  0
VERTEX
  5
622
330
61F
100
AcDbEntity
  8
0
  6
Continuous
 62
    18
420
        0
370
    25
100
AcDbVertex
100
AcDb2dVertex
 10
22.23166666666668
 20
27.01723344656959
 30
0.0
  0
VERTEX
  5
623
330
61F
100
AcDbEntity
  8
0
  6
Continuous
 62
    18
420
        0
370
    25
100
AcDbVertex
100
AcDb2dVertex
 10
21.63166666666668
 20
27.01723344656959
 30
0.0
  0
SEQEND
  5
624
330
61F
100
AcDbEntity
  8
0
  6
Continuous
 62
    18
420
        0
370
    25
  0
POLYLINE
  5
625
330
1F
100
AcDbEntity
  8
0
  6
Continuous
 62
    18
420
        0
370
    25
100
AcDb2dPolyline
 66
     1
 10
0.0
 20
0.0
 30
0.0
 70
     1
  0
VERTEX
  5
626
330
625
100
AcDbEntity
  8
0
  6
Continuous
 62
    18
420
        0
370
    25
100
AcDbVertex
100
AcDb2dVertex
 10
21.63561847300433
 20
25.59130592199885
 30
0.0
  0
VERTEX
  5
627
330
625
100
AcDbEntity
  8
0
  6
Continuous
 62
    18
420
        0
370
    25
100
AcDbVertex
100
AcDb2dVertex
 10
22.23561847300433
 20
25.59130592199885
 30
0.0
  0
VERTEX
  5
628
330
625
100
AcDbEntity
  8
0
  6
Continuous
 62
    18
420
        0
370
    25
100
AcDbVertex
100
AcDb2dVertex
 10
22.23561847300433
 20
26.19130592199886
 30
0.0
  0
VERTEX
  5
629
330
625
100
AcDbEntity
  8
0
  6
Continuous
 62
    18
420
        0
370
    25
100
AcDbVertex
100
AcDb2dVertex
 10
21.63561847300433
 20
26.19130592199886
 30
0.0
  0
SEQEND
  5
62A
330
625
100
AcDbEntity
  8
0
  6
Continuous
 62
    18
420
        0
370
    25
  0
POLYLINE
  5
62B
330
1F
100
AcDbEntity
  8
0
  6
Continuous
 62
    18
420
        0
370
    25
100
AcDb2dPolyline
 66
     1
 10
0.0
 20
0.0
 30
0.0
 70
     1
  0
VERTEX
  5
62C
330
62B
100
AcDbEntity
  8
0
  6
Continuous
 62
    18
420
        0
370
    25
100
AcDbVertex
100
AcDb2dVertex
 10
22.73105818234194
 20
24.49319106625871
 30
0.0
  0
VERTEX
  5
62D
330
62B
100
AcDbEntity
  8
0
  6
Continuous
 62
    18
420
        0
370
    25
100
AcDbVertex
100
AcDb2dVertex
 10
23.33105818234195
 20
24.49319106625871
 30
0.0
  0
VERTEX
  5
62E
330
62B
100
AcDbEntity
  8
0
  6
Continuous
 62
    18
420
        0
370
    25
100
AcDbVertex
100
AcDb2dVertex
 10
23.33105818234195
 20
25.09319106625872
 30
0.0
  0
VERTEX
  5
62F
330
62B
100
AcDbEntity
  8
0
  6
Continuous
 62
    18
420
        0
370
    25
100
AcDbVertex
100
AcDb2dVertex
 10
22.73105818234194
 20
25.09319106625872
 30
0.0
  0
SEQEND
  5
630
330
62B
100
AcDbEntity
  8
0
  6
Continuous
 62
    18
420
        0
370
    25
  0
POLYLINE
  5
631
330
1F
100
AcDbEntity
  8
0
  6
Continuous
 62
    18
420
        0
370
    25
100
AcDb2dPolyline
 66
     1
 10
0.0
 20
0.0
 30
0.0
 70
     1
  0
VERTEX
  5
632
330
631
100
AcDbEntity
  8
0
  6
Continuous
 62
    18
420
        0
370
    25
100
AcDbVertex
100
AcDb2dVertex
 10
23.49527246879752
 20
24.50133509068441
 30
0.0
  0
VERTEX
  5
633
330
631
100
AcDbEntity
  8
0
  6
Continuous
 62
    18
420
        0
370
    25
100
AcDbVertex
100
AcDb2dVertex
 10
24.09527246879753
 20
24.50133509068441
 30
0.0
  0
VERTEX
  5
634
330
631
100
AcDbEntity
  8
0
  6
Continuous
 62
    18
420
        0
370
    25
100
AcDbVertex
100
AcDb2dVertex
 10
24.09527246879753
 20
25.10133509068441
 30
0.0
  0
VERTEX
  5
635
330
631
100
AcDbEntity
  8
0
  6
Continuous
 62
    18
420
        0
370
    25
100
AcDbVertex
100
AcDb2dVertex
 10
23.49527246879752
 20
25.10133509068441
 30
0.0
  0
SEQEND
  5
636
330
631
100
AcDbEntity
  8
0
  6
Continuous
 62
    18
420
        0
370
    25
  0
POLYLINE
  5
637
330
1F
100
AcDbEntity
  8
0
  6
Continuous
 62
    18
420
        0
370
    25
100
AcDb2dPolyline
 66
     1
 10
0.0
 20
0.0
 30
0.0
 70
     1
  0
VERTEX
  5
638
330
637
100
AcDbEntity
  8
0
  6
Continuous
 62
    18
420
        0
370
    25
100
AcDbVertex
100
AcDb2dVertex
 10
24.5749951833078
 20
25.51147288929385
 30
0.0
  0
VERTEX
  5
639
330
637
100
AcDbEntity
  8
0
  6
Continuous
 62
    18
420
        0
370
    25
100
AcDbVertex
100
AcDb2dVertex
 10
25.17499518330779
 20
25.51147288929385
 30
0.0
  0
VERTEX
  5
63A
330
637
100
AcDbEntity
  8
0
  6
Continuous
 62
    18
420
        0
370
    25
100
AcDbVertex
100
AcDb2dVertex
 10
25.17499518330779
 20
26.11147288929386
 30
0.0
  0
VERTEX
  5
63B
330
637
100
AcDbEntity
  8
0
  6
Continuous
 62
    18
420
        0
370
    25
100
AcDbVertex
100
AcDb2dVertex
 10
24.5749951833078
 20
26.11147288929386
 30
0.0
  0
SEQEND
  5
63C
330
637
100
AcDbEntity
  8
0
  6
Continuous
 62
    18
420
        0
370
    25
  0
POLYLINE
  5
63D
330
1F
100
AcDbEntity
  8
0
  6
Continuous
 62
    18
420
        0
370
    25
100
AcDb2dPolyline
 66
     1
 10
0.0
 20
0.0
 30
0.0
 70
     1
  0
VERTEX
  5
63E
330
63D
100
AcDbEntity
  8
0
  6
Continuous
 62
    18
420
        0
370
    25
100
AcDbVertex
100
AcDb2dVertex
 10
24.58685060232079
 20
26.3650630582282
 30
0.0
  0
VERTEX
  5
63F
330
63D
100
AcDbEntity
  8
0
  6
Continuous
 62
    18
420
        0
370
    25
100
AcDbVertex
100
AcDb2dVertex
 10
25.18685060232077
 20
26.3650630582282
 30
0.0
  0
VERTEX
  5
640
330
63D
100
AcDbEntity
  8
0
  6
Continuous
 62
    18
420
        0
370
    25
100
AcDbVertex
100
AcDb2dVertex
 10
25.18685060232077
 20
26.96506305822821
 30
0.0
  0
VERTEX
  5
641
330
63D
100
AcDbEntity
  8
0
  6
Continuous
 62
    18
420
        0
370
    25
100
AcDbVertex
100
AcDb2dVertex
 10
24.58685060232079
 20
26.96506305822821
 30
0.0
  0
SEQEND
  5
642
330
63D
100
AcDbEntity
  8
0
  6
Continuous
 62
    18
420
        0
370
    25
  0
POLYLINE
  5
643
330
1F
100
AcDbEntity
  8
0
  6
Continuous
 62
    18
420
        0
370
    25
100
AcDb2dPolyline
 66
     1
 10
0.0
 20
0.0
 30
0.0
 70
     1
  0
VERTEX
  5
644
330
643
100
AcDbEntity
  8
0
  6
Continuous
 62
    18
420
        0
370
    25
100
AcDbVertex
100
AcDb2dVertex
 10
36.41166666666669
 20
14.81266931263889
 30
0.0
  0
VERTEX
  5
645
330
643
100
AcDbEntity
  8
0
  6
Continuous
 62
    18
420
        0
370
    25
100
AcDbVertex
100
AcDb2dVertex
 10
36.41166666666669
 20
14.62516931263889
 30
0.0
  0
VERTEX
  5
646
330
643
100
AcDbEntity
  8
0
  6
Continuous
 62
    18
420
        0
370
    25
100
AcDbVertex
100
AcDb2dVertex
 10
36.59916666666669
 20
14.62516931263889
 30
0.0
  0
VERTEX
  5
647
330
643
100
AcDbEntity
  8
0
  6
Continuous
 62
    18
420
        0
370
    25
100
AcDbVertex
100
AcDb2dVertex
 10
36.59916666666669
 20
14.81266931263889
 30
0.0
  0
SEQEND
  5
648
330
643
100
AcDbEntity
  8
0
  6
Continuous
 62
    18
420
        0
370
    25
  0
POLYLINE
  5
649
330
1F
100
AcDbEntity
  8
0
  6
Continuous
 62
    18
420
        0
370
    25
100
AcDb2dPolyline
 66
     1
 10
0.0
 20
0.0
 30
0.0
 70
     1
  0
VERTEX
  5
64A
330
649
100
AcDbEntity
  8
0
  6
Continuous
 62
    18
420
        0
370
    25
100
AcDbVertex
100
AcDb2dVertex
 10
36.41166666666669
 20
18.83433597930556
 30
0.0
  0
VERTEX
  5
64B
330
649
100
AcDbEntity
  8
0
  6
Continuous
 62
    18
420
        0
370
    25
100
AcDbVertex
100
AcDb2dVertex
 10
36.41166666666669
 20
18.64683597930555
 30
0.0
  0
VERTEX
  5
64C
330
649
100
AcDbEntity
  8
0
  6
Continuous
 62
    18
420
        0
370
    25
100
AcDbVertex
100
AcDb2dVertex
 10
36.59916666666669
 20
18.64683597930555
 30
0.0
  0
VERTEX
  5
64D
330
649
100
AcDbEntity
  8
0
  6
Continuous
 62
    18
420
        0
370
    25
100
AcDbVertex
100
AcDb2dVertex
 10
36.59916666666669
 20
18.83433597930556
 30
0.0
  0
SEQEND
  5
64E
330
649
100
AcDbEntity
  8
0
  6
Continuous
 62
    18
420
        0
370
    25
  0
POLYLINE
  5
64F
330
1F
100
AcDbEntity
  8
0
  6
Continuous
 62
    18
420
        0
370
    25
100
AcDb2dPolyline
 66
     1
 10
0.0
 20
0.0
 30
0.0
 70
     1
  0
VERTEX
  5
650
330
64F
100
AcDbEntity
  8
0
  6
Continuous
 62
    18
420
        0
370
    25
100
AcDbVertex
100
AcDb2dVertex
 10
34.42200000000003
 20
14.81266931263889
 30
0.0
  0
VERTEX
  5
651
330
64F
100
AcDbEntity
  8
0
  6
Continuous
 62
    18
420
        0
370
    25
100
AcDbVertex
100
AcDb2dVertex
 10
34.42200000000003
 20
14.62516931263889
 30
0.0
  0
VERTEX
  5
652
330
64F
100
AcDbEntity
  8
0
  6
Continuous
 62
    18
420
        0
370
    25
100
AcDbVertex
100
AcDb2dVertex
 10
34.60950000000003
 20
14.62516931263889
 30
0.0
  0
VERTEX
  5
653
330
64F
100
AcDbEntity
  8
0
  6
Continuous
 62
    18
420
        0
370
    25
100
AcDbVertex
100
AcDb2dVertex
 10
34.60950000000003
 20
14.81266931263889
 30
0.0
  0
SEQEND
  5
654
330
64F
100
AcDbEntity
  8
0
  6
Continuous
 62
    18
420
        0
370
    25
  0
POLYLINE
  5
655
330
1F
100
AcDbEntity
  8
0
  6
Continuous
 62
    18
420
        0
370
    25
100
AcDb2dPolyline
 66
     1
 10
0.0
 20
0.0
 30
0.0
 70
     1
  0
VERTEX
  5
656
330
655
100
AcDbEntity
  8
0
  6
Continuous
 62
    18
420
        0
370
    25
100
AcDbVertex
100
AcDb2dVertex
 10
34.42200000000003
 20
18.83433597930556
 30
0.0
  0
VERTEX
  5
657
330
655
100
AcDbEntity
  8
0
  6
Continuous
 62
    18
420
        0
370
    25
100
AcDbVertex
100
AcDb2dVertex
 10
34.42200000000003
 20
18.64683597930555
 30
0.0
  0
VERTEX
  5
658
330
655
100
AcDbEntity
  8
0
  6
Continuous
 62
    18
420
        0
370
    25
100
AcDbVertex
100
AcDb2dVertex
 10
34.60950000000003
 20
18.64683597930555
 30
0.0
  0
VERTEX
  5
659
330
655
100
AcDbEntity
  8
0
  6
Continuous
 62
    18
420
        0
370
    25
100
AcDbVertex
100
AcDb2dVertex
 10
34.60950000000003
 20
18.83433597930556
 30
0.0
  0
SEQEND
  5
65A
330
655
100
AcDbEntity
  8
0
  6
Continuous
 62
    18
420
        0
370
    25
  0
POLYLINE
  5
65B
330
1F
100
AcDbEntity
  8
0
  6
Continuous
 62
    18
420
        0
370
    25
100
AcDb2dPolyline
 66
     1
 10
0.0
 20
0.0
 30
0.0
 70
     1
  0
VERTEX
  5
65C
330
65B
100
AcDbEntity
  8
0
  6
Continuous
 62
    18
420
        0
370
    25
100
AcDbVertex
100
AcDb2dVertex
 10
32.24183333333335
 20
14.81266931263889
 30
0.0
  0
VERTEX
  5
65D
330
65B
100
AcDbEntity
  8
0
  6
Continuous
 62
    18
420
        0
370
    25
100
AcDbVertex
100
AcDb2dVertex
 10
32.24183333333335
 20
14.62516931263889
 30
0.0
  0
VERTEX
  5
65E
330
65B
100
AcDbEntity
  8
0
  6
Continuous
 62
    18
420
        0
370
    25
100
AcDbVertex
100
AcDb2dVertex
 10
32.42933333333336
 20
14.62516931263889
 30
0.0
  0
VERTEX
  5
65F
330
65B
100
AcDbEntity
  8
0
  6
Continuous
 62
    18
420
        0
370
    25
100
AcDbVertex
100
AcDb2dVertex
 10
32.42933333333336
 20
14.81266931263889
 30
0.0
  0
SEQEND
  5
660
330
65B
100
AcDbEntity
  8
0
  6
Continuous
 62
    18
420
        0
370
    25
  0
POLYLINE
  5
661
330
1F
100
AcDbEntity
  8
0
  6
Continuous
 62
    18
420
        0
370
    25
100
AcDb2dPolyline
 66
     1
 10
0.0
 20
0.0
 30
0.0
 70
     1
  0
VERTEX
  5
662
330
661
100
AcDbEntity
  8
0
  6
Continuous
 62
    18
420
        0
370
    25
100
AcDbVertex
100
AcDb2dVertex
 10
32.24183333333335
 20
18.83433597930556
 30
0.0
  0
VERTEX
  5
663
330
661
100
AcDbEntity
  8
0
  6
Continuous
 62
    18
420
        0
370
    25
100
AcDbVertex
100
AcDb2dVertex
 10
32.24183333333335
 20
18.64683597930555
 30
0.0
  0
VERTEX
  5
664
330
661
100
AcDbEntity
  8
0
  6
Continuous
 62
    18
420
        0
370
    25
100
AcDbVertex
100
AcDb2dVertex
 10
32.42933333333336
 20
18.64683597930555
 30
0.0
  0
VERTEX
  5
665
330
661
100
AcDbEntity
  8
0
  6
Continuous
 62
    18
420
        0
370
    25
100
AcDbVertex
100
AcDb2dVertex
 10
32.42933333333336
 20
18.83433597930556
 30
0.0
  0
SEQEND
  5
666
330
661
100
AcDbEntity
  8
0
  6
Continuous
 62
    18
420
        0
370
    25
  0
POLYLINE
  5
667
330
1F
100
AcDbEntity
  8
0
  6
Continuous
 62
    18
420
        0
370
    25
100
AcDb2dPolyline
 66
     1
 10
0.0
 20
0.0
 30
0.0
 70
     1
  0
VERTEX
  5
668
330
667
100
AcDbEntity
  8
0
  6
Continuous
 62
    18
420
        0
370
    25
100
AcDbVertex
100
AcDb2dVertex
 10
36.41166666666669
 20
16.80233597930556
 30
0.0
  0
VERTEX
  5
669
330
667
100
AcDbEntity
  8
0
  6
Continuous
 62
    18
420
        0
370
    25
100
AcDbVertex
100
AcDb2dVertex
 10
36.41166666666669
 20
16.61483597930555
 30
0.0
  0
VERTEX
  5
66A
330
667
100
AcDbEntity
  8
0
  6
Continuous
 62
    18
420
        0
370
    25
100
AcDbVertex
100
AcDb2dVertex
 10
36.59916666666669
 20
16.61483597930555
 30
0.0
  0
VERTEX
  5
66B
330
667
100
AcDbEntity
  8
0
  6
Continuous
 62
    18
420
        0
370
    25
100
AcDbVertex
100
AcDb2dVertex
 10
36.59916666666669
 20
16.80233597930556
 30
0.0
  0
SEQEND
  5
66C
330
667
100
AcDbEntity
  8
0
  6
Continuous
 62
    18
420
        0
370
    25
  0
POLYLINE
  5
66D
330
1F
100
AcDbEntity
  8
0
  6
Continuous
 62
    18
420
        0
370
    25
100
AcDb2dPolyline
 66
     1
 10
0.0
 20
0.0
 30
0.0
 70
     1
  0
VERTEX
  5
66E
330
66D
100
AcDbEntity
  8
0
  6
Continuous
 62
    18
420
        0
370
    25
100
AcDbVertex
100
AcDb2dVertex
 10
32.24183333333335
 20
16.80233597930556
 30
0.0
  0
VERTEX
  5
66F
330
66D
100
AcDbEntity
  8
0
  6
Continuous
 62
    18
420
        0
370
    25
100
AcDbVertex
100
AcDb2dVertex
 10
32.24183333333335
 20
16.61483597930555
 30
0.0
  0
VERTEX
  5
670
330
66D
100
AcDbEntity
  8
0
  6
Continuous
 62
    18
420
        0
370
    25
100
AcDbVertex
100
AcDb2dVertex
 10
32.42933333333336
 20
16.61483597930555
 30
0.0
  0
VERTEX
  5
671
330
66D
100
AcDbEntity
  8
0
  6
Continuous
 62
    18
420
        0
370
    25
100
AcDbVertex
100
AcDb2dVertex
 10
32.42933333333336
 20
16.80233597930556
 30
0.0
  0
SEQEND
  5
672
330
66D
100
AcDbEntity
  8
0
  6
Continuous
 62
    18
420
        0
370
    25
  0
POLYLINE
  5
673
330
1F
100
AcDbEntity
  8
0
  6
Continuous
 62
    18
420
        0
370
    25
100
AcDb2dPolyline
 66
     1
 10
0.0
 20
0.0
 30
0.0
 70
     1
  0
VERTEX
  5
674
330
673
100
AcDbEntity
  8
0
  6
Continuous
 62
    18
420
        0
370
    25
100
AcDbVertex
100
AcDb2dVertex
 10
30.92150000000001
 20
14.7409088959722
 30
0.0
  0
VERTEX
  5
675
330
673
100
AcDbEntity
  8
0
  6
Continuous
 62
    18
420
        0
370
    25
100
AcDbVertex
100
AcDb2dVertex
 10
30.92150000000001
 20
14.55340889597219
 30
0.0
  0
VERTEX
  5
676
330
673
100
AcDbEntity
  8
0
  6
Continuous
 62
    18
420
        0
370
    25
100
AcDbVertex
100
AcDb2dVertex
 10
31.10900000000002
 20
14.55340889597219
 30
0.0
  0
VERTEX
  5
677
330
673
100
AcDbEntity
  8
0
  6
Continuous
 62
    18
420
        0
370
    25
100
AcDbVertex
100
AcDb2dVertex
 10
31.10900000000002
 20
14.7409088959722
 30
0.0
  0
SEQEND
  5
678
330
673
100
AcDbEntity
  8
0
  6
Continuous
 62
    18
420
        0
370
    25
  0
POLYLINE
  5
679
330
1F
100
AcDbEntity
  8
0
  6
Continuous
 62
    18
420
        0
370
    25
100
AcDb2dPolyline
 66
     1
 10
0.0
 20
0.0
 30
0.0
 70
     1
  0
VERTEX
  5
67A
330
679
100
AcDbEntity
  8
0
  6
Continuous
 62
    18
420
        0
370
    25
100
AcDbVertex
100
AcDb2dVertex
 10
30.92150000000001
 20
18.76257556263888
 30
0.0
  0
VERTEX
  5
67B
330
679
100
AcDbEntity
  8
0
  6
Continuous
 62
    18
420
        0
370
    25
100
AcDbVertex
100
AcDb2dVertex
 10
30.92150000000001
 20
18.57507556263887
 30
0.0
  0
VERTEX
  5
67C
330
679
100
AcDbEntity
  8
0
  6
Continuous
 62
    18
420
        0
370
    25
100
AcDbVertex
100
AcDb2dVertex
 10
31.10900000000002
 20
18.57507556263887
 30
0.0
  0
VERTEX
  5
67D
330
679
100
AcDbEntity
  8
0
  6
Continuous
 62
    18
420
        0
370
    25
100
AcDbVertex
100
AcDb2dVertex
 10
31.10900000000002
 20
18.76257556263888
 30
0.0
  0
SEQEND
  5
67E
330
679
100
AcDbEntity
  8
0
  6
Continuous
 62
    18
420
        0
370
    25
  0
POLYLINE
  5
67F
330
1F
100
AcDbEntity
  8
0
  6
Continuous
 62
    18
420
        0
370
    25
100
AcDb2dPolyline
 66
     1
 10
0.0
 20
0.0
 30
0.0
 70
     1
  0
VERTEX
  5
680
330
67F
100
AcDbEntity
  8
0
  6
Continuous
 62
    18
420
        0
370
    25
100
AcDbVertex
100
AcDb2dVertex
 10
30.92150000000001
 20
16.83640889597222
 30
0.0
  0
VERTEX
  5
681
330
67F
100
AcDbEntity
  8
0
  6
Continuous
 62
    18
420
        0
370
    25
100
AcDbVertex
100
AcDb2dVertex
 10
30.92150000000001
 20
16.64890889597221
 30
0.0
  0
VERTEX
  5
682
330
67F
100
AcDbEntity
  8
0
  6
Continuous
 62
    18
420
        0
370
    25
100
AcDbVertex
100
AcDb2dVertex
 10
31.10900000000002
 20
16.64890889597221
 30
0.0
  0
VERTEX
  5
683
330
67F
100
AcDbEntity
  8
0
  6
Continuous
 62
    18
420
        0
370
    25
100
AcDbVertex
100
AcDb2dVertex
 10
31.10900000000002
 20
16.83640889597222
 30
0.0
  0
SEQEND
  5
684
330
67F
100
AcDbEntity
  8
0
  6
Continuous
 62
    18
420
        0
370
    25
  0
POLYLINE
  5
685
330
1F
100
AcDbEntity
  8
0
  6
Continuous
 62
    18
420
        0
370
    25
100
AcDb2dPolyline
 66
     1
 10
0.0
 20
0.0
 30
0.0
 70
     1
  0
VERTEX
  5
686
330
685
100
AcDbEntity
  8
0
  6
Continuous
 62
    18
420
        0
370
    25
100
AcDbVertex
100
AcDb2dVertex
 10
27.51366666666668
 20
14.7409088959722
 30
0.0
  0
VERTEX
  5
687
330
685
100
AcDbEntity
  8
0
  6
Continuous
 62
    18
420
        0
370
    25
100
AcDbVertex
100
AcDb2dVertex
 10
27.51366666666668
 20
14.55340889597219
 30
0.0
  0
VERTEX
  5
688
330
685
100
AcDbEntity
  8
0
  6
Continuous
 62
    18
420
        0
370
    25
100
AcDbVertex
100
AcDb2dVertex
 10
27.70116666666669
 20
14.55340889597219
 30
0.0
  0
VERTEX
  5
689
330
685
100
AcDbEntity
  8
0
  6
Continuous
 62
    18
420
        0
370
    25
100
AcDbVertex
100
AcDb2dVertex
 10
27.70116666666669
 20
14.7409088959722
 30
0.0
  0
SEQEND
  5
68A
330
685
100
AcDbEntity
  8
0
  6
Continuous
 62
    18
420
        0
370
    25
  0
POLYLINE
  5
68B
330
1F
100
AcDbEntity
  8
0
  6
Continuous
 62
    18
420
        0
370
    25
100
AcDb2dPolyline
 66
     1
 10
0.0
 20
0.0
 30
0.0
 70
     1
  0
VERTEX
  5
68C
330
68B
100
AcDbEntity
  8
0
  6
Continuous
 62
    18
420
        0
370
    25
100
AcDbVertex
100
AcDb2dVertex
 10
27.51366666666668
 20
20.24837243763888
 30
0.0
  0
VERTEX
  5
68D
330
68B
100
AcDbEntity
  8
0
  6
Continuous
 62
    18
420
        0
370
    25
100
AcDbVertex
100
AcDb2dVertex
 10
27.51366666666668
 20
20.06087243763887
 30
0.0
  0
VERTEX
  5
68E
330
68B
100
AcDbEntity
  8
0
  6
Continuous
 62
    18
420
        0
370
    25
100
AcDbVertex
100
AcDb2dVertex
 10
27.70116666666669
 20
20.06087243763887
 30
0.0
  0
VERTEX
  5
68F
330
68B
100
AcDbEntity
  8
0
  6
Continuous
 62
    18
420
        0
370
    25
100
AcDbVertex
100
AcDb2dVertex
 10
27.70116666666669
 20
20.24837243763888
 30
0.0
  0
SEQEND
  5
690
330
68B
100
AcDbEntity
  8
0
  6
Continuous
 62
    18
420
        0
370
    25
  0
POLYLINE
  5
691
330
1F
100
AcDbEntity
  8
0
  6
Continuous
 62
    18
420
        0
370
    25
100
AcDb2dPolyline
 66
     1
 10
0.0
 20
0.0
 30
0.0
 70
     1
  0
VERTEX
  5
692
330
691
100
AcDbEntity
  8
0
  6
Continuous
 62
    18
420
        0
370
    25
100
AcDbVertex
100
AcDb2dVertex
 10
27.51366666666668
 20
18.76257556263888
 30
0.0
  0
VERTEX
  5
693
330
691
100
AcDbEntity
  8
0
  6
Continuous
 62
    18
420
        0
370
    25
100
AcDbVertex
100
AcDb2dVertex
 10
27.51366666666668
 20
18.57507556263887
 30
0.0
  0
VERTEX
  5
694
330
691
100
AcDbEntity
  8
0
  6
Continuous
 62
    18
420
        0
370
    25
100
AcDbVertex
100
AcDb2dVertex
 10
27.70116666666669
 20
18.57507556263887
 30
0.0
  0
VERTEX
  5
695
330
691
100
AcDbEntity
  8
0
  6
Continuous
 62
    18
420
        0
370
    25
100
AcDbVertex
100
AcDb2dVertex
 10
27.70116666666669
 20
18.76257556263888
 30
0.0
  0
SEQEND
  5
696
330
691
100
AcDbEntity
  8
0
  6
Continuous
 62
    18
420
        0
370
    25
  0
POLYLINE
  5
697
330
1F
100
AcDbEntity
  8
0
  6
Continuous
 62
    18
420
        0
370
    25
100
AcDb2dPolyline
 66
     1
 10
0.0
 20
0.0
 30
0.0
 70
     1
  0
VERTEX
  5
698
330
697
100
AcDbEntity
  8
0
  6
Continuous
 62
    18
420
        0
370
    25
100
AcDbVertex
100
AcDb2dVertex
 10
24.00000000000002
 20
14.7409088959722
 30
0.0
  0
VERTEX
  5
699
330
697
100
AcDbEntity
  8
0
  6
Continuous
 62
    18
420
        0
370
    25
100
AcDbVertex
100
AcDb2dVertex
 10
24.00000000000002
 20
14.55340889597219
 30
0.0
  0
VERTEX
  5
69A
330
697
100
AcDbEntity
  8
0
  6
Continuous
 62
    18
420
        0
370
    25
100
AcDbVertex
100
AcDb2dVertex
 10
24.18750000000002
 20
14.55340889597219
 30
0.0
  0
VERTEX
  5
69B
330
697
100
AcDbEntity
  8
0
  6
Continuous
 62
    18
420
        0
370
    25
100
AcDbVertex
100
AcDb2dVertex
 10
24.18750000000002
 20
14.7409088959722
 30
0.0
  0
SEQEND
  5
69C
330
697
100
AcDbEntity
  8
0
  6
Continuous
 62
    18
420
        0
370
    25
  0
POLYLINE
  5
69D
330
1F
100
AcDbEntity
  8
0
  6
Continuous
 62
    18
420
        0
370
    25
100
AcDb2dPolyline
 66
     1
 10
0.0
 20
0.0
 30
0.0
 70
     1
  0
VERTEX
  5
69E
330
69D
100
AcDbEntity
  8
0
  6
Continuous
 62
    18
420
        0
370
    25
100
AcDbVertex
100
AcDb2dVertex
 10
24.00000000000002
 20
18.76257556263887
 30
0.0
  0
VERTEX
  5
69F
330
69D
100
AcDbEntity
  8
0
  6
Continuous
 62
    18
420
        0
370
    25
100
AcDbVertex
100
AcDb2dVertex
 10
24.00000000000002
 20
18.57507556263887
 30
0.0
  0
VERTEX
  5
6A0
330
69D
100
AcDbEntity
  8
0
  6
Continuous
 62
    18
420
        0
370
    25
100
AcDbVertex
100
AcDb2dVertex
 10
24.18750000000002
 20
18.57507556263887
 30
0.0
  0
VERTEX
  5
6A1
330
69D
100
AcDbEntity
  8
0
  6
Continuous
 62
    18
420
        0
370
    25
100
AcDbVertex
100
AcDb2dVertex
 10
24.18750000000002
 20
18.76257556263887
 30
0.0
  0
SEQEND
  5
6A2
330
69D
100
AcDbEntity
  8
0
  6
Continuous
 62
    18
420
        0
370
    25
  0
POLYLINE
  5
6A3
330
1F
100
AcDbEntity
  8
0
  6
Continuous
 62
    18
420
        0
370
    25
100
AcDb2dPolyline
 66
     1
 10
0.0
 20
0.0
 30
0.0
 70
     1
  0
VERTEX
  5
6A4
330
6A3
100
AcDbEntity
  8
0
  6
Continuous
 62
    18
420
        0
370
    25
100
AcDbVertex
100
AcDb2dVertex
 10
24.00000000000002
 20
16.83640889597221
 30
0.0
  0
VERTEX
  5
6A5
330
6A3
100
AcDbEntity
  8
0
  6
Continuous
 62
    18
420
        0
370
    25
100
AcDbVertex
100
AcDb2dVertex
 10
24.00000000000002
 20
16.64890889597221
 30
0.0
  0
VERTEX
  5
6A6
330
6A3
100
AcDbEntity
  8
0
  6
Continuous
 62
    18
420
        0
370
    25
100
AcDbVertex
100
AcDb2dVertex
 10
24.18750000000002
 20
16.64890889597221
 30
0.0
  0
VERTEX
  5
6A7
330
6A3
100
AcDbEntity
  8
0
  6
Continuous
 62
    18
420
        0
370
    25
100
AcDbVertex
100
AcDb2dVertex
 10
24.18750000000002
 20
16.83640889597221
 30
0.0
  0
SEQEND
  5
6A8
330
6A3
100
AcDbEntity
  8
0
  6
Continuous
 62
    18
420
        0
370
    25
  0
POLYLINE
  5
6A9
330
1F
100
AcDbEntity
  8
0
  6
Continuous
 62
    18
420
        0
370
    25
100
AcDb2dPolyline
 66
     1
 10
0.0
 20
0.0
 30
0.0
 70
     1
  0
VERTEX
  5
6AA
330
6A9
100
AcDbEntity
  8
0
  6
Continuous
 62
    18
420
        0
370
    25
100
AcDbVertex
100
AcDb2dVertex
 10
33.43429535097719
 20
15.72459680935542
 30
0.0
  0
VERTEX
  5
6AB
330
6A9
100
AcDbEntity
  8
0
  6
Continuous
 62
    18
420
        0
370
    25
100
AcDbVertex
100
AcDb2dVertex
 10
35.45810182861943
 20
15.72459680935542
 30
0.0
  0
VERTEX
  5
6AC
330
6A9
100
AcDbEntity
  8
0
  6
Continuous
 62
    18
420
        0
370
    25
100
AcDbVertex
100
AcDb2dVertex
 10
35.45810182861943
 20
17.71049063842974
 30
0.0
  0
VERTEX
  5
6AD
330
6A9
100
AcDbEntity
  8
0
  6
Continuous
 62
    18
420
        0
370
    25
100
AcDbVertex
100
AcDb2dVertex
 10
33.43429535097719
 20
17.71049063842974
 30
0.0
  0
SEQEND
  5
6AE
330
6A9
100
AcDbEntity
  8
0
  6
Continuous
 62
    18
420
        0
370
    25
  0
POLYLINE
  5
6AF
330
1F
100
AcDbEntity
  8
0
  6
Continuous
 62
    18
420
        0
370
    25
100
AcDb2dPolyline
 66
     1
 10
0.0
 20
0.0
 30
0.0
 70
     1
  0
VERTEX
  5
6B0
330
6AF
100
AcDbEntity
  8
0
  6
Continuous
 62
    18
420
        0
370
    25
100
AcDbVertex
100
AcDb2dVertex
 10
34.61003864603041
 20
17.90601896847254
 30
0.0
  0
VERTEX
  5
6B1
330
6AF
100
AcDbEntity
  8
0
  6
Continuous
 62
    18
420
        0
370
    25
100
AcDbVertex
100
AcDb2dVertex
 10
35.21003864603041
 20
17.90601896847254
 30
0.0
  0
VERTEX
  5
6B2
330
6AF
100
AcDbEntity
  8
0
  6
Continuous
 62
    18
420
        0
370
    25
100
AcDbVertex
100
AcDb2dVertex
 10
35.21003864603041
 20
18.50601896847255
 30
0.0
  0
VERTEX
  5
6B3
330
6AF
100
AcDbEntity
  8
0
  6
Continuous
 62
    18
420
        0
370
    25
100
AcDbVertex
100
AcDb2dVertex
 10
34.61003864603041
 20
18.50601896847255
 30
0.0
  0
SEQEND
  5
6B4
330
6AF
100
AcDbEntity
  8
0
  6
Continuous
 62
    18
420
        0
370
    25
  0
POLYLINE
  5
6B5
330
1F
100
AcDbEntity
  8
0
  6
Continuous
 62
    18
420
        0
370
    25
100
AcDb2dPolyline
 66
     1
 10
0.0
 20
0.0
 30
0.0
 70
     1
  0
VERTEX
  5
6B6
330
6B5
100
AcDbEntity
  8
0
  6
Continuous
 62
    18
420
        0
370
    25
100
AcDbVertex
100
AcDb2dVertex
 10
33.7896572263212
 20
17.90440295736223
 30
0.0
  0
VERTEX
  5
6B7
330
6B5
100
AcDbEntity
  8
0
  6
Continuous
 62
    18
420
        0
370
    25
100
AcDbVertex
100
AcDb2dVertex
 10
34.38965722632118
 20
17.90440295736223
 30
0.0
  0
VERTEX
  5
6B8
330
6B5
100
AcDbEntity
  8
0
  6
Continuous
 62
    18
420
        0
370
    25
100
AcDbVertex
100
AcDb2dVertex
 10
34.38965722632118
 20
18.50440295736222
 30
0.0
  0
VERTEX
  5
6B9
330
6B5
100
AcDbEntity
  8
0
  6
Continuous
 62
    18
420
        0
370
    25
100
AcDbVertex
100
AcDb2dVertex
 10
33.7896572263212
 20
18.50440295736222
 30
0.0
  0
SEQEND
  5
6BA
330
6B5
100
AcDbEntity
  8
0
  6
Continuous
 62
    18
420
        0
370
    25
  0
POLYLINE
  5
6BB
330
1F
100
AcDbEntity
  8
0
  6
Continuous
 62
    18
420
        0
370
    25
100
AcDb2dPolyline
 66
     1
 10
0.0
 20
0.0
 30
0.0
 70
     1
  0
VERTEX
  5
6BC
330
6BB
100
AcDbEntity
  8
0
  6
Continuous
 62
    18
420
        0
370
    25
100
AcDbVertex
100
AcDb2dVertex
 10
32.65216666666669
 20
16.8990771965696
 30
0.0
  0
VERTEX
  5
6BD
330
6BB
100
AcDbEntity
  8
0
  6
Continuous
 62
    18
420
        0
370
    25
100
AcDbVertex
100
AcDb2dVertex
 10
33.25216666666667
 20
16.8990771965696
 30
0.0
  0
VERTEX
  5
6BE
330
6BB
100
AcDbEntity
  8
0
  6
Continuous
 62
    18
420
        0
370
    25
100
AcDbVertex
100
AcDb2dVertex
 10
33.25216666666667
 20
17.49907719656961
 30
0.0
  0
VERTEX
  5
6BF
330
6BB
100
AcDbEntity
  8
0
  6
Continuous
 62
    18
420
        0
370
    25
100
AcDbVertex
100
AcDb2dVertex
 10
32.65216666666669
 20
17.49907719656961
 30
0.0
  0
SEQEND
  5
6C0
330
6BB
100
AcDbEntity
  8
0
  6
Continuous
 62
    18
420
        0
370
    25
  0
POLYLINE
  5
6C1
330
1F
100
AcDbEntity
  8
0
  6
Continuous
 62
    18
420
        0
370
    25
100
AcDb2dPolyline
 66
     1
 10
0.0
 20
0.0
 30
0.0
 70
     1
  0
VERTEX
  5
6C2
330
6C1
100
AcDbEntity
  8
0
  6
Continuous
 62
    18
420
        0
370
    25
100
AcDbVertex
100
AcDb2dVertex
 10
32.65611847300433
 20
16.07314967199887
 30
0.0
  0
VERTEX
  5
6C3
330
6C1
100
AcDbEntity
  8
0
  6
Continuous
 62
    18
420
        0
370
    25
100
AcDbVertex
100
AcDb2dVertex
 10
33.25611847300434
 20
16.07314967199887
 30
0.0
  0
VERTEX
  5
6C4
330
6C1
100
AcDbEntity
  8
0
  6
Continuous
 62
    18
420
        0
370
    25
100
AcDbVertex
100
AcDb2dVertex
 10
33.25611847300434
 20
16.67314967199888
 30
0.0
  0
VERTEX
  5
6C5
330
6C1
100
AcDbEntity
  8
0
  6
Continuous
 62
    18
420
        0
370
    25
100
AcDbVertex
100
AcDb2dVertex
 10
32.65611847300433
 20
16.67314967199888
 30
0.0
  0
SEQEND
  5
6C6
330
6C1
100
AcDbEntity
  8
0
  6
Continuous
 62
    18
420
        0
370
    25
  0
POLYLINE
  5
6C7
330
1F
100
AcDbEntity
  8
0
  6
Continuous
 62
    18
420
        0
370
    25
100
AcDb2dPolyline
 66
     1
 10
0.0
 20
0.0
 30
0.0
 70
     1
  0
VERTEX
  5
6C8
330
6C7
100
AcDbEntity
  8
0
  6
Continuous
 62
    18
420
        0
370
    25
100
AcDbVertex
100
AcDb2dVertex
 10
33.75155818234195
 20
14.97503481625873
 30
0.0
  0
VERTEX
  5
6C9
330
6C7
100
AcDbEntity
  8
0
  6
Continuous
 62
    18
420
        0
370
    25
100
AcDbVertex
100
AcDb2dVertex
 10
34.35155818234195
 20
14.97503481625873
 30
0.0
  0
VERTEX
  5
6CA
330
6C7
100
AcDbEntity
  8
0
  6
Continuous
 62
    18
420
        0
370
    25
100
AcDbVertex
100
AcDb2dVertex
 10
34.35155818234195
 20
15.57503481625874
 30
0.0
  0
VERTEX
  5
6CB
330
6C7
100
AcDbEntity
  8
0
  6
Continuous
 62
    18
420
        0
370
    25
100
AcDbVertex
100
AcDb2dVertex
 10
33.75155818234195
 20
15.57503481625874
 30
0.0
  0
SEQEND
  5
6CC
330
6C7
100
AcDbEntity
  8
0
  6
Continuous
 62
    18
420
        0
370
    25
  0
POLYLINE
  5
6CD
330
1F
100
AcDbEntity
  8
0
  6
Continuous
 62
    18
420
        0
370
    25
100
AcDb2dPolyline
 66
     1
 10
0.0
 20
0.0
 30
0.0
 70
     1
  0
VERTEX
  5
6CE
330
6CD
100
AcDbEntity
  8
0
  6
Continuous
 62
    18
420
        0
370
    25
100
AcDbVertex
100
AcDb2dVertex
 10
34.51577246879753
 20
14.98317884068444
 30
0.0
  0
VERTEX
  5
6CF
330
6CD
100
AcDbEntity
  8
0
  6
Continuous
 62
    18
420
        0
370
    25
100
AcDbVertex
100
AcDb2dVertex
 10
35.11577246879754
 20
14.98317884068444
 30
0.0
  0
VERTEX
  5
6D0
330
6CD
100
AcDbEntity
  8
0
  6
Continuous
 62
    18
420
        0
370
    25
100
AcDbVertex
100
AcDb2dVertex
 10
35.11577246879754
 20
15.58317884068443
 30
0.0
  0
VERTEX
  5
6D1
330
6CD
100
AcDbEntity
  8
0
  6
Continuous
 62
    18
420
        0
370
    25
100
AcDbVertex
100
AcDb2dVertex
 10
34.51577246879753
 20
15.58317884068443
 30
0.0
  0
SEQEND
  5
6D2
330
6CD
100
AcDbEntity
  8
0
  6
Continuous
 62
    18
420
        0
370
    25
  0
POLYLINE
  5
6D3
330
1F
100
AcDbEntity
  8
0
  6
Continuous
 62
    18
420
        0
370
    25
100
AcDb2dPolyline
 66
     1
 10
0.0
 20
0.0
 30
0.0
 70
     1
  0
VERTEX
  5
6D4
330
6D3
100
AcDbEntity
  8
0
  6
Continuous
 62
    18
420
        0
370
    25
100
AcDbVertex
100
AcDb2dVertex
 10
35.5954951833078
 20
15.99331663929387
 30
0.0
  0
VERTEX
  5
6D5
330
6D3
100
AcDbEntity
  8
0
  6
Continuous
 62
    18
420
        0
370
    25
100
AcDbVertex
100
AcDb2dVertex
 10
36.19549518330781
 20
15.99331663929387
 30
0.0
  0
VERTEX
  5
6D6
330
6D3
100
AcDbEntity
  8
0
  6
Continuous
 62
    18
420
        0
370
    25
100
AcDbVertex
100
AcDb2dVertex
 10
36.19549518330781
 20
16.59331663929388
 30
0.0
  0
VERTEX
  5
6D7
330
6D3
100
AcDbEntity
  8
0
  6
Continuous
 62
    18
420
        0
370
    25
100
AcDbVertex
100
AcDb2dVertex
 10
35.5954951833078
 20
16.59331663929388
 30
0.0
  0
SEQEND
  5
6D8
330
6D3
100
AcDbEntity
  8
0
  6
Continuous
 62
    18
420
        0
370
    25
  0
POLYLINE
  5
6D9
330
1F
100
AcDbEntity
  8
0
  6
Continuous
 62
    18
420
        0
370
    25
100
AcDb2dPolyline
 66
     1
 10
0.0
 20
0.0
 30
0.0
 70
     1
  0
VERTEX
  5
6DA
330
6D9
100
AcDbEntity
  8
0
  6
Continuous
 62
    18
420
        0
370
    25
100
AcDbVertex
100
AcDb2dVertex
 10
35.6073506023208
 20
16.84690680822822
 30
0.0
  0
VERTEX
  5
6DB
330
6D9
100
AcDbEntity
  8
0
  6
Continuous
 62
    18
420
        0
370
    25
100
AcDbVertex
100
AcDb2dVertex
 10
36.20735060232078
 20
16.84690680822822
 30
0.0
  0
VERTEX
  5
6DC
330
6D9
100
AcDbEntity
  8
0
  6
Continuous
 62
    18
420
        0
370
    25
100
AcDbVertex
100
AcDb2dVertex
 10
36.20735060232078
 20
17.44690680822823
 30
0.0
  0
VERTEX
  5
6DD
330
6D9
100
AcDbEntity
  8
0
  6
Continuous
 62
    18
420
        0
370
    25
100
AcDbVertex
100
AcDb2dVertex
 10
35.6073506023208
 20
17.44690680822823
 30
0.0
  0
SEQEND
  5
6DE
330
6D9
100
AcDbEntity
  8
0
  6
Continuous
 62
    18
420
        0
370
    25
  0
POLYLINE
  5
6DF
330
1F
100
AcDbEntity
  8
0
  6
Continuous
 62
    18
420
        0
370
    25
100
AcDb2dPolyline
 66
     1
 10
0.0
 20
0.0
 30
0.0
 70
     1
  0
VERTEX
  5
6E0
330
6DF
100
AcDbEntity
  8
0
  6
Continuous
 62
    18
420
        0
370
    25
100
AcDbVertex
100
AcDb2dVertex
 10
30.70085207565567
 20
16.16409280161131
 30
0.0
  0
VERTEX
  5
6E1
330
6DF
100
AcDbEntity
  8
0
  6
Continuous
 62
    18
420
        0
370
    25
100
AcDbVertex
100
AcDb2dVertex
 10
30.70085207565567
 20
17.22749886531202
 30
0.0
  0
VERTEX
  5
6E2
330
6DF
100
AcDbEntity
  8
0
  6
Continuous
 62
    18
420
        0
370
    25
100
AcDbVertex
100
AcDb2dVertex
 10
24.4724812576777
 20
17.22749886531202
 30
0.0
  0
VERTEX
  5
6E3
330
6DF
100
AcDbEntity
  8
0
  6
Continuous
 62
    18
420
        0
370
    25
100
AcDbVertex
100
AcDb2dVertex
 10
24.4724812576777
 20
16.16409280161131
 30
0.0
  0
SEQEND
  5
6E4
330
6DF
100
AcDbEntity
  8
0
  6
Continuous
 62
    18
420
        0
370
    25
  0
POLYLINE
  5
6E5
330
1F
100
AcDbEntity
  8
0
  6
Continuous
 62
    18
420
        0
370
    25
100
AcDb2dPolyline
 66
     1
 10
0.0
 20
0.0
 30
0.0
 70
     1
  0
VERTEX
  5
6E6
330
6E5
100
AcDbEntity
  8
0
  6
Continuous
 62
    18
420
        0
370
    25
100
AcDbVertex
100
AcDb2dVertex
 10
30.5874198155395
 20
15.47276610428447
 30
0.0
  0
VERTEX
  5
6E7
330
6E5
100
AcDbEntity
  8
0
  6
Continuous
 62
    18
420
        0
370
    25
100
AcDbVertex
100
AcDb2dVertex
 10
30.5874198155395
 20
16.07276610428449
 30
0.0
  0
VERTEX
  5
6E8
330
6E5
100
AcDbEntity
  8
0
  6
Continuous
 62
    18
420
        0
370
    25
100
AcDbVertex
100
AcDb2dVertex
 10
29.98741981553949
 20
16.07276610428449
 30
0.0
  0
VERTEX
  5
6E9
330
6E5
100
AcDbEntity
  8
0
  6
Continuous
 62
    18
420
        0
370
    25
100
AcDbVertex
100
AcDb2dVertex
 10
29.98741981553949
 20
15.47276610428447
 30
0.0
  0
SEQEND
  5
6EA
330
6E5
100
AcDbEntity
  8
0
  6
Continuous
 62
    18
420
        0
370
    25
  0
POLYLINE
  5
6EB
330
1F
100
AcDbEntity
  8
0
  6
Continuous
 62
    18
420
        0
370
    25
100
AcDb2dPolyline
 66
     1
 10
0.0
 20
0.0
 30
0.0
 70
     1
  0
VERTEX
  5
6EC
330
6EB
100
AcDbEntity
  8
0
  6
Continuous
 62
    18
420
        0
370
    25
100
AcDbVertex
100
AcDb2dVertex
 10
29.81577605871868
 20
15.47276610428447
 30
0.0
  0
VERTEX
  5
6ED
330
6EB
100
AcDbEntity
  8
0
  6
Continuous
 62
    18
420
        0
370
    25
100
AcDbVertex
100
AcDb2dVertex
 10
29.81577605871868
 20
16.07276610428448
 30
0.0
  0
VERTEX
  5
6EE
330
6EB
100
AcDbEntity
  8
0
  6
Continuous
 62
    18
420
        0
370
    25
100
AcDbVertex
100
AcDb2dVertex
 10
29.21577605871868
 20
16.07276610428448
 30
0.0
  0
VERTEX
  5
6EF
330
6EB
100
AcDbEntity
  8
0
  6
Continuous
 62
    18
420
        0
370
    25
100
AcDbVertex
100
AcDb2dVertex
 10
29.21577605871868
 20
15.47276610428447
 30
0.0
  0
SEQEND
  5
6F0
330
6EB
100
AcDbEntity
  8
0
  6
Continuous
 62
    18
420
        0
370
    25
  0
POLYLINE
  5
6F1
330
1F
100
AcDbEntity
  8
0
  6
Continuous
 62
    18
420
        0
370
    25
100
AcDb2dPolyline
 66
     1
 10
0.0
 20
0.0
 30
0.0
 70
     1
  0
VERTEX
  5
6F2
330
6F1
100
AcDbEntity
  8
0
  6
Continuous
 62
    18
420
        0
370
    25
100
AcDbVertex
100
AcDb2dVertex
 10
29.04413230189788
 20
15.4727661042845
 30
0.0
  0
VERTEX
  5
6F3
330
6F1
100
AcDbEntity
  8
0
  6
Continuous
 62
    18
420
        0
370
    25
100
AcDbVertex
100
AcDb2dVertex
 10
29.04413230189788
 20
16.07276610428449
 30
0.0
  0
VERTEX
  5
6F4
330
6F1
100
AcDbEntity
  8
0
  6
Continuous
 62
    18
420
        0
370
    25
100
AcDbVertex
100
AcDb2dVertex
 10
28.44413230189789
 20
16.07276610428449
 30
0.0
  0
VERTEX
  5
6F5
330
6F1
100
AcDbEntity
  8
0
  6
Continuous
 62
    18
420
        0
370
    25
100
AcDbVertex
100
AcDb2dVertex
 10
28.44413230189789
 20
15.4727661042845
 30
0.0
  0
SEQEND
  5
6F6
330
6F1
100
AcDbEntity
  8
0
  6
Continuous
 62
    18
420
        0
370
    25
  0
POLYLINE
  5
6F7
330
1F
100
AcDbEntity
  8
0
  6
Continuous
 62
    18
420
        0
370
    25
100
AcDb2dPolyline
 66
     1
 10
0.0
 20
0.0
 30
0.0
 70
     1
  0
VERTEX
  5
6F8
330
6F7
100
AcDbEntity
  8
0
  6
Continuous
 62
    18
420
        0
370
    25
100
AcDbVertex
100
AcDb2dVertex
 10
28.27248854507708
 20
15.4727661042845
 30
0.0
  0
VERTEX
  5
6F9
330
6F7
100
AcDbEntity
  8
0
  6
Continuous
 62
    18
420
        0
370
    25
100
AcDbVertex
100
AcDb2dVertex
 10
28.27248854507708
 20
16.0727661042845
 30
0.0
  0
VERTEX
  5
6FA
330
6F7
100
AcDbEntity
  8
0
  6
Continuous
 62
    18
420
        0
370
    25
100
AcDbVertex
100
AcDb2dVertex
 10
27.67248854507708
 20
16.0727661042845
 30
0.0
  0
VERTEX
  5
6FB
330
6F7
100
AcDbEntity
  8
0
  6
Continuous
 62
    18
420
        0
370
    25
100
AcDbVertex
100
AcDb2dVertex
 10
27.67248854507708
 20
15.4727661042845
 30
0.0
  0
SEQEND
  5
6FC
330
6F7
100
AcDbEntity
  8
0
  6
Continuous
 62
    18
420
        0
370
    25
  0
POLYLINE
  5
6FD
330
1F
100
AcDbEntity
  8
0
  6
Continuous
 62
    18
420
        0
370
    25
100
AcDb2dPolyline
 66
     1
 10
0.0
 20
0.0
 30
0.0
 70
     1
  0
VERTEX
  5
6FE
330
6FD
100
AcDbEntity
  8
0
  6
Continuous
 62
    18
420
        0
370
    25
100
AcDbVertex
100
AcDb2dVertex
 10
26.90084478825629
 20
16.07276610428448
 30
0.0
  0
VERTEX
  5
6FF
330
6FD
100
AcDbEntity
  8
0
  6
Continuous
 62
    18
420
        0
370
    25
100
AcDbVertex
100
AcDb2dVertex
 10
26.90084478825629
 20
15.47276610428445
 30
0.0
  0
VERTEX
  5
700
330
6FD
100
AcDbEntity
  8
0
  6
Continuous
 62
    18
420
        0
370
    25
100
AcDbVertex
100
AcDb2dVertex
 10
27.50084478825629
 20
15.47276610428445
 30
0.0
  0
VERTEX
  5
701
330
6FD
100
AcDbEntity
  8
0
  6
Continuous
 62
    18
420
        0
370
    25
100
AcDbVertex
100
AcDb2dVertex
 10
27.50084478825628
 20
16.07276610428448
 30
0.0
  0
SEQEND
  5
702
330
6FD
100
AcDbEntity
  8
0
  6
Continuous
 62
    18
420
        0
370
    25
  0
POLYLINE
  5
703
330
1F
100
AcDbEntity
  8
0
  6
Continuous
 62
    18
420
        0
370
    25
100
AcDb2dPolyline
 66
     1
 10
0.0
 20
0.0
 30
0.0
 70
     1
  0
VERTEX
  5
704
330
703
100
AcDbEntity
  8
0
  6
Continuous
 62
    18
420
        0
370
    25
100
AcDbVertex
100
AcDb2dVertex
 10
26.12920103143547
 20
16.07276610428448
 30
0.0
  0
VERTEX
  5
705
330
703
100
AcDbEntity
  8
0
  6
Continuous
 62
    18
420
        0
370
    25
100
AcDbVertex
100
AcDb2dVertex
 10
26.12920103143547
 20
15.47276610428449
 30
0.0
  0
VERTEX
  5
706
330
703
100
AcDbEntity
  8
0
  6
Continuous
 62
    18
420
        0
370
    25
100
AcDbVertex
100
AcDb2dVertex
 10
26.72920103143549
 20
15.47276610428449
 30
0.0
  0
VERTEX
  5
707
330
703
100
AcDbEntity
  8
0
  6
Continuous
 62
    18
420
        0
370
    25
100
AcDbVertex
100
AcDb2dVertex
 10
26.72920103143548
 20
16.07276610428448
 30
0.0
  0
SEQEND
  5
708
330
703
100
AcDbEntity
  8
0
  6
Continuous
 62
    18
420
        0
370
    25
  0
POLYLINE
  5
709
330
1F
100
AcDbEntity
  8
0
  6
Continuous
 62
    18
420
        0
370
    25
100
AcDb2dPolyline
 66
     1
 10
0.0
 20
0.0
 30
0.0
 70
     1
  0
VERTEX
  5
70A
330
709
100
AcDbEntity
  8
0
  6
Continuous
 62
    18
420
        0
370
    25
100
AcDbVertex
100
AcDb2dVertex
 10
25.35755727461467
 20
16.07276610428448
 30
0.0
  0
VERTEX
  5
70B
330
709
100
AcDbEntity
  8
0
  6
Continuous
 62
    18
420
        0
370
    25
100
AcDbVertex
100
AcDb2dVertex
 10
25.35755727461467
 20
15.4727661042845
 30
0.0
  0
VERTEX
  5
70C
330
709
100
AcDbEntity
  8
0
  6
Continuous
 62
    18
420
        0
370
    25
100
AcDbVertex
100
AcDb2dVertex
 10
25.95755727461467
 20
15.4727661042845
 30
0.0
  0
VERTEX
  5
70D
330
709
100
AcDbEntity
  8
0
  6
Continuous
 62
    18
420
        0
370
    25
100
AcDbVertex
100
AcDb2dVertex
 10
25.95755727461467
 20
16.07276610428448
 30
0.0
  0
SEQEND
  5
70E
330
709
100
AcDbEntity
  8
0
  6
Continuous
 62
    18
420
        0
370
    25
  0
POLYLINE
  5
70F
330
1F
100
AcDbEntity
  8
0
  6
Continuous
 62
    18
420
        0
370
    25
100
AcDb2dPolyline
 66
     1
 10
0.0
 20
0.0
 30
0.0
 70
     1
  0
VERTEX
  5
710
330
70F
100
AcDbEntity
  8
0
  6
Continuous
 62
    18
420
        0
370
    25
100
AcDbVertex
100
AcDb2dVertex
 10
24.58591351779388
 20
16.07276610428448
 30
0.0
  0
VERTEX
  5
711
330
70F
100
AcDbEntity
  8
0
  6
Continuous
 62
    18
420
        0
370
    25
100
AcDbVertex
100
AcDb2dVertex
 10
24.58591351779388
 20
15.47276610428449
 30
0.0
  0
VERTEX
  5
712
330
70F
100
AcDbEntity
  8
0
  6
Continuous
 62
    18
420
        0
370
    25
100
AcDbVertex
100
AcDb2dVertex
 10
25.18591351779387
 20
15.47276610428449
 30
0.0
  0
VERTEX
  5
713
330
70F
100
AcDbEntity
  8
0
  6
Continuous
 62
    18
420
        0
370
    25
100
AcDbVertex
100
AcDb2dVertex
 10
25.18591351779387
 20
16.07276610428448
 30
0.0
  0
SEQEND
  5
714
330
70F
100
AcDbEntity
  8
0
  6
Continuous
 62
    18
420
        0
370
    25
  0
POLYLINE
  5
715
330
1F
100
AcDbEntity
  8
0
  6
Continuous
 62
    18
420
        0
370
    25
100
AcDb2dPolyline
 66
     1
 10
0.0
 20
0.0
 30
0.0
 70
     1
  0
VERTEX
  5
716
330
715
100
AcDbEntity
  8
0
  6
Continuous
 62
    18
420
        0
370
    25
100
AcDbVertex
100
AcDb2dVertex
 10
28.27248854507708
 20
17.31882556263884
 30
0.0
  0
VERTEX
  5
717
330
715
100
AcDbEntity
  8
0
  6
Continuous
 62
    18
420
        0
370
    25
100
AcDbVertex
100
AcDb2dVertex
 10
28.27248854507708
 20
17.91882556263886
 30
0.0
  0
VERTEX
  5
718
330
715
100
AcDbEntity
  8
0
  6
Continuous
 62
    18
420
        0
370
    25
100
AcDbVertex
100
AcDb2dVertex
 10
27.67248854507708
 20
17.91882556263886
 30
0.0
  0
VERTEX
  5
719
330
715
100
AcDbEntity
  8
0
  6
Continuous
 62
    18
420
        0
370
    25
100
AcDbVertex
100
AcDb2dVertex
 10
27.67248854507708
 20
17.31882556263884
 30
0.0
  0
SEQEND
  5
71A
330
715
100
AcDbEntity
  8
0
  6
Continuous
 62
    18
420
        0
370
    25
  0
POLYLINE
  5
71B
330
1F
100
AcDbEntity
  8
0
  6
Continuous
 62
    18
420
        0
370
    25
100
AcDb2dPolyline
 66
     1
 10
0.0
 20
0.0
 30
0.0
 70
     1
  0
VERTEX
  5
71C
330
71B
100
AcDbEntity
  8
0
  6
Continuous
 62
    18
420
        0
370
    25
100
AcDbVertex
100
AcDb2dVertex
 10
29.0441323018979
 20
17.31882556263884
 30
0.0
  0
VERTEX
  5
71D
330
71B
100
AcDbEntity
  8
0
  6
Continuous
 62
    18
420
        0
370
    25
100
AcDbVertex
100
AcDb2dVertex
 10
29.0441323018979
 20
17.91882556263882
 30
0.0
  0
VERTEX
  5
71E
330
71B
100
AcDbEntity
  8
0
  6
Continuous
 62
    18
420
        0
370
    25
100
AcDbVertex
100
AcDb2dVertex
 10
28.44413230189789
 20
17.91882556263882
 30
0.0
  0
VERTEX
  5
71F
330
71B
100
AcDbEntity
  8
0
  6
Continuous
 62
    18
420
        0
370
    25
100
AcDbVertex
100
AcDb2dVertex
 10
28.44413230189789
 20
17.31882556263884
 30
0.0
  0
SEQEND
  5
720
330
71B
100
AcDbEntity
  8
0
  6
Continuous
 62
    18
420
        0
370
    25
  0
POLYLINE
  5
721
330
1F
100
AcDbEntity
  8
0
  6
Continuous
 62
    18
420
        0
370
    25
100
AcDb2dPolyline
 66
     1
 10
0.0
 20
0.0
 30
0.0
 70
     1
  0
VERTEX
  5
722
330
721
100
AcDbEntity
  8
0
  6
Continuous
 62
    18
420
        0
370
    25
100
AcDbVertex
100
AcDb2dVertex
 10
29.8157760587187
 20
17.31882556263883
 30
0.0
  0
VERTEX
  5
723
330
721
100
AcDbEntity
  8
0
  6
Continuous
 62
    18
420
        0
370
    25
100
AcDbVertex
100
AcDb2dVertex
 10
29.8157760587187
 20
17.91882556263882
 30
0.0
  0
VERTEX
  5
724
330
721
100
AcDbEntity
  8
0
  6
Continuous
 62
    18
420
        0
370
    25
100
AcDbVertex
100
AcDb2dVertex
 10
29.2157760587187
 20
17.91882556263882
 30
0.0
  0
VERTEX
  5
725
330
721
100
AcDbEntity
  8
0
  6
Continuous
 62
    18
420
        0
370
    25
100
AcDbVertex
100
AcDb2dVertex
 10
29.2157760587187
 20
17.31882556263883
 30
0.0
  0
SEQEND
  5
726
330
721
100
AcDbEntity
  8
0
  6
Continuous
 62
    18
420
        0
370
    25
  0
POLYLINE
  5
727
330
1F
100
AcDbEntity
  8
0
  6
Continuous
 62
    18
420
        0
370
    25
100
AcDb2dPolyline
 66
     1
 10
0.0
 20
0.0
 30
0.0
 70
     1
  0
VERTEX
  5
728
330
727
100
AcDbEntity
  8
0
  6
Continuous
 62
    18
420
        0
370
    25
100
AcDbVertex
100
AcDb2dVertex
 10
30.5874198155395
 20
17.31882556263884
 30
0.0
  0
VERTEX
  5
729
330
727
100
AcDbEntity
  8
0
  6
Continuous
 62
    18
420
        0
370
    25
100
AcDbVertex
100
AcDb2dVertex
 10
30.5874198155395
 20
17.91882556263882
 30
0.0
  0
VERTEX
  5
72A
330
727
100
AcDbEntity
  8
0
  6
Continuous
 62
    18
420
        0
370
    25
100
AcDbVertex
100
AcDb2dVertex
 10
29.9874198155395
 20
17.91882556263882
 30
0.0
  0
VERTEX
  5
72B
330
727
100
AcDbEntity
  8
0
  6
Continuous
 62
    18
420
        0
370
    25
100
AcDbVertex
100
AcDb2dVertex
 10
29.9874198155395
 20
17.31882556263884
 30
0.0
  0
SEQEND
  5
72C
330
727
100
AcDbEntity
  8
0
  6
Continuous
 62
    18
420
        0
370
    25
  0
POLYLINE
  5
72D
330
1F
100
AcDbEntity
  8
0
  6
Continuous
 62
    18
420
        0
370
    25
100
AcDb2dPolyline
 66
     1
 10
0.0
 20
0.0
 30
0.0
 70
     1
  0
VERTEX
  5
72E
330
72D
100
AcDbEntity
  8
0
  6
Continuous
 62
    18
420
        0
370
    25
100
AcDbVertex
100
AcDb2dVertex
 10
24.58591351779387
 20
17.91882556263887
 30
0.0
  0
VERTEX
  5
72F
330
72D
100
AcDbEntity
  8
0
  6
Continuous
 62
    18
420
        0
370
    25
100
AcDbVertex
100
AcDb2dVertex
 10
24.58591351779387
 20
17.31882556263884
 30
0.0
  0
VERTEX
  5
730
330
72D
100
AcDbEntity
  8
0
  6
Continuous
 62
    18
420
        0
370
    25
100
AcDbVertex
100
AcDb2dVertex
 10
25.18591351779388
 20
17.31882556263884
 30
0.0
  0
VERTEX
  5
731
330
72D
100
AcDbEntity
  8
0
  6
Continuous
 62
    18
420
        0
370
    25
100
AcDbVertex
100
AcDb2dVertex
 10
25.18591351779388
 20
17.91882556263887
 30
0.0
  0
SEQEND
  5
732
330
72D
100
AcDbEntity
  8
0
  6
Continuous
 62
    18
420
        0
370
    25
  0
POLYLINE
  5
733
330
1F
100
AcDbEntity
  8
0
  6
Continuous
 62
    18
420
        0
370
    25
100
AcDb2dPolyline
 66
     1
 10
0.0
 20
0.0
 30
0.0
 70
     1
  0
VERTEX
  5
734
330
733
100
AcDbEntity
  8
0
  6
Continuous
 62
    18
420
        0
370
    25
100
AcDbVertex
100
AcDb2dVertex
 10
25.35755727461467
 20
17.91882556263882
 30
0.0
  0
VERTEX
  5
735
330
733
100
AcDbEntity
  8
0
  6
Continuous
 62
    18
420
        0
370
    25
100
AcDbVertex
100
AcDb2dVertex
 10
25.35755727461467
 20
17.31882556263883
 30
0.0
  0
VERTEX
  5
736
330
733
100
AcDbEntity
  8
0
  6
Continuous
 62
    18
420
        0
370
    25
100
AcDbVertex
100
AcDb2dVertex
 10
25.95755727461467
 20
17.31882556263883
 30
0.0
  0
VERTEX
  5
737
330
733
100
AcDbEntity
  8
0
  6
Continuous
 62
    18
420
        0
370
    25
100
AcDbVertex
100
AcDb2dVertex
 10
25.95755727461467
 20
17.91882556263882
 30
0.0
  0
SEQEND
  5
738
330
733
100
AcDbEntity
  8
0
  6
Continuous
 62
    18
420
        0
370
    25
  0
POLYLINE
  5
739
330
1F
100
AcDbEntity
  8
0
  6
Continuous
 62
    18
420
        0
370
    25
100
AcDb2dPolyline
 66
     1
 10
0.0
 20
0.0
 30
0.0
 70
     1
  0
VERTEX
  5
73A
330
739
100
AcDbEntity
  8
0
  6
Continuous
 62
    18
420
        0
370
    25
100
AcDbVertex
100
AcDb2dVertex
 10
26.12920103143548
 20
17.91882556263883
 30
0.0
  0
VERTEX
  5
73B
330
739
100
AcDbEntity
  8
0
  6
Continuous
 62
    18
420
        0
370
    25
100
AcDbVertex
100
AcDb2dVertex
 10
26.12920103143548
 20
17.31882556263883
 30
0.0
  0
VERTEX
  5
73C
330
739
100
AcDbEntity
  8
0
  6
Continuous
 62
    18
420
        0
370
    25
100
AcDbVertex
100
AcDb2dVertex
 10
26.72920103143548
 20
17.31882556263883
 30
0.0
  0
VERTEX
  5
73D
330
739
100
AcDbEntity
  8
0
  6
Continuous
 62
    18
420
        0
370
    25
100
AcDbVertex
100
AcDb2dVertex
 10
26.72920103143548
 20
17.91882556263883
 30
0.0
  0
SEQEND
  5
73E
330
739
100
AcDbEntity
  8
0
  6
Continuous
 62
    18
420
        0
370
    25
  0
POLYLINE
  5
73F
330
1F
100
AcDbEntity
  8
0
  6
Continuous
 62
    18
420
        0
370
    25
100
AcDb2dPolyline
 66
     1
 10
0.0
 20
0.0
 30
0.0
 70
     1
  0
VERTEX
  5
740
330
73F
100
AcDbEntity
  8
0
  6
Continuous
 62
    18
420
        0
370
    25
100
AcDbVertex
100
AcDb2dVertex
 10
26.90084478825628
 20
17.91882556263882
 30
0.0
  0
VERTEX
  5
741
330
73F
100
AcDbEntity
  8
0
  6
Continuous
 62
    18
420
        0
370
    25
100
AcDbVertex
100
AcDb2dVertex
 10
26.90084478825628
 20
17.31882556263883
 30
0.0
  0
VERTEX
  5
742
330
73F
100
AcDbEntity
  8
0
  6
Continuous
 62
    18
420
        0
370
    25
100
AcDbVertex
100
AcDb2dVertex
 10
27.50084478825628
 20
17.31882556263883
 30
0.0
  0
VERTEX
  5
743
330
73F
100
AcDbEntity
  8
0
  6
Continuous
 62
    18
420
        0
370
    25
100
AcDbVertex
100
AcDb2dVertex
 10
27.50084478825628
 20
17.91882556263882
 30
0.0
  0
SEQEND
  5
744
330
73F
100
AcDbEntity
  8
0
  6
Continuous
 62
    18
420
        0
370
    25
  0
POLYLINE
  5
745
330
1F
100
AcDbEntity
  8
0
  6
Continuous
 62
    18
420
        0
370
    25
100
AcDb2dPolyline
 66
     1
 10
0.0
 20
0.0
 30
0.0
 70
     1
  0
VERTEX
  5
746
330
745
100
AcDbEntity
  8
0
  6
Continuous
 62
    18
420
        0
370
    25
100
AcDbVertex
100
AcDb2dVertex
 10
61.59603671648345
 20
4.905852747965383
 30
0.0
  0
VERTEX
  5
747
330
745
100
AcDbEntity
  8
0
  6
Continuous
 62
    18
420
        0
370
    25
100
AcDbVertex
100
AcDb2dVertex
 10
63.6198431941257
 20
4.905852747965383
 30
0.0
  0
VERTEX
  5
748
330
745
100
AcDbEntity
  8
0
  6
Continuous
 62
    18
420
        0
370
    25
100
AcDbVertex
100
AcDb2dVertex
 10
63.6198431941257
 20
6.891746577039697
 30
0.0
  0
VERTEX
  5
749
330
745
100
AcDbEntity
  8
0
  6
Continuous
 62
    18
420
        0
370
    25
100
AcDbVertex
100
AcDb2dVertex
 10
61.59603671648345
 20
6.891746577039697
 30
0.0
  0
SEQEND
  5
74A
330
745
100
AcDbEntity
  8
0
  6
Continuous
 62
    18
420
        0
370
    25
  0
POLYLINE
  5
74B
330
1F
100
AcDbEntity
  8
0
  6
Continuous
 62
    18
420
        0
370
    25
100
AcDb2dPolyline
 66
     1
 10
0.0
 20
0.0
 30
0.0
 70
     1
  0
VERTEX
  5
74C
330
74B
100
AcDbEntity
  8
0
  6
Continuous
 62
    18
420
        0
370
    25
100
AcDbVertex
100
AcDb2dVertex
 10
62.59113066515917
 20
7.044941573749171
 30
0.0
  0
VERTEX
  5
74D
330
74B
100
AcDbEntity
  8
0
  6
Continuous
 62
    18
420
        0
370
    25
100
AcDbVertex
100
AcDb2dVertex
 10
63.19113066515919
 20
7.044941573749171
 30
0.0
  0
VERTEX
  5
74E
330
74B
100
AcDbEntity
  8
0
  6
Continuous
 62
    18
420
        0
370
    25
100
AcDbVertex
100
AcDb2dVertex
 10
63.19113066515919
 20
7.644941573749186
 30
0.0
  0
VERTEX
  5
74F
330
74B
100
AcDbEntity
  8
0
  6
Continuous
 62
    18
420
        0
370
    25
100
AcDbVertex
100
AcDb2dVertex
 10
62.59113066515917
 20
7.644941573749186
 30
0.0
  0
SEQEND
  5
750
330
74B
100
AcDbEntity
  8
0
  6
Continuous
 62
    18
420
        0
370
    25
  0
POLYLINE
  5
751
330
1F
100
AcDbEntity
  8
0
  6
Continuous
 62
    18
420
        0
370
    25
100
AcDb2dPolyline
 66
     1
 10
0.0
 20
0.0
 30
0.0
 70
     1
  0
VERTEX
  5
752
330
751
100
AcDbEntity
  8
0
  6
Continuous
 62
    18
420
        0
370
    25
100
AcDbVertex
100
AcDb2dVertex
 10
61.89774924544997
 20
7.064492229305522
 30
0.0
  0
VERTEX
  5
753
330
751
100
AcDbEntity
  8
0
  6
Continuous
 62
    18
420
        0
370
    25
100
AcDbVertex
100
AcDb2dVertex
 10
62.49774924544999
 20
7.064492229305522
 30
0.0
  0
VERTEX
  5
754
330
751
100
AcDbEntity
  8
0
  6
Continuous
 62
    18
420
        0
370
    25
100
AcDbVertex
100
AcDb2dVertex
 10
62.49774924544999
 20
7.664492229305527
 30
0.0
  0
VERTEX
  5
755
330
751
100
AcDbEntity
  8
0
  6
Continuous
 62
    18
420
        0
370
    25
100
AcDbVertex
100
AcDb2dVertex
 10
61.89774924544997
 20
7.664492229305527
 30
0.0
  0
SEQEND
  5
756
330
751
100
AcDbEntity
  8
0
  6
Continuous
 62
    18
420
        0
370
    25
  0
POLYLINE
  5
757
330
1F
100
AcDbEntity
  8
0
  6
Continuous
 62
    18
420
        0
370
    25
100
AcDb2dPolyline
 66
     1
 10
0.0
 20
0.0
 30
0.0
 70
     1
  0
VERTEX
  5
758
330
757
100
AcDbEntity
  8
0
  6
Continuous
 62
    18
420
        0
370
    25
100
AcDbVertex
100
AcDb2dVertex
 10
60.81390803217296
 20
6.011763424787915
 30
0.0
  0
VERTEX
  5
759
330
757
100
AcDbEntity
  8
0
  6
Continuous
 62
    18
420
        0
370
    25
100
AcDbVertex
100
AcDb2dVertex
 10
61.41390803217296
 20
6.011763424787915
 30
0.0
  0
VERTEX
  5
75A
330
757
100
AcDbEntity
  8
0
  6
Continuous
 62
    18
420
        0
370
    25
100
AcDbVertex
100
AcDb2dVertex
 10
61.41390803217296
 20
6.611763424787917
 30
0.0
  0
VERTEX
  5
75B
330
757
100
AcDbEntity
  8
0
  6
Continuous
 62
    18
420
        0
370
    25
100
AcDbVertex
100
AcDb2dVertex
 10
60.81390803217296
 20
6.611763424787917
 30
0.0
  0
SEQEND
  5
75C
330
757
100
AcDbEntity
  8
0
  6
Continuous
 62
    18
420
        0
370
    25
  0
POLYLINE
  5
75D
330
1F
100
AcDbEntity
  8
0
  6
Continuous
 62
    18
420
        0
370
    25
100
AcDb2dPolyline
 66
     1
 10
0.0
 20
0.0
 30
0.0
 70
     1
  0
VERTEX
  5
75E
330
75D
100
AcDbEntity
  8
0
  6
Continuous
 62
    18
420
        0
370
    25
100
AcDbVertex
100
AcDb2dVertex
 10
60.81785983851062
 20
5.185835900217185
 30
0.0
  0
VERTEX
  5
75F
330
75D
100
AcDbEntity
  8
0
  6
Continuous
 62
    18
420
        0
370
    25
100
AcDbVertex
100
AcDb2dVertex
 10
61.41785983851066
 20
5.185835900217185
 30
0.0
  0
VERTEX
  5
760
330
75D
100
AcDbEntity
  8
0
  6
Continuous
 62
    18
420
        0
370
    25
100
AcDbVertex
100
AcDb2dVertex
 10
61.41785983851066
 20
5.785835900217187
 30
0.0
  0
VERTEX
  5
761
330
75D
100
AcDbEntity
  8
0
  6
Continuous
 62
    18
420
        0
370
    25
100
AcDbVertex
100
AcDb2dVertex
 10
60.81785983851062
 20
5.785835900217187
 30
0.0
  0
SEQEND
  5
762
330
75D
100
AcDbEntity
  8
0
  6
Continuous
 62
    18
420
        0
370
    25
  0
POLYLINE
  5
763
330
1F
100
AcDbEntity
  8
0
  6
Continuous
 62
    18
420
        0
370
    25
100
AcDb2dPolyline
 66
     1
 10
0.0
 20
0.0
 30
0.0
 70
     1
  0
VERTEX
  5
764
330
763
100
AcDbEntity
  8
0
  6
Continuous
 62
    18
420
        0
370
    25
100
AcDbVertex
100
AcDb2dVertex
 10
61.92583281207678
 20
4.156290754868692
 30
0.0
  0
VERTEX
  5
765
330
763
100
AcDbEntity
  8
0
  6
Continuous
 62
    18
420
        0
370
    25
100
AcDbVertex
100
AcDb2dVertex
 10
62.52583281207676
 20
4.156290754868692
 30
0.0
  0
VERTEX
  5
766
330
763
100
AcDbEntity
  8
0
  6
Continuous
 62
    18
420
        0
370
    25
100
AcDbVertex
100
AcDb2dVertex
 10
62.52583281207676
 20
4.756290754868715
 30
0.0
  0
VERTEX
  5
767
330
763
100
AcDbEntity
  8
0
  6
Continuous
 62
    18
420
        0
370
    25
100
AcDbVertex
100
AcDb2dVertex
 10
61.92583281207678
 20
4.756290754868715
 30
0.0
  0
SEQEND
  5
768
330
763
100
AcDbEntity
  8
0
  6
Continuous
 62
    18
420
        0
370
    25
  0
POLYLINE
  5
769
330
1F
100
AcDbEntity
  8
0
  6
Continuous
 62
    18
420
        0
370
    25
100
AcDb2dPolyline
 66
     1
 10
0.0
 20
0.0
 30
0.0
 70
     1
  0
VERTEX
  5
76A
330
769
100
AcDbEntity
  8
0
  6
Continuous
 62
    18
420
        0
370
    25
100
AcDbVertex
100
AcDb2dVertex
 10
62.69004709853235
 20
4.164434779294403
 30
0.0
  0
VERTEX
  5
76B
330
769
100
AcDbEntity
  8
0
  6
Continuous
 62
    18
420
        0
370
    25
100
AcDbVertex
100
AcDb2dVertex
 10
63.29004709853237
 20
4.164434779294403
 30
0.0
  0
VERTEX
  5
76C
330
769
100
AcDbEntity
  8
0
  6
Continuous
 62
    18
420
        0
370
    25
100
AcDbVertex
100
AcDb2dVertex
 10
63.29004709853237
 20
4.76443477929439
 30
0.0
  0
VERTEX
  5
76D
330
769
100
AcDbEntity
  8
0
  6
Continuous
 62
    18
420
        0
370
    25
100
AcDbVertex
100
AcDb2dVertex
 10
62.69004709853235
 20
4.76443477929439
 30
0.0
  0
SEQEND
  5
76E
330
769
100
AcDbEntity
  8
0
  6
Continuous
 62
    18
420
        0
370
    25
  0
POLYLINE
  5
76F
330
1F
100
AcDbEntity
  8
0
  6
Continuous
 62
    18
420
        0
370
    25
100
AcDb2dPolyline
 66
     1
 10
0.0
 20
0.0
 30
0.0
 70
     1
  0
VERTEX
  5
770
330
76F
100
AcDbEntity
  8
0
  6
Continuous
 62
    18
420
        0
370
    25
100
AcDbVertex
100
AcDb2dVertex
 10
63.75723654881408
 20
5.17200457803537
 30
0.0
  0
VERTEX
  5
771
330
76F
100
AcDbEntity
  8
0
  6
Continuous
 62
    18
420
        0
370
    25
100
AcDbVertex
100
AcDb2dVertex
 10
64.35723654881409
 20
5.17200457803537
 30
0.0
  0
VERTEX
  5
772
330
76F
100
AcDbEntity
  8
0
  6
Continuous
 62
    18
420
        0
370
    25
100
AcDbVertex
100
AcDb2dVertex
 10
64.35723654881409
 20
5.772004578035379
 30
0.0
  0
VERTEX
  5
773
330
76F
100
AcDbEntity
  8
0
  6
Continuous
 62
    18
420
        0
370
    25
100
AcDbVertex
100
AcDb2dVertex
 10
63.75723654881408
 20
5.772004578035379
 30
0.0
  0
SEQEND
  5
774
330
76F
100
AcDbEntity
  8
0
  6
Continuous
 62
    18
420
        0
370
    25
  0
POLYLINE
  5
775
330
1F
100
AcDbEntity
  8
0
  6
Continuous
 62
    18
420
        0
370
    25
100
AcDb2dPolyline
 66
     1
 10
0.0
 20
0.0
 30
0.0
 70
     1
  0
VERTEX
  5
776
330
775
100
AcDbEntity
  8
0
  6
Continuous
 62
    18
420
        0
370
    25
100
AcDbVertex
100
AcDb2dVertex
 10
63.76909196782708
 20
6.025594746969723
 30
0.0
  0
VERTEX
  5
777
330
775
100
AcDbEntity
  8
0
  6
Continuous
 62
    18
420
        0
370
    25
100
AcDbVertex
100
AcDb2dVertex
 10
64.36909196782707
 20
6.025594746969723
 30
0.0
  0
VERTEX
  5
778
330
775
100
AcDbEntity
  8
0
  6
Continuous
 62
    18
420
        0
370
    25
100
AcDbVertex
100
AcDb2dVertex
 10
64.36909196782707
 20
6.625594746969732
 30
0.0
  0
VERTEX
  5
779
330
775
100
AcDbEntity
  8
0
  6
Continuous
 62
    18
420
        0
370
    25
100
AcDbVertex
100
AcDb2dVertex
 10
63.76909196782708
 20
6.625594746969732
 30
0.0
  0
SEQEND
  5
77A
330
775
100
AcDbEntity
  8
0
  6
Continuous
 62
    18
420
        0
370
    25
  0
POLYLINE
  5
77B
330
1F
100
AcDbEntity
  8
0
  6
Continuous
 62
    18
420
        0
370
    25
100
AcDb2dPolyline
 66
     1
 10
0.0
 20
0.0
 30
0.0
 70
     1
  0
VERTEX
  5
77C
330
77B
100
AcDbEntity
  8
0
  6
Continuous
 62
    18
420
        0
370
    25
100
AcDbVertex
100
AcDb2dVertex
 10
8.368611415323066
 20
1.624887555735555
 30
0.0
  0
VERTEX
  5
77D
330
77B
100
AcDbEntity
  8
0
  6
Continuous
 62
    18
420
        0
370
    25
100
AcDbVertex
100
AcDb2dVertex
 10
10.39241789296532
 20
1.624887555735555
 30
0.0
  0
VERTEX
  5
77E
330
77B
100
AcDbEntity
  8
0
  6
Continuous
 62
    18
420
        0
370
    25
100
AcDbVertex
100
AcDb2dVertex
 10
10.39241789296532
 20
3.610781384809869
 30
0.0
  0
VERTEX
  5
77F
330
77B
100
AcDbEntity
  8
0
  6
Continuous
 62
    18
420
        0
370
    25
100
AcDbVertex
100
AcDb2dVertex
 10
8.368611415323066
 20
3.610781384809869
 30
0.0
  0
SEQEND
  5
780
330
77B
100
AcDbEntity
  8
0
  6
Continuous
 62
    18
420
        0
370
    25
  0
POLYLINE
  5
781
330
1F
100
AcDbEntity
  8
0
  6
Continuous
 62
    18
420
        0
370
    25
100
AcDb2dPolyline
 66
     1
 10
0.0
 20
0.0
 30
0.0
 70
     1
  0
VERTEX
  5
782
330
781
100
AcDbEntity
  8
0
  6
Continuous
 62
    18
420
        0
370
    25
100
AcDbVertex
100
AcDb2dVertex
 10
9.490705363998769
 20
3.785143048186008
 30
0.0
  0
VERTEX
  5
783
330
781
100
AcDbEntity
  8
0
  6
Continuous
 62
    18
420
        0
370
    25
100
AcDbVertex
100
AcDb2dVertex
 10
10.09070536399878
 20
3.785143048186008
 30
0.0
  0
VERTEX
  5
784
330
781
100
AcDbEntity
  8
0
  6
Continuous
 62
    18
420
        0
370
    25
100
AcDbVertex
100
AcDb2dVertex
 10
10.09070536399878
 20
4.385143048186016
 30
0.0
  0
VERTEX
  5
785
330
781
100
AcDbEntity
  8
0
  6
Continuous
 62
    18
420
        0
370
    25
100
AcDbVertex
100
AcDb2dVertex
 10
9.490705363998769
 20
4.385143048186016
 30
0.0
  0
SEQEND
  5
786
330
781
100
AcDbEntity
  8
0
  6
Continuous
 62
    18
420
        0
370
    25
  0
POLYLINE
  5
787
330
1F
100
AcDbEntity
  8
0
  6
Continuous
 62
    18
420
        0
370
    25
100
AcDb2dPolyline
 66
     1
 10
0.0
 20
0.0
 30
0.0
 70
     1
  0
VERTEX
  5
788
330
787
100
AcDbEntity
  8
0
  6
Continuous
 62
    18
420
        0
370
    25
100
AcDbVertex
100
AcDb2dVertex
 10
8.67032394428957
 20
3.783527037075693
 30
0.0
  0
VERTEX
  5
789
330
787
100
AcDbEntity
  8
0
  6
Continuous
 62
    18
420
        0
370
    25
100
AcDbVertex
100
AcDb2dVertex
 10
9.270323944289588
 20
3.783527037075693
 30
0.0
  0
VERTEX
  5
78A
330
787
100
AcDbEntity
  8
0
  6
Continuous
 62
    18
420
        0
370
    25
100
AcDbVertex
100
AcDb2dVertex
 10
9.270323944289588
 20
4.38352703707568
 30
0.0
  0
VERTEX
  5
78B
330
787
100
AcDbEntity
  8
0
  6
Continuous
 62
    18
420
        0
370
    25
100
AcDbVertex
100
AcDb2dVertex
 10
8.67032394428957
 20
4.38352703707568
 30
0.0
  0
SEQEND
  5
78C
330
787
100
AcDbEntity
  8
0
  6
Continuous
 62
    18
420
        0
370
    25
  0
POLYLINE
  5
78D
330
1F
100
AcDbEntity
  8
0
  6
Continuous
 62
    18
420
        0
370
    25
100
AcDb2dPolyline
 66
     1
 10
0.0
 20
0.0
 30
0.0
 70
     1
  0
VERTEX
  5
78E
330
78D
100
AcDbEntity
  8
0
  6
Continuous
 62
    18
420
        0
370
    25
100
AcDbVertex
100
AcDb2dVertex
 10
7.58648273101257
 20
2.730798232558065
 30
0.0
  0
VERTEX
  5
78F
330
78D
100
AcDbEntity
  8
0
  6
Continuous
 62
    18
420
        0
370
    25
100
AcDbVertex
100
AcDb2dVertex
 10
8.186482731012557
 20
2.730798232558065
 30
0.0
  0
VERTEX
  5
790
330
78D
100
AcDbEntity
  8
0
  6
Continuous
 62
    18
420
        0
370
    25
100
AcDbVertex
100
AcDb2dVertex
 10
8.186482731012557
 20
3.330798232558074
 30
0.0
  0
VERTEX
  5
791
330
78D
100
AcDbEntity
  8
0
  6
Continuous
 62
    18
420
        0
370
    25
100
AcDbVertex
100
AcDb2dVertex
 10
7.58648273101257
 20
3.330798232558074
 30
0.0
  0
SEQEND
  5
792
330
78D
100
AcDbEntity
  8
0
  6
Continuous
 62
    18
420
        0
370
    25
  0
POLYLINE
  5
793
330
1F
100
AcDbEntity
  8
0
  6
Continuous
 62
    18
420
        0
370
    25
100
AcDb2dPolyline
 66
     1
 10
0.0
 20
0.0
 30
0.0
 70
     1
  0
VERTEX
  5
794
330
793
100
AcDbEntity
  8
0
  6
Continuous
 62
    18
420
        0
370
    25
100
AcDbVertex
100
AcDb2dVertex
 10
7.590434537350216
 20
1.904870707987335
 30
0.0
  0
VERTEX
  5
795
330
793
100
AcDbEntity
  8
0
  6
Continuous
 62
    18
420
        0
370
    25
100
AcDbVertex
100
AcDb2dVertex
 10
8.190434537350255
 20
1.904870707987335
 30
0.0
  0
VERTEX
  5
796
330
793
100
AcDbEntity
  8
0
  6
Continuous
 62
    18
420
        0
370
    25
100
AcDbVertex
100
AcDb2dVertex
 10
8.190434537350255
 20
2.504870707987344
 30
0.0
  0
VERTEX
  5
797
330
793
100
AcDbEntity
  8
0
  6
Continuous
 62
    18
420
        0
370
    25
100
AcDbVertex
100
AcDb2dVertex
 10
7.590434537350216
 20
2.504870707987344
 30
0.0
  0
SEQEND
  5
798
330
793
100
AcDbEntity
  8
0
  6
Continuous
 62
    18
420
        0
370
    25
  0
POLYLINE
  5
799
330
1F
100
AcDbEntity
  8
0
  6
Continuous
 62
    18
420
        0
370
    25
100
AcDb2dPolyline
 66
     1
 10
0.0
 20
0.0
 30
0.0
 70
     1
  0
VERTEX
  5
79A
330
799
100
AcDbEntity
  8
0
  6
Continuous
 62
    18
420
        0
370
    25
100
AcDbVertex
100
AcDb2dVertex
 10
8.698407510916397
 20
0.8753255626388565
 30
0.0
  0
VERTEX
  5
79B
330
799
100
AcDbEntity
  8
0
  6
Continuous
 62
    18
420
        0
370
    25
100
AcDbVertex
100
AcDb2dVertex
 10
9.298407510916384
 20
0.8753255626388565
 30
0.0
  0
VERTEX
  5
79C
330
799
100
AcDbEntity
  8
0
  6
Continuous
 62
    18
420
        0
370
    25
100
AcDbVertex
100
AcDb2dVertex
 10
9.298407510916384
 20
1.475325562638865
 30
0.0
  0
VERTEX
  5
79D
330
799
100
AcDbEntity
  8
0
  6
Continuous
 62
    18
420
        0
370
    25
100
AcDbVertex
100
AcDb2dVertex
 10
8.698407510916397
 20
1.475325562638865
 30
0.0
  0
SEQEND
  5
79E
330
799
100
AcDbEntity
  8
0
  6
Continuous
 62
    18
420
        0
370
    25
  0
POLYLINE
  5
79F
330
1F
100
AcDbEntity
  8
0
  6
Continuous
 62
    18
420
        0
370
    25
100
AcDb2dPolyline
 66
     1
 10
0.0
 20
0.0
 30
0.0
 70
     1
  0
VERTEX
  5
7A0
330
79F
100
AcDbEntity
  8
0
  6
Continuous
 62
    18
420
        0
370
    25
100
AcDbVertex
100
AcDb2dVertex
 10
9.462621797371964
 20
0.8834695870645604
 30
0.0
  0
VERTEX
  5
7A1
330
79F
100
AcDbEntity
  8
0
  6
Continuous
 62
    18
420
        0
370
    25
100
AcDbVertex
100
AcDb2dVertex
 10
10.06262179737198
 20
0.8834695870645604
 30
0.0
  0
VERTEX
  5
7A2
330
79F
100
AcDbEntity
  8
0
  6
Continuous
 62
    18
420
        0
370
    25
100
AcDbVertex
100
AcDb2dVertex
 10
10.06262179737198
 20
1.483469587064562
 30
0.0
  0
VERTEX
  5
7A3
330
79F
100
AcDbEntity
  8
0
  6
Continuous
 62
    18
420
        0
370
    25
100
AcDbVertex
100
AcDb2dVertex
 10
9.462621797371964
 20
1.483469587064562
 30
0.0
  0
SEQEND
  5
7A4
330
79F
100
AcDbEntity
  8
0
  6
Continuous
 62
    18
420
        0
370
    25
  0
POLYLINE
  5
7A5
330
1F
100
AcDbEntity
  8
0
  6
Continuous
 62
    18
420
        0
370
    25
100
AcDb2dPolyline
 66
     1
 10
0.0
 20
0.0
 30
0.0
 70
     1
  0
VERTEX
  5
7A6
330
7A5
100
AcDbEntity
  8
0
  6
Continuous
 62
    18
420
        0
370
    25
100
AcDbVertex
100
AcDb2dVertex
 10
10.52981124765368
 20
1.891039385805534
 30
0.0
  0
VERTEX
  5
7A7
330
7A5
100
AcDbEntity
  8
0
  6
Continuous
 62
    18
420
        0
370
    25
100
AcDbVertex
100
AcDb2dVertex
 10
11.12981124765369
 20
1.891039385805534
 30
0.0
  0
VERTEX
  5
7A8
330
7A5
100
AcDbEntity
  8
0
  6
Continuous
 62
    18
420
        0
370
    25
100
AcDbVertex
100
AcDb2dVertex
 10
11.12981124765369
 20
2.491039385805543
 30
0.0
  0
VERTEX
  5
7A9
330
7A5
100
AcDbEntity
  8
0
  6
Continuous
 62
    18
420
        0
370
    25
100
AcDbVertex
100
AcDb2dVertex
 10
10.52981124765368
 20
2.491039385805543
 30
0.0
  0
SEQEND
  5
7AA
330
7A5
100
AcDbEntity
  8
0
  6
Continuous
 62
    18
420
        0
370
    25
  0
POLYLINE
  5
7AB
330
1F
100
AcDbEntity
  8
0
  6
Continuous
 62
    18
420
        0
370
    25
100
AcDb2dPolyline
 66
     1
 10
0.0
 20
0.0
 30
0.0
 70
     1
  0
VERTEX
  5
7AC
330
7AB
100
AcDbEntity
  8
0
  6
Continuous
 62
    18
420
        0
370
    25
100
AcDbVertex
100
AcDb2dVertex
 10
10.54166666666669
 20
2.74462955473988
 30
0.0
  0
VERTEX
  5
7AD
330
7AB
100
AcDbEntity
  8
0
  6
Continuous
 62
    18
420
        0
370
    25
100
AcDbVertex
100
AcDb2dVertex
 10
11.14166666666667
 20
2.74462955473988
 30
0.0
  0
VERTEX
  5
7AE
330
7AB
100
AcDbEntity
  8
0
  6
Continuous
 62
    18
420
        0
370
    25
100
AcDbVertex
100
AcDb2dVertex
 10
11.14166666666667
 20
3.344629554739882
 30
0.0
  0
VERTEX
  5
7AF
330
7AB
100
AcDbEntity
  8
0
  6
Continuous
 62
    18
420
        0
370
    25
100
AcDbVertex
100
AcDb2dVertex
 10
10.54166666666669
 20
3.344629554739882
 30
0.0
  0
SEQEND
  5
7B0
330
7AB
100
AcDbEntity
  8
0
  6
Continuous
 62
    18
420
        0
370
    25
  0
POLYLINE
  5
7B1
330
1F
100
AcDbEntity
  8
0
  6
Continuous
 62
    18
420
        0
370
    25
100
AcDb2dPolyline
 66
     1
 10
0.0
 20
0.0
 30
0.0
 70
     1
  0
VERTEX
  5
7B2
330
7B1
100
AcDbEntity
  8
0
  6
Continuous
 62
    18
420
        0
370
    25
100
AcDbVertex
100
AcDb2dVertex
 10
12.60194474865639
 20
1.624887555735555
 30
0.0
  0
VERTEX
  5
7B3
330
7B1
100
AcDbEntity
  8
0
  6
Continuous
 62
    18
420
        0
370
    25
100
AcDbVertex
100
AcDb2dVertex
 10
14.62575122629864
 20
1.624887555735555
 30
0.0
  0
VERTEX
  5
7B4
330
7B1
100
AcDbEntity
  8
0
  6
Continuous
 62
    18
420
        0
370
    25
100
AcDbVertex
100
AcDb2dVertex
 10
14.62575122629864
 20
3.610781384809869
 30
0.0
  0
VERTEX
  5
7B5
330
7B1
100
AcDbEntity
  8
0
  6
Continuous
 62
    18
420
        0
370
    25
100
AcDbVertex
100
AcDb2dVertex
 10
12.60194474865639
 20
3.610781384809869
 30
0.0
  0
SEQEND
  5
7B6
330
7B1
100
AcDbEntity
  8
0
  6
Continuous
 62
    18
420
        0
370
    25
  0
POLYLINE
  5
7B7
330
1F
100
AcDbEntity
  8
0
  6
Continuous
 62
    18
420
        0
370
    25
100
AcDb2dPolyline
 66
     1
 10
0.0
 20
0.0
 30
0.0
 70
     1
  0
VERTEX
  5
7B8
330
7B7
100
AcDbEntity
  8
0
  6
Continuous
 62
    18
420
        0
370
    25
100
AcDbVertex
100
AcDb2dVertex
 10
13.72403869733211
 20
3.785143048186008
 30
0.0
  0
VERTEX
  5
7B9
330
7B7
100
AcDbEntity
  8
0
  6
Continuous
 62
    18
420
        0
370
    25
100
AcDbVertex
100
AcDb2dVertex
 10
14.32403869733212
 20
3.785143048186008
 30
0.0
  0
VERTEX
  5
7BA
330
7B7
100
AcDbEntity
  8
0
  6
Continuous
 62
    18
420
        0
370
    25
100
AcDbVertex
100
AcDb2dVertex
 10
14.32403869733212
 20
4.385143048186016
 30
0.0
  0
VERTEX
  5
7BB
330
7B7
100
AcDbEntity
  8
0
  6
Continuous
 62
    18
420
        0
370
    25
100
AcDbVertex
100
AcDb2dVertex
 10
13.72403869733211
 20
4.385143048186016
 30
0.0
  0
SEQEND
  5
7BC
330
7B7
100
AcDbEntity
  8
0
  6
Continuous
 62
    18
420
        0
370
    25
  0
POLYLINE
  5
7BD
330
1F
100
AcDbEntity
  8
0
  6
Continuous
 62
    18
420
        0
370
    25
100
AcDb2dPolyline
 66
     1
 10
0.0
 20
0.0
 30
0.0
 70
     1
  0
VERTEX
  5
7BE
330
7BD
100
AcDbEntity
  8
0
  6
Continuous
 62
    18
420
        0
370
    25
100
AcDbVertex
100
AcDb2dVertex
 10
12.90365727762291
 20
3.783527037075693
 30
0.0
  0
VERTEX
  5
7BF
330
7BD
100
AcDbEntity
  8
0
  6
Continuous
 62
    18
420
        0
370
    25
100
AcDbVertex
100
AcDb2dVertex
 10
13.50365727762293
 20
3.783527037075693
 30
0.0
  0
VERTEX
  5
7C0
330
7BD
100
AcDbEntity
  8
0
  6
Continuous
 62
    18
420
        0
370
    25
100
AcDbVertex
100
AcDb2dVertex
 10
13.50365727762293
 20
4.38352703707568
 30
0.0
  0
VERTEX
  5
7C1
330
7BD
100
AcDbEntity
  8
0
  6
Continuous
 62
    18
420
        0
370
    25
100
AcDbVertex
100
AcDb2dVertex
 10
12.90365727762291
 20
4.38352703707568
 30
0.0
  0
SEQEND
  5
7C2
330
7BD
100
AcDbEntity
  8
0
  6
Continuous
 62
    18
420
        0
370
    25
  0
POLYLINE
  5
7C3
330
1F
100
AcDbEntity
  8
0
  6
Continuous
 62
    18
420
        0
370
    25
100
AcDb2dPolyline
 66
     1
 10
0.0
 20
0.0
 30
0.0
 70
     1
  0
VERTEX
  5
7C4
330
7C3
100
AcDbEntity
  8
0
  6
Continuous
 62
    18
420
        0
370
    25
100
AcDbVertex
100
AcDb2dVertex
 10
11.8198160643459
 20
2.730798232558065
 30
0.0
  0
VERTEX
  5
7C5
330
7C3
100
AcDbEntity
  8
0
  6
Continuous
 62
    18
420
        0
370
    25
100
AcDbVertex
100
AcDb2dVertex
 10
12.41981606434589
 20
2.730798232558065
 30
0.0
  0
VERTEX
  5
7C6
330
7C3
100
AcDbEntity
  8
0
  6
Continuous
 62
    18
420
        0
370
    25
100
AcDbVertex
100
AcDb2dVertex
 10
12.41981606434589
 20
3.330798232558074
 30
0.0
  0
VERTEX
  5
7C7
330
7C3
100
AcDbEntity
  8
0
  6
Continuous
 62
    18
420
        0
370
    25
100
AcDbVertex
100
AcDb2dVertex
 10
11.8198160643459
 20
3.330798232558074
 30
0.0
  0
SEQEND
  5
7C8
330
7C3
100
AcDbEntity
  8
0
  6
Continuous
 62
    18
420
        0
370
    25
  0
POLYLINE
  5
7C9
330
1F
100
AcDbEntity
  8
0
  6
Continuous
 62
    18
420
        0
370
    25
100
AcDb2dPolyline
 66
     1
 10
0.0
 20
0.0
 30
0.0
 70
     1
  0
VERTEX
  5
7CA
330
7C9
100
AcDbEntity
  8
0
  6
Continuous
 62
    18
420
        0
370
    25
100
AcDbVertex
100
AcDb2dVertex
 10
11.82376787068355
 20
1.904870707987335
 30
0.0
  0
VERTEX
  5
7CB
330
7C9
100
AcDbEntity
  8
0
  6
Continuous
 62
    18
420
        0
370
    25
100
AcDbVertex
100
AcDb2dVertex
 10
12.42376787068357
 20
1.904870707987335
 30
0.0
  0
VERTEX
  5
7CC
330
7C9
100
AcDbEntity
  8
0
  6
Continuous
 62
    18
420
        0
370
    25
100
AcDbVertex
100
AcDb2dVertex
 10
12.42376787068357
 20
2.504870707987344
 30
0.0
  0
VERTEX
  5
7CD
330
7C9
100
AcDbEntity
  8
0
  6
Continuous
 62
    18
420
        0
370
    25
100
AcDbVertex
100
AcDb2dVertex
 10
11.82376787068355
 20
2.504870707987344
 30
0.0
  0
SEQEND
  5
7CE
330
7C9
100
AcDbEntity
  8
0
  6
Continuous
 62
    18
420
        0
370
    25
  0
POLYLINE
  5
7CF
330
1F
100
AcDbEntity
  8
0
  6
Continuous
 62
    18
420
        0
370
    25
100
AcDb2dPolyline
 66
     1
 10
0.0
 20
0.0
 30
0.0
 70
     1
  0
VERTEX
  5
7D0
330
7CF
100
AcDbEntity
  8
0
  6
Continuous
 62
    18
420
        0
370
    25
100
AcDbVertex
100
AcDb2dVertex
 10
12.93174084424973
 20
0.8753255626388565
 30
0.0
  0
VERTEX
  5
7D1
330
7CF
100
AcDbEntity
  8
0
  6
Continuous
 62
    18
420
        0
370
    25
100
AcDbVertex
100
AcDb2dVertex
 10
13.53174084424971
 20
0.8753255626388565
 30
0.0
  0
VERTEX
  5
7D2
330
7CF
100
AcDbEntity
  8
0
  6
Continuous
 62
    18
420
        0
370
    25
100
AcDbVertex
100
AcDb2dVertex
 10
13.53174084424971
 20
1.475325562638865
 30
0.0
  0
VERTEX
  5
7D3
330
7CF
100
AcDbEntity
  8
0
  6
Continuous
 62
    18
420
        0
370
    25
100
AcDbVertex
100
AcDb2dVertex
 10
12.93174084424973
 20
1.475325562638865
 30
0.0
  0
SEQEND
  5
7D4
330
7CF
100
AcDbEntity
  8
0
  6
Continuous
 62
    18
420
        0
370
    25
  0
POLYLINE
  5
7D5
330
1F
100
AcDbEntity
  8
0
  6
Continuous
 62
    18
420
        0
370
    25
100
AcDb2dPolyline
 66
     1
 10
0.0
 20
0.0
 30
0.0
 70
     1
  0
VERTEX
  5
7D6
330
7D5
100
AcDbEntity
  8
0
  6
Continuous
 62
    18
420
        0
370
    25
100
AcDbVertex
100
AcDb2dVertex
 10
13.6959551307053
 20
0.8834695870645604
 30
0.0
  0
VERTEX
  5
7D7
330
7D5
100
AcDbEntity
  8
0
  6
Continuous
 62
    18
420
        0
370
    25
100
AcDbVertex
100
AcDb2dVertex
 10
14.29595513070531
 20
0.8834695870645604
 30
0.0
  0
VERTEX
  5
7D8
330
7D5
100
AcDbEntity
  8
0
  6
Continuous
 62
    18
420
        0
370
    25
100
AcDbVertex
100
AcDb2dVertex
 10
14.29595513070531
 20
1.483469587064562
 30
0.0
  0
VERTEX
  5
7D9
330
7D5
100
AcDbEntity
  8
0
  6
Continuous
 62
    18
420
        0
370
    25
100
AcDbVertex
100
AcDb2dVertex
 10
13.6959551307053
 20
1.483469587064562
 30
0.0
  0
SEQEND
  5
7DA
330
7D5
100
AcDbEntity
  8
0
  6
Continuous
 62
    18
420
        0
370
    25
  0
POLYLINE
  5
7DB
330
1F
100
AcDbEntity
  8
0
  6
Continuous
 62
    18
420
        0
370
    25
100
AcDb2dPolyline
 66
     1
 10
0.0
 20
0.0
 30
0.0
 70
     1
  0
VERTEX
  5
7DC
330
7DB
100
AcDbEntity
  8
0
  6
Continuous
 62
    18
420
        0
370
    25
100
AcDbVertex
100
AcDb2dVertex
 10
14.763144580987
 20
1.891039385805534
 30
0.0
  0
VERTEX
  5
7DD
330
7DB
100
AcDbEntity
  8
0
  6
Continuous
 62
    18
420
        0
370
    25
100
AcDbVertex
100
AcDb2dVertex
 10
15.36314458098701
 20
1.891039385805534
 30
0.0
  0
VERTEX
  5
7DE
330
7DB
100
AcDbEntity
  8
0
  6
Continuous
 62
    18
420
        0
370
    25
100
AcDbVertex
100
AcDb2dVertex
 10
15.36314458098701
 20
2.491039385805543
 30
0.0
  0
VERTEX
  5
7DF
330
7DB
100
AcDbEntity
  8
0
  6
Continuous
 62
    18
420
        0
370
    25
100
AcDbVertex
100
AcDb2dVertex
 10
14.763144580987
 20
2.491039385805543
 30
0.0
  0
SEQEND
  5
7E0
330
7DB
100
AcDbEntity
  8
0
  6
Continuous
 62
    18
420
        0
370
    25
  0
POLYLINE
  5
7E1
330
1F
100
AcDbEntity
  8
0
  6
Continuous
 62
    18
420
        0
370
    25
100
AcDb2dPolyline
 66
     1
 10
0.0
 20
0.0
 30
0.0
 70
     1
  0
VERTEX
  5
7E2
330
7E1
100
AcDbEntity
  8
0
  6
Continuous
 62
    18
420
        0
370
    25
100
AcDbVertex
100
AcDb2dVertex
 10
14.77500000000001
 20
2.74462955473988
 30
0.0
  0
VERTEX
  5
7E3
330
7E1
100
AcDbEntity
  8
0
  6
Continuous
 62
    18
420
        0
370
    25
100
AcDbVertex
100
AcDb2dVertex
 10
15.37500000000001
 20
2.74462955473988
 30
0.0
  0
VERTEX
  5
7E4
330
7E1
100
AcDbEntity
  8
0
  6
Continuous
 62
    18
420
        0
370
    25
100
AcDbVertex
100
AcDb2dVertex
 10
15.37500000000001
 20
3.344629554739882
 30
0.0
  0
VERTEX
  5
7E5
330
7E1
100
AcDbEntity
  8
0
  6
Continuous
 62
    18
420
        0
370
    25
100
AcDbVertex
100
AcDb2dVertex
 10
14.77500000000001
 20
3.344629554739882
 30
0.0
  0
SEQEND
  5
7E6
330
7E1
100
AcDbEntity
  8
0
  6
Continuous
 62
    18
420
        0
370
    25
  0
POLYLINE
  5
7E7
330
1F
100
AcDbEntity
  8
0
  6
Continuous
 62
    18
420
        0
370
    25
100
AcDb2dPolyline
 66
     1
 10
0.0
 20
0.0
 30
0.0
 70
     1
  0
VERTEX
  5
7E8
330
7E7
100
AcDbEntity
  8
0
  6
Continuous
 62
    18
420
        0
370
    25
100
AcDbVertex
100
AcDb2dVertex
 10
7.669543157905024
 20
4.334660858206824
 30
0.0
  0
VERTEX
  5
7E9
330
7E7
100
AcDbEntity
  8
0
  6
Continuous
 62
    18
420
        0
370
    25
100
AcDbVertex
100
AcDb2dVertex
 10
7.857043157905029
 20
4.334660858206824
 30
0.0
  0
VERTEX
  5
7EA
330
7E7
100
AcDbEntity
  8
0
  6
Continuous
 62
    18
420
        0
370
    25
100
AcDbVertex
100
AcDb2dVertex
 10
7.857043157905029
 20
4.522160858206838
 30
0.0
  0
VERTEX
  5
7EB
330
7E7
100
AcDbEntity
  8
0
  6
Continuous
 62
    18
420
        0
370
    25
100
AcDbVertex
100
AcDb2dVertex
 10
7.669543157905024
 20
4.522160858206838
 30
0.0
  0
SEQEND
  5
7EC
330
7E7
100
AcDbEntity
  8
0
  6
Continuous
 62
    18
420
        0
370
    25
  0
POLYLINE
  5
7ED
330
1F
100
AcDbEntity
  8
0
  6
Continuous
 62
    18
420
        0
370
    25
100
AcDb2dPolyline
 66
     1
 10
0.0
 20
0.0
 30
0.0
 70
     1
  0
VERTEX
  5
7EE
330
7ED
100
AcDbEntity
  8
0
  6
Continuous
 62
    18
420
        0
370
    25
100
AcDbVertex
100
AcDb2dVertex
 10
15.12020982457171
 20
4.334660858206824
 30
0.0
  0
VERTEX
  5
7EF
330
7ED
100
AcDbEntity
  8
0
  6
Continuous
 62
    18
420
        0
370
    25
100
AcDbVertex
100
AcDb2dVertex
 10
15.30770982457171
 20
4.334660858206824
 30
0.0
  0
VERTEX
  5
7F0
330
7ED
100
AcDbEntity
  8
0
  6
Continuous
 62
    18
420
        0
370
    25
100
AcDbVertex
100
AcDb2dVertex
 10
15.30770982457171
 20
4.522160858206838
 30
0.0
  0
VERTEX
  5
7F1
330
7ED
100
AcDbEntity
  8
0
  6
Continuous
 62
    18
420
        0
370
    25
100
AcDbVertex
100
AcDb2dVertex
 10
15.12020982457171
 20
4.522160858206838
 30
0.0
  0
SEQEND
  5
7F2
330
7ED
100
AcDbEntity
  8
0
  6
Continuous
 62
    18
420
        0
370
    25
  0
POLYLINE
  5
7F3
330
1F
100
AcDbEntity
  8
0
  6
Continuous
 62
    18
420
        0
370
    25
100
AcDb2dPolyline
 66
     1
 10
0.0
 20
0.0
 30
0.0
 70
     1
  0
VERTEX
  5
7F4
330
7F3
100
AcDbEntity
  8
0
  6
Continuous
 62
    18
420
        0
370
    25
100
AcDbVertex
100
AcDb2dVertex
 10
15.12020982457171
 20
0.9903275248735
 30
0.0
  0
VERTEX
  5
7F5
330
7F3
100
AcDbEntity
  8
0
  6
Continuous
 62
    18
420
        0
370
    25
100
AcDbVertex
100
AcDb2dVertex
 10
15.30770982457171
 20
0.9903275248735
 30
0.0
  0
VERTEX
  5
7F6
330
7F3
100
AcDbEntity
  8
0
  6
Continuous
 62
    18
420
        0
370
    25
100
AcDbVertex
100
AcDb2dVertex
 10
15.30770982457171
 20
1.1778275248735
 30
0.0
  0
VERTEX
  5
7F7
330
7F3
100
AcDbEntity
  8
0
  6
Continuous
 62
    18
420
        0
370
    25
100
AcDbVertex
100
AcDb2dVertex
 10
15.12020982457171
 20
1.1778275248735
 30
0.0
  0
SEQEND
  5
7F8
330
7F3
100
AcDbEntity
  8
0
  6
Continuous
 62
    18
420
        0
370
    25
  0
POLYLINE
  5
7F9
330
1F
100
AcDbEntity
  8
0
  6
Continuous
 62
    18
420
        0
370
    25
100
AcDb2dPolyline
 66
     1
 10
0.0
 20
0.0
 30
0.0
 70
     1
  0
VERTEX
  5
7FA
330
7F9
100
AcDbEntity
  8
0
  6
Continuous
 62
    18
420
        0
370
    25
100
AcDbVertex
100
AcDb2dVertex
 10
7.669543157905042
 20
0.9903275248735
 30
0.0
  0
VERTEX
  5
7FB
330
7F9
100
AcDbEntity
  8
0
  6
Continuous
 62
    18
420
        0
370
    25
100
AcDbVertex
100
AcDb2dVertex
 10
7.857043157905049
 20
0.9903275248735
 30
0.0
  0
VERTEX
  5
7FC
330
7F9
100
AcDbEntity
  8
0
  6
Continuous
 62
    18
420
        0
370
    25
100
AcDbVertex
100
AcDb2dVertex
 10
7.857043157905049
 20
1.1778275248735
 30
0.0
  0
VERTEX
  5
7FD
330
7F9
100
AcDbEntity
  8
0
  6
Continuous
 62
    18
420
        0
370
    25
100
AcDbVertex
100
AcDb2dVertex
 10
7.669543157905042
 20
1.1778275248735
 30
0.0
  0
SEQEND
  5
7FE
330
7F9
100
AcDbEntity
  8
0
  6
Continuous
 62
    18
420
        0
370
    25
  0
POLYLINE
  5
7FF
330
1F
100
AcDbEntity
  8
0
  6
Continuous
 62
    18
420
        0
370
    25
100
AcDb2dPolyline
 66
     1
 10
0.0
 20
0.0
 30
0.0
 70
     1
  0
VERTEX
  5
800
330
7FF
100
AcDbEntity
  8
0
  6
Continuous
 62
    18
420
        0
370
    25
100
AcDbVertex
100
AcDb2dVertex
 10
11.41954315790503
 20
0.9903275248735
 30
0.0
  0
VERTEX
  5
801
330
7FF
100
AcDbEntity
  8
0
  6
Continuous
 62
    18
420
        0
370
    25
100
AcDbVertex
100
AcDb2dVertex
 10
11.60704315790504
 20
0.9903275248735
 30
0.0
  0
VERTEX
  5
802
330
7FF
100
AcDbEntity
  8
0
  6
Continuous
 62
    18
420
        0
370
    25
100
AcDbVertex
100
AcDb2dVertex
 10
11.60704315790504
 20
1.1778275248735
 30
0.0
  0
VERTEX
  5
803
330
7FF
100
AcDbEntity
  8
0
  6
Continuous
 62
    18
420
        0
370
    25
100
AcDbVertex
100
AcDb2dVertex
 10
11.41954315790503
 20
1.1778275248735
 30
0.0
  0
SEQEND
  5
804
330
7FF
100
AcDbEntity
  8
0
  6
Continuous
 62
    18
420
        0
370
    25
  0
POLYLINE
  5
805
330
1F
100
AcDbEntity
  8
0
  6
Continuous
 62
    18
420
        0
370
    25
100
AcDb2dPolyline
 66
     1
 10
0.0
 20
0.0
 30
0.0
 70
     1
  0
VERTEX
  5
806
330
805
100
AcDbEntity
  8
0
  6
Continuous
 62
    18
420
        0
370
    25
100
AcDbVertex
100
AcDb2dVertex
 10
11.41954315790503
 20
4.365327524873493
 30
0.0
  0
VERTEX
  5
807
330
805
100
AcDbEntity
  8
0
  6
Continuous
 62
    18
420
        0
370
    25
100
AcDbVertex
100
AcDb2dVertex
 10
11.60704315790504
 20
4.365327524873493
 30
0.0
  0
VERTEX
  5
808
330
805
100
AcDbEntity
  8
0
  6
Continuous
 62
    18
420
        0
370
    25
100
AcDbVertex
100
AcDb2dVertex
 10
11.60704315790504
 20
4.5528275248735
 30
0.0
  0
VERTEX
  5
809
330
805
100
AcDbEntity
  8
0
  6
Continuous
 62
    18
420
        0
370
    25
100
AcDbVertex
100
AcDb2dVertex
 10
11.41954315790503
 20
4.5528275248735
 30
0.0
  0
SEQEND
  5
80A
330
805
100
AcDbEntity
  8
0
  6
Continuous
 62
    18
420
        0
370
    25
  0
POLYLINE
  5
80B
330
1F
100
AcDbEntity
  8
0
  6
Continuous
 62
    18
420
        0
370
    25
100
AcDb2dPolyline
 66
     1
 10
0.0
 20
0.0
 30
0.0
 70
     1
  0
VERTEX
  5
80C
330
80B
100
AcDbEntity
  8
0
  6
Continuous
 62
    18
420
        0
370
    25
100
AcDbVertex
100
AcDb2dVertex
 10
57.36270338315013
 20
0.9900194146320516
 30
0.0
  0
VERTEX
  5
80D
330
80B
100
AcDbEntity
  8
0
  6
Continuous
 62
    18
420
        0
370
    25
100
AcDbVertex
100
AcDb2dVertex
 10
59.38650986079237
 20
0.9900194146320516
 30
0.0
  0
VERTEX
  5
80E
330
80B
100
AcDbEntity
  8
0
  6
Continuous
 62
    18
420
        0
370
    25
100
AcDbVertex
100
AcDb2dVertex
 10
59.38650986079237
 20
2.975913243706366
 30
0.0
  0
VERTEX
  5
80F
330
80B
100
AcDbEntity
  8
0
  6
Continuous
 62
    18
420
        0
370
    25
100
AcDbVertex
100
AcDb2dVertex
 10
57.36270338315013
 20
2.975913243706366
 30
0.0
  0
SEQEND
  5
810
330
80B
100
AcDbEntity
  8
0
  6
Continuous
 62
    18
420
        0
370
    25
  0
POLYLINE
  5
811
330
1F
100
AcDbEntity
  8
0
  6
Continuous
 62
    18
420
        0
370
    25
100
AcDb2dPolyline
 66
     1
 10
0.0
 20
0.0
 30
0.0
 70
     1
  0
VERTEX
  5
812
330
811
100
AcDbEntity
  8
0
  6
Continuous
 62
    18
420
        0
370
    25
100
AcDbVertex
100
AcDb2dVertex
 10
58.48479733182584
 20
3.150274907082505
 30
0.0
  0
VERTEX
  5
813
330
811
100
AcDbEntity
  8
0
  6
Continuous
 62
    18
420
        0
370
    25
100
AcDbVertex
100
AcDb2dVertex
 10
59.08479733182585
 20
3.150274907082505
 30
0.0
  0
VERTEX
  5
814
330
811
100
AcDbEntity
  8
0
  6
Continuous
 62
    18
420
        0
370
    25
100
AcDbVertex
100
AcDb2dVertex
 10
59.08479733182585
 20
3.750274907082513
 30
0.0
  0
VERTEX
  5
815
330
811
100
AcDbEntity
  8
0
  6
Continuous
 62
    18
420
        0
370
    25
100
AcDbVertex
100
AcDb2dVertex
 10
58.48479733182584
 20
3.750274907082513
 30
0.0
  0
SEQEND
  5
816
330
811
100
AcDbEntity
  8
0
  6
Continuous
 62
    18
420
        0
370
    25
  0
POLYLINE
  5
817
330
1F
100
AcDbEntity
  8
0
  6
Continuous
 62
    18
420
        0
370
    25
100
AcDb2dPolyline
 66
     1
 10
0.0
 20
0.0
 30
0.0
 70
     1
  0
VERTEX
  5
818
330
817
100
AcDbEntity
  8
0
  6
Continuous
 62
    18
420
        0
370
    25
100
AcDbVertex
100
AcDb2dVertex
 10
57.66441591211664
 20
3.14865889597219
 30
0.0
  0
VERTEX
  5
819
330
817
100
AcDbEntity
  8
0
  6
Continuous
 62
    18
420
        0
370
    25
100
AcDbVertex
100
AcDb2dVertex
 10
58.26441591211665
 20
3.14865889597219
 30
0.0
  0
VERTEX
  5
81A
330
817
100
AcDbEntity
  8
0
  6
Continuous
 62
    18
420
        0
370
    25
100
AcDbVertex
100
AcDb2dVertex
 10
58.26441591211665
 20
3.748658895972191
 30
0.0
  0
VERTEX
  5
81B
330
817
100
AcDbEntity
  8
0
  6
Continuous
 62
    18
420
        0
370
    25
100
AcDbVertex
100
AcDb2dVertex
 10
57.66441591211664
 20
3.748658895972191
 30
0.0
  0
SEQEND
  5
81C
330
817
100
AcDbEntity
  8
0
  6
Continuous
 62
    18
420
        0
370
    25
  0
POLYLINE
  5
81D
330
1F
100
AcDbEntity
  8
0
  6
Continuous
 62
    18
420
        0
370
    25
100
AcDb2dPolyline
 66
     1
 10
0.0
 20
0.0
 30
0.0
 70
     1
  0
VERTEX
  5
81E
330
81D
100
AcDbEntity
  8
0
  6
Continuous
 62
    18
420
        0
370
    25
100
AcDbVertex
100
AcDb2dVertex
 10
56.58057469883963
 20
2.095930091454576
 30
0.0
  0
VERTEX
  5
81F
330
81D
100
AcDbEntity
  8
0
  6
Continuous
 62
    18
420
        0
370
    25
100
AcDbVertex
100
AcDb2dVertex
 10
57.18057469883962
 20
2.095930091454576
 30
0.0
  0
VERTEX
  5
820
330
81D
100
AcDbEntity
  8
0
  6
Continuous
 62
    18
420
        0
370
    25
100
AcDbVertex
100
AcDb2dVertex
 10
57.18057469883962
 20
2.695930091454585
 30
0.0
  0
VERTEX
  5
821
330
81D
100
AcDbEntity
  8
0
  6
Continuous
 62
    18
420
        0
370
    25
100
AcDbVertex
100
AcDb2dVertex
 10
56.58057469883963
 20
2.695930091454585
 30
0.0
  0
SEQEND
  5
822
330
81D
100
AcDbEntity
  8
0
  6
Continuous
 62
    18
420
        0
370
    25
  0
POLYLINE
  5
823
330
1F
100
AcDbEntity
  8
0
  6
Continuous
 62
    18
420
        0
370
    25
100
AcDb2dPolyline
 66
     1
 10
0.0
 20
0.0
 30
0.0
 70
     1
  0
VERTEX
  5
824
330
823
100
AcDbEntity
  8
0
  6
Continuous
 62
    18
420
        0
370
    25
100
AcDbVertex
100
AcDb2dVertex
 10
56.58452650517729
 20
1.270002566883846
 30
0.0
  0
VERTEX
  5
825
330
823
100
AcDbEntity
  8
0
  6
Continuous
 62
    18
420
        0
370
    25
100
AcDbVertex
100
AcDb2dVertex
 10
57.18452650517732
 20
1.270002566883846
 30
0.0
  0
VERTEX
  5
826
330
823
100
AcDbEntity
  8
0
  6
Continuous
 62
    18
420
        0
370
    25
100
AcDbVertex
100
AcDb2dVertex
 10
57.18452650517732
 20
1.870002566883855
 30
0.0
  0
VERTEX
  5
827
330
823
100
AcDbEntity
  8
0
  6
Continuous
 62
    18
420
        0
370
    25
100
AcDbVertex
100
AcDb2dVertex
 10
56.58452650517729
 20
1.870002566883855
 30
0.0
  0
SEQEND
  5
828
330
823
100
AcDbEntity
  8
0
  6
Continuous
 62
    18
420
        0
370
    25
  0
POLYLINE
  5
829
330
1F
100
AcDbEntity
  8
0
  6
Continuous
 62
    18
420
        0
370
    25
100
AcDb2dPolyline
 66
     1
 10
0.0
 20
0.0
 30
0.0
 70
     1
  0
VERTEX
  5
82A
330
829
100
AcDbEntity
  8
0
  6
Continuous
 62
    18
420
        0
370
    25
100
AcDbVertex
100
AcDb2dVertex
 10
57.69249947874345
 20
0.2404574215353605
 30
0.0
  0
VERTEX
  5
82B
330
829
100
AcDbEntity
  8
0
  6
Continuous
 62
    18
420
        0
370
    25
100
AcDbVertex
100
AcDb2dVertex
 10
58.29249947874345
 20
0.2404574215353605
 30
0.0
  0
VERTEX
  5
82C
330
829
100
AcDbEntity
  8
0
  6
Continuous
 62
    18
420
        0
370
    25
100
AcDbVertex
100
AcDb2dVertex
 10
58.29249947874345
 20
0.8404574215353762
 30
0.0
  0
VERTEX
  5
82D
330
829
100
AcDbEntity
  8
0
  6
Continuous
 62
    18
420
        0
370
    25
100
AcDbVertex
100
AcDb2dVertex
 10
57.69249947874345
 20
0.8404574215353762
 30
0.0
  0
SEQEND
  5
82E
330
829
100
AcDbEntity
  8
0
  6
Continuous
 62
    18
420
        0
370
    25
  0
POLYLINE
  5
82F
330
1F
100
AcDbEntity
  8
0
  6
Continuous
 62
    18
420
        0
370
    25
100
AcDb2dPolyline
 66
     1
 10
0.0
 20
0.0
 30
0.0
 70
     1
  0
VERTEX
  5
830
330
82F
100
AcDbEntity
  8
0
  6
Continuous
 62
    18
420
        0
370
    25
100
AcDbVertex
100
AcDb2dVertex
 10
58.45671376519902
 20
0.2486014459610644
 30
0.0
  0
VERTEX
  5
831
330
82F
100
AcDbEntity
  8
0
  6
Continuous
 62
    18
420
        0
370
    25
100
AcDbVertex
100
AcDb2dVertex
 10
59.05671376519904
 20
0.2486014459610644
 30
0.0
  0
VERTEX
  5
832
330
82F
100
AcDbEntity
  8
0
  6
Continuous
 62
    18
420
        0
370
    25
100
AcDbVertex
100
AcDb2dVertex
 10
59.05671376519904
 20
0.8486014459610587
 30
0.0
  0
VERTEX
  5
833
330
82F
100
AcDbEntity
  8
0
  6
Continuous
 62
    18
420
        0
370
    25
100
AcDbVertex
100
AcDb2dVertex
 10
58.45671376519902
 20
0.8486014459610587
 30
0.0
  0
SEQEND
  5
834
330
82F
100
AcDbEntity
  8
0
  6
Continuous
 62
    18
420
        0
370
    25
  0
POLYLINE
  5
835
330
1F
100
AcDbEntity
  8
0
  6
Continuous
 62
    18
420
        0
370
    25
100
AcDb2dPolyline
 66
     1
 10
0.0
 20
0.0
 30
0.0
 70
     1
  0
VERTEX
  5
836
330
835
100
AcDbEntity
  8
0
  6
Continuous
 62
    18
420
        0
370
    25
100
AcDbVertex
100
AcDb2dVertex
 10
59.52390321548075
 20
1.256171244702038
 30
0.0
  0
VERTEX
  5
837
330
835
100
AcDbEntity
  8
0
  6
Continuous
 62
    18
420
        0
370
    25
100
AcDbVertex
100
AcDb2dVertex
 10
60.12390321548073
 20
1.256171244702038
 30
0.0
  0
VERTEX
  5
838
330
835
100
AcDbEntity
  8
0
  6
Continuous
 62
    18
420
        0
370
    25
100
AcDbVertex
100
AcDb2dVertex
 10
60.12390321548073
 20
1.856171244702047
 30
0.0
  0
VERTEX
  5
839
330
835
100
AcDbEntity
  8
0
  6
Continuous
 62
    18
420
        0
370
    25
100
AcDbVertex
100
AcDb2dVertex
 10
59.52390321548075
 20
1.856171244702047
 30
0.0
  0
SEQEND
  5
83A
330
835
100
AcDbEntity
  8
0
  6
Continuous
 62
    18
420
        0
370
    25
  0
POLYLINE
  5
83B
330
1F
100
AcDbEntity
  8
0
  6
Continuous
 62
    18
420
        0
370
    25
100
AcDb2dPolyline
 66
     1
 10
0.0
 20
0.0
 30
0.0
 70
     1
  0
VERTEX
  5
83C
330
83B
100
AcDbEntity
  8
0
  6
Continuous
 62
    18
420
        0
370
    25
100
AcDbVertex
100
AcDb2dVertex
 10
59.53575863449375
 20
2.109761413636392
 30
0.0
  0
VERTEX
  5
83D
330
83B
100
AcDbEntity
  8
0
  6
Continuous
 62
    18
420
        0
370
    25
100
AcDbVertex
100
AcDb2dVertex
 10
60.13575863449375
 20
2.109761413636392
 30
0.0
  0
VERTEX
  5
83E
330
83B
100
AcDbEntity
  8
0
  6
Continuous
 62
    18
420
        0
370
    25
100
AcDbVertex
100
AcDb2dVertex
 10
60.13575863449375
 20
2.709761413636393
 30
0.0
  0
VERTEX
  5
83F
330
83B
100
AcDbEntity
  8
0
  6
Continuous
 62
    18
420
        0
370
    25
100
AcDbVertex
100
AcDb2dVertex
 10
59.53575863449375
 20
2.709761413636393
 30
0.0
  0
SEQEND
  5
840
330
83B
100
AcDbEntity
  8
0
  6
Continuous
 62
    18
420
        0
370
    25
  0
POLYLINE
  5
841
330
1F
100
AcDbEntity
  8
0
  6
Continuous
 62
    18
420
        0
370
    25
100
AcDb2dPolyline
 66
     1
 10
0.0
 20
0.0
 30
0.0
 70
     1
  0
VERTEX
  5
842
330
841
100
AcDbEntity
  8
0
  6
Continuous
 62
    18
420
        0
370
    25
100
AcDbVertex
100
AcDb2dVertex
 10
61.59603671648345
 20
0.9900194146320516
 30
0.0
  0
VERTEX
  5
843
330
841
100
AcDbEntity
  8
0
  6
Continuous
 62
    18
420
        0
370
    25
100
AcDbVertex
100
AcDb2dVertex
 10
63.6198431941257
 20
0.9900194146320516
 30
0.0
  0
VERTEX
  5
844
330
841
100
AcDbEntity
  8
0
  6
Continuous
 62
    18
420
        0
370
    25
100
AcDbVertex
100
AcDb2dVertex
 10
63.6198431941257
 20
2.975913243706366
 30
0.0
  0
VERTEX
  5
845
330
841
100
AcDbEntity
  8
0
  6
Continuous
 62
    18
420
        0
370
    25
100
AcDbVertex
100
AcDb2dVertex
 10
61.59603671648345
 20
2.975913243706366
 30
0.0
  0
SEQEND
  5
846
330
841
100
AcDbEntity
  8
0
  6
Continuous
 62
    18
420
        0
370
    25
  0
POLYLINE
  5
847
330
1F
100
AcDbEntity
  8
0
  6
Continuous
 62
    18
420
        0
370
    25
100
AcDb2dPolyline
 66
     1
 10
0.0
 20
0.0
 30
0.0
 70
     1
  0
VERTEX
  5
848
330
847
100
AcDbEntity
  8
0
  6
Continuous
 62
    18
420
        0
370
    25
100
AcDbVertex
100
AcDb2dVertex
 10
62.71813066515917
 20
3.150274907082505
 30
0.0
  0
VERTEX
  5
849
330
847
100
AcDbEntity
  8
0
  6
Continuous
 62
    18
420
        0
370
    25
100
AcDbVertex
100
AcDb2dVertex
 10
63.31813066515919
 20
3.150274907082505
 30
0.0
  0
VERTEX
  5
84A
330
847
100
AcDbEntity
  8
0
  6
Continuous
 62
    18
420
        0
370
    25
100
AcDbVertex
100
AcDb2dVertex
 10
63.31813066515919
 20
3.750274907082513
 30
0.0
  0
VERTEX
  5
84B
330
847
100
AcDbEntity
  8
0
  6
Continuous
 62
    18
420
        0
370
    25
100
AcDbVertex
100
AcDb2dVertex
 10
62.71813066515917
 20
3.750274907082513
 30
0.0
  0
SEQEND
  5
84C
330
847
100
AcDbEntity
  8
0
  6
Continuous
 62
    18
420
        0
370
    25
  0
POLYLINE
  5
84D
330
1F
100
AcDbEntity
  8
0
  6
Continuous
 62
    18
420
        0
370
    25
100
AcDb2dPolyline
 66
     1
 10
0.0
 20
0.0
 30
0.0
 70
     1
  0
VERTEX
  5
84E
330
84D
100
AcDbEntity
  8
0
  6
Continuous
 62
    18
420
        0
370
    25
100
AcDbVertex
100
AcDb2dVertex
 10
61.89774924544997
 20
3.14865889597219
 30
0.0
  0
VERTEX
  5
84F
330
84D
100
AcDbEntity
  8
0
  6
Continuous
 62
    18
420
        0
370
    25
100
AcDbVertex
100
AcDb2dVertex
 10
62.49774924544999
 20
3.14865889597219
 30
0.0
  0
VERTEX
  5
850
330
84D
100
AcDbEntity
  8
0
  6
Continuous
 62
    18
420
        0
370
    25
100
AcDbVertex
100
AcDb2dVertex
 10
62.49774924544999
 20
3.748658895972191
 30
0.0
  0
VERTEX
  5
851
330
84D
100
AcDbEntity
  8
0
  6
Continuous
 62
    18
420
        0
370
    25
100
AcDbVertex
100
AcDb2dVertex
 10
61.89774924544997
 20
3.748658895972191
 30
0.0
  0
SEQEND
  5
852
330
84D
100
AcDbEntity
  8
0
  6
Continuous
 62
    18
420
        0
370
    25
  0
POLYLINE
  5
853
330
1F
100
AcDbEntity
  8
0
  6
Continuous
 62
    18
420
        0
370
    25
100
AcDb2dPolyline
 66
     1
 10
0.0
 20
0.0
 30
0.0
 70
     1
  0
VERTEX
  5
854
330
853
100
AcDbEntity
  8
0
  6
Continuous
 62
    18
420
        0
370
    25
100
AcDbVertex
100
AcDb2dVertex
 10
60.81390803217296
 20
2.095930091454576
 30
0.0
  0
VERTEX
  5
855
330
853
100
AcDbEntity
  8
0
  6
Continuous
 62
    18
420
        0
370
    25
100
AcDbVertex
100
AcDb2dVertex
 10
61.41390803217296
 20
2.095930091454576
 30
0.0
  0
VERTEX
  5
856
330
853
100
AcDbEntity
  8
0
  6
Continuous
 62
    18
420
        0
370
    25
100
AcDbVertex
100
AcDb2dVertex
 10
61.41390803217296
 20
2.695930091454585
 30
0.0
  0
VERTEX
  5
857
330
853
100
AcDbEntity
  8
0
  6
Continuous
 62
    18
420
        0
370
    25
100
AcDbVertex
100
AcDb2dVertex
 10
60.81390803217296
 20
2.695930091454585
 30
0.0
  0
SEQEND
  5
858
330
853
100
AcDbEntity
  8
0
  6
Continuous
 62
    18
420
        0
370
    25
  0
POLYLINE
  5
859
330
1F
100
AcDbEntity
  8
0
  6
Continuous
 62
    18
420
        0
370
    25
100
AcDb2dPolyline
 66
     1
 10
0.0
 20
0.0
 30
0.0
 70
     1
  0
VERTEX
  5
85A
330
859
100
AcDbEntity
  8
0
  6
Continuous
 62
    18
420
        0
370
    25
100
AcDbVertex
100
AcDb2dVertex
 10
60.81785983851062
 20
1.270002566883846
 30
0.0
  0
VERTEX
  5
85B
330
859
100
AcDbEntity
  8
0
  6
Continuous
 62
    18
420
        0
370
    25
100
AcDbVertex
100
AcDb2dVertex
 10
61.41785983851066
 20
1.270002566883846
 30
0.0
  0
VERTEX
  5
85C
330
859
100
AcDbEntity
  8
0
  6
Continuous
 62
    18
420
        0
370
    25
100
AcDbVertex
100
AcDb2dVertex
 10
61.41785983851066
 20
1.870002566883855
 30
0.0
  0
VERTEX
  5
85D
330
859
100
AcDbEntity
  8
0
  6
Continuous
 62
    18
420
        0
370
    25
100
AcDbVertex
100
AcDb2dVertex
 10
60.81785983851062
 20
1.870002566883855
 30
0.0
  0
SEQEND
  5
85E
330
859
100
AcDbEntity
  8
0
  6
Continuous
 62
    18
420
        0
370
    25
  0
POLYLINE
  5
85F
330
1F
100
AcDbEntity
  8
0
  6
Continuous
 62
    18
420
        0
370
    25
100
AcDb2dPolyline
 66
     1
 10
0.0
 20
0.0
 30
0.0
 70
     1
  0
VERTEX
  5
860
330
85F
100
AcDbEntity
  8
0
  6
Continuous
 62
    18
420
        0
370
    25
100
AcDbVertex
100
AcDb2dVertex
 10
61.92583281207678
 20
0.2404574215353605
 30
0.0
  0
VERTEX
  5
861
330
85F
100
AcDbEntity
  8
0
  6
Continuous
 62
    18
420
        0
370
    25
100
AcDbVertex
100
AcDb2dVertex
 10
62.52583281207676
 20
0.2404574215353605
 30
0.0
  0
VERTEX
  5
862
330
85F
100
AcDbEntity
  8
0
  6
Continuous
 62
    18
420
        0
370
    25
100
AcDbVertex
100
AcDb2dVertex
 10
62.52583281207676
 20
0.8404574215353762
 30
0.0
  0
VERTEX
  5
863
330
85F
100
AcDbEntity
  8
0
  6
Continuous
 62
    18
420
        0
370
    25
100
AcDbVertex
100
AcDb2dVertex
 10
61.92583281207678
 20
0.8404574215353762
 30
0.0
  0
SEQEND
  5
864
330
85F
100
AcDbEntity
  8
0
  6
Continuous
 62
    18
420
        0
370
    25
  0
POLYLINE
  5
865
330
1F
100
AcDbEntity
  8
0
  6
Continuous
 62
    18
420
        0
370
    25
100
AcDb2dPolyline
 66
     1
 10
0.0
 20
0.0
 30
0.0
 70
     1
  0
VERTEX
  5
866
330
865
100
AcDbEntity
  8
0
  6
Continuous
 62
    18
420
        0
370
    25
100
AcDbVertex
100
AcDb2dVertex
 10
62.69004709853235
 20
0.2486014459610644
 30
0.0
  0
VERTEX
  5
867
330
865
100
AcDbEntity
  8
0
  6
Continuous
 62
    18
420
        0
370
    25
100
AcDbVertex
100
AcDb2dVertex
 10
63.29004709853237
 20
0.2486014459610644
 30
0.0
  0
VERTEX
  5
868
330
865
100
AcDbEntity
  8
0
  6
Continuous
 62
    18
420
        0
370
    25
100
AcDbVertex
100
AcDb2dVertex
 10
63.29004709853237
 20
0.8486014459610587
 30
0.0
  0
VERTEX
  5
869
330
865
100
AcDbEntity
  8
0
  6
Continuous
 62
    18
420
        0
370
    25
100
AcDbVertex
100
AcDb2dVertex
 10
62.69004709853235
 20
0.8486014459610587
 30
0.0
  0
SEQEND
  5
86A
330
865
100
AcDbEntity
  8
0
  6
Continuous
 62
    18
420
        0
370
    25
  0
POLYLINE
  5
86B
330
1F
100
AcDbEntity
  8
0
  6
Continuous
 62
    18
420
        0
370
    25
100
AcDb2dPolyline
 66
     1
 10
0.0
 20
0.0
 30
0.0
 70
     1
  0
VERTEX
  5
86C
330
86B
100
AcDbEntity
  8
0
  6
Continuous
 62
    18
420
        0
370
    25
100
AcDbVertex
100
AcDb2dVertex
 10
63.75723654881408
 20
1.256171244702038
 30
0.0
  0
VERTEX
  5
86D
330
86B
100
AcDbEntity
  8
0
  6
Continuous
 62
    18
420
        0
370
    25
100
AcDbVertex
100
AcDb2dVertex
 10
64.35723654881409
 20
1.256171244702038
 30
0.0
  0
VERTEX
  5
86E
330
86B
100
AcDbEntity
  8
0
  6
Continuous
 62
    18
420
        0
370
    25
100
AcDbVertex
100
AcDb2dVertex
 10
64.35723654881409
 20
1.856171244702047
 30
0.0
  0
VERTEX
  5
86F
330
86B
100
AcDbEntity
  8
0
  6
Continuous
 62
    18
420
        0
370
    25
100
AcDbVertex
100
AcDb2dVertex
 10
63.75723654881408
 20
1.856171244702047
 30
0.0
  0
SEQEND
  5
870
330
86B
100
AcDbEntity
  8
0
  6
Continuous
 62
    18
420
        0
370
    25
  0
POLYLINE
  5
871
330
1F
100
AcDbEntity
  8
0
  6
Continuous
 62
    18
420
        0
370
    25
100
AcDb2dPolyline
 66
     1
 10
0.0
 20
0.0
 30
0.0
 70
     1
  0
VERTEX
  5
872
330
871
100
AcDbEntity
  8
0
  6
Continuous
 62
    18
420
        0
370
    25
100
AcDbVertex
100
AcDb2dVertex
 10
63.76909196782708
 20
2.109761413636392
 30
0.0
  0
VERTEX
  5
873
330
871
100
AcDbEntity
  8
0
  6
Continuous
 62
    18
420
        0
370
    25
100
AcDbVertex
100
AcDb2dVertex
 10
64.36909196782707
 20
2.109761413636392
 30
0.0
  0
VERTEX
  5
874
330
871
100
AcDbEntity
  8
0
  6
Continuous
 62
    18
420
        0
370
    25
100
AcDbVertex
100
AcDb2dVertex
 10
64.36909196782707
 20
2.709761413636393
 30
0.0
  0
VERTEX
  5
875
330
871
100
AcDbEntity
  8
0
  6
Continuous
 62
    18
420
        0
370
    25
100
AcDbVertex
100
AcDb2dVertex
 10
63.76909196782708
 20
2.709761413636393
 30
0.0
  0
SEQEND
  5
876
330
871
100
AcDbEntity
  8
0
  6
Continuous
 62
    18
420
        0
370
    25
  0
POLYLINE
  5
877
330
1F
100
AcDbEntity
  8
0
  6
Continuous
 62
    18
420
        0
370
    25
100
AcDb2dPolyline
 66
     1
 10
0.0
 20
0.0
 30
0.0
 70
     1
  0
VERTEX
  5
878
330
877
100
AcDbEntity
  8
0
  6
Continuous
 62
    18
420
        0
370
    25
100
AcDbVertex
100
AcDb2dVertex
 10
56.6636351257321
 20
3.699792717103328
 30
0.0
  0
VERTEX
  5
879
330
877
100
AcDbEntity
  8
0
  6
Continuous
 62
    18
420
        0
370
    25
100
AcDbVertex
100
AcDb2dVertex
 10
56.85113512573209
 20
3.699792717103328
 30
0.0
  0
VERTEX
  5
87A
330
877
100
AcDbEntity
  8
0
  6
Continuous
 62
    18
420
        0
370
    25
100
AcDbVertex
100
AcDb2dVertex
 10
56.85113512573209
 20
3.887292717103335
 30
0.0
  0
VERTEX
  5
87B
330
877
100
AcDbEntity
  8
0
  6
Continuous
 62
    18
420
        0
370
    25
100
AcDbVertex
100
AcDb2dVertex
 10
56.6636351257321
 20
3.887292717103335
 30
0.0
  0
SEQEND
  5
87C
330
877
100
AcDbEntity
  8
0
  6
Continuous
 62
    18
420
        0
370
    25
  0
POLYLINE
  5
87D
330
1F
100
AcDbEntity
  8
0
  6
Continuous
 62
    18
420
        0
370
    25
100
AcDb2dPolyline
 66
     1
 10
0.0
 20
0.0
 30
0.0
 70
     1
  0
VERTEX
  5
87E
330
87D
100
AcDbEntity
  8
0
  6
Continuous
 62
    18
420
        0
370
    25
100
AcDbVertex
100
AcDb2dVertex
 10
60.28313512573209
 20
7.44629271710334
 30
0.0
  0
VERTEX
  5
87F
330
87D
100
AcDbEntity
  8
0
  6
Continuous
 62
    18
420
        0
370
    25
100
AcDbVertex
100
AcDb2dVertex
 10
60.47063512573209
 20
7.44629271710334
 30
0.0
  0
VERTEX
  5
880
330
87D
100
AcDbEntity
  8
0
  6
Continuous
 62
    18
420
        0
370
    25
100
AcDbVertex
100
AcDb2dVertex
 10
60.47063512573209
 20
7.633792717103336
 30
0.0
  0
VERTEX
  5
881
330
87D
100
AcDbEntity
  8
0
  6
Continuous
 62
    18
420
        0
370
    25
100
AcDbVertex
100
AcDb2dVertex
 10
60.28313512573209
 20
7.633792717103336
 30
0.0
  0
SEQEND
  5
882
330
87D
100
AcDbEntity
  8
0
  6
Continuous
 62
    18
420
        0
370
    25
  0
POLYLINE
  5
883
330
1F
100
AcDbEntity
  8
0
  6
Continuous
 62
    18
420
        0
370
    25
100
AcDb2dPolyline
 66
     1
 10
0.0
 20
0.0
 30
0.0
 70
     1
  0
VERTEX
  5
884
330
883
100
AcDbEntity
  8
0
  6
Continuous
 62
    18
420
        0
370
    25
100
AcDbVertex
100
AcDb2dVertex
 10
64.11430179239878
 20
7.44629271710334
 30
0.0
  0
VERTEX
  5
885
330
883
100
AcDbEntity
  8
0
  6
Continuous
 62
    18
420
        0
370
    25
100
AcDbVertex
100
AcDb2dVertex
 10
64.30180179239878
 20
7.44629271710334
 30
0.0
  0
VERTEX
  5
886
330
883
100
AcDbEntity
  8
0
  6
Continuous
 62
    18
420
        0
370
    25
100
AcDbVertex
100
AcDb2dVertex
 10
64.30180179239878
 20
7.633792717103336
 30
0.0
  0
VERTEX
  5
887
330
883
100
AcDbEntity
  8
0
  6
Continuous
 62
    18
420
        0
370
    25
100
AcDbVertex
100
AcDb2dVertex
 10
64.11430179239878
 20
7.633792717103336
 30
0.0
  0
SEQEND
  5
888
330
883
100
AcDbEntity
  8
0
  6
Continuous
 62
    18
420
        0
370
    25
  0
POLYLINE
  5
889
330
1F
100
AcDbEntity
  8
0
  6
Continuous
 62
    18
420
        0
370
    25
100
AcDb2dPolyline
 66
     1
 10
0.0
 20
0.0
 30
0.0
 70
     1
  0
VERTEX
  5
88A
330
889
100
AcDbEntity
  8
0
  6
Continuous
 62
    18
420
        0
370
    25
100
AcDbVertex
100
AcDb2dVertex
 10
64.11430179239878
 20
3.699792717103328
 30
0.0
  0
VERTEX
  5
88B
330
889
100
AcDbEntity
  8
0
  6
Continuous
 62
    18
420
        0
370
    25
100
AcDbVertex
100
AcDb2dVertex
 10
64.30180179239878
 20
3.699792717103328
 30
0.0
  0
VERTEX
  5
88C
330
889
100
AcDbEntity
  8
0
  6
Continuous
 62
    18
420
        0
370
    25
100
AcDbVertex
100
AcDb2dVertex
 10
64.30180179239878
 20
3.887292717103335
 30
0.0
  0
VERTEX
  5
88D
330
889
100
AcDbEntity
  8
0
  6
Continuous
 62
    18
420
        0
370
    25
100
AcDbVertex
100
AcDb2dVertex
 10
64.11430179239878
 20
3.887292717103335
 30
0.0
  0
SEQEND
  5
88E
330
889
100
AcDbEntity
  8
0
  6
Continuous
 62
    18
420
        0
370
    25
  0
POLYLINE
  5
88F
330
1F
100
AcDbEntity
  8
0
  6
Continuous
 62
    18
420
        0
370
    25
100
AcDb2dPolyline
 66
     1
 10
0.0
 20
0.0
 30
0.0
 70
     1
  0
VERTEX
  5
890
330
88F
100
AcDbEntity
  8
0
  6
Continuous
 62
    18
420
        0
370
    25
100
AcDbVertex
100
AcDb2dVertex
 10
64.11430179239878
 20
0.3554593837699969
 30
0.0
  0
VERTEX
  5
891
330
88F
100
AcDbEntity
  8
0
  6
Continuous
 62
    18
420
        0
370
    25
100
AcDbVertex
100
AcDb2dVertex
 10
64.30180179239878
 20
0.3554593837699969
 30
0.0
  0
VERTEX
  5
892
330
88F
100
AcDbEntity
  8
0
  6
Continuous
 62
    18
420
        0
370
    25
100
AcDbVertex
100
AcDb2dVertex
 10
64.30180179239878
 20
0.542959383770004
 30
0.0
  0
VERTEX
  5
893
330
88F
100
AcDbEntity
  8
0
  6
Continuous
 62
    18
420
        0
370
    25
100
AcDbVertex
100
AcDb2dVertex
 10
64.11430179239878
 20
0.542959383770004
 30
0.0
  0
SEQEND
  5
894
330
88F
100
AcDbEntity
  8
0
  6
Continuous
 62
    18
420
        0
370
    25
  0
POLYLINE
  5
895
330
1F
100
AcDbEntity
  8
0
  6
Continuous
 62
    18
420
        0
370
    25
100
AcDb2dPolyline
 66
     1
 10
0.0
 20
0.0
 30
0.0
 70
     1
  0
VERTEX
  5
896
330
895
100
AcDbEntity
  8
0
  6
Continuous
 62
    18
420
        0
370
    25
100
AcDbVertex
100
AcDb2dVertex
 10
56.66363512573211
 20
0.3554593837699969
 30
0.0
  0
VERTEX
  5
897
330
895
100
AcDbEntity
  8
0
  6
Continuous
 62
    18
420
        0
370
    25
100
AcDbVertex
100
AcDb2dVertex
 10
56.85113512573211
 20
0.3554593837699969
 30
0.0
  0
VERTEX
  5
898
330
895
100
AcDbEntity
  8
0
  6
Continuous
 62
    18
420
        0
370
    25
100
AcDbVertex
100
AcDb2dVertex
 10
56.85113512573211
 20
0.542959383770004
 30
0.0
  0
VERTEX
  5
899
330
895
100
AcDbEntity
  8
0
  6
Continuous
 62
    18
420
        0
370
    25
100
AcDbVertex
100
AcDb2dVertex
 10
56.66363512573211
 20
0.542959383770004
 30
0.0
  0
SEQEND
  5
89A
330
895
100
AcDbEntity
  8
0
  6
Continuous
 62
    18
420
        0
370
    25
  0
POLYLINE
  5
89B
330
1F
100
AcDbEntity
  8
0
  6
Continuous
 62
    18
420
        0
370
    25
100
AcDb2dPolyline
 66
     1
 10
0.0
 20
0.0
 30
0.0
 70
     1
  0
VERTEX
  5
89C
330
89B
100
AcDbEntity
  8
0
  6
Continuous
 62
    18
420
        0
370
    25
100
AcDbVertex
100
AcDb2dVertex
 10
60.41363512573209
 20
0.3554593837699969
 30
0.0
  0
VERTEX
  5
89D
330
89B
100
AcDbEntity
  8
0
  6
Continuous
 62
    18
420
        0
370
    25
100
AcDbVertex
100
AcDb2dVertex
 10
60.60113512573209
 20
0.3554593837699969
 30
0.0
  0
VERTEX
  5
89E
330
89B
100
AcDbEntity
  8
0
  6
Continuous
 62
    18
420
        0
370
    25
100
AcDbVertex
100
AcDb2dVertex
 10
60.60113512573209
 20
0.542959383770004
 30
0.0
  0
VERTEX
  5
89F
330
89B
100
AcDbEntity
  8
0
  6
Continuous
 62
    18
420
        0
370
    25
100
AcDbVertex
100
AcDb2dVertex
 10
60.41363512573209
 20
0.542959383770004
 30
0.0
  0
SEQEND
  5
8A0
330
89B
100
AcDbEntity
  8
0
  6
Continuous
 62
    18
420
        0
370
    25
  0
POLYLINE
  5
8A1
330
1F
100
AcDbEntity
  8
0
  6
Continuous
 62
    18
420
        0
370
    25
100
AcDb2dPolyline
 66
     1
 10
0.0
 20
0.0
 30
0.0
 70
     1
  0
VERTEX
  5
8A2
330
8A1
100
AcDbEntity
  8
0
  6
Continuous
 62
    18
420
        0
370
    25
100
AcDbVertex
100
AcDb2dVertex
 10
60.41363512573209
 20
3.730459383770004
 30
0.0
  0
VERTEX
  5
8A3
330
8A1
100
AcDbEntity
  8
0
  6
Continuous
 62
    18
420
        0
370
    25
100
AcDbVertex
100
AcDb2dVertex
 10
60.60113512573209
 20
3.730459383770004
 30
0.0
  0
VERTEX
  5
8A4
330
8A1
100
AcDbEntity
  8
0
  6
Continuous
 62
    18
420
        0
370
    25
100
AcDbVertex
100
AcDb2dVertex
 10
60.60113512573209
 20
3.917959383770011
 30
0.0
  0
VERTEX
  5
8A5
330
8A1
100
AcDbEntity
  8
0
  6
Continuous
 62
    18
420
        0
370
    25
100
AcDbVertex
100
AcDb2dVertex
 10
60.41363512573209
 20
3.917959383770011
 30
0.0
  0
SEQEND
  5
8A6
330
8A1
100
AcDbEntity
  8
0
  6
Continuous
 62
    18
420
        0
370
    25
  0
POLYLINE
  5
8A7
330
1F
100
AcDbEntity
  8
0
  6
Continuous
 62
    18
420
        0
370
    25
100
AcDb2dPolyline
 66
     1
 10
0.0
 20
0.0
 30
0.0
 70
     1
  0
VERTEX
  5
8A8
330
8A7
100
AcDbEntity
  8
0
  6
Continuous
 62
    18
420
        0
370
    25
100
AcDbVertex
100
AcDb2dVertex
 10
57.58676012573207
 20
6.730459383770018
 30
0.0
  0
VERTEX
  5
8A9
330
8A7
100
AcDbEntity
  8
0
  6
Continuous
 62
    18
420
        0
370
    25
100
AcDbVertex
100
AcDb2dVertex
 10
57.77426012573208
 20
6.730459383770018
 30
0.0
  0
VERTEX
  5
8AA
330
8A7
100
AcDbEntity
  8
0
  6
Continuous
 62
    18
420
        0
370
    25
100
AcDbVertex
100
AcDb2dVertex
 10
57.77426012573208
 20
6.917959383770018
 30
0.0
  0
VERTEX
  5
8AB
330
8A7
100
AcDbEntity
  8
0
  6
Continuous
 62
    18
420
        0
370
    25
100
AcDbVertex
100
AcDb2dVertex
 10
57.58676012573207
 20
6.917959383770018
 30
0.0
  0
SEQEND
  5
8AC
330
8A7
100
AcDbEntity
  8
0
  6
Continuous
 62
    18
420
        0
370
    25
  0
POLYLINE
  5
8AD
330
1F
100
AcDbEntity
  8
0
  6
Continuous
 62
    18
420
        0
370
    25
100
AcDb2dPolyline
 66
     1
 10
0.0
 20
0.0
 30
0.0
  0
VERTEX
  5
8AE
330
8AD
100
AcDbEntity
  8
0
  6
Continuous
 62
    18
420
        0
370
    25
100
AcDbVertex
100
AcDb2dVertex
 10
23.95954213406836
 20
19.19408803554175
 30
0.0
  0
VERTEX
  5
8AF
330
8AD
100
AcDbEntity
  8
0
  6
Continuous
 62
    18
420
        0
370
    25
100
AcDbVertex
100
AcDb2dVertex
 10
23.95954213406836
 20
19.09408803554175
 30
0.0
  0
SEQEND
  5
8B0
330
8AD
100
AcDbEntity
  8
0
  6
Continuous
 62
    18
420
        0
370
    25
  0
POLYLINE
  5
8B1
330
1F
100
AcDbEntity
  8
0
  6
Continuous
 62
    18
420
        0
370
    25
100
AcDb2dPolyline
 66
     1
 10
0.0
 20
0.0
 30
0.0
  0
VERTEX
  5
8B2
330
8B1
100
AcDbEntity
  8
0
  6
Continuous
 62
    18
420
        0
370
    25
100
AcDbVertex
100
AcDb2dVertex
 10
43.07577305766686
 20
14.29764934137109
 30
0.0
  0
VERTEX
  5
8B3
330
8B1
100
AcDbEntity
  8
0
  6
Continuous
 62
    18
420
        0
370
    25
100
AcDbVertex
100
AcDb2dVertex
 10
43.07577305766686
 20
14.19764934137109
 30
0.0
  0
SEQEND
  5
8B4
330
8B1
100
AcDbEntity
  8
0
  6
Continuous
 62
    18
420
        0
370
    25
  0
POLYLINE
  5
8B5
330
1F
100
AcDbEntity
  8
0
  6
Continuous
 62
    18
420
        0
370
    25
100
AcDb2dPolyline
 66
     1
 10
0.0
 20
0.0
 30
0.0
  0
VERTEX
  5
8B6
330
8B5
100
AcDbEntity
  8
0
  6
Continuous
 62
    18
420
        0
370
    25
100
AcDbVertex
100
AcDb2dVertex
 10
44.14277305766689
 20
14.29764934137109
 30
0.0
  0
VERTEX
  5
8B7
330
8B5
100
AcDbEntity
  8
0
  6
Continuous
 62
    18
420
        0
370
    25
100
AcDbVertex
100
AcDb2dVertex
 10
44.14277305766689
 20
14.19764934137108
 30
0.0
  0
SEQEND
  5
8B8
330
8B5
100
AcDbEntity
  8
0
  6
Continuous
 62
    18
420
        0
370
    25
  0
POLYLINE
  5
8B9
330
1F
100
AcDbEntity
  8
0
  6
Continuous
 62
    18
420
        0
370
    25
100
AcDb2dPolyline
 66
     1
 10
0.0
 20
0.0
 30
0.0
 70
     1
  0
VERTEX
  5
8BA
330
8B9
100
AcDbEntity
  8
0
  6
Continuous
 62
    18
420
        0
370
    25
100
AcDbVertex
100
AcDb2dVertex
 10
47.552042199757
 20
6.722337557760852
 30
0.0
  0
VERTEX
  5
8BB
330
8B9
100
AcDbEntity
  8
0
  6
Continuous
 62
    18
420
        0
370
    25
100
AcDbVertex
100
AcDb2dVertex
 10
47.73954219975699
 20
6.722337557760852
 30
0.0
  0
VERTEX
  5
8BC
330
8B9
100
AcDbEntity
  8
0
  6
Continuous
 62
    18
420
        0
370
    25
100
AcDbVertex
100
AcDb2dVertex
 10
47.73954219975699
 20
6.909837557760852
 30
0.0
  0
VERTEX
  5
8BD
330
8B9
100
AcDbEntity
  8
0
  6
Continuous
 62
    18
420
        0
370
    25
100
AcDbVertex
100
AcDb2dVertex
 10
47.552042199757
 20
6.909837557760852
 30
0.0
  0
SEQEND
  5
8BE
330
8B9
100
AcDbEntity
  8
0
  6
Continuous
 62
    18
420
        0
370
    25
  0
POLYLINE
  5
8BF
330
1F
100
AcDbEntity
  8
0
  6
Continuous
 62
    18
420
        0
370
    25
100
AcDb2dPolyline
 66
     1
 10
0.0
 20
0.0
 30
0.0
 70
     1
  0
VERTEX
  5
8C0
330
8BF
100
AcDbEntity
  8
0
  6
Continuous
 62
    18
420
        0
370
    25
100
AcDbVertex
100
AcDb2dVertex
 10
46.57837553309032
 20
6.722337557760852
 30
0.0
  0
VERTEX
  5
8C1
330
8BF
100
AcDbEntity
  8
0
  6
Continuous
 62
    18
420
        0
370
    25
100
AcDbVertex
100
AcDb2dVertex
 10
46.76587553309031
 20
6.722337557760852
 30
0.0
  0
VERTEX
  5
8C2
330
8BF
100
AcDbEntity
  8
0
  6
Continuous
 62
    18
420
        0
370
    25
100
AcDbVertex
100
AcDb2dVertex
 10
46.76587553309031
 20
6.909837557760852
 30
0.0
  0
VERTEX
  5
8C3
330
8BF
100
AcDbEntity
  8
0
  6
Continuous
 62
    18
420
        0
370
    25
100
AcDbVertex
100
AcDb2dVertex
 10
46.57837553309032
 20
6.909837557760852
 30
0.0
  0
SEQEND
  5
8C4
330
8BF
100
AcDbEntity
  8
0
  6
Continuous
 62
    18
420
        0
370
    25
  0
POLYLINE
  5
8C5
330
1F
100
AcDbEntity
  8
0
  6
Continuous
 62
    18
420
        0
370
    25
100
AcDb2dPolyline
 66
     1
 10
0.0
 20
0.0
 30
0.0
 70
     1
  0
VERTEX
  5
8C6
330
8C5
100
AcDbEntity
  8
0
  6
Continuous
 62
    18
420
        0
370
    25
100
AcDbVertex
100
AcDb2dVertex
 10
44.71570886642365
 20
6.722337557760852
 30
0.0
  0
VERTEX
  5
8C7
330
8C5
100
AcDbEntity
  8
0
  6
Continuous
 62
    18
420
        0
370
    25
100
AcDbVertex
100
AcDb2dVertex
 10
44.90320886642366
 20
6.722337557760852
 30
0.0
  0
VERTEX
  5
8C8
330
8C5
100
AcDbEntity
  8
0
  6
Continuous
 62
    18
420
        0
370
    25
100
AcDbVertex
100
AcDb2dVertex
 10
44.90320886642366
 20
6.909837557760852
 30
0.0
  0
VERTEX
  5
8C9
330
8C5
100
AcDbEntity
  8
0
  6
Continuous
 62
    18
420
        0
370
    25
100
AcDbVertex
100
AcDb2dVertex
 10
44.71570886642365
 20
6.909837557760852
 30
0.0
  0
SEQEND
  5
8CA
330
8C5
100
AcDbEntity
  8
0
  6
Continuous
 62
    18
420
        0
370
    25
  0
POLYLINE
  5
8CB
330
1F
100
AcDbEntity
  8
0
  6
Continuous
 62
    18
420
        0
370
    25
100
AcDb2dPolyline
 66
     1
 10
0.0
 20
0.0
 30
0.0
 70
     1
  0
VERTEX
  5
8CC
330
8CB
100
AcDbEntity
  8
0
  6
Continuous
 62
    18
420
        0
370
    25
100
AcDbVertex
100
AcDb2dVertex
 10
46.57837553309032
 20
5.340254224427504
 30
0.0
  0
VERTEX
  5
8CD
330
8CB
100
AcDbEntity
  8
0
  6
Continuous
 62
    18
420
        0
370
    25
100
AcDbVertex
100
AcDb2dVertex
 10
46.76587553309032
 20
5.340254224427504
 30
0.0
  0
VERTEX
  5
8CE
330
8CB
100
AcDbEntity
  8
0
  6
Continuous
 62
    18
420
        0
370
    25
100
AcDbVertex
100
AcDb2dVertex
 10
46.76587553309032
 20
5.527754224427518
 30
0.0
  0
VERTEX
  5
8CF
330
8CB
100
AcDbEntity
  8
0
  6
Continuous
 62
    18
420
        0
370
    25
100
AcDbVertex
100
AcDb2dVertex
 10
46.57837553309032
 20
5.527754224427518
 30
0.0
  0
SEQEND
  5
8D0
330
8CB
100
AcDbEntity
  8
0
  6
Continuous
 62
    18
420
        0
370
    25
  0
POLYLINE
  5
8D1
330
1F
100
AcDbEntity
  8
0
  6
Continuous
 62
    18
420
        0
370
    25
100
AcDb2dPolyline
 66
     1
 10
0.0
 20
0.0
 30
0.0
 70
     1
  0
VERTEX
  5
8D2
330
8D1
100
AcDbEntity
  8
0
  6
Continuous
 62
    18
420
        0
370
    25
100
AcDbVertex
100
AcDb2dVertex
 10
46.57408386642366
 20
4.566087557760845
 30
0.0
  0
VERTEX
  5
8D3
330
8D1
100
AcDbEntity
  8
0
  6
Continuous
 62
    18
420
        0
370
    25
100
AcDbVertex
100
AcDb2dVertex
 10
46.76158386642367
 20
4.566087557760845
 30
0.0
  0
VERTEX
  5
8D4
330
8D1
100
AcDbEntity
  8
0
  6
Continuous
 62
    18
420
        0
370
    25
100
AcDbVertex
100
AcDb2dVertex
 10
46.76158386642367
 20
4.753587557760859
 30
0.0
  0
VERTEX
  5
8D5
330
8D1
100
AcDbEntity
  8
0
  6
Continuous
 62
    18
420
        0
370
    25
100
AcDbVertex
100
AcDb2dVertex
 10
46.57408386642366
 20
4.753587557760859
 30
0.0
  0
SEQEND
  5
8D6
330
8D1
100
AcDbEntity
  8
0
  6
Continuous
 62
    18
420
        0
370
    25
  0
POLYLINE
  5
8D7
330
1F
100
AcDbEntity
  8
0
  6
Continuous
 62
    18
420
        0
370
    25
100
AcDb2dPolyline
 66
     1
 10
0.0
 20
0.0
 30
0.0
 70
     1
  0
VERTEX
  5
8D8
330
8D7
100
AcDbEntity
  8
0
  6
Continuous
 62
    18
420
        0
370
    25
100
AcDbVertex
100
AcDb2dVertex
 10
46.57408386642366
 20
2.409837557760845
 30
0.0
  0
VERTEX
  5
8D9
330
8D7
100
AcDbEntity
  8
0
  6
Continuous
 62
    18
420
        0
370
    25
100
AcDbVertex
100
AcDb2dVertex
 10
46.76158386642367
 20
2.409837557760845
 30
0.0
  0
VERTEX
  5
8DA
330
8D7
100
AcDbEntity
  8
0
  6
Continuous
 62
    18
420
        0
370
    25
100
AcDbVertex
100
AcDb2dVertex
 10
46.76158386642367
 20
2.597337557760852
 30
0.0
  0
VERTEX
  5
8DB
330
8D7
100
AcDbEntity
  8
0
  6
Continuous
 62
    18
420
        0
370
    25
100
AcDbVertex
100
AcDb2dVertex
 10
46.57408386642366
 20
2.597337557760852
 30
0.0
  0
SEQEND
  5
8DC
330
8D7
100
AcDbEntity
  8
0
  6
Continuous
 62
    18
420
        0
370
    25
  0
POLYLINE
  5
8DD
330
1F
100
AcDbEntity
  8
0
  6
Continuous
 62
    18
420
        0
370
    25
100
AcDb2dPolyline
 66
     1
 10
0.0
 20
0.0
 30
0.0
 70
     1
  0
VERTEX
  5
8DE
330
8DD
100
AcDbEntity
  8
0
  6
Continuous
 62
    18
420
        0
370
    25
100
AcDbVertex
100
AcDb2dVertex
 10
48.34771202027174
 20
0.2008255626388546
 30
0.0
  0
VERTEX
  5
8DF
330
8DD
100
AcDbEntity
  8
0
  6
Continuous
 62
    18
420
        0
370
    25
100
AcDbVertex
100
AcDb2dVertex
 10
49.18154315751774
 20
0.2008255626388546
 30
0.0
  0
VERTEX
  5
8E0
330
8DD
100
AcDbEntity
  8
0
  6
Continuous
 62
    18
420
        0
370
    25
100
AcDbVertex
100
AcDb2dVertex
 10
49.18154315751774
 20
5.359086842695731
 30
0.0
  0
VERTEX
  5
8E1
330
8DD
100
AcDbEntity
  8
0
  6
Continuous
 62
    18
420
        0
370
    25
100
AcDbVertex
100
AcDb2dVertex
 10
48.34771202027174
 20
5.359086842695731
 30
0.0
  0
SEQEND
  5
8E2
330
8DD
100
AcDbEntity
  8
0
  6
Continuous
 62
    18
420
        0
370
    25
  0
POLYLINE
  5
8E3
330
1F
100
AcDbEntity
  8
0
  6
Continuous
 62
    18
420
        0
370
    25
100
AcDb2dPolyline
 66
     1
 10
0.0
 20
0.0
 30
0.0
 70
     1
  0
VERTEX
  5
8E4
330
8E3
100
AcDbEntity
  8
0
  6
Continuous
 62
    18
420
        0
370
    25
100
AcDbVertex
100
AcDb2dVertex
 10
44.10179017581562
 20
0.2008255626388546
 30
0.0
  0
VERTEX
  5
8E5
330
8E3
100
AcDbEntity
  8
0
  6
Continuous
 62
    18
420
        0
370
    25
100
AcDbVertex
100
AcDb2dVertex
 10
44.93562131306162
 20
0.2008255626388546
 30
0.0
  0
VERTEX
  5
8E6
330
8E3
100
AcDbEntity
  8
0
  6
Continuous
 62
    18
420
        0
370
    25
100
AcDbVertex
100
AcDb2dVertex
 10
44.93562131306162
 20
4.643622242382698
 30
0.0
  0
VERTEX
  5
8E7
330
8E3
100
AcDbEntity
  8
0
  6
Continuous
 62
    18
420
        0
370
    25
100
AcDbVertex
100
AcDb2dVertex
 10
44.10179017581562
 20
4.643622242382698
 30
0.0
  0
SEQEND
  5
8E8
330
8E3
100
AcDbEntity
  8
0
  6
Continuous
 62
    18
420
        0
370
    25
  0
POLYLINE
  5
8E9
330
1F
100
AcDbEntity
  8
0
  6
Continuous
 62
    18
420
        0
370
    25
100
AcDb2dPolyline
 66
     1
 10
0.0
 20
0.0
 30
0.0
 70
     1
  0
VERTEX
  5
8EA
330
8E9
100
AcDbEntity
  8
0
  6
Continuous
 62
    18
420
        0
370
    25
100
AcDbVertex
100
AcDb2dVertex
 10
47.64552898047785
 20
4.369165392736022
 30
0.0
  0
VERTEX
  5
8EB
330
8E9
100
AcDbEntity
  8
0
  6
Continuous
 62
    18
420
        0
370
    25
100
AcDbVertex
100
AcDb2dVertex
 10
48.24552898047782
 20
4.369165392736022
 30
0.0
  0
VERTEX
  5
8EC
330
8E9
100
AcDbEntity
  8
0
  6
Continuous
 62
    18
420
        0
370
    25
100
AcDbVertex
100
AcDb2dVertex
 10
48.24552898047782
 20
4.969165392736038
 30
0.0
  0
VERTEX
  5
8ED
330
8E9
100
AcDbEntity
  8
0
  6
Continuous
 62
    18
420
        0
370
    25
100
AcDbVertex
100
AcDb2dVertex
 10
47.64552898047785
 20
4.969165392736038
 30
0.0
  0
SEQEND
  5
8EE
330
8E9
100
AcDbEntity
  8
0
  6
Continuous
 62
    18
420
        0
370
    25
  0
POLYLINE
  5
8EF
330
1F
100
AcDbEntity
  8
0
  6
Continuous
 62
    18
420
        0
370
    25
100
AcDb2dPolyline
 66
     1
 10
0.0
 20
0.0
 30
0.0
 70
     1
  0
VERTEX
  5
8F0
330
8EF
100
AcDbEntity
  8
0
  6
Continuous
 62
    18
420
        0
370
    25
100
AcDbVertex
100
AcDb2dVertex
 10
47.64552898047785
 20
2.515768220374085
 30
0.0
  0
VERTEX
  5
8F1
330
8EF
100
AcDbEntity
  8
0
  6
Continuous
 62
    18
420
        0
370
    25
100
AcDbVertex
100
AcDb2dVertex
 10
48.24552898047782
 20
2.515768220374085
 30
0.0
  0
VERTEX
  5
8F2
330
8EF
100
AcDbEntity
  8
0
  6
Continuous
 62
    18
420
        0
370
    25
100
AcDbVertex
100
AcDb2dVertex
 10
48.24552898047782
 20
3.115768220374086
 30
0.0
  0
VERTEX
  5
8F3
330
8EF
100
AcDbEntity
  8
0
  6
Continuous
 62
    18
420
        0
370
    25
100
AcDbVertex
100
AcDb2dVertex
 10
47.64552898047785
 20
3.115768220374086
 30
0.0
  0
SEQEND
  5
8F4
330
8EF
100
AcDbEntity
  8
0
  6
Continuous
 62
    18
420
        0
370
    25
  0
POLYLINE
  5
8F5
330
1F
100
AcDbEntity
  8
0
  6
Continuous
 62
    18
420
        0
370
    25
100
AcDb2dPolyline
 66
     1
 10
0.0
 20
0.0
 30
0.0
 70
     1
  0
VERTEX
  5
8F6
330
8F5
100
AcDbEntity
  8
0
  6
Continuous
 62
    18
420
        0
370
    25
100
AcDbVertex
100
AcDb2dVertex
 10
47.64552898047785
 20
0.6623710480121332
 30
0.0
  0
VERTEX
  5
8F7
330
8F5
100
AcDbEntity
  8
0
  6
Continuous
 62
    18
420
        0
370
    25
100
AcDbVertex
100
AcDb2dVertex
 10
48.24552898047782
 20
0.6623710480121332
 30
0.0
  0
VERTEX
  5
8F8
330
8F5
100
AcDbEntity
  8
0
  6
Continuous
 62
    18
420
        0
370
    25
100
AcDbVertex
100
AcDb2dVertex
 10
48.24552898047782
 20
1.262371048012149
 30
0.0
  0
VERTEX
  5
8F9
330
8F5
100
AcDbEntity
  8
0
  6
Continuous
 62
    18
420
        0
370
    25
100
AcDbVertex
100
AcDb2dVertex
 10
47.64552898047785
 20
1.262371048012149
 30
0.0
  0
SEQEND
  5
8FA
330
8F5
100
AcDbEntity
  8
0
  6
Continuous
 62
    18
420
        0
370
    25
  0
POLYLINE
  5
8FB
330
1F
100
AcDbEntity
  8
0
  6
Continuous
 62
    18
420
        0
370
    25
100
AcDb2dPolyline
 66
     1
 10
0.0
 20
0.0
 30
0.0
 70
     1
  0
VERTEX
  5
8FC
330
8FB
100
AcDbEntity
  8
0
  6
Continuous
 62
    18
420
        0
370
    25
100
AcDbVertex
100
AcDb2dVertex
 10
45.04916771707029
 20
1.043371048012141
 30
0.0
  0
VERTEX
  5
8FD
330
8FB
100
AcDbEntity
  8
0
  6
Continuous
 62
    18
420
        0
370
    25
100
AcDbVertex
100
AcDb2dVertex
 10
45.64916771707031
 20
1.043371048012141
 30
0.0
  0
VERTEX
  5
8FE
330
8FB
100
AcDbEntity
  8
0
  6
Continuous
 62
    18
420
        0
370
    25
100
AcDbVertex
100
AcDb2dVertex
 10
45.64916771707031
 20
1.643371048012149
 30
0.0
  0
VERTEX
  5
8FF
330
8FB
100
AcDbEntity
  8
0
  6
Continuous
 62
    18
420
        0
370
    25
100
AcDbVertex
100
AcDb2dVertex
 10
45.04916771707029
 20
1.643371048012149
 30
0.0
  0
SEQEND
  5
900
330
8FB
100
AcDbEntity
  8
0
  6
Continuous
 62
    18
420
        0
370
    25
  0
POLYLINE
  5
901
330
1F
100
AcDbEntity
  8
0
  6
Continuous
 62
    18
420
        0
370
    25
100
AcDb2dPolyline
 66
     1
 10
0.0
 20
0.0
 30
0.0
 70
     1
  0
VERTEX
  5
902
330
901
100
AcDbEntity
  8
0
  6
Continuous
 62
    18
420
        0
370
    25
100
AcDbVertex
100
AcDb2dVertex
 10
45.04916771707029
 20
2.896768220374085
 30
0.0
  0
VERTEX
  5
903
330
901
100
AcDbEntity
  8
0
  6
Continuous
 62
    18
420
        0
370
    25
100
AcDbVertex
100
AcDb2dVertex
 10
45.64916771707031
 20
2.896768220374085
 30
0.0
  0
VERTEX
  5
904
330
901
100
AcDbEntity
  8
0
  6
Continuous
 62
    18
420
        0
370
    25
100
AcDbVertex
100
AcDb2dVertex
 10
45.64916771707031
 20
3.496768220374079
 30
0.0
  0
VERTEX
  5
905
330
901
100
AcDbEntity
  8
0
  6
Continuous
 62
    18
420
        0
370
    25
100
AcDbVertex
100
AcDb2dVertex
 10
45.04916771707029
 20
3.496768220374079
 30
0.0
  0
SEQEND
  5
906
330
901
100
AcDbEntity
  8
0
  6
Continuous
 62
    18
420
        0
370
    25
  0
POLYLINE
  5
907
330
1F
100
AcDbEntity
  8
0
  6
Continuous
 62
    18
420
        0
370
    25
100
AcDb2dPolyline
 66
     1
 10
0.0
 20
0.0
 30
0.0
 70
     1
  0
VERTEX
  5
908
330
907
100
AcDbEntity
  8
0
  6
Continuous
 62
    18
420
        0
370
    25
100
AcDbVertex
100
AcDb2dVertex
 10
38.42920886642367
 20
6.722337557760852
 30
0.0
  0
VERTEX
  5
909
330
907
100
AcDbEntity
  8
0
  6
Continuous
 62
    18
420
        0
370
    25
100
AcDbVertex
100
AcDb2dVertex
 10
38.61670886642367
 20
6.722337557760852
 30
0.0
  0
VERTEX
  5
90A
330
907
100
AcDbEntity
  8
0
  6
Continuous
 62
    18
420
        0
370
    25
100
AcDbVertex
100
AcDb2dVertex
 10
38.61670886642367
 20
6.909837557760852
 30
0.0
  0
VERTEX
  5
90B
330
907
100
AcDbEntity
  8
0
  6
Continuous
 62
    18
420
        0
370
    25
100
AcDbVertex
100
AcDb2dVertex
 10
38.42920886642367
 20
6.909837557760852
 30
0.0
  0
SEQEND
  5
90C
330
907
100
AcDbEntity
  8
0
  6
Continuous
 62
    18
420
        0
370
    25
  0
POLYLINE
  5
90D
330
1F
100
AcDbEntity
  8
0
  6
Continuous
 62
    18
420
        0
370
    25
100
AcDb2dPolyline
 66
     1
 10
0.0
 20
0.0
 30
0.0
 70
     1
  0
VERTEX
  5
90E
330
90D
100
AcDbEntity
  8
0
  6
Continuous
 62
    18
420
        0
370
    25
100
AcDbVertex
100
AcDb2dVertex
 10
41.900542199757
 20
6.722337557760852
 30
0.0
  0
VERTEX
  5
90F
330
90D
100
AcDbEntity
  8
0
  6
Continuous
 62
    18
420
        0
370
    25
100
AcDbVertex
100
AcDb2dVertex
 10
42.08804219975701
 20
6.722337557760852
 30
0.0
  0
VERTEX
  5
910
330
90D
100
AcDbEntity
  8
0
  6
Continuous
 62
    18
420
        0
370
    25
100
AcDbVertex
100
AcDb2dVertex
 10
42.08804219975701
 20
6.909837557760852
 30
0.0
  0
VERTEX
  5
911
330
90D
100
AcDbEntity
  8
0
  6
Continuous
 62
    18
420
        0
370
    25
100
AcDbVertex
100
AcDb2dVertex
 10
41.900542199757
 20
6.909837557760852
 30
0.0
  0
SEQEND
  5
912
330
90D
100
AcDbEntity
  8
0
  6
Continuous
 62
    18
420
        0
370
    25
  0
POLYLINE
  5
913
330
1F
100
AcDbEntity
  8
0
  6
Continuous
 62
    18
420
        0
370
    25
100
AcDb2dPolyline
 66
     1
 10
0.0
 20
0.0
 30
0.0
 70
     1
  0
VERTEX
  5
914
330
913
100
AcDbEntity
  8
0
  6
Continuous
 62
    18
420
        0
370
    25
100
AcDbVertex
100
AcDb2dVertex
 10
41.09191719975699
 20
6.722337557760852
 30
0.0
  0
VERTEX
  5
915
330
913
100
AcDbEntity
  8
0
  6
Continuous
 62
    18
420
        0
370
    25
100
AcDbVertex
100
AcDb2dVertex
 10
41.279417199757
 20
6.722337557760852
 30
0.0
  0
VERTEX
  5
916
330
913
100
AcDbEntity
  8
0
  6
Continuous
 62
    18
420
        0
370
    25
100
AcDbVertex
100
AcDb2dVertex
 10
41.279417199757
 20
6.909837557760852
 30
0.0
  0
VERTEX
  5
917
330
913
100
AcDbEntity
  8
0
  6
Continuous
 62
    18
420
        0
370
    25
100
AcDbVertex
100
AcDb2dVertex
 10
41.09191719975699
 20
6.909837557760852
 30
0.0
  0
SEQEND
  5
918
330
913
100
AcDbEntity
  8
0
  6
Continuous
 62
    18
420
        0
370
    25
  0
POLYLINE
  5
919
330
1F
100
AcDbEntity
  8
0
  6
Continuous
 62
    18
420
        0
370
    25
100
AcDb2dPolyline
 66
     1
 10
0.0
 20
0.0
 30
0.0
 70
     1
  0
VERTEX
  5
91A
330
919
100
AcDbEntity
  8
0
  6
Continuous
 62
    18
420
        0
370
    25
100
AcDbVertex
100
AcDb2dVertex
 10
39.233542199757
 20
6.722337557760852
 30
0.0
  0
VERTEX
  5
91B
330
919
100
AcDbEntity
  8
0
  6
Continuous
 62
    18
420
        0
370
    25
100
AcDbVertex
100
AcDb2dVertex
 10
39.421042199757
 20
6.722337557760852
 30
0.0
  0
VERTEX
  5
91C
330
919
100
AcDbEntity
  8
0
  6
Continuous
 62
    18
420
        0
370
    25
100
AcDbVertex
100
AcDb2dVertex
 10
39.421042199757
 20
6.909837557760852
 30
0.0
  0
VERTEX
  5
91D
330
919
100
AcDbEntity
  8
0
  6
Continuous
 62
    18
420
        0
370
    25
100
AcDbVertex
100
AcDb2dVertex
 10
39.233542199757
 20
6.909837557760852
 30
0.0
  0
SEQEND
  5
91E
330
919
100
AcDbEntity
  8
0
  6
Continuous
 62
    18
420
        0
370
    25
  0
POLYLINE
  5
91F
330
1F
100
AcDbEntity
  8
0
  6
Continuous
 62
    18
420
        0
370
    25
100
AcDb2dPolyline
 66
     1
 10
0.0
 20
0.0
 30
0.0
 70
     1
  0
VERTEX
  5
920
330
91F
100
AcDbEntity
  8
0
  6
Continuous
 62
    18
420
        0
370
    25
100
AcDbVertex
100
AcDb2dVertex
 10
41.09191719975699
 20
5.340254224427504
 30
0.0
  0
VERTEX
  5
921
330
91F
100
AcDbEntity
  8
0
  6
Continuous
 62
    18
420
        0
370
    25
100
AcDbVertex
100
AcDb2dVertex
 10
41.27941719975699
 20
5.340254224427504
 30
0.0
  0
VERTEX
  5
922
330
91F
100
AcDbEntity
  8
0
  6
Continuous
 62
    18
420
        0
370
    25
100
AcDbVertex
100
AcDb2dVertex
 10
41.27941719975699
 20
5.527754224427518
 30
0.0
  0
VERTEX
  5
923
330
91F
100
AcDbEntity
  8
0
  6
Continuous
 62
    18
420
        0
370
    25
100
AcDbVertex
100
AcDb2dVertex
 10
41.09191719975699
 20
5.527754224427518
 30
0.0
  0
SEQEND
  5
924
330
91F
100
AcDbEntity
  8
0
  6
Continuous
 62
    18
420
        0
370
    25
  0
POLYLINE
  5
925
330
1F
100
AcDbEntity
  8
0
  6
Continuous
 62
    18
420
        0
370
    25
100
AcDb2dPolyline
 66
     1
 10
0.0
 20
0.0
 30
0.0
 70
     1
  0
VERTEX
  5
926
330
925
100
AcDbEntity
  8
0
  6
Continuous
 62
    18
420
        0
370
    25
100
AcDbVertex
100
AcDb2dVertex
 10
41.09191719975699
 20
4.566087557760845
 30
0.0
  0
VERTEX
  5
927
330
925
100
AcDbEntity
  8
0
  6
Continuous
 62
    18
420
        0
370
    25
100
AcDbVertex
100
AcDb2dVertex
 10
41.27941719975699
 20
4.566087557760845
 30
0.0
  0
VERTEX
  5
928
330
925
100
AcDbEntity
  8
0
  6
Continuous
 62
    18
420
        0
370
    25
100
AcDbVertex
100
AcDb2dVertex
 10
41.27941719975699
 20
4.753587557760859
 30
0.0
  0
VERTEX
  5
929
330
925
100
AcDbEntity
  8
0
  6
Continuous
 62
    18
420
        0
370
    25
100
AcDbVertex
100
AcDb2dVertex
 10
41.09191719975699
 20
4.753587557760859
 30
0.0
  0
SEQEND
  5
92A
330
925
100
AcDbEntity
  8
0
  6
Continuous
 62
    18
420
        0
370
    25
  0
POLYLINE
  5
92B
330
1F
100
AcDbEntity
  8
0
  6
Continuous
 62
    18
420
        0
370
    25
100
AcDb2dPolyline
 66
     1
 10
0.0
 20
0.0
 30
0.0
 70
     1
  0
VERTEX
  5
92C
330
92B
100
AcDbEntity
  8
0
  6
Continuous
 62
    18
420
        0
370
    25
100
AcDbVertex
100
AcDb2dVertex
 10
41.09191719975699
 20
2.409837557760845
 30
0.0
  0
VERTEX
  5
92D
330
92B
100
AcDbEntity
  8
0
  6
Continuous
 62
    18
420
        0
370
    25
100
AcDbVertex
100
AcDb2dVertex
 10
41.27941719975699
 20
2.409837557760845
 30
0.0
  0
VERTEX
  5
92E
330
92B
100
AcDbEntity
  8
0
  6
Continuous
 62
    18
420
        0
370
    25
100
AcDbVertex
100
AcDb2dVertex
 10
41.27941719975699
 20
2.597337557760852
 30
0.0
  0
VERTEX
  5
92F
330
92B
100
AcDbEntity
  8
0
  6
Continuous
 62
    18
420
        0
370
    25
100
AcDbVertex
100
AcDb2dVertex
 10
41.09191719975699
 20
2.597337557760852
 30
0.0
  0
SEQEND
  5
930
330
92B
100
AcDbEntity
  8
0
  6
Continuous
 62
    18
420
        0
370
    25
  0
POLYLINE
  5
931
330
1F
100
AcDbEntity
  8
0
  6
Continuous
 62
    18
420
        0
370
    25
100
AcDb2dPolyline
 66
     1
 10
0.0
 20
0.0
 30
0.0
 70
     1
  0
VERTEX
  5
932
330
931
100
AcDbEntity
  8
0
  6
Continuous
 62
    18
420
        0
370
    25
100
AcDbVertex
100
AcDb2dVertex
 10
42.86554535360506
 20
0.2008255626388546
 30
0.0
  0
VERTEX
  5
933
330
931
100
AcDbEntity
  8
0
  6
Continuous
 62
    18
420
        0
370
    25
100
AcDbVertex
100
AcDb2dVertex
 10
43.69937649085105
 20
0.2008255626388546
 30
0.0
  0
VERTEX
  5
934
330
931
100
AcDbEntity
  8
0
  6
Continuous
 62
    18
420
        0
370
    25
100
AcDbVertex
100
AcDb2dVertex
 10
43.69937649085105
 20
5.359086842695731
 30
0.0
  0
VERTEX
  5
935
330
931
100
AcDbEntity
  8
0
  6
Continuous
 62
    18
420
        0
370
    25
100
AcDbVertex
100
AcDb2dVertex
 10
42.86554535360506
 20
5.359086842695731
 30
0.0
  0
SEQEND
  5
936
330
931
100
AcDbEntity
  8
0
  6
Continuous
 62
    18
420
        0
370
    25
  0
POLYLINE
  5
937
330
1F
100
AcDbEntity
  8
0
  6
Continuous
 62
    18
420
        0
370
    25
100
AcDb2dPolyline
 66
     1
 10
0.0
 20
0.0
 30
0.0
 70
     1
  0
VERTEX
  5
938
330
937
100
AcDbEntity
  8
0
  6
Continuous
 62
    18
420
        0
370
    25
100
AcDbVertex
100
AcDb2dVertex
 10
38.61962350914896
 20
0.2008255626388546
 30
0.0
  0
VERTEX
  5
939
330
937
100
AcDbEntity
  8
0
  6
Continuous
 62
    18
420
        0
370
    25
100
AcDbVertex
100
AcDb2dVertex
 10
39.45345464639496
 20
0.2008255626388546
 30
0.0
  0
VERTEX
  5
93A
330
937
100
AcDbEntity
  8
0
  6
Continuous
 62
    18
420
        0
370
    25
100
AcDbVertex
100
AcDb2dVertex
 10
39.45345464639496
 20
4.643622242382698
 30
0.0
  0
VERTEX
  5
93B
330
937
100
AcDbEntity
  8
0
  6
Continuous
 62
    18
420
        0
370
    25
100
AcDbVertex
100
AcDb2dVertex
 10
38.61962350914896
 20
4.643622242382698
 30
0.0
  0
SEQEND
  5
93C
330
937
100
AcDbEntity
  8
0
  6
Continuous
 62
    18
420
        0
370
    25
  0
POLYLINE
  5
93D
330
1F
100
AcDbEntity
  8
0
  6
Continuous
 62
    18
420
        0
370
    25
100
AcDb2dPolyline
 66
     1
 10
0.0
 20
0.0
 30
0.0
 70
     1
  0
VERTEX
  5
93E
330
93D
100
AcDbEntity
  8
0
  6
Continuous
 62
    18
420
        0
370
    25
100
AcDbVertex
100
AcDb2dVertex
 10
42.16336231381118
 20
4.369165392736022
 30
0.0
  0
VERTEX
  5
93F
330
93D
100
AcDbEntity
  8
0
  6
Continuous
 62
    18
420
        0
370
    25
100
AcDbVertex
100
AcDb2dVertex
 10
42.76336231381116
 20
4.369165392736022
 30
0.0
  0
VERTEX
  5
940
330
93D
100
AcDbEntity
  8
0
  6
Continuous
 62
    18
420
        0
370
    25
100
AcDbVertex
100
AcDb2dVertex
 10
42.76336231381116
 20
4.969165392736038
 30
0.0
  0
VERTEX
  5
941
330
93D
100
AcDbEntity
  8
0
  6
Continuous
 62
    18
420
        0
370
    25
100
AcDbVertex
100
AcDb2dVertex
 10
42.16336231381118
 20
4.969165392736038
 30
0.0
  0
SEQEND
  5
942
330
93D
100
AcDbEntity
  8
0
  6
Continuous
 62
    18
420
        0
370
    25
  0
POLYLINE
  5
943
330
1F
100
AcDbEntity
  8
0
  6
Continuous
 62
    18
420
        0
370
    25
100
AcDb2dPolyline
 66
     1
 10
0.0
 20
0.0
 30
0.0
 70
     1
  0
VERTEX
  5
944
330
943
100
AcDbEntity
  8
0
  6
Continuous
 62
    18
420
        0
370
    25
100
AcDbVertex
100
AcDb2dVertex
 10
42.16336231381118
 20
2.515768220374085
 30
0.0
  0
VERTEX
  5
945
330
943
100
AcDbEntity
  8
0
  6
Continuous
 62
    18
420
        0
370
    25
100
AcDbVertex
100
AcDb2dVertex
 10
42.76336231381116
 20
2.515768220374085
 30
0.0
  0
VERTEX
  5
946
330
943
100
AcDbEntity
  8
0
  6
Continuous
 62
    18
420
        0
370
    25
100
AcDbVertex
100
AcDb2dVertex
 10
42.76336231381116
 20
3.115768220374086
 30
0.0
  0
VERTEX
  5
947
330
943
100
AcDbEntity
  8
0
  6
Continuous
 62
    18
420
        0
370
    25
100
AcDbVertex
100
AcDb2dVertex
 10
42.16336231381118
 20
3.115768220374086
 30
0.0
  0
SEQEND
  5
948
330
943
100
AcDbEntity
  8
0
  6
Continuous
 62
    18
420
        0
370
    25
  0
POLYLINE
  5
949
330
1F
100
AcDbEntity
  8
0
  6
Continuous
 62
    18
420
        0
370
    25
100
AcDb2dPolyline
 66
     1
 10
0.0
 20
0.0
 30
0.0
 70
     1
  0
VERTEX
  5
94A
330
949
100
AcDbEntity
  8
0
  6
Continuous
 62
    18
420
        0
370
    25
100
AcDbVertex
100
AcDb2dVertex
 10
42.16336231381118
 20
0.6623710480121332
 30
0.0
  0
VERTEX
  5
94B
330
949
100
AcDbEntity
  8
0
  6
Continuous
 62
    18
420
        0
370
    25
100
AcDbVertex
100
AcDb2dVertex
 10
42.76336231381116
 20
0.6623710480121332
 30
0.0
  0
VERTEX
  5
94C
330
949
100
AcDbEntity
  8
0
  6
Continuous
 62
    18
420
        0
370
    25
100
AcDbVertex
100
AcDb2dVertex
 10
42.76336231381116
 20
1.262371048012149
 30
0.0
  0
VERTEX
  5
94D
330
949
100
AcDbEntity
  8
0
  6
Continuous
 62
    18
420
        0
370
    25
100
AcDbVertex
100
AcDb2dVertex
 10
42.16336231381118
 20
1.262371048012149
 30
0.0
  0
SEQEND
  5
94E
330
949
100
AcDbEntity
  8
0
  6
Continuous
 62
    18
420
        0
370
    25
  0
POLYLINE
  5
94F
330
1F
100
AcDbEntity
  8
0
  6
Continuous
 62
    18
420
        0
370
    25
100
AcDb2dPolyline
 66
     1
 10
0.0
 20
0.0
 30
0.0
 70
     1
  0
VERTEX
  5
950
330
94F
100
AcDbEntity
  8
0
  6
Continuous
 62
    18
420
        0
370
    25
100
AcDbVertex
100
AcDb2dVertex
 10
39.56700105040364
 20
1.043371048012141
 30
0.0
  0
VERTEX
  5
951
330
94F
100
AcDbEntity
  8
0
  6
Continuous
 62
    18
420
        0
370
    25
100
AcDbVertex
100
AcDb2dVertex
 10
40.16700105040363
 20
1.043371048012141
 30
0.0
  0
VERTEX
  5
952
330
94F
100
AcDbEntity
  8
0
  6
Continuous
 62
    18
420
        0
370
    25
100
AcDbVertex
100
AcDb2dVertex
 10
40.16700105040363
 20
1.643371048012149
 30
0.0
  0
VERTEX
  5
953
330
94F
100
AcDbEntity
  8
0
  6
Continuous
 62
    18
420
        0
370
    25
100
AcDbVertex
100
AcDb2dVertex
 10
39.56700105040364
 20
1.643371048012149
 30
0.0
  0
SEQEND
  5
954
330
94F
100
AcDbEntity
  8
0
  6
Continuous
 62
    18
420
        0
370
    25
  0
POLYLINE
  5
955
330
1F
100
AcDbEntity
  8
0
  6
Continuous
 62
    18
420
        0
370
    25
100
AcDb2dPolyline
 66
     1
 10
0.0
 20
0.0
 30
0.0
 70
     1
  0
VERTEX
  5
956
330
955
100
AcDbEntity
  8
0
  6
Continuous
 62
    18
420
        0
370
    25
100
AcDbVertex
100
AcDb2dVertex
 10
39.56700105040364
 20
2.896768220374085
 30
0.0
  0
VERTEX
  5
957
330
955
100
AcDbEntity
  8
0
  6
Continuous
 62
    18
420
        0
370
    25
100
AcDbVertex
100
AcDb2dVertex
 10
40.16700105040363
 20
2.896768220374085
 30
0.0
  0
VERTEX
  5
958
330
955
100
AcDbEntity
  8
0
  6
Continuous
 62
    18
420
        0
370
    25
100
AcDbVertex
100
AcDb2dVertex
 10
40.16700105040363
 20
3.496768220374079
 30
0.0
  0
VERTEX
  5
959
330
955
100
AcDbEntity
  8
0
  6
Continuous
 62
    18
420
        0
370
    25
100
AcDbVertex
100
AcDb2dVertex
 10
39.56700105040364
 20
3.496768220374079
 30
0.0
  0
SEQEND
  5
95A
330
955
100
AcDbEntity
  8
0
  6
Continuous
 62
    18
420
        0
370
    25
  0
POLYLINE
  5
95B
330
1F
100
AcDbEntity
  8
0
  6
Continuous
 62
    18
420
        0
370
    25
100
AcDb2dPolyline
 66
     1
 10
0.0
 20
0.0
 30
0.0
 70
     1
  0
VERTEX
  5
95C
330
95B
100
AcDbEntity
  8
0
  6
Continuous
 62
    18
420
        0
370
    25
100
AcDbVertex
100
AcDb2dVertex
 10
38.47275000000001
 20
9.799575562638854
 30
0.0
  0
VERTEX
  5
95D
330
95B
100
AcDbEntity
  8
0
  6
Continuous
 62
    18
420
        0
370
    25
100
AcDbVertex
100
AcDb2dVertex
 10
38.66025000000001
 20
9.799575562638854
 30
0.0
  0
VERTEX
  5
95E
330
95B
100
AcDbEntity
  8
0
  6
Continuous
 62
    18
420
        0
370
    25
100
AcDbVertex
100
AcDb2dVertex
 10
38.66025000000001
 20
9.987075562638864
 30
0.0
  0
VERTEX
  5
95F
330
95B
100
AcDbEntity
  8
0
  6
Continuous
 62
    18
420
        0
370
    25
100
AcDbVertex
100
AcDb2dVertex
 10
38.47275000000001
 20
9.987075562638864
 30
0.0
  0
SEQEND
  5
960
330
95B
100
AcDbEntity
  8
0
  6
Continuous
 62
    18
420
        0
370
    25
  0
POLYLINE
  5
961
330
1F
100
AcDbEntity
  8
0
  6
Continuous
 62
    18
420
        0
370
    25
100
AcDb2dPolyline
 66
     1
 10
0.0
 20
0.0
 30
0.0
 70
     1
  0
VERTEX
  5
962
330
961
100
AcDbEntity
  8
0
  6
Continuous
 62
    18
420
        0
370
    25
100
AcDbVertex
100
AcDb2dVertex
 10
38.47275000000001
 20
8.57190889597219
 30
0.0
  0
VERTEX
  5
963
330
961
100
AcDbEntity
  8
0
  6
Continuous
 62
    18
420
        0
370
    25
100
AcDbVertex
100
AcDb2dVertex
 10
38.66025000000001
 20
8.57190889597219
 30
0.0
  0
VERTEX
  5
964
330
961
100
AcDbEntity
  8
0
  6
Continuous
 62
    18
420
        0
370
    25
100
AcDbVertex
100
AcDb2dVertex
 10
38.66025000000001
 20
8.759408895972197
 30
0.0
  0
VERTEX
  5
965
330
961
100
AcDbEntity
  8
0
  6
Continuous
 62
    18
420
        0
370
    25
100
AcDbVertex
100
AcDb2dVertex
 10
38.47275000000001
 20
8.759408895972197
 30
0.0
  0
SEQEND
  5
966
330
961
100
AcDbEntity
  8
0
  6
Continuous
 62
    18
420
        0
370
    25
  0
POLYLINE
  5
967
330
1F
100
AcDbEntity
  8
0
  6
Continuous
 62
    18
420
        0
370
    25
100
AcDb2dPolyline
 66
     1
 10
0.0
 20
0.0
 30
0.0
 70
     1
  0
VERTEX
  5
968
330
967
100
AcDbEntity
  8
0
  6
Continuous
 62
    18
420
        0
370
    25
100
AcDbVertex
100
AcDb2dVertex
 10
30.28125000000001
 20
9.799575562638854
 30
0.0
  0
VERTEX
  5
969
330
967
100
AcDbEntity
  8
0
  6
Continuous
 62
    18
420
        0
370
    25
100
AcDbVertex
100
AcDb2dVertex
 10
30.46875000000001
 20
9.799575562638854
 30
0.0
  0
VERTEX
  5
96A
330
967
100
AcDbEntity
  8
0
  6
Continuous
 62
    18
420
        0
370
    25
100
AcDbVertex
100
AcDb2dVertex
 10
30.46875000000001
 20
9.987075562638864
 30
0.0
  0
VERTEX
  5
96B
330
967
100
AcDbEntity
  8
0
  6
Continuous
 62
    18
420
        0
370
    25
100
AcDbVertex
100
AcDb2dVertex
 10
30.28125000000001
 20
9.987075562638864
 30
0.0
  0
SEQEND
  5
96C
330
967
100
AcDbEntity
  8
0
  6
Continuous
 62
    18
420
        0
370
    25
  0
POLYLINE
  5
96D
330
1F
100
AcDbEntity
  8
0
  6
Continuous
 62
    18
420
        0
370
    25
100
AcDb2dPolyline
 66
     1
 10
0.0
 20
0.0
 30
0.0
 70
     1
  0
VERTEX
  5
96E
330
96D
100
AcDbEntity
  8
0
  6
Continuous
 62
    18
420
        0
370
    25
100
AcDbVertex
100
AcDb2dVertex
 10
32.22737553309032
 20
8.479170891094181
 30
0.0
  0
VERTEX
  5
96F
330
96D
100
AcDbEntity
  8
0
  6
Continuous
 62
    18
420
        0
370
    25
100
AcDbVertex
100
AcDb2dVertex
 10
32.41487553309034
 20
8.479170891094181
 30
0.0
  0
VERTEX
  5
970
330
96D
100
AcDbEntity
  8
0
  6
Continuous
 62
    18
420
        0
370
    25
100
AcDbVertex
100
AcDb2dVertex
 10
32.41487553309034
 20
8.666670891094192
 30
0.0
  0
VERTEX
  5
971
330
96D
100
AcDbEntity
  8
0
  6
Continuous
 62
    18
420
        0
370
    25
100
AcDbVertex
100
AcDb2dVertex
 10
32.22737553309032
 20
8.666670891094192
 30
0.0
  0
SEQEND
  5
972
330
96D
100
AcDbEntity
  8
0
  6
Continuous
 62
    18
420
        0
370
    25
  0
POLYLINE
  5
973
330
1F
100
AcDbEntity
  8
0
  6
Continuous
 62
    18
420
        0
370
    25
100
AcDb2dPolyline
 66
     1
 10
0.0
 20
0.0
 30
0.0
 70
     1
  0
VERTEX
  5
974
330
973
100
AcDbEntity
  8
0
  6
Continuous
 62
    18
420
        0
370
    25
100
AcDbVertex
100
AcDb2dVertex
 10
25.98320886642366
 20
8.479170891094181
 30
0.0
  0
VERTEX
  5
975
330
973
100
AcDbEntity
  8
0
  6
Continuous
 62
    18
420
        0
370
    25
100
AcDbVertex
100
AcDb2dVertex
 10
26.17070886642367
 20
8.479170891094181
 30
0.0
  0
VERTEX
  5
976
330
973
100
AcDbEntity
  8
0
  6
Continuous
 62
    18
420
        0
370
    25
100
AcDbVertex
100
AcDb2dVertex
 10
26.17070886642367
 20
8.666670891094192
 30
0.0
  0
VERTEX
  5
977
330
973
100
AcDbEntity
  8
0
  6
Continuous
 62
    18
420
        0
370
    25
100
AcDbVertex
100
AcDb2dVertex
 10
25.98320886642366
 20
8.666670891094192
 30
0.0
  0
SEQEND
  5
978
330
973
100
AcDbEntity
  8
0
  6
Continuous
 62
    18
420
        0
370
    25
  0
POLYLINE
  5
979
330
1F
100
AcDbEntity
  8
0
  6
Continuous
 62
    18
420
        0
370
    25
100
AcDb2dPolyline
 66
     1
 10
0.0
 20
0.0
 30
0.0
 70
     1
  0
VERTEX
  5
97A
330
979
100
AcDbEntity
  8
0
  6
Continuous
 62
    18
420
        0
370
    25
100
AcDbVertex
100
AcDb2dVertex
 10
32.22737553309032
 20
6.722337557760852
 30
0.0
  0
VERTEX
  5
97B
330
979
100
AcDbEntity
  8
0
  6
Continuous
 62
    18
420
        0
370
    25
100
AcDbVertex
100
AcDb2dVertex
 10
32.41487553309034
 20
6.722337557760852
 30
0.0
  0
VERTEX
  5
97C
330
979
100
AcDbEntity
  8
0
  6
Continuous
 62
    18
420
        0
370
    25
100
AcDbVertex
100
AcDb2dVertex
 10
32.41487553309034
 20
6.909837557760852
 30
0.0
  0
VERTEX
  5
97D
330
979
100
AcDbEntity
  8
0
  6
Continuous
 62
    18
420
        0
370
    25
100
AcDbVertex
100
AcDb2dVertex
 10
32.22737553309032
 20
6.909837557760852
 30
0.0
  0
SEQEND
  5
97E
330
979
100
AcDbEntity
  8
0
  6
Continuous
 62
    18
420
        0
370
    25
  0
POLYLINE
  5
97F
330
1F
100
AcDbEntity
  8
0
  6
Continuous
 62
    18
420
        0
370
    25
100
AcDb2dPolyline
 66
     1
 10
0.0
 20
0.0
 30
0.0
 70
     1
  0
VERTEX
  5
980
330
97F
100
AcDbEntity
  8
0
  6
Continuous
 62
    18
420
        0
370
    25
100
AcDbVertex
100
AcDb2dVertex
 10
30.06408386642365
 20
6.722337557760852
 30
0.0
  0
VERTEX
  5
981
330
97F
100
AcDbEntity
  8
0
  6
Continuous
 62
    18
420
        0
370
    25
100
AcDbVertex
100
AcDb2dVertex
 10
30.25158386642367
 20
6.722337557760852
 30
0.0
  0
VERTEX
  5
982
330
97F
100
AcDbEntity
  8
0
  6
Continuous
 62
    18
420
        0
370
    25
100
AcDbVertex
100
AcDb2dVertex
 10
30.25158386642367
 20
6.909837557760852
 30
0.0
  0
VERTEX
  5
983
330
97F
100
AcDbEntity
  8
0
  6
Continuous
 62
    18
420
        0
370
    25
100
AcDbVertex
100
AcDb2dVertex
 10
30.06408386642365
 20
6.909837557760852
 30
0.0
  0
SEQEND
  5
984
330
97F
100
AcDbEntity
  8
0
  6
Continuous
 62
    18
420
        0
370
    25
  0
POLYLINE
  5
985
330
1F
100
AcDbEntity
  8
0
  6
Continuous
 62
    18
420
        0
370
    25
100
AcDb2dPolyline
 66
     1
 10
0.0
 20
0.0
 30
0.0
 70
     1
  0
VERTEX
  5
986
330
985
100
AcDbEntity
  8
0
  6
Continuous
 62
    18
420
        0
370
    25
100
AcDbVertex
100
AcDb2dVertex
 10
35.56741719975698
 20
6.722337557760852
 30
0.0
  0
VERTEX
  5
987
330
985
100
AcDbEntity
  8
0
  6
Continuous
 62
    18
420
        0
370
    25
100
AcDbVertex
100
AcDb2dVertex
 10
35.75491719975698
 20
6.722337557760852
 30
0.0
  0
VERTEX
  5
988
330
985
100
AcDbEntity
  8
0
  6
Continuous
 62
    18
420
        0
370
    25
100
AcDbVertex
100
AcDb2dVertex
 10
35.75491719975698
 20
6.909837557760852
 30
0.0
  0
VERTEX
  5
989
330
985
100
AcDbEntity
  8
0
  6
Continuous
 62
    18
420
        0
370
    25
100
AcDbVertex
100
AcDb2dVertex
 10
35.56741719975698
 20
6.909837557760852
 30
0.0
  0
SEQEND
  5
98A
330
985
100
AcDbEntity
  8
0
  6
Continuous
 62
    18
420
        0
370
    25
  0
POLYLINE
  5
98B
330
1F
100
AcDbEntity
  8
0
  6
Continuous
 62
    18
420
        0
370
    25
100
AcDb2dPolyline
 66
     1
 10
0.0
 20
0.0
 30
0.0
 70
     1
  0
VERTEX
  5
98C
330
98B
100
AcDbEntity
  8
0
  6
Continuous
 62
    18
420
        0
370
    25
100
AcDbVertex
100
AcDb2dVertex
 10
33.77254219975698
 20
6.722337557760852
 30
0.0
  0
VERTEX
  5
98D
330
98B
100
AcDbEntity
  8
0
  6
Continuous
 62
    18
420
        0
370
    25
100
AcDbVertex
100
AcDb2dVertex
 10
33.96004219975701
 20
6.722337557760852
 30
0.0
  0
VERTEX
  5
98E
330
98B
100
AcDbEntity
  8
0
  6
Continuous
 62
    18
420
        0
370
    25
100
AcDbVertex
100
AcDb2dVertex
 10
33.96004219975701
 20
6.909837557760852
 30
0.0
  0
VERTEX
  5
98F
330
98B
100
AcDbEntity
  8
0
  6
Continuous
 62
    18
420
        0
370
    25
100
AcDbVertex
100
AcDb2dVertex
 10
33.77254219975698
 20
6.909837557760852
 30
0.0
  0
SEQEND
  5
990
330
98B
100
AcDbEntity
  8
0
  6
Continuous
 62
    18
420
        0
370
    25
  0
POLYLINE
  5
991
330
1F
100
AcDbEntity
  8
0
  6
Continuous
 62
    18
420
        0
370
    25
100
AcDb2dPolyline
 66
     1
 10
0.0
 20
0.0
 30
0.0
 70
     1
  0
VERTEX
  5
992
330
991
100
AcDbEntity
  8
0
  6
Continuous
 62
    18
420
        0
370
    25
100
AcDbVertex
100
AcDb2dVertex
 10
35.56741719975698
 20
5.340254224427504
 30
0.0
  0
VERTEX
  5
993
330
991
100
AcDbEntity
  8
0
  6
Continuous
 62
    18
420
        0
370
    25
100
AcDbVertex
100
AcDb2dVertex
 10
35.75491719975698
 20
5.340254224427504
 30
0.0
  0
VERTEX
  5
994
330
991
100
AcDbEntity
  8
0
  6
Continuous
 62
    18
420
        0
370
    25
100
AcDbVertex
100
AcDb2dVertex
 10
35.75491719975698
 20
5.527754224427518
 30
0.0
  0
VERTEX
  5
995
330
991
100
AcDbEntity
  8
0
  6
Continuous
 62
    18
420
        0
370
    25
100
AcDbVertex
100
AcDb2dVertex
 10
35.56741719975698
 20
5.527754224427518
 30
0.0
  0
SEQEND
  5
996
330
991
100
AcDbEntity
  8
0
  6
Continuous
 62
    18
420
        0
370
    25
  0
POLYLINE
  5
997
330
1F
100
AcDbEntity
  8
0
  6
Continuous
 62
    18
420
        0
370
    25
100
AcDb2dPolyline
 66
     1
 10
0.0
 20
0.0
 30
0.0
 70
     1
  0
VERTEX
  5
998
330
997
100
AcDbEntity
  8
0
  6
Continuous
 62
    18
420
        0
370
    25
100
AcDbVertex
100
AcDb2dVertex
 10
35.56741719975698
 20
4.566087557760845
 30
0.0
  0
VERTEX
  5
999
330
997
100
AcDbEntity
  8
0
  6
Continuous
 62
    18
420
        0
370
    25
100
AcDbVertex
100
AcDb2dVertex
 10
35.75491719975698
 20
4.566087557760845
 30
0.0
  0
VERTEX
  5
99A
330
997
100
AcDbEntity
  8
0
  6
Continuous
 62
    18
420
        0
370
    25
100
AcDbVertex
100
AcDb2dVertex
 10
35.75491719975698
 20
4.753587557760859
 30
0.0
  0
VERTEX
  5
99B
330
997
100
AcDbEntity
  8
0
  6
Continuous
 62
    18
420
        0
370
    25
100
AcDbVertex
100
AcDb2dVertex
 10
35.56741719975698
 20
4.753587557760859
 30
0.0
  0
SEQEND
  5
99C
330
997
100
AcDbEntity
  8
0
  6
Continuous
 62
    18
420
        0
370
    25
  0
POLYLINE
  5
99D
330
1F
100
AcDbEntity
  8
0
  6
Continuous
 62
    18
420
        0
370
    25
100
AcDb2dPolyline
 66
     1
 10
0.0
 20
0.0
 30
0.0
 70
     1
  0
VERTEX
  5
99E
330
99D
100
AcDbEntity
  8
0
  6
Continuous
 62
    18
420
        0
370
    25
100
AcDbVertex
100
AcDb2dVertex
 10
35.56741719975698
 20
2.409837557760845
 30
0.0
  0
VERTEX
  5
99F
330
99D
100
AcDbEntity
  8
0
  6
Continuous
 62
    18
420
        0
370
    25
100
AcDbVertex
100
AcDb2dVertex
 10
35.75491719975698
 20
2.409837557760845
 30
0.0
  0
VERTEX
  5
9A0
330
99D
100
AcDbEntity
  8
0
  6
Continuous
 62
    18
420
        0
370
    25
100
AcDbVertex
100
AcDb2dVertex
 10
35.75491719975698
 20
2.597337557760852
 30
0.0
  0
VERTEX
  5
9A1
330
99D
100
AcDbEntity
  8
0
  6
Continuous
 62
    18
420
        0
370
    25
100
AcDbVertex
100
AcDb2dVertex
 10
35.56741719975698
 20
2.597337557760852
 30
0.0
  0
SEQEND
  5
9A2
330
99D
100
AcDbEntity
  8
0
  6
Continuous
 62
    18
420
        0
370
    25
  0
POLYLINE
  5
9A3
330
1F
100
AcDbEntity
  8
0
  6
Continuous
 62
    18
420
        0
370
    25
100
AcDb2dPolyline
 66
     1
 10
0.0
 20
0.0
 30
0.0
 70
     1
  0
VERTEX
  5
9A4
330
9A3
100
AcDbEntity
  8
0
  6
Continuous
 62
    18
420
        0
370
    25
100
AcDbVertex
100
AcDb2dVertex
 10
37.40454535360508
 20
0.2008255626388546
 30
0.0
  0
VERTEX
  5
9A5
330
9A3
100
AcDbEntity
  8
0
  6
Continuous
 62
    18
420
        0
370
    25
100
AcDbVertex
100
AcDb2dVertex
 10
38.23837649085106
 20
0.2008255626388546
 30
0.0
  0
VERTEX
  5
9A6
330
9A3
100
AcDbEntity
  8
0
  6
Continuous
 62
    18
420
        0
370
    25
100
AcDbVertex
100
AcDb2dVertex
 10
38.23837649085106
 20
5.359086842695731
 30
0.0
  0
VERTEX
  5
9A7
330
9A3
100
AcDbEntity
  8
0
  6
Continuous
 62
    18
420
        0
370
    25
100
AcDbVertex
100
AcDb2dVertex
 10
37.40454535360508
 20
5.359086842695731
 30
0.0
  0
SEQEND
  5
9A8
330
9A3
100
AcDbEntity
  8
0
  6
Continuous
 62
    18
420
        0
370
    25
  0
POLYLINE
  5
9A9
330
1F
100
AcDbEntity
  8
0
  6
Continuous
 62
    18
420
        0
370
    25
100
AcDb2dPolyline
 66
     1
 10
0.0
 20
0.0
 30
0.0
 70
     1
  0
VERTEX
  5
9AA
330
9A9
100
AcDbEntity
  8
0
  6
Continuous
 62
    18
420
        0
370
    25
100
AcDbVertex
100
AcDb2dVertex
 10
33.15862350914896
 20
0.2008255626388546
 30
0.0
  0
VERTEX
  5
9AB
330
9A9
100
AcDbEntity
  8
0
  6
Continuous
 62
    18
420
        0
370
    25
100
AcDbVertex
100
AcDb2dVertex
 10
33.99245464639495
 20
0.2008255626388546
 30
0.0
  0
VERTEX
  5
9AC
330
9A9
100
AcDbEntity
  8
0
  6
Continuous
 62
    18
420
        0
370
    25
100
AcDbVertex
100
AcDb2dVertex
 10
33.99245464639495
 20
4.643622242382698
 30
0.0
  0
VERTEX
  5
9AD
330
9A9
100
AcDbEntity
  8
0
  6
Continuous
 62
    18
420
        0
370
    25
100
AcDbVertex
100
AcDb2dVertex
 10
33.15862350914896
 20
4.643622242382698
 30
0.0
  0
SEQEND
  5
9AE
330
9A9
100
AcDbEntity
  8
0
  6
Continuous
 62
    18
420
        0
370
    25
  0
POLYLINE
  5
9AF
330
1F
100
AcDbEntity
  8
0
  6
Continuous
 62
    18
420
        0
370
    25
100
AcDb2dPolyline
 66
     1
 10
0.0
 20
0.0
 30
0.0
 70
     1
  0
VERTEX
  5
9B0
330
9AF
100
AcDbEntity
  8
0
  6
Continuous
 62
    18
420
        0
370
    25
100
AcDbVertex
100
AcDb2dVertex
 10
36.70236231381118
 20
4.369165392736022
 30
0.0
  0
VERTEX
  5
9B1
330
9AF
100
AcDbEntity
  8
0
  6
Continuous
 62
    18
420
        0
370
    25
100
AcDbVertex
100
AcDb2dVertex
 10
37.30236231381118
 20
4.369165392736022
 30
0.0
  0
VERTEX
  5
9B2
330
9AF
100
AcDbEntity
  8
0
  6
Continuous
 62
    18
420
        0
370
    25
100
AcDbVertex
100
AcDb2dVertex
 10
37.30236231381118
 20
4.969165392736038
 30
0.0
  0
VERTEX
  5
9B3
330
9AF
100
AcDbEntity
  8
0
  6
Continuous
 62
    18
420
        0
370
    25
100
AcDbVertex
100
AcDb2dVertex
 10
36.70236231381118
 20
4.969165392736038
 30
0.0
  0
SEQEND
  5
9B4
330
9AF
100
AcDbEntity
  8
0
  6
Continuous
 62
    18
420
        0
370
    25
  0
POLYLINE
  5
9B5
330
1F
100
AcDbEntity
  8
0
  6
Continuous
 62
    18
420
        0
370
    25
100
AcDb2dPolyline
 66
     1
 10
0.0
 20
0.0
 30
0.0
 70
     1
  0
VERTEX
  5
9B6
330
9B5
100
AcDbEntity
  8
0
  6
Continuous
 62
    18
420
        0
370
    25
100
AcDbVertex
100
AcDb2dVertex
 10
36.70236231381118
 20
2.515768220374085
 30
0.0
  0
VERTEX
  5
9B7
330
9B5
100
AcDbEntity
  8
0
  6
Continuous
 62
    18
420
        0
370
    25
100
AcDbVertex
100
AcDb2dVertex
 10
37.30236231381118
 20
2.515768220374085
 30
0.0
  0
VERTEX
  5
9B8
330
9B5
100
AcDbEntity
  8
0
  6
Continuous
 62
    18
420
        0
370
    25
100
AcDbVertex
100
AcDb2dVertex
 10
37.30236231381118
 20
3.115768220374086
 30
0.0
  0
VERTEX
  5
9B9
330
9B5
100
AcDbEntity
  8
0
  6
Continuous
 62
    18
420
        0
370
    25
100
AcDbVertex
100
AcDb2dVertex
 10
36.70236231381118
 20
3.115768220374086
 30
0.0
  0
SEQEND
  5
9BA
330
9B5
100
AcDbEntity
  8
0
  6
Continuous
 62
    18
420
        0
370
    25
  0
POLYLINE
  5
9BB
330
1F
100
AcDbEntity
  8
0
  6
Continuous
 62
    18
420
        0
370
    25
100
AcDb2dPolyline
 66
     1
 10
0.0
 20
0.0
 30
0.0
 70
     1
  0
VERTEX
  5
9BC
330
9BB
100
AcDbEntity
  8
0
  6
Continuous
 62
    18
420
        0
370
    25
100
AcDbVertex
100
AcDb2dVertex
 10
36.70236231381118
 20
0.6623710480121332
 30
0.0
  0
VERTEX
  5
9BD
330
9BB
100
AcDbEntity
  8
0
  6
Continuous
 62
    18
420
        0
370
    25
100
AcDbVertex
100
AcDb2dVertex
 10
37.30236231381118
 20
0.6623710480121332
 30
0.0
  0
VERTEX
  5
9BE
330
9BB
100
AcDbEntity
  8
0
  6
Continuous
 62
    18
420
        0
370
    25
100
AcDbVertex
100
AcDb2dVertex
 10
37.30236231381118
 20
1.262371048012149
 30
0.0
  0
VERTEX
  5
9BF
330
9BB
100
AcDbEntity
  8
0
  6
Continuous
 62
    18
420
        0
370
    25
100
AcDbVertex
100
AcDb2dVertex
 10
36.70236231381118
 20
1.262371048012149
 30
0.0
  0
SEQEND
  5
9C0
330
9BB
100
AcDbEntity
  8
0
  6
Continuous
 62
    18
420
        0
370
    25
  0
POLYLINE
  5
9C1
330
1F
100
AcDbEntity
  8
0
  6
Continuous
 62
    18
420
        0
370
    25
100
AcDb2dPolyline
 66
     1
 10
0.0
 20
0.0
 30
0.0
 70
     1
  0
VERTEX
  5
9C2
330
9C1
100
AcDbEntity
  8
0
  6
Continuous
 62
    18
420
        0
370
    25
100
AcDbVertex
100
AcDb2dVertex
 10
34.10600105040364
 20
1.043371048012141
 30
0.0
  0
VERTEX
  5
9C3
330
9C1
100
AcDbEntity
  8
0
  6
Continuous
 62
    18
420
        0
370
    25
100
AcDbVertex
100
AcDb2dVertex
 10
34.70600105040363
 20
1.043371048012141
 30
0.0
  0
VERTEX
  5
9C4
330
9C1
100
AcDbEntity
  8
0
  6
Continuous
 62
    18
420
        0
370
    25
100
AcDbVertex
100
AcDb2dVertex
 10
34.70600105040363
 20
1.643371048012149
 30
0.0
  0
VERTEX
  5
9C5
330
9C1
100
AcDbEntity
  8
0
  6
Continuous
 62
    18
420
        0
370
    25
100
AcDbVertex
100
AcDb2dVertex
 10
34.10600105040364
 20
1.643371048012149
 30
0.0
  0
SEQEND
  5
9C6
330
9C1
100
AcDbEntity
  8
0
  6
Continuous
 62
    18
420
        0
370
    25
  0
POLYLINE
  5
9C7
330
1F
100
AcDbEntity
  8
0
  6
Continuous
 62
    18
420
        0
370
    25
100
AcDb2dPolyline
 66
     1
 10
0.0
 20
0.0
 30
0.0
 70
     1
  0
VERTEX
  5
9C8
330
9C7
100
AcDbEntity
  8
0
  6
Continuous
 62
    18
420
        0
370
    25
100
AcDbVertex
100
AcDb2dVertex
 10
34.10600105040364
 20
2.896768220374085
 30
0.0
  0
VERTEX
  5
9C9
330
9C7
100
AcDbEntity
  8
0
  6
Continuous
 62
    18
420
        0
370
    25
100
AcDbVertex
100
AcDb2dVertex
 10
34.70600105040363
 20
2.896768220374085
 30
0.0
  0
VERTEX
  5
9CA
330
9C7
100
AcDbEntity
  8
0
  6
Continuous
 62
    18
420
        0
370
    25
100
AcDbVertex
100
AcDb2dVertex
 10
34.70600105040363
 20
3.496768220374079
 30
0.0
  0
VERTEX
  5
9CB
330
9C7
100
AcDbEntity
  8
0
  6
Continuous
 62
    18
420
        0
370
    25
100
AcDbVertex
100
AcDb2dVertex
 10
34.10600105040364
 20
3.496768220374079
 30
0.0
  0
SEQEND
  5
9CC
330
9C7
100
AcDbEntity
  8
0
  6
Continuous
 62
    18
420
        0
370
    25
  0
POLYLINE
  5
9CD
330
1F
100
AcDbEntity
  8
0
  6
Continuous
 62
    18
420
        0
370
    25
100
AcDb2dPolyline
 66
     1
 10
0.0
 20
0.0
 30
0.0
 70
     1
  0
VERTEX
  5
9CE
330
9CD
100
AcDbEntity
  8
0
  6
Continuous
 62
    18
420
        0
370
    25
100
AcDbVertex
100
AcDb2dVertex
 10
25.98320886642366
 20
6.722337557760852
 30
0.0
  0
VERTEX
  5
9CF
330
9CD
100
AcDbEntity
  8
0
  6
Continuous
 62
    18
420
        0
370
    25
100
AcDbVertex
100
AcDb2dVertex
 10
26.17070886642367
 20
6.722337557760852
 30
0.0
  0
VERTEX
  5
9D0
330
9CD
100
AcDbEntity
  8
0
  6
Continuous
 62
    18
420
        0
370
    25
100
AcDbVertex
100
AcDb2dVertex
 10
26.17070886642367
 20
6.909837557760852
 30
0.0
  0
VERTEX
  5
9D1
330
9CD
100
AcDbEntity
  8
0
  6
Continuous
 62
    18
420
        0
370
    25
100
AcDbVertex
100
AcDb2dVertex
 10
25.98320886642366
 20
6.909837557760852
 30
0.0
  0
SEQEND
  5
9D2
330
9CD
100
AcDbEntity
  8
0
  6
Continuous
 62
    18
420
        0
370
    25
  0
POLYLINE
  5
9D3
330
1F
100
AcDbEntity
  8
0
  6
Continuous
 62
    18
420
        0
370
    25
100
AcDb2dPolyline
 66
     1
 10
0.0
 20
0.0
 30
0.0
 70
     1
  0
VERTEX
  5
9D4
330
9D3
100
AcDbEntity
  8
0
  6
Continuous
 62
    18
420
        0
370
    25
100
AcDbVertex
100
AcDb2dVertex
 10
24.58191719975699
 20
6.722337557760852
 30
0.0
  0
VERTEX
  5
9D5
330
9D3
100
AcDbEntity
  8
0
  6
Continuous
 62
    18
420
        0
370
    25
100
AcDbVertex
100
AcDb2dVertex
 10
24.769417199757
 20
6.722337557760852
 30
0.0
  0
VERTEX
  5
9D6
330
9D3
100
AcDbEntity
  8
0
  6
Continuous
 62
    18
420
        0
370
    25
100
AcDbVertex
100
AcDb2dVertex
 10
24.769417199757
 20
6.909837557760852
 30
0.0
  0
VERTEX
  5
9D7
330
9D3
100
AcDbEntity
  8
0
  6
Continuous
 62
    18
420
        0
370
    25
100
AcDbVertex
100
AcDb2dVertex
 10
24.58191719975699
 20
6.909837557760852
 30
0.0
  0
SEQEND
  5
9D8
330
9D3
100
AcDbEntity
  8
0
  6
Continuous
 62
    18
420
        0
370
    25
  0
POLYLINE
  5
9D9
330
1F
100
AcDbEntity
  8
0
  6
Continuous
 62
    18
420
        0
370
    25
100
AcDb2dPolyline
 66
     1
 10
0.0
 20
0.0
 30
0.0
 70
     1
  0
VERTEX
  5
9DA
330
9D9
100
AcDbEntity
  8
0
  6
Continuous
 62
    18
420
        0
370
    25
100
AcDbVertex
100
AcDb2dVertex
 10
29.200542199757
 20
6.722337557760852
 30
0.0
  0
VERTEX
  5
9DB
330
9D9
100
AcDbEntity
  8
0
  6
Continuous
 62
    18
420
        0
370
    25
100
AcDbVertex
100
AcDb2dVertex
 10
29.388042199757
 20
6.722337557760852
 30
0.0
  0
VERTEX
  5
9DC
330
9D9
100
AcDbEntity
  8
0
  6
Continuous
 62
    18
420
        0
370
    25
100
AcDbVertex
100
AcDb2dVertex
 10
29.388042199757
 20
6.909837557760852
 30
0.0
  0
VERTEX
  5
9DD
330
9D9
100
AcDbEntity
  8
0
  6
Continuous
 62
    18
420
        0
370
    25
100
AcDbVertex
100
AcDb2dVertex
 10
29.200542199757
 20
6.909837557760852
 30
0.0
  0
SEQEND
  5
9DE
330
9D9
100
AcDbEntity
  8
0
  6
Continuous
 62
    18
420
        0
370
    25
  0
POLYLINE
  5
9DF
330
1F
100
AcDbEntity
  8
0
  6
Continuous
 62
    18
420
        0
370
    25
100
AcDb2dPolyline
 66
     1
 10
0.0
 20
0.0
 30
0.0
 70
     1
  0
VERTEX
  5
9E0
330
9DF
100
AcDbEntity
  8
0
  6
Continuous
 62
    18
420
        0
370
    25
100
AcDbVertex
100
AcDb2dVertex
 10
30.06408386642365
 20
5.340254224427504
 30
0.0
  0
VERTEX
  5
9E1
330
9DF
100
AcDbEntity
  8
0
  6
Continuous
 62
    18
420
        0
370
    25
100
AcDbVertex
100
AcDb2dVertex
 10
30.25158386642366
 20
5.340254224427504
 30
0.0
  0
VERTEX
  5
9E2
330
9DF
100
AcDbEntity
  8
0
  6
Continuous
 62
    18
420
        0
370
    25
100
AcDbVertex
100
AcDb2dVertex
 10
30.25158386642366
 20
5.527754224427518
 30
0.0
  0
VERTEX
  5
9E3
330
9DF
100
AcDbEntity
  8
0
  6
Continuous
 62
    18
420
        0
370
    25
100
AcDbVertex
100
AcDb2dVertex
 10
30.06408386642365
 20
5.527754224427518
 30
0.0
  0
SEQEND
  5
9E4
330
9DF
100
AcDbEntity
  8
0
  6
Continuous
 62
    18
420
        0
370
    25
  0
POLYLINE
  5
9E5
330
1F
100
AcDbEntity
  8
0
  6
Continuous
 62
    18
420
        0
370
    25
100
AcDb2dPolyline
 66
     1
 10
0.0
 20
0.0
 30
0.0
 70
     1
  0
VERTEX
  5
9E6
330
9E5
100
AcDbEntity
  8
0
  6
Continuous
 62
    18
420
        0
370
    25
100
AcDbVertex
100
AcDb2dVertex
 10
30.06408386642365
 20
4.566087557760845
 30
0.0
  0
VERTEX
  5
9E7
330
9E5
100
AcDbEntity
  8
0
  6
Continuous
 62
    18
420
        0
370
    25
100
AcDbVertex
100
AcDb2dVertex
 10
30.25158386642366
 20
4.566087557760845
 30
0.0
  0
VERTEX
  5
9E8
330
9E5
100
AcDbEntity
  8
0
  6
Continuous
 62
    18
420
        0
370
    25
100
AcDbVertex
100
AcDb2dVertex
 10
30.25158386642366
 20
4.753587557760859
 30
0.0
  0
VERTEX
  5
9E9
330
9E5
100
AcDbEntity
  8
0
  6
Continuous
 62
    18
420
        0
370
    25
100
AcDbVertex
100
AcDb2dVertex
 10
30.06408386642365
 20
4.753587557760859
 30
0.0
  0
SEQEND
  5
9EA
330
9E5
100
AcDbEntity
  8
0
  6
Continuous
 62
    18
420
        0
370
    25
  0
POLYLINE
  5
9EB
330
1F
100
AcDbEntity
  8
0
  6
Continuous
 62
    18
420
        0
370
    25
100
AcDb2dPolyline
 66
     1
 10
0.0
 20
0.0
 30
0.0
 70
     1
  0
VERTEX
  5
9EC
330
9EB
100
AcDbEntity
  8
0
  6
Continuous
 62
    18
420
        0
370
    25
100
AcDbVertex
100
AcDb2dVertex
 10
30.06408386642365
 20
2.409837557760845
 30
0.0
  0
VERTEX
  5
9ED
330
9EB
100
AcDbEntity
  8
0
  6
Continuous
 62
    18
420
        0
370
    25
100
AcDbVertex
100
AcDb2dVertex
 10
30.25158386642366
 20
2.409837557760845
 30
0.0
  0
VERTEX
  5
9EE
330
9EB
100
AcDbEntity
  8
0
  6
Continuous
 62
    18
420
        0
370
    25
100
AcDbVertex
100
AcDb2dVertex
 10
30.25158386642366
 20
2.597337557760852
 30
0.0
  0
VERTEX
  5
9EF
330
9EB
100
AcDbEntity
  8
0
  6
Continuous
 62
    18
420
        0
370
    25
100
AcDbVertex
100
AcDb2dVertex
 10
30.06408386642365
 20
2.597337557760852
 30
0.0
  0
SEQEND
  5
9F0
330
9EB
100
AcDbEntity
  8
0
  6
Continuous
 62
    18
420
        0
370
    25
  0
POLYLINE
  5
9F1
330
1F
100
AcDbEntity
  8
0
  6
Continuous
 62
    18
420
        0
370
    25
100
AcDb2dPolyline
 66
     1
 10
0.0
 20
0.0
 30
0.0
 70
     1
  0
VERTEX
  5
9F2
330
9F1
100
AcDbEntity
  8
0
  6
Continuous
 62
    18
420
        0
370
    25
100
AcDbVertex
100
AcDb2dVertex
 10
31.90121202027174
 20
0.2008255626388546
 30
0.0
  0
VERTEX
  5
9F3
330
9F1
100
AcDbEntity
  8
0
  6
Continuous
 62
    18
420
        0
370
    25
100
AcDbVertex
100
AcDb2dVertex
 10
32.73504315751774
 20
0.2008255626388546
 30
0.0
  0
VERTEX
  5
9F4
330
9F1
100
AcDbEntity
  8
0
  6
Continuous
 62
    18
420
        0
370
    25
100
AcDbVertex
100
AcDb2dVertex
 10
32.73504315751774
 20
5.359086842695731
 30
0.0
  0
VERTEX
  5
9F5
330
9F1
100
AcDbEntity
  8
0
  6
Continuous
 62
    18
420
        0
370
    25
100
AcDbVertex
100
AcDb2dVertex
 10
31.90121202027174
 20
5.359086842695731
 30
0.0
  0
SEQEND
  5
9F6
330
9F1
100
AcDbEntity
  8
0
  6
Continuous
 62
    18
420
        0
370
    25
  0
POLYLINE
  5
9F7
330
1F
100
AcDbEntity
  8
0
  6
Continuous
 62
    18
420
        0
370
    25
100
AcDb2dPolyline
 66
     1
 10
0.0
 20
0.0
 30
0.0
 70
     1
  0
VERTEX
  5
9F8
330
9F7
100
AcDbEntity
  8
0
  6
Continuous
 62
    18
420
        0
370
    25
100
AcDbVertex
100
AcDb2dVertex
 10
27.65529017581563
 20
0.2008255626388546
 30
0.0
  0
VERTEX
  5
9F9
330
9F7
100
AcDbEntity
  8
0
  6
Continuous
 62
    18
420
        0
370
    25
100
AcDbVertex
100
AcDb2dVertex
 10
28.48912131306161
 20
0.2008255626388546
 30
0.0
  0
VERTEX
  5
9FA
330
9F7
100
AcDbEntity
  8
0
  6
Continuous
 62
    18
420
        0
370
    25
100
AcDbVertex
100
AcDb2dVertex
 10
28.48912131306161
 20
4.643622242382698
 30
0.0
  0
VERTEX
  5
9FB
330
9F7
100
AcDbEntity
  8
0
  6
Continuous
 62
    18
420
        0
370
    25
100
AcDbVertex
100
AcDb2dVertex
 10
27.65529017581563
 20
4.643622242382698
 30
0.0
  0
SEQEND
  5
9FC
330
9F7
100
AcDbEntity
  8
0
  6
Continuous
 62
    18
420
        0
370
    25
  0
POLYLINE
  5
9FD
330
1F
100
AcDbEntity
  8
0
  6
Continuous
 62
    18
420
        0
370
    25
100
AcDb2dPolyline
 66
     1
 10
0.0
 20
0.0
 30
0.0
 70
     1
  0
VERTEX
  5
9FE
330
9FD
100
AcDbEntity
  8
0
  6
Continuous
 62
    18
420
        0
370
    25
100
AcDbVertex
100
AcDb2dVertex
 10
31.19902898047784
 20
4.369165392736022
 30
0.0
  0
VERTEX
  5
9FF
330
9FD
100
AcDbEntity
  8
0
  6
Continuous
 62
    18
420
        0
370
    25
100
AcDbVertex
100
AcDb2dVertex
 10
31.79902898047784
 20
4.369165392736022
 30
0.0
  0
VERTEX
  5
A00
330
9FD
100
AcDbEntity
  8
0
  6
Continuous
 62
    18
420
        0
370
    25
100
AcDbVertex
100
AcDb2dVertex
 10
31.79902898047784
 20
4.969165392736038
 30
0.0
  0
VERTEX
  5
A01
330
9FD
100
AcDbEntity
  8
0
  6
Continuous
 62
    18
420
        0
370
    25
100
AcDbVertex
100
AcDb2dVertex
 10
31.19902898047784
 20
4.969165392736038
 30
0.0
  0
SEQEND
  5
A02
330
9FD
100
AcDbEntity
  8
0
  6
Continuous
 62
    18
420
        0
370
    25
  0
POLYLINE
  5
A03
330
1F
100
AcDbEntity
  8
0
  6
Continuous
 62
    18
420
        0
370
    25
100
AcDb2dPolyline
 66
     1
 10
0.0
 20
0.0
 30
0.0
 70
     1
  0
VERTEX
  5
A04
330
A03
100
AcDbEntity
  8
0
  6
Continuous
 62
    18
420
        0
370
    25
100
AcDbVertex
100
AcDb2dVertex
 10
31.19902898047784
 20
2.515768220374085
 30
0.0
  0
VERTEX
  5
A05
330
A03
100
AcDbEntity
  8
0
  6
Continuous
 62
    18
420
        0
370
    25
100
AcDbVertex
100
AcDb2dVertex
 10
31.79902898047784
 20
2.515768220374085
 30
0.0
  0
VERTEX
  5
A06
330
A03
100
AcDbEntity
  8
0
  6
Continuous
 62
    18
420
        0
370
    25
100
AcDbVertex
100
AcDb2dVertex
 10
31.79902898047784
 20
3.115768220374086
 30
0.0
  0
VERTEX
  5
A07
330
A03
100
AcDbEntity
  8
0
  6
Continuous
 62
    18
420
        0
370
    25
100
AcDbVertex
100
AcDb2dVertex
 10
31.19902898047784
 20
3.115768220374086
 30
0.0
  0
SEQEND
  5
A08
330
A03
100
AcDbEntity
  8
0
  6
Continuous
 62
    18
420
        0
370
    25
  0
POLYLINE
  5
A09
330
1F
100
AcDbEntity
  8
0
  6
Continuous
 62
    18
420
        0
370
    25
100
AcDb2dPolyline
 66
     1
 10
0.0
 20
0.0
 30
0.0
 70
     1
  0
VERTEX
  5
A0A
330
A09
100
AcDbEntity
  8
0
  6
Continuous
 62
    18
420
        0
370
    25
100
AcDbVertex
100
AcDb2dVertex
 10
31.19902898047784
 20
0.6623710480121332
 30
0.0
  0
VERTEX
  5
A0B
330
A09
100
AcDbEntity
  8
0
  6
Continuous
 62
    18
420
        0
370
    25
100
AcDbVertex
100
AcDb2dVertex
 10
31.79902898047784
 20
0.6623710480121332
 30
0.0
  0
VERTEX
  5
A0C
330
A09
100
AcDbEntity
  8
0
  6
Continuous
 62
    18
420
        0
370
    25
100
AcDbVertex
100
AcDb2dVertex
 10
31.79902898047784
 20
1.262371048012149
 30
0.0
  0
VERTEX
  5
A0D
330
A09
100
AcDbEntity
  8
0
  6
Continuous
 62
    18
420
        0
370
    25
100
AcDbVertex
100
AcDb2dVertex
 10
31.19902898047784
 20
1.262371048012149
 30
0.0
  0
SEQEND
  5
A0E
330
A09
100
AcDbEntity
  8
0
  6
Continuous
 62
    18
420
        0
370
    25
  0
POLYLINE
  5
A0F
330
1F
100
AcDbEntity
  8
0
  6
Continuous
 62
    18
420
        0
370
    25
100
AcDb2dPolyline
 66
     1
 10
0.0
 20
0.0
 30
0.0
 70
     1
  0
VERTEX
  5
A10
330
A0F
100
AcDbEntity
  8
0
  6
Continuous
 62
    18
420
        0
370
    25
100
AcDbVertex
100
AcDb2dVertex
 10
28.60266771707031
 20
1.043371048012141
 30
0.0
  0
VERTEX
  5
A11
330
A0F
100
AcDbEntity
  8
0
  6
Continuous
 62
    18
420
        0
370
    25
100
AcDbVertex
100
AcDb2dVertex
 10
29.2026677170703
 20
1.043371048012141
 30
0.0
  0
VERTEX
  5
A12
330
A0F
100
AcDbEntity
  8
0
  6
Continuous
 62
    18
420
        0
370
    25
100
AcDbVertex
100
AcDb2dVertex
 10
29.2026677170703
 20
1.643371048012149
 30
0.0
  0
VERTEX
  5
A13
330
A0F
100
AcDbEntity
  8
0
  6
Continuous
 62
    18
420
        0
370
    25
100
AcDbVertex
100
AcDb2dVertex
 10
28.60266771707031
 20
1.643371048012149
 30
0.0
  0
SEQEND
  5
A14
330
A0F
100
AcDbEntity
  8
0
  6
Continuous
 62
    18
420
        0
370
    25
  0
POLYLINE
  5
A15
330
1F
100
AcDbEntity
  8
0
  6
Continuous
 62
    18
420
        0
370
    25
100
AcDb2dPolyline
 66
     1
 10
0.0
 20
0.0
 30
0.0
 70
     1
  0
VERTEX
  5
A16
330
A15
100
AcDbEntity
  8
0
  6
Continuous
 62
    18
420
        0
370
    25
100
AcDbVertex
100
AcDb2dVertex
 10
28.60266771707031
 20
2.896768220374085
 30
0.0
  0
VERTEX
  5
A17
330
A15
100
AcDbEntity
  8
0
  6
Continuous
 62
    18
420
        0
370
    25
100
AcDbVertex
100
AcDb2dVertex
 10
29.2026677170703
 20
2.896768220374085
 30
0.0
  0
VERTEX
  5
A18
330
A15
100
AcDbEntity
  8
0
  6
Continuous
 62
    18
420
        0
370
    25
100
AcDbVertex
100
AcDb2dVertex
 10
29.2026677170703
 20
3.496768220374079
 30
0.0
  0
VERTEX
  5
A19
330
A15
100
AcDbEntity
  8
0
  6
Continuous
 62
    18
420
        0
370
    25
100
AcDbVertex
100
AcDb2dVertex
 10
28.60266771707031
 20
3.496768220374079
 30
0.0
  0
SEQEND
  5
A1A
330
A15
100
AcDbEntity
  8
0
  6
Continuous
 62
    18
420
        0
370
    25
  0
POLYLINE
  5
A1B
330
1F
100
AcDbEntity
  8
0
  6
Continuous
 62
    18
420
        0
370
    25
100
AcDb2dPolyline
 66
     1
 10
0.0
 20
0.0
 30
0.0
 70
     1
  0
VERTEX
  5
A1C
330
A1B
100
AcDbEntity
  8
0
  6
Continuous
 62
    18
420
        0
370
    25
100
AcDbVertex
100
AcDb2dVertex
 10
22.80820886642367
 20
6.722337557760852
 30
0.0
  0
VERTEX
  5
A1D
330
A1B
100
AcDbEntity
  8
0
  6
Continuous
 62
    18
420
        0
370
    25
100
AcDbVertex
100
AcDb2dVertex
 10
22.99570886642366
 20
6.722337557760852
 30
0.0
  0
VERTEX
  5
A1E
330
A1B
100
AcDbEntity
  8
0
  6
Continuous
 62
    18
420
        0
370
    25
100
AcDbVertex
100
AcDb2dVertex
 10
22.99570886642366
 20
6.909837557760852
 30
0.0
  0
VERTEX
  5
A1F
330
A1B
100
AcDbEntity
  8
0
  6
Continuous
 62
    18
420
        0
370
    25
100
AcDbVertex
100
AcDb2dVertex
 10
22.80820886642367
 20
6.909837557760852
 30
0.0
  0
SEQEND
  5
A20
330
A1B
100
AcDbEntity
  8
0
  6
Continuous
 62
    18
420
        0
370
    25
  0
POLYLINE
  5
A21
330
1F
100
AcDbEntity
  8
0
  6
Continuous
 62
    18
420
        0
370
    25
100
AcDb2dPolyline
 66
     1
 10
0.0
 20
0.0
 30
0.0
 70
     1
  0
VERTEX
  5
A22
330
A21
100
AcDbEntity
  8
0
  6
Continuous
 62
    18
420
        0
370
    25
100
AcDbVertex
100
AcDb2dVertex
 10
24.58191719975699
 20
5.340254224427504
 30
0.0
  0
VERTEX
  5
A23
330
A21
100
AcDbEntity
  8
0
  6
Continuous
 62
    18
420
        0
370
    25
100
AcDbVertex
100
AcDb2dVertex
 10
24.76941719975699
 20
5.340254224427504
 30
0.0
  0
VERTEX
  5
A24
330
A21
100
AcDbEntity
  8
0
  6
Continuous
 62
    18
420
        0
370
    25
100
AcDbVertex
100
AcDb2dVertex
 10
24.76941719975699
 20
5.527754224427518
 30
0.0
  0
VERTEX
  5
A25
330
A21
100
AcDbEntity
  8
0
  6
Continuous
 62
    18
420
        0
370
    25
100
AcDbVertex
100
AcDb2dVertex
 10
24.58191719975699
 20
5.527754224427518
 30
0.0
  0
SEQEND
  5
A26
330
A21
100
AcDbEntity
  8
0
  6
Continuous
 62
    18
420
        0
370
    25
  0
POLYLINE
  5
A27
330
1F
100
AcDbEntity
  8
0
  6
Continuous
 62
    18
420
        0
370
    25
100
AcDb2dPolyline
 66
     1
 10
0.0
 20
0.0
 30
0.0
 70
     1
  0
VERTEX
  5
A28
330
A27
100
AcDbEntity
  8
0
  6
Continuous
 62
    18
420
        0
370
    25
100
AcDbVertex
100
AcDb2dVertex
 10
24.58191719975698
 20
4.566087557760845
 30
0.0
  0
VERTEX
  5
A29
330
A27
100
AcDbEntity
  8
0
  6
Continuous
 62
    18
420
        0
370
    25
100
AcDbVertex
100
AcDb2dVertex
 10
24.76941719975699
 20
4.566087557760845
 30
0.0
  0
VERTEX
  5
A2A
330
A27
100
AcDbEntity
  8
0
  6
Continuous
 62
    18
420
        0
370
    25
100
AcDbVertex
100
AcDb2dVertex
 10
24.76941719975699
 20
4.753587557760859
 30
0.0
  0
VERTEX
  5
A2B
330
A27
100
AcDbEntity
  8
0
  6
Continuous
 62
    18
420
        0
370
    25
100
AcDbVertex
100
AcDb2dVertex
 10
24.58191719975698
 20
4.753587557760859
 30
0.0
  0
SEQEND
  5
A2C
330
A27
100
AcDbEntity
  8
0
  6
Continuous
 62
    18
420
        0
370
    25
  0
POLYLINE
  5
A2D
330
1F
100
AcDbEntity
  8
0
  6
Continuous
 62
    18
420
        0
370
    25
100
AcDb2dPolyline
 66
     1
 10
0.0
 20
0.0
 30
0.0
 70
     1
  0
VERTEX
  5
A2E
330
A2D
100
AcDbEntity
  8
0
  6
Continuous
 62
    18
420
        0
370
    25
100
AcDbVertex
100
AcDb2dVertex
 10
24.58191719975698
 20
2.409837557760845
 30
0.0
  0
VERTEX
  5
A2F
330
A2D
100
AcDbEntity
  8
0
  6
Continuous
 62
    18
420
        0
370
    25
100
AcDbVertex
100
AcDb2dVertex
 10
24.76941719975699
 20
2.409837557760845
 30
0.0
  0
VERTEX
  5
A30
330
A2D
100
AcDbEntity
  8
0
  6
Continuous
 62
    18
420
        0
370
    25
100
AcDbVertex
100
AcDb2dVertex
 10
24.76941719975699
 20
2.597337557760852
 30
0.0
  0
VERTEX
  5
A31
330
A2D
100
AcDbEntity
  8
0
  6
Continuous
 62
    18
420
        0
370
    25
100
AcDbVertex
100
AcDb2dVertex
 10
24.58191719975698
 20
2.597337557760852
 30
0.0
  0
SEQEND
  5
A32
330
A2D
100
AcDbEntity
  8
0
  6
Continuous
 62
    18
420
        0
370
    25
  0
POLYLINE
  5
A33
330
1F
100
AcDbEntity
  8
0
  6
Continuous
 62
    18
420
        0
370
    25
100
AcDb2dPolyline
 66
     1
 10
0.0
 20
0.0
 30
0.0
 70
     1
  0
VERTEX
  5
A34
330
A33
100
AcDbEntity
  8
0
  6
Continuous
 62
    18
420
        0
370
    25
100
AcDbVertex
100
AcDb2dVertex
 10
26.44021202027173
 20
0.2008255626388546
 30
0.0
  0
VERTEX
  5
A35
330
A33
100
AcDbEntity
  8
0
  6
Continuous
 62
    18
420
        0
370
    25
100
AcDbVertex
100
AcDb2dVertex
 10
27.27404315751772
 20
0.2008255626388546
 30
0.0
  0
VERTEX
  5
A36
330
A33
100
AcDbEntity
  8
0
  6
Continuous
 62
    18
420
        0
370
    25
100
AcDbVertex
100
AcDb2dVertex
 10
27.27404315751772
 20
5.359086842695731
 30
0.0
  0
VERTEX
  5
A37
330
A33
100
AcDbEntity
  8
0
  6
Continuous
 62
    18
420
        0
370
    25
100
AcDbVertex
100
AcDb2dVertex
 10
26.44021202027173
 20
5.359086842695731
 30
0.0
  0
SEQEND
  5
A38
330
A33
100
AcDbEntity
  8
0
  6
Continuous
 62
    18
420
        0
370
    25
  0
POLYLINE
  5
A39
330
1F
100
AcDbEntity
  8
0
  6
Continuous
 62
    18
420
        0
370
    25
100
AcDb2dPolyline
 66
     1
 10
0.0
 20
0.0
 30
0.0
 70
     1
  0
VERTEX
  5
A3A
330
A39
100
AcDbEntity
  8
0
  6
Continuous
 62
    18
420
        0
370
    25
100
AcDbVertex
100
AcDb2dVertex
 10
22.19429017581562
 20
0.2008255626388546
 30
0.0
  0
VERTEX
  5
A3B
330
A39
100
AcDbEntity
  8
0
  6
Continuous
 62
    18
420
        0
370
    25
100
AcDbVertex
100
AcDb2dVertex
 10
23.02812131306162
 20
0.2008255626388546
 30
0.0
  0
VERTEX
  5
A3C
330
A39
100
AcDbEntity
  8
0
  6
Continuous
 62
    18
420
        0
370
    25
100
AcDbVertex
100
AcDb2dVertex
 10
23.02812131306162
 20
4.643622242382698
 30
0.0
  0
VERTEX
  5
A3D
330
A39
100
AcDbEntity
  8
0
  6
Continuous
 62
    18
420
        0
370
    25
100
AcDbVertex
100
AcDb2dVertex
 10
22.19429017581562
 20
4.643622242382698
 30
0.0
  0
SEQEND
  5
A3E
330
A39
100
AcDbEntity
  8
0
  6
Continuous
 62
    18
420
        0
370
    25
  0
POLYLINE
  5
A3F
330
1F
100
AcDbEntity
  8
0
  6
Continuous
 62
    18
420
        0
370
    25
100
AcDb2dPolyline
 66
     1
 10
0.0
 20
0.0
 30
0.0
 70
     1
  0
VERTEX
  5
A40
330
A3F
100
AcDbEntity
  8
0
  6
Continuous
 62
    18
420
        0
370
    25
100
AcDbVertex
100
AcDb2dVertex
 10
25.73802898047785
 20
4.369165392736022
 30
0.0
  0
VERTEX
  5
A41
330
A3F
100
AcDbEntity
  8
0
  6
Continuous
 62
    18
420
        0
370
    25
100
AcDbVertex
100
AcDb2dVertex
 10
26.33802898047784
 20
4.369165392736022
 30
0.0
  0
VERTEX
  5
A42
330
A3F
100
AcDbEntity
  8
0
  6
Continuous
 62
    18
420
        0
370
    25
100
AcDbVertex
100
AcDb2dVertex
 10
26.33802898047784
 20
4.969165392736038
 30
0.0
  0
VERTEX
  5
A43
330
A3F
100
AcDbEntity
  8
0
  6
Continuous
 62
    18
420
        0
370
    25
100
AcDbVertex
100
AcDb2dVertex
 10
25.73802898047785
 20
4.969165392736038
 30
0.0
  0
SEQEND
  5
A44
330
A3F
100
AcDbEntity
  8
0
  6
Continuous
 62
    18
420
        0
370
    25
  0
POLYLINE
  5
A45
330
1F
100
AcDbEntity
  8
0
  6
Continuous
 62
    18
420
        0
370
    25
100
AcDb2dPolyline
 66
     1
 10
0.0
 20
0.0
 30
0.0
 70
     1
  0
VERTEX
  5
A46
330
A45
100
AcDbEntity
  8
0
  6
Continuous
 62
    18
420
        0
370
    25
100
AcDbVertex
100
AcDb2dVertex
 10
25.73802898047785
 20
2.515768220374085
 30
0.0
  0
VERTEX
  5
A47
330
A45
100
AcDbEntity
  8
0
  6
Continuous
 62
    18
420
        0
370
    25
100
AcDbVertex
100
AcDb2dVertex
 10
26.33802898047784
 20
2.515768220374085
 30
0.0
  0
VERTEX
  5
A48
330
A45
100
AcDbEntity
  8
0
  6
Continuous
 62
    18
420
        0
370
    25
100
AcDbVertex
100
AcDb2dVertex
 10
26.33802898047784
 20
3.115768220374086
 30
0.0
  0
VERTEX
  5
A49
330
A45
100
AcDbEntity
  8
0
  6
Continuous
 62
    18
420
        0
370
    25
100
AcDbVertex
100
AcDb2dVertex
 10
25.73802898047785
 20
3.115768220374086
 30
0.0
  0
SEQEND
  5
A4A
330
A45
100
AcDbEntity
  8
0
  6
Continuous
 62
    18
420
        0
370
    25
  0
POLYLINE
  5
A4B
330
1F
100
AcDbEntity
  8
0
  6
Continuous
 62
    18
420
        0
370
    25
100
AcDb2dPolyline
 66
     1
 10
0.0
 20
0.0
 30
0.0
 70
     1
  0
VERTEX
  5
A4C
330
A4B
100
AcDbEntity
  8
0
  6
Continuous
 62
    18
420
        0
370
    25
100
AcDbVertex
100
AcDb2dVertex
 10
25.73802898047785
 20
0.6623710480121332
 30
0.0
  0
VERTEX
  5
A4D
330
A4B
100
AcDbEntity
  8
0
  6
Continuous
 62
    18
420
        0
370
    25
100
AcDbVertex
100
AcDb2dVertex
 10
26.33802898047784
 20
0.6623710480121332
 30
0.0
  0
VERTEX
  5
A4E
330
A4B
100
AcDbEntity
  8
0
  6
Continuous
 62
    18
420
        0
370
    25
100
AcDbVertex
100
AcDb2dVertex
 10
26.33802898047784
 20
1.262371048012149
 30
0.0
  0
VERTEX
  5
A4F
330
A4B
100
AcDbEntity
  8
0
  6
Continuous
 62
    18
420
        0
370
    25
100
AcDbVertex
100
AcDb2dVertex
 10
25.73802898047785
 20
1.262371048012149
 30
0.0
  0
SEQEND
  5
A50
330
A4B
100
AcDbEntity
  8
0
  6
Continuous
 62
    18
420
        0
370
    25
  0
POLYLINE
  5
A51
330
1F
100
AcDbEntity
  8
0
  6
Continuous
 62
    18
420
        0
370
    25
100
AcDb2dPolyline
 66
     1
 10
0.0
 20
0.0
 30
0.0
 70
     1
  0
VERTEX
  5
A52
330
A51
100
AcDbEntity
  8
0
  6
Continuous
 62
    18
420
        0
370
    25
100
AcDbVertex
100
AcDb2dVertex
 10
23.1416677170703
 20
1.043371048012141
 30
0.0
  0
VERTEX
  5
A53
330
A51
100
AcDbEntity
  8
0
  6
Continuous
 62
    18
420
        0
370
    25
100
AcDbVertex
100
AcDb2dVertex
 10
23.74166771707029
 20
1.043371048012141
 30
0.0
  0
VERTEX
  5
A54
330
A51
100
AcDbEntity
  8
0
  6
Continuous
 62
    18
420
        0
370
    25
100
AcDbVertex
100
AcDb2dVertex
 10
23.74166771707029
 20
1.643371048012149
 30
0.0
  0
VERTEX
  5
A55
330
A51
100
AcDbEntity
  8
0
  6
Continuous
 62
    18
420
        0
370
    25
100
AcDbVertex
100
AcDb2dVertex
 10
23.1416677170703
 20
1.643371048012149
 30
0.0
  0
SEQEND
  5
A56
330
A51
100
AcDbEntity
  8
0
  6
Continuous
 62
    18
420
        0
370
    25
  0
POLYLINE
  5
A57
330
1F
100
AcDbEntity
  8
0
  6
Continuous
 62
    18
420
        0
370
    25
100
AcDb2dPolyline
 66
     1
 10
0.0
 20
0.0
 30
0.0
 70
     1
  0
VERTEX
  5
A58
330
A57
100
AcDbEntity
  8
0
  6
Continuous
 62
    18
420
        0
370
    25
100
AcDbVertex
100
AcDb2dVertex
 10
23.1416677170703
 20
2.896768220374085
 30
0.0
  0
VERTEX
  5
A59
330
A57
100
AcDbEntity
  8
0
  6
Continuous
 62
    18
420
        0
370
    25
100
AcDbVertex
100
AcDb2dVertex
 10
23.74166771707029
 20
2.896768220374085
 30
0.0
  0
VERTEX
  5
A5A
330
A57
100
AcDbEntity
  8
0
  6
Continuous
 62
    18
420
        0
370
    25
100
AcDbVertex
100
AcDb2dVertex
 10
23.74166771707029
 20
3.496768220374079
 30
0.0
  0
VERTEX
  5
A5B
330
A57
100
AcDbEntity
  8
0
  6
Continuous
 62
    18
420
        0
370
    25
100
AcDbVertex
100
AcDb2dVertex
 10
23.1416677170703
 20
3.496768220374079
 30
0.0
  0
SEQEND
  5
A5C
330
A57
100
AcDbEntity
  8
0
  6
Continuous
 62
    18
420
        0
370
    25
  0
POLYLINE
  5
A5D
330
1F
100
AcDbEntity
  8
0
  6
Continuous
 62
    18
420
        0
370
    25
100
AcDb2dPolyline
 66
     1
 10
0.0
 20
0.0
 30
0.0
 70
     1
  0
VERTEX
  5
A5E
330
A5D
100
AcDbEntity
  8
0
  6
Continuous
 62
    18
420
        0
370
    25
100
AcDbVertex
100
AcDb2dVertex
 10
19.675542199757
 20
6.722337557760852
 30
0.0
  0
VERTEX
  5
A5F
330
A5D
100
AcDbEntity
  8
0
  6
Continuous
 62
    18
420
        0
370
    25
100
AcDbVertex
100
AcDb2dVertex
 10
19.863042199757
 20
6.722337557760852
 30
0.0
  0
VERTEX
  5
A60
330
A5D
100
AcDbEntity
  8
0
  6
Continuous
 62
    18
420
        0
370
    25
100
AcDbVertex
100
AcDb2dVertex
 10
19.863042199757
 20
6.909837557760852
 30
0.0
  0
VERTEX
  5
A61
330
A5D
100
AcDbEntity
  8
0
  6
Continuous
 62
    18
420
        0
370
    25
100
AcDbVertex
100
AcDb2dVertex
 10
19.675542199757
 20
6.909837557760852
 30
0.0
  0
SEQEND
  5
A62
330
A5D
100
AcDbEntity
  8
0
  6
Continuous
 62
    18
420
        0
370
    25
  0
POLYLINE
  5
A63
330
1F
100
AcDbEntity
  8
0
  6
Continuous
 62
    18
420
        0
370
    25
100
AcDb2dPolyline
 66
     1
 10
0.0
 20
0.0
 30
0.0
 70
     1
  0
VERTEX
  5
A64
330
A63
100
AcDbEntity
  8
0
  6
Continuous
 62
    18
420
        0
370
    25
100
AcDbVertex
100
AcDb2dVertex
 10
19.12091719975697
 20
6.722337557760852
 30
0.0
  0
VERTEX
  5
A65
330
A63
100
AcDbEntity
  8
0
  6
Continuous
 62
    18
420
        0
370
    25
100
AcDbVertex
100
AcDb2dVertex
 10
19.30841719975697
 20
6.722337557760852
 30
0.0
  0
VERTEX
  5
A66
330
A63
100
AcDbEntity
  8
0
  6
Continuous
 62
    18
420
        0
370
    25
100
AcDbVertex
100
AcDb2dVertex
 10
19.30841719975697
 20
6.909837557760852
 30
0.0
  0
VERTEX
  5
A67
330
A63
100
AcDbEntity
  8
0
  6
Continuous
 62
    18
420
        0
370
    25
100
AcDbVertex
100
AcDb2dVertex
 10
19.12091719975697
 20
6.909837557760852
 30
0.0
  0
SEQEND
  5
A68
330
A63
100
AcDbEntity
  8
0
  6
Continuous
 62
    18
420
        0
370
    25
  0
POLYLINE
  5
A69
330
1F
100
AcDbEntity
  8
0
  6
Continuous
 62
    18
420
        0
370
    25
100
AcDb2dPolyline
 66
     1
 10
0.0
 20
0.0
 30
0.0
 70
     1
  0
VERTEX
  5
A6A
330
A69
100
AcDbEntity
  8
0
  6
Continuous
 62
    18
420
        0
370
    25
100
AcDbVertex
100
AcDb2dVertex
 10
17.326042199757
 20
6.722337557760852
 30
0.0
  0
VERTEX
  5
A6B
330
A69
100
AcDbEntity
  8
0
  6
Continuous
 62
    18
420
        0
370
    25
100
AcDbVertex
100
AcDb2dVertex
 10
17.513542199757
 20
6.722337557760852
 30
0.0
  0
VERTEX
  5
A6C
330
A69
100
AcDbEntity
  8
0
  6
Continuous
 62
    18
420
        0
370
    25
100
AcDbVertex
100
AcDb2dVertex
 10
17.513542199757
 20
6.909837557760852
 30
0.0
  0
VERTEX
  5
A6D
330
A69
100
AcDbEntity
  8
0
  6
Continuous
 62
    18
420
        0
370
    25
100
AcDbVertex
100
AcDb2dVertex
 10
17.326042199757
 20
6.909837557760852
 30
0.0
  0
SEQEND
  5
A6E
330
A69
100
AcDbEntity
  8
0
  6
Continuous
 62
    18
420
        0
370
    25
  0
POLYLINE
  5
A6F
330
1F
100
AcDbEntity
  8
0
  6
Continuous
 62
    18
420
        0
370
    25
100
AcDb2dPolyline
 66
     1
 10
0.0
 20
0.0
 30
0.0
 70
     1
  0
VERTEX
  5
A70
330
A6F
100
AcDbEntity
  8
0
  6
Continuous
 62
    18
420
        0
370
    25
100
AcDbVertex
100
AcDb2dVertex
 10
19.12091719975697
 20
5.340254224427504
 30
0.0
  0
VERTEX
  5
A71
330
A6F
100
AcDbEntity
  8
0
  6
Continuous
 62
    18
420
        0
370
    25
100
AcDbVertex
100
AcDb2dVertex
 10
19.30841719975698
 20
5.340254224427504
 30
0.0
  0
VERTEX
  5
A72
330
A6F
100
AcDbEntity
  8
0
  6
Continuous
 62
    18
420
        0
370
    25
100
AcDbVertex
100
AcDb2dVertex
 10
19.30841719975698
 20
5.527754224427518
 30
0.0
  0
VERTEX
  5
A73
330
A6F
100
AcDbEntity
  8
0
  6
Continuous
 62
    18
420
        0
370
    25
100
AcDbVertex
100
AcDb2dVertex
 10
19.12091719975697
 20
5.527754224427518
 30
0.0
  0
SEQEND
  5
A74
330
A6F
100
AcDbEntity
  8
0
  6
Continuous
 62
    18
420
        0
370
    25
  0
POLYLINE
  5
A75
330
1F
100
AcDbEntity
  8
0
  6
Continuous
 62
    18
420
        0
370
    25
100
AcDb2dPolyline
 66
     1
 10
0.0
 20
0.0
 30
0.0
 70
     1
  0
VERTEX
  5
A76
330
A75
100
AcDbEntity
  8
0
  6
Continuous
 62
    18
420
        0
370
    25
100
AcDbVertex
100
AcDb2dVertex
 10
19.12091719975699
 20
4.566087557760845
 30
0.0
  0
VERTEX
  5
A77
330
A75
100
AcDbEntity
  8
0
  6
Continuous
 62
    18
420
        0
370
    25
100
AcDbVertex
100
AcDb2dVertex
 10
19.30841719975698
 20
4.566087557760845
 30
0.0
  0
VERTEX
  5
A78
330
A75
100
AcDbEntity
  8
0
  6
Continuous
 62
    18
420
        0
370
    25
100
AcDbVertex
100
AcDb2dVertex
 10
19.30841719975698
 20
4.753587557760859
 30
0.0
  0
VERTEX
  5
A79
330
A75
100
AcDbEntity
  8
0
  6
Continuous
 62
    18
420
        0
370
    25
100
AcDbVertex
100
AcDb2dVertex
 10
19.12091719975699
 20
4.753587557760859
 30
0.0
  0
SEQEND
  5
A7A
330
A75
100
AcDbEntity
  8
0
  6
Continuous
 62
    18
420
        0
370
    25
  0
POLYLINE
  5
A7B
330
1F
100
AcDbEntity
  8
0
  6
Continuous
 62
    18
420
        0
370
    25
100
AcDb2dPolyline
 66
     1
 10
0.0
 20
0.0
 30
0.0
 70
     1
  0
VERTEX
  5
A7C
330
A7B
100
AcDbEntity
  8
0
  6
Continuous
 62
    18
420
        0
370
    25
100
AcDbVertex
100
AcDb2dVertex
 10
19.12091719975697
 20
2.409837557760845
 30
0.0
  0
VERTEX
  5
A7D
330
A7B
100
AcDbEntity
  8
0
  6
Continuous
 62
    18
420
        0
370
    25
100
AcDbVertex
100
AcDb2dVertex
 10
19.30841719975698
 20
2.409837557760845
 30
0.0
  0
VERTEX
  5
A7E
330
A7B
100
AcDbEntity
  8
0
  6
Continuous
 62
    18
420
        0
370
    25
100
AcDbVertex
100
AcDb2dVertex
 10
19.30841719975698
 20
2.597337557760852
 30
0.0
  0
VERTEX
  5
A7F
330
A7B
100
AcDbEntity
  8
0
  6
Continuous
 62
    18
420
        0
370
    25
100
AcDbVertex
100
AcDb2dVertex
 10
19.12091719975697
 20
2.597337557760852
 30
0.0
  0
SEQEND
  5
A80
330
A7B
100
AcDbEntity
  8
0
  6
Continuous
 62
    18
420
        0
370
    25
  0
POLYLINE
  5
A81
330
1F
100
AcDbEntity
  8
0
  6
Continuous
 62
    18
420
        0
370
    25
100
AcDb2dPolyline
 66
     1
 10
0.0
 20
0.0
 30
0.0
 70
     1
  0
VERTEX
  5
A82
330
A81
100
AcDbEntity
  8
0
  6
Continuous
 62
    18
420
        0
370
    25
100
AcDbVertex
100
AcDb2dVertex
 10
20.95804535360507
 20
0.2008255626388546
 30
0.0
  0
VERTEX
  5
A83
330
A81
100
AcDbEntity
  8
0
  6
Continuous
 62
    18
420
        0
370
    25
100
AcDbVertex
100
AcDb2dVertex
 10
21.79187649085106
 20
0.2008255626388546
 30
0.0
  0
VERTEX
  5
A84
330
A81
100
AcDbEntity
  8
0
  6
Continuous
 62
    18
420
        0
370
    25
100
AcDbVertex
100
AcDb2dVertex
 10
21.79187649085106
 20
5.359086842695731
 30
0.0
  0
VERTEX
  5
A85
330
A81
100
AcDbEntity
  8
0
  6
Continuous
 62
    18
420
        0
370
    25
100
AcDbVertex
100
AcDb2dVertex
 10
20.95804535360507
 20
5.359086842695731
 30
0.0
  0
SEQEND
  5
A86
330
A81
100
AcDbEntity
  8
0
  6
Continuous
 62
    18
420
        0
370
    25
  0
POLYLINE
  5
A87
330
1F
100
AcDbEntity
  8
0
  6
Continuous
 62
    18
420
        0
370
    25
100
AcDb2dPolyline
 66
     1
 10
0.0
 20
0.0
 30
0.0
 70
     1
  0
VERTEX
  5
A88
330
A87
100
AcDbEntity
  8
0
  6
Continuous
 62
    18
420
        0
370
    25
100
AcDbVertex
100
AcDb2dVertex
 10
16.71212350914896
 20
0.2008255626388546
 30
0.0
  0
VERTEX
  5
A89
330
A87
100
AcDbEntity
  8
0
  6
Continuous
 62
    18
420
        0
370
    25
100
AcDbVertex
100
AcDb2dVertex
 10
17.54595464639495
 20
0.2008255626388546
 30
0.0
  0
VERTEX
  5
A8A
330
A87
100
AcDbEntity
  8
0
  6
Continuous
 62
    18
420
        0
370
    25
100
AcDbVertex
100
AcDb2dVertex
 10
17.54595464639495
 20
4.643622242382698
 30
0.0
  0
VERTEX
  5
A8B
330
A87
100
AcDbEntity
  8
0
  6
Continuous
 62
    18
420
        0
370
    25
100
AcDbVertex
100
AcDb2dVertex
 10
16.71212350914896
 20
4.643622242382698
 30
0.0
  0
SEQEND
  5
A8C
330
A87
100
AcDbEntity
  8
0
  6
Continuous
 62
    18
420
        0
370
    25
  0
POLYLINE
  5
A8D
330
1F
100
AcDbEntity
  8
0
  6
Continuous
 62
    18
420
        0
370
    25
100
AcDb2dPolyline
 66
     1
 10
0.0
 20
0.0
 30
0.0
 70
     1
  0
VERTEX
  5
A8E
330
A8D
100
AcDbEntity
  8
0
  6
Continuous
 62
    18
420
        0
370
    25
100
AcDbVertex
100
AcDb2dVertex
 10
20.25586231381118
 20
4.369165392736022
 30
0.0
  0
VERTEX
  5
A8F
330
A8D
100
AcDbEntity
  8
0
  6
Continuous
 62
    18
420
        0
370
    25
100
AcDbVertex
100
AcDb2dVertex
 10
20.85586231381117
 20
4.369165392736022
 30
0.0
  0
VERTEX
  5
A90
330
A8D
100
AcDbEntity
  8
0
  6
Continuous
 62
    18
420
        0
370
    25
100
AcDbVertex
100
AcDb2dVertex
 10
20.85586231381117
 20
4.969165392736038
 30
0.0
  0
VERTEX
  5
A91
330
A8D
100
AcDbEntity
  8
0
  6
Continuous
 62
    18
420
        0
370
    25
100
AcDbVertex
100
AcDb2dVertex
 10
20.25586231381118
 20
4.969165392736038
 30
0.0
  0
SEQEND
  5
A92
330
A8D
100
AcDbEntity
  8
0
  6
Continuous
 62
    18
420
        0
370
    25
  0
POLYLINE
  5
A93
330
1F
100
AcDbEntity
  8
0
  6
Continuous
 62
    18
420
        0
370
    25
100
AcDb2dPolyline
 66
     1
 10
0.0
 20
0.0
 30
0.0
 70
     1
  0
VERTEX
  5
A94
330
A93
100
AcDbEntity
  8
0
  6
Continuous
 62
    18
420
        0
370
    25
100
AcDbVertex
100
AcDb2dVertex
 10
20.25586231381118
 20
2.515768220374085
 30
0.0
  0
VERTEX
  5
A95
330
A93
100
AcDbEntity
  8
0
  6
Continuous
 62
    18
420
        0
370
    25
100
AcDbVertex
100
AcDb2dVertex
 10
20.85586231381117
 20
2.515768220374085
 30
0.0
  0
VERTEX
  5
A96
330
A93
100
AcDbEntity
  8
0
  6
Continuous
 62
    18
420
        0
370
    25
100
AcDbVertex
100
AcDb2dVertex
 10
20.85586231381117
 20
3.115768220374086
 30
0.0
  0
VERTEX
  5
A97
330
A93
100
AcDbEntity
  8
0
  6
Continuous
 62
    18
420
        0
370
    25
100
AcDbVertex
100
AcDb2dVertex
 10
20.25586231381118
 20
3.115768220374086
 30
0.0
  0
SEQEND
  5
A98
330
A93
100
AcDbEntity
  8
0
  6
Continuous
 62
    18
420
        0
370
    25
  0
POLYLINE
  5
A99
330
1F
100
AcDbEntity
  8
0
  6
Continuous
 62
    18
420
        0
370
    25
100
AcDb2dPolyline
 66
     1
 10
0.0
 20
0.0
 30
0.0
 70
     1
  0
VERTEX
  5
A9A
330
A99
100
AcDbEntity
  8
0
  6
Continuous
 62
    18
420
        0
370
    25
100
AcDbVertex
100
AcDb2dVertex
 10
20.25586231381118
 20
0.6623710480121332
 30
0.0
  0
VERTEX
  5
A9B
330
A99
100
AcDbEntity
  8
0
  6
Continuous
 62
    18
420
        0
370
    25
100
AcDbVertex
100
AcDb2dVertex
 10
20.85586231381117
 20
0.6623710480121332
 30
0.0
  0
VERTEX
  5
A9C
330
A99
100
AcDbEntity
  8
0
  6
Continuous
 62
    18
420
        0
370
    25
100
AcDbVertex
100
AcDb2dVertex
 10
20.85586231381117
 20
1.262371048012149
 30
0.0
  0
VERTEX
  5
A9D
330
A99
100
AcDbEntity
  8
0
  6
Continuous
 62
    18
420
        0
370
    25
100
AcDbVertex
100
AcDb2dVertex
 10
20.25586231381118
 20
1.262371048012149
 30
0.0
  0
SEQEND
  5
A9E
330
A99
100
AcDbEntity
  8
0
  6
Continuous
 62
    18
420
        0
370
    25
  0
POLYLINE
  5
A9F
330
1F
100
AcDbEntity
  8
0
  6
Continuous
 62
    18
420
        0
370
    25
100
AcDb2dPolyline
 66
     1
 10
0.0
 20
0.0
 30
0.0
 70
     1
  0
VERTEX
  5
AA0
330
A9F
100
AcDbEntity
  8
0
  6
Continuous
 62
    18
420
        0
370
    25
100
AcDbVertex
100
AcDb2dVertex
 10
17.65950105040364
 20
1.043371048012141
 30
0.0
  0
VERTEX
  5
AA1
330
A9F
100
AcDbEntity
  8
0
  6
Continuous
 62
    18
420
        0
370
    25
100
AcDbVertex
100
AcDb2dVertex
 10
18.25950105040363
 20
1.043371048012141
 30
0.0
  0
VERTEX
  5
AA2
330
A9F
100
AcDbEntity
  8
0
  6
Continuous
 62
    18
420
        0
370
    25
100
AcDbVertex
100
AcDb2dVertex
 10
18.25950105040363
 20
1.643371048012149
 30
0.0
  0
VERTEX
  5
AA3
330
A9F
100
AcDbEntity
  8
0
  6
Continuous
 62
    18
420
        0
370
    25
100
AcDbVertex
100
AcDb2dVertex
 10
17.65950105040364
 20
1.643371048012149
 30
0.0
  0
SEQEND
  5
AA4
330
A9F
100
AcDbEntity
  8
0
  6
Continuous
 62
    18
420
        0
370
    25
  0
POLYLINE
  5
AA5
330
1F
100
AcDbEntity
  8
0
  6
Continuous
 62
    18
420
        0
370
    25
100
AcDb2dPolyline
 66
     1
 10
0.0
 20
0.0
 30
0.0
 70
     1
  0
VERTEX
  5
AA6
330
AA5
100
AcDbEntity
  8
0
  6
Continuous
 62
    18
420
        0
370
    25
100
AcDbVertex
100
AcDb2dVertex
 10
17.65950105040364
 20
2.896768220374085
 30
0.0
  0
VERTEX
  5
AA7
330
AA5
100
AcDbEntity
  8
0
  6
Continuous
 62
    18
420
        0
370
    25
100
AcDbVertex
100
AcDb2dVertex
 10
18.25950105040363
 20
2.896768220374085
 30
0.0
  0
VERTEX
  5
AA8
330
AA5
100
AcDbEntity
  8
0
  6
Continuous
 62
    18
420
        0
370
    25
100
AcDbVertex
100
AcDb2dVertex
 10
18.25950105040363
 20
3.496768220374079
 30
0.0
  0
VERTEX
  5
AA9
330
AA5
100
AcDbEntity
  8
0
  6
Continuous
 62
    18
420
        0
370
    25
100
AcDbVertex
100
AcDb2dVertex
 10
17.65950105040364
 20
3.496768220374079
 30
0.0
  0
SEQEND
  5
AAA
330
AA5
100
AcDbEntity
  8
0
  6
Continuous
 62
    18
420
        0
370
    25
  0
POLYLINE
  5
AAB
330
1F
100
AcDbEntity
  8
0
  6
Continuous
 62
    18
420
        0
370
    25
100
AcDb2dPolyline
 66
     1
 10
0.0
 20
0.0
 30
0.0
 70
     1
  0
VERTEX
  5
AAC
330
AAB
100
AcDbEntity
  8
0
  6
Continuous
 62
    18
420
        0
370
    25
100
AcDbVertex
100
AcDb2dVertex
 10
49.5016828155125
 20
3.322988190420091
 30
0.0
  0
VERTEX
  5
AAD
330
AAB
100
AcDbEntity
  8
0
  6
Continuous
 62
    18
420
        0
370
    25
100
AcDbVertex
100
AcDb2dVertex
 10
49.91859838413547
 20
3.322988190420091
 30
0.0
  0
VERTEX
  5
AAE
330
AAB
100
AcDbEntity
  8
0
  6
Continuous
 62
    18
420
        0
370
    25
100
AcDbVertex
100
AcDb2dVertex
 10
49.91859838413547
 20
5.652987664120069
 30
0.0
  0
VERTEX
  5
AAF
330
AAB
100
AcDbEntity
  8
0
  6
Continuous
 62
    18
420
        0
370
    25
100
AcDbVertex
100
AcDb2dVertex
 10
49.5016828155125
 20
5.652987664120069
 30
0.0
  0
SEQEND
  5
AB0
330
AAB
100
AcDbEntity
  8
0
  6
Continuous
 62
    18
420
        0
370
    25
  0
POLYLINE
  5
AB1
330
1F
100
AcDbEntity
  8
0
  6
Continuous
 62
    18
420
        0
370
    25
100
AcDb2dPolyline
 66
     1
 10
0.0
 20
0.0
 30
0.0
 70
     1
  0
VERTEX
  5
AB2
330
AB1
100
AcDbEntity
  8
0
  6
Continuous
 62
    18
420
        0
370
    25
100
AcDbVertex
100
AcDb2dVertex
 10
49.5016828155125
 20
0.0698560624128461
 30
0.0
  0
VERTEX
  5
AB3
330
AB1
100
AcDbEntity
  8
0
  6
Continuous
 62
    18
420
        0
370
    25
100
AcDbVertex
100
AcDb2dVertex
 10
49.91859838413547
 20
0.0698560624128461
 30
0.0
  0
VERTEX
  5
AB4
330
AB1
100
AcDbEntity
  8
0
  6
Continuous
 62
    18
420
        0
370
    25
100
AcDbVertex
100
AcDb2dVertex
 10
49.91859838413547
 20
2.399855536112824
 30
0.0
  0
VERTEX
  5
AB5
330
AB1
100
AcDbEntity
  8
0
  6
Continuous
 62
    18
420
        0
370
    25
100
AcDbVertex
100
AcDb2dVertex
 10
49.5016828155125
 20
2.399855536112824
 30
0.0
  0
SEQEND
  5
AB6
330
AB1
100
AcDbEntity
  8
0
  6
Continuous
 62
    18
420
        0
370
    25
  0
POLYLINE
  5
AB7
330
1F
100
AcDbEntity
  8
0
  6
Continuous
 62
    18
420
        0
370
    25
100
AcDb2dPolyline
 66
     1
 10
0.0
 20
0.0
 30
0.0
 70
     1
  0
VERTEX
  5
AB8
330
AB7
100
AcDbEntity
  8
0
  6
Continuous
 62
    18
420
        0
370
    25
100
AcDbVertex
100
AcDb2dVertex
 10
55.20098335509159
 20
3.336729412606239
 30
0.0
  0
VERTEX
  5
AB9
330
AB7
100
AcDbEntity
  8
0
  6
Continuous
 62
    18
420
        0
370
    25
100
AcDbVertex
100
AcDb2dVertex
 10
55.61789892371459
 20
3.336729412606239
 30
0.0
  0
VERTEX
  5
ABA
330
AB7
100
AcDbEntity
  8
0
  6
Continuous
 62
    18
420
        0
370
    25
100
AcDbVertex
100
AcDb2dVertex
 10
55.61789892371459
 20
5.666728886306217
 30
0.0
  0
VERTEX
  5
ABB
330
AB7
100
AcDbEntity
  8
0
  6
Continuous
 62
    18
420
        0
370
    25
100
AcDbVertex
100
AcDb2dVertex
 10
55.20098335509159
 20
5.666728886306217
 30
0.0
  0
SEQEND
  5
ABC
330
AB7
100
AcDbEntity
  8
0
  6
Continuous
 62
    18
420
        0
370
    25
  0
POLYLINE
  5
ABD
330
1F
100
AcDbEntity
  8
0
  6
Continuous
 62
    18
420
        0
370
    25
100
AcDb2dPolyline
 66
     1
 10
0.0
 20
0.0
 30
0.0
 70
     1
  0
VERTEX
  5
ABE
330
ABD
100
AcDbEntity
  8
0
  6
Continuous
 62
    18
420
        0
370
    25
100
AcDbVertex
100
AcDb2dVertex
 10
55.20098335509159
 20
0.0835972845989943
 30
0.0
  0
VERTEX
  5
ABF
330
ABD
100
AcDbEntity
  8
0
  6
Continuous
 62
    18
420
        0
370
    25
100
AcDbVertex
100
AcDb2dVertex
 10
55.61789892371459
 20
0.0835972845989943
 30
0.0
  0
VERTEX
  5
AC0
330
ABD
100
AcDbEntity
  8
0
  6
Continuous
 62
    18
420
        0
370
    25
100
AcDbVertex
100
AcDb2dVertex
 10
55.61789892371459
 20
2.413596758298972
 30
0.0
  0
VERTEX
  5
AC1
330
ABD
100
AcDbEntity
  8
0
  6
Continuous
 62
    18
420
        0
370
    25
100
AcDbVertex
100
AcDb2dVertex
 10
55.20098335509159
 20
2.413596758298972
 30
0.0
  0
SEQEND
  5
AC2
330
ABD
100
AcDbEntity
  8
0
  6
Continuous
 62
    18
420
        0
370
    25
  0
POLYLINE
  5
AC3
330
1F
100
AcDbEntity
  8
0
  6
Continuous
 62
    18
420
        0
370
    25
100
AcDb2dPolyline
 66
     1
 10
0.0
 20
0.0
 30
0.0
 70
     1
  0
VERTEX
  5
AC4
330
AC3
100
AcDbEntity
  8
0
  6
Continuous
 62
    18
420
        0
370
    25
100
AcDbVertex
100
AcDb2dVertex
 10
52.33628674556625
 20
0.0835972845989943
 30
0.0
  0
VERTEX
  5
AC5
330
AC3
100
AcDbEntity
  8
0
  6
Continuous
 62
    18
420
        0
370
    25
100
AcDbVertex
100
AcDb2dVertex
 10
52.75320231418922
 20
0.0835972845989943
 30
0.0
  0
VERTEX
  5
AC6
330
AC3
100
AcDbEntity
  8
0
  6
Continuous
 62
    18
420
        0
370
    25
100
AcDbVertex
100
AcDb2dVertex
 10
52.75320231418922
 20
2.413596758298972
 30
0.0
  0
VERTEX
  5
AC7
330
AC3
100
AcDbEntity
  8
0
  6
Continuous
 62
    18
420
        0
370
    25
100
AcDbVertex
100
AcDb2dVertex
 10
52.33628674556625
 20
2.413596758298972
 30
0.0
  0
SEQEND
  5
AC8
330
AC3
100
AcDbEntity
  8
0
  6
Continuous
 62
    18
420
        0
370
    25
  0
POLYLINE
  5
AC9
330
1F
100
AcDbEntity
  8
0
  6
Continuous
 62
    18
420
        0
370
    25
100
AcDb2dPolyline
 66
     1
 10
0.0
 20
0.0
 30
0.0
 70
     1
  0
VERTEX
  5
ACA
330
AC9
100
AcDbEntity
  8
0
  6
Continuous
 62
    18
420
        0
370
    25
100
AcDbVertex
100
AcDb2dVertex
 10
52.33628674556625
 20
3.336729412606239
 30
0.0
  0
VERTEX
  5
ACB
330
AC9
100
AcDbEntity
  8
0
  6
Continuous
 62
    18
420
        0
370
    25
100
AcDbVertex
100
AcDb2dVertex
 10
52.75320231418922
 20
3.336729412606239
 30
0.0
  0
VERTEX
  5
ACC
330
AC9
100
AcDbEntity
  8
0
  6
Continuous
 62
    18
420
        0
370
    25
100
AcDbVertex
100
AcDb2dVertex
 10
52.75320231418922
 20
5.666728886306217
 30
0.0
  0
VERTEX
  5
ACD
330
AC9
100
AcDbEntity
  8
0
  6
Continuous
 62
    18
420
        0
370
    25
100
AcDbVertex
100
AcDb2dVertex
 10
52.33628674556625
 20
5.666728886306217
 30
0.0
  0
SEQEND
  5
ACE
330
AC9
100
AcDbEntity
  8
0
  6
Continuous
 62
    18
420
        0
370
    25
  0
POLYLINE
  5
ACF
330
1F
100
AcDbEntity
  8
0
  6
Continuous
 62
    18
420
        0
370
    25
100
AcDb2dPolyline
 66
     1
 10
0.0
 20
0.0
 30
0.0
 70
     1
  0
VERTEX
  5
AD0
330
ACF
100
AcDbEntity
  8
0
  6
Continuous
 62
    18
420
        0
370
    25
100
AcDbVertex
100
AcDb2dVertex
 10
6.835639432655378
 20
8.095429173770015
 30
0.0
  0
VERTEX
  5
AD1
330
ACF
100
AcDbEntity
  8
0
  6
Continuous
 62
    18
420
        0
370
    25
100
AcDbVertex
100
AcDb2dVertex
 10
8.68903660501733
 20
8.095429173770015
 30
0.0
  0
VERTEX
  5
AD2
330
ACF
100
AcDbEntity
  8
0
  6
Continuous
 62
    18
420
        0
370
    25
100
AcDbVertex
100
AcDb2dVertex
 10
8.68903660501733
 20
8.929260311016009
 30
0.0
  0
VERTEX
  5
AD3
330
ACF
100
AcDbEntity
  8
0
  6
Continuous
 62
    18
420
        0
370
    25
100
AcDbVertex
100
AcDb2dVertex
 10
6.835639432655378
 20
8.929260311016009
 30
0.0
  0
SEQEND
  5
AD4
330
ACF
100
AcDbEntity
  8
0
  6
Continuous
 62
    18
420
        0
370
    25
  0
POLYLINE
  5
AD5
330
1F
100
AcDbEntity
  8
0
  6
Continuous
 62
    18
420
        0
370
    25
100
AcDb2dPolyline
 66
     1
 10
0.0
 20
0.0
 30
0.0
 70
     1
  0
VERTEX
  5
AD6
330
AD5
100
AcDbEntity
  8
0
  6
Continuous
 62
    18
420
        0
370
    25
100
AcDbVertex
100
AcDb2dVertex
 10
7.469028838403582
 20
8.991286641480325
 30
0.0
  0
VERTEX
  5
AD7
330
AD5
100
AcDbEntity
  8
0
  6
Continuous
 62
    18
420
        0
370
    25
100
AcDbVertex
100
AcDb2dVertex
 10
8.069028838403577
 20
8.991286641480325
 30
0.0
  0
VERTEX
  5
AD8
330
AD5
100
AcDbEntity
  8
0
  6
Continuous
 62
    18
420
        0
370
    25
100
AcDbVertex
100
AcDb2dVertex
 10
8.069028838403577
 20
9.591286641480334
 30
0.0
  0
VERTEX
  5
AD9
330
AD5
100
AcDbEntity
  8
0
  6
Continuous
 62
    18
420
        0
370
    25
100
AcDbVertex
100
AcDb2dVertex
 10
7.469028838403582
 20
9.591286641480334
 30
0.0
  0
SEQEND
  5
ADA
330
AD5
100
AcDbEntity
  8
0
  6
Continuous
 62
    18
420
        0
370
    25
  0
POLYLINE
  5
ADB
330
1F
100
AcDbEntity
  8
0
  6
Continuous
 62
    18
420
        0
370
    25
100
AcDb2dPolyline
 66
     1
 10
0.0
 20
0.0
 30
0.0
 70
     1
  0
VERTEX
  5
ADC
330
ADB
100
AcDbEntity
  8
0
  6
Continuous
 62
    18
420
        0
370
    25
100
AcDbVertex
100
AcDb2dVertex
 10
9.477908321302023
 20
10.09531945033013
 30
0.0
  0
VERTEX
  5
ADD
330
ADB
100
AcDbEntity
  8
0
  6
Continuous
 62
    18
420
        0
370
    25
100
AcDbVertex
100
AcDb2dVertex
 10
12.31735435650878
 20
10.09531945033013
 30
0.0
  0
VERTEX
  5
ADE
330
ADB
100
AcDbEntity
  8
0
  6
Continuous
 62
    18
420
        0
370
    25
100
AcDbVertex
100
AcDb2dVertex
 10
12.31735435650878
 20
10.51223501895313
 30
0.0
  0
VERTEX
  5
ADF
330
ADB
100
AcDbEntity
  8
0
  6
Continuous
 62
    18
420
        0
370
    25
100
AcDbVertex
100
AcDb2dVertex
 10
9.477908321302023
 20
10.51223501895313
 30
0.0
  0
SEQEND
  5
AE0
330
ADB
100
AcDbEntity
  8
0
  6
Continuous
 62
    18
420
        0
370
    25
  0
POLYLINE
  5
AE1
330
1F
100
AcDbEntity
  8
0
  6
Continuous
 62
    18
420
        0
370
    25
100
AcDb2dPolyline
 66
     1
 10
0.0
 20
0.0
 30
0.0
 70
     1
  0
VERTEX
  5
AE2
330
AE1
100
AcDbEntity
  8
0
  6
Continuous
 62
    18
420
        0
370
    25
100
AcDbVertex
100
AcDb2dVertex
 10
9.00509395744613
 20
8.116973305659087
 30
0.0
  0
VERTEX
  5
AE3
330
AE1
100
AcDbEntity
  8
0
  6
Continuous
 62
    18
420
        0
370
    25
100
AcDbVertex
100
AcDb2dVertex
 10
9.607026052542702
 20
8.116973305659087
 30
0.0
  0
VERTEX
  5
AE4
330
AE1
100
AcDbEntity
  8
0
  6
Continuous
 62
    18
420
        0
370
    25
100
AcDbVertex
100
AcDb2dVertex
 10
9.607026052542702
 20
8.715034968778088
 30
0.0
  0
VERTEX
  5
AE5
330
AE1
100
AcDbEntity
  8
0
  6
Continuous
 62
    18
420
        0
370
    25
100
AcDbVertex
100
AcDb2dVertex
 10
9.00509395744613
 20
8.715034968778088
 30
0.0
  0
SEQEND
  5
AE6
330
AE1
100
AcDbEntity
  8
0
  6
Continuous
 62
    18
420
        0
370
    25
  0
POLYLINE
  5
AE7
330
1F
100
AcDbEntity
  8
0
  6
Continuous
 62
    18
420
        0
370
    25
100
AcDb2dPolyline
 66
     1
 10
0.0
 20
0.0
 30
0.0
 70
     1
  0
VERTEX
  5
AE8
330
AE7
100
AcDbEntity
  8
0
  6
Continuous
 62
    18
420
        0
370
    25
100
AcDbVertex
100
AcDb2dVertex
 10
9.757568267206162
 20
8.110148202404332
 30
0.0
  0
VERTEX
  5
AE9
330
AE7
100
AcDbEntity
  8
0
  6
Continuous
 62
    18
420
        0
370
    25
100
AcDbVertex
100
AcDb2dVertex
 10
10.35950036230274
 20
8.110148202404332
 30
0.0
  0
VERTEX
  5
AEA
330
AE7
100
AcDbEntity
  8
0
  6
Continuous
 62
    18
420
        0
370
    25
100
AcDbVertex
100
AcDb2dVertex
 10
10.35950036230274
 20
8.708209865523319
 30
0.0
  0
VERTEX
  5
AEB
330
AE7
100
AcDbEntity
  8
0
  6
Continuous
 62
    18
420
        0
370
    25
100
AcDbVertex
100
AcDb2dVertex
 10
9.757568267206162
 20
8.708209865523319
 30
0.0
  0
SEQEND
  5
AEC
330
AE7
100
AcDbEntity
  8
0
  6
Continuous
 62
    18
420
        0
370
    25
  0
POLYLINE
  5
AED
330
1F
100
AcDbEntity
  8
0
  6
Continuous
 62
    18
420
        0
370
    25
100
AcDb2dPolyline
 66
     1
 10
0.0
 20
0.0
 30
0.0
 70
     1
  0
VERTEX
  5
AEE
330
AED
100
AcDbEntity
  8
0
  6
Continuous
 62
    18
420
        0
370
    25
100
AcDbVertex
100
AcDb2dVertex
 10
9.477908321302023
 20
12.82186041563279
 30
0.0
  0
VERTEX
  5
AEF
330
AED
100
AcDbEntity
  8
0
  6
Continuous
 62
    18
420
        0
370
    25
100
AcDbVertex
100
AcDb2dVertex
 10
12.31735435650878
 20
12.82186041563279
 30
0.0
  0
VERTEX
  5
AF0
330
AED
100
AcDbEntity
  8
0
  6
Continuous
 62
    18
420
        0
370
    25
100
AcDbVertex
100
AcDb2dVertex
 10
12.31735435650878
 20
13.23877598425578
 30
0.0
  0
VERTEX
  5
AF1
330
AED
100
AcDbEntity
  8
0
  6
Continuous
 62
    18
420
        0
370
    25
100
AcDbVertex
100
AcDb2dVertex
 10
9.477908321302023
 20
13.23877598425578
 30
0.0
  0
SEQEND
  5
AF2
330
AED
100
AcDbEntity
  8
0
  6
Continuous
 62
    18
420
        0
370
    25
  0
POLYLINE
  5
AF3
330
1F
100
AcDbEntity
  8
0
  6
Continuous
 62
    18
420
        0
370
    25
100
AcDb2dPolyline
 66
     1
 10
0.0
 20
0.0
 30
0.0
 70
     1
  0
VERTEX
  5
AF4
330
AF3
100
AcDbEntity
  8
0
  6
Continuous
 62
    18
420
        0
370
    25
100
AcDbVertex
100
AcDb2dVertex
 10
9.477908321302023
 20
15.54840138093544
 30
0.0
  0
VERTEX
  5
AF5
330
AF3
100
AcDbEntity
  8
0
  6
Continuous
 62
    18
420
        0
370
    25
100
AcDbVertex
100
AcDb2dVertex
 10
12.31735435650878
 20
15.54840138093544
 30
0.0
  0
VERTEX
  5
AF6
330
AF3
100
AcDbEntity
  8
0
  6
Continuous
 62
    18
420
        0
370
    25
100
AcDbVertex
100
AcDb2dVertex
 10
12.31735435650878
 20
15.96531694955844
 30
0.0
  0
VERTEX
  5
AF7
330
AF3
100
AcDbEntity
  8
0
  6
Continuous
 62
    18
420
        0
370
    25
100
AcDbVertex
100
AcDb2dVertex
 10
9.477908321302023
 20
15.96531694955844
 30
0.0
  0
SEQEND
  5
AF8
330
AF3
100
AcDbEntity
  8
0
  6
Continuous
 62
    18
420
        0
370
    25
  0
POLYLINE
  5
AF9
330
1F
100
AcDbEntity
  8
0
  6
Continuous
 62
    18
420
        0
370
    25
100
AcDb2dPolyline
 66
     1
 10
0.0
 20
0.0
 30
0.0
 70
     1
  0
VERTEX
  5
AFA
330
AF9
100
AcDbEntity
  8
0
  6
Continuous
 62
    18
420
        0
370
    25
100
AcDbVertex
100
AcDb2dVertex
 10
9.477908321302023
 20
18.29517029938878
 30
0.0
  0
VERTEX
  5
AFB
330
AF9
100
AcDbEntity
  8
0
  6
Continuous
 62
    18
420
        0
370
    25
100
AcDbVertex
100
AcDb2dVertex
 10
12.31735435650878
 20
18.29517029938878
 30
0.0
  0
VERTEX
  5
AFC
330
AF9
100
AcDbEntity
  8
0
  6
Continuous
 62
    18
420
        0
370
    25
100
AcDbVertex
100
AcDb2dVertex
 10
12.31735435650878
 20
18.71208586801178
 30
0.0
  0
VERTEX
  5
AFD
330
AF9
100
AcDbEntity
  8
0
  6
Continuous
 62
    18
420
        0
370
    25
100
AcDbVertex
100
AcDb2dVertex
 10
9.477908321302023
 20
18.71208586801178
 30
0.0
  0
SEQEND
  5
AFE
330
AF9
100
AcDbEntity
  8
0
  6
Continuous
 62
    18
420
        0
370
    25
  0
POLYLINE
  5
AFF
330
1F
100
AcDbEntity
  8
0
  6
Continuous
 62
    18
420
        0
370
    25
100
AcDb2dPolyline
 66
     1
 10
0.0
 20
0.0
 30
0.0
 70
     1
  0
VERTEX
  5
B00
330
AFF
100
AcDbEntity
  8
0
  6
Continuous
 62
    18
420
        0
370
    25
100
AcDbVertex
100
AcDb2dVertex
 10
9.477908321302023
 20
21.04193921784213
 30
0.0
  0
VERTEX
  5
B01
330
AFF
100
AcDbEntity
  8
0
  6
Continuous
 62
    18
420
        0
370
    25
100
AcDbVertex
100
AcDb2dVertex
 10
12.31735435650878
 20
21.04193921784213
 30
0.0
  0
VERTEX
  5
B02
330
AFF
100
AcDbEntity
  8
0
  6
Continuous
 62
    18
420
        0
370
    25
100
AcDbVertex
100
AcDb2dVertex
 10
12.31735435650878
 20
21.45885478646513
 30
0.0
  0
VERTEX
  5
B03
330
AFF
100
AcDbEntity
  8
0
  6
Continuous
 62
    18
420
        0
370
    25
100
AcDbVertex
100
AcDb2dVertex
 10
9.477908321302023
 20
21.45885478646513
 30
0.0
  0
SEQEND
  5
B04
330
AFF
100
AcDbEntity
  8
0
  6
Continuous
 62
    18
420
        0
370
    25
  0
POLYLINE
  5
B05
330
1F
100
AcDbEntity
  8
0
  6
Continuous
 62
    18
420
        0
370
    25
100
AcDb2dPolyline
 66
     1
 10
0.0
 20
0.0
 30
0.0
 70
     1
  0
VERTEX
  5
B06
330
B05
100
AcDbEntity
  8
0
  6
Continuous
 62
    18
420
        0
370
    25
100
AcDbVertex
100
AcDb2dVertex
 10
9.477908321302023
 20
24.11275416634512
 30
0.0
  0
VERTEX
  5
B07
330
B05
100
AcDbEntity
  8
0
  6
Continuous
 62
    18
420
        0
370
    25
100
AcDbVertex
100
AcDb2dVertex
 10
12.31735435650878
 20
24.11275416634512
 30
0.0
  0
VERTEX
  5
B08
330
B05
100
AcDbEntity
  8
0
  6
Continuous
 62
    18
420
        0
370
    25
100
AcDbVertex
100
AcDb2dVertex
 10
12.31735435650878
 20
24.52966973496812
 30
0.0
  0
VERTEX
  5
B09
330
B05
100
AcDbEntity
  8
0
  6
Continuous
 62
    18
420
        0
370
    25
100
AcDbVertex
100
AcDb2dVertex
 10
9.477908321302023
 20
24.52966973496812
 30
0.0
  0
SEQEND
  5
B0A
330
B05
100
AcDbEntity
  8
0
  6
Continuous
 62
    18
420
        0
370
    25
  0
POLYLINE
  5
B0B
330
1F
100
AcDbEntity
  8
0
  6
Continuous
 62
    18
420
        0
370
    25
100
AcDb2dPolyline
 66
     1
 10
0.0
 20
0.0
 30
0.0
 70
     1
  0
VERTEX
  5
B0C
330
B0B
100
AcDbEntity
  8
0
  6
Continuous
 62
    18
420
        0
370
    25
100
AcDbVertex
100
AcDb2dVertex
 10
9.477908321302051
 20
28.02257571546487
 30
0.0
  0
VERTEX
  5
B0D
330
B0B
100
AcDbEntity
  8
0
  6
Continuous
 62
    18
420
        0
370
    25
100
AcDbVertex
100
AcDb2dVertex
 10
12.3173543565088
 20
28.02257571546487
 30
0.0
  0
VERTEX
  5
B0E
330
B0B
100
AcDbEntity
  8
0
  6
Continuous
 62
    18
420
        0
370
    25
100
AcDbVertex
100
AcDb2dVertex
 10
12.3173543565088
 20
28.43949128408787
 30
0.0
  0
VERTEX
  5
B0F
330
B0B
100
AcDbEntity
  8
0
  6
Continuous
 62
    18
420
        0
370
    25
100
AcDbVertex
100
AcDb2dVertex
 10
9.477908321302051
 20
28.43949128408787
 30
0.0
  0
SEQEND
  5
B10
330
B0B
100
AcDbEntity
  8
0
  6
Continuous
 62
    18
420
        0
370
    25
  0
POLYLINE
  5
B11
330
1F
100
AcDbEntity
  8
0
  6
Continuous
 62
    18
420
        0
370
    25
100
AcDb2dPolyline
 66
     1
 10
0.0
 20
0.0
 30
0.0
 70
     1
  0
VERTEX
  5
B12
330
B11
100
AcDbEntity
  8
0
  6
Continuous
 62
    18
420
        0
370
    25
100
AcDbVertex
100
AcDb2dVertex
 10
6.811504035512784
 20
24.83876914010263
 30
0.0
  0
VERTEX
  5
B13
330
B11
100
AcDbEntity
  8
0
  6
Continuous
 62
    18
420
        0
370
    25
100
AcDbVertex
100
AcDb2dVertex
 10
8.664901207874736
 20
24.83876914010263
 30
0.0
  0
VERTEX
  5
B14
330
B11
100
AcDbEntity
  8
0
  6
Continuous
 62
    18
420
        0
370
    25
100
AcDbVertex
100
AcDb2dVertex
 10
8.664901207874736
 20
25.67260027734863
 30
0.0
  0
VERTEX
  5
B15
330
B11
100
AcDbEntity
  8
0
  6
Continuous
 62
    18
420
        0
370
    25
100
AcDbVertex
100
AcDb2dVertex
 10
6.811504035512784
 20
25.67260027734863
 30
0.0
  0
SEQEND
  5
B16
330
B11
100
AcDbEntity
  8
0
  6
Continuous
 62
    18
420
        0
370
    25
  0
POLYLINE
  5
B17
330
1F
100
AcDbEntity
  8
0
  6
Continuous
 62
    18
420
        0
370
    25
100
AcDb2dPolyline
 66
     1
 10
0.0
 20
0.0
 30
0.0
 70
     1
  0
VERTEX
  5
B18
330
B17
100
AcDbEntity
  8
0
  6
Continuous
 62
    18
420
        0
370
    25
100
AcDbVertex
100
AcDb2dVertex
 10
7.444893441260988
 20
25.73462660781295
 30
0.0
  0
VERTEX
  5
B19
330
B17
100
AcDbEntity
  8
0
  6
Continuous
 62
    18
420
        0
370
    25
100
AcDbVertex
100
AcDb2dVertex
 10
8.044893441260982
 20
25.73462660781295
 30
0.0
  0
VERTEX
  5
B1A
330
B17
100
AcDbEntity
  8
0
  6
Continuous
 62
    18
420
        0
370
    25
100
AcDbVertex
100
AcDb2dVertex
 10
8.044893441260982
 20
26.33462660781296
 30
0.0
  0
VERTEX
  5
B1B
330
B17
100
AcDbEntity
  8
0
  6
Continuous
 62
    18
420
        0
370
    25
100
AcDbVertex
100
AcDb2dVertex
 10
7.444893441260988
 20
26.33462660781296
 30
0.0
  0
SEQEND
  5
B1C
330
B17
100
AcDbEntity
  8
0
  6
Continuous
 62
    18
420
        0
370
    25
  0
POLYLINE
  5
B1D
330
1F
100
AcDbEntity
  8
0
  6
Continuous
 62
    18
420
        0
370
    25
100
AcDb2dPolyline
 66
     1
 10
0.0
 20
0.0
 30
0.0
 70
     1
  0
VERTEX
  5
B1E
330
B1D
100
AcDbEntity
  8
0
  6
Continuous
 62
    18
420
        0
370
    25
100
AcDbVertex
100
AcDb2dVertex
 10
8.980958560303536
 20
24.86031327199171
 30
0.0
  0
VERTEX
  5
B1F
330
B1D
100
AcDbEntity
  8
0
  6
Continuous
 62
    18
420
        0
370
    25
100
AcDbVertex
100
AcDb2dVertex
 10
9.582890655400108
 20
24.86031327199171
 30
0.0
  0
VERTEX
  5
B20
330
B1D
100
AcDbEntity
  8
0
  6
Continuous
 62
    18
420
        0
370
    25
100
AcDbVertex
100
AcDb2dVertex
 10
9.582890655400108
 20
25.4583749351107
 30
0.0
  0
VERTEX
  5
B21
330
B1D
100
AcDbEntity
  8
0
  6
Continuous
 62
    18
420
        0
370
    25
100
AcDbVertex
100
AcDb2dVertex
 10
8.980958560303536
 20
25.4583749351107
 30
0.0
  0
SEQEND
  5
B22
330
B1D
100
AcDbEntity
  8
0
  6
Continuous
 62
    18
420
        0
370
    25
  0
POLYLINE
  5
B23
330
1F
100
AcDbEntity
  8
0
  6
Continuous
 62
    18
420
        0
370
    25
100
AcDb2dPolyline
 66
     1
 10
0.0
 20
0.0
 30
0.0
 70
     1
  0
VERTEX
  5
B24
330
B23
100
AcDbEntity
  8
0
  6
Continuous
 62
    18
420
        0
370
    25
100
AcDbVertex
100
AcDb2dVertex
 10
9.733432870063568
 20
24.85348816873695
 30
0.0
  0
VERTEX
  5
B25
330
B23
100
AcDbEntity
  8
0
  6
Continuous
 62
    18
420
        0
370
    25
100
AcDbVertex
100
AcDb2dVertex
 10
10.33536496516015
 20
24.85348816873695
 30
0.0
  0
VERTEX
  5
B26
330
B23
100
AcDbEntity
  8
0
  6
Continuous
 62
    18
420
        0
370
    25
100
AcDbVertex
100
AcDb2dVertex
 10
10.33536496516015
 20
25.45154983185594
 30
0.0
  0
VERTEX
  5
B27
330
B23
100
AcDbEntity
  8
0
  6
Continuous
 62
    18
420
        0
370
    25
100
AcDbVertex
100
AcDb2dVertex
 10
9.733432870063568
 20
25.45154983185594
 30
0.0
  0
SEQEND
  5
B28
330
B23
100
AcDbEntity
  8
0
  6
Continuous
 62
    18
420
        0
370
    25
  0
POLYLINE
  5
B29
330
1F
100
AcDbEntity
  8
0
  6
Continuous
 62
    18
420
        0
370
    25
100
AcDb2dPolyline
 66
     1
 10
0.0
 20
0.0
 30
0.0
 70
     1
  0
VERTEX
  5
B2A
330
B29
100
AcDbEntity
  8
0
  6
Continuous
 62
    18
420
        0
370
    25
100
AcDbVertex
100
AcDb2dVertex
 10
6.801501754541976
 20
21.74659763303291
 30
0.0
  0
VERTEX
  5
B2B
330
B29
100
AcDbEntity
  8
0
  6
Continuous
 62
    18
420
        0
370
    25
100
AcDbVertex
100
AcDb2dVertex
 10
8.654898926903927
 20
21.74659763303291
 30
0.0
  0
VERTEX
  5
B2C
330
B29
100
AcDbEntity
  8
0
  6
Continuous
 62
    18
420
        0
370
    25
100
AcDbVertex
100
AcDb2dVertex
 10
8.654898926903927
 20
22.58042877027891
 30
0.0
  0
VERTEX
  5
B2D
330
B29
100
AcDbEntity
  8
0
  6
Continuous
 62
    18
420
        0
370
    25
100
AcDbVertex
100
AcDb2dVertex
 10
6.801501754541976
 20
22.58042877027891
 30
0.0
  0
SEQEND
  5
B2E
330
B29
100
AcDbEntity
  8
0
  6
Continuous
 62
    18
420
        0
370
    25
  0
POLYLINE
  5
B2F
330
1F
100
AcDbEntity
  8
0
  6
Continuous
 62
    18
420
        0
370
    25
100
AcDb2dPolyline
 66
     1
 10
0.0
 20
0.0
 30
0.0
 70
     1
  0
VERTEX
  5
B30
330
B2F
100
AcDbEntity
  8
0
  6
Continuous
 62
    18
420
        0
370
    25
100
AcDbVertex
100
AcDb2dVertex
 10
7.434891160290179
 20
22.64245510074322
 30
0.0
  0
VERTEX
  5
B31
330
B2F
100
AcDbEntity
  8
0
  6
Continuous
 62
    18
420
        0
370
    25
100
AcDbVertex
100
AcDb2dVertex
 10
8.034891160290174
 20
22.64245510074322
 30
0.0
  0
VERTEX
  5
B32
330
B2F
100
AcDbEntity
  8
0
  6
Continuous
 62
    18
420
        0
370
    25
100
AcDbVertex
100
AcDb2dVertex
 10
8.034891160290174
 20
23.24245510074324
 30
0.0
  0
VERTEX
  5
B33
330
B2F
100
AcDbEntity
  8
0
  6
Continuous
 62
    18
420
        0
370
    25
100
AcDbVertex
100
AcDb2dVertex
 10
7.434891160290179
 20
23.24245510074324
 30
0.0
  0
SEQEND
  5
B34
330
B2F
100
AcDbEntity
  8
0
  6
Continuous
 62
    18
420
        0
370
    25
  0
POLYLINE
  5
B35
330
1F
100
AcDbEntity
  8
0
  6
Continuous
 62
    18
420
        0
370
    25
100
AcDb2dPolyline
 66
     1
 10
0.0
 20
0.0
 30
0.0
 70
     1
  0
VERTEX
  5
B36
330
B35
100
AcDbEntity
  8
0
  6
Continuous
 62
    18
420
        0
370
    25
100
AcDbVertex
100
AcDb2dVertex
 10
8.970956279332729
 20
21.76814176492199
 30
0.0
  0
VERTEX
  5
B37
330
B35
100
AcDbEntity
  8
0
  6
Continuous
 62
    18
420
        0
370
    25
100
AcDbVertex
100
AcDb2dVertex
 10
9.572888374429299
 20
21.76814176492199
 30
0.0
  0
VERTEX
  5
B38
330
B35
100
AcDbEntity
  8
0
  6
Continuous
 62
    18
420
        0
370
    25
100
AcDbVertex
100
AcDb2dVertex
 10
9.572888374429299
 20
22.36620342804098
 30
0.0
  0
VERTEX
  5
B39
330
B35
100
AcDbEntity
  8
0
  6
Continuous
 62
    18
420
        0
370
    25
100
AcDbVertex
100
AcDb2dVertex
 10
8.970956279332729
 20
22.36620342804098
 30
0.0
  0
SEQEND
  5
B3A
330
B35
100
AcDbEntity
  8
0
  6
Continuous
 62
    18
420
        0
370
    25
  0
POLYLINE
  5
B3B
330
1F
100
AcDbEntity
  8
0
  6
Continuous
 62
    18
420
        0
370
    25
100
AcDb2dPolyline
 66
     1
 10
0.0
 20
0.0
 30
0.0
 70
     1
  0
VERTEX
  5
B3C
330
B3B
100
AcDbEntity
  8
0
  6
Continuous
 62
    18
420
        0
370
    25
100
AcDbVertex
100
AcDb2dVertex
 10
9.723430589092759
 20
21.76131666166722
 30
0.0
  0
VERTEX
  5
B3D
330
B3B
100
AcDbEntity
  8
0
  6
Continuous
 62
    18
420
        0
370
    25
100
AcDbVertex
100
AcDb2dVertex
 10
10.32536268418933
 20
21.76131666166722
 30
0.0
  0
VERTEX
  5
B3E
330
B3B
100
AcDbEntity
  8
0
  6
Continuous
 62
    18
420
        0
370
    25
100
AcDbVertex
100
AcDb2dVertex
 10
10.32536268418933
 20
22.35937832478621
 30
0.0
  0
VERTEX
  5
B3F
330
B3B
100
AcDbEntity
  8
0
  6
Continuous
 62
    18
420
        0
370
    25
100
AcDbVertex
100
AcDb2dVertex
 10
9.723430589092759
 20
22.35937832478621
 30
0.0
  0
SEQEND
  5
B40
330
B3B
100
AcDbEntity
  8
0
  6
Continuous
 62
    18
420
        0
370
    25
  0
POLYLINE
  5
B41
330
1F
100
AcDbEntity
  8
0
  6
Continuous
 62
    18
420
        0
370
    25
100
AcDb2dPolyline
 66
     1
 10
0.0
 20
0.0
 30
0.0
 70
     1
  0
VERTEX
  5
B42
330
B41
100
AcDbEntity
  8
0
  6
Continuous
 62
    18
420
        0
370
    25
100
AcDbVertex
100
AcDb2dVertex
 10
6.798253718054903
 20
10.78928352478122
 30
0.0
  0
VERTEX
  5
B43
330
B41
100
AcDbEntity
  8
0
  6
Continuous
 62
    18
420
        0
370
    25
100
AcDbVertex
100
AcDb2dVertex
 10
8.651650890416855
 20
10.78928352478122
 30
0.0
  0
VERTEX
  5
B44
330
B41
100
AcDbEntity
  8
0
  6
Continuous
 62
    18
420
        0
370
    25
100
AcDbVertex
100
AcDb2dVertex
 10
8.651650890416855
 20
11.62311466202721
 30
0.0
  0
VERTEX
  5
B45
330
B41
100
AcDbEntity
  8
0
  6
Continuous
 62
    18
420
        0
370
    25
100
AcDbVertex
100
AcDb2dVertex
 10
6.798253718054903
 20
11.62311466202721
 30
0.0
  0
SEQEND
  5
B46
330
B41
100
AcDbEntity
  8
0
  6
Continuous
 62
    18
420
        0
370
    25
  0
POLYLINE
  5
B47
330
1F
100
AcDbEntity
  8
0
  6
Continuous
 62
    18
420
        0
370
    25
100
AcDb2dPolyline
 66
     1
 10
0.0
 20
0.0
 30
0.0
 70
     1
  0
VERTEX
  5
B48
330
B47
100
AcDbEntity
  8
0
  6
Continuous
 62
    18
420
        0
370
    25
100
AcDbVertex
100
AcDb2dVertex
 10
7.431643123803107
 20
11.68514099249152
 30
0.0
  0
VERTEX
  5
B49
330
B47
100
AcDbEntity
  8
0
  6
Continuous
 62
    18
420
        0
370
    25
100
AcDbVertex
100
AcDb2dVertex
 10
8.031643123803104
 20
11.68514099249152
 30
0.0
  0
VERTEX
  5
B4A
330
B47
100
AcDbEntity
  8
0
  6
Continuous
 62
    18
420
        0
370
    25
100
AcDbVertex
100
AcDb2dVertex
 10
8.031643123803104
 20
12.28514099249154
 30
0.0
  0
VERTEX
  5
B4B
330
B47
100
AcDbEntity
  8
0
  6
Continuous
 62
    18
420
        0
370
    25
100
AcDbVertex
100
AcDb2dVertex
 10
7.431643123803107
 20
12.28514099249154
 30
0.0
  0
SEQEND
  5
B4C
330
B47
100
AcDbEntity
  8
0
  6
Continuous
 62
    18
420
        0
370
    25
  0
POLYLINE
  5
B4D
330
1F
100
AcDbEntity
  8
0
  6
Continuous
 62
    18
420
        0
370
    25
100
AcDb2dPolyline
 66
     1
 10
0.0
 20
0.0
 30
0.0
 70
     1
  0
VERTEX
  5
B4E
330
B4D
100
AcDbEntity
  8
0
  6
Continuous
 62
    18
420
        0
370
    25
100
AcDbVertex
100
AcDb2dVertex
 10
8.967708242845655
 20
10.81082765667029
 30
0.0
  0
VERTEX
  5
B4F
330
B4D
100
AcDbEntity
  8
0
  6
Continuous
 62
    18
420
        0
370
    25
100
AcDbVertex
100
AcDb2dVertex
 10
9.569640337942227
 20
10.81082765667029
 30
0.0
  0
VERTEX
  5
B50
330
B4D
100
AcDbEntity
  8
0
  6
Continuous
 62
    18
420
        0
370
    25
100
AcDbVertex
100
AcDb2dVertex
 10
9.569640337942227
 20
11.40888931978929
 30
0.0
  0
VERTEX
  5
B51
330
B4D
100
AcDbEntity
  8
0
  6
Continuous
 62
    18
420
        0
370
    25
100
AcDbVertex
100
AcDb2dVertex
 10
8.967708242845655
 20
11.40888931978929
 30
0.0
  0
SEQEND
  5
B52
330
B4D
100
AcDbEntity
  8
0
  6
Continuous
 62
    18
420
        0
370
    25
  0
POLYLINE
  5
B53
330
1F
100
AcDbEntity
  8
0
  6
Continuous
 62
    18
420
        0
370
    25
100
AcDb2dPolyline
 66
     1
 10
0.0
 20
0.0
 30
0.0
 70
     1
  0
VERTEX
  5
B54
330
B53
100
AcDbEntity
  8
0
  6
Continuous
 62
    18
420
        0
370
    25
100
AcDbVertex
100
AcDb2dVertex
 10
9.720182552605689
 20
10.80400255341554
 30
0.0
  0
VERTEX
  5
B55
330
B53
100
AcDbEntity
  8
0
  6
Continuous
 62
    18
420
        0
370
    25
100
AcDbVertex
100
AcDb2dVertex
 10
10.32211464770226
 20
10.80400255341554
 30
0.0
  0
VERTEX
  5
B56
330
B53
100
AcDbEntity
  8
0
  6
Continuous
 62
    18
420
        0
370
    25
100
AcDbVertex
100
AcDb2dVertex
 10
10.32211464770226
 20
11.40206421653452
 30
0.0
  0
VERTEX
  5
B57
330
B53
100
AcDbEntity
  8
0
  6
Continuous
 62
    18
420
        0
370
    25
100
AcDbVertex
100
AcDb2dVertex
 10
9.720182552605689
 20
11.40206421653452
 30
0.0
  0
SEQEND
  5
B58
330
B53
100
AcDbEntity
  8
0
  6
Continuous
 62
    18
420
        0
370
    25
  0
POLYLINE
  5
B59
330
1F
100
AcDbEntity
  8
0
  6
Continuous
 62
    18
420
        0
370
    25
100
AcDb2dPolyline
 66
     1
 10
0.0
 20
0.0
 30
0.0
 70
     1
  0
VERTEX
  5
B5A
330
B59
100
AcDbEntity
  8
0
  6
Continuous
 62
    18
420
        0
370
    25
100
AcDbVertex
100
AcDb2dVertex
 10
6.798253718054903
 20
13.51582449008387
 30
0.0
  0
VERTEX
  5
B5B
330
B59
100
AcDbEntity
  8
0
  6
Continuous
 62
    18
420
        0
370
    25
100
AcDbVertex
100
AcDb2dVertex
 10
8.651650890416855
 20
13.51582449008387
 30
0.0
  0
VERTEX
  5
B5C
330
B59
100
AcDbEntity
  8
0
  6
Continuous
 62
    18
420
        0
370
    25
100
AcDbVertex
100
AcDb2dVertex
 10
8.651650890416855
 20
14.34965562732987
 30
0.0
  0
VERTEX
  5
B5D
330
B59
100
AcDbEntity
  8
0
  6
Continuous
 62
    18
420
        0
370
    25
100
AcDbVertex
100
AcDb2dVertex
 10
6.798253718054903
 20
14.34965562732987
 30
0.0
  0
SEQEND
  5
B5E
330
B59
100
AcDbEntity
  8
0
  6
Continuous
 62
    18
420
        0
370
    25
  0
POLYLINE
  5
B5F
330
1F
100
AcDbEntity
  8
0
  6
Continuous
 62
    18
420
        0
370
    25
100
AcDb2dPolyline
 66
     1
 10
0.0
 20
0.0
 30
0.0
 70
     1
  0
VERTEX
  5
B60
330
B5F
100
AcDbEntity
  8
0
  6
Continuous
 62
    18
420
        0
370
    25
100
AcDbVertex
100
AcDb2dVertex
 10
7.431643123803107
 20
14.41168195779418
 30
0.0
  0
VERTEX
  5
B61
330
B5F
100
AcDbEntity
  8
0
  6
Continuous
 62
    18
420
        0
370
    25
100
AcDbVertex
100
AcDb2dVertex
 10
8.031643123803104
 20
14.41168195779418
 30
0.0
  0
VERTEX
  5
B62
330
B5F
100
AcDbEntity
  8
0
  6
Continuous
 62
    18
420
        0
370
    25
100
AcDbVertex
100
AcDb2dVertex
 10
8.031643123803104
 20
15.0116819577942
 30
0.0
  0
VERTEX
  5
B63
330
B5F
100
AcDbEntity
  8
0
  6
Continuous
 62
    18
420
        0
370
    25
100
AcDbVertex
100
AcDb2dVertex
 10
7.431643123803107
 20
15.0116819577942
 30
0.0
  0
SEQEND
  5
B64
330
B5F
100
AcDbEntity
  8
0
  6
Continuous
 62
    18
420
        0
370
    25
  0
POLYLINE
  5
B65
330
1F
100
AcDbEntity
  8
0
  6
Continuous
 62
    18
420
        0
370
    25
100
AcDb2dPolyline
 66
     1
 10
0.0
 20
0.0
 30
0.0
 70
     1
  0
VERTEX
  5
B66
330
B65
100
AcDbEntity
  8
0
  6
Continuous
 62
    18
420
        0
370
    25
100
AcDbVertex
100
AcDb2dVertex
 10
8.967708242845655
 20
13.53736862197293
 30
0.0
  0
VERTEX
  5
B67
330
B65
100
AcDbEntity
  8
0
  6
Continuous
 62
    18
420
        0
370
    25
100
AcDbVertex
100
AcDb2dVertex
 10
9.569640337942227
 20
13.53736862197293
 30
0.0
  0
VERTEX
  5
B68
330
B65
100
AcDbEntity
  8
0
  6
Continuous
 62
    18
420
        0
370
    25
100
AcDbVertex
100
AcDb2dVertex
 10
9.569640337942227
 20
14.13543028509194
 30
0.0
  0
VERTEX
  5
B69
330
B65
100
AcDbEntity
  8
0
  6
Continuous
 62
    18
420
        0
370
    25
100
AcDbVertex
100
AcDb2dVertex
 10
8.967708242845655
 20
14.13543028509194
 30
0.0
  0
SEQEND
  5
B6A
330
B65
100
AcDbEntity
  8
0
  6
Continuous
 62
    18
420
        0
370
    25
  0
POLYLINE
  5
B6B
330
1F
100
AcDbEntity
  8
0
  6
Continuous
 62
    18
420
        0
370
    25
100
AcDb2dPolyline
 66
     1
 10
0.0
 20
0.0
 30
0.0
 70
     1
  0
VERTEX
  5
B6C
330
B6B
100
AcDbEntity
  8
0
  6
Continuous
 62
    18
420
        0
370
    25
100
AcDbVertex
100
AcDb2dVertex
 10
9.720182552605689
 20
13.53054351871818
 30
0.0
  0
VERTEX
  5
B6D
330
B6B
100
AcDbEntity
  8
0
  6
Continuous
 62
    18
420
        0
370
    25
100
AcDbVertex
100
AcDb2dVertex
 10
10.32211464770226
 20
13.53054351871818
 30
0.0
  0
VERTEX
  5
B6E
330
B6B
100
AcDbEntity
  8
0
  6
Continuous
 62
    18
420
        0
370
    25
100
AcDbVertex
100
AcDb2dVertex
 10
10.32211464770226
 20
14.12860518183717
 30
0.0
  0
VERTEX
  5
B6F
330
B6B
100
AcDbEntity
  8
0
  6
Continuous
 62
    18
420
        0
370
    25
100
AcDbVertex
100
AcDb2dVertex
 10
9.720182552605689
 20
14.12860518183717
 30
0.0
  0
SEQEND
  5
B70
330
B6B
100
AcDbEntity
  8
0
  6
Continuous
 62
    18
420
        0
370
    25
  0
POLYLINE
  5
B71
330
1F
100
AcDbEntity
  8
0
  6
Continuous
 62
    18
420
        0
370
    25
100
AcDb2dPolyline
 66
     1
 10
0.0
 20
0.0
 30
0.0
 70
     1
  0
VERTEX
  5
B72
330
B71
100
AcDbEntity
  8
0
  6
Continuous
 62
    18
420
        0
370
    25
100
AcDbVertex
100
AcDb2dVertex
 10
6.798253718054903
 20
16.26259340853722
 30
0.0
  0
VERTEX
  5
B73
330
B71
100
AcDbEntity
  8
0
  6
Continuous
 62
    18
420
        0
370
    25
100
AcDbVertex
100
AcDb2dVertex
 10
8.651650890416855
 20
16.26259340853722
 30
0.0
  0
VERTEX
  5
B74
330
B71
100
AcDbEntity
  8
0
  6
Continuous
 62
    18
420
        0
370
    25
100
AcDbVertex
100
AcDb2dVertex
 10
8.651650890416855
 20
17.09642454578321
 30
0.0
  0
VERTEX
  5
B75
330
B71
100
AcDbEntity
  8
0
  6
Continuous
 62
    18
420
        0
370
    25
100
AcDbVertex
100
AcDb2dVertex
 10
6.798253718054903
 20
17.09642454578321
 30
0.0
  0
SEQEND
  5
B76
330
B71
100
AcDbEntity
  8
0
  6
Continuous
 62
    18
420
        0
370
    25
  0
POLYLINE
  5
B77
330
1F
100
AcDbEntity
  8
0
  6
Continuous
 62
    18
420
        0
370
    25
100
AcDb2dPolyline
 66
     1
 10
0.0
 20
0.0
 30
0.0
 70
     1
  0
VERTEX
  5
B78
330
B77
100
AcDbEntity
  8
0
  6
Continuous
 62
    18
420
        0
370
    25
100
AcDbVertex
100
AcDb2dVertex
 10
7.431643123803107
 20
17.15845087624753
 30
0.0
  0
VERTEX
  5
B79
330
B77
100
AcDbEntity
  8
0
  6
Continuous
 62
    18
420
        0
370
    25
100
AcDbVertex
100
AcDb2dVertex
 10
8.031643123803104
 20
17.15845087624753
 30
0.0
  0
VERTEX
  5
B7A
330
B77
100
AcDbEntity
  8
0
  6
Continuous
 62
    18
420
        0
370
    25
100
AcDbVertex
100
AcDb2dVertex
 10
8.031643123803104
 20
17.75845087624753
 30
0.0
  0
VERTEX
  5
B7B
330
B77
100
AcDbEntity
  8
0
  6
Continuous
 62
    18
420
        0
370
    25
100
AcDbVertex
100
AcDb2dVertex
 10
7.431643123803107
 20
17.75845087624753
 30
0.0
  0
SEQEND
  5
B7C
330
B77
100
AcDbEntity
  8
0
  6
Continuous
 62
    18
420
        0
370
    25
  0
POLYLINE
  5
B7D
330
1F
100
AcDbEntity
  8
0
  6
Continuous
 62
    18
420
        0
370
    25
100
AcDb2dPolyline
 66
     1
 10
0.0
 20
0.0
 30
0.0
 70
     1
  0
VERTEX
  5
B7E
330
B7D
100
AcDbEntity
  8
0
  6
Continuous
 62
    18
420
        0
370
    25
100
AcDbVertex
100
AcDb2dVertex
 10
8.967708242845655
 20
16.28413754042629
 30
0.0
  0
VERTEX
  5
B7F
330
B7D
100
AcDbEntity
  8
0
  6
Continuous
 62
    18
420
        0
370
    25
100
AcDbVertex
100
AcDb2dVertex
 10
9.569640337942227
 20
16.28413754042629
 30
0.0
  0
VERTEX
  5
B80
330
B7D
100
AcDbEntity
  8
0
  6
Continuous
 62
    18
420
        0
370
    25
100
AcDbVertex
100
AcDb2dVertex
 10
9.569640337942227
 20
16.88219920354529
 30
0.0
  0
VERTEX
  5
B81
330
B7D
100
AcDbEntity
  8
0
  6
Continuous
 62
    18
420
        0
370
    25
100
AcDbVertex
100
AcDb2dVertex
 10
8.967708242845655
 20
16.88219920354529
 30
0.0
  0
SEQEND
  5
B82
330
B7D
100
AcDbEntity
  8
0
  6
Continuous
 62
    18
420
        0
370
    25
  0
POLYLINE
  5
B83
330
1F
100
AcDbEntity
  8
0
  6
Continuous
 62
    18
420
        0
370
    25
100
AcDb2dPolyline
 66
     1
 10
0.0
 20
0.0
 30
0.0
 70
     1
  0
VERTEX
  5
B84
330
B83
100
AcDbEntity
  8
0
  6
Continuous
 62
    18
420
        0
370
    25
100
AcDbVertex
100
AcDb2dVertex
 10
9.720182552605689
 20
16.27731243717154
 30
0.0
  0
VERTEX
  5
B85
330
B83
100
AcDbEntity
  8
0
  6
Continuous
 62
    18
420
        0
370
    25
100
AcDbVertex
100
AcDb2dVertex
 10
10.32211464770226
 20
16.27731243717154
 30
0.0
  0
VERTEX
  5
B86
330
B83
100
AcDbEntity
  8
0
  6
Continuous
 62
    18
420
        0
370
    25
100
AcDbVertex
100
AcDb2dVertex
 10
10.32211464770226
 20
16.87537410029052
 30
0.0
  0
VERTEX
  5
B87
330
B83
100
AcDbEntity
  8
0
  6
Continuous
 62
    18
420
        0
370
    25
100
AcDbVertex
100
AcDb2dVertex
 10
9.720182552605689
 20
16.87537410029052
 30
0.0
  0
SEQEND
  5
B88
330
B83
100
AcDbEntity
  8
0
  6
Continuous
 62
    18
420
        0
370
    25
  0
POLYLINE
  5
B89
330
1F
100
AcDbEntity
  8
0
  6
Continuous
 62
    18
420
        0
370
    25
100
AcDb2dPolyline
 66
     1
 10
0.0
 20
0.0
 30
0.0
 70
     1
  0
VERTEX
  5
B8A
330
B89
100
AcDbEntity
  8
0
  6
Continuous
 62
    18
420
        0
370
    25
100
AcDbVertex
100
AcDb2dVertex
 10
6.798253718054903
 20
19.00936232699057
 30
0.0
  0
VERTEX
  5
B8B
330
B89
100
AcDbEntity
  8
0
  6
Continuous
 62
    18
420
        0
370
    25
100
AcDbVertex
100
AcDb2dVertex
 10
8.651650890416855
 20
19.00936232699057
 30
0.0
  0
VERTEX
  5
B8C
330
B89
100
AcDbEntity
  8
0
  6
Continuous
 62
    18
420
        0
370
    25
100
AcDbVertex
100
AcDb2dVertex
 10
8.651650890416855
 20
19.84319346423656
 30
0.0
  0
VERTEX
  5
B8D
330
B89
100
AcDbEntity
  8
0
  6
Continuous
 62
    18
420
        0
370
    25
100
AcDbVertex
100
AcDb2dVertex
 10
6.798253718054903
 20
19.84319346423656
 30
0.0
  0
SEQEND
  5
B8E
330
B89
100
AcDbEntity
  8
0
  6
Continuous
 62
    18
420
        0
370
    25
  0
POLYLINE
  5
B8F
330
1F
100
AcDbEntity
  8
0
  6
Continuous
 62
    18
420
        0
370
    25
100
AcDb2dPolyline
 66
     1
 10
0.0
 20
0.0
 30
0.0
 70
     1
  0
VERTEX
  5
B90
330
B8F
100
AcDbEntity
  8
0
  6
Continuous
 62
    18
420
        0
370
    25
100
AcDbVertex
100
AcDb2dVertex
 10
7.431643123803107
 20
19.90521979470088
 30
0.0
  0
VERTEX
  5
B91
330
B8F
100
AcDbEntity
  8
0
  6
Continuous
 62
    18
420
        0
370
    25
100
AcDbVertex
100
AcDb2dVertex
 10
8.031643123803104
 20
19.90521979470088
 30
0.0
  0
VERTEX
  5
B92
330
B8F
100
AcDbEntity
  8
0
  6
Continuous
 62
    18
420
        0
370
    25
100
AcDbVertex
100
AcDb2dVertex
 10
8.031643123803104
 20
20.50521979470089
 30
0.0
  0
VERTEX
  5
B93
330
B8F
100
AcDbEntity
  8
0
  6
Continuous
 62
    18
420
        0
370
    25
100
AcDbVertex
100
AcDb2dVertex
 10
7.431643123803107
 20
20.50521979470089
 30
0.0
  0
SEQEND
  5
B94
330
B8F
100
AcDbEntity
  8
0
  6
Continuous
 62
    18
420
        0
370
    25
  0
POLYLINE
  5
B95
330
1F
100
AcDbEntity
  8
0
  6
Continuous
 62
    18
420
        0
370
    25
100
AcDb2dPolyline
 66
     1
 10
0.0
 20
0.0
 30
0.0
 70
     1
  0
VERTEX
  5
B96
330
B95
100
AcDbEntity
  8
0
  6
Continuous
 62
    18
420
        0
370
    25
100
AcDbVertex
100
AcDb2dVertex
 10
8.967708242845655
 20
19.03090645887964
 30
0.0
  0
VERTEX
  5
B97
330
B95
100
AcDbEntity
  8
0
  6
Continuous
 62
    18
420
        0
370
    25
100
AcDbVertex
100
AcDb2dVertex
 10
9.569640337942227
 20
19.03090645887964
 30
0.0
  0
VERTEX
  5
B98
330
B95
100
AcDbEntity
  8
0
  6
Continuous
 62
    18
420
        0
370
    25
100
AcDbVertex
100
AcDb2dVertex
 10
9.569640337942227
 20
19.62896812199864
 30
0.0
  0
VERTEX
  5
B99
330
B95
100
AcDbEntity
  8
0
  6
Continuous
 62
    18
420
        0
370
    25
100
AcDbVertex
100
AcDb2dVertex
 10
8.967708242845655
 20
19.62896812199864
 30
0.0
  0
SEQEND
  5
B9A
330
B95
100
AcDbEntity
  8
0
  6
Continuous
 62
    18
420
        0
370
    25
  0
POLYLINE
  5
B9B
330
1F
100
AcDbEntity
  8
0
  6
Continuous
 62
    18
420
        0
370
    25
100
AcDb2dPolyline
 66
     1
 10
0.0
 20
0.0
 30
0.0
 70
     1
  0
VERTEX
  5
B9C
330
B9B
100
AcDbEntity
  8
0
  6
Continuous
 62
    18
420
        0
370
    25
100
AcDbVertex
100
AcDb2dVertex
 10
9.720182552605689
 20
19.02408135562489
 30
0.0
  0
VERTEX
  5
B9D
330
B9B
100
AcDbEntity
  8
0
  6
Continuous
 62
    18
420
        0
370
    25
100
AcDbVertex
100
AcDb2dVertex
 10
10.32211464770226
 20
19.02408135562489
 30
0.0
  0
VERTEX
  5
B9E
330
B9B
100
AcDbEntity
  8
0
  6
Continuous
 62
    18
420
        0
370
    25
100
AcDbVertex
100
AcDb2dVertex
 10
10.32211464770226
 20
19.62214301874387
 30
0.0
  0
VERTEX
  5
B9F
330
B9B
100
AcDbEntity
  8
0
  6
Continuous
 62
    18
420
        0
370
    25
100
AcDbVertex
100
AcDb2dVertex
 10
9.720182552605689
 20
19.62214301874387
 30
0.0
  0
SEQEND
  5
BA0
330
B9B
100
AcDbEntity
  8
0
  6
Continuous
 62
    18
420
        0
370
    25
  0
POLYLINE
  5
BA1
330
1F
100
AcDbEntity
  8
0
  6
Continuous
 62
    18
420
        0
370
    25
100
AcDb2dPolyline
 66
     1
 10
0.0
 20
0.0
 30
0.0
 70
     1
  0
VERTEX
  5
BA2
330
BA1
100
AcDbEntity
  8
0
  6
Continuous
 62
    18
420
        0
370
    25
100
AcDbVertex
100
AcDb2dVertex
 10
17.06558828679575
 20
26.66425928944684
 30
0.0
  0
VERTEX
  5
BA3
330
BA1
100
AcDbEntity
  8
0
  6
Continuous
 62
    18
420
        0
370
    25
100
AcDbVertex
100
AcDb2dVertex
 10
17.89941942404173
 20
26.66425928944684
 30
0.0
  0
VERTEX
  5
BA4
330
BA1
100
AcDbEntity
  8
0
  6
Continuous
 62
    18
420
        0
370
    25
100
AcDbVertex
100
AcDb2dVertex
 10
17.89941942404173
 20
28.51765646180878
 30
0.0
  0
VERTEX
  5
BA5
330
BA1
100
AcDbEntity
  8
0
  6
Continuous
 62
    18
420
        0
370
    25
100
AcDbVertex
100
AcDb2dVertex
 10
17.06558828679575
 20
28.51765646180878
 30
0.0
  0
SEQEND
  5
BA6
330
BA1
100
AcDbEntity
  8
0
  6
Continuous
 62
    18
420
        0
370
    25
  0
POLYLINE
  5
BA7
330
1F
100
AcDbEntity
  8
0
  6
Continuous
 62
    18
420
        0
370
    25
100
AcDb2dPolyline
 66
     1
 10
0.0
 20
0.0
 30
0.0
 70
     1
  0
VERTEX
  5
BA8
330
BA7
100
AcDbEntity
  8
0
  6
Continuous
 62
    18
420
        0
370
    25
100
AcDbVertex
100
AcDb2dVertex
 10
16.40356195633143
 20
27.28426705606058
 30
0.0
  0
VERTEX
  5
BA9
330
BA7
100
AcDbEntity
  8
0
  6
Continuous
 62
    18
420
        0
370
    25
100
AcDbVertex
100
AcDb2dVertex
 10
17.00356195633143
 20
27.28426705606058
 30
0.0
  0
VERTEX
  5
BAA
330
BA7
100
AcDbEntity
  8
0
  6
Continuous
 62
    18
420
        0
370
    25
100
AcDbVertex
100
AcDb2dVertex
 10
17.00356195633143
 20
27.88426705606058
 30
0.0
  0
VERTEX
  5
BAB
330
BA7
100
AcDbEntity
  8
0
  6
Continuous
 62
    18
420
        0
370
    25
100
AcDbVertex
100
AcDb2dVertex
 10
16.40356195633143
 20
27.88426705606058
 30
0.0
  0
SEQEND
  5
BAC
330
BA7
100
AcDbEntity
  8
0
  6
Continuous
 62
    18
420
        0
370
    25
  0
POLYLINE
  5
BAD
330
1F
100
AcDbEntity
  8
0
  6
Continuous
 62
    18
420
        0
370
    25
100
AcDb2dPolyline
 66
     1
 10
0.0
 20
0.0
 30
0.0
 70
     1
  0
VERTEX
  5
BAE
330
BAD
100
AcDbEntity
  8
0
  6
Continuous
 62
    18
420
        0
370
    25
100
AcDbVertex
100
AcDb2dVertex
 10
15.2754176193495
 20
25.83083404056023
 30
0.0
  0
VERTEX
  5
BAF
330
BAD
100
AcDbEntity
  8
0
  6
Continuous
 62
    18
420
        0
370
    25
100
AcDbVertex
100
AcDb2dVertex
 10
15.87347928246849
 20
25.83083404056023
 30
0.0
  0
VERTEX
  5
BB0
330
BAD
100
AcDbEntity
  8
0
  6
Continuous
 62
    18
420
        0
370
    25
100
AcDbVertex
100
AcDb2dVertex
 10
15.87347928246849
 20
26.43276613565681
 30
0.0
  0
VERTEX
  5
BB1
330
BAD
100
AcDbEntity
  8
0
  6
Continuous
 62
    18
420
        0
370
    25
100
AcDbVertex
100
AcDb2dVertex
 10
15.2754176193495
 20
26.43276613565681
 30
0.0
  0
SEQEND
  5
BB2
330
BAD
100
AcDbEntity
  8
0
  6
Continuous
 62
    18
420
        0
370
    25
  0
POLYLINE
  5
BB3
330
1F
100
AcDbEntity
  8
0
  6
Continuous
 62
    18
420
        0
370
    25
100
AcDb2dPolyline
 66
     1
 10
0.0
 20
0.0
 30
0.0
 70
     1
  0
VERTEX
  5
BB4
330
BB3
100
AcDbEntity
  8
0
  6
Continuous
 62
    18
420
        0
370
    25
100
AcDbVertex
100
AcDb2dVertex
 10
15.27348240336071
 20
25.06724135016726
 30
0.0
  0
VERTEX
  5
BB5
330
BB3
100
AcDbEntity
  8
0
  6
Continuous
 62
    18
420
        0
370
    25
100
AcDbVertex
100
AcDb2dVertex
 10
15.87154406647969
 20
25.06724135016726
 30
0.0
  0
VERTEX
  5
BB6
330
BB3
100
AcDbEntity
  8
0
  6
Continuous
 62
    18
420
        0
370
    25
100
AcDbVertex
100
AcDb2dVertex
 10
15.87154406647969
 20
25.66917344526384
 30
0.0
  0
VERTEX
  5
BB7
330
BB3
100
AcDbEntity
  8
0
  6
Continuous
 62
    18
420
        0
370
    25
100
AcDbVertex
100
AcDb2dVertex
 10
15.27348240336071
 20
25.66917344526384
 30
0.0
  0
SEQEND
  5
BB8
330
BB3
100
AcDbEntity
  8
0
  6
Continuous
 62
    18
420
        0
370
    25
  0
POLYLINE
  5
BB9
330
1F
100
AcDbEntity
  8
0
  6
Continuous
 62
    18
420
        0
370
    25
100
AcDb2dPolyline
 66
     1
 10
0.0
 20
0.0
 30
0.0
 70
     1
  0
VERTEX
  5
BBA
330
BB9
100
AcDbEntity
  8
0
  6
Continuous
 62
    18
420
        0
370
    25
100
AcDbVertex
100
AcDb2dVertex
 10
15.28030750661548
 20
24.31476704040725
 30
0.0
  0
VERTEX
  5
BBB
330
BB9
100
AcDbEntity
  8
0
  6
Continuous
 62
    18
420
        0
370
    25
100
AcDbVertex
100
AcDb2dVertex
 10
15.87836916973446
 20
24.31476704040725
 30
0.0
  0
VERTEX
  5
BBC
330
BB9
100
AcDbEntity
  8
0
  6
Continuous
 62
    18
420
        0
370
    25
100
AcDbVertex
100
AcDb2dVertex
 10
15.87836916973446
 20
24.91669913550382
 30
0.0
  0
VERTEX
  5
BBD
330
BB9
100
AcDbEntity
  8
0
  6
Continuous
 62
    18
420
        0
370
    25
100
AcDbVertex
100
AcDb2dVertex
 10
15.28030750661548
 20
24.91669913550382
 30
0.0
  0
SEQEND
  5
BBE
330
BB9
100
AcDbEntity
  8
0
  6
Continuous
 62
    18
420
        0
370
    25
  0
POLYLINE
  5
BBF
330
1F
100
AcDbEntity
  8
0
  6
Continuous
 62
    18
420
        0
370
    25
100
AcDb2dPolyline
 66
     1
 10
0.0
 20
0.0
 30
0.0
 70
     1
  0
VERTEX
  5
BC0
330
BBF
100
AcDbEntity
  8
0
  6
Continuous
 62
    18
420
        0
370
    25
100
AcDbVertex
100
AcDb2dVertex
 10
15.2569441179672
 20
22.55378220051782
 30
0.0
  0
VERTEX
  5
BC1
330
BBF
100
AcDbEntity
  8
0
  6
Continuous
 62
    18
420
        0
370
    25
100
AcDbVertex
100
AcDb2dVertex
 10
15.6738596865902
 20
22.55378220051782
 30
0.0
  0
VERTEX
  5
BC2
330
BBF
100
AcDbEntity
  8
0
  6
Continuous
 62
    18
420
        0
370
    25
100
AcDbVertex
100
AcDb2dVertex
 10
15.6738596865902
 20
23.65425536581755
 30
0.0
  0
VERTEX
  5
BC3
330
BBF
100
AcDbEntity
  8
0
  6
Continuous
 62
    18
420
        0
370
    25
100
AcDbVertex
100
AcDb2dVertex
 10
15.2569441179672
 20
23.65425536581755
 30
0.0
  0
SEQEND
  5
BC4
330
BBF
100
AcDbEntity
  8
0
  6
Continuous
 62
    18
420
        0
370
    25
  0
POLYLINE
  5
BC5
330
1F
100
AcDbEntity
  8
0
  6
Continuous
 62
    18
420
        0
370
    25
100
AcDb2dPolyline
 66
     1
 10
0.0
 20
0.0
 30
0.0
 70
     1
  0
VERTEX
  5
BC6
330
BC5
100
AcDbEntity
  8
0
  6
Continuous
 62
    18
420
        0
370
    25
100
AcDbVertex
100
AcDb2dVertex
 10
20.73157102976391
 20
25.83083404056023
 30
0.0
  0
VERTEX
  5
BC7
330
BC5
100
AcDbEntity
  8
0
  6
Continuous
 62
    18
420
        0
370
    25
100
AcDbVertex
100
AcDb2dVertex
 10
20.13350936664492
 20
25.83083404056023
 30
0.0
  0
VERTEX
  5
BC8
330
BC5
100
AcDbEntity
  8
0
  6
Continuous
 62
    18
420
        0
370
    25
100
AcDbVertex
100
AcDb2dVertex
 10
20.13350936664492
 20
26.43276613565681
 30
0.0
  0
VERTEX
  5
BC9
330
BC5
100
AcDbEntity
  8
0
  6
Continuous
 62
    18
420
        0
370
    25
100
AcDbVertex
100
AcDb2dVertex
 10
20.73157102976391
 20
26.43276613565681
 30
0.0
  0
SEQEND
  5
BCA
330
BC5
100
AcDbEntity
  8
0
  6
Continuous
 62
    18
420
        0
370
    25
  0
POLYLINE
  5
BCB
330
1F
100
AcDbEntity
  8
0
  6
Continuous
 62
    18
420
        0
370
    25
100
AcDb2dPolyline
 66
     1
 10
0.0
 20
0.0
 30
0.0
 70
     1
  0
VERTEX
  5
BCC
330
BCB
100
AcDbEntity
  8
0
  6
Continuous
 62
    18
420
        0
370
    25
100
AcDbVertex
100
AcDb2dVertex
 10
20.7335062457527
 20
25.06724135016726
 30
0.0
  0
VERTEX
  5
BCD
330
BCB
100
AcDbEntity
  8
0
  6
Continuous
 62
    18
420
        0
370
    25
100
AcDbVertex
100
AcDb2dVertex
 10
20.13544458263372
 20
25.06724135016726
 30
0.0
  0
VERTEX
  5
BCE
330
BCB
100
AcDbEntity
  8
0
  6
Continuous
 62
    18
420
        0
370
    25
100
AcDbVertex
100
AcDb2dVertex
 10
20.13544458263372
 20
25.66917344526384
 30
0.0
  0
VERTEX
  5
BCF
330
BCB
100
AcDbEntity
  8
0
  6
Continuous
 62
    18
420
        0
370
    25
100
AcDbVertex
100
AcDb2dVertex
 10
20.7335062457527
 20
25.66917344526384
 30
0.0
  0
SEQEND
  5
BD0
330
BCB
100
AcDbEntity
  8
0
  6
Continuous
 62
    18
420
        0
370
    25
  0
POLYLINE
  5
BD1
330
1F
100
AcDbEntity
  8
0
  6
Continuous
 62
    18
420
        0
370
    25
100
AcDb2dPolyline
 66
     1
 10
0.0
 20
0.0
 30
0.0
 70
     1
  0
VERTEX
  5
BD2
330
BD1
100
AcDbEntity
  8
0
  6
Continuous
 62
    18
420
        0
370
    25
100
AcDbVertex
100
AcDb2dVertex
 10
20.72668114249793
 20
24.31476704040725
 30
0.0
  0
VERTEX
  5
BD3
330
BD1
100
AcDbEntity
  8
0
  6
Continuous
 62
    18
420
        0
370
    25
100
AcDbVertex
100
AcDb2dVertex
 10
20.12861947937895
 20
24.31476704040725
 30
0.0
  0
VERTEX
  5
BD4
330
BD1
100
AcDbEntity
  8
0
  6
Continuous
 62
    18
420
        0
370
    25
100
AcDbVertex
100
AcDb2dVertex
 10
20.12861947937895
 20
24.91669913550382
 30
0.0
  0
VERTEX
  5
BD5
330
BD1
100
AcDbEntity
  8
0
  6
Continuous
 62
    18
420
        0
370
    25
100
AcDbVertex
100
AcDb2dVertex
 10
20.72668114249793
 20
24.91669913550382
 30
0.0
  0
SEQEND
  5
BD6
330
BD1
100
AcDbEntity
  8
0
  6
Continuous
 62
    18
420
        0
370
    25
  0
POLYLINE
  5
BD7
330
1F
100
AcDbEntity
  8
0
  6
Continuous
 62
    18
420
        0
370
    25
100
AcDb2dPolyline
 66
     1
 10
0.0
 20
0.0
 30
0.0
 70
     1
  0
VERTEX
  5
BD8
330
BD7
100
AcDbEntity
  8
0
  6
Continuous
 62
    18
420
        0
370
    25
100
AcDbVertex
100
AcDb2dVertex
 10
20.7500445311462
 20
22.55378220051782
 30
0.0
  0
VERTEX
  5
BD9
330
BD7
100
AcDbEntity
  8
0
  6
Continuous
 62
    18
420
        0
370
    25
100
AcDbVertex
100
AcDb2dVertex
 10
20.33312896252321
 20
22.55378220051782
 30
0.0
  0
VERTEX
  5
BDA
330
BD7
100
AcDbEntity
  8
0
  6
Continuous
 62
    18
420
        0
370
    25
100
AcDbVertex
100
AcDb2dVertex
 10
20.33312896252321
 20
23.65425536581755
 30
0.0
  0
VERTEX
  5
BDB
330
BD7
100
AcDbEntity
  8
0
  6
Continuous
 62
    18
420
        0
370
    25
100
AcDbVertex
100
AcDb2dVertex
 10
20.7500445311462
 20
23.65425536581755
 30
0.0
  0
SEQEND
  5
BDC
330
BD7
100
AcDbEntity
  8
0
  6
Continuous
 62
    18
420
        0
370
    25
  0
POLYLINE
  5
BDD
330
1F
100
AcDbEntity
  8
0
  6
Continuous
 62
    18
420
        0
370
    25
100
AcDb2dPolyline
 66
     1
 10
0.0
 20
0.0
 30
0.0
 70
     1
  0
VERTEX
  5
BDE
330
BDD
100
AcDbEntity
  8
0
  6
Continuous
 62
    18
420
        0
370
    25
100
AcDbVertex
100
AcDb2dVertex
 10
19.58805790170247
 20
27.28155491645831
 30
0.0
  0
VERTEX
  5
BDF
330
BDD
100
AcDbEntity
  8
0
  6
Continuous
 62
    18
420
        0
370
    25
100
AcDbVertex
100
AcDb2dVertex
 10
18.98805790170248
 20
27.28155491645831
 30
0.0
  0
VERTEX
  5
BE0
330
BDD
100
AcDbEntity
  8
0
  6
Continuous
 62
    18
420
        0
370
    25
100
AcDbVertex
100
AcDb2dVertex
 10
18.98805790170248
 20
27.88155491645832
 30
0.0
  0
VERTEX
  5
BE1
330
BDD
100
AcDbEntity
  8
0
  6
Continuous
 62
    18
420
        0
370
    25
100
AcDbVertex
100
AcDb2dVertex
 10
19.58805790170247
 20
27.88155491645832
 30
0.0
  0
SEQEND
  5
BE2
330
BDD
100
AcDbEntity
  8
0
  6
Continuous
 62
    18
420
        0
370
    25
  0
POLYLINE
  5
BE3
330
1F
100
AcDbEntity
  8
0
  6
Continuous
 62
    18
420
        0
370
    25
100
AcDb2dPolyline
 66
     1
 10
0.0
 20
0.0
 30
0.0
 70
     1
  0
VERTEX
  5
BE4
330
BE3
100
AcDbEntity
  8
0
  6
Continuous
 62
    18
420
        0
370
    25
100
AcDbVertex
100
AcDb2dVertex
 10
18.92603157123816
 20
26.66154714984457
 30
0.0
  0
VERTEX
  5
BE5
330
BE3
100
AcDbEntity
  8
0
  6
Continuous
 62
    18
420
        0
370
    25
100
AcDbVertex
100
AcDb2dVertex
 10
18.09220043399218
 20
26.66154714984457
 30
0.0
  0
VERTEX
  5
BE6
330
BE3
100
AcDbEntity
  8
0
  6
Continuous
 62
    18
420
        0
370
    25
100
AcDbVertex
100
AcDb2dVertex
 10
18.09220043399218
 20
28.51494432220652
 30
0.0
  0
VERTEX
  5
BE7
330
BE3
100
AcDbEntity
  8
0
  6
Continuous
 62
    18
420
        0
370
    25
100
AcDbVertex
100
AcDb2dVertex
 10
18.92603157123816
 20
28.51494432220652
 30
0.0
  0
SEQEND
  5
BE8
330
BE3
100
AcDbEntity
  8
0
  6
Continuous
 62
    18
420
        0
370
    25
  0
POLYLINE
  5
BE9
330
1F
100
AcDbEntity
  8
0
  6
Continuous
 62
    18
420
        0
370
    25
100
AcDb2dPolyline
 66
     1
 10
0.0
 20
0.0
 30
0.0
 70
     1
  0
VERTEX
  5
BEA
330
BE9
100
AcDbEntity
  8
0
  6
Continuous
 62
    18
420
        0
370
    25
100
AcDbVertex
100
AcDb2dVertex
 10
33.54379427040194
 20
26.66425928944684
 30
0.0
  0
VERTEX
  5
BEB
330
BE9
100
AcDbEntity
  8
0
  6
Continuous
 62
    18
420
        0
370
    25
100
AcDbVertex
100
AcDb2dVertex
 10
34.37762540764792
 20
26.66425928944684
 30
0.0
  0
VERTEX
  5
BEC
330
BE9
100
AcDbEntity
  8
0
  6
Continuous
 62
    18
420
        0
370
    25
100
AcDbVertex
100
AcDb2dVertex
 10
34.37762540764792
 20
28.51765646180878
 30
0.0
  0
VERTEX
  5
BED
330
BE9
100
AcDbEntity
  8
0
  6
Continuous
 62
    18
420
        0
370
    25
100
AcDbVertex
100
AcDb2dVertex
 10
33.54379427040194
 20
28.51765646180878
 30
0.0
  0
SEQEND
  5
BEE
330
BE9
100
AcDbEntity
  8
0
  6
Continuous
 62
    18
420
        0
370
    25
  0
POLYLINE
  5
BEF
330
1F
100
AcDbEntity
  8
0
  6
Continuous
 62
    18
420
        0
370
    25
100
AcDb2dPolyline
 66
     1
 10
0.0
 20
0.0
 30
0.0
 70
     1
  0
VERTEX
  5
BF0
330
BEF
100
AcDbEntity
  8
0
  6
Continuous
 62
    18
420
        0
370
    25
100
AcDbVertex
100
AcDb2dVertex
 10
32.88176793993762
 20
27.28426705606058
 30
0.0
  0
VERTEX
  5
BF1
330
BEF
100
AcDbEntity
  8
0
  6
Continuous
 62
    18
420
        0
370
    25
100
AcDbVertex
100
AcDb2dVertex
 10
33.48176793993762
 20
27.28426705606058
 30
0.0
  0
VERTEX
  5
BF2
330
BEF
100
AcDbEntity
  8
0
  6
Continuous
 62
    18
420
        0
370
    25
100
AcDbVertex
100
AcDb2dVertex
 10
33.48176793993762
 20
27.88426705606058
 30
0.0
  0
VERTEX
  5
BF3
330
BEF
100
AcDbEntity
  8
0
  6
Continuous
 62
    18
420
        0
370
    25
100
AcDbVertex
100
AcDb2dVertex
 10
32.88176793993762
 20
27.88426705606058
 30
0.0
  0
SEQEND
  5
BF4
330
BEF
100
AcDbEntity
  8
0
  6
Continuous
 62
    18
420
        0
370
    25
  0
POLYLINE
  5
BF5
330
1F
100
AcDbEntity
  8
0
  6
Continuous
 62
    18
420
        0
370
    25
100
AcDb2dPolyline
 66
     1
 10
0.0
 20
0.0
 30
0.0
 70
     1
  0
VERTEX
  5
BF6
330
BF5
100
AcDbEntity
  8
0
  6
Continuous
 62
    18
420
        0
370
    25
100
AcDbVertex
100
AcDb2dVertex
 10
36.06626388530866
 20
27.28155491645831
 30
0.0
  0
VERTEX
  5
BF7
330
BF5
100
AcDbEntity
  8
0
  6
Continuous
 62
    18
420
        0
370
    25
100
AcDbVertex
100
AcDb2dVertex
 10
35.46626388530867
 20
27.28155491645831
 30
0.0
  0
VERTEX
  5
BF8
330
BF5
100
AcDbEntity
  8
0
  6
Continuous
 62
    18
420
        0
370
    25
100
AcDbVertex
100
AcDb2dVertex
 10
35.46626388530867
 20
27.88155491645832
 30
0.0
  0
VERTEX
  5
BF9
330
BF5
100
AcDbEntity
  8
0
  6
Continuous
 62
    18
420
        0
370
    25
100
AcDbVertex
100
AcDb2dVertex
 10
36.06626388530866
 20
27.88155491645832
 30
0.0
  0
SEQEND
  5
BFA
330
BF5
100
AcDbEntity
  8
0
  6
Continuous
 62
    18
420
        0
370
    25
  0
POLYLINE
  5
BFB
330
1F
100
AcDbEntity
  8
0
  6
Continuous
 62
    18
420
        0
370
    25
100
AcDb2dPolyline
 66
     1
 10
0.0
 20
0.0
 30
0.0
 70
     1
  0
VERTEX
  5
BFC
330
BFB
100
AcDbEntity
  8
0
  6
Continuous
 62
    18
420
        0
370
    25
100
AcDbVertex
100
AcDb2dVertex
 10
35.40423755484436
 20
26.66154714984457
 30
0.0
  0
VERTEX
  5
BFD
330
BFB
100
AcDbEntity
  8
0
  6
Continuous
 62
    18
420
        0
370
    25
100
AcDbVertex
100
AcDb2dVertex
 10
34.57040641759838
 20
26.66154714984457
 30
0.0
  0
VERTEX
  5
BFE
330
BFB
100
AcDbEntity
  8
0
  6
Continuous
 62
    18
420
        0
370
    25
100
AcDbVertex
100
AcDb2dVertex
 10
34.57040641759838
 20
28.51494432220652
 30
0.0
  0
VERTEX
  5
BFF
330
BFB
100
AcDbEntity
  8
0
  6
Continuous
 62
    18
420
        0
370
    25
100
AcDbVertex
100
AcDb2dVertex
 10
35.40423755484436
 20
28.51494432220652
 30
0.0
  0
SEQEND
  5
C00
330
BFB
100
AcDbEntity
  8
0
  6
Continuous
 62
    18
420
        0
370
    25
  0
POLYLINE
  5
C01
330
1F
100
AcDbEntity
  8
0
  6
Continuous
 62
    18
420
        0
370
    25
100
AcDb2dPolyline
 66
     1
 10
0.0
 20
0.0
 30
0.0
 70
     1
  0
VERTEX
  5
C02
330
C01
100
AcDbEntity
  8
0
  6
Continuous
 62
    18
420
        0
370
    25
100
AcDbVertex
100
AcDb2dVertex
 10
31.87098023650773
 20
25.82966549598816
 30
0.0
  0
VERTEX
  5
C03
330
C01
100
AcDbEntity
  8
0
  6
Continuous
 62
    18
420
        0
370
    25
100
AcDbVertex
100
AcDb2dVertex
 10
32.46904189962671
 20
25.82966549598816
 30
0.0
  0
VERTEX
  5
C04
330
C01
100
AcDbEntity
  8
0
  6
Continuous
 62
    18
420
        0
370
    25
100
AcDbVertex
100
AcDb2dVertex
 10
32.46904189962671
 20
26.43159759108473
 30
0.0
  0
VERTEX
  5
C05
330
C01
100
AcDbEntity
  8
0
  6
Continuous
 62
    18
420
        0
370
    25
100
AcDbVertex
100
AcDb2dVertex
 10
31.87098023650773
 20
26.43159759108473
 30
0.0
  0
SEQEND
  5
C06
330
C01
100
AcDbEntity
  8
0
  6
Continuous
 62
    18
420
        0
370
    25
  0
POLYLINE
  5
C07
330
1F
100
AcDbEntity
  8
0
  6
Continuous
 62
    18
420
        0
370
    25
100
AcDb2dPolyline
 66
     1
 10
0.0
 20
0.0
 30
0.0
 70
     1
  0
VERTEX
  5
C08
330
C07
100
AcDbEntity
  8
0
  6
Continuous
 62
    18
420
        0
370
    25
100
AcDbVertex
100
AcDb2dVertex
 10
31.86904502051893
 20
25.06607280559518
 30
0.0
  0
VERTEX
  5
C09
330
C07
100
AcDbEntity
  8
0
  6
Continuous
 62
    18
420
        0
370
    25
100
AcDbVertex
100
AcDb2dVertex
 10
32.46710668363792
 20
25.06607280559518
 30
0.0
  0
VERTEX
  5
C0A
330
C07
100
AcDbEntity
  8
0
  6
Continuous
 62
    18
420
        0
370
    25
100
AcDbVertex
100
AcDb2dVertex
 10
32.46710668363792
 20
25.66800490069176
 30
0.0
  0
VERTEX
  5
C0B
330
C07
100
AcDbEntity
  8
0
  6
Continuous
 62
    18
420
        0
370
    25
100
AcDbVertex
100
AcDb2dVertex
 10
31.86904502051893
 20
25.66800490069176
 30
0.0
  0
SEQEND
  5
C0C
330
C07
100
AcDbEntity
  8
0
  6
Continuous
 62
    18
420
        0
370
    25
  0
POLYLINE
  5
C0D
330
1F
100
AcDbEntity
  8
0
  6
Continuous
 62
    18
420
        0
370
    25
100
AcDb2dPolyline
 66
     1
 10
0.0
 20
0.0
 30
0.0
 70
     1
  0
VERTEX
  5
C0E
330
C0D
100
AcDbEntity
  8
0
  6
Continuous
 62
    18
420
        0
370
    25
100
AcDbVertex
100
AcDb2dVertex
 10
31.8758701237737
 20
24.31359849583517
 30
0.0
  0
VERTEX
  5
C0F
330
C0D
100
AcDbEntity
  8
0
  6
Continuous
 62
    18
420
        0
370
    25
100
AcDbVertex
100
AcDb2dVertex
 10
32.47393178689269
 20
24.31359849583517
 30
0.0
  0
VERTEX
  5
C10
330
C0D
100
AcDbEntity
  8
0
  6
Continuous
 62
    18
420
        0
370
    25
100
AcDbVertex
100
AcDb2dVertex
 10
32.47393178689269
 20
24.91553059093174
 30
0.0
  0
VERTEX
  5
C11
330
C0D
100
AcDbEntity
  8
0
  6
Continuous
 62
    18
420
        0
370
    25
100
AcDbVertex
100
AcDb2dVertex
 10
31.8758701237737
 20
24.91553059093174
 30
0.0
  0
SEQEND
  5
C12
330
C0D
100
AcDbEntity
  8
0
  6
Continuous
 62
    18
420
        0
370
    25
  0
POLYLINE
  5
C13
330
1F
100
AcDbEntity
  8
0
  6
Continuous
 62
    18
420
        0
370
    25
100
AcDb2dPolyline
 66
     1
 10
0.0
 20
0.0
 30
0.0
 70
     1
  0
VERTEX
  5
C14
330
C13
100
AcDbEntity
  8
0
  6
Continuous
 62
    18
420
        0
370
    25
100
AcDbVertex
100
AcDb2dVertex
 10
31.85250673512542
 20
22.55261365594574
 30
0.0
  0
VERTEX
  5
C15
330
C13
100
AcDbEntity
  8
0
  6
Continuous
 62
    18
420
        0
370
    25
100
AcDbVertex
100
AcDb2dVertex
 10
32.26942230374841
 20
22.55261365594574
 30
0.0
  0
VERTEX
  5
C16
330
C13
100
AcDbEntity
  8
0
  6
Continuous
 62
    18
420
        0
370
    25
100
AcDbVertex
100
AcDb2dVertex
 10
32.26942230374841
 20
23.65308682124547
 30
0.0
  0
VERTEX
  5
C17
330
C13
100
AcDbEntity
  8
0
  6
Continuous
 62
    18
420
        0
370
    25
100
AcDbVertex
100
AcDb2dVertex
 10
31.85250673512542
 20
23.65308682124547
 30
0.0
  0
SEQEND
  5
C18
330
C13
100
AcDbEntity
  8
0
  6
Continuous
 62
    18
420
        0
370
    25
  0
POLYLINE
  5
C19
330
1F
100
AcDbEntity
  8
0
  6
Continuous
 62
    18
420
        0
370
    25
100
AcDb2dPolyline
 66
     1
 10
0.0
 20
0.0
 30
0.0
 70
     1
  0
VERTEX
  5
C1A
330
C19
100
AcDbEntity
  8
0
  6
Continuous
 62
    18
420
        0
370
    25
100
AcDbVertex
100
AcDb2dVertex
 10
37.07875280404019
 20
25.83779271247565
 30
0.0
  0
VERTEX
  5
C1B
330
C19
100
AcDbEntity
  8
0
  6
Continuous
 62
    18
420
        0
370
    25
100
AcDbVertex
100
AcDb2dVertex
 10
36.48069114092119
 20
25.83779271247565
 30
0.0
  0
VERTEX
  5
C1C
330
C19
100
AcDbEntity
  8
0
  6
Continuous
 62
    18
420
        0
370
    25
100
AcDbVertex
100
AcDb2dVertex
 10
36.48069114092119
 20
26.43972480757223
 30
0.0
  0
VERTEX
  5
C1D
330
C19
100
AcDbEntity
  8
0
  6
Continuous
 62
    18
420
        0
370
    25
100
AcDbVertex
100
AcDb2dVertex
 10
37.07875280404019
 20
26.43972480757223
 30
0.0
  0
SEQEND
  5
C1E
330
C19
100
AcDbEntity
  8
0
  6
Continuous
 62
    18
420
        0
370
    25
  0
POLYLINE
  5
C1F
330
1F
100
AcDbEntity
  8
0
  6
Continuous
 62
    18
420
        0
370
    25
100
AcDb2dPolyline
 66
     1
 10
0.0
 20
0.0
 30
0.0
 70
     1
  0
VERTEX
  5
C20
330
C1F
100
AcDbEntity
  8
0
  6
Continuous
 62
    18
420
        0
370
    25
100
AcDbVertex
100
AcDb2dVertex
 10
37.08068802002897
 20
25.07420002208269
 30
0.0
  0
VERTEX
  5
C21
330
C1F
100
AcDbEntity
  8
0
  6
Continuous
 62
    18
420
        0
370
    25
100
AcDbVertex
100
AcDb2dVertex
 10
36.48262635690999
 20
25.07420002208269
 30
0.0
  0
VERTEX
  5
C22
330
C1F
100
AcDbEntity
  8
0
  6
Continuous
 62
    18
420
        0
370
    25
100
AcDbVertex
100
AcDb2dVertex
 10
36.48262635690999
 20
25.67613211717926
 30
0.0
  0
VERTEX
  5
C23
330
C1F
100
AcDbEntity
  8
0
  6
Continuous
 62
    18
420
        0
370
    25
100
AcDbVertex
100
AcDb2dVertex
 10
37.08068802002897
 20
25.67613211717926
 30
0.0
  0
SEQEND
  5
C24
330
C1F
100
AcDbEntity
  8
0
  6
Continuous
 62
    18
420
        0
370
    25
  0
POLYLINE
  5
C25
330
1F
100
AcDbEntity
  8
0
  6
Continuous
 62
    18
420
        0
370
    25
100
AcDb2dPolyline
 66
     1
 10
0.0
 20
0.0
 30
0.0
 70
     1
  0
VERTEX
  5
C26
330
C25
100
AcDbEntity
  8
0
  6
Continuous
 62
    18
420
        0
370
    25
100
AcDbVertex
100
AcDb2dVertex
 10
37.07386291677421
 20
24.32172571232267
 30
0.0
  0
VERTEX
  5
C27
330
C25
100
AcDbEntity
  8
0
  6
Continuous
 62
    18
420
        0
370
    25
100
AcDbVertex
100
AcDb2dVertex
 10
36.47580125365522
 20
24.32172571232267
 30
0.0
  0
VERTEX
  5
C28
330
C25
100
AcDbEntity
  8
0
  6
Continuous
 62
    18
420
        0
370
    25
100
AcDbVertex
100
AcDb2dVertex
 10
36.47580125365522
 20
24.92365780741924
 30
0.0
  0
VERTEX
  5
C29
330
C25
100
AcDbEntity
  8
0
  6
Continuous
 62
    18
420
        0
370
    25
100
AcDbVertex
100
AcDb2dVertex
 10
37.07386291677421
 20
24.92365780741924
 30
0.0
  0
SEQEND
  5
C2A
330
C25
100
AcDbEntity
  8
0
  6
Continuous
 62
    18
420
        0
370
    25
  0
POLYLINE
  5
C2B
330
1F
100
AcDbEntity
  8
0
  6
Continuous
 62
    18
420
        0
370
    25
100
AcDb2dPolyline
 66
     1
 10
0.0
 20
0.0
 30
0.0
 70
     1
  0
VERTEX
  5
C2C
330
C2B
100
AcDbEntity
  8
0
  6
Continuous
 62
    18
420
        0
370
    25
100
AcDbVertex
100
AcDb2dVertex
 10
37.09722630542247
 20
22.56074087243324
 30
0.0
  0
VERTEX
  5
C2D
330
C2B
100
AcDbEntity
  8
0
  6
Continuous
 62
    18
420
        0
370
    25
100
AcDbVertex
100
AcDb2dVertex
 10
36.68031073679948
 20
22.56074087243324
 30
0.0
  0
VERTEX
  5
C2E
330
C2B
100
AcDbEntity
  8
0
  6
Continuous
 62
    18
420
        0
370
    25
100
AcDbVertex
100
AcDb2dVertex
 10
36.68031073679948
 20
23.66121403773296
 30
0.0
  0
VERTEX
  5
C2F
330
C2B
100
AcDbEntity
  8
0
  6
Continuous
 62
    18
420
        0
370
    25
100
AcDbVertex
100
AcDb2dVertex
 10
37.09722630542247
 20
23.66121403773296
 30
0.0
  0
SEQEND
  5
C30
330
C2B
100
AcDbEntity
  8
0
  6
Continuous
 62
    18
420
        0
370
    25
  0
POLYLINE
  5
C31
330
1F
100
AcDbEntity
  8
0
  6
Continuous
 62
    18
420
        0
370
    25
100
AcDb2dPolyline
 66
     1
 10
0.0
 20
0.0
 30
0.0
 70
     1
  0
VERTEX
  5
C32
330
C31
100
AcDbEntity
  8
0
  6
Continuous
 62
    18
420
        0
370
    25
100
AcDbVertex
100
AcDb2dVertex
 10
52.64927630907746
 20
26.66425928944684
 30
0.0
  0
VERTEX
  5
C33
330
C31
100
AcDbEntity
  8
0
  6
Continuous
 62
    18
420
        0
370
    25
100
AcDbVertex
100
AcDb2dVertex
 10
53.48310744632344
 20
26.66425928944684
 30
0.0
  0
VERTEX
  5
C34
330
C31
100
AcDbEntity
  8
0
  6
Continuous
 62
    18
420
        0
370
    25
100
AcDbVertex
100
AcDb2dVertex
 10
53.48310744632344
 20
28.51765646180878
 30
0.0
  0
VERTEX
  5
C35
330
C31
100
AcDbEntity
  8
0
  6
Continuous
 62
    18
420
        0
370
    25
100
AcDbVertex
100
AcDb2dVertex
 10
52.64927630907746
 20
28.51765646180878
 30
0.0
  0
SEQEND
  5
C36
330
C31
100
AcDbEntity
  8
0
  6
Continuous
 62
    18
420
        0
370
    25
  0
POLYLINE
  5
C37
330
1F
100
AcDbEntity
  8
0
  6
Continuous
 62
    18
420
        0
370
    25
100
AcDb2dPolyline
 66
     1
 10
0.0
 20
0.0
 30
0.0
 70
     1
  0
VERTEX
  5
C38
330
C37
100
AcDbEntity
  8
0
  6
Continuous
 62
    18
420
        0
370
    25
100
AcDbVertex
100
AcDb2dVertex
 10
51.98724997861317
 20
27.28426705606058
 30
0.0
  0
VERTEX
  5
C39
330
C37
100
AcDbEntity
  8
0
  6
Continuous
 62
    18
420
        0
370
    25
100
AcDbVertex
100
AcDb2dVertex
 10
52.58724997861315
 20
27.28426705606058
 30
0.0
  0
VERTEX
  5
C3A
330
C37
100
AcDbEntity
  8
0
  6
Continuous
 62
    18
420
        0
370
    25
100
AcDbVertex
100
AcDb2dVertex
 10
52.58724997861315
 20
27.88426705606058
 30
0.0
  0
VERTEX
  5
C3B
330
C37
100
AcDbEntity
  8
0
  6
Continuous
 62
    18
420
        0
370
    25
100
AcDbVertex
100
AcDb2dVertex
 10
51.98724997861317
 20
27.88426705606058
 30
0.0
  0
SEQEND
  5
C3C
330
C37
100
AcDbEntity
  8
0
  6
Continuous
 62
    18
420
        0
370
    25
  0
POLYLINE
  5
C3D
330
1F
100
AcDbEntity
  8
0
  6
Continuous
 62
    18
420
        0
370
    25
100
AcDb2dPolyline
 66
     1
 10
0.0
 20
0.0
 30
0.0
 70
     1
  0
VERTEX
  5
C3E
330
C3D
100
AcDbEntity
  8
0
  6
Continuous
 62
    18
420
        0
370
    25
100
AcDbVertex
100
AcDb2dVertex
 10
50.97646227518326
 20
25.82966549598816
 30
0.0
  0
VERTEX
  5
C3F
330
C3D
100
AcDbEntity
  8
0
  6
Continuous
 62
    18
420
        0
370
    25
100
AcDbVertex
100
AcDb2dVertex
 10
51.57452393830223
 20
25.82966549598816
 30
0.0
  0
VERTEX
  5
C40
330
C3D
100
AcDbEntity
  8
0
  6
Continuous
 62
    18
420
        0
370
    25
100
AcDbVertex
100
AcDb2dVertex
 10
51.57452393830223
 20
26.43159759108473
 30
0.0
  0
VERTEX
  5
C41
330
C3D
100
AcDbEntity
  8
0
  6
Continuous
 62
    18
420
        0
370
    25
100
AcDbVertex
100
AcDb2dVertex
 10
50.97646227518326
 20
26.43159759108473
 30
0.0
  0
SEQEND
  5
C42
330
C3D
100
AcDbEntity
  8
0
  6
Continuous
 62
    18
420
        0
370
    25
  0
POLYLINE
  5
C43
330
1F
100
AcDbEntity
  8
0
  6
Continuous
 62
    18
420
        0
370
    25
100
AcDb2dPolyline
 66
     1
 10
0.0
 20
0.0
 30
0.0
 70
     1
  0
VERTEX
  5
C44
330
C43
100
AcDbEntity
  8
0
  6
Continuous
 62
    18
420
        0
370
    25
100
AcDbVertex
100
AcDb2dVertex
 10
50.97452705919446
 20
25.06607280559518
 30
0.0
  0
VERTEX
  5
C45
330
C43
100
AcDbEntity
  8
0
  6
Continuous
 62
    18
420
        0
370
    25
100
AcDbVertex
100
AcDb2dVertex
 10
51.57258872231345
 20
25.06607280559518
 30
0.0
  0
VERTEX
  5
C46
330
C43
100
AcDbEntity
  8
0
  6
Continuous
 62
    18
420
        0
370
    25
100
AcDbVertex
100
AcDb2dVertex
 10
51.57258872231345
 20
25.66800490069176
 30
0.0
  0
VERTEX
  5
C47
330
C43
100
AcDbEntity
  8
0
  6
Continuous
 62
    18
420
        0
370
    25
100
AcDbVertex
100
AcDb2dVertex
 10
50.97452705919446
 20
25.66800490069176
 30
0.0
  0
SEQEND
  5
C48
330
C43
100
AcDbEntity
  8
0
  6
Continuous
 62
    18
420
        0
370
    25
  0
POLYLINE
  5
C49
330
1F
100
AcDbEntity
  8
0
  6
Continuous
 62
    18
420
        0
370
    25
100
AcDb2dPolyline
 66
     1
 10
0.0
 20
0.0
 30
0.0
 70
     1
  0
VERTEX
  5
C4A
330
C49
100
AcDbEntity
  8
0
  6
Continuous
 62
    18
420
        0
370
    25
100
AcDbVertex
100
AcDb2dVertex
 10
50.98135216244923
 20
24.31359849583517
 30
0.0
  0
VERTEX
  5
C4B
330
C49
100
AcDbEntity
  8
0
  6
Continuous
 62
    18
420
        0
370
    25
100
AcDbVertex
100
AcDb2dVertex
 10
51.57941382556823
 20
24.31359849583517
 30
0.0
  0
VERTEX
  5
C4C
330
C49
100
AcDbEntity
  8
0
  6
Continuous
 62
    18
420
        0
370
    25
100
AcDbVertex
100
AcDb2dVertex
 10
51.57941382556823
 20
24.91553059093174
 30
0.0
  0
VERTEX
  5
C4D
330
C49
100
AcDbEntity
  8
0
  6
Continuous
 62
    18
420
        0
370
    25
100
AcDbVertex
100
AcDb2dVertex
 10
50.98135216244923
 20
24.91553059093174
 30
0.0
  0
SEQEND
  5
C4E
330
C49
100
AcDbEntity
  8
0
  6
Continuous
 62
    18
420
        0
370
    25
  0
POLYLINE
  5
C4F
330
1F
100
AcDbEntity
  8
0
  6
Continuous
 62
    18
420
        0
370
    25
100
AcDb2dPolyline
 66
     1
 10
0.0
 20
0.0
 30
0.0
 70
     1
  0
VERTEX
  5
C50
330
C4F
100
AcDbEntity
  8
0
  6
Continuous
 62
    18
420
        0
370
    25
100
AcDbVertex
100
AcDb2dVertex
 10
50.95798877380097
 20
22.55261365594574
 30
0.0
  0
VERTEX
  5
C51
330
C4F
100
AcDbEntity
  8
0
  6
Continuous
 62
    18
420
        0
370
    25
100
AcDbVertex
100
AcDb2dVertex
 10
51.37490434242396
 20
22.55261365594574
 30
0.0
  0
VERTEX
  5
C52
330
C4F
100
AcDbEntity
  8
0
  6
Continuous
 62
    18
420
        0
370
    25
100
AcDbVertex
100
AcDb2dVertex
 10
51.37490434242396
 20
23.65308682124547
 30
0.0
  0
VERTEX
  5
C53
330
C4F
100
AcDbEntity
  8
0
  6
Continuous
 62
    18
420
        0
370
    25
100
AcDbVertex
100
AcDb2dVertex
 10
50.95798877380097
 20
23.65308682124547
 30
0.0
  0
SEQEND
  5
C54
330
C4F
100
AcDbEntity
  8
0
  6
Continuous
 62
    18
420
        0
370
    25
  0
POLYLINE
  5
C55
330
1F
100
AcDbEntity
  8
0
  6
Continuous
 62
    18
420
        0
370
    25
100
AcDb2dPolyline
 66
     1
 10
0.0
 20
0.0
 30
0.0
 70
     1
  0
VERTEX
  5
C56
330
C55
100
AcDbEntity
  8
0
  6
Continuous
 62
    18
420
        0
370
    25
100
AcDbVertex
100
AcDb2dVertex
 10
56.20270834409802
 20
22.56074087243324
 30
0.0
  0
VERTEX
  5
C57
330
C55
100
AcDbEntity
  8
0
  6
Continuous
 62
    18
420
        0
370
    25
100
AcDbVertex
100
AcDb2dVertex
 10
55.78579277547503
 20
22.56074087243324
 30
0.0
  0
VERTEX
  5
C58
330
C55
100
AcDbEntity
  8
0
  6
Continuous
 62
    18
420
        0
370
    25
100
AcDbVertex
100
AcDb2dVertex
 10
55.78579277547503
 20
23.66121403773296
 30
0.0
  0
VERTEX
  5
C59
330
C55
100
AcDbEntity
  8
0
  6
Continuous
 62
    18
420
        0
370
    25
100
AcDbVertex
100
AcDb2dVertex
 10
56.20270834409802
 20
23.66121403773296
 30
0.0
  0
SEQEND
  5
C5A
330
C55
100
AcDbEntity
  8
0
  6
Continuous
 62
    18
420
        0
370
    25
  0
POLYLINE
  5
C5B
330
1F
100
AcDbEntity
  8
0
  6
Continuous
 62
    18
420
        0
370
    25
100
AcDb2dPolyline
 66
     1
 10
0.0
 20
0.0
 30
0.0
 70
     1
  0
VERTEX
  5
C5C
330
C5B
100
AcDbEntity
  8
0
  6
Continuous
 62
    18
420
        0
370
    25
100
AcDbVertex
100
AcDb2dVertex
 10
54.52870457073575
 20
26.65883501024231
 30
0.0
  0
VERTEX
  5
C5D
330
C5B
100
AcDbEntity
  8
0
  6
Continuous
 62
    18
420
        0
370
    25
100
AcDbVertex
100
AcDb2dVertex
 10
53.69487343348977
 20
26.65883501024231
 30
0.0
  0
VERTEX
  5
C5E
330
C5B
100
AcDbEntity
  8
0
  6
Continuous
 62
    18
420
        0
370
    25
100
AcDbVertex
100
AcDb2dVertex
 10
53.69487343348977
 20
28.51223218260426
 30
0.0
  0
VERTEX
  5
C5F
330
C5B
100
AcDbEntity
  8
0
  6
Continuous
 62
    18
420
        0
370
    25
100
AcDbVertex
100
AcDb2dVertex
 10
54.52870457073575
 20
28.51223218260426
 30
0.0
  0
SEQEND
  5
C60
330
C5B
100
AcDbEntity
  8
0
  6
Continuous
 62
    18
420
        0
370
    25
  0
POLYLINE
  5
C61
330
1F
100
AcDbEntity
  8
0
  6
Continuous
 62
    18
420
        0
370
    25
100
AcDb2dPolyline
 66
     1
 10
0.0
 20
0.0
 30
0.0
 70
     1
  0
VERTEX
  5
C62
330
C61
100
AcDbEntity
  8
0
  6
Continuous
 62
    18
420
        0
370
    25
100
AcDbVertex
100
AcDb2dVertex
 10
55.19073090120006
 20
27.27884277685605
 30
0.0
  0
VERTEX
  5
C63
330
C61
100
AcDbEntity
  8
0
  6
Continuous
 62
    18
420
        0
370
    25
100
AcDbVertex
100
AcDb2dVertex
 10
54.59073090120006
 20
27.27884277685605
 30
0.0
  0
VERTEX
  5
C64
330
C61
100
AcDbEntity
  8
0
  6
Continuous
 62
    18
420
        0
370
    25
100
AcDbVertex
100
AcDb2dVertex
 10
54.59073090120006
 20
27.87884277685605
 30
0.0
  0
VERTEX
  5
C65
330
C61
100
AcDbEntity
  8
0
  6
Continuous
 62
    18
420
        0
370
    25
100
AcDbVertex
100
AcDb2dVertex
 10
55.19073090120006
 20
27.87884277685605
 30
0.0
  0
SEQEND
  5
C66
330
C61
100
AcDbEntity
  8
0
  6
Continuous
 62
    18
420
        0
370
    25
  0
POLYLINE
  5
C67
330
1F
100
AcDbEntity
  8
0
  6
Continuous
 62
    18
420
        0
370
    25
100
AcDb2dPolyline
 66
     1
 10
0.0
 20
0.0
 30
0.0
 70
     1
  0
VERTEX
  5
C68
330
C67
100
AcDbEntity
  8
0
  6
Continuous
 62
    18
420
        0
370
    25
100
AcDbVertex
100
AcDb2dVertex
 10
56.20786553696926
 20
24.32691127259894
 30
0.0
  0
VERTEX
  5
C69
330
C67
100
AcDbEntity
  8
0
  6
Continuous
 62
    18
420
        0
370
    25
100
AcDbVertex
100
AcDb2dVertex
 10
55.60980387385028
 20
24.32691127259894
 30
0.0
  0
VERTEX
  5
C6A
330
C67
100
AcDbEntity
  8
0
  6
Continuous
 62
    18
420
        0
370
    25
100
AcDbVertex
100
AcDb2dVertex
 10
55.60980387385028
 20
24.9288433676955
 30
0.0
  0
VERTEX
  5
C6B
330
C67
100
AcDbEntity
  8
0
  6
Continuous
 62
    18
420
        0
370
    25
100
AcDbVertex
100
AcDb2dVertex
 10
56.20786553696926
 20
24.9288433676955
 30
0.0
  0
SEQEND
  5
C6C
330
C67
100
AcDbEntity
  8
0
  6
Continuous
 62
    18
420
        0
370
    25
  0
POLYLINE
  5
C6D
330
1F
100
AcDbEntity
  8
0
  6
Continuous
 62
    18
420
        0
370
    25
100
AcDb2dPolyline
 66
     1
 10
0.0
 20
0.0
 30
0.0
 70
     1
  0
VERTEX
  5
C6E
330
C6D
100
AcDbEntity
  8
0
  6
Continuous
 62
    18
420
        0
370
    25
100
AcDbVertex
100
AcDb2dVertex
 10
56.21469064022402
 20
25.07938558235896
 30
0.0
  0
VERTEX
  5
C6F
330
C6D
100
AcDbEntity
  8
0
  6
Continuous
 62
    18
420
        0
370
    25
100
AcDbVertex
100
AcDb2dVertex
 10
55.61662897710506
 20
25.07938558235896
 30
0.0
  0
VERTEX
  5
C70
330
C6D
100
AcDbEntity
  8
0
  6
Continuous
 62
    18
420
        0
370
    25
100
AcDbVertex
100
AcDb2dVertex
 10
55.61662897710506
 20
25.68131767745553
 30
0.0
  0
VERTEX
  5
C71
330
C6D
100
AcDbEntity
  8
0
  6
Continuous
 62
    18
420
        0
370
    25
100
AcDbVertex
100
AcDb2dVertex
 10
56.21469064022402
 20
25.68131767745553
 30
0.0
  0
SEQEND
  5
C72
330
C6D
100
AcDbEntity
  8
0
  6
Continuous
 62
    18
420
        0
370
    25
  0
POLYLINE
  5
C73
330
1F
100
AcDbEntity
  8
0
  6
Continuous
 62
    18
420
        0
370
    25
100
AcDb2dPolyline
 66
     1
 10
0.0
 20
0.0
 30
0.0
 70
     1
  0
VERTEX
  5
C74
330
C73
100
AcDbEntity
  8
0
  6
Continuous
 62
    18
420
        0
370
    25
100
AcDbVertex
100
AcDb2dVertex
 10
56.21275542423525
 20
25.84297827275193
 30
0.0
  0
VERTEX
  5
C75
330
C73
100
AcDbEntity
  8
0
  6
Continuous
 62
    18
420
        0
370
    25
100
AcDbVertex
100
AcDb2dVertex
 10
55.61469376111626
 20
25.84297827275193
 30
0.0
  0
VERTEX
  5
C76
330
C73
100
AcDbEntity
  8
0
  6
Continuous
 62
    18
420
        0
370
    25
100
AcDbVertex
100
AcDb2dVertex
 10
55.61469376111626
 20
26.4449103678485
 30
0.0
  0
VERTEX
  5
C77
330
C73
100
AcDbEntity
  8
0
  6
Continuous
 62
    18
420
        0
370
    25
100
AcDbVertex
100
AcDb2dVertex
 10
56.21275542423525
 20
26.4449103678485
 30
0.0
  0
SEQEND
  5
C78
330
C73
100
AcDbEntity
  8
0
  6
Continuous
 62
    18
420
        0
370
    25
  0
POLYLINE
  5
C79
330
1F
100
AcDbEntity
  8
0
  6
Continuous
 62
    18
420
        0
370
    25
100
AcDb2dPolyline
 66
     1
 10
0.0
 20
0.0
 30
0.0
 70
     1
  0
VERTEX
  5
C7A
330
C79
100
AcDbEntity
  8
0
  6
Continuous
 62
    18
420
        0
370
    25
100
AcDbVertex
100
AcDb2dVertex
 10
48.11439249371239
 20
26.61627192931348
 30
0.0
  0
VERTEX
  5
C7B
330
C79
100
AcDbEntity
  8
0
  6
Continuous
 62
    18
420
        0
370
    25
100
AcDbVertex
100
AcDb2dVertex
 10
48.9482236309584
 20
26.61627192931348
 30
0.0
  0
VERTEX
  5
C7C
330
C79
100
AcDbEntity
  8
0
  6
Continuous
 62
    18
420
        0
370
    25
100
AcDbVertex
100
AcDb2dVertex
 10
48.9482236309584
 20
28.46966910167543
 30
0.0
  0
VERTEX
  5
C7D
330
C79
100
AcDbEntity
  8
0
  6
Continuous
 62
    18
420
        0
370
    25
100
AcDbVertex
100
AcDb2dVertex
 10
48.11439249371239
 20
28.46966910167543
 30
0.0
  0
SEQEND
  5
C7E
330
C79
100
AcDbEntity
  8
0
  6
Continuous
 62
    18
420
        0
370
    25
  0
POLYLINE
  5
C7F
330
1F
100
AcDbEntity
  8
0
  6
Continuous
 62
    18
420
        0
370
    25
100
AcDb2dPolyline
 66
     1
 10
0.0
 20
0.0
 30
0.0
 70
     1
  0
VERTEX
  5
C80
330
C7F
100
AcDbEntity
  8
0
  6
Continuous
 62
    18
420
        0
370
    25
100
AcDbVertex
100
AcDb2dVertex
 10
49.01024996142269
 20
27.24966133506169
 30
0.0
  0
VERTEX
  5
C81
330
C7F
100
AcDbEntity
  8
0
  6
Continuous
 62
    18
420
        0
370
    25
100
AcDbVertex
100
AcDb2dVertex
 10
49.6102499614227
 20
27.24966133506169
 30
0.0
  0
VERTEX
  5
C82
330
C7F
100
AcDbEntity
  8
0
  6
Continuous
 62
    18
420
        0
370
    25
100
AcDbVertex
100
AcDb2dVertex
 10
49.6102499614227
 20
27.84966133506169
 30
0.0
  0
VERTEX
  5
C83
330
C7F
100
AcDbEntity
  8
0
  6
Continuous
 62
    18
420
        0
370
    25
100
AcDbVertex
100
AcDb2dVertex
 10
49.01024996142269
 20
27.84966133506169
 30
0.0
  0
SEQEND
  5
C84
330
C7F
100
AcDbEntity
  8
0
  6
Continuous
 62
    18
420
        0
370
    25
  0
POLYLINE
  5
C85
330
1F
100
AcDbEntity
  8
0
  6
Continuous
 62
    18
420
        0
370
    25
100
AcDb2dPolyline
 66
     1
 10
0.0
 20
0.0
 30
0.0
 70
     1
  0
VERTEX
  5
C86
330
C85
100
AcDbEntity
  8
0
  6
Continuous
 62
    18
420
        0
370
    25
100
AcDbVertex
100
AcDb2dVertex
 10
48.11439249371239
 20
24.74652042628512
 30
0.0
  0
VERTEX
  5
C87
330
C85
100
AcDbEntity
  8
0
  6
Continuous
 62
    18
420
        0
370
    25
100
AcDbVertex
100
AcDb2dVertex
 10
48.9482236309584
 20
24.74652042628512
 30
0.0
  0
VERTEX
  5
C88
330
C85
100
AcDbEntity
  8
0
  6
Continuous
 62
    18
420
        0
370
    25
100
AcDbVertex
100
AcDb2dVertex
 10
48.9482236309584
 20
26.59991759864705
 30
0.0
  0
VERTEX
  5
C89
330
C85
100
AcDbEntity
  8
0
  6
Continuous
 62
    18
420
        0
370
    25
100
AcDbVertex
100
AcDb2dVertex
 10
48.11439249371239
 20
26.59991759864705
 30
0.0
  0
SEQEND
  5
C8A
330
C85
100
AcDbEntity
  8
0
  6
Continuous
 62
    18
420
        0
370
    25
  0
POLYLINE
  5
C8B
330
1F
100
AcDbEntity
  8
0
  6
Continuous
 62
    18
420
        0
370
    25
100
AcDb2dPolyline
 66
     1
 10
0.0
 20
0.0
 30
0.0
 70
     1
  0
VERTEX
  5
C8C
330
C8B
100
AcDbEntity
  8
0
  6
Continuous
 62
    18
420
        0
370
    25
100
AcDbVertex
100
AcDb2dVertex
 10
49.01024996142269
 20
25.37990983203333
 30
0.0
  0
VERTEX
  5
C8D
330
C8B
100
AcDbEntity
  8
0
  6
Continuous
 62
    18
420
        0
370
    25
100
AcDbVertex
100
AcDb2dVertex
 10
49.6102499614227
 20
25.37990983203333
 30
0.0
  0
VERTEX
  5
C8E
330
C8B
100
AcDbEntity
  8
0
  6
Continuous
 62
    18
420
        0
370
    25
100
AcDbVertex
100
AcDb2dVertex
 10
49.6102499614227
 20
25.97990983203332
 30
0.0
  0
VERTEX
  5
C8F
330
C8B
100
AcDbEntity
  8
0
  6
Continuous
 62
    18
420
        0
370
    25
100
AcDbVertex
100
AcDb2dVertex
 10
49.01024996142269
 20
25.97990983203332
 30
0.0
  0
SEQEND
  5
C90
330
C8B
100
AcDbEntity
  8
0
  6
Continuous
 62
    18
420
        0
370
    25
  0
POLYLINE
  5
C91
330
1F
100
AcDbEntity
  8
0
  6
Continuous
 62
    18
420
        0
370
    25
100
AcDb2dPolyline
 66
     1
 10
0.0
 20
0.0
 30
0.0
 70
     1
  0
VERTEX
  5
C92
330
C91
100
AcDbEntity
  8
0
  6
Continuous
 62
    18
420
        0
370
    25
100
AcDbVertex
100
AcDb2dVertex
 10
48.11439249371239
 20
22.87011214871453
 30
0.0
  0
VERTEX
  5
C93
330
C91
100
AcDbEntity
  8
0
  6
Continuous
 62
    18
420
        0
370
    25
100
AcDbVertex
100
AcDb2dVertex
 10
48.9482236309584
 20
22.87011214871453
 30
0.0
  0
VERTEX
  5
C94
330
C91
100
AcDbEntity
  8
0
  6
Continuous
 62
    18
420
        0
370
    25
100
AcDbVertex
100
AcDb2dVertex
 10
48.9482236309584
 20
24.72350932107647
 30
0.0
  0
VERTEX
  5
C95
330
C91
100
AcDbEntity
  8
0
  6
Continuous
 62
    18
420
        0
370
    25
100
AcDbVertex
100
AcDb2dVertex
 10
48.11439249371239
 20
24.72350932107647
 30
0.0
  0
SEQEND
  5
C96
330
C91
100
AcDbEntity
  8
0
  6
Continuous
 62
    18
420
        0
370
    25
  0
POLYLINE
  5
C97
330
1F
100
AcDbEntity
  8
0
  6
Continuous
 62
    18
420
        0
370
    25
100
AcDb2dPolyline
 66
     1
 10
0.0
 20
0.0
 30
0.0
 70
     1
  0
VERTEX
  5
C98
330
C97
100
AcDbEntity
  8
0
  6
Continuous
 62
    18
420
        0
370
    25
100
AcDbVertex
100
AcDb2dVertex
 10
49.01024996142269
 20
23.50350155446273
 30
0.0
  0
VERTEX
  5
C99
330
C97
100
AcDbEntity
  8
0
  6
Continuous
 62
    18
420
        0
370
    25
100
AcDbVertex
100
AcDb2dVertex
 10
49.6102499614227
 20
23.50350155446273
 30
0.0
  0
VERTEX
  5
C9A
330
C97
100
AcDbEntity
  8
0
  6
Continuous
 62
    18
420
        0
370
    25
100
AcDbVertex
100
AcDb2dVertex
 10
49.6102499614227
 20
24.10350155446273
 30
0.0
  0
VERTEX
  5
C9B
330
C97
100
AcDbEntity
  8
0
  6
Continuous
 62
    18
420
        0
370
    25
100
AcDbVertex
100
AcDb2dVertex
 10
49.01024996142269
 20
24.10350155446273
 30
0.0
  0
SEQEND
  5
C9C
330
C97
100
AcDbEntity
  8
0
  6
Continuous
 62
    18
420
        0
370
    25
  0
POLYLINE
  5
C9D
330
1F
100
AcDbEntity
  8
0
  6
Continuous
 62
    18
420
        0
370
    25
100
AcDb2dPolyline
 66
     1
 10
0.0
 20
0.0
 30
0.0
 70
     1
  0
VERTEX
  5
C9E
330
C9D
100
AcDbEntity
  8
0
  6
Continuous
 62
    18
420
        0
370
    25
100
AcDbVertex
100
AcDb2dVertex
 10
48.09097091704488
 20
26.61627192931348
 30
0.0
  0
VERTEX
  5
C9F
330
C9D
100
AcDbEntity
  8
0
  6
Continuous
 62
    18
420
        0
370
    25
100
AcDbVertex
100
AcDb2dVertex
 10
47.2571397797989
 20
26.61627192931348
 30
0.0
  0
VERTEX
  5
CA0
330
C9D
100
AcDbEntity
  8
0
  6
Continuous
 62
    18
420
        0
370
    25
100
AcDbVertex
100
AcDb2dVertex
 10
47.2571397797989
 20
28.46966910167543
 30
0.0
  0
VERTEX
  5
CA1
330
C9D
100
AcDbEntity
  8
0
  6
Continuous
 62
    18
420
        0
370
    25
100
AcDbVertex
100
AcDb2dVertex
 10
48.09097091704488
 20
28.46966910167543
 30
0.0
  0
SEQEND
  5
CA2
330
C9D
100
AcDbEntity
  8
0
  6
Continuous
 62
    18
420
        0
370
    25
  0
POLYLINE
  5
CA3
330
1F
100
AcDbEntity
  8
0
  6
Continuous
 62
    18
420
        0
370
    25
100
AcDb2dPolyline
 66
     1
 10
0.0
 20
0.0
 30
0.0
 70
     1
  0
VERTEX
  5
CA4
330
CA3
100
AcDbEntity
  8
0
  6
Continuous
 62
    18
420
        0
370
    25
100
AcDbVertex
100
AcDb2dVertex
 10
47.19511344933458
 20
27.24966133506169
 30
0.0
  0
VERTEX
  5
CA5
330
CA3
100
AcDbEntity
  8
0
  6
Continuous
 62
    18
420
        0
370
    25
100
AcDbVertex
100
AcDb2dVertex
 10
46.59511344933458
 20
27.24966133506169
 30
0.0
  0
VERTEX
  5
CA6
330
CA3
100
AcDbEntity
  8
0
  6
Continuous
 62
    18
420
        0
370
    25
100
AcDbVertex
100
AcDb2dVertex
 10
46.59511344933458
 20
27.84966133506169
 30
0.0
  0
VERTEX
  5
CA7
330
CA3
100
AcDbEntity
  8
0
  6
Continuous
 62
    18
420
        0
370
    25
100
AcDbVertex
100
AcDb2dVertex
 10
47.19511344933458
 20
27.84966133506169
 30
0.0
  0
SEQEND
  5
CA8
330
CA3
100
AcDbEntity
  8
0
  6
Continuous
 62
    18
420
        0
370
    25
  0
POLYLINE
  5
CA9
330
1F
100
AcDbEntity
  8
0
  6
Continuous
 62
    18
420
        0
370
    25
100
AcDb2dPolyline
 66
     1
 10
0.0
 20
0.0
 30
0.0
 70
     1
  0
VERTEX
  5
CAA
330
CA9
100
AcDbEntity
  8
0
  6
Continuous
 62
    18
420
        0
370
    25
100
AcDbVertex
100
AcDb2dVertex
 10
48.09097091704488
 20
24.74652042628512
 30
0.0
  0
VERTEX
  5
CAB
330
CA9
100
AcDbEntity
  8
0
  6
Continuous
 62
    18
420
        0
370
    25
100
AcDbVertex
100
AcDb2dVertex
 10
47.2571397797989
 20
24.74652042628512
 30
0.0
  0
VERTEX
  5
CAC
330
CA9
100
AcDbEntity
  8
0
  6
Continuous
 62
    18
420
        0
370
    25
100
AcDbVertex
100
AcDb2dVertex
 10
47.2571397797989
 20
26.59991759864705
 30
0.0
  0
VERTEX
  5
CAD
330
CA9
100
AcDbEntity
  8
0
  6
Continuous
 62
    18
420
        0
370
    25
100
AcDbVertex
100
AcDb2dVertex
 10
48.09097091704488
 20
26.59991759864705
 30
0.0
  0
SEQEND
  5
CAE
330
CA9
100
AcDbEntity
  8
0
  6
Continuous
 62
    18
420
        0
370
    25
  0
POLYLINE
  5
CAF
330
1F
100
AcDbEntity
  8
0
  6
Continuous
 62
    18
420
        0
370
    25
100
AcDb2dPolyline
 66
     1
 10
0.0
 20
0.0
 30
0.0
 70
     1
  0
VERTEX
  5
CB0
330
CAF
100
AcDbEntity
  8
0
  6
Continuous
 62
    18
420
        0
370
    25
100
AcDbVertex
100
AcDb2dVertex
 10
47.19511344933458
 20
25.37990983203333
 30
0.0
  0
VERTEX
  5
CB1
330
CAF
100
AcDbEntity
  8
0
  6
Continuous
 62
    18
420
        0
370
    25
100
AcDbVertex
100
AcDb2dVertex
 10
46.59511344933458
 20
25.37990983203333
 30
0.0
  0
VERTEX
  5
CB2
330
CAF
100
AcDbEntity
  8
0
  6
Continuous
 62
    18
420
        0
370
    25
100
AcDbVertex
100
AcDb2dVertex
 10
46.59511344933458
 20
25.97990983203332
 30
0.0
  0
VERTEX
  5
CB3
330
CAF
100
AcDbEntity
  8
0
  6
Continuous
 62
    18
420
        0
370
    25
100
AcDbVertex
100
AcDb2dVertex
 10
47.19511344933458
 20
25.97990983203332
 30
0.0
  0
SEQEND
  5
CB4
330
CAF
100
AcDbEntity
  8
0
  6
Continuous
 62
    18
420
        0
370
    25
  0
POLYLINE
  5
CB5
330
1F
100
AcDbEntity
  8
0
  6
Continuous
 62
    18
420
        0
370
    25
100
AcDb2dPolyline
 66
     1
 10
0.0
 20
0.0
 30
0.0
 70
     1
  0
VERTEX
  5
CB6
330
CB5
100
AcDbEntity
  8
0
  6
Continuous
 62
    18
420
        0
370
    25
100
AcDbVertex
100
AcDb2dVertex
 10
48.09097091704488
 20
22.87011214871453
 30
0.0
  0
VERTEX
  5
CB7
330
CB5
100
AcDbEntity
  8
0
  6
Continuous
 62
    18
420
        0
370
    25
100
AcDbVertex
100
AcDb2dVertex
 10
47.2571397797989
 20
22.87011214871453
 30
0.0
  0
VERTEX
  5
CB8
330
CB5
100
AcDbEntity
  8
0
  6
Continuous
 62
    18
420
        0
370
    25
100
AcDbVertex
100
AcDb2dVertex
 10
47.2571397797989
 20
24.72350932107647
 30
0.0
  0
VERTEX
  5
CB9
330
CB5
100
AcDbEntity
  8
0
  6
Continuous
 62
    18
420
        0
370
    25
100
AcDbVertex
100
AcDb2dVertex
 10
48.09097091704488
 20
24.72350932107647
 30
0.0
  0
SEQEND
  5
CBA
330
CB5
100
AcDbEntity
  8
0
  6
Continuous
 62
    18
420
        0
370
    25
  0
POLYLINE
  5
CBB
330
1F
100
AcDbEntity
  8
0
  6
Continuous
 62
    18
420
        0
370
    25
100
AcDb2dPolyline
 66
     1
 10
0.0
 20
0.0
 30
0.0
 70
     1
  0
VERTEX
  5
CBC
330
CBB
100
AcDbEntity
  8
0
  6
Continuous
 62
    18
420
        0
370
    25
100
AcDbVertex
100
AcDb2dVertex
 10
47.19511344933458
 20
23.50350155446273
 30
0.0
  0
VERTEX
  5
CBD
330
CBB
100
AcDbEntity
  8
0
  6
Continuous
 62
    18
420
        0
370
    25
100
AcDbVertex
100
AcDb2dVertex
 10
46.59511344933458
 20
23.50350155446273
 30
0.0
  0
VERTEX
  5
CBE
330
CBB
100
AcDbEntity
  8
0
  6
Continuous
 62
    18
420
        0
370
    25
100
AcDbVertex
100
AcDb2dVertex
 10
46.59511344933458
 20
24.10350155446273
 30
0.0
  0
VERTEX
  5
CBF
330
CBB
100
AcDbEntity
  8
0
  6
Continuous
 62
    18
420
        0
370
    25
100
AcDbVertex
100
AcDb2dVertex
 10
47.19511344933458
 20
24.10350155446273
 30
0.0
  0
SEQEND
  5
CC0
330
CBB
100
AcDbEntity
  8
0
  6
Continuous
 62
    18
420
        0
370
    25
  0
POLYLINE
  5
CC1
330
1F
100
AcDbEntity
  8
0
  6
Continuous
 62
    18
420
        0
370
    25
100
AcDb2dPolyline
 66
     1
 10
0.0
 20
0.0
 30
0.0
 70
     1
  0
VERTEX
  5
CC2
330
CC1
100
AcDbEntity
  8
0
  6
Continuous
 62
    18
420
        0
370
    25
100
AcDbVertex
100
AcDb2dVertex
 10
43.97683366470273
 20
26.61627192931348
 30
0.0
  0
VERTEX
  5
CC3
330
CC1
100
AcDbEntity
  8
0
  6
Continuous
 62
    18
420
        0
370
    25
100
AcDbVertex
100
AcDb2dVertex
 10
44.81066480194873
 20
26.61627192931348
 30
0.0
  0
VERTEX
  5
CC4
330
CC1
100
AcDbEntity
  8
0
  6
Continuous
 62
    18
420
        0
370
    25
100
AcDbVertex
100
AcDb2dVertex
 10
44.81066480194873
 20
28.46966910167543
 30
0.0
  0
VERTEX
  5
CC5
330
CC1
100
AcDbEntity
  8
0
  6
Continuous
 62
    18
420
        0
370
    25
100
AcDbVertex
100
AcDb2dVertex
 10
43.97683366470273
 20
28.46966910167543
 30
0.0
  0
SEQEND
  5
CC6
330
CC1
100
AcDbEntity
  8
0
  6
Continuous
 62
    18
420
        0
370
    25
  0
POLYLINE
  5
CC7
330
1F
100
AcDbEntity
  8
0
  6
Continuous
 62
    18
420
        0
370
    25
100
AcDb2dPolyline
 66
     1
 10
0.0
 20
0.0
 30
0.0
 70
     1
  0
VERTEX
  5
CC8
330
CC7
100
AcDbEntity
  8
0
  6
Continuous
 62
    18
420
        0
370
    25
100
AcDbVertex
100
AcDb2dVertex
 10
44.87269113241307
 20
27.24966133506169
 30
0.0
  0
VERTEX
  5
CC9
330
CC7
100
AcDbEntity
  8
0
  6
Continuous
 62
    18
420
        0
370
    25
100
AcDbVertex
100
AcDb2dVertex
 10
45.47269113241304
 20
27.24966133506169
 30
0.0
  0
VERTEX
  5
CCA
330
CC7
100
AcDbEntity
  8
0
  6
Continuous
 62
    18
420
        0
370
    25
100
AcDbVertex
100
AcDb2dVertex
 10
45.47269113241304
 20
27.84966133506169
 30
0.0
  0
VERTEX
  5
CCB
330
CC7
100
AcDbEntity
  8
0
  6
Continuous
 62
    18
420
        0
370
    25
100
AcDbVertex
100
AcDb2dVertex
 10
44.87269113241307
 20
27.84966133506169
 30
0.0
  0
SEQEND
  5
CCC
330
CC7
100
AcDbEntity
  8
0
  6
Continuous
 62
    18
420
        0
370
    25
  0
POLYLINE
  5
CCD
330
1F
100
AcDbEntity
  8
0
  6
Continuous
 62
    18
420
        0
370
    25
100
AcDb2dPolyline
 66
     1
 10
0.0
 20
0.0
 30
0.0
 70
     1
  0
VERTEX
  5
CCE
330
CCD
100
AcDbEntity
  8
0
  6
Continuous
 62
    18
420
        0
370
    25
100
AcDbVertex
100
AcDb2dVertex
 10
43.97683366470273
 20
24.74652042628512
 30
0.0
  0
VERTEX
  5
CCF
330
CCD
100
AcDbEntity
  8
0
  6
Continuous
 62
    18
420
        0
370
    25
100
AcDbVertex
100
AcDb2dVertex
 10
44.81066480194873
 20
24.74652042628512
 30
0.0
  0
VERTEX
  5
CD0
330
CCD
100
AcDbEntity
  8
0
  6
Continuous
 62
    18
420
        0
370
    25
100
AcDbVertex
100
AcDb2dVertex
 10
44.81066480194873
 20
26.59991759864705
 30
0.0
  0
VERTEX
  5
CD1
330
CCD
100
AcDbEntity
  8
0
  6
Continuous
 62
    18
420
        0
370
    25
100
AcDbVertex
100
AcDb2dVertex
 10
43.97683366470273
 20
26.59991759864705
 30
0.0
  0
SEQEND
  5
CD2
330
CCD
100
AcDbEntity
  8
0
  6
Continuous
 62
    18
420
        0
370
    25
  0
POLYLINE
  5
CD3
330
1F
100
AcDbEntity
  8
0
  6
Continuous
 62
    18
420
        0
370
    25
100
AcDb2dPolyline
 66
     1
 10
0.0
 20
0.0
 30
0.0
 70
     1
  0
VERTEX
  5
CD4
330
CD3
100
AcDbEntity
  8
0
  6
Continuous
 62
    18
420
        0
370
    25
100
AcDbVertex
100
AcDb2dVertex
 10
44.87269113241307
 20
25.37990983203333
 30
0.0
  0
VERTEX
  5
CD5
330
CD3
100
AcDbEntity
  8
0
  6
Continuous
 62
    18
420
        0
370
    25
100
AcDbVertex
100
AcDb2dVertex
 10
45.47269113241304
 20
25.37990983203333
 30
0.0
  0
VERTEX
  5
CD6
330
CD3
100
AcDbEntity
  8
0
  6
Continuous
 62
    18
420
        0
370
    25
100
AcDbVertex
100
AcDb2dVertex
 10
45.47269113241304
 20
25.97990983203332
 30
0.0
  0
VERTEX
  5
CD7
330
CD3
100
AcDbEntity
  8
0
  6
Continuous
 62
    18
420
        0
370
    25
100
AcDbVertex
100
AcDb2dVertex
 10
44.87269113241307
 20
25.97990983203332
 30
0.0
  0
SEQEND
  5
CD8
330
CD3
100
AcDbEntity
  8
0
  6
Continuous
 62
    18
420
        0
370
    25
  0
POLYLINE
  5
CD9
330
1F
100
AcDbEntity
  8
0
  6
Continuous
 62
    18
420
        0
370
    25
100
AcDb2dPolyline
 66
     1
 10
0.0
 20
0.0
 30
0.0
 70
     1
  0
VERTEX
  5
CDA
330
CD9
100
AcDbEntity
  8
0
  6
Continuous
 62
    18
420
        0
370
    25
100
AcDbVertex
100
AcDb2dVertex
 10
43.97683366470273
 20
22.87011214871453
 30
0.0
  0
VERTEX
  5
CDB
330
CD9
100
AcDbEntity
  8
0
  6
Continuous
 62
    18
420
        0
370
    25
100
AcDbVertex
100
AcDb2dVertex
 10
44.81066480194873
 20
22.87011214871453
 30
0.0
  0
VERTEX
  5
CDC
330
CD9
100
AcDbEntity
  8
0
  6
Continuous
 62
    18
420
        0
370
    25
100
AcDbVertex
100
AcDb2dVertex
 10
44.81066480194873
 20
24.72350932107647
 30
0.0
  0
VERTEX
  5
CDD
330
CD9
100
AcDbEntity
  8
0
  6
Continuous
 62
    18
420
        0
370
    25
100
AcDbVertex
100
AcDb2dVertex
 10
43.97683366470273
 20
24.72350932107647
 30
0.0
  0
SEQEND
  5
CDE
330
CD9
100
AcDbEntity
  8
0
  6
Continuous
 62
    18
420
        0
370
    25
  0
POLYLINE
  5
CDF
330
1F
100
AcDbEntity
  8
0
  6
Continuous
 62
    18
420
        0
370
    25
100
AcDb2dPolyline
 66
     1
 10
0.0
 20
0.0
 30
0.0
 70
     1
  0
VERTEX
  5
CE0
330
CDF
100
AcDbEntity
  8
0
  6
Continuous
 62
    18
420
        0
370
    25
100
AcDbVertex
100
AcDb2dVertex
 10
44.87269113241307
 20
23.50350155446273
 30
0.0
  0
VERTEX
  5
CE1
330
CDF
100
AcDbEntity
  8
0
  6
Continuous
 62
    18
420
        0
370
    25
100
AcDbVertex
100
AcDb2dVertex
 10
45.47269113241304
 20
23.50350155446273
 30
0.0
  0
VERTEX
  5
CE2
330
CDF
100
AcDbEntity
  8
0
  6
Continuous
 62
    18
420
        0
370
    25
100
AcDbVertex
100
AcDb2dVertex
 10
45.47269113241304
 20
24.10350155446273
 30
0.0
  0
VERTEX
  5
CE3
330
CDF
100
AcDbEntity
  8
0
  6
Continuous
 62
    18
420
        0
370
    25
100
AcDbVertex
100
AcDb2dVertex
 10
44.87269113241307
 20
24.10350155446273
 30
0.0
  0
SEQEND
  5
CE4
330
CDF
100
AcDbEntity
  8
0
  6
Continuous
 62
    18
420
        0
370
    25
  0
POLYLINE
  5
CE5
330
1F
100
AcDbEntity
  8
0
  6
Continuous
 62
    18
420
        0
370
    25
100
AcDb2dPolyline
 66
     1
 10
0.0
 20
0.0
 30
0.0
 70
     1
  0
VERTEX
  5
CE6
330
CE5
100
AcDbEntity
  8
0
  6
Continuous
 62
    18
420
        0
370
    25
100
AcDbVertex
100
AcDb2dVertex
 10
43.95341208803525
 20
26.61627192931348
 30
0.0
  0
VERTEX
  5
CE7
330
CE5
100
AcDbEntity
  8
0
  6
Continuous
 62
    18
420
        0
370
    25
100
AcDbVertex
100
AcDb2dVertex
 10
43.11958095078925
 20
26.61627192931348
 30
0.0
  0
VERTEX
  5
CE8
330
CE5
100
AcDbEntity
  8
0
  6
Continuous
 62
    18
420
        0
370
    25
100
AcDbVertex
100
AcDb2dVertex
 10
43.11958095078925
 20
28.46966910167543
 30
0.0
  0
VERTEX
  5
CE9
330
CE5
100
AcDbEntity
  8
0
  6
Continuous
 62
    18
420
        0
370
    25
100
AcDbVertex
100
AcDb2dVertex
 10
43.95341208803525
 20
28.46966910167543
 30
0.0
  0
SEQEND
  5
CEA
330
CE5
100
AcDbEntity
  8
0
  6
Continuous
 62
    18
420
        0
370
    25
  0
POLYLINE
  5
CEB
330
1F
100
AcDbEntity
  8
0
  6
Continuous
 62
    18
420
        0
370
    25
100
AcDb2dPolyline
 66
     1
 10
0.0
 20
0.0
 30
0.0
 70
     1
  0
VERTEX
  5
CEC
330
CEB
100
AcDbEntity
  8
0
  6
Continuous
 62
    18
420
        0
370
    25
100
AcDbVertex
100
AcDb2dVertex
 10
43.05755462032495
 20
27.24966133506169
 30
0.0
  0
VERTEX
  5
CED
330
CEB
100
AcDbEntity
  8
0
  6
Continuous
 62
    18
420
        0
370
    25
100
AcDbVertex
100
AcDb2dVertex
 10
42.45755462032495
 20
27.24966133506169
 30
0.0
  0
VERTEX
  5
CEE
330
CEB
100
AcDbEntity
  8
0
  6
Continuous
 62
    18
420
        0
370
    25
100
AcDbVertex
100
AcDb2dVertex
 10
42.45755462032495
 20
27.84966133506169
 30
0.0
  0
VERTEX
  5
CEF
330
CEB
100
AcDbEntity
  8
0
  6
Continuous
 62
    18
420
        0
370
    25
100
AcDbVertex
100
AcDb2dVertex
 10
43.05755462032495
 20
27.84966133506169
 30
0.0
  0
SEQEND
  5
CF0
330
CEB
100
AcDbEntity
  8
0
  6
Continuous
 62
    18
420
        0
370
    25
  0
POLYLINE
  5
CF1
330
1F
100
AcDbEntity
  8
0
  6
Continuous
 62
    18
420
        0
370
    25
100
AcDb2dPolyline
 66
     1
 10
0.0
 20
0.0
 30
0.0
 70
     1
  0
VERTEX
  5
CF2
330
CF1
100
AcDbEntity
  8
0
  6
Continuous
 62
    18
420
        0
370
    25
100
AcDbVertex
100
AcDb2dVertex
 10
43.95341208803525
 20
24.74652042628512
 30
0.0
  0
VERTEX
  5
CF3
330
CF1
100
AcDbEntity
  8
0
  6
Continuous
 62
    18
420
        0
370
    25
100
AcDbVertex
100
AcDb2dVertex
 10
43.11958095078925
 20
24.74652042628512
 30
0.0
  0
VERTEX
  5
CF4
330
CF1
100
AcDbEntity
  8
0
  6
Continuous
 62
    18
420
        0
370
    25
100
AcDbVertex
100
AcDb2dVertex
 10
43.11958095078925
 20
26.59991759864705
 30
0.0
  0
VERTEX
  5
CF5
330
CF1
100
AcDbEntity
  8
0
  6
Continuous
 62
    18
420
        0
370
    25
100
AcDbVertex
100
AcDb2dVertex
 10
43.95341208803525
 20
26.59991759864705
 30
0.0
  0
SEQEND
  5
CF6
330
CF1
100
AcDbEntity
  8
0
  6
Continuous
 62
    18
420
        0
370
    25
  0
POLYLINE
  5
CF7
330
1F
100
AcDbEntity
  8
0
  6
Continuous
 62
    18
420
        0
370
    25
100
AcDb2dPolyline
 66
     1
 10
0.0
 20
0.0
 30
0.0
 70
     1
  0
VERTEX
  5
CF8
330
CF7
100
AcDbEntity
  8
0
  6
Continuous
 62
    18
420
        0
370
    25
100
AcDbVertex
100
AcDb2dVertex
 10
43.05755462032495
 20
25.37990983203333
 30
0.0
  0
VERTEX
  5
CF9
330
CF7
100
AcDbEntity
  8
0
  6
Continuous
 62
    18
420
        0
370
    25
100
AcDbVertex
100
AcDb2dVertex
 10
42.45755462032495
 20
25.37990983203333
 30
0.0
  0
VERTEX
  5
CFA
330
CF7
100
AcDbEntity
  8
0
  6
Continuous
 62
    18
420
        0
370
    25
100
AcDbVertex
100
AcDb2dVertex
 10
42.45755462032495
 20
25.97990983203332
 30
0.0
  0
VERTEX
  5
CFB
330
CF7
100
AcDbEntity
  8
0
  6
Continuous
 62
    18
420
        0
370
    25
100
AcDbVertex
100
AcDb2dVertex
 10
43.05755462032495
 20
25.97990983203332
 30
0.0
  0
SEQEND
  5
CFC
330
CF7
100
AcDbEntity
  8
0
  6
Continuous
 62
    18
420
        0
370
    25
  0
POLYLINE
  5
CFD
330
1F
100
AcDbEntity
  8
0
  6
Continuous
 62
    18
420
        0
370
    25
100
AcDb2dPolyline
 66
     1
 10
0.0
 20
0.0
 30
0.0
 70
     1
  0
VERTEX
  5
CFE
330
CFD
100
AcDbEntity
  8
0
  6
Continuous
 62
    18
420
        0
370
    25
100
AcDbVertex
100
AcDb2dVertex
 10
43.95341208803525
 20
22.87011214871453
 30
0.0
  0
VERTEX
  5
CFF
330
CFD
100
AcDbEntity
  8
0
  6
Continuous
 62
    18
420
        0
370
    25
100
AcDbVertex
100
AcDb2dVertex
 10
43.11958095078925
 20
22.87011214871453
 30
0.0
  0
VERTEX
  5
D00
330
CFD
100
AcDbEntity
  8
0
  6
Continuous
 62
    18
420
        0
370
    25
100
AcDbVertex
100
AcDb2dVertex
 10
43.11958095078925
 20
24.72350932107647
 30
0.0
  0
VERTEX
  5
D01
330
CFD
100
AcDbEntity
  8
0
  6
Continuous
 62
    18
420
        0
370
    25
100
AcDbVertex
100
AcDb2dVertex
 10
43.95341208803525
 20
24.72350932107647
 30
0.0
  0
SEQEND
  5
D02
330
CFD
100
AcDbEntity
  8
0
  6
Continuous
 62
    18
420
        0
370
    25
  0
POLYLINE
  5
D03
330
1F
100
AcDbEntity
  8
0
  6
Continuous
 62
    18
420
        0
370
    25
100
AcDb2dPolyline
 66
     1
 10
0.0
 20
0.0
 30
0.0
 70
     1
  0
VERTEX
  5
D04
330
D03
100
AcDbEntity
  8
0
  6
Continuous
 62
    18
420
        0
370
    25
100
AcDbVertex
100
AcDb2dVertex
 10
43.05755462032495
 20
23.50350155446273
 30
0.0
  0
VERTEX
  5
D05
330
D03
100
AcDbEntity
  8
0
  6
Continuous
 62
    18
420
        0
370
    25
100
AcDbVertex
100
AcDb2dVertex
 10
42.45755462032495
 20
23.50350155446273
 30
0.0
  0
VERTEX
  5
D06
330
D03
100
AcDbEntity
  8
0
  6
Continuous
 62
    18
420
        0
370
    25
100
AcDbVertex
100
AcDb2dVertex
 10
42.45755462032495
 20
24.10350155446273
 30
0.0
  0
VERTEX
  5
D07
330
D03
100
AcDbEntity
  8
0
  6
Continuous
 62
    18
420
        0
370
    25
100
AcDbVertex
100
AcDb2dVertex
 10
43.05755462032495
 20
24.10350155446273
 30
0.0
  0
SEQEND
  5
D08
330
D03
100
AcDbEntity
  8
0
  6
Continuous
 62
    18
420
        0
370
    25
  0
POLYLINE
  5
D09
330
1F
100
AcDbEntity
  8
0
  6
Continuous
 62
    18
420
        0
370
    25
100
AcDb2dPolyline
 66
     1
 10
0.0
 20
0.0
 30
0.0
 70
     1
  0
VERTEX
  5
D0A
330
D09
100
AcDbEntity
  8
0
  6
Continuous
 62
    18
420
        0
370
    25
100
AcDbVertex
100
AcDb2dVertex
 10
39.9647145238396
 20
26.61627192931348
 30
0.0
  0
VERTEX
  5
D0B
330
D09
100
AcDbEntity
  8
0
  6
Continuous
 62
    18
420
        0
370
    25
100
AcDbVertex
100
AcDb2dVertex
 10
40.79854566108559
 20
26.61627192931348
 30
0.0
  0
VERTEX
  5
D0C
330
D09
100
AcDbEntity
  8
0
  6
Continuous
 62
    18
420
        0
370
    25
100
AcDbVertex
100
AcDb2dVertex
 10
40.79854566108559
 20
28.46966910167543
 30
0.0
  0
VERTEX
  5
D0D
330
D09
100
AcDbEntity
  8
0
  6
Continuous
 62
    18
420
        0
370
    25
100
AcDbVertex
100
AcDb2dVertex
 10
39.9647145238396
 20
28.46966910167543
 30
0.0
  0
SEQEND
  5
D0E
330
D09
100
AcDbEntity
  8
0
  6
Continuous
 62
    18
420
        0
370
    25
  0
POLYLINE
  5
D0F
330
1F
100
AcDbEntity
  8
0
  6
Continuous
 62
    18
420
        0
370
    25
100
AcDb2dPolyline
 66
     1
 10
0.0
 20
0.0
 30
0.0
 70
     1
  0
VERTEX
  5
D10
330
D0F
100
AcDbEntity
  8
0
  6
Continuous
 62
    18
420
        0
370
    25
100
AcDbVertex
100
AcDb2dVertex
 10
40.86057199154989
 20
27.24966133506169
 30
0.0
  0
VERTEX
  5
D11
330
D0F
100
AcDbEntity
  8
0
  6
Continuous
 62
    18
420
        0
370
    25
100
AcDbVertex
100
AcDb2dVertex
 10
41.46057199154989
 20
27.24966133506169
 30
0.0
  0
VERTEX
  5
D12
330
D0F
100
AcDbEntity
  8
0
  6
Continuous
 62
    18
420
        0
370
    25
100
AcDbVertex
100
AcDb2dVertex
 10
41.46057199154989
 20
27.84966133506169
 30
0.0
  0
VERTEX
  5
D13
330
D0F
100
AcDbEntity
  8
0
  6
Continuous
 62
    18
420
        0
370
    25
100
AcDbVertex
100
AcDb2dVertex
 10
40.86057199154989
 20
27.84966133506169
 30
0.0
  0
SEQEND
  5
D14
330
D0F
100
AcDbEntity
  8
0
  6
Continuous
 62
    18
420
        0
370
    25
  0
POLYLINE
  5
D15
330
1F
100
AcDbEntity
  8
0
  6
Continuous
 62
    18
420
        0
370
    25
100
AcDb2dPolyline
 66
     1
 10
0.0
 20
0.0
 30
0.0
 70
     1
  0
VERTEX
  5
D16
330
D15
100
AcDbEntity
  8
0
  6
Continuous
 62
    18
420
        0
370
    25
100
AcDbVertex
100
AcDb2dVertex
 10
39.9647145238396
 20
24.74652042628512
 30
0.0
  0
VERTEX
  5
D17
330
D15
100
AcDbEntity
  8
0
  6
Continuous
 62
    18
420
        0
370
    25
100
AcDbVertex
100
AcDb2dVertex
 10
40.79854566108559
 20
24.74652042628512
 30
0.0
  0
VERTEX
  5
D18
330
D15
100
AcDbEntity
  8
0
  6
Continuous
 62
    18
420
        0
370
    25
100
AcDbVertex
100
AcDb2dVertex
 10
40.79854566108559
 20
26.59991759864705
 30
0.0
  0
VERTEX
  5
D19
330
D15
100
AcDbEntity
  8
0
  6
Continuous
 62
    18
420
        0
370
    25
100
AcDbVertex
100
AcDb2dVertex
 10
39.9647145238396
 20
26.59991759864705
 30
0.0
  0
SEQEND
  5
D1A
330
D15
100
AcDbEntity
  8
0
  6
Continuous
 62
    18
420
        0
370
    25
  0
POLYLINE
  5
D1B
330
1F
100
AcDbEntity
  8
0
  6
Continuous
 62
    18
420
        0
370
    25
100
AcDb2dPolyline
 66
     1
 10
0.0
 20
0.0
 30
0.0
 70
     1
  0
VERTEX
  5
D1C
330
D1B
100
AcDbEntity
  8
0
  6
Continuous
 62
    18
420
        0
370
    25
100
AcDbVertex
100
AcDb2dVertex
 10
40.86057199154989
 20
25.37990983203333
 30
0.0
  0
VERTEX
  5
D1D
330
D1B
100
AcDbEntity
  8
0
  6
Continuous
 62
    18
420
        0
370
    25
100
AcDbVertex
100
AcDb2dVertex
 10
41.46057199154989
 20
25.37990983203333
 30
0.0
  0
VERTEX
  5
D1E
330
D1B
100
AcDbEntity
  8
0
  6
Continuous
 62
    18
420
        0
370
    25
100
AcDbVertex
100
AcDb2dVertex
 10
41.46057199154989
 20
25.97990983203332
 30
0.0
  0
VERTEX
  5
D1F
330
D1B
100
AcDbEntity
  8
0
  6
Continuous
 62
    18
420
        0
370
    25
100
AcDbVertex
100
AcDb2dVertex
 10
40.86057199154989
 20
25.97990983203332
 30
0.0
  0
SEQEND
  5
D20
330
D1B
100
AcDbEntity
  8
0
  6
Continuous
 62
    18
420
        0
370
    25
  0
POLYLINE
  5
D21
330
1F
100
AcDbEntity
  8
0
  6
Continuous
 62
    18
420
        0
370
    25
100
AcDb2dPolyline
 66
     1
 10
0.0
 20
0.0
 30
0.0
 70
     1
  0
VERTEX
  5
D22
330
D21
100
AcDbEntity
  8
0
  6
Continuous
 62
    18
420
        0
370
    25
100
AcDbVertex
100
AcDb2dVertex
 10
39.9647145238396
 20
22.87011214871453
 30
0.0
  0
VERTEX
  5
D23
330
D21
100
AcDbEntity
  8
0
  6
Continuous
 62
    18
420
        0
370
    25
100
AcDbVertex
100
AcDb2dVertex
 10
40.79854566108559
 20
22.87011214871453
 30
0.0
  0
VERTEX
  5
D24
330
D21
100
AcDbEntity
  8
0
  6
Continuous
 62
    18
420
        0
370
    25
100
AcDbVertex
100
AcDb2dVertex
 10
40.79854566108559
 20
24.72350932107647
 30
0.0
  0
VERTEX
  5
D25
330
D21
100
AcDbEntity
  8
0
  6
Continuous
 62
    18
420
        0
370
    25
100
AcDbVertex
100
AcDb2dVertex
 10
39.9647145238396
 20
24.72350932107647
 30
0.0
  0
SEQEND
  5
D26
330
D21
100
AcDbEntity
  8
0
  6
Continuous
 62
    18
420
        0
370
    25
  0
POLYLINE
  5
D27
330
1F
100
AcDbEntity
  8
0
  6
Continuous
 62
    18
420
        0
370
    25
100
AcDb2dPolyline
 66
     1
 10
0.0
 20
0.0
 30
0.0
 70
     1
  0
VERTEX
  5
D28
330
D27
100
AcDbEntity
  8
0
  6
Continuous
 62
    18
420
        0
370
    25
100
AcDbVertex
100
AcDb2dVertex
 10
40.86057199154989
 20
23.50350155446273
 30
0.0
  0
VERTEX
  5
D29
330
D27
100
AcDbEntity
  8
0
  6
Continuous
 62
    18
420
        0
370
    25
100
AcDbVertex
100
AcDb2dVertex
 10
41.46057199154989
 20
23.50350155446273
 30
0.0
  0
VERTEX
  5
D2A
330
D27
100
AcDbEntity
  8
0
  6
Continuous
 62
    18
420
        0
370
    25
100
AcDbVertex
100
AcDb2dVertex
 10
41.46057199154989
 20
24.10350155446273
 30
0.0
  0
VERTEX
  5
D2B
330
D27
100
AcDbEntity
  8
0
  6
Continuous
 62
    18
420
        0
370
    25
100
AcDbVertex
100
AcDb2dVertex
 10
40.86057199154989
 20
24.10350155446273
 30
0.0
  0
SEQEND
  5
D2C
330
D27
100
AcDbEntity
  8
0
  6
Continuous
 62
    18
420
        0
370
    25
  0
POLYLINE
  5
D2D
330
1F
100
AcDbEntity
  8
0
  6
Continuous
 62
    18
420
        0
370
    25
100
AcDb2dPolyline
 66
     1
 10
0.0
 20
0.0
 30
0.0
 70
     1
  0
VERTEX
  5
D2E
330
D2D
100
AcDbEntity
  8
0
  6
Continuous
 62
    18
420
        0
370
    25
100
AcDbVertex
100
AcDb2dVertex
 10
39.94129294717209
 20
26.61627192931348
 30
0.0
  0
VERTEX
  5
D2F
330
D2D
100
AcDbEntity
  8
0
  6
Continuous
 62
    18
420
        0
370
    25
100
AcDbVertex
100
AcDb2dVertex
 10
39.1074618099261
 20
26.61627192931348
 30
0.0
  0
VERTEX
  5
D30
330
D2D
100
AcDbEntity
  8
0
  6
Continuous
 62
    18
420
        0
370
    25
100
AcDbVertex
100
AcDb2dVertex
 10
39.1074618099261
 20
28.46966910167543
 30
0.0
  0
VERTEX
  5
D31
330
D2D
100
AcDbEntity
  8
0
  6
Continuous
 62
    18
420
        0
370
    25
100
AcDbVertex
100
AcDb2dVertex
 10
39.94129294717209
 20
28.46966910167543
 30
0.0
  0
SEQEND
  5
D32
330
D2D
100
AcDbEntity
  8
0
  6
Continuous
 62
    18
420
        0
370
    25
  0
POLYLINE
  5
D33
330
1F
100
AcDbEntity
  8
0
  6
Continuous
 62
    18
420
        0
370
    25
100
AcDb2dPolyline
 66
     1
 10
0.0
 20
0.0
 30
0.0
 70
     1
  0
VERTEX
  5
D34
330
D33
100
AcDbEntity
  8
0
  6
Continuous
 62
    18
420
        0
370
    25
100
AcDbVertex
100
AcDb2dVertex
 10
39.04543547946179
 20
27.24966133506169
 30
0.0
  0
VERTEX
  5
D35
330
D33
100
AcDbEntity
  8
0
  6
Continuous
 62
    18
420
        0
370
    25
100
AcDbVertex
100
AcDb2dVertex
 10
38.4454354794618
 20
27.24966133506169
 30
0.0
  0
VERTEX
  5
D36
330
D33
100
AcDbEntity
  8
0
  6
Continuous
 62
    18
420
        0
370
    25
100
AcDbVertex
100
AcDb2dVertex
 10
38.4454354794618
 20
27.84966133506169
 30
0.0
  0
VERTEX
  5
D37
330
D33
100
AcDbEntity
  8
0
  6
Continuous
 62
    18
420
        0
370
    25
100
AcDbVertex
100
AcDb2dVertex
 10
39.04543547946179
 20
27.84966133506169
 30
0.0
  0
SEQEND
  5
D38
330
D33
100
AcDbEntity
  8
0
  6
Continuous
 62
    18
420
        0
370
    25
  0
POLYLINE
  5
D39
330
1F
100
AcDbEntity
  8
0
  6
Continuous
 62
    18
420
        0
370
    25
100
AcDb2dPolyline
 66
     1
 10
0.0
 20
0.0
 30
0.0
 70
     1
  0
VERTEX
  5
D3A
330
D39
100
AcDbEntity
  8
0
  6
Continuous
 62
    18
420
        0
370
    25
100
AcDbVertex
100
AcDb2dVertex
 10
39.94129294717209
 20
24.74652042628512
 30
0.0
  0
VERTEX
  5
D3B
330
D39
100
AcDbEntity
  8
0
  6
Continuous
 62
    18
420
        0
370
    25
100
AcDbVertex
100
AcDb2dVertex
 10
39.1074618099261
 20
24.74652042628512
 30
0.0
  0
VERTEX
  5
D3C
330
D39
100
AcDbEntity
  8
0
  6
Continuous
 62
    18
420
        0
370
    25
100
AcDbVertex
100
AcDb2dVertex
 10
39.1074618099261
 20
26.59991759864705
 30
0.0
  0
VERTEX
  5
D3D
330
D39
100
AcDbEntity
  8
0
  6
Continuous
 62
    18
420
        0
370
    25
100
AcDbVertex
100
AcDb2dVertex
 10
39.94129294717209
 20
26.59991759864705
 30
0.0
  0
SEQEND
  5
D3E
330
D39
100
AcDbEntity
  8
0
  6
Continuous
 62
    18
420
        0
370
    25
  0
POLYLINE
  5
D3F
330
1F
100
AcDbEntity
  8
0
  6
Continuous
 62
    18
420
        0
370
    25
100
AcDb2dPolyline
 66
     1
 10
0.0
 20
0.0
 30
0.0
 70
     1
  0
VERTEX
  5
D40
330
D3F
100
AcDbEntity
  8
0
  6
Continuous
 62
    18
420
        0
370
    25
100
AcDbVertex
100
AcDb2dVertex
 10
39.04543547946179
 20
25.37990983203333
 30
0.0
  0
VERTEX
  5
D41
330
D3F
100
AcDbEntity
  8
0
  6
Continuous
 62
    18
420
        0
370
    25
100
AcDbVertex
100
AcDb2dVertex
 10
38.4454354794618
 20
25.37990983203333
 30
0.0
  0
VERTEX
  5
D42
330
D3F
100
AcDbEntity
  8
0
  6
Continuous
 62
    18
420
        0
370
    25
100
AcDbVertex
100
AcDb2dVertex
 10
38.4454354794618
 20
25.97990983203332
 30
0.0
  0
VERTEX
  5
D43
330
D3F
100
AcDbEntity
  8
0
  6
Continuous
 62
    18
420
        0
370
    25
100
AcDbVertex
100
AcDb2dVertex
 10
39.04543547946179
 20
25.97990983203332
 30
0.0
  0
SEQEND
  5
D44
330
D3F
100
AcDbEntity
  8
0
  6
Continuous
 62
    18
420
        0
370
    25
  0
POLYLINE
  5
D45
330
1F
100
AcDbEntity
  8
0
  6
Continuous
 62
    18
420
        0
370
    25
100
AcDb2dPolyline
 66
     1
 10
0.0
 20
0.0
 30
0.0
 70
     1
  0
VERTEX
  5
D46
330
D45
100
AcDbEntity
  8
0
  6
Continuous
 62
    18
420
        0
370
    25
100
AcDbVertex
100
AcDb2dVertex
 10
39.94129294717209
 20
22.87011214871453
 30
0.0
  0
VERTEX
  5
D47
330
D45
100
AcDbEntity
  8
0
  6
Continuous
 62
    18
420
        0
370
    25
100
AcDbVertex
100
AcDb2dVertex
 10
39.1074618099261
 20
22.87011214871453
 30
0.0
  0
VERTEX
  5
D48
330
D45
100
AcDbEntity
  8
0
  6
Continuous
 62
    18
420
        0
370
    25
100
AcDbVertex
100
AcDb2dVertex
 10
39.1074618099261
 20
24.72350932107647
 30
0.0
  0
VERTEX
  5
D49
330
D45
100
AcDbEntity
  8
0
  6
Continuous
 62
    18
420
        0
370
    25
100
AcDbVertex
100
AcDb2dVertex
 10
39.94129294717209
 20
24.72350932107647
 30
0.0
  0
SEQEND
  5
D4A
330
D45
100
AcDbEntity
  8
0
  6
Continuous
 62
    18
420
        0
370
    25
  0
POLYLINE
  5
D4B
330
1F
100
AcDbEntity
  8
0
  6
Continuous
 62
    18
420
        0
370
    25
100
AcDb2dPolyline
 66
     1
 10
0.0
 20
0.0
 30
0.0
 70
     1
  0
VERTEX
  5
D4C
330
D4B
100
AcDbEntity
  8
0
  6
Continuous
 62
    18
420
        0
370
    25
100
AcDbVertex
100
AcDb2dVertex
 10
39.04543547946179
 20
23.50350155446273
 30
0.0
  0
VERTEX
  5
D4D
330
D4B
100
AcDbEntity
  8
0
  6
Continuous
 62
    18
420
        0
370
    25
100
AcDbVertex
100
AcDb2dVertex
 10
38.4454354794618
 20
23.50350155446273
 30
0.0
  0
VERTEX
  5
D4E
330
D4B
100
AcDbEntity
  8
0
  6
Continuous
 62
    18
420
        0
370
    25
100
AcDbVertex
100
AcDb2dVertex
 10
38.4454354794618
 20
24.10350155446273
 30
0.0
  0
VERTEX
  5
D4F
330
D4B
100
AcDbEntity
  8
0
  6
Continuous
 62
    18
420
        0
370
    25
100
AcDbVertex
100
AcDb2dVertex
 10
39.04543547946179
 20
24.10350155446273
 30
0.0
  0
SEQEND
  5
D50
330
D4B
100
AcDbEntity
  8
0
  6
Continuous
 62
    18
420
        0
370
    25
  0
POLYLINE
  5
D51
330
1F
100
AcDbEntity
  8
0
  6
Continuous
 62
    18
420
        0
370
    25
100
AcDb2dPolyline
 66
     1
 10
0.0
 20
0.0
 30
0.0
 70
     1
  0
VERTEX
  5
D52
330
D51
100
AcDbEntity
  8
0
  6
Continuous
 62
    18
420
        0
370
    25
100
AcDbVertex
100
AcDb2dVertex
 10
61.24641852661894
 20
12.90935082290015
 30
0.0
  0
VERTEX
  5
D53
330
D51
100
AcDbEntity
  8
0
  6
Continuous
 62
    18
420
        0
370
    25
100
AcDbVertex
100
AcDb2dVertex
 10
61.84641852661894
 20
12.90935082290015
 30
0.0
  0
VERTEX
  5
D54
330
D51
100
AcDbEntity
  8
0
  6
Continuous
 62
    18
420
        0
370
    25
100
AcDbVertex
100
AcDb2dVertex
 10
61.84641852661894
 20
13.50935082290015
 30
0.0
  0
VERTEX
  5
D55
330
D51
100
AcDbEntity
  8
0
  6
Continuous
 62
    18
420
        0
370
    25
100
AcDbVertex
100
AcDb2dVertex
 10
61.24641852661894
 20
13.50935082290015
 30
0.0
  0
SEQEND
  5
D56
330
D51
100
AcDbEntity
  8
0
  6
Continuous
 62
    18
420
        0
370
    25
  0
POLYLINE
  5
D57
330
1F
100
AcDbEntity
  8
0
  6
Continuous
 62
    18
420
        0
370
    25
100
AcDb2dPolyline
 66
     1
 10
0.0
 20
0.0
 30
0.0
 70
     1
  0
VERTEX
  5
D58
330
D57
100
AcDbEntity
  8
0
  6
Continuous
 62
    18
420
        0
370
    25
100
AcDbVertex
100
AcDb2dVertex
 10
60.48283604981169
 20
12.90495275567173
 30
0.0
  0
VERTEX
  5
D59
330
D57
100
AcDbEntity
  8
0
  6
Continuous
 62
    18
420
        0
370
    25
100
AcDbVertex
100
AcDb2dVertex
 10
61.08283604981166
 20
12.90495275567173
 30
0.0
  0
VERTEX
  5
D5A
330
D57
100
AcDbEntity
  8
0
  6
Continuous
 62
    18
420
        0
370
    25
100
AcDbVertex
100
AcDb2dVertex
 10
61.08283604981166
 20
13.50495275567174
 30
0.0
  0
VERTEX
  5
D5B
330
D57
100
AcDbEntity
  8
0
  6
Continuous
 62
    18
420
        0
370
    25
100
AcDbVertex
100
AcDb2dVertex
 10
60.48283604981169
 20
13.50495275567174
 30
0.0
  0
SEQEND
  5
D5C
330
D57
100
AcDbEntity
  8
0
  6
Continuous
 62
    18
420
        0
370
    25
  0
POLYLINE
  5
D5D
330
1F
100
AcDbEntity
  8
0
  6
Continuous
 62
    18
420
        0
370
    25
100
AcDb2dPolyline
 66
     1
 10
0.0
 20
0.0
 30
0.0
 70
     1
  0
VERTEX
  5
D5E
330
D5D
100
AcDbEntity
  8
0
  6
Continuous
 62
    18
420
        0
370
    25
100
AcDbVertex
100
AcDb2dVertex
 10
59.12079060927501
 20
12.42186509275784
 30
0.0
  0
VERTEX
  5
D5F
330
D5D
100
AcDbEntity
  8
0
  6
Continuous
 62
    18
420
        0
370
    25
100
AcDbVertex
100
AcDb2dVertex
 10
59.537706177898
 20
12.42186509275784
 30
0.0
  0
VERTEX
  5
D60
330
D5D
100
AcDbEntity
  8
0
  6
Continuous
 62
    18
420
        0
370
    25
100
AcDbVertex
100
AcDb2dVertex
 10
59.537706177898
 20
13.52233825805756
 30
0.0
  0
VERTEX
  5
D61
330
D5D
100
AcDbEntity
  8
0
  6
Continuous
 62
    18
420
        0
370
    25
100
AcDbVertex
100
AcDb2dVertex
 10
59.12079060927501
 20
13.52233825805756
 30
0.0
  0
SEQEND
  5
D62
330
D5D
100
AcDbEntity
  8
0
  6
Continuous
 62
    18
420
        0
370
    25
  0
POLYLINE
  5
D63
330
1F
100
AcDbEntity
  8
0
  6
Continuous
 62
    18
420
        0
370
    25
100
AcDb2dPolyline
 66
     1
 10
0.0
 20
0.0
 30
0.0
 70
     1
  0
VERTEX
  5
D64
330
D63
100
AcDbEntity
  8
0
  6
Continuous
 62
    18
420
        0
370
    25
100
AcDbVertex
100
AcDb2dVertex
 10
62.69149558841944
 20
12.6800668719373
 30
0.0
  0
VERTEX
  5
D65
330
D63
100
AcDbEntity
  8
0
  6
Continuous
 62
    18
420
        0
370
    25
100
AcDbVertex
100
AcDb2dVertex
 10
64.54489276078135
 20
12.6800668719373
 30
0.0
  0
VERTEX
  5
D66
330
D63
100
AcDbEntity
  8
0
  6
Continuous
 62
    18
420
        0
370
    25
100
AcDbVertex
100
AcDb2dVertex
 10
64.54489276078135
 20
13.51389800918328
 30
0.0
  0
VERTEX
  5
D67
330
D63
100
AcDbEntity
  8
0
  6
Continuous
 62
    18
420
        0
370
    25
100
AcDbVertex
100
AcDb2dVertex
 10
62.69149558841944
 20
13.51389800918328
 30
0.0
  0
SEQEND
  5
D68
330
D63
100
AcDbEntity
  8
0
  6
Continuous
 62
    18
420
        0
370
    25
  0
POLYLINE
  5
D69
330
1F
100
AcDbEntity
  8
0
  6
Continuous
 62
    18
420
        0
370
    25
100
AcDb2dPolyline
 66
     1
 10
0.0
 20
0.0
 30
0.0
 70
     1
  0
VERTEX
  5
D6A
330
D69
100
AcDbEntity
  8
0
  6
Continuous
 62
    18
420
        0
370
    25
100
AcDbVertex
100
AcDb2dVertex
 10
63.31150335503317
 20
12.018040541473
 30
0.0
  0
VERTEX
  5
D6B
330
D69
100
AcDbEntity
  8
0
  6
Continuous
 62
    18
420
        0
370
    25
100
AcDbVertex
100
AcDb2dVertex
 10
63.91150335503315
 20
12.018040541473
 30
0.0
  0
VERTEX
  5
D6C
330
D69
100
AcDbEntity
  8
0
  6
Continuous
 62
    18
420
        0
370
    25
100
AcDbVertex
100
AcDb2dVertex
 10
63.91150335503315
 20
12.61804054147299
 30
0.0
  0
VERTEX
  5
D6D
330
D69
100
AcDbEntity
  8
0
  6
Continuous
 62
    18
420
        0
370
    25
100
AcDbVertex
100
AcDb2dVertex
 10
63.31150335503317
 20
12.61804054147299
 30
0.0
  0
SEQEND
  5
D6E
330
D69
100
AcDbEntity
  8
0
  6
Continuous
 62
    18
420
        0
370
    25
  0
POLYLINE
  5
D6F
330
1F
100
AcDbEntity
  8
0
  6
Continuous
 62
    18
420
        0
370
    25
100
AcDb2dPolyline
 66
     1
 10
0.0
 20
0.0
 30
0.0
 70
     1
  0
VERTEX
  5
D70
330
D6F
100
AcDbEntity
  8
0
  6
Continuous
 62
    18
420
        0
370
    25
100
AcDbVertex
100
AcDb2dVertex
 10
63.06386115458569
 20
9.640959403671385
 30
0.0
  0
VERTEX
  5
D71
330
D6F
100
AcDbEntity
  8
0
  6
Continuous
 62
    18
420
        0
370
    25
100
AcDbVertex
100
AcDb2dVertex
 10
63.66386115458567
 20
9.640959403671385
 30
0.0
  0
VERTEX
  5
D72
330
D6F
100
AcDbEntity
  8
0
  6
Continuous
 62
    18
420
        0
370
    25
100
AcDbVertex
100
AcDb2dVertex
 10
63.66386115458567
 20
10.24095940367138
 30
0.0
  0
VERTEX
  5
D73
330
D6F
100
AcDbEntity
  8
0
  6
Continuous
 62
    18
420
        0
370
    25
100
AcDbVertex
100
AcDb2dVertex
 10
63.06386115458569
 20
10.24095940367138
 30
0.0
  0
SEQEND
  5
D74
330
D6F
100
AcDbEntity
  8
0
  6
Continuous
 62
    18
420
        0
370
    25
  0
POLYLINE
  5
D75
330
1F
100
AcDbEntity
  8
0
  6
Continuous
 62
    18
420
        0
370
    25
100
AcDb2dPolyline
 66
     1
 10
0.0
 20
0.0
 30
0.0
 70
     1
  0
VERTEX
  5
D76
330
D75
100
AcDbEntity
  8
0
  6
Continuous
 62
    18
420
        0
370
    25
100
AcDbVertex
100
AcDb2dVertex
 10
63.72588748505001
 20
9.00756999792318
 30
0.0
  0
VERTEX
  5
D77
330
D75
100
AcDbEntity
  8
0
  6
Continuous
 62
    18
420
        0
370
    25
100
AcDbVertex
100
AcDb2dVertex
 10
64.55971862229596
 20
9.00756999792318
 30
0.0
  0
VERTEX
  5
D78
330
D75
100
AcDbEntity
  8
0
  6
Continuous
 62
    18
420
        0
370
    25
100
AcDbVertex
100
AcDb2dVertex
 10
64.55971862229596
 20
10.86096717028514
 30
0.0
  0
VERTEX
  5
D79
330
D75
100
AcDbEntity
  8
0
  6
Continuous
 62
    18
420
        0
370
    25
100
AcDbVertex
100
AcDb2dVertex
 10
63.72588748505001
 20
10.86096717028514
 30
0.0
  0
SEQEND
  5
D7A
330
D75
100
AcDbEntity
  8
0
  6
Continuous
 62
    18
420
        0
370
    25
  0
POLYLINE
  5
D7B
330
1F
100
AcDbEntity
  8
0
  6
Continuous
 62
    18
420
        0
370
    25
100
AcDb2dPolyline
 66
     1
 10
0.0
 20
0.0
 30
0.0
 70
     1
  0
VERTEX
  5
D7C
330
D7B
100
AcDbEntity
  8
0
  6
Continuous
 62
    18
420
        0
370
    25
100
AcDbVertex
100
AcDb2dVertex
 10
61.23001829290472
 20
8.148366634020373
 30
0.0
  0
VERTEX
  5
D7D
330
D7B
100
AcDbEntity
  8
0
  6
Continuous
 62
    18
420
        0
370
    25
100
AcDbVertex
100
AcDb2dVertex
 10
64.5600908363653
 20
8.148366634020373
 30
0.0
  0
VERTEX
  5
D7E
330
D7B
100
AcDbEntity
  8
0
  6
Continuous
 62
    18
420
        0
370
    25
100
AcDbVertex
100
AcDb2dVertex
 10
64.5600908363653
 20
8.565282202643377
 30
0.0
  0
VERTEX
  5
D7F
330
D7B
100
AcDbEntity
  8
0
  6
Continuous
 62
    18
420
        0
370
    25
100
AcDbVertex
100
AcDb2dVertex
 10
61.23001829290472
 20
8.565282202643377
 30
0.0
  0
SEQEND
  5
D80
330
D7B
100
AcDbEntity
  8
0
  6
Continuous
 62
    18
420
        0
370
    25
  0
POLYLINE
  5
D81
330
1F
100
AcDbEntity
  8
0
  6
Continuous
 62
    18
420
        0
370
    25
100
AcDb2dPolyline
 66
     1
 10
0.0
 20
0.0
 30
0.0
 70
     1
  0
VERTEX
  5
D82
330
D81
100
AcDbEntity
  8
0
  6
Continuous
 62
    18
420
        0
370
    25
100
AcDbVertex
100
AcDb2dVertex
 10
63.06386115458569
 20
15.21330651772172
 30
0.0
  0
VERTEX
  5
D83
330
D81
100
AcDbEntity
  8
0
  6
Continuous
 62
    18
420
        0
370
    25
100
AcDbVertex
100
AcDb2dVertex
 10
63.66386115458567
 20
15.21330651772172
 30
0.0
  0
VERTEX
  5
D84
330
D81
100
AcDbEntity
  8
0
  6
Continuous
 62
    18
420
        0
370
    25
100
AcDbVertex
100
AcDb2dVertex
 10
63.66386115458567
 20
15.81330651772171
 30
0.0
  0
VERTEX
  5
D85
330
D81
100
AcDbEntity
  8
0
  6
Continuous
 62
    18
420
        0
370
    25
100
AcDbVertex
100
AcDb2dVertex
 10
63.06386115458569
 20
15.81330651772171
 30
0.0
  0
SEQEND
  5
D86
330
D81
100
AcDbEntity
  8
0
  6
Continuous
 62
    18
420
        0
370
    25
  0
POLYLINE
  5
D87
330
1F
100
AcDbEntity
  8
0
  6
Continuous
 62
    18
420
        0
370
    25
100
AcDb2dPolyline
 66
     1
 10
0.0
 20
0.0
 30
0.0
 70
     1
  0
VERTEX
  5
D88
330
D87
100
AcDbEntity
  8
0
  6
Continuous
 62
    18
420
        0
370
    25
100
AcDbVertex
100
AcDb2dVertex
 10
63.72588748505001
 20
14.57991711197351
 30
0.0
  0
VERTEX
  5
D89
330
D87
100
AcDbEntity
  8
0
  6
Continuous
 62
    18
420
        0
370
    25
100
AcDbVertex
100
AcDb2dVertex
 10
64.55971862229596
 20
14.57991711197351
 30
0.0
  0
VERTEX
  5
D8A
330
D87
100
AcDbEntity
  8
0
  6
Continuous
 62
    18
420
        0
370
    25
100
AcDbVertex
100
AcDb2dVertex
 10
64.55971862229596
 20
16.43331428433547
 30
0.0
  0
VERTEX
  5
D8B
330
D87
100
AcDbEntity
  8
0
  6
Continuous
 62
    18
420
        0
370
    25
100
AcDbVertex
100
AcDb2dVertex
 10
63.72588748505001
 20
16.43331428433547
 30
0.0
  0
SEQEND
  5
D8C
330
D87
100
AcDbEntity
  8
0
  6
Continuous
 62
    18
420
        0
370
    25
  0
POLYLINE
  5
D8D
330
1F
100
AcDbEntity
  8
0
  6
Continuous
 62
    18
420
        0
370
    25
100
AcDb2dPolyline
 66
     1
 10
0.0
 20
0.0
 30
0.0
 70
     1
  0
VERTEX
  5
D8E
330
D8D
100
AcDbEntity
  8
0
  6
Continuous
 62
    18
420
        0
370
    25
100
AcDbVertex
100
AcDb2dVertex
 10
61.23001829290472
 20
13.72071374807071
 30
0.0
  0
VERTEX
  5
D8F
330
D8D
100
AcDbEntity
  8
0
  6
Continuous
 62
    18
420
        0
370
    25
100
AcDbVertex
100
AcDb2dVertex
 10
64.5600908363653
 20
13.72071374807071
 30
0.0
  0
VERTEX
  5
D90
330
D8D
100
AcDbEntity
  8
0
  6
Continuous
 62
    18
420
        0
370
    25
100
AcDbVertex
100
AcDb2dVertex
 10
64.5600908363653
 20
14.13762931669372
 30
0.0
  0
VERTEX
  5
D91
330
D8D
100
AcDbEntity
  8
0
  6
Continuous
 62
    18
420
        0
370
    25
100
AcDbVertex
100
AcDb2dVertex
 10
61.23001829290472
 20
14.13762931669372
 30
0.0
  0
SEQEND
  5
D92
330
D8D
100
AcDbEntity
  8
0
  6
Continuous
 62
    18
420
        0
370
    25
  0
POLYLINE
  5
D93
330
1F
100
AcDbEntity
  8
0
  6
Continuous
 62
    18
420
        0
370
    25
100
AcDb2dPolyline
 66
     1
 10
0.0
 20
0.0
 30
0.0
 70
     1
  0
VERTEX
  5
D94
330
D93
100
AcDbEntity
  8
0
  6
Continuous
 62
    18
420
        0
370
    25
100
AcDbVertex
100
AcDb2dVertex
 10
63.06386115458569
 20
20.67911919660183
 30
0.0
  0
VERTEX
  5
D95
330
D93
100
AcDbEntity
  8
0
  6
Continuous
 62
    18
420
        0
370
    25
100
AcDbVertex
100
AcDb2dVertex
 10
63.6638611545857
 20
20.67911919660183
 30
0.0
  0
VERTEX
  5
D96
330
D93
100
AcDbEntity
  8
0
  6
Continuous
 62
    18
420
        0
370
    25
100
AcDbVertex
100
AcDb2dVertex
 10
63.6638611545857
 20
21.27911919660183
 30
0.0
  0
VERTEX
  5
D97
330
D93
100
AcDbEntity
  8
0
  6
Continuous
 62
    18
420
        0
370
    25
100
AcDbVertex
100
AcDb2dVertex
 10
63.06386115458569
 20
21.27911919660183
 30
0.0
  0
SEQEND
  5
D98
330
D93
100
AcDbEntity
  8
0
  6
Continuous
 62
    18
420
        0
370
    25
  0
POLYLINE
  5
D99
330
1F
100
AcDbEntity
  8
0
  6
Continuous
 62
    18
420
        0
370
    25
100
AcDb2dPolyline
 66
     1
 10
0.0
 20
0.0
 30
0.0
 70
     1
  0
VERTEX
  5
D9A
330
D99
100
AcDbEntity
  8
0
  6
Continuous
 62
    18
420
        0
370
    25
100
AcDbVertex
100
AcDb2dVertex
 10
63.72588748505002
 20
20.04572979085363
 30
0.0
  0
VERTEX
  5
D9B
330
D99
100
AcDbEntity
  8
0
  6
Continuous
 62
    18
420
        0
370
    25
100
AcDbVertex
100
AcDb2dVertex
 10
64.559718622296
 20
20.04572979085363
 30
0.0
  0
VERTEX
  5
D9C
330
D99
100
AcDbEntity
  8
0
  6
Continuous
 62
    18
420
        0
370
    25
100
AcDbVertex
100
AcDb2dVertex
 10
64.559718622296
 20
21.89912696321558
 30
0.0
  0
VERTEX
  5
D9D
330
D99
100
AcDbEntity
  8
0
  6
Continuous
 62
    18
420
        0
370
    25
100
AcDbVertex
100
AcDb2dVertex
 10
63.72588748505002
 20
21.89912696321558
 30
0.0
  0
SEQEND
  5
D9E
330
D99
100
AcDbEntity
  8
0
  6
Continuous
 62
    18
420
        0
370
    25
  0
POLYLINE
  5
D9F
330
1F
100
AcDbEntity
  8
0
  6
Continuous
 62
    18
420
        0
370
    25
100
AcDb2dPolyline
 66
     1
 10
0.0
 20
0.0
 30
0.0
 70
     1
  0
VERTEX
  5
DA0
330
D9F
100
AcDbEntity
  8
0
  6
Continuous
 62
    18
420
        0
370
    25
100
AcDbVertex
100
AcDb2dVertex
 10
61.23001829290473
 20
19.18652642695082
 30
0.0
  0
VERTEX
  5
DA1
330
D9F
100
AcDbEntity
  8
0
  6
Continuous
 62
    18
420
        0
370
    25
100
AcDbVertex
100
AcDb2dVertex
 10
64.56009083636532
 20
19.18652642695082
 30
0.0
  0
VERTEX
  5
DA2
330
D9F
100
AcDbEntity
  8
0
  6
Continuous
 62
    18
420
        0
370
    25
100
AcDbVertex
100
AcDb2dVertex
 10
64.56009083636532
 20
19.60344199557383
 30
0.0
  0
VERTEX
  5
DA3
330
D9F
100
AcDbEntity
  8
0
  6
Continuous
 62
    18
420
        0
370
    25
100
AcDbVertex
100
AcDb2dVertex
 10
61.23001829290473
 20
19.60344199557383
 30
0.0
  0
SEQEND
  5
DA4
330
D9F
100
AcDbEntity
  8
0
  6
Continuous
 62
    18
420
        0
370
    25
  0
POLYLINE
  5
DA5
330
1F
100
AcDbEntity
  8
0
  6
Continuous
 62
    18
420
        0
370
    25
100
AcDb2dPolyline
 66
     1
 10
0.0
 20
0.0
 30
0.0
 70
     1
  0
VERTEX
  5
DA6
330
DA5
100
AcDbEntity
  8
0
  6
Continuous
 62
    18
420
        0
370
    25
100
AcDbVertex
100
AcDb2dVertex
 10
61.24118221788218
 20
27.88657438929411
 30
0.0
  0
VERTEX
  5
DA7
330
DA5
100
AcDbEntity
  8
0
  6
Continuous
 62
    18
420
        0
370
    25
100
AcDbVertex
100
AcDb2dVertex
 10
61.84118221788218
 20
27.88657438929411
 30
0.0
  0
VERTEX
  5
DA8
330
DA5
100
AcDbEntity
  8
0
  6
Continuous
 62
    18
420
        0
370
    25
100
AcDbVertex
100
AcDb2dVertex
 10
61.84118221788218
 20
28.48657438929411
 30
0.0
  0
VERTEX
  5
DA9
330
DA5
100
AcDbEntity
  8
0
  6
Continuous
 62
    18
420
        0
370
    25
100
AcDbVertex
100
AcDb2dVertex
 10
61.24118221788218
 20
28.48657438929411
 30
0.0
  0
SEQEND
  5
DAA
330
DA5
100
AcDbEntity
  8
0
  6
Continuous
 62
    18
420
        0
370
    25
  0
POLYLINE
  5
DAB
330
1F
100
AcDbEntity
  8
0
  6
Continuous
 62
    18
420
        0
370
    25
100
AcDb2dPolyline
 66
     1
 10
0.0
 20
0.0
 30
0.0
 70
     1
  0
VERTEX
  5
DAC
330
DAB
100
AcDbEntity
  8
0
  6
Continuous
 62
    18
420
        0
370
    25
100
AcDbVertex
100
AcDb2dVertex
 10
60.4775997410749
 20
27.88217632206569
 30
0.0
  0
VERTEX
  5
DAD
330
DAB
100
AcDbEntity
  8
0
  6
Continuous
 62
    18
420
        0
370
    25
100
AcDbVertex
100
AcDb2dVertex
 10
61.0775997410749
 20
27.88217632206569
 30
0.0
  0
VERTEX
  5
DAE
330
DAB
100
AcDbEntity
  8
0
  6
Continuous
 62
    18
420
        0
370
    25
100
AcDbVertex
100
AcDb2dVertex
 10
61.0775997410749
 20
28.48217632206571
 30
0.0
  0
VERTEX
  5
DAF
330
DAB
100
AcDbEntity
  8
0
  6
Continuous
 62
    18
420
        0
370
    25
100
AcDbVertex
100
AcDb2dVertex
 10
60.4775997410749
 20
28.48217632206571
 30
0.0
  0
SEQEND
  5
DB0
330
DAB
100
AcDbEntity
  8
0
  6
Continuous
 62
    18
420
        0
370
    25
  0
POLYLINE
  5
DB1
330
1F
100
AcDbEntity
  8
0
  6
Continuous
 62
    18
420
        0
370
    25
100
AcDb2dPolyline
 66
     1
 10
0.0
 20
0.0
 30
0.0
 70
     1
  0
VERTEX
  5
DB2
330
DB1
100
AcDbEntity
  8
0
  6
Continuous
 62
    18
420
        0
370
    25
100
AcDbVertex
100
AcDb2dVertex
 10
59.11555430053825
 20
27.39908865915181
 30
0.0
  0
VERTEX
  5
DB3
330
DB1
100
AcDbEntity
  8
0
  6
Continuous
 62
    18
420
        0
370
    25
100
AcDbVertex
100
AcDb2dVertex
 10
59.53246986916122
 20
27.39908865915181
 30
0.0
  0
VERTEX
  5
DB4
330
DB1
100
AcDbEntity
  8
0
  6
Continuous
 62
    18
420
        0
370
    25
100
AcDbVertex
100
AcDb2dVertex
 10
59.53246986916122
 20
28.49956182445152
 30
0.0
  0
VERTEX
  5
DB5
330
DB1
100
AcDbEntity
  8
0
  6
Continuous
 62
    18
420
        0
370
    25
100
AcDbVertex
100
AcDb2dVertex
 10
59.11555430053825
 20
28.49956182445152
 30
0.0
  0
SEQEND
  5
DB6
330
DB1
100
AcDbEntity
  8
0
  6
Continuous
 62
    18
420
        0
370
    25
  0
POLYLINE
  5
DB7
330
1F
100
AcDbEntity
  8
0
  6
Continuous
 62
    18
420
        0
370
    25
100
AcDb2dPolyline
 66
     1
 10
0.0
 20
0.0
 30
0.0
 70
     1
  0
VERTEX
  5
DB8
330
DB7
100
AcDbEntity
  8
0
  6
Continuous
 62
    18
420
        0
370
    25
100
AcDbVertex
100
AcDb2dVertex
 10
62.68625927968267
 20
27.65729043833127
 30
0.0
  0
VERTEX
  5
DB9
330
DB7
100
AcDbEntity
  8
0
  6
Continuous
 62
    18
420
        0
370
    25
100
AcDbVertex
100
AcDb2dVertex
 10
64.53965645204458
 20
27.65729043833127
 30
0.0
  0
VERTEX
  5
DBA
330
DB7
100
AcDbEntity
  8
0
  6
Continuous
 62
    18
420
        0
370
    25
100
AcDbVertex
100
AcDb2dVertex
 10
64.53965645204458
 20
28.49112157557725
 30
0.0
  0
VERTEX
  5
DBB
330
DB7
100
AcDbEntity
  8
0
  6
Continuous
 62
    18
420
        0
370
    25
100
AcDbVertex
100
AcDb2dVertex
 10
62.68625927968267
 20
28.49112157557725
 30
0.0
  0
SEQEND
  5
DBC
330
DB7
100
AcDbEntity
  8
0
  6
Continuous
 62
    18
420
        0
370
    25
  0
POLYLINE
  5
DBD
330
1F
100
AcDbEntity
  8
0
  6
Continuous
 62
    18
420
        0
370
    25
100
AcDb2dPolyline
 66
     1
 10
0.0
 20
0.0
 30
0.0
 70
     1
  0
VERTEX
  5
DBE
330
DBD
100
AcDbEntity
  8
0
  6
Continuous
 62
    18
420
        0
370
    25
100
AcDbVertex
100
AcDb2dVertex
 10
63.30626704629639
 20
26.99526410786697
 30
0.0
  0
VERTEX
  5
DBF
330
DBD
100
AcDbEntity
  8
0
  6
Continuous
 62
    18
420
        0
370
    25
100
AcDbVertex
100
AcDb2dVertex
 10
63.90626704629639
 20
26.99526410786697
 30
0.0
  0
VERTEX
  5
DC0
330
DBD
100
AcDbEntity
  8
0
  6
Continuous
 62
    18
420
        0
370
    25
100
AcDbVertex
100
AcDb2dVertex
 10
63.90626704629639
 20
27.59526410786695
 30
0.0
  0
VERTEX
  5
DC1
330
DBD
100
AcDbEntity
  8
0
  6
Continuous
 62
    18
420
        0
370
    25
100
AcDbVertex
100
AcDb2dVertex
 10
63.30626704629639
 20
27.59526410786695
 30
0.0
  0
SEQEND
  5
DC2
330
DBD
100
AcDbEntity
  8
0
  6
Continuous
 62
    18
420
        0
370
    25
  0
POLYLINE
  5
DC3
330
1F
100
AcDbEntity
  8
0
  6
Continuous
 62
    18
420
        0
370
    25
100
AcDb2dPolyline
 66
     1
 10
0.0
 20
0.0
 30
0.0
 70
     1
  0
VERTEX
  5
DC4
330
DC3
100
AcDbEntity
  8
0
  6
Continuous
 62
    18
420
        0
370
    25
100
AcDbVertex
100
AcDb2dVertex
 10
61.23652435218911
 20
24.67020315339406
 30
0.0
  0
VERTEX
  5
DC5
330
DC3
100
AcDbEntity
  8
0
  6
Continuous
 62
    18
420
        0
370
    25
100
AcDbVertex
100
AcDb2dVertex
 10
64.56659689564971
 20
24.67020315339406
 30
0.0
  0
VERTEX
  5
DC6
330
DC3
100
AcDbEntity
  8
0
  6
Continuous
 62
    18
420
        0
370
    25
100
AcDbVertex
100
AcDb2dVertex
 10
64.56659689564971
 20
25.08711872201707
 30
0.0
  0
VERTEX
  5
DC7
330
DC3
100
AcDbEntity
  8
0
  6
Continuous
 62
    18
420
        0
370
    25
100
AcDbVertex
100
AcDb2dVertex
 10
61.23652435218911
 20
25.08711872201707
 30
0.0
  0
SEQEND
  5
DC8
330
DC3
100
AcDbEntity
  8
0
  6
Continuous
 62
    18
420
        0
370
    25
  0
POLYLINE
  5
DC9
330
1F
100
AcDbEntity
  8
0
  6
Continuous
 62
    18
420
        0
370
    25
100
AcDb2dPolyline
 66
     1
 10
0.0
 20
0.0
 30
0.0
 70
     1
  0
VERTEX
  5
DCA
330
DC9
100
AcDbEntity
  8
0
  6
Continuous
 62
    18
420
        0
370
    25
100
AcDbVertex
100
AcDb2dVertex
 10
61.23925879937094
 20
23.84887022446288
 30
0.0
  0
VERTEX
  5
DCB
330
DC9
100
AcDbEntity
  8
0
  6
Continuous
 62
    18
420
        0
370
    25
100
AcDbVertex
100
AcDb2dVertex
 10
61.83925879937093
 20
23.84887022446288
 30
0.0
  0
VERTEX
  5
DCC
330
DC9
100
AcDbEntity
  8
0
  6
Continuous
 62
    18
420
        0
370
    25
100
AcDbVertex
100
AcDb2dVertex
 10
61.83925879937093
 20
24.44887022446287
 30
0.0
  0
VERTEX
  5
DCD
330
DC9
100
AcDbEntity
  8
0
  6
Continuous
 62
    18
420
        0
370
    25
100
AcDbVertex
100
AcDb2dVertex
 10
61.23925879937094
 20
24.44887022446287
 30
0.0
  0
SEQEND
  5
DCE
330
DC9
100
AcDbEntity
  8
0
  6
Continuous
 62
    18
420
        0
370
    25
  0
POLYLINE
  5
DCF
330
1F
100
AcDbEntity
  8
0
  6
Continuous
 62
    18
420
        0
370
    25
100
AcDb2dPolyline
 66
     1
 10
0.0
 20
0.0
 30
0.0
 70
     1
  0
VERTEX
  5
DD0
330
DCF
100
AcDbEntity
  8
0
  6
Continuous
 62
    18
420
        0
370
    25
100
AcDbVertex
100
AcDb2dVertex
 10
60.47567632256366
 20
23.84447215723445
 30
0.0
  0
VERTEX
  5
DD1
330
DCF
100
AcDbEntity
  8
0
  6
Continuous
 62
    18
420
        0
370
    25
100
AcDbVertex
100
AcDb2dVertex
 10
61.07567632256366
 20
23.84447215723445
 30
0.0
  0
VERTEX
  5
DD2
330
DCF
100
AcDbEntity
  8
0
  6
Continuous
 62
    18
420
        0
370
    25
100
AcDbVertex
100
AcDb2dVertex
 10
61.07567632256366
 20
24.44447215723446
 30
0.0
  0
VERTEX
  5
DD3
330
DCF
100
AcDbEntity
  8
0
  6
Continuous
 62
    18
420
        0
370
    25
100
AcDbVertex
100
AcDb2dVertex
 10
60.47567632256366
 20
24.44447215723446
 30
0.0
  0
SEQEND
  5
DD4
330
DCF
100
AcDbEntity
  8
0
  6
Continuous
 62
    18
420
        0
370
    25
  0
POLYLINE
  5
DD5
330
1F
100
AcDbEntity
  8
0
  6
Continuous
 62
    18
420
        0
370
    25
100
AcDb2dPolyline
 66
     1
 10
0.0
 20
0.0
 30
0.0
 70
     1
  0
VERTEX
  5
DD6
330
DD5
100
AcDbEntity
  8
0
  6
Continuous
 62
    18
420
        0
370
    25
100
AcDbVertex
100
AcDb2dVertex
 10
59.11363088202702
 20
23.36138449432056
 30
0.0
  0
VERTEX
  5
DD7
330
DD5
100
AcDbEntity
  8
0
  6
Continuous
 62
    18
420
        0
370
    25
100
AcDbVertex
100
AcDb2dVertex
 10
59.53054645064998
 20
23.36138449432056
 30
0.0
  0
VERTEX
  5
DD8
330
DD5
100
AcDbEntity
  8
0
  6
Continuous
 62
    18
420
        0
370
    25
100
AcDbVertex
100
AcDb2dVertex
 10
59.53054645064998
 20
24.46185765962029
 30
0.0
  0
VERTEX
  5
DD9
330
DD5
100
AcDbEntity
  8
0
  6
Continuous
 62
    18
420
        0
370
    25
100
AcDbVertex
100
AcDb2dVertex
 10
59.11363088202702
 20
24.46185765962029
 30
0.0
  0
SEQEND
  5
DDA
330
DD5
100
AcDbEntity
  8
0
  6
Continuous
 62
    18
420
        0
370
    25
  0
POLYLINE
  5
DDB
330
1F
100
AcDbEntity
  8
0
  6
Continuous
 62
    18
420
        0
370
    25
100
AcDb2dPolyline
 66
     1
 10
0.0
 20
0.0
 30
0.0
 70
     1
  0
VERTEX
  5
DDC
330
DDB
100
AcDbEntity
  8
0
  6
Continuous
 62
    18
420
        0
370
    25
100
AcDbVertex
100
AcDb2dVertex
 10
62.68433586117143
 20
23.61958627350004
 30
0.0
  0
VERTEX
  5
DDD
330
DDB
100
AcDbEntity
  8
0
  6
Continuous
 62
    18
420
        0
370
    25
100
AcDbVertex
100
AcDb2dVertex
 10
64.53773303353337
 20
23.61958627350004
 30
0.0
  0
VERTEX
  5
DDE
330
DDB
100
AcDbEntity
  8
0
  6
Continuous
 62
    18
420
        0
370
    25
100
AcDbVertex
100
AcDb2dVertex
 10
64.53773303353337
 20
24.45341741074602
 30
0.0
  0
VERTEX
  5
DDF
330
DDB
100
AcDbEntity
  8
0
  6
Continuous
 62
    18
420
        0
370
    25
100
AcDbVertex
100
AcDb2dVertex
 10
62.68433586117143
 20
24.45341741074602
 30
0.0
  0
SEQEND
  5
DE0
330
DDB
100
AcDbEntity
  8
0
  6
Continuous
 62
    18
420
        0
370
    25
  0
POLYLINE
  5
DE1
330
1F
100
AcDbEntity
  8
0
  6
Continuous
 62
    18
420
        0
370
    25
100
AcDb2dPolyline
 66
     1
 10
0.0
 20
0.0
 30
0.0
 70
     1
  0
VERTEX
  5
DE2
330
DE1
100
AcDbEntity
  8
0
  6
Continuous
 62
    18
420
        0
370
    25
100
AcDbVertex
100
AcDb2dVertex
 10
63.30434362778515
 20
22.95755994303573
 30
0.0
  0
VERTEX
  5
DE3
330
DE1
100
AcDbEntity
  8
0
  6
Continuous
 62
    18
420
        0
370
    25
100
AcDbVertex
100
AcDb2dVertex
 10
63.90434362778515
 20
22.95755994303573
 30
0.0
  0
VERTEX
  5
DE4
330
DE1
100
AcDbEntity
  8
0
  6
Continuous
 62
    18
420
        0
370
    25
100
AcDbVertex
100
AcDb2dVertex
 10
63.90434362778515
 20
23.55755994303572
 30
0.0
  0
VERTEX
  5
DE5
330
DE1
100
AcDbEntity
  8
0
  6
Continuous
 62
    18
420
        0
370
    25
100
AcDbVertex
100
AcDb2dVertex
 10
63.30434362778515
 20
23.55755994303572
 30
0.0
  0
SEQEND
  5
DE6
330
DE1
100
AcDbEntity
  8
0
  6
Continuous
 62
    18
420
        0
370
    25
  0
POLYLINE
  5
DE7
330
1F
100
AcDbEntity
  8
0
  6
Continuous
 62
    18
420
        0
370
    25
100
AcDb2dPolyline
 66
     1
 10
0.0
 20
0.0
 30
0.0
 70
     1
  0
VERTEX
  5
DE8
330
DE7
100
AcDbEntity
  8
0
  6
Continuous
 62
    18
420
        0
370
    25
100
AcDbVertex
100
AcDb2dVertex
 10
61.2350473904466
 20
18.36671959470065
 30
0.0
  0
VERTEX
  5
DE9
330
DE7
100
AcDbEntity
  8
0
  6
Continuous
 62
    18
420
        0
370
    25
100
AcDbVertex
100
AcDb2dVertex
 10
61.83504739044658
 20
18.36671959470065
 30
0.0
  0
VERTEX
  5
DEA
330
DE7
100
AcDbEntity
  8
0
  6
Continuous
 62
    18
420
        0
370
    25
100
AcDbVertex
100
AcDb2dVertex
 10
61.83504739044658
 20
18.96671959470064
 30
0.0
  0
VERTEX
  5
DEB
330
DE7
100
AcDbEntity
  8
0
  6
Continuous
 62
    18
420
        0
370
    25
100
AcDbVertex
100
AcDb2dVertex
 10
61.2350473904466
 20
18.96671959470064
 30
0.0
  0
SEQEND
  5
DEC
330
DE7
100
AcDbEntity
  8
0
  6
Continuous
 62
    18
420
        0
370
    25
  0
POLYLINE
  5
DED
330
1F
100
AcDbEntity
  8
0
  6
Continuous
 62
    18
420
        0
370
    25
100
AcDb2dPolyline
 66
     1
 10
0.0
 20
0.0
 30
0.0
 70
     1
  0
VERTEX
  5
DEE
330
DED
100
AcDbEntity
  8
0
  6
Continuous
 62
    18
420
        0
370
    25
100
AcDbVertex
100
AcDb2dVertex
 10
60.47146491363933
 20
18.36232152747223
 30
0.0
  0
VERTEX
  5
DEF
330
DED
100
AcDbEntity
  8
0
  6
Continuous
 62
    18
420
        0
370
    25
100
AcDbVertex
100
AcDb2dVertex
 10
61.07146491363932
 20
18.36232152747223
 30
0.0
  0
VERTEX
  5
DF0
330
DED
100
AcDbEntity
  8
0
  6
Continuous
 62
    18
420
        0
370
    25
100
AcDbVertex
100
AcDb2dVertex
 10
61.07146491363932
 20
18.96232152747223
 30
0.0
  0
VERTEX
  5
DF1
330
DED
100
AcDbEntity
  8
0
  6
Continuous
 62
    18
420
        0
370
    25
100
AcDbVertex
100
AcDb2dVertex
 10
60.47146491363933
 20
18.96232152747223
 30
0.0
  0
SEQEND
  5
DF2
330
DED
100
AcDbEntity
  8
0
  6
Continuous
 62
    18
420
        0
370
    25
  0
POLYLINE
  5
DF3
330
1F
100
AcDbEntity
  8
0
  6
Continuous
 62
    18
420
        0
370
    25
100
AcDb2dPolyline
 66
     1
 10
0.0
 20
0.0
 30
0.0
 70
     1
  0
VERTEX
  5
DF4
330
DF3
100
AcDbEntity
  8
0
  6
Continuous
 62
    18
420
        0
370
    25
100
AcDbVertex
100
AcDb2dVertex
 10
59.10941947310265
 20
17.87923386455834
 30
0.0
  0
VERTEX
  5
DF5
330
DF3
100
AcDbEntity
  8
0
  6
Continuous
 62
    18
420
        0
370
    25
100
AcDbVertex
100
AcDb2dVertex
 10
59.52633504172564
 20
17.87923386455834
 30
0.0
  0
VERTEX
  5
DF6
330
DF3
100
AcDbEntity
  8
0
  6
Continuous
 62
    18
420
        0
370
    25
100
AcDbVertex
100
AcDb2dVertex
 10
59.52633504172564
 20
18.97970702985805
 30
0.0
  0
VERTEX
  5
DF7
330
DF3
100
AcDbEntity
  8
0
  6
Continuous
 62
    18
420
        0
370
    25
100
AcDbVertex
100
AcDb2dVertex
 10
59.10941947310265
 20
18.97970702985805
 30
0.0
  0
SEQEND
  5
DF8
330
DF3
100
AcDbEntity
  8
0
  6
Continuous
 62
    18
420
        0
370
    25
  0
POLYLINE
  5
DF9
330
1F
100
AcDbEntity
  8
0
  6
Continuous
 62
    18
420
        0
370
    25
100
AcDb2dPolyline
 66
     1
 10
0.0
 20
0.0
 30
0.0
 70
     1
  0
VERTEX
  5
DFA
330
DF9
100
AcDbEntity
  8
0
  6
Continuous
 62
    18
420
        0
370
    25
100
AcDbVertex
100
AcDb2dVertex
 10
62.6801244522471
 20
18.13743564373781
 30
0.0
  0
VERTEX
  5
DFB
330
DF9
100
AcDbEntity
  8
0
  6
Continuous
 62
    18
420
        0
370
    25
100
AcDbVertex
100
AcDb2dVertex
 10
64.53352162460902
 20
18.13743564373781
 30
0.0
  0
VERTEX
  5
DFC
330
DF9
100
AcDbEntity
  8
0
  6
Continuous
 62
    18
420
        0
370
    25
100
AcDbVertex
100
AcDb2dVertex
 10
64.53352162460902
 20
18.97126678098379
 30
0.0
  0
VERTEX
  5
DFD
330
DF9
100
AcDbEntity
  8
0
  6
Continuous
 62
    18
420
        0
370
    25
100
AcDbVertex
100
AcDb2dVertex
 10
62.6801244522471
 20
18.97126678098379
 30
0.0
  0
SEQEND
  5
DFE
330
DF9
100
AcDbEntity
  8
0
  6
Continuous
 62
    18
420
        0
370
    25
  0
POLYLINE
  5
DFF
330
1F
100
AcDbEntity
  8
0
  6
Continuous
 62
    18
420
        0
370
    25
100
AcDb2dPolyline
 66
     1
 10
0.0
 20
0.0
 30
0.0
 70
     1
  0
VERTEX
  5
E00
330
DFF
100
AcDbEntity
  8
0
  6
Continuous
 62
    18
420
        0
370
    25
100
AcDbVertex
100
AcDb2dVertex
 10
41.90625000000002
 20
9.79957556263885
 30
0.0
  0
VERTEX
  5
E01
330
DFF
100
AcDbEntity
  8
0
  6
Continuous
 62
    18
420
        0
370
    25
100
AcDbVertex
100
AcDb2dVertex
 10
42.09375000000001
 20
9.79957556263885
 30
0.0
  0
VERTEX
  5
E02
330
DFF
100
AcDbEntity
  8
0
  6
Continuous
 62
    18
420
        0
370
    25
100
AcDbVertex
100
AcDb2dVertex
 10
42.09375000000001
 20
9.987075562638854
 30
0.0
  0
VERTEX
  5
E03
330
DFF
100
AcDbEntity
  8
0
  6
Continuous
 62
    18
420
        0
370
    25
100
AcDbVertex
100
AcDb2dVertex
 10
41.90625000000002
 20
9.987075562638854
 30
0.0
  0
SEQEND
  5
E04
330
DFF
100
AcDbEntity
  8
0
  6
Continuous
 62
    18
420
        0
370
    25
  0
POLYLINE
  5
E05
330
1F
100
AcDbEntity
  8
0
  6
Continuous
 62
    18
420
        0
370
    25
100
AcDb2dPolyline
 66
     1
 10
0.0
 20
0.0
 30
0.0
 70
     1
  0
VERTEX
  5
E06
330
E05
100
AcDbEntity
  8
0
  6
Continuous
 62
    18
420
        0
370
    25
100
AcDbVertex
100
AcDb2dVertex
 10
46.97225000000002
 20
9.79957556263885
 30
0.0
  0
VERTEX
  5
E07
330
E05
100
AcDbEntity
  8
0
  6
Continuous
 62
    18
420
        0
370
    25
100
AcDbVertex
100
AcDb2dVertex
 10
47.15975000000002
 20
9.79957556263885
 30
0.0
  0
VERTEX
  5
E08
330
E05
100
AcDbEntity
  8
0
  6
Continuous
 62
    18
420
        0
370
    25
100
AcDbVertex
100
AcDb2dVertex
 10
47.15975000000002
 20
9.987075562638854
 30
0.0
  0
VERTEX
  5
E09
330
E05
100
AcDbEntity
  8
0
  6
Continuous
 62
    18
420
        0
370
    25
100
AcDbVertex
100
AcDb2dVertex
 10
46.97225000000002
 20
9.987075562638854
 30
0.0
  0
SEQEND
  5
E0A
330
E05
100
AcDbEntity
  8
0
  6
Continuous
 62
    18
420
        0
370
    25
  0
POLYLINE
  5
E0B
330
1F
100
AcDbEntity
  8
0
  6
Continuous
 62
    18
420
        0
370
    25
100
AcDb2dPolyline
 66
     1
 10
0.0
 20
0.0
 30
0.0
 70
     1
  0
VERTEX
  5
E0C
330
E0B
100
AcDbEntity
  8
0
  6
Continuous
 62
    18
420
        0
370
    25
100
AcDbVertex
100
AcDb2dVertex
 10
49.29150000000001
 20
12.74565889597219
 30
0.0
  0
VERTEX
  5
E0D
330
E0B
100
AcDbEntity
  8
0
  6
Continuous
 62
    18
420
        0
370
    25
100
AcDbVertex
100
AcDb2dVertex
 10
49.479
 20
12.74565889597219
 30
0.0
  0
VERTEX
  5
E0E
330
E0B
100
AcDbEntity
  8
0
  6
Continuous
 62
    18
420
        0
370
    25
100
AcDbVertex
100
AcDb2dVertex
 10
49.479
 20
12.9331588959722
 30
0.0
  0
VERTEX
  5
E0F
330
E0B
100
AcDbEntity
  8
0
  6
Continuous
 62
    18
420
        0
370
    25
100
AcDbVertex
100
AcDb2dVertex
 10
49.29150000000001
 20
12.9331588959722
 30
0.0
  0
SEQEND
  5
E10
330
E0B
100
AcDbEntity
  8
0
  6
Continuous
 62
    18
420
        0
370
    25
  0
POLYLINE
  5
E11
330
1F
100
AcDbEntity
  8
0
  6
Continuous
 62
    18
420
        0
370
    25
100
AcDb2dPolyline
 66
     1
 10
0.0
 20
0.0
 30
0.0
 70
     1
  0
VERTEX
  5
E12
330
E11
100
AcDbEntity
  8
0
  6
Continuous
 62
    18
420
        0
370
    25
100
AcDbVertex
100
AcDb2dVertex
 10
46.87850000000001
 20
12.76682556263886
 30
0.0
  0
VERTEX
  5
E13
330
E11
100
AcDbEntity
  8
0
  6
Continuous
 62
    18
420
        0
370
    25
100
AcDbVertex
100
AcDb2dVertex
 10
47.066
 20
12.76682556263886
 30
0.0
  0
VERTEX
  5
E14
330
E11
100
AcDbEntity
  8
0
  6
Continuous
 62
    18
420
        0
370
    25
100
AcDbVertex
100
AcDb2dVertex
 10
47.066
 20
12.95432556263887
 30
0.0
  0
VERTEX
  5
E15
330
E11
100
AcDbEntity
  8
0
  6
Continuous
 62
    18
420
        0
370
    25
100
AcDbVertex
100
AcDb2dVertex
 10
46.87850000000001
 20
12.95432556263887
 30
0.0
  0
SEQEND
  5
E16
330
E11
100
AcDbEntity
  8
0
  6
Continuous
 62
    18
420
        0
370
    25
  0
POLYLINE
  5
E17
330
1F
100
AcDbEntity
  8
0
  6
Continuous
 62
    18
420
        0
370
    25
100
AcDb2dPolyline
 66
     1
 10
0.0
 20
0.0
 30
0.0
 70
     1
  0
VERTEX
  5
E18
330
E17
100
AcDbEntity
  8
0
  6
Continuous
 62
    18
420
        0
370
    25
100
AcDbVertex
100
AcDb2dVertex
 10
48.26816666666666
 20
14.96463545847219
 30
0.0
  0
VERTEX
  5
E19
330
E17
100
AcDbEntity
  8
0
  6
Continuous
 62
    18
420
        0
370
    25
100
AcDbVertex
100
AcDb2dVertex
 10
48.26816666666666
 20
14.77713545847219
 30
0.0
  0
VERTEX
  5
E1A
330
E17
100
AcDbEntity
  8
0
  6
Continuous
 62
    18
420
        0
370
    25
100
AcDbVertex
100
AcDb2dVertex
 10
48.45566666666667
 20
14.77713545847219
 30
0.0
  0
VERTEX
  5
E1B
330
E17
100
AcDbEntity
  8
0
  6
Continuous
 62
    18
420
        0
370
    25
100
AcDbVertex
100
AcDb2dVertex
 10
48.45566666666667
 20
14.96463545847219
 30
0.0
  0
SEQEND
  5
E1C
330
E17
100
AcDbEntity
  8
0
  6
Continuous
 62
    18
420
        0
370
    25
  0
POLYLINE
  5
E1D
330
1F
100
AcDbEntity
  8
0
  6
Continuous
 62
    18
420
        0
370
    25
100
AcDb2dPolyline
 66
     1
 10
0.0
 20
0.0
 30
0.0
 70
     1
  0
VERTEX
  5
E1E
330
E1D
100
AcDbEntity
  8
0
  6
Continuous
 62
    18
420
        0
370
    25
100
AcDbVertex
100
AcDb2dVertex
 10
48.26816666666666
 20
18.52063545847219
 30
0.0
  0
VERTEX
  5
E1F
330
E1D
100
AcDbEntity
  8
0
  6
Continuous
 62
    18
420
        0
370
    25
100
AcDbVertex
100
AcDb2dVertex
 10
48.26816666666666
 20
18.33313545847219
 30
0.0
  0
VERTEX
  5
E20
330
E1D
100
AcDbEntity
  8
0
  6
Continuous
 62
    18
420
        0
370
    25
100
AcDbVertex
100
AcDb2dVertex
 10
48.45566666666667
 20
18.33313545847219
 30
0.0
  0
VERTEX
  5
E21
330
E1D
100
AcDbEntity
  8
0
  6
Continuous
 62
    18
420
        0
370
    25
100
AcDbVertex
100
AcDb2dVertex
 10
48.45566666666667
 20
18.52063545847219
 30
0.0
  0
SEQEND
  5
E22
330
E1D
100
AcDbEntity
  8
0
  6
Continuous
 62
    18
420
        0
370
    25
  0
POLYLINE
  5
E23
330
1F
100
AcDbEntity
  8
0
  6
Continuous
 62
    18
420
        0
370
    25
100
AcDb2dPolyline
 66
     1
 10
0.0
 20
0.0
 30
0.0
 70
     1
  0
VERTEX
  5
E24
330
E23
100
AcDbEntity
  8
0
  6
Continuous
 62
    18
420
        0
370
    25
100
AcDbVertex
100
AcDb2dVertex
 10
45.28366666666668
 20
14.96463545847219
 30
0.0
  0
VERTEX
  5
E25
330
E23
100
AcDbEntity
  8
0
  6
Continuous
 62
    18
420
        0
370
    25
100
AcDbVertex
100
AcDb2dVertex
 10
45.28366666666668
 20
14.77713545847219
 30
0.0
  0
VERTEX
  5
E26
330
E23
100
AcDbEntity
  8
0
  6
Continuous
 62
    18
420
        0
370
    25
100
AcDbVertex
100
AcDb2dVertex
 10
45.47116666666667
 20
14.77713545847219
 30
0.0
  0
VERTEX
  5
E27
330
E23
100
AcDbEntity
  8
0
  6
Continuous
 62
    18
420
        0
370
    25
100
AcDbVertex
100
AcDb2dVertex
 10
45.47116666666667
 20
14.96463545847219
 30
0.0
  0
SEQEND
  5
E28
330
E23
100
AcDbEntity
  8
0
  6
Continuous
 62
    18
420
        0
370
    25
  0
POLYLINE
  5
E29
330
1F
100
AcDbEntity
  8
0
  6
Continuous
 62
    18
420
        0
370
    25
100
AcDb2dPolyline
 66
     1
 10
0.0
 20
0.0
 30
0.0
 70
     1
  0
VERTEX
  5
E2A
330
E29
100
AcDbEntity
  8
0
  6
Continuous
 62
    18
420
        0
370
    25
100
AcDbVertex
100
AcDb2dVertex
 10
45.17783333333335
 20
20.2991588959722
 30
0.0
  0
VERTEX
  5
E2B
330
E29
100
AcDbEntity
  8
0
  6
Continuous
 62
    18
420
        0
370
    25
100
AcDbVertex
100
AcDb2dVertex
 10
45.17783333333335
 20
20.11165889597219
 30
0.0
  0
VERTEX
  5
E2C
330
E29
100
AcDbEntity
  8
0
  6
Continuous
 62
    18
420
        0
370
    25
100
AcDbVertex
100
AcDb2dVertex
 10
45.36533333333334
 20
20.11165889597219
 30
0.0
  0
VERTEX
  5
E2D
330
E29
100
AcDbEntity
  8
0
  6
Continuous
 62
    18
420
        0
370
    25
100
AcDbVertex
100
AcDb2dVertex
 10
45.36533333333334
 20
20.2991588959722
 30
0.0
  0
SEQEND
  5
E2E
330
E29
100
AcDbEntity
  8
0
  6
Continuous
 62
    18
420
        0
370
    25
  0
POLYLINE
  5
E2F
330
1F
100
AcDbEntity
  8
0
  6
Continuous
 62
    18
420
        0
370
    25
100
AcDb2dPolyline
 66
     1
 10
0.0
 20
0.0
 30
0.0
 70
     1
  0
VERTEX
  5
E30
330
E2F
100
AcDbEntity
  8
0
  6
Continuous
 62
    18
420
        0
370
    25
100
AcDbVertex
100
AcDb2dVertex
 10
45.17783333333335
 20
18.9021588959722
 30
0.0
  0
VERTEX
  5
E31
330
E2F
100
AcDbEntity
  8
0
  6
Continuous
 62
    18
420
        0
370
    25
100
AcDbVertex
100
AcDb2dVertex
 10
45.17783333333335
 20
18.71465889597219
 30
0.0
  0
VERTEX
  5
E32
330
E2F
100
AcDbEntity
  8
0
  6
Continuous
 62
    18
420
        0
370
    25
100
AcDbVertex
100
AcDb2dVertex
 10
45.36533333333334
 20
18.71465889597219
 30
0.0
  0
VERTEX
  5
E33
330
E2F
100
AcDbEntity
  8
0
  6
Continuous
 62
    18
420
        0
370
    25
100
AcDbVertex
100
AcDb2dVertex
 10
45.36533333333334
 20
18.9021588959722
 30
0.0
  0
SEQEND
  5
E34
330
E2F
100
AcDbEntity
  8
0
  6
Continuous
 62
    18
420
        0
370
    25
  0
POLYLINE
  5
E35
330
1F
100
AcDbEntity
  8
0
  6
Continuous
 62
    18
420
        0
370
    25
100
AcDb2dPolyline
 66
     1
 10
0.0
 20
0.0
 30
0.0
 70
     1
  0
VERTEX
  5
E36
330
E35
100
AcDbEntity
  8
0
  6
Continuous
 62
    18
420
        0
370
    25
100
AcDbVertex
100
AcDb2dVertex
 10
45.28366666666668
 20
18.52063545847219
 30
0.0
  0
VERTEX
  5
E37
330
E35
100
AcDbEntity
  8
0
  6
Continuous
 62
    18
420
        0
370
    25
100
AcDbVertex
100
AcDb2dVertex
 10
45.28366666666668
 20
18.33313545847219
 30
0.0
  0
VERTEX
  5
E38
330
E35
100
AcDbEntity
  8
0
  6
Continuous
 62
    18
420
        0
370
    25
100
AcDbVertex
100
AcDb2dVertex
 10
45.47116666666667
 20
18.33313545847219
 30
0.0
  0
VERTEX
  5
E39
330
E35
100
AcDbEntity
  8
0
  6
Continuous
 62
    18
420
        0
370
    25
100
AcDbVertex
100
AcDb2dVertex
 10
45.47116666666667
 20
18.52063545847219
 30
0.0
  0
SEQEND
  5
E3A
330
E35
100
AcDbEntity
  8
0
  6
Continuous
 62
    18
420
        0
370
    25
  0
POLYLINE
  5
E3B
330
1F
100
AcDbEntity
  8
0
  6
Continuous
 62
    18
420
        0
370
    25
100
AcDb2dPolyline
 66
     1
 10
0.0
 20
0.0
 30
0.0
 70
     1
  0
VERTEX
  5
E3C
330
E3B
100
AcDbEntity
  8
0
  6
Continuous
 62
    18
420
        0
370
    25
100
AcDbVertex
100
AcDb2dVertex
 10
48.26816666666666
 20
16.80613545847219
 30
0.0
  0
VERTEX
  5
E3D
330
E3B
100
AcDbEntity
  8
0
  6
Continuous
 62
    18
420
        0
370
    25
100
AcDbVertex
100
AcDb2dVertex
 10
48.26816666666666
 20
16.61863545847219
 30
0.0
  0
VERTEX
  5
E3E
330
E3B
100
AcDbEntity
  8
0
  6
Continuous
 62
    18
420
        0
370
    25
100
AcDbVertex
100
AcDb2dVertex
 10
48.45566666666667
 20
16.61863545847219
 30
0.0
  0
VERTEX
  5
E3F
330
E3B
100
AcDbEntity
  8
0
  6
Continuous
 62
    18
420
        0
370
    25
100
AcDbVertex
100
AcDb2dVertex
 10
48.45566666666667
 20
16.80613545847219
 30
0.0
  0
SEQEND
  5
E40
330
E3B
100
AcDbEntity
  8
0
  6
Continuous
 62
    18
420
        0
370
    25
  0
POLYLINE
  5
E41
330
1F
100
AcDbEntity
  8
0
  6
Continuous
 62
    18
420
        0
370
    25
100
AcDb2dPolyline
 66
     1
 10
0.0
 20
0.0
 30
0.0
 70
     1
  0
VERTEX
  5
E42
330
E41
100
AcDbEntity
  8
0
  6
Continuous
 62
    18
420
        0
370
    25
100
AcDbVertex
100
AcDb2dVertex
 10
45.28366666666668
 20
16.80613545847219
 30
0.0
  0
VERTEX
  5
E43
330
E41
100
AcDbEntity
  8
0
  6
Continuous
 62
    18
420
        0
370
    25
100
AcDbVertex
100
AcDb2dVertex
 10
45.28366666666668
 20
16.61863545847219
 30
0.0
  0
VERTEX
  5
E44
330
E41
100
AcDbEntity
  8
0
  6
Continuous
 62
    18
420
        0
370
    25
100
AcDbVertex
100
AcDb2dVertex
 10
45.47116666666667
 20
16.61863545847219
 30
0.0
  0
VERTEX
  5
E45
330
E41
100
AcDbEntity
  8
0
  6
Continuous
 62
    18
420
        0
370
    25
100
AcDbVertex
100
AcDb2dVertex
 10
45.47116666666667
 20
16.80613545847219
 30
0.0
  0
SEQEND
  5
E46
330
E41
100
AcDbEntity
  8
0
  6
Continuous
 62
    18
420
        0
370
    25
  0
POLYLINE
  5
E47
330
1F
100
AcDbEntity
  8
0
  6
Continuous
 62
    18
420
        0
370
    25
100
AcDb2dPolyline
 66
     1
 10
0.0
 20
0.0
 30
0.0
 70
     1
  0
VERTEX
  5
E48
330
E47
100
AcDbEntity
  8
0
  6
Continuous
 62
    18
420
        0
370
    25
100
AcDbVertex
100
AcDb2dVertex
 10
46.76533333333334
 20
14.96463545847219
 30
0.0
  0
VERTEX
  5
E49
330
E47
100
AcDbEntity
  8
0
  6
Continuous
 62
    18
420
        0
370
    25
100
AcDbVertex
100
AcDb2dVertex
 10
46.76533333333334
 20
14.77713545847219
 30
0.0
  0
VERTEX
  5
E4A
330
E47
100
AcDbEntity
  8
0
  6
Continuous
 62
    18
420
        0
370
    25
100
AcDbVertex
100
AcDb2dVertex
 10
46.95283333333334
 20
14.77713545847219
 30
0.0
  0
VERTEX
  5
E4B
330
E47
100
AcDbEntity
  8
0
  6
Continuous
 62
    18
420
        0
370
    25
100
AcDbVertex
100
AcDb2dVertex
 10
46.95283333333334
 20
14.96463545847219
 30
0.0
  0
SEQEND
  5
E4C
330
E47
100
AcDbEntity
  8
0
  6
Continuous
 62
    18
420
        0
370
    25
  0
POLYLINE
  5
E4D
330
1F
100
AcDbEntity
  8
0
  6
Continuous
 62
    18
420
        0
370
    25
100
AcDb2dPolyline
 66
     1
 10
0.0
 20
0.0
 30
0.0
 70
     1
  0
VERTEX
  5
E4E
330
E4D
100
AcDbEntity
  8
0
  6
Continuous
 62
    18
420
        0
370
    25
100
AcDbVertex
100
AcDb2dVertex
 10
46.76533333333334
 20
18.52063545847219
 30
0.0
  0
VERTEX
  5
E4F
330
E4D
100
AcDbEntity
  8
0
  6
Continuous
 62
    18
420
        0
370
    25
100
AcDbVertex
100
AcDb2dVertex
 10
46.76533333333334
 20
18.33313545847219
 30
0.0
  0
VERTEX
  5
E50
330
E4D
100
AcDbEntity
  8
0
  6
Continuous
 62
    18
420
        0
370
    25
100
AcDbVertex
100
AcDb2dVertex
 10
46.95283333333334
 20
18.33313545847219
 30
0.0
  0
VERTEX
  5
E51
330
E4D
100
AcDbEntity
  8
0
  6
Continuous
 62
    18
420
        0
370
    25
100
AcDbVertex
100
AcDb2dVertex
 10
46.95283333333334
 20
18.52063545847219
 30
0.0
  0
SEQEND
  5
E52
330
E4D
100
AcDbEntity
  8
0
  6
Continuous
 62
    18
420
        0
370
    25
  0
POLYLINE
  5
E53
330
1F
100
AcDbEntity
  8
0
  6
Continuous
 62
    18
420
        0
370
    25
100
AcDb2dPolyline
 66
     1
 10
0.0
 20
0.0
 30
0.0
 70
     1
  0
VERTEX
  5
E54
330
E53
100
AcDbEntity
  8
0
  6
Continuous
 62
    18
420
        0
370
    25
100
AcDbVertex
100
AcDb2dVertex
 10
46.31113751557007
 20
15.12439382251619
 30
0.0
  0
VERTEX
  5
E55
330
E53
100
AcDbEntity
  8
0
  6
Continuous
 62
    18
420
        0
370
    25
100
AcDbVertex
100
AcDb2dVertex
 10
47.37454357927079
 20
15.12439382251619
 30
0.0
  0
VERTEX
  5
E56
330
E53
100
AcDbEntity
  8
0
  6
Continuous
 62
    18
420
        0
370
    25
100
AcDbVertex
100
AcDb2dVertex
 10
47.37454357927079
 20
18.27263545847219
 30
0.0
  0
VERTEX
  5
E57
330
E53
100
AcDbEntity
  8
0
  6
Continuous
 62
    18
420
        0
370
    25
100
AcDbVertex
100
AcDb2dVertex
 10
46.31113751557007
 20
18.27263545847219
 30
0.0
  0
SEQEND
  5
E58
330
E53
100
AcDbEntity
  8
0
  6
Continuous
 62
    18
420
        0
370
    25
  0
POLYLINE
  5
E59
330
1F
100
AcDbEntity
  8
0
  6
Continuous
 62
    18
420
        0
370
    25
100
AcDb2dPolyline
 66
     1
 10
0.0
 20
0.0
 30
0.0
 70
     1
  0
VERTEX
  5
E5A
330
E59
100
AcDbEntity
  8
0
  6
Continuous
 62
    18
420
        0
370
    25
100
AcDbVertex
100
AcDb2dVertex
 10
47.46716666666666
 20
17.58471155369235
 30
0.0
  0
VERTEX
  5
E5B
330
E59
100
AcDbEntity
  8
0
  6
Continuous
 62
    18
420
        0
370
    25
100
AcDbVertex
100
AcDb2dVertex
 10
48.06716666666668
 20
17.58471155369235
 30
0.0
  0
VERTEX
  5
E5C
330
E59
100
AcDbEntity
  8
0
  6
Continuous
 62
    18
420
        0
370
    25
100
AcDbVertex
100
AcDb2dVertex
 10
48.06716666666668
 20
18.18471155369236
 30
0.0
  0
VERTEX
  5
E5D
330
E59
100
AcDbEntity
  8
0
  6
Continuous
 62
    18
420
        0
370
    25
100
AcDbVertex
100
AcDb2dVertex
 10
47.46716666666666
 20
18.18471155369236
 30
0.0
  0
SEQEND
  5
E5E
330
E59
100
AcDbEntity
  8
0
  6
Continuous
 62
    18
420
        0
370
    25
  0
POLYLINE
  5
E5F
330
1F
100
AcDbEntity
  8
0
  6
Continuous
 62
    18
420
        0
370
    25
100
AcDb2dPolyline
 66
     1
 10
0.0
 20
0.0
 30
0.0
 70
     1
  0
VERTEX
  5
E60
330
E5F
100
AcDbEntity
  8
0
  6
Continuous
 62
    18
420
        0
370
    25
100
AcDbVertex
100
AcDb2dVertex
 10
47.46716666666666
 20
16.79391361156022
 30
0.0
  0
VERTEX
  5
E61
330
E5F
100
AcDbEntity
  8
0
  6
Continuous
 62
    18
420
        0
370
    25
100
AcDbVertex
100
AcDb2dVertex
 10
48.06716666666664
 20
16.79391361156022
 30
0.0
  0
VERTEX
  5
E62
330
E5F
100
AcDbEntity
  8
0
  6
Continuous
 62
    18
420
        0
370
    25
100
AcDbVertex
100
AcDb2dVertex
 10
48.06716666666664
 20
17.39391361156023
 30
0.0
  0
VERTEX
  5
E63
330
E5F
100
AcDbEntity
  8
0
  6
Continuous
 62
    18
420
        0
370
    25
100
AcDbVertex
100
AcDb2dVertex
 10
47.46716666666666
 20
17.39391361156023
 30
0.0
  0
SEQEND
  5
E64
330
E5F
100
AcDbEntity
  8
0
  6
Continuous
 62
    18
420
        0
370
    25
  0
POLYLINE
  5
E65
330
1F
100
AcDbEntity
  8
0
  6
Continuous
 62
    18
420
        0
370
    25
100
AcDb2dPolyline
 66
     1
 10
0.0
 20
0.0
 30
0.0
 70
     1
  0
VERTEX
  5
E66
330
E65
100
AcDbEntity
  8
0
  6
Continuous
 62
    18
420
        0
370
    25
100
AcDbVertex
100
AcDb2dVertex
 10
47.46716666666666
 20
16.00311566942811
 30
0.0
  0
VERTEX
  5
E67
330
E65
100
AcDbEntity
  8
0
  6
Continuous
 62
    18
420
        0
370
    25
100
AcDbVertex
100
AcDb2dVertex
 10
48.06716666666664
 20
16.00311566942811
 30
0.0
  0
VERTEX
  5
E68
330
E65
100
AcDbEntity
  8
0
  6
Continuous
 62
    18
420
        0
370
    25
100
AcDbVertex
100
AcDb2dVertex
 10
48.06716666666664
 20
16.60311566942811
 30
0.0
  0
VERTEX
  5
E69
330
E65
100
AcDbEntity
  8
0
  6
Continuous
 62
    18
420
        0
370
    25
100
AcDbVertex
100
AcDb2dVertex
 10
47.46716666666666
 20
16.60311566942811
 30
0.0
  0
SEQEND
  5
E6A
330
E65
100
AcDbEntity
  8
0
  6
Continuous
 62
    18
420
        0
370
    25
  0
POLYLINE
  5
E6B
330
1F
100
AcDbEntity
  8
0
  6
Continuous
 62
    18
420
        0
370
    25
100
AcDb2dPolyline
 66
     1
 10
0.0
 20
0.0
 30
0.0
 70
     1
  0
VERTEX
  5
E6C
330
E6B
100
AcDbEntity
  8
0
  6
Continuous
 62
    18
420
        0
370
    25
100
AcDbVertex
100
AcDb2dVertex
 10
47.46716666666666
 20
15.21231772729601
 30
0.0
  0
VERTEX
  5
E6D
330
E6B
100
AcDbEntity
  8
0
  6
Continuous
 62
    18
420
        0
370
    25
100
AcDbVertex
100
AcDb2dVertex
 10
48.06716666666664
 20
15.21231772729601
 30
0.0
  0
VERTEX
  5
E6E
330
E6B
100
AcDbEntity
  8
0
  6
Continuous
 62
    18
420
        0
370
    25
100
AcDbVertex
100
AcDb2dVertex
 10
48.06716666666664
 20
15.812317727296
 30
0.0
  0
VERTEX
  5
E6F
330
E6B
100
AcDbEntity
  8
0
  6
Continuous
 62
    18
420
        0
370
    25
100
AcDbVertex
100
AcDb2dVertex
 10
47.46716666666666
 20
15.812317727296
 30
0.0
  0
SEQEND
  5
E70
330
E6B
100
AcDbEntity
  8
0
  6
Continuous
 62
    18
420
        0
370
    25
  0
POLYLINE
  5
E71
330
1F
100
AcDbEntity
  8
0
  6
Continuous
 62
    18
420
        0
370
    25
100
AcDb2dPolyline
 66
     1
 10
0.0
 20
0.0
 30
0.0
 70
     1
  0
VERTEX
  5
E72
330
E71
100
AcDbEntity
  8
0
  6
Continuous
 62
    18
420
        0
370
    25
100
AcDbVertex
100
AcDb2dVertex
 10
45.61851442817419
 20
15.21231772729601
 30
0.0
  0
VERTEX
  5
E73
330
E71
100
AcDbEntity
  8
0
  6
Continuous
 62
    18
420
        0
370
    25
100
AcDbVertex
100
AcDb2dVertex
 10
46.21851442817421
 20
15.21231772729601
 30
0.0
  0
VERTEX
  5
E74
330
E71
100
AcDbEntity
  8
0
  6
Continuous
 62
    18
420
        0
370
    25
100
AcDbVertex
100
AcDb2dVertex
 10
46.21851442817421
 20
15.81231772729602
 30
0.0
  0
VERTEX
  5
E75
330
E71
100
AcDbEntity
  8
0
  6
Continuous
 62
    18
420
        0
370
    25
100
AcDbVertex
100
AcDb2dVertex
 10
45.61851442817419
 20
15.81231772729602
 30
0.0
  0
SEQEND
  5
E76
330
E71
100
AcDbEntity
  8
0
  6
Continuous
 62
    18
420
        0
370
    25
  0
POLYLINE
  5
E77
330
1F
100
AcDbEntity
  8
0
  6
Continuous
 62
    18
420
        0
370
    25
100
AcDb2dPolyline
 66
     1
 10
0.0
 20
0.0
 30
0.0
 70
     1
  0
VERTEX
  5
E78
330
E77
100
AcDbEntity
  8
0
  6
Continuous
 62
    18
420
        0
370
    25
100
AcDbVertex
100
AcDb2dVertex
 10
45.61851442817424
 20
16.00311566942814
 30
0.0
  0
VERTEX
  5
E79
330
E77
100
AcDbEntity
  8
0
  6
Continuous
 62
    18
420
        0
370
    25
100
AcDbVertex
100
AcDb2dVertex
 10
46.21851442817421
 20
16.00311566942814
 30
0.0
  0
VERTEX
  5
E7A
330
E77
100
AcDbEntity
  8
0
  6
Continuous
 62
    18
420
        0
370
    25
100
AcDbVertex
100
AcDb2dVertex
 10
46.21851442817421
 20
16.60311566942813
 30
0.0
  0
VERTEX
  5
E7B
330
E77
100
AcDbEntity
  8
0
  6
Continuous
 62
    18
420
        0
370
    25
100
AcDbVertex
100
AcDb2dVertex
 10
45.61851442817424
 20
16.60311566942813
 30
0.0
  0
SEQEND
  5
E7C
330
E77
100
AcDbEntity
  8
0
  6
Continuous
 62
    18
420
        0
370
    25
  0
POLYLINE
  5
E7D
330
1F
100
AcDbEntity
  8
0
  6
Continuous
 62
    18
420
        0
370
    25
100
AcDb2dPolyline
 66
     1
 10
0.0
 20
0.0
 30
0.0
 70
     1
  0
VERTEX
  5
E7E
330
E7D
100
AcDbEntity
  8
0
  6
Continuous
 62
    18
420
        0
370
    25
100
AcDbVertex
100
AcDb2dVertex
 10
45.61851442817422
 20
16.79391361156024
 30
0.0
  0
VERTEX
  5
E7F
330
E7D
100
AcDbEntity
  8
0
  6
Continuous
 62
    18
420
        0
370
    25
100
AcDbVertex
100
AcDb2dVertex
 10
46.21851442817421
 20
16.79391361156024
 30
0.0
  0
VERTEX
  5
E80
330
E7D
100
AcDbEntity
  8
0
  6
Continuous
 62
    18
420
        0
370
    25
100
AcDbVertex
100
AcDb2dVertex
 10
46.21851442817421
 20
17.39391361156023
 30
0.0
  0
VERTEX
  5
E81
330
E7D
100
AcDbEntity
  8
0
  6
Continuous
 62
    18
420
        0
370
    25
100
AcDbVertex
100
AcDb2dVertex
 10
45.61851442817422
 20
17.39391361156023
 30
0.0
  0
SEQEND
  5
E82
330
E7D
100
AcDbEntity
  8
0
  6
Continuous
 62
    18
420
        0
370
    25
  0
POLYLINE
  5
E83
330
1F
100
AcDbEntity
  8
0
  6
Continuous
 62
    18
420
        0
370
    25
100
AcDb2dPolyline
 66
     1
 10
0.0
 20
0.0
 30
0.0
 70
     1
  0
VERTEX
  5
E84
330
E83
100
AcDbEntity
  8
0
  6
Continuous
 62
    18
420
        0
370
    25
100
AcDbVertex
100
AcDb2dVertex
 10
45.61851442817422
 20
17.58471155369235
 30
0.0
  0
VERTEX
  5
E85
330
E83
100
AcDbEntity
  8
0
  6
Continuous
 62
    18
420
        0
370
    25
100
AcDbVertex
100
AcDb2dVertex
 10
46.21851442817421
 20
17.58471155369235
 30
0.0
  0
VERTEX
  5
E86
330
E83
100
AcDbEntity
  8
0
  6
Continuous
 62
    18
420
        0
370
    25
100
AcDbVertex
100
AcDb2dVertex
 10
46.21851442817421
 20
18.18471155369236
 30
0.0
  0
VERTEX
  5
E87
330
E83
100
AcDbEntity
  8
0
  6
Continuous
 62
    18
420
        0
370
    25
100
AcDbVertex
100
AcDb2dVertex
 10
45.61851442817422
 20
18.18471155369236
 30
0.0
  0
SEQEND
  5
E88
330
E83
100
AcDbEntity
  8
0
  6
Continuous
 62
    18
420
        0
370
    25
  0
POLYLINE
  5
E89
330
1F
100
AcDbEntity
  8
0
  6
Continuous
 62
    18
420
        0
370
    25
100
AcDb2dPolyline
 66
     1
 10
0.0
 20
0.0
 30
0.0
 70
     1
  0
VERTEX
  5
E8A
330
E89
100
AcDbEntity
  8
0
  6
Continuous
 62
    18
420
        0
370
    25
100
AcDbVertex
100
AcDb2dVertex
 10
43.52683333333333
 20
20.2991588959722
 30
0.0
  0
VERTEX
  5
E8B
330
E89
100
AcDbEntity
  8
0
  6
Continuous
 62
    18
420
        0
370
    25
100
AcDbVertex
100
AcDb2dVertex
 10
43.52683333333333
 20
20.11165889597219
 30
0.0
  0
VERTEX
  5
E8C
330
E89
100
AcDbEntity
  8
0
  6
Continuous
 62
    18
420
        0
370
    25
100
AcDbVertex
100
AcDb2dVertex
 10
43.71433333333336
 20
20.11165889597219
 30
0.0
  0
VERTEX
  5
E8D
330
E89
100
AcDbEntity
  8
0
  6
Continuous
 62
    18
420
        0
370
    25
100
AcDbVertex
100
AcDb2dVertex
 10
43.71433333333336
 20
20.2991588959722
 30
0.0
  0
SEQEND
  5
E8E
330
E89
100
AcDbEntity
  8
0
  6
Continuous
 62
    18
420
        0
370
    25
  0
POLYLINE
  5
E8F
330
1F
100
AcDbEntity
  8
0
  6
Continuous
 62
    18
420
        0
370
    25
100
AcDb2dPolyline
 66
     1
 10
0.0
 20
0.0
 30
0.0
 70
     1
  0
VERTEX
  5
E90
330
E8F
100
AcDbEntity
  8
0
  6
Continuous
 62
    18
420
        0
370
    25
100
AcDbVertex
100
AcDb2dVertex
 10
43.52683333333333
 20
18.9021588959722
 30
0.0
  0
VERTEX
  5
E91
330
E8F
100
AcDbEntity
  8
0
  6
Continuous
 62
    18
420
        0
370
    25
100
AcDbVertex
100
AcDb2dVertex
 10
43.52683333333333
 20
18.71465889597219
 30
0.0
  0
VERTEX
  5
E92
330
E8F
100
AcDbEntity
  8
0
  6
Continuous
 62
    18
420
        0
370
    25
100
AcDbVertex
100
AcDb2dVertex
 10
43.71433333333336
 20
18.71465889597219
 30
0.0
  0
VERTEX
  5
E93
330
E8F
100
AcDbEntity
  8
0
  6
Continuous
 62
    18
420
        0
370
    25
100
AcDbVertex
100
AcDb2dVertex
 10
43.71433333333336
 20
18.9021588959722
 30
0.0
  0
SEQEND
  5
E94
330
E8F
100
AcDbEntity
  8
0
  6
Continuous
 62
    18
420
        0
370
    25
  0
POLYLINE
  5
E95
330
1F
100
AcDbEntity
  8
0
  6
Continuous
 62
    18
420
        0
370
    25
100
AcDb2dPolyline
 66
     1
 10
0.0
 20
0.0
 30
0.0
 70
     1
  0
VERTEX
  5
E96
330
E95
100
AcDbEntity
  8
0
  6
Continuous
 62
    18
420
        0
370
    25
100
AcDbVertex
100
AcDb2dVertex
 10
43.65383333333332
 20
15.00696879180552
 30
0.0
  0
VERTEX
  5
E97
330
E95
100
AcDbEntity
  8
0
  6
Continuous
 62
    18
420
        0
370
    25
100
AcDbVertex
100
AcDb2dVertex
 10
43.65383333333332
 20
14.81946879180552
 30
0.0
  0
VERTEX
  5
E98
330
E95
100
AcDbEntity
  8
0
  6
Continuous
 62
    18
420
        0
370
    25
100
AcDbVertex
100
AcDb2dVertex
 10
43.84133333333336
 20
14.81946879180552
 30
0.0
  0
VERTEX
  5
E99
330
E95
100
AcDbEntity
  8
0
  6
Continuous
 62
    18
420
        0
370
    25
100
AcDbVertex
100
AcDb2dVertex
 10
43.84133333333336
 20
15.00696879180552
 30
0.0
  0
SEQEND
  5
E9A
330
E95
100
AcDbEntity
  8
0
  6
Continuous
 62
    18
420
        0
370
    25
  0
POLYLINE
  5
E9B
330
1F
100
AcDbEntity
  8
0
  6
Continuous
 62
    18
420
        0
370
    25
100
AcDb2dPolyline
 66
     1
 10
0.0
 20
0.0
 30
0.0
 70
     1
  0
VERTEX
  5
E9C
330
E9B
100
AcDbEntity
  8
0
  6
Continuous
 62
    18
420
        0
370
    25
100
AcDbVertex
100
AcDb2dVertex
 10
43.65383333333332
 20
18.56296879180552
 30
0.0
  0
VERTEX
  5
E9D
330
E9B
100
AcDbEntity
  8
0
  6
Continuous
 62
    18
420
        0
370
    25
100
AcDbVertex
100
AcDb2dVertex
 10
43.65383333333332
 20
18.37546879180551
 30
0.0
  0
VERTEX
  5
E9E
330
E9B
100
AcDbEntity
  8
0
  6
Continuous
 62
    18
420
        0
370
    25
100
AcDbVertex
100
AcDb2dVertex
 10
43.84133333333336
 20
18.37546879180551
 30
0.0
  0
VERTEX
  5
E9F
330
E9B
100
AcDbEntity
  8
0
  6
Continuous
 62
    18
420
        0
370
    25
100
AcDbVertex
100
AcDb2dVertex
 10
43.84133333333336
 20
18.56296879180552
 30
0.0
  0
SEQEND
  5
EA0
330
E9B
100
AcDbEntity
  8
0
  6
Continuous
 62
    18
420
        0
370
    25
  0
POLYLINE
  5
EA1
330
1F
100
AcDbEntity
  8
0
  6
Continuous
 62
    18
420
        0
370
    25
100
AcDb2dPolyline
 66
     1
 10
0.0
 20
0.0
 30
0.0
 70
     1
  0
VERTEX
  5
EA2
330
EA1
100
AcDbEntity
  8
0
  6
Continuous
 62
    18
420
        0
370
    25
100
AcDbVertex
100
AcDb2dVertex
 10
40.54233333333334
 20
15.00696879180552
 30
0.0
  0
VERTEX
  5
EA3
330
EA1
100
AcDbEntity
  8
0
  6
Continuous
 62
    18
420
        0
370
    25
100
AcDbVertex
100
AcDb2dVertex
 10
40.54233333333334
 20
14.81946879180552
 30
0.0
  0
VERTEX
  5
EA4
330
EA1
100
AcDbEntity
  8
0
  6
Continuous
 62
    18
420
        0
370
    25
100
AcDbVertex
100
AcDb2dVertex
 10
40.72983333333335
 20
14.81946879180552
 30
0.0
  0
VERTEX
  5
EA5
330
EA1
100
AcDbEntity
  8
0
  6
Continuous
 62
    18
420
        0
370
    25
100
AcDbVertex
100
AcDb2dVertex
 10
40.72983333333335
 20
15.00696879180552
 30
0.0
  0
SEQEND
  5
EA6
330
EA1
100
AcDbEntity
  8
0
  6
Continuous
 62
    18
420
        0
370
    25
  0
POLYLINE
  5
EA7
330
1F
100
AcDbEntity
  8
0
  6
Continuous
 62
    18
420
        0
370
    25
100
AcDb2dPolyline
 66
     1
 10
0.0
 20
0.0
 30
0.0
 70
     1
  0
VERTEX
  5
EA8
330
EA7
100
AcDbEntity
  8
0
  6
Continuous
 62
    18
420
        0
370
    25
100
AcDbVertex
100
AcDb2dVertex
 10
40.54233333333334
 20
18.56296879180552
 30
0.0
  0
VERTEX
  5
EA9
330
EA7
100
AcDbEntity
  8
0
  6
Continuous
 62
    18
420
        0
370
    25
100
AcDbVertex
100
AcDb2dVertex
 10
40.54233333333334
 20
18.37546879180551
 30
0.0
  0
VERTEX
  5
EAA
330
EA7
100
AcDbEntity
  8
0
  6
Continuous
 62
    18
420
        0
370
    25
100
AcDbVertex
100
AcDb2dVertex
 10
40.72983333333335
 20
18.37546879180551
 30
0.0
  0
VERTEX
  5
EAB
330
EA7
100
AcDbEntity
  8
0
  6
Continuous
 62
    18
420
        0
370
    25
100
AcDbVertex
100
AcDb2dVertex
 10
40.72983333333335
 20
18.56296879180552
 30
0.0
  0
SEQEND
  5
EAC
330
EA7
100
AcDbEntity
  8
0
  6
Continuous
 62
    18
420
        0
370
    25
  0
POLYLINE
  5
EAD
330
1F
100
AcDbEntity
  8
0
  6
Continuous
 62
    18
420
        0
370
    25
100
AcDb2dPolyline
 66
     1
 10
0.0
 20
0.0
 30
0.0
 70
     1
  0
VERTEX
  5
EAE
330
EAD
100
AcDbEntity
  8
0
  6
Continuous
 62
    18
420
        0
370
    25
100
AcDbVertex
100
AcDb2dVertex
 10
42.15100000000001
 20
15.00696879180552
 30
0.0
  0
VERTEX
  5
EAF
330
EAD
100
AcDbEntity
  8
0
  6
Continuous
 62
    18
420
        0
370
    25
100
AcDbVertex
100
AcDb2dVertex
 10
42.15100000000001
 20
14.81946879180552
 30
0.0
  0
VERTEX
  5
EB0
330
EAD
100
AcDbEntity
  8
0
  6
Continuous
 62
    18
420
        0
370
    25
100
AcDbVertex
100
AcDb2dVertex
 10
42.33850000000001
 20
14.81946879180552
 30
0.0
  0
VERTEX
  5
EB1
330
EAD
100
AcDbEntity
  8
0
  6
Continuous
 62
    18
420
        0
370
    25
100
AcDbVertex
100
AcDb2dVertex
 10
42.33850000000001
 20
15.00696879180552
 30
0.0
  0
SEQEND
  5
EB2
330
EAD
100
AcDbEntity
  8
0
  6
Continuous
 62
    18
420
        0
370
    25
  0
POLYLINE
  5
EB3
330
1F
100
AcDbEntity
  8
0
  6
Continuous
 62
    18
420
        0
370
    25
100
AcDb2dPolyline
 66
     1
 10
0.0
 20
0.0
 30
0.0
 70
     1
  0
VERTEX
  5
EB4
330
EB3
100
AcDbEntity
  8
0
  6
Continuous
 62
    18
420
        0
370
    25
100
AcDbVertex
100
AcDb2dVertex
 10
42.15100000000001
 20
18.56296879180552
 30
0.0
  0
VERTEX
  5
EB5
330
EB3
100
AcDbEntity
  8
0
  6
Continuous
 62
    18
420
        0
370
    25
100
AcDbVertex
100
AcDb2dVertex
 10
42.15100000000001
 20
18.37546879180551
 30
0.0
  0
VERTEX
  5
EB6
330
EB3
100
AcDbEntity
  8
0
  6
Continuous
 62
    18
420
        0
370
    25
100
AcDbVertex
100
AcDb2dVertex
 10
42.33850000000001
 20
18.37546879180551
 30
0.0
  0
VERTEX
  5
EB7
330
EB3
100
AcDbEntity
  8
0
  6
Continuous
 62
    18
420
        0
370
    25
100
AcDbVertex
100
AcDb2dVertex
 10
42.33850000000001
 20
18.56296879180552
 30
0.0
  0
SEQEND
  5
EB8
330
EB3
100
AcDbEntity
  8
0
  6
Continuous
 62
    18
420
        0
370
    25
  0
POLYLINE
  5
EB9
330
1F
100
AcDbEntity
  8
0
  6
Continuous
 62
    18
420
        0
370
    25
100
AcDb2dPolyline
 66
     1
 10
0.0
 20
0.0
 30
0.0
 70
     1
  0
VERTEX
  5
EBA
330
EB9
100
AcDbEntity
  8
0
  6
Continuous
 62
    18
420
        0
370
    25
100
AcDbVertex
100
AcDb2dVertex
 10
43.65383333333332
 20
16.78496879180553
 30
0.0
  0
VERTEX
  5
EBB
330
EB9
100
AcDbEntity
  8
0
  6
Continuous
 62
    18
420
        0
370
    25
100
AcDbVertex
100
AcDb2dVertex
 10
43.65383333333332
 20
16.59746879180551
 30
0.0
  0
VERTEX
  5
EBC
330
EB9
100
AcDbEntity
  8
0
  6
Continuous
 62
    18
420
        0
370
    25
100
AcDbVertex
100
AcDb2dVertex
 10
43.84133333333336
 20
16.59746879180551
 30
0.0
  0
VERTEX
  5
EBD
330
EB9
100
AcDbEntity
  8
0
  6
Continuous
 62
    18
420
        0
370
    25
100
AcDbVertex
100
AcDb2dVertex
 10
43.84133333333336
 20
16.78496879180553
 30
0.0
  0
SEQEND
  5
EBE
330
EB9
100
AcDbEntity
  8
0
  6
Continuous
 62
    18
420
        0
370
    25
  0
POLYLINE
  5
EBF
330
1F
100
AcDbEntity
  8
0
  6
Continuous
 62
    18
420
        0
370
    25
100
AcDb2dPolyline
 66
     1
 10
0.0
 20
0.0
 30
0.0
 70
     1
  0
VERTEX
  5
EC0
330
EBF
100
AcDbEntity
  8
0
  6
Continuous
 62
    18
420
        0
370
    25
100
AcDbVertex
100
AcDb2dVertex
 10
40.54233333333334
 20
16.78496879180553
 30
0.0
  0
VERTEX
  5
EC1
330
EBF
100
AcDbEntity
  8
0
  6
Continuous
 62
    18
420
        0
370
    25
100
AcDbVertex
100
AcDb2dVertex
 10
40.54233333333334
 20
16.59746879180551
 30
0.0
  0
VERTEX
  5
EC2
330
EBF
100
AcDbEntity
  8
0
  6
Continuous
 62
    18
420
        0
370
    25
100
AcDbVertex
100
AcDb2dVertex
 10
40.72983333333335
 20
16.59746879180551
 30
0.0
  0
VERTEX
  5
EC3
330
EBF
100
AcDbEntity
  8
0
  6
Continuous
 62
    18
420
        0
370
    25
100
AcDbVertex
100
AcDb2dVertex
 10
40.72983333333335
 20
16.78496879180553
 30
0.0
  0
SEQEND
  5
EC4
330
EBF
100
AcDbEntity
  8
0
  6
Continuous
 62
    18
420
        0
370
    25
  0
POLYLINE
  5
EC5
330
1F
100
AcDbEntity
  8
0
  6
Continuous
 62
    18
420
        0
370
    25
100
AcDb2dPolyline
 66
     1
 10
0.0
 20
0.0
 30
0.0
 70
     1
  0
VERTEX
  5
EC6
330
EC5
100
AcDbEntity
  8
0
  6
Continuous
 62
    18
420
        0
370
    25
100
AcDbVertex
100
AcDb2dVertex
 10
41.67563751557007
 20
15.12439382251619
 30
0.0
  0
VERTEX
  5
EC7
330
EC5
100
AcDbEntity
  8
0
  6
Continuous
 62
    18
420
        0
370
    25
100
AcDbVertex
100
AcDb2dVertex
 10
42.73904357927079
 20
15.12439382251619
 30
0.0
  0
VERTEX
  5
EC8
330
EC5
100
AcDbEntity
  8
0
  6
Continuous
 62
    18
420
        0
370
    25
100
AcDbVertex
100
AcDb2dVertex
 10
42.73904357927079
 20
18.27263545847219
 30
0.0
  0
VERTEX
  5
EC9
330
EC5
100
AcDbEntity
  8
0
  6
Continuous
 62
    18
420
        0
370
    25
100
AcDbVertex
100
AcDb2dVertex
 10
41.67563751557007
 20
18.27263545847219
 30
0.0
  0
SEQEND
  5
ECA
330
EC5
100
AcDbEntity
  8
0
  6
Continuous
 62
    18
420
        0
370
    25
  0
POLYLINE
  5
ECB
330
1F
100
AcDbEntity
  8
0
  6
Continuous
 62
    18
420
        0
370
    25
100
AcDb2dPolyline
 66
     1
 10
0.0
 20
0.0
 30
0.0
 70
     1
  0
VERTEX
  5
ECC
330
ECB
100
AcDbEntity
  8
0
  6
Continuous
 62
    18
420
        0
370
    25
100
AcDbVertex
100
AcDb2dVertex
 10
42.83166666666665
 20
17.58471155369235
 30
0.0
  0
VERTEX
  5
ECD
330
ECB
100
AcDbEntity
  8
0
  6
Continuous
 62
    18
420
        0
370
    25
100
AcDbVertex
100
AcDb2dVertex
 10
43.43166666666666
 20
17.58471155369235
 30
0.0
  0
VERTEX
  5
ECE
330
ECB
100
AcDbEntity
  8
0
  6
Continuous
 62
    18
420
        0
370
    25
100
AcDbVertex
100
AcDb2dVertex
 10
43.43166666666666
 20
18.18471155369236
 30
0.0
  0
VERTEX
  5
ECF
330
ECB
100
AcDbEntity
  8
0
  6
Continuous
 62
    18
420
        0
370
    25
100
AcDbVertex
100
AcDb2dVertex
 10
42.83166666666665
 20
18.18471155369236
 30
0.0
  0
SEQEND
  5
ED0
330
ECB
100
AcDbEntity
  8
0
  6
Continuous
 62
    18
420
        0
370
    25
  0
POLYLINE
  5
ED1
330
1F
100
AcDbEntity
  8
0
  6
Continuous
 62
    18
420
        0
370
    25
100
AcDb2dPolyline
 66
     1
 10
0.0
 20
0.0
 30
0.0
 70
     1
  0
VERTEX
  5
ED2
330
ED1
100
AcDbEntity
  8
0
  6
Continuous
 62
    18
420
        0
370
    25
100
AcDbVertex
100
AcDb2dVertex
 10
42.83166666666666
 20
16.79391361156022
 30
0.0
  0
VERTEX
  5
ED3
330
ED1
100
AcDbEntity
  8
0
  6
Continuous
 62
    18
420
        0
370
    25
100
AcDbVertex
100
AcDb2dVertex
 10
43.43166666666666
 20
16.79391361156022
 30
0.0
  0
VERTEX
  5
ED4
330
ED1
100
AcDbEntity
  8
0
  6
Continuous
 62
    18
420
        0
370
    25
100
AcDbVertex
100
AcDb2dVertex
 10
43.43166666666666
 20
17.39391361156023
 30
0.0
  0
VERTEX
  5
ED5
330
ED1
100
AcDbEntity
  8
0
  6
Continuous
 62
    18
420
        0
370
    25
100
AcDbVertex
100
AcDb2dVertex
 10
42.83166666666666
 20
17.39391361156023
 30
0.0
  0
SEQEND
  5
ED6
330
ED1
100
AcDbEntity
  8
0
  6
Continuous
 62
    18
420
        0
370
    25
  0
POLYLINE
  5
ED7
330
1F
100
AcDbEntity
  8
0
  6
Continuous
 62
    18
420
        0
370
    25
100
AcDb2dPolyline
 66
     1
 10
0.0
 20
0.0
 30
0.0
 70
     1
  0
VERTEX
  5
ED8
330
ED7
100
AcDbEntity
  8
0
  6
Continuous
 62
    18
420
        0
370
    25
100
AcDbVertex
100
AcDb2dVertex
 10
42.83166666666665
 20
16.00311566942811
 30
0.0
  0
VERTEX
  5
ED9
330
ED7
100
AcDbEntity
  8
0
  6
Continuous
 62
    18
420
        0
370
    25
100
AcDbVertex
100
AcDb2dVertex
 10
43.43166666666666
 20
16.00311566942811
 30
0.0
  0
VERTEX
  5
EDA
330
ED7
100
AcDbEntity
  8
0
  6
Continuous
 62
    18
420
        0
370
    25
100
AcDbVertex
100
AcDb2dVertex
 10
43.43166666666666
 20
16.60311566942811
 30
0.0
  0
VERTEX
  5
EDB
330
ED7
100
AcDbEntity
  8
0
  6
Continuous
 62
    18
420
        0
370
    25
100
AcDbVertex
100
AcDb2dVertex
 10
42.83166666666665
 20
16.60311566942811
 30
0.0
  0
SEQEND
  5
EDC
330
ED7
100
AcDbEntity
  8
0
  6
Continuous
 62
    18
420
        0
370
    25
  0
POLYLINE
  5
EDD
330
1F
100
AcDbEntity
  8
0
  6
Continuous
 62
    18
420
        0
370
    25
100
AcDb2dPolyline
 66
     1
 10
0.0
 20
0.0
 30
0.0
 70
     1
  0
VERTEX
  5
EDE
330
EDD
100
AcDbEntity
  8
0
  6
Continuous
 62
    18
420
        0
370
    25
100
AcDbVertex
100
AcDb2dVertex
 10
42.83166666666666
 20
15.21231772729601
 30
0.0
  0
VERTEX
  5
EDF
330
EDD
100
AcDbEntity
  8
0
  6
Continuous
 62
    18
420
        0
370
    25
100
AcDbVertex
100
AcDb2dVertex
 10
43.43166666666666
 20
15.21231772729601
 30
0.0
  0
VERTEX
  5
EE0
330
EDD
100
AcDbEntity
  8
0
  6
Continuous
 62
    18
420
        0
370
    25
100
AcDbVertex
100
AcDb2dVertex
 10
43.43166666666666
 20
15.812317727296
 30
0.0
  0
VERTEX
  5
EE1
330
EDD
100
AcDbEntity
  8
0
  6
Continuous
 62
    18
420
        0
370
    25
100
AcDbVertex
100
AcDb2dVertex
 10
42.83166666666666
 20
15.812317727296
 30
0.0
  0
SEQEND
  5
EE2
330
EDD
100
AcDbEntity
  8
0
  6
Continuous
 62
    18
420
        0
370
    25
  0
POLYLINE
  5
EE3
330
1F
100
AcDbEntity
  8
0
  6
Continuous
 62
    18
420
        0
370
    25
100
AcDb2dPolyline
 66
     1
 10
0.0
 20
0.0
 30
0.0
 70
     1
  0
VERTEX
  5
EE4
330
EE3
100
AcDbEntity
  8
0
  6
Continuous
 62
    18
420
        0
370
    25
100
AcDbVertex
100
AcDb2dVertex
 10
40.98301442817419
 20
15.21231772729601
 30
0.0
  0
VERTEX
  5
EE5
330
EE3
100
AcDbEntity
  8
0
  6
Continuous
 62
    18
420
        0
370
    25
100
AcDbVertex
100
AcDb2dVertex
 10
41.58301442817421
 20
15.21231772729601
 30
0.0
  0
VERTEX
  5
EE6
330
EE3
100
AcDbEntity
  8
0
  6
Continuous
 62
    18
420
        0
370
    25
100
AcDbVertex
100
AcDb2dVertex
 10
41.58301442817421
 20
15.81231772729602
 30
0.0
  0
VERTEX
  5
EE7
330
EE3
100
AcDbEntity
  8
0
  6
Continuous
 62
    18
420
        0
370
    25
100
AcDbVertex
100
AcDb2dVertex
 10
40.98301442817419
 20
15.81231772729602
 30
0.0
  0
SEQEND
  5
EE8
330
EE3
100
AcDbEntity
  8
0
  6
Continuous
 62
    18
420
        0
370
    25
  0
POLYLINE
  5
EE9
330
1F
100
AcDbEntity
  8
0
  6
Continuous
 62
    18
420
        0
370
    25
100
AcDb2dPolyline
 66
     1
 10
0.0
 20
0.0
 30
0.0
 70
     1
  0
VERTEX
  5
EEA
330
EE9
100
AcDbEntity
  8
0
  6
Continuous
 62
    18
420
        0
370
    25
100
AcDbVertex
100
AcDb2dVertex
 10
40.98301442817422
 20
16.00311566942814
 30
0.0
  0
VERTEX
  5
EEB
330
EE9
100
AcDbEntity
  8
0
  6
Continuous
 62
    18
420
        0
370
    25
100
AcDbVertex
100
AcDb2dVertex
 10
41.58301442817421
 20
16.00311566942814
 30
0.0
  0
VERTEX
  5
EEC
330
EE9
100
AcDbEntity
  8
0
  6
Continuous
 62
    18
420
        0
370
    25
100
AcDbVertex
100
AcDb2dVertex
 10
41.58301442817421
 20
16.60311566942813
 30
0.0
  0
VERTEX
  5
EED
330
EE9
100
AcDbEntity
  8
0
  6
Continuous
 62
    18
420
        0
370
    25
100
AcDbVertex
100
AcDb2dVertex
 10
40.98301442817422
 20
16.60311566942813
 30
0.0
  0
SEQEND
  5
EEE
330
EE9
100
AcDbEntity
  8
0
  6
Continuous
 62
    18
420
        0
370
    25
  0
POLYLINE
  5
EEF
330
1F
100
AcDbEntity
  8
0
  6
Continuous
 62
    18
420
        0
370
    25
100
AcDb2dPolyline
 66
     1
 10
0.0
 20
0.0
 30
0.0
 70
     1
  0
VERTEX
  5
EF0
330
EEF
100
AcDbEntity
  8
0
  6
Continuous
 62
    18
420
        0
370
    25
100
AcDbVertex
100
AcDb2dVertex
 10
40.98301442817421
 20
16.79391361156024
 30
0.0
  0
VERTEX
  5
EF1
330
EEF
100
AcDbEntity
  8
0
  6
Continuous
 62
    18
420
        0
370
    25
100
AcDbVertex
100
AcDb2dVertex
 10
41.58301442817421
 20
16.79391361156024
 30
0.0
  0
VERTEX
  5
EF2
330
EEF
100
AcDbEntity
  8
0
  6
Continuous
 62
    18
420
        0
370
    25
100
AcDbVertex
100
AcDb2dVertex
 10
41.58301442817421
 20
17.39391361156023
 30
0.0
  0
VERTEX
  5
EF3
330
EEF
100
AcDbEntity
  8
0
  6
Continuous
 62
    18
420
        0
370
    25
100
AcDbVertex
100
AcDb2dVertex
 10
40.98301442817421
 20
17.39391361156023
 30
0.0
  0
SEQEND
  5
EF4
330
EEF
100
AcDbEntity
  8
0
  6
Continuous
 62
    18
420
        0
370
    25
  0
POLYLINE
  5
EF5
330
1F
100
AcDbEntity
  8
0
  6
Continuous
 62
    18
420
        0
370
    25
100
AcDb2dPolyline
 66
     1
 10
0.0
 20
0.0
 30
0.0
 70
     1
  0
VERTEX
  5
EF6
330
EF5
100
AcDbEntity
  8
0
  6
Continuous
 62
    18
420
        0
370
    25
100
AcDbVertex
100
AcDb2dVertex
 10
40.98301442817422
 20
17.58471155369235
 30
0.0
  0
VERTEX
  5
EF7
330
EF5
100
AcDbEntity
  8
0
  6
Continuous
 62
    18
420
        0
370
    25
100
AcDbVertex
100
AcDb2dVertex
 10
41.58301442817421
 20
17.58471155369235
 30
0.0
  0
VERTEX
  5
EF8
330
EF5
100
AcDbEntity
  8
0
  6
Continuous
 62
    18
420
        0
370
    25
100
AcDbVertex
100
AcDb2dVertex
 10
41.58301442817421
 20
18.18471155369236
 30
0.0
  0
VERTEX
  5
EF9
330
EF5
100
AcDbEntity
  8
0
  6
Continuous
 62
    18
420
        0
370
    25
100
AcDbVertex
100
AcDb2dVertex
 10
40.98301442817422
 20
18.18471155369236
 30
0.0
  0
SEQEND
  5
EFA
330
EF5
100
AcDbEntity
  8
0
  6
Continuous
 62
    18
420
        0
370
    25
  0
POLYLINE
  5
EFB
330
1F
100
AcDbEntity
  8
0
  6
Continuous
 62
    18
420
        0
370
    25
100
AcDb2dPolyline
 66
     1
 10
0.0
 20
0.0
 30
0.0
 70
     1
  0
VERTEX
  5
EFC
330
EFB
100
AcDbEntity
  8
0
  6
Continuous
 62
    18
420
        0
370
    25
100
AcDbVertex
100
AcDb2dVertex
 10
63.30013221886082
 20
17.47540931327348
 30
0.0
  0
VERTEX
  5
EFD
330
EFB
100
AcDbEntity
  8
0
  6
Continuous
 62
    18
420
        0
370
    25
100
AcDbVertex
100
AcDb2dVertex
 10
63.9001322188608
 20
17.47540931327348
 30
0.0
  0
VERTEX
  5
EFE
330
EFB
100
AcDbEntity
  8
0
  6
Continuous
 62
    18
420
        0
370
    25
100
AcDbVertex
100
AcDb2dVertex
 10
63.9001322188608
 20
18.07540931327349
 30
0.0
  0
VERTEX
  5
EFF
330
EFB
100
AcDbEntity
  8
0
  6
Continuous
 62
    18
420
        0
370
    25
100
AcDbVertex
100
AcDb2dVertex
 10
63.30013221886082
 20
18.07540931327349
 30
0.0
  0
SEQEND
  5
F00
330
EFB
100
AcDbEntity
  8
0
  6
Continuous
 62
    18
420
        0
370
    25
  0
ENDSEC
  0
SECTION
  2
OBJECTS
  0
DICTIONARY
  5
C
330
0
100
AcDbDictionary
281
     1
  3
ACAD_DETAILVIEWSTYLE
350
F38
  3
ACAD_GROUP
350
D
  3
ACAD_LAYOUT
350
1A
  3
ACAD_MATERIAL
350
43
  3
ACAD_MLEADERSTYLE
350
5B
  3
ACAD_MLINESTYLE
350
17
  3
ACAD_PLOTSETTINGS
350
19
  3
ACAD_PLOTSTYLENAME
350
E
  3
ACAD_SCALELIST
350
47
  3
ACAD_SECTIONVIEWSTYLE
350
F39
  3
ACAD_TABLESTYLE
350
59
  3
ACAD_VISUALSTYLE
350
2A
  3
ACDB_RECOMPOSE_DATA
350
F35
  3
AcDbVariableDictionary
350
F01
  0
SUN
  5
5D
330
29
100
AcDbSun
 90
        1
290
     0
 63
     7
421
 16777215
 40
1.0
291
     1
 91
  2455826
 92
 54000000
292
     0
 70
     2
 71
   256
280
     1
  0
DICTIONARY
  5
F38
102
{ACAD_REACTORS
330
C
102
}
330
C
100
AcDbDictionary
281
     1
  0
DICTIONARY
  5
D
102
{ACAD_REACTORS
330
C
102
}
330
C
100
AcDbDictionary
281
     1
  0
DICTIONARY
  5
1A
102
{ACAD_REACTORS
330
C
102
}
330
C
100
AcDbDictionary
281
     1
  3
Layout1
350
1E
  3
Layout2
350
26
  3
Model
350
22
  0
DICTIONARY
  5
43
102
{ACAD_REACTORS
330
C
102
}
330
C
100
AcDbDictionary
281
     1
  3
ByBlock
350
45
  3
ByLayer
350
44
  3
Global
350
46
  0
DICTIONARY
  5
5B
102
{ACAD_REACTORS
330
C
102
}
330
C
100
AcDbDictionary
281
     1
  3
Standard
350
5C
  0
DICTIONARY
  5
17
102
{ACAD_REACTORS
330
C
102
}
330
C
100
AcDbDictionary
281
     1
  3
Standard
350
18
  0
DICTIONARY
  5
19
102
{ACAD_REACTORS
330
C
102
}
330
C
100
AcDbDictionary
281
     1
  0
ACDBDICTIONARYWDFLT
  5
E
102
{ACAD_REACTORS
330
C
102
}
330
C
100
AcDbDictionary
281
     1
  3
Normal
350
F
100
AcDbDictionaryWithDefault
340
F
  0
DICTIONARY
  5
47
102
{ACAD_REACTORS
330
C
102
}
330
C
100
AcDbDictionary
281
     1
  3
A0
350
48
  3
A1
350
49
  3
A2
350
4A
  3
A3
350
4B
  3
A4
350
4C
  3
A5
350
4D
  3
A6
350
4E
  3
A7
350
4F
  3
A8
350
50
  3
A9
350
51
  3
B1
350
52
  3
B2
350
53
  3
B3
350
54
  3
B4
350
55
  3
B5
350
56
  3
B6
350
57
  3
B7
350
58
  0
DICTIONARY
  5
F39
102
{ACAD_REACTORS
330
C
102
}
330
C
100
AcDbDictionary
281
     1
  0
DICTIONARY
  5
59
102
{ACAD_REACTORS
330
C
102
}
330
C
100
AcDbDictionary
281
     1
  3
Standard
350
5A
  0
DICTIONARY
  5
2A
102
{ACAD_REACTORS
330
C
102
}
330
C
100
AcDbDictionary
281
     1
  3
2dWireframe
350
2F
  3
Basic
350
32
  3
Brighten
350
36
  3
ColorChange
350
3A
  3
Conceptual
350
34
  3
Dim
350
35
  3
EdgeColorOff
350
3D
  3
Facepattern
350
39
  3
Flat
350
2B
  3
FlatWithEdges
350
2C
  3
Gouraud
350
2D
  3
GouraudWithEdges
350
2E
  3
Hidden
350
31
  3
JitterOff
350
3B
  3
Linepattern
350
38
  3
OverhangOff
350
3C
  3
Realistic
350
33
  3
Shaded
350
42
  3
Shaded with edges
350
41
  3
Shades of Gray
350
3E
  3
Sketchy
350
3F
  3
Thicken
350
37
  3
Wireframe
350
30
  3
X-Ray
350
40
  0
XRECORD
  5
F35
102
{ACAD_REACTORS
330
C
102
}
330
C
100
AcDbXrecord
280
     1
 90
        1
330
5A
  0
DICTIONARY
  5
F01
102
{ACAD_REACTORS
330
C
102
}
330
C
100
AcDbDictionary
281
     1
  3
CANNOSCALE
350
F02
  3
CMLEADERSTYLE
350
F37
  3
CTABLESTYLE
350
F36
  0
LAYOUT
  5
1E
102
{ACAD_REACTORS
330
1A
102
}
330
1A
100
AcDbPlotSettings
  1

  2
none_device
  4

  6

 40
0.0
 41
0.0
 42
0.0
 43
0.0
 44
0.0
 45
0.0
 46
0.0
 47
0.0
 48
0.0
 49
0.0
140
0.0
141
0.0
142
1.0
143
1.0
 70
   688
 72
     0
 73
     0
 74
     5
  7

 75
    16
 76
     0
 77
     2
 78
   300
147
1.0
148
0.0
149
0.0
100
AcDbLayout
  1
Layout1
 70
     1
 71
     1
 10
0.0
 20
0.0
 11
12.0
 21
9.0
 12
0.0
 22
0.0
 32
0.0
 14
1.000000000000000E+20
 24
1.000000000000000E+20
 34
1.000000000000000E+20
 15
-1.000000000000000E+20
 25
-1.000000000000000E+20
 35
-1.000000000000000E+20
146
0.0
 13
0.0
 23
0.0
 33
0.0
 16
1.0
 26
0.0
 36
0.0
 17
0.0
 27
1.0
 37
0.0
 76
     0
330
1B
  0
LAYOUT
  5
26
102
{ACAD_REACTORS
330
1A
102
}
330
1A
100
AcDbPlotSettings
  1

  2
none_device
  4

  6

 40
0.0
 41
0.0
 42
0.0
 43
0.0
 44
0.0
 45
0.0
 46
0.0
 47
0.0
 48
0.0
 49
0.0
140
0.0
141
0.0
142
1.0
143
1.0
 70
   688
 72
     0
 73
     0
 74
     5
  7

 75
    16
 76
     0
 77
     2
 78
   300
147
1.0
148
0.0
149
0.0
100
AcDbLayout
  1
Layout2
 70
     1
 71
     2
 10
0.0
 20
0.0
 11
0.0
 21
0.0
 12
0.0
 22
0.0
 32
0.0
 14
0.0
 24
0.0
 34
0.0
 15
0.0
 25
0.0
 35
0.0
146
0.0
 13
0.0
 23
0.0
 33
0.0
 16
1.0
 26
0.0
 36
0.0
 17
0.0
 27
1.0
 37
0.0
 76
     0
330
23
  0
LAYOUT
  5
22
102
{ACAD_REACTORS
330
1A
102
}
330
1A
100
AcDbPlotSettings
  1

  2
none_device
  4
Letter_(8.50_x_11.00_Inches)
  6

 40
6.35
 41
6.35
 42
6.35000508
 43
6.35000508
 44
215.9
 45
279.4
 46
0.0
 47
0.0
 48
0.0
 49
0.0
140
0.0
141
0.0
142
1.0
143
1.0
 70
  1712
 72
     0
 73
     0
 74
     0
  7

 75
     0
 76
     0
 77
     2
 78
   300
147
1.0
148
0.0
149
0.0
100
AcDbLayout
  1
Model
 70
     1
 71
     0
 10
0.0
 20
0.0
 11
12.0
 21
9.0
 12
0.0
 22
0.0
 32
0.0
 14
6.734924312696101
 24
0.0210000000000008
 34
0.0
 15
64.60507568730392
 25
28.5556511252777
 35
0.0
146
0.0
 13
0.0
 23
0.0
 33
0.0
 16
1.0
 26
0.0
 36
0.0
 17
0.0
 27
1.0
 37
0.0
 76
     0
330
1F
331
29
  0
MATERIAL
  5
45
102
{ACAD_REACTORS
330
43
102
}
330
43
100
AcDbMaterial
  1
ByBlock
 72
     1
 94
      127
  0
MATERIAL
  5
44
102
{ACAD_REACTORS
330
43
102
}
330
43
100
AcDbMaterial
  1
ByLayer
 72
     1
 94
      127
  0
MATERIAL
  5
46
102
{ACAD_REACTORS
330
43
102
}
330
43
100
AcDbMaterial
  1
Global
 72
     1
 94
      127
  0
MLEADERSTYLE
  5
5C
102
{ACAD_REACTORS
330
5B
102
}
330
5B
100
AcDbMLeaderStyle
179
     2
170
     2
171
     1
172
     0
 90
        2
 40
0.0
 41
0.0
173
     1
 91
-1056964608
340
14
 92
       -2
290
     1
 42
0.09
291
     1
 43
0.36
  3
Standard
341
0
 44
0.18
300

342
11
174
     1
178
     6
175
     1
176
     0
 93
-1056964608
 45
0.18
292
     0
297
     0
 46
0.18
343
0
 94
-1056964608
 47
1.0
 49
1.0
140
1.0
293
     1
141
0.0
294
     1
177
     0
142
1.0
295
     0
296
     0
143
0.125
271
     0
272
     9
273
     9
  0
MLINESTYLE
  5
18
102
{ACAD_REACTORS
330
17
102
}
330
17
100
AcDbMlineStyle
  2
Standard
 70
     0
  3

 62
   256
 51
90.0
 52
90.0
 71
     2
 49
0.5
 62
   256
  6
BYLAYER
 49
-0.5
 62
   256
  6
BYLAYER
  0
ACDBPLACEHOLDER
  5
F
102
{ACAD_REACTORS
330
E
102
}
330
E
  0
SCALE
  5
48
102
{ACAD_REACTORS
330
47
102
}
330
47
100
AcDbScale
 70
     0
300
1:1
140
1.0
141
1.0
290
     1
  0
SCALE
  5
49
102
{ACAD_REACTORS
330
47
102
}
330
47
100
AcDbScale
 70
     0
300
1/128" = 1'-0"
140
0.0078125
141
12.0
290
     0
  0
SCALE
  5
4A
102
{ACAD_REACTORS
330
47
102
}
330
47
100
AcDbScale
 70
     0
300
1/64" = 1'-0"
140
0.015625
141
12.0
290
     0
  0
SCALE
  5
4B
102
{ACAD_REACTORS
330
47
102
}
330
47
100
AcDbScale
 70
     0
300
1/32" = 1'-0"
140
0.03125
141
12.0
290
     0
  0
SCALE
  5
4C
102
{ACAD_REACTORS
330
47
102
}
330
47
100
AcDbScale
 70
     0
300
1/16" = 1'-0"
140
0.0625
141
12.0
290
     0
  0
SCALE
  5
4D
102
{ACAD_REACTORS
330
47
102
}
330
47
100
AcDbScale
 70
     0
300
3/32" = 1'-0"
140
0.09375
141
12.0
290
     0
  0
SCALE
  5
4E
102
{ACAD_REACTORS
330
47
102
}
330
47
100
AcDbScale
 70
     0
300
1/8" = 1'-0"
140
0.125
141
12.0
290
     0
  0
SCALE
  5
4F
102
{ACAD_REACTORS
330
47
102
}
330
47
100
AcDbScale
 70
     0
300
3/16" = 1'-0"
140
0.1875
141
12.0
290
     0
  0
SCALE
  5
50
102
{ACAD_REACTORS
330
47
102
}
330
47
100
AcDbScale
 70
     0
300
1/4" = 1'-0"
140
0.25
141
12.0
290
     0
  0
SCALE
  5
51
102
{ACAD_REACTORS
330
47
102
}
330
47
100
AcDbScale
 70
     0
300
3/8" = 1'-0"
140
0.375
141
12.0
290
     0
  0
SCALE
  5
52
102
{ACAD_REACTORS
330
47
102
}
330
47
100
AcDbScale
 70
     0
300
1/2" = 1'-0"
140
0.5
141
12.0
290
     0
  0
SCALE
  5
53
102
{ACAD_REACTORS
330
47
102
}
330
47
100
AcDbScale
 70
     0
300
3/4" = 1'-0"
140
0.75
141
12.0
290
     0
  0
SCALE
  5
54
102
{ACAD_REACTORS
330
47
102
}
330
47
100
AcDbScale
 70
     0
300
1" = 1'-0"
140
1.0
141
12.0
290
     0
  0
SCALE
  5
55
102
{ACAD_REACTORS
330
47
102
}
330
47
100
AcDbScale
 70
     0
300
1-1/2" = 1'-0"
140
1.5
141
12.0
290
     0
  0
SCALE
  5
56
102
{ACAD_REACTORS
330
47
102
}
330
47
100
AcDbScale
 70
     0
300
3" = 1'-0"
140
3.0
141
12.0
290
     0
  0
SCALE
  5
57
102
{ACAD_REACTORS
330
47
102
}
330
47
100
AcDbScale
 70
     0
300
6" = 1'-0"
140
6.0
141
12.0
290
     0
  0
SCALE
  5
58
102
{ACAD_REACTORS
330
47
102
}
330
47
100
AcDbScale
 70
     0
300
1'-0" = 1'-0"
140
12.0
141
12.0
290
     0
  0
TABLESTYLE
  5
5A
102
{ACAD_REACTORS
330
59
102
}
102
{ACAD_XDICTIONARY
360
F33
102
}
330
59
100
AcDbTableStyle
  3
Standard
 70
     0
 71
     0
 40
0.06
 41
0.06
280
     0
281
     0
  7
Standard
140
0.18
170
     2
 62
     0
 63
   257
283
     0
 90
        4
 91
        0
  1

274
    -2
284
     1
 64
     0
275
    -2
285
     1
 65
     0
276
    -2
286
     1
 66
     0
277
    -2
287
     1
 67
     0
278
    -2
288
     1
 68
     0
279
    -2
289
     1
 69
     0
  7
Standard
140
0.25
170
     5
 62
     0
 63
   257
283
     0
 90
        4
 91
        0
  1

274
    -2
284
     1
 64
     0
275
    -2
285
     1
 65
     0
276
    -2
286
     1
 66
     0
277
    -2
287
     1
 67
     0
278
    -2
288
     1
 68
     0
279
    -2
289
     1
 69
     0
  7
Standard
140
0.18
170
     5
 62
     0
 63
   257
283
     0
 90
        4
 91
        0
  1

274
    -2
284
     1
 64
     0
275
    -2
285
     1
 65
     0
276
    -2
286
     1
 66
     0
277
    -2
287
     1
 67
     0
278
    -2
288
     1
 68
     0
279
    -2
289
     1
 69
     0
  0
VISUALSTYLE
  5
2F
102
{ACAD_REACTORS
330
2A
102
}
102
{ACAD_XDICTIONARY
360
F0B
102
}
330
2A
100
AcDbVisualStyle
  2
2dWireframe
 70
     4
177
     2
291
     0
 71
     0
176
     1
 72
     2
176
     1
 73
     0
176
     1
 90
        0
176
     1
 40
0.6
176
     1
 41
30.0
176
     1
 62
     5
 63
     7
421
 16777215
176
     1
 74
     1
176
     1
 91
        4
176
     1
 64
     7
176
     1
 65
   257
176
     1
 75
     1
176
     1
175
     1
176
     1
 42
1.0
176
     1
 92
        0
176
     1
 66
   257
176
     1
 43
1.0
176
     1
 76
     1
176
     1
 77
     6
176
     1
 78
     2
176
     1
 67
     7
176
     1
 79
     5
176
     1
170
     0
176
     1
171
     0
176
     1
290
     0
176
     1
 93
        1
176
     1
 44
0.0
176
     1
173
     0
176
     1
  0
VISUALSTYLE
  5
32
102
{ACAD_REACTORS
330
2A
102
}
102
{ACAD_XDICTIONARY
360
F11
102
}
330
2A
100
AcDbVisualStyle
  2
Basic
 70
     7
177
     2
291
     1
 71
     1
176
     1
 72
     0
176
     1
 73
     1
176
     1
 90
        0
176
     1
 40
0.6
176
     1
 41
30.0
176
     1
 62
     5
 63
     7
421
 16777215
176
     1
 74
     0
176
     1
 91
        4
176
     1
 64
     7
176
     1
 65
   257
176
     1
 75
     1
176
     1
175
     1
176
     1
 42
1.0
176
     1
 92
        8
176
     1
 66
     7
176
     1
 43
1.0
176
     1
 76
     1
176
     1
 77
     6
176
     1
 78
     2
176
     1
 67
     7
176
     1
 79
     5
176
     1
170
     0
176
     1
171
     0
176
     1
290
     0
176
     1
 93
        1
176
     1
 44
0.0
176
     1
173
     0
176
     1
  0
VISUALSTYLE
  5
36
102
{ACAD_REACTORS
330
2A
102
}
102
{ACAD_XDICTIONARY
360
F19
102
}
330
2A
100
AcDbVisualStyle
  2
Brighten
 70
    12
177
     2
291
     1
 71
     2
176
     1
 72
     2
176
     1
 73
     0
176
     1
 90
        0
176
     1
 40
0.6
176
     1
 41
30.0
176
     1
 62
     5
 63
     7
421
 16777215
176
     1
 74
     1
176
     1
 91
        4
176
     1
 64
     7
176
     1
 65
   257
176
     1
 75
     1
176
     1
175
     1
176
     1
 42
1.0
176
     1
 92
        8
176
     1
 66
     7
176
     1
 43
1.0
176
     1
 76
     1
176
     1
 77
     6
176
     1
 78
     2
176
     1
 67
     7
176
     1
 79
     5
176
     1
170
     0
176
     1
171
     0
176
     1
290
     0
176
     1
 93
        1
176
     1
 44
50.0
176
     1
173
     0
176
     1
  0
VISUALSTYLE
  5
3A
102
{ACAD_REACTORS
330
2A
102
}
102
{ACAD_XDICTIONARY
360
F21
102
}
330
2A
100
AcDbVisualStyle
  2
ColorChange
 70
    16
177
     2
291
     1
 71
     2
176
     1
 72
     2
176
     1
 73
     3
176
     1
 90
        0
176
     1
 40
0.6
176
     1
 41
30.0
176
     1
 62
     5
 63
     8
421
  8421504
176
     1
 74
     1
176
     1
 91
        4
176
     1
 64
     7
176
     1
 65
   257
176
     1
 75
     1
176
     1
175
     1
176
     1
 42
1.0
176
     1
 92
        8
176
     1
 66
     8
424
  8421504
176
     1
 43
1.0
176
     1
 76
     1
176
     1
 77
     6
176
     1
 78
     2
176
     1
 67
     7
176
     1
 79
     5
176
     1
170
     0
176
     1
171
     0
176
     1
290
     0
176
     1
 93
        1
176
     1
 44
0.0
176
     1
173
     0
176
     1
  0
VISUALSTYLE
  5
34
102
{ACAD_REACTORS
330
2A
102
}
102
{ACAD_XDICTIONARY
360
F15
102
}
330
2A
100
AcDbVisualStyle
  2
Conceptual
 70
     9
177
     2
291
     0
 71
     3
176
     1
 72
     2
176
     1
 73
     0
176
     1
 90
        0
176
     1
 40
0.6
176
     1
 41
30.0
176
     1
 62
     5
 63
     7
421
 16777215
176
     1
 74
     2
176
     1
 91
        2
176
     1
 64
     7
176
     1
 65
   257
176
     1
 75
     1
176
     1
175
     1
176
     1
 42
179.0
176
     1
 92
        8
176
     1
 66
     7
176
     1
 43
1.0
176
     1
 76
     1
176
     1
 77
     6
176
     1
 78
     2
176
     1
 67
     7
176
     1
 79
     3
176
     1
170
     0
176
     1
171
     0
176
     1
290
     0
176
     1
 93
        1
176
     1
 44
0.0
176
     1
173
     0
176
     1
  0
VISUALSTYLE
  5
35
102
{ACAD_REACTORS
330
2A
102
}
102
{ACAD_XDICTIONARY
360
F17
102
}
330
2A
100
AcDbVisualStyle
  2
Dim
 70
    11
177
     2
291
     1
 71
     2
176
     1
 72
     2
176
     1
 73
     0
176
     1
 90
        0
176
     1
 40
0.6
176
     1
 41
30.0
176
     1
 62
     5
 63
     7
421
 16777215
176
     1
 74
     1
176
     1
 91
        4
176
     1
 64
     7
176
     1
 65
   257
176
     1
 75
     1
176
     1
175
     1
176
     1
 42
1.0
176
     1
 92
        8
176
     1
 66
     7
176
     1
 43
1.0
176
     1
 76
     1
176
     1
 77
     6
176
     1
 78
     2
176
     1
 67
     7
176
     1
 79
     5
176
     1
170
     0
176
     1
171
     0
176
     1
290
     0
176
     1
 93
        1
176
     1
 44
-50.0
176
     1
173
     0
176
     1
  0
VISUALSTYLE
  5
3D
102
{ACAD_REACTORS
330
2A
102
}
102
{ACAD_XDICTIONARY
360
F27
102
}
330
2A
100
AcDbVisualStyle
  2
EdgeColorOff
 70
    22
177
     2
291
     1
 71
     2
176
     0
 72
     2
176
     0
 73
     0
176
     0
 90
        0
176
     0
 40
0.6
176
     0
 41
30.0
176
     0
 62
     5
 63
     7
421
 16777215
176
     0
 74
     1
176
     0
 91
        4
176
     0
 64
     7
176
     0
 65
   257
176
     0
 75
     1
176
     0
175
     1
176
     0
 42
1.0
176
     0
 92
        8
176
     2
 66
     7
176
     0
 43
1.0
176
     0
 76
     1
176
     0
 77
     6
176
     0
 78
     2
176
     0
 67
     7
176
     0
 79
     5
176
     0
170
     0
176
     0
171
     0
176
     0
290
     0
176
     0
 93
        1
176
     0
 44
0.0
176
     0
173
     0
176
     0
  0
VISUALSTYLE
  5
39
102
{ACAD_REACTORS
330
2A
102
}
102
{ACAD_XDICTIONARY
360
F1F
102
}
330
2A
100
AcDbVisualStyle
  2
Facepattern
 70
    15
177
     2
291
     1
 71
     2
176
     1
 72
     2
176
     1
 73
     0
176
     1
 90
        0
176
     1
 40
0.6
176
     1
 41
30.0
176
     1
 62
     5
 63
     7
421
 16777215
176
     1
 74
     1
176
     1
 91
        4
176
     1
 64
     7
176
     1
 65
   257
176
     1
 75
     1
176
     1
175
     1
176
     1
 42
1.0
176
     1
 92
        8
176
     1
 66
     7
176
     1
 43
1.0
176
     1
 76
     1
176
     1
 77
     6
176
     1
 78
     2
176
     1
 67
     7
176
     1
 79
     5
176
     1
170
     0
176
     1
171
     0
176
     1
290
     0
176
     1
 93
        1
176
     1
 44
0.0
176
     1
173
     0
176
     1
  0
VISUALSTYLE
  5
2B
102
{ACAD_REACTORS
330
2A
102
}
102
{ACAD_XDICTIONARY
360
F03
102
}
330
2A
100
AcDbVisualStyle
  2
Flat
 70
     0
177
     2
291
     1
 71
     2
176
     1
 72
     1
176
     1
 73
     1
176
     1
 90
        2
176
     1
 40
0.6
176
     1
 41
30.0
176
     1
 62
     5
 63
     7
421
 16777215
176
     1
 74
     0
176
     1
 91
        0
176
     1
 64
     7
176
     1
 65
   257
176
     1
 75
     1
176
     1
175
     1
176
     1
 42
1.0
176
     1
 92
        8
176
     1
 66
     7
176
     1
 43
1.0
176
     1
 76
     1
176
     1
 77
     6
176
     1
 78
     2
176
     1
 67
     7
176
     1
 79
     5
176
     1
170
     0
176
     1
171
     0
176
     1
290
     0
176
     1
 93
       13
176
     1
 44
0.0
176
     1
173
     0
176
     1
  0
VISUALSTYLE
  5
2C
102
{ACAD_REACTORS
330
2A
102
}
102
{ACAD_XDICTIONARY
360
F05
102
}
330
2A
100
AcDbVisualStyle
  2
FlatWithEdges
 70
     1
177
     2
291
     1
 71
     2
176
     1
 72
     1
176
     1
 73
     1
176
     1
 90
        2
176
     1
 40
0.6
176
     1
 41
30.0
176
     1
 62
     5
 63
     7
421
 16777215
176
     1
 74
     1
176
     1
 91
        0
176
     1
 64
     7
176
     1
 65
   257
176
     1
 75
     1
176
     1
175
     1
176
     1
 42
1.0
176
     1
 92
        0
176
     1
 66
   257
176
     1
 43
1.0
176
     1
 76
     1
176
     1
 77
     6
176
     1
 78
     2
176
     1
 67
     7
176
     1
 79
     5
176
     1
170
     0
176
     1
171
     0
176
     1
290
     0
176
     1
 93
       13
176
     1
 44
0.0
176
     1
173
     0
176
     1
  0
VISUALSTYLE
  5
2D
102
{ACAD_REACTORS
330
2A
102
}
102
{ACAD_XDICTIONARY
360
F07
102
}
330
2A
100
AcDbVisualStyle
  2
Gouraud
 70
     2
177
     2
291
     1
 71
     2
176
     1
 72
     2
176
     1
 73
     1
176
     1
 90
        2
176
     1
 40
0.6
176
     1
 41
30.0
176
     1
 62
     5
 63
     7
421
 16777215
176
     1
 74
     0
176
     1
 91
        0
176
     1
 64
     7
176
     1
 65
   257
176
     1
 75
     1
176
     1
175
     1
176
     1
 42
1.0
176
     1
 92
        0
176
     1
 66
     7
176
     1
 43
1.0
176
     1
 76
     1
176
     1
 77
     6
176
     1
 78
     2
176
     1
 67
     7
176
     1
 79
     5
176
     1
170
     0
176
     1
171
     0
176
     1
290
     0
176
     1
 93
       13
176
     1
 44
0.0
176
     1
173
     0
176
     1
  0
VISUALSTYLE
  5
2E
102
{ACAD_REACTORS
330
2A
102
}
102
{ACAD_XDICTIONARY
360
F09
102
}
330
2A
100
AcDbVisualStyle
  2
GouraudWithEdges
 70
     3
177
     2
291
     1
 71
     2
176
     1
 72
     2
176
     1
 73
     1
176
     1
 90
        2
176
     1
 40
0.6
176
     1
 41
30.0
176
     1
 62
     5
 63
     7
421
 16777215
176
     1
 74
     1
176
     1
 91
        0
176
     1
 64
     7
176
     1
 65
   257
176
     1
 75
     1
176
     1
175
     1
176
     1
 42
1.0
176
     1
 92
        0
176
     1
 66
   257
176
     1
 43
1.0
176
     1
 76
     1
176
     1
 77
     6
176
     1
 78
     2
176
     1
 67
     7
176
     1
 79
     5
176
     1
170
     0
176
     1
171
     0
176
     1
290
     0
176
     1
 93
       13
176
     1
 44
0.0
176
     1
173
     0
176
     1
  0
VISUALSTYLE
  5
31
102
{ACAD_REACTORS
330
2A
102
}
102
{ACAD_XDICTIONARY
360
F0F
102
}
330
2A
100
AcDbVisualStyle
  2
Hidden
 70
     6
177
     2
291
     0
 71
     1
176
     1
 72
     2
176
     1
 73
     2
176
     1
 90
        0
176
     1
 40
0.6
176
     1
 41
30.0
176
     1
 62
     5
 63
     7
421
 16777215
176
     1
 74
     2
176
     1
 91
        2
176
     1
 64
     7
176
     1
 65
   257
176
     1
 75
     2
176
     1
175
     1
176
     1
 42
40.0
176
     1
 92
        0
176
     1
 66
   257
176
     1
 43
1.0
176
     1
 76
     1
176
     1
 77
     6
176
     1
 78
     2
176
     1
 67
     7
176
     1
 79
     3
176
     1
170
     0
176
     1
171
     0
176
     1
290
     0
176
     1
 93
        1
176
     1
 44
0.0
176
     1
173
     0
176
     1
  0
VISUALSTYLE
  5
3B
102
{ACAD_REACTORS
330
2A
102
}
102
{ACAD_XDICTIONARY
360
F23
102
}
330
2A
100
AcDbVisualStyle
  2
JitterOff
 70
    20
177
     2
291
     1
 71
     2
176
     0
 72
     2
176
     0
 73
     0
176
     0
 90
        0
176
     0
 40
0.6
176
     0
 41
30.0
176
     0
 62
     5
 63
     7
421
 16777215
176
     0
 74
     1
176
     0
 91
        4
176
     0
 64
     7
176
     0
 65
   257
176
     0
 75
     1
176
     0
175
     1
176
     0
 42
1.0
176
     0
 92
       10
176
     2
 66
     7
176
     0
 43
1.0
176
     0
 76
     1
176
     0
 77
     6
176
     0
 78
     2
176
     0
 67
     7
176
     0
 79
     5
176
     0
170
     0
176
     0
171
     0
176
     0
290
     0
176
     0
 93
        1
176
     0
 44
0.0
176
     0
173
     0
176
     0
  0
VISUALSTYLE
  5
38
102
{ACAD_REACTORS
330
2A
102
}
102
{ACAD_XDICTIONARY
360
F1D
102
}
330
2A
100
AcDbVisualStyle
  2
Linepattern
 70
    14
177
     2
291
     1
 71
     2
176
     1
 72
     2
176
     1
 73
     0
176
     1
 90
        0
176
     1
 40
0.6
176
     1
 41
30.0
176
     1
 62
     5
 63
     7
421
 16777215
176
     1
 74
     1
176
     1
 91
        4
176
     1
 64
     7
176
     1
 65
   257
176
     1
 75
     7
176
     1
175
     7
176
     1
 42
1.0
176
     1
 92
        8
176
     1
 66
     7
176
     1
 43
1.0
176
     1
 76
     1
176
     1
 77
     6
176
     1
 78
     2
176
     1
 67
     7
176
     1
 79
     5
176
     1
170
     0
176
     1
171
     0
176
     1
290
     0
176
     1
 93
        1
176
     1
 44
0.0
176
     1
173
     0
176
     1
  0
VISUALSTYLE
  5
3C
102
{ACAD_REACTORS
330
2A
102
}
102
{ACAD_XDICTIONARY
360
F25
102
}
330
2A
100
AcDbVisualStyle
  2
OverhangOff
 70
    21
177
     2
291
     1
 71
     2
176
     0
 72
     2
176
     0
 73
     0
176
     0
 90
        0
176
     0
 40
0.6
176
     0
 41
30.0
176
     0
 62
     5
 63
     7
421
 16777215
176
     0
 74
     1
176
     0
 91
        4
176
     0
 64
     7
176
     0
 65
   257
176
     0
 75
     1
176
     0
175
     1
176
     0
 42
1.0
176
     0
 92
        9
176
     2
 66
     7
176
     0
 43
1.0
176
     0
 76
     1
176
     0
 77
     6
176
     0
 78
     2
176
     0
 67
     7
176
     0
 79
     5
176
     0
170
     0
176
     0
171
     0
176
     0
290
     0
176
     0
 93
        1
176
     0
 44
0.0
176
     0
173
     0
176
     0
  0
VISUALSTYLE
  5
33
102
{ACAD_REACTORS
330
2A
102
}
102
{ACAD_XDICTIONARY
360
F13
102
}
330
2A
100
AcDbVisualStyle
  2
Realistic
 70
     8
177
     2
291
     0
 71
     2
176
     1
 72
     3
176
     1
 73
     0
176
     1
 90
        2
176
     1
 40
0.6
176
     1
 41
30.0
176
     1
 62
     5
 63
     7
421
 16777215
176
     1
 74
     0
176
     1
 91
        0
176
     1
 64
     7
176
     1
 65
   257
176
     1
 75
     1
176
     1
175
     1
176
     1
 42
1.0
176
     1
 92
        8
176
     1
 66
   257
176
     1
 43
1.0
176
     1
 76
     1
176
     1
 77
     6
176
     1
 78
     2
176
     1
 67
     7
176
     1
 79
     3
176
     1
170
     0
176
     1
171
     0
176
     1
290
     0
176
     1
 93
       13
176
     1
 44
0.0
176
     1
173
     0
176
     1
  0
VISUALSTYLE
  5
42
102
{ACAD_REACTORS
330
2A
102
}
102
{ACAD_XDICTIONARY
360
F31
102
}
330
2A
100
AcDbVisualStyle
  2
Shaded
 70
    27
177
     2
291
     0
 71
     2
176
     1
 72
     2
176
     1
 73
     1
176
     1
 90
        2
176
     1
 40
0.6
176
     1
 41
30.0
176
     1
 62
     5
 63
     7
421
 16777215
176
     1
 74
     0
176
     1
 91
        4
176
     1
 64
     7
176
     1
 65
   257
176
     1
 75
     1
176
     1
175
     1
176
     1
 42
1.0
176
     1
 92
        8
176
     1
 66
   257
176
     1
 43
1.0
176
     1
 76
     1
176
     1
 77
     6
176
     1
 78
     2
176
     1
 67
     8
425
  7895160
176
     1
 79
     3
176
     1
170
     0
176
     1
171
     0
176
     1
290
     0
176
     1
 93
        5
176
     1
 44
0.0
176
     1
173
     0
176
     1
  0
VISUALSTYLE
  5
41
102
{ACAD_REACTORS
330
2A
102
}
102
{ACAD_XDICTIONARY
360
F2F
102
}
330
2A
100
AcDbVisualStyle
  2
Shaded with edges
 70
    26
177
     2
291
     0
 71
     2
176
     1
 72
     2
176
     1
 73
     1
176
     1
 90
        2
176
     1
 40
0.6
176
     1
 41
30.0
176
     1
 62
     5
 63
     7
421
 16777215
176
     1
 74
     1
176
     1
 91
       10
176
     1
 64
     7
176
     1
 65
   257
176
     1
 75
     2
176
     1
175
     1
176
     1
 42
1.0
176
     1
 92
        8
176
     1
 66
   257
176
     1
 43
1.0
176
     1
 76
     1
176
     1
 77
     6
176
     1
 78
     2
176
     1
 67
     7
176
     1
 79
     3
176
     1
170
     0
176
     1
171
     0
176
     1
290
     0
176
     1
 93
        5
176
     1
 44
0.0
176
     1
173
     0
176
     1
  0
VISUALSTYLE
  5
3E
102
{ACAD_REACTORS
330
2A
102
}
102
{ACAD_XDICTIONARY
360
F29
102
}
330
2A
100
AcDbVisualStyle
  2
Shades of Gray
 70
    23
177
     2
291
     0
 71
     2
176
     1
 72
     2
176
     1
 73
     3
176
     1
 90
        0
176
     1
 40
0.6
176
     1
 41
30.0
176
     1
 62
     5
 63
     7
421
 16777215
176
     1
 74
     2
176
     1
 91
        2
176
     1
 64
     7
176
     1
 65
     7
176
     1
 75
     1
176
     1
175
     1
176
     1
 42
40.0
176
     1
 92
        8
176
     1
 66
     7
176
     1
 43
1.0
176
     1
 76
     1
176
     1
 77
     6
176
     1
 78
     2
176
     1
 67
     7
176
     1
 79
     3
176
     1
170
     0
176
     1
171
     0
176
     1
290
     0
176
     1
 93
        1
176
     1
 44
0.0
176
     1
173
     0
176
     1
  0
VISUALSTYLE
  5
3F
102
{ACAD_REACTORS
330
2A
102
}
102
{ACAD_XDICTIONARY
360
F2B
102
}
330
2A
100
AcDbVisualStyle
  2
Sketchy
 70
    24
177
     2
291
     0
 71
     1
176
     1
 72
     2
176
     1
 73
     2
176
     1
 90
        0
176
     1
 40
0.6
176
     1
 41
30.0
176
     1
 62
     5
 63
     7
421
 16777215
176
     1
 74
     2
176
     1
 91
        2
176
     1
 64
     7
176
     1
 65
     7
176
     1
 75
     1
176
     1
175
     1
176
     1
 42
40.0
176
     1
 92
       11
176
     1
 66
     7
176
     1
 43
1.0
176
     1
 76
     1
176
     1
 77
     6
176
     1
 78
     2
176
     1
 67
     7
176
     1
 79
     6
176
     1
170
     0
176
     1
171
     0
176
     1
290
     0
176
     1
 93
        1
176
     1
 44
0.0
176
     1
173
     0
176
     1
  0
VISUALSTYLE
  5
37
102
{ACAD_REACTORS
330
2A
102
}
102
{ACAD_XDICTIONARY
360
F1B
102
}
330
2A
100
AcDbVisualStyle
  2
Thicken
 70
    13
177
     2
291
     1
 71
     2
176
     1
 72
     2
176
     1
 73
     0
176
     1
 90
        0
176
     1
 40
0.6
176
     1
 41
30.0
176
     1
 62
     5
 63
     7
421
 16777215
176
     1
 74
     1
176
     1
 91
        4
176
     1
 64
     7
176
     1
 65
   257
176
     1
 75
     1
176
     1
175
     1
176
     1
 42
1.0
176
     1
 92
       12
176
     1
 66
     7
176
     1
 43
1.0
176
     1
 76
     1
176
     1
 77
     6
176
     1
 78
     2
176
     1
 67
     7
176
     1
 79
     5
176
     1
170
     0
176
     1
171
     0
176
     1
290
     0
176
     1
 93
        1
176
     1
 44
0.0
176
     1
173
     0
176
     1
  0
VISUALSTYLE
  5
30
102
{ACAD_REACTORS
330
2A
102
}
102
{ACAD_XDICTIONARY
360
F0D
102
}
330
2A
100
AcDbVisualStyle
  2
Wireframe
 70
     5
177
     2
291
     0
 71
     0
176
     1
 72
     2
176
     1
 73
     0
176
     1
 90
        0
176
     1
 40
0.6
176
     1
 41
30.0
176
     1
 62
     5
 63
     7
421
 16777215
176
     1
 74
     1
176
     1
 91
        4
176
     1
 64
     7
176
     1
 65
   257
176
     1
 75
     1
176
     1
175
     1
176
     1
 42
1.0
176
     1
 92
        0
176
     1
 66
   257
176
     1
 43
1.0
176
     1
 76
     1
176
     1
 77
     6
176
     1
 78
     2
176
     1
 67
     7
176
     1
 79
     3
176
     1
170
     0
176
     1
171
     0
176
     1
290
     0
176
     1
 93
        1
176
     1
 44
0.0
176
     1
173
     0
176
     1
  0
VISUALSTYLE
  5
40
102
{ACAD_REACTORS
330
2A
102
}
102
{ACAD_XDICTIONARY
360
F2D
102
}
330
2A
100
AcDbVisualStyle
  2
X-Ray
 70
    25
177
     2
291
     0
 71
     2
176
     1
 72
     2
176
     1
 73
     1
176
     1
 90
        1
176
     1
 40
0.5
176
     1
 41
30.0
176
     1
 62
     5
 63
     7
421
 16777215
176
     1
 74
     1
176
     1
 91
        0
176
     1
 64
     7
176
     1
 65
   257
176
     1
 75
     1
176
     1
175
     1
176
     1
 42
1.0
176
     1
 92
        8
176
     1
 66
     7
176
     1
 43
1.0
176
     1
 76
     1
176
     1
 77
     6
176
     1
 78
     2
176
     1
 67
     7
176
     1
 79
     3
176
     1
170
     0
176
     1
171
     0
176
     1
290
     0
176
     1
 93
       13
176
     1
 44
0.0
176
     1
173
     0
176
     1
  0
DICTIONARYVAR
  5
F02
102
{ACAD_REACTORS
330
F01
102
}
330
F01
100
DictionaryVariables
280
     0
  1
1:1
  0
DICTIONARYVAR
  5
F37
102
{ACAD_REACTORS
330
F01
102
}
330
F01
100
DictionaryVariables
280
     0
  1
Standard
  0
DICTIONARYVAR
  5
F36
102
{ACAD_REACTORS
330
F01
102
}
330
F01
100
DictionaryVariables
280
     0
  1
Standard
  0
DICTIONARY
  5
F33
330
5A
100
AcDbDictionary
280
     1
281
     1
  3
ACAD_ROUNDTRIP_2008_TABLESTYLE_CELLSTYLEMAP
360
F34
  0
DICTIONARY
  5
F0B
330
2F
100
AcDbDictionary
280
     1
281
     1
  3
ACAD_XREC_ROUNDTRIP
360
F0C
  0
DICTIONARY
  5
F11
330
32
100
AcDbDictionary
280
     1
281
     1
  3
ACAD_XREC_ROUNDTRIP
360
F12
  0
DICTIONARY
  5
F19
330
36
100
AcDbDictionary
280
     1
281
     1
  3
ACAD_XREC_ROUNDTRIP
360
F1A
  0
DICTIONARY
  5
F21
330
3A
100
AcDbDictionary
280
     1
281
     1
  3
ACAD_XREC_ROUNDTRIP
360
F22
  0
DICTIONARY
  5
F15
330
34
100
AcDbDictionary
280
     1
281
     1
  3
ACAD_XREC_ROUNDTRIP
360
F16
  0
DICTIONARY
  5
F17
330
35
100
AcDbDictionary
280
     1
281
     1
  3
ACAD_XREC_ROUNDTRIP
360
F18
  0
DICTIONARY
  5
F27
330
3D
100
AcDbDictionary
280
     1
281
     1
  3
ACAD_XREC_ROUNDTRIP
360
F28
  0
DICTIONARY
  5
F1F
330
39
100
AcDbDictionary
280
     1
281
     1
  3
ACAD_XREC_ROUNDTRIP
360
F20
  0
DICTIONARY
  5
F03
330
2B
100
AcDbDictionary
280
     1
281
     1
  3
ACAD_XREC_ROUNDTRIP
360
F04
  0
DICTIONARY
  5
F05
330
2C
100
AcDbDictionary
280
     1
281
     1
  3
ACAD_XREC_ROUNDTRIP
360
F06
  0
DICTIONARY
  5
F07
330
2D
100
AcDbDictionary
280
     1
281
     1
  3
ACAD_XREC_ROUNDTRIP
360
F08
  0
DICTIONARY
  5
F09
330
2E
100
AcDbDictionary
280
     1
281
     1
  3
ACAD_XREC_ROUNDTRIP
360
F0A
  0
DICTIONARY
  5
F0F
330
31
100
AcDbDictionary
280
     1
281
     1
  3
ACAD_XREC_ROUNDTRIP
360
F10
  0
DICTIONARY
  5
F23
330
3B
100
AcDbDictionary
280
     1
281
     1
  3
ACAD_XREC_ROUNDTRIP
360
F24
  0
DICTIONARY
  5
F1D
330
38
100
AcDbDictionary
280
     1
281
     1
  3
ACAD_XREC_ROUNDTRIP
360
F1E
  0
DICTIONARY
  5
F25
330
3C
100
AcDbDictionary
280
     1
281
     1
  3
ACAD_XREC_ROUNDTRIP
360
F26
  0
DICTIONARY
  5
F13
330
33
100
AcDbDictionary
280
     1
281
     1
  3
ACAD_XREC_ROUNDTRIP
360
F14
  0
DICTIONARY
  5
F31
330
42
100
AcDbDictionary
280
     1
281
     1
  3
ACAD_XREC_ROUNDTRIP
360
F32
  0
DICTIONARY
  5
F2F
330
41
100
AcDbDictionary
280
     1
281
     1
  3
ACAD_XREC_ROUNDTRIP
360
F30
  0
DICTIONARY
  5
F29
330
3E
100
AcDbDictionary
280
     1
281
     1
  3
ACAD_XREC_ROUNDTRIP
360
F2A
  0
DICTIONARY
  5
F2B
330
3F
100
AcDbDictionary
280
     1
281
     1
  3
ACAD_XREC_ROUNDTRIP
360
F2C
  0
DICTIONARY
  5
F1B
330
37
100
AcDbDictionary
280
     1
281
     1
  3
ACAD_XREC_ROUNDTRIP
360
F1C
  0
DICTIONARY
  5
F0D
330
30
100
AcDbDictionary
280
     1
281
     1
  3
ACAD_XREC_ROUNDTRIP
360
F0E
  0
DICTIONARY
  5
F2D
330
40
100
AcDbDictionary
280
     1
281
     1
  3
ACAD_XREC_ROUNDTRIP
360
F2E
  0
CELLSTYLEMAP
  5
F34
102
{ACAD_REACTORS
330
F33
102
}
330
F33
100
AcDbCellStyleMap
 90
        3
300
CELLSTYLE
  1
TABLEFORMAT_BEGIN
 90
        5
170
     1
 91
        0
 92
    32768
 62
   257
 93
        1
300
CONTENTFORMAT
  1
CONTENTFORMAT_BEGIN
 90
        0
 91
        0
 92
        4
 93
        0
300

 40
0.0
140
1.0
 94
        5
 62
     0
340
11
144
0.25
309
CONTENTFORMAT_END
171
     1
301
MARGIN
  1
CELLMARGIN_BEGIN
 40
0.06
 40
0.06
 40
0.06
 40
0.06
 40
0.06
 40
0.06
309
CELLMARGIN_END
 94
        6
 95
        1
302
GRIDFORMAT
  1
GRIDFORMAT_BEGIN
 90
        0
 91
        1
 62
     0
 92
       -2
340
14
 93
        0
 40
0.045
309
GRIDFORMAT_END
 95
        2
302
GRIDFORMAT
  1
GRIDFORMAT_BEGIN
 90
        0
 91
        1
 62
     0
 92
       -2
340
14
 93
        0
 40
0.045
309
GRIDFORMAT_END
 95
        4
302
GRIDFORMAT
  1
GRIDFORMAT_BEGIN
 90
        0
 91
        1
 62
     0
 92
       -2
340
14
 93
        0
 40
0.045
309
GRIDFORMAT_END
 95
        8
302
GRIDFORMAT
  1
GRIDFORMAT_BEGIN
 90
        0
 91
        1
 62
     0
 92
       -2
340
14
 93
        0
 40
0.045
309
GRIDFORMAT_END
 95
       16
302
GRIDFORMAT
  1
GRIDFORMAT_BEGIN
 90
        0
 91
        1
 62
     0
 92
       -2
340
14
 93
        0
 40
0.045
309
GRIDFORMAT_END
 95
       32
302
GRIDFORMAT
  1
GRIDFORMAT_BEGIN
 90
        0
 91
        1
 62
     0
 92
       -2
340
14
 93
        0
 40
0.045
309
GRIDFORMAT_END
309
TABLEFORMAT_END
  1
CELLSTYLE_BEGIN
 90
        1
 91
        1
300
_TITLE
309
CELLSTYLE_END
300
CELLSTYLE
  1
TABLEFORMAT_BEGIN
 90
        5
170
     1
 91
        0
 92
        0
 62
   257
 93
        1
300
CONTENTFORMAT
  1
CONTENTFORMAT_BEGIN
 90
        0
 91
        0
 92
        4
 93
        0
300

 40
0.0
140
1.0
 94
        5
 62
     0
340
11
144
0.18
309
CONTENTFORMAT_END
171
     1
301
MARGIN
  1
CELLMARGIN_BEGIN
 40
0.06
 40
0.06
 40
0.06
 40
0.06
 40
0.06
 40
0.06
309
CELLMARGIN_END
 94
        6
 95
        1
302
GRIDFORMAT
  1
GRIDFORMAT_BEGIN
 90
        0
 91
        1
 62
     0
 92
       -2
340
14
 93
        0
 40
0.045
309
GRIDFORMAT_END
 95
        2
302
GRIDFORMAT
  1
GRIDFORMAT_BEGIN
 90
        0
 91
        1
 62
     0
 92
       -2
340
14
 93
        0
 40
0.045
309
GRIDFORMAT_END
 95
        4
302
GRIDFORMAT
  1
GRIDFORMAT_BEGIN
 90
        0
 91
        1
 62
     0
 92
       -2
340
14
 93
        0
 40
0.045
309
GRIDFORMAT_END
 95
        8
302
GRIDFORMAT
  1
GRIDFORMAT_BEGIN
 90
        0
 91
        1
 62
     0
 92
       -2
340
14
 93
        0
 40
0.045
309
GRIDFORMAT_END
 95
       16
302
GRIDFORMAT
  1
GRIDFORMAT_BEGIN
 90
        0
 91
        1
 62
     0
 92
       -2
340
14
 93
        0
 40
0.045
309
GRIDFORMAT_END
 95
       32
302
GRIDFORMAT
  1
GRIDFORMAT_BEGIN
 90
        0
 91
        1
 62
     0
 92
       -2
340
14
 93
        0
 40
0.045
309
GRIDFORMAT_END
309
TABLEFORMAT_END
  1
CELLSTYLE_BEGIN
 90
        2
 91
        1
300
_HEADER
309
CELLSTYLE_END
300
CELLSTYLE
  1
TABLEFORMAT_BEGIN
 90
        5
170
     1
 91
        0
 92
        0
 62
   257
 93
        1
300
CONTENTFORMAT
  1
CONTENTFORMAT_BEGIN
 90
        0
 91
        0
 92
        4
 93
        0
300

 40
0.0
140
1.0
 94
        2
 62
     0
340
11
144
0.18
309
CONTENTFORMAT_END
171
     1
301
MARGIN
  1
CELLMARGIN_BEGIN
 40
0.06
 40
0.06
 40
0.06
 40
0.06
 40
0.06
 40
0.06
309
CELLMARGIN_END
 94
        6
 95
        1
302
GRIDFORMAT
  1
GRIDFORMAT_BEGIN
 90
        0
 91
        1
 62
     0
 92
       -2
340
14
 93
        0
 40
0.045
309
GRIDFORMAT_END
 95
        2
302
GRIDFORMAT
  1
GRIDFORMAT_BEGIN
 90
        0
 91
        1
 62
     0
 92
       -2
340
14
 93
        0
 40
0.045
309
GRIDFORMAT_END
 95
        4
302
GRIDFORMAT
  1
GRIDFORMAT_BEGIN
 90
        0
 91
        1
 62
     0
 92
       -2
340
14
 93
        0
 40
0.045
309
GRIDFORMAT_END
 95
        8
302
GRIDFORMAT
  1
GRIDFORMAT_BEGIN
 90
        0
 91
        1
 62
     0
 92
       -2
340
14
 93
        0
 40
0.045
309
GRIDFORMAT_END
 95
       16
302
GRIDFORMAT
  1
GRIDFORMAT_BEGIN
 90
        0
 91
        1
 62
     0
 92
       -2
340
14
 93
        0
 40
0.045
309
GRIDFORMAT_END
 95
       32
302
GRIDFORMAT
  1
GRIDFORMAT_BEGIN
 90
        0
 91
        1
 62
     0
 92
       -2
340
14
 93
        0
 40
0.045
309
GRIDFORMAT_END
309
TABLEFORMAT_END
  1
CELLSTYLE_BEGIN
 90
        3
 91
        2
300
_DATA
309
CELLSTYLE_END
  0
XRECORD
  5
F0C
102
{ACAD_REACTORS
330
F0B
102
}
330
F0B
100
AcDbXrecord
280
     1
102
RTVSPost2010Prop28
280
     1
102
RTVSPost2010PropOp28
 70
     1
102
RTVSPost2010Prop29
280
     1
102
RTVSPost2010PropOp29
 70
     1
102
RTVSPost2010Prop30
280
     0
102
RTVSPost2010PropOp30
 70
     1
102
RTVSPost2010Prop31
280
     0
102
RTVSPost2010PropOp31
 70
     1
102
RTVSPost2010Prop32
280
     0
102
RTVSPost2010PropOp32
 70
     1
102
RTVSPost2010Prop33
280
     0
102
RTVSPost2010PropOp33
 70
     1
102
RTVSPost2010Prop34
280
     0
102
RTVSPost2010PropOp34
 70
     1
102
RTVSPost2010Prop35
280
     0
102
RTVSPost2010PropOp35
 70
     1
102
RTVSPost2010Prop36
280
     0
102
RTVSPost2010PropOp36
 70
     1
102
RTVSPost2010Prop37
 90
       50
102
RTVSPost2010PropOp37
 70
     1
102
RTVSPost2010Prop38
140
0.0
102
RTVSPost2010PropOp38
 70
     1
102
RTVSPost2010Prop39
140
1.0
102
RTVSPost2010PropOp39
 70
     1
102
RTVSPost2010Prop40
 90
        0
102
RTVSPost2010PropOp40
 70
     1
102
RTVSPost2010Prop41ColorIndex
 90
       18
102
RTVSPost2010Prop41ColorRGB
 90
        0
102
RTVSPost2010PropOp41
 70
     1
102
RTVSPost2010Prop42
 90
       50
102
RTVSPost2010PropOp42
 70
     1
102
RTVSPost2010Prop43
 90
        3
102
RTVSPost2010PropOp43
 70
     1
102
RTVSPost2010Prop44ColorIndex
 90
        5
102
RTVSPost2010Prop44ColorRGB
 90
      255
102
RTVSPost2010PropOp44
 70
     1
102
RTVSPost2010Prop45
280
     0
102
RTVSPost2010PropOp45
 70
     1
102
RTVSPost2010Prop46
 90
       50
102
RTVSPost2010PropOp46
 70
     1
102
RTVSPost2010Prop47
 90
       50
102
RTVSPost2010PropOp47
 70
     1
102
RTVSPost2010Prop48
 90
       50
102
RTVSPost2010PropOp48
 70
     1
102
RTVSPost2010Prop49
280
     0
102
RTVSPost2010PropOp49
 70
     1
102
RTVSPost2010Prop50
 90
       50
102
RTVSPost2010PropOp50
 70
     1
102
RTVSPost2010Prop51ColorIndex
 90
      256
102
RTVSPost2010Prop51ColorRGB
 90
-16777216
102
RTVSPost2010PropOp51
 70
     0
102
RTVSPost2010Prop52
140
1.0
102
RTVSPost2010PropOp52
 70
     0
102
RTVSPost2010Prop53
 90
        2
102
RTVSPost2010PropOp53
 70
     1
102
RTVSPost2010Prop54
  1
strokes_ogs.tif
102
RTVSPost2010PropOp54
 70
     1
102
RTVSPost2010Prop55
280
     0
102
RTVSPost2010PropOp55
 70
     1
102
RTVSPost2010Prop56
140
1.0
102
RTVSPost2010PropOp56
 70
     1
102
RTVSPost2010Prop57
140
1.0
102
RTVSPost2010PropOp57
 70
     1
  0
XRECORD
  5
F12
102
{ACAD_REACTORS
330
F11
102
}
330
F11
100
AcDbXrecord
280
     1
102
RTVSPost2010Prop28
280
     0
102
RTVSPost2010PropOp28
 70
     1
102
RTVSPost2010Prop29
280
     1
102
RTVSPost2010PropOp29
 70
     1
102
RTVSPost2010Prop30
280
     1
102
RTVSPost2010PropOp30
 70
     1
102
RTVSPost2010Prop31
280
     0
102
RTVSPost2010PropOp31
 70
     1
102
RTVSPost2010Prop32
280
     0
102
RTVSPost2010PropOp32
 70
     1
102
RTVSPost2010Prop33
280
     0
102
RTVSPost2010PropOp33
 70
     1
102
RTVSPost2010Prop34
280
     0
102
RTVSPost2010PropOp34
 70
     1
102
RTVSPost2010Prop35
280
     0
102
RTVSPost2010PropOp35
 70
     1
102
RTVSPost2010Prop36
280
     0
102
RTVSPost2010PropOp36
 70
     1
102
RTVSPost2010Prop37
 90
       50
102
RTVSPost2010PropOp37
 70
     1
102
RTVSPost2010Prop38
140
0.0
102
RTVSPost2010PropOp38
 70
     1
102
RTVSPost2010Prop39
140
1.0
102
RTVSPost2010PropOp39
 70
     1
102
RTVSPost2010Prop40
 90
        0
102
RTVSPost2010PropOp40
 70
     1
102
RTVSPost2010Prop41ColorIndex
 90
       18
102
RTVSPost2010Prop41ColorRGB
 90
        0
102
RTVSPost2010PropOp41
 70
     1
102
RTVSPost2010Prop42
 90
       50
102
RTVSPost2010PropOp42
 70
     1
102
RTVSPost2010Prop43
 90
        3
102
RTVSPost2010PropOp43
 70
     1
102
RTVSPost2010Prop44ColorIndex
 90
        5
102
RTVSPost2010Prop44ColorRGB
 90
      255
102
RTVSPost2010PropOp44
 70
     1
102
RTVSPost2010Prop45
280
     0
102
RTVSPost2010PropOp45
 70
     1
102
RTVSPost2010Prop46
 90
       50
102
RTVSPost2010PropOp46
 70
     1
102
RTVSPost2010Prop47
 90
       50
102
RTVSPost2010PropOp47
 70
     1
102
RTVSPost2010Prop48
 90
       50
102
RTVSPost2010PropOp48
 70
     1
102
RTVSPost2010Prop49
280
     0
102
RTVSPost2010PropOp49
 70
     1
102
RTVSPost2010Prop50
 90
       50
102
RTVSPost2010PropOp50
 70
     1
102
RTVSPost2010Prop51ColorIndex
 90
      256
102
RTVSPost2010Prop51ColorRGB
 90
-16777216
102
RTVSPost2010PropOp51
 70
     0
102
RTVSPost2010Prop52
140
1.0
102
RTVSPost2010PropOp52
 70
     0
102
RTVSPost2010Prop53
 90
        2
102
RTVSPost2010PropOp53
 70
     1
102
RTVSPost2010Prop54
  1
strokes_ogs.tif
102
RTVSPost2010PropOp54
 70
     1
102
RTVSPost2010Prop55
280
     0
102
RTVSPost2010PropOp55
 70
     1
102
RTVSPost2010Prop56
140
1.0
102
RTVSPost2010PropOp56
 70
     1
102
RTVSPost2010Prop57
140
1.0
102
RTVSPost2010PropOp57
 70
     1
  0
XRECORD
  5
F1A
102
{ACAD_REACTORS
330
F19
102
}
330
F19
100
AcDbXrecord
280
     1
102
RTVSPost2010Prop28
280
     0
102
RTVSPost2010PropOp28
 70
     1
102
RTVSPost2010Prop29
280
     1
102
RTVSPost2010PropOp29
 70
     1
102
RTVSPost2010Prop30
280
     1
102
RTVSPost2010PropOp30
 70
     1
102
RTVSPost2010Prop31
280
     0
102
RTVSPost2010PropOp31
 70
     1
102
RTVSPost2010Prop32
280
     0
102
RTVSPost2010PropOp32
 70
     1
102
RTVSPost2010Prop33
280
     0
102
RTVSPost2010PropOp33
 70
     1
102
RTVSPost2010Prop34
280
     0
102
RTVSPost2010PropOp34
 70
     1
102
RTVSPost2010Prop35
280
     0
102
RTVSPost2010PropOp35
 70
     1
102
RTVSPost2010Prop36
280
     0
102
RTVSPost2010PropOp36
 70
     1
102
RTVSPost2010Prop37
 90
       50
102
RTVSPost2010PropOp37
 70
     1
102
RTVSPost2010Prop38
140
0.0
102
RTVSPost2010PropOp38
 70
     1
102
RTVSPost2010Prop39
140
1.0
102
RTVSPost2010PropOp39
 70
     1
102
RTVSPost2010Prop40
 90
        0
102
RTVSPost2010PropOp40
 70
     1
102
RTVSPost2010Prop41ColorIndex
 90
       18
102
RTVSPost2010Prop41ColorRGB
 90
        0
102
RTVSPost2010PropOp41
 70
     1
102
RTVSPost2010Prop42
 90
       50
102
RTVSPost2010PropOp42
 70
     1
102
RTVSPost2010Prop43
 90
        3
102
RTVSPost2010PropOp43
 70
     1
102
RTVSPost2010Prop44ColorIndex
 90
        5
102
RTVSPost2010Prop44ColorRGB
 90
      255
102
RTVSPost2010PropOp44
 70
     1
102
RTVSPost2010Prop45
280
     0
102
RTVSPost2010PropOp45
 70
     1
102
RTVSPost2010Prop46
 90
       50
102
RTVSPost2010PropOp46
 70
     1
102
RTVSPost2010Prop47
 90
       50
102
RTVSPost2010PropOp47
 70
     1
102
RTVSPost2010Prop48
 90
       50
102
RTVSPost2010PropOp48
 70
     1
102
RTVSPost2010Prop49
280
     0
102
RTVSPost2010PropOp49
 70
     1
102
RTVSPost2010Prop50
 90
       50
102
RTVSPost2010PropOp50
 70
     1
102
RTVSPost2010Prop51ColorIndex
 90
      256
102
RTVSPost2010Prop51ColorRGB
 90
-16777216
102
RTVSPost2010PropOp51
 70
     0
102
RTVSPost2010Prop52
140
1.0
102
RTVSPost2010PropOp52
 70
     0
102
RTVSPost2010Prop53
 90
        2
102
RTVSPost2010PropOp53
 70
     1
102
RTVSPost2010Prop54
  1
strokes_ogs.tif
102
RTVSPost2010PropOp54
 70
     1
102
RTVSPost2010Prop55
280
     0
102
RTVSPost2010PropOp55
 70
     1
102
RTVSPost2010Prop56
140
1.0
102
RTVSPost2010PropOp56
 70
     1
102
RTVSPost2010Prop57
140
1.0
102
RTVSPost2010PropOp57
 70
     1
  0
XRECORD
  5
F22
102
{ACAD_REACTORS
330
F21
102
}
330
F21
100
AcDbXrecord
280
     1
102
RTVSPost2010Prop28
280
     0
102
RTVSPost2010PropOp28
 70
     1
102
RTVSPost2010Prop29
280
     1
102
RTVSPost2010PropOp29
 70
     1
102
RTVSPost2010Prop30
280
     1
102
RTVSPost2010PropOp30
 70
     1
102
RTVSPost2010Prop31
280
     0
102
RTVSPost2010PropOp31
 70
     1
102
RTVSPost2010Prop32
280
     0
102
RTVSPost2010PropOp32
 70
     1
102
RTVSPost2010Prop33
280
     0
102
RTVSPost2010PropOp33
 70
     1
102
RTVSPost2010Prop34
280
     0
102
RTVSPost2010PropOp34
 70
     1
102
RTVSPost2010Prop35
280
     0
102
RTVSPost2010PropOp35
 70
     1
102
RTVSPost2010Prop36
280
     0
102
RTVSPost2010PropOp36
 70
     1
102
RTVSPost2010Prop37
 90
       50
102
RTVSPost2010PropOp37
 70
     1
102
RTVSPost2010Prop38
140
0.0
102
RTVSPost2010PropOp38
 70
     1
102
RTVSPost2010Prop39
140
1.0
102
RTVSPost2010PropOp39
 70
     1
102
RTVSPost2010Prop40
 90
        0
102
RTVSPost2010PropOp40
 70
     1
102
RTVSPost2010Prop41ColorIndex
 90
       18
102
RTVSPost2010Prop41ColorRGB
 90
        0
102
RTVSPost2010PropOp41
 70
     1
102
RTVSPost2010Prop42
 90
       50
102
RTVSPost2010PropOp42
 70
     1
102
RTVSPost2010Prop43
 90
        3
102
RTVSPost2010PropOp43
 70
     1
102
RTVSPost2010Prop44ColorIndex
 90
        5
102
RTVSPost2010Prop44ColorRGB
 90
      255
102
RTVSPost2010PropOp44
 70
     1
102
RTVSPost2010Prop45
280
     0
102
RTVSPost2010PropOp45
 70
     1
102
RTVSPost2010Prop46
 90
       50
102
RTVSPost2010PropOp46
 70
     1
102
RTVSPost2010Prop47
 90
       50
102
RTVSPost2010PropOp47
 70
     1
102
RTVSPost2010Prop48
 90
       50
102
RTVSPost2010PropOp48
 70
     1
102
RTVSPost2010Prop49
280
     0
102
RTVSPost2010PropOp49
 70
     1
102
RTVSPost2010Prop50
 90
       50
102
RTVSPost2010PropOp50
 70
     1
102
RTVSPost2010Prop51ColorIndex
 90
      256
102
RTVSPost2010Prop51ColorRGB
 90
-16777216
102
RTVSPost2010PropOp51
 70
     0
102
RTVSPost2010Prop52
140
1.0
102
RTVSPost2010PropOp52
 70
     0
102
RTVSPost2010Prop53
 90
        2
102
RTVSPost2010PropOp53
 70
     1
102
RTVSPost2010Prop54
  1
strokes_ogs.tif
102
RTVSPost2010PropOp54
 70
     1
102
RTVSPost2010Prop55
280
     0
102
RTVSPost2010PropOp55
 70
     1
102
RTVSPost2010Prop56
140
1.0
102
RTVSPost2010PropOp56
 70
     1
102
RTVSPost2010Prop57
140
1.0
102
RTVSPost2010PropOp57
 70
     1
  0
XRECORD
  5
F16
102
{ACAD_REACTORS
330
F15
102
}
330
F15
100
AcDbXrecord
280
     1
102
RTVSPost2010Prop28
280
     0
102
RTVSPost2010PropOp28
 70
     1
102
RTVSPost2010Prop29
280
     1
102
RTVSPost2010PropOp29
 70
     1
102
RTVSPost2010Prop30
280
     1
102
RTVSPost2010PropOp30
 70
     1
102
RTVSPost2010Prop31
280
     0
102
RTVSPost2010PropOp31
 70
     1
102
RTVSPost2010Prop32
280
     0
102
RTVSPost2010PropOp32
 70
     1
102
RTVSPost2010Prop33
280
     0
102
RTVSPost2010PropOp33
 70
     1
102
RTVSPost2010Prop34
280
     0
102
RTVSPost2010PropOp34
 70
     1
102
RTVSPost2010Prop35
280
     0
102
RTVSPost2010PropOp35
 70
     1
102
RTVSPost2010Prop36
280
     0
102
RTVSPost2010PropOp36
 70
     1
102
RTVSPost2010Prop37
 90
       50
102
RTVSPost2010PropOp37
 70
     1
102
RTVSPost2010Prop38
140
0.0
102
RTVSPost2010PropOp38
 70
     1
102
RTVSPost2010Prop39
140
1.0
102
RTVSPost2010PropOp39
 70
     1
102
RTVSPost2010Prop40
 90
        0
102
RTVSPost2010PropOp40
 70
     1
102
RTVSPost2010Prop41ColorIndex
 90
       18
102
RTVSPost2010Prop41ColorRGB
 90
        0
102
RTVSPost2010PropOp41
 70
     1
102
RTVSPost2010Prop42
 90
       50
102
RTVSPost2010PropOp42
 70
     1
102
RTVSPost2010Prop43
 90
        3
102
RTVSPost2010PropOp43
 70
     1
102
RTVSPost2010Prop44ColorIndex
 90
        5
102
RTVSPost2010Prop44ColorRGB
 90
      255
102
RTVSPost2010PropOp44
 70
     1
102
RTVSPost2010Prop45
280
     0
102
RTVSPost2010PropOp45
 70
     1
102
RTVSPost2010Prop46
 90
       50
102
RTVSPost2010PropOp46
 70
     1
102
RTVSPost2010Prop47
 90
       50
102
RTVSPost2010PropOp47
 70
     1
102
RTVSPost2010Prop48
 90
       50
102
RTVSPost2010PropOp48
 70
     1
102
RTVSPost2010Prop49
280
     0
102
RTVSPost2010PropOp49
 70
     1
102
RTVSPost2010Prop50
 90
       50
102
RTVSPost2010PropOp50
 70
     1
102
RTVSPost2010Prop51ColorIndex
 90
      256
102
RTVSPost2010Prop51ColorRGB
 90
-16777216
102
RTVSPost2010PropOp51
 70
     0
102
RTVSPost2010Prop52
140
1.0
102
RTVSPost2010PropOp52
 70
     0
102
RTVSPost2010Prop53
 90
        2
102
RTVSPost2010PropOp53
 70
     1
102
RTVSPost2010Prop54
  1
strokes_ogs.tif
102
RTVSPost2010PropOp54
 70
     1
102
RTVSPost2010Prop55
280
     0
102
RTVSPost2010PropOp55
 70
     1
102
RTVSPost2010Prop56
140
1.0
102
RTVSPost2010PropOp56
 70
     1
102
RTVSPost2010Prop57
140
1.0
102
RTVSPost2010PropOp57
 70
     1
  0
XRECORD
  5
F18
102
{ACAD_REACTORS
330
F17
102
}
330
F17
100
AcDbXrecord
280
     1
102
RTVSPost2010Prop28
280
     0
102
RTVSPost2010PropOp28
 70
     1
102
RTVSPost2010Prop29
280
     1
102
RTVSPost2010PropOp29
 70
     1
102
RTVSPost2010Prop30
280
     1
102
RTVSPost2010PropOp30
 70
     1
102
RTVSPost2010Prop31
280
     0
102
RTVSPost2010PropOp31
 70
     1
102
RTVSPost2010Prop32
280
     0
102
RTVSPost2010PropOp32
 70
     1
102
RTVSPost2010Prop33
280
     0
102
RTVSPost2010PropOp33
 70
     1
102
RTVSPost2010Prop34
280
     0
102
RTVSPost2010PropOp34
 70
     1
102
RTVSPost2010Prop35
280
     0
102
RTVSPost2010PropOp35
 70
     1
102
RTVSPost2010Prop36
280
     0
102
RTVSPost2010PropOp36
 70
     1
102
RTVSPost2010Prop37
 90
       50
102
RTVSPost2010PropOp37
 70
     1
102
RTVSPost2010Prop38
140
0.0
102
RTVSPost2010PropOp38
 70
     1
102
RTVSPost2010Prop39
140
1.0
102
RTVSPost2010PropOp39
 70
     1
102
RTVSPost2010Prop40
 90
        0
102
RTVSPost2010PropOp40
 70
     1
102
RTVSPost2010Prop41ColorIndex
 90
       18
102
RTVSPost2010Prop41ColorRGB
 90
        0
102
RTVSPost2010PropOp41
 70
     1
102
RTVSPost2010Prop42
 90
       50
102
RTVSPost2010PropOp42
 70
     1
102
RTVSPost2010Prop43
 90
        3
102
RTVSPost2010PropOp43
 70
     1
102
RTVSPost2010Prop44ColorIndex
 90
        5
102
RTVSPost2010Prop44ColorRGB
 90
      255
102
RTVSPost2010PropOp44
 70
     1
102
RTVSPost2010Prop45
280
     0
102
RTVSPost2010PropOp45
 70
     1
102
RTVSPost2010Prop46
 90
       50
102
RTVSPost2010PropOp46
 70
     1
102
RTVSPost2010Prop47
 90
       50
102
RTVSPost2010PropOp47
 70
     1
102
RTVSPost2010Prop48
 90
       50
102
RTVSPost2010PropOp48
 70
     1
102
RTVSPost2010Prop49
280
     0
102
RTVSPost2010PropOp49
 70
     1
102
RTVSPost2010Prop50
 90
       50
102
RTVSPost2010PropOp50
 70
     1
102
RTVSPost2010Prop51ColorIndex
 90
      256
102
RTVSPost2010Prop51ColorRGB
 90
-16777216
102
RTVSPost2010PropOp51
 70
     0
102
RTVSPost2010Prop52
140
1.0
102
RTVSPost2010PropOp52
 70
     0
102
RTVSPost2010Prop53
 90
        2
102
RTVSPost2010PropOp53
 70
     1
102
RTVSPost2010Prop54
  1
strokes_ogs.tif
102
RTVSPost2010PropOp54
 70
     1
102
RTVSPost2010Prop55
280
     0
102
RTVSPost2010PropOp55
 70
     1
102
RTVSPost2010Prop56
140
1.0
102
RTVSPost2010PropOp56
 70
     1
102
RTVSPost2010Prop57
140
1.0
102
RTVSPost2010PropOp57
 70
     1
  0
XRECORD
  5
F28
102
{ACAD_REACTORS
330
F27
102
}
330
F27
100
AcDbXrecord
280
     1
102
RTVSPost2010Prop28
280
     0
102
RTVSPost2010PropOp28
 70
     0
102
RTVSPost2010Prop29
280
     1
102
RTVSPost2010PropOp29
 70
     0
102
RTVSPost2010Prop30
280
     1
102
RTVSPost2010PropOp30
 70
     0
102
RTVSPost2010Prop31
280
     0
102
RTVSPost2010PropOp31
 70
     0
102
RTVSPost2010Prop32
280
     0
102
RTVSPost2010PropOp32
 70
     0
102
RTVSPost2010Prop33
280
     0
102
RTVSPost2010PropOp33
 70
     0
102
RTVSPost2010Prop34
280
     0
102
RTVSPost2010PropOp34
 70
     0
102
RTVSPost2010Prop35
280
     0
102
RTVSPost2010PropOp35
 70
     0
102
RTVSPost2010Prop36
280
     0
102
RTVSPost2010PropOp36
 70
     0
102
RTVSPost2010Prop37
 90
       50
102
RTVSPost2010PropOp37
 70
     0
102
RTVSPost2010Prop38
140
0.0
102
RTVSPost2010PropOp38
 70
     0
102
RTVSPost2010Prop39
140
1.0
102
RTVSPost2010PropOp39
 70
     0
102
RTVSPost2010Prop40
 90
        0
102
RTVSPost2010PropOp40
 70
     0
102
RTVSPost2010Prop41ColorIndex
 90
       18
102
RTVSPost2010Prop41ColorRGB
 90
        0
102
RTVSPost2010PropOp41
 70
     0
102
RTVSPost2010Prop42
 90
       50
102
RTVSPost2010PropOp42
 70
     0
102
RTVSPost2010Prop43
 90
        3
102
RTVSPost2010PropOp43
 70
     0
102
RTVSPost2010Prop44ColorIndex
 90
        5
102
RTVSPost2010Prop44ColorRGB
 90
      255
102
RTVSPost2010PropOp44
 70
     0
102
RTVSPost2010Prop45
280
     0
102
RTVSPost2010PropOp45
 70
     0
102
RTVSPost2010Prop46
 90
       50
102
RTVSPost2010PropOp46
 70
     0
102
RTVSPost2010Prop47
 90
       50
102
RTVSPost2010PropOp47
 70
     0
102
RTVSPost2010Prop48
 90
       50
102
RTVSPost2010PropOp48
 70
     0
102
RTVSPost2010Prop49
280
     0
102
RTVSPost2010PropOp49
 70
     0
102
RTVSPost2010Prop50
 90
       50
102
RTVSPost2010PropOp50
 70
     0
102
RTVSPost2010Prop51ColorIndex
 90
      256
102
RTVSPost2010Prop51ColorRGB
 90
-16777216
102
RTVSPost2010PropOp51
 70
     0
102
RTVSPost2010Prop52
140
1.0
102
RTVSPost2010PropOp52
 70
     0
102
RTVSPost2010Prop53
 90
        2
102
RTVSPost2010PropOp53
 70
     0
102
RTVSPost2010Prop54
  1
strokes_ogs.tif
102
RTVSPost2010PropOp54
 70
     0
102
RTVSPost2010Prop55
280
     0
102
RTVSPost2010PropOp55
 70
     0
102
RTVSPost2010Prop56
140
1.0
102
RTVSPost2010PropOp56
 70
     0
102
RTVSPost2010Prop57
140
1.0
102
RTVSPost2010PropOp57
 70
     0
  0
XRECORD
  5
F20
102
{ACAD_REACTORS
330
F1F
102
}
330
F1F
100
AcDbXrecord
280
     1
102
RTVSPost2010Prop28
280
     0
102
RTVSPost2010PropOp28
 70
     1
102
RTVSPost2010Prop29
280
     1
102
RTVSPost2010PropOp29
 70
     1
102
RTVSPost2010Prop30
280
     1
102
RTVSPost2010PropOp30
 70
     1
102
RTVSPost2010Prop31
280
     0
102
RTVSPost2010PropOp31
 70
     1
102
RTVSPost2010Prop32
280
     0
102
RTVSPost2010PropOp32
 70
     1
102
RTVSPost2010Prop33
280
     0
102
RTVSPost2010PropOp33
 70
     1
102
RTVSPost2010Prop34
280
     0
102
RTVSPost2010PropOp34
 70
     1
102
RTVSPost2010Prop35
280
     0
102
RTVSPost2010PropOp35
 70
     1
102
RTVSPost2010Prop36
280
     0
102
RTVSPost2010PropOp36
 70
     1
102
RTVSPost2010Prop37
 90
       50
102
RTVSPost2010PropOp37
 70
     1
102
RTVSPost2010Prop38
140
0.0
102
RTVSPost2010PropOp38
 70
     1
102
RTVSPost2010Prop39
140
1.0
102
RTVSPost2010PropOp39
 70
     1
102
RTVSPost2010Prop40
 90
        0
102
RTVSPost2010PropOp40
 70
     1
102
RTVSPost2010Prop41ColorIndex
 90
       18
102
RTVSPost2010Prop41ColorRGB
 90
        0
102
RTVSPost2010PropOp41
 70
     1
102
RTVSPost2010Prop42
 90
       50
102
RTVSPost2010PropOp42
 70
     1
102
RTVSPost2010Prop43
 90
        3
102
RTVSPost2010PropOp43
 70
     1
102
RTVSPost2010Prop44ColorIndex
 90
        5
102
RTVSPost2010Prop44ColorRGB
 90
      255
102
RTVSPost2010PropOp44
 70
     1
102
RTVSPost2010Prop45
280
     0
102
RTVSPost2010PropOp45
 70
     1
102
RTVSPost2010Prop46
 90
       50
102
RTVSPost2010PropOp46
 70
     1
102
RTVSPost2010Prop47
 90
       50
102
RTVSPost2010PropOp47
 70
     1
102
RTVSPost2010Prop48
 90
       50
102
RTVSPost2010PropOp48
 70
     1
102
RTVSPost2010Prop49
280
     0
102
RTVSPost2010PropOp49
 70
     1
102
RTVSPost2010Prop50
 90
       50
102
RTVSPost2010PropOp50
 70
     1
102
RTVSPost2010Prop51ColorIndex
 90
      256
102
RTVSPost2010Prop51ColorRGB
 90
-16777216
102
RTVSPost2010PropOp51
 70
     0
102
RTVSPost2010Prop52
140
1.0
102
RTVSPost2010PropOp52
 70
     0
102
RTVSPost2010Prop53
 90
        2
102
RTVSPost2010PropOp53
 70
     1
102
RTVSPost2010Prop54
  1
strokes_ogs.tif
102
RTVSPost2010PropOp54
 70
     1
102
RTVSPost2010Prop55
280
     0
102
RTVSPost2010PropOp55
 70
     1
102
RTVSPost2010Prop56
140
1.0
102
RTVSPost2010PropOp56
 70
     1
102
RTVSPost2010Prop57
140
1.0
102
RTVSPost2010PropOp57
 70
     1
  0
XRECORD
  5
F04
102
{ACAD_REACTORS
330
F03
102
}
330
F03
100
AcDbXrecord
280
     1
102
RTVSPost2010Prop28
280
     0
102
RTVSPost2010PropOp28
 70
     1
102
RTVSPost2010Prop29
280
     1
102
RTVSPost2010PropOp29
 70
     1
102
RTVSPost2010Prop30
280
     1
102
RTVSPost2010PropOp30
 70
     1
102
RTVSPost2010Prop31
280
     0
102
RTVSPost2010PropOp31
 70
     1
102
RTVSPost2010Prop32
280
     0
102
RTVSPost2010PropOp32
 70
     1
102
RTVSPost2010Prop33
280
     0
102
RTVSPost2010PropOp33
 70
     1
102
RTVSPost2010Prop34
280
     0
102
RTVSPost2010PropOp34
 70
     1
102
RTVSPost2010Prop35
280
     0
102
RTVSPost2010PropOp35
 70
     1
102
RTVSPost2010Prop36
280
     0
102
RTVSPost2010PropOp36
 70
     1
102
RTVSPost2010Prop37
 90
       50
102
RTVSPost2010PropOp37
 70
     1
102
RTVSPost2010Prop38
140
0.0
102
RTVSPost2010PropOp38
 70
     1
102
RTVSPost2010Prop39
140
1.0
102
RTVSPost2010PropOp39
 70
     1
102
RTVSPost2010Prop40
 90
        0
102
RTVSPost2010PropOp40
 70
     1
102
RTVSPost2010Prop41ColorIndex
 90
       18
102
RTVSPost2010Prop41ColorRGB
 90
        0
102
RTVSPost2010PropOp41
 70
     1
102
RTVSPost2010Prop42
 90
       50
102
RTVSPost2010PropOp42
 70
     1
102
RTVSPost2010Prop43
 90
        3
102
RTVSPost2010PropOp43
 70
     1
102
RTVSPost2010Prop44ColorIndex
 90
        5
102
RTVSPost2010Prop44ColorRGB
 90
      255
102
RTVSPost2010PropOp44
 70
     1
102
RTVSPost2010Prop45
280
     0
102
RTVSPost2010PropOp45
 70
     1
102
RTVSPost2010Prop46
 90
       50
102
RTVSPost2010PropOp46
 70
     1
102
RTVSPost2010Prop47
 90
       50
102
RTVSPost2010PropOp47
 70
     1
102
RTVSPost2010Prop48
 90
       50
102
RTVSPost2010PropOp48
 70
     1
102
RTVSPost2010Prop49
280
     0
102
RTVSPost2010PropOp49
 70
     1
102
RTVSPost2010Prop50
 90
       50
102
RTVSPost2010PropOp50
 70
     1
102
RTVSPost2010Prop51ColorIndex
 90
      256
102
RTVSPost2010Prop51ColorRGB
 90
-16777216
102
RTVSPost2010PropOp51
 70
     0
102
RTVSPost2010Prop52
140
1.0
102
RTVSPost2010PropOp52
 70
     0
102
RTVSPost2010Prop53
 90
        2
102
RTVSPost2010PropOp53
 70
     1
102
RTVSPost2010Prop54
  1
strokes_ogs.tif
102
RTVSPost2010PropOp54
 70
     1
102
RTVSPost2010Prop55
280
     0
102
RTVSPost2010PropOp55
 70
     1
102
RTVSPost2010Prop56
140
1.0
102
RTVSPost2010PropOp56
 70
     1
102
RTVSPost2010Prop57
140
1.0
102
RTVSPost2010PropOp57
 70
     1
  0
XRECORD
  5
F06
102
{ACAD_REACTORS
330
F05
102
}
330
F05
100
AcDbXrecord
280
     1
102
RTVSPost2010Prop28
280
     0
102
RTVSPost2010PropOp28
 70
     1
102
RTVSPost2010Prop29
280
     1
102
RTVSPost2010PropOp29
 70
     1
102
RTVSPost2010Prop30
280
     1
102
RTVSPost2010PropOp30
 70
     1
102
RTVSPost2010Prop31
280
     0
102
RTVSPost2010PropOp31
 70
     1
102
RTVSPost2010Prop32
280
     0
102
RTVSPost2010PropOp32
 70
     1
102
RTVSPost2010Prop33
280
     0
102
RTVSPost2010PropOp33
 70
     1
102
RTVSPost2010Prop34
280
     0
102
RTVSPost2010PropOp34
 70
     1
102
RTVSPost2010Prop35
280
     0
102
RTVSPost2010PropOp35
 70
     1
102
RTVSPost2010Prop36
280
     0
102
RTVSPost2010PropOp36
 70
     1
102
RTVSPost2010Prop37
 90
       50
102
RTVSPost2010PropOp37
 70
     1
102
RTVSPost2010Prop38
140
0.0
102
RTVSPost2010PropOp38
 70
     1
102
RTVSPost2010Prop39
140
1.0
102
RTVSPost2010PropOp39
 70
     1
102
RTVSPost2010Prop40
 90
        0
102
RTVSPost2010PropOp40
 70
     1
102
RTVSPost2010Prop41ColorIndex
 90
       18
102
RTVSPost2010Prop41ColorRGB
 90
        0
102
RTVSPost2010PropOp41
 70
     1
102
RTVSPost2010Prop42
 90
       50
102
RTVSPost2010PropOp42
 70
     1
102
RTVSPost2010Prop43
 90
        3
102
RTVSPost2010PropOp43
 70
     1
102
RTVSPost2010Prop44ColorIndex
 90
        5
102
RTVSPost2010Prop44ColorRGB
 90
      255
102
RTVSPost2010PropOp44
 70
     1
102
RTVSPost2010Prop45
280
     0
102
RTVSPost2010PropOp45
 70
     1
102
RTVSPost2010Prop46
 90
       50
102
RTVSPost2010PropOp46
 70
     1
102
RTVSPost2010Prop47
 90
       50
102
RTVSPost2010PropOp47
 70
     1
102
RTVSPost2010Prop48
 90
       50
102
RTVSPost2010PropOp48
 70
     1
102
RTVSPost2010Prop49
280
     0
102
RTVSPost2010PropOp49
 70
     1
102
RTVSPost2010Prop50
 90
       50
102
RTVSPost2010PropOp50
 70
     1
102
RTVSPost2010Prop51ColorIndex
 90
      256
102
RTVSPost2010Prop51ColorRGB
 90
-16777216
102
RTVSPost2010PropOp51
 70
     0
102
RTVSPost2010Prop52
140
1.0
102
RTVSPost2010PropOp52
 70
     0
102
RTVSPost2010Prop53
 90
        2
102
RTVSPost2010PropOp53
 70
     1
102
RTVSPost2010Prop54
  1
strokes_ogs.tif
102
RTVSPost2010PropOp54
 70
     1
102
RTVSPost2010Prop55
280
     0
102
RTVSPost2010PropOp55
 70
     1
102
RTVSPost2010Prop56
140
1.0
102
RTVSPost2010PropOp56
 70
     1
102
RTVSPost2010Prop57
140
1.0
102
RTVSPost2010PropOp57
 70
     1
  0
XRECORD
  5
F08
102
{ACAD_REACTORS
330
F07
102
}
330
F07
100
AcDbXrecord
280
     1
102
RTVSPost2010Prop28
280
     0
102
RTVSPost2010PropOp28
 70
     1
102
RTVSPost2010Prop29
280
     1
102
RTVSPost2010PropOp29
 70
     1
102
RTVSPost2010Prop30
280
     1
102
RTVSPost2010PropOp30
 70
     1
102
RTVSPost2010Prop31
280
     0
102
RTVSPost2010PropOp31
 70
     1
102
RTVSPost2010Prop32
280
     0
102
RTVSPost2010PropOp32
 70
     1
102
RTVSPost2010Prop33
280
     0
102
RTVSPost2010PropOp33
 70
     1
102
RTVSPost2010Prop34
280
     0
102
RTVSPost2010PropOp34
 70
     1
102
RTVSPost2010Prop35
280
     0
102
RTVSPost2010PropOp35
 70
     1
102
RTVSPost2010Prop36
280
     0
102
RTVSPost2010PropOp36
 70
     1
102
RTVSPost2010Prop37
 90
       50
102
RTVSPost2010PropOp37
 70
     1
102
RTVSPost2010Prop38
140
0.0
102
RTVSPost2010PropOp38
 70
     1
102
RTVSPost2010Prop39
140
1.0
102
RTVSPost2010PropOp39
 70
     1
102
RTVSPost2010Prop40
 90
        0
102
RTVSPost2010PropOp40
 70
     1
102
RTVSPost2010Prop41ColorIndex
 90
       18
102
RTVSPost2010Prop41ColorRGB
 90
        0
102
RTVSPost2010PropOp41
 70
     1
102
RTVSPost2010Prop42
 90
       50
102
RTVSPost2010PropOp42
 70
     1
102
RTVSPost2010Prop43
 90
        3
102
RTVSPost2010PropOp43
 70
     1
102
RTVSPost2010Prop44ColorIndex
 90
        5
102
RTVSPost2010Prop44ColorRGB
 90
      255
102
RTVSPost2010PropOp44
 70
     1
102
RTVSPost2010Prop45
280
     0
102
RTVSPost2010PropOp45
 70
     1
102
RTVSPost2010Prop46
 90
       50
102
RTVSPost2010PropOp46
 70
     1
102
RTVSPost2010Prop47
 90
       50
102
RTVSPost2010PropOp47
 70
     1
102
RTVSPost2010Prop48
 90
       50
102
RTVSPost2010PropOp48
 70
     1
102
RTVSPost2010Prop49
280
     0
102
RTVSPost2010PropOp49
 70
     1
102
RTVSPost2010Prop50
 90
       50
102
RTVSPost2010PropOp50
 70
     1
102
RTVSPost2010Prop51ColorIndex
 90
      256
102
RTVSPost2010Prop51ColorRGB
 90
-16777216
102
RTVSPost2010PropOp51
 70
     0
102
RTVSPost2010Prop52
140
1.0
102
RTVSPost2010PropOp52
 70
     0
102
RTVSPost2010Prop53
 90
        2
102
RTVSPost2010PropOp53
 70
     1
102
RTVSPost2010Prop54
  1
strokes_ogs.tif
102
RTVSPost2010PropOp54
 70
     1
102
RTVSPost2010Prop55
280
     0
102
RTVSPost2010PropOp55
 70
     1
102
RTVSPost2010Prop56
140
1.0
102
RTVSPost2010PropOp56
 70
     1
102
RTVSPost2010Prop57
140
1.0
102
RTVSPost2010PropOp57
 70
     1
  0
XRECORD
  5
F0A
102
{ACAD_REACTORS
330
F09
102
}
330
F09
100
AcDbXrecord
280
     1
102
RTVSPost2010Prop28
280
     0
102
RTVSPost2010PropOp28
 70
     1
102
RTVSPost2010Prop29
280
     1
102
RTVSPost2010PropOp29
 70
     1
102
RTVSPost2010Prop30
280
     1
102
RTVSPost2010PropOp30
 70
     1
102
RTVSPost2010Prop31
280
     0
102
RTVSPost2010PropOp31
 70
     1
102
RTVSPost2010Prop32
280
     0
102
RTVSPost2010PropOp32
 70
     1
102
RTVSPost2010Prop33
280
     0
102
RTVSPost2010PropOp33
 70
     1
102
RTVSPost2010Prop34
280
     0
102
RTVSPost2010PropOp34
 70
     1
102
RTVSPost2010Prop35
280
     0
102
RTVSPost2010PropOp35
 70
     1
102
RTVSPost2010Prop36
280
     0
102
RTVSPost2010PropOp36
 70
     1
102
RTVSPost2010Prop37
 90
       50
102
RTVSPost2010PropOp37
 70
     1
102
RTVSPost2010Prop38
140
0.0
102
RTVSPost2010PropOp38
 70
     1
102
RTVSPost2010Prop39
140
1.0
102
RTVSPost2010PropOp39
 70
     1
102
RTVSPost2010Prop40
 90
        0
102
RTVSPost2010PropOp40
 70
     1
102
RTVSPost2010Prop41ColorIndex
 90
       18
102
RTVSPost2010Prop41ColorRGB
 90
        0
102
RTVSPost2010PropOp41
 70
     1
102
RTVSPost2010Prop42
 90
       50
102
RTVSPost2010PropOp42
 70
     1
102
RTVSPost2010Prop43
 90
        3
102
RTVSPost2010PropOp43
 70
     1
102
RTVSPost2010Prop44ColorIndex
 90
        5
102
RTVSPost2010Prop44ColorRGB
 90
      255
102
RTVSPost2010PropOp44
 70
     1
102
RTVSPost2010Prop45
280
     0
102
RTVSPost2010PropOp45
 70
     1
102
RTVSPost2010Prop46
 90
       50
102
RTVSPost2010PropOp46
 70
     1
102
RTVSPost2010Prop47
 90
       50
102
RTVSPost2010PropOp47
 70
     1
102
RTVSPost2010Prop48
 90
       50
102
RTVSPost2010PropOp48
 70
     1
102
RTVSPost2010Prop49
280
     0
102
RTVSPost2010PropOp49
 70
     1
102
RTVSPost2010Prop50
 90
       50
102
RTVSPost2010PropOp50
 70
     1
102
RTVSPost2010Prop51ColorIndex
 90
      256
102
RTVSPost2010Prop51ColorRGB
 90
-16777216
102
RTVSPost2010PropOp51
 70
     0
102
RTVSPost2010Prop52
140
1.0
102
RTVSPost2010PropOp52
 70
     0
102
RTVSPost2010Prop53
 90
        2
102
RTVSPost2010PropOp53
 70
     1
102
RTVSPost2010Prop54
  1
strokes_ogs.tif
102
RTVSPost2010PropOp54
 70
     1
102
RTVSPost2010Prop55
280
     0
102
RTVSPost2010PropOp55
 70
     1
102
RTVSPost2010Prop56
140
1.0
102
RTVSPost2010PropOp56
 70
     1
102
RTVSPost2010Prop57
140
1.0
102
RTVSPost2010PropOp57
 70
     1
  0
XRECORD
  5
F10
102
{ACAD_REACTORS
330
F0F
102
}
330
F0F
100
AcDbXrecord
280
     1
102
RTVSPost2010Prop28
280
     0
102
RTVSPost2010PropOp28
 70
     1
102
RTVSPost2010Prop29
280
     1
102
RTVSPost2010PropOp29
 70
     1
102
RTVSPost2010Prop30
280
     1
102
RTVSPost2010PropOp30
 70
     1
102
RTVSPost2010Prop31
280
     0
102
RTVSPost2010PropOp31
 70
     1
102
RTVSPost2010Prop32
280
     0
102
RTVSPost2010PropOp32
 70
     1
102
RTVSPost2010Prop33
280
     0
102
RTVSPost2010PropOp33
 70
     1
102
RTVSPost2010Prop34
280
     0
102
RTVSPost2010PropOp34
 70
     1
102
RTVSPost2010Prop35
280
     0
102
RTVSPost2010PropOp35
 70
     1
102
RTVSPost2010Prop36
280
     0
102
RTVSPost2010PropOp36
 70
     1
102
RTVSPost2010Prop37
 90
       50
102
RTVSPost2010PropOp37
 70
     1
102
RTVSPost2010Prop38
140
0.0
102
RTVSPost2010PropOp38
 70
     1
102
RTVSPost2010Prop39
140
1.0
102
RTVSPost2010PropOp39
 70
     1
102
RTVSPost2010Prop40
 90
        0
102
RTVSPost2010PropOp40
 70
     1
102
RTVSPost2010Prop41ColorIndex
 90
       18
102
RTVSPost2010Prop41ColorRGB
 90
        0
102
RTVSPost2010PropOp41
 70
     1
102
RTVSPost2010Prop42
 90
       50
102
RTVSPost2010PropOp42
 70
     1
102
RTVSPost2010Prop43
 90
        3
102
RTVSPost2010PropOp43
 70
     1
102
RTVSPost2010Prop44ColorIndex
 90
        5
102
RTVSPost2010Prop44ColorRGB
 90
      255
102
RTVSPost2010PropOp44
 70
     1
102
RTVSPost2010Prop45
280
     0
102
RTVSPost2010PropOp45
 70
     1
102
RTVSPost2010Prop46
 90
       50
102
RTVSPost2010PropOp46
 70
     1
102
RTVSPost2010Prop47
 90
       50
102
RTVSPost2010PropOp47
 70
     1
102
RTVSPost2010Prop48
 90
       50
102
RTVSPost2010PropOp48
 70
     1
102
RTVSPost2010Prop49
280
     0
102
RTVSPost2010PropOp49
 70
     1
102
RTVSPost2010Prop50
 90
       50
102
RTVSPost2010PropOp50
 70
     1
102
RTVSPost2010Prop51ColorIndex
 90
      256
102
RTVSPost2010Prop51ColorRGB
 90
-16777216
102
RTVSPost2010PropOp51
 70
     0
102
RTVSPost2010Prop52
140
1.0
102
RTVSPost2010PropOp52
 70
     0
102
RTVSPost2010Prop53
 90
        2
102
RTVSPost2010PropOp53
 70
     1
102
RTVSPost2010Prop54
  1
strokes_ogs.tif
102
RTVSPost2010PropOp54
 70
     1
102
RTVSPost2010Prop55
280
     0
102
RTVSPost2010PropOp55
 70
     1
102
RTVSPost2010Prop56
140
1.0
102
RTVSPost2010PropOp56
 70
     1
102
RTVSPost2010Prop57
140
1.0
102
RTVSPost2010PropOp57
 70
     1
  0
XRECORD
  5
F24
102
{ACAD_REACTORS
330
F23
102
}
330
F23
100
AcDbXrecord
280
     1
102
RTVSPost2010Prop28
280
     0
102
RTVSPost2010PropOp28
 70
     0
102
RTVSPost2010Prop29
280
     1
102
RTVSPost2010PropOp29
 70
     0
102
RTVSPost2010Prop30
280
     1
102
RTVSPost2010PropOp30
 70
     0
102
RTVSPost2010Prop31
280
     0
102
RTVSPost2010PropOp31
 70
     0
102
RTVSPost2010Prop32
280
     0
102
RTVSPost2010PropOp32
 70
     0
102
RTVSPost2010Prop33
280
     0
102
RTVSPost2010PropOp33
 70
     0
102
RTVSPost2010Prop34
280
     0
102
RTVSPost2010PropOp34
 70
     0
102
RTVSPost2010Prop35
280
     0
102
RTVSPost2010PropOp35
 70
     0
102
RTVSPost2010Prop36
280
     0
102
RTVSPost2010PropOp36
 70
     0
102
RTVSPost2010Prop37
 90
       50
102
RTVSPost2010PropOp37
 70
     0
102
RTVSPost2010Prop38
140
0.0
102
RTVSPost2010PropOp38
 70
     0
102
RTVSPost2010Prop39
140
1.0
102
RTVSPost2010PropOp39
 70
     0
102
RTVSPost2010Prop40
 90
        0
102
RTVSPost2010PropOp40
 70
     0
102
RTVSPost2010Prop41ColorIndex
 90
       18
102
RTVSPost2010Prop41ColorRGB
 90
        0
102
RTVSPost2010PropOp41
 70
     0
102
RTVSPost2010Prop42
 90
       50
102
RTVSPost2010PropOp42
 70
     0
102
RTVSPost2010Prop43
 90
        3
102
RTVSPost2010PropOp43
 70
     0
102
RTVSPost2010Prop44ColorIndex
 90
        5
102
RTVSPost2010Prop44ColorRGB
 90
      255
102
RTVSPost2010PropOp44
 70
     0
102
RTVSPost2010Prop45
280
     0
102
RTVSPost2010PropOp45
 70
     0
102
RTVSPost2010Prop46
 90
       50
102
RTVSPost2010PropOp46
 70
     0
102
RTVSPost2010Prop47
 90
       50
102
RTVSPost2010PropOp47
 70
     0
102
RTVSPost2010Prop48
 90
       50
102
RTVSPost2010PropOp48
 70
     0
102
RTVSPost2010Prop49
280
     0
102
RTVSPost2010PropOp49
 70
     0
102
RTVSPost2010Prop50
 90
       50
102
RTVSPost2010PropOp50
 70
     0
102
RTVSPost2010Prop51ColorIndex
 90
      256
102
RTVSPost2010Prop51ColorRGB
 90
-16777216
102
RTVSPost2010PropOp51
 70
     0
102
RTVSPost2010Prop52
140
1.0
102
RTVSPost2010PropOp52
 70
     0
102
RTVSPost2010Prop53
 90
        2
102
RTVSPost2010PropOp53
 70
     0
102
RTVSPost2010Prop54
  1
strokes_ogs.tif
102
RTVSPost2010PropOp54
 70
     0
102
RTVSPost2010Prop55
280
     0
102
RTVSPost2010PropOp55
 70
     0
102
RTVSPost2010Prop56
140
1.0
102
RTVSPost2010PropOp56
 70
     0
102
RTVSPost2010Prop57
140
1.0
102
RTVSPost2010PropOp57
 70
     0
  0
XRECORD
  5
F1E
102
{ACAD_REACTORS
330
F1D
102
}
330
F1D
100
AcDbXrecord
280
     1
102
RTVSPost2010Prop28
280
     0
102
RTVSPost2010PropOp28
 70
     1
102
RTVSPost2010Prop29
280
     1
102
RTVSPost2010PropOp29
 70
     1
102
RTVSPost2010Prop30
280
     1
102
RTVSPost2010PropOp30
 70
     1
102
RTVSPost2010Prop31
280
     0
102
RTVSPost2010PropOp31
 70
     1
102
RTVSPost2010Prop32
280
     0
102
RTVSPost2010PropOp32
 70
     1
102
RTVSPost2010Prop33
280
     0
102
RTVSPost2010PropOp33
 70
     1
102
RTVSPost2010Prop34
280
     0
102
RTVSPost2010PropOp34
 70
     1
102
RTVSPost2010Prop35
280
     0
102
RTVSPost2010PropOp35
 70
     1
102
RTVSPost2010Prop36
280
     0
102
RTVSPost2010PropOp36
 70
     1
102
RTVSPost2010Prop37
 90
       50
102
RTVSPost2010PropOp37
 70
     1
102
RTVSPost2010Prop38
140
0.0
102
RTVSPost2010PropOp38
 70
     1
102
RTVSPost2010Prop39
140
1.0
102
RTVSPost2010PropOp39
 70
     1
102
RTVSPost2010Prop40
 90
        0
102
RTVSPost2010PropOp40
 70
     1
102
RTVSPost2010Prop41ColorIndex
 90
       18
102
RTVSPost2010Prop41ColorRGB
 90
        0
102
RTVSPost2010PropOp41
 70
     1
102
RTVSPost2010Prop42
 90
       50
102
RTVSPost2010PropOp42
 70
     1
102
RTVSPost2010Prop43
 90
        3
102
RTVSPost2010PropOp43
 70
     1
102
RTVSPost2010Prop44ColorIndex
 90
        5
102
RTVSPost2010Prop44ColorRGB
 90
      255
102
RTVSPost2010PropOp44
 70
     1
102
RTVSPost2010Prop45
280
     0
102
RTVSPost2010PropOp45
 70
     1
102
RTVSPost2010Prop46
 90
       50
102
RTVSPost2010PropOp46
 70
     1
102
RTVSPost2010Prop47
 90
       50
102
RTVSPost2010PropOp47
 70
     1
102
RTVSPost2010Prop48
 90
       50
102
RTVSPost2010PropOp48
 70
     1
102
RTVSPost2010Prop49
280
     0
102
RTVSPost2010PropOp49
 70
     1
102
RTVSPost2010Prop50
 90
       50
102
RTVSPost2010PropOp50
 70
     1
102
RTVSPost2010Prop51ColorIndex
 90
      256
102
RTVSPost2010Prop51ColorRGB
 90
-16777216
102
RTVSPost2010PropOp51
 70
     0
102
RTVSPost2010Prop52
140
1.0
102
RTVSPost2010PropOp52
 70
     0
102
RTVSPost2010Prop53
 90
        2
102
RTVSPost2010PropOp53
 70
     1
102
RTVSPost2010Prop54
  1
strokes_ogs.tif
102
RTVSPost2010PropOp54
 70
     1
102
RTVSPost2010Prop55
280
     0
102
RTVSPost2010PropOp55
 70
     1
102
RTVSPost2010Prop56
140
1.0
102
RTVSPost2010PropOp56
 70
     1
102
RTVSPost2010Prop57
140
1.0
102
RTVSPost2010PropOp57
 70
     1
  0
XRECORD
  5
F26
102
{ACAD_REACTORS
330
F25
102
}
330
F25
100
AcDbXrecord
280
     1
102
RTVSPost2010Prop28
280
     0
102
RTVSPost2010PropOp28
 70
     0
102
RTVSPost2010Prop29
280
     1
102
RTVSPost2010PropOp29
 70
     0
102
RTVSPost2010Prop30
280
     1
102
RTVSPost2010PropOp30
 70
     0
102
RTVSPost2010Prop31
280
     0
102
RTVSPost2010PropOp31
 70
     0
102
RTVSPost2010Prop32
280
     0
102
RTVSPost2010PropOp32
 70
     0
102
RTVSPost2010Prop33
280
     0
102
RTVSPost2010PropOp33
 70
     0
102
RTVSPost2010Prop34
280
     0
102
RTVSPost2010PropOp34
 70
     0
102
RTVSPost2010Prop35
280
     0
102
RTVSPost2010PropOp35
 70
     0
102
RTVSPost2010Prop36
280
     0
102
RTVSPost2010PropOp36
 70
     0
102
RTVSPost2010Prop37
 90
       50
102
RTVSPost2010PropOp37
 70
     0
102
RTVSPost2010Prop38
140
0.0
102
RTVSPost2010PropOp38
 70
     0
102
RTVSPost2010Prop39
140
1.0
102
RTVSPost2010PropOp39
 70
     0
102
RTVSPost2010Prop40
 90
        0
102
RTVSPost2010PropOp40
 70
     0
102
RTVSPost2010Prop41ColorIndex
 90
       18
102
RTVSPost2010Prop41ColorRGB
 90
        0
102
RTVSPost2010PropOp41
 70
     0
102
RTVSPost2010Prop42
 90
       50
102
RTVSPost2010PropOp42
 70
     0
102
RTVSPost2010Prop43
 90
        3
102
RTVSPost2010PropOp43
 70
     0
102
RTVSPost2010Prop44ColorIndex
 90
        5
102
RTVSPost2010Prop44ColorRGB
 90
      255
102
RTVSPost2010PropOp44
 70
     0
102
RTVSPost2010Prop45
280
     0
102
RTVSPost2010PropOp45
 70
     0
102
RTVSPost2010Prop46
 90
       50
102
RTVSPost2010PropOp46
 70
     0
102
RTVSPost2010Prop47
 90
       50
102
RTVSPost2010PropOp47
 70
     0
102
RTVSPost2010Prop48
 90
       50
102
RTVSPost2010PropOp48
 70
     0
102
RTVSPost2010Prop49
280
     0
102
RTVSPost2010PropOp49
 70
     0
102
RTVSPost2010Prop50
 90
       50
102
RTVSPost2010PropOp50
 70
     0
102
RTVSPost2010Prop51ColorIndex
 90
      256
102
RTVSPost2010Prop51ColorRGB
 90
-16777216
102
RTVSPost2010PropOp51
 70
     0
102
RTVSPost2010Prop52
140
1.0
102
RTVSPost2010PropOp52
 70
     0
102
RTVSPost2010Prop53
 90
        2
102
RTVSPost2010PropOp53
 70
     0
102
RTVSPost2010Prop54
  1
strokes_ogs.tif
102
RTVSPost2010PropOp54
 70
     0
102
RTVSPost2010Prop55
280
     0
102
RTVSPost2010PropOp55
 70
     0
102
RTVSPost2010Prop56
140
1.0
102
RTVSPost2010PropOp56
 70
     0
102
RTVSPost2010Prop57
140
1.0
102
RTVSPost2010PropOp57
 70
     0
  0
XRECORD
  5
F14
102
{ACAD_REACTORS
330
F13
102
}
330
F13
100
AcDbXrecord
280
     1
102
RTVSPost2010Prop28
280
     0
102
RTVSPost2010PropOp28
 70
     1
102
RTVSPost2010Prop29
280
     1
102
RTVSPost2010PropOp29
 70
     1
102
RTVSPost2010Prop30
280
     1
102
RTVSPost2010PropOp30
 70
     1
102
RTVSPost2010Prop31
280
     0
102
RTVSPost2010PropOp31
 70
     1
102
RTVSPost2010Prop32
280
     0
102
RTVSPost2010PropOp32
 70
     1
102
RTVSPost2010Prop33
280
     0
102
RTVSPost2010PropOp33
 70
     1
102
RTVSPost2010Prop34
280
     0
102
RTVSPost2010PropOp34
 70
     1
102
RTVSPost2010Prop35
280
     0
102
RTVSPost2010PropOp35
 70
     1
102
RTVSPost2010Prop36
280
     0
102
RTVSPost2010PropOp36
 70
     1
102
RTVSPost2010Prop37
 90
       50
102
RTVSPost2010PropOp37
 70
     1
102
RTVSPost2010Prop38
140
0.0
102
RTVSPost2010PropOp38
 70
     1
102
RTVSPost2010Prop39
140
1.0
102
RTVSPost2010PropOp39
 70
     1
102
RTVSPost2010Prop40
 90
        0
102
RTVSPost2010PropOp40
 70
     1
102
RTVSPost2010Prop41ColorIndex
 90
       18
102
RTVSPost2010Prop41ColorRGB
 90
        0
102
RTVSPost2010PropOp41
 70
     1
102
RTVSPost2010Prop42
 90
       50
102
RTVSPost2010PropOp42
 70
     1
102
RTVSPost2010Prop43
 90
        3
102
RTVSPost2010PropOp43
 70
     1
102
RTVSPost2010Prop44ColorIndex
 90
        5
102
RTVSPost2010Prop44ColorRGB
 90
      255
102
RTVSPost2010PropOp44
 70
     1
102
RTVSPost2010Prop45
280
     0
102
RTVSPost2010PropOp45
 70
     1
102
RTVSPost2010Prop46
 90
       50
102
RTVSPost2010PropOp46
 70
     1
102
RTVSPost2010Prop47
 90
       50
102
RTVSPost2010PropOp47
 70
     1
102
RTVSPost2010Prop48
 90
       50
102
RTVSPost2010PropOp48
 70
     1
102
RTVSPost2010Prop49
280
     0
102
RTVSPost2010PropOp49
 70
     1
102
RTVSPost2010Prop50
 90
       50
102
RTVSPost2010PropOp50
 70
     1
102
RTVSPost2010Prop51ColorIndex
 90
      256
102
RTVSPost2010Prop51ColorRGB
 90
-16777216
102
RTVSPost2010PropOp51
 70
     0
102
RTVSPost2010Prop52
140
1.0
102
RTVSPost2010PropOp52
 70
     0
102
RTVSPost2010Prop53
 90
        2
102
RTVSPost2010PropOp53
 70
     1
102
RTVSPost2010Prop54
  1
strokes_ogs.tif
102
RTVSPost2010PropOp54
 70
     1
102
RTVSPost2010Prop55
280
     0
102
RTVSPost2010PropOp55
 70
     1
102
RTVSPost2010Prop56
140
1.0
102
RTVSPost2010PropOp56
 70
     1
102
RTVSPost2010Prop57
140
1.0
102
RTVSPost2010PropOp57
 70
     1
  0
XRECORD
  5
F32
102
{ACAD_REACTORS
330
F31
102
}
330
F31
100
AcDbXrecord
280
     1
102
RTVSPost2010Prop28
280
     0
102
RTVSPost2010PropOp28
 70
     1
102
RTVSPost2010Prop29
280
     1
102
RTVSPost2010PropOp29
 70
     1
102
RTVSPost2010Prop30
280
     1
102
RTVSPost2010PropOp30
 70
     1
102
RTVSPost2010Prop31
280
     0
102
RTVSPost2010PropOp31
 70
     1
102
RTVSPost2010Prop32
280
     0
102
RTVSPost2010PropOp32
 70
     1
102
RTVSPost2010Prop33
280
     0
102
RTVSPost2010PropOp33
 70
     1
102
RTVSPost2010Prop34
280
     0
102
RTVSPost2010PropOp34
 70
     1
102
RTVSPost2010Prop35
280
     0
102
RTVSPost2010PropOp35
 70
     1
102
RTVSPost2010Prop36
280
     0
102
RTVSPost2010PropOp36
 70
     1
102
RTVSPost2010Prop37
 90
       50
102
RTVSPost2010PropOp37
 70
     1
102
RTVSPost2010Prop38
140
0.0
102
RTVSPost2010PropOp38
 70
     1
102
RTVSPost2010Prop39
140
1.0
102
RTVSPost2010PropOp39
 70
     1
102
RTVSPost2010Prop40
 90
        0
102
RTVSPost2010PropOp40
 70
     1
102
RTVSPost2010Prop41ColorIndex
 90
       18
102
RTVSPost2010Prop41ColorRGB
 90
        0
102
RTVSPost2010PropOp41
 70
     1
102
RTVSPost2010Prop42
 90
       50
102
RTVSPost2010PropOp42
 70
     1
102
RTVSPost2010Prop43
 90
        3
102
RTVSPost2010PropOp43
 70
     1
102
RTVSPost2010Prop44ColorIndex
 90
        5
102
RTVSPost2010Prop44ColorRGB
 90
      255
102
RTVSPost2010PropOp44
 70
     1
102
RTVSPost2010Prop45
280
     0
102
RTVSPost2010PropOp45
 70
     1
102
RTVSPost2010Prop46
 90
       50
102
RTVSPost2010PropOp46
 70
     1
102
RTVSPost2010Prop47
 90
       50
102
RTVSPost2010PropOp47
 70
     1
102
RTVSPost2010Prop48
 90
       50
102
RTVSPost2010PropOp48
 70
     1
102
RTVSPost2010Prop49
280
     0
102
RTVSPost2010PropOp49
 70
     1
102
RTVSPost2010Prop50
 90
       50
102
RTVSPost2010PropOp50
 70
     1
102
RTVSPost2010Prop51ColorIndex
 90
      256
102
RTVSPost2010Prop51ColorRGB
 90
-16777216
102
RTVSPost2010PropOp51
 70
     0
102
RTVSPost2010Prop52
140
1.0
102
RTVSPost2010PropOp52
 70
     0
102
RTVSPost2010Prop53
 90
        2
102
RTVSPost2010PropOp53
 70
     1
102
RTVSPost2010Prop54
  1
strokes_ogs.tif
102
RTVSPost2010PropOp54
 70
     1
102
RTVSPost2010Prop55
280
     0
102
RTVSPost2010PropOp55
 70
     1
102
RTVSPost2010Prop56
140
1.0
102
RTVSPost2010PropOp56
 70
     1
102
RTVSPost2010Prop57
140
1.0
102
RTVSPost2010PropOp57
 70
     1
  0
XRECORD
  5
F30
102
{ACAD_REACTORS
330
F2F
102
}
330
F2F
100
AcDbXrecord
280
     1
102
RTVSPost2010Prop28
280
     0
102
RTVSPost2010PropOp28
 70
     1
102
RTVSPost2010Prop29
280
     1
102
RTVSPost2010PropOp29
 70
     1
102
RTVSPost2010Prop30
280
     1
102
RTVSPost2010PropOp30
 70
     1
102
RTVSPost2010Prop31
280
     0
102
RTVSPost2010PropOp31
 70
     1
102
RTVSPost2010Prop32
280
     0
102
RTVSPost2010PropOp32
 70
     1
102
RTVSPost2010Prop33
280
     0
102
RTVSPost2010PropOp33
 70
     1
102
RTVSPost2010Prop34
280
     0
102
RTVSPost2010PropOp34
 70
     1
102
RTVSPost2010Prop35
280
     0
102
RTVSPost2010PropOp35
 70
     1
102
RTVSPost2010Prop36
280
     0
102
RTVSPost2010PropOp36
 70
     1
102
RTVSPost2010Prop37
 90
       50
102
RTVSPost2010PropOp37
 70
     1
102
RTVSPost2010Prop38
140
0.0
102
RTVSPost2010PropOp38
 70
     1
102
RTVSPost2010Prop39
140
1.0
102
RTVSPost2010PropOp39
 70
     1
102
RTVSPost2010Prop40
 90
        0
102
RTVSPost2010PropOp40
 70
     1
102
RTVSPost2010Prop41ColorIndex
 90
       18
102
RTVSPost2010Prop41ColorRGB
 90
        0
102
RTVSPost2010PropOp41
 70
     1
102
RTVSPost2010Prop42
 90
       50
102
RTVSPost2010PropOp42
 70
     1
102
RTVSPost2010Prop43
 90
        3
102
RTVSPost2010PropOp43
 70
     1
102
RTVSPost2010Prop44ColorIndex
 90
        5
102
RTVSPost2010Prop44ColorRGB
 90
      255
102
RTVSPost2010PropOp44
 70
     1
102
RTVSPost2010Prop45
280
     0
102
RTVSPost2010PropOp45
 70
     1
102
RTVSPost2010Prop46
 90
       50
102
RTVSPost2010PropOp46
 70
     1
102
RTVSPost2010Prop47
 90
       50
102
RTVSPost2010PropOp47
 70
     1
102
RTVSPost2010Prop48
 90
       50
102
RTVSPost2010PropOp48
 70
     1
102
RTVSPost2010Prop49
280
     0
102
RTVSPost2010PropOp49
 70
     1
102
RTVSPost2010Prop50
 90
       50
102
RTVSPost2010PropOp50
 70
     1
102
RTVSPost2010Prop51ColorIndex
 90
      256
102
RTVSPost2010Prop51ColorRGB
 90
-16777216
102
RTVSPost2010PropOp51
 70
     0
102
RTVSPost2010Prop52
140
1.0
102
RTVSPost2010PropOp52
 70
     0
102
RTVSPost2010Prop53
 90
        2
102
RTVSPost2010PropOp53
 70
     1
102
RTVSPost2010Prop54
  1
strokes_ogs.tif
102
RTVSPost2010PropOp54
 70
     1
102
RTVSPost2010Prop55
280
     0
102
RTVSPost2010PropOp55
 70
     1
102
RTVSPost2010Prop56
140
1.0
102
RTVSPost2010PropOp56
 70
     1
102
RTVSPost2010Prop57
140
1.0
102
RTVSPost2010PropOp57
 70
     1
  0
XRECORD
  5
F2A
102
{ACAD_REACTORS
330
F29
102
}
330
F29
100
AcDbXrecord
280
     1
102
RTVSPost2010Prop28
280
     0
102
RTVSPost2010PropOp28
 70
     1
102
RTVSPost2010Prop29
280
     1
102
RTVSPost2010PropOp29
 70
     1
102
RTVSPost2010Prop30
280
     1
102
RTVSPost2010PropOp30
 70
     1
102
RTVSPost2010Prop31
280
     0
102
RTVSPost2010PropOp31
 70
     1
102
RTVSPost2010Prop32
280
     0
102
RTVSPost2010PropOp32
 70
     1
102
RTVSPost2010Prop33
280
     0
102
RTVSPost2010PropOp33
 70
     1
102
RTVSPost2010Prop34
280
     0
102
RTVSPost2010PropOp34
 70
     1
102
RTVSPost2010Prop35
280
     0
102
RTVSPost2010PropOp35
 70
     1
102
RTVSPost2010Prop36
280
     0
102
RTVSPost2010PropOp36
 70
     1
102
RTVSPost2010Prop37
 90
       50
102
RTVSPost2010PropOp37
 70
     1
102
RTVSPost2010Prop38
140
0.0
102
RTVSPost2010PropOp38
 70
     1
102
RTVSPost2010Prop39
140
1.0
102
RTVSPost2010PropOp39
 70
     1
102
RTVSPost2010Prop40
 90
        0
102
RTVSPost2010PropOp40
 70
     1
102
RTVSPost2010Prop41ColorIndex
 90
       18
102
RTVSPost2010Prop41ColorRGB
 90
        0
102
RTVSPost2010PropOp41
 70
     1
102
RTVSPost2010Prop42
 90
       50
102
RTVSPost2010PropOp42
 70
     1
102
RTVSPost2010Prop43
 90
        3
102
RTVSPost2010PropOp43
 70
     1
102
RTVSPost2010Prop44ColorIndex
 90
        5
102
RTVSPost2010Prop44ColorRGB
 90
      255
102
RTVSPost2010PropOp44
 70
     1
102
RTVSPost2010Prop45
280
     0
102
RTVSPost2010PropOp45
 70
     1
102
RTVSPost2010Prop46
 90
       50
102
RTVSPost2010PropOp46
 70
     1
102
RTVSPost2010Prop47
 90
       50
102
RTVSPost2010PropOp47
 70
     1
102
RTVSPost2010Prop48
 90
       50
102
RTVSPost2010PropOp48
 70
     1
102
RTVSPost2010Prop49
280
     0
102
RTVSPost2010PropOp49
 70
     1
102
RTVSPost2010Prop50
 90
       50
102
RTVSPost2010PropOp50
 70
     1
102
RTVSPost2010Prop51ColorIndex
 90
      256
102
RTVSPost2010Prop51ColorRGB
 90
-16777216
102
RTVSPost2010PropOp51
 70
     0
102
RTVSPost2010Prop52
140
1.0
102
RTVSPost2010PropOp52
 70
     0
102
RTVSPost2010Prop53
 90
        2
102
RTVSPost2010PropOp53
 70
     1
102
RTVSPost2010Prop54
  1
strokes_ogs.tif
102
RTVSPost2010PropOp54
 70
     1
102
RTVSPost2010Prop55
280
     0
102
RTVSPost2010PropOp55
 70
     1
102
RTVSPost2010Prop56
140
1.0
102
RTVSPost2010PropOp56
 70
     1
102
RTVSPost2010Prop57
140
1.0
102
RTVSPost2010PropOp57
 70
     1
  0
XRECORD
  5
F2C
102
{ACAD_REACTORS
330
F2B
102
}
330
F2B
100
AcDbXrecord
280
     1
102
RTVSPost2010Prop28
280
     0
102
RTVSPost2010PropOp28
 70
     1
102
RTVSPost2010Prop29
280
     1
102
RTVSPost2010PropOp29
 70
     1
102
RTVSPost2010Prop30
280
     1
102
RTVSPost2010PropOp30
 70
     1
102
RTVSPost2010Prop31
280
     0
102
RTVSPost2010PropOp31
 70
     1
102
RTVSPost2010Prop32
280
     0
102
RTVSPost2010PropOp32
 70
     1
102
RTVSPost2010Prop33
280
     0
102
RTVSPost2010PropOp33
 70
     1
102
RTVSPost2010Prop34
280
     0
102
RTVSPost2010PropOp34
 70
     1
102
RTVSPost2010Prop35
280
     0
102
RTVSPost2010PropOp35
 70
     1
102
RTVSPost2010Prop36
280
     0
102
RTVSPost2010PropOp36
 70
     1
102
RTVSPost2010Prop37
 90
       50
102
RTVSPost2010PropOp37
 70
     1
102
RTVSPost2010Prop38
140
0.0
102
RTVSPost2010PropOp38
 70
     1
102
RTVSPost2010Prop39
140
1.0
102
RTVSPost2010PropOp39
 70
     1
102
RTVSPost2010Prop40
 90
        0
102
RTVSPost2010PropOp40
 70
     1
102
RTVSPost2010Prop41ColorIndex
 90
       18
102
RTVSPost2010Prop41ColorRGB
 90
        0
102
RTVSPost2010PropOp41
 70
     1
102
RTVSPost2010Prop42
 90
       50
102
RTVSPost2010PropOp42
 70
     1
102
RTVSPost2010Prop43
 90
        3
102
RTVSPost2010PropOp43
 70
     1
102
RTVSPost2010Prop44ColorIndex
 90
        5
102
RTVSPost2010Prop44ColorRGB
 90
      255
102
RTVSPost2010PropOp44
 70
     1
102
RTVSPost2010Prop45
280
     0
102
RTVSPost2010PropOp45
 70
     1
102
RTVSPost2010Prop46
 90
       50
102
RTVSPost2010PropOp46
 70
     1
102
RTVSPost2010Prop47
 90
       50
102
RTVSPost2010PropOp47
 70
     1
102
RTVSPost2010Prop48
 90
       50
102
RTVSPost2010PropOp48
 70
     1
102
RTVSPost2010Prop49
280
     0
102
RTVSPost2010PropOp49
 70
     1
102
RTVSPost2010Prop50
 90
       50
102
RTVSPost2010PropOp50
 70
     1
102
RTVSPost2010Prop51ColorIndex
 90
      256
102
RTVSPost2010Prop51ColorRGB
 90
-16777216
102
RTVSPost2010PropOp51
 70
     0
102
RTVSPost2010Prop52
140
1.0
102
RTVSPost2010PropOp52
 70
     0
102
RTVSPost2010Prop53
 90
        2
102
RTVSPost2010PropOp53
 70
     1
102
RTVSPost2010Prop54
  1
strokes_ogs.tif
102
RTVSPost2010PropOp54
 70
     1
102
RTVSPost2010Prop55
280
     0
102
RTVSPost2010PropOp55
 70
     1
102
RTVSPost2010Prop56
140
1.0
102
RTVSPost2010PropOp56
 70
     1
102
RTVSPost2010Prop57
140
1.0
102
RTVSPost2010PropOp57
 70
     1
  0
XRECORD
  5
F1C
102
{ACAD_REACTORS
330
F1B
102
}
330
F1B
100
AcDbXrecord
280
     1
102
RTVSPost2010Prop28
280
     0
102
RTVSPost2010PropOp28
 70
     1
102
RTVSPost2010Prop29
280
     1
102
RTVSPost2010PropOp29
 70
     1
102
RTVSPost2010Prop30
280
     1
102
RTVSPost2010PropOp30
 70
     1
102
RTVSPost2010Prop31
280
     0
102
RTVSPost2010PropOp31
 70
     1
102
RTVSPost2010Prop32
280
     0
102
RTVSPost2010PropOp32
 70
     1
102
RTVSPost2010Prop33
280
     0
102
RTVSPost2010PropOp33
 70
     1
102
RTVSPost2010Prop34
280
     0
102
RTVSPost2010PropOp34
 70
     1
102
RTVSPost2010Prop35
280
     0
102
RTVSPost2010PropOp35
 70
     1
102
RTVSPost2010Prop36
280
     0
102
RTVSPost2010PropOp36
 70
     1
102
RTVSPost2010Prop37
 90
       50
102
RTVSPost2010PropOp37
 70
     1
102
RTVSPost2010Prop38
140
0.0
102
RTVSPost2010PropOp38
 70
     1
102
RTVSPost2010Prop39
140
1.0
102
RTVSPost2010PropOp39
 70
     1
102
RTVSPost2010Prop40
 90
        0
102
RTVSPost2010PropOp40
 70
     1
102
RTVSPost2010Prop41ColorIndex
 90
       18
102
RTVSPost2010Prop41ColorRGB
 90
        0
102
RTVSPost2010PropOp41
 70
     1
102
RTVSPost2010Prop42
 90
       50
102
RTVSPost2010PropOp42
 70
     1
102
RTVSPost2010Prop43
 90
        3
102
RTVSPost2010PropOp43
 70
     1
102
RTVSPost2010Prop44ColorIndex
 90
        5
102
RTVSPost2010Prop44ColorRGB
 90
      255
102
RTVSPost2010PropOp44
 70
     1
102
RTVSPost2010Prop45
280
     0
102
RTVSPost2010PropOp45
 70
     1
102
RTVSPost2010Prop46
 90
       50
102
RTVSPost2010PropOp46
 70
     1
102
RTVSPost2010Prop47
 90
       50
102
RTVSPost2010PropOp47
 70
     1
102
RTVSPost2010Prop48
 90
       50
102
RTVSPost2010PropOp48
 70
     1
102
RTVSPost2010Prop49
280
     0
102
RTVSPost2010PropOp49
 70
     1
102
RTVSPost2010Prop50
 90
       50
102
RTVSPost2010PropOp50
 70
     1
102
RTVSPost2010Prop51ColorIndex
 90
      256
102
RTVSPost2010Prop51ColorRGB
 90
-16777216
102
RTVSPost2010PropOp51
 70
     0
102
RTVSPost2010Prop52
140
1.0
102
RTVSPost2010PropOp52
 70
     0
102
RTVSPost2010Prop53
 90
        2
102
RTVSPost2010PropOp53
 70
     1
102
RTVSPost2010Prop54
  1
strokes_ogs.tif
102
RTVSPost2010PropOp54
 70
     1
102
RTVSPost2010Prop55
280
     0
102
RTVSPost2010PropOp55
 70
     1
102
RTVSPost2010Prop56
140
1.0
102
RTVSPost2010PropOp56
 70
     1
102
RTVSPost2010Prop57
140
1.0
102
RTVSPost2010PropOp57
 70
     1
  0
XRECORD
  5
F0E
102
{ACAD_REACTORS
330
F0D
102
}
330
F0D
100
AcDbXrecord
280
     1
102
RTVSPost2010Prop28
280
     0
102
RTVSPost2010PropOp28
 70
     1
102
RTVSPost2010Prop29
280
     1
102
RTVSPost2010PropOp29
 70
     1
102
RTVSPost2010Prop30
280
     1
102
RTVSPost2010PropOp30
 70
     1
102
RTVSPost2010Prop31
280
     0
102
RTVSPost2010PropOp31
 70
     1
102
RTVSPost2010Prop32
280
     0
102
RTVSPost2010PropOp32
 70
     1
102
RTVSPost2010Prop33
280
     0
102
RTVSPost2010PropOp33
 70
     1
102
RTVSPost2010Prop34
280
     0
102
RTVSPost2010PropOp34
 70
     1
102
RTVSPost2010Prop35
280
     0
102
RTVSPost2010PropOp35
 70
     1
102
RTVSPost2010Prop36
280
     0
102
RTVSPost2010PropOp36
 70
     1
102
RTVSPost2010Prop37
 90
       50
102
RTVSPost2010PropOp37
 70
     1
102
RTVSPost2010Prop38
140
0.0
102
RTVSPost2010PropOp38
 70
     1
102
RTVSPost2010Prop39
140
1.0
102
RTVSPost2010PropOp39
 70
     1
102
RTVSPost2010Prop40
 90
        0
102
RTVSPost2010PropOp40
 70
     1
102
RTVSPost2010Prop41ColorIndex
 90
       18
102
RTVSPost2010Prop41ColorRGB
 90
        0
102
RTVSPost2010PropOp41
 70
     1
102
RTVSPost2010Prop42
 90
       50
102
RTVSPost2010PropOp42
 70
     1
102
RTVSPost2010Prop43
 90
        3
102
RTVSPost2010PropOp43
 70
     1
102
RTVSPost2010Prop44ColorIndex
 90
        5
102
RTVSPost2010Prop44ColorRGB
 90
      255
102
RTVSPost2010PropOp44
 70
     1
102
RTVSPost2010Prop45
280
     0
102
RTVSPost2010PropOp45
 70
     1
102
RTVSPost2010Prop46
 90
       50
102
RTVSPost2010PropOp46
 70
     1
102
RTVSPost2010Prop47
 90
       50
102
RTVSPost2010PropOp47
 70
     1
102
RTVSPost2010Prop48
 90
       50
102
RTVSPost2010PropOp48
 70
     1
102
RTVSPost2010Prop49
280
     0
102
RTVSPost2010PropOp49
 70
     1
102
RTVSPost2010Prop50
 90
       50
102
RTVSPost2010PropOp50
 70
     1
102
RTVSPost2010Prop51ColorIndex
 90
      256
102
RTVSPost2010Prop51ColorRGB
 90
-16777216
102
RTVSPost2010PropOp51
 70
     0
102
RTVSPost2010Prop52
140
1.0
102
RTVSPost2010PropOp52
 70
     0
102
RTVSPost2010Prop53
 90
        2
102
RTVSPost2010PropOp53
 70
     1
102
RTVSPost2010Prop54
  1
strokes_ogs.tif
102
RTVSPost2010PropOp54
 70
     1
102
RTVSPost2010Prop55
280
     0
102
RTVSPost2010PropOp55
 70
     1
102
RTVSPost2010Prop56
140
1.0
102
RTVSPost2010PropOp56
 70
     1
102
RTVSPost2010Prop57
140
1.0
102
RTVSPost2010PropOp57
 70
     1
  0
XRECORD
  5
F2E
102
{ACAD_REACTORS
330
F2D
102
}
330
F2D
100
AcDbXrecord
280
     1
102
RTVSPost2010Prop28
280
     0
102
RTVSPost2010PropOp28
 70
     1
102
RTVSPost2010Prop29
280
     1
102
RTVSPost2010PropOp29
 70
     1
102
RTVSPost2010Prop30
280
     1
102
RTVSPost2010PropOp30
 70
     1
102
RTVSPost2010Prop31
280
     0
102
RTVSPost2010PropOp31
 70
     1
102
RTVSPost2010Prop32
280
     0
102
RTVSPost2010PropOp32
 70
     1
102
RTVSPost2010Prop33
280
     0
102
RTVSPost2010PropOp33
 70
     1
102
RTVSPost2010Prop34
280
     0
102
RTVSPost2010PropOp34
 70
     1
102
RTVSPost2010Prop35
280
     0
102
RTVSPost2010PropOp35
 70
     1
102
RTVSPost2010Prop36
280
     0
102
RTVSPost2010PropOp36
 70
     1
102
RTVSPost2010Prop37
 90
       50
102
RTVSPost2010PropOp37
 70
     1
102
RTVSPost2010Prop38
140
0.0
102
RTVSPost2010PropOp38
 70
     1
102
RTVSPost2010Prop39
140
1.0
102
RTVSPost2010PropOp39
 70
     1
102
RTVSPost2010Prop40
 90
        0
102
RTVSPost2010PropOp40
 70
     1
102
RTVSPost2010Prop41ColorIndex
 90
       18
102
RTVSPost2010Prop41ColorRGB
 90
        0
102
RTVSPost2010PropOp41
 70
     1
102
RTVSPost2010Prop42
 90
       50
102
RTVSPost2010PropOp42
 70
     1
102
RTVSPost2010Prop43
 90
        3
102
RTVSPost2010PropOp43
 70
     1
102
RTVSPost2010Prop44ColorIndex
 90
        5
102
RTVSPost2010Prop44ColorRGB
 90
      255
102
RTVSPost2010PropOp44
 70
     1
102
RTVSPost2010Prop45
280
     0
102
RTVSPost2010PropOp45
 70
     1
102
RTVSPost2010Prop46
 90
       50
102
RTVSPost2010PropOp46
 70
     1
102
RTVSPost2010Prop47
 90
       50
102
RTVSPost2010PropOp47
 70
     1
102
RTVSPost2010Prop48
 90
       50
102
RTVSPost2010PropOp48
 70
     1
102
RTVSPost2010Prop49
280
     0
102
RTVSPost2010PropOp49
 70
     1
102
RTVSPost2010Prop50
 90
       50
102
RTVSPost2010PropOp50
 70
     1
102
RTVSPost2010Prop51ColorIndex
 90
      256
102
RTVSPost2010Prop51ColorRGB
 90
-16777216
102
RTVSPost2010PropOp51
 70
     0
102
RTVSPost2010Prop52
140
1.0
102
RTVSPost2010PropOp52
 70
     0
102
RTVSPost2010Prop53
 90
        2
102
RTVSPost2010PropOp53
 70
     1
102
RTVSPost2010Prop54
  1
strokes_ogs.tif
102
RTVSPost2010PropOp54
 70
     1
102
RTVSPost2010Prop55
280
     0
102
RTVSPost2010PropOp55
 70
     1
102
RTVSPost2010Prop56
140
1.0
102
RTVSPost2010PropOp56
 70
     1
102
RTVSPost2010Prop57
140
1.0
102
RTVSPost2010PropOp57
 70
     1
  0
ENDSEC
  0
EOF
