  0
SECTION
  2
HEADER
  9
$ACADVER
  1
AC1024
  9
$ACADMAINTVER
 70
     6
  9
$DWGCODEPAGE
  3
ANSI_1252
  9
$LASTSAVEDBY
  1
wassimj
  9
$INSBASE
 10
0.0
 20
0.0
 30
0.0
  9
$EXTMIN
 10
6.734924312696101
 20
0.0210000000000008
 30
0.0
  9
$EXTMAX
 10
64.60507568730392
 20
28.5556511252777
 30
0.0
  9
$LIMMIN
 10
0.0
 20
0.0
  9
$LIMMAX
 10
12.0
 20
9.0
  9
$ORTHOMODE
 70
     0
  9
$REGENMODE
 70
     1
  9
$FILLMODE
 70
     1
  9
$QTEXTMODE
 70
     0
  9
$MIRRTEXT
 70
     1
  9
$LTSCALE
 40
1.0
  9
$ATTMODE
 70
     1
  9
$TEXTSIZE
 40
0.2
  9
$TRACEWID
 40
0.05
  9
$TEXTSTYLE
  7
Standard
  9
$CLAYER
  8
0
  9
$CELTYPE
  6
ByLayer
  9
$CECOLOR
 62
   256
  9
$CELTSCALE
 40
1.0
  9
$DISPSILH
 70
     0
  9
$DIMSCALE
 40
1.0
  9
$DIMASZ
 40
0.18
  9
$DIMEXO
 40
0.0625
  9
$DIMDLI
 40
0.38
  9
$DIMRND
 40
0.0
  9
$DIMDLE
 40
0.0
  9
$DIMEXE
 40
0.18
  9
$DIMTP
 40
0.0
  9
$DIMTM
 40
0.0
  9
$DIMTXT
 40
0.18
  9
$DIMCEN
 40
0.09
  9
$DIMTSZ
 40
0.0
  9
$DIMTOL
 70
     0
  9
$DIMLIM
 70
     0
  9
$DIMTIH
 70
     1
  9
$DIMTOH
 70
     1
  9
$DIMSE1
 70
     0
  9
$DIMSE2
 70
     0
  9
$DIMTAD
 70
     0
  9
$DIMZIN
 70
     0
  9
$DIMBLK
  1

  9
$DIMASO
 70
     1
  9
$DIMSHO
 70
     1
  9
$DIMPOST
  1

  9
$DIMAPOST
  1

  9
$DIMALT
 70
     0
  9
$DIMALTD
 70
     2
  9
$DIMALTF
 40
25.4
  9
$DIMLFAC
 40
1.0
  9
$DIMTOFL
 70
     0
  9
$DIMTVP
 40
0.0
  9
$DIMTIX
 70
     0
  9
$DIMSOXD
 70
     0
  9
$DIMSAH
 70
     0
  9
$DIMBLK1
  1

  9
$DIMBLK2
  1

  9
$DIMSTYLE
  2
STANDARD_ACAD
  9
$DIMCLRD
 70
     0
  9
$DIMCLRE
 70
     0
  9
$DIMCLRT
 70
     0
  9
$DIMTFAC
 40
1.0
  9
$DIMGAP
 40
0.09
  9
$DIMJUST
 70
     0
  9
$DIMSD1
 70
     0
  9
$DIMSD2
 70
     0
  9
$DIMTOLJ
 70
     1
  9
$DIMTZIN
 70
     0
  9
$DIMALTZ
 70
     0
  9
$DIMALTTZ
 70
     0
  9
$DIMUPT
 70
     0
  9
$DIMDEC
 70
     4
  9
$DIMTDEC
 70
     4
  9
$DIMALTU
 70
     2
  9
$DIMALTTD
 70
     2
  9
$DIMTXSTY
  7
Standard
  9
$DIMAUNIT
 70
     0
  9
$DIMADEC
 70
     0
  9
$DIMALTRND
 40
0.0
  9
$DIMAZIN
 70
     0
  9
$DIMDSEP
 70
    46
  9
$DIMATFIT
 70
     3
  9
$DIMFRAC
 70
     0
  9
$DIMLDRBLK
  1

  9
$DIMLUNIT
 70
     2
  9
$DIMLWD
 70
    -2
  9
$DIMLWE
 70
    -2
  9
$DIMTMOVE
 70
     2
  9
$DIMFXL
 40
1.0
  9
$DIMFXLON
 70
     0
  9
$DIMJOGANG
 40
0.7853981633974483
  9
$DIMTFILL
 70
     0
  9
$DIMTFILLCLR
 70
     0
  9
$DIMARCSYM
 70
     0
  9
$DIMLTYPE
  6

  9
$DIMLTEX1
  6

  9
$DIMLTEX2
  6

  9
$DIMTXTDIRECTION
 70
     0
  9
$LUNITS
 70
     2
  9
$LUPREC
 70
     3
  9
$SKETCHINC
 40
0.1
  9
$FILLETRAD
 40
0.0
  9
$AUNITS
 70
     0
  9
$AUPREC
 70
     0
  9
$MENU
  1
.
  9
$ELEVATION
 40
0.0
  9
$PELEVATION
 40
0.0
  9
$THICKNESS
 40
0.0
  9
$LIMCHECK
 70
     0
  9
$CHAMFERA
 40
0.0
  9
$CHAMFERB
 40
0.0
  9
$CHAMFERC
 40
0.0
  9
$CHAMFERD
 40
0.0
  9
$SKPOLY
 70
     0
  9
$TDCREATE
 40
2460497.329935255
  9
$TDUCREATE
 40
2460497.288268588
  9
$TDUPDATE
 40
2460497.329950023
  9
$TDUUPDATE
 40
2460497.288283357
  9
$TDINDWG
 40
0.0000000116
  9
$TDUSRTIMER
 40
0.0000000116
  9
$USRTIMER
 70
     1
  9
$ANGBASE
 50
0.0
  9
$ANGDIR
 70
     0
  9
$PDMODE
 70
     0
  9
$PDSIZE
 40
0.0
  9
$PLINEWID
 40
0.0
  9
$SPLFRAME
 70
     0
  9
$SPLINETYPE
 70
     6
  9
$SPLINESEGS
 70
     8
  9
$HANDSEED
  5
2F8
  9
$SURFTAB1
 70
     6
  9
$SURFTAB2
 70
     6
  9
$SURFTYPE
 70
     6
  9
$SURFU
 70
     6
  9
$SURFV
 70
     6
  9
$UCSBASE
  2

  9
$UCSNAME
  2

  9
$UCSORG
 10
0.0
 20
0.0
 30
0.0
  9
$UCSXDIR
 10
1.0
 20
0.0
 30
0.0
  9
$UCSYDIR
 10
0.0
 20
1.0
 30
0.0
  9
$UCSORTHOREF
  2

  9
$UCSORTHOVIEW
 70
     0
  9
$UCSORGTOP
 10
0.0
 20
0.0
 30
0.0
  9
$UCSORGBOTTOM
 10
0.0
 20
0.0
 30
0.0
  9
$UCSORGLEFT
 10
0.0
 20
0.0
 30
0.0
  9
$UCSORGRIGHT
 10
0.0
 20
0.0
 30
0.0
  9
$UCSORGFRONT
 10
0.0
 20
0.0
 30
0.0
  9
$UCSORGBACK
 10
0.0
 20
0.0
 30
0.0
  9
$PUCSBASE
  2

  9
$PUCSNAME
  2

  9
$PUCSORG
 10
0.0
 20
0.0
 30
0.0
  9
$PUCSXDIR
 10
1.0
 20
0.0
 30
0.0
  9
$PUCSYDIR
 10
0.0
 20
1.0
 30
0.0
  9
$PUCSORTHOREF
  2

  9
$PUCSORTHOVIEW
 70
     0
  9
$PUCSORGTOP
 10
0.0
 20
0.0
 30
0.0
  9
$PUCSORGBOTTOM
 10
0.0
 20
0.0
 30
0.0
  9
$PUCSORGLEFT
 10
0.0
 20
0.0
 30
0.0
  9
$PUCSORGRIGHT
 10
0.0
 20
0.0
 30
0.0
  9
$PUCSORGFRONT
 10
0.0
 20
0.0
 30
0.0
  9
$PUCSORGBACK
 10
0.0
 20
0.0
 30
0.0
  9
$USERI1
 70
     0
  9
$USERI2
 70
     0
  9
$USERI3
 70
     0
  9
$USERI4
 70
     0
  9
$USERI5
 70
     0
  9
$USERR1
 40
0.0
  9
$USERR2
 40
0.0
  9
$USERR3
 40
0.0
  9
$USERR4
 40
0.0
  9
$USERR5
 40
0.0
  9
$WORLDVIEW
 70
     1
  9
$SHADEDGE
 70
     3
  9
$SHADEDIF
 70
    70
  9
$TILEMODE
 70
     1
  9
$MAXACTVP
 70
    64
  9
$PINSBASE
 10
0.0
 20
0.0
 30
0.0
  9
$PLIMCHECK
 70
     0
  9
$PEXTMIN
 10
1.000000000000000E+20
 20
1.000000000000000E+20
 30
1.000000000000000E+20
  9
$PEXTMAX
 10
-1.000000000000000E+20
 20
-1.000000000000000E+20
 30
-1.000000000000000E+20
  9
$PLIMMIN
 10
0.0
 20
0.0
  9
$PLIMMAX
 10
12.0
 20
9.0
  9
$UNITMODE
 70
     0
  9
$VISRETAIN
 70
     1
  9
$PLINEGEN
 70
     0
  9
$PSLTSCALE
 70
     1
  9
$TREEDEPTH
 70
  3020
  9
$CMLSTYLE
  2
Standard
  9
$CMLJUST
 70
     0
  9
$CMLSCALE
 40
1.0
  9
$PROXYGRAPHICS
 70
     1
  9
$MEASUREMENT
 70
     1
  9
$CELWEIGHT
370
    -1
  9
$ENDCAPS
280
     0
  9
$JOINSTYLE
280
     0
  9
$LWDISPLAY
290
     0
  9
$INSUNITS
 70
     6
  9
$HYPERLINKBASE
  1

  9
$STYLESHEET
  1

  9
$XEDIT
290
     1
  9
$CEPSNTYPE
380
     0
  9
$PSTYLEMODE
290
     1
  9
$FINGERPRINTGUID
  2
{09c720ad-49ee-46e4-b06b-79e9bc8b723f}
  9
$VERSIONGUID
  2
{FAEB1C32-E019-11D5-929B-00C0DF256EC4}
  9
$EXTNAMES
290
     1
  9
$PSVPSCALE
 40
0.0
  9
$OLESTARTUP
290
     0
  9
$SORTENTS
280
   127
  9
$INDEXCTL
280
     0
  9
$HIDETEXT
280
     1
  9
$XCLIPFRAME
280
     2
  9
$HALOGAP
280
     0
  9
$OBSCOLOR
 70
   257
  9
$OBSLTYPE
280
     0
  9
$INTERSECTIONDISPLAY
280
     0
  9
$INTERSECTIONCOLOR
 70
   257
  9
$DIMASSOC
280
     2
  9
$PROJECTNAME
  1

  9
$CAMERADISPLAY
290
     0
  9
$LENSLENGTH
 40
50.0
  9
$CAMERAHEIGHT
 40
0.0
  9
$STEPSPERSEC
 40
2.0
  9
$STEPSIZE
 40
6.0
  9
$3DDWFPREC
 40
2.0
  9
$PSOLWIDTH
 40
0.25
  9
$PSOLHEIGHT
 40
4.0
  9
$LOFTANG1
 40
1.570796326794897
  9
$LOFTANG2
 40
1.570796326794897
  9
$LOFTMAG1
 40
0.0
  9
$LOFTMAG2
 40
0.0
  9
$LOFTPARAM
 70
     7
  9
$LOFTNORMALS
280
     1
  9
$LATITUDE
 40
37.795
  9
$LONGITUDE
 40
-122.394
  9
$NORTHDIRECTION
 40
0.0
  9
$TIMEZONE
 70
 -8000
  9
$LIGHTGLYPHDISPLAY
280
     1
  9
$TILEMODELIGHTSYNCH
280
     1
  9
$CMATERIAL
347
44
  9
$SOLIDHIST
280
     0
  9
$SHOWHIST
280
     1
  9
$DWFFRAME
280
     2
  9
$DGNFRAME
280
     2
  9
$REALWORLDSCALE
290
     1
  9
$INTERFERECOLOR
 62
   256
  9
$CSHADOW
280
     0
  9
$SHADOWPLANELOCATION
 40
0.0
  0
ENDSEC
  0
SECTION
  2
CLASSES
  0
CLASS
  1
ACDBDICTIONARYWDFLT
  2
AcDbDictionaryWithDefault
  3
ObjectDBX Classes
 90
        0
 91
        3
280
     0
281
     0
  0
CLASS
  1
VISUALSTYLE
  2
AcDbVisualStyle
  3
ObjectDBX Classes
 90
     4095
 91
        3
280
     0
281
     0
  0
CLASS
  1
MATERIAL
  2
AcDbMaterial
  3
ObjectDBX Classes
 90
     1153
 91
        3
280
     0
281
     0
  0
CLASS
  1
SCALE
  2
AcDbScale
  3
ObjectDBX Classes
 90
     1153
 91
        3
280
     0
281
     0
  0
CLASS
  1
TABLESTYLE
  2
AcDbTableStyle
  3
ObjectDBX Classes
 90
     4095
 91
        3
280
     0
281
     0
  0
CLASS
  1
MLEADERSTYLE
  2
AcDbMLeaderStyle
  3
ACDB_MLEADERSTYLE_CLASS
 90
     4095
 91
        3
280
     0
281
     0
  0
CLASS
  1
SUN
  2
AcDbSun
  3
SCENEOE
 90
     1153
 91
        3
280
     0
281
     0
  0
CLASS
  1
DICTIONARYVAR
  2
AcDbDictionaryVar
  3
ObjectDBX Classes
 90
        0
 91
        3
280
     0
281
     0
  0
CLASS
  1
CELLSTYLEMAP
  2
AcDbCellStyleMap
  3
ObjectDBX Classes
 90
     1152
 91
        3
280
     0
281
     0
  0
ENDSEC
  0
SECTION
  2
TABLES
  0
TABLE
  2
VPORT
  5
8
330
0
100
AcDbSymbolTable
 70
     1
  0
VPORT
  5
29
330
8
100
AcDbSymbolTableRecord
100
AcDbViewportTableRecord
  2
*Active
 70
     0
 10
0.0
 20
0.0
 11
1.0
 21
1.0
 12
10.42990654205607
 22
4.5
 13
0.0
 23
0.0
 14
0.5
 24
0.5
 15
0.5
 25
0.5
 16
0.0
 26
0.0
 36
1.0
 17
0.0
 27
0.0
 37
0.0
 40
9.0
 41
1.972972972850329
 42
50.0
 43
0.0
 44
0.0
 50
0.0
 51
0.0
 71
     0
 72
   100
 73
     1
 74
     3
 75
     0
 76
     0
 77
     0
 78
     0
281
     0
 65
     1
110
0.0
120
0.0
130
0.0
111
1.0
121
0.0
131
0.0
112
0.0
122
1.0
132
0.0
 79
     0
146
0.0
348
2F
 60
     3
 61
     5
292
     1
282
     1
141
0.0
142
0.0
 63
   250
361
5D
  0
ENDTAB
  0
TABLE
  2
LTYPE
  5
5
330
0
100
AcDbSymbolTable
 70
     1
  0
LTYPE
  5
14
330
5
100
AcDbSymbolTableRecord
100
AcDbLinetypeTableRecord
  2
ByBlock
 70
     0
  3

 72
    65
 73
     0
 40
0.0
  0
LTYPE
  5
15
330
5
100
AcDbSymbolTableRecord
100
AcDbLinetypeTableRecord
  2
ByLayer
 70
     0
  3

 72
    65
 73
     0
 40
0.0
  0
LTYPE
  5
16
330
5
100
AcDbSymbolTableRecord
100
AcDbLinetypeTableRecord
  2
Continuous
 70
     0
  3
Solid line
 72
    65
 73
     0
 40
0.0
  0
ENDTAB
  0
TABLE
  2
LAYER
  5
2
330
0
100
AcDbSymbolTable
 70
     1
  0
LAYER
  5
10
330
2
100
AcDbSymbolTableRecord
100
AcDbLayerTableRecord
  2
0
 70
     0
 62
    18
420
        0
  6
Continuous
370
    -3
390
F
347
46
  0
ENDTAB
  0
TABLE
  2
STYLE
  5
3
330
0
100
AcDbSymbolTable
 70
     1
  0
STYLE
  5
11
330
3
100
AcDbSymbolTableRecord
100
AcDbTextStyleTableRecord
  2
Standard
 70
     0
 40
0.0
 41
1.0
 50
0.0
 71
     0
 42
0.2
  3
txt
  4

  0
ENDTAB
  0
TABLE
  2
VIEW
  5
6
330
0
100
AcDbSymbolTable
 70
     0
  0
ENDTAB
  0
TABLE
  2
UCS
  5
7
330
0
100
AcDbSymbolTable
 70
     0
  0
ENDTAB
  0
TABLE
  2
APPID
  5
9
330
0
100
AcDbSymbolTable
 70
     2
  0
APPID
  5
12
330
9
100
AcDbSymbolTableRecord
100
AcDbRegAppTableRecord
  2
ACAD
 70
     0
  0
APPID
  5
5E
330
9
100
AcDbSymbolTableRecord
100
AcDbRegAppTableRecord
  2
Rhino
 70
     0
  0
ENDTAB
  0
TABLE
  2
DIMSTYLE
  5
A
330
0
100
AcDbSymbolTable
 70
     1
100
AcDbDimStyleTable
  0
DIMSTYLE
105
27
330
A
100
AcDbSymbolTableRecord
100
AcDbDimStyleTableRecord
  2
STANDARD_ACAD
 70
     0
178
     0
340
11
  0
ENDTAB
  0
TABLE
  2
BLOCK_RECORD
  5
1
330
0
100
AcDbSymbolTable
 70
     1
  0
BLOCK_RECORD
  5
1F
330
1
100
AcDbSymbolTableRecord
100
AcDbBlockTableRecord
  2
*Model_Space
340
22
 70
     0
280
     1
281
     0
  0
BLOCK_RECORD
  5
1B
330
1
100
AcDbSymbolTableRecord
100
AcDbBlockTableRecord
  2
*Paper_Space
340
1E
 70
     0
280
     1
281
     0
  0
BLOCK_RECORD
  5
23
330
1
100
AcDbSymbolTableRecord
100
AcDbBlockTableRecord
  2
*Paper_Space0
340
26
 70
     0
280
     1
281
     0
  0
ENDTAB
  0
ENDSEC
  0
SECTION
  2
BLOCKS
  0
BLOCK
  5
20
330
1F
100
AcDbEntity
  8
0
100
AcDbBlockBegin
  2
*Model_Space
 70
     0
 10
0.0
 20
0.0
 30
0.0
  3
*Model_Space
  1

  0
ENDBLK
  5
21
330
1F
100
AcDbEntity
  8
0
100
AcDbBlockEnd
  0
BLOCK
  5
1C
330
1B
100
AcDbEntity
 67
     1
  8
0
100
AcDbBlockBegin
  2
*Paper_Space
 70
     0
 10
0.0
 20
0.0
 30
0.0
  3
*Paper_Space
  1

  0
ENDBLK
  5
1D
330
1B
100
AcDbEntity
 67
     1
  8
0
100
AcDbBlockEnd
  0
BLOCK
  5
24
330
23
100
AcDbEntity
  8
0
100
AcDbBlockBegin
  2
*Paper_Space0
 70
     0
 10
0.0
 20
0.0
 30
0.0
  3
*Paper_Space0
  1

  0
ENDBLK
  5
25
330
23
100
AcDbEntity
  8
0
100
AcDbBlockEnd
  0
ENDSEC
  0
SECTION
  2
ENTITIES
  0
POLYLINE
  5
5F
330
1F
100
AcDbEntity
  8
0
  6
Continuous
 62
    18
420
        0
370
    25
100
AcDb2dPolyline
 66
     1
 10
0.0
 20
0.0
 30
0.0
 70
     1
  0
VERTEX
  5
60
330
5F
100
AcDbEntity
  8
0
  6
Continuous
 62
    18
420
        0
370
    25
100
AcDbVertex
100
AcDb2dVertex
 10
40.98301442817422
 20
17.58471155369235
 30
0.0
  0
VERTEX
  5
61
330
5F
100
AcDbEntity
  8
0
  6
Continuous
 62
    18
420
        0
370
    25
100
AcDbVertex
100
AcDb2dVertex
 10
41.58301442817421
 20
17.58471155369235
 30
0.0
  0
VERTEX
  5
62
330
5F
100
AcDbEntity
  8
0
  6
Continuous
 62
    18
420
        0
370
    25
100
AcDbVertex
100
AcDb2dVertex
 10
41.58301442817421
 20
18.18471155369236
 30
0.0
  0
VERTEX
  5
63
330
5F
100
AcDbEntity
  8
0
  6
Continuous
 62
    18
420
        0
370
    25
100
AcDbVertex
100
AcDb2dVertex
 10
40.98301442817422
 20
18.18471155369236
 30
0.0
  0
SEQEND
  5
64
330
5F
100
AcDbEntity
  8
0
  6
Continuous
 62
    18
420
        0
370
    25
  0
POLYLINE
  5
65
330
1F
100
AcDbEntity
  8
0
  6
Continuous
 62
    18
420
        0
370
    25
100
AcDb2dPolyline
 66
     1
 10
0.0
 20
0.0
 30
0.0
 70
     1
  0
VERTEX
  5
66
330
65
100
AcDbEntity
  8
0
  6
Continuous
 62
    18
420
        0
370
    25
100
AcDbVertex
100
AcDb2dVertex
 10
40.98301442817421
 20
16.79391361156024
 30
0.0
  0
VERTEX
  5
67
330
65
100
AcDbEntity
  8
0
  6
Continuous
 62
    18
420
        0
370
    25
100
AcDbVertex
100
AcDb2dVertex
 10
41.58301442817421
 20
16.79391361156024
 30
0.0
  0
VERTEX
  5
68
330
65
100
AcDbEntity
  8
0
  6
Continuous
 62
    18
420
        0
370
    25
100
AcDbVertex
100
AcDb2dVertex
 10
41.58301442817421
 20
17.39391361156023
 30
0.0
  0
VERTEX
  5
69
330
65
100
AcDbEntity
  8
0
  6
Continuous
 62
    18
420
        0
370
    25
100
AcDbVertex
100
AcDb2dVertex
 10
40.98301442817421
 20
17.39391361156023
 30
0.0
  0
SEQEND
  5
6A
330
65
100
AcDbEntity
  8
0
  6
Continuous
 62
    18
420
        0
370
    25
  0
POLYLINE
  5
6B
330
1F
100
AcDbEntity
  8
0
  6
Continuous
 62
    18
420
        0
370
    25
100
AcDb2dPolyline
 66
     1
 10
0.0
 20
0.0
 30
0.0
 70
     1
  0
VERTEX
  5
6C
330
6B
100
AcDbEntity
  8
0
  6
Continuous
 62
    18
420
        0
370
    25
100
AcDbVertex
100
AcDb2dVertex
 10
40.98301442817422
 20
16.00311566942814
 30
0.0
  0
VERTEX
  5
6D
330
6B
100
AcDbEntity
  8
0
  6
Continuous
 62
    18
420
        0
370
    25
100
AcDbVertex
100
AcDb2dVertex
 10
41.58301442817421
 20
16.00311566942814
 30
0.0
  0
VERTEX
  5
6E
330
6B
100
AcDbEntity
  8
0
  6
Continuous
 62
    18
420
        0
370
    25
100
AcDbVertex
100
AcDb2dVertex
 10
41.58301442817421
 20
16.60311566942813
 30
0.0
  0
VERTEX
  5
6F
330
6B
100
AcDbEntity
  8
0
  6
Continuous
 62
    18
420
        0
370
    25
100
AcDbVertex
100
AcDb2dVertex
 10
40.98301442817422
 20
16.60311566942813
 30
0.0
  0
SEQEND
  5
70
330
6B
100
AcDbEntity
  8
0
  6
Continuous
 62
    18
420
        0
370
    25
  0
POLYLINE
  5
71
330
1F
100
AcDbEntity
  8
0
  6
Continuous
 62
    18
420
        0
370
    25
100
AcDb2dPolyline
 66
     1
 10
0.0
 20
0.0
 30
0.0
 70
     1
  0
VERTEX
  5
72
330
71
100
AcDbEntity
  8
0
  6
Continuous
 62
    18
420
        0
370
    25
100
AcDbVertex
100
AcDb2dVertex
 10
40.98301442817419
 20
15.21231772729601
 30
0.0
  0
VERTEX
  5
73
330
71
100
AcDbEntity
  8
0
  6
Continuous
 62
    18
420
        0
370
    25
100
AcDbVertex
100
AcDb2dVertex
 10
41.58301442817421
 20
15.21231772729601
 30
0.0
  0
VERTEX
  5
74
330
71
100
AcDbEntity
  8
0
  6
Continuous
 62
    18
420
        0
370
    25
100
AcDbVertex
100
AcDb2dVertex
 10
41.58301442817421
 20
15.81231772729602
 30
0.0
  0
VERTEX
  5
75
330
71
100
AcDbEntity
  8
0
  6
Continuous
 62
    18
420
        0
370
    25
100
AcDbVertex
100
AcDb2dVertex
 10
40.98301442817419
 20
15.81231772729602
 30
0.0
  0
SEQEND
  5
76
330
71
100
AcDbEntity
  8
0
  6
Continuous
 62
    18
420
        0
370
    25
  0
POLYLINE
  5
77
330
1F
100
AcDbEntity
  8
0
  6
Continuous
 62
    18
420
        0
370
    25
100
AcDb2dPolyline
 66
     1
 10
0.0
 20
0.0
 30
0.0
 70
     1
  0
VERTEX
  5
78
330
77
100
AcDbEntity
  8
0
  6
Continuous
 62
    18
420
        0
370
    25
100
AcDbVertex
100
AcDb2dVertex
 10
42.83166666666666
 20
15.21231772729601
 30
0.0
  0
VERTEX
  5
79
330
77
100
AcDbEntity
  8
0
  6
Continuous
 62
    18
420
        0
370
    25
100
AcDbVertex
100
AcDb2dVertex
 10
43.43166666666666
 20
15.21231772729601
 30
0.0
  0
VERTEX
  5
7A
330
77
100
AcDbEntity
  8
0
  6
Continuous
 62
    18
420
        0
370
    25
100
AcDbVertex
100
AcDb2dVertex
 10
43.43166666666666
 20
15.812317727296
 30
0.0
  0
VERTEX
  5
7B
330
77
100
AcDbEntity
  8
0
  6
Continuous
 62
    18
420
        0
370
    25
100
AcDbVertex
100
AcDb2dVertex
 10
42.83166666666666
 20
15.812317727296
 30
0.0
  0
SEQEND
  5
7C
330
77
100
AcDbEntity
  8
0
  6
Continuous
 62
    18
420
        0
370
    25
  0
POLYLINE
  5
7D
330
1F
100
AcDbEntity
  8
0
  6
Continuous
 62
    18
420
        0
370
    25
100
AcDb2dPolyline
 66
     1
 10
0.0
 20
0.0
 30
0.0
 70
     1
  0
VERTEX
  5
7E
330
7D
100
AcDbEntity
  8
0
  6
Continuous
 62
    18
420
        0
370
    25
100
AcDbVertex
100
AcDb2dVertex
 10
42.83166666666665
 20
16.00311566942811
 30
0.0
  0
VERTEX
  5
7F
330
7D
100
AcDbEntity
  8
0
  6
Continuous
 62
    18
420
        0
370
    25
100
AcDbVertex
100
AcDb2dVertex
 10
43.43166666666666
 20
16.00311566942811
 30
0.0
  0
VERTEX
  5
80
330
7D
100
AcDbEntity
  8
0
  6
Continuous
 62
    18
420
        0
370
    25
100
AcDbVertex
100
AcDb2dVertex
 10
43.43166666666666
 20
16.60311566942811
 30
0.0
  0
VERTEX
  5
81
330
7D
100
AcDbEntity
  8
0
  6
Continuous
 62
    18
420
        0
370
    25
100
AcDbVertex
100
AcDb2dVertex
 10
42.83166666666665
 20
16.60311566942811
 30
0.0
  0
SEQEND
  5
82
330
7D
100
AcDbEntity
  8
0
  6
Continuous
 62
    18
420
        0
370
    25
  0
POLYLINE
  5
83
330
1F
100
AcDbEntity
  8
0
  6
Continuous
 62
    18
420
        0
370
    25
100
AcDb2dPolyline
 66
     1
 10
0.0
 20
0.0
 30
0.0
 70
     1
  0
VERTEX
  5
84
330
83
100
AcDbEntity
  8
0
  6
Continuous
 62
    18
420
        0
370
    25
100
AcDbVertex
100
AcDb2dVertex
 10
42.83166666666666
 20
16.79391361156022
 30
0.0
  0
VERTEX
  5
85
330
83
100
AcDbEntity
  8
0
  6
Continuous
 62
    18
420
        0
370
    25
100
AcDbVertex
100
AcDb2dVertex
 10
43.43166666666666
 20
16.79391361156022
 30
0.0
  0
VERTEX
  5
86
330
83
100
AcDbEntity
  8
0
  6
Continuous
 62
    18
420
        0
370
    25
100
AcDbVertex
100
AcDb2dVertex
 10
43.43166666666666
 20
17.39391361156023
 30
0.0
  0
VERTEX
  5
87
330
83
100
AcDbEntity
  8
0
  6
Continuous
 62
    18
420
        0
370
    25
100
AcDbVertex
100
AcDb2dVertex
 10
42.83166666666666
 20
17.39391361156023
 30
0.0
  0
SEQEND
  5
88
330
83
100
AcDbEntity
  8
0
  6
Continuous
 62
    18
420
        0
370
    25
  0
POLYLINE
  5
89
330
1F
100
AcDbEntity
  8
0
  6
Continuous
 62
    18
420
        0
370
    25
100
AcDb2dPolyline
 66
     1
 10
0.0
 20
0.0
 30
0.0
 70
     1
  0
VERTEX
  5
8A
330
89
100
AcDbEntity
  8
0
  6
Continuous
 62
    18
420
        0
370
    25
100
AcDbVertex
100
AcDb2dVertex
 10
42.83166666666665
 20
17.58471155369235
 30
0.0
  0
VERTEX
  5
8B
330
89
100
AcDbEntity
  8
0
  6
Continuous
 62
    18
420
        0
370
    25
100
AcDbVertex
100
AcDb2dVertex
 10
43.43166666666666
 20
17.58471155369235
 30
0.0
  0
VERTEX
  5
8C
330
89
100
AcDbEntity
  8
0
  6
Continuous
 62
    18
420
        0
370
    25
100
AcDbVertex
100
AcDb2dVertex
 10
43.43166666666666
 20
18.18471155369236
 30
0.0
  0
VERTEX
  5
8D
330
89
100
AcDbEntity
  8
0
  6
Continuous
 62
    18
420
        0
370
    25
100
AcDbVertex
100
AcDb2dVertex
 10
42.83166666666665
 20
18.18471155369236
 30
0.0
  0
SEQEND
  5
8E
330
89
100
AcDbEntity
  8
0
  6
Continuous
 62
    18
420
        0
370
    25
  0
POLYLINE
  5
8F
330
1F
100
AcDbEntity
  8
0
  6
Continuous
 62
    18
420
        0
370
    25
100
AcDb2dPolyline
 66
     1
 10
0.0
 20
0.0
 30
0.0
 70
     1
  0
VERTEX
  5
90
330
8F
100
AcDbEntity
  8
0
  6
Continuous
 62
    18
420
        0
370
    25
100
AcDbVertex
100
AcDb2dVertex
 10
45.61851442817422
 20
17.58471155369235
 30
0.0
  0
VERTEX
  5
91
330
8F
100
AcDbEntity
  8
0
  6
Continuous
 62
    18
420
        0
370
    25
100
AcDbVertex
100
AcDb2dVertex
 10
46.21851442817421
 20
17.58471155369235
 30
0.0
  0
VERTEX
  5
92
330
8F
100
AcDbEntity
  8
0
  6
Continuous
 62
    18
420
        0
370
    25
100
AcDbVertex
100
AcDb2dVertex
 10
46.21851442817421
 20
18.18471155369236
 30
0.0
  0
VERTEX
  5
93
330
8F
100
AcDbEntity
  8
0
  6
Continuous
 62
    18
420
        0
370
    25
100
AcDbVertex
100
AcDb2dVertex
 10
45.61851442817422
 20
18.18471155369236
 30
0.0
  0
SEQEND
  5
94
330
8F
100
AcDbEntity
  8
0
  6
Continuous
 62
    18
420
        0
370
    25
  0
POLYLINE
  5
95
330
1F
100
AcDbEntity
  8
0
  6
Continuous
 62
    18
420
        0
370
    25
100
AcDb2dPolyline
 66
     1
 10
0.0
 20
0.0
 30
0.0
 70
     1
  0
VERTEX
  5
96
330
95
100
AcDbEntity
  8
0
  6
Continuous
 62
    18
420
        0
370
    25
100
AcDbVertex
100
AcDb2dVertex
 10
45.61851442817422
 20
16.79391361156024
 30
0.0
  0
VERTEX
  5
97
330
95
100
AcDbEntity
  8
0
  6
Continuous
 62
    18
420
        0
370
    25
100
AcDbVertex
100
AcDb2dVertex
 10
46.21851442817421
 20
16.79391361156024
 30
0.0
  0
VERTEX
  5
98
330
95
100
AcDbEntity
  8
0
  6
Continuous
 62
    18
420
        0
370
    25
100
AcDbVertex
100
AcDb2dVertex
 10
46.21851442817421
 20
17.39391361156023
 30
0.0
  0
VERTEX
  5
99
330
95
100
AcDbEntity
  8
0
  6
Continuous
 62
    18
420
        0
370
    25
100
AcDbVertex
100
AcDb2dVertex
 10
45.61851442817422
 20
17.39391361156023
 30
0.0
  0
SEQEND
  5
9A
330
95
100
AcDbEntity
  8
0
  6
Continuous
 62
    18
420
        0
370
    25
  0
POLYLINE
  5
9B
330
1F
100
AcDbEntity
  8
0
  6
Continuous
 62
    18
420
        0
370
    25
100
AcDb2dPolyline
 66
     1
 10
0.0
 20
0.0
 30
0.0
 70
     1
  0
VERTEX
  5
9C
330
9B
100
AcDbEntity
  8
0
  6
Continuous
 62
    18
420
        0
370
    25
100
AcDbVertex
100
AcDb2dVertex
 10
45.61851442817424
 20
16.00311566942814
 30
0.0
  0
VERTEX
  5
9D
330
9B
100
AcDbEntity
  8
0
  6
Continuous
 62
    18
420
        0
370
    25
100
AcDbVertex
100
AcDb2dVertex
 10
46.21851442817421
 20
16.00311566942814
 30
0.0
  0
VERTEX
  5
9E
330
9B
100
AcDbEntity
  8
0
  6
Continuous
 62
    18
420
        0
370
    25
100
AcDbVertex
100
AcDb2dVertex
 10
46.21851442817421
 20
16.60311566942813
 30
0.0
  0
VERTEX
  5
9F
330
9B
100
AcDbEntity
  8
0
  6
Continuous
 62
    18
420
        0
370
    25
100
AcDbVertex
100
AcDb2dVertex
 10
45.61851442817424
 20
16.60311566942813
 30
0.0
  0
SEQEND
  5
A0
330
9B
100
AcDbEntity
  8
0
  6
Continuous
 62
    18
420
        0
370
    25
  0
POLYLINE
  5
A1
330
1F
100
AcDbEntity
  8
0
  6
Continuous
 62
    18
420
        0
370
    25
100
AcDb2dPolyline
 66
     1
 10
0.0
 20
0.0
 30
0.0
 70
     1
  0
VERTEX
  5
A2
330
A1
100
AcDbEntity
  8
0
  6
Continuous
 62
    18
420
        0
370
    25
100
AcDbVertex
100
AcDb2dVertex
 10
45.61851442817419
 20
15.21231772729601
 30
0.0
  0
VERTEX
  5
A3
330
A1
100
AcDbEntity
  8
0
  6
Continuous
 62
    18
420
        0
370
    25
100
AcDbVertex
100
AcDb2dVertex
 10
46.21851442817421
 20
15.21231772729601
 30
0.0
  0
VERTEX
  5
A4
330
A1
100
AcDbEntity
  8
0
  6
Continuous
 62
    18
420
        0
370
    25
100
AcDbVertex
100
AcDb2dVertex
 10
46.21851442817421
 20
15.81231772729602
 30
0.0
  0
VERTEX
  5
A5
330
A1
100
AcDbEntity
  8
0
  6
Continuous
 62
    18
420
        0
370
    25
100
AcDbVertex
100
AcDb2dVertex
 10
45.61851442817419
 20
15.81231772729602
 30
0.0
  0
SEQEND
  5
A6
330
A1
100
AcDbEntity
  8
0
  6
Continuous
 62
    18
420
        0
370
    25
  0
POLYLINE
  5
A7
330
1F
100
AcDbEntity
  8
0
  6
Continuous
 62
    18
420
        0
370
    25
100
AcDb2dPolyline
 66
     1
 10
0.0
 20
0.0
 30
0.0
 70
     1
  0
VERTEX
  5
A8
330
A7
100
AcDbEntity
  8
0
  6
Continuous
 62
    18
420
        0
370
    25
100
AcDbVertex
100
AcDb2dVertex
 10
47.46716666666666
 20
15.21231772729601
 30
0.0
  0
VERTEX
  5
A9
330
A7
100
AcDbEntity
  8
0
  6
Continuous
 62
    18
420
        0
370
    25
100
AcDbVertex
100
AcDb2dVertex
 10
48.06716666666664
 20
15.21231772729601
 30
0.0
  0
VERTEX
  5
AA
330
A7
100
AcDbEntity
  8
0
  6
Continuous
 62
    18
420
        0
370
    25
100
AcDbVertex
100
AcDb2dVertex
 10
48.06716666666664
 20
15.812317727296
 30
0.0
  0
VERTEX
  5
AB
330
A7
100
AcDbEntity
  8
0
  6
Continuous
 62
    18
420
        0
370
    25
100
AcDbVertex
100
AcDb2dVertex
 10
47.46716666666666
 20
15.812317727296
 30
0.0
  0
SEQEND
  5
AC
330
A7
100
AcDbEntity
  8
0
  6
Continuous
 62
    18
420
        0
370
    25
  0
POLYLINE
  5
AD
330
1F
100
AcDbEntity
  8
0
  6
Continuous
 62
    18
420
        0
370
    25
100
AcDb2dPolyline
 66
     1
 10
0.0
 20
0.0
 30
0.0
 70
     1
  0
VERTEX
  5
AE
330
AD
100
AcDbEntity
  8
0
  6
Continuous
 62
    18
420
        0
370
    25
100
AcDbVertex
100
AcDb2dVertex
 10
47.46716666666666
 20
16.00311566942811
 30
0.0
  0
VERTEX
  5
AF
330
AD
100
AcDbEntity
  8
0
  6
Continuous
 62
    18
420
        0
370
    25
100
AcDbVertex
100
AcDb2dVertex
 10
48.06716666666664
 20
16.00311566942811
 30
0.0
  0
VERTEX
  5
B0
330
AD
100
AcDbEntity
  8
0
  6
Continuous
 62
    18
420
        0
370
    25
100
AcDbVertex
100
AcDb2dVertex
 10
48.06716666666664
 20
16.60311566942811
 30
0.0
  0
VERTEX
  5
B1
330
AD
100
AcDbEntity
  8
0
  6
Continuous
 62
    18
420
        0
370
    25
100
AcDbVertex
100
AcDb2dVertex
 10
47.46716666666666
 20
16.60311566942811
 30
0.0
  0
SEQEND
  5
B2
330
AD
100
AcDbEntity
  8
0
  6
Continuous
 62
    18
420
        0
370
    25
  0
POLYLINE
  5
B3
330
1F
100
AcDbEntity
  8
0
  6
Continuous
 62
    18
420
        0
370
    25
100
AcDb2dPolyline
 66
     1
 10
0.0
 20
0.0
 30
0.0
 70
     1
  0
VERTEX
  5
B4
330
B3
100
AcDbEntity
  8
0
  6
Continuous
 62
    18
420
        0
370
    25
100
AcDbVertex
100
AcDb2dVertex
 10
47.46716666666666
 20
16.79391361156022
 30
0.0
  0
VERTEX
  5
B5
330
B3
100
AcDbEntity
  8
0
  6
Continuous
 62
    18
420
        0
370
    25
100
AcDbVertex
100
AcDb2dVertex
 10
48.06716666666664
 20
16.79391361156022
 30
0.0
  0
VERTEX
  5
B6
330
B3
100
AcDbEntity
  8
0
  6
Continuous
 62
    18
420
        0
370
    25
100
AcDbVertex
100
AcDb2dVertex
 10
48.06716666666664
 20
17.39391361156023
 30
0.0
  0
VERTEX
  5
B7
330
B3
100
AcDbEntity
  8
0
  6
Continuous
 62
    18
420
        0
370
    25
100
AcDbVertex
100
AcDb2dVertex
 10
47.46716666666666
 20
17.39391361156023
 30
0.0
  0
SEQEND
  5
B8
330
B3
100
AcDbEntity
  8
0
  6
Continuous
 62
    18
420
        0
370
    25
  0
POLYLINE
  5
B9
330
1F
100
AcDbEntity
  8
0
  6
Continuous
 62
    18
420
        0
370
    25
100
AcDb2dPolyline
 66
     1
 10
0.0
 20
0.0
 30
0.0
 70
     1
  0
VERTEX
  5
BA
330
B9
100
AcDbEntity
  8
0
  6
Continuous
 62
    18
420
        0
370
    25
100
AcDbVertex
100
AcDb2dVertex
 10
47.46716666666666
 20
17.58471155369235
 30
0.0
  0
VERTEX
  5
BB
330
B9
100
AcDbEntity
  8
0
  6
Continuous
 62
    18
420
        0
370
    25
100
AcDbVertex
100
AcDb2dVertex
 10
48.06716666666668
 20
17.58471155369235
 30
0.0
  0
VERTEX
  5
BC
330
B9
100
AcDbEntity
  8
0
  6
Continuous
 62
    18
420
        0
370
    25
100
AcDbVertex
100
AcDb2dVertex
 10
48.06716666666668
 20
18.18471155369236
 30
0.0
  0
VERTEX
  5
BD
330
B9
100
AcDbEntity
  8
0
  6
Continuous
 62
    18
420
        0
370
    25
100
AcDbVertex
100
AcDb2dVertex
 10
47.46716666666666
 20
18.18471155369236
 30
0.0
  0
SEQEND
  5
BE
330
B9
100
AcDbEntity
  8
0
  6
Continuous
 62
    18
420
        0
370
    25
  0
POLYLINE
  5
BF
330
1F
100
AcDbEntity
  8
0
  6
Continuous
 62
    18
420
        0
370
    25
100
AcDb2dPolyline
 66
     1
 10
0.0
 20
0.0
 30
0.0
  0
VERTEX
  5
C0
330
BF
100
AcDbEntity
  8
0
  6
Continuous
 62
    18
420
        0
370
    25
100
AcDbVertex
100
AcDb2dVertex
 10
43.07577305766686
 20
14.29764934137109
 30
0.0
  0
VERTEX
  5
C1
330
BF
100
AcDbEntity
  8
0
  6
Continuous
 62
    18
420
        0
370
    25
100
AcDbVertex
100
AcDb2dVertex
 10
43.07577305766686
 20
14.19764934137109
 30
0.0
  0
SEQEND
  5
C2
330
BF
100
AcDbEntity
  8
0
  6
Continuous
 62
    18
420
        0
370
    25
  0
POLYLINE
  5
C3
330
1F
100
AcDbEntity
  8
0
  6
Continuous
 62
    18
420
        0
370
    25
100
AcDb2dPolyline
 66
     1
 10
0.0
 20
0.0
 30
0.0
 70
     1
  0
VERTEX
  5
C4
330
C3
100
AcDbEntity
  8
0
  6
Continuous
 62
    18
420
        0
370
    25
100
AcDbVertex
100
AcDb2dVertex
 10
26.90084478825628
 20
17.91882556263882
 30
0.0
  0
VERTEX
  5
C5
330
C3
100
AcDbEntity
  8
0
  6
Continuous
 62
    18
420
        0
370
    25
100
AcDbVertex
100
AcDb2dVertex
 10
26.90084478825628
 20
17.31882556263883
 30
0.0
  0
VERTEX
  5
C6
330
C3
100
AcDbEntity
  8
0
  6
Continuous
 62
    18
420
        0
370
    25
100
AcDbVertex
100
AcDb2dVertex
 10
27.50084478825628
 20
17.31882556263883
 30
0.0
  0
VERTEX
  5
C7
330
C3
100
AcDbEntity
  8
0
  6
Continuous
 62
    18
420
        0
370
    25
100
AcDbVertex
100
AcDb2dVertex
 10
27.50084478825628
 20
17.91882556263882
 30
0.0
  0
SEQEND
  5
C8
330
C3
100
AcDbEntity
  8
0
  6
Continuous
 62
    18
420
        0
370
    25
  0
POLYLINE
  5
C9
330
1F
100
AcDbEntity
  8
0
  6
Continuous
 62
    18
420
        0
370
    25
100
AcDb2dPolyline
 66
     1
 10
0.0
 20
0.0
 30
0.0
 70
     1
  0
VERTEX
  5
CA
330
C9
100
AcDbEntity
  8
0
  6
Continuous
 62
    18
420
        0
370
    25
100
AcDbVertex
100
AcDb2dVertex
 10
26.12920103143548
 20
17.91882556263883
 30
0.0
  0
VERTEX
  5
CB
330
C9
100
AcDbEntity
  8
0
  6
Continuous
 62
    18
420
        0
370
    25
100
AcDbVertex
100
AcDb2dVertex
 10
26.12920103143548
 20
17.31882556263883
 30
0.0
  0
VERTEX
  5
CC
330
C9
100
AcDbEntity
  8
0
  6
Continuous
 62
    18
420
        0
370
    25
100
AcDbVertex
100
AcDb2dVertex
 10
26.72920103143548
 20
17.31882556263883
 30
0.0
  0
VERTEX
  5
CD
330
C9
100
AcDbEntity
  8
0
  6
Continuous
 62
    18
420
        0
370
    25
100
AcDbVertex
100
AcDb2dVertex
 10
26.72920103143548
 20
17.91882556263883
 30
0.0
  0
SEQEND
  5
CE
330
C9
100
AcDbEntity
  8
0
  6
Continuous
 62
    18
420
        0
370
    25
  0
POLYLINE
  5
CF
330
1F
100
AcDbEntity
  8
0
  6
Continuous
 62
    18
420
        0
370
    25
100
AcDb2dPolyline
 66
     1
 10
0.0
 20
0.0
 30
0.0
 70
     1
  0
VERTEX
  5
D0
330
CF
100
AcDbEntity
  8
0
  6
Continuous
 62
    18
420
        0
370
    25
100
AcDbVertex
100
AcDb2dVertex
 10
25.35755727461467
 20
17.91882556263882
 30
0.0
  0
VERTEX
  5
D1
330
CF
100
AcDbEntity
  8
0
  6
Continuous
 62
    18
420
        0
370
    25
100
AcDbVertex
100
AcDb2dVertex
 10
25.35755727461467
 20
17.31882556263883
 30
0.0
  0
VERTEX
  5
D2
330
CF
100
AcDbEntity
  8
0
  6
Continuous
 62
    18
420
        0
370
    25
100
AcDbVertex
100
AcDb2dVertex
 10
25.95755727461467
 20
17.31882556263883
 30
0.0
  0
VERTEX
  5
D3
330
CF
100
AcDbEntity
  8
0
  6
Continuous
 62
    18
420
        0
370
    25
100
AcDbVertex
100
AcDb2dVertex
 10
25.95755727461467
 20
17.91882556263882
 30
0.0
  0
SEQEND
  5
D4
330
CF
100
AcDbEntity
  8
0
  6
Continuous
 62
    18
420
        0
370
    25
  0
POLYLINE
  5
D5
330
1F
100
AcDbEntity
  8
0
  6
Continuous
 62
    18
420
        0
370
    25
100
AcDb2dPolyline
 66
     1
 10
0.0
 20
0.0
 30
0.0
 70
     1
  0
VERTEX
  5
D6
330
D5
100
AcDbEntity
  8
0
  6
Continuous
 62
    18
420
        0
370
    25
100
AcDbVertex
100
AcDb2dVertex
 10
24.58591351779387
 20
17.91882556263887
 30
0.0
  0
VERTEX
  5
D7
330
D5
100
AcDbEntity
  8
0
  6
Continuous
 62
    18
420
        0
370
    25
100
AcDbVertex
100
AcDb2dVertex
 10
24.58591351779387
 20
17.31882556263884
 30
0.0
  0
VERTEX
  5
D8
330
D5
100
AcDbEntity
  8
0
  6
Continuous
 62
    18
420
        0
370
    25
100
AcDbVertex
100
AcDb2dVertex
 10
25.18591351779388
 20
17.31882556263884
 30
0.0
  0
VERTEX
  5
D9
330
D5
100
AcDbEntity
  8
0
  6
Continuous
 62
    18
420
        0
370
    25
100
AcDbVertex
100
AcDb2dVertex
 10
25.18591351779388
 20
17.91882556263887
 30
0.0
  0
SEQEND
  5
DA
330
D5
100
AcDbEntity
  8
0
  6
Continuous
 62
    18
420
        0
370
    25
  0
POLYLINE
  5
DB
330
1F
100
AcDbEntity
  8
0
  6
Continuous
 62
    18
420
        0
370
    25
100
AcDb2dPolyline
 66
     1
 10
0.0
 20
0.0
 30
0.0
 70
     1
  0
VERTEX
  5
DC
330
DB
100
AcDbEntity
  8
0
  6
Continuous
 62
    18
420
        0
370
    25
100
AcDbVertex
100
AcDb2dVertex
 10
30.5874198155395
 20
17.31882556263884
 30
0.0
  0
VERTEX
  5
DD
330
DB
100
AcDbEntity
  8
0
  6
Continuous
 62
    18
420
        0
370
    25
100
AcDbVertex
100
AcDb2dVertex
 10
30.5874198155395
 20
17.91882556263882
 30
0.0
  0
VERTEX
  5
DE
330
DB
100
AcDbEntity
  8
0
  6
Continuous
 62
    18
420
        0
370
    25
100
AcDbVertex
100
AcDb2dVertex
 10
29.9874198155395
 20
17.91882556263882
 30
0.0
  0
VERTEX
  5
DF
330
DB
100
AcDbEntity
  8
0
  6
Continuous
 62
    18
420
        0
370
    25
100
AcDbVertex
100
AcDb2dVertex
 10
29.9874198155395
 20
17.31882556263884
 30
0.0
  0
SEQEND
  5
E0
330
DB
100
AcDbEntity
  8
0
  6
Continuous
 62
    18
420
        0
370
    25
  0
POLYLINE
  5
E1
330
1F
100
AcDbEntity
  8
0
  6
Continuous
 62
    18
420
        0
370
    25
100
AcDb2dPolyline
 66
     1
 10
0.0
 20
0.0
 30
0.0
 70
     1
  0
VERTEX
  5
E2
330
E1
100
AcDbEntity
  8
0
  6
Continuous
 62
    18
420
        0
370
    25
100
AcDbVertex
100
AcDb2dVertex
 10
29.8157760587187
 20
17.31882556263883
 30
0.0
  0
VERTEX
  5
E3
330
E1
100
AcDbEntity
  8
0
  6
Continuous
 62
    18
420
        0
370
    25
100
AcDbVertex
100
AcDb2dVertex
 10
29.8157760587187
 20
17.91882556263882
 30
0.0
  0
VERTEX
  5
E4
330
E1
100
AcDbEntity
  8
0
  6
Continuous
 62
    18
420
        0
370
    25
100
AcDbVertex
100
AcDb2dVertex
 10
29.2157760587187
 20
17.91882556263882
 30
0.0
  0
VERTEX
  5
E5
330
E1
100
AcDbEntity
  8
0
  6
Continuous
 62
    18
420
        0
370
    25
100
AcDbVertex
100
AcDb2dVertex
 10
29.2157760587187
 20
17.31882556263883
 30
0.0
  0
SEQEND
  5
E6
330
E1
100
AcDbEntity
  8
0
  6
Continuous
 62
    18
420
        0
370
    25
  0
POLYLINE
  5
E7
330
1F
100
AcDbEntity
  8
0
  6
Continuous
 62
    18
420
        0
370
    25
100
AcDb2dPolyline
 66
     1
 10
0.0
 20
0.0
 30
0.0
 70
     1
  0
VERTEX
  5
E8
330
E7
100
AcDbEntity
  8
0
  6
Continuous
 62
    18
420
        0
370
    25
100
AcDbVertex
100
AcDb2dVertex
 10
29.0441323018979
 20
17.31882556263884
 30
0.0
  0
VERTEX
  5
E9
330
E7
100
AcDbEntity
  8
0
  6
Continuous
 62
    18
420
        0
370
    25
100
AcDbVertex
100
AcDb2dVertex
 10
29.0441323018979
 20
17.91882556263882
 30
0.0
  0
VERTEX
  5
EA
330
E7
100
AcDbEntity
  8
0
  6
Continuous
 62
    18
420
        0
370
    25
100
AcDbVertex
100
AcDb2dVertex
 10
28.44413230189789
 20
17.91882556263882
 30
0.0
  0
VERTEX
  5
EB
330
E7
100
AcDbEntity
  8
0
  6
Continuous
 62
    18
420
        0
370
    25
100
AcDbVertex
100
AcDb2dVertex
 10
28.44413230189789
 20
17.31882556263884
 30
0.0
  0
SEQEND
  5
EC
330
E7
100
AcDbEntity
  8
0
  6
Continuous
 62
    18
420
        0
370
    25
  0
POLYLINE
  5
ED
330
1F
100
AcDbEntity
  8
0
  6
Continuous
 62
    18
420
        0
370
    25
100
AcDb2dPolyline
 66
     1
 10
0.0
 20
0.0
 30
0.0
 70
     1
  0
VERTEX
  5
EE
330
ED
100
AcDbEntity
  8
0
  6
Continuous
 62
    18
420
        0
370
    25
100
AcDbVertex
100
AcDb2dVertex
 10
28.27248854507708
 20
17.31882556263884
 30
0.0
  0
VERTEX
  5
EF
330
ED
100
AcDbEntity
  8
0
  6
Continuous
 62
    18
420
        0
370
    25
100
AcDbVertex
100
AcDb2dVertex
 10
28.27248854507708
 20
17.91882556263886
 30
0.0
  0
VERTEX
  5
F0
330
ED
100
AcDbEntity
  8
0
  6
Continuous
 62
    18
420
        0
370
    25
100
AcDbVertex
100
AcDb2dVertex
 10
27.67248854507708
 20
17.91882556263886
 30
0.0
  0
VERTEX
  5
F1
330
ED
100
AcDbEntity
  8
0
  6
Continuous
 62
    18
420
        0
370
    25
100
AcDbVertex
100
AcDb2dVertex
 10
27.67248854507708
 20
17.31882556263884
 30
0.0
  0
SEQEND
  5
F2
330
ED
100
AcDbEntity
  8
0
  6
Continuous
 62
    18
420
        0
370
    25
  0
POLYLINE
  5
F3
330
1F
100
AcDbEntity
  8
0
  6
Continuous
 62
    18
420
        0
370
    25
100
AcDb2dPolyline
 66
     1
 10
0.0
 20
0.0
 30
0.0
 70
     1
  0
VERTEX
  5
F4
330
F3
100
AcDbEntity
  8
0
  6
Continuous
 62
    18
420
        0
370
    25
100
AcDbVertex
100
AcDb2dVertex
 10
24.58591351779388
 20
16.07276610428448
 30
0.0
  0
VERTEX
  5
F5
330
F3
100
AcDbEntity
  8
0
  6
Continuous
 62
    18
420
        0
370
    25
100
AcDbVertex
100
AcDb2dVertex
 10
24.58591351779388
 20
15.47276610428449
 30
0.0
  0
VERTEX
  5
F6
330
F3
100
AcDbEntity
  8
0
  6
Continuous
 62
    18
420
        0
370
    25
100
AcDbVertex
100
AcDb2dVertex
 10
25.18591351779387
 20
15.47276610428449
 30
0.0
  0
VERTEX
  5
F7
330
F3
100
AcDbEntity
  8
0
  6
Continuous
 62
    18
420
        0
370
    25
100
AcDbVertex
100
AcDb2dVertex
 10
25.18591351779387
 20
16.07276610428448
 30
0.0
  0
SEQEND
  5
F8
330
F3
100
AcDbEntity
  8
0
  6
Continuous
 62
    18
420
        0
370
    25
  0
POLYLINE
  5
F9
330
1F
100
AcDbEntity
  8
0
  6
Continuous
 62
    18
420
        0
370
    25
100
AcDb2dPolyline
 66
     1
 10
0.0
 20
0.0
 30
0.0
 70
     1
  0
VERTEX
  5
FA
330
F9
100
AcDbEntity
  8
0
  6
Continuous
 62
    18
420
        0
370
    25
100
AcDbVertex
100
AcDb2dVertex
 10
25.35755727461467
 20
16.07276610428448
 30
0.0
  0
VERTEX
  5
FB
330
F9
100
AcDbEntity
  8
0
  6
Continuous
 62
    18
420
        0
370
    25
100
AcDbVertex
100
AcDb2dVertex
 10
25.35755727461467
 20
15.4727661042845
 30
0.0
  0
VERTEX
  5
FC
330
F9
100
AcDbEntity
  8
0
  6
Continuous
 62
    18
420
        0
370
    25
100
AcDbVertex
100
AcDb2dVertex
 10
25.95755727461467
 20
15.4727661042845
 30
0.0
  0
VERTEX
  5
FD
330
F9
100
AcDbEntity
  8
0
  6
Continuous
 62
    18
420
        0
370
    25
100
AcDbVertex
100
AcDb2dVertex
 10
25.95755727461467
 20
16.07276610428448
 30
0.0
  0
SEQEND
  5
FE
330
F9
100
AcDbEntity
  8
0
  6
Continuous
 62
    18
420
        0
370
    25
  0
POLYLINE
  5
FF
330
1F
100
AcDbEntity
  8
0
  6
Continuous
 62
    18
420
        0
370
    25
100
AcDb2dPolyline
 66
     1
 10
0.0
 20
0.0
 30
0.0
 70
     1
  0
VERTEX
  5
100
330
FF
100
AcDbEntity
  8
0
  6
Continuous
 62
    18
420
        0
370
    25
100
AcDbVertex
100
AcDb2dVertex
 10
26.12920103143547
 20
16.07276610428448
 30
0.0
  0
VERTEX
  5
101
330
FF
100
AcDbEntity
  8
0
  6
Continuous
 62
    18
420
        0
370
    25
100
AcDbVertex
100
AcDb2dVertex
 10
26.12920103143547
 20
15.47276610428449
 30
0.0
  0
VERTEX
  5
102
330
FF
100
AcDbEntity
  8
0
  6
Continuous
 62
    18
420
        0
370
    25
100
AcDbVertex
100
AcDb2dVertex
 10
26.72920103143549
 20
15.47276610428449
 30
0.0
  0
VERTEX
  5
103
330
FF
100
AcDbEntity
  8
0
  6
Continuous
 62
    18
420
        0
370
    25
100
AcDbVertex
100
AcDb2dVertex
 10
26.72920103143548
 20
16.07276610428448
 30
0.0
  0
SEQEND
  5
104
330
FF
100
AcDbEntity
  8
0
  6
Continuous
 62
    18
420
        0
370
    25
  0
POLYLINE
  5
105
330
1F
100
AcDbEntity
  8
0
  6
Continuous
 62
    18
420
        0
370
    25
100
AcDb2dPolyline
 66
     1
 10
0.0
 20
0.0
 30
0.0
 70
     1
  0
VERTEX
  5
106
330
105
100
AcDbEntity
  8
0
  6
Continuous
 62
    18
420
        0
370
    25
100
AcDbVertex
100
AcDb2dVertex
 10
26.90084478825629
 20
16.07276610428448
 30
0.0
  0
VERTEX
  5
107
330
105
100
AcDbEntity
  8
0
  6
Continuous
 62
    18
420
        0
370
    25
100
AcDbVertex
100
AcDb2dVertex
 10
26.90084478825629
 20
15.47276610428445
 30
0.0
  0
VERTEX
  5
108
330
105
100
AcDbEntity
  8
0
  6
Continuous
 62
    18
420
        0
370
    25
100
AcDbVertex
100
AcDb2dVertex
 10
27.50084478825629
 20
15.47276610428445
 30
0.0
  0
VERTEX
  5
109
330
105
100
AcDbEntity
  8
0
  6
Continuous
 62
    18
420
        0
370
    25
100
AcDbVertex
100
AcDb2dVertex
 10
27.50084478825628
 20
16.07276610428448
 30
0.0
  0
SEQEND
  5
10A
330
105
100
AcDbEntity
  8
0
  6
Continuous
 62
    18
420
        0
370
    25
  0
POLYLINE
  5
10B
330
1F
100
AcDbEntity
  8
0
  6
Continuous
 62
    18
420
        0
370
    25
100
AcDb2dPolyline
 66
     1
 10
0.0
 20
0.0
 30
0.0
 70
     1
  0
VERTEX
  5
10C
330
10B
100
AcDbEntity
  8
0
  6
Continuous
 62
    18
420
        0
370
    25
100
AcDbVertex
100
AcDb2dVertex
 10
28.27248854507708
 20
15.4727661042845
 30
0.0
  0
VERTEX
  5
10D
330
10B
100
AcDbEntity
  8
0
  6
Continuous
 62
    18
420
        0
370
    25
100
AcDbVertex
100
AcDb2dVertex
 10
28.27248854507708
 20
16.0727661042845
 30
0.0
  0
VERTEX
  5
10E
330
10B
100
AcDbEntity
  8
0
  6
Continuous
 62
    18
420
        0
370
    25
100
AcDbVertex
100
AcDb2dVertex
 10
27.67248854507708
 20
16.0727661042845
 30
0.0
  0
VERTEX
  5
10F
330
10B
100
AcDbEntity
  8
0
  6
Continuous
 62
    18
420
        0
370
    25
100
AcDbVertex
100
AcDb2dVertex
 10
27.67248854507708
 20
15.4727661042845
 30
0.0
  0
SEQEND
  5
110
330
10B
100
AcDbEntity
  8
0
  6
Continuous
 62
    18
420
        0
370
    25
  0
POLYLINE
  5
111
330
1F
100
AcDbEntity
  8
0
  6
Continuous
 62
    18
420
        0
370
    25
100
AcDb2dPolyline
 66
     1
 10
0.0
 20
0.0
 30
0.0
 70
     1
  0
VERTEX
  5
112
330
111
100
AcDbEntity
  8
0
  6
Continuous
 62
    18
420
        0
370
    25
100
AcDbVertex
100
AcDb2dVertex
 10
29.04413230189788
 20
15.4727661042845
 30
0.0
  0
VERTEX
  5
113
330
111
100
AcDbEntity
  8
0
  6
Continuous
 62
    18
420
        0
370
    25
100
AcDbVertex
100
AcDb2dVertex
 10
29.04413230189788
 20
16.07276610428449
 30
0.0
  0
VERTEX
  5
114
330
111
100
AcDbEntity
  8
0
  6
Continuous
 62
    18
420
        0
370
    25
100
AcDbVertex
100
AcDb2dVertex
 10
28.44413230189789
 20
16.07276610428449
 30
0.0
  0
VERTEX
  5
115
330
111
100
AcDbEntity
  8
0
  6
Continuous
 62
    18
420
        0
370
    25
100
AcDbVertex
100
AcDb2dVertex
 10
28.44413230189789
 20
15.4727661042845
 30
0.0
  0
SEQEND
  5
116
330
111
100
AcDbEntity
  8
0
  6
Continuous
 62
    18
420
        0
370
    25
  0
POLYLINE
  5
117
330
1F
100
AcDbEntity
  8
0
  6
Continuous
 62
    18
420
        0
370
    25
100
AcDb2dPolyline
 66
     1
 10
0.0
 20
0.0
 30
0.0
 70
     1
  0
VERTEX
  5
118
330
117
100
AcDbEntity
  8
0
  6
Continuous
 62
    18
420
        0
370
    25
100
AcDbVertex
100
AcDb2dVertex
 10
29.81577605871868
 20
15.47276610428447
 30
0.0
  0
VERTEX
  5
119
330
117
100
AcDbEntity
  8
0
  6
Continuous
 62
    18
420
        0
370
    25
100
AcDbVertex
100
AcDb2dVertex
 10
29.81577605871868
 20
16.07276610428448
 30
0.0
  0
VERTEX
  5
11A
330
117
100
AcDbEntity
  8
0
  6
Continuous
 62
    18
420
        0
370
    25
100
AcDbVertex
100
AcDb2dVertex
 10
29.21577605871868
 20
16.07276610428448
 30
0.0
  0
VERTEX
  5
11B
330
117
100
AcDbEntity
  8
0
  6
Continuous
 62
    18
420
        0
370
    25
100
AcDbVertex
100
AcDb2dVertex
 10
29.21577605871868
 20
15.47276610428447
 30
0.0
  0
SEQEND
  5
11C
330
117
100
AcDbEntity
  8
0
  6
Continuous
 62
    18
420
        0
370
    25
  0
POLYLINE
  5
11D
330
1F
100
AcDbEntity
  8
0
  6
Continuous
 62
    18
420
        0
370
    25
100
AcDb2dPolyline
 66
     1
 10
0.0
 20
0.0
 30
0.0
 70
     1
  0
VERTEX
  5
11E
330
11D
100
AcDbEntity
  8
0
  6
Continuous
 62
    18
420
        0
370
    25
100
AcDbVertex
100
AcDb2dVertex
 10
30.5874198155395
 20
15.47276610428447
 30
0.0
  0
VERTEX
  5
11F
330
11D
100
AcDbEntity
  8
0
  6
Continuous
 62
    18
420
        0
370
    25
100
AcDbVertex
100
AcDb2dVertex
 10
30.5874198155395
 20
16.07276610428449
 30
0.0
  0
VERTEX
  5
120
330
11D
100
AcDbEntity
  8
0
  6
Continuous
 62
    18
420
        0
370
    25
100
AcDbVertex
100
AcDb2dVertex
 10
29.98741981553949
 20
16.07276610428449
 30
0.0
  0
VERTEX
  5
121
330
11D
100
AcDbEntity
  8
0
  6
Continuous
 62
    18
420
        0
370
    25
100
AcDbVertex
100
AcDb2dVertex
 10
29.98741981553949
 20
15.47276610428447
 30
0.0
  0
SEQEND
  5
122
330
11D
100
AcDbEntity
  8
0
  6
Continuous
 62
    18
420
        0
370
    25
  0
POLYLINE
  5
123
330
1F
100
AcDbEntity
  8
0
  6
Continuous
 62
    18
420
        0
370
    25
100
AcDb2dPolyline
 66
     1
 10
0.0
 20
0.0
 30
0.0
 70
     1
  0
VERTEX
  5
124
330
123
100
AcDbEntity
  8
0
  6
Continuous
 62
    18
420
        0
370
    25
100
AcDbVertex
100
AcDb2dVertex
 10
35.6073506023208
 20
16.84690680822822
 30
0.0
  0
VERTEX
  5
125
330
123
100
AcDbEntity
  8
0
  6
Continuous
 62
    18
420
        0
370
    25
100
AcDbVertex
100
AcDb2dVertex
 10
36.20735060232078
 20
16.84690680822822
 30
0.0
  0
VERTEX
  5
126
330
123
100
AcDbEntity
  8
0
  6
Continuous
 62
    18
420
        0
370
    25
100
AcDbVertex
100
AcDb2dVertex
 10
36.20735060232078
 20
17.44690680822823
 30
0.0
  0
VERTEX
  5
127
330
123
100
AcDbEntity
  8
0
  6
Continuous
 62
    18
420
        0
370
    25
100
AcDbVertex
100
AcDb2dVertex
 10
35.6073506023208
 20
17.44690680822823
 30
0.0
  0
SEQEND
  5
128
330
123
100
AcDbEntity
  8
0
  6
Continuous
 62
    18
420
        0
370
    25
  0
POLYLINE
  5
129
330
1F
100
AcDbEntity
  8
0
  6
Continuous
 62
    18
420
        0
370
    25
100
AcDb2dPolyline
 66
     1
 10
0.0
 20
0.0
 30
0.0
 70
     1
  0
VERTEX
  5
12A
330
129
100
AcDbEntity
  8
0
  6
Continuous
 62
    18
420
        0
370
    25
100
AcDbVertex
100
AcDb2dVertex
 10
35.5954951833078
 20
15.99331663929387
 30
0.0
  0
VERTEX
  5
12B
330
129
100
AcDbEntity
  8
0
  6
Continuous
 62
    18
420
        0
370
    25
100
AcDbVertex
100
AcDb2dVertex
 10
36.19549518330781
 20
15.99331663929387
 30
0.0
  0
VERTEX
  5
12C
330
129
100
AcDbEntity
  8
0
  6
Continuous
 62
    18
420
        0
370
    25
100
AcDbVertex
100
AcDb2dVertex
 10
36.19549518330781
 20
16.59331663929388
 30
0.0
  0
VERTEX
  5
12D
330
129
100
AcDbEntity
  8
0
  6
Continuous
 62
    18
420
        0
370
    25
100
AcDbVertex
100
AcDb2dVertex
 10
35.5954951833078
 20
16.59331663929388
 30
0.0
  0
SEQEND
  5
12E
330
129
100
AcDbEntity
  8
0
  6
Continuous
 62
    18
420
        0
370
    25
  0
POLYLINE
  5
12F
330
1F
100
AcDbEntity
  8
0
  6
Continuous
 62
    18
420
        0
370
    25
100
AcDb2dPolyline
 66
     1
 10
0.0
 20
0.0
 30
0.0
 70
     1
  0
VERTEX
  5
130
330
12F
100
AcDbEntity
  8
0
  6
Continuous
 62
    18
420
        0
370
    25
100
AcDbVertex
100
AcDb2dVertex
 10
34.51577246879753
 20
14.98317884068444
 30
0.0
  0
VERTEX
  5
131
330
12F
100
AcDbEntity
  8
0
  6
Continuous
 62
    18
420
        0
370
    25
100
AcDbVertex
100
AcDb2dVertex
 10
35.11577246879754
 20
14.98317884068444
 30
0.0
  0
VERTEX
  5
132
330
12F
100
AcDbEntity
  8
0
  6
Continuous
 62
    18
420
        0
370
    25
100
AcDbVertex
100
AcDb2dVertex
 10
35.11577246879754
 20
15.58317884068443
 30
0.0
  0
VERTEX
  5
133
330
12F
100
AcDbEntity
  8
0
  6
Continuous
 62
    18
420
        0
370
    25
100
AcDbVertex
100
AcDb2dVertex
 10
34.51577246879753
 20
15.58317884068443
 30
0.0
  0
SEQEND
  5
134
330
12F
100
AcDbEntity
  8
0
  6
Continuous
 62
    18
420
        0
370
    25
  0
POLYLINE
  5
135
330
1F
100
AcDbEntity
  8
0
  6
Continuous
 62
    18
420
        0
370
    25
100
AcDb2dPolyline
 66
     1
 10
0.0
 20
0.0
 30
0.0
 70
     1
  0
VERTEX
  5
136
330
135
100
AcDbEntity
  8
0
  6
Continuous
 62
    18
420
        0
370
    25
100
AcDbVertex
100
AcDb2dVertex
 10
33.75155818234195
 20
14.97503481625873
 30
0.0
  0
VERTEX
  5
137
330
135
100
AcDbEntity
  8
0
  6
Continuous
 62
    18
420
        0
370
    25
100
AcDbVertex
100
AcDb2dVertex
 10
34.35155818234195
 20
14.97503481625873
 30
0.0
  0
VERTEX
  5
138
330
135
100
AcDbEntity
  8
0
  6
Continuous
 62
    18
420
        0
370
    25
100
AcDbVertex
100
AcDb2dVertex
 10
34.35155818234195
 20
15.57503481625874
 30
0.0
  0
VERTEX
  5
139
330
135
100
AcDbEntity
  8
0
  6
Continuous
 62
    18
420
        0
370
    25
100
AcDbVertex
100
AcDb2dVertex
 10
33.75155818234195
 20
15.57503481625874
 30
0.0
  0
SEQEND
  5
13A
330
135
100
AcDbEntity
  8
0
  6
Continuous
 62
    18
420
        0
370
    25
  0
POLYLINE
  5
13B
330
1F
100
AcDbEntity
  8
0
  6
Continuous
 62
    18
420
        0
370
    25
100
AcDb2dPolyline
 66
     1
 10
0.0
 20
0.0
 30
0.0
 70
     1
  0
VERTEX
  5
13C
330
13B
100
AcDbEntity
  8
0
  6
Continuous
 62
    18
420
        0
370
    25
100
AcDbVertex
100
AcDb2dVertex
 10
32.65611847300433
 20
16.07314967199887
 30
0.0
  0
VERTEX
  5
13D
330
13B
100
AcDbEntity
  8
0
  6
Continuous
 62
    18
420
        0
370
    25
100
AcDbVertex
100
AcDb2dVertex
 10
33.25611847300434
 20
16.07314967199887
 30
0.0
  0
VERTEX
  5
13E
330
13B
100
AcDbEntity
  8
0
  6
Continuous
 62
    18
420
        0
370
    25
100
AcDbVertex
100
AcDb2dVertex
 10
33.25611847300434
 20
16.67314967199888
 30
0.0
  0
VERTEX
  5
13F
330
13B
100
AcDbEntity
  8
0
  6
Continuous
 62
    18
420
        0
370
    25
100
AcDbVertex
100
AcDb2dVertex
 10
32.65611847300433
 20
16.67314967199888
 30
0.0
  0
SEQEND
  5
140
330
13B
100
AcDbEntity
  8
0
  6
Continuous
 62
    18
420
        0
370
    25
  0
POLYLINE
  5
141
330
1F
100
AcDbEntity
  8
0
  6
Continuous
 62
    18
420
        0
370
    25
100
AcDb2dPolyline
 66
     1
 10
0.0
 20
0.0
 30
0.0
 70
     1
  0
VERTEX
  5
142
330
141
100
AcDbEntity
  8
0
  6
Continuous
 62
    18
420
        0
370
    25
100
AcDbVertex
100
AcDb2dVertex
 10
32.65216666666669
 20
16.8990771965696
 30
0.0
  0
VERTEX
  5
143
330
141
100
AcDbEntity
  8
0
  6
Continuous
 62
    18
420
        0
370
    25
100
AcDbVertex
100
AcDb2dVertex
 10
33.25216666666667
 20
16.8990771965696
 30
0.0
  0
VERTEX
  5
144
330
141
100
AcDbEntity
  8
0
  6
Continuous
 62
    18
420
        0
370
    25
100
AcDbVertex
100
AcDb2dVertex
 10
33.25216666666667
 20
17.49907719656961
 30
0.0
  0
VERTEX
  5
145
330
141
100
AcDbEntity
  8
0
  6
Continuous
 62
    18
420
        0
370
    25
100
AcDbVertex
100
AcDb2dVertex
 10
32.65216666666669
 20
17.49907719656961
 30
0.0
  0
SEQEND
  5
146
330
141
100
AcDbEntity
  8
0
  6
Continuous
 62
    18
420
        0
370
    25
  0
POLYLINE
  5
147
330
1F
100
AcDbEntity
  8
0
  6
Continuous
 62
    18
420
        0
370
    25
100
AcDb2dPolyline
 66
     1
 10
0.0
 20
0.0
 30
0.0
 70
     1
  0
VERTEX
  5
148
330
147
100
AcDbEntity
  8
0
  6
Continuous
 62
    18
420
        0
370
    25
100
AcDbVertex
100
AcDb2dVertex
 10
33.7896572263212
 20
17.90440295736223
 30
0.0
  0
VERTEX
  5
149
330
147
100
AcDbEntity
  8
0
  6
Continuous
 62
    18
420
        0
370
    25
100
AcDbVertex
100
AcDb2dVertex
 10
34.38965722632118
 20
17.90440295736223
 30
0.0
  0
VERTEX
  5
14A
330
147
100
AcDbEntity
  8
0
  6
Continuous
 62
    18
420
        0
370
    25
100
AcDbVertex
100
AcDb2dVertex
 10
34.38965722632118
 20
18.50440295736222
 30
0.0
  0
VERTEX
  5
14B
330
147
100
AcDbEntity
  8
0
  6
Continuous
 62
    18
420
        0
370
    25
100
AcDbVertex
100
AcDb2dVertex
 10
33.7896572263212
 20
18.50440295736222
 30
0.0
  0
SEQEND
  5
14C
330
147
100
AcDbEntity
  8
0
  6
Continuous
 62
    18
420
        0
370
    25
  0
POLYLINE
  5
14D
330
1F
100
AcDbEntity
  8
0
  6
Continuous
 62
    18
420
        0
370
    25
100
AcDb2dPolyline
 66
     1
 10
0.0
 20
0.0
 30
0.0
 70
     1
  0
VERTEX
  5
14E
330
14D
100
AcDbEntity
  8
0
  6
Continuous
 62
    18
420
        0
370
    25
100
AcDbVertex
100
AcDb2dVertex
 10
34.61003864603041
 20
17.90601896847254
 30
0.0
  0
VERTEX
  5
14F
330
14D
100
AcDbEntity
  8
0
  6
Continuous
 62
    18
420
        0
370
    25
100
AcDbVertex
100
AcDb2dVertex
 10
35.21003864603041
 20
17.90601896847254
 30
0.0
  0
VERTEX
  5
150
330
14D
100
AcDbEntity
  8
0
  6
Continuous
 62
    18
420
        0
370
    25
100
AcDbVertex
100
AcDb2dVertex
 10
35.21003864603041
 20
18.50601896847255
 30
0.0
  0
VERTEX
  5
151
330
14D
100
AcDbEntity
  8
0
  6
Continuous
 62
    18
420
        0
370
    25
100
AcDbVertex
100
AcDb2dVertex
 10
34.61003864603041
 20
18.50601896847255
 30
0.0
  0
SEQEND
  5
152
330
14D
100
AcDbEntity
  8
0
  6
Continuous
 62
    18
420
        0
370
    25
  0
POLYLINE
  5
153
330
1F
100
AcDbEntity
  8
0
  6
Continuous
 62
    18
420
        0
370
    70
100
AcDb2dPolyline
 66
     1
 10
0.0
 20
0.0
 30
0.0
 70
     1
  0
VERTEX
  5
154
330
153
100
AcDbEntity
  8
0
  6
Continuous
 62
    18
420
        0
370
    70
100
AcDbVertex
100
AcDb2dVertex
 10
19.59899643153252
 20
14.23729162381353
 30
0.0
  0
VERTEX
  5
155
330
153
100
AcDbEntity
  8
0
  6
Continuous
 62
    18
420
        0
370
    70
100
AcDbVertex
100
AcDb2dVertex
 10
19.59899643153252
 20
17.58404977499143
 30
0.0
  0
VERTEX
  5
156
330
153
100
AcDbEntity
  8
0
  6
Continuous
 62
    18
420
        0
370
    70
100
AcDbVertex
100
AcDb2dVertex
 10
15.2450055795214
 20
17.58404977499143
 30
0.0
  0
VERTEX
  5
157
330
153
100
AcDbEntity
  8
0
  6
Continuous
 62
    18
420
        0
370
    70
100
AcDbVertex
100
AcDb2dVertex
 10
15.2450055795214
 20
8.100577321621937
 30
0.0
  0
VERTEX
  5
158
330
153
100
AcDbEntity
  8
0
  6
Continuous
 62
    18
420
        0
370
    70
100
AcDbVertex
100
AcDb2dVertex
 10
19.59899643153252
 20
8.100577321621923
 30
0.0
  0
VERTEX
  5
159
330
153
100
AcDbEntity
  8
0
  6
Continuous
 62
    18
420
        0
370
    70
100
AcDbVertex
100
AcDb2dVertex
 10
19.59899643153252
 20
13.17029162381353
 30
0.0
  0
VERTEX
  5
15A
330
153
100
AcDbEntity
  8
0
  6
Continuous
 62
    18
420
        0
370
    70
100
AcDbVertex
100
AcDb2dVertex
 10
19.79899643153251
 20
13.17029162381353
 30
0.0
  0
VERTEX
  5
15B
330
153
100
AcDbEntity
  8
0
  6
Continuous
 62
    18
420
        0
370
    70
100
AcDbVertex
100
AcDb2dVertex
 10
19.79899643153251
 20
7.900577321621917
 30
0.0
  0
VERTEX
  5
15C
330
153
100
AcDbEntity
  8
0
  6
Continuous
 62
    18
420
        0
370
    70
100
AcDbVertex
100
AcDb2dVertex
 10
15.0450055795214
 20
7.900577321621917
 30
0.0
  0
VERTEX
  5
15D
330
153
100
AcDbEntity
  8
0
  6
Continuous
 62
    18
420
        0
370
    70
100
AcDbVertex
100
AcDb2dVertex
 10
15.0450055795214
 20
20.35254025368236
 30
0.0
  0
VERTEX
  5
15E
330
153
100
AcDbEntity
  8
0
  6
Continuous
 62
    18
420
        0
370
    70
100
AcDbVertex
100
AcDb2dVertex
 10
19.79899643153251
 20
20.35254025368236
 30
0.0
  0
VERTEX
  5
15F
330
153
100
AcDbEntity
  8
0
  6
Continuous
 62
    18
420
        0
370
    70
100
AcDbVertex
100
AcDb2dVertex
 10
19.79899643153251
 20
19.06436481510281
 30
0.0
  0
VERTEX
  5
160
330
153
100
AcDbEntity
  8
0
  6
Continuous
 62
    18
420
        0
370
    70
100
AcDbVertex
100
AcDb2dVertex
 10
19.69899643153252
 20
19.06436481510279
 30
0.0
  0
VERTEX
  5
161
330
153
100
AcDbEntity
  8
0
  6
Continuous
 62
    18
420
        0
370
    70
100
AcDbVertex
100
AcDb2dVertex
 10
19.69899643153252
 20
20.25254025368235
 30
0.0
  0
VERTEX
  5
162
330
153
100
AcDbEntity
  8
0
  6
Continuous
 62
    18
420
        0
370
    70
100
AcDbVertex
100
AcDb2dVertex
 10
15.1450055795214
 20
20.25254025368235
 30
0.0
  0
VERTEX
  5
163
330
153
100
AcDbEntity
  8
0
  6
Continuous
 62
    18
420
        0
370
    70
100
AcDbVertex
100
AcDb2dVertex
 10
15.1450055795214
 20
17.78404977499142
 30
0.0
  0
VERTEX
  5
164
330
153
100
AcDbEntity
  8
0
  6
Continuous
 62
    18
420
        0
370
    70
100
AcDbVertex
100
AcDb2dVertex
 10
19.69899643153252
 20
17.78404977499142
 30
0.0
  0
VERTEX
  5
165
330
153
100
AcDbEntity
  8
0
  6
Continuous
 62
    18
420
        0
370
    70
100
AcDbVertex
100
AcDb2dVertex
 10
19.69899643153252
 20
17.9973648151028
 30
0.0
  0
VERTEX
  5
166
330
153
100
AcDbEntity
  8
0
  6
Continuous
 62
    18
420
        0
370
    70
100
AcDbVertex
100
AcDb2dVertex
 10
19.79899643153251
 20
17.9973648151028
 30
0.0
  0
VERTEX
  5
167
330
153
100
AcDbEntity
  8
0
  6
Continuous
 62
    18
420
        0
370
    70
100
AcDbVertex
100
AcDb2dVertex
 10
19.79899643153251
 20
14.23729162381353
 30
0.0
  0
SEQEND
  5
168
330
153
100
AcDbEntity
  8
0
  6
Continuous
 62
    18
420
        0
370
    70
  0
POLYLINE
  5
169
330
1F
100
AcDbEntity
  8
0
  6
Continuous
 62
    18
420
        0
370
    70
100
AcDb2dPolyline
 66
     1
 10
0.0
 20
0.0
 30
0.0
 70
     1
  0
VERTEX
  5
16A
330
169
100
AcDbEntity
  8
0
  6
Continuous
 62
    18
420
        0
370
    70
100
AcDbVertex
100
AcDb2dVertex
 10
51.82804087623164
 20
14.23729162381353
 30
0.0
  0
VERTEX
  5
16B
330
169
100
AcDbEntity
  8
0
  6
Continuous
 62
    18
420
        0
370
    70
100
AcDbVertex
100
AcDb2dVertex
 10
51.82804087623164
 20
17.58404977499143
 30
0.0
  0
VERTEX
  5
16C
330
169
100
AcDbEntity
  8
0
  6
Continuous
 62
    18
420
        0
370
    70
100
AcDbVertex
100
AcDb2dVertex
 10
56.18203172824276
 20
17.58404977499143
 30
0.0
  0
VERTEX
  5
16D
330
169
100
AcDbEntity
  8
0
  6
Continuous
 62
    18
420
        0
370
    70
100
AcDbVertex
100
AcDb2dVertex
 10
56.18203172824276
 20
8.100577321621937
 30
0.0
  0
VERTEX
  5
16E
330
169
100
AcDbEntity
  8
0
  6
Continuous
 62
    18
420
        0
370
    70
100
AcDbVertex
100
AcDb2dVertex
 10
51.82804087623164
 20
8.100577321621923
 30
0.0
  0
VERTEX
  5
16F
330
169
100
AcDbEntity
  8
0
  6
Continuous
 62
    18
420
        0
370
    70
100
AcDbVertex
100
AcDb2dVertex
 10
51.82804087623164
 20
13.17029162381353
 30
0.0
  0
VERTEX
  5
170
330
169
100
AcDbEntity
  8
0
  6
Continuous
 62
    18
420
        0
370
    70
100
AcDbVertex
100
AcDb2dVertex
 10
51.62804087623165
 20
13.17029162381353
 30
0.0
  0
VERTEX
  5
171
330
169
100
AcDbEntity
  8
0
  6
Continuous
 62
    18
420
        0
370
    70
100
AcDbVertex
100
AcDb2dVertex
 10
51.62804087623165
 20
7.900577321621917
 30
0.0
  0
VERTEX
  5
172
330
169
100
AcDbEntity
  8
0
  6
Continuous
 62
    18
420
        0
370
    70
100
AcDbVertex
100
AcDb2dVertex
 10
56.38203172824275
 20
7.900577321621917
 30
0.0
  0
VERTEX
  5
173
330
169
100
AcDbEntity
  8
0
  6
Continuous
 62
    18
420
        0
370
    70
100
AcDbVertex
100
AcDb2dVertex
 10
56.38203172824275
 20
20.35254025368236
 30
0.0
  0
VERTEX
  5
174
330
169
100
AcDbEntity
  8
0
  6
Continuous
 62
    18
420
        0
370
    70
100
AcDbVertex
100
AcDb2dVertex
 10
51.62804087623165
 20
20.35254025368236
 30
0.0
  0
VERTEX
  5
175
330
169
100
AcDbEntity
  8
0
  6
Continuous
 62
    18
420
        0
370
    70
100
AcDbVertex
100
AcDb2dVertex
 10
51.62804087623165
 20
19.06436481510281
 30
0.0
  0
VERTEX
  5
176
330
169
100
AcDbEntity
  8
0
  6
Continuous
 62
    18
420
        0
370
    70
100
AcDbVertex
100
AcDb2dVertex
 10
51.72804087623162
 20
19.06436481510279
 30
0.0
  0
VERTEX
  5
177
330
169
100
AcDbEntity
  8
0
  6
Continuous
 62
    18
420
        0
370
    70
100
AcDbVertex
100
AcDb2dVertex
 10
51.72804087623162
 20
20.25254025368235
 30
0.0
  0
VERTEX
  5
178
330
169
100
AcDbEntity
  8
0
  6
Continuous
 62
    18
420
        0
370
    70
100
AcDbVertex
100
AcDb2dVertex
 10
56.28203172824276
 20
20.25254025368235
 30
0.0
  0
VERTEX
  5
179
330
169
100
AcDbEntity
  8
0
  6
Continuous
 62
    18
420
        0
370
    70
100
AcDbVertex
100
AcDb2dVertex
 10
56.28203172824276
 20
17.78404977499142
 30
0.0
  0
VERTEX
  5
17A
330
169
100
AcDbEntity
  8
0
  6
Continuous
 62
    18
420
        0
370
    70
100
AcDbVertex
100
AcDb2dVertex
 10
51.72804087623162
 20
17.78404977499142
 30
0.0
  0
VERTEX
  5
17B
330
169
100
AcDbEntity
  8
0
  6
Continuous
 62
    18
420
        0
370
    70
100
AcDbVertex
100
AcDb2dVertex
 10
51.72804087623162
 20
17.9973648151028
 30
0.0
  0
VERTEX
  5
17C
330
169
100
AcDbEntity
  8
0
  6
Continuous
 62
    18
420
        0
370
    70
100
AcDbVertex
100
AcDb2dVertex
 10
51.62804087623165
 20
17.9973648151028
 30
0.0
  0
VERTEX
  5
17D
330
169
100
AcDbEntity
  8
0
  6
Continuous
 62
    18
420
        0
370
    70
100
AcDbVertex
100
AcDb2dVertex
 10
51.62804087623165
 20
14.23729162381353
 30
0.0
  0
SEQEND
  5
17E
330
169
100
AcDbEntity
  8
0
  6
Continuous
 62
    18
420
        0
370
    70
  0
POLYLINE
  5
17F
330
1F
100
AcDbEntity
  8
0
  6
Continuous
 62
    18
420
        0
370
    70
100
AcDb2dPolyline
 66
     1
 10
0.0
 20
0.0
 30
0.0
 70
     1
  0
VERTEX
  5
180
330
17F
100
AcDbEntity
  8
0
  6
Continuous
 62
    18
420
        0
370
    70
100
AcDbVertex
100
AcDb2dVertex
 10
44.14914786689109
 20
19.19408803554175
 30
0.0
  0
VERTEX
  5
181
330
17F
100
AcDbEntity
  8
0
  6
Continuous
 62
    18
420
        0
370
    70
100
AcDbVertex
100
AcDb2dVertex
 10
44.14914786689108
 20
19.09408224604591
 30
0.0
  0
VERTEX
  5
182
330
17F
100
AcDbEntity
  8
0
  6
Continuous
 62
    18
420
        0
370
    70
100
AcDbVertex
100
AcDb2dVertex
 10
44.383892538809
 20
19.09408803554175
 30
0.0
  0
VERTEX
  5
183
330
17F
100
AcDbEntity
  8
0
  6
Continuous
 62
    18
420
        0
370
    70
100
AcDbVertex
100
AcDb2dVertex
 10
44.37751772958477
 20
14.29764934137109
 30
0.0
  0
VERTEX
  5
184
330
17F
100
AcDbEntity
  8
0
  6
Continuous
 62
    18
420
        0
370
    70
100
AcDbVertex
100
AcDb2dVertex
 10
44.14277305766689
 20
14.29764934137109
 30
0.0
  0
VERTEX
  5
185
330
17F
100
AcDbEntity
  8
0
  6
Continuous
 62
    18
420
        0
370
    70
100
AcDbVertex
100
AcDb2dVertex
 10
44.14277305766689
 20
14.19764934137108
 30
0.0
  0
VERTEX
  5
186
330
17F
100
AcDbEntity
  8
0
  6
Continuous
 62
    18
420
        0
370
    70
100
AcDbVertex
100
AcDb2dVertex
 10
49.44069836926769
 20
14.19764934137108
 30
0.0
  0
VERTEX
  5
187
330
17F
100
AcDbEntity
  8
0
  6
Continuous
 62
    18
420
        0
370
    70
100
AcDbVertex
100
AcDb2dVertex
 10
49.44069836926769
 20
19.19408803554175
 30
0.0
  0
VERTEX
  5
188
330
17F
100
AcDbEntity
  8
0
  6
Continuous
 62
    18
420
        0
370
    70
100
AcDbVertex
100
AcDb2dVertex
 10
45.79081013834243
 20
19.19408803554175
 30
0.0
  0
VERTEX
  5
189
330
17F
100
AcDbEntity
  8
0
  6
Continuous
 62
    18
420
        0
370
    70
100
AcDbVertex
100
AcDb2dVertex
 10
45.79081013834243
 20
19.09408803554175
 30
0.0
  0
VERTEX
  5
18A
330
17F
100
AcDbEntity
  8
0
  6
Continuous
 62
    18
420
        0
370
    70
100
AcDbVertex
100
AcDb2dVertex
 10
49.34069836926768
 20
19.09408803554175
 30
0.0
  0
VERTEX
  5
18B
330
17F
100
AcDbEntity
  8
0
  6
Continuous
 62
    18
420
        0
370
    70
100
AcDbVertex
100
AcDb2dVertex
 10
49.34069836926768
 20
14.29764934137109
 30
0.0
  0
VERTEX
  5
18C
330
17F
100
AcDbEntity
  8
0
  6
Continuous
 62
    18
420
        0
370
    70
100
AcDbVertex
100
AcDb2dVertex
 10
44.47746426198744
 20
14.29764931272201
 30
0.0
  0
VERTEX
  5
18D
330
17F
100
AcDbEntity
  8
0
  6
Continuous
 62
    18
420
        0
370
    70
100
AcDbVertex
100
AcDb2dVertex
 10
44.48112403383838
 20
19.09408803554175
 30
0.0
  0
VERTEX
  5
18E
330
17F
100
AcDbEntity
  8
0
  6
Continuous
 62
    18
420
        0
370
    70
100
AcDbVertex
100
AcDb2dVertex
 10
44.72381013834245
 20
19.09408803554175
 30
0.0
  0
VERTEX
  5
18F
330
17F
100
AcDbEntity
  8
0
  6
Continuous
 62
    18
420
        0
370
    70
100
AcDbVertex
100
AcDb2dVertex
 10
44.72381013834241
 20
19.19408803554175
 30
0.0
  0
SEQEND
  5
190
330
17F
100
AcDbEntity
  8
0
  6
Continuous
 62
    18
420
        0
370
    70
  0
POLYLINE
  5
191
330
1F
100
AcDbEntity
  8
0
  6
Continuous
 62
    18
420
        0
370
    70
100
AcDb2dPolyline
 66
     1
 10
0.0
 20
0.0
 30
0.0
 70
     1
  0
VERTEX
  5
192
330
191
100
AcDbEntity
  8
0
  6
Continuous
 62
    18
420
        0
370
    70
100
AcDbVertex
100
AcDb2dVertex
 10
43.0821478668911
 20
19.19408803554175
 30
0.0
  0
VERTEX
  5
193
330
191
100
AcDbEntity
  8
0
  6
Continuous
 62
    18
420
        0
370
    70
100
AcDbVertex
100
AcDb2dVertex
 10
43.08214786689108
 20
19.09405593067947
 30
0.0
  0
VERTEX
  5
194
330
191
100
AcDbEntity
  8
0
  6
Continuous
 62
    18
420
        0
370
    70
100
AcDbVertex
100
AcDb2dVertex
 10
40.04338690845722
 20
19.09398098587335
 30
0.0
  0
VERTEX
  5
195
330
191
100
AcDbEntity
  8
0
  6
Continuous
 62
    18
420
        0
370
    70
100
AcDbVertex
100
AcDb2dVertex
 10
40.04338690845722
 20
14.29764934137109
 30
0.0
  0
VERTEX
  5
196
330
191
100
AcDbEntity
  8
0
  6
Continuous
 62
    18
420
        0
370
    70
100
AcDbVertex
100
AcDb2dVertex
 10
43.07577305766686
 20
14.29764934137109
 30
0.0
  0
VERTEX
  5
197
330
191
100
AcDbEntity
  8
0
  6
Continuous
 62
    18
420
        0
370
    70
100
AcDbVertex
100
AcDb2dVertex
 10
43.07577305766686
 20
14.19764934137109
 30
0.0
  0
VERTEX
  5
198
330
191
100
AcDbEntity
  8
0
  6
Continuous
 62
    18
420
        0
370
    70
100
AcDbVertex
100
AcDb2dVertex
 10
39.94338690845721
 20
14.19764934137108
 30
0.0
  0
VERTEX
  5
199
330
191
100
AcDbEntity
  8
0
  6
Continuous
 62
    18
420
        0
370
    70
100
AcDbVertex
100
AcDb2dVertex
 10
39.94338690845721
 20
19.19408803554175
 30
0.0
  0
SEQEND
  5
19A
330
191
100
AcDbEntity
  8
0
  6
Continuous
 62
    18
420
        0
370
    70
  0
POLYLINE
  5
19B
330
1F
100
AcDbEntity
  8
0
  6
Continuous
 62
    18
420
        0
370
    70
100
AcDb2dPolyline
 66
     1
 10
0.0
 20
0.0
 30
0.0
 70
     1
  0
VERTEX
  5
19C
330
19B
100
AcDbEntity
  8
0
  6
Continuous
 62
    18
420
        0
370
    70
100
AcDbVertex
100
AcDb2dVertex
 10
23.95954213406836
 20
19.19408803554175
 30
0.0
  0
VERTEX
  5
19D
330
19B
100
AcDbEntity
  8
0
  6
Continuous
 62
    18
420
        0
370
    70
100
AcDbVertex
100
AcDb2dVertex
 10
23.95954213406836
 20
19.09408803554175
 30
0.0
  0
VERTEX
  5
19E
330
19B
100
AcDbEntity
  8
0
  6
Continuous
 62
    18
420
        0
370
    70
100
AcDbVertex
100
AcDb2dVertex
 10
23.43975936838076
 20
19.09408803554175
 30
0.0
  0
VERTEX
  5
19F
330
19B
100
AcDbEntity
  8
0
  6
Continuous
 62
    18
420
        0
370
    70
100
AcDbVertex
100
AcDb2dVertex
 10
23.43975936838076
 20
14.29720365302483
 30
0.0
  0
VERTEX
  5
1A0
330
19B
100
AcDbEntity
  8
0
  6
Continuous
 62
    18
420
        0
370
    70
100
AcDbVertex
100
AcDb2dVertex
 10
31.65379259840129
 20
14.29720365302483
 30
0.0
  0
VERTEX
  5
1A1
330
19B
100
AcDbEntity
  8
0
  6
Continuous
 62
    18
420
        0
370
    70
100
AcDbVertex
100
AcDb2dVertex
 10
31.65379259840129
 20
19.09408803554175
 30
0.0
  0
VERTEX
  5
1A2
330
19B
100
AcDbEntity
  8
0
  6
Continuous
 62
    18
420
        0
370
    70
100
AcDbVertex
100
AcDb2dVertex
 10
30.17220880073507
 20
19.09408803554175
 30
0.0
  0
VERTEX
  5
1A3
330
19B
100
AcDbEntity
  8
0
  6
Continuous
 62
    18
420
        0
370
    70
100
AcDbVertex
100
AcDb2dVertex
 10
30.17220880073503
 20
19.19408803554175
 30
0.0
  0
VERTEX
  5
1A4
330
19B
100
AcDbEntity
  8
0
  6
Continuous
 62
    18
420
        0
370
    70
100
AcDbVertex
100
AcDb2dVertex
 10
33.08537952452742
 20
19.19408803554175
 30
0.0
  0
VERTEX
  5
1A5
330
19B
100
AcDbEntity
  8
0
  6
Continuous
 62
    18
420
        0
370
    70
100
AcDbVertex
100
AcDb2dVertex
 10
33.08537952452739
 20
19.09408803554175
 30
0.0
  0
VERTEX
  5
1A6
330
19B
100
AcDbEntity
  8
0
  6
Continuous
 62
    18
420
        0
370
    70
100
AcDbVertex
100
AcDb2dVertex
 10
31.75379259840127
 20
19.09408803554175
 30
0.0
  0
VERTEX
  5
1A7
330
19B
100
AcDbEntity
  8
0
  6
Continuous
 62
    18
420
        0
370
    70
100
AcDbVertex
100
AcDb2dVertex
 10
31.75379259840127
 20
14.29720365302483
 30
0.0
  0
VERTEX
  5
1A8
330
19B
100
AcDbEntity
  8
0
  6
Continuous
 62
    18
420
        0
370
    70
100
AcDbVertex
100
AcDb2dVertex
 10
35.68887952452739
 20
14.29720365302482
 30
0.0
  0
VERTEX
  5
1A9
330
19B
100
AcDbEntity
  8
0
  6
Continuous
 62
    18
420
        0
370
    70
100
AcDbVertex
100
AcDb2dVertex
 10
35.68887952452739
 20
14.19720365302483
 30
0.0
  0
VERTEX
  5
1AA
330
19B
100
AcDbEntity
  8
0
  6
Continuous
 62
    18
420
        0
370
    70
100
AcDbVertex
100
AcDb2dVertex
 10
23.33975936838076
 20
14.19720365302483
 30
0.0
  0
VERTEX
  5
1AB
330
19B
100
AcDbEntity
  8
0
  6
Continuous
 62
    18
420
        0
370
    70
100
AcDbVertex
100
AcDb2dVertex
 10
23.33975936838076
 20
19.19408803554175
 30
0.0
  0
SEQEND
  5
1AC
330
19B
100
AcDbEntity
  8
0
  6
Continuous
 62
    18
420
        0
370
    70
  0
POLYLINE
  5
1AD
330
1F
100
AcDbEntity
  8
0
  6
Continuous
 62
    18
420
        0
370
    70
100
AcDb2dPolyline
 66
     1
 10
0.0
 20
0.0
 30
0.0
 70
     1
  0
VERTEX
  5
1AE
330
1AD
100
AcDbEntity
  8
0
  6
Continuous
 62
    18
420
        0
370
    70
100
AcDbVertex
100
AcDb2dVertex
 10
26.90622685985668
 20
8.000577321621932
 30
0.0
  0
VERTEX
  5
1AF
330
1AD
100
AcDbEntity
  8
0
  6
Continuous
 62
    18
420
        0
370
    70
100
AcDbVertex
100
AcDb2dVertex
 10
31.61018109332572
 20
8.000577321621932
 30
0.0
  0
VERTEX
  5
1B0
330
1AD
100
AcDbEntity
  8
0
  6
Continuous
 62
    18
420
        0
370
    70
100
AcDbVertex
100
AcDb2dVertex
 10
31.61018109332572
 20
7.900577321621935
 30
0.0
  0
VERTEX
  5
1B1
330
1AD
100
AcDbEntity
  8
0
  6
Continuous
 62
    18
420
        0
370
    70
100
AcDbVertex
100
AcDb2dVertex
 10
26.90622685985668
 20
7.900577321621935
 30
0.0
  0
SEQEND
  5
1B2
330
1AD
100
AcDbEntity
  8
0
  6
Continuous
 62
    18
420
        0
370
    70
  0
POLYLINE
  5
1B3
330
1F
100
AcDbEntity
  8
0
  6
Continuous
 62
    18
420
        0
370
    70
100
AcDb2dPolyline
 66
     1
 10
0.0
 20
0.0
 30
0.0
 70
     1
  0
VERTEX
  5
1B4
330
1B3
100
AcDbEntity
  8
0
  6
Continuous
 62
    18
420
        0
370
    70
100
AcDbVertex
100
AcDb2dVertex
 10
39.49741807034719
 20
7.900577321621931
 30
0.0
  0
VERTEX
  5
1B5
330
1B3
100
AcDbEntity
  8
0
  6
Continuous
 62
    18
420
        0
370
    70
100
AcDbVertex
100
AcDb2dVertex
 10
39.4974180703472
 20
8.100577321621934
 30
0.0
  0
VERTEX
  5
1B6
330
1B3
100
AcDbEntity
  8
0
  6
Continuous
 62
    18
420
        0
370
    70
100
AcDbVertex
100
AcDb2dVertex
 10
39.84338690845721
 20
8.100577321621934
 30
0.0
  0
VERTEX
  5
1B7
330
1B3
100
AcDbEntity
  8
0
  6
Continuous
 62
    18
420
        0
370
    70
100
AcDbVertex
100
AcDb2dVertex
 10
39.84338690845721
 20
11.37547665672992
 30
0.0
  0
VERTEX
  5
1B8
330
1B3
100
AcDbEntity
  8
0
  6
Continuous
 62
    18
420
        0
370
    70
100
AcDbVertex
100
AcDb2dVertex
 10
37.30598779638563
 20
11.37547665672992
 30
0.0
  0
VERTEX
  5
1B9
330
1B3
100
AcDbEntity
  8
0
  6
Continuous
 62
    18
420
        0
370
    70
100
AcDbVertex
100
AcDb2dVertex
 10
37.30598779638563
 20
8.100577321621934
 30
0.0
  0
VERTEX
  5
1BA
330
1B3
100
AcDbEntity
  8
0
  6
Continuous
 62
    18
420
        0
370
    70
100
AcDbVertex
100
AcDb2dVertex
 10
37.68741807034718
 20
8.100577321621934
 30
0.0
  0
VERTEX
  5
1BB
330
1B3
100
AcDbEntity
  8
0
  6
Continuous
 62
    18
420
        0
370
    70
100
AcDbVertex
100
AcDb2dVertex
 10
37.68741807034718
 20
7.900577321621931
 30
0.0
  0
VERTEX
  5
1BC
330
1B3
100
AcDbEntity
  8
0
  6
Continuous
 62
    18
420
        0
370
    70
100
AcDbVertex
100
AcDb2dVertex
 10
33.42018109332574
 20
7.900577321621931
 30
0.0
  0
VERTEX
  5
1BD
330
1B3
100
AcDbEntity
  8
0
  6
Continuous
 62
    18
420
        0
370
    70
100
AcDbVertex
100
AcDb2dVertex
 10
33.42018109332572
 20
8.000577321621932
 30
0.0
  0
VERTEX
  5
1BE
330
1B3
100
AcDbEntity
  8
0
  6
Continuous
 62
    18
420
        0
370
    70
100
AcDbVertex
100
AcDb2dVertex
 10
37.10598779638563
 20
8.000577321621932
 30
0.0
  0
VERTEX
  5
1BF
330
1B3
100
AcDbEntity
  8
0
  6
Continuous
 62
    18
420
        0
370
    70
100
AcDbVertex
100
AcDb2dVertex
 10
37.10598779638563
 20
11.47547665672992
 30
0.0
  0
VERTEX
  5
1C0
330
1B3
100
AcDbEntity
  8
0
  6
Continuous
 62
    18
420
        0
370
    70
100
AcDbVertex
100
AcDb2dVertex
 10
23.43975936838076
 20
11.47547665672992
 30
0.0
  0
VERTEX
  5
1C1
330
1B3
100
AcDbEntity
  8
0
  6
Continuous
 62
    18
420
        0
370
    70
100
AcDbVertex
100
AcDb2dVertex
 10
23.43975936838076
 20
8.000577321621922
 30
0.0
  0
VERTEX
  5
1C2
330
1B3
100
AcDbEntity
  8
0
  6
Continuous
 62
    18
420
        0
370
    70
100
AcDbVertex
100
AcDb2dVertex
 10
25.09622685985667
 20
8.000577321621922
 30
0.0
  0
VERTEX
  5
1C3
330
1B3
100
AcDbEntity
  8
0
  6
Continuous
 62
    18
420
        0
370
    70
100
AcDbVertex
100
AcDb2dVertex
 10
25.09622685985667
 20
7.900577321621935
 30
0.0
  0
VERTEX
  5
1C4
330
1B3
100
AcDbEntity
  8
0
  6
Continuous
 62
    18
420
        0
370
    70
100
AcDbVertex
100
AcDb2dVertex
 10
23.33975936838076
 20
7.900577321621935
 30
0.0
  0
VERTEX
  5
1C5
330
1B3
100
AcDbEntity
  8
0
  6
Continuous
 62
    18
420
        0
370
    70
100
AcDbVertex
100
AcDb2dVertex
 10
23.33975936838076
 20
11.57547665672992
 30
0.0
  0
VERTEX
  5
1C6
330
1B3
100
AcDbEntity
  8
0
  6
Continuous
 62
    18
420
        0
370
    70
100
AcDbVertex
100
AcDb2dVertex
 10
40.35881565129192
 20
11.57547665672992
 30
0.0
  0
VERTEX
  5
1C7
330
1B3
100
AcDbEntity
  8
0
  6
Continuous
 62
    18
420
        0
370
    70
100
AcDbVertex
100
AcDb2dVertex
 10
40.35881565129189
 20
11.47547665672992
 30
0.0
  0
VERTEX
  5
1C8
330
1B3
100
AcDbEntity
  8
0
  6
Continuous
 62
    18
420
        0
370
    70
100
AcDbVertex
100
AcDb2dVertex
 10
40.04338690845722
 20
11.47547665672992
 30
0.0
  0
VERTEX
  5
1C9
330
1B3
100
AcDbEntity
  8
0
  6
Continuous
 62
    18
420
        0
370
    70
100
AcDbVertex
100
AcDb2dVertex
 10
40.04338690845722
 20
8.000577321621922
 30
0.0
  0
VERTEX
  5
1CA
330
1B3
100
AcDbEntity
  8
0
  6
Continuous
 62
    18
420
        0
370
    70
100
AcDbVertex
100
AcDb2dVertex
 10
44.37751778682166
 20
8.000577321621922
 30
0.0
  0
VERTEX
  5
1CB
330
1B3
100
AcDbEntity
  8
0
  6
Continuous
 62
    18
420
        0
370
    70
100
AcDbVertex
100
AcDb2dVertex
 10
44.37751778682166
 20
11.47547665672992
 30
0.0
  0
VERTEX
  5
1CC
330
1B3
100
AcDbEntity
  8
0
  6
Continuous
 62
    18
420
        0
370
    70
100
AcDbVertex
100
AcDb2dVertex
 10
41.42581565129188
 20
11.47547665672992
 30
0.0
  0
VERTEX
  5
1CD
330
1B3
100
AcDbEntity
  8
0
  6
Continuous
 62
    18
420
        0
370
    70
100
AcDbVertex
100
AcDb2dVertex
 10
41.42581565129188
 20
11.57547665672993
 30
0.0
  0
VERTEX
  5
1CE
330
1B3
100
AcDbEntity
  8
0
  6
Continuous
 62
    18
420
        0
370
    70
100
AcDbVertex
100
AcDb2dVertex
 10
44.77898422156242
 20
11.57547665672993
 30
0.0
  0
VERTEX
  5
1CF
330
1B3
100
AcDbEntity
  8
0
  6
Continuous
 62
    18
420
        0
370
    70
100
AcDbVertex
100
AcDb2dVertex
 10
44.77898422156242
 20
11.47547665672992
 30
0.0
  0
VERTEX
  5
1D0
330
1B3
100
AcDbEntity
  8
0
  6
Continuous
 62
    18
420
        0
370
    70
100
AcDbVertex
100
AcDb2dVertex
 10
44.47751778682166
 20
11.47547665672992
 30
0.0
  0
VERTEX
  5
1D1
330
1B3
100
AcDbEntity
  8
0
  6
Continuous
 62
    18
420
        0
370
    70
100
AcDbVertex
100
AcDb2dVertex
 10
44.47751778682166
 20
8.000577321621922
 30
0.0
  0
VERTEX
  5
1D2
330
1B3
100
AcDbEntity
  8
0
  6
Continuous
 62
    18
420
        0
370
    70
100
AcDbVertex
100
AcDb2dVertex
 10
49.34069836926768
 20
8.000577321621922
 30
0.0
  0
VERTEX
  5
1D3
330
1B3
100
AcDbEntity
  8
0
  6
Continuous
 62
    18
420
        0
370
    70
100
AcDbVertex
100
AcDb2dVertex
 10
49.34069836926768
 20
11.47547665672992
 30
0.0
  0
VERTEX
  5
1D4
330
1B3
100
AcDbEntity
  8
0
  6
Continuous
 62
    18
420
        0
370
    70
100
AcDbVertex
100
AcDb2dVertex
 10
45.84598422156244
 20
11.47547665672992
 30
0.0
  0
VERTEX
  5
1D5
330
1B3
100
AcDbEntity
  8
0
  6
Continuous
 62
    18
420
        0
370
    70
100
AcDbVertex
100
AcDb2dVertex
 10
45.84598422156245
 20
11.57547665672993
 30
0.0
  0
VERTEX
  5
1D6
330
1B3
100
AcDbEntity
  8
0
  6
Continuous
 62
    18
420
        0
370
    70
100
AcDbVertex
100
AcDb2dVertex
 10
49.44069836926769
 20
11.57547665672993
 30
0.0
  0
VERTEX
  5
1D7
330
1B3
100
AcDbEntity
  8
0
  6
Continuous
 62
    18
420
        0
370
    70
100
AcDbVertex
100
AcDb2dVertex
 10
49.44069836926769
 20
7.900577321621931
 30
0.0
  0
SEQEND
  5
1D8
330
1B3
100
AcDbEntity
  8
0
  6
Continuous
 62
    18
420
        0
370
    70
  0
POLYLINE
  5
1D9
330
1F
100
AcDbEntity
  8
0
  6
Continuous
 62
    18
420
        0
370
    25
100
AcDb2dPolyline
 66
     1
 10
0.0
 20
0.0
 30
0.0
  0
VERTEX
  5
1DA
330
1D9
100
AcDbEntity
  8
0
  6
Continuous
 62
    18
420
        0
370
    25
100
AcDbVertex
100
AcDb2dVertex
 10
45.79081013834243
 20
19.19408803554175
 30
0.0
  0
VERTEX
  5
1DB
330
1D9
100
AcDbEntity
  8
0
  6
Continuous
 62
    18
420
        0
370
    25
100
AcDbVertex
100
AcDb2dVertex
 10
45.79081013834243
 20
19.09408803554175
 30
0.0
  0
SEQEND
  5
1DC
330
1D9
100
AcDbEntity
  8
0
  6
Continuous
 62
    18
420
        0
370
    25
  0
POLYLINE
  5
1DD
330
1F
100
AcDbEntity
  8
0
  6
Continuous
 62
    18
420
        0
370
    25
100
AcDb2dPolyline
 66
     1
 10
0.0
 20
0.0
 30
0.0
  0
VERTEX
  5
1DE
330
1DD
100
AcDbEntity
  8
0
  6
Continuous
 62
    18
420
        0
370
    25
100
AcDbVertex
100
AcDb2dVertex
 10
44.72381013834241
 20
19.19408803554175
 30
0.0
  0
VERTEX
  5
1DF
330
1DD
100
AcDbEntity
  8
0
  6
Continuous
 62
    18
420
        0
370
    25
100
AcDbVertex
100
AcDb2dVertex
 10
44.72381013834245
 20
19.09408803554175
 30
0.0
  0
SEQEND
  5
1E0
330
1DD
100
AcDbEntity
  8
0
  6
Continuous
 62
    18
420
        0
370
    25
  0
POLYLINE
  5
1E1
330
1F
100
AcDbEntity
  8
0
  6
Continuous
 62
    18
420
        0
370
    25
100
AcDb2dPolyline
 66
     1
 10
0.0
 20
0.0
 30
0.0
  0
VERTEX
  5
1E2
330
1E1
100
AcDbEntity
  8
0
  6
Continuous
 62
    18
420
        0
370
    25
100
AcDbVertex
100
AcDb2dVertex
 10
43.0821478668911
 20
19.19408803554175
 30
0.0
  0
VERTEX
  5
1E3
330
1E1
100
AcDbEntity
  8
0
  6
Continuous
 62
    18
420
        0
370
    25
100
AcDbVertex
100
AcDb2dVertex
 10
43.08214786689108
 20
19.09405593067947
 30
0.0
  0
SEQEND
  5
1E4
330
1E1
100
AcDbEntity
  8
0
  6
Continuous
 62
    18
420
        0
370
    25
  0
POLYLINE
  5
1E5
330
1F
100
AcDbEntity
  8
0
  6
Continuous
 62
    18
420
        0
370
    25
100
AcDb2dPolyline
 66
     1
 10
0.0
 20
0.0
 30
0.0
  0
VERTEX
  5
1E6
330
1E5
100
AcDbEntity
  8
0
  6
Continuous
 62
    18
420
        0
370
    25
100
AcDbVertex
100
AcDb2dVertex
 10
35.68887952452739
 20
14.29720365302482
 30
0.0
  0
VERTEX
  5
1E7
330
1E5
100
AcDbEntity
  8
0
  6
Continuous
 62
    18
420
        0
370
    25
100
AcDbVertex
100
AcDb2dVertex
 10
35.68887952452739
 20
14.19720365302483
 30
0.0
  0
SEQEND
  5
1E8
330
1E5
100
AcDbEntity
  8
0
  6
Continuous
 62
    18
420
        0
370
    25
  0
POLYLINE
  5
1E9
330
1F
100
AcDbEntity
  8
0
  6
Continuous
 62
    18
420
        0
370
    25
100
AcDb2dPolyline
 66
     1
 10
0.0
 20
0.0
 30
0.0
  0
VERTEX
  5
1EA
330
1E9
100
AcDbEntity
  8
0
  6
Continuous
 62
    18
420
        0
370
    25
100
AcDbVertex
100
AcDb2dVertex
 10
35.68887952452742
 20
19.19408803554175
 30
0.0
  0
VERTEX
  5
1EB
330
1E9
100
AcDbEntity
  8
0
  6
Continuous
 62
    18
420
        0
370
    25
100
AcDbVertex
100
AcDb2dVertex
 10
35.68887952452739
 20
19.09408803554175
 30
0.0
  0
SEQEND
  5
1EC
330
1E9
100
AcDbEntity
  8
0
  6
Continuous
 62
    18
420
        0
370
    25
  0
POLYLINE
  5
1ED
330
1F
100
AcDbEntity
  8
0
  6
Continuous
 62
    18
420
        0
370
    70
100
AcDb2dPolyline
 66
     1
 10
0.0
 20
0.0
 30
0.0
 70
     1
  0
VERTEX
  5
1EE
330
1ED
100
AcDbEntity
  8
0
  6
Continuous
 62
    18
420
        0
370
    70
100
AcDbVertex
100
AcDb2dVertex
 10
6.73678414605336
 20
28.55309797884095
 30
0.0
  0
VERTEX
  5
1EF
330
1ED
100
AcDbEntity
  8
0
  6
Continuous
 62
    18
420
        0
370
    70
100
AcDbVertex
100
AcDb2dVertex
 10
12.42483445286157
 20
28.55309797884095
 30
0.0
  0
VERTEX
  5
1F0
330
1ED
100
AcDbEntity
  8
0
  6
Continuous
 62
    18
420
        0
370
    70
100
AcDbVertex
100
AcDb2dVertex
 10
12.42483445286356
 20
25.97212238368795
 30
0.0
  0
VERTEX
  5
1F1
330
1ED
100
AcDbEntity
  8
0
  6
Continuous
 62
    18
420
        0
370
    70
100
AcDbVertex
100
AcDb2dVertex
 10
12.52483445286154
 20
25.97212238368792
 30
0.0
  0
VERTEX
  5
1F2
330
1ED
100
AcDbEntity
  8
0
  6
Continuous
 62
    18
420
        0
370
    70
100
AcDbVertex
100
AcDb2dVertex
 10
12.52483445286154
 20
28.55309797884095
 30
0.0
  0
VERTEX
  5
1F3
330
1ED
100
AcDbEntity
  8
0
  6
Continuous
 62
    18
420
        0
370
    70
100
AcDbVertex
100
AcDb2dVertex
 10
15.10619833434637
 20
28.55309797884095
 30
0.0
  0
VERTEX
  5
1F4
330
1ED
100
AcDbEntity
  8
0
  6
Continuous
 62
    18
420
        0
370
    70
100
AcDbVertex
100
AcDb2dVertex
 10
15.10619833434637
 20
22.41146808183496
 30
0.0
  0
VERTEX
  5
1F5
330
1ED
100
AcDbEntity
  8
0
  6
Continuous
 62
    18
420
        0
370
    70
100
AcDbVertex
100
AcDb2dVertex
 10
16.69526440129018
 20
22.41146808183496
 30
0.0
  0
VERTEX
  5
1F6
330
1ED
100
AcDbEntity
  8
0
  6
Continuous
 62
    18
420
        0
370
    70
100
AcDbVertex
100
AcDb2dVertex
 10
16.69526440129018
 20
22.51402122827171
 30
0.0
  0
VERTEX
  5
1F7
330
1ED
100
AcDbEntity
  8
0
  6
Continuous
 62
    18
420
        0
370
    70
100
AcDbVertex
100
AcDb2dVertex
 10
15.2058349745145
 20
22.51402122827171
 30
0.0
  0
VERTEX
  5
1F8
330
1ED
100
AcDbEntity
  8
0
  6
Continuous
 62
    18
420
        0
370
    70
100
AcDbVertex
100
AcDb2dVertex
 10
15.2058349745145
 20
28.5556511252777
 30
0.0
  0
VERTEX
  5
1F9
330
1ED
100
AcDbEntity
  8
0
  6
Continuous
 62
    18
420
        0
370
    70
100
AcDbVertex
100
AcDb2dVertex
 10
17.94757744899195
 20
28.5556511252777
 30
0.0
  0
VERTEX
  5
1FA
330
1ED
100
AcDbEntity
  8
0
  6
Continuous
 62
    18
420
        0
370
    70
100
AcDbVertex
100
AcDb2dVertex
 10
17.94757744899195
 20
22.51402122827171
 30
0.0
  0
VERTEX
  5
1FB
330
1ED
100
AcDbEntity
  8
0
  6
Continuous
 62
    18
420
        0
370
    70
100
AcDbVertex
100
AcDb2dVertex
 10
17.76226440129015
 20
22.51402122827171
 30
0.0
  0
VERTEX
  5
1FC
330
1ED
100
AcDbEntity
  8
0
  6
Continuous
 62
    18
420
        0
370
    70
100
AcDbVertex
100
AcDb2dVertex
 10
17.76226440129016
 20
22.41146808183496
 30
0.0
  0
VERTEX
  5
1FD
330
1ED
100
AcDbEntity
  8
0
  6
Continuous
 62
    18
420
        0
370
    70
100
AcDbVertex
100
AcDb2dVertex
 10
18.2465840811805
 20
22.41146808183496
 30
0.0
  0
VERTEX
  5
1FE
330
1ED
100
AcDbEntity
  8
0
  6
Continuous
 62
    18
420
        0
370
    70
100
AcDbVertex
100
AcDb2dVertex
 10
18.24658408118054
 20
22.51402122827171
 30
0.0
  0
VERTEX
  5
1FF
330
1ED
100
AcDbEntity
  8
0
  6
Continuous
 62
    18
420
        0
370
    70
100
AcDbVertex
100
AcDb2dVertex
 10
18.04757744899195
 20
22.51402122827171
 30
0.0
  0
VERTEX
  5
200
330
1ED
100
AcDbEntity
  8
0
  6
Continuous
 62
    18
420
        0
370
    70
100
AcDbVertex
100
AcDb2dVertex
 10
18.04757744899195
 20
28.5556511252777
 30
0.0
  0
VERTEX
  5
201
330
1ED
100
AcDbEntity
  8
0
  6
Continuous
 62
    18
420
        0
370
    70
100
AcDbVertex
100
AcDb2dVertex
 10
20.7893199234694
 20
28.5556511252777
 30
0.0
  0
VERTEX
  5
202
330
1ED
100
AcDbEntity
  8
0
  6
Continuous
 62
    18
420
        0
370
    70
100
AcDbVertex
100
AcDb2dVertex
 10
20.7893199234694
 20
22.51402122827171
 30
0.0
  0
VERTEX
  5
203
330
1ED
100
AcDbEntity
  8
0
  6
Continuous
 62
    18
420
        0
370
    70
100
AcDbVertex
100
AcDb2dVertex
 10
19.31358408118051
 20
22.51402122827171
 30
0.0
  0
VERTEX
  5
204
330
1ED
100
AcDbEntity
  8
0
  6
Continuous
 62
    18
420
        0
370
    70
100
AcDbVertex
100
AcDb2dVertex
 10
19.31358408118056
 20
22.41146808183496
 30
0.0
  0
VERTEX
  5
205
330
1ED
100
AcDbEntity
  8
0
  6
Continuous
 62
    18
420
        0
370
    70
100
AcDbVertex
100
AcDb2dVertex
 10
20.88968328330129
 20
22.41146808183496
 30
0.0
  0
VERTEX
  5
206
330
1ED
100
AcDbEntity
  8
0
  6
Continuous
 62
    18
420
        0
370
    70
100
AcDbVertex
100
AcDb2dVertex
 10
20.88968328330129
 20
28.55309797884095
 30
0.0
  0
VERTEX
  5
207
330
1ED
100
AcDbEntity
  8
0
  6
Continuous
 62
    18
420
        0
370
    70
100
AcDbVertex
100
AcDb2dVertex
 10
31.68979691443361
 20
28.55309797884095
 30
0.0
  0
VERTEX
  5
208
330
1ED
100
AcDbEntity
  8
0
  6
Continuous
 62
    18
420
        0
370
    70
100
AcDbVertex
100
AcDb2dVertex
 10
31.68979691443361
 20
22.41146808183496
 30
0.0
  0
VERTEX
  5
209
330
1ED
100
AcDbEntity
  8
0
  6
Continuous
 62
    18
420
        0
370
    70
100
AcDbVertex
100
AcDb2dVertex
 10
33.21290870413565
 20
22.41146808183496
 30
0.0
  0
VERTEX
  5
20A
330
1ED
100
AcDbEntity
  8
0
  6
Continuous
 62
    18
420
        0
370
    70
100
AcDbVertex
100
AcDb2dVertex
 10
33.21290870413565
 20
22.51146808183496
 30
0.0
  0
VERTEX
  5
20B
330
1ED
100
AcDbEntity
  8
0
  6
Continuous
 62
    18
420
        0
370
    70
100
AcDbVertex
100
AcDb2dVertex
 10
31.78979691443359
 20
22.51146808183496
 30
0.0
  0
VERTEX
  5
20C
330
1ED
100
AcDbEntity
  8
0
  6
Continuous
 62
    18
420
        0
370
    70
100
AcDbVertex
100
AcDb2dVertex
 10
31.78979691443359
 20
28.55309797884095
 30
0.0
  0
VERTEX
  5
20D
330
1ED
100
AcDbEntity
  8
0
  6
Continuous
 62
    18
420
        0
370
    70
100
AcDbVertex
100
AcDb2dVertex
 10
34.42687819273343
 20
28.55309797884095
 30
0.0
  0
VERTEX
  5
20E
330
1ED
100
AcDbEntity
  8
0
  6
Continuous
 62
    18
420
        0
370
    70
100
AcDbVertex
100
AcDb2dVertex
 10
34.42687819273343
 20
22.51146808183496
 30
0.0
  0
VERTEX
  5
20F
330
1ED
100
AcDbEntity
  8
0
  6
Continuous
 62
    18
420
        0
370
    70
100
AcDbVertex
100
AcDb2dVertex
 10
34.27990870413563
 20
22.51146808183496
 30
0.0
  0
VERTEX
  5
210
330
1ED
100
AcDbEntity
  8
0
  6
Continuous
 62
    18
420
        0
370
    70
100
AcDbVertex
100
AcDb2dVertex
 10
34.27990870413566
 20
22.41146808183496
 30
0.0
  0
VERTEX
  5
211
330
1ED
100
AcDbEntity
  8
0
  6
Continuous
 62
    18
420
        0
370
    70
100
AcDbVertex
100
AcDb2dVertex
 10
34.6853517455474
 20
22.41146808183496
 30
0.0
  0
VERTEX
  5
212
330
1ED
100
AcDbEntity
  8
0
  6
Continuous
 62
    18
420
        0
370
    70
100
AcDbVertex
100
AcDb2dVertex
 10
34.6853517455474
 20
22.51146808183496
 30
0.0
  0
VERTEX
  5
213
330
1ED
100
AcDbEntity
  8
0
  6
Continuous
 62
    18
420
        0
370
    70
100
AcDbVertex
100
AcDb2dVertex
 10
34.52687819273343
 20
22.51146808183496
 30
0.0
  0
VERTEX
  5
214
330
1ED
100
AcDbEntity
  8
0
  6
Continuous
 62
    18
420
        0
370
    70
100
AcDbVertex
100
AcDb2dVertex
 10
34.52687819273343
 20
28.55309797884095
 30
0.0
  0
VERTEX
  5
215
330
1ED
100
AcDbEntity
  8
0
  6
Continuous
 62
    18
420
        0
370
    70
100
AcDbVertex
100
AcDb2dVertex
 10
37.16395947103327
 20
28.55309797884095
 30
0.0
  0
VERTEX
  5
216
330
1ED
100
AcDbEntity
  8
0
  6
Continuous
 62
    18
420
        0
370
    70
100
AcDbVertex
100
AcDb2dVertex
 10
37.16395947103327
 20
22.51146808183496
 30
0.0
  0
VERTEX
  5
217
330
1ED
100
AcDbEntity
  8
0
  6
Continuous
 62
    18
420
        0
370
    70
100
AcDbVertex
100
AcDb2dVertex
 10
35.75235174554739
 20
22.51146808183496
 30
0.0
  0
VERTEX
  5
218
330
1ED
100
AcDbEntity
  8
0
  6
Continuous
 62
    18
420
        0
370
    70
100
AcDbVertex
100
AcDb2dVertex
 10
35.75235174554739
 20
22.41146808183496
 30
0.0
  0
VERTEX
  5
219
330
1ED
100
AcDbEntity
  8
0
  6
Continuous
 62
    18
420
        0
370
    70
100
AcDbVertex
100
AcDb2dVertex
 10
37.26395947103327
 20
22.41146808183496
 30
0.0
  0
VERTEX
  5
21A
330
1ED
100
AcDbEntity
  8
0
  6
Continuous
 62
    18
420
        0
370
    70
100
AcDbVertex
100
AcDb2dVertex
 10
37.26395947103327
 20
28.55309797884094
 30
0.0
  0
VERTEX
  5
21B
330
1ED
100
AcDbEntity
  8
0
  6
Continuous
 62
    18
420
        0
370
    70
100
AcDbVertex
100
AcDb2dVertex
 10
50.79746541843227
 20
28.55309797884095
 30
0.0
  0
VERTEX
  5
21C
330
1ED
100
AcDbEntity
  8
0
  6
Continuous
 62
    18
420
        0
370
    70
100
AcDbVertex
100
AcDb2dVertex
 10
50.79746541843227
 20
22.41146808183496
 30
0.0
  0
VERTEX
  5
21D
330
1ED
100
AcDbEntity
  8
0
  6
Continuous
 62
    18
420
        0
370
    70
100
AcDbVertex
100
AcDb2dVertex
 10
52.27677822207562
 20
22.41146808183496
 30
0.0
  0
VERTEX
  5
21E
330
1ED
100
AcDbEntity
  8
0
  6
Continuous
 62
    18
420
        0
370
    70
100
AcDbVertex
100
AcDb2dVertex
 10
52.27677822207562
 20
22.51146808183496
 30
0.0
  0
VERTEX
  5
21F
330
1ED
100
AcDbEntity
  8
0
  6
Continuous
 62
    18
420
        0
370
    70
100
AcDbVertex
100
AcDb2dVertex
 10
50.89694727560288
 20
22.51146808183496
 30
0.0
  0
VERTEX
  5
220
330
1ED
100
AcDbEntity
  8
0
  6
Continuous
 62
    18
420
        0
370
    70
100
AcDbVertex
100
AcDb2dVertex
 10
50.89694727560288
 20
28.55309797884095
 30
0.0
  0
VERTEX
  5
221
330
1ED
100
AcDbEntity
  8
0
  6
Continuous
 62
    18
420
        0
370
    70
100
AcDbVertex
100
AcDb2dVertex
 10
53.53969538884748
 20
28.55309797884095
 30
0.0
  0
VERTEX
  5
222
330
1ED
100
AcDbEntity
  8
0
  6
Continuous
 62
    18
420
        0
370
    70
100
AcDbVertex
100
AcDb2dVertex
 10
53.53969538884746
 20
22.51146808183496
 30
0.0
  0
VERTEX
  5
223
330
1ED
100
AcDbEntity
  8
0
  6
Continuous
 62
    18
420
        0
370
    70
100
AcDbVertex
100
AcDb2dVertex
 10
53.34377822207562
 20
22.51146808183496
 30
0.0
  0
VERTEX
  5
224
330
1ED
100
AcDbEntity
  8
0
  6
Continuous
 62
    18
420
        0
370
    70
100
AcDbVertex
100
AcDb2dVertex
 10
53.34377822207564
 20
22.41146808183496
 30
0.0
  0
VERTEX
  5
225
330
1ED
100
AcDbEntity
  8
0
  6
Continuous
 62
    18
420
        0
370
    70
100
AcDbVertex
100
AcDb2dVertex
 10
53.83244630495851
 20
22.41146808183496
 30
0.0
  0
VERTEX
  5
226
330
1ED
100
AcDbEntity
  8
0
  6
Continuous
 62
    18
420
        0
370
    70
100
AcDbVertex
100
AcDb2dVertex
 10
53.83244630495851
 20
22.51146808183497
 30
0.0
  0
VERTEX
  5
227
330
1ED
100
AcDbEntity
  8
0
  6
Continuous
 62
    18
420
        0
370
    70
100
AcDbVertex
100
AcDb2dVertex
 10
53.63969538884746
 20
22.51146808183496
 30
0.0
  0
VERTEX
  5
228
330
1ED
100
AcDbEntity
  8
0
  6
Continuous
 62
    18
420
        0
370
    70
100
AcDbVertex
100
AcDb2dVertex
 10
53.63969538884746
 20
28.55309797884095
 30
0.0
  0
VERTEX
  5
229
330
1ED
100
AcDbEntity
  8
0
  6
Continuous
 62
    18
420
        0
370
    70
100
AcDbVertex
100
AcDb2dVertex
 10
56.28244350209201
 20
28.55309797884095
 30
0.0
  0
VERTEX
  5
22A
330
1ED
100
AcDbEntity
  8
0
  6
Continuous
 62
    18
420
        0
370
    70
100
AcDbVertex
100
AcDb2dVertex
 10
56.28244350209201
 20
22.51146808183496
 30
0.0
  0
VERTEX
  5
22B
330
1ED
100
AcDbEntity
  8
0
  6
Continuous
 62
    18
420
        0
370
    70
100
AcDbVertex
100
AcDb2dVertex
 10
54.89944630495852
 20
22.51146808183496
 30
0.0
  0
VERTEX
  5
22C
330
1ED
100
AcDbEntity
  8
0
  6
Continuous
 62
    18
420
        0
370
    70
100
AcDbVertex
100
AcDb2dVertex
 10
54.89944630495848
 20
22.41146808183496
 30
0.0
  0
VERTEX
  5
22D
330
1ED
100
AcDbEntity
  8
0
  6
Continuous
 62
    18
420
        0
370
    70
100
AcDbVertex
100
AcDb2dVertex
 10
56.38296164492139
 20
22.41146808183496
 30
0.0
  0
VERTEX
  5
22E
330
1ED
100
AcDbEntity
  8
0
  6
Continuous
 62
    18
420
        0
370
    70
100
AcDbVertex
100
AcDb2dVertex
 10
56.38296164492139
 20
28.55309797884095
 30
0.0
  0
VERTEX
  5
22F
330
1ED
100
AcDbEntity
  8
0
  6
Continuous
 62
    18
420
        0
370
    70
100
AcDbVertex
100
AcDb2dVertex
 10
58.95621398120762
 20
28.55309797884095
 30
0.0
  0
VERTEX
  5
230
330
1ED
100
AcDbEntity
  8
0
  6
Continuous
 62
    18
420
        0
370
    70
100
AcDbVertex
100
AcDb2dVertex
 10
58.9562139812076
 20
25.9748716810958
 30
0.0
  0
VERTEX
  5
231
330
1ED
100
AcDbEntity
  8
0
  6
Continuous
 62
    18
420
        0
370
    70
100
AcDbVertex
100
AcDb2dVertex
 10
59.05621398120763
 20
25.97487168109579
 30
0.0
  0
VERTEX
  5
232
330
1ED
100
AcDbEntity
  8
0
  6
Continuous
 62
    18
420
        0
370
    70
100
AcDbVertex
100
AcDb2dVertex
 10
59.05621398120763
 20
28.55309797884095
 30
0.0
  0
VERTEX
  5
233
330
1ED
100
AcDbEntity
  8
0
  6
Continuous
 62
    18
420
        0
370
    70
100
AcDbVertex
100
AcDb2dVertex
 10
64.60507568730391
 20
28.55309797884095
 30
0.0
  0
VERTEX
  5
234
330
1ED
100
AcDbEntity
  8
0
  6
Continuous
 62
    18
420
        0
370
    70
100
AcDbVertex
100
AcDb2dVertex
 10
64.60507568730391
 20
24.61811984890644
 30
0.0
  0
VERTEX
  5
235
330
1ED
100
AcDbEntity
  8
0
  6
Continuous
 62
    18
420
        0
370
    70
100
AcDbVertex
100
AcDb2dVertex
 10
59.05621398120763
 20
24.61811984890644
 30
0.0
  0
VERTEX
  5
236
330
1ED
100
AcDbEntity
  8
0
  6
Continuous
 62
    18
420
        0
370
    70
100
AcDbVertex
100
AcDb2dVertex
 10
59.05621398120763
 20
24.90787168109578
 30
0.0
  0
VERTEX
  5
237
330
1ED
100
AcDbEntity
  8
0
  6
Continuous
 62
    18
420
        0
370
    70
100
AcDbVertex
100
AcDb2dVertex
 10
58.95621398120762
 20
24.90787168109578
 30
0.0
  0
VERTEX
  5
238
330
1ED
100
AcDbEntity
  8
0
  6
Continuous
 62
    18
420
        0
370
    70
100
AcDbVertex
100
AcDb2dVertex
 10
58.95621398120762
 20
20.48136224216629
 30
0.0
  0
VERTEX
  5
239
330
1ED
100
AcDbEntity
  8
0
  6
Continuous
 62
    18
420
        0
370
    70
100
AcDbVertex
100
AcDb2dVertex
 10
59.05621398120763
 20
20.4813622421663
 30
0.0
  0
VERTEX
  5
23A
330
1ED
100
AcDbEntity
  8
0
  6
Continuous
 62
    18
420
        0
370
    70
100
AcDbVertex
100
AcDb2dVertex
 10
59.05621398120763
 20
24.51811984890644
 30
0.0
  0
VERTEX
  5
23B
330
1ED
100
AcDbEntity
  8
0
  6
Continuous
 62
    18
420
        0
370
    70
100
AcDbVertex
100
AcDb2dVertex
 10
64.60507568730391
 20
24.51811984890644
 30
0.0
  0
VERTEX
  5
23C
330
1ED
100
AcDbEntity
  8
0
  6
Continuous
 62
    18
420
        0
370
    70
100
AcDbVertex
100
AcDb2dVertex
 10
64.60507568730392
 20
19.137460541334
 30
0.0
  0
VERTEX
  5
23D
330
1ED
100
AcDbEntity
  8
0
  6
Continuous
 62
    18
420
        0
370
    70
100
AcDbVertex
100
AcDb2dVertex
 10
59.05621398120763
 20
19.137460541334
 30
0.0
  0
VERTEX
  5
23E
330
1ED
100
AcDbEntity
  8
0
  6
Continuous
 62
    18
420
        0
370
    70
100
AcDbVertex
100
AcDb2dVertex
 10
59.05621398120763
 20
19.41436224216631
 30
0.0
  0
VERTEX
  5
23F
330
1ED
100
AcDbEntity
  8
0
  6
Continuous
 62
    18
420
        0
370
    70
100
AcDbVertex
100
AcDb2dVertex
 10
58.95621398120762
 20
19.41436224216629
 30
0.0
  0
VERTEX
  5
240
330
1ED
100
AcDbEntity
  8
0
  6
Continuous
 62
    18
420
        0
370
    70
100
AcDbVertex
100
AcDb2dVertex
 10
58.95621398120762
 20
15.04430862817695
 30
0.0
  0
VERTEX
  5
241
330
1ED
100
AcDbEntity
  8
0
  6
Continuous
 62
    18
420
        0
370
    70
100
AcDbVertex
100
AcDb2dVertex
 10
59.05621398120763
 20
15.04430862817695
 30
0.0
  0
VERTEX
  5
242
330
1ED
100
AcDbEntity
  8
0
  6
Continuous
 62
    18
420
        0
370
    70
100
AcDbVertex
100
AcDb2dVertex
 10
59.05621398120763
 20
19.037460541334
 30
0.0
  0
VERTEX
  5
243
330
1ED
100
AcDbEntity
  8
0
  6
Continuous
 62
    18
420
        0
370
    70
100
AcDbVertex
100
AcDb2dVertex
 10
64.60507568730391
 20
19.037460541334
 30
0.0
  0
VERTEX
  5
244
330
1ED
100
AcDbEntity
  8
0
  6
Continuous
 62
    18
420
        0
370
    70
100
AcDbVertex
100
AcDb2dVertex
 10
64.60507568730392
 20
13.67164786245388
 30
0.0
  0
VERTEX
  5
245
330
1ED
100
AcDbEntity
  8
0
  6
Continuous
 62
    18
420
        0
370
    70
100
AcDbVertex
100
AcDb2dVertex
 10
59.05621398120763
 20
13.67164786245388
 30
0.0
  0
VERTEX
  5
246
330
1ED
100
AcDbEntity
  8
0
  6
Continuous
 62
    18
420
        0
370
    70
100
AcDbVertex
100
AcDb2dVertex
 10
59.05621398120763
 20
13.97730862817695
 30
0.0
  0
VERTEX
  5
247
330
1ED
100
AcDbEntity
  8
0
  6
Continuous
 62
    18
420
        0
370
    70
100
AcDbVertex
100
AcDb2dVertex
 10
58.95621398120762
 20
13.97730862817695
 30
0.0
  0
VERTEX
  5
248
330
1ED
100
AcDbEntity
  8
0
  6
Continuous
 62
    18
420
        0
370
    70
100
AcDbVertex
100
AcDb2dVertex
 10
58.95621398120762
 20
9.45502736968778
 30
0.0
  0
VERTEX
  5
249
330
1ED
100
AcDbEntity
  8
0
  6
Continuous
 62
    18
420
        0
370
    70
100
AcDbVertex
100
AcDb2dVertex
 10
59.05621398120763
 20
9.455027369687777
 30
0.0
  0
VERTEX
  5
24A
330
1ED
100
AcDbEntity
  8
0
  6
Continuous
 62
    18
420
        0
370
    70
100
AcDbVertex
100
AcDb2dVertex
 10
59.05621398120763
 20
13.57164786245389
 30
0.0
  0
VERTEX
  5
24B
330
1ED
100
AcDbEntity
  8
0
  6
Continuous
 62
    18
420
        0
370
    70
100
AcDbVertex
100
AcDb2dVertex
 10
64.60507568730391
 20
13.57164786245389
 30
0.0
  0
VERTEX
  5
24C
330
1ED
100
AcDbEntity
  8
0
  6
Continuous
 62
    18
420
        0
370
    70
100
AcDbVertex
100
AcDb2dVertex
 10
64.60507568730391
 20
8.099300748403547
 30
0.0
  0
VERTEX
  5
24D
330
1ED
100
AcDbEntity
  8
0
  6
Continuous
 62
    18
420
        0
370
    70
100
AcDbVertex
100
AcDb2dVertex
 10
59.05621398120763
 20
8.099300748403547
 30
0.0
  0
VERTEX
  5
24E
330
1ED
100
AcDbEntity
  8
0
  6
Continuous
 62
    18
420
        0
370
    70
100
AcDbVertex
100
AcDb2dVertex
 10
59.05621398120763
 20
8.388027369687773
 30
0.0
  0
VERTEX
  5
24F
330
1ED
100
AcDbEntity
  8
0
  6
Continuous
 62
    18
420
        0
370
    70
100
AcDbVertex
100
AcDb2dVertex
 10
58.95621398120766
 20
8.388027369687773
 30
0.0
  0
VERTEX
  5
250
330
1ED
100
AcDbEntity
  8
0
  6
Continuous
 62
    18
420
        0
370
    70
100
AcDbVertex
100
AcDb2dVertex
 10
58.95621398120762
 20
7.899300748403558
 30
0.0
  0
VERTEX
  5
251
330
1ED
100
AcDbEntity
  8
0
  6
Continuous
 62
    18
420
        0
370
    70
100
AcDbVertex
100
AcDb2dVertex
 10
64.60507568730391
 20
7.899300748403558
 30
0.0
  0
VERTEX
  5
252
330
1ED
100
AcDbEntity
  8
0
  6
Continuous
 62
    18
420
        0
370
    70
100
AcDbVertex
100
AcDb2dVertex
 10
64.60507568730391
 20
0.0210000000000008
 30
0.0
  0
VERTEX
  5
253
330
1ED
100
AcDbEntity
  8
0
  6
Continuous
 62
    18
420
        0
370
    70
100
AcDbVertex
100
AcDb2dVertex
 10
49.44162828594634
 20
0.0210000000000008
 30
0.0
  0
VERTEX
  5
254
330
1ED
100
AcDbEntity
  8
0
  6
Continuous
 62
    18
420
        0
370
    70
100
AcDbVertex
100
AcDb2dVertex
 10
49.44162828594632
 20
5.839148362966554
 30
0.0
  0
VERTEX
  5
255
330
1ED
100
AcDbEntity
  8
0
  6
Continuous
 62
    18
420
        0
370
    70
100
AcDbVertex
100
AcDb2dVertex
 10
47.62019164201375
 20
5.839189335089998
 30
0.0
  0
VERTEX
  5
256
330
1ED
100
AcDbEntity
  8
0
  6
Continuous
 62
    18
420
        0
370
    70
100
AcDbVertex
100
AcDb2dVertex
 10
47.62019164201375
 20
5.739096347032579
 30
0.0
  0
VERTEX
  5
257
330
1ED
100
AcDbEntity
  8
0
  6
Continuous
 62
    18
420
        0
370
    70
100
AcDbVertex
100
AcDb2dVertex
 10
49.34162828594632
 20
5.739096347032579
 30
0.0
  0
VERTEX
  5
258
330
1ED
100
AcDbEntity
  8
0
  6
Continuous
 62
    18
420
        0
370
    70
100
AcDbVertex
100
AcDb2dVertex
 10
49.34162828594632
 20
0.0210000000000008
 30
0.0
  0
VERTEX
  5
259
330
1ED
100
AcDbEntity
  8
0
  6
Continuous
 62
    18
420
        0
370
    70
100
AcDbVertex
100
AcDb2dVertex
 10
43.96100553750968
 20
0.0210000000000008
 30
0.0
  0
VERTEX
  5
25A
330
1ED
100
AcDbEntity
  8
0
  6
Continuous
 62
    18
420
        0
370
    70
100
AcDbVertex
100
AcDb2dVertex
 10
43.96100553750968
 20
5.739096347032579
 30
0.0
  0
VERTEX
  5
25B
330
1ED
100
AcDbEntity
  8
0
  6
Continuous
 62
    18
420
        0
370
    70
100
AcDbVertex
100
AcDb2dVertex
 10
45.64302497534705
 20
5.739096347032579
 30
0.0
  0
VERTEX
  5
25C
330
1ED
100
AcDbEntity
  8
0
  6
Continuous
 62
    18
420
        0
370
    70
100
AcDbVertex
100
AcDb2dVertex
 10
45.64302497534708
 20
5.839199816490087
 30
0.0
  0
VERTEX
  5
25D
330
1ED
100
AcDbEntity
  8
0
  6
Continuous
 62
    18
420
        0
370
    70
100
AcDbVertex
100
AcDb2dVertex
 10
42.18190222691045
 20
5.839243172578058
 30
0.0
  0
VERTEX
  5
25E
330
1ED
100
AcDbEntity
  8
0
  6
Continuous
 62
    18
420
        0
370
    70
100
AcDbVertex
100
AcDb2dVertex
 10
42.18190222691045
 20
5.739096347032579
 30
0.0
  0
VERTEX
  5
25F
330
1ED
100
AcDbEntity
  8
0
  6
Continuous
 62
    18
420
        0
370
    70
100
AcDbVertex
100
AcDb2dVertex
 10
43.86100553750968
 20
5.739096347032579
 30
0.0
  0
VERTEX
  5
260
330
1ED
100
AcDbEntity
  8
0
  6
Continuous
 62
    18
420
        0
370
    70
100
AcDbVertex
100
AcDb2dVertex
 10
43.86100553750968
 20
0.0210000000000008
 30
0.0
  0
VERTEX
  5
261
330
1ED
100
AcDbEntity
  8
0
  6
Continuous
 62
    18
420
        0
370
    70
100
AcDbVertex
100
AcDb2dVertex
 10
38.48038278907305
 20
0.0210000000000008
 30
0.0
  0
VERTEX
  5
262
330
1ED
100
AcDbEntity
  8
0
  6
Continuous
 62
    18
420
        0
370
    70
100
AcDbVertex
100
AcDb2dVertex
 10
38.48038278907305
 20
5.739096347032579
 30
0.0
  0
VERTEX
  5
263
330
1ED
100
AcDbEntity
  8
0
  6
Continuous
 62
    18
420
        0
370
    70
100
AcDbVertex
100
AcDb2dVertex
 10
40.20473556024378
 20
5.739096347032579
 30
0.0
  0
VERTEX
  5
264
330
1ED
100
AcDbEntity
  8
0
  6
Continuous
 62
    18
420
        0
370
    70
100
AcDbVertex
100
AcDb2dVertex
 10
40.20473556024378
 20
5.839253653978155
 30
0.0
  0
VERTEX
  5
265
330
1ED
100
AcDbEntity
  8
0
  6
Continuous
 62
    18
420
        0
370
    70
100
AcDbVertex
100
AcDb2dVertex
 10
36.66812641775093
 20
5.839296919886067
 30
0.0
  0
VERTEX
  5
266
330
1ED
100
AcDbEntity
  8
0
  6
Continuous
 62
    18
420
        0
370
    70
100
AcDbVertex
100
AcDb2dVertex
 10
36.66812641775093
 20
5.739096347032579
 30
0.0
  0
VERTEX
  5
267
330
1ED
100
AcDbEntity
  8
0
  6
Continuous
 62
    18
420
        0
370
    70
100
AcDbVertex
100
AcDb2dVertex
 10
38.38038278907307
 20
5.739096347032579
 30
0.0
  0
VERTEX
  5
268
330
1ED
100
AcDbEntity
  8
0
  6
Continuous
 62
    18
420
        0
370
    70
100
AcDbVertex
100
AcDb2dVertex
 10
38.38038278907306
 20
0.0210000000000008
 30
0.0
  0
VERTEX
  5
269
330
1ED
100
AcDbEntity
  8
0
  6
Continuous
 62
    18
420
        0
370
    70
100
AcDbVertex
100
AcDb2dVertex
 10
33.00894031324686
 20
0.0210000000000008
 30
0.0
  0
VERTEX
  5
26A
330
1ED
100
AcDbEntity
  8
0
  6
Continuous
 62
    18
420
        0
370
    70
100
AcDbVertex
100
AcDb2dVertex
 10
33.00894031324687
 20
5.739096347032579
 30
0.0
  0
VERTEX
  5
26B
330
1ED
100
AcDbEntity
  8
0
  6
Continuous
 62
    18
420
        0
370
    70
100
AcDbVertex
100
AcDb2dVertex
 10
34.69095975108426
 20
5.739096347032579
 30
0.0
  0
VERTEX
  5
26C
330
1ED
100
AcDbEntity
  8
0
  6
Continuous
 62
    18
420
        0
370
    70
100
AcDbVertex
100
AcDb2dVertex
 10
34.69095975108426
 20
5.83930740128617
 30
0.0
  0
VERTEX
  5
26D
330
1ED
100
AcDbEntity
  8
0
  6
Continuous
 62
    18
420
        0
370
    70
100
AcDbVertex
100
AcDb2dVertex
 10
31.11482339670385
 20
5.839350847554194
 30
0.0
  0
VERTEX
  5
26E
330
1ED
100
AcDbEntity
  8
0
  6
Continuous
 62
    18
420
        0
370
    70
100
AcDbVertex
100
AcDb2dVertex
 10
31.11482339670385
 20
5.739096347032579
 30
0.0
  0
VERTEX
  5
26F
330
1ED
100
AcDbEntity
  8
0
  6
Continuous
 62
    18
420
        0
370
    70
100
AcDbVertex
100
AcDb2dVertex
 10
32.90894031324689
 20
5.739096347032579
 30
0.0
  0
VERTEX
  5
270
330
1ED
100
AcDbEntity
  8
0
  6
Continuous
 62
    18
420
        0
370
    70
100
AcDbVertex
100
AcDb2dVertex
 10
32.90894031324689
 20
0.0210000000000008
 30
0.0
  0
VERTEX
  5
271
330
1ED
100
AcDbEntity
  8
0
  6
Continuous
 62
    18
420
        0
370
    70
100
AcDbVertex
100
AcDb2dVertex
 10
27.51913729219978
 20
0.0210000000000008
 30
0.0
  0
VERTEX
  5
272
330
1ED
100
AcDbEntity
  8
0
  6
Continuous
 62
    18
420
        0
370
    70
100
AcDbVertex
100
AcDb2dVertex
 10
27.51913729219981
 20
5.739096347032579
 30
0.0
  0
VERTEX
  5
273
330
1ED
100
AcDbEntity
  8
0
  6
Continuous
 62
    18
420
        0
370
    70
100
AcDbVertex
100
AcDb2dVertex
 10
29.2434900633705
 20
5.739096347032579
 30
0.0
  0
VERTEX
  5
274
330
1ED
100
AcDbEntity
  8
0
  6
Continuous
 62
    18
420
        0
370
    70
100
AcDbVertex
100
AcDb2dVertex
 10
29.24349006337054
 20
5.839361328954283
 30
0.0
  0
VERTEX
  5
275
330
1ED
100
AcDbEntity
  8
0
  6
Continuous
 62
    18
420
        0
370
    70
100
AcDbVertex
100
AcDb2dVertex
 10
25.69489452682145
 20
5.839404504682172
 30
0.0
  0
VERTEX
  5
276
330
1ED
100
AcDbEntity
  8
0
  6
Continuous
 62
    18
420
        0
370
    70
100
AcDbVertex
100
AcDb2dVertex
 10
25.69489452682145
 20
5.739096347032579
 30
0.0
  0
VERTEX
  5
277
330
1ED
100
AcDbEntity
  8
0
  6
Continuous
 62
    18
420
        0
370
    70
100
AcDbVertex
100
AcDb2dVertex
 10
27.41913729219979
 20
5.739096347032579
 30
0.0
  0
VERTEX
  5
278
330
1ED
100
AcDbEntity
  8
0
  6
Continuous
 62
    18
420
        0
370
    70
100
AcDbVertex
100
AcDb2dVertex
 10
27.41913729219979
 20
0.0210000000000008
 30
0.0
  0
VERTEX
  5
279
330
1ED
100
AcDbEntity
  8
0
  6
Continuous
 62
    18
420
        0
370
    70
100
AcDbVertex
100
AcDb2dVertex
 10
22.05687508898405
 20
0.0210000000000008
 30
0.0
  0
VERTEX
  5
27A
330
1ED
100
AcDbEntity
  8
0
  6
Continuous
 62
    18
420
        0
370
    70
100
AcDbVertex
100
AcDb2dVertex
 10
22.05687508898406
 20
5.739096347032579
 30
0.0
  0
VERTEX
  5
27B
330
1ED
100
AcDbEntity
  8
0
  6
Continuous
 62
    18
420
        0
370
    70
100
AcDbVertex
100
AcDb2dVertex
 10
23.73889452682142
 20
5.739096347032579
 30
0.0
  0
VERTEX
  5
27C
330
1ED
100
AcDbEntity
  8
0
  6
Continuous
 62
    18
420
        0
370
    70
100
AcDbVertex
100
AcDb2dVertex
 10
23.73889452682144
 20
5.839414986082247
 30
0.0
  0
VERTEX
  5
27D
330
1ED
100
AcDbEntity
  8
0
  6
Continuous
 62
    18
420
        0
370
    70
100
AcDbVertex
100
AcDb2dVertex
 10
20.25660511171811
 20
5.839458342170225
 30
0.0
  0
VERTEX
  5
27E
330
1ED
100
AcDbEntity
  8
0
  6
Continuous
 62
    18
420
        0
370
    70
100
AcDbVertex
100
AcDb2dVertex
 10
20.25660511171813
 20
5.739096347032579
 30
0.0
  0
VERTEX
  5
27F
330
1ED
100
AcDbEntity
  8
0
  6
Continuous
 62
    18
420
        0
370
    70
100
AcDbVertex
100
AcDb2dVertex
 10
21.95687508898404
 20
5.739096347032579
 30
0.0
  0
VERTEX
  5
280
330
1ED
100
AcDbEntity
  8
0
  6
Continuous
 62
    18
420
        0
370
    70
100
AcDbVertex
100
AcDb2dVertex
 10
21.95687508898404
 20
0.0210000000000008
 30
0.0
  0
VERTEX
  5
281
330
1ED
100
AcDbEntity
  8
0
  6
Continuous
 62
    18
420
        0
370
    70
100
AcDbVertex
100
AcDb2dVertex
 10
16.57625234054742
 20
0.0210000000000008
 30
0.0
  0
VERTEX
  5
282
330
1ED
100
AcDbEntity
  8
0
  6
Continuous
 62
    18
420
        0
370
    70
100
AcDbVertex
100
AcDb2dVertex
 10
16.57625234054742
 20
5.739096347032579
 30
0.0
  0
VERTEX
  5
283
330
1ED
100
AcDbEntity
  8
0
  6
Continuous
 62
    18
420
        0
370
    70
100
AcDbVertex
100
AcDb2dVertex
 10
18.30060511171815
 20
5.739096347032579
 30
0.0
  0
VERTEX
  5
284
330
1ED
100
AcDbEntity
  8
0
  6
Continuous
 62
    18
420
        0
370
    70
100
AcDbVertex
100
AcDb2dVertex
 10
18.30060511171816
 20
5.839468823570307
 30
0.0
  0
VERTEX
  5
285
330
1ED
100
AcDbEntity
  8
0
  6
Continuous
 62
    18
420
        0
370
    70
100
AcDbVertex
100
AcDb2dVertex
 10
16.47625234054743
 20
5.83947218985913
 30
0.0
  0
VERTEX
  5
286
330
1ED
100
AcDbEntity
  8
0
  6
Continuous
 62
    18
420
        0
370
    70
100
AcDbVertex
100
AcDb2dVertex
 10
16.47625234054743
 20
0.0210000000000008
 30
0.0
  0
VERTEX
  5
287
330
1ED
100
AcDbEntity
  8
0
  6
Continuous
 62
    18
420
        0
370
    70
100
AcDbVertex
100
AcDb2dVertex
 10
6.734924312696102
 20
0.0210000000000008
 30
0.0
  0
VERTEX
  5
288
330
1ED
100
AcDbEntity
  8
0
  6
Continuous
 62
    18
420
        0
370
    70
100
AcDbVertex
100
AcDb2dVertex
 10
6.73608862859586
 20
7.899300748403558
 30
0.0
  0
VERTEX
  5
289
330
1ED
100
AcDbEntity
  8
0
  6
Continuous
 62
    18
420
        0
370
    70
100
AcDbVertex
100
AcDb2dVertex
 10
12.52483445286154
 20
7.899300748403558
 30
0.0
  0
VERTEX
  5
28A
330
1ED
100
AcDbEntity
  8
0
  6
Continuous
 62
    18
420
        0
370
    70
100
AcDbVertex
100
AcDb2dVertex
 10
12.52483445286154
 20
8.16114670237031
 30
0.0
  0
VERTEX
  5
28B
330
1ED
100
AcDbEntity
  8
0
  6
Continuous
 62
    18
420
        0
370
    70
100
AcDbVertex
100
AcDb2dVertex
 10
12.42483445286155
 20
8.161146702370292
 30
0.0
  0
VERTEX
  5
28C
330
1ED
100
AcDbEntity
  8
0
  6
Continuous
 62
    18
420
        0
370
    70
100
AcDbVertex
100
AcDb2dVertex
 10
12.42483445286155
 20
7.999300748403559
 30
0.0
  0
VERTEX
  5
28D
330
1ED
100
AcDbEntity
  8
0
  6
Continuous
 62
    18
420
        0
370
    70
100
AcDbVertex
100
AcDb2dVertex
 10
6.735393111138387
 20
7.999300748403559
 30
0.0
  0
VERTEX
  5
28E
330
1ED
100
AcDbEntity
  8
0
  6
Continuous
 62
    18
420
        0
370
    70
100
AcDbVertex
100
AcDb2dVertex
 10
6.735848206568158
 20
10.62584171444267
 30
0.0
  0
VERTEX
  5
28F
330
1ED
100
AcDbEntity
  8
0
  6
Continuous
 62
    18
420
        0
370
    70
100
AcDbVertex
100
AcDb2dVertex
 10
12.42483445286155
 20
10.62584171370621
 30
0.0
  0
VERTEX
  5
290
330
1ED
100
AcDbEntity
  8
0
  6
Continuous
 62
    18
420
        0
370
    70
100
AcDbVertex
100
AcDb2dVertex
 10
12.42483445286155
 20
9.2281467023703
 30
0.0
  0
VERTEX
  5
291
330
1ED
100
AcDbEntity
  8
0
  6
Continuous
 62
    18
420
        0
370
    70
100
AcDbVertex
100
AcDb2dVertex
 10
12.52483445286154
 20
9.228146702370282
 30
0.0
  0
VERTEX
  5
292
330
1ED
100
AcDbEntity
  8
0
  6
Continuous
 62
    18
420
        0
370
    70
100
AcDbVertex
100
AcDb2dVertex
 10
12.52483445286154
 20
10.88768766767296
 30
0.0
  0
VERTEX
  5
293
330
1ED
100
AcDbEntity
  8
0
  6
Continuous
 62
    18
420
        0
370
    70
100
AcDbVertex
100
AcDb2dVertex
 10
12.42483445286155
 20
10.88768766767294
 30
0.0
  0
VERTEX
  5
294
330
1ED
100
AcDbEntity
  8
0
  6
Continuous
 62
    18
420
        0
370
    70
100
AcDbVertex
100
AcDb2dVertex
 10
12.42483445286155
 20
10.72584171370621
 30
0.0
  0
VERTEX
  5
295
330
1ED
100
AcDbEntity
  8
0
  6
Continuous
 62
    18
420
        0
370
    70
100
AcDbVertex
100
AcDb2dVertex
 10
6.735393111138387
 20
10.72584171370621
 30
0.0
  0
VERTEX
  5
296
330
1ED
100
AcDbEntity
  8
0
  6
Continuous
 62
    18
420
        0
370
    70
100
AcDbVertex
100
AcDb2dVertex
 10
6.735848206568158
 20
13.35238267974532
 30
0.0
  0
VERTEX
  5
297
330
1ED
100
AcDbEntity
  8
0
  6
Continuous
 62
    18
420
        0
370
    70
100
AcDbVertex
100
AcDb2dVertex
 10
12.42483445286155
 20
13.35238267900885
 30
0.0
  0
VERTEX
  5
298
330
1ED
100
AcDbEntity
  8
0
  6
Continuous
 62
    18
420
        0
370
    70
100
AcDbVertex
100
AcDb2dVertex
 10
12.42483445286155
 20
11.95468766767295
 30
0.0
  0
VERTEX
  5
299
330
1ED
100
AcDbEntity
  8
0
  6
Continuous
 62
    18
420
        0
370
    70
100
AcDbVertex
100
AcDb2dVertex
 10
12.52483445286154
 20
11.95468766767296
 30
0.0
  0
VERTEX
  5
29A
330
1ED
100
AcDbEntity
  8
0
  6
Continuous
 62
    18
420
        0
370
    70
100
AcDbVertex
100
AcDb2dVertex
 10
12.52483445286154
 20
13.61422863297558
 30
0.0
  0
VERTEX
  5
29B
330
1ED
100
AcDbEntity
  8
0
  6
Continuous
 62
    18
420
        0
370
    70
100
AcDbVertex
100
AcDb2dVertex
 10
12.42483445286155
 20
13.6142286329756
 30
0.0
  0
VERTEX
  5
29C
330
1ED
100
AcDbEntity
  8
0
  6
Continuous
 62
    18
420
        0
370
    70
100
AcDbVertex
100
AcDb2dVertex
 10
12.42483445286155
 20
13.45238267900886
 30
0.0
  0
VERTEX
  5
29D
330
1ED
100
AcDbEntity
  8
0
  6
Continuous
 62
    18
420
        0
370
    70
100
AcDbVertex
100
AcDb2dVertex
 10
6.735852497426003
 20
13.45238267900887
 30
0.0
  0
VERTEX
  5
29E
330
1ED
100
AcDbEntity
  8
0
  6
Continuous
 62
    18
420
        0
370
    70
100
AcDbVertex
100
AcDb2dVertex
 10
6.736311883713676
 20
16.07892364431152
 30
0.0
  0
VERTEX
  5
29F
330
1ED
100
AcDbEntity
  8
0
  6
Continuous
 62
    18
420
        0
370
    70
100
AcDbVertex
100
AcDb2dVertex
 10
12.42483445286155
 20
16.07892364431152
 30
0.0
  0
VERTEX
  5
2A0
330
1ED
100
AcDbEntity
  8
0
  6
Continuous
 62
    18
420
        0
370
    70
100
AcDbVertex
100
AcDb2dVertex
 10
12.42483445286155
 20
14.6812286329756
 30
0.0
  0
VERTEX
  5
2A1
330
1ED
100
AcDbEntity
  8
0
  6
Continuous
 62
    18
420
        0
370
    70
100
AcDbVertex
100
AcDb2dVertex
 10
12.52483445286154
 20
14.68122863297561
 30
0.0
  0
VERTEX
  5
2A2
330
1ED
100
AcDbEntity
  8
0
  6
Continuous
 62
    18
420
        0
370
    70
100
AcDbVertex
100
AcDb2dVertex
 10
12.52483445286154
 20
16.34076959827826
 30
0.0
  0
VERTEX
  5
2A3
330
1ED
100
AcDbEntity
  8
0
  6
Continuous
 62
    18
420
        0
370
    70
100
AcDbVertex
100
AcDb2dVertex
 10
12.42483445286155
 20
16.34076959827826
 30
0.0
  0
VERTEX
  5
2A4
330
1ED
100
AcDbEntity
  8
0
  6
Continuous
 62
    18
420
        0
370
    70
100
AcDbVertex
100
AcDb2dVertex
 10
12.42483445286155
 20
16.17892364431151
 30
0.0
  0
VERTEX
  5
2A5
330
1ED
100
AcDbEntity
  8
0
  6
Continuous
 62
    18
420
        0
370
    70
100
AcDbVertex
100
AcDb2dVertex
 10
6.735839621373964
 20
16.17892364431151
 30
0.0
  0
VERTEX
  5
2A6
330
1ED
100
AcDbEntity
  8
0
  6
Continuous
 62
    18
420
        0
370
    70
100
AcDbVertex
100
AcDb2dVertex
 10
6.736184976733706
 20
18.82569256318257
 30
0.0
  0
VERTEX
  5
2A7
330
1ED
100
AcDbEntity
  8
0
  6
Continuous
 62
    18
420
        0
370
    70
100
AcDbVertex
100
AcDb2dVertex
 10
12.42483445286155
 20
18.82569256276486
 30
0.0
  0
VERTEX
  5
2A8
330
1ED
100
AcDbEntity
  8
0
  6
Continuous
 62
    18
420
        0
370
    70
100
AcDbVertex
100
AcDb2dVertex
 10
12.42483445286155
 20
17.40776959827825
 30
0.0
  0
VERTEX
  5
2A9
330
1ED
100
AcDbEntity
  8
0
  6
Continuous
 62
    18
420
        0
370
    70
100
AcDbVertex
100
AcDb2dVertex
 10
12.52483445286154
 20
17.40776959827826
 30
0.0
  0
VERTEX
  5
2AA
330
1ED
100
AcDbEntity
  8
0
  6
Continuous
 62
    18
420
        0
370
    70
100
AcDbVertex
100
AcDb2dVertex
 10
12.52483445286154
 20
19.08753851673159
 30
0.0
  0
VERTEX
  5
2AB
330
1ED
100
AcDbEntity
  8
0
  6
Continuous
 62
    18
420
        0
370
    70
100
AcDbVertex
100
AcDb2dVertex
 10
12.42483445286155
 20
19.0875385167316
 30
0.0
  0
VERTEX
  5
2AC
330
1ED
100
AcDbEntity
  8
0
  6
Continuous
 62
    18
420
        0
370
    70
100
AcDbVertex
100
AcDb2dVertex
 10
12.42483445286155
 20
18.92569256276486
 30
0.0
  0
VERTEX
  5
2AD
330
1ED
100
AcDbEntity
  8
0
  6
Continuous
 62
    18
420
        0
370
    70
100
AcDbVertex
100
AcDb2dVertex
 10
6.73618820825717
 20
18.92569256276486
 30
0.0
  0
VERTEX
  5
2AE
330
1ED
100
AcDbEntity
  8
0
  6
Continuous
 62
    18
420
        0
370
    70
100
AcDbVertex
100
AcDb2dVertex
 10
6.736536795140347
 20
21.57246148121822
 30
0.0
  0
VERTEX
  5
2AF
330
1ED
100
AcDbEntity
  8
0
  6
Continuous
 62
    18
420
        0
370
    70
100
AcDbVertex
100
AcDb2dVertex
 10
12.42483445286155
 20
21.57246148121821
 30
0.0
  0
VERTEX
  5
2B0
330
1ED
100
AcDbEntity
  8
0
  6
Continuous
 62
    18
420
        0
370
    70
100
AcDbVertex
100
AcDb2dVertex
 10
12.42483445286155
 20
20.15453851673159
 30
0.0
  0
VERTEX
  5
2B1
330
1ED
100
AcDbEntity
  8
0
  6
Continuous
 62
    18
420
        0
370
    70
100
AcDbVertex
100
AcDb2dVertex
 10
12.52483445286154
 20
20.15453851673159
 30
0.0
  0
VERTEX
  5
2B2
330
1ED
100
AcDbEntity
  8
0
  6
Continuous
 62
    18
420
        0
370
    70
100
AcDbVertex
100
AcDb2dVertex
 10
12.52483445286154
 20
21.83430743518495
 30
0.0
  0
VERTEX
  5
2B3
330
1ED
100
AcDbEntity
  8
0
  6
Continuous
 62
    18
420
        0
370
    70
100
AcDbVertex
100
AcDb2dVertex
 10
12.42483445286155
 20
21.83430743518494
 30
0.0
  0
VERTEX
  5
2B4
330
1ED
100
AcDbEntity
  8
0
  6
Continuous
 62
    18
420
        0
370
    70
100
AcDbVertex
100
AcDb2dVertex
 10
12.42483445286155
 20
21.67246148121821
 30
0.0
  0
VERTEX
  5
2B5
330
1ED
100
AcDbEntity
  8
0
  6
Continuous
 62
    18
420
        0
370
    70
100
AcDbVertex
100
AcDb2dVertex
 10
6.736289444227332
 20
21.67246148121821
 30
0.0
  0
VERTEX
  5
2B6
330
1ED
100
AcDbEntity
  8
0
  6
Continuous
 62
    18
420
        0
370
    70
100
AcDbVertex
100
AcDb2dVertex
 10
6.736534748085852
 20
24.64327642988882
 30
0.0
  0
VERTEX
  5
2B7
330
1ED
100
AcDbEntity
  8
0
  6
Continuous
 62
    18
420
        0
370
    70
100
AcDbVertex
100
AcDb2dVertex
 10
12.42483445286155
 20
24.6432764297212
 30
0.0
  0
VERTEX
  5
2B8
330
1ED
100
AcDbEntity
  8
0
  6
Continuous
 62
    18
420
        0
370
    70
100
AcDbVertex
100
AcDb2dVertex
 10
12.42483445286155
 20
22.90130743518495
 30
0.0
  0
VERTEX
  5
2B9
330
1ED
100
AcDbEntity
  8
0
  6
Continuous
 62
    18
420
        0
370
    70
100
AcDbVertex
100
AcDb2dVertex
 10
12.52483445286154
 20
22.90130743518491
 30
0.0
  0
VERTEX
  5
2BA
330
1ED
100
AcDbEntity
  8
0
  6
Continuous
 62
    18
420
        0
370
    70
100
AcDbVertex
100
AcDb2dVertex
 10
12.52483445286154
 20
24.90512238368794
 30
0.0
  0
VERTEX
  5
2BB
330
1ED
100
AcDbEntity
  8
0
  6
Continuous
 62
    18
420
        0
370
    70
100
AcDbVertex
100
AcDb2dVertex
 10
12.42483445286438
 20
24.90512238368794
 30
0.0
  0
VERTEX
  5
2BC
330
1ED
100
AcDbEntity
  8
0
  6
Continuous
 62
    18
420
        0
370
    70
100
AcDbVertex
100
AcDb2dVertex
 10
12.42483445286449
 20
24.7432764297212
 30
0.0
  0
VERTEX
  5
2BD
330
1ED
100
AcDbEntity
  8
0
  6
Continuous
 62
    18
420
        0
370
    70
100
AcDbVertex
100
AcDb2dVertex
 10
6.736536795143275
 20
24.7432764297212
 30
0.0
  0
SEQEND
  5
2BE
330
1ED
100
AcDbEntity
  8
0
  6
Continuous
 62
    18
420
        0
370
    70
  0
ENDSEC
  0
SECTION
  2
OBJECTS
  0
DICTIONARY
  5
C
330
0
100
AcDbDictionary
281
     1
  3
ACAD_DETAILVIEWSTYLE
350
2F6
  3
ACAD_GROUP
350
D
  3
ACAD_LAYOUT
350
1A
  3
ACAD_MATERIAL
350
43
  3
ACAD_MLEADERSTYLE
350
5B
  3
ACAD_MLINESTYLE
350
17
  3
ACAD_PLOTSETTINGS
350
19
  3
ACAD_PLOTSTYLENAME
350
E
  3
ACAD_SCALELIST
350
47
  3
ACAD_SECTIONVIEWSTYLE
350
2F7
  3
ACAD_TABLESTYLE
350
59
  3
ACAD_VISUALSTYLE
350
2A
  3
ACDB_RECOMPOSE_DATA
350
2F3
  3
AcDbVariableDictionary
350
2BF
  0
SUN
  5
5D
330
29
100
AcDbSun
 90
        1
290
     0
 63
     7
421
 16777215
 40
1.0
291
     1
 91
  2455826
 92
 54000000
292
     0
 70
     2
 71
   256
280
     1
  0
DICTIONARY
  5
2F6
102
{ACAD_REACTORS
330
C
102
}
330
C
100
AcDbDictionary
281
     1
  0
DICTIONARY
  5
D
102
{ACAD_REACTORS
330
C
102
}
330
C
100
AcDbDictionary
281
     1
  0
DICTIONARY
  5
1A
102
{ACAD_REACTORS
330
C
102
}
330
C
100
AcDbDictionary
281
     1
  3
Layout1
350
1E
  3
Layout2
350
26
  3
Model
350
22
  0
DICTIONARY
  5
43
102
{ACAD_REACTORS
330
C
102
}
330
C
100
AcDbDictionary
281
     1
  3
ByBlock
350
45
  3
ByLayer
350
44
  3
Global
350
46
  0
DICTIONARY
  5
5B
102
{ACAD_REACTORS
330
C
102
}
330
C
100
AcDbDictionary
281
     1
  3
Standard
350
5C
  0
DICTIONARY
  5
17
102
{ACAD_REACTORS
330
C
102
}
330
C
100
AcDbDictionary
281
     1
  3
Standard
350
18
  0
DICTIONARY
  5
19
102
{ACAD_REACTORS
330
C
102
}
330
C
100
AcDbDictionary
281
     1
  0
ACDBDICTIONARYWDFLT
  5
E
102
{ACAD_REACTORS
330
C
102
}
330
C
100
AcDbDictionary
281
     1
  3
Normal
350
F
100
AcDbDictionaryWithDefault
340
F
  0
DICTIONARY
  5
47
102
{ACAD_REACTORS
330
C
102
}
330
C
100
AcDbDictionary
281
     1
  3
A0
350
48
  3
A1
350
49
  3
A2
350
4A
  3
A3
350
4B
  3
A4
350
4C
  3
A5
350
4D
  3
A6
350
4E
  3
A7
350
4F
  3
A8
350
50
  3
A9
350
51
  3
B1
350
52
  3
B2
350
53
  3
B3
350
54
  3
B4
350
55
  3
B5
350
56
  3
B6
350
57
  3
B7
350
58
  0
DICTIONARY
  5
2F7
102
{ACAD_REACTORS
330
C
102
}
330
C
100
AcDbDictionary
281
     1
  0
DICTIONARY
  5
59
102
{ACAD_REACTORS
330
C
102
}
330
C
100
AcDbDictionary
281
     1
  3
Standard
350
5A
  0
DICTIONARY
  5
2A
102
{ACAD_REACTORS
330
C
102
}
330
C
100
AcDbDictionary
281
     1
  3
2dWireframe
350
2F
  3
Basic
350
32
  3
Brighten
350
36
  3
ColorChange
350
3A
  3
Conceptual
350
34
  3
Dim
350
35
  3
EdgeColorOff
350
3D
  3
Facepattern
350
39
  3
Flat
350
2B
  3
FlatWithEdges
350
2C
  3
Gouraud
350
2D
  3
GouraudWithEdges
350
2E
  3
Hidden
350
31
  3
JitterOff
350
3B
  3
Linepattern
350
38
  3
OverhangOff
350
3C
  3
Realistic
350
33
  3
Shaded
350
42
  3
Shaded with edges
350
41
  3
Shades of Gray
350
3E
  3
Sketchy
350
3F
  3
Thicken
350
37
  3
Wireframe
350
30
  3
X-Ray
350
40
  0
XRECORD
  5
2F3
102
{ACAD_REACTORS
330
C
102
}
330
C
100
AcDbXrecord
280
     1
 90
        1
330
5A
  0
DICTIONARY
  5
2BF
102
{ACAD_REACTORS
330
C
102
}
330
C
100
AcDbDictionary
281
     1
  3
CANNOSCALE
350
2C0
  3
CMLEADERSTYLE
350
2F5
  3
CTABLESTYLE
350
2F4
  0
LAYOUT
  5
1E
102
{ACAD_REACTORS
330
1A
102
}
330
1A
100
AcDbPlotSettings
  1

  2
none_device
  4

  6

 40
0.0
 41
0.0
 42
0.0
 43
0.0
 44
0.0
 45
0.0
 46
0.0
 47
0.0
 48
0.0
 49
0.0
140
0.0
141
0.0
142
1.0
143
1.0
 70
   688
 72
     0
 73
     0
 74
     5
  7

 75
    16
 76
     0
 77
     2
 78
   300
147
1.0
148
0.0
149
0.0
100
AcDbLayout
  1
Layout1
 70
     1
 71
     1
 10
0.0
 20
0.0
 11
12.0
 21
9.0
 12
0.0
 22
0.0
 32
0.0
 14
1.000000000000000E+20
 24
1.000000000000000E+20
 34
1.000000000000000E+20
 15
-1.000000000000000E+20
 25
-1.000000000000000E+20
 35
-1.000000000000000E+20
146
0.0
 13
0.0
 23
0.0
 33
0.0
 16
1.0
 26
0.0
 36
0.0
 17
0.0
 27
1.0
 37
0.0
 76
     0
330
1B
  0
LAYOUT
  5
26
102
{ACAD_REACTORS
330
1A
102
}
330
1A
100
AcDbPlotSettings
  1

  2
none_device
  4

  6

 40
0.0
 41
0.0
 42
0.0
 43
0.0
 44
0.0
 45
0.0
 46
0.0
 47
0.0
 48
0.0
 49
0.0
140
0.0
141
0.0
142
1.0
143
1.0
 70
   688
 72
     0
 73
     0
 74
     5
  7

 75
    16
 76
     0
 77
     2
 78
   300
147
1.0
148
0.0
149
0.0
100
AcDbLayout
  1
Layout2
 70
     1
 71
     2
 10
0.0
 20
0.0
 11
0.0
 21
0.0
 12
0.0
 22
0.0
 32
0.0
 14
0.0
 24
0.0
 34
0.0
 15
0.0
 25
0.0
 35
0.0
146
0.0
 13
0.0
 23
0.0
 33
0.0
 16
1.0
 26
0.0
 36
0.0
 17
0.0
 27
1.0
 37
0.0
 76
     0
330
23
  0
LAYOUT
  5
22
102
{ACAD_REACTORS
330
1A
102
}
330
1A
100
AcDbPlotSettings
  1

  2
none_device
  4
Letter_(8.50_x_11.00_Inches)
  6

 40
6.35
 41
6.35
 42
6.35000508
 43
6.35000508
 44
215.9
 45
279.4
 46
0.0
 47
0.0
 48
0.0
 49
0.0
140
0.0
141
0.0
142
1.0
143
1.0
 70
  1712
 72
     0
 73
     0
 74
     0
  7

 75
     0
 76
     0
 77
     2
 78
   300
147
1.0
148
0.0
149
0.0
100
AcDbLayout
  1
Model
 70
     1
 71
     0
 10
0.0
 20
0.0
 11
12.0
 21
9.0
 12
0.0
 22
0.0
 32
0.0
 14
6.734924312696101
 24
0.0210000000000008
 34
0.0
 15
64.60507568730392
 25
28.5556511252777
 35
0.0
146
0.0
 13
0.0
 23
0.0
 33
0.0
 16
1.0
 26
0.0
 36
0.0
 17
0.0
 27
1.0
 37
0.0
 76
     0
330
1F
331
29
  0
MATERIAL
  5
45
102
{ACAD_REACTORS
330
43
102
}
330
43
100
AcDbMaterial
  1
ByBlock
 72
     1
 94
      127
  0
MATERIAL
  5
44
102
{ACAD_REACTORS
330
43
102
}
330
43
100
AcDbMaterial
  1
ByLayer
 72
     1
 94
      127
  0
MATERIAL
  5
46
102
{ACAD_REACTORS
330
43
102
}
330
43
100
AcDbMaterial
  1
Global
 72
     1
 94
      127
  0
MLEADERSTYLE
  5
5C
102
{ACAD_REACTORS
330
5B
102
}
330
5B
100
AcDbMLeaderStyle
179
     2
170
     2
171
     1
172
     0
 90
        2
 40
0.0
 41
0.0
173
     1
 91
-1056964608
340
14
 92
       -2
290
     1
 42
0.09
291
     1
 43
0.36
  3
Standard
341
0
 44
0.18
300

342
11
174
     1
178
     6
175
     1
176
     0
 93
-1056964608
 45
0.18
292
     0
297
     0
 46
0.18
343
0
 94
-1056964608
 47
1.0
 49
1.0
140
1.0
293
     1
141
0.0
294
     1
177
     0
142
1.0
295
     0
296
     0
143
0.125
271
     0
272
     9
273
     9
  0
MLINESTYLE
  5
18
102
{ACAD_REACTORS
330
17
102
}
330
17
100
AcDbMlineStyle
  2
Standard
 70
     0
  3

 62
   256
 51
90.0
 52
90.0
 71
     2
 49
0.5
 62
   256
  6
BYLAYER
 49
-0.5
 62
   256
  6
BYLAYER
  0
ACDBPLACEHOLDER
  5
F
102
{ACAD_REACTORS
330
E
102
}
330
E
  0
SCALE
  5
48
102
{ACAD_REACTORS
330
47
102
}
330
47
100
AcDbScale
 70
     0
300
1:1
140
1.0
141
1.0
290
     1
  0
SCALE
  5
49
102
{ACAD_REACTORS
330
47
102
}
330
47
100
AcDbScale
 70
     0
300
1/128" = 1'-0"
140
0.0078125
141
12.0
290
     0
  0
SCALE
  5
4A
102
{ACAD_REACTORS
330
47
102
}
330
47
100
AcDbScale
 70
     0
300
1/64" = 1'-0"
140
0.015625
141
12.0
290
     0
  0
SCALE
  5
4B
102
{ACAD_REACTORS
330
47
102
}
330
47
100
AcDbScale
 70
     0
300
1/32" = 1'-0"
140
0.03125
141
12.0
290
     0
  0
SCALE
  5
4C
102
{ACAD_REACTORS
330
47
102
}
330
47
100
AcDbScale
 70
     0
300
1/16" = 1'-0"
140
0.0625
141
12.0
290
     0
  0
SCALE
  5
4D
102
{ACAD_REACTORS
330
47
102
}
330
47
100
AcDbScale
 70
     0
300
3/32" = 1'-0"
140
0.09375
141
12.0
290
     0
  0
SCALE
  5
4E
102
{ACAD_REACTORS
330
47
102
}
330
47
100
AcDbScale
 70
     0
300
1/8" = 1'-0"
140
0.125
141
12.0
290
     0
  0
SCALE
  5
4F
102
{ACAD_REACTORS
330
47
102
}
330
47
100
AcDbScale
 70
     0
300
3/16" = 1'-0"
140
0.1875
141
12.0
290
     0
  0
SCALE
  5
50
102
{ACAD_REACTORS
330
47
102
}
330
47
100
AcDbScale
 70
     0
300
1/4" = 1'-0"
140
0.25
141
12.0
290
     0
  0
SCALE
  5
51
102
{ACAD_REACTORS
330
47
102
}
330
47
100
AcDbScale
 70
     0
300
3/8" = 1'-0"
140
0.375
141
12.0
290
     0
  0
SCALE
  5
52
102
{ACAD_REACTORS
330
47
102
}
330
47
100
AcDbScale
 70
     0
300
1/2" = 1'-0"
140
0.5
141
12.0
290
     0
  0
SCALE
  5
53
102
{ACAD_REACTORS
330
47
102
}
330
47
100
AcDbScale
 70
     0
300
3/4" = 1'-0"
140
0.75
141
12.0
290
     0
  0
SCALE
  5
54
102
{ACAD_REACTORS
330
47
102
}
330
47
100
AcDbScale
 70
     0
300
1" = 1'-0"
140
1.0
141
12.0
290
     0
  0
SCALE
  5
55
102
{ACAD_REACTORS
330
47
102
}
330
47
100
AcDbScale
 70
     0
300
1-1/2" = 1'-0"
140
1.5
141
12.0
290
     0
  0
SCALE
  5
56
102
{ACAD_REACTORS
330
47
102
}
330
47
100
AcDbScale
 70
     0
300
3" = 1'-0"
140
3.0
141
12.0
290
     0
  0
SCALE
  5
57
102
{ACAD_REACTORS
330
47
102
}
330
47
100
AcDbScale
 70
     0
300
6" = 1'-0"
140
6.0
141
12.0
290
     0
  0
SCALE
  5
58
102
{ACAD_REACTORS
330
47
102
}
330
47
100
AcDbScale
 70
     0
300
1'-0" = 1'-0"
140
12.0
141
12.0
290
     0
  0
TABLESTYLE
  5
5A
102
{ACAD_REACTORS
330
59
102
}
102
{ACAD_XDICTIONARY
360
2F1
102
}
330
59
100
AcDbTableStyle
  3
Standard
 70
     0
 71
     0
 40
0.06
 41
0.06
280
     0
281
     0
  7
Standard
140
0.18
170
     2
 62
     0
 63
   257
283
     0
 90
        4
 91
        0
  1

274
    -2
284
     1
 64
     0
275
    -2
285
     1
 65
     0
276
    -2
286
     1
 66
     0
277
    -2
287
     1
 67
     0
278
    -2
288
     1
 68
     0
279
    -2
289
     1
 69
     0
  7
Standard
140
0.25
170
     5
 62
     0
 63
   257
283
     0
 90
        4
 91
        0
  1

274
    -2
284
     1
 64
     0
275
    -2
285
     1
 65
     0
276
    -2
286
     1
 66
     0
277
    -2
287
     1
 67
     0
278
    -2
288
     1
 68
     0
279
    -2
289
     1
 69
     0
  7
Standard
140
0.18
170
     5
 62
     0
 63
   257
283
     0
 90
        4
 91
        0
  1

274
    -2
284
     1
 64
     0
275
    -2
285
     1
 65
     0
276
    -2
286
     1
 66
     0
277
    -2
287
     1
 67
     0
278
    -2
288
     1
 68
     0
279
    -2
289
     1
 69
     0
  0
VISUALSTYLE
  5
2F
102
{ACAD_REACTORS
330
2A
102
}
102
{ACAD_XDICTIONARY
360
2C9
102
}
330
2A
100
AcDbVisualStyle
  2
2dWireframe
 70
     4
177
     2
291
     0
 71
     0
176
     1
 72
     2
176
     1
 73
     0
176
     1
 90
        0
176
     1
 40
0.6
176
     1
 41
30.0
176
     1
 62
     5
 63
     7
421
 16777215
176
     1
 74
     1
176
     1
 91
        4
176
     1
 64
     7
176
     1
 65
   257
176
     1
 75
     1
176
     1
175
     1
176
     1
 42
1.0
176
     1
 92
        0
176
     1
 66
   257
176
     1
 43
1.0
176
     1
 76
     1
176
     1
 77
     6
176
     1
 78
     2
176
     1
 67
     7
176
     1
 79
     5
176
     1
170
     0
176
     1
171
     0
176
     1
290
     0
176
     1
 93
        1
176
     1
 44
0.0
176
     1
173
     0
176
     1
  0
VISUALSTYLE
  5
32
102
{ACAD_REACTORS
330
2A
102
}
102
{ACAD_XDICTIONARY
360
2CF
102
}
330
2A
100
AcDbVisualStyle
  2
Basic
 70
     7
177
     2
291
     1
 71
     1
176
     1
 72
     0
176
     1
 73
     1
176
     1
 90
        0
176
     1
 40
0.6
176
     1
 41
30.0
176
     1
 62
     5
 63
     7
421
 16777215
176
     1
 74
     0
176
     1
 91
        4
176
     1
 64
     7
176
     1
 65
   257
176
     1
 75
     1
176
     1
175
     1
176
     1
 42
1.0
176
     1
 92
        8
176
     1
 66
     7
176
     1
 43
1.0
176
     1
 76
     1
176
     1
 77
     6
176
     1
 78
     2
176
     1
 67
     7
176
     1
 79
     5
176
     1
170
     0
176
     1
171
     0
176
     1
290
     0
176
     1
 93
        1
176
     1
 44
0.0
176
     1
173
     0
176
     1
  0
VISUALSTYLE
  5
36
102
{ACAD_REACTORS
330
2A
102
}
102
{ACAD_XDICTIONARY
360
2D7
102
}
330
2A
100
AcDbVisualStyle
  2
Brighten
 70
    12
177
     2
291
     1
 71
     2
176
     1
 72
     2
176
     1
 73
     0
176
     1
 90
        0
176
     1
 40
0.6
176
     1
 41
30.0
176
     1
 62
     5
 63
     7
421
 16777215
176
     1
 74
     1
176
     1
 91
        4
176
     1
 64
     7
176
     1
 65
   257
176
     1
 75
     1
176
     1
175
     1
176
     1
 42
1.0
176
     1
 92
        8
176
     1
 66
     7
176
     1
 43
1.0
176
     1
 76
     1
176
     1
 77
     6
176
     1
 78
     2
176
     1
 67
     7
176
     1
 79
     5
176
     1
170
     0
176
     1
171
     0
176
     1
290
     0
176
     1
 93
        1
176
     1
 44
50.0
176
     1
173
     0
176
     1
  0
VISUALSTYLE
  5
3A
102
{ACAD_REACTORS
330
2A
102
}
102
{ACAD_XDICTIONARY
360
2DF
102
}
330
2A
100
AcDbVisualStyle
  2
ColorChange
 70
    16
177
     2
291
     1
 71
     2
176
     1
 72
     2
176
     1
 73
     3
176
     1
 90
        0
176
     1
 40
0.6
176
     1
 41
30.0
176
     1
 62
     5
 63
     8
421
  8421504
176
     1
 74
     1
176
     1
 91
        4
176
     1
 64
     7
176
     1
 65
   257
176
     1
 75
     1
176
     1
175
     1
176
     1
 42
1.0
176
     1
 92
        8
176
     1
 66
     8
424
  8421504
176
     1
 43
1.0
176
     1
 76
     1
176
     1
 77
     6
176
     1
 78
     2
176
     1
 67
     7
176
     1
 79
     5
176
     1
170
     0
176
     1
171
     0
176
     1
290
     0
176
     1
 93
        1
176
     1
 44
0.0
176
     1
173
     0
176
     1
  0
VISUALSTYLE
  5
34
102
{ACAD_REACTORS
330
2A
102
}
102
{ACAD_XDICTIONARY
360
2D3
102
}
330
2A
100
AcDbVisualStyle
  2
Conceptual
 70
     9
177
     2
291
     0
 71
     3
176
     1
 72
     2
176
     1
 73
     0
176
     1
 90
        0
176
     1
 40
0.6
176
     1
 41
30.0
176
     1
 62
     5
 63
     7
421
 16777215
176
     1
 74
     2
176
     1
 91
        2
176
     1
 64
     7
176
     1
 65
   257
176
     1
 75
     1
176
     1
175
     1
176
     1
 42
179.0
176
     1
 92
        8
176
     1
 66
     7
176
     1
 43
1.0
176
     1
 76
     1
176
     1
 77
     6
176
     1
 78
     2
176
     1
 67
     7
176
     1
 79
     3
176
     1
170
     0
176
     1
171
     0
176
     1
290
     0
176
     1
 93
        1
176
     1
 44
0.0
176
     1
173
     0
176
     1
  0
VISUALSTYLE
  5
35
102
{ACAD_REACTORS
330
2A
102
}
102
{ACAD_XDICTIONARY
360
2D5
102
}
330
2A
100
AcDbVisualStyle
  2
Dim
 70
    11
177
     2
291
     1
 71
     2
176
     1
 72
     2
176
     1
 73
     0
176
     1
 90
        0
176
     1
 40
0.6
176
     1
 41
30.0
176
     1
 62
     5
 63
     7
421
 16777215
176
     1
 74
     1
176
     1
 91
        4
176
     1
 64
     7
176
     1
 65
   257
176
     1
 75
     1
176
     1
175
     1
176
     1
 42
1.0
176
     1
 92
        8
176
     1
 66
     7
176
     1
 43
1.0
176
     1
 76
     1
176
     1
 77
     6
176
     1
 78
     2
176
     1
 67
     7
176
     1
 79
     5
176
     1
170
     0
176
     1
171
     0
176
     1
290
     0
176
     1
 93
        1
176
     1
 44
-50.0
176
     1
173
     0
176
     1
  0
VISUALSTYLE
  5
3D
102
{ACAD_REACTORS
330
2A
102
}
102
{ACAD_XDICTIONARY
360
2E5
102
}
330
2A
100
AcDbVisualStyle
  2
EdgeColorOff
 70
    22
177
     2
291
     1
 71
     2
176
     0
 72
     2
176
     0
 73
     0
176
     0
 90
        0
176
     0
 40
0.6
176
     0
 41
30.0
176
     0
 62
     5
 63
     7
421
 16777215
176
     0
 74
     1
176
     0
 91
        4
176
     0
 64
     7
176
     0
 65
   257
176
     0
 75
     1
176
     0
175
     1
176
     0
 42
1.0
176
     0
 92
        8
176
     2
 66
     7
176
     0
 43
1.0
176
     0
 76
     1
176
     0
 77
     6
176
     0
 78
     2
176
     0
 67
     7
176
     0
 79
     5
176
     0
170
     0
176
     0
171
     0
176
     0
290
     0
176
     0
 93
        1
176
     0
 44
0.0
176
     0
173
     0
176
     0
  0
VISUALSTYLE
  5
39
102
{ACAD_REACTORS
330
2A
102
}
102
{ACAD_XDICTIONARY
360
2DD
102
}
330
2A
100
AcDbVisualStyle
  2
Facepattern
 70
    15
177
     2
291
     1
 71
     2
176
     1
 72
     2
176
     1
 73
     0
176
     1
 90
        0
176
     1
 40
0.6
176
     1
 41
30.0
176
     1
 62
     5
 63
     7
421
 16777215
176
     1
 74
     1
176
     1
 91
        4
176
     1
 64
     7
176
     1
 65
   257
176
     1
 75
     1
176
     1
175
     1
176
     1
 42
1.0
176
     1
 92
        8
176
     1
 66
     7
176
     1
 43
1.0
176
     1
 76
     1
176
     1
 77
     6
176
     1
 78
     2
176
     1
 67
     7
176
     1
 79
     5
176
     1
170
     0
176
     1
171
     0
176
     1
290
     0
176
     1
 93
        1
176
     1
 44
0.0
176
     1
173
     0
176
     1
  0
VISUALSTYLE
  5
2B
102
{ACAD_REACTORS
330
2A
102
}
102
{ACAD_XDICTIONARY
360
2C1
102
}
330
2A
100
AcDbVisualStyle
  2
Flat
 70
     0
177
     2
291
     1
 71
     2
176
     1
 72
     1
176
     1
 73
     1
176
     1
 90
        2
176
     1
 40
0.6
176
     1
 41
30.0
176
     1
 62
     5
 63
     7
421
 16777215
176
     1
 74
     0
176
     1
 91
        0
176
     1
 64
     7
176
     1
 65
   257
176
     1
 75
     1
176
     1
175
     1
176
     1
 42
1.0
176
     1
 92
        8
176
     1
 66
     7
176
     1
 43
1.0
176
     1
 76
     1
176
     1
 77
     6
176
     1
 78
     2
176
     1
 67
     7
176
     1
 79
     5
176
     1
170
     0
176
     1
171
     0
176
     1
290
     0
176
     1
 93
       13
176
     1
 44
0.0
176
     1
173
     0
176
     1
  0
VISUALSTYLE
  5
2C
102
{ACAD_REACTORS
330
2A
102
}
102
{ACAD_XDICTIONARY
360
2C3
102
}
330
2A
100
AcDbVisualStyle
  2
FlatWithEdges
 70
     1
177
     2
291
     1
 71
     2
176
     1
 72
     1
176
     1
 73
     1
176
     1
 90
        2
176
     1
 40
0.6
176
     1
 41
30.0
176
     1
 62
     5
 63
     7
421
 16777215
176
     1
 74
     1
176
     1
 91
        0
176
     1
 64
     7
176
     1
 65
   257
176
     1
 75
     1
176
     1
175
     1
176
     1
 42
1.0
176
     1
 92
        0
176
     1
 66
   257
176
     1
 43
1.0
176
     1
 76
     1
176
     1
 77
     6
176
     1
 78
     2
176
     1
 67
     7
176
     1
 79
     5
176
     1
170
     0
176
     1
171
     0
176
     1
290
     0
176
     1
 93
       13
176
     1
 44
0.0
176
     1
173
     0
176
     1
  0
VISUALSTYLE
  5
2D
102
{ACAD_REACTORS
330
2A
102
}
102
{ACAD_XDICTIONARY
360
2C5
102
}
330
2A
100
AcDbVisualStyle
  2
Gouraud
 70
     2
177
     2
291
     1
 71
     2
176
     1
 72
     2
176
     1
 73
     1
176
     1
 90
        2
176
     1
 40
0.6
176
     1
 41
30.0
176
     1
 62
     5
 63
     7
421
 16777215
176
     1
 74
     0
176
     1
 91
        0
176
     1
 64
     7
176
     1
 65
   257
176
     1
 75
     1
176
     1
175
     1
176
     1
 42
1.0
176
     1
 92
        0
176
     1
 66
     7
176
     1
 43
1.0
176
     1
 76
     1
176
     1
 77
     6
176
     1
 78
     2
176
     1
 67
     7
176
     1
 79
     5
176
     1
170
     0
176
     1
171
     0
176
     1
290
     0
176
     1
 93
       13
176
     1
 44
0.0
176
     1
173
     0
176
     1
  0
VISUALSTYLE
  5
2E
102
{ACAD_REACTORS
330
2A
102
}
102
{ACAD_XDICTIONARY
360
2C7
102
}
330
2A
100
AcDbVisualStyle
  2
GouraudWithEdges
 70
     3
177
     2
291
     1
 71
     2
176
     1
 72
     2
176
     1
 73
     1
176
     1
 90
        2
176
     1
 40
0.6
176
     1
 41
30.0
176
     1
 62
     5
 63
     7
421
 16777215
176
     1
 74
     1
176
     1
 91
        0
176
     1
 64
     7
176
     1
 65
   257
176
     1
 75
     1
176
     1
175
     1
176
     1
 42
1.0
176
     1
 92
        0
176
     1
 66
   257
176
     1
 43
1.0
176
     1
 76
     1
176
     1
 77
     6
176
     1
 78
     2
176
     1
 67
     7
176
     1
 79
     5
176
     1
170
     0
176
     1
171
     0
176
     1
290
     0
176
     1
 93
       13
176
     1
 44
0.0
176
     1
173
     0
176
     1
  0
VISUALSTYLE
  5
31
102
{ACAD_REACTORS
330
2A
102
}
102
{ACAD_XDICTIONARY
360
2CD
102
}
330
2A
100
AcDbVisualStyle
  2
Hidden
 70
     6
177
     2
291
     0
 71
     1
176
     1
 72
     2
176
     1
 73
     2
176
     1
 90
        0
176
     1
 40
0.6
176
     1
 41
30.0
176
     1
 62
     5
 63
     7
421
 16777215
176
     1
 74
     2
176
     1
 91
        2
176
     1
 64
     7
176
     1
 65
   257
176
     1
 75
     2
176
     1
175
     1
176
     1
 42
40.0
176
     1
 92
        0
176
     1
 66
   257
176
     1
 43
1.0
176
     1
 76
     1
176
     1
 77
     6
176
     1
 78
     2
176
     1
 67
     7
176
     1
 79
     3
176
     1
170
     0
176
     1
171
     0
176
     1
290
     0
176
     1
 93
        1
176
     1
 44
0.0
176
     1
173
     0
176
     1
  0
VISUALSTYLE
  5
3B
102
{ACAD_REACTORS
330
2A
102
}
102
{ACAD_XDICTIONARY
360
2E1
102
}
330
2A
100
AcDbVisualStyle
  2
JitterOff
 70
    20
177
     2
291
     1
 71
     2
176
     0
 72
     2
176
     0
 73
     0
176
     0
 90
        0
176
     0
 40
0.6
176
     0
 41
30.0
176
     0
 62
     5
 63
     7
421
 16777215
176
     0
 74
     1
176
     0
 91
        4
176
     0
 64
     7
176
     0
 65
   257
176
     0
 75
     1
176
     0
175
     1
176
     0
 42
1.0
176
     0
 92
       10
176
     2
 66
     7
176
     0
 43
1.0
176
     0
 76
     1
176
     0
 77
     6
176
     0
 78
     2
176
     0
 67
     7
176
     0
 79
     5
176
     0
170
     0
176
     0
171
     0
176
     0
290
     0
176
     0
 93
        1
176
     0
 44
0.0
176
     0
173
     0
176
     0
  0
VISUALSTYLE
  5
38
102
{ACAD_REACTORS
330
2A
102
}
102
{ACAD_XDICTIONARY
360
2DB
102
}
330
2A
100
AcDbVisualStyle
  2
Linepattern
 70
    14
177
     2
291
     1
 71
     2
176
     1
 72
     2
176
     1
 73
     0
176
     1
 90
        0
176
     1
 40
0.6
176
     1
 41
30.0
176
     1
 62
     5
 63
     7
421
 16777215
176
     1
 74
     1
176
     1
 91
        4
176
     1
 64
     7
176
     1
 65
   257
176
     1
 75
     7
176
     1
175
     7
176
     1
 42
1.0
176
     1
 92
        8
176
     1
 66
     7
176
     1
 43
1.0
176
     1
 76
     1
176
     1
 77
     6
176
     1
 78
     2
176
     1
 67
     7
176
     1
 79
     5
176
     1
170
     0
176
     1
171
     0
176
     1
290
     0
176
     1
 93
        1
176
     1
 44
0.0
176
     1
173
     0
176
     1
  0
VISUALSTYLE
  5
3C
102
{ACAD_REACTORS
330
2A
102
}
102
{ACAD_XDICTIONARY
360
2E3
102
}
330
2A
100
AcDbVisualStyle
  2
OverhangOff
 70
    21
177
     2
291
     1
 71
     2
176
     0
 72
     2
176
     0
 73
     0
176
     0
 90
        0
176
     0
 40
0.6
176
     0
 41
30.0
176
     0
 62
     5
 63
     7
421
 16777215
176
     0
 74
     1
176
     0
 91
        4
176
     0
 64
     7
176
     0
 65
   257
176
     0
 75
     1
176
     0
175
     1
176
     0
 42
1.0
176
     0
 92
        9
176
     2
 66
     7
176
     0
 43
1.0
176
     0
 76
     1
176
     0
 77
     6
176
     0
 78
     2
176
     0
 67
     7
176
     0
 79
     5
176
     0
170
     0
176
     0
171
     0
176
     0
290
     0
176
     0
 93
        1
176
     0
 44
0.0
176
     0
173
     0
176
     0
  0
VISUALSTYLE
  5
33
102
{ACAD_REACTORS
330
2A
102
}
102
{ACAD_XDICTIONARY
360
2D1
102
}
330
2A
100
AcDbVisualStyle
  2
Realistic
 70
     8
177
     2
291
     0
 71
     2
176
     1
 72
     3
176
     1
 73
     0
176
     1
 90
        2
176
     1
 40
0.6
176
     1
 41
30.0
176
     1
 62
     5
 63
     7
421
 16777215
176
     1
 74
     0
176
     1
 91
        0
176
     1
 64
     7
176
     1
 65
   257
176
     1
 75
     1
176
     1
175
     1
176
     1
 42
1.0
176
     1
 92
        8
176
     1
 66
   257
176
     1
 43
1.0
176
     1
 76
     1
176
     1
 77
     6
176
     1
 78
     2
176
     1
 67
     7
176
     1
 79
     3
176
     1
170
     0
176
     1
171
     0
176
     1
290
     0
176
     1
 93
       13
176
     1
 44
0.0
176
     1
173
     0
176
     1
  0
VISUALSTYLE
  5
42
102
{ACAD_REACTORS
330
2A
102
}
102
{ACAD_XDICTIONARY
360
2EF
102
}
330
2A
100
AcDbVisualStyle
  2
Shaded
 70
    27
177
     2
291
     0
 71
     2
176
     1
 72
     2
176
     1
 73
     1
176
     1
 90
        2
176
     1
 40
0.6
176
     1
 41
30.0
176
     1
 62
     5
 63
     7
421
 16777215
176
     1
 74
     0
176
     1
 91
        4
176
     1
 64
     7
176
     1
 65
   257
176
     1
 75
     1
176
     1
175
     1
176
     1
 42
1.0
176
     1
 92
        8
176
     1
 66
   257
176
     1
 43
1.0
176
     1
 76
     1
176
     1
 77
     6
176
     1
 78
     2
176
     1
 67
     8
425
  7895160
176
     1
 79
     3
176
     1
170
     0
176
     1
171
     0
176
     1
290
     0
176
     1
 93
        5
176
     1
 44
0.0
176
     1
173
     0
176
     1
  0
VISUALSTYLE
  5
41
102
{ACAD_REACTORS
330
2A
102
}
102
{ACAD_XDICTIONARY
360
2ED
102
}
330
2A
100
AcDbVisualStyle
  2
Shaded with edges
 70
    26
177
     2
291
     0
 71
     2
176
     1
 72
     2
176
     1
 73
     1
176
     1
 90
        2
176
     1
 40
0.6
176
     1
 41
30.0
176
     1
 62
     5
 63
     7
421
 16777215
176
     1
 74
     1
176
     1
 91
       10
176
     1
 64
     7
176
     1
 65
   257
176
     1
 75
     2
176
     1
175
     1
176
     1
 42
1.0
176
     1
 92
        8
176
     1
 66
   257
176
     1
 43
1.0
176
     1
 76
     1
176
     1
 77
     6
176
     1
 78
     2
176
     1
 67
     7
176
     1
 79
     3
176
     1
170
     0
176
     1
171
     0
176
     1
290
     0
176
     1
 93
        5
176
     1
 44
0.0
176
     1
173
     0
176
     1
  0
VISUALSTYLE
  5
3E
102
{ACAD_REACTORS
330
2A
102
}
102
{ACAD_XDICTIONARY
360
2E7
102
}
330
2A
100
AcDbVisualStyle
  2
Shades of Gray
 70
    23
177
     2
291
     0
 71
     2
176
     1
 72
     2
176
     1
 73
     3
176
     1
 90
        0
176
     1
 40
0.6
176
     1
 41
30.0
176
     1
 62
     5
 63
     7
421
 16777215
176
     1
 74
     2
176
     1
 91
        2
176
     1
 64
     7
176
     1
 65
     7
176
     1
 75
     1
176
     1
175
     1
176
     1
 42
40.0
176
     1
 92
        8
176
     1
 66
     7
176
     1
 43
1.0
176
     1
 76
     1
176
     1
 77
     6
176
     1
 78
     2
176
     1
 67
     7
176
     1
 79
     3
176
     1
170
     0
176
     1
171
     0
176
     1
290
     0
176
     1
 93
        1
176
     1
 44
0.0
176
     1
173
     0
176
     1
  0
VISUALSTYLE
  5
3F
102
{ACAD_REACTORS
330
2A
102
}
102
{ACAD_XDICTIONARY
360
2E9
102
}
330
2A
100
AcDbVisualStyle
  2
Sketchy
 70
    24
177
     2
291
     0
 71
     1
176
     1
 72
     2
176
     1
 73
     2
176
     1
 90
        0
176
     1
 40
0.6
176
     1
 41
30.0
176
     1
 62
     5
 63
     7
421
 16777215
176
     1
 74
     2
176
     1
 91
        2
176
     1
 64
     7
176
     1
 65
     7
176
     1
 75
     1
176
     1
175
     1
176
     1
 42
40.0
176
     1
 92
       11
176
     1
 66
     7
176
     1
 43
1.0
176
     1
 76
     1
176
     1
 77
     6
176
     1
 78
     2
176
     1
 67
     7
176
     1
 79
     6
176
     1
170
     0
176
     1
171
     0
176
     1
290
     0
176
     1
 93
        1
176
     1
 44
0.0
176
     1
173
     0
176
     1
  0
VISUALSTYLE
  5
37
102
{ACAD_REACTORS
330
2A
102
}
102
{ACAD_XDICTIONARY
360
2D9
102
}
330
2A
100
AcDbVisualStyle
  2
Thicken
 70
    13
177
     2
291
     1
 71
     2
176
     1
 72
     2
176
     1
 73
     0
176
     1
 90
        0
176
     1
 40
0.6
176
     1
 41
30.0
176
     1
 62
     5
 63
     7
421
 16777215
176
     1
 74
     1
176
     1
 91
        4
176
     1
 64
     7
176
     1
 65
   257
176
     1
 75
     1
176
     1
175
     1
176
     1
 42
1.0
176
     1
 92
       12
176
     1
 66
     7
176
     1
 43
1.0
176
     1
 76
     1
176
     1
 77
     6
176
     1
 78
     2
176
     1
 67
     7
176
     1
 79
     5
176
     1
170
     0
176
     1
171
     0
176
     1
290
     0
176
     1
 93
        1
176
     1
 44
0.0
176
     1
173
     0
176
     1
  0
VISUALSTYLE
  5
30
102
{ACAD_REACTORS
330
2A
102
}
102
{ACAD_XDICTIONARY
360
2CB
102
}
330
2A
100
AcDbVisualStyle
  2
Wireframe
 70
     5
177
     2
291
     0
 71
     0
176
     1
 72
     2
176
     1
 73
     0
176
     1
 90
        0
176
     1
 40
0.6
176
     1
 41
30.0
176
     1
 62
     5
 63
     7
421
 16777215
176
     1
 74
     1
176
     1
 91
        4
176
     1
 64
     7
176
     1
 65
   257
176
     1
 75
     1
176
     1
175
     1
176
     1
 42
1.0
176
     1
 92
        0
176
     1
 66
   257
176
     1
 43
1.0
176
     1
 76
     1
176
     1
 77
     6
176
     1
 78
     2
176
     1
 67
     7
176
     1
 79
     3
176
     1
170
     0
176
     1
171
     0
176
     1
290
     0
176
     1
 93
        1
176
     1
 44
0.0
176
     1
173
     0
176
     1
  0
VISUALSTYLE
  5
40
102
{ACAD_REACTORS
330
2A
102
}
102
{ACAD_XDICTIONARY
360
2EB
102
}
330
2A
100
AcDbVisualStyle
  2
X-Ray
 70
    25
177
     2
291
     0
 71
     2
176
     1
 72
     2
176
     1
 73
     1
176
     1
 90
        1
176
     1
 40
0.5
176
     1
 41
30.0
176
     1
 62
     5
 63
     7
421
 16777215
176
     1
 74
     1
176
     1
 91
        0
176
     1
 64
     7
176
     1
 65
   257
176
     1
 75
     1
176
     1
175
     1
176
     1
 42
1.0
176
     1
 92
        8
176
     1
 66
     7
176
     1
 43
1.0
176
     1
 76
     1
176
     1
 77
     6
176
     1
 78
     2
176
     1
 67
     7
176
     1
 79
     3
176
     1
170
     0
176
     1
171
     0
176
     1
290
     0
176
     1
 93
       13
176
     1
 44
0.0
176
     1
173
     0
176
     1
  0
DICTIONARYVAR
  5
2C0
102
{ACAD_REACTORS
330
2BF
102
}
330
2BF
100
DictionaryVariables
280
     0
  1
1:1
  0
DICTIONARYVAR
  5
2F5
102
{ACAD_REACTORS
330
2BF
102
}
330
2BF
100
DictionaryVariables
280
     0
  1
Standard
  0
DICTIONARYVAR
  5
2F4
102
{ACAD_REACTORS
330
2BF
102
}
330
2BF
100
DictionaryVariables
280
     0
  1
Standard
  0
DICTIONARY
  5
2F1
330
5A
100
AcDbDictionary
280
     1
281
     1
  3
ACAD_ROUNDTRIP_2008_TABLESTYLE_CELLSTYLEMAP
360
2F2
  0
DICTIONARY
  5
2C9
330
2F
100
AcDbDictionary
280
     1
281
     1
  3
ACAD_XREC_ROUNDTRIP
360
2CA
  0
DICTIONARY
  5
2CF
330
32
100
AcDbDictionary
280
     1
281
     1
  3
ACAD_XREC_ROUNDTRIP
360
2D0
  0
DICTIONARY
  5
2D7
330
36
100
AcDbDictionary
280
     1
281
     1
  3
ACAD_XREC_ROUNDTRIP
360
2D8
  0
DICTIONARY
  5
2DF
330
3A
100
AcDbDictionary
280
     1
281
     1
  3
ACAD_XREC_ROUNDTRIP
360
2E0
  0
DICTIONARY
  5
2D3
330
34
100
AcDbDictionary
280
     1
281
     1
  3
ACAD_XREC_ROUNDTRIP
360
2D4
  0
DICTIONARY
  5
2D5
330
35
100
AcDbDictionary
280
     1
281
     1
  3
ACAD_XREC_ROUNDTRIP
360
2D6
  0
DICTIONARY
  5
2E5
330
3D
100
AcDbDictionary
280
     1
281
     1
  3
ACAD_XREC_ROUNDTRIP
360
2E6
  0
DICTIONARY
  5
2DD
330
39
100
AcDbDictionary
280
     1
281
     1
  3
ACAD_XREC_ROUNDTRIP
360
2DE
  0
DICTIONARY
  5
2C1
330
2B
100
AcDbDictionary
280
     1
281
     1
  3
ACAD_XREC_ROUNDTRIP
360
2C2
  0
DICTIONARY
  5
2C3
330
2C
100
AcDbDictionary
280
     1
281
     1
  3
ACAD_XREC_ROUNDTRIP
360
2C4
  0
DICTIONARY
  5
2C5
330
2D
100
AcDbDictionary
280
     1
281
     1
  3
ACAD_XREC_ROUNDTRIP
360
2C6
  0
DICTIONARY
  5
2C7
330
2E
100
AcDbDictionary
280
     1
281
     1
  3
ACAD_XREC_ROUNDTRIP
360
2C8
  0
DICTIONARY
  5
2CD
330
31
100
AcDbDictionary
280
     1
281
     1
  3
ACAD_XREC_ROUNDTRIP
360
2CE
  0
DICTIONARY
  5
2E1
330
3B
100
AcDbDictionary
280
     1
281
     1
  3
ACAD_XREC_ROUNDTRIP
360
2E2
  0
DICTIONARY
  5
2DB
330
38
100
AcDbDictionary
280
     1
281
     1
  3
ACAD_XREC_ROUNDTRIP
360
2DC
  0
DICTIONARY
  5
2E3
330
3C
100
AcDbDictionary
280
     1
281
     1
  3
ACAD_XREC_ROUNDTRIP
360
2E4
  0
DICTIONARY
  5
2D1
330
33
100
AcDbDictionary
280
     1
281
     1
  3
ACAD_XREC_ROUNDTRIP
360
2D2
  0
DICTIONARY
  5
2EF
330
42
100
AcDbDictionary
280
     1
281
     1
  3
ACAD_XREC_ROUNDTRIP
360
2F0
  0
DICTIONARY
  5
2ED
330
41
100
AcDbDictionary
280
     1
281
     1
  3
ACAD_XREC_ROUNDTRIP
360
2EE
  0
DICTIONARY
  5
2E7
330
3E
100
AcDbDictionary
280
     1
281
     1
  3
ACAD_XREC_ROUNDTRIP
360
2E8
  0
DICTIONARY
  5
2E9
330
3F
100
AcDbDictionary
280
     1
281
     1
  3
ACAD_XREC_ROUNDTRIP
360
2EA
  0
DICTIONARY
  5
2D9
330
37
100
AcDbDictionary
280
     1
281
     1
  3
ACAD_XREC_ROUNDTRIP
360
2DA
  0
DICTIONARY
  5
2CB
330
30
100
AcDbDictionary
280
     1
281
     1
  3
ACAD_XREC_ROUNDTRIP
360
2CC
  0
DICTIONARY
  5
2EB
330
40
100
AcDbDictionary
280
     1
281
     1
  3
ACAD_XREC_ROUNDTRIP
360
2EC
  0
CELLSTYLEMAP
  5
2F2
102
{ACAD_REACTORS
330
2F1
102
}
330
2F1
100
AcDbCellStyleMap
 90
        3
300
CELLSTYLE
  1
TABLEFORMAT_BEGIN
 90
        5
170
     1
 91
        0
 92
    32768
 62
   257
 93
        1
300
CONTENTFORMAT
  1
CONTENTFORMAT_BEGIN
 90
        0
 91
        0
 92
        4
 93
        0
300

 40
0.0
140
1.0
 94
        5
 62
     0
340
11
144
0.25
309
CONTENTFORMAT_END
171
     1
301
MARGIN
  1
CELLMARGIN_BEGIN
 40
0.06
 40
0.06
 40
0.06
 40
0.06
 40
0.06
 40
0.06
309
CELLMARGIN_END
 94
        6
 95
        1
302
GRIDFORMAT
  1
GRIDFORMAT_BEGIN
 90
        0
 91
        1
 62
     0
 92
       -2
340
14
 93
        0
 40
0.045
309
GRIDFORMAT_END
 95
        2
302
GRIDFORMAT
  1
GRIDFORMAT_BEGIN
 90
        0
 91
        1
 62
     0
 92
       -2
340
14
 93
        0
 40
0.045
309
GRIDFORMAT_END
 95
        4
302
GRIDFORMAT
  1
GRIDFORMAT_BEGIN
 90
        0
 91
        1
 62
     0
 92
       -2
340
14
 93
        0
 40
0.045
309
GRIDFORMAT_END
 95
        8
302
GRIDFORMAT
  1
GRIDFORMAT_BEGIN
 90
        0
 91
        1
 62
     0
 92
       -2
340
14
 93
        0
 40
0.045
309
GRIDFORMAT_END
 95
       16
302
GRIDFORMAT
  1
GRIDFORMAT_BEGIN
 90
        0
 91
        1
 62
     0
 92
       -2
340
14
 93
        0
 40
0.045
309
GRIDFORMAT_END
 95
       32
302
GRIDFORMAT
  1
GRIDFORMAT_BEGIN
 90
        0
 91
        1
 62
     0
 92
       -2
340
14
 93
        0
 40
0.045
309
GRIDFORMAT_END
309
TABLEFORMAT_END
  1
CELLSTYLE_BEGIN
 90
        1
 91
        1
300
_TITLE
309
CELLSTYLE_END
300
CELLSTYLE
  1
TABLEFORMAT_BEGIN
 90
        5
170
     1
 91
        0
 92
        0
 62
   257
 93
        1
300
CONTENTFORMAT
  1
CONTENTFORMAT_BEGIN
 90
        0
 91
        0
 92
        4
 93
        0
300

 40
0.0
140
1.0
 94
        5
 62
     0
340
11
144
0.18
309
CONTENTFORMAT_END
171
     1
301
MARGIN
  1
CELLMARGIN_BEGIN
 40
0.06
 40
0.06
 40
0.06
 40
0.06
 40
0.06
 40
0.06
309
CELLMARGIN_END
 94
        6
 95
        1
302
GRIDFORMAT
  1
GRIDFORMAT_BEGIN
 90
        0
 91
        1
 62
     0
 92
       -2
340
14
 93
        0
 40
0.045
309
GRIDFORMAT_END
 95
        2
302
GRIDFORMAT
  1
GRIDFORMAT_BEGIN
 90
        0
 91
        1
 62
     0
 92
       -2
340
14
 93
        0
 40
0.045
309
GRIDFORMAT_END
 95
        4
302
GRIDFORMAT
  1
GRIDFORMAT_BEGIN
 90
        0
 91
        1
 62
     0
 92
       -2
340
14
 93
        0
 40
0.045
309
GRIDFORMAT_END
 95
        8
302
GRIDFORMAT
  1
GRIDFORMAT_BEGIN
 90
        0
 91
        1
 62
     0
 92
       -2
340
14
 93
        0
 40
0.045
309
GRIDFORMAT_END
 95
       16
302
GRIDFORMAT
  1
GRIDFORMAT_BEGIN
 90
        0
 91
        1
 62
     0
 92
       -2
340
14
 93
        0
 40
0.045
309
GRIDFORMAT_END
 95
       32
302
GRIDFORMAT
  1
GRIDFORMAT_BEGIN
 90
        0
 91
        1
 62
     0
 92
       -2
340
14
 93
        0
 40
0.045
309
GRIDFORMAT_END
309
TABLEFORMAT_END
  1
CELLSTYLE_BEGIN
 90
        2
 91
        1
300
_HEADER
309
CELLSTYLE_END
300
CELLSTYLE
  1
TABLEFORMAT_BEGIN
 90
        5
170
     1
 91
        0
 92
        0
 62
   257
 93
        1
300
CONTENTFORMAT
  1
CONTENTFORMAT_BEGIN
 90
        0
 91
        0
 92
        4
 93
        0
300

 40
0.0
140
1.0
 94
        2
 62
     0
340
11
144
0.18
309
CONTENTFORMAT_END
171
     1
301
MARGIN
  1
CELLMARGIN_BEGIN
 40
0.06
 40
0.06
 40
0.06
 40
0.06
 40
0.06
 40
0.06
309
CELLMARGIN_END
 94
        6
 95
        1
302
GRIDFORMAT
  1
GRIDFORMAT_BEGIN
 90
        0
 91
        1
 62
     0
 92
       -2
340
14
 93
        0
 40
0.045
309
GRIDFORMAT_END
 95
        2
302
GRIDFORMAT
  1
GRIDFORMAT_BEGIN
 90
        0
 91
        1
 62
     0
 92
       -2
340
14
 93
        0
 40
0.045
309
GRIDFORMAT_END
 95
        4
302
GRIDFORMAT
  1
GRIDFORMAT_BEGIN
 90
        0
 91
        1
 62
     0
 92
       -2
340
14
 93
        0
 40
0.045
309
GRIDFORMAT_END
 95
        8
302
GRIDFORMAT
  1
GRIDFORMAT_BEGIN
 90
        0
 91
        1
 62
     0
 92
       -2
340
14
 93
        0
 40
0.045
309
GRIDFORMAT_END
 95
       16
302
GRIDFORMAT
  1
GRIDFORMAT_BEGIN
 90
        0
 91
        1
 62
     0
 92
       -2
340
14
 93
        0
 40
0.045
309
GRIDFORMAT_END
 95
       32
302
GRIDFORMAT
  1
GRIDFORMAT_BEGIN
 90
        0
 91
        1
 62
     0
 92
       -2
340
14
 93
        0
 40
0.045
309
GRIDFORMAT_END
309
TABLEFORMAT_END
  1
CELLSTYLE_BEGIN
 90
        3
 91
        2
300
_DATA
309
CELLSTYLE_END
  0
XRECORD
  5
2CA
102
{ACAD_REACTORS
330
2C9
102
}
330
2C9
100
AcDbXrecord
280
     1
102
RTVSPost2010Prop28
280
     1
102
RTVSPost2010PropOp28
 70
     1
102
RTVSPost2010Prop29
280
     1
102
RTVSPost2010PropOp29
 70
     1
102
RTVSPost2010Prop30
280
     0
102
RTVSPost2010PropOp30
 70
     1
102
RTVSPost2010Prop31
280
     0
102
RTVSPost2010PropOp31
 70
     1
102
RTVSPost2010Prop32
280
     0
102
RTVSPost2010PropOp32
 70
     1
102
RTVSPost2010Prop33
280
     0
102
RTVSPost2010PropOp33
 70
     1
102
RTVSPost2010Prop34
280
     0
102
RTVSPost2010PropOp34
 70
     1
102
RTVSPost2010Prop35
280
     0
102
RTVSPost2010PropOp35
 70
     1
102
RTVSPost2010Prop36
280
     0
102
RTVSPost2010PropOp36
 70
     1
102
RTVSPost2010Prop37
 90
       50
102
RTVSPost2010PropOp37
 70
     1
102
RTVSPost2010Prop38
140
0.0
102
RTVSPost2010PropOp38
 70
     1
102
RTVSPost2010Prop39
140
1.0
102
RTVSPost2010PropOp39
 70
     1
102
RTVSPost2010Prop40
 90
        0
102
RTVSPost2010PropOp40
 70
     1
102
RTVSPost2010Prop41ColorIndex
 90
       18
102
RTVSPost2010Prop41ColorRGB
 90
        0
102
RTVSPost2010PropOp41
 70
     1
102
RTVSPost2010Prop42
 90
       50
102
RTVSPost2010PropOp42
 70
     1
102
RTVSPost2010Prop43
 90
        3
102
RTVSPost2010PropOp43
 70
     1
102
RTVSPost2010Prop44ColorIndex
 90
        5
102
RTVSPost2010Prop44ColorRGB
 90
      255
102
RTVSPost2010PropOp44
 70
     1
102
RTVSPost2010Prop45
280
     0
102
RTVSPost2010PropOp45
 70
     1
102
RTVSPost2010Prop46
 90
       50
102
RTVSPost2010PropOp46
 70
     1
102
RTVSPost2010Prop47
 90
       50
102
RTVSPost2010PropOp47
 70
     1
102
RTVSPost2010Prop48
 90
       50
102
RTVSPost2010PropOp48
 70
     1
102
RTVSPost2010Prop49
280
     0
102
RTVSPost2010PropOp49
 70
     1
102
RTVSPost2010Prop50
 90
       50
102
RTVSPost2010PropOp50
 70
     1
102
RTVSPost2010Prop51ColorIndex
 90
      256
102
RTVSPost2010Prop51ColorRGB
 90
-16777216
102
RTVSPost2010PropOp51
 70
     0
102
RTVSPost2010Prop52
140
1.0
102
RTVSPost2010PropOp52
 70
     0
102
RTVSPost2010Prop53
 90
        2
102
RTVSPost2010PropOp53
 70
     1
102
RTVSPost2010Prop54
  1
strokes_ogs.tif
102
RTVSPost2010PropOp54
 70
     1
102
RTVSPost2010Prop55
280
     0
102
RTVSPost2010PropOp55
 70
     1
102
RTVSPost2010Prop56
140
1.0
102
RTVSPost2010PropOp56
 70
     1
102
RTVSPost2010Prop57
140
1.0
102
RTVSPost2010PropOp57
 70
     1
  0
XRECORD
  5
2D0
102
{ACAD_REACTORS
330
2CF
102
}
330
2CF
100
AcDbXrecord
280
     1
102
RTVSPost2010Prop28
280
     0
102
RTVSPost2010PropOp28
 70
     1
102
RTVSPost2010Prop29
280
     1
102
RTVSPost2010PropOp29
 70
     1
102
RTVSPost2010Prop30
280
     1
102
RTVSPost2010PropOp30
 70
     1
102
RTVSPost2010Prop31
280
     0
102
RTVSPost2010PropOp31
 70
     1
102
RTVSPost2010Prop32
280
     0
102
RTVSPost2010PropOp32
 70
     1
102
RTVSPost2010Prop33
280
     0
102
RTVSPost2010PropOp33
 70
     1
102
RTVSPost2010Prop34
280
     0
102
RTVSPost2010PropOp34
 70
     1
102
RTVSPost2010Prop35
280
     0
102
RTVSPost2010PropOp35
 70
     1
102
RTVSPost2010Prop36
280
     0
102
RTVSPost2010PropOp36
 70
     1
102
RTVSPost2010Prop37
 90
       50
102
RTVSPost2010PropOp37
 70
     1
102
RTVSPost2010Prop38
140
0.0
102
RTVSPost2010PropOp38
 70
     1
102
RTVSPost2010Prop39
140
1.0
102
RTVSPost2010PropOp39
 70
     1
102
RTVSPost2010Prop40
 90
        0
102
RTVSPost2010PropOp40
 70
     1
102
RTVSPost2010Prop41ColorIndex
 90
       18
102
RTVSPost2010Prop41ColorRGB
 90
        0
102
RTVSPost2010PropOp41
 70
     1
102
RTVSPost2010Prop42
 90
       50
102
RTVSPost2010PropOp42
 70
     1
102
RTVSPost2010Prop43
 90
        3
102
RTVSPost2010PropOp43
 70
     1
102
RTVSPost2010Prop44ColorIndex
 90
        5
102
RTVSPost2010Prop44ColorRGB
 90
      255
102
RTVSPost2010PropOp44
 70
     1
102
RTVSPost2010Prop45
280
     0
102
RTVSPost2010PropOp45
 70
     1
102
RTVSPost2010Prop46
 90
       50
102
RTVSPost2010PropOp46
 70
     1
102
RTVSPost2010Prop47
 90
       50
102
RTVSPost2010PropOp47
 70
     1
102
RTVSPost2010Prop48
 90
       50
102
RTVSPost2010PropOp48
 70
     1
102
RTVSPost2010Prop49
280
     0
102
RTVSPost2010PropOp49
 70
     1
102
RTVSPost2010Prop50
 90
       50
102
RTVSPost2010PropOp50
 70
     1
102
RTVSPost2010Prop51ColorIndex
 90
      256
102
RTVSPost2010Prop51ColorRGB
 90
-16777216
102
RTVSPost2010PropOp51
 70
     0
102
RTVSPost2010Prop52
140
1.0
102
RTVSPost2010PropOp52
 70
     0
102
RTVSPost2010Prop53
 90
        2
102
RTVSPost2010PropOp53
 70
     1
102
RTVSPost2010Prop54
  1
strokes_ogs.tif
102
RTVSPost2010PropOp54
 70
     1
102
RTVSPost2010Prop55
280
     0
102
RTVSPost2010PropOp55
 70
     1
102
RTVSPost2010Prop56
140
1.0
102
RTVSPost2010PropOp56
 70
     1
102
RTVSPost2010Prop57
140
1.0
102
RTVSPost2010PropOp57
 70
     1
  0
XRECORD
  5
2D8
102
{ACAD_REACTORS
330
2D7
102
}
330
2D7
100
AcDbXrecord
280
     1
102
RTVSPost2010Prop28
280
     0
102
RTVSPost2010PropOp28
 70
     1
102
RTVSPost2010Prop29
280
     1
102
RTVSPost2010PropOp29
 70
     1
102
RTVSPost2010Prop30
280
     1
102
RTVSPost2010PropOp30
 70
     1
102
RTVSPost2010Prop31
280
     0
102
RTVSPost2010PropOp31
 70
     1
102
RTVSPost2010Prop32
280
     0
102
RTVSPost2010PropOp32
 70
     1
102
RTVSPost2010Prop33
280
     0
102
RTVSPost2010PropOp33
 70
     1
102
RTVSPost2010Prop34
280
     0
102
RTVSPost2010PropOp34
 70
     1
102
RTVSPost2010Prop35
280
     0
102
RTVSPost2010PropOp35
 70
     1
102
RTVSPost2010Prop36
280
     0
102
RTVSPost2010PropOp36
 70
     1
102
RTVSPost2010Prop37
 90
       50
102
RTVSPost2010PropOp37
 70
     1
102
RTVSPost2010Prop38
140
0.0
102
RTVSPost2010PropOp38
 70
     1
102
RTVSPost2010Prop39
140
1.0
102
RTVSPost2010PropOp39
 70
     1
102
RTVSPost2010Prop40
 90
        0
102
RTVSPost2010PropOp40
 70
     1
102
RTVSPost2010Prop41ColorIndex
 90
       18
102
RTVSPost2010Prop41ColorRGB
 90
        0
102
RTVSPost2010PropOp41
 70
     1
102
RTVSPost2010Prop42
 90
       50
102
RTVSPost2010PropOp42
 70
     1
102
RTVSPost2010Prop43
 90
        3
102
RTVSPost2010PropOp43
 70
     1
102
RTVSPost2010Prop44ColorIndex
 90
        5
102
RTVSPost2010Prop44ColorRGB
 90
      255
102
RTVSPost2010PropOp44
 70
     1
102
RTVSPost2010Prop45
280
     0
102
RTVSPost2010PropOp45
 70
     1
102
RTVSPost2010Prop46
 90
       50
102
RTVSPost2010PropOp46
 70
     1
102
RTVSPost2010Prop47
 90
       50
102
RTVSPost2010PropOp47
 70
     1
102
RTVSPost2010Prop48
 90
       50
102
RTVSPost2010PropOp48
 70
     1
102
RTVSPost2010Prop49
280
     0
102
RTVSPost2010PropOp49
 70
     1
102
RTVSPost2010Prop50
 90
       50
102
RTVSPost2010PropOp50
 70
     1
102
RTVSPost2010Prop51ColorIndex
 90
      256
102
RTVSPost2010Prop51ColorRGB
 90
-16777216
102
RTVSPost2010PropOp51
 70
     0
102
RTVSPost2010Prop52
140
1.0
102
RTVSPost2010PropOp52
 70
     0
102
RTVSPost2010Prop53
 90
        2
102
RTVSPost2010PropOp53
 70
     1
102
RTVSPost2010Prop54
  1
strokes_ogs.tif
102
RTVSPost2010PropOp54
 70
     1
102
RTVSPost2010Prop55
280
     0
102
RTVSPost2010PropOp55
 70
     1
102
RTVSPost2010Prop56
140
1.0
102
RTVSPost2010PropOp56
 70
     1
102
RTVSPost2010Prop57
140
1.0
102
RTVSPost2010PropOp57
 70
     1
  0
XRECORD
  5
2E0
102
{ACAD_REACTORS
330
2DF
102
}
330
2DF
100
AcDbXrecord
280
     1
102
RTVSPost2010Prop28
280
     0
102
RTVSPost2010PropOp28
 70
     1
102
RTVSPost2010Prop29
280
     1
102
RTVSPost2010PropOp29
 70
     1
102
RTVSPost2010Prop30
280
     1
102
RTVSPost2010PropOp30
 70
     1
102
RTVSPost2010Prop31
280
     0
102
RTVSPost2010PropOp31
 70
     1
102
RTVSPost2010Prop32
280
     0
102
RTVSPost2010PropOp32
 70
     1
102
RTVSPost2010Prop33
280
     0
102
RTVSPost2010PropOp33
 70
     1
102
RTVSPost2010Prop34
280
     0
102
RTVSPost2010PropOp34
 70
     1
102
RTVSPost2010Prop35
280
     0
102
RTVSPost2010PropOp35
 70
     1
102
RTVSPost2010Prop36
280
     0
102
RTVSPost2010PropOp36
 70
     1
102
RTVSPost2010Prop37
 90
       50
102
RTVSPost2010PropOp37
 70
     1
102
RTVSPost2010Prop38
140
0.0
102
RTVSPost2010PropOp38
 70
     1
102
RTVSPost2010Prop39
140
1.0
102
RTVSPost2010PropOp39
 70
     1
102
RTVSPost2010Prop40
 90
        0
102
RTVSPost2010PropOp40
 70
     1
102
RTVSPost2010Prop41ColorIndex
 90
       18
102
RTVSPost2010Prop41ColorRGB
 90
        0
102
RTVSPost2010PropOp41
 70
     1
102
RTVSPost2010Prop42
 90
       50
102
RTVSPost2010PropOp42
 70
     1
102
RTVSPost2010Prop43
 90
        3
102
RTVSPost2010PropOp43
 70
     1
102
RTVSPost2010Prop44ColorIndex
 90
        5
102
RTVSPost2010Prop44ColorRGB
 90
      255
102
RTVSPost2010PropOp44
 70
     1
102
RTVSPost2010Prop45
280
     0
102
RTVSPost2010PropOp45
 70
     1
102
RTVSPost2010Prop46
 90
       50
102
RTVSPost2010PropOp46
 70
     1
102
RTVSPost2010Prop47
 90
       50
102
RTVSPost2010PropOp47
 70
     1
102
RTVSPost2010Prop48
 90
       50
102
RTVSPost2010PropOp48
 70
     1
102
RTVSPost2010Prop49
280
     0
102
RTVSPost2010PropOp49
 70
     1
102
RTVSPost2010Prop50
 90
       50
102
RTVSPost2010PropOp50
 70
     1
102
RTVSPost2010Prop51ColorIndex
 90
      256
102
RTVSPost2010Prop51ColorRGB
 90
-16777216
102
RTVSPost2010PropOp51
 70
     0
102
RTVSPost2010Prop52
140
1.0
102
RTVSPost2010PropOp52
 70
     0
102
RTVSPost2010Prop53
 90
        2
102
RTVSPost2010PropOp53
 70
     1
102
RTVSPost2010Prop54
  1
strokes_ogs.tif
102
RTVSPost2010PropOp54
 70
     1
102
RTVSPost2010Prop55
280
     0
102
RTVSPost2010PropOp55
 70
     1
102
RTVSPost2010Prop56
140
1.0
102
RTVSPost2010PropOp56
 70
     1
102
RTVSPost2010Prop57
140
1.0
102
RTVSPost2010PropOp57
 70
     1
  0
XRECORD
  5
2D4
102
{ACAD_REACTORS
330
2D3
102
}
330
2D3
100
AcDbXrecord
280
     1
102
RTVSPost2010Prop28
280
     0
102
RTVSPost2010PropOp28
 70
     1
102
RTVSPost2010Prop29
280
     1
102
RTVSPost2010PropOp29
 70
     1
102
RTVSPost2010Prop30
280
     1
102
RTVSPost2010PropOp30
 70
     1
102
RTVSPost2010Prop31
280
     0
102
RTVSPost2010PropOp31
 70
     1
102
RTVSPost2010Prop32
280
     0
102
RTVSPost2010PropOp32
 70
     1
102
RTVSPost2010Prop33
280
     0
102
RTVSPost2010PropOp33
 70
     1
102
RTVSPost2010Prop34
280
     0
102
RTVSPost2010PropOp34
 70
     1
102
RTVSPost2010Prop35
280
     0
102
RTVSPost2010PropOp35
 70
     1
102
RTVSPost2010Prop36
280
     0
102
RTVSPost2010PropOp36
 70
     1
102
RTVSPost2010Prop37
 90
       50
102
RTVSPost2010PropOp37
 70
     1
102
RTVSPost2010Prop38
140
0.0
102
RTVSPost2010PropOp38
 70
     1
102
RTVSPost2010Prop39
140
1.0
102
RTVSPost2010PropOp39
 70
     1
102
RTVSPost2010Prop40
 90
        0
102
RTVSPost2010PropOp40
 70
     1
102
RTVSPost2010Prop41ColorIndex
 90
       18
102
RTVSPost2010Prop41ColorRGB
 90
        0
102
RTVSPost2010PropOp41
 70
     1
102
RTVSPost2010Prop42
 90
       50
102
RTVSPost2010PropOp42
 70
     1
102
RTVSPost2010Prop43
 90
        3
102
RTVSPost2010PropOp43
 70
     1
102
RTVSPost2010Prop44ColorIndex
 90
        5
102
RTVSPost2010Prop44ColorRGB
 90
      255
102
RTVSPost2010PropOp44
 70
     1
102
RTVSPost2010Prop45
280
     0
102
RTVSPost2010PropOp45
 70
     1
102
RTVSPost2010Prop46
 90
       50
102
RTVSPost2010PropOp46
 70
     1
102
RTVSPost2010Prop47
 90
       50
102
RTVSPost2010PropOp47
 70
     1
102
RTVSPost2010Prop48
 90
       50
102
RTVSPost2010PropOp48
 70
     1
102
RTVSPost2010Prop49
280
     0
102
RTVSPost2010PropOp49
 70
     1
102
RTVSPost2010Prop50
 90
       50
102
RTVSPost2010PropOp50
 70
     1
102
RTVSPost2010Prop51ColorIndex
 90
      256
102
RTVSPost2010Prop51ColorRGB
 90
-16777216
102
RTVSPost2010PropOp51
 70
     0
102
RTVSPost2010Prop52
140
1.0
102
RTVSPost2010PropOp52
 70
     0
102
RTVSPost2010Prop53
 90
        2
102
RTVSPost2010PropOp53
 70
     1
102
RTVSPost2010Prop54
  1
strokes_ogs.tif
102
RTVSPost2010PropOp54
 70
     1
102
RTVSPost2010Prop55
280
     0
102
RTVSPost2010PropOp55
 70
     1
102
RTVSPost2010Prop56
140
1.0
102
RTVSPost2010PropOp56
 70
     1
102
RTVSPost2010Prop57
140
1.0
102
RTVSPost2010PropOp57
 70
     1
  0
XRECORD
  5
2D6
102
{ACAD_REACTORS
330
2D5
102
}
330
2D5
100
AcDbXrecord
280
     1
102
RTVSPost2010Prop28
280
     0
102
RTVSPost2010PropOp28
 70
     1
102
RTVSPost2010Prop29
280
     1
102
RTVSPost2010PropOp29
 70
     1
102
RTVSPost2010Prop30
280
     1
102
RTVSPost2010PropOp30
 70
     1
102
RTVSPost2010Prop31
280
     0
102
RTVSPost2010PropOp31
 70
     1
102
RTVSPost2010Prop32
280
     0
102
RTVSPost2010PropOp32
 70
     1
102
RTVSPost2010Prop33
280
     0
102
RTVSPost2010PropOp33
 70
     1
102
RTVSPost2010Prop34
280
     0
102
RTVSPost2010PropOp34
 70
     1
102
RTVSPost2010Prop35
280
     0
102
RTVSPost2010PropOp35
 70
     1
102
RTVSPost2010Prop36
280
     0
102
RTVSPost2010PropOp36
 70
     1
102
RTVSPost2010Prop37
 90
       50
102
RTVSPost2010PropOp37
 70
     1
102
RTVSPost2010Prop38
140
0.0
102
RTVSPost2010PropOp38
 70
     1
102
RTVSPost2010Prop39
140
1.0
102
RTVSPost2010PropOp39
 70
     1
102
RTVSPost2010Prop40
 90
        0
102
RTVSPost2010PropOp40
 70
     1
102
RTVSPost2010Prop41ColorIndex
 90
       18
102
RTVSPost2010Prop41ColorRGB
 90
        0
102
RTVSPost2010PropOp41
 70
     1
102
RTVSPost2010Prop42
 90
       50
102
RTVSPost2010PropOp42
 70
     1
102
RTVSPost2010Prop43
 90
        3
102
RTVSPost2010PropOp43
 70
     1
102
RTVSPost2010Prop44ColorIndex
 90
        5
102
RTVSPost2010Prop44ColorRGB
 90
      255
102
RTVSPost2010PropOp44
 70
     1
102
RTVSPost2010Prop45
280
     0
102
RTVSPost2010PropOp45
 70
     1
102
RTVSPost2010Prop46
 90
       50
102
RTVSPost2010PropOp46
 70
     1
102
RTVSPost2010Prop47
 90
       50
102
RTVSPost2010PropOp47
 70
     1
102
RTVSPost2010Prop48
 90
       50
102
RTVSPost2010PropOp48
 70
     1
102
RTVSPost2010Prop49
280
     0
102
RTVSPost2010PropOp49
 70
     1
102
RTVSPost2010Prop50
 90
       50
102
RTVSPost2010PropOp50
 70
     1
102
RTVSPost2010Prop51ColorIndex
 90
      256
102
RTVSPost2010Prop51ColorRGB
 90
-16777216
102
RTVSPost2010PropOp51
 70
     0
102
RTVSPost2010Prop52
140
1.0
102
RTVSPost2010PropOp52
 70
     0
102
RTVSPost2010Prop53
 90
        2
102
RTVSPost2010PropOp53
 70
     1
102
RTVSPost2010Prop54
  1
strokes_ogs.tif
102
RTVSPost2010PropOp54
 70
     1
102
RTVSPost2010Prop55
280
     0
102
RTVSPost2010PropOp55
 70
     1
102
RTVSPost2010Prop56
140
1.0
102
RTVSPost2010PropOp56
 70
     1
102
RTVSPost2010Prop57
140
1.0
102
RTVSPost2010PropOp57
 70
     1
  0
XRECORD
  5
2E6
102
{ACAD_REACTORS
330
2E5
102
}
330
2E5
100
AcDbXrecord
280
     1
102
RTVSPost2010Prop28
280
     0
102
RTVSPost2010PropOp28
 70
     0
102
RTVSPost2010Prop29
280
     1
102
RTVSPost2010PropOp29
 70
     0
102
RTVSPost2010Prop30
280
     1
102
RTVSPost2010PropOp30
 70
     0
102
RTVSPost2010Prop31
280
     0
102
RTVSPost2010PropOp31
 70
     0
102
RTVSPost2010Prop32
280
     0
102
RTVSPost2010PropOp32
 70
     0
102
RTVSPost2010Prop33
280
     0
102
RTVSPost2010PropOp33
 70
     0
102
RTVSPost2010Prop34
280
     0
102
RTVSPost2010PropOp34
 70
     0
102
RTVSPost2010Prop35
280
     0
102
RTVSPost2010PropOp35
 70
     0
102
RTVSPost2010Prop36
280
     0
102
RTVSPost2010PropOp36
 70
     0
102
RTVSPost2010Prop37
 90
       50
102
RTVSPost2010PropOp37
 70
     0
102
RTVSPost2010Prop38
140
0.0
102
RTVSPost2010PropOp38
 70
     0
102
RTVSPost2010Prop39
140
1.0
102
RTVSPost2010PropOp39
 70
     0
102
RTVSPost2010Prop40
 90
        0
102
RTVSPost2010PropOp40
 70
     0
102
RTVSPost2010Prop41ColorIndex
 90
       18
102
RTVSPost2010Prop41ColorRGB
 90
        0
102
RTVSPost2010PropOp41
 70
     0
102
RTVSPost2010Prop42
 90
       50
102
RTVSPost2010PropOp42
 70
     0
102
RTVSPost2010Prop43
 90
        3
102
RTVSPost2010PropOp43
 70
     0
102
RTVSPost2010Prop44ColorIndex
 90
        5
102
RTVSPost2010Prop44ColorRGB
 90
      255
102
RTVSPost2010PropOp44
 70
     0
102
RTVSPost2010Prop45
280
     0
102
RTVSPost2010PropOp45
 70
     0
102
RTVSPost2010Prop46
 90
       50
102
RTVSPost2010PropOp46
 70
     0
102
RTVSPost2010Prop47
 90
       50
102
RTVSPost2010PropOp47
 70
     0
102
RTVSPost2010Prop48
 90
       50
102
RTVSPost2010PropOp48
 70
     0
102
RTVSPost2010Prop49
280
     0
102
RTVSPost2010PropOp49
 70
     0
102
RTVSPost2010Prop50
 90
       50
102
RTVSPost2010PropOp50
 70
     0
102
RTVSPost2010Prop51ColorIndex
 90
      256
102
RTVSPost2010Prop51ColorRGB
 90
-16777216
102
RTVSPost2010PropOp51
 70
     0
102
RTVSPost2010Prop52
140
1.0
102
RTVSPost2010PropOp52
 70
     0
102
RTVSPost2010Prop53
 90
        2
102
RTVSPost2010PropOp53
 70
     0
102
RTVSPost2010Prop54
  1
strokes_ogs.tif
102
RTVSPost2010PropOp54
 70
     0
102
RTVSPost2010Prop55
280
     0
102
RTVSPost2010PropOp55
 70
     0
102
RTVSPost2010Prop56
140
1.0
102
RTVSPost2010PropOp56
 70
     0
102
RTVSPost2010Prop57
140
1.0
102
RTVSPost2010PropOp57
 70
     0
  0
XRECORD
  5
2DE
102
{ACAD_REACTORS
330
2DD
102
}
330
2DD
100
AcDbXrecord
280
     1
102
RTVSPost2010Prop28
280
     0
102
RTVSPost2010PropOp28
 70
     1
102
RTVSPost2010Prop29
280
     1
102
RTVSPost2010PropOp29
 70
     1
102
RTVSPost2010Prop30
280
     1
102
RTVSPost2010PropOp30
 70
     1
102
RTVSPost2010Prop31
280
     0
102
RTVSPost2010PropOp31
 70
     1
102
RTVSPost2010Prop32
280
     0
102
RTVSPost2010PropOp32
 70
     1
102
RTVSPost2010Prop33
280
     0
102
RTVSPost2010PropOp33
 70
     1
102
RTVSPost2010Prop34
280
     0
102
RTVSPost2010PropOp34
 70
     1
102
RTVSPost2010Prop35
280
     0
102
RTVSPost2010PropOp35
 70
     1
102
RTVSPost2010Prop36
280
     0
102
RTVSPost2010PropOp36
 70
     1
102
RTVSPost2010Prop37
 90
       50
102
RTVSPost2010PropOp37
 70
     1
102
RTVSPost2010Prop38
140
0.0
102
RTVSPost2010PropOp38
 70
     1
102
RTVSPost2010Prop39
140
1.0
102
RTVSPost2010PropOp39
 70
     1
102
RTVSPost2010Prop40
 90
        0
102
RTVSPost2010PropOp40
 70
     1
102
RTVSPost2010Prop41ColorIndex
 90
       18
102
RTVSPost2010Prop41ColorRGB
 90
        0
102
RTVSPost2010PropOp41
 70
     1
102
RTVSPost2010Prop42
 90
       50
102
RTVSPost2010PropOp42
 70
     1
102
RTVSPost2010Prop43
 90
        3
102
RTVSPost2010PropOp43
 70
     1
102
RTVSPost2010Prop44ColorIndex
 90
        5
102
RTVSPost2010Prop44ColorRGB
 90
      255
102
RTVSPost2010PropOp44
 70
     1
102
RTVSPost2010Prop45
280
     0
102
RTVSPost2010PropOp45
 70
     1
102
RTVSPost2010Prop46
 90
       50
102
RTVSPost2010PropOp46
 70
     1
102
RTVSPost2010Prop47
 90
       50
102
RTVSPost2010PropOp47
 70
     1
102
RTVSPost2010Prop48
 90
       50
102
RTVSPost2010PropOp48
 70
     1
102
RTVSPost2010Prop49
280
     0
102
RTVSPost2010PropOp49
 70
     1
102
RTVSPost2010Prop50
 90
       50
102
RTVSPost2010PropOp50
 70
     1
102
RTVSPost2010Prop51ColorIndex
 90
      256
102
RTVSPost2010Prop51ColorRGB
 90
-16777216
102
RTVSPost2010PropOp51
 70
     0
102
RTVSPost2010Prop52
140
1.0
102
RTVSPost2010PropOp52
 70
     0
102
RTVSPost2010Prop53
 90
        2
102
RTVSPost2010PropOp53
 70
     1
102
RTVSPost2010Prop54
  1
strokes_ogs.tif
102
RTVSPost2010PropOp54
 70
     1
102
RTVSPost2010Prop55
280
     0
102
RTVSPost2010PropOp55
 70
     1
102
RTVSPost2010Prop56
140
1.0
102
RTVSPost2010PropOp56
 70
     1
102
RTVSPost2010Prop57
140
1.0
102
RTVSPost2010PropOp57
 70
     1
  0
XRECORD
  5
2C2
102
{ACAD_REACTORS
330
2C1
102
}
330
2C1
100
AcDbXrecord
280
     1
102
RTVSPost2010Prop28
280
     0
102
RTVSPost2010PropOp28
 70
     1
102
RTVSPost2010Prop29
280
     1
102
RTVSPost2010PropOp29
 70
     1
102
RTVSPost2010Prop30
280
     1
102
RTVSPost2010PropOp30
 70
     1
102
RTVSPost2010Prop31
280
     0
102
RTVSPost2010PropOp31
 70
     1
102
RTVSPost2010Prop32
280
     0
102
RTVSPost2010PropOp32
 70
     1
102
RTVSPost2010Prop33
280
     0
102
RTVSPost2010PropOp33
 70
     1
102
RTVSPost2010Prop34
280
     0
102
RTVSPost2010PropOp34
 70
     1
102
RTVSPost2010Prop35
280
     0
102
RTVSPost2010PropOp35
 70
     1
102
RTVSPost2010Prop36
280
     0
102
RTVSPost2010PropOp36
 70
     1
102
RTVSPost2010Prop37
 90
       50
102
RTVSPost2010PropOp37
 70
     1
102
RTVSPost2010Prop38
140
0.0
102
RTVSPost2010PropOp38
 70
     1
102
RTVSPost2010Prop39
140
1.0
102
RTVSPost2010PropOp39
 70
     1
102
RTVSPost2010Prop40
 90
        0
102
RTVSPost2010PropOp40
 70
     1
102
RTVSPost2010Prop41ColorIndex
 90
       18
102
RTVSPost2010Prop41ColorRGB
 90
        0
102
RTVSPost2010PropOp41
 70
     1
102
RTVSPost2010Prop42
 90
       50
102
RTVSPost2010PropOp42
 70
     1
102
RTVSPost2010Prop43
 90
        3
102
RTVSPost2010PropOp43
 70
     1
102
RTVSPost2010Prop44ColorIndex
 90
        5
102
RTVSPost2010Prop44ColorRGB
 90
      255
102
RTVSPost2010PropOp44
 70
     1
102
RTVSPost2010Prop45
280
     0
102
RTVSPost2010PropOp45
 70
     1
102
RTVSPost2010Prop46
 90
       50
102
RTVSPost2010PropOp46
 70
     1
102
RTVSPost2010Prop47
 90
       50
102
RTVSPost2010PropOp47
 70
     1
102
RTVSPost2010Prop48
 90
       50
102
RTVSPost2010PropOp48
 70
     1
102
RTVSPost2010Prop49
280
     0
102
RTVSPost2010PropOp49
 70
     1
102
RTVSPost2010Prop50
 90
       50
102
RTVSPost2010PropOp50
 70
     1
102
RTVSPost2010Prop51ColorIndex
 90
      256
102
RTVSPost2010Prop51ColorRGB
 90
-16777216
102
RTVSPost2010PropOp51
 70
     0
102
RTVSPost2010Prop52
140
1.0
102
RTVSPost2010PropOp52
 70
     0
102
RTVSPost2010Prop53
 90
        2
102
RTVSPost2010PropOp53
 70
     1
102
RTVSPost2010Prop54
  1
strokes_ogs.tif
102
RTVSPost2010PropOp54
 70
     1
102
RTVSPost2010Prop55
280
     0
102
RTVSPost2010PropOp55
 70
     1
102
RTVSPost2010Prop56
140
1.0
102
RTVSPost2010PropOp56
 70
     1
102
RTVSPost2010Prop57
140
1.0
102
RTVSPost2010PropOp57
 70
     1
  0
XRECORD
  5
2C4
102
{ACAD_REACTORS
330
2C3
102
}
330
2C3
100
AcDbXrecord
280
     1
102
RTVSPost2010Prop28
280
     0
102
RTVSPost2010PropOp28
 70
     1
102
RTVSPost2010Prop29
280
     1
102
RTVSPost2010PropOp29
 70
     1
102
RTVSPost2010Prop30
280
     1
102
RTVSPost2010PropOp30
 70
     1
102
RTVSPost2010Prop31
280
     0
102
RTVSPost2010PropOp31
 70
     1
102
RTVSPost2010Prop32
280
     0
102
RTVSPost2010PropOp32
 70
     1
102
RTVSPost2010Prop33
280
     0
102
RTVSPost2010PropOp33
 70
     1
102
RTVSPost2010Prop34
280
     0
102
RTVSPost2010PropOp34
 70
     1
102
RTVSPost2010Prop35
280
     0
102
RTVSPost2010PropOp35
 70
     1
102
RTVSPost2010Prop36
280
     0
102
RTVSPost2010PropOp36
 70
     1
102
RTVSPost2010Prop37
 90
       50
102
RTVSPost2010PropOp37
 70
     1
102
RTVSPost2010Prop38
140
0.0
102
RTVSPost2010PropOp38
 70
     1
102
RTVSPost2010Prop39
140
1.0
102
RTVSPost2010PropOp39
 70
     1
102
RTVSPost2010Prop40
 90
        0
102
RTVSPost2010PropOp40
 70
     1
102
RTVSPost2010Prop41ColorIndex
 90
       18
102
RTVSPost2010Prop41ColorRGB
 90
        0
102
RTVSPost2010PropOp41
 70
     1
102
RTVSPost2010Prop42
 90
       50
102
RTVSPost2010PropOp42
 70
     1
102
RTVSPost2010Prop43
 90
        3
102
RTVSPost2010PropOp43
 70
     1
102
RTVSPost2010Prop44ColorIndex
 90
        5
102
RTVSPost2010Prop44ColorRGB
 90
      255
102
RTVSPost2010PropOp44
 70
     1
102
RTVSPost2010Prop45
280
     0
102
RTVSPost2010PropOp45
 70
     1
102
RTVSPost2010Prop46
 90
       50
102
RTVSPost2010PropOp46
 70
     1
102
RTVSPost2010Prop47
 90
       50
102
RTVSPost2010PropOp47
 70
     1
102
RTVSPost2010Prop48
 90
       50
102
RTVSPost2010PropOp48
 70
     1
102
RTVSPost2010Prop49
280
     0
102
RTVSPost2010PropOp49
 70
     1
102
RTVSPost2010Prop50
 90
       50
102
RTVSPost2010PropOp50
 70
     1
102
RTVSPost2010Prop51ColorIndex
 90
      256
102
RTVSPost2010Prop51ColorRGB
 90
-16777216
102
RTVSPost2010PropOp51
 70
     0
102
RTVSPost2010Prop52
140
1.0
102
RTVSPost2010PropOp52
 70
     0
102
RTVSPost2010Prop53
 90
        2
102
RTVSPost2010PropOp53
 70
     1
102
RTVSPost2010Prop54
  1
strokes_ogs.tif
102
RTVSPost2010PropOp54
 70
     1
102
RTVSPost2010Prop55
280
     0
102
RTVSPost2010PropOp55
 70
     1
102
RTVSPost2010Prop56
140
1.0
102
RTVSPost2010PropOp56
 70
     1
102
RTVSPost2010Prop57
140
1.0
102
RTVSPost2010PropOp57
 70
     1
  0
XRECORD
  5
2C6
102
{ACAD_REACTORS
330
2C5
102
}
330
2C5
100
AcDbXrecord
280
     1
102
RTVSPost2010Prop28
280
     0
102
RTVSPost2010PropOp28
 70
     1
102
RTVSPost2010Prop29
280
     1
102
RTVSPost2010PropOp29
 70
     1
102
RTVSPost2010Prop30
280
     1
102
RTVSPost2010PropOp30
 70
     1
102
RTVSPost2010Prop31
280
     0
102
RTVSPost2010PropOp31
 70
     1
102
RTVSPost2010Prop32
280
     0
102
RTVSPost2010PropOp32
 70
     1
102
RTVSPost2010Prop33
280
     0
102
RTVSPost2010PropOp33
 70
     1
102
RTVSPost2010Prop34
280
     0
102
RTVSPost2010PropOp34
 70
     1
102
RTVSPost2010Prop35
280
     0
102
RTVSPost2010PropOp35
 70
     1
102
RTVSPost2010Prop36
280
     0
102
RTVSPost2010PropOp36
 70
     1
102
RTVSPost2010Prop37
 90
       50
102
RTVSPost2010PropOp37
 70
     1
102
RTVSPost2010Prop38
140
0.0
102
RTVSPost2010PropOp38
 70
     1
102
RTVSPost2010Prop39
140
1.0
102
RTVSPost2010PropOp39
 70
     1
102
RTVSPost2010Prop40
 90
        0
102
RTVSPost2010PropOp40
 70
     1
102
RTVSPost2010Prop41ColorIndex
 90
       18
102
RTVSPost2010Prop41ColorRGB
 90
        0
102
RTVSPost2010PropOp41
 70
     1
102
RTVSPost2010Prop42
 90
       50
102
RTVSPost2010PropOp42
 70
     1
102
RTVSPost2010Prop43
 90
        3
102
RTVSPost2010PropOp43
 70
     1
102
RTVSPost2010Prop44ColorIndex
 90
        5
102
RTVSPost2010Prop44ColorRGB
 90
      255
102
RTVSPost2010PropOp44
 70
     1
102
RTVSPost2010Prop45
280
     0
102
RTVSPost2010PropOp45
 70
     1
102
RTVSPost2010Prop46
 90
       50
102
RTVSPost2010PropOp46
 70
     1
102
RTVSPost2010Prop47
 90
       50
102
RTVSPost2010PropOp47
 70
     1
102
RTVSPost2010Prop48
 90
       50
102
RTVSPost2010PropOp48
 70
     1
102
RTVSPost2010Prop49
280
     0
102
RTVSPost2010PropOp49
 70
     1
102
RTVSPost2010Prop50
 90
       50
102
RTVSPost2010PropOp50
 70
     1
102
RTVSPost2010Prop51ColorIndex
 90
      256
102
RTVSPost2010Prop51ColorRGB
 90
-16777216
102
RTVSPost2010PropOp51
 70
     0
102
RTVSPost2010Prop52
140
1.0
102
RTVSPost2010PropOp52
 70
     0
102
RTVSPost2010Prop53
 90
        2
102
RTVSPost2010PropOp53
 70
     1
102
RTVSPost2010Prop54
  1
strokes_ogs.tif
102
RTVSPost2010PropOp54
 70
     1
102
RTVSPost2010Prop55
280
     0
102
RTVSPost2010PropOp55
 70
     1
102
RTVSPost2010Prop56
140
1.0
102
RTVSPost2010PropOp56
 70
     1
102
RTVSPost2010Prop57
140
1.0
102
RTVSPost2010PropOp57
 70
     1
  0
XRECORD
  5
2C8
102
{ACAD_REACTORS
330
2C7
102
}
330
2C7
100
AcDbXrecord
280
     1
102
RTVSPost2010Prop28
280
     0
102
RTVSPost2010PropOp28
 70
     1
102
RTVSPost2010Prop29
280
     1
102
RTVSPost2010PropOp29
 70
     1
102
RTVSPost2010Prop30
280
     1
102
RTVSPost2010PropOp30
 70
     1
102
RTVSPost2010Prop31
280
     0
102
RTVSPost2010PropOp31
 70
     1
102
RTVSPost2010Prop32
280
     0
102
RTVSPost2010PropOp32
 70
     1
102
RTVSPost2010Prop33
280
     0
102
RTVSPost2010PropOp33
 70
     1
102
RTVSPost2010Prop34
280
     0
102
RTVSPost2010PropOp34
 70
     1
102
RTVSPost2010Prop35
280
     0
102
RTVSPost2010PropOp35
 70
     1
102
RTVSPost2010Prop36
280
     0
102
RTVSPost2010PropOp36
 70
     1
102
RTVSPost2010Prop37
 90
       50
102
RTVSPost2010PropOp37
 70
     1
102
RTVSPost2010Prop38
140
0.0
102
RTVSPost2010PropOp38
 70
     1
102
RTVSPost2010Prop39
140
1.0
102
RTVSPost2010PropOp39
 70
     1
102
RTVSPost2010Prop40
 90
        0
102
RTVSPost2010PropOp40
 70
     1
102
RTVSPost2010Prop41ColorIndex
 90
       18
102
RTVSPost2010Prop41ColorRGB
 90
        0
102
RTVSPost2010PropOp41
 70
     1
102
RTVSPost2010Prop42
 90
       50
102
RTVSPost2010PropOp42
 70
     1
102
RTVSPost2010Prop43
 90
        3
102
RTVSPost2010PropOp43
 70
     1
102
RTVSPost2010Prop44ColorIndex
 90
        5
102
RTVSPost2010Prop44ColorRGB
 90
      255
102
RTVSPost2010PropOp44
 70
     1
102
RTVSPost2010Prop45
280
     0
102
RTVSPost2010PropOp45
 70
     1
102
RTVSPost2010Prop46
 90
       50
102
RTVSPost2010PropOp46
 70
     1
102
RTVSPost2010Prop47
 90
       50
102
RTVSPost2010PropOp47
 70
     1
102
RTVSPost2010Prop48
 90
       50
102
RTVSPost2010PropOp48
 70
     1
102
RTVSPost2010Prop49
280
     0
102
RTVSPost2010PropOp49
 70
     1
102
RTVSPost2010Prop50
 90
       50
102
RTVSPost2010PropOp50
 70
     1
102
RTVSPost2010Prop51ColorIndex
 90
      256
102
RTVSPost2010Prop51ColorRGB
 90
-16777216
102
RTVSPost2010PropOp51
 70
     0
102
RTVSPost2010Prop52
140
1.0
102
RTVSPost2010PropOp52
 70
     0
102
RTVSPost2010Prop53
 90
        2
102
RTVSPost2010PropOp53
 70
     1
102
RTVSPost2010Prop54
  1
strokes_ogs.tif
102
RTVSPost2010PropOp54
 70
     1
102
RTVSPost2010Prop55
280
     0
102
RTVSPost2010PropOp55
 70
     1
102
RTVSPost2010Prop56
140
1.0
102
RTVSPost2010PropOp56
 70
     1
102
RTVSPost2010Prop57
140
1.0
102
RTVSPost2010PropOp57
 70
     1
  0
XRECORD
  5
2CE
102
{ACAD_REACTORS
330
2CD
102
}
330
2CD
100
AcDbXrecord
280
     1
102
RTVSPost2010Prop28
280
     0
102
RTVSPost2010PropOp28
 70
     1
102
RTVSPost2010Prop29
280
     1
102
RTVSPost2010PropOp29
 70
     1
102
RTVSPost2010Prop30
280
     1
102
RTVSPost2010PropOp30
 70
     1
102
RTVSPost2010Prop31
280
     0
102
RTVSPost2010PropOp31
 70
     1
102
RTVSPost2010Prop32
280
     0
102
RTVSPost2010PropOp32
 70
     1
102
RTVSPost2010Prop33
280
     0
102
RTVSPost2010PropOp33
 70
     1
102
RTVSPost2010Prop34
280
     0
102
RTVSPost2010PropOp34
 70
     1
102
RTVSPost2010Prop35
280
     0
102
RTVSPost2010PropOp35
 70
     1
102
RTVSPost2010Prop36
280
     0
102
RTVSPost2010PropOp36
 70
     1
102
RTVSPost2010Prop37
 90
       50
102
RTVSPost2010PropOp37
 70
     1
102
RTVSPost2010Prop38
140
0.0
102
RTVSPost2010PropOp38
 70
     1
102
RTVSPost2010Prop39
140
1.0
102
RTVSPost2010PropOp39
 70
     1
102
RTVSPost2010Prop40
 90
        0
102
RTVSPost2010PropOp40
 70
     1
102
RTVSPost2010Prop41ColorIndex
 90
       18
102
RTVSPost2010Prop41ColorRGB
 90
        0
102
RTVSPost2010PropOp41
 70
     1
102
RTVSPost2010Prop42
 90
       50
102
RTVSPost2010PropOp42
 70
     1
102
RTVSPost2010Prop43
 90
        3
102
RTVSPost2010PropOp43
 70
     1
102
RTVSPost2010Prop44ColorIndex
 90
        5
102
RTVSPost2010Prop44ColorRGB
 90
      255
102
RTVSPost2010PropOp44
 70
     1
102
RTVSPost2010Prop45
280
     0
102
RTVSPost2010PropOp45
 70
     1
102
RTVSPost2010Prop46
 90
       50
102
RTVSPost2010PropOp46
 70
     1
102
RTVSPost2010Prop47
 90
       50
102
RTVSPost2010PropOp47
 70
     1
102
RTVSPost2010Prop48
 90
       50
102
RTVSPost2010PropOp48
 70
     1
102
RTVSPost2010Prop49
280
     0
102
RTVSPost2010PropOp49
 70
     1
102
RTVSPost2010Prop50
 90
       50
102
RTVSPost2010PropOp50
 70
     1
102
RTVSPost2010Prop51ColorIndex
 90
      256
102
RTVSPost2010Prop51ColorRGB
 90
-16777216
102
RTVSPost2010PropOp51
 70
     0
102
RTVSPost2010Prop52
140
1.0
102
RTVSPost2010PropOp52
 70
     0
102
RTVSPost2010Prop53
 90
        2
102
RTVSPost2010PropOp53
 70
     1
102
RTVSPost2010Prop54
  1
strokes_ogs.tif
102
RTVSPost2010PropOp54
 70
     1
102
RTVSPost2010Prop55
280
     0
102
RTVSPost2010PropOp55
 70
     1
102
RTVSPost2010Prop56
140
1.0
102
RTVSPost2010PropOp56
 70
     1
102
RTVSPost2010Prop57
140
1.0
102
RTVSPost2010PropOp57
 70
     1
  0
XRECORD
  5
2E2
102
{ACAD_REACTORS
330
2E1
102
}
330
2E1
100
AcDbXrecord
280
     1
102
RTVSPost2010Prop28
280
     0
102
RTVSPost2010PropOp28
 70
     0
102
RTVSPost2010Prop29
280
     1
102
RTVSPost2010PropOp29
 70
     0
102
RTVSPost2010Prop30
280
     1
102
RTVSPost2010PropOp30
 70
     0
102
RTVSPost2010Prop31
280
     0
102
RTVSPost2010PropOp31
 70
     0
102
RTVSPost2010Prop32
280
     0
102
RTVSPost2010PropOp32
 70
     0
102
RTVSPost2010Prop33
280
     0
102
RTVSPost2010PropOp33
 70
     0
102
RTVSPost2010Prop34
280
     0
102
RTVSPost2010PropOp34
 70
     0
102
RTVSPost2010Prop35
280
     0
102
RTVSPost2010PropOp35
 70
     0
102
RTVSPost2010Prop36
280
     0
102
RTVSPost2010PropOp36
 70
     0
102
RTVSPost2010Prop37
 90
       50
102
RTVSPost2010PropOp37
 70
     0
102
RTVSPost2010Prop38
140
0.0
102
RTVSPost2010PropOp38
 70
     0
102
RTVSPost2010Prop39
140
1.0
102
RTVSPost2010PropOp39
 70
     0
102
RTVSPost2010Prop40
 90
        0
102
RTVSPost2010PropOp40
 70
     0
102
RTVSPost2010Prop41ColorIndex
 90
       18
102
RTVSPost2010Prop41ColorRGB
 90
        0
102
RTVSPost2010PropOp41
 70
     0
102
RTVSPost2010Prop42
 90
       50
102
RTVSPost2010PropOp42
 70
     0
102
RTVSPost2010Prop43
 90
        3
102
RTVSPost2010PropOp43
 70
     0
102
RTVSPost2010Prop44ColorIndex
 90
        5
102
RTVSPost2010Prop44ColorRGB
 90
      255
102
RTVSPost2010PropOp44
 70
     0
102
RTVSPost2010Prop45
280
     0
102
RTVSPost2010PropOp45
 70
     0
102
RTVSPost2010Prop46
 90
       50
102
RTVSPost2010PropOp46
 70
     0
102
RTVSPost2010Prop47
 90
       50
102
RTVSPost2010PropOp47
 70
     0
102
RTVSPost2010Prop48
 90
       50
102
RTVSPost2010PropOp48
 70
     0
102
RTVSPost2010Prop49
280
     0
102
RTVSPost2010PropOp49
 70
     0
102
RTVSPost2010Prop50
 90
       50
102
RTVSPost2010PropOp50
 70
     0
102
RTVSPost2010Prop51ColorIndex
 90
      256
102
RTVSPost2010Prop51ColorRGB
 90
-16777216
102
RTVSPost2010PropOp51
 70
     0
102
RTVSPost2010Prop52
140
1.0
102
RTVSPost2010PropOp52
 70
     0
102
RTVSPost2010Prop53
 90
        2
102
RTVSPost2010PropOp53
 70
     0
102
RTVSPost2010Prop54
  1
strokes_ogs.tif
102
RTVSPost2010PropOp54
 70
     0
102
RTVSPost2010Prop55
280
     0
102
RTVSPost2010PropOp55
 70
     0
102
RTVSPost2010Prop56
140
1.0
102
RTVSPost2010PropOp56
 70
     0
102
RTVSPost2010Prop57
140
1.0
102
RTVSPost2010PropOp57
 70
     0
  0
XRECORD
  5
2DC
102
{ACAD_REACTORS
330
2DB
102
}
330
2DB
100
AcDbXrecord
280
     1
102
RTVSPost2010Prop28
280
     0
102
RTVSPost2010PropOp28
 70
     1
102
RTVSPost2010Prop29
280
     1
102
RTVSPost2010PropOp29
 70
     1
102
RTVSPost2010Prop30
280
     1
102
RTVSPost2010PropOp30
 70
     1
102
RTVSPost2010Prop31
280
     0
102
RTVSPost2010PropOp31
 70
     1
102
RTVSPost2010Prop32
280
     0
102
RTVSPost2010PropOp32
 70
     1
102
RTVSPost2010Prop33
280
     0
102
RTVSPost2010PropOp33
 70
     1
102
RTVSPost2010Prop34
280
     0
102
RTVSPost2010PropOp34
 70
     1
102
RTVSPost2010Prop35
280
     0
102
RTVSPost2010PropOp35
 70
     1
102
RTVSPost2010Prop36
280
     0
102
RTVSPost2010PropOp36
 70
     1
102
RTVSPost2010Prop37
 90
       50
102
RTVSPost2010PropOp37
 70
     1
102
RTVSPost2010Prop38
140
0.0
102
RTVSPost2010PropOp38
 70
     1
102
RTVSPost2010Prop39
140
1.0
102
RTVSPost2010PropOp39
 70
     1
102
RTVSPost2010Prop40
 90
        0
102
RTVSPost2010PropOp40
 70
     1
102
RTVSPost2010Prop41ColorIndex
 90
       18
102
RTVSPost2010Prop41ColorRGB
 90
        0
102
RTVSPost2010PropOp41
 70
     1
102
RTVSPost2010Prop42
 90
       50
102
RTVSPost2010PropOp42
 70
     1
102
RTVSPost2010Prop43
 90
        3
102
RTVSPost2010PropOp43
 70
     1
102
RTVSPost2010Prop44ColorIndex
 90
        5
102
RTVSPost2010Prop44ColorRGB
 90
      255
102
RTVSPost2010PropOp44
 70
     1
102
RTVSPost2010Prop45
280
     0
102
RTVSPost2010PropOp45
 70
     1
102
RTVSPost2010Prop46
 90
       50
102
RTVSPost2010PropOp46
 70
     1
102
RTVSPost2010Prop47
 90
       50
102
RTVSPost2010PropOp47
 70
     1
102
RTVSPost2010Prop48
 90
       50
102
RTVSPost2010PropOp48
 70
     1
102
RTVSPost2010Prop49
280
     0
102
RTVSPost2010PropOp49
 70
     1
102
RTVSPost2010Prop50
 90
       50
102
RTVSPost2010PropOp50
 70
     1
102
RTVSPost2010Prop51ColorIndex
 90
      256
102
RTVSPost2010Prop51ColorRGB
 90
-16777216
102
RTVSPost2010PropOp51
 70
     0
102
RTVSPost2010Prop52
140
1.0
102
RTVSPost2010PropOp52
 70
     0
102
RTVSPost2010Prop53
 90
        2
102
RTVSPost2010PropOp53
 70
     1
102
RTVSPost2010Prop54
  1
strokes_ogs.tif
102
RTVSPost2010PropOp54
 70
     1
102
RTVSPost2010Prop55
280
     0
102
RTVSPost2010PropOp55
 70
     1
102
RTVSPost2010Prop56
140
1.0
102
RTVSPost2010PropOp56
 70
     1
102
RTVSPost2010Prop57
140
1.0
102
RTVSPost2010PropOp57
 70
     1
  0
XRECORD
  5
2E4
102
{ACAD_REACTORS
330
2E3
102
}
330
2E3
100
AcDbXrecord
280
     1
102
RTVSPost2010Prop28
280
     0
102
RTVSPost2010PropOp28
 70
     0
102
RTVSPost2010Prop29
280
     1
102
RTVSPost2010PropOp29
 70
     0
102
RTVSPost2010Prop30
280
     1
102
RTVSPost2010PropOp30
 70
     0
102
RTVSPost2010Prop31
280
     0
102
RTVSPost2010PropOp31
 70
     0
102
RTVSPost2010Prop32
280
     0
102
RTVSPost2010PropOp32
 70
     0
102
RTVSPost2010Prop33
280
     0
102
RTVSPost2010PropOp33
 70
     0
102
RTVSPost2010Prop34
280
     0
102
RTVSPost2010PropOp34
 70
     0
102
RTVSPost2010Prop35
280
     0
102
RTVSPost2010PropOp35
 70
     0
102
RTVSPost2010Prop36
280
     0
102
RTVSPost2010PropOp36
 70
     0
102
RTVSPost2010Prop37
 90
       50
102
RTVSPost2010PropOp37
 70
     0
102
RTVSPost2010Prop38
140
0.0
102
RTVSPost2010PropOp38
 70
     0
102
RTVSPost2010Prop39
140
1.0
102
RTVSPost2010PropOp39
 70
     0
102
RTVSPost2010Prop40
 90
        0
102
RTVSPost2010PropOp40
 70
     0
102
RTVSPost2010Prop41ColorIndex
 90
       18
102
RTVSPost2010Prop41ColorRGB
 90
        0
102
RTVSPost2010PropOp41
 70
     0
102
RTVSPost2010Prop42
 90
       50
102
RTVSPost2010PropOp42
 70
     0
102
RTVSPost2010Prop43
 90
        3
102
RTVSPost2010PropOp43
 70
     0
102
RTVSPost2010Prop44ColorIndex
 90
        5
102
RTVSPost2010Prop44ColorRGB
 90
      255
102
RTVSPost2010PropOp44
 70
     0
102
RTVSPost2010Prop45
280
     0
102
RTVSPost2010PropOp45
 70
     0
102
RTVSPost2010Prop46
 90
       50
102
RTVSPost2010PropOp46
 70
     0
102
RTVSPost2010Prop47
 90
       50
102
RTVSPost2010PropOp47
 70
     0
102
RTVSPost2010Prop48
 90
       50
102
RTVSPost2010PropOp48
 70
     0
102
RTVSPost2010Prop49
280
     0
102
RTVSPost2010PropOp49
 70
     0
102
RTVSPost2010Prop50
 90
       50
102
RTVSPost2010PropOp50
 70
     0
102
RTVSPost2010Prop51ColorIndex
 90
      256
102
RTVSPost2010Prop51ColorRGB
 90
-16777216
102
RTVSPost2010PropOp51
 70
     0
102
RTVSPost2010Prop52
140
1.0
102
RTVSPost2010PropOp52
 70
     0
102
RTVSPost2010Prop53
 90
        2
102
RTVSPost2010PropOp53
 70
     0
102
RTVSPost2010Prop54
  1
strokes_ogs.tif
102
RTVSPost2010PropOp54
 70
     0
102
RTVSPost2010Prop55
280
     0
102
RTVSPost2010PropOp55
 70
     0
102
RTVSPost2010Prop56
140
1.0
102
RTVSPost2010PropOp56
 70
     0
102
RTVSPost2010Prop57
140
1.0
102
RTVSPost2010PropOp57
 70
     0
  0
XRECORD
  5
2D2
102
{ACAD_REACTORS
330
2D1
102
}
330
2D1
100
AcDbXrecord
280
     1
102
RTVSPost2010Prop28
280
     0
102
RTVSPost2010PropOp28
 70
     1
102
RTVSPost2010Prop29
280
     1
102
RTVSPost2010PropOp29
 70
     1
102
RTVSPost2010Prop30
280
     1
102
RTVSPost2010PropOp30
 70
     1
102
RTVSPost2010Prop31
280
     0
102
RTVSPost2010PropOp31
 70
     1
102
RTVSPost2010Prop32
280
     0
102
RTVSPost2010PropOp32
 70
     1
102
RTVSPost2010Prop33
280
     0
102
RTVSPost2010PropOp33
 70
     1
102
RTVSPost2010Prop34
280
     0
102
RTVSPost2010PropOp34
 70
     1
102
RTVSPost2010Prop35
280
     0
102
RTVSPost2010PropOp35
 70
     1
102
RTVSPost2010Prop36
280
     0
102
RTVSPost2010PropOp36
 70
     1
102
RTVSPost2010Prop37
 90
       50
102
RTVSPost2010PropOp37
 70
     1
102
RTVSPost2010Prop38
140
0.0
102
RTVSPost2010PropOp38
 70
     1
102
RTVSPost2010Prop39
140
1.0
102
RTVSPost2010PropOp39
 70
     1
102
RTVSPost2010Prop40
 90
        0
102
RTVSPost2010PropOp40
 70
     1
102
RTVSPost2010Prop41ColorIndex
 90
       18
102
RTVSPost2010Prop41ColorRGB
 90
        0
102
RTVSPost2010PropOp41
 70
     1
102
RTVSPost2010Prop42
 90
       50
102
RTVSPost2010PropOp42
 70
     1
102
RTVSPost2010Prop43
 90
        3
102
RTVSPost2010PropOp43
 70
     1
102
RTVSPost2010Prop44ColorIndex
 90
        5
102
RTVSPost2010Prop44ColorRGB
 90
      255
102
RTVSPost2010PropOp44
 70
     1
102
RTVSPost2010Prop45
280
     0
102
RTVSPost2010PropOp45
 70
     1
102
RTVSPost2010Prop46
 90
       50
102
RTVSPost2010PropOp46
 70
     1
102
RTVSPost2010Prop47
 90
       50
102
RTVSPost2010PropOp47
 70
     1
102
RTVSPost2010Prop48
 90
       50
102
RTVSPost2010PropOp48
 70
     1
102
RTVSPost2010Prop49
280
     0
102
RTVSPost2010PropOp49
 70
     1
102
RTVSPost2010Prop50
 90
       50
102
RTVSPost2010PropOp50
 70
     1
102
RTVSPost2010Prop51ColorIndex
 90
      256
102
RTVSPost2010Prop51ColorRGB
 90
-16777216
102
RTVSPost2010PropOp51
 70
     0
102
RTVSPost2010Prop52
140
1.0
102
RTVSPost2010PropOp52
 70
     0
102
RTVSPost2010Prop53
 90
        2
102
RTVSPost2010PropOp53
 70
     1
102
RTVSPost2010Prop54
  1
strokes_ogs.tif
102
RTVSPost2010PropOp54
 70
     1
102
RTVSPost2010Prop55
280
     0
102
RTVSPost2010PropOp55
 70
     1
102
RTVSPost2010Prop56
140
1.0
102
RTVSPost2010PropOp56
 70
     1
102
RTVSPost2010Prop57
140
1.0
102
RTVSPost2010PropOp57
 70
     1
  0
XRECORD
  5
2F0
102
{ACAD_REACTORS
330
2EF
102
}
330
2EF
100
AcDbXrecord
280
     1
102
RTVSPost2010Prop28
280
     0
102
RTVSPost2010PropOp28
 70
     1
102
RTVSPost2010Prop29
280
     1
102
RTVSPost2010PropOp29
 70
     1
102
RTVSPost2010Prop30
280
     1
102
RTVSPost2010PropOp30
 70
     1
102
RTVSPost2010Prop31
280
     0
102
RTVSPost2010PropOp31
 70
     1
102
RTVSPost2010Prop32
280
     0
102
RTVSPost2010PropOp32
 70
     1
102
RTVSPost2010Prop33
280
     0
102
RTVSPost2010PropOp33
 70
     1
102
RTVSPost2010Prop34
280
     0
102
RTVSPost2010PropOp34
 70
     1
102
RTVSPost2010Prop35
280
     0
102
RTVSPost2010PropOp35
 70
     1
102
RTVSPost2010Prop36
280
     0
102
RTVSPost2010PropOp36
 70
     1
102
RTVSPost2010Prop37
 90
       50
102
RTVSPost2010PropOp37
 70
     1
102
RTVSPost2010Prop38
140
0.0
102
RTVSPost2010PropOp38
 70
     1
102
RTVSPost2010Prop39
140
1.0
102
RTVSPost2010PropOp39
 70
     1
102
RTVSPost2010Prop40
 90
        0
102
RTVSPost2010PropOp40
 70
     1
102
RTVSPost2010Prop41ColorIndex
 90
       18
102
RTVSPost2010Prop41ColorRGB
 90
        0
102
RTVSPost2010PropOp41
 70
     1
102
RTVSPost2010Prop42
 90
       50
102
RTVSPost2010PropOp42
 70
     1
102
RTVSPost2010Prop43
 90
        3
102
RTVSPost2010PropOp43
 70
     1
102
RTVSPost2010Prop44ColorIndex
 90
        5
102
RTVSPost2010Prop44ColorRGB
 90
      255
102
RTVSPost2010PropOp44
 70
     1
102
RTVSPost2010Prop45
280
     0
102
RTVSPost2010PropOp45
 70
     1
102
RTVSPost2010Prop46
 90
       50
102
RTVSPost2010PropOp46
 70
     1
102
RTVSPost2010Prop47
 90
       50
102
RTVSPost2010PropOp47
 70
     1
102
RTVSPost2010Prop48
 90
       50
102
RTVSPost2010PropOp48
 70
     1
102
RTVSPost2010Prop49
280
     0
102
RTVSPost2010PropOp49
 70
     1
102
RTVSPost2010Prop50
 90
       50
102
RTVSPost2010PropOp50
 70
     1
102
RTVSPost2010Prop51ColorIndex
 90
      256
102
RTVSPost2010Prop51ColorRGB
 90
-16777216
102
RTVSPost2010PropOp51
 70
     0
102
RTVSPost2010Prop52
140
1.0
102
RTVSPost2010PropOp52
 70
     0
102
RTVSPost2010Prop53
 90
        2
102
RTVSPost2010PropOp53
 70
     1
102
RTVSPost2010Prop54
  1
strokes_ogs.tif
102
RTVSPost2010PropOp54
 70
     1
102
RTVSPost2010Prop55
280
     0
102
RTVSPost2010PropOp55
 70
     1
102
RTVSPost2010Prop56
140
1.0
102
RTVSPost2010PropOp56
 70
     1
102
RTVSPost2010Prop57
140
1.0
102
RTVSPost2010PropOp57
 70
     1
  0
XRECORD
  5
2EE
102
{ACAD_REACTORS
330
2ED
102
}
330
2ED
100
AcDbXrecord
280
     1
102
RTVSPost2010Prop28
280
     0
102
RTVSPost2010PropOp28
 70
     1
102
RTVSPost2010Prop29
280
     1
102
RTVSPost2010PropOp29
 70
     1
102
RTVSPost2010Prop30
280
     1
102
RTVSPost2010PropOp30
 70
     1
102
RTVSPost2010Prop31
280
     0
102
RTVSPost2010PropOp31
 70
     1
102
RTVSPost2010Prop32
280
     0
102
RTVSPost2010PropOp32
 70
     1
102
RTVSPost2010Prop33
280
     0
102
RTVSPost2010PropOp33
 70
     1
102
RTVSPost2010Prop34
280
     0
102
RTVSPost2010PropOp34
 70
     1
102
RTVSPost2010Prop35
280
     0
102
RTVSPost2010PropOp35
 70
     1
102
RTVSPost2010Prop36
280
     0
102
RTVSPost2010PropOp36
 70
     1
102
RTVSPost2010Prop37
 90
       50
102
RTVSPost2010PropOp37
 70
     1
102
RTVSPost2010Prop38
140
0.0
102
RTVSPost2010PropOp38
 70
     1
102
RTVSPost2010Prop39
140
1.0
102
RTVSPost2010PropOp39
 70
     1
102
RTVSPost2010Prop40
 90
        0
102
RTVSPost2010PropOp40
 70
     1
102
RTVSPost2010Prop41ColorIndex
 90
       18
102
RTVSPost2010Prop41ColorRGB
 90
        0
102
RTVSPost2010PropOp41
 70
     1
102
RTVSPost2010Prop42
 90
       50
102
RTVSPost2010PropOp42
 70
     1
102
RTVSPost2010Prop43
 90
        3
102
RTVSPost2010PropOp43
 70
     1
102
RTVSPost2010Prop44ColorIndex
 90
        5
102
RTVSPost2010Prop44ColorRGB
 90
      255
102
RTVSPost2010PropOp44
 70
     1
102
RTVSPost2010Prop45
280
     0
102
RTVSPost2010PropOp45
 70
     1
102
RTVSPost2010Prop46
 90
       50
102
RTVSPost2010PropOp46
 70
     1
102
RTVSPost2010Prop47
 90
       50
102
RTVSPost2010PropOp47
 70
     1
102
RTVSPost2010Prop48
 90
       50
102
RTVSPost2010PropOp48
 70
     1
102
RTVSPost2010Prop49
280
     0
102
RTVSPost2010PropOp49
 70
     1
102
RTVSPost2010Prop50
 90
       50
102
RTVSPost2010PropOp50
 70
     1
102
RTVSPost2010Prop51ColorIndex
 90
      256
102
RTVSPost2010Prop51ColorRGB
 90
-16777216
102
RTVSPost2010PropOp51
 70
     0
102
RTVSPost2010Prop52
140
1.0
102
RTVSPost2010PropOp52
 70
     0
102
RTVSPost2010Prop53
 90
        2
102
RTVSPost2010PropOp53
 70
     1
102
RTVSPost2010Prop54
  1
strokes_ogs.tif
102
RTVSPost2010PropOp54
 70
     1
102
RTVSPost2010Prop55
280
     0
102
RTVSPost2010PropOp55
 70
     1
102
RTVSPost2010Prop56
140
1.0
102
RTVSPost2010PropOp56
 70
     1
102
RTVSPost2010Prop57
140
1.0
102
RTVSPost2010PropOp57
 70
     1
  0
XRECORD
  5
2E8
102
{ACAD_REACTORS
330
2E7
102
}
330
2E7
100
AcDbXrecord
280
     1
102
RTVSPost2010Prop28
280
     0
102
RTVSPost2010PropOp28
 70
     1
102
RTVSPost2010Prop29
280
     1
102
RTVSPost2010PropOp29
 70
     1
102
RTVSPost2010Prop30
280
     1
102
RTVSPost2010PropOp30
 70
     1
102
RTVSPost2010Prop31
280
     0
102
RTVSPost2010PropOp31
 70
     1
102
RTVSPost2010Prop32
280
     0
102
RTVSPost2010PropOp32
 70
     1
102
RTVSPost2010Prop33
280
     0
102
RTVSPost2010PropOp33
 70
     1
102
RTVSPost2010Prop34
280
     0
102
RTVSPost2010PropOp34
 70
     1
102
RTVSPost2010Prop35
280
     0
102
RTVSPost2010PropOp35
 70
     1
102
RTVSPost2010Prop36
280
     0
102
RTVSPost2010PropOp36
 70
     1
102
RTVSPost2010Prop37
 90
       50
102
RTVSPost2010PropOp37
 70
     1
102
RTVSPost2010Prop38
140
0.0
102
RTVSPost2010PropOp38
 70
     1
102
RTVSPost2010Prop39
140
1.0
102
RTVSPost2010PropOp39
 70
     1
102
RTVSPost2010Prop40
 90
        0
102
RTVSPost2010PropOp40
 70
     1
102
RTVSPost2010Prop41ColorIndex
 90
       18
102
RTVSPost2010Prop41ColorRGB
 90
        0
102
RTVSPost2010PropOp41
 70
     1
102
RTVSPost2010Prop42
 90
       50
102
RTVSPost2010PropOp42
 70
     1
102
RTVSPost2010Prop43
 90
        3
102
RTVSPost2010PropOp43
 70
     1
102
RTVSPost2010Prop44ColorIndex
 90
        5
102
RTVSPost2010Prop44ColorRGB
 90
      255
102
RTVSPost2010PropOp44
 70
     1
102
RTVSPost2010Prop45
280
     0
102
RTVSPost2010PropOp45
 70
     1
102
RTVSPost2010Prop46
 90
       50
102
RTVSPost2010PropOp46
 70
     1
102
RTVSPost2010Prop47
 90
       50
102
RTVSPost2010PropOp47
 70
     1
102
RTVSPost2010Prop48
 90
       50
102
RTVSPost2010PropOp48
 70
     1
102
RTVSPost2010Prop49
280
     0
102
RTVSPost2010PropOp49
 70
     1
102
RTVSPost2010Prop50
 90
       50
102
RTVSPost2010PropOp50
 70
     1
102
RTVSPost2010Prop51ColorIndex
 90
      256
102
RTVSPost2010Prop51ColorRGB
 90
-16777216
102
RTVSPost2010PropOp51
 70
     0
102
RTVSPost2010Prop52
140
1.0
102
RTVSPost2010PropOp52
 70
     0
102
RTVSPost2010Prop53
 90
        2
102
RTVSPost2010PropOp53
 70
     1
102
RTVSPost2010Prop54
  1
strokes_ogs.tif
102
RTVSPost2010PropOp54
 70
     1
102
RTVSPost2010Prop55
280
     0
102
RTVSPost2010PropOp55
 70
     1
102
RTVSPost2010Prop56
140
1.0
102
RTVSPost2010PropOp56
 70
     1
102
RTVSPost2010Prop57
140
1.0
102
RTVSPost2010PropOp57
 70
     1
  0
XRECORD
  5
2EA
102
{ACAD_REACTORS
330
2E9
102
}
330
2E9
100
AcDbXrecord
280
     1
102
RTVSPost2010Prop28
280
     0
102
RTVSPost2010PropOp28
 70
     1
102
RTVSPost2010Prop29
280
     1
102
RTVSPost2010PropOp29
 70
     1
102
RTVSPost2010Prop30
280
     1
102
RTVSPost2010PropOp30
 70
     1
102
RTVSPost2010Prop31
280
     0
102
RTVSPost2010PropOp31
 70
     1
102
RTVSPost2010Prop32
280
     0
102
RTVSPost2010PropOp32
 70
     1
102
RTVSPost2010Prop33
280
     0
102
RTVSPost2010PropOp33
 70
     1
102
RTVSPost2010Prop34
280
     0
102
RTVSPost2010PropOp34
 70
     1
102
RTVSPost2010Prop35
280
     0
102
RTVSPost2010PropOp35
 70
     1
102
RTVSPost2010Prop36
280
     0
102
RTVSPost2010PropOp36
 70
     1
102
RTVSPost2010Prop37
 90
       50
102
RTVSPost2010PropOp37
 70
     1
102
RTVSPost2010Prop38
140
0.0
102
RTVSPost2010PropOp38
 70
     1
102
RTVSPost2010Prop39
140
1.0
102
RTVSPost2010PropOp39
 70
     1
102
RTVSPost2010Prop40
 90
        0
102
RTVSPost2010PropOp40
 70
     1
102
RTVSPost2010Prop41ColorIndex
 90
       18
102
RTVSPost2010Prop41ColorRGB
 90
        0
102
RTVSPost2010PropOp41
 70
     1
102
RTVSPost2010Prop42
 90
       50
102
RTVSPost2010PropOp42
 70
     1
102
RTVSPost2010Prop43
 90
        3
102
RTVSPost2010PropOp43
 70
     1
102
RTVSPost2010Prop44ColorIndex
 90
        5
102
RTVSPost2010Prop44ColorRGB
 90
      255
102
RTVSPost2010PropOp44
 70
     1
102
RTVSPost2010Prop45
280
     0
102
RTVSPost2010PropOp45
 70
     1
102
RTVSPost2010Prop46
 90
       50
102
RTVSPost2010PropOp46
 70
     1
102
RTVSPost2010Prop47
 90
       50
102
RTVSPost2010PropOp47
 70
     1
102
RTVSPost2010Prop48
 90
       50
102
RTVSPost2010PropOp48
 70
     1
102
RTVSPost2010Prop49
280
     0
102
RTVSPost2010PropOp49
 70
     1
102
RTVSPost2010Prop50
 90
       50
102
RTVSPost2010PropOp50
 70
     1
102
RTVSPost2010Prop51ColorIndex
 90
      256
102
RTVSPost2010Prop51ColorRGB
 90
-16777216
102
RTVSPost2010PropOp51
 70
     0
102
RTVSPost2010Prop52
140
1.0
102
RTVSPost2010PropOp52
 70
     0
102
RTVSPost2010Prop53
 90
        2
102
RTVSPost2010PropOp53
 70
     1
102
RTVSPost2010Prop54
  1
strokes_ogs.tif
102
RTVSPost2010PropOp54
 70
     1
102
RTVSPost2010Prop55
280
     0
102
RTVSPost2010PropOp55
 70
     1
102
RTVSPost2010Prop56
140
1.0
102
RTVSPost2010PropOp56
 70
     1
102
RTVSPost2010Prop57
140
1.0
102
RTVSPost2010PropOp57
 70
     1
  0
XRECORD
  5
2DA
102
{ACAD_REACTORS
330
2D9
102
}
330
2D9
100
AcDbXrecord
280
     1
102
RTVSPost2010Prop28
280
     0
102
RTVSPost2010PropOp28
 70
     1
102
RTVSPost2010Prop29
280
     1
102
RTVSPost2010PropOp29
 70
     1
102
RTVSPost2010Prop30
280
     1
102
RTVSPost2010PropOp30
 70
     1
102
RTVSPost2010Prop31
280
     0
102
RTVSPost2010PropOp31
 70
     1
102
RTVSPost2010Prop32
280
     0
102
RTVSPost2010PropOp32
 70
     1
102
RTVSPost2010Prop33
280
     0
102
RTVSPost2010PropOp33
 70
     1
102
RTVSPost2010Prop34
280
     0
102
RTVSPost2010PropOp34
 70
     1
102
RTVSPost2010Prop35
280
     0
102
RTVSPost2010PropOp35
 70
     1
102
RTVSPost2010Prop36
280
     0
102
RTVSPost2010PropOp36
 70
     1
102
RTVSPost2010Prop37
 90
       50
102
RTVSPost2010PropOp37
 70
     1
102
RTVSPost2010Prop38
140
0.0
102
RTVSPost2010PropOp38
 70
     1
102
RTVSPost2010Prop39
140
1.0
102
RTVSPost2010PropOp39
 70
     1
102
RTVSPost2010Prop40
 90
        0
102
RTVSPost2010PropOp40
 70
     1
102
RTVSPost2010Prop41ColorIndex
 90
       18
102
RTVSPost2010Prop41ColorRGB
 90
        0
102
RTVSPost2010PropOp41
 70
     1
102
RTVSPost2010Prop42
 90
       50
102
RTVSPost2010PropOp42
 70
     1
102
RTVSPost2010Prop43
 90
        3
102
RTVSPost2010PropOp43
 70
     1
102
RTVSPost2010Prop44ColorIndex
 90
        5
102
RTVSPost2010Prop44ColorRGB
 90
      255
102
RTVSPost2010PropOp44
 70
     1
102
RTVSPost2010Prop45
280
     0
102
RTVSPost2010PropOp45
 70
     1
102
RTVSPost2010Prop46
 90
       50
102
RTVSPost2010PropOp46
 70
     1
102
RTVSPost2010Prop47
 90
       50
102
RTVSPost2010PropOp47
 70
     1
102
RTVSPost2010Prop48
 90
       50
102
RTVSPost2010PropOp48
 70
     1
102
RTVSPost2010Prop49
280
     0
102
RTVSPost2010PropOp49
 70
     1
102
RTVSPost2010Prop50
 90
       50
102
RTVSPost2010PropOp50
 70
     1
102
RTVSPost2010Prop51ColorIndex
 90
      256
102
RTVSPost2010Prop51ColorRGB
 90
-16777216
102
RTVSPost2010PropOp51
 70
     0
102
RTVSPost2010Prop52
140
1.0
102
RTVSPost2010PropOp52
 70
     0
102
RTVSPost2010Prop53
 90
        2
102
RTVSPost2010PropOp53
 70
     1
102
RTVSPost2010Prop54
  1
strokes_ogs.tif
102
RTVSPost2010PropOp54
 70
     1
102
RTVSPost2010Prop55
280
     0
102
RTVSPost2010PropOp55
 70
     1
102
RTVSPost2010Prop56
140
1.0
102
RTVSPost2010PropOp56
 70
     1
102
RTVSPost2010Prop57
140
1.0
102
RTVSPost2010PropOp57
 70
     1
  0
XRECORD
  5
2CC
102
{ACAD_REACTORS
330
2CB
102
}
330
2CB
100
AcDbXrecord
280
     1
102
RTVSPost2010Prop28
280
     0
102
RTVSPost2010PropOp28
 70
     1
102
RTVSPost2010Prop29
280
     1
102
RTVSPost2010PropOp29
 70
     1
102
RTVSPost2010Prop30
280
     1
102
RTVSPost2010PropOp30
 70
     1
102
RTVSPost2010Prop31
280
     0
102
RTVSPost2010PropOp31
 70
     1
102
RTVSPost2010Prop32
280
     0
102
RTVSPost2010PropOp32
 70
     1
102
RTVSPost2010Prop33
280
     0
102
RTVSPost2010PropOp33
 70
     1
102
RTVSPost2010Prop34
280
     0
102
RTVSPost2010PropOp34
 70
     1
102
RTVSPost2010Prop35
280
     0
102
RTVSPost2010PropOp35
 70
     1
102
RTVSPost2010Prop36
280
     0
102
RTVSPost2010PropOp36
 70
     1
102
RTVSPost2010Prop37
 90
       50
102
RTVSPost2010PropOp37
 70
     1
102
RTVSPost2010Prop38
140
0.0
102
RTVSPost2010PropOp38
 70
     1
102
RTVSPost2010Prop39
140
1.0
102
RTVSPost2010PropOp39
 70
     1
102
RTVSPost2010Prop40
 90
        0
102
RTVSPost2010PropOp40
 70
     1
102
RTVSPost2010Prop41ColorIndex
 90
       18
102
RTVSPost2010Prop41ColorRGB
 90
        0
102
RTVSPost2010PropOp41
 70
     1
102
RTVSPost2010Prop42
 90
       50
102
RTVSPost2010PropOp42
 70
     1
102
RTVSPost2010Prop43
 90
        3
102
RTVSPost2010PropOp43
 70
     1
102
RTVSPost2010Prop44ColorIndex
 90
        5
102
RTVSPost2010Prop44ColorRGB
 90
      255
102
RTVSPost2010PropOp44
 70
     1
102
RTVSPost2010Prop45
280
     0
102
RTVSPost2010PropOp45
 70
     1
102
RTVSPost2010Prop46
 90
       50
102
RTVSPost2010PropOp46
 70
     1
102
RTVSPost2010Prop47
 90
       50
102
RTVSPost2010PropOp47
 70
     1
102
RTVSPost2010Prop48
 90
       50
102
RTVSPost2010PropOp48
 70
     1
102
RTVSPost2010Prop49
280
     0
102
RTVSPost2010PropOp49
 70
     1
102
RTVSPost2010Prop50
 90
       50
102
RTVSPost2010PropOp50
 70
     1
102
RTVSPost2010Prop51ColorIndex
 90
      256
102
RTVSPost2010Prop51ColorRGB
 90
-16777216
102
RTVSPost2010PropOp51
 70
     0
102
RTVSPost2010Prop52
140
1.0
102
RTVSPost2010PropOp52
 70
     0
102
RTVSPost2010Prop53
 90
        2
102
RTVSPost2010PropOp53
 70
     1
102
RTVSPost2010Prop54
  1
strokes_ogs.tif
102
RTVSPost2010PropOp54
 70
     1
102
RTVSPost2010Prop55
280
     0
102
RTVSPost2010PropOp55
 70
     1
102
RTVSPost2010Prop56
140
1.0
102
RTVSPost2010PropOp56
 70
     1
102
RTVSPost2010Prop57
140
1.0
102
RTVSPost2010PropOp57
 70
     1
  0
XRECORD
  5
2EC
102
{ACAD_REACTORS
330
2EB
102
}
330
2EB
100
AcDbXrecord
280
     1
102
RTVSPost2010Prop28
280
     0
102
RTVSPost2010PropOp28
 70
     1
102
RTVSPost2010Prop29
280
     1
102
RTVSPost2010PropOp29
 70
     1
102
RTVSPost2010Prop30
280
     1
102
RTVSPost2010PropOp30
 70
     1
102
RTVSPost2010Prop31
280
     0
102
RTVSPost2010PropOp31
 70
     1
102
RTVSPost2010Prop32
280
     0
102
RTVSPost2010PropOp32
 70
     1
102
RTVSPost2010Prop33
280
     0
102
RTVSPost2010PropOp33
 70
     1
102
RTVSPost2010Prop34
280
     0
102
RTVSPost2010PropOp34
 70
     1
102
RTVSPost2010Prop35
280
     0
102
RTVSPost2010PropOp35
 70
     1
102
RTVSPost2010Prop36
280
     0
102
RTVSPost2010PropOp36
 70
     1
102
RTVSPost2010Prop37
 90
       50
102
RTVSPost2010PropOp37
 70
     1
102
RTVSPost2010Prop38
140
0.0
102
RTVSPost2010PropOp38
 70
     1
102
RTVSPost2010Prop39
140
1.0
102
RTVSPost2010PropOp39
 70
     1
102
RTVSPost2010Prop40
 90
        0
102
RTVSPost2010PropOp40
 70
     1
102
RTVSPost2010Prop41ColorIndex
 90
       18
102
RTVSPost2010Prop41ColorRGB
 90
        0
102
RTVSPost2010PropOp41
 70
     1
102
RTVSPost2010Prop42
 90
       50
102
RTVSPost2010PropOp42
 70
     1
102
RTVSPost2010Prop43
 90
        3
102
RTVSPost2010PropOp43
 70
     1
102
RTVSPost2010Prop44ColorIndex
 90
        5
102
RTVSPost2010Prop44ColorRGB
 90
      255
102
RTVSPost2010PropOp44
 70
     1
102
RTVSPost2010Prop45
280
     0
102
RTVSPost2010PropOp45
 70
     1
102
RTVSPost2010Prop46
 90
       50
102
RTVSPost2010PropOp46
 70
     1
102
RTVSPost2010Prop47
 90
       50
102
RTVSPost2010PropOp47
 70
     1
102
RTVSPost2010Prop48
 90
       50
102
RTVSPost2010PropOp48
 70
     1
102
RTVSPost2010Prop49
280
     0
102
RTVSPost2010PropOp49
 70
     1
102
RTVSPost2010Prop50
 90
       50
102
RTVSPost2010PropOp50
 70
     1
102
RTVSPost2010Prop51ColorIndex
 90
      256
102
RTVSPost2010Prop51ColorRGB
 90
-16777216
102
RTVSPost2010PropOp51
 70
     0
102
RTVSPost2010Prop52
140
1.0
102
RTVSPost2010PropOp52
 70
     0
102
RTVSPost2010Prop53
 90
        2
102
RTVSPost2010PropOp53
 70
     1
102
RTVSPost2010Prop54
  1
strokes_ogs.tif
102
RTVSPost2010PropOp54
 70
     1
102
RTVSPost2010Prop55
280
     0
102
RTVSPost2010PropOp55
 70
     1
102
RTVSPost2010Prop56
140
1.0
102
RTVSPost2010PropOp56
 70
     1
102
RTVSPost2010Prop57
140
1.0
102
RTVSPost2010PropOp57
 70
     1
  0
ENDSEC
  0
EOF
