  0
SECTION
  2
HEADER
  9
$ACADVER
  1
AC1024
  9
$ACADMAINTVER
 70
     6
  9
$DWGCODEPAGE
  3
ANSI_1252
  9
$LASTSAVEDBY
  1
wassimj
  9
$INSBASE
 10
0.0
 20
0.0
 30
0.0
  9
$EXTMIN
 10
6.734924312696098
 20
0.0211666666666659
 30
0.0
  9
$EXTMAX
 10
64.60507568730391
 20
28.55581779194436
 30
0.0
  9
$LIMMIN
 10
0.0
 20
0.0
  9
$LIMMAX
 10
12.0
 20
9.0
  9
$ORTHOMODE
 70
     0
  9
$REGENMODE
 70
     1
  9
$FILLMODE
 70
     1
  9
$QTEXTMODE
 70
     0
  9
$MIRRTEXT
 70
     1
  9
$LTSCALE
 40
1.0
  9
$ATTMODE
 70
     1
  9
$TEXTSIZE
 40
0.2
  9
$TRACEWID
 40
0.05
  9
$TEXTSTYLE
  7
Standard
  9
$CLAYER
  8
0
  9
$CELTYPE
  6
ByLayer
  9
$CECOLOR
 62
   256
  9
$CELTSCALE
 40
1.0
  9
$DISPSILH
 70
     0
  9
$DIMSCALE
 40
1.0
  9
$DIMASZ
 40
0.18
  9
$DIMEXO
 40
0.0625
  9
$DIMDLI
 40
0.38
  9
$DIMRND
 40
0.0
  9
$DIMDLE
 40
0.0
  9
$DIMEXE
 40
0.18
  9
$DIMTP
 40
0.0
  9
$DIMTM
 40
0.0
  9
$DIMTXT
 40
0.18
  9
$DIMCEN
 40
0.09
  9
$DIMTSZ
 40
0.0
  9
$DIMTOL
 70
     0
  9
$DIMLIM
 70
     0
  9
$DIMTIH
 70
     1
  9
$DIMTOH
 70
     1
  9
$DIMSE1
 70
     0
  9
$DIMSE2
 70
     0
  9
$DIMTAD
 70
     0
  9
$DIMZIN
 70
     0
  9
$DIMBLK
  1

  9
$DIMASO
 70
     1
  9
$DIMSHO
 70
     1
  9
$DIMPOST
  1

  9
$DIMAPOST
  1

  9
$DIMALT
 70
     0
  9
$DIMALTD
 70
     2
  9
$DIMALTF
 40
25.4
  9
$DIMLFAC
 40
1.0
  9
$DIMTOFL
 70
     0
  9
$DIMTVP
 40
0.0
  9
$DIMTIX
 70
     0
  9
$DIMSOXD
 70
     0
  9
$DIMSAH
 70
     0
  9
$DIMBLK1
  1

  9
$DIMBLK2
  1

  9
$DIMSTYLE
  2
STANDARD_ACAD
  9
$DIMCLRD
 70
     0
  9
$DIMCLRE
 70
     0
  9
$DIMCLRT
 70
     0
  9
$DIMTFAC
 40
1.0
  9
$DIMGAP
 40
0.09
  9
$DIMJUST
 70
     0
  9
$DIMSD1
 70
     0
  9
$DIMSD2
 70
     0
  9
$DIMTOLJ
 70
     1
  9
$DIMTZIN
 70
     0
  9
$DIMALTZ
 70
     0
  9
$DIMALTTZ
 70
     0
  9
$DIMUPT
 70
     0
  9
$DIMDEC
 70
     4
  9
$DIMTDEC
 70
     4
  9
$DIMALTU
 70
     2
  9
$DIMALTTD
 70
     2
  9
$DIMTXSTY
  7
Standard
  9
$DIMAUNIT
 70
     0
  9
$DIMADEC
 70
     0
  9
$DIMALTRND
 40
0.0
  9
$DIMAZIN
 70
     0
  9
$DIMDSEP
 70
    46
  9
$DIMATFIT
 70
     3
  9
$DIMFRAC
 70
     0
  9
$DIMLDRBLK
  1

  9
$DIMLUNIT
 70
     2
  9
$DIMLWD
 70
    -2
  9
$DIMLWE
 70
    -2
  9
$DIMTMOVE
 70
     2
  9
$DIMFXL
 40
1.0
  9
$DIMFXLON
 70
     0
  9
$DIMJOGANG
 40
0.7853981633974483
  9
$DIMTFILL
 70
     0
  9
$DIMTFILLCLR
 70
     0
  9
$DIMARCSYM
 70
     0
  9
$DIMLTYPE
  6

  9
$DIMLTEX1
  6

  9
$DIMLTEX2
  6

  9
$DIMTXTDIRECTION
 70
     0
  9
$LUNITS
 70
     2
  9
$LUPREC
 70
     3
  9
$SKETCHINC
 40
0.1
  9
$FILLETRAD
 40
0.0
  9
$AUNITS
 70
     0
  9
$AUPREC
 70
     0
  9
$MENU
  1
.
  9
$ELEVATION
 40
0.0
  9
$PELEVATION
 40
0.0
  9
$THICKNESS
 40
0.0
  9
$LIMCHECK
 70
     0
  9
$CHAMFERA
 40
0.0
  9
$CHAMFERB
 40
0.0
  9
$CHAMFERC
 40
0.0
  9
$CHAMFERD
 40
0.0
  9
$SKPOLY
 70
     0
  9
$TDCREATE
 40
2460497.325094074
  9
$TDUCREATE
 40
2460497.283427408
  9
$TDUPDATE
 40
2460497.325110764
  9
$TDUUPDATE
 40
2460497.283444098
  9
$TDINDWG
 40
0.0000000116
  9
$TDUSRTIMER
 40
0.0000000116
  9
$USRTIMER
 70
     1
  9
$ANGBASE
 50
0.0
  9
$ANGDIR
 70
     0
  9
$PDMODE
 70
     0
  9
$PDSIZE
 40
0.0
  9
$PLINEWID
 40
0.0
  9
$SPLFRAME
 70
     0
  9
$SPLINETYPE
 70
     6
  9
$SPLINESEGS
 70
     8
  9
$HANDSEED
  5
366
  9
$SURFTAB1
 70
     6
  9
$SURFTAB2
 70
     6
  9
$SURFTYPE
 70
     6
  9
$SURFU
 70
     6
  9
$SURFV
 70
     6
  9
$UCSBASE
  2

  9
$UCSNAME
  2

  9
$UCSORG
 10
0.0
 20
0.0
 30
0.0
  9
$UCSXDIR
 10
1.0
 20
0.0
 30
0.0
  9
$UCSYDIR
 10
0.0
 20
1.0
 30
0.0
  9
$UCSORTHOREF
  2

  9
$UCSORTHOVIEW
 70
     0
  9
$UCSORGTOP
 10
0.0
 20
0.0
 30
0.0
  9
$UCSORGBOTTOM
 10
0.0
 20
0.0
 30
0.0
  9
$UCSORGLEFT
 10
0.0
 20
0.0
 30
0.0
  9
$UCSORGRIGHT
 10
0.0
 20
0.0
 30
0.0
  9
$UCSORGFRONT
 10
0.0
 20
0.0
 30
0.0
  9
$UCSORGBACK
 10
0.0
 20
0.0
 30
0.0
  9
$PUCSBASE
  2

  9
$PUCSNAME
  2

  9
$PUCSORG
 10
0.0
 20
0.0
 30
0.0
  9
$PUCSXDIR
 10
1.0
 20
0.0
 30
0.0
  9
$PUCSYDIR
 10
0.0
 20
1.0
 30
0.0
  9
$PUCSORTHOREF
  2

  9
$PUCSORTHOVIEW
 70
     0
  9
$PUCSORGTOP
 10
0.0
 20
0.0
 30
0.0
  9
$PUCSORGBOTTOM
 10
0.0
 20
0.0
 30
0.0
  9
$PUCSORGLEFT
 10
0.0
 20
0.0
 30
0.0
  9
$PUCSORGRIGHT
 10
0.0
 20
0.0
 30
0.0
  9
$PUCSORGFRONT
 10
0.0
 20
0.0
 30
0.0
  9
$PUCSORGBACK
 10
0.0
 20
0.0
 30
0.0
  9
$USERI1
 70
     0
  9
$USERI2
 70
     0
  9
$USERI3
 70
     0
  9
$USERI4
 70
     0
  9
$USERI5
 70
     0
  9
$USERR1
 40
0.0
  9
$USERR2
 40
0.0
  9
$USERR3
 40
0.0
  9
$USERR4
 40
0.0
  9
$USERR5
 40
0.0
  9
$WORLDVIEW
 70
     1
  9
$SHADEDGE
 70
     3
  9
$SHADEDIF
 70
    70
  9
$TILEMODE
 70
     1
  9
$MAXACTVP
 70
    64
  9
$PINSBASE
 10
0.0
 20
0.0
 30
0.0
  9
$PLIMCHECK
 70
     0
  9
$PEXTMIN
 10
1.000000000000000E+20
 20
1.000000000000000E+20
 30
1.000000000000000E+20
  9
$PEXTMAX
 10
-1.000000000000000E+20
 20
-1.000000000000000E+20
 30
-1.000000000000000E+20
  9
$PLIMMIN
 10
0.0
 20
0.0
  9
$PLIMMAX
 10
12.0
 20
9.0
  9
$UNITMODE
 70
     0
  9
$VISRETAIN
 70
     1
  9
$PLINEGEN
 70
     0
  9
$PSLTSCALE
 70
     1
  9
$TREEDEPTH
 70
  3020
  9
$CMLSTYLE
  2
Standard
  9
$CMLJUST
 70
     0
  9
$CMLSCALE
 40
1.0
  9
$PROXYGRAPHICS
 70
     1
  9
$MEASUREMENT
 70
     1
  9
$CELWEIGHT
370
    -1
  9
$ENDCAPS
280
     0
  9
$JOINSTYLE
280
     0
  9
$LWDISPLAY
290
     0
  9
$INSUNITS
 70
     6
  9
$HYPERLINKBASE
  1

  9
$STYLESHEET
  1

  9
$XEDIT
290
     1
  9
$CEPSNTYPE
380
     0
  9
$PSTYLEMODE
290
     1
  9
$FINGERPRINTGUID
  2
{5a8aaf38-6c21-499d-b8db-0cc8981a2a16}
  9
$VERSIONGUID
  2
{FAEB1C32-E019-11D5-929B-00C0DF256EC4}
  9
$EXTNAMES
290
     1
  9
$PSVPSCALE
 40
0.0
  9
$OLESTARTUP
290
     0
  9
$SORTENTS
280
   127
  9
$INDEXCTL
280
     0
  9
$HIDETEXT
280
     1
  9
$XCLIPFRAME
280
     2
  9
$HALOGAP
280
     0
  9
$OBSCOLOR
 70
   257
  9
$OBSLTYPE
280
     0
  9
$INTERSECTIONDISPLAY
280
     0
  9
$INTERSECTIONCOLOR
 70
   257
  9
$DIMASSOC
280
     2
  9
$PROJECTNAME
  1

  9
$CAMERADISPLAY
290
     0
  9
$LENSLENGTH
 40
50.0
  9
$CAMERAHEIGHT
 40
0.0
  9
$STEPSPERSEC
 40
2.0
  9
$STEPSIZE
 40
6.0
  9
$3DDWFPREC
 40
2.0
  9
$PSOLWIDTH
 40
0.25
  9
$PSOLHEIGHT
 40
4.0
  9
$LOFTANG1
 40
1.570796326794897
  9
$LOFTANG2
 40
1.570796326794897
  9
$LOFTMAG1
 40
0.0
  9
$LOFTMAG2
 40
0.0
  9
$LOFTPARAM
 70
     7
  9
$LOFTNORMALS
280
     1
  9
$LATITUDE
 40
37.795
  9
$LONGITUDE
 40
-122.394
  9
$NORTHDIRECTION
 40
0.0
  9
$TIMEZONE
 70
 -8000
  9
$LIGHTGLYPHDISPLAY
280
     1
  9
$TILEMODELIGHTSYNCH
280
     1
  9
$CMATERIAL
347
44
  9
$SOLIDHIST
280
     0
  9
$SHOWHIST
280
     1
  9
$DWFFRAME
280
     2
  9
$DGNFRAME
280
     2
  9
$REALWORLDSCALE
290
     1
  9
$INTERFERECOLOR
 62
   256
  9
$CSHADOW
280
     0
  9
$SHADOWPLANELOCATION
 40
0.0
  0
ENDSEC
  0
SECTION
  2
CLASSES
  0
CLASS
  1
ACDBDICTIONARYWDFLT
  2
AcDbDictionaryWithDefault
  3
ObjectDBX Classes
 90
        0
 91
        3
280
     0
281
     0
  0
CLASS
  1
VISUALSTYLE
  2
AcDbVisualStyle
  3
ObjectDBX Classes
 90
     4095
 91
        3
280
     0
281
     0
  0
CLASS
  1
MATERIAL
  2
AcDbMaterial
  3
ObjectDBX Classes
 90
     1153
 91
        3
280
     0
281
     0
  0
CLASS
  1
SCALE
  2
AcDbScale
  3
ObjectDBX Classes
 90
     1153
 91
        3
280
     0
281
     0
  0
CLASS
  1
TABLESTYLE
  2
AcDbTableStyle
  3
ObjectDBX Classes
 90
     4095
 91
        3
280
     0
281
     0
  0
CLASS
  1
MLEADERSTYLE
  2
AcDbMLeaderStyle
  3
ACDB_MLEADERSTYLE_CLASS
 90
     4095
 91
        3
280
     0
281
     0
  0
CLASS
  1
SUN
  2
AcDbSun
  3
SCENEOE
 90
     1153
 91
        3
280
     0
281
     0
  0
CLASS
  1
DICTIONARYVAR
  2
AcDbDictionaryVar
  3
ObjectDBX Classes
 90
        0
 91
        3
280
     0
281
     0
  0
CLASS
  1
CELLSTYLEMAP
  2
AcDbCellStyleMap
  3
ObjectDBX Classes
 90
     1152
 91
        3
280
     0
281
     0
  0
ENDSEC
  0
SECTION
  2
TABLES
  0
TABLE
  2
VPORT
  5
8
330
0
100
AcDbSymbolTable
 70
     1
  0
VPORT
  5
29
330
8
100
AcDbSymbolTableRecord
100
AcDbViewportTableRecord
  2
*Active
 70
     0
 10
0.0
 20
0.0
 11
1.0
 21
1.0
 12
10.42990654205607
 22
4.5
 13
0.0
 23
0.0
 14
0.5
 24
0.5
 15
0.5
 25
0.5
 16
0.0
 26
0.0
 36
1.0
 17
0.0
 27
0.0
 37
0.0
 40
9.0
 41
1.972972972850329
 42
50.0
 43
0.0
 44
0.0
 50
0.0
 51
0.0
 71
     0
 72
   100
 73
     1
 74
     3
 75
     0
 76
     0
 77
     0
 78
     0
281
     0
 65
     1
110
0.0
120
0.0
130
0.0
111
1.0
121
0.0
131
0.0
112
0.0
122
1.0
132
0.0
 79
     0
146
0.0
348
2F
 60
     3
 61
     5
292
     1
282
     1
141
0.0
142
0.0
 63
   250
361
5D
  0
ENDTAB
  0
TABLE
  2
LTYPE
  5
5
330
0
100
AcDbSymbolTable
 70
     1
  0
LTYPE
  5
14
330
5
100
AcDbSymbolTableRecord
100
AcDbLinetypeTableRecord
  2
ByBlock
 70
     0
  3

 72
    65
 73
     0
 40
0.0
  0
LTYPE
  5
15
330
5
100
AcDbSymbolTableRecord
100
AcDbLinetypeTableRecord
  2
ByLayer
 70
     0
  3

 72
    65
 73
     0
 40
0.0
  0
LTYPE
  5
16
330
5
100
AcDbSymbolTableRecord
100
AcDbLinetypeTableRecord
  2
Continuous
 70
     0
  3
Solid line
 72
    65
 73
     0
 40
0.0
  0
ENDTAB
  0
TABLE
  2
LAYER
  5
2
330
0
100
AcDbSymbolTable
 70
     1
  0
LAYER
  5
10
330
2
100
AcDbSymbolTableRecord
100
AcDbLayerTableRecord
  2
0
 70
     0
 62
    18
420
        0
  6
Continuous
370
    -3
390
F
347
46
  0
ENDTAB
  0
TABLE
  2
STYLE
  5
3
330
0
100
AcDbSymbolTable
 70
     1
  0
STYLE
  5
11
330
3
100
AcDbSymbolTableRecord
100
AcDbTextStyleTableRecord
  2
Standard
 70
     0
 40
0.0
 41
1.0
 50
0.0
 71
     0
 42
0.2
  3
txt
  4

  0
ENDTAB
  0
TABLE
  2
VIEW
  5
6
330
0
100
AcDbSymbolTable
 70
     0
  0
ENDTAB
  0
TABLE
  2
UCS
  5
7
330
0
100
AcDbSymbolTable
 70
     0
  0
ENDTAB
  0
TABLE
  2
APPID
  5
9
330
0
100
AcDbSymbolTable
 70
     2
  0
APPID
  5
12
330
9
100
AcDbSymbolTableRecord
100
AcDbRegAppTableRecord
  2
ACAD
 70
     0
  0
APPID
  5
5E
330
9
100
AcDbSymbolTableRecord
100
AcDbRegAppTableRecord
  2
Rhino
 70
     0
  0
ENDTAB
  0
TABLE
  2
DIMSTYLE
  5
A
330
0
100
AcDbSymbolTable
 70
     1
100
AcDbDimStyleTable
  0
DIMSTYLE
105
27
330
A
100
AcDbSymbolTableRecord
100
AcDbDimStyleTableRecord
  2
STANDARD_ACAD
 70
     0
178
     0
340
11
  0
ENDTAB
  0
TABLE
  2
BLOCK_RECORD
  5
1
330
0
100
AcDbSymbolTable
 70
     1
  0
BLOCK_RECORD
  5
1F
330
1
100
AcDbSymbolTableRecord
100
AcDbBlockTableRecord
  2
*Model_Space
340
22
 70
     0
280
     1
281
     0
  0
BLOCK_RECORD
  5
1B
330
1
100
AcDbSymbolTableRecord
100
AcDbBlockTableRecord
  2
*Paper_Space
340
1E
 70
     0
280
     1
281
     0
  0
BLOCK_RECORD
  5
23
330
1
100
AcDbSymbolTableRecord
100
AcDbBlockTableRecord
  2
*Paper_Space0
340
26
 70
     0
280
     1
281
     0
  0
ENDTAB
  0
ENDSEC
  0
SECTION
  2
BLOCKS
  0
BLOCK
  5
20
330
1F
100
AcDbEntity
  8
0
100
AcDbBlockBegin
  2
*Model_Space
 70
     0
 10
0.0
 20
0.0
 30
0.0
  3
*Model_Space
  1

  0
ENDBLK
  5
21
330
1F
100
AcDbEntity
  8
0
100
AcDbBlockEnd
  0
BLOCK
  5
1C
330
1B
100
AcDbEntity
 67
     1
  8
0
100
AcDbBlockBegin
  2
*Paper_Space
 70
     0
 10
0.0
 20
0.0
 30
0.0
  3
*Paper_Space
  1

  0
ENDBLK
  5
1D
330
1B
100
AcDbEntity
 67
     1
  8
0
100
AcDbBlockEnd
  0
BLOCK
  5
24
330
23
100
AcDbEntity
  8
0
100
AcDbBlockBegin
  2
*Paper_Space0
 70
     0
 10
0.0
 20
0.0
 30
0.0
  3
*Paper_Space0
  1

  0
ENDBLK
  5
25
330
23
100
AcDbEntity
  8
0
100
AcDbBlockEnd
  0
ENDSEC
  0
SECTION
  2
ENTITIES
  0
POLYLINE
  5
5F
330
1F
100
AcDbEntity
  8
0
  6
Continuous
 62
    18
420
        0
370
    25
100
AcDb2dPolyline
 66
     1
 10
0.0
 20
0.0
 30
0.0
 70
     1
  0
VERTEX
  5
60
330
5F
100
AcDbEntity
  8
0
  6
Continuous
 62
    18
420
        0
370
    25
100
AcDbVertex
100
AcDb2dVertex
 10
63.76909196782707
 20
2.10992808030305
 30
0.0
  0
VERTEX
  5
61
330
5F
100
AcDbEntity
  8
0
  6
Continuous
 62
    18
420
        0
370
    25
100
AcDbVertex
100
AcDb2dVertex
 10
64.36909196782706
 20
2.10992808030305
 30
0.0
  0
VERTEX
  5
62
330
5F
100
AcDbEntity
  8
0
  6
Continuous
 62
    18
420
        0
370
    25
100
AcDbVertex
100
AcDb2dVertex
 10
64.36909196782706
 20
2.709928080303058
 30
0.0
  0
VERTEX
  5
63
330
5F
100
AcDbEntity
  8
0
  6
Continuous
 62
    18
420
        0
370
    25
100
AcDbVertex
100
AcDb2dVertex
 10
63.76909196782707
 20
2.709928080303058
 30
0.0
  0
SEQEND
  5
64
330
5F
100
AcDbEntity
  8
0
  6
Continuous
 62
    18
420
        0
370
    25
  0
POLYLINE
  5
65
330
1F
100
AcDbEntity
  8
0
  6
Continuous
 62
    18
420
        0
370
    25
100
AcDb2dPolyline
 66
     1
 10
0.0
 20
0.0
 30
0.0
 70
     1
  0
VERTEX
  5
66
330
65
100
AcDbEntity
  8
0
  6
Continuous
 62
    18
420
        0
370
    25
100
AcDbVertex
100
AcDb2dVertex
 10
63.75723654881407
 20
1.256337911368703
 30
0.0
  0
VERTEX
  5
67
330
65
100
AcDbEntity
  8
0
  6
Continuous
 62
    18
420
        0
370
    25
100
AcDbVertex
100
AcDb2dVertex
 10
64.35723654881407
 20
1.256337911368703
 30
0.0
  0
VERTEX
  5
68
330
65
100
AcDbEntity
  8
0
  6
Continuous
 62
    18
420
        0
370
    25
100
AcDbVertex
100
AcDb2dVertex
 10
64.35723654881407
 20
1.856337911368712
 30
0.0
  0
VERTEX
  5
69
330
65
100
AcDbEntity
  8
0
  6
Continuous
 62
    18
420
        0
370
    25
100
AcDbVertex
100
AcDb2dVertex
 10
63.75723654881407
 20
1.856337911368712
 30
0.0
  0
SEQEND
  5
6A
330
65
100
AcDbEntity
  8
0
  6
Continuous
 62
    18
420
        0
370
    25
  0
POLYLINE
  5
6B
330
1F
100
AcDbEntity
  8
0
  6
Continuous
 62
    18
420
        0
370
    25
100
AcDb2dPolyline
 66
     1
 10
0.0
 20
0.0
 30
0.0
 70
     1
  0
VERTEX
  5
6C
330
6B
100
AcDbEntity
  8
0
  6
Continuous
 62
    18
420
        0
370
    25
100
AcDbVertex
100
AcDb2dVertex
 10
62.69004709853235
 20
0.2487681126277295
 30
0.0
  0
VERTEX
  5
6D
330
6B
100
AcDbEntity
  8
0
  6
Continuous
 62
    18
420
        0
370
    25
100
AcDbVertex
100
AcDb2dVertex
 10
63.29004709853236
 20
0.2487681126277295
 30
0.0
  0
VERTEX
  5
6E
330
6B
100
AcDbEntity
  8
0
  6
Continuous
 62
    18
420
        0
370
    25
100
AcDbVertex
100
AcDb2dVertex
 10
63.29004709853236
 20
0.8487681126277238
 30
0.0
  0
VERTEX
  5
6F
330
6B
100
AcDbEntity
  8
0
  6
Continuous
 62
    18
420
        0
370
    25
100
AcDbVertex
100
AcDb2dVertex
 10
62.69004709853235
 20
0.8487681126277238
 30
0.0
  0
SEQEND
  5
70
330
6B
100
AcDbEntity
  8
0
  6
Continuous
 62
    18
420
        0
370
    25
  0
POLYLINE
  5
71
330
1F
100
AcDbEntity
  8
0
  6
Continuous
 62
    18
420
        0
370
    25
100
AcDb2dPolyline
 66
     1
 10
0.0
 20
0.0
 30
0.0
 70
     1
  0
VERTEX
  5
72
330
71
100
AcDbEntity
  8
0
  6
Continuous
 62
    18
420
        0
370
    25
100
AcDbVertex
100
AcDb2dVertex
 10
61.92583281207678
 20
0.2406240882020256
 30
0.0
  0
VERTEX
  5
73
330
71
100
AcDbEntity
  8
0
  6
Continuous
 62
    18
420
        0
370
    25
100
AcDbVertex
100
AcDb2dVertex
 10
62.52583281207676
 20
0.2406240882020256
 30
0.0
  0
VERTEX
  5
74
330
71
100
AcDbEntity
  8
0
  6
Continuous
 62
    18
420
        0
370
    25
100
AcDbVertex
100
AcDb2dVertex
 10
62.52583281207676
 20
0.8406240882020413
 30
0.0
  0
VERTEX
  5
75
330
71
100
AcDbEntity
  8
0
  6
Continuous
 62
    18
420
        0
370
    25
100
AcDbVertex
100
AcDb2dVertex
 10
61.92583281207678
 20
0.8406240882020413
 30
0.0
  0
SEQEND
  5
76
330
71
100
AcDbEntity
  8
0
  6
Continuous
 62
    18
420
        0
370
    25
  0
POLYLINE
  5
77
330
1F
100
AcDbEntity
  8
0
  6
Continuous
 62
    18
420
        0
370
    25
100
AcDb2dPolyline
 66
     1
 10
0.0
 20
0.0
 30
0.0
 70
     1
  0
VERTEX
  5
78
330
77
100
AcDbEntity
  8
0
  6
Continuous
 62
    18
420
        0
370
    25
100
AcDbVertex
100
AcDb2dVertex
 10
60.8178598385106
 20
1.270169233550511
 30
0.0
  0
VERTEX
  5
79
330
77
100
AcDbEntity
  8
0
  6
Continuous
 62
    18
420
        0
370
    25
100
AcDbVertex
100
AcDb2dVertex
 10
61.41785983851064
 20
1.270169233550511
 30
0.0
  0
VERTEX
  5
7A
330
77
100
AcDbEntity
  8
0
  6
Continuous
 62
    18
420
        0
370
    25
100
AcDbVertex
100
AcDb2dVertex
 10
61.41785983851064
 20
1.87016923355052
 30
0.0
  0
VERTEX
  5
7B
330
77
100
AcDbEntity
  8
0
  6
Continuous
 62
    18
420
        0
370
    25
100
AcDbVertex
100
AcDb2dVertex
 10
60.8178598385106
 20
1.87016923355052
 30
0.0
  0
SEQEND
  5
7C
330
77
100
AcDbEntity
  8
0
  6
Continuous
 62
    18
420
        0
370
    25
  0
POLYLINE
  5
7D
330
1F
100
AcDbEntity
  8
0
  6
Continuous
 62
    18
420
        0
370
    25
100
AcDb2dPolyline
 66
     1
 10
0.0
 20
0.0
 30
0.0
 70
     1
  0
VERTEX
  5
7E
330
7D
100
AcDbEntity
  8
0
  6
Continuous
 62
    18
420
        0
370
    25
100
AcDbVertex
100
AcDb2dVertex
 10
60.81390803217295
 20
2.096096758121242
 30
0.0
  0
VERTEX
  5
7F
330
7D
100
AcDbEntity
  8
0
  6
Continuous
 62
    18
420
        0
370
    25
100
AcDbVertex
100
AcDb2dVertex
 10
61.41390803217294
 20
2.096096758121242
 30
0.0
  0
VERTEX
  5
80
330
7D
100
AcDbEntity
  8
0
  6
Continuous
 62
    18
420
        0
370
    25
100
AcDbVertex
100
AcDb2dVertex
 10
61.41390803217294
 20
2.69609675812125
 30
0.0
  0
VERTEX
  5
81
330
7D
100
AcDbEntity
  8
0
  6
Continuous
 62
    18
420
        0
370
    25
100
AcDbVertex
100
AcDb2dVertex
 10
60.81390803217295
 20
2.69609675812125
 30
0.0
  0
SEQEND
  5
82
330
7D
100
AcDbEntity
  8
0
  6
Continuous
 62
    18
420
        0
370
    25
  0
POLYLINE
  5
83
330
1F
100
AcDbEntity
  8
0
  6
Continuous
 62
    18
420
        0
370
    25
100
AcDb2dPolyline
 66
     1
 10
0.0
 20
0.0
 30
0.0
 70
     1
  0
VERTEX
  5
84
330
83
100
AcDbEntity
  8
0
  6
Continuous
 62
    18
420
        0
370
    25
100
AcDbVertex
100
AcDb2dVertex
 10
61.89774924544996
 20
3.148825562638855
 30
0.0
  0
VERTEX
  5
85
330
83
100
AcDbEntity
  8
0
  6
Continuous
 62
    18
420
        0
370
    25
100
AcDbVertex
100
AcDb2dVertex
 10
62.49774924544998
 20
3.148825562638855
 30
0.0
  0
VERTEX
  5
86
330
83
100
AcDbEntity
  8
0
  6
Continuous
 62
    18
420
        0
370
    25
100
AcDbVertex
100
AcDb2dVertex
 10
62.49774924544998
 20
3.748825562638856
 30
0.0
  0
VERTEX
  5
87
330
83
100
AcDbEntity
  8
0
  6
Continuous
 62
    18
420
        0
370
    25
100
AcDbVertex
100
AcDb2dVertex
 10
61.89774924544996
 20
3.748825562638856
 30
0.0
  0
SEQEND
  5
88
330
83
100
AcDbEntity
  8
0
  6
Continuous
 62
    18
420
        0
370
    25
  0
POLYLINE
  5
89
330
1F
100
AcDbEntity
  8
0
  6
Continuous
 62
    18
420
        0
370
    25
100
AcDb2dPolyline
 66
     1
 10
0.0
 20
0.0
 30
0.0
 70
     1
  0
VERTEX
  5
8A
330
89
100
AcDbEntity
  8
0
  6
Continuous
 62
    18
420
        0
370
    25
100
AcDbVertex
100
AcDb2dVertex
 10
62.71813066515916
 20
3.15044157374917
 30
0.0
  0
VERTEX
  5
8B
330
89
100
AcDbEntity
  8
0
  6
Continuous
 62
    18
420
        0
370
    25
100
AcDbVertex
100
AcDb2dVertex
 10
63.31813066515917
 20
3.15044157374917
 30
0.0
  0
VERTEX
  5
8C
330
89
100
AcDbEntity
  8
0
  6
Continuous
 62
    18
420
        0
370
    25
100
AcDbVertex
100
AcDb2dVertex
 10
63.31813066515917
 20
3.750441573749178
 30
0.0
  0
VERTEX
  5
8D
330
89
100
AcDbEntity
  8
0
  6
Continuous
 62
    18
420
        0
370
    25
100
AcDbVertex
100
AcDb2dVertex
 10
62.71813066515916
 20
3.750441573749178
 30
0.0
  0
SEQEND
  5
8E
330
89
100
AcDbEntity
  8
0
  6
Continuous
 62
    18
420
        0
370
    25
  0
POLYLINE
  5
8F
330
1F
100
AcDbEntity
  8
0
  6
Continuous
 62
    18
420
        0
370
    25
100
AcDb2dPolyline
 66
     1
 10
0.0
 20
0.0
 30
0.0
 70
     1
  0
VERTEX
  5
90
330
8F
100
AcDbEntity
  8
0
  6
Continuous
 62
    18
420
        0
370
    25
100
AcDbVertex
100
AcDb2dVertex
 10
59.53575863449373
 20
2.10992808030305
 30
0.0
  0
VERTEX
  5
91
330
8F
100
AcDbEntity
  8
0
  6
Continuous
 62
    18
420
        0
370
    25
100
AcDbVertex
100
AcDb2dVertex
 10
60.13575863449373
 20
2.10992808030305
 30
0.0
  0
VERTEX
  5
92
330
8F
100
AcDbEntity
  8
0
  6
Continuous
 62
    18
420
        0
370
    25
100
AcDbVertex
100
AcDb2dVertex
 10
60.13575863449373
 20
2.709928080303058
 30
0.0
  0
VERTEX
  5
93
330
8F
100
AcDbEntity
  8
0
  6
Continuous
 62
    18
420
        0
370
    25
100
AcDbVertex
100
AcDb2dVertex
 10
59.53575863449373
 20
2.709928080303058
 30
0.0
  0
SEQEND
  5
94
330
8F
100
AcDbEntity
  8
0
  6
Continuous
 62
    18
420
        0
370
    25
  0
POLYLINE
  5
95
330
1F
100
AcDbEntity
  8
0
  6
Continuous
 62
    18
420
        0
370
    25
100
AcDb2dPolyline
 66
     1
 10
0.0
 20
0.0
 30
0.0
 70
     1
  0
VERTEX
  5
96
330
95
100
AcDbEntity
  8
0
  6
Continuous
 62
    18
420
        0
370
    25
100
AcDbVertex
100
AcDb2dVertex
 10
59.52390321548074
 20
1.256337911368703
 30
0.0
  0
VERTEX
  5
97
330
95
100
AcDbEntity
  8
0
  6
Continuous
 62
    18
420
        0
370
    25
100
AcDbVertex
100
AcDb2dVertex
 10
60.12390321548073
 20
1.256337911368703
 30
0.0
  0
VERTEX
  5
98
330
95
100
AcDbEntity
  8
0
  6
Continuous
 62
    18
420
        0
370
    25
100
AcDbVertex
100
AcDb2dVertex
 10
60.12390321548073
 20
1.856337911368712
 30
0.0
  0
VERTEX
  5
99
330
95
100
AcDbEntity
  8
0
  6
Continuous
 62
    18
420
        0
370
    25
100
AcDbVertex
100
AcDb2dVertex
 10
59.52390321548074
 20
1.856337911368712
 30
0.0
  0
SEQEND
  5
9A
330
95
100
AcDbEntity
  8
0
  6
Continuous
 62
    18
420
        0
370
    25
  0
POLYLINE
  5
9B
330
1F
100
AcDbEntity
  8
0
  6
Continuous
 62
    18
420
        0
370
    25
100
AcDb2dPolyline
 66
     1
 10
0.0
 20
0.0
 30
0.0
 70
     1
  0
VERTEX
  5
9C
330
9B
100
AcDbEntity
  8
0
  6
Continuous
 62
    18
420
        0
370
    25
100
AcDbVertex
100
AcDb2dVertex
 10
58.45671376519901
 20
0.2487681126277295
 30
0.0
  0
VERTEX
  5
9D
330
9B
100
AcDbEntity
  8
0
  6
Continuous
 62
    18
420
        0
370
    25
100
AcDbVertex
100
AcDb2dVertex
 10
59.05671376519902
 20
0.2487681126277295
 30
0.0
  0
VERTEX
  5
9E
330
9B
100
AcDbEntity
  8
0
  6
Continuous
 62
    18
420
        0
370
    25
100
AcDbVertex
100
AcDb2dVertex
 10
59.05671376519902
 20
0.8487681126277238
 30
0.0
  0
VERTEX
  5
9F
330
9B
100
AcDbEntity
  8
0
  6
Continuous
 62
    18
420
        0
370
    25
100
AcDbVertex
100
AcDb2dVertex
 10
58.45671376519901
 20
0.8487681126277238
 30
0.0
  0
SEQEND
  5
A0
330
9B
100
AcDbEntity
  8
0
  6
Continuous
 62
    18
420
        0
370
    25
  0
POLYLINE
  5
A1
330
1F
100
AcDbEntity
  8
0
  6
Continuous
 62
    18
420
        0
370
    25
100
AcDb2dPolyline
 66
     1
 10
0.0
 20
0.0
 30
0.0
 70
     1
  0
VERTEX
  5
A2
330
A1
100
AcDbEntity
  8
0
  6
Continuous
 62
    18
420
        0
370
    25
100
AcDbVertex
100
AcDb2dVertex
 10
57.69249947874344
 20
0.2406240882020256
 30
0.0
  0
VERTEX
  5
A3
330
A1
100
AcDbEntity
  8
0
  6
Continuous
 62
    18
420
        0
370
    25
100
AcDbVertex
100
AcDb2dVertex
 10
58.29249947874343
 20
0.2406240882020256
 30
0.0
  0
VERTEX
  5
A4
330
A1
100
AcDbEntity
  8
0
  6
Continuous
 62
    18
420
        0
370
    25
100
AcDbVertex
100
AcDb2dVertex
 10
58.29249947874343
 20
0.8406240882020413
 30
0.0
  0
VERTEX
  5
A5
330
A1
100
AcDbEntity
  8
0
  6
Continuous
 62
    18
420
        0
370
    25
100
AcDbVertex
100
AcDb2dVertex
 10
57.69249947874344
 20
0.8406240882020413
 30
0.0
  0
SEQEND
  5
A6
330
A1
100
AcDbEntity
  8
0
  6
Continuous
 62
    18
420
        0
370
    25
  0
POLYLINE
  5
A7
330
1F
100
AcDbEntity
  8
0
  6
Continuous
 62
    18
420
        0
370
    25
100
AcDb2dPolyline
 66
     1
 10
0.0
 20
0.0
 30
0.0
 70
     1
  0
VERTEX
  5
A8
330
A7
100
AcDbEntity
  8
0
  6
Continuous
 62
    18
420
        0
370
    25
100
AcDbVertex
100
AcDb2dVertex
 10
56.58452650517727
 20
1.270169233550511
 30
0.0
  0
VERTEX
  5
A9
330
A7
100
AcDbEntity
  8
0
  6
Continuous
 62
    18
420
        0
370
    25
100
AcDbVertex
100
AcDb2dVertex
 10
57.1845265051773
 20
1.270169233550511
 30
0.0
  0
VERTEX
  5
AA
330
A7
100
AcDbEntity
  8
0
  6
Continuous
 62
    18
420
        0
370
    25
100
AcDbVertex
100
AcDb2dVertex
 10
57.1845265051773
 20
1.87016923355052
 30
0.0
  0
VERTEX
  5
AB
330
A7
100
AcDbEntity
  8
0
  6
Continuous
 62
    18
420
        0
370
    25
100
AcDbVertex
100
AcDb2dVertex
 10
56.58452650517727
 20
1.87016923355052
 30
0.0
  0
SEQEND
  5
AC
330
A7
100
AcDbEntity
  8
0
  6
Continuous
 62
    18
420
        0
370
    25
  0
POLYLINE
  5
AD
330
1F
100
AcDbEntity
  8
0
  6
Continuous
 62
    18
420
        0
370
    25
100
AcDb2dPolyline
 66
     1
 10
0.0
 20
0.0
 30
0.0
 70
     1
  0
VERTEX
  5
AE
330
AD
100
AcDbEntity
  8
0
  6
Continuous
 62
    18
420
        0
370
    25
100
AcDbVertex
100
AcDb2dVertex
 10
56.58057469883962
 20
2.096096758121242
 30
0.0
  0
VERTEX
  5
AF
330
AD
100
AcDbEntity
  8
0
  6
Continuous
 62
    18
420
        0
370
    25
100
AcDbVertex
100
AcDb2dVertex
 10
57.18057469883961
 20
2.096096758121242
 30
0.0
  0
VERTEX
  5
B0
330
AD
100
AcDbEntity
  8
0
  6
Continuous
 62
    18
420
        0
370
    25
100
AcDbVertex
100
AcDb2dVertex
 10
57.18057469883961
 20
2.69609675812125
 30
0.0
  0
VERTEX
  5
B1
330
AD
100
AcDbEntity
  8
0
  6
Continuous
 62
    18
420
        0
370
    25
100
AcDbVertex
100
AcDb2dVertex
 10
56.58057469883962
 20
2.69609675812125
 30
0.0
  0
SEQEND
  5
B2
330
AD
100
AcDbEntity
  8
0
  6
Continuous
 62
    18
420
        0
370
    25
  0
POLYLINE
  5
B3
330
1F
100
AcDbEntity
  8
0
  6
Continuous
 62
    18
420
        0
370
    25
100
AcDb2dPolyline
 66
     1
 10
0.0
 20
0.0
 30
0.0
 70
     1
  0
VERTEX
  5
B4
330
B3
100
AcDbEntity
  8
0
  6
Continuous
 62
    18
420
        0
370
    25
100
AcDbVertex
100
AcDb2dVertex
 10
57.66441591211663
 20
3.148825562638855
 30
0.0
  0
VERTEX
  5
B5
330
B3
100
AcDbEntity
  8
0
  6
Continuous
 62
    18
420
        0
370
    25
100
AcDbVertex
100
AcDb2dVertex
 10
58.26441591211665
 20
3.148825562638855
 30
0.0
  0
VERTEX
  5
B6
330
B3
100
AcDbEntity
  8
0
  6
Continuous
 62
    18
420
        0
370
    25
100
AcDbVertex
100
AcDb2dVertex
 10
58.26441591211665
 20
3.748825562638856
 30
0.0
  0
VERTEX
  5
B7
330
B3
100
AcDbEntity
  8
0
  6
Continuous
 62
    18
420
        0
370
    25
100
AcDbVertex
100
AcDb2dVertex
 10
57.66441591211663
 20
3.748825562638856
 30
0.0
  0
SEQEND
  5
B8
330
B3
100
AcDbEntity
  8
0
  6
Continuous
 62
    18
420
        0
370
    25
  0
POLYLINE
  5
B9
330
1F
100
AcDbEntity
  8
0
  6
Continuous
 62
    18
420
        0
370
    25
100
AcDb2dPolyline
 66
     1
 10
0.0
 20
0.0
 30
0.0
 70
     1
  0
VERTEX
  5
BA
330
B9
100
AcDbEntity
  8
0
  6
Continuous
 62
    18
420
        0
370
    25
100
AcDbVertex
100
AcDb2dVertex
 10
58.48479733182582
 20
3.15044157374917
 30
0.0
  0
VERTEX
  5
BB
330
B9
100
AcDbEntity
  8
0
  6
Continuous
 62
    18
420
        0
370
    25
100
AcDbVertex
100
AcDb2dVertex
 10
59.08479733182583
 20
3.15044157374917
 30
0.0
  0
VERTEX
  5
BC
330
B9
100
AcDbEntity
  8
0
  6
Continuous
 62
    18
420
        0
370
    25
100
AcDbVertex
100
AcDb2dVertex
 10
59.08479733182583
 20
3.750441573749178
 30
0.0
  0
VERTEX
  5
BD
330
B9
100
AcDbEntity
  8
0
  6
Continuous
 62
    18
420
        0
370
    25
100
AcDbVertex
100
AcDb2dVertex
 10
58.48479733182582
 20
3.750441573749178
 30
0.0
  0
SEQEND
  5
BE
330
B9
100
AcDbEntity
  8
0
  6
Continuous
 62
    18
420
        0
370
    25
  0
POLYLINE
  5
BF
330
1F
100
AcDbEntity
  8
0
  6
Continuous
 62
    18
420
        0
370
    25
100
AcDb2dPolyline
 66
     1
 10
0.0
 20
0.0
 30
0.0
 70
     1
  0
VERTEX
  5
C0
330
BF
100
AcDbEntity
  8
0
  6
Continuous
 62
    18
420
        0
370
    25
100
AcDbVertex
100
AcDb2dVertex
 10
14.775
 20
2.744796221406546
 30
0.0
  0
VERTEX
  5
C1
330
BF
100
AcDbEntity
  8
0
  6
Continuous
 62
    18
420
        0
370
    25
100
AcDbVertex
100
AcDb2dVertex
 10
15.375
 20
2.744796221406546
 30
0.0
  0
VERTEX
  5
C2
330
BF
100
AcDbEntity
  8
0
  6
Continuous
 62
    18
420
        0
370
    25
100
AcDbVertex
100
AcDb2dVertex
 10
15.375
 20
3.344796221406547
 30
0.0
  0
VERTEX
  5
C3
330
BF
100
AcDbEntity
  8
0
  6
Continuous
 62
    18
420
        0
370
    25
100
AcDbVertex
100
AcDb2dVertex
 10
14.775
 20
3.344796221406547
 30
0.0
  0
SEQEND
  5
C4
330
BF
100
AcDbEntity
  8
0
  6
Continuous
 62
    18
420
        0
370
    25
  0
POLYLINE
  5
C5
330
1F
100
AcDbEntity
  8
0
  6
Continuous
 62
    18
420
        0
370
    25
100
AcDb2dPolyline
 66
     1
 10
0.0
 20
0.0
 30
0.0
 70
     1
  0
VERTEX
  5
C6
330
C5
100
AcDbEntity
  8
0
  6
Continuous
 62
    18
420
        0
370
    25
100
AcDbVertex
100
AcDb2dVertex
 10
14.763144580987
 20
1.891206052472199
 30
0.0
  0
VERTEX
  5
C7
330
C5
100
AcDbEntity
  8
0
  6
Continuous
 62
    18
420
        0
370
    25
100
AcDbVertex
100
AcDb2dVertex
 10
15.363144580987
 20
1.891206052472199
 30
0.0
  0
VERTEX
  5
C8
330
C5
100
AcDbEntity
  8
0
  6
Continuous
 62
    18
420
        0
370
    25
100
AcDbVertex
100
AcDb2dVertex
 10
15.363144580987
 20
2.491206052472208
 30
0.0
  0
VERTEX
  5
C9
330
C5
100
AcDbEntity
  8
0
  6
Continuous
 62
    18
420
        0
370
    25
100
AcDbVertex
100
AcDb2dVertex
 10
14.763144580987
 20
2.491206052472208
 30
0.0
  0
SEQEND
  5
CA
330
C5
100
AcDbEntity
  8
0
  6
Continuous
 62
    18
420
        0
370
    25
  0
POLYLINE
  5
CB
330
1F
100
AcDbEntity
  8
0
  6
Continuous
 62
    18
420
        0
370
    25
100
AcDb2dPolyline
 66
     1
 10
0.0
 20
0.0
 30
0.0
 70
     1
  0
VERTEX
  5
CC
330
CB
100
AcDbEntity
  8
0
  6
Continuous
 62
    18
420
        0
370
    25
100
AcDbVertex
100
AcDb2dVertex
 10
13.69595513070529
 20
0.8836362537312255
 30
0.0
  0
VERTEX
  5
CD
330
CB
100
AcDbEntity
  8
0
  6
Continuous
 62
    18
420
        0
370
    25
100
AcDbVertex
100
AcDb2dVertex
 10
14.2959551307053
 20
0.8836362537312255
 30
0.0
  0
VERTEX
  5
CE
330
CB
100
AcDbEntity
  8
0
  6
Continuous
 62
    18
420
        0
370
    25
100
AcDbVertex
100
AcDb2dVertex
 10
14.2959551307053
 20
1.48363625373122
 30
0.0
  0
VERTEX
  5
CF
330
CB
100
AcDbEntity
  8
0
  6
Continuous
 62
    18
420
        0
370
    25
100
AcDbVertex
100
AcDb2dVertex
 10
13.69595513070529
 20
1.48363625373122
 30
0.0
  0
SEQEND
  5
D0
330
CB
100
AcDbEntity
  8
0
  6
Continuous
 62
    18
420
        0
370
    25
  0
POLYLINE
  5
D1
330
1F
100
AcDbEntity
  8
0
  6
Continuous
 62
    18
420
        0
370
    25
100
AcDb2dPolyline
 66
     1
 10
0.0
 20
0.0
 30
0.0
 70
     1
  0
VERTEX
  5
D2
330
D1
100
AcDbEntity
  8
0
  6
Continuous
 62
    18
420
        0
370
    25
100
AcDbVertex
100
AcDb2dVertex
 10
12.93174084424972
 20
0.8754922293055216
 30
0.0
  0
VERTEX
  5
D3
330
D1
100
AcDbEntity
  8
0
  6
Continuous
 62
    18
420
        0
370
    25
100
AcDbVertex
100
AcDb2dVertex
 10
13.53174084424971
 20
0.8754922293055216
 30
0.0
  0
VERTEX
  5
D4
330
D1
100
AcDbEntity
  8
0
  6
Continuous
 62
    18
420
        0
370
    25
100
AcDbVertex
100
AcDb2dVertex
 10
13.53174084424971
 20
1.47549222930553
 30
0.0
  0
VERTEX
  5
D5
330
D1
100
AcDbEntity
  8
0
  6
Continuous
 62
    18
420
        0
370
    25
100
AcDbVertex
100
AcDb2dVertex
 10
12.93174084424972
 20
1.47549222930553
 30
0.0
  0
SEQEND
  5
D6
330
D1
100
AcDbEntity
  8
0
  6
Continuous
 62
    18
420
        0
370
    25
  0
POLYLINE
  5
D7
330
1F
100
AcDbEntity
  8
0
  6
Continuous
 62
    18
420
        0
370
    25
100
AcDb2dPolyline
 66
     1
 10
0.0
 20
0.0
 30
0.0
 70
     1
  0
VERTEX
  5
D8
330
D7
100
AcDbEntity
  8
0
  6
Continuous
 62
    18
420
        0
370
    25
100
AcDbVertex
100
AcDb2dVertex
 10
11.82376787068354
 20
1.905037374654
 30
0.0
  0
VERTEX
  5
D9
330
D7
100
AcDbEntity
  8
0
  6
Continuous
 62
    18
420
        0
370
    25
100
AcDbVertex
100
AcDb2dVertex
 10
12.42376787068357
 20
1.905037374654
 30
0.0
  0
VERTEX
  5
DA
330
D7
100
AcDbEntity
  8
0
  6
Continuous
 62
    18
420
        0
370
    25
100
AcDbVertex
100
AcDb2dVertex
 10
12.42376787068357
 20
2.505037374654009
 30
0.0
  0
VERTEX
  5
DB
330
D7
100
AcDbEntity
  8
0
  6
Continuous
 62
    18
420
        0
370
    25
100
AcDbVertex
100
AcDb2dVertex
 10
11.82376787068354
 20
2.505037374654009
 30
0.0
  0
SEQEND
  5
DC
330
D7
100
AcDbEntity
  8
0
  6
Continuous
 62
    18
420
        0
370
    25
  0
POLYLINE
  5
DD
330
1F
100
AcDbEntity
  8
0
  6
Continuous
 62
    18
420
        0
370
    25
100
AcDb2dPolyline
 66
     1
 10
0.0
 20
0.0
 30
0.0
 70
     1
  0
VERTEX
  5
DE
330
DD
100
AcDbEntity
  8
0
  6
Continuous
 62
    18
420
        0
370
    25
100
AcDbVertex
100
AcDb2dVertex
 10
11.81981606434589
 20
2.73096489922473
 30
0.0
  0
VERTEX
  5
DF
330
DD
100
AcDbEntity
  8
0
  6
Continuous
 62
    18
420
        0
370
    25
100
AcDbVertex
100
AcDb2dVertex
 10
12.41981606434588
 20
2.73096489922473
 30
0.0
  0
VERTEX
  5
E0
330
DD
100
AcDbEntity
  8
0
  6
Continuous
 62
    18
420
        0
370
    25
100
AcDbVertex
100
AcDb2dVertex
 10
12.41981606434588
 20
3.330964899224739
 30
0.0
  0
VERTEX
  5
E1
330
DD
100
AcDbEntity
  8
0
  6
Continuous
 62
    18
420
        0
370
    25
100
AcDbVertex
100
AcDb2dVertex
 10
11.81981606434589
 20
3.330964899224739
 30
0.0
  0
SEQEND
  5
E2
330
DD
100
AcDbEntity
  8
0
  6
Continuous
 62
    18
420
        0
370
    25
  0
POLYLINE
  5
E3
330
1F
100
AcDbEntity
  8
0
  6
Continuous
 62
    18
420
        0
370
    25
100
AcDb2dPolyline
 66
     1
 10
0.0
 20
0.0
 30
0.0
 70
     1
  0
VERTEX
  5
E4
330
E3
100
AcDbEntity
  8
0
  6
Continuous
 62
    18
420
        0
370
    25
100
AcDbVertex
100
AcDb2dVertex
 10
12.9036572776229
 20
3.783693703742351
 30
0.0
  0
VERTEX
  5
E5
330
E3
100
AcDbEntity
  8
0
  6
Continuous
 62
    18
420
        0
370
    25
100
AcDbVertex
100
AcDb2dVertex
 10
13.50365727762292
 20
3.783693703742351
 30
0.0
  0
VERTEX
  5
E6
330
E3
100
AcDbEntity
  8
0
  6
Continuous
 62
    18
420
        0
370
    25
100
AcDbVertex
100
AcDb2dVertex
 10
13.50365727762292
 20
4.383693703742345
 30
0.0
  0
VERTEX
  5
E7
330
E3
100
AcDbEntity
  8
0
  6
Continuous
 62
    18
420
        0
370
    25
100
AcDbVertex
100
AcDb2dVertex
 10
12.9036572776229
 20
4.383693703742345
 30
0.0
  0
SEQEND
  5
E8
330
E3
100
AcDbEntity
  8
0
  6
Continuous
 62
    18
420
        0
370
    25
  0
POLYLINE
  5
E9
330
1F
100
AcDbEntity
  8
0
  6
Continuous
 62
    18
420
        0
370
    25
100
AcDb2dPolyline
 66
     1
 10
0.0
 20
0.0
 30
0.0
 70
     1
  0
VERTEX
  5
EA
330
E9
100
AcDbEntity
  8
0
  6
Continuous
 62
    18
420
        0
370
    25
100
AcDbVertex
100
AcDb2dVertex
 10
13.7240386973321
 20
3.785309714852666
 30
0.0
  0
VERTEX
  5
EB
330
E9
100
AcDbEntity
  8
0
  6
Continuous
 62
    18
420
        0
370
    25
100
AcDbVertex
100
AcDb2dVertex
 10
14.32403869733211
 20
3.785309714852666
 30
0.0
  0
VERTEX
  5
EC
330
E9
100
AcDbEntity
  8
0
  6
Continuous
 62
    18
420
        0
370
    25
100
AcDbVertex
100
AcDb2dVertex
 10
14.32403869733211
 20
4.385309714852674
 30
0.0
  0
VERTEX
  5
ED
330
E9
100
AcDbEntity
  8
0
  6
Continuous
 62
    18
420
        0
370
    25
100
AcDbVertex
100
AcDb2dVertex
 10
13.7240386973321
 20
4.385309714852674
 30
0.0
  0
SEQEND
  5
EE
330
E9
100
AcDbEntity
  8
0
  6
Continuous
 62
    18
420
        0
370
    25
  0
POLYLINE
  5
EF
330
1F
100
AcDbEntity
  8
0
  6
Continuous
 62
    18
420
        0
370
    25
100
AcDb2dPolyline
 66
     1
 10
0.0
 20
0.0
 30
0.0
 70
     1
  0
VERTEX
  5
F0
330
EF
100
AcDbEntity
  8
0
  6
Continuous
 62
    18
420
        0
370
    25
100
AcDbVertex
100
AcDb2dVertex
 10
10.54166666666668
 20
2.744796221406546
 30
0.0
  0
VERTEX
  5
F1
330
EF
100
AcDbEntity
  8
0
  6
Continuous
 62
    18
420
        0
370
    25
100
AcDbVertex
100
AcDb2dVertex
 10
11.14166666666667
 20
2.744796221406546
 30
0.0
  0
VERTEX
  5
F2
330
EF
100
AcDbEntity
  8
0
  6
Continuous
 62
    18
420
        0
370
    25
100
AcDbVertex
100
AcDb2dVertex
 10
11.14166666666667
 20
3.344796221406547
 30
0.0
  0
VERTEX
  5
F3
330
EF
100
AcDbEntity
  8
0
  6
Continuous
 62
    18
420
        0
370
    25
100
AcDbVertex
100
AcDb2dVertex
 10
10.54166666666668
 20
3.344796221406547
 30
0.0
  0
SEQEND
  5
F4
330
EF
100
AcDbEntity
  8
0
  6
Continuous
 62
    18
420
        0
370
    25
  0
POLYLINE
  5
F5
330
1F
100
AcDbEntity
  8
0
  6
Continuous
 62
    18
420
        0
370
    25
100
AcDb2dPolyline
 66
     1
 10
0.0
 20
0.0
 30
0.0
 70
     1
  0
VERTEX
  5
F6
330
F5
100
AcDbEntity
  8
0
  6
Continuous
 62
    18
420
        0
370
    25
100
AcDbVertex
100
AcDb2dVertex
 10
10.52981124765368
 20
1.891206052472199
 30
0.0
  0
VERTEX
  5
F7
330
F5
100
AcDbEntity
  8
0
  6
Continuous
 62
    18
420
        0
370
    25
100
AcDbVertex
100
AcDb2dVertex
 10
11.12981124765368
 20
1.891206052472199
 30
0.0
  0
VERTEX
  5
F8
330
F5
100
AcDbEntity
  8
0
  6
Continuous
 62
    18
420
        0
370
    25
100
AcDbVertex
100
AcDb2dVertex
 10
11.12981124765368
 20
2.491206052472208
 30
0.0
  0
VERTEX
  5
F9
330
F5
100
AcDbEntity
  8
0
  6
Continuous
 62
    18
420
        0
370
    25
100
AcDbVertex
100
AcDb2dVertex
 10
10.52981124765368
 20
2.491206052472208
 30
0.0
  0
SEQEND
  5
FA
330
F5
100
AcDbEntity
  8
0
  6
Continuous
 62
    18
420
        0
370
    25
  0
POLYLINE
  5
FB
330
1F
100
AcDbEntity
  8
0
  6
Continuous
 62
    18
420
        0
370
    25
100
AcDb2dPolyline
 66
     1
 10
0.0
 20
0.0
 30
0.0
 70
     1
  0
VERTEX
  5
FC
330
FB
100
AcDbEntity
  8
0
  6
Continuous
 62
    18
420
        0
370
    25
100
AcDbVertex
100
AcDb2dVertex
 10
9.462621797371959
 20
0.8836362537312255
 30
0.0
  0
VERTEX
  5
FD
330
FB
100
AcDbEntity
  8
0
  6
Continuous
 62
    18
420
        0
370
    25
100
AcDbVertex
100
AcDb2dVertex
 10
10.06262179737197
 20
0.8836362537312255
 30
0.0
  0
VERTEX
  5
FE
330
FB
100
AcDbEntity
  8
0
  6
Continuous
 62
    18
420
        0
370
    25
100
AcDbVertex
100
AcDb2dVertex
 10
10.06262179737197
 20
1.48363625373122
 30
0.0
  0
VERTEX
  5
FF
330
FB
100
AcDbEntity
  8
0
  6
Continuous
 62
    18
420
        0
370
    25
100
AcDbVertex
100
AcDb2dVertex
 10
9.462621797371959
 20
1.48363625373122
 30
0.0
  0
SEQEND
  5
100
330
FB
100
AcDbEntity
  8
0
  6
Continuous
 62
    18
420
        0
370
    25
  0
POLYLINE
  5
101
330
1F
100
AcDbEntity
  8
0
  6
Continuous
 62
    18
420
        0
370
    25
100
AcDb2dPolyline
 66
     1
 10
0.0
 20
0.0
 30
0.0
 70
     1
  0
VERTEX
  5
102
330
101
100
AcDbEntity
  8
0
  6
Continuous
 62
    18
420
        0
370
    25
100
AcDbVertex
100
AcDb2dVertex
 10
8.698407510916391
 20
0.8754922293055216
 30
0.0
  0
VERTEX
  5
103
330
101
100
AcDbEntity
  8
0
  6
Continuous
 62
    18
420
        0
370
    25
100
AcDbVertex
100
AcDb2dVertex
 10
9.298407510916379
 20
0.8754922293055216
 30
0.0
  0
VERTEX
  5
104
330
101
100
AcDbEntity
  8
0
  6
Continuous
 62
    18
420
        0
370
    25
100
AcDbVertex
100
AcDb2dVertex
 10
9.298407510916379
 20
1.47549222930553
 30
0.0
  0
VERTEX
  5
105
330
101
100
AcDbEntity
  8
0
  6
Continuous
 62
    18
420
        0
370
    25
100
AcDbVertex
100
AcDb2dVertex
 10
8.698407510916391
 20
1.47549222930553
 30
0.0
  0
SEQEND
  5
106
330
101
100
AcDbEntity
  8
0
  6
Continuous
 62
    18
420
        0
370
    25
  0
POLYLINE
  5
107
330
1F
100
AcDbEntity
  8
0
  6
Continuous
 62
    18
420
        0
370
    25
100
AcDb2dPolyline
 66
     1
 10
0.0
 20
0.0
 30
0.0
 70
     1
  0
VERTEX
  5
108
330
107
100
AcDbEntity
  8
0
  6
Continuous
 62
    18
420
        0
370
    25
100
AcDbVertex
100
AcDb2dVertex
 10
7.590434537350212
 20
1.905037374654
 30
0.0
  0
VERTEX
  5
109
330
107
100
AcDbEntity
  8
0
  6
Continuous
 62
    18
420
        0
370
    25
100
AcDbVertex
100
AcDb2dVertex
 10
8.19043453735025
 20
1.905037374654
 30
0.0
  0
VERTEX
  5
10A
330
107
100
AcDbEntity
  8
0
  6
Continuous
 62
    18
420
        0
370
    25
100
AcDbVertex
100
AcDb2dVertex
 10
8.19043453735025
 20
2.505037374654009
 30
0.0
  0
VERTEX
  5
10B
330
107
100
AcDbEntity
  8
0
  6
Continuous
 62
    18
420
        0
370
    25
100
AcDbVertex
100
AcDb2dVertex
 10
7.590434537350212
 20
2.505037374654009
 30
0.0
  0
SEQEND
  5
10C
330
107
100
AcDbEntity
  8
0
  6
Continuous
 62
    18
420
        0
370
    25
  0
POLYLINE
  5
10D
330
1F
100
AcDbEntity
  8
0
  6
Continuous
 62
    18
420
        0
370
    25
100
AcDb2dPolyline
 66
     1
 10
0.0
 20
0.0
 30
0.0
 70
     1
  0
VERTEX
  5
10E
330
10D
100
AcDbEntity
  8
0
  6
Continuous
 62
    18
420
        0
370
    25
100
AcDbVertex
100
AcDb2dVertex
 10
7.586482731012564
 20
2.73096489922473
 30
0.0
  0
VERTEX
  5
10F
330
10D
100
AcDbEntity
  8
0
  6
Continuous
 62
    18
420
        0
370
    25
100
AcDbVertex
100
AcDb2dVertex
 10
8.186482731012552
 20
2.73096489922473
 30
0.0
  0
VERTEX
  5
110
330
10D
100
AcDbEntity
  8
0
  6
Continuous
 62
    18
420
        0
370
    25
100
AcDbVertex
100
AcDb2dVertex
 10
8.186482731012552
 20
3.330964899224739
 30
0.0
  0
VERTEX
  5
111
330
10D
100
AcDbEntity
  8
0
  6
Continuous
 62
    18
420
        0
370
    25
100
AcDbVertex
100
AcDb2dVertex
 10
7.586482731012564
 20
3.330964899224739
 30
0.0
  0
SEQEND
  5
112
330
10D
100
AcDbEntity
  8
0
  6
Continuous
 62
    18
420
        0
370
    25
  0
POLYLINE
  5
113
330
1F
100
AcDbEntity
  8
0
  6
Continuous
 62
    18
420
        0
370
    25
100
AcDb2dPolyline
 66
     1
 10
0.0
 20
0.0
 30
0.0
 70
     1
  0
VERTEX
  5
114
330
113
100
AcDbEntity
  8
0
  6
Continuous
 62
    18
420
        0
370
    25
100
AcDbVertex
100
AcDb2dVertex
 10
8.670323944289565
 20
3.783693703742351
 30
0.0
  0
VERTEX
  5
115
330
113
100
AcDbEntity
  8
0
  6
Continuous
 62
    18
420
        0
370
    25
100
AcDbVertex
100
AcDb2dVertex
 10
9.270323944289583
 20
3.783693703742351
 30
0.0
  0
VERTEX
  5
116
330
113
100
AcDbEntity
  8
0
  6
Continuous
 62
    18
420
        0
370
    25
100
AcDbVertex
100
AcDb2dVertex
 10
9.270323944289583
 20
4.383693703742345
 30
0.0
  0
VERTEX
  5
117
330
113
100
AcDbEntity
  8
0
  6
Continuous
 62
    18
420
        0
370
    25
100
AcDbVertex
100
AcDb2dVertex
 10
8.670323944289565
 20
4.383693703742345
 30
0.0
  0
SEQEND
  5
118
330
113
100
AcDbEntity
  8
0
  6
Continuous
 62
    18
420
        0
370
    25
  0
POLYLINE
  5
119
330
1F
100
AcDbEntity
  8
0
  6
Continuous
 62
    18
420
        0
370
    25
100
AcDb2dPolyline
 66
     1
 10
0.0
 20
0.0
 30
0.0
 70
     1
  0
VERTEX
  5
11A
330
119
100
AcDbEntity
  8
0
  6
Continuous
 62
    18
420
        0
370
    25
100
AcDbVertex
100
AcDb2dVertex
 10
9.490705363998764
 20
3.785309714852666
 30
0.0
  0
VERTEX
  5
11B
330
119
100
AcDbEntity
  8
0
  6
Continuous
 62
    18
420
        0
370
    25
100
AcDbVertex
100
AcDb2dVertex
 10
10.09070536399877
 20
3.785309714852666
 30
0.0
  0
VERTEX
  5
11C
330
119
100
AcDbEntity
  8
0
  6
Continuous
 62
    18
420
        0
370
    25
100
AcDbVertex
100
AcDb2dVertex
 10
10.09070536399877
 20
4.385309714852674
 30
0.0
  0
VERTEX
  5
11D
330
119
100
AcDbEntity
  8
0
  6
Continuous
 62
    18
420
        0
370
    25
100
AcDbVertex
100
AcDb2dVertex
 10
9.490705363998764
 20
4.385309714852674
 30
0.0
  0
SEQEND
  5
11E
330
119
100
AcDbEntity
  8
0
  6
Continuous
 62
    18
420
        0
370
    25
  0
POLYLINE
  5
11F
330
1F
100
AcDbEntity
  8
0
  6
Continuous
 62
    18
420
        0
370
    25
100
AcDb2dPolyline
 66
     1
 10
0.0
 20
0.0
 30
0.0
 70
     1
  0
VERTEX
  5
120
330
11F
100
AcDbEntity
  8
0
  6
Continuous
 62
    18
420
        0
370
    25
100
AcDbVertex
100
AcDb2dVertex
 10
63.76909196782707
 20
6.025761413636381
 30
0.0
  0
VERTEX
  5
121
330
11F
100
AcDbEntity
  8
0
  6
Continuous
 62
    18
420
        0
370
    25
100
AcDbVertex
100
AcDb2dVertex
 10
64.36909196782706
 20
6.025761413636381
 30
0.0
  0
VERTEX
  5
122
330
11F
100
AcDbEntity
  8
0
  6
Continuous
 62
    18
420
        0
370
    25
100
AcDbVertex
100
AcDb2dVertex
 10
64.36909196782706
 20
6.62576141363639
 30
0.0
  0
VERTEX
  5
123
330
11F
100
AcDbEntity
  8
0
  6
Continuous
 62
    18
420
        0
370
    25
100
AcDbVertex
100
AcDb2dVertex
 10
63.76909196782707
 20
6.62576141363639
 30
0.0
  0
SEQEND
  5
124
330
11F
100
AcDbEntity
  8
0
  6
Continuous
 62
    18
420
        0
370
    25
  0
POLYLINE
  5
125
330
1F
100
AcDbEntity
  8
0
  6
Continuous
 62
    18
420
        0
370
    25
100
AcDb2dPolyline
 66
     1
 10
0.0
 20
0.0
 30
0.0
 70
     1
  0
VERTEX
  5
126
330
125
100
AcDbEntity
  8
0
  6
Continuous
 62
    18
420
        0
370
    25
100
AcDbVertex
100
AcDb2dVertex
 10
63.75723654881407
 20
5.172171244702035
 30
0.0
  0
VERTEX
  5
127
330
125
100
AcDbEntity
  8
0
  6
Continuous
 62
    18
420
        0
370
    25
100
AcDbVertex
100
AcDb2dVertex
 10
64.35723654881407
 20
5.172171244702035
 30
0.0
  0
VERTEX
  5
128
330
125
100
AcDbEntity
  8
0
  6
Continuous
 62
    18
420
        0
370
    25
100
AcDbVertex
100
AcDb2dVertex
 10
64.35723654881407
 20
5.772171244702044
 30
0.0
  0
VERTEX
  5
129
330
125
100
AcDbEntity
  8
0
  6
Continuous
 62
    18
420
        0
370
    25
100
AcDbVertex
100
AcDb2dVertex
 10
63.75723654881407
 20
5.772171244702044
 30
0.0
  0
SEQEND
  5
12A
330
125
100
AcDbEntity
  8
0
  6
Continuous
 62
    18
420
        0
370
    25
  0
POLYLINE
  5
12B
330
1F
100
AcDbEntity
  8
0
  6
Continuous
 62
    18
420
        0
370
    25
100
AcDb2dPolyline
 66
     1
 10
0.0
 20
0.0
 30
0.0
 70
     1
  0
VERTEX
  5
12C
330
12B
100
AcDbEntity
  8
0
  6
Continuous
 62
    18
420
        0
370
    25
100
AcDbVertex
100
AcDb2dVertex
 10
62.69004709853235
 20
4.164601445961068
 30
0.0
  0
VERTEX
  5
12D
330
12B
100
AcDbEntity
  8
0
  6
Continuous
 62
    18
420
        0
370
    25
100
AcDbVertex
100
AcDb2dVertex
 10
63.29004709853236
 20
4.164601445961068
 30
0.0
  0
VERTEX
  5
12E
330
12B
100
AcDbEntity
  8
0
  6
Continuous
 62
    18
420
        0
370
    25
100
AcDbVertex
100
AcDb2dVertex
 10
63.29004709853236
 20
4.764601445961056
 30
0.0
  0
VERTEX
  5
12F
330
12B
100
AcDbEntity
  8
0
  6
Continuous
 62
    18
420
        0
370
    25
100
AcDbVertex
100
AcDb2dVertex
 10
62.69004709853235
 20
4.764601445961056
 30
0.0
  0
SEQEND
  5
130
330
12B
100
AcDbEntity
  8
0
  6
Continuous
 62
    18
420
        0
370
    25
  0
POLYLINE
  5
131
330
1F
100
AcDbEntity
  8
0
  6
Continuous
 62
    18
420
        0
370
    25
100
AcDb2dPolyline
 66
     1
 10
0.0
 20
0.0
 30
0.0
 70
     1
  0
VERTEX
  5
132
330
131
100
AcDbEntity
  8
0
  6
Continuous
 62
    18
420
        0
370
    25
100
AcDbVertex
100
AcDb2dVertex
 10
61.92583281207678
 20
4.156457421535357
 30
0.0
  0
VERTEX
  5
133
330
131
100
AcDbEntity
  8
0
  6
Continuous
 62
    18
420
        0
370
    25
100
AcDbVertex
100
AcDb2dVertex
 10
62.52583281207676
 20
4.156457421535357
 30
0.0
  0
VERTEX
  5
134
330
131
100
AcDbEntity
  8
0
  6
Continuous
 62
    18
420
        0
370
    25
100
AcDbVertex
100
AcDb2dVertex
 10
62.52583281207676
 20
4.756457421535373
 30
0.0
  0
VERTEX
  5
135
330
131
100
AcDbEntity
  8
0
  6
Continuous
 62
    18
420
        0
370
    25
100
AcDbVertex
100
AcDb2dVertex
 10
61.92583281207678
 20
4.756457421535373
 30
0.0
  0
SEQEND
  5
136
330
131
100
AcDbEntity
  8
0
  6
Continuous
 62
    18
420
        0
370
    25
  0
POLYLINE
  5
137
330
1F
100
AcDbEntity
  8
0
  6
Continuous
 62
    18
420
        0
370
    25
100
AcDb2dPolyline
 66
     1
 10
0.0
 20
0.0
 30
0.0
 70
     1
  0
VERTEX
  5
138
330
137
100
AcDbEntity
  8
0
  6
Continuous
 62
    18
420
        0
370
    25
100
AcDbVertex
100
AcDb2dVertex
 10
60.8178598385106
 20
5.186002566883843
 30
0.0
  0
VERTEX
  5
139
330
137
100
AcDbEntity
  8
0
  6
Continuous
 62
    18
420
        0
370
    25
100
AcDbVertex
100
AcDb2dVertex
 10
61.41785983851064
 20
5.186002566883843
 30
0.0
  0
VERTEX
  5
13A
330
137
100
AcDbEntity
  8
0
  6
Continuous
 62
    18
420
        0
370
    25
100
AcDbVertex
100
AcDb2dVertex
 10
61.41785983851064
 20
5.786002566883852
 30
0.0
  0
VERTEX
  5
13B
330
137
100
AcDbEntity
  8
0
  6
Continuous
 62
    18
420
        0
370
    25
100
AcDbVertex
100
AcDb2dVertex
 10
60.8178598385106
 20
5.786002566883852
 30
0.0
  0
SEQEND
  5
13C
330
137
100
AcDbEntity
  8
0
  6
Continuous
 62
    18
420
        0
370
    25
  0
POLYLINE
  5
13D
330
1F
100
AcDbEntity
  8
0
  6
Continuous
 62
    18
420
        0
370
    25
100
AcDb2dPolyline
 66
     1
 10
0.0
 20
0.0
 30
0.0
 70
     1
  0
VERTEX
  5
13E
330
13D
100
AcDbEntity
  8
0
  6
Continuous
 62
    18
420
        0
370
    25
100
AcDbVertex
100
AcDb2dVertex
 10
60.81390803217295
 20
6.011930091454573
 30
0.0
  0
VERTEX
  5
13F
330
13D
100
AcDbEntity
  8
0
  6
Continuous
 62
    18
420
        0
370
    25
100
AcDbVertex
100
AcDb2dVertex
 10
61.41390803217294
 20
6.011930091454573
 30
0.0
  0
VERTEX
  5
140
330
13D
100
AcDbEntity
  8
0
  6
Continuous
 62
    18
420
        0
370
    25
100
AcDbVertex
100
AcDb2dVertex
 10
61.41390803217294
 20
6.611930091454582
 30
0.0
  0
VERTEX
  5
141
330
13D
100
AcDbEntity
  8
0
  6
Continuous
 62
    18
420
        0
370
    25
100
AcDbVertex
100
AcDb2dVertex
 10
60.81390803217295
 20
6.611930091454582
 30
0.0
  0
SEQEND
  5
142
330
13D
100
AcDbEntity
  8
0
  6
Continuous
 62
    18
420
        0
370
    25
  0
POLYLINE
  5
143
330
1F
100
AcDbEntity
  8
0
  6
Continuous
 62
    18
420
        0
370
    25
100
AcDb2dPolyline
 66
     1
 10
0.0
 20
0.0
 30
0.0
 70
     1
  0
VERTEX
  5
144
330
143
100
AcDbEntity
  8
0
  6
Continuous
 62
    18
420
        0
370
    25
100
AcDbVertex
100
AcDb2dVertex
 10
61.89774924544996
 20
7.064658895972187
 30
0.0
  0
VERTEX
  5
145
330
143
100
AcDbEntity
  8
0
  6
Continuous
 62
    18
420
        0
370
    25
100
AcDbVertex
100
AcDb2dVertex
 10
62.49774924544998
 20
7.064658895972187
 30
0.0
  0
VERTEX
  5
146
330
143
100
AcDbEntity
  8
0
  6
Continuous
 62
    18
420
        0
370
    25
100
AcDbVertex
100
AcDb2dVertex
 10
62.49774924544998
 20
7.664658895972188
 30
0.0
  0
VERTEX
  5
147
330
143
100
AcDbEntity
  8
0
  6
Continuous
 62
    18
420
        0
370
    25
100
AcDbVertex
100
AcDb2dVertex
 10
61.89774924544996
 20
7.664658895972188
 30
0.0
  0
SEQEND
  5
148
330
143
100
AcDbEntity
  8
0
  6
Continuous
 62
    18
420
        0
370
    25
  0
POLYLINE
  5
149
330
1F
100
AcDbEntity
  8
0
  6
Continuous
 62
    18
420
        0
370
    25
100
AcDb2dPolyline
 66
     1
 10
0.0
 20
0.0
 30
0.0
 70
     1
  0
VERTEX
  5
14A
330
149
100
AcDbEntity
  8
0
  6
Continuous
 62
    18
420
        0
370
    25
100
AcDbVertex
100
AcDb2dVertex
 10
62.59113066515916
 20
7.045108240415836
 30
0.0
  0
VERTEX
  5
14B
330
149
100
AcDbEntity
  8
0
  6
Continuous
 62
    18
420
        0
370
    25
100
AcDbVertex
100
AcDb2dVertex
 10
63.19113066515917
 20
7.045108240415836
 30
0.0
  0
VERTEX
  5
14C
330
149
100
AcDbEntity
  8
0
  6
Continuous
 62
    18
420
        0
370
    25
100
AcDbVertex
100
AcDb2dVertex
 10
63.19113066515917
 20
7.645108240415848
 30
0.0
  0
VERTEX
  5
14D
330
149
100
AcDbEntity
  8
0
  6
Continuous
 62
    18
420
        0
370
    25
100
AcDbVertex
100
AcDb2dVertex
 10
62.59113066515916
 20
7.645108240415848
 30
0.0
  0
SEQEND
  5
14E
330
149
100
AcDbEntity
  8
0
  6
Continuous
 62
    18
420
        0
370
    25
  0
POLYLINE
  5
14F
330
1F
100
AcDbEntity
  8
0
  6
Continuous
 62
    18
420
        0
370
    25
100
AcDb2dPolyline
 66
     1
 10
0.0
 20
0.0
 30
0.0
 70
     1
  0
VERTEX
  5
150
330
14F
100
AcDbEntity
  8
0
  6
Continuous
 62
    18
420
        0
370
    25
100
AcDbVertex
100
AcDb2dVertex
 10
24.58685060232078
 20
26.36522972489486
 30
0.0
  0
VERTEX
  5
151
330
14F
100
AcDbEntity
  8
0
  6
Continuous
 62
    18
420
        0
370
    25
100
AcDbVertex
100
AcDb2dVertex
 10
25.18685060232076
 20
26.36522972489486
 30
0.0
  0
VERTEX
  5
152
330
14F
100
AcDbEntity
  8
0
  6
Continuous
 62
    18
420
        0
370
    25
100
AcDbVertex
100
AcDb2dVertex
 10
25.18685060232076
 20
26.96522972489487
 30
0.0
  0
VERTEX
  5
153
330
14F
100
AcDbEntity
  8
0
  6
Continuous
 62
    18
420
        0
370
    25
100
AcDbVertex
100
AcDb2dVertex
 10
24.58685060232078
 20
26.96522972489487
 30
0.0
  0
SEQEND
  5
154
330
14F
100
AcDbEntity
  8
0
  6
Continuous
 62
    18
420
        0
370
    25
  0
POLYLINE
  5
155
330
1F
100
AcDbEntity
  8
0
  6
Continuous
 62
    18
420
        0
370
    25
100
AcDb2dPolyline
 66
     1
 10
0.0
 20
0.0
 30
0.0
 70
     1
  0
VERTEX
  5
156
330
155
100
AcDbEntity
  8
0
  6
Continuous
 62
    18
420
        0
370
    25
100
AcDbVertex
100
AcDb2dVertex
 10
24.57499518330779
 20
25.51163955596051
 30
0.0
  0
VERTEX
  5
157
330
155
100
AcDbEntity
  8
0
  6
Continuous
 62
    18
420
        0
370
    25
100
AcDbVertex
100
AcDb2dVertex
 10
25.17499518330779
 20
25.51163955596051
 30
0.0
  0
VERTEX
  5
158
330
155
100
AcDbEntity
  8
0
  6
Continuous
 62
    18
420
        0
370
    25
100
AcDbVertex
100
AcDb2dVertex
 10
25.17499518330779
 20
26.11163955596052
 30
0.0
  0
VERTEX
  5
159
330
155
100
AcDbEntity
  8
0
  6
Continuous
 62
    18
420
        0
370
    25
100
AcDbVertex
100
AcDb2dVertex
 10
24.57499518330779
 20
26.11163955596052
 30
0.0
  0
SEQEND
  5
15A
330
155
100
AcDbEntity
  8
0
  6
Continuous
 62
    18
420
        0
370
    25
  0
POLYLINE
  5
15B
330
1F
100
AcDbEntity
  8
0
  6
Continuous
 62
    18
420
        0
370
    25
100
AcDb2dPolyline
 66
     1
 10
0.0
 20
0.0
 30
0.0
 70
     1
  0
VERTEX
  5
15C
330
15B
100
AcDbEntity
  8
0
  6
Continuous
 62
    18
420
        0
370
    25
100
AcDbVertex
100
AcDb2dVertex
 10
23.49527246879751
 20
24.50150175735108
 30
0.0
  0
VERTEX
  5
15D
330
15B
100
AcDbEntity
  8
0
  6
Continuous
 62
    18
420
        0
370
    25
100
AcDbVertex
100
AcDb2dVertex
 10
24.09527246879752
 20
24.50150175735108
 30
0.0
  0
VERTEX
  5
15E
330
15B
100
AcDbEntity
  8
0
  6
Continuous
 62
    18
420
        0
370
    25
100
AcDbVertex
100
AcDb2dVertex
 10
24.09527246879752
 20
25.10150175735107
 30
0.0
  0
VERTEX
  5
15F
330
15B
100
AcDbEntity
  8
0
  6
Continuous
 62
    18
420
        0
370
    25
100
AcDbVertex
100
AcDb2dVertex
 10
23.49527246879751
 20
25.10150175735107
 30
0.0
  0
SEQEND
  5
160
330
15B
100
AcDbEntity
  8
0
  6
Continuous
 62
    18
420
        0
370
    25
  0
POLYLINE
  5
161
330
1F
100
AcDbEntity
  8
0
  6
Continuous
 62
    18
420
        0
370
    25
100
AcDb2dPolyline
 66
     1
 10
0.0
 20
0.0
 30
0.0
 70
     1
  0
VERTEX
  5
162
330
161
100
AcDbEntity
  8
0
  6
Continuous
 62
    18
420
        0
370
    25
100
AcDbVertex
100
AcDb2dVertex
 10
22.73105818234193
 20
24.49335773292537
 30
0.0
  0
VERTEX
  5
163
330
161
100
AcDbEntity
  8
0
  6
Continuous
 62
    18
420
        0
370
    25
100
AcDbVertex
100
AcDb2dVertex
 10
23.33105818234194
 20
24.49335773292537
 30
0.0
  0
VERTEX
  5
164
330
161
100
AcDbEntity
  8
0
  6
Continuous
 62
    18
420
        0
370
    25
100
AcDbVertex
100
AcDb2dVertex
 10
23.33105818234194
 20
25.09335773292538
 30
0.0
  0
VERTEX
  5
165
330
161
100
AcDbEntity
  8
0
  6
Continuous
 62
    18
420
        0
370
    25
100
AcDbVertex
100
AcDb2dVertex
 10
22.73105818234193
 20
25.09335773292538
 30
0.0
  0
SEQEND
  5
166
330
161
100
AcDbEntity
  8
0
  6
Continuous
 62
    18
420
        0
370
    25
  0
POLYLINE
  5
167
330
1F
100
AcDbEntity
  8
0
  6
Continuous
 62
    18
420
        0
370
    25
100
AcDb2dPolyline
 66
     1
 10
0.0
 20
0.0
 30
0.0
 70
     1
  0
VERTEX
  5
168
330
167
100
AcDbEntity
  8
0
  6
Continuous
 62
    18
420
        0
370
    25
100
AcDbVertex
100
AcDb2dVertex
 10
21.63561847300432
 20
25.59147258866551
 30
0.0
  0
VERTEX
  5
169
330
167
100
AcDbEntity
  8
0
  6
Continuous
 62
    18
420
        0
370
    25
100
AcDbVertex
100
AcDb2dVertex
 10
22.23561847300432
 20
25.59147258866551
 30
0.0
  0
VERTEX
  5
16A
330
167
100
AcDbEntity
  8
0
  6
Continuous
 62
    18
420
        0
370
    25
100
AcDbVertex
100
AcDb2dVertex
 10
22.23561847300432
 20
26.19147258866552
 30
0.0
  0
VERTEX
  5
16B
330
167
100
AcDbEntity
  8
0
  6
Continuous
 62
    18
420
        0
370
    25
100
AcDbVertex
100
AcDb2dVertex
 10
21.63561847300432
 20
26.19147258866552
 30
0.0
  0
SEQEND
  5
16C
330
167
100
AcDbEntity
  8
0
  6
Continuous
 62
    18
420
        0
370
    25
  0
POLYLINE
  5
16D
330
1F
100
AcDbEntity
  8
0
  6
Continuous
 62
    18
420
        0
370
    25
100
AcDb2dPolyline
 66
     1
 10
0.0
 20
0.0
 30
0.0
 70
     1
  0
VERTEX
  5
16E
330
16D
100
AcDbEntity
  8
0
  6
Continuous
 62
    18
420
        0
370
    25
100
AcDbVertex
100
AcDb2dVertex
 10
21.63166666666667
 20
26.41740011323624
 30
0.0
  0
VERTEX
  5
16F
330
16D
100
AcDbEntity
  8
0
  6
Continuous
 62
    18
420
        0
370
    25
100
AcDbVertex
100
AcDb2dVertex
 10
22.23166666666667
 20
26.41740011323624
 30
0.0
  0
VERTEX
  5
170
330
16D
100
AcDbEntity
  8
0
  6
Continuous
 62
    18
420
        0
370
    25
100
AcDbVertex
100
AcDb2dVertex
 10
22.23166666666667
 20
27.01740011323625
 30
0.0
  0
VERTEX
  5
171
330
16D
100
AcDbEntity
  8
0
  6
Continuous
 62
    18
420
        0
370
    25
100
AcDbVertex
100
AcDb2dVertex
 10
21.63166666666667
 20
27.01740011323625
 30
0.0
  0
SEQEND
  5
172
330
16D
100
AcDbEntity
  8
0
  6
Continuous
 62
    18
420
        0
370
    25
  0
POLYLINE
  5
173
330
1F
100
AcDbEntity
  8
0
  6
Continuous
 62
    18
420
        0
370
    25
100
AcDb2dPolyline
 66
     1
 10
0.0
 20
0.0
 30
0.0
 70
     1
  0
VERTEX
  5
174
330
173
100
AcDbEntity
  8
0
  6
Continuous
 62
    18
420
        0
370
    25
100
AcDbVertex
100
AcDb2dVertex
 10
22.76915722632117
 20
27.42272587402887
 30
0.0
  0
VERTEX
  5
175
330
173
100
AcDbEntity
  8
0
  6
Continuous
 62
    18
420
        0
370
    25
100
AcDbVertex
100
AcDb2dVertex
 10
23.36915722632117
 20
27.42272587402887
 30
0.0
  0
VERTEX
  5
176
330
173
100
AcDbEntity
  8
0
  6
Continuous
 62
    18
420
        0
370
    25
100
AcDbVertex
100
AcDb2dVertex
 10
23.36915722632117
 20
28.02272587402886
 30
0.0
  0
VERTEX
  5
177
330
173
100
AcDbEntity
  8
0
  6
Continuous
 62
    18
420
        0
370
    25
100
AcDbVertex
100
AcDb2dVertex
 10
22.76915722632117
 20
28.02272587402886
 30
0.0
  0
SEQEND
  5
178
330
173
100
AcDbEntity
  8
0
  6
Continuous
 62
    18
420
        0
370
    25
  0
POLYLINE
  5
179
330
1F
100
AcDbEntity
  8
0
  6
Continuous
 62
    18
420
        0
370
    25
100
AcDb2dPolyline
 66
     1
 10
0.0
 20
0.0
 30
0.0
 70
     1
  0
VERTEX
  5
17A
330
179
100
AcDbEntity
  8
0
  6
Continuous
 62
    18
420
        0
370
    25
100
AcDbVertex
100
AcDb2dVertex
 10
23.58953864603039
 20
27.42434188513918
 30
0.0
  0
VERTEX
  5
17B
330
179
100
AcDbEntity
  8
0
  6
Continuous
 62
    18
420
        0
370
    25
100
AcDbVertex
100
AcDb2dVertex
 10
24.18953864603039
 20
27.42434188513918
 30
0.0
  0
VERTEX
  5
17C
330
179
100
AcDbEntity
  8
0
  6
Continuous
 62
    18
420
        0
370
    25
100
AcDbVertex
100
AcDb2dVertex
 10
24.18953864603039
 20
28.02434188513919
 30
0.0
  0
VERTEX
  5
17D
330
179
100
AcDbEntity
  8
0
  6
Continuous
 62
    18
420
        0
370
    25
100
AcDbVertex
100
AcDb2dVertex
 10
23.58953864603039
 20
28.02434188513919
 30
0.0
  0
SEQEND
  5
17E
330
179
100
AcDbEntity
  8
0
  6
Continuous
 62
    18
420
        0
370
    25
  0
POLYLINE
  5
17F
330
1F
100
AcDbEntity
  8
0
  6
Continuous
 62
    18
420
        0
370
    25
100
AcDb2dPolyline
 66
     1
 10
0.0
 20
0.0
 30
0.0
 70
     1
  0
VERTEX
  5
180
330
17F
100
AcDbEntity
  8
0
  6
Continuous
 62
    18
420
        0
370
    25
100
AcDbVertex
100
AcDb2dVertex
 10
30.09018393565411
 20
26.36522972489486
 30
0.0
  0
VERTEX
  5
181
330
17F
100
AcDbEntity
  8
0
  6
Continuous
 62
    18
420
        0
370
    25
100
AcDbVertex
100
AcDb2dVertex
 10
30.6901839356541
 20
26.36522972489486
 30
0.0
  0
VERTEX
  5
182
330
17F
100
AcDbEntity
  8
0
  6
Continuous
 62
    18
420
        0
370
    25
100
AcDbVertex
100
AcDb2dVertex
 10
30.6901839356541
 20
26.96522972489487
 30
0.0
  0
VERTEX
  5
183
330
17F
100
AcDbEntity
  8
0
  6
Continuous
 62
    18
420
        0
370
    25
100
AcDbVertex
100
AcDb2dVertex
 10
30.09018393565411
 20
26.96522972489487
 30
0.0
  0
SEQEND
  5
184
330
17F
100
AcDbEntity
  8
0
  6
Continuous
 62
    18
420
        0
370
    25
  0
POLYLINE
  5
185
330
1F
100
AcDbEntity
  8
0
  6
Continuous
 62
    18
420
        0
370
    25
100
AcDb2dPolyline
 66
     1
 10
0.0
 20
0.0
 30
0.0
 70
     1
  0
VERTEX
  5
186
330
185
100
AcDbEntity
  8
0
  6
Continuous
 62
    18
420
        0
370
    25
100
AcDbVertex
100
AcDb2dVertex
 10
30.07832851664112
 20
25.51163955596051
 30
0.0
  0
VERTEX
  5
187
330
185
100
AcDbEntity
  8
0
  6
Continuous
 62
    18
420
        0
370
    25
100
AcDbVertex
100
AcDb2dVertex
 10
30.67832851664112
 20
25.51163955596051
 30
0.0
  0
VERTEX
  5
188
330
185
100
AcDbEntity
  8
0
  6
Continuous
 62
    18
420
        0
370
    25
100
AcDbVertex
100
AcDb2dVertex
 10
30.67832851664112
 20
26.11163955596052
 30
0.0
  0
VERTEX
  5
189
330
185
100
AcDbEntity
  8
0
  6
Continuous
 62
    18
420
        0
370
    25
100
AcDbVertex
100
AcDb2dVertex
 10
30.07832851664112
 20
26.11163955596052
 30
0.0
  0
SEQEND
  5
18A
330
185
100
AcDbEntity
  8
0
  6
Continuous
 62
    18
420
        0
370
    25
  0
POLYLINE
  5
18B
330
1F
100
AcDbEntity
  8
0
  6
Continuous
 62
    18
420
        0
370
    25
100
AcDb2dPolyline
 66
     1
 10
0.0
 20
0.0
 30
0.0
 70
     1
  0
VERTEX
  5
18C
330
18B
100
AcDbEntity
  8
0
  6
Continuous
 62
    18
420
        0
370
    25
100
AcDbVertex
100
AcDb2dVertex
 10
28.99860580213085
 20
24.50150175735108
 30
0.0
  0
VERTEX
  5
18D
330
18B
100
AcDbEntity
  8
0
  6
Continuous
 62
    18
420
        0
370
    25
100
AcDbVertex
100
AcDb2dVertex
 10
29.59860580213085
 20
24.50150175735108
 30
0.0
  0
VERTEX
  5
18E
330
18B
100
AcDbEntity
  8
0
  6
Continuous
 62
    18
420
        0
370
    25
100
AcDbVertex
100
AcDb2dVertex
 10
29.59860580213085
 20
25.10150175735107
 30
0.0
  0
VERTEX
  5
18F
330
18B
100
AcDbEntity
  8
0
  6
Continuous
 62
    18
420
        0
370
    25
100
AcDbVertex
100
AcDb2dVertex
 10
28.99860580213085
 20
25.10150175735107
 30
0.0
  0
SEQEND
  5
190
330
18B
100
AcDbEntity
  8
0
  6
Continuous
 62
    18
420
        0
370
    25
  0
POLYLINE
  5
191
330
1F
100
AcDbEntity
  8
0
  6
Continuous
 62
    18
420
        0
370
    25
100
AcDb2dPolyline
 66
     1
 10
0.0
 20
0.0
 30
0.0
 70
     1
  0
VERTEX
  5
192
330
191
100
AcDbEntity
  8
0
  6
Continuous
 62
    18
420
        0
370
    25
100
AcDbVertex
100
AcDb2dVertex
 10
28.23439151567526
 20
24.49335773292537
 30
0.0
  0
VERTEX
  5
193
330
191
100
AcDbEntity
  8
0
  6
Continuous
 62
    18
420
        0
370
    25
100
AcDbVertex
100
AcDb2dVertex
 10
28.83439151567528
 20
24.49335773292537
 30
0.0
  0
VERTEX
  5
194
330
191
100
AcDbEntity
  8
0
  6
Continuous
 62
    18
420
        0
370
    25
100
AcDbVertex
100
AcDb2dVertex
 10
28.83439151567528
 20
25.09335773292538
 30
0.0
  0
VERTEX
  5
195
330
191
100
AcDbEntity
  8
0
  6
Continuous
 62
    18
420
        0
370
    25
100
AcDbVertex
100
AcDb2dVertex
 10
28.23439151567526
 20
25.09335773292538
 30
0.0
  0
SEQEND
  5
196
330
191
100
AcDbEntity
  8
0
  6
Continuous
 62
    18
420
        0
370
    25
  0
POLYLINE
  5
197
330
1F
100
AcDbEntity
  8
0
  6
Continuous
 62
    18
420
        0
370
    25
100
AcDb2dPolyline
 66
     1
 10
0.0
 20
0.0
 30
0.0
 70
     1
  0
VERTEX
  5
198
330
197
100
AcDbEntity
  8
0
  6
Continuous
 62
    18
420
        0
370
    25
100
AcDbVertex
100
AcDb2dVertex
 10
27.13895180633766
 20
25.59147258866551
 30
0.0
  0
VERTEX
  5
199
330
197
100
AcDbEntity
  8
0
  6
Continuous
 62
    18
420
        0
370
    25
100
AcDbVertex
100
AcDb2dVertex
 10
27.73895180633765
 20
25.59147258866551
 30
0.0
  0
VERTEX
  5
19A
330
197
100
AcDbEntity
  8
0
  6
Continuous
 62
    18
420
        0
370
    25
100
AcDbVertex
100
AcDb2dVertex
 10
27.73895180633765
 20
26.19147258866552
 30
0.0
  0
VERTEX
  5
19B
330
197
100
AcDbEntity
  8
0
  6
Continuous
 62
    18
420
        0
370
    25
100
AcDbVertex
100
AcDb2dVertex
 10
27.13895180633766
 20
26.19147258866552
 30
0.0
  0
SEQEND
  5
19C
330
197
100
AcDbEntity
  8
0
  6
Continuous
 62
    18
420
        0
370
    25
  0
POLYLINE
  5
19D
330
1F
100
AcDbEntity
  8
0
  6
Continuous
 62
    18
420
        0
370
    25
100
AcDb2dPolyline
 66
     1
 10
0.0
 20
0.0
 30
0.0
 70
     1
  0
VERTEX
  5
19E
330
19D
100
AcDbEntity
  8
0
  6
Continuous
 62
    18
420
        0
370
    25
100
AcDbVertex
100
AcDb2dVertex
 10
27.135
 20
26.41740011323624
 30
0.0
  0
VERTEX
  5
19F
330
19D
100
AcDbEntity
  8
0
  6
Continuous
 62
    18
420
        0
370
    25
100
AcDbVertex
100
AcDb2dVertex
 10
27.735
 20
26.41740011323624
 30
0.0
  0
VERTEX
  5
1A0
330
19D
100
AcDbEntity
  8
0
  6
Continuous
 62
    18
420
        0
370
    25
100
AcDbVertex
100
AcDb2dVertex
 10
27.735
 20
27.01740011323625
 30
0.0
  0
VERTEX
  5
1A1
330
19D
100
AcDbEntity
  8
0
  6
Continuous
 62
    18
420
        0
370
    25
100
AcDbVertex
100
AcDb2dVertex
 10
27.135
 20
27.01740011323625
 30
0.0
  0
SEQEND
  5
1A2
330
19D
100
AcDbEntity
  8
0
  6
Continuous
 62
    18
420
        0
370
    25
  0
POLYLINE
  5
1A3
330
1F
100
AcDbEntity
  8
0
  6
Continuous
 62
    18
420
        0
370
    25
100
AcDb2dPolyline
 66
     1
 10
0.0
 20
0.0
 30
0.0
 70
     1
  0
VERTEX
  5
1A4
330
1A3
100
AcDbEntity
  8
0
  6
Continuous
 62
    18
420
        0
370
    25
100
AcDbVertex
100
AcDb2dVertex
 10
28.27249055965451
 20
27.42272587402887
 30
0.0
  0
VERTEX
  5
1A5
330
1A3
100
AcDbEntity
  8
0
  6
Continuous
 62
    18
420
        0
370
    25
100
AcDbVertex
100
AcDb2dVertex
 10
28.8724905596545
 20
27.42272587402887
 30
0.0
  0
VERTEX
  5
1A6
330
1A3
100
AcDbEntity
  8
0
  6
Continuous
 62
    18
420
        0
370
    25
100
AcDbVertex
100
AcDb2dVertex
 10
28.8724905596545
 20
28.02272587402886
 30
0.0
  0
VERTEX
  5
1A7
330
1A3
100
AcDbEntity
  8
0
  6
Continuous
 62
    18
420
        0
370
    25
100
AcDbVertex
100
AcDb2dVertex
 10
28.27249055965451
 20
28.02272587402886
 30
0.0
  0
SEQEND
  5
1A8
330
1A3
100
AcDbEntity
  8
0
  6
Continuous
 62
    18
420
        0
370
    25
  0
POLYLINE
  5
1A9
330
1F
100
AcDbEntity
  8
0
  6
Continuous
 62
    18
420
        0
370
    25
100
AcDb2dPolyline
 66
     1
 10
0.0
 20
0.0
 30
0.0
 70
     1
  0
VERTEX
  5
1AA
330
1A9
100
AcDbEntity
  8
0
  6
Continuous
 62
    18
420
        0
370
    25
100
AcDbVertex
100
AcDb2dVertex
 10
29.09287197936372
 20
27.42434188513918
 30
0.0
  0
VERTEX
  5
1AB
330
1A9
100
AcDbEntity
  8
0
  6
Continuous
 62
    18
420
        0
370
    25
100
AcDbVertex
100
AcDb2dVertex
 10
29.69287197936372
 20
27.42434188513918
 30
0.0
  0
VERTEX
  5
1AC
330
1A9
100
AcDbEntity
  8
0
  6
Continuous
 62
    18
420
        0
370
    25
100
AcDbVertex
100
AcDb2dVertex
 10
29.69287197936372
 20
28.02434188513919
 30
0.0
  0
VERTEX
  5
1AD
330
1A9
100
AcDbEntity
  8
0
  6
Continuous
 62
    18
420
        0
370
    25
100
AcDbVertex
100
AcDb2dVertex
 10
29.09287197936372
 20
28.02434188513919
 30
0.0
  0
SEQEND
  5
1AE
330
1A9
100
AcDbEntity
  8
0
  6
Continuous
 62
    18
420
        0
370
    25
  0
POLYLINE
  5
1AF
330
1F
100
AcDbEntity
  8
0
  6
Continuous
 62
    18
420
        0
370
    70
100
AcDb2dPolyline
 66
     1
 10
0.0
 20
0.0
 30
0.0
 70
     1
  0
VERTEX
  5
1B0
330
1AF
100
AcDbEntity
  8
0
  6
Continuous
 62
    18
420
        0
370
    70
100
AcDbVertex
100
AcDb2dVertex
 10
19.59899643153251
 20
14.23745829048019
 30
0.0
  0
VERTEX
  5
1B1
330
1AF
100
AcDbEntity
  8
0
  6
Continuous
 62
    18
420
        0
370
    70
100
AcDbVertex
100
AcDb2dVertex
 10
19.59899643153251
 20
17.58421644165809
 30
0.0
  0
VERTEX
  5
1B2
330
1AF
100
AcDbEntity
  8
0
  6
Continuous
 62
    18
420
        0
370
    70
100
AcDbVertex
100
AcDb2dVertex
 10
15.24500557952139
 20
17.58421644165809
 30
0.0
  0
VERTEX
  5
1B3
330
1AF
100
AcDbEntity
  8
0
  6
Continuous
 62
    18
420
        0
370
    70
100
AcDbVertex
100
AcDb2dVertex
 10
15.24500557952139
 20
8.100743988288599
 30
0.0
  0
VERTEX
  5
1B4
330
1AF
100
AcDbEntity
  8
0
  6
Continuous
 62
    18
420
        0
370
    70
100
AcDbVertex
100
AcDb2dVertex
 10
19.59899643153251
 20
8.100743988288585
 30
0.0
  0
VERTEX
  5
1B5
330
1AF
100
AcDbEntity
  8
0
  6
Continuous
 62
    18
420
        0
370
    70
100
AcDbVertex
100
AcDb2dVertex
 10
19.59899643153251
 20
13.17045829048019
 30
0.0
  0
VERTEX
  5
1B6
330
1AF
100
AcDbEntity
  8
0
  6
Continuous
 62
    18
420
        0
370
    70
100
AcDbVertex
100
AcDb2dVertex
 10
19.7989964315325
 20
13.17045829048019
 30
0.0
  0
VERTEX
  5
1B7
330
1AF
100
AcDbEntity
  8
0
  6
Continuous
 62
    18
420
        0
370
    70
100
AcDbVertex
100
AcDb2dVertex
 10
19.7989964315325
 20
7.900743988288582
 30
0.0
  0
VERTEX
  5
1B8
330
1AF
100
AcDbEntity
  8
0
  6
Continuous
 62
    18
420
        0
370
    70
100
AcDbVertex
100
AcDb2dVertex
 10
15.0450055795214
 20
7.900743988288582
 30
0.0
  0
VERTEX
  5
1B9
330
1AF
100
AcDbEntity
  8
0
  6
Continuous
 62
    18
420
        0
370
    70
100
AcDbVertex
100
AcDb2dVertex
 10
15.0450055795214
 20
20.35270692034902
 30
0.0
  0
VERTEX
  5
1BA
330
1AF
100
AcDbEntity
  8
0
  6
Continuous
 62
    18
420
        0
370
    70
100
AcDbVertex
100
AcDb2dVertex
 10
19.7989964315325
 20
20.35270692034902
 30
0.0
  0
VERTEX
  5
1BB
330
1AF
100
AcDbEntity
  8
0
  6
Continuous
 62
    18
420
        0
370
    70
100
AcDbVertex
100
AcDb2dVertex
 10
19.7989964315325
 20
19.06453148176947
 30
0.0
  0
VERTEX
  5
1BC
330
1AF
100
AcDbEntity
  8
0
  6
Continuous
 62
    18
420
        0
370
    70
100
AcDbVertex
100
AcDb2dVertex
 10
19.69899643153251
 20
19.06453148176945
 30
0.0
  0
VERTEX
  5
1BD
330
1AF
100
AcDbEntity
  8
0
  6
Continuous
 62
    18
420
        0
370
    70
100
AcDbVertex
100
AcDb2dVertex
 10
19.69899643153251
 20
20.25270692034901
 30
0.0
  0
VERTEX
  5
1BE
330
1AF
100
AcDbEntity
  8
0
  6
Continuous
 62
    18
420
        0
370
    70
100
AcDbVertex
100
AcDb2dVertex
 10
15.14500557952139
 20
20.25270692034901
 30
0.0
  0
VERTEX
  5
1BF
330
1AF
100
AcDbEntity
  8
0
  6
Continuous
 62
    18
420
        0
370
    70
100
AcDbVertex
100
AcDb2dVertex
 10
15.14500557952139
 20
17.78421644165809
 30
0.0
  0
VERTEX
  5
1C0
330
1AF
100
AcDbEntity
  8
0
  6
Continuous
 62
    18
420
        0
370
    70
100
AcDbVertex
100
AcDb2dVertex
 10
19.69899643153251
 20
17.78421644165809
 30
0.0
  0
VERTEX
  5
1C1
330
1AF
100
AcDbEntity
  8
0
  6
Continuous
 62
    18
420
        0
370
    70
100
AcDbVertex
100
AcDb2dVertex
 10
19.69899643153251
 20
17.99753148176946
 30
0.0
  0
VERTEX
  5
1C2
330
1AF
100
AcDbEntity
  8
0
  6
Continuous
 62
    18
420
        0
370
    70
100
AcDbVertex
100
AcDb2dVertex
 10
19.7989964315325
 20
17.99753148176946
 30
0.0
  0
VERTEX
  5
1C3
330
1AF
100
AcDbEntity
  8
0
  6
Continuous
 62
    18
420
        0
370
    70
100
AcDbVertex
100
AcDb2dVertex
 10
19.7989964315325
 20
14.23745829048019
 30
0.0
  0
SEQEND
  5
1C4
330
1AF
100
AcDbEntity
  8
0
  6
Continuous
 62
    18
420
        0
370
    70
  0
POLYLINE
  5
1C5
330
1F
100
AcDbEntity
  8
0
  6
Continuous
 62
    18
420
        0
370
    70
100
AcDb2dPolyline
 66
     1
 10
0.0
 20
0.0
 30
0.0
 70
     1
  0
VERTEX
  5
1C6
330
1C5
100
AcDbEntity
  8
0
  6
Continuous
 62
    18
420
        0
370
    70
100
AcDbVertex
100
AcDb2dVertex
 10
51.82804087623163
 20
14.23745829048019
 30
0.0
  0
VERTEX
  5
1C7
330
1C5
100
AcDbEntity
  8
0
  6
Continuous
 62
    18
420
        0
370
    70
100
AcDbVertex
100
AcDb2dVertex
 10
51.82804087623163
 20
17.58421644165809
 30
0.0
  0
VERTEX
  5
1C8
330
1C5
100
AcDbEntity
  8
0
  6
Continuous
 62
    18
420
        0
370
    70
100
AcDbVertex
100
AcDb2dVertex
 10
56.18203172824275
 20
17.58421644165809
 30
0.0
  0
VERTEX
  5
1C9
330
1C5
100
AcDbEntity
  8
0
  6
Continuous
 62
    18
420
        0
370
    70
100
AcDbVertex
100
AcDb2dVertex
 10
56.18203172824275
 20
8.100743988288599
 30
0.0
  0
VERTEX
  5
1CA
330
1C5
100
AcDbEntity
  8
0
  6
Continuous
 62
    18
420
        0
370
    70
100
AcDbVertex
100
AcDb2dVertex
 10
51.82804087623163
 20
8.100743988288585
 30
0.0
  0
VERTEX
  5
1CB
330
1C5
100
AcDbEntity
  8
0
  6
Continuous
 62
    18
420
        0
370
    70
100
AcDbVertex
100
AcDb2dVertex
 10
51.82804087623163
 20
13.17045829048019
 30
0.0
  0
VERTEX
  5
1CC
330
1C5
100
AcDbEntity
  8
0
  6
Continuous
 62
    18
420
        0
370
    70
100
AcDbVertex
100
AcDb2dVertex
 10
51.62804087623164
 20
13.17045829048019
 30
0.0
  0
VERTEX
  5
1CD
330
1C5
100
AcDbEntity
  8
0
  6
Continuous
 62
    18
420
        0
370
    70
100
AcDbVertex
100
AcDb2dVertex
 10
51.62804087623164
 20
7.900743988288582
 30
0.0
  0
VERTEX
  5
1CE
330
1C5
100
AcDbEntity
  8
0
  6
Continuous
 62
    18
420
        0
370
    70
100
AcDbVertex
100
AcDb2dVertex
 10
56.38203172824274
 20
7.900743988288582
 30
0.0
  0
VERTEX
  5
1CF
330
1C5
100
AcDbEntity
  8
0
  6
Continuous
 62
    18
420
        0
370
    70
100
AcDbVertex
100
AcDb2dVertex
 10
56.38203172824274
 20
20.35270692034902
 30
0.0
  0
VERTEX
  5
1D0
330
1C5
100
AcDbEntity
  8
0
  6
Continuous
 62
    18
420
        0
370
    70
100
AcDbVertex
100
AcDb2dVertex
 10
51.62804087623164
 20
20.35270692034902
 30
0.0
  0
VERTEX
  5
1D1
330
1C5
100
AcDbEntity
  8
0
  6
Continuous
 62
    18
420
        0
370
    70
100
AcDbVertex
100
AcDb2dVertex
 10
51.62804087623164
 20
19.06453148176947
 30
0.0
  0
VERTEX
  5
1D2
330
1C5
100
AcDbEntity
  8
0
  6
Continuous
 62
    18
420
        0
370
    70
100
AcDbVertex
100
AcDb2dVertex
 10
51.72804087623162
 20
19.06453148176945
 30
0.0
  0
VERTEX
  5
1D3
330
1C5
100
AcDbEntity
  8
0
  6
Continuous
 62
    18
420
        0
370
    70
100
AcDbVertex
100
AcDb2dVertex
 10
51.72804087623162
 20
20.25270692034901
 30
0.0
  0
VERTEX
  5
1D4
330
1C5
100
AcDbEntity
  8
0
  6
Continuous
 62
    18
420
        0
370
    70
100
AcDbVertex
100
AcDb2dVertex
 10
56.28203172824275
 20
20.25270692034901
 30
0.0
  0
VERTEX
  5
1D5
330
1C5
100
AcDbEntity
  8
0
  6
Continuous
 62
    18
420
        0
370
    70
100
AcDbVertex
100
AcDb2dVertex
 10
56.28203172824275
 20
17.78421644165809
 30
0.0
  0
VERTEX
  5
1D6
330
1C5
100
AcDbEntity
  8
0
  6
Continuous
 62
    18
420
        0
370
    70
100
AcDbVertex
100
AcDb2dVertex
 10
51.72804087623162
 20
17.78421644165809
 30
0.0
  0
VERTEX
  5
1D7
330
1C5
100
AcDbEntity
  8
0
  6
Continuous
 62
    18
420
        0
370
    70
100
AcDbVertex
100
AcDb2dVertex
 10
51.72804087623162
 20
17.99753148176946
 30
0.0
  0
VERTEX
  5
1D8
330
1C5
100
AcDbEntity
  8
0
  6
Continuous
 62
    18
420
        0
370
    70
100
AcDbVertex
100
AcDb2dVertex
 10
51.62804087623164
 20
17.99753148176946
 30
0.0
  0
VERTEX
  5
1D9
330
1C5
100
AcDbEntity
  8
0
  6
Continuous
 62
    18
420
        0
370
    70
100
AcDbVertex
100
AcDb2dVertex
 10
51.62804087623164
 20
14.23745829048019
 30
0.0
  0
SEQEND
  5
1DA
330
1C5
100
AcDbEntity
  8
0
  6
Continuous
 62
    18
420
        0
370
    70
  0
POLYLINE
  5
1DB
330
1F
100
AcDbEntity
  8
0
  6
Continuous
 62
    18
420
        0
370
    70
100
AcDb2dPolyline
 66
     1
 10
0.0
 20
0.0
 30
0.0
 70
     1
  0
VERTEX
  5
1DC
330
1DB
100
AcDbEntity
  8
0
  6
Continuous
 62
    18
420
        0
370
    70
100
AcDbVertex
100
AcDb2dVertex
 10
44.14914786689108
 20
19.19425470220841
 30
0.0
  0
VERTEX
  5
1DD
330
1DB
100
AcDbEntity
  8
0
  6
Continuous
 62
    18
420
        0
370
    70
100
AcDbVertex
100
AcDb2dVertex
 10
44.14914786689106
 20
19.09424891271257
 30
0.0
  0
VERTEX
  5
1DE
330
1DB
100
AcDbEntity
  8
0
  6
Continuous
 62
    18
420
        0
370
    70
100
AcDbVertex
100
AcDb2dVertex
 10
44.383892538809
 20
19.09425470220841
 30
0.0
  0
VERTEX
  5
1DF
330
1DB
100
AcDbEntity
  8
0
  6
Continuous
 62
    18
420
        0
370
    70
100
AcDbVertex
100
AcDb2dVertex
 10
44.37751772958477
 20
14.29781600803775
 30
0.0
  0
VERTEX
  5
1E0
330
1DB
100
AcDbEntity
  8
0
  6
Continuous
 62
    18
420
        0
370
    70
100
AcDbVertex
100
AcDb2dVertex
 10
44.14277305766687
 20
14.29781600803775
 30
0.0
  0
VERTEX
  5
1E1
330
1DB
100
AcDbEntity
  8
0
  6
Continuous
 62
    18
420
        0
370
    70
100
AcDbVertex
100
AcDb2dVertex
 10
44.14277305766687
 20
14.19781600803774
 30
0.0
  0
VERTEX
  5
1E2
330
1DB
100
AcDbEntity
  8
0
  6
Continuous
 62
    18
420
        0
370
    70
100
AcDbVertex
100
AcDb2dVertex
 10
49.44069836926767
 20
14.19781600803774
 30
0.0
  0
VERTEX
  5
1E3
330
1DB
100
AcDbEntity
  8
0
  6
Continuous
 62
    18
420
        0
370
    70
100
AcDbVertex
100
AcDb2dVertex
 10
49.44069836926767
 20
19.19425470220841
 30
0.0
  0
VERTEX
  5
1E4
330
1DB
100
AcDbEntity
  8
0
  6
Continuous
 62
    18
420
        0
370
    70
100
AcDbVertex
100
AcDb2dVertex
 10
45.79081013834241
 20
19.19425470220841
 30
0.0
  0
VERTEX
  5
1E5
330
1DB
100
AcDbEntity
  8
0
  6
Continuous
 62
    18
420
        0
370
    70
100
AcDbVertex
100
AcDb2dVertex
 10
45.79081013834242
 20
19.09425470220841
 30
0.0
  0
VERTEX
  5
1E6
330
1DB
100
AcDbEntity
  8
0
  6
Continuous
 62
    18
420
        0
370
    70
100
AcDbVertex
100
AcDb2dVertex
 10
49.34069836926768
 20
19.09425470220841
 30
0.0
  0
VERTEX
  5
1E7
330
1DB
100
AcDbEntity
  8
0
  6
Continuous
 62
    18
420
        0
370
    70
100
AcDbVertex
100
AcDb2dVertex
 10
49.34069836926768
 20
14.29781600803775
 30
0.0
  0
VERTEX
  5
1E8
330
1DB
100
AcDbEntity
  8
0
  6
Continuous
 62
    18
420
        0
370
    70
100
AcDbVertex
100
AcDb2dVertex
 10
44.47746426198744
 20
14.29781597938867
 30
0.0
  0
VERTEX
  5
1E9
330
1DB
100
AcDbEntity
  8
0
  6
Continuous
 62
    18
420
        0
370
    70
100
AcDbVertex
100
AcDb2dVertex
 10
44.48112403383838
 20
19.09425470220841
 30
0.0
  0
VERTEX
  5
1EA
330
1DB
100
AcDbEntity
  8
0
  6
Continuous
 62
    18
420
        0
370
    70
100
AcDbVertex
100
AcDb2dVertex
 10
44.72381013834243
 20
19.09425470220841
 30
0.0
  0
VERTEX
  5
1EB
330
1DB
100
AcDbEntity
  8
0
  6
Continuous
 62
    18
420
        0
370
    70
100
AcDbVertex
100
AcDb2dVertex
 10
44.72381013834241
 20
19.19425470220841
 30
0.0
  0
SEQEND
  5
1EC
330
1DB
100
AcDbEntity
  8
0
  6
Continuous
 62
    18
420
        0
370
    70
  0
POLYLINE
  5
1ED
330
1F
100
AcDbEntity
  8
0
  6
Continuous
 62
    18
420
        0
370
    70
100
AcDb2dPolyline
 66
     1
 10
0.0
 20
0.0
 30
0.0
 70
     1
  0
VERTEX
  5
1EE
330
1ED
100
AcDbEntity
  8
0
  6
Continuous
 62
    18
420
        0
370
    70
100
AcDbVertex
100
AcDb2dVertex
 10
43.08214786689109
 20
19.19425470220841
 30
0.0
  0
VERTEX
  5
1EF
330
1ED
100
AcDbEntity
  8
0
  6
Continuous
 62
    18
420
        0
370
    70
100
AcDbVertex
100
AcDb2dVertex
 10
43.08214786689107
 20
19.09422259734614
 30
0.0
  0
VERTEX
  5
1F0
330
1ED
100
AcDbEntity
  8
0
  6
Continuous
 62
    18
420
        0
370
    70
100
AcDbVertex
100
AcDb2dVertex
 10
40.04338690845721
 20
19.09414765254001
 30
0.0
  0
VERTEX
  5
1F1
330
1ED
100
AcDbEntity
  8
0
  6
Continuous
 62
    18
420
        0
370
    70
100
AcDbVertex
100
AcDb2dVertex
 10
40.04338690845721
 20
14.29781600803775
 30
0.0
  0
VERTEX
  5
1F2
330
1ED
100
AcDbEntity
  8
0
  6
Continuous
 62
    18
420
        0
370
    70
100
AcDbVertex
100
AcDb2dVertex
 10
43.07577305766685
 20
14.29781600803775
 30
0.0
  0
VERTEX
  5
1F3
330
1ED
100
AcDbEntity
  8
0
  6
Continuous
 62
    18
420
        0
370
    70
100
AcDbVertex
100
AcDb2dVertex
 10
43.07577305766685
 20
14.19781600803775
 30
0.0
  0
VERTEX
  5
1F4
330
1ED
100
AcDbEntity
  8
0
  6
Continuous
 62
    18
420
        0
370
    70
100
AcDbVertex
100
AcDb2dVertex
 10
39.94338690845721
 20
14.19781600803774
 30
0.0
  0
VERTEX
  5
1F5
330
1ED
100
AcDbEntity
  8
0
  6
Continuous
 62
    18
420
        0
370
    70
100
AcDbVertex
100
AcDb2dVertex
 10
39.94338690845721
 20
19.19425470220841
 30
0.0
  0
SEQEND
  5
1F6
330
1ED
100
AcDbEntity
  8
0
  6
Continuous
 62
    18
420
        0
370
    70
  0
POLYLINE
  5
1F7
330
1F
100
AcDbEntity
  8
0
  6
Continuous
 62
    18
420
        0
370
    70
100
AcDb2dPolyline
 66
     1
 10
0.0
 20
0.0
 30
0.0
 70
     1
  0
VERTEX
  5
1F8
330
1F7
100
AcDbEntity
  8
0
  6
Continuous
 62
    18
420
        0
370
    70
100
AcDbVertex
100
AcDb2dVertex
 10
36.75587952452737
 20
19.19425470220841
 30
0.0
  0
VERTEX
  5
1F9
330
1F7
100
AcDbEntity
  8
0
  6
Continuous
 62
    18
420
        0
370
    70
100
AcDbVertex
100
AcDb2dVertex
 10
37.20598779638563
 20
19.19425470220841
 30
0.0
  0
VERTEX
  5
1FA
330
1F7
100
AcDbEntity
  8
0
  6
Continuous
 62
    18
420
        0
370
    70
100
AcDbVertex
100
AcDb2dVertex
 10
37.20598779638563
 20
14.1973703196915
 30
0.0
  0
VERTEX
  5
1FB
330
1F7
100
AcDbEntity
  8
0
  6
Continuous
 62
    18
420
        0
370
    70
100
AcDbVertex
100
AcDb2dVertex
 10
36.75587952452739
 20
14.1973703196915
 30
0.0
  0
VERTEX
  5
1FC
330
1F7
100
AcDbEntity
  8
0
  6
Continuous
 62
    18
420
        0
370
    70
100
AcDbVertex
100
AcDb2dVertex
 10
36.75587952452737
 20
14.29737031969148
 30
0.0
  0
VERTEX
  5
1FD
330
1F7
100
AcDbEntity
  8
0
  6
Continuous
 62
    18
420
        0
370
    70
100
AcDbVertex
100
AcDb2dVertex
 10
37.10598779638563
 20
14.29737031969148
 30
0.0
  0
VERTEX
  5
1FE
330
1F7
100
AcDbEntity
  8
0
  6
Continuous
 62
    18
420
        0
370
    70
100
AcDbVertex
100
AcDb2dVertex
 10
37.10598779638563
 20
19.09425470220841
 30
0.0
  0
VERTEX
  5
1FF
330
1F7
100
AcDbEntity
  8
0
  6
Continuous
 62
    18
420
        0
370
    70
100
AcDbVertex
100
AcDb2dVertex
 10
36.75587952452739
 20
19.09425470220841
 30
0.0
  0
SEQEND
  5
200
330
1F7
100
AcDbEntity
  8
0
  6
Continuous
 62
    18
420
        0
370
    70
  0
POLYLINE
  5
201
330
1F
100
AcDbEntity
  8
0
  6
Continuous
 62
    18
420
        0
370
    70
100
AcDb2dPolyline
 66
     1
 10
0.0
 20
0.0
 30
0.0
 70
     1
  0
VERTEX
  5
202
330
201
100
AcDbEntity
  8
0
  6
Continuous
 62
    18
420
        0
370
    70
100
AcDbVertex
100
AcDb2dVertex
 10
23.95954213406835
 20
19.19425470220841
 30
0.0
  0
VERTEX
  5
203
330
201
100
AcDbEntity
  8
0
  6
Continuous
 62
    18
420
        0
370
    70
100
AcDbVertex
100
AcDb2dVertex
 10
23.95954213406835
 20
19.09425470220841
 30
0.0
  0
VERTEX
  5
204
330
201
100
AcDbEntity
  8
0
  6
Continuous
 62
    18
420
        0
370
    70
100
AcDbVertex
100
AcDb2dVertex
 10
23.43975936838075
 20
19.09425470220841
 30
0.0
  0
VERTEX
  5
205
330
201
100
AcDbEntity
  8
0
  6
Continuous
 62
    18
420
        0
370
    70
100
AcDbVertex
100
AcDb2dVertex
 10
23.43975936838075
 20
14.29737031969149
 30
0.0
  0
VERTEX
  5
206
330
201
100
AcDbEntity
  8
0
  6
Continuous
 62
    18
420
        0
370
    70
100
AcDbVertex
100
AcDb2dVertex
 10
31.65379259840127
 20
14.29737031969149
 30
0.0
  0
VERTEX
  5
207
330
201
100
AcDbEntity
  8
0
  6
Continuous
 62
    18
420
        0
370
    70
100
AcDbVertex
100
AcDb2dVertex
 10
31.65379259840127
 20
19.09425470220841
 30
0.0
  0
VERTEX
  5
208
330
201
100
AcDbEntity
  8
0
  6
Continuous
 62
    18
420
        0
370
    70
100
AcDbVertex
100
AcDb2dVertex
 10
30.17220880073506
 20
19.09425470220841
 30
0.0
  0
VERTEX
  5
209
330
201
100
AcDbEntity
  8
0
  6
Continuous
 62
    18
420
        0
370
    70
100
AcDbVertex
100
AcDb2dVertex
 10
30.17220880073502
 20
19.19425470220841
 30
0.0
  0
VERTEX
  5
20A
330
201
100
AcDbEntity
  8
0
  6
Continuous
 62
    18
420
        0
370
    70
100
AcDbVertex
100
AcDb2dVertex
 10
33.08537952452741
 20
19.19425470220841
 30
0.0
  0
VERTEX
  5
20B
330
201
100
AcDbEntity
  8
0
  6
Continuous
 62
    18
420
        0
370
    70
100
AcDbVertex
100
AcDb2dVertex
 10
33.08537952452738
 20
19.09425470220841
 30
0.0
  0
VERTEX
  5
20C
330
201
100
AcDbEntity
  8
0
  6
Continuous
 62
    18
420
        0
370
    70
100
AcDbVertex
100
AcDb2dVertex
 10
31.75379259840126
 20
19.09425470220841
 30
0.0
  0
VERTEX
  5
20D
330
201
100
AcDbEntity
  8
0
  6
Continuous
 62
    18
420
        0
370
    70
100
AcDbVertex
100
AcDb2dVertex
 10
31.75379259840126
 20
14.29737031969149
 30
0.0
  0
VERTEX
  5
20E
330
201
100
AcDbEntity
  8
0
  6
Continuous
 62
    18
420
        0
370
    70
100
AcDbVertex
100
AcDb2dVertex
 10
35.68887952452739
 20
14.29737031969148
 30
0.0
  0
VERTEX
  5
20F
330
201
100
AcDbEntity
  8
0
  6
Continuous
 62
    18
420
        0
370
    70
100
AcDbVertex
100
AcDb2dVertex
 10
35.68887952452739
 20
14.19737031969149
 30
0.0
  0
VERTEX
  5
210
330
201
100
AcDbEntity
  8
0
  6
Continuous
 62
    18
420
        0
370
    70
100
AcDbVertex
100
AcDb2dVertex
 10
23.33975936838075
 20
14.1973703196915
 30
0.0
  0
VERTEX
  5
211
330
201
100
AcDbEntity
  8
0
  6
Continuous
 62
    18
420
        0
370
    70
100
AcDbVertex
100
AcDb2dVertex
 10
23.33975936838075
 20
19.19425470220841
 30
0.0
  0
SEQEND
  5
212
330
201
100
AcDbEntity
  8
0
  6
Continuous
 62
    18
420
        0
370
    70
  0
POLYLINE
  5
213
330
1F
100
AcDbEntity
  8
0
  6
Continuous
 62
    18
420
        0
370
    70
100
AcDb2dPolyline
 66
     1
 10
0.0
 20
0.0
 30
0.0
 70
     1
  0
VERTEX
  5
214
330
213
100
AcDbEntity
  8
0
  6
Continuous
 62
    18
420
        0
370
    70
100
AcDbVertex
100
AcDb2dVertex
 10
26.90622685985667
 20
8.000743988288598
 30
0.0
  0
VERTEX
  5
215
330
213
100
AcDbEntity
  8
0
  6
Continuous
 62
    18
420
        0
370
    70
100
AcDbVertex
100
AcDb2dVertex
 10
31.61018109332571
 20
8.000743988288598
 30
0.0
  0
VERTEX
  5
216
330
213
100
AcDbEntity
  8
0
  6
Continuous
 62
    18
420
        0
370
    70
100
AcDbVertex
100
AcDb2dVertex
 10
31.61018109332571
 20
7.900743988288596
 30
0.0
  0
VERTEX
  5
217
330
213
100
AcDbEntity
  8
0
  6
Continuous
 62
    18
420
        0
370
    70
100
AcDbVertex
100
AcDb2dVertex
 10
26.90622685985667
 20
7.900743988288596
 30
0.0
  0
SEQEND
  5
218
330
213
100
AcDbEntity
  8
0
  6
Continuous
 62
    18
420
        0
370
    70
  0
POLYLINE
  5
219
330
1F
100
AcDbEntity
  8
0
  6
Continuous
 62
    18
420
        0
370
    70
100
AcDb2dPolyline
 66
     1
 10
0.0
 20
0.0
 30
0.0
 70
     1
  0
VERTEX
  5
21A
330
219
100
AcDbEntity
  8
0
  6
Continuous
 62
    18
420
        0
370
    70
100
AcDbVertex
100
AcDb2dVertex
 10
39.49741807034718
 20
7.900743988288593
 30
0.0
  0
VERTEX
  5
21B
330
219
100
AcDbEntity
  8
0
  6
Continuous
 62
    18
420
        0
370
    70
100
AcDbVertex
100
AcDb2dVertex
 10
39.49741807034719
 20
8.100743988288595
 30
0.0
  0
VERTEX
  5
21C
330
219
100
AcDbEntity
  8
0
  6
Continuous
 62
    18
420
        0
370
    70
100
AcDbVertex
100
AcDb2dVertex
 10
39.8433869084572
 20
8.100743988288595
 30
0.0
  0
VERTEX
  5
21D
330
219
100
AcDbEntity
  8
0
  6
Continuous
 62
    18
420
        0
370
    70
100
AcDbVertex
100
AcDb2dVertex
 10
39.8433869084572
 20
11.37564332339658
 30
0.0
  0
VERTEX
  5
21E
330
219
100
AcDbEntity
  8
0
  6
Continuous
 62
    18
420
        0
370
    70
100
AcDbVertex
100
AcDb2dVertex
 10
37.30598779638562
 20
11.37564332339658
 30
0.0
  0
VERTEX
  5
21F
330
219
100
AcDbEntity
  8
0
  6
Continuous
 62
    18
420
        0
370
    70
100
AcDbVertex
100
AcDb2dVertex
 10
37.30598779638562
 20
8.100743988288595
 30
0.0
  0
VERTEX
  5
220
330
219
100
AcDbEntity
  8
0
  6
Continuous
 62
    18
420
        0
370
    70
100
AcDbVertex
100
AcDb2dVertex
 10
37.68741807034717
 20
8.100743988288595
 30
0.0
  0
VERTEX
  5
221
330
219
100
AcDbEntity
  8
0
  6
Continuous
 62
    18
420
        0
370
    70
100
AcDbVertex
100
AcDb2dVertex
 10
37.68741807034717
 20
7.900743988288593
 30
0.0
  0
VERTEX
  5
222
330
219
100
AcDbEntity
  8
0
  6
Continuous
 62
    18
420
        0
370
    70
100
AcDbVertex
100
AcDb2dVertex
 10
33.42018109332572
 20
7.900743988288593
 30
0.0
  0
VERTEX
  5
223
330
219
100
AcDbEntity
  8
0
  6
Continuous
 62
    18
420
        0
370
    70
100
AcDbVertex
100
AcDb2dVertex
 10
33.42018109332571
 20
8.000743988288598
 30
0.0
  0
VERTEX
  5
224
330
219
100
AcDbEntity
  8
0
  6
Continuous
 62
    18
420
        0
370
    70
100
AcDbVertex
100
AcDb2dVertex
 10
37.10598779638563
 20
8.000743988288598
 30
0.0
  0
VERTEX
  5
225
330
219
100
AcDbEntity
  8
0
  6
Continuous
 62
    18
420
        0
370
    70
100
AcDbVertex
100
AcDb2dVertex
 10
37.10598779638563
 20
11.47564332339658
 30
0.0
  0
VERTEX
  5
226
330
219
100
AcDbEntity
  8
0
  6
Continuous
 62
    18
420
        0
370
    70
100
AcDbVertex
100
AcDb2dVertex
 10
23.43975936838075
 20
11.47564332339658
 30
0.0
  0
VERTEX
  5
227
330
219
100
AcDbEntity
  8
0
  6
Continuous
 62
    18
420
        0
370
    70
100
AcDbVertex
100
AcDb2dVertex
 10
23.43975936838075
 20
8.000743988288587
 30
0.0
  0
VERTEX
  5
228
330
219
100
AcDbEntity
  8
0
  6
Continuous
 62
    18
420
        0
370
    70
100
AcDbVertex
100
AcDb2dVertex
 10
25.09622685985666
 20
8.000743988288587
 30
0.0
  0
VERTEX
  5
229
330
219
100
AcDbEntity
  8
0
  6
Continuous
 62
    18
420
        0
370
    70
100
AcDbVertex
100
AcDb2dVertex
 10
25.09622685985666
 20
7.900743988288596
 30
0.0
  0
VERTEX
  5
22A
330
219
100
AcDbEntity
  8
0
  6
Continuous
 62
    18
420
        0
370
    70
100
AcDbVertex
100
AcDb2dVertex
 10
23.33975936838075
 20
7.900743988288596
 30
0.0
  0
VERTEX
  5
22B
330
219
100
AcDbEntity
  8
0
  6
Continuous
 62
    18
420
        0
370
    70
100
AcDbVertex
100
AcDb2dVertex
 10
23.33975936838075
 20
11.57564332339658
 30
0.0
  0
VERTEX
  5
22C
330
219
100
AcDbEntity
  8
0
  6
Continuous
 62
    18
420
        0
370
    70
100
AcDbVertex
100
AcDb2dVertex
 10
40.35881565129191
 20
11.57564332339658
 30
0.0
  0
VERTEX
  5
22D
330
219
100
AcDbEntity
  8
0
  6
Continuous
 62
    18
420
        0
370
    70
100
AcDbVertex
100
AcDb2dVertex
 10
40.35881565129188
 20
11.47564332339658
 30
0.0
  0
VERTEX
  5
22E
330
219
100
AcDbEntity
  8
0
  6
Continuous
 62
    18
420
        0
370
    70
100
AcDbVertex
100
AcDb2dVertex
 10
40.04338690845721
 20
11.47564332339658
 30
0.0
  0
VERTEX
  5
22F
330
219
100
AcDbEntity
  8
0
  6
Continuous
 62
    18
420
        0
370
    70
100
AcDbVertex
100
AcDb2dVertex
 10
40.04338690845721
 20
8.000743988288587
 30
0.0
  0
VERTEX
  5
230
330
219
100
AcDbEntity
  8
0
  6
Continuous
 62
    18
420
        0
370
    70
100
AcDbVertex
100
AcDb2dVertex
 10
44.37751778682166
 20
8.000743988288587
 30
0.0
  0
VERTEX
  5
231
330
219
100
AcDbEntity
  8
0
  6
Continuous
 62
    18
420
        0
370
    70
100
AcDbVertex
100
AcDb2dVertex
 10
44.37751778682166
 20
11.47564332339658
 30
0.0
  0
VERTEX
  5
232
330
219
100
AcDbEntity
  8
0
  6
Continuous
 62
    18
420
        0
370
    70
100
AcDbVertex
100
AcDb2dVertex
 10
41.42581565129187
 20
11.47564332339658
 30
0.0
  0
VERTEX
  5
233
330
219
100
AcDbEntity
  8
0
  6
Continuous
 62
    18
420
        0
370
    70
100
AcDbVertex
100
AcDb2dVertex
 10
41.42581565129188
 20
11.57564332339659
 30
0.0
  0
VERTEX
  5
234
330
219
100
AcDbEntity
  8
0
  6
Continuous
 62
    18
420
        0
370
    70
100
AcDbVertex
100
AcDb2dVertex
 10
44.77898422156241
 20
11.57564332339659
 30
0.0
  0
VERTEX
  5
235
330
219
100
AcDbEntity
  8
0
  6
Continuous
 62
    18
420
        0
370
    70
100
AcDbVertex
100
AcDb2dVertex
 10
44.7789842215624
 20
11.47564332339658
 30
0.0
  0
VERTEX
  5
236
330
219
100
AcDbEntity
  8
0
  6
Continuous
 62
    18
420
        0
370
    70
100
AcDbVertex
100
AcDb2dVertex
 10
44.47751778682165
 20
11.47564332339658
 30
0.0
  0
VERTEX
  5
237
330
219
100
AcDbEntity
  8
0
  6
Continuous
 62
    18
420
        0
370
    70
100
AcDbVertex
100
AcDb2dVertex
 10
44.47751778682165
 20
8.000743988288587
 30
0.0
  0
VERTEX
  5
238
330
219
100
AcDbEntity
  8
0
  6
Continuous
 62
    18
420
        0
370
    70
100
AcDbVertex
100
AcDb2dVertex
 10
49.34069836926768
 20
8.000743988288587
 30
0.0
  0
VERTEX
  5
239
330
219
100
AcDbEntity
  8
0
  6
Continuous
 62
    18
420
        0
370
    70
100
AcDbVertex
100
AcDb2dVertex
 10
49.34069836926768
 20
11.47564332339658
 30
0.0
  0
VERTEX
  5
23A
330
219
100
AcDbEntity
  8
0
  6
Continuous
 62
    18
420
        0
370
    70
100
AcDbVertex
100
AcDb2dVertex
 10
45.84598422156242
 20
11.47564332339658
 30
0.0
  0
VERTEX
  5
23B
330
219
100
AcDbEntity
  8
0
  6
Continuous
 62
    18
420
        0
370
    70
100
AcDbVertex
100
AcDb2dVertex
 10
45.84598422156244
 20
11.57564332339659
 30
0.0
  0
VERTEX
  5
23C
330
219
100
AcDbEntity
  8
0
  6
Continuous
 62
    18
420
        0
370
    70
100
AcDbVertex
100
AcDb2dVertex
 10
49.44069836926767
 20
11.57564332339659
 30
0.0
  0
VERTEX
  5
23D
330
219
100
AcDbEntity
  8
0
  6
Continuous
 62
    18
420
        0
370
    70
100
AcDbVertex
100
AcDb2dVertex
 10
49.44069836926767
 20
7.900743988288593
 30
0.0
  0
SEQEND
  5
23E
330
219
100
AcDbEntity
  8
0
  6
Continuous
 62
    18
420
        0
370
    70
  0
POLYLINE
  5
23F
330
1F
100
AcDbEntity
  8
0
  6
Continuous
 62
    18
420
        0
370
    25
100
AcDb2dPolyline
 66
     1
 10
0.0
 20
0.0
 30
0.0
  0
VERTEX
  5
240
330
23F
100
AcDbEntity
  8
0
  6
Continuous
 62
    18
420
        0
370
    25
100
AcDbVertex
100
AcDb2dVertex
 10
45.79081013834241
 20
19.19425470220841
 30
0.0
  0
VERTEX
  5
241
330
23F
100
AcDbEntity
  8
0
  6
Continuous
 62
    18
420
        0
370
    25
100
AcDbVertex
100
AcDb2dVertex
 10
45.79081013834242
 20
19.09425470220841
 30
0.0
  0
SEQEND
  5
242
330
23F
100
AcDbEntity
  8
0
  6
Continuous
 62
    18
420
        0
370
    25
  0
POLYLINE
  5
243
330
1F
100
AcDbEntity
  8
0
  6
Continuous
 62
    18
420
        0
370
    25
100
AcDb2dPolyline
 66
     1
 10
0.0
 20
0.0
 30
0.0
  0
VERTEX
  5
244
330
243
100
AcDbEntity
  8
0
  6
Continuous
 62
    18
420
        0
370
    25
100
AcDbVertex
100
AcDb2dVertex
 10
44.72381013834241
 20
19.19425470220841
 30
0.0
  0
VERTEX
  5
245
330
243
100
AcDbEntity
  8
0
  6
Continuous
 62
    18
420
        0
370
    25
100
AcDbVertex
100
AcDb2dVertex
 10
44.72381013834243
 20
19.09425470220841
 30
0.0
  0
SEQEND
  5
246
330
243
100
AcDbEntity
  8
0
  6
Continuous
 62
    18
420
        0
370
    25
  0
POLYLINE
  5
247
330
1F
100
AcDbEntity
  8
0
  6
Continuous
 62
    18
420
        0
370
    25
100
AcDb2dPolyline
 66
     1
 10
0.0
 20
0.0
 30
0.0
  0
VERTEX
  5
248
330
247
100
AcDbEntity
  8
0
  6
Continuous
 62
    18
420
        0
370
    25
100
AcDbVertex
100
AcDb2dVertex
 10
44.14914786689108
 20
19.19425470220841
 30
0.0
  0
VERTEX
  5
249
330
247
100
AcDbEntity
  8
0
  6
Continuous
 62
    18
420
        0
370
    25
100
AcDbVertex
100
AcDb2dVertex
 10
44.14914786689106
 20
19.09424891271257
 30
0.0
  0
SEQEND
  5
24A
330
247
100
AcDbEntity
  8
0
  6
Continuous
 62
    18
420
        0
370
    25
  0
POLYLINE
  5
24B
330
1F
100
AcDbEntity
  8
0
  6
Continuous
 62
    18
420
        0
370
    25
100
AcDb2dPolyline
 66
     1
 10
0.0
 20
0.0
 30
0.0
  0
VERTEX
  5
24C
330
24B
100
AcDbEntity
  8
0
  6
Continuous
 62
    18
420
        0
370
    25
100
AcDbVertex
100
AcDb2dVertex
 10
43.08214786689109
 20
19.19425470220841
 30
0.0
  0
VERTEX
  5
24D
330
24B
100
AcDbEntity
  8
0
  6
Continuous
 62
    18
420
        0
370
    25
100
AcDbVertex
100
AcDb2dVertex
 10
43.08214786689107
 20
19.09422259734614
 30
0.0
  0
SEQEND
  5
24E
330
24B
100
AcDbEntity
  8
0
  6
Continuous
 62
    18
420
        0
370
    25
  0
POLYLINE
  5
24F
330
1F
100
AcDbEntity
  8
0
  6
Continuous
 62
    18
420
        0
370
    25
100
AcDb2dPolyline
 66
     1
 10
0.0
 20
0.0
 30
0.0
  0
VERTEX
  5
250
330
24F
100
AcDbEntity
  8
0
  6
Continuous
 62
    18
420
        0
370
    25
100
AcDbVertex
100
AcDb2dVertex
 10
35.68887952452739
 20
14.29737031969148
 30
0.0
  0
VERTEX
  5
251
330
24F
100
AcDbEntity
  8
0
  6
Continuous
 62
    18
420
        0
370
    25
100
AcDbVertex
100
AcDb2dVertex
 10
35.68887952452739
 20
14.19737031969149
 30
0.0
  0
SEQEND
  5
252
330
24F
100
AcDbEntity
  8
0
  6
Continuous
 62
    18
420
        0
370
    25
  0
POLYLINE
  5
253
330
1F
100
AcDbEntity
  8
0
  6
Continuous
 62
    18
420
        0
370
    25
100
AcDb2dPolyline
 66
     1
 10
0.0
 20
0.0
 30
0.0
  0
VERTEX
  5
254
330
253
100
AcDbEntity
  8
0
  6
Continuous
 62
    18
420
        0
370
    25
100
AcDbVertex
100
AcDb2dVertex
 10
36.75587952452737
 20
14.29737031969148
 30
0.0
  0
VERTEX
  5
255
330
253
100
AcDbEntity
  8
0
  6
Continuous
 62
    18
420
        0
370
    25
100
AcDbVertex
100
AcDb2dVertex
 10
36.75587952452739
 20
14.1973703196915
 30
0.0
  0
SEQEND
  5
256
330
253
100
AcDbEntity
  8
0
  6
Continuous
 62
    18
420
        0
370
    25
  0
POLYLINE
  5
257
330
1F
100
AcDbEntity
  8
0
  6
Continuous
 62
    18
420
        0
370
    25
100
AcDb2dPolyline
 66
     1
 10
0.0
 20
0.0
 30
0.0
  0
VERTEX
  5
258
330
257
100
AcDbEntity
  8
0
  6
Continuous
 62
    18
420
        0
370
    25
100
AcDbVertex
100
AcDb2dVertex
 10
36.75587952452737
 20
19.19425470220841
 30
0.0
  0
VERTEX
  5
259
330
257
100
AcDbEntity
  8
0
  6
Continuous
 62
    18
420
        0
370
    25
100
AcDbVertex
100
AcDb2dVertex
 10
36.75587952452739
 20
19.09425470220841
 30
0.0
  0
SEQEND
  5
25A
330
257
100
AcDbEntity
  8
0
  6
Continuous
 62
    18
420
        0
370
    25
  0
POLYLINE
  5
25B
330
1F
100
AcDbEntity
  8
0
  6
Continuous
 62
    18
420
        0
370
    70
100
AcDb2dPolyline
 66
     1
 10
0.0
 20
0.0
 30
0.0
 70
     1
  0
VERTEX
  5
25C
330
25B
100
AcDbEntity
  8
0
  6
Continuous
 62
    18
420
        0
370
    70
100
AcDbVertex
100
AcDb2dVertex
 10
6.736784146053354
 20
28.55326464550761
 30
0.0
  0
VERTEX
  5
25D
330
25B
100
AcDbEntity
  8
0
  6
Continuous
 62
    18
420
        0
370
    70
100
AcDbVertex
100
AcDb2dVertex
 10
12.42483445286156
 20
28.55326464550761
 30
0.0
  0
VERTEX
  5
25E
330
25B
100
AcDbEntity
  8
0
  6
Continuous
 62
    18
420
        0
370
    70
100
AcDbVertex
100
AcDb2dVertex
 10
12.42483445286355
 20
25.9722890503546
 30
0.0
  0
VERTEX
  5
25F
330
25B
100
AcDbEntity
  8
0
  6
Continuous
 62
    18
420
        0
370
    70
100
AcDbVertex
100
AcDb2dVertex
 10
12.52483445286153
 20
25.97228905035458
 30
0.0
  0
VERTEX
  5
260
330
25B
100
AcDbEntity
  8
0
  6
Continuous
 62
    18
420
        0
370
    70
100
AcDbVertex
100
AcDb2dVertex
 10
12.52483445286153
 20
28.55326464550761
 30
0.0
  0
VERTEX
  5
261
330
25B
100
AcDbEntity
  8
0
  6
Continuous
 62
    18
420
        0
370
    70
100
AcDbVertex
100
AcDb2dVertex
 10
15.10619833434636
 20
28.55326464550761
 30
0.0
  0
VERTEX
  5
262
330
25B
100
AcDbEntity
  8
0
  6
Continuous
 62
    18
420
        0
370
    70
100
AcDbVertex
100
AcDb2dVertex
 10
15.10619833434636
 20
22.41163474850162
 30
0.0
  0
VERTEX
  5
263
330
25B
100
AcDbEntity
  8
0
  6
Continuous
 62
    18
420
        0
370
    70
100
AcDbVertex
100
AcDb2dVertex
 10
16.69526440129017
 20
22.41163474850162
 30
0.0
  0
VERTEX
  5
264
330
25B
100
AcDbEntity
  8
0
  6
Continuous
 62
    18
420
        0
370
    70
100
AcDbVertex
100
AcDb2dVertex
 10
16.69526440129017
 20
22.51418789493837
 30
0.0
  0
VERTEX
  5
265
330
25B
100
AcDbEntity
  8
0
  6
Continuous
 62
    18
420
        0
370
    70
100
AcDbVertex
100
AcDb2dVertex
 10
15.20583497451449
 20
22.51418789493837
 30
0.0
  0
VERTEX
  5
266
330
25B
100
AcDbEntity
  8
0
  6
Continuous
 62
    18
420
        0
370
    70
100
AcDbVertex
100
AcDb2dVertex
 10
15.20583497451449
 20
28.55581779194436
 30
0.0
  0
VERTEX
  5
267
330
25B
100
AcDbEntity
  8
0
  6
Continuous
 62
    18
420
        0
370
    70
100
AcDbVertex
100
AcDb2dVertex
 10
17.94757744899194
 20
28.55581779194436
 30
0.0
  0
VERTEX
  5
268
330
25B
100
AcDbEntity
  8
0
  6
Continuous
 62
    18
420
        0
370
    70
100
AcDbVertex
100
AcDb2dVertex
 10
17.94757744899194
 20
22.51418789493837
 30
0.0
  0
VERTEX
  5
269
330
25B
100
AcDbEntity
  8
0
  6
Continuous
 62
    18
420
        0
370
    70
100
AcDbVertex
100
AcDb2dVertex
 10
17.76226440129014
 20
22.51418789493837
 30
0.0
  0
VERTEX
  5
26A
330
25B
100
AcDbEntity
  8
0
  6
Continuous
 62
    18
420
        0
370
    70
100
AcDbVertex
100
AcDb2dVertex
 10
17.76226440129015
 20
22.41163474850162
 30
0.0
  0
VERTEX
  5
26B
330
25B
100
AcDbEntity
  8
0
  6
Continuous
 62
    18
420
        0
370
    70
100
AcDbVertex
100
AcDb2dVertex
 10
18.2465840811805
 20
22.41163474850162
 30
0.0
  0
VERTEX
  5
26C
330
25B
100
AcDbEntity
  8
0
  6
Continuous
 62
    18
420
        0
370
    70
100
AcDbVertex
100
AcDb2dVertex
 10
18.24658408118053
 20
22.51418789493837
 30
0.0
  0
VERTEX
  5
26D
330
25B
100
AcDbEntity
  8
0
  6
Continuous
 62
    18
420
        0
370
    70
100
AcDbVertex
100
AcDb2dVertex
 10
18.04757744899194
 20
22.51418789493837
 30
0.0
  0
VERTEX
  5
26E
330
25B
100
AcDbEntity
  8
0
  6
Continuous
 62
    18
420
        0
370
    70
100
AcDbVertex
100
AcDb2dVertex
 10
18.04757744899194
 20
28.55581779194436
 30
0.0
  0
VERTEX
  5
26F
330
25B
100
AcDbEntity
  8
0
  6
Continuous
 62
    18
420
        0
370
    70
100
AcDbVertex
100
AcDb2dVertex
 10
20.78931992346939
 20
28.55581779194436
 30
0.0
  0
VERTEX
  5
270
330
25B
100
AcDbEntity
  8
0
  6
Continuous
 62
    18
420
        0
370
    70
100
AcDbVertex
100
AcDb2dVertex
 10
20.78931992346939
 20
22.51418789493837
 30
0.0
  0
VERTEX
  5
271
330
25B
100
AcDbEntity
  8
0
  6
Continuous
 62
    18
420
        0
370
    70
100
AcDbVertex
100
AcDb2dVertex
 10
19.3135840811805
 20
22.51418789493837
 30
0.0
  0
VERTEX
  5
272
330
25B
100
AcDbEntity
  8
0
  6
Continuous
 62
    18
420
        0
370
    70
100
AcDbVertex
100
AcDb2dVertex
 10
19.31358408118055
 20
22.41163474850162
 30
0.0
  0
VERTEX
  5
273
330
25B
100
AcDbEntity
  8
0
  6
Continuous
 62
    18
420
        0
370
    70
100
AcDbVertex
100
AcDb2dVertex
 10
20.88968328330128
 20
22.41163474850162
 30
0.0
  0
VERTEX
  5
274
330
25B
100
AcDbEntity
  8
0
  6
Continuous
 62
    18
420
        0
370
    70
100
AcDbVertex
100
AcDb2dVertex
 10
20.88968328330128
 20
28.55326464550761
 30
0.0
  0
VERTEX
  5
275
330
25B
100
AcDbEntity
  8
0
  6
Continuous
 62
    18
420
        0
370
    70
100
AcDbVertex
100
AcDb2dVertex
 10
31.6897969144336
 20
28.55326464550761
 30
0.0
  0
VERTEX
  5
276
330
25B
100
AcDbEntity
  8
0
  6
Continuous
 62
    18
420
        0
370
    70
100
AcDbVertex
100
AcDb2dVertex
 10
31.6897969144336
 20
22.41163474850162
 30
0.0
  0
VERTEX
  5
277
330
25B
100
AcDbEntity
  8
0
  6
Continuous
 62
    18
420
        0
370
    70
100
AcDbVertex
100
AcDb2dVertex
 10
33.21290870413564
 20
22.41163474850162
 30
0.0
  0
VERTEX
  5
278
330
25B
100
AcDbEntity
  8
0
  6
Continuous
 62
    18
420
        0
370
    70
100
AcDbVertex
100
AcDb2dVertex
 10
33.21290870413564
 20
22.51163474850162
 30
0.0
  0
VERTEX
  5
279
330
25B
100
AcDbEntity
  8
0
  6
Continuous
 62
    18
420
        0
370
    70
100
AcDbVertex
100
AcDb2dVertex
 10
31.78979691443358
 20
22.51163474850162
 30
0.0
  0
VERTEX
  5
27A
330
25B
100
AcDbEntity
  8
0
  6
Continuous
 62
    18
420
        0
370
    70
100
AcDbVertex
100
AcDb2dVertex
 10
31.78979691443358
 20
28.55326464550761
 30
0.0
  0
VERTEX
  5
27B
330
25B
100
AcDbEntity
  8
0
  6
Continuous
 62
    18
420
        0
370
    70
100
AcDbVertex
100
AcDb2dVertex
 10
34.42687819273342
 20
28.55326464550761
 30
0.0
  0
VERTEX
  5
27C
330
25B
100
AcDbEntity
  8
0
  6
Continuous
 62
    18
420
        0
370
    70
100
AcDbVertex
100
AcDb2dVertex
 10
34.42687819273342
 20
22.51163474850162
 30
0.0
  0
VERTEX
  5
27D
330
25B
100
AcDbEntity
  8
0
  6
Continuous
 62
    18
420
        0
370
    70
100
AcDbVertex
100
AcDb2dVertex
 10
34.27990870413562
 20
22.51163474850162
 30
0.0
  0
VERTEX
  5
27E
330
25B
100
AcDbEntity
  8
0
  6
Continuous
 62
    18
420
        0
370
    70
100
AcDbVertex
100
AcDb2dVertex
 10
34.27990870413566
 20
22.41163474850162
 30
0.0
  0
VERTEX
  5
27F
330
25B
100
AcDbEntity
  8
0
  6
Continuous
 62
    18
420
        0
370
    70
100
AcDbVertex
100
AcDb2dVertex
 10
34.68535174554739
 20
22.41163474850162
 30
0.0
  0
VERTEX
  5
280
330
25B
100
AcDbEntity
  8
0
  6
Continuous
 62
    18
420
        0
370
    70
100
AcDbVertex
100
AcDb2dVertex
 10
34.68535174554739
 20
22.51163474850162
 30
0.0
  0
VERTEX
  5
281
330
25B
100
AcDbEntity
  8
0
  6
Continuous
 62
    18
420
        0
370
    70
100
AcDbVertex
100
AcDb2dVertex
 10
34.52687819273342
 20
22.51163474850162
 30
0.0
  0
VERTEX
  5
282
330
25B
100
AcDbEntity
  8
0
  6
Continuous
 62
    18
420
        0
370
    70
100
AcDbVertex
100
AcDb2dVertex
 10
34.52687819273342
 20
28.55326464550761
 30
0.0
  0
VERTEX
  5
283
330
25B
100
AcDbEntity
  8
0
  6
Continuous
 62
    18
420
        0
370
    70
100
AcDbVertex
100
AcDb2dVertex
 10
37.16395947103326
 20
28.55326464550761
 30
0.0
  0
VERTEX
  5
284
330
25B
100
AcDbEntity
  8
0
  6
Continuous
 62
    18
420
        0
370
    70
100
AcDbVertex
100
AcDb2dVertex
 10
37.16395947103326
 20
22.51163474850162
 30
0.0
  0
VERTEX
  5
285
330
25B
100
AcDbEntity
  8
0
  6
Continuous
 62
    18
420
        0
370
    70
100
AcDbVertex
100
AcDb2dVertex
 10
35.75235174554739
 20
22.51163474850162
 30
0.0
  0
VERTEX
  5
286
330
25B
100
AcDbEntity
  8
0
  6
Continuous
 62
    18
420
        0
370
    70
100
AcDbVertex
100
AcDb2dVertex
 10
35.75235174554738
 20
22.41163474850162
 30
0.0
  0
VERTEX
  5
287
330
25B
100
AcDbEntity
  8
0
  6
Continuous
 62
    18
420
        0
370
    70
100
AcDbVertex
100
AcDb2dVertex
 10
37.26395947103326
 20
22.41163474850162
 30
0.0
  0
VERTEX
  5
288
330
25B
100
AcDbEntity
  8
0
  6
Continuous
 62
    18
420
        0
370
    70
100
AcDbVertex
100
AcDb2dVertex
 10
37.26395947103326
 20
28.5532646455076
 30
0.0
  0
VERTEX
  5
289
330
25B
100
AcDbEntity
  8
0
  6
Continuous
 62
    18
420
        0
370
    70
100
AcDbVertex
100
AcDb2dVertex
 10
50.79746541843227
 20
28.55326464550761
 30
0.0
  0
VERTEX
  5
28A
330
25B
100
AcDbEntity
  8
0
  6
Continuous
 62
    18
420
        0
370
    70
100
AcDbVertex
100
AcDb2dVertex
 10
50.79746541843227
 20
22.41163474850162
 30
0.0
  0
VERTEX
  5
28B
330
25B
100
AcDbEntity
  8
0
  6
Continuous
 62
    18
420
        0
370
    70
100
AcDbVertex
100
AcDb2dVertex
 10
52.27677822207562
 20
22.41163474850162
 30
0.0
  0
VERTEX
  5
28C
330
25B
100
AcDbEntity
  8
0
  6
Continuous
 62
    18
420
        0
370
    70
100
AcDbVertex
100
AcDb2dVertex
 10
52.27677822207562
 20
22.51163474850162
 30
0.0
  0
VERTEX
  5
28D
330
25B
100
AcDbEntity
  8
0
  6
Continuous
 62
    18
420
        0
370
    70
100
AcDbVertex
100
AcDb2dVertex
 10
50.89694727560288
 20
22.51163474850162
 30
0.0
  0
VERTEX
  5
28E
330
25B
100
AcDbEntity
  8
0
  6
Continuous
 62
    18
420
        0
370
    70
100
AcDbVertex
100
AcDb2dVertex
 10
50.89694727560288
 20
28.55326464550761
 30
0.0
  0
VERTEX
  5
28F
330
25B
100
AcDbEntity
  8
0
  6
Continuous
 62
    18
420
        0
370
    70
100
AcDbVertex
100
AcDb2dVertex
 10
53.53969538884746
 20
28.55326464550761
 30
0.0
  0
VERTEX
  5
290
330
25B
100
AcDbEntity
  8
0
  6
Continuous
 62
    18
420
        0
370
    70
100
AcDbVertex
100
AcDb2dVertex
 10
53.53969538884744
 20
22.51163474850162
 30
0.0
  0
VERTEX
  5
291
330
25B
100
AcDbEntity
  8
0
  6
Continuous
 62
    18
420
        0
370
    70
100
AcDbVertex
100
AcDb2dVertex
 10
53.34377822207561
 20
22.51163474850162
 30
0.0
  0
VERTEX
  5
292
330
25B
100
AcDbEntity
  8
0
  6
Continuous
 62
    18
420
        0
370
    70
100
AcDbVertex
100
AcDb2dVertex
 10
53.34377822207562
 20
22.41163474850162
 30
0.0
  0
VERTEX
  5
293
330
25B
100
AcDbEntity
  8
0
  6
Continuous
 62
    18
420
        0
370
    70
100
AcDbVertex
100
AcDb2dVertex
 10
53.83244630495849
 20
22.41163474850162
 30
0.0
  0
VERTEX
  5
294
330
25B
100
AcDbEntity
  8
0
  6
Continuous
 62
    18
420
        0
370
    70
100
AcDbVertex
100
AcDb2dVertex
 10
53.83244630495849
 20
22.51163474850163
 30
0.0
  0
VERTEX
  5
295
330
25B
100
AcDbEntity
  8
0
  6
Continuous
 62
    18
420
        0
370
    70
100
AcDbVertex
100
AcDb2dVertex
 10
53.63969538884744
 20
22.51163474850162
 30
0.0
  0
VERTEX
  5
296
330
25B
100
AcDbEntity
  8
0
  6
Continuous
 62
    18
420
        0
370
    70
100
AcDbVertex
100
AcDb2dVertex
 10
53.63969538884744
 20
28.55326464550761
 30
0.0
  0
VERTEX
  5
297
330
25B
100
AcDbEntity
  8
0
  6
Continuous
 62
    18
420
        0
370
    70
100
AcDbVertex
100
AcDb2dVertex
 10
56.282443502092
 20
28.55326464550761
 30
0.0
  0
VERTEX
  5
298
330
25B
100
AcDbEntity
  8
0
  6
Continuous
 62
    18
420
        0
370
    70
100
AcDbVertex
100
AcDb2dVertex
 10
56.282443502092
 20
22.51163474850162
 30
0.0
  0
VERTEX
  5
299
330
25B
100
AcDbEntity
  8
0
  6
Continuous
 62
    18
420
        0
370
    70
100
AcDbVertex
100
AcDb2dVertex
 10
54.8994463049585
 20
22.51163474850162
 30
0.0
  0
VERTEX
  5
29A
330
25B
100
AcDbEntity
  8
0
  6
Continuous
 62
    18
420
        0
370
    70
100
AcDbVertex
100
AcDb2dVertex
 10
54.89944630495847
 20
22.41163474850162
 30
0.0
  0
VERTEX
  5
29B
330
25B
100
AcDbEntity
  8
0
  6
Continuous
 62
    18
420
        0
370
    70
100
AcDbVertex
100
AcDb2dVertex
 10
56.38296164492138
 20
22.41163474850162
 30
0.0
  0
VERTEX
  5
29C
330
25B
100
AcDbEntity
  8
0
  6
Continuous
 62
    18
420
        0
370
    70
100
AcDbVertex
100
AcDb2dVertex
 10
56.38296164492138
 20
28.55326464550761
 30
0.0
  0
VERTEX
  5
29D
330
25B
100
AcDbEntity
  8
0
  6
Continuous
 62
    18
420
        0
370
    70
100
AcDbVertex
100
AcDb2dVertex
 10
58.95621398120761
 20
28.55326464550761
 30
0.0
  0
VERTEX
  5
29E
330
25B
100
AcDbEntity
  8
0
  6
Continuous
 62
    18
420
        0
370
    70
100
AcDbVertex
100
AcDb2dVertex
 10
58.95621398120759
 20
25.97503834776246
 30
0.0
  0
VERTEX
  5
29F
330
25B
100
AcDbEntity
  8
0
  6
Continuous
 62
    18
420
        0
370
    70
100
AcDbVertex
100
AcDb2dVertex
 10
59.05621398120763
 20
25.97503834776245
 30
0.0
  0
VERTEX
  5
2A0
330
25B
100
AcDbEntity
  8
0
  6
Continuous
 62
    18
420
        0
370
    70
100
AcDbVertex
100
AcDb2dVertex
 10
59.05621398120763
 20
28.55326464550761
 30
0.0
  0
VERTEX
  5
2A1
330
25B
100
AcDbEntity
  8
0
  6
Continuous
 62
    18
420
        0
370
    70
100
AcDbVertex
100
AcDb2dVertex
 10
64.6050756873039
 20
28.55326464550761
 30
0.0
  0
VERTEX
  5
2A2
330
25B
100
AcDbEntity
  8
0
  6
Continuous
 62
    18
420
        0
370
    70
100
AcDbVertex
100
AcDb2dVertex
 10
64.6050756873039
 20
24.6182865155731
 30
0.0
  0
VERTEX
  5
2A3
330
25B
100
AcDbEntity
  8
0
  6
Continuous
 62
    18
420
        0
370
    70
100
AcDbVertex
100
AcDb2dVertex
 10
59.05621398120763
 20
24.6182865155731
 30
0.0
  0
VERTEX
  5
2A4
330
25B
100
AcDbEntity
  8
0
  6
Continuous
 62
    18
420
        0
370
    70
100
AcDbVertex
100
AcDb2dVertex
 10
59.05621398120763
 20
24.90803834776244
 30
0.0
  0
VERTEX
  5
2A5
330
25B
100
AcDbEntity
  8
0
  6
Continuous
 62
    18
420
        0
370
    70
100
AcDbVertex
100
AcDb2dVertex
 10
58.95621398120761
 20
24.90803834776244
 30
0.0
  0
VERTEX
  5
2A6
330
25B
100
AcDbEntity
  8
0
  6
Continuous
 62
    18
420
        0
370
    70
100
AcDbVertex
100
AcDb2dVertex
 10
58.95621398120761
 20
20.48152890883295
 30
0.0
  0
VERTEX
  5
2A7
330
25B
100
AcDbEntity
  8
0
  6
Continuous
 62
    18
420
        0
370
    70
100
AcDbVertex
100
AcDb2dVertex
 10
59.05621398120763
 20
20.48152890883296
 30
0.0
  0
VERTEX
  5
2A8
330
25B
100
AcDbEntity
  8
0
  6
Continuous
 62
    18
420
        0
370
    70
100
AcDbVertex
100
AcDb2dVertex
 10
59.05621398120763
 20
24.5182865155731
 30
0.0
  0
VERTEX
  5
2A9
330
25B
100
AcDbEntity
  8
0
  6
Continuous
 62
    18
420
        0
370
    70
100
AcDbVertex
100
AcDb2dVertex
 10
64.6050756873039
 20
24.5182865155731
 30
0.0
  0
VERTEX
  5
2AA
330
25B
100
AcDbEntity
  8
0
  6
Continuous
 62
    18
420
        0
370
    70
100
AcDbVertex
100
AcDb2dVertex
 10
64.60507568730391
 20
19.13762720800066
 30
0.0
  0
VERTEX
  5
2AB
330
25B
100
AcDbEntity
  8
0
  6
Continuous
 62
    18
420
        0
370
    70
100
AcDbVertex
100
AcDb2dVertex
 10
59.05621398120763
 20
19.13762720800066
 30
0.0
  0
VERTEX
  5
2AC
330
25B
100
AcDbEntity
  8
0
  6
Continuous
 62
    18
420
        0
370
    70
100
AcDbVertex
100
AcDb2dVertex
 10
59.05621398120763
 20
19.41452890883297
 30
0.0
  0
VERTEX
  5
2AD
330
25B
100
AcDbEntity
  8
0
  6
Continuous
 62
    18
420
        0
370
    70
100
AcDbVertex
100
AcDb2dVertex
 10
58.95621398120761
 20
19.41452890883295
 30
0.0
  0
VERTEX
  5
2AE
330
25B
100
AcDbEntity
  8
0
  6
Continuous
 62
    18
420
        0
370
    70
100
AcDbVertex
100
AcDb2dVertex
 10
58.95621398120761
 20
15.04447529484361
 30
0.0
  0
VERTEX
  5
2AF
330
25B
100
AcDbEntity
  8
0
  6
Continuous
 62
    18
420
        0
370
    70
100
AcDbVertex
100
AcDb2dVertex
 10
59.05621398120763
 20
15.04447529484361
 30
0.0
  0
VERTEX
  5
2B0
330
25B
100
AcDbEntity
  8
0
  6
Continuous
 62
    18
420
        0
370
    70
100
AcDbVertex
100
AcDb2dVertex
 10
59.05621398120763
 20
19.03762720800066
 30
0.0
  0
VERTEX
  5
2B1
330
25B
100
AcDbEntity
  8
0
  6
Continuous
 62
    18
420
        0
370
    70
100
AcDbVertex
100
AcDb2dVertex
 10
64.6050756873039
 20
19.03762720800066
 30
0.0
  0
VERTEX
  5
2B2
330
25B
100
AcDbEntity
  8
0
  6
Continuous
 62
    18
420
        0
370
    70
100
AcDbVertex
100
AcDb2dVertex
 10
64.60507568730391
 20
13.67181452912054
 30
0.0
  0
VERTEX
  5
2B3
330
25B
100
AcDbEntity
  8
0
  6
Continuous
 62
    18
420
        0
370
    70
100
AcDbVertex
100
AcDb2dVertex
 10
59.05621398120763
 20
13.67181452912054
 30
0.0
  0
VERTEX
  5
2B4
330
25B
100
AcDbEntity
  8
0
  6
Continuous
 62
    18
420
        0
370
    70
100
AcDbVertex
100
AcDb2dVertex
 10
59.05621398120763
 20
13.97747529484361
 30
0.0
  0
VERTEX
  5
2B5
330
25B
100
AcDbEntity
  8
0
  6
Continuous
 62
    18
420
        0
370
    70
100
AcDbVertex
100
AcDb2dVertex
 10
58.95621398120762
 20
13.97747529484361
 30
0.0
  0
VERTEX
  5
2B6
330
25B
100
AcDbEntity
  8
0
  6
Continuous
 62
    18
420
        0
370
    70
100
AcDbVertex
100
AcDb2dVertex
 10
58.95621398120762
 20
9.455194036354442
 30
0.0
  0
VERTEX
  5
2B7
330
25B
100
AcDbEntity
  8
0
  6
Continuous
 62
    18
420
        0
370
    70
100
AcDbVertex
100
AcDb2dVertex
 10
59.05621398120763
 20
9.455194036354438
 30
0.0
  0
VERTEX
  5
2B8
330
25B
100
AcDbEntity
  8
0
  6
Continuous
 62
    18
420
        0
370
    70
100
AcDbVertex
100
AcDb2dVertex
 10
59.05621398120763
 20
13.57181452912055
 30
0.0
  0
VERTEX
  5
2B9
330
25B
100
AcDbEntity
  8
0
  6
Continuous
 62
    18
420
        0
370
    70
100
AcDbVertex
100
AcDb2dVertex
 10
64.6050756873039
 20
13.57181452912055
 30
0.0
  0
VERTEX
  5
2BA
330
25B
100
AcDbEntity
  8
0
  6
Continuous
 62
    18
420
        0
370
    70
100
AcDbVertex
100
AcDb2dVertex
 10
64.6050756873039
 20
8.099467415070212
 30
0.0
  0
VERTEX
  5
2BB
330
25B
100
AcDbEntity
  8
0
  6
Continuous
 62
    18
420
        0
370
    70
100
AcDbVertex
100
AcDb2dVertex
 10
59.05621398120763
 20
8.099467415070212
 30
0.0
  0
VERTEX
  5
2BC
330
25B
100
AcDbEntity
  8
0
  6
Continuous
 62
    18
420
        0
370
    70
100
AcDbVertex
100
AcDb2dVertex
 10
59.05621398120763
 20
8.388194036354438
 30
0.0
  0
VERTEX
  5
2BD
330
25B
100
AcDbEntity
  8
0
  6
Continuous
 62
    18
420
        0
370
    70
100
AcDbVertex
100
AcDb2dVertex
 10
58.95621398120764
 20
8.388194036354435
 30
0.0
  0
VERTEX
  5
2BE
330
25B
100
AcDbEntity
  8
0
  6
Continuous
 62
    18
420
        0
370
    70
100
AcDbVertex
100
AcDb2dVertex
 10
58.95621398120762
 20
7.89946741507022
 30
0.0
  0
VERTEX
  5
2BF
330
25B
100
AcDbEntity
  8
0
  6
Continuous
 62
    18
420
        0
370
    70
100
AcDbVertex
100
AcDb2dVertex
 10
64.6050756873039
 20
7.89946741507022
 30
0.0
  0
VERTEX
  5
2C0
330
25B
100
AcDbEntity
  8
0
  6
Continuous
 62
    18
420
        0
370
    70
100
AcDbVertex
100
AcDb2dVertex
 10
64.6050756873039
 20
0.0211666666666659
 30
0.0
  0
VERTEX
  5
2C1
330
25B
100
AcDbEntity
  8
0
  6
Continuous
 62
    18
420
        0
370
    70
100
AcDbVertex
100
AcDb2dVertex
 10
49.44162828594633
 20
0.0211666666666659
 30
0.0
  0
VERTEX
  5
2C2
330
25B
100
AcDbEntity
  8
0
  6
Continuous
 62
    18
420
        0
370
    70
100
AcDbVertex
100
AcDb2dVertex
 10
49.44162828594631
 20
5.839315029633219
 30
0.0
  0
VERTEX
  5
2C3
330
25B
100
AcDbEntity
  8
0
  6
Continuous
 62
    18
420
        0
370
    70
100
AcDbVertex
100
AcDb2dVertex
 10
45.27069164201373
 20
5.839356001756663
 30
0.0
  0
VERTEX
  5
2C4
330
25B
100
AcDbEntity
  8
0
  6
Continuous
 62
    18
420
        0
370
    70
100
AcDbVertex
100
AcDb2dVertex
 10
45.27069164201373
 20
5.739263013699244
 30
0.0
  0
VERTEX
  5
2C5
330
25B
100
AcDbEntity
  8
0
  6
Continuous
 62
    18
420
        0
370
    70
100
AcDbVertex
100
AcDb2dVertex
 10
49.34162828594631
 20
5.739263013699244
 30
0.0
  0
VERTEX
  5
2C6
330
25B
100
AcDbEntity
  8
0
  6
Continuous
 62
    18
420
        0
370
    70
100
AcDbVertex
100
AcDb2dVertex
 10
49.34162828594631
 20
0.0211666666666659
 30
0.0
  0
VERTEX
  5
2C7
330
25B
100
AcDbEntity
  8
0
  6
Continuous
 62
    18
420
        0
370
    70
100
AcDbVertex
100
AcDb2dVertex
 10
43.96100553750968
 20
0.0211666666666659
 30
0.0
  0
VERTEX
  5
2C8
330
25B
100
AcDbEntity
  8
0
  6
Continuous
 62
    18
420
        0
370
    70
100
AcDbVertex
100
AcDb2dVertex
 10
43.96100553750968
 20
5.739263013699244
 30
0.0
  0
VERTEX
  5
2C9
330
25B
100
AcDbEntity
  8
0
  6
Continuous
 62
    18
420
        0
370
    70
100
AcDbVertex
100
AcDb2dVertex
 10
44.20369164201371
 20
5.739263013699244
 30
0.0
  0
VERTEX
  5
2CA
330
25B
100
AcDbEntity
  8
0
  6
Continuous
 62
    18
420
        0
370
    70
100
AcDbVertex
100
AcDb2dVertex
 10
44.20369164201373
 20
5.839366483156752
 30
0.0
  0
VERTEX
  5
2CB
330
25B
100
AcDbEntity
  8
0
  6
Continuous
 62
    18
420
        0
370
    70
100
AcDbVertex
100
AcDb2dVertex
 10
39.7900688935771
 20
5.839409839244723
 30
0.0
  0
VERTEX
  5
2CC
330
25B
100
AcDbEntity
  8
0
  6
Continuous
 62
    18
420
        0
370
    70
100
AcDbVertex
100
AcDb2dVertex
 10
39.7900688935771
 20
5.739263013699244
 30
0.0
  0
VERTEX
  5
2CD
330
25B
100
AcDbEntity
  8
0
  6
Continuous
 62
    18
420
        0
370
    70
100
AcDbVertex
100
AcDb2dVertex
 10
43.86100553750968
 20
5.739263013699244
 30
0.0
  0
VERTEX
  5
2CE
330
25B
100
AcDbEntity
  8
0
  6
Continuous
 62
    18
420
        0
370
    70
100
AcDbVertex
100
AcDb2dVertex
 10
43.86100553750968
 20
0.0211666666666659
 30
0.0
  0
VERTEX
  5
2CF
330
25B
100
AcDbEntity
  8
0
  6
Continuous
 62
    18
420
        0
370
    70
100
AcDbVertex
100
AcDb2dVertex
 10
38.48038278907305
 20
0.0211666666666659
 30
0.0
  0
VERTEX
  5
2D0
330
25B
100
AcDbEntity
  8
0
  6
Continuous
 62
    18
420
        0
370
    70
100
AcDbVertex
100
AcDb2dVertex
 10
38.48038278907305
 20
5.739263013699244
 30
0.0
  0
VERTEX
  5
2D1
330
25B
100
AcDbEntity
  8
0
  6
Continuous
 62
    18
420
        0
370
    70
100
AcDbVertex
100
AcDb2dVertex
 10
38.7230688935771
 20
5.739263013699244
 30
0.0
  0
VERTEX
  5
2D2
330
25B
100
AcDbEntity
  8
0
  6
Continuous
 62
    18
420
        0
370
    70
100
AcDbVertex
100
AcDb2dVertex
 10
38.7230688935771
 20
5.839420320644813
 30
0.0
  0
VERTEX
  5
2D3
330
25B
100
AcDbEntity
  8
0
  6
Continuous
 62
    18
420
        0
370
    70
100
AcDbVertex
100
AcDb2dVertex
 10
34.31862641775092
 20
5.839463586552732
 30
0.0
  0
VERTEX
  5
2D4
330
25B
100
AcDbEntity
  8
0
  6
Continuous
 62
    18
420
        0
370
    70
100
AcDbVertex
100
AcDb2dVertex
 10
34.31862641775092
 20
5.739263013699244
 30
0.0
  0
VERTEX
  5
2D5
330
25B
100
AcDbEntity
  8
0
  6
Continuous
 62
    18
420
        0
370
    70
100
AcDbVertex
100
AcDb2dVertex
 10
38.38038278907306
 20
5.739263013699244
 30
0.0
  0
VERTEX
  5
2D6
330
25B
100
AcDbEntity
  8
0
  6
Continuous
 62
    18
420
        0
370
    70
100
AcDbVertex
100
AcDb2dVertex
 10
38.38038278907305
 20
0.0211666666666659
 30
0.0
  0
VERTEX
  5
2D7
330
25B
100
AcDbEntity
  8
0
  6
Continuous
 62
    18
420
        0
370
    70
100
AcDbVertex
100
AcDb2dVertex
 10
33.00894031324685
 20
0.0211666666666659
 30
0.0
  0
VERTEX
  5
2D8
330
25B
100
AcDbEntity
  8
0
  6
Continuous
 62
    18
420
        0
370
    70
100
AcDbVertex
100
AcDb2dVertex
 10
33.00894031324687
 20
5.739263013699244
 30
0.0
  0
VERTEX
  5
2D9
330
25B
100
AcDbEntity
  8
0
  6
Continuous
 62
    18
420
        0
370
    70
100
AcDbVertex
100
AcDb2dVertex
 10
33.25162641775092
 20
5.739263013699244
 30
0.0
  0
VERTEX
  5
2DA
330
25B
100
AcDbEntity
  8
0
  6
Continuous
 62
    18
420
        0
370
    70
100
AcDbVertex
100
AcDb2dVertex
 10
33.25162641775092
 20
5.839474067952828
 30
0.0
  0
VERTEX
  5
2DB
330
25B
100
AcDbEntity
  8
0
  6
Continuous
 62
    18
420
        0
370
    70
100
AcDbVertex
100
AcDb2dVertex
 10
28.82882339670385
 20
5.839517514220852
 30
0.0
  0
VERTEX
  5
2DC
330
25B
100
AcDbEntity
  8
0
  6
Continuous
 62
    18
420
        0
370
    70
100
AcDbVertex
100
AcDb2dVertex
 10
28.82882339670385
 20
5.739263013699244
 30
0.0
  0
VERTEX
  5
2DD
330
25B
100
AcDbEntity
  8
0
  6
Continuous
 62
    18
420
        0
370
    70
100
AcDbVertex
100
AcDb2dVertex
 10
32.90894031324687
 20
5.739263013699244
 30
0.0
  0
VERTEX
  5
2DE
330
25B
100
AcDbEntity
  8
0
  6
Continuous
 62
    18
420
        0
370
    70
100
AcDbVertex
100
AcDb2dVertex
 10
32.90894031324687
 20
0.0211666666666659
 30
0.0
  0
VERTEX
  5
2DF
330
25B
100
AcDbEntity
  8
0
  6
Continuous
 62
    18
420
        0
370
    70
100
AcDbVertex
100
AcDb2dVertex
 10
27.51913729219978
 20
0.0211666666666659
 30
0.0
  0
VERTEX
  5
2E0
330
25B
100
AcDbEntity
  8
0
  6
Continuous
 62
    18
420
        0
370
    70
100
AcDbVertex
100
AcDb2dVertex
 10
27.5191372921998
 20
5.739263013699244
 30
0.0
  0
VERTEX
  5
2E1
330
25B
100
AcDbEntity
  8
0
  6
Continuous
 62
    18
420
        0
370
    70
100
AcDbVertex
100
AcDb2dVertex
 10
27.76182339670383
 20
5.739263013699244
 30
0.0
  0
VERTEX
  5
2E2
330
25B
100
AcDbEntity
  8
0
  6
Continuous
 62
    18
420
        0
370
    70
100
AcDbVertex
100
AcDb2dVertex
 10
27.76182339670387
 20
5.839527995620948
 30
0.0
  0
VERTEX
  5
2E3
330
25B
100
AcDbEntity
  8
0
  6
Continuous
 62
    18
420
        0
370
    70
100
AcDbVertex
100
AcDb2dVertex
 10
23.36656119348811
 20
5.83957117134883
 30
0.0
  0
VERTEX
  5
2E4
330
25B
100
AcDbEntity
  8
0
  6
Continuous
 62
    18
420
        0
370
    70
100
AcDbVertex
100
AcDb2dVertex
 10
23.36656119348811
 20
5.739263013699244
 30
0.0
  0
VERTEX
  5
2E5
330
25B
100
AcDbEntity
  8
0
  6
Continuous
 62
    18
420
        0
370
    70
100
AcDbVertex
100
AcDb2dVertex
 10
27.41913729219978
 20
5.739263013699244
 30
0.0
  0
VERTEX
  5
2E6
330
25B
100
AcDbEntity
  8
0
  6
Continuous
 62
    18
420
        0
370
    70
100
AcDbVertex
100
AcDb2dVertex
 10
27.41913729219978
 20
0.0211666666666659
 30
0.0
  0
VERTEX
  5
2E7
330
25B
100
AcDbEntity
  8
0
  6
Continuous
 62
    18
420
        0
370
    70
100
AcDbVertex
100
AcDb2dVertex
 10
22.05687508898404
 20
0.0211666666666659
 30
0.0
  0
VERTEX
  5
2E8
330
25B
100
AcDbEntity
  8
0
  6
Continuous
 62
    18
420
        0
370
    70
100
AcDbVertex
100
AcDb2dVertex
 10
22.05687508898405
 20
5.739263013699244
 30
0.0
  0
VERTEX
  5
2E9
330
25B
100
AcDbEntity
  8
0
  6
Continuous
 62
    18
420
        0
370
    70
100
AcDbVertex
100
AcDb2dVertex
 10
22.29956119348807
 20
5.739263013699244
 30
0.0
  0
VERTEX
  5
2EA
330
25B
100
AcDbEntity
  8
0
  6
Continuous
 62
    18
420
        0
370
    70
100
AcDbVertex
100
AcDb2dVertex
 10
22.2995611934881
 20
5.839581652748912
 30
0.0
  0
VERTEX
  5
2EB
330
25B
100
AcDbEntity
  8
0
  6
Continuous
 62
    18
420
        0
370
    70
100
AcDbVertex
100
AcDb2dVertex
 10
17.88593844505144
 20
5.83962500883689
 30
0.0
  0
VERTEX
  5
2EC
330
25B
100
AcDbEntity
  8
0
  6
Continuous
 62
    18
420
        0
370
    70
100
AcDbVertex
100
AcDb2dVertex
 10
17.88593844505145
 20
5.739263013699244
 30
0.0
  0
VERTEX
  5
2ED
330
25B
100
AcDbEntity
  8
0
  6
Continuous
 62
    18
420
        0
370
    70
100
AcDbVertex
100
AcDb2dVertex
 10
21.95687508898403
 20
5.739263013699244
 30
0.0
  0
VERTEX
  5
2EE
330
25B
100
AcDbEntity
  8
0
  6
Continuous
 62
    18
420
        0
370
    70
100
AcDbVertex
100
AcDb2dVertex
 10
21.95687508898403
 20
0.0211666666666659
 30
0.0
  0
VERTEX
  5
2EF
330
25B
100
AcDbEntity
  8
0
  6
Continuous
 62
    18
420
        0
370
    70
100
AcDbVertex
100
AcDb2dVertex
 10
16.57625234054741
 20
0.0211666666666659
 30
0.0
  0
VERTEX
  5
2F0
330
25B
100
AcDbEntity
  8
0
  6
Continuous
 62
    18
420
        0
370
    70
100
AcDbVertex
100
AcDb2dVertex
 10
16.57625234054741
 20
5.739263013699244
 30
0.0
  0
VERTEX
  5
2F1
330
25B
100
AcDbEntity
  8
0
  6
Continuous
 62
    18
420
        0
370
    70
100
AcDbVertex
100
AcDb2dVertex
 10
16.81893844505148
 20
5.739263013699244
 30
0.0
  0
VERTEX
  5
2F2
330
25B
100
AcDbEntity
  8
0
  6
Continuous
 62
    18
420
        0
370
    70
100
AcDbVertex
100
AcDb2dVertex
 10
16.81893844505149
 20
5.839635490236972
 30
0.0
  0
VERTEX
  5
2F3
330
25B
100
AcDbEntity
  8
0
  6
Continuous
 62
    18
420
        0
370
    70
100
AcDbVertex
100
AcDb2dVertex
 10
16.47625234054743
 20
5.839638856525795
 30
0.0
  0
VERTEX
  5
2F4
330
25B
100
AcDbEntity
  8
0
  6
Continuous
 62
    18
420
        0
370
    70
100
AcDbVertex
100
AcDb2dVertex
 10
16.47625234054743
 20
0.0211666666666659
 30
0.0
  0
VERTEX
  5
2F5
330
25B
100
AcDbEntity
  8
0
  6
Continuous
 62
    18
420
        0
370
    70
100
AcDbVertex
100
AcDb2dVertex
 10
6.734924312696097
 20
0.0211666666666659
 30
0.0
  0
VERTEX
  5
2F6
330
25B
100
AcDbEntity
  8
0
  6
Continuous
 62
    18
420
        0
370
    70
100
AcDbVertex
100
AcDb2dVertex
 10
6.736088628595854
 20
7.89946741507022
 30
0.0
  0
VERTEX
  5
2F7
330
25B
100
AcDbEntity
  8
0
  6
Continuous
 62
    18
420
        0
370
    70
100
AcDbVertex
100
AcDb2dVertex
 10
12.52483445286153
 20
7.89946741507022
 30
0.0
  0
VERTEX
  5
2F8
330
25B
100
AcDbEntity
  8
0
  6
Continuous
 62
    18
420
        0
370
    70
100
AcDbVertex
100
AcDb2dVertex
 10
12.52483445286153
 20
8.161313369036975
 30
0.0
  0
VERTEX
  5
2F9
330
25B
100
AcDbEntity
  8
0
  6
Continuous
 62
    18
420
        0
370
    70
100
AcDbVertex
100
AcDb2dVertex
 10
12.42483445286154
 20
8.161313369036954
 30
0.0
  0
VERTEX
  5
2FA
330
25B
100
AcDbEntity
  8
0
  6
Continuous
 62
    18
420
        0
370
    70
100
AcDbVertex
100
AcDb2dVertex
 10
12.42483445286154
 20
7.999467415070221
 30
0.0
  0
VERTEX
  5
2FB
330
25B
100
AcDbEntity
  8
0
  6
Continuous
 62
    18
420
        0
370
    70
100
AcDbVertex
100
AcDb2dVertex
 10
6.735393111138381
 20
7.999467415070221
 30
0.0
  0
VERTEX
  5
2FC
330
25B
100
AcDbEntity
  8
0
  6
Continuous
 62
    18
420
        0
370
    70
100
AcDbVertex
100
AcDb2dVertex
 10
6.735848206568153
 20
10.62600838110933
 30
0.0
  0
VERTEX
  5
2FD
330
25B
100
AcDbEntity
  8
0
  6
Continuous
 62
    18
420
        0
370
    70
100
AcDbVertex
100
AcDb2dVertex
 10
12.42483445286154
 20
10.62600838037287
 30
0.0
  0
VERTEX
  5
2FE
330
25B
100
AcDbEntity
  8
0
  6
Continuous
 62
    18
420
        0
370
    70
100
AcDbVertex
100
AcDb2dVertex
 10
12.42483445286154
 20
9.228313369036961
 30
0.0
  0
VERTEX
  5
2FF
330
25B
100
AcDbEntity
  8
0
  6
Continuous
 62
    18
420
        0
370
    70
100
AcDbVertex
100
AcDb2dVertex
 10
12.52483445286153
 20
9.22831336903694
 30
0.0
  0
VERTEX
  5
300
330
25B
100
AcDbEntity
  8
0
  6
Continuous
 62
    18
420
        0
370
    70
100
AcDbVertex
100
AcDb2dVertex
 10
12.52483445286153
 20
10.88785433433962
 30
0.0
  0
VERTEX
  5
301
330
25B
100
AcDbEntity
  8
0
  6
Continuous
 62
    18
420
        0
370
    70
100
AcDbVertex
100
AcDb2dVertex
 10
12.42483445286154
 20
10.8878543343396
 30
0.0
  0
VERTEX
  5
302
330
25B
100
AcDbEntity
  8
0
  6
Continuous
 62
    18
420
        0
370
    70
100
AcDbVertex
100
AcDb2dVertex
 10
12.42483445286154
 20
10.72600838037287
 30
0.0
  0
VERTEX
  5
303
330
25B
100
AcDbEntity
  8
0
  6
Continuous
 62
    18
420
        0
370
    70
100
AcDbVertex
100
AcDb2dVertex
 10
6.735393111138381
 20
10.72600838037287
 30
0.0
  0
VERTEX
  5
304
330
25B
100
AcDbEntity
  8
0
  6
Continuous
 62
    18
420
        0
370
    70
100
AcDbVertex
100
AcDb2dVertex
 10
6.735848206568153
 20
13.35254934641198
 30
0.0
  0
VERTEX
  5
305
330
25B
100
AcDbEntity
  8
0
  6
Continuous
 62
    18
420
        0
370
    70
100
AcDbVertex
100
AcDb2dVertex
 10
12.42483445286154
 20
13.35254934567552
 30
0.0
  0
VERTEX
  5
306
330
25B
100
AcDbEntity
  8
0
  6
Continuous
 62
    18
420
        0
370
    70
100
AcDbVertex
100
AcDb2dVertex
 10
12.42483445286154
 20
11.95485433433961
 30
0.0
  0
VERTEX
  5
307
330
25B
100
AcDbEntity
  8
0
  6
Continuous
 62
    18
420
        0
370
    70
100
AcDbVertex
100
AcDb2dVertex
 10
12.52483445286153
 20
11.95485433433962
 30
0.0
  0
VERTEX
  5
308
330
25B
100
AcDbEntity
  8
0
  6
Continuous
 62
    18
420
        0
370
    70
100
AcDbVertex
100
AcDb2dVertex
 10
12.52483445286153
 20
13.61439529964224
 30
0.0
  0
VERTEX
  5
309
330
25B
100
AcDbEntity
  8
0
  6
Continuous
 62
    18
420
        0
370
    70
100
AcDbVertex
100
AcDb2dVertex
 10
12.42483445286154
 20
13.61439529964226
 30
0.0
  0
VERTEX
  5
30A
330
25B
100
AcDbEntity
  8
0
  6
Continuous
 62
    18
420
        0
370
    70
100
AcDbVertex
100
AcDb2dVertex
 10
12.42483445286154
 20
13.45254934567552
 30
0.0
  0
VERTEX
  5
30B
330
25B
100
AcDbEntity
  8
0
  6
Continuous
 62
    18
420
        0
370
    70
100
AcDbVertex
100
AcDb2dVertex
 10
6.735852497425998
 20
13.45254934567553
 30
0.0
  0
VERTEX
  5
30C
330
25B
100
AcDbEntity
  8
0
  6
Continuous
 62
    18
420
        0
370
    70
100
AcDbVertex
100
AcDb2dVertex
 10
6.736311883713671
 20
16.07909031097818
 30
0.0
  0
VERTEX
  5
30D
330
25B
100
AcDbEntity
  8
0
  6
Continuous
 62
    18
420
        0
370
    70
100
AcDbVertex
100
AcDb2dVertex
 10
12.42483445286154
 20
16.07909031097818
 30
0.0
  0
VERTEX
  5
30E
330
25B
100
AcDbEntity
  8
0
  6
Continuous
 62
    18
420
        0
370
    70
100
AcDbVertex
100
AcDb2dVertex
 10
12.42483445286154
 20
14.68139529964226
 30
0.0
  0
VERTEX
  5
30F
330
25B
100
AcDbEntity
  8
0
  6
Continuous
 62
    18
420
        0
370
    70
100
AcDbVertex
100
AcDb2dVertex
 10
12.52483445286153
 20
14.68139529964227
 30
0.0
  0
VERTEX
  5
310
330
25B
100
AcDbEntity
  8
0
  6
Continuous
 62
    18
420
        0
370
    70
100
AcDbVertex
100
AcDb2dVertex
 10
12.52483445286153
 20
16.34093626494492
 30
0.0
  0
VERTEX
  5
311
330
25B
100
AcDbEntity
  8
0
  6
Continuous
 62
    18
420
        0
370
    70
100
AcDbVertex
100
AcDb2dVertex
 10
12.42483445286154
 20
16.34093626494492
 30
0.0
  0
VERTEX
  5
312
330
25B
100
AcDbEntity
  8
0
  6
Continuous
 62
    18
420
        0
370
    70
100
AcDbVertex
100
AcDb2dVertex
 10
12.42483445286154
 20
16.17909031097817
 30
0.0
  0
VERTEX
  5
313
330
25B
100
AcDbEntity
  8
0
  6
Continuous
 62
    18
420
        0
370
    70
100
AcDbVertex
100
AcDb2dVertex
 10
6.735839621373959
 20
16.17909031097817
 30
0.0
  0
VERTEX
  5
314
330
25B
100
AcDbEntity
  8
0
  6
Continuous
 62
    18
420
        0
370
    70
100
AcDbVertex
100
AcDb2dVertex
 10
6.7361849767337
 20
18.82585922984923
 30
0.0
  0
VERTEX
  5
315
330
25B
100
AcDbEntity
  8
0
  6
Continuous
 62
    18
420
        0
370
    70
100
AcDbVertex
100
AcDb2dVertex
 10
12.42483445286154
 20
18.82585922943152
 30
0.0
  0
VERTEX
  5
316
330
25B
100
AcDbEntity
  8
0
  6
Continuous
 62
    18
420
        0
370
    70
100
AcDbVertex
100
AcDb2dVertex
 10
12.42483445286154
 20
17.40793626494491
 30
0.0
  0
VERTEX
  5
317
330
25B
100
AcDbEntity
  8
0
  6
Continuous
 62
    18
420
        0
370
    70
100
AcDbVertex
100
AcDb2dVertex
 10
12.52483445286153
 20
17.40793626494492
 30
0.0
  0
VERTEX
  5
318
330
25B
100
AcDbEntity
  8
0
  6
Continuous
 62
    18
420
        0
370
    70
100
AcDbVertex
100
AcDb2dVertex
 10
12.52483445286153
 20
19.08770518339825
 30
0.0
  0
VERTEX
  5
319
330
25B
100
AcDbEntity
  8
0
  6
Continuous
 62
    18
420
        0
370
    70
100
AcDbVertex
100
AcDb2dVertex
 10
12.42483445286154
 20
19.08770518339826
 30
0.0
  0
VERTEX
  5
31A
330
25B
100
AcDbEntity
  8
0
  6
Continuous
 62
    18
420
        0
370
    70
100
AcDbVertex
100
AcDb2dVertex
 10
12.42483445286154
 20
18.92585922943152
 30
0.0
  0
VERTEX
  5
31B
330
25B
100
AcDbEntity
  8
0
  6
Continuous
 62
    18
420
        0
370
    70
100
AcDbVertex
100
AcDb2dVertex
 10
6.736188208257164
 20
18.92585922943152
 30
0.0
  0
VERTEX
  5
31C
330
25B
100
AcDbEntity
  8
0
  6
Continuous
 62
    18
420
        0
370
    70
100
AcDbVertex
100
AcDb2dVertex
 10
6.736536795140341
 20
21.57262814788488
 30
0.0
  0
VERTEX
  5
31D
330
25B
100
AcDbEntity
  8
0
  6
Continuous
 62
    18
420
        0
370
    70
100
AcDbVertex
100
AcDb2dVertex
 10
12.42483445286154
 20
21.57262814788487
 30
0.0
  0
VERTEX
  5
31E
330
25B
100
AcDbEntity
  8
0
  6
Continuous
 62
    18
420
        0
370
    70
100
AcDbVertex
100
AcDb2dVertex
 10
12.42483445286154
 20
20.15470518339825
 30
0.0
  0
VERTEX
  5
31F
330
25B
100
AcDbEntity
  8
0
  6
Continuous
 62
    18
420
        0
370
    70
100
AcDbVertex
100
AcDb2dVertex
 10
12.52483445286153
 20
20.15470518339825
 30
0.0
  0
VERTEX
  5
320
330
25B
100
AcDbEntity
  8
0
  6
Continuous
 62
    18
420
        0
370
    70
100
AcDbVertex
100
AcDb2dVertex
 10
12.52483445286153
 20
21.83447410185161
 30
0.0
  0
VERTEX
  5
321
330
25B
100
AcDbEntity
  8
0
  6
Continuous
 62
    18
420
        0
370
    70
100
AcDbVertex
100
AcDb2dVertex
 10
12.42483445286154
 20
21.8344741018516
 30
0.0
  0
VERTEX
  5
322
330
25B
100
AcDbEntity
  8
0
  6
Continuous
 62
    18
420
        0
370
    70
100
AcDbVertex
100
AcDb2dVertex
 10
12.42483445286154
 20
21.67262814788487
 30
0.0
  0
VERTEX
  5
323
330
25B
100
AcDbEntity
  8
0
  6
Continuous
 62
    18
420
        0
370
    70
100
AcDbVertex
100
AcDb2dVertex
 10
6.736289444227327
 20
21.67262814788487
 30
0.0
  0
VERTEX
  5
324
330
25B
100
AcDbEntity
  8
0
  6
Continuous
 62
    18
420
        0
370
    70
100
AcDbVertex
100
AcDb2dVertex
 10
6.736534748085847
 20
24.64344309655548
 30
0.0
  0
VERTEX
  5
325
330
25B
100
AcDbEntity
  8
0
  6
Continuous
 62
    18
420
        0
370
    70
100
AcDbVertex
100
AcDb2dVertex
 10
12.42483445286154
 20
24.64344309638786
 30
0.0
  0
VERTEX
  5
326
330
25B
100
AcDbEntity
  8
0
  6
Continuous
 62
    18
420
        0
370
    70
100
AcDbVertex
100
AcDb2dVertex
 10
12.42483445286154
 20
22.90147410185161
 30
0.0
  0
VERTEX
  5
327
330
25B
100
AcDbEntity
  8
0
  6
Continuous
 62
    18
420
        0
370
    70
100
AcDbVertex
100
AcDb2dVertex
 10
12.52483445286153
 20
22.90147410185157
 30
0.0
  0
VERTEX
  5
328
330
25B
100
AcDbEntity
  8
0
  6
Continuous
 62
    18
420
        0
370
    70
100
AcDbVertex
100
AcDb2dVertex
 10
12.52483445286153
 20
24.9052890503546
 30
0.0
  0
VERTEX
  5
329
330
25B
100
AcDbEntity
  8
0
  6
Continuous
 62
    18
420
        0
370
    70
100
AcDbVertex
100
AcDb2dVertex
 10
12.42483445286438
 20
24.9052890503546
 30
0.0
  0
VERTEX
  5
32A
330
25B
100
AcDbEntity
  8
0
  6
Continuous
 62
    18
420
        0
370
    70
100
AcDbVertex
100
AcDb2dVertex
 10
12.42483445286449
 20
24.74344309638786
 30
0.0
  0
VERTEX
  5
32B
330
25B
100
AcDbEntity
  8
0
  6
Continuous
 62
    18
420
        0
370
    70
100
AcDbVertex
100
AcDb2dVertex
 10
6.736536795143269
 20
24.74344309638786
 30
0.0
  0
SEQEND
  5
32C
330
25B
100
AcDbEntity
  8
0
  6
Continuous
 62
    18
420
        0
370
    70
  0
ENDSEC
  0
SECTION
  2
OBJECTS
  0
DICTIONARY
  5
C
330
0
100
AcDbDictionary
281
     1
  3
ACAD_DETAILVIEWSTYLE
350
364
  3
ACAD_GROUP
350
D
  3
ACAD_LAYOUT
350
1A
  3
ACAD_MATERIAL
350
43
  3
ACAD_MLEADERSTYLE
350
5B
  3
ACAD_MLINESTYLE
350
17
  3
ACAD_PLOTSETTINGS
350
19
  3
ACAD_PLOTSTYLENAME
350
E
  3
ACAD_SCALELIST
350
47
  3
ACAD_SECTIONVIEWSTYLE
350
365
  3
ACAD_TABLESTYLE
350
59
  3
ACAD_VISUALSTYLE
350
2A
  3
ACDB_RECOMPOSE_DATA
350
361
  3
AcDbVariableDictionary
350
32D
  0
SUN
  5
5D
330
29
100
AcDbSun
 90
        1
290
     0
 63
     7
421
 16777215
 40
1.0
291
     1
 91
  2455826
 92
 54000000
292
     0
 70
     2
 71
   256
280
     1
  0
DICTIONARY
  5
364
102
{ACAD_REACTORS
330
C
102
}
330
C
100
AcDbDictionary
281
     1
  0
DICTIONARY
  5
D
102
{ACAD_REACTORS
330
C
102
}
330
C
100
AcDbDictionary
281
     1
  0
DICTIONARY
  5
1A
102
{ACAD_REACTORS
330
C
102
}
330
C
100
AcDbDictionary
281
     1
  3
Layout1
350
1E
  3
Layout2
350
26
  3
Model
350
22
  0
DICTIONARY
  5
43
102
{ACAD_REACTORS
330
C
102
}
330
C
100
AcDbDictionary
281
     1
  3
ByBlock
350
45
  3
ByLayer
350
44
  3
Global
350
46
  0
DICTIONARY
  5
5B
102
{ACAD_REACTORS
330
C
102
}
330
C
100
AcDbDictionary
281
     1
  3
Standard
350
5C
  0
DICTIONARY
  5
17
102
{ACAD_REACTORS
330
C
102
}
330
C
100
AcDbDictionary
281
     1
  3
Standard
350
18
  0
DICTIONARY
  5
19
102
{ACAD_REACTORS
330
C
102
}
330
C
100
AcDbDictionary
281
     1
  0
ACDBDICTIONARYWDFLT
  5
E
102
{ACAD_REACTORS
330
C
102
}
330
C
100
AcDbDictionary
281
     1
  3
Normal
350
F
100
AcDbDictionaryWithDefault
340
F
  0
DICTIONARY
  5
47
102
{ACAD_REACTORS
330
C
102
}
330
C
100
AcDbDictionary
281
     1
  3
A0
350
48
  3
A1
350
49
  3
A2
350
4A
  3
A3
350
4B
  3
A4
350
4C
  3
A5
350
4D
  3
A6
350
4E
  3
A7
350
4F
  3
A8
350
50
  3
A9
350
51
  3
B1
350
52
  3
B2
350
53
  3
B3
350
54
  3
B4
350
55
  3
B5
350
56
  3
B6
350
57
  3
B7
350
58
  0
DICTIONARY
  5
365
102
{ACAD_REACTORS
330
C
102
}
330
C
100
AcDbDictionary
281
     1
  0
DICTIONARY
  5
59
102
{ACAD_REACTORS
330
C
102
}
330
C
100
AcDbDictionary
281
     1
  3
Standard
350
5A
  0
DICTIONARY
  5
2A
102
{ACAD_REACTORS
330
C
102
}
330
C
100
AcDbDictionary
281
     1
  3
2dWireframe
350
2F
  3
Basic
350
32
  3
Brighten
350
36
  3
ColorChange
350
3A
  3
Conceptual
350
34
  3
Dim
350
35
  3
EdgeColorOff
350
3D
  3
Facepattern
350
39
  3
Flat
350
2B
  3
FlatWithEdges
350
2C
  3
Gouraud
350
2D
  3
GouraudWithEdges
350
2E
  3
Hidden
350
31
  3
JitterOff
350
3B
  3
Linepattern
350
38
  3
OverhangOff
350
3C
  3
Realistic
350
33
  3
Shaded
350
42
  3
Shaded with edges
350
41
  3
Shades of Gray
350
3E
  3
Sketchy
350
3F
  3
Thicken
350
37
  3
Wireframe
350
30
  3
X-Ray
350
40
  0
XRECORD
  5
361
102
{ACAD_REACTORS
330
C
102
}
330
C
100
AcDbXrecord
280
     1
 90
        1
330
5A
  0
DICTIONARY
  5
32D
102
{ACAD_REACTORS
330
C
102
}
330
C
100
AcDbDictionary
281
     1
  3
CANNOSCALE
350
32E
  3
CMLEADERSTYLE
350
363
  3
CTABLESTYLE
350
362
  0
LAYOUT
  5
1E
102
{ACAD_REACTORS
330
1A
102
}
330
1A
100
AcDbPlotSettings
  1

  2
none_device
  4

  6

 40
0.0
 41
0.0
 42
0.0
 43
0.0
 44
0.0
 45
0.0
 46
0.0
 47
0.0
 48
0.0
 49
0.0
140
0.0
141
0.0
142
1.0
143
1.0
 70
   688
 72
     0
 73
     0
 74
     5
  7

 75
    16
 76
     0
 77
     2
 78
   300
147
1.0
148
0.0
149
0.0
100
AcDbLayout
  1
Layout1
 70
     1
 71
     1
 10
0.0
 20
0.0
 11
12.0
 21
9.0
 12
0.0
 22
0.0
 32
0.0
 14
1.000000000000000E+20
 24
1.000000000000000E+20
 34
1.000000000000000E+20
 15
-1.000000000000000E+20
 25
-1.000000000000000E+20
 35
-1.000000000000000E+20
146
0.0
 13
0.0
 23
0.0
 33
0.0
 16
1.0
 26
0.0
 36
0.0
 17
0.0
 27
1.0
 37
0.0
 76
     0
330
1B
  0
LAYOUT
  5
26
102
{ACAD_REACTORS
330
1A
102
}
330
1A
100
AcDbPlotSettings
  1

  2
none_device
  4

  6

 40
0.0
 41
0.0
 42
0.0
 43
0.0
 44
0.0
 45
0.0
 46
0.0
 47
0.0
 48
0.0
 49
0.0
140
0.0
141
0.0
142
1.0
143
1.0
 70
   688
 72
     0
 73
     0
 74
     5
  7

 75
    16
 76
     0
 77
     2
 78
   300
147
1.0
148
0.0
149
0.0
100
AcDbLayout
  1
Layout2
 70
     1
 71
     2
 10
0.0
 20
0.0
 11
0.0
 21
0.0
 12
0.0
 22
0.0
 32
0.0
 14
0.0
 24
0.0
 34
0.0
 15
0.0
 25
0.0
 35
0.0
146
0.0
 13
0.0
 23
0.0
 33
0.0
 16
1.0
 26
0.0
 36
0.0
 17
0.0
 27
1.0
 37
0.0
 76
     0
330
23
  0
LAYOUT
  5
22
102
{ACAD_REACTORS
330
1A
102
}
330
1A
100
AcDbPlotSettings
  1

  2
none_device
  4
Letter_(8.50_x_11.00_Inches)
  6

 40
6.35
 41
6.35
 42
6.35000508
 43
6.35000508
 44
215.9
 45
279.4
 46
0.0
 47
0.0
 48
0.0
 49
0.0
140
0.0
141
0.0
142
1.0
143
1.0
 70
  1712
 72
     0
 73
     0
 74
     0
  7

 75
     0
 76
     0
 77
     2
 78
   300
147
1.0
148
0.0
149
0.0
100
AcDbLayout
  1
Model
 70
     1
 71
     0
 10
0.0
 20
0.0
 11
12.0
 21
9.0
 12
0.0
 22
0.0
 32
0.0
 14
6.734924312696098
 24
0.0211666666666659
 34
0.0
 15
64.60507568730391
 25
28.55581779194436
 35
0.0
146
0.0
 13
0.0
 23
0.0
 33
0.0
 16
1.0
 26
0.0
 36
0.0
 17
0.0
 27
1.0
 37
0.0
 76
     0
330
1F
331
29
  0
MATERIAL
  5
45
102
{ACAD_REACTORS
330
43
102
}
330
43
100
AcDbMaterial
  1
ByBlock
 72
     1
 94
      127
  0
MATERIAL
  5
44
102
{ACAD_REACTORS
330
43
102
}
330
43
100
AcDbMaterial
  1
ByLayer
 72
     1
 94
      127
  0
MATERIAL
  5
46
102
{ACAD_REACTORS
330
43
102
}
330
43
100
AcDbMaterial
  1
Global
 72
     1
 94
      127
  0
MLEADERSTYLE
  5
5C
102
{ACAD_REACTORS
330
5B
102
}
330
5B
100
AcDbMLeaderStyle
179
     2
170
     2
171
     1
172
     0
 90
        2
 40
0.0
 41
0.0
173
     1
 91
-1056964608
340
14
 92
       -2
290
     1
 42
0.09
291
     1
 43
0.36
  3
Standard
341
0
 44
0.18
300

342
11
174
     1
178
     6
175
     1
176
     0
 93
-1056964608
 45
0.18
292
     0
297
     0
 46
0.18
343
0
 94
-1056964608
 47
1.0
 49
1.0
140
1.0
293
     1
141
0.0
294
     1
177
     0
142
1.0
295
     0
296
     0
143
0.125
271
     0
272
     9
273
     9
  0
MLINESTYLE
  5
18
102
{ACAD_REACTORS
330
17
102
}
330
17
100
AcDbMlineStyle
  2
Standard
 70
     0
  3

 62
   256
 51
90.0
 52
90.0
 71
     2
 49
0.5
 62
   256
  6
BYLAYER
 49
-0.5
 62
   256
  6
BYLAYER
  0
ACDBPLACEHOLDER
  5
F
102
{ACAD_REACTORS
330
E
102
}
330
E
  0
SCALE
  5
48
102
{ACAD_REACTORS
330
47
102
}
330
47
100
AcDbScale
 70
     0
300
1:1
140
1.0
141
1.0
290
     1
  0
SCALE
  5
49
102
{ACAD_REACTORS
330
47
102
}
330
47
100
AcDbScale
 70
     0
300
1/128" = 1'-0"
140
0.0078125
141
12.0
290
     0
  0
SCALE
  5
4A
102
{ACAD_REACTORS
330
47
102
}
330
47
100
AcDbScale
 70
     0
300
1/64" = 1'-0"
140
0.015625
141
12.0
290
     0
  0
SCALE
  5
4B
102
{ACAD_REACTORS
330
47
102
}
330
47
100
AcDbScale
 70
     0
300
1/32" = 1'-0"
140
0.03125
141
12.0
290
     0
  0
SCALE
  5
4C
102
{ACAD_REACTORS
330
47
102
}
330
47
100
AcDbScale
 70
     0
300
1/16" = 1'-0"
140
0.0625
141
12.0
290
     0
  0
SCALE
  5
4D
102
{ACAD_REACTORS
330
47
102
}
330
47
100
AcDbScale
 70
     0
300
3/32" = 1'-0"
140
0.09375
141
12.0
290
     0
  0
SCALE
  5
4E
102
{ACAD_REACTORS
330
47
102
}
330
47
100
AcDbScale
 70
     0
300
1/8" = 1'-0"
140
0.125
141
12.0
290
     0
  0
SCALE
  5
4F
102
{ACAD_REACTORS
330
47
102
}
330
47
100
AcDbScale
 70
     0
300
3/16" = 1'-0"
140
0.1875
141
12.0
290
     0
  0
SCALE
  5
50
102
{ACAD_REACTORS
330
47
102
}
330
47
100
AcDbScale
 70
     0
300
1/4" = 1'-0"
140
0.25
141
12.0
290
     0
  0
SCALE
  5
51
102
{ACAD_REACTORS
330
47
102
}
330
47
100
AcDbScale
 70
     0
300
3/8" = 1'-0"
140
0.375
141
12.0
290
     0
  0
SCALE
  5
52
102
{ACAD_REACTORS
330
47
102
}
330
47
100
AcDbScale
 70
     0
300
1/2" = 1'-0"
140
0.5
141
12.0
290
     0
  0
SCALE
  5
53
102
{ACAD_REACTORS
330
47
102
}
330
47
100
AcDbScale
 70
     0
300
3/4" = 1'-0"
140
0.75
141
12.0
290
     0
  0
SCALE
  5
54
102
{ACAD_REACTORS
330
47
102
}
330
47
100
AcDbScale
 70
     0
300
1" = 1'-0"
140
1.0
141
12.0
290
     0
  0
SCALE
  5
55
102
{ACAD_REACTORS
330
47
102
}
330
47
100
AcDbScale
 70
     0
300
1-1/2" = 1'-0"
140
1.5
141
12.0
290
     0
  0
SCALE
  5
56
102
{ACAD_REACTORS
330
47
102
}
330
47
100
AcDbScale
 70
     0
300
3" = 1'-0"
140
3.0
141
12.0
290
     0
  0
SCALE
  5
57
102
{ACAD_REACTORS
330
47
102
}
330
47
100
AcDbScale
 70
     0
300
6" = 1'-0"
140
6.0
141
12.0
290
     0
  0
SCALE
  5
58
102
{ACAD_REACTORS
330
47
102
}
330
47
100
AcDbScale
 70
     0
300
1'-0" = 1'-0"
140
12.0
141
12.0
290
     0
  0
TABLESTYLE
  5
5A
102
{ACAD_REACTORS
330
59
102
}
102
{ACAD_XDICTIONARY
360
35F
102
}
330
59
100
AcDbTableStyle
  3
Standard
 70
     0
 71
     0
 40
0.06
 41
0.06
280
     0
281
     0
  7
Standard
140
0.18
170
     2
 62
     0
 63
   257
283
     0
 90
        4
 91
        0
  1

274
    -2
284
     1
 64
     0
275
    -2
285
     1
 65
     0
276
    -2
286
     1
 66
     0
277
    -2
287
     1
 67
     0
278
    -2
288
     1
 68
     0
279
    -2
289
     1
 69
     0
  7
Standard
140
0.25
170
     5
 62
     0
 63
   257
283
     0
 90
        4
 91
        0
  1

274
    -2
284
     1
 64
     0
275
    -2
285
     1
 65
     0
276
    -2
286
     1
 66
     0
277
    -2
287
     1
 67
     0
278
    -2
288
     1
 68
     0
279
    -2
289
     1
 69
     0
  7
Standard
140
0.18
170
     5
 62
     0
 63
   257
283
     0
 90
        4
 91
        0
  1

274
    -2
284
     1
 64
     0
275
    -2
285
     1
 65
     0
276
    -2
286
     1
 66
     0
277
    -2
287
     1
 67
     0
278
    -2
288
     1
 68
     0
279
    -2
289
     1
 69
     0
  0
VISUALSTYLE
  5
2F
102
{ACAD_REACTORS
330
2A
102
}
102
{ACAD_XDICTIONARY
360
337
102
}
330
2A
100
AcDbVisualStyle
  2
2dWireframe
 70
     4
177
     2
291
     0
 71
     0
176
     1
 72
     2
176
     1
 73
     0
176
     1
 90
        0
176
     1
 40
0.6
176
     1
 41
30.0
176
     1
 62
     5
 63
     7
421
 16777215
176
     1
 74
     1
176
     1
 91
        4
176
     1
 64
     7
176
     1
 65
   257
176
     1
 75
     1
176
     1
175
     1
176
     1
 42
1.0
176
     1
 92
        0
176
     1
 66
   257
176
     1
 43
1.0
176
     1
 76
     1
176
     1
 77
     6
176
     1
 78
     2
176
     1
 67
     7
176
     1
 79
     5
176
     1
170
     0
176
     1
171
     0
176
     1
290
     0
176
     1
 93
        1
176
     1
 44
0.0
176
     1
173
     0
176
     1
  0
VISUALSTYLE
  5
32
102
{ACAD_REACTORS
330
2A
102
}
102
{ACAD_XDICTIONARY
360
33D
102
}
330
2A
100
AcDbVisualStyle
  2
Basic
 70
     7
177
     2
291
     1
 71
     1
176
     1
 72
     0
176
     1
 73
     1
176
     1
 90
        0
176
     1
 40
0.6
176
     1
 41
30.0
176
     1
 62
     5
 63
     7
421
 16777215
176
     1
 74
     0
176
     1
 91
        4
176
     1
 64
     7
176
     1
 65
   257
176
     1
 75
     1
176
     1
175
     1
176
     1
 42
1.0
176
     1
 92
        8
176
     1
 66
     7
176
     1
 43
1.0
176
     1
 76
     1
176
     1
 77
     6
176
     1
 78
     2
176
     1
 67
     7
176
     1
 79
     5
176
     1
170
     0
176
     1
171
     0
176
     1
290
     0
176
     1
 93
        1
176
     1
 44
0.0
176
     1
173
     0
176
     1
  0
VISUALSTYLE
  5
36
102
{ACAD_REACTORS
330
2A
102
}
102
{ACAD_XDICTIONARY
360
345
102
}
330
2A
100
AcDbVisualStyle
  2
Brighten
 70
    12
177
     2
291
     1
 71
     2
176
     1
 72
     2
176
     1
 73
     0
176
     1
 90
        0
176
     1
 40
0.6
176
     1
 41
30.0
176
     1
 62
     5
 63
     7
421
 16777215
176
     1
 74
     1
176
     1
 91
        4
176
     1
 64
     7
176
     1
 65
   257
176
     1
 75
     1
176
     1
175
     1
176
     1
 42
1.0
176
     1
 92
        8
176
     1
 66
     7
176
     1
 43
1.0
176
     1
 76
     1
176
     1
 77
     6
176
     1
 78
     2
176
     1
 67
     7
176
     1
 79
     5
176
     1
170
     0
176
     1
171
     0
176
     1
290
     0
176
     1
 93
        1
176
     1
 44
50.0
176
     1
173
     0
176
     1
  0
VISUALSTYLE
  5
3A
102
{ACAD_REACTORS
330
2A
102
}
102
{ACAD_XDICTIONARY
360
34D
102
}
330
2A
100
AcDbVisualStyle
  2
ColorChange
 70
    16
177
     2
291
     1
 71
     2
176
     1
 72
     2
176
     1
 73
     3
176
     1
 90
        0
176
     1
 40
0.6
176
     1
 41
30.0
176
     1
 62
     5
 63
     8
421
  8421504
176
     1
 74
     1
176
     1
 91
        4
176
     1
 64
     7
176
     1
 65
   257
176
     1
 75
     1
176
     1
175
     1
176
     1
 42
1.0
176
     1
 92
        8
176
     1
 66
     8
424
  8421504
176
     1
 43
1.0
176
     1
 76
     1
176
     1
 77
     6
176
     1
 78
     2
176
     1
 67
     7
176
     1
 79
     5
176
     1
170
     0
176
     1
171
     0
176
     1
290
     0
176
     1
 93
        1
176
     1
 44
0.0
176
     1
173
     0
176
     1
  0
VISUALSTYLE
  5
34
102
{ACAD_REACTORS
330
2A
102
}
102
{ACAD_XDICTIONARY
360
341
102
}
330
2A
100
AcDbVisualStyle
  2
Conceptual
 70
     9
177
     2
291
     0
 71
     3
176
     1
 72
     2
176
     1
 73
     0
176
     1
 90
        0
176
     1
 40
0.6
176
     1
 41
30.0
176
     1
 62
     5
 63
     7
421
 16777215
176
     1
 74
     2
176
     1
 91
        2
176
     1
 64
     7
176
     1
 65
   257
176
     1
 75
     1
176
     1
175
     1
176
     1
 42
179.0
176
     1
 92
        8
176
     1
 66
     7
176
     1
 43
1.0
176
     1
 76
     1
176
     1
 77
     6
176
     1
 78
     2
176
     1
 67
     7
176
     1
 79
     3
176
     1
170
     0
176
     1
171
     0
176
     1
290
     0
176
     1
 93
        1
176
     1
 44
0.0
176
     1
173
     0
176
     1
  0
VISUALSTYLE
  5
35
102
{ACAD_REACTORS
330
2A
102
}
102
{ACAD_XDICTIONARY
360
343
102
}
330
2A
100
AcDbVisualStyle
  2
Dim
 70
    11
177
     2
291
     1
 71
     2
176
     1
 72
     2
176
     1
 73
     0
176
     1
 90
        0
176
     1
 40
0.6
176
     1
 41
30.0
176
     1
 62
     5
 63
     7
421
 16777215
176
     1
 74
     1
176
     1
 91
        4
176
     1
 64
     7
176
     1
 65
   257
176
     1
 75
     1
176
     1
175
     1
176
     1
 42
1.0
176
     1
 92
        8
176
     1
 66
     7
176
     1
 43
1.0
176
     1
 76
     1
176
     1
 77
     6
176
     1
 78
     2
176
     1
 67
     7
176
     1
 79
     5
176
     1
170
     0
176
     1
171
     0
176
     1
290
     0
176
     1
 93
        1
176
     1
 44
-50.0
176
     1
173
     0
176
     1
  0
VISUALSTYLE
  5
3D
102
{ACAD_REACTORS
330
2A
102
}
102
{ACAD_XDICTIONARY
360
353
102
}
330
2A
100
AcDbVisualStyle
  2
EdgeColorOff
 70
    22
177
     2
291
     1
 71
     2
176
     0
 72
     2
176
     0
 73
     0
176
     0
 90
        0
176
     0
 40
0.6
176
     0
 41
30.0
176
     0
 62
     5
 63
     7
421
 16777215
176
     0
 74
     1
176
     0
 91
        4
176
     0
 64
     7
176
     0
 65
   257
176
     0
 75
     1
176
     0
175
     1
176
     0
 42
1.0
176
     0
 92
        8
176
     2
 66
     7
176
     0
 43
1.0
176
     0
 76
     1
176
     0
 77
     6
176
     0
 78
     2
176
     0
 67
     7
176
     0
 79
     5
176
     0
170
     0
176
     0
171
     0
176
     0
290
     0
176
     0
 93
        1
176
     0
 44
0.0
176
     0
173
     0
176
     0
  0
VISUALSTYLE
  5
39
102
{ACAD_REACTORS
330
2A
102
}
102
{ACAD_XDICTIONARY
360
34B
102
}
330
2A
100
AcDbVisualStyle
  2
Facepattern
 70
    15
177
     2
291
     1
 71
     2
176
     1
 72
     2
176
     1
 73
     0
176
     1
 90
        0
176
     1
 40
0.6
176
     1
 41
30.0
176
     1
 62
     5
 63
     7
421
 16777215
176
     1
 74
     1
176
     1
 91
        4
176
     1
 64
     7
176
     1
 65
   257
176
     1
 75
     1
176
     1
175
     1
176
     1
 42
1.0
176
     1
 92
        8
176
     1
 66
     7
176
     1
 43
1.0
176
     1
 76
     1
176
     1
 77
     6
176
     1
 78
     2
176
     1
 67
     7
176
     1
 79
     5
176
     1
170
     0
176
     1
171
     0
176
     1
290
     0
176
     1
 93
        1
176
     1
 44
0.0
176
     1
173
     0
176
     1
  0
VISUALSTYLE
  5
2B
102
{ACAD_REACTORS
330
2A
102
}
102
{ACAD_XDICTIONARY
360
32F
102
}
330
2A
100
AcDbVisualStyle
  2
Flat
 70
     0
177
     2
291
     1
 71
     2
176
     1
 72
     1
176
     1
 73
     1
176
     1
 90
        2
176
     1
 40
0.6
176
     1
 41
30.0
176
     1
 62
     5
 63
     7
421
 16777215
176
     1
 74
     0
176
     1
 91
        0
176
     1
 64
     7
176
     1
 65
   257
176
     1
 75
     1
176
     1
175
     1
176
     1
 42
1.0
176
     1
 92
        8
176
     1
 66
     7
176
     1
 43
1.0
176
     1
 76
     1
176
     1
 77
     6
176
     1
 78
     2
176
     1
 67
     7
176
     1
 79
     5
176
     1
170
     0
176
     1
171
     0
176
     1
290
     0
176
     1
 93
       13
176
     1
 44
0.0
176
     1
173
     0
176
     1
  0
VISUALSTYLE
  5
2C
102
{ACAD_REACTORS
330
2A
102
}
102
{ACAD_XDICTIONARY
360
331
102
}
330
2A
100
AcDbVisualStyle
  2
FlatWithEdges
 70
     1
177
     2
291
     1
 71
     2
176
     1
 72
     1
176
     1
 73
     1
176
     1
 90
        2
176
     1
 40
0.6
176
     1
 41
30.0
176
     1
 62
     5
 63
     7
421
 16777215
176
     1
 74
     1
176
     1
 91
        0
176
     1
 64
     7
176
     1
 65
   257
176
     1
 75
     1
176
     1
175
     1
176
     1
 42
1.0
176
     1
 92
        0
176
     1
 66
   257
176
     1
 43
1.0
176
     1
 76
     1
176
     1
 77
     6
176
     1
 78
     2
176
     1
 67
     7
176
     1
 79
     5
176
     1
170
     0
176
     1
171
     0
176
     1
290
     0
176
     1
 93
       13
176
     1
 44
0.0
176
     1
173
     0
176
     1
  0
VISUALSTYLE
  5
2D
102
{ACAD_REACTORS
330
2A
102
}
102
{ACAD_XDICTIONARY
360
333
102
}
330
2A
100
AcDbVisualStyle
  2
Gouraud
 70
     2
177
     2
291
     1
 71
     2
176
     1
 72
     2
176
     1
 73
     1
176
     1
 90
        2
176
     1
 40
0.6
176
     1
 41
30.0
176
     1
 62
     5
 63
     7
421
 16777215
176
     1
 74
     0
176
     1
 91
        0
176
     1
 64
     7
176
     1
 65
   257
176
     1
 75
     1
176
     1
175
     1
176
     1
 42
1.0
176
     1
 92
        0
176
     1
 66
     7
176
     1
 43
1.0
176
     1
 76
     1
176
     1
 77
     6
176
     1
 78
     2
176
     1
 67
     7
176
     1
 79
     5
176
     1
170
     0
176
     1
171
     0
176
     1
290
     0
176
     1
 93
       13
176
     1
 44
0.0
176
     1
173
     0
176
     1
  0
VISUALSTYLE
  5
2E
102
{ACAD_REACTORS
330
2A
102
}
102
{ACAD_XDICTIONARY
360
335
102
}
330
2A
100
AcDbVisualStyle
  2
GouraudWithEdges
 70
     3
177
     2
291
     1
 71
     2
176
     1
 72
     2
176
     1
 73
     1
176
     1
 90
        2
176
     1
 40
0.6
176
     1
 41
30.0
176
     1
 62
     5
 63
     7
421
 16777215
176
     1
 74
     1
176
     1
 91
        0
176
     1
 64
     7
176
     1
 65
   257
176
     1
 75
     1
176
     1
175
     1
176
     1
 42
1.0
176
     1
 92
        0
176
     1
 66
   257
176
     1
 43
1.0
176
     1
 76
     1
176
     1
 77
     6
176
     1
 78
     2
176
     1
 67
     7
176
     1
 79
     5
176
     1
170
     0
176
     1
171
     0
176
     1
290
     0
176
     1
 93
       13
176
     1
 44
0.0
176
     1
173
     0
176
     1
  0
VISUALSTYLE
  5
31
102
{ACAD_REACTORS
330
2A
102
}
102
{ACAD_XDICTIONARY
360
33B
102
}
330
2A
100
AcDbVisualStyle
  2
Hidden
 70
     6
177
     2
291
     0
 71
     1
176
     1
 72
     2
176
     1
 73
     2
176
     1
 90
        0
176
     1
 40
0.6
176
     1
 41
30.0
176
     1
 62
     5
 63
     7
421
 16777215
176
     1
 74
     2
176
     1
 91
        2
176
     1
 64
     7
176
     1
 65
   257
176
     1
 75
     2
176
     1
175
     1
176
     1
 42
40.0
176
     1
 92
        0
176
     1
 66
   257
176
     1
 43
1.0
176
     1
 76
     1
176
     1
 77
     6
176
     1
 78
     2
176
     1
 67
     7
176
     1
 79
     3
176
     1
170
     0
176
     1
171
     0
176
     1
290
     0
176
     1
 93
        1
176
     1
 44
0.0
176
     1
173
     0
176
     1
  0
VISUALSTYLE
  5
3B
102
{ACAD_REACTORS
330
2A
102
}
102
{ACAD_XDICTIONARY
360
34F
102
}
330
2A
100
AcDbVisualStyle
  2
JitterOff
 70
    20
177
     2
291
     1
 71
     2
176
     0
 72
     2
176
     0
 73
     0
176
     0
 90
        0
176
     0
 40
0.6
176
     0
 41
30.0
176
     0
 62
     5
 63
     7
421
 16777215
176
     0
 74
     1
176
     0
 91
        4
176
     0
 64
     7
176
     0
 65
   257
176
     0
 75
     1
176
     0
175
     1
176
     0
 42
1.0
176
     0
 92
       10
176
     2
 66
     7
176
     0
 43
1.0
176
     0
 76
     1
176
     0
 77
     6
176
     0
 78
     2
176
     0
 67
     7
176
     0
 79
     5
176
     0
170
     0
176
     0
171
     0
176
     0
290
     0
176
     0
 93
        1
176
     0
 44
0.0
176
     0
173
     0
176
     0
  0
VISUALSTYLE
  5
38
102
{ACAD_REACTORS
330
2A
102
}
102
{ACAD_XDICTIONARY
360
349
102
}
330
2A
100
AcDbVisualStyle
  2
Linepattern
 70
    14
177
     2
291
     1
 71
     2
176
     1
 72
     2
176
     1
 73
     0
176
     1
 90
        0
176
     1
 40
0.6
176
     1
 41
30.0
176
     1
 62
     5
 63
     7
421
 16777215
176
     1
 74
     1
176
     1
 91
        4
176
     1
 64
     7
176
     1
 65
   257
176
     1
 75
     7
176
     1
175
     7
176
     1
 42
1.0
176
     1
 92
        8
176
     1
 66
     7
176
     1
 43
1.0
176
     1
 76
     1
176
     1
 77
     6
176
     1
 78
     2
176
     1
 67
     7
176
     1
 79
     5
176
     1
170
     0
176
     1
171
     0
176
     1
290
     0
176
     1
 93
        1
176
     1
 44
0.0
176
     1
173
     0
176
     1
  0
VISUALSTYLE
  5
3C
102
{ACAD_REACTORS
330
2A
102
}
102
{ACAD_XDICTIONARY
360
351
102
}
330
2A
100
AcDbVisualStyle
  2
OverhangOff
 70
    21
177
     2
291
     1
 71
     2
176
     0
 72
     2
176
     0
 73
     0
176
     0
 90
        0
176
     0
 40
0.6
176
     0
 41
30.0
176
     0
 62
     5
 63
     7
421
 16777215
176
     0
 74
     1
176
     0
 91
        4
176
     0
 64
     7
176
     0
 65
   257
176
     0
 75
     1
176
     0
175
     1
176
     0
 42
1.0
176
     0
 92
        9
176
     2
 66
     7
176
     0
 43
1.0
176
     0
 76
     1
176
     0
 77
     6
176
     0
 78
     2
176
     0
 67
     7
176
     0
 79
     5
176
     0
170
     0
176
     0
171
     0
176
     0
290
     0
176
     0
 93
        1
176
     0
 44
0.0
176
     0
173
     0
176
     0
  0
VISUALSTYLE
  5
33
102
{ACAD_REACTORS
330
2A
102
}
102
{ACAD_XDICTIONARY
360
33F
102
}
330
2A
100
AcDbVisualStyle
  2
Realistic
 70
     8
177
     2
291
     0
 71
     2
176
     1
 72
     3
176
     1
 73
     0
176
     1
 90
        2
176
     1
 40
0.6
176
     1
 41
30.0
176
     1
 62
     5
 63
     7
421
 16777215
176
     1
 74
     0
176
     1
 91
        0
176
     1
 64
     7
176
     1
 65
   257
176
     1
 75
     1
176
     1
175
     1
176
     1
 42
1.0
176
     1
 92
        8
176
     1
 66
   257
176
     1
 43
1.0
176
     1
 76
     1
176
     1
 77
     6
176
     1
 78
     2
176
     1
 67
     7
176
     1
 79
     3
176
     1
170
     0
176
     1
171
     0
176
     1
290
     0
176
     1
 93
       13
176
     1
 44
0.0
176
     1
173
     0
176
     1
  0
VISUALSTYLE
  5
42
102
{ACAD_REACTORS
330
2A
102
}
102
{ACAD_XDICTIONARY
360
35D
102
}
330
2A
100
AcDbVisualStyle
  2
Shaded
 70
    27
177
     2
291
     0
 71
     2
176
     1
 72
     2
176
     1
 73
     1
176
     1
 90
        2
176
     1
 40
0.6
176
     1
 41
30.0
176
     1
 62
     5
 63
     7
421
 16777215
176
     1
 74
     0
176
     1
 91
        4
176
     1
 64
     7
176
     1
 65
   257
176
     1
 75
     1
176
     1
175
     1
176
     1
 42
1.0
176
     1
 92
        8
176
     1
 66
   257
176
     1
 43
1.0
176
     1
 76
     1
176
     1
 77
     6
176
     1
 78
     2
176
     1
 67
     8
425
  7895160
176
     1
 79
     3
176
     1
170
     0
176
     1
171
     0
176
     1
290
     0
176
     1
 93
        5
176
     1
 44
0.0
176
     1
173
     0
176
     1
  0
VISUALSTYLE
  5
41
102
{ACAD_REACTORS
330
2A
102
}
102
{ACAD_XDICTIONARY
360
35B
102
}
330
2A
100
AcDbVisualStyle
  2
Shaded with edges
 70
    26
177
     2
291
     0
 71
     2
176
     1
 72
     2
176
     1
 73
     1
176
     1
 90
        2
176
     1
 40
0.6
176
     1
 41
30.0
176
     1
 62
     5
 63
     7
421
 16777215
176
     1
 74
     1
176
     1
 91
       10
176
     1
 64
     7
176
     1
 65
   257
176
     1
 75
     2
176
     1
175
     1
176
     1
 42
1.0
176
     1
 92
        8
176
     1
 66
   257
176
     1
 43
1.0
176
     1
 76
     1
176
     1
 77
     6
176
     1
 78
     2
176
     1
 67
     7
176
     1
 79
     3
176
     1
170
     0
176
     1
171
     0
176
     1
290
     0
176
     1
 93
        5
176
     1
 44
0.0
176
     1
173
     0
176
     1
  0
VISUALSTYLE
  5
3E
102
{ACAD_REACTORS
330
2A
102
}
102
{ACAD_XDICTIONARY
360
355
102
}
330
2A
100
AcDbVisualStyle
  2
Shades of Gray
 70
    23
177
     2
291
     0
 71
     2
176
     1
 72
     2
176
     1
 73
     3
176
     1
 90
        0
176
     1
 40
0.6
176
     1
 41
30.0
176
     1
 62
     5
 63
     7
421
 16777215
176
     1
 74
     2
176
     1
 91
        2
176
     1
 64
     7
176
     1
 65
     7
176
     1
 75
     1
176
     1
175
     1
176
     1
 42
40.0
176
     1
 92
        8
176
     1
 66
     7
176
     1
 43
1.0
176
     1
 76
     1
176
     1
 77
     6
176
     1
 78
     2
176
     1
 67
     7
176
     1
 79
     3
176
     1
170
     0
176
     1
171
     0
176
     1
290
     0
176
     1
 93
        1
176
     1
 44
0.0
176
     1
173
     0
176
     1
  0
VISUALSTYLE
  5
3F
102
{ACAD_REACTORS
330
2A
102
}
102
{ACAD_XDICTIONARY
360
357
102
}
330
2A
100
AcDbVisualStyle
  2
Sketchy
 70
    24
177
     2
291
     0
 71
     1
176
     1
 72
     2
176
     1
 73
     2
176
     1
 90
        0
176
     1
 40
0.6
176
     1
 41
30.0
176
     1
 62
     5
 63
     7
421
 16777215
176
     1
 74
     2
176
     1
 91
        2
176
     1
 64
     7
176
     1
 65
     7
176
     1
 75
     1
176
     1
175
     1
176
     1
 42
40.0
176
     1
 92
       11
176
     1
 66
     7
176
     1
 43
1.0
176
     1
 76
     1
176
     1
 77
     6
176
     1
 78
     2
176
     1
 67
     7
176
     1
 79
     6
176
     1
170
     0
176
     1
171
     0
176
     1
290
     0
176
     1
 93
        1
176
     1
 44
0.0
176
     1
173
     0
176
     1
  0
VISUALSTYLE
  5
37
102
{ACAD_REACTORS
330
2A
102
}
102
{ACAD_XDICTIONARY
360
347
102
}
330
2A
100
AcDbVisualStyle
  2
Thicken
 70
    13
177
     2
291
     1
 71
     2
176
     1
 72
     2
176
     1
 73
     0
176
     1
 90
        0
176
     1
 40
0.6
176
     1
 41
30.0
176
     1
 62
     5
 63
     7
421
 16777215
176
     1
 74
     1
176
     1
 91
        4
176
     1
 64
     7
176
     1
 65
   257
176
     1
 75
     1
176
     1
175
     1
176
     1
 42
1.0
176
     1
 92
       12
176
     1
 66
     7
176
     1
 43
1.0
176
     1
 76
     1
176
     1
 77
     6
176
     1
 78
     2
176
     1
 67
     7
176
     1
 79
     5
176
     1
170
     0
176
     1
171
     0
176
     1
290
     0
176
     1
 93
        1
176
     1
 44
0.0
176
     1
173
     0
176
     1
  0
VISUALSTYLE
  5
30
102
{ACAD_REACTORS
330
2A
102
}
102
{ACAD_XDICTIONARY
360
339
102
}
330
2A
100
AcDbVisualStyle
  2
Wireframe
 70
     5
177
     2
291
     0
 71
     0
176
     1
 72
     2
176
     1
 73
     0
176
     1
 90
        0
176
     1
 40
0.6
176
     1
 41
30.0
176
     1
 62
     5
 63
     7
421
 16777215
176
     1
 74
     1
176
     1
 91
        4
176
     1
 64
     7
176
     1
 65
   257
176
     1
 75
     1
176
     1
175
     1
176
     1
 42
1.0
176
     1
 92
        0
176
     1
 66
   257
176
     1
 43
1.0
176
     1
 76
     1
176
     1
 77
     6
176
     1
 78
     2
176
     1
 67
     7
176
     1
 79
     3
176
     1
170
     0
176
     1
171
     0
176
     1
290
     0
176
     1
 93
        1
176
     1
 44
0.0
176
     1
173
     0
176
     1
  0
VISUALSTYLE
  5
40
102
{ACAD_REACTORS
330
2A
102
}
102
{ACAD_XDICTIONARY
360
359
102
}
330
2A
100
AcDbVisualStyle
  2
X-Ray
 70
    25
177
     2
291
     0
 71
     2
176
     1
 72
     2
176
     1
 73
     1
176
     1
 90
        1
176
     1
 40
0.5
176
     1
 41
30.0
176
     1
 62
     5
 63
     7
421
 16777215
176
     1
 74
     1
176
     1
 91
        0
176
     1
 64
     7
176
     1
 65
   257
176
     1
 75
     1
176
     1
175
     1
176
     1
 42
1.0
176
     1
 92
        8
176
     1
 66
     7
176
     1
 43
1.0
176
     1
 76
     1
176
     1
 77
     6
176
     1
 78
     2
176
     1
 67
     7
176
     1
 79
     3
176
     1
170
     0
176
     1
171
     0
176
     1
290
     0
176
     1
 93
       13
176
     1
 44
0.0
176
     1
173
     0
176
     1
  0
DICTIONARYVAR
  5
32E
102
{ACAD_REACTORS
330
32D
102
}
330
32D
100
DictionaryVariables
280
     0
  1
1:1
  0
DICTIONARYVAR
  5
363
102
{ACAD_REACTORS
330
32D
102
}
330
32D
100
DictionaryVariables
280
     0
  1
Standard
  0
DICTIONARYVAR
  5
362
102
{ACAD_REACTORS
330
32D
102
}
330
32D
100
DictionaryVariables
280
     0
  1
Standard
  0
DICTIONARY
  5
35F
330
5A
100
AcDbDictionary
280
     1
281
     1
  3
ACAD_ROUNDTRIP_2008_TABLESTYLE_CELLSTYLEMAP
360
360
  0
DICTIONARY
  5
337
330
2F
100
AcDbDictionary
280
     1
281
     1
  3
ACAD_XREC_ROUNDTRIP
360
338
  0
DICTIONARY
  5
33D
330
32
100
AcDbDictionary
280
     1
281
     1
  3
ACAD_XREC_ROUNDTRIP
360
33E
  0
DICTIONARY
  5
345
330
36
100
AcDbDictionary
280
     1
281
     1
  3
ACAD_XREC_ROUNDTRIP
360
346
  0
DICTIONARY
  5
34D
330
3A
100
AcDbDictionary
280
     1
281
     1
  3
ACAD_XREC_ROUNDTRIP
360
34E
  0
DICTIONARY
  5
341
330
34
100
AcDbDictionary
280
     1
281
     1
  3
ACAD_XREC_ROUNDTRIP
360
342
  0
DICTIONARY
  5
343
330
35
100
AcDbDictionary
280
     1
281
     1
  3
ACAD_XREC_ROUNDTRIP
360
344
  0
DICTIONARY
  5
353
330
3D
100
AcDbDictionary
280
     1
281
     1
  3
ACAD_XREC_ROUNDTRIP
360
354
  0
DICTIONARY
  5
34B
330
39
100
AcDbDictionary
280
     1
281
     1
  3
ACAD_XREC_ROUNDTRIP
360
34C
  0
DICTIONARY
  5
32F
330
2B
100
AcDbDictionary
280
     1
281
     1
  3
ACAD_XREC_ROUNDTRIP
360
330
  0
DICTIONARY
  5
331
330
2C
100
AcDbDictionary
280
     1
281
     1
  3
ACAD_XREC_ROUNDTRIP
360
332
  0
DICTIONARY
  5
333
330
2D
100
AcDbDictionary
280
     1
281
     1
  3
ACAD_XREC_ROUNDTRIP
360
334
  0
DICTIONARY
  5
335
330
2E
100
AcDbDictionary
280
     1
281
     1
  3
ACAD_XREC_ROUNDTRIP
360
336
  0
DICTIONARY
  5
33B
330
31
100
AcDbDictionary
280
     1
281
     1
  3
ACAD_XREC_ROUNDTRIP
360
33C
  0
DICTIONARY
  5
34F
330
3B
100
AcDbDictionary
280
     1
281
     1
  3
ACAD_XREC_ROUNDTRIP
360
350
  0
DICTIONARY
  5
349
330
38
100
AcDbDictionary
280
     1
281
     1
  3
ACAD_XREC_ROUNDTRIP
360
34A
  0
DICTIONARY
  5
351
330
3C
100
AcDbDictionary
280
     1
281
     1
  3
ACAD_XREC_ROUNDTRIP
360
352
  0
DICTIONARY
  5
33F
330
33
100
AcDbDictionary
280
     1
281
     1
  3
ACAD_XREC_ROUNDTRIP
360
340
  0
DICTIONARY
  5
35D
330
42
100
AcDbDictionary
280
     1
281
     1
  3
ACAD_XREC_ROUNDTRIP
360
35E
  0
DICTIONARY
  5
35B
330
41
100
AcDbDictionary
280
     1
281
     1
  3
ACAD_XREC_ROUNDTRIP
360
35C
  0
DICTIONARY
  5
355
330
3E
100
AcDbDictionary
280
     1
281
     1
  3
ACAD_XREC_ROUNDTRIP
360
356
  0
DICTIONARY
  5
357
330
3F
100
AcDbDictionary
280
     1
281
     1
  3
ACAD_XREC_ROUNDTRIP
360
358
  0
DICTIONARY
  5
347
330
37
100
AcDbDictionary
280
     1
281
     1
  3
ACAD_XREC_ROUNDTRIP
360
348
  0
DICTIONARY
  5
339
330
30
100
AcDbDictionary
280
     1
281
     1
  3
ACAD_XREC_ROUNDTRIP
360
33A
  0
DICTIONARY
  5
359
330
40
100
AcDbDictionary
280
     1
281
     1
  3
ACAD_XREC_ROUNDTRIP
360
35A
  0
CELLSTYLEMAP
  5
360
102
{ACAD_REACTORS
330
35F
102
}
330
35F
100
AcDbCellStyleMap
 90
        3
300
CELLSTYLE
  1
TABLEFORMAT_BEGIN
 90
        5
170
     1
 91
        0
 92
    32768
 62
   257
 93
        1
300
CONTENTFORMAT
  1
CONTENTFORMAT_BEGIN
 90
        0
 91
        0
 92
        4
 93
        0
300

 40
0.0
140
1.0
 94
        5
 62
     0
340
11
144
0.25
309
CONTENTFORMAT_END
171
     1
301
MARGIN
  1
CELLMARGIN_BEGIN
 40
0.06
 40
0.06
 40
0.06
 40
0.06
 40
0.06
 40
0.06
309
CELLMARGIN_END
 94
        6
 95
        1
302
GRIDFORMAT
  1
GRIDFORMAT_BEGIN
 90
        0
 91
        1
 62
     0
 92
       -2
340
14
 93
        0
 40
0.045
309
GRIDFORMAT_END
 95
        2
302
GRIDFORMAT
  1
GRIDFORMAT_BEGIN
 90
        0
 91
        1
 62
     0
 92
       -2
340
14
 93
        0
 40
0.045
309
GRIDFORMAT_END
 95
        4
302
GRIDFORMAT
  1
GRIDFORMAT_BEGIN
 90
        0
 91
        1
 62
     0
 92
       -2
340
14
 93
        0
 40
0.045
309
GRIDFORMAT_END
 95
        8
302
GRIDFORMAT
  1
GRIDFORMAT_BEGIN
 90
        0
 91
        1
 62
     0
 92
       -2
340
14
 93
        0
 40
0.045
309
GRIDFORMAT_END
 95
       16
302
GRIDFORMAT
  1
GRIDFORMAT_BEGIN
 90
        0
 91
        1
 62
     0
 92
       -2
340
14
 93
        0
 40
0.045
309
GRIDFORMAT_END
 95
       32
302
GRIDFORMAT
  1
GRIDFORMAT_BEGIN
 90
        0
 91
        1
 62
     0
 92
       -2
340
14
 93
        0
 40
0.045
309
GRIDFORMAT_END
309
TABLEFORMAT_END
  1
CELLSTYLE_BEGIN
 90
        1
 91
        1
300
_TITLE
309
CELLSTYLE_END
300
CELLSTYLE
  1
TABLEFORMAT_BEGIN
 90
        5
170
     1
 91
        0
 92
        0
 62
   257
 93
        1
300
CONTENTFORMAT
  1
CONTENTFORMAT_BEGIN
 90
        0
 91
        0
 92
        4
 93
        0
300

 40
0.0
140
1.0
 94
        5
 62
     0
340
11
144
0.18
309
CONTENTFORMAT_END
171
     1
301
MARGIN
  1
CELLMARGIN_BEGIN
 40
0.06
 40
0.06
 40
0.06
 40
0.06
 40
0.06
 40
0.06
309
CELLMARGIN_END
 94
        6
 95
        1
302
GRIDFORMAT
  1
GRIDFORMAT_BEGIN
 90
        0
 91
        1
 62
     0
 92
       -2
340
14
 93
        0
 40
0.045
309
GRIDFORMAT_END
 95
        2
302
GRIDFORMAT
  1
GRIDFORMAT_BEGIN
 90
        0
 91
        1
 62
     0
 92
       -2
340
14
 93
        0
 40
0.045
309
GRIDFORMAT_END
 95
        4
302
GRIDFORMAT
  1
GRIDFORMAT_BEGIN
 90
        0
 91
        1
 62
     0
 92
       -2
340
14
 93
        0
 40
0.045
309
GRIDFORMAT_END
 95
        8
302
GRIDFORMAT
  1
GRIDFORMAT_BEGIN
 90
        0
 91
        1
 62
     0
 92
       -2
340
14
 93
        0
 40
0.045
309
GRIDFORMAT_END
 95
       16
302
GRIDFORMAT
  1
GRIDFORMAT_BEGIN
 90
        0
 91
        1
 62
     0
 92
       -2
340
14
 93
        0
 40
0.045
309
GRIDFORMAT_END
 95
       32
302
GRIDFORMAT
  1
GRIDFORMAT_BEGIN
 90
        0
 91
        1
 62
     0
 92
       -2
340
14
 93
        0
 40
0.045
309
GRIDFORMAT_END
309
TABLEFORMAT_END
  1
CELLSTYLE_BEGIN
 90
        2
 91
        1
300
_HEADER
309
CELLSTYLE_END
300
CELLSTYLE
  1
TABLEFORMAT_BEGIN
 90
        5
170
     1
 91
        0
 92
        0
 62
   257
 93
        1
300
CONTENTFORMAT
  1
CONTENTFORMAT_BEGIN
 90
        0
 91
        0
 92
        4
 93
        0
300

 40
0.0
140
1.0
 94
        2
 62
     0
340
11
144
0.18
309
CONTENTFORMAT_END
171
     1
301
MARGIN
  1
CELLMARGIN_BEGIN
 40
0.06
 40
0.06
 40
0.06
 40
0.06
 40
0.06
 40
0.06
309
CELLMARGIN_END
 94
        6
 95
        1
302
GRIDFORMAT
  1
GRIDFORMAT_BEGIN
 90
        0
 91
        1
 62
     0
 92
       -2
340
14
 93
        0
 40
0.045
309
GRIDFORMAT_END
 95
        2
302
GRIDFORMAT
  1
GRIDFORMAT_BEGIN
 90
        0
 91
        1
 62
     0
 92
       -2
340
14
 93
        0
 40
0.045
309
GRIDFORMAT_END
 95
        4
302
GRIDFORMAT
  1
GRIDFORMAT_BEGIN
 90
        0
 91
        1
 62
     0
 92
       -2
340
14
 93
        0
 40
0.045
309
GRIDFORMAT_END
 95
        8
302
GRIDFORMAT
  1
GRIDFORMAT_BEGIN
 90
        0
 91
        1
 62
     0
 92
       -2
340
14
 93
        0
 40
0.045
309
GRIDFORMAT_END
 95
       16
302
GRIDFORMAT
  1
GRIDFORMAT_BEGIN
 90
        0
 91
        1
 62
     0
 92
       -2
340
14
 93
        0
 40
0.045
309
GRIDFORMAT_END
 95
       32
302
GRIDFORMAT
  1
GRIDFORMAT_BEGIN
 90
        0
 91
        1
 62
     0
 92
       -2
340
14
 93
        0
 40
0.045
309
GRIDFORMAT_END
309
TABLEFORMAT_END
  1
CELLSTYLE_BEGIN
 90
        3
 91
        2
300
_DATA
309
CELLSTYLE_END
  0
XRECORD
  5
338
102
{ACAD_REACTORS
330
337
102
}
330
337
100
AcDbXrecord
280
     1
102
RTVSPost2010Prop28
280
     1
102
RTVSPost2010PropOp28
 70
     1
102
RTVSPost2010Prop29
280
     1
102
RTVSPost2010PropOp29
 70
     1
102
RTVSPost2010Prop30
280
     0
102
RTVSPost2010PropOp30
 70
     1
102
RTVSPost2010Prop31
280
     0
102
RTVSPost2010PropOp31
 70
     1
102
RTVSPost2010Prop32
280
     0
102
RTVSPost2010PropOp32
 70
     1
102
RTVSPost2010Prop33
280
     0
102
RTVSPost2010PropOp33
 70
     1
102
RTVSPost2010Prop34
280
     0
102
RTVSPost2010PropOp34
 70
     1
102
RTVSPost2010Prop35
280
     0
102
RTVSPost2010PropOp35
 70
     1
102
RTVSPost2010Prop36
280
     0
102
RTVSPost2010PropOp36
 70
     1
102
RTVSPost2010Prop37
 90
       50
102
RTVSPost2010PropOp37
 70
     1
102
RTVSPost2010Prop38
140
0.0
102
RTVSPost2010PropOp38
 70
     1
102
RTVSPost2010Prop39
140
1.0
102
RTVSPost2010PropOp39
 70
     1
102
RTVSPost2010Prop40
 90
        0
102
RTVSPost2010PropOp40
 70
     1
102
RTVSPost2010Prop41ColorIndex
 90
       18
102
RTVSPost2010Prop41ColorRGB
 90
        0
102
RTVSPost2010PropOp41
 70
     1
102
RTVSPost2010Prop42
 90
       50
102
RTVSPost2010PropOp42
 70
     1
102
RTVSPost2010Prop43
 90
        3
102
RTVSPost2010PropOp43
 70
     1
102
RTVSPost2010Prop44ColorIndex
 90
        5
102
RTVSPost2010Prop44ColorRGB
 90
      255
102
RTVSPost2010PropOp44
 70
     1
102
RTVSPost2010Prop45
280
     0
102
RTVSPost2010PropOp45
 70
     1
102
RTVSPost2010Prop46
 90
       50
102
RTVSPost2010PropOp46
 70
     1
102
RTVSPost2010Prop47
 90
       50
102
RTVSPost2010PropOp47
 70
     1
102
RTVSPost2010Prop48
 90
       50
102
RTVSPost2010PropOp48
 70
     1
102
RTVSPost2010Prop49
280
     0
102
RTVSPost2010PropOp49
 70
     1
102
RTVSPost2010Prop50
 90
       50
102
RTVSPost2010PropOp50
 70
     1
102
RTVSPost2010Prop51ColorIndex
 90
      256
102
RTVSPost2010Prop51ColorRGB
 90
-16777216
102
RTVSPost2010PropOp51
 70
     0
102
RTVSPost2010Prop52
140
1.0
102
RTVSPost2010PropOp52
 70
     0
102
RTVSPost2010Prop53
 90
        2
102
RTVSPost2010PropOp53
 70
     1
102
RTVSPost2010Prop54
  1
strokes_ogs.tif
102
RTVSPost2010PropOp54
 70
     1
102
RTVSPost2010Prop55
280
     0
102
RTVSPost2010PropOp55
 70
     1
102
RTVSPost2010Prop56
140
1.0
102
RTVSPost2010PropOp56
 70
     1
102
RTVSPost2010Prop57
140
1.0
102
RTVSPost2010PropOp57
 70
     1
  0
XRECORD
  5
33E
102
{ACAD_REACTORS
330
33D
102
}
330
33D
100
AcDbXrecord
280
     1
102
RTVSPost2010Prop28
280
     0
102
RTVSPost2010PropOp28
 70
     1
102
RTVSPost2010Prop29
280
     1
102
RTVSPost2010PropOp29
 70
     1
102
RTVSPost2010Prop30
280
     1
102
RTVSPost2010PropOp30
 70
     1
102
RTVSPost2010Prop31
280
     0
102
RTVSPost2010PropOp31
 70
     1
102
RTVSPost2010Prop32
280
     0
102
RTVSPost2010PropOp32
 70
     1
102
RTVSPost2010Prop33
280
     0
102
RTVSPost2010PropOp33
 70
     1
102
RTVSPost2010Prop34
280
     0
102
RTVSPost2010PropOp34
 70
     1
102
RTVSPost2010Prop35
280
     0
102
RTVSPost2010PropOp35
 70
     1
102
RTVSPost2010Prop36
280
     0
102
RTVSPost2010PropOp36
 70
     1
102
RTVSPost2010Prop37
 90
       50
102
RTVSPost2010PropOp37
 70
     1
102
RTVSPost2010Prop38
140
0.0
102
RTVSPost2010PropOp38
 70
     1
102
RTVSPost2010Prop39
140
1.0
102
RTVSPost2010PropOp39
 70
     1
102
RTVSPost2010Prop40
 90
        0
102
RTVSPost2010PropOp40
 70
     1
102
RTVSPost2010Prop41ColorIndex
 90
       18
102
RTVSPost2010Prop41ColorRGB
 90
        0
102
RTVSPost2010PropOp41
 70
     1
102
RTVSPost2010Prop42
 90
       50
102
RTVSPost2010PropOp42
 70
     1
102
RTVSPost2010Prop43
 90
        3
102
RTVSPost2010PropOp43
 70
     1
102
RTVSPost2010Prop44ColorIndex
 90
        5
102
RTVSPost2010Prop44ColorRGB
 90
      255
102
RTVSPost2010PropOp44
 70
     1
102
RTVSPost2010Prop45
280
     0
102
RTVSPost2010PropOp45
 70
     1
102
RTVSPost2010Prop46
 90
       50
102
RTVSPost2010PropOp46
 70
     1
102
RTVSPost2010Prop47
 90
       50
102
RTVSPost2010PropOp47
 70
     1
102
RTVSPost2010Prop48
 90
       50
102
RTVSPost2010PropOp48
 70
     1
102
RTVSPost2010Prop49
280
     0
102
RTVSPost2010PropOp49
 70
     1
102
RTVSPost2010Prop50
 90
       50
102
RTVSPost2010PropOp50
 70
     1
102
RTVSPost2010Prop51ColorIndex
 90
      256
102
RTVSPost2010Prop51ColorRGB
 90
-16777216
102
RTVSPost2010PropOp51
 70
     0
102
RTVSPost2010Prop52
140
1.0
102
RTVSPost2010PropOp52
 70
     0
102
RTVSPost2010Prop53
 90
        2
102
RTVSPost2010PropOp53
 70
     1
102
RTVSPost2010Prop54
  1
strokes_ogs.tif
102
RTVSPost2010PropOp54
 70
     1
102
RTVSPost2010Prop55
280
     0
102
RTVSPost2010PropOp55
 70
     1
102
RTVSPost2010Prop56
140
1.0
102
RTVSPost2010PropOp56
 70
     1
102
RTVSPost2010Prop57
140
1.0
102
RTVSPost2010PropOp57
 70
     1
  0
XRECORD
  5
346
102
{ACAD_REACTORS
330
345
102
}
330
345
100
AcDbXrecord
280
     1
102
RTVSPost2010Prop28
280
     0
102
RTVSPost2010PropOp28
 70
     1
102
RTVSPost2010Prop29
280
     1
102
RTVSPost2010PropOp29
 70
     1
102
RTVSPost2010Prop30
280
     1
102
RTVSPost2010PropOp30
 70
     1
102
RTVSPost2010Prop31
280
     0
102
RTVSPost2010PropOp31
 70
     1
102
RTVSPost2010Prop32
280
     0
102
RTVSPost2010PropOp32
 70
     1
102
RTVSPost2010Prop33
280
     0
102
RTVSPost2010PropOp33
 70
     1
102
RTVSPost2010Prop34
280
     0
102
RTVSPost2010PropOp34
 70
     1
102
RTVSPost2010Prop35
280
     0
102
RTVSPost2010PropOp35
 70
     1
102
RTVSPost2010Prop36
280
     0
102
RTVSPost2010PropOp36
 70
     1
102
RTVSPost2010Prop37
 90
       50
102
RTVSPost2010PropOp37
 70
     1
102
RTVSPost2010Prop38
140
0.0
102
RTVSPost2010PropOp38
 70
     1
102
RTVSPost2010Prop39
140
1.0
102
RTVSPost2010PropOp39
 70
     1
102
RTVSPost2010Prop40
 90
        0
102
RTVSPost2010PropOp40
 70
     1
102
RTVSPost2010Prop41ColorIndex
 90
       18
102
RTVSPost2010Prop41ColorRGB
 90
        0
102
RTVSPost2010PropOp41
 70
     1
102
RTVSPost2010Prop42
 90
       50
102
RTVSPost2010PropOp42
 70
     1
102
RTVSPost2010Prop43
 90
        3
102
RTVSPost2010PropOp43
 70
     1
102
RTVSPost2010Prop44ColorIndex
 90
        5
102
RTVSPost2010Prop44ColorRGB
 90
      255
102
RTVSPost2010PropOp44
 70
     1
102
RTVSPost2010Prop45
280
     0
102
RTVSPost2010PropOp45
 70
     1
102
RTVSPost2010Prop46
 90
       50
102
RTVSPost2010PropOp46
 70
     1
102
RTVSPost2010Prop47
 90
       50
102
RTVSPost2010PropOp47
 70
     1
102
RTVSPost2010Prop48
 90
       50
102
RTVSPost2010PropOp48
 70
     1
102
RTVSPost2010Prop49
280
     0
102
RTVSPost2010PropOp49
 70
     1
102
RTVSPost2010Prop50
 90
       50
102
RTVSPost2010PropOp50
 70
     1
102
RTVSPost2010Prop51ColorIndex
 90
      256
102
RTVSPost2010Prop51ColorRGB
 90
-16777216
102
RTVSPost2010PropOp51
 70
     0
102
RTVSPost2010Prop52
140
1.0
102
RTVSPost2010PropOp52
 70
     0
102
RTVSPost2010Prop53
 90
        2
102
RTVSPost2010PropOp53
 70
     1
102
RTVSPost2010Prop54
  1
strokes_ogs.tif
102
RTVSPost2010PropOp54
 70
     1
102
RTVSPost2010Prop55
280
     0
102
RTVSPost2010PropOp55
 70
     1
102
RTVSPost2010Prop56
140
1.0
102
RTVSPost2010PropOp56
 70
     1
102
RTVSPost2010Prop57
140
1.0
102
RTVSPost2010PropOp57
 70
     1
  0
XRECORD
  5
34E
102
{ACAD_REACTORS
330
34D
102
}
330
34D
100
AcDbXrecord
280
     1
102
RTVSPost2010Prop28
280
     0
102
RTVSPost2010PropOp28
 70
     1
102
RTVSPost2010Prop29
280
     1
102
RTVSPost2010PropOp29
 70
     1
102
RTVSPost2010Prop30
280
     1
102
RTVSPost2010PropOp30
 70
     1
102
RTVSPost2010Prop31
280
     0
102
RTVSPost2010PropOp31
 70
     1
102
RTVSPost2010Prop32
280
     0
102
RTVSPost2010PropOp32
 70
     1
102
RTVSPost2010Prop33
280
     0
102
RTVSPost2010PropOp33
 70
     1
102
RTVSPost2010Prop34
280
     0
102
RTVSPost2010PropOp34
 70
     1
102
RTVSPost2010Prop35
280
     0
102
RTVSPost2010PropOp35
 70
     1
102
RTVSPost2010Prop36
280
     0
102
RTVSPost2010PropOp36
 70
     1
102
RTVSPost2010Prop37
 90
       50
102
RTVSPost2010PropOp37
 70
     1
102
RTVSPost2010Prop38
140
0.0
102
RTVSPost2010PropOp38
 70
     1
102
RTVSPost2010Prop39
140
1.0
102
RTVSPost2010PropOp39
 70
     1
102
RTVSPost2010Prop40
 90
        0
102
RTVSPost2010PropOp40
 70
     1
102
RTVSPost2010Prop41ColorIndex
 90
       18
102
RTVSPost2010Prop41ColorRGB
 90
        0
102
RTVSPost2010PropOp41
 70
     1
102
RTVSPost2010Prop42
 90
       50
102
RTVSPost2010PropOp42
 70
     1
102
RTVSPost2010Prop43
 90
        3
102
RTVSPost2010PropOp43
 70
     1
102
RTVSPost2010Prop44ColorIndex
 90
        5
102
RTVSPost2010Prop44ColorRGB
 90
      255
102
RTVSPost2010PropOp44
 70
     1
102
RTVSPost2010Prop45
280
     0
102
RTVSPost2010PropOp45
 70
     1
102
RTVSPost2010Prop46
 90
       50
102
RTVSPost2010PropOp46
 70
     1
102
RTVSPost2010Prop47
 90
       50
102
RTVSPost2010PropOp47
 70
     1
102
RTVSPost2010Prop48
 90
       50
102
RTVSPost2010PropOp48
 70
     1
102
RTVSPost2010Prop49
280
     0
102
RTVSPost2010PropOp49
 70
     1
102
RTVSPost2010Prop50
 90
       50
102
RTVSPost2010PropOp50
 70
     1
102
RTVSPost2010Prop51ColorIndex
 90
      256
102
RTVSPost2010Prop51ColorRGB
 90
-16777216
102
RTVSPost2010PropOp51
 70
     0
102
RTVSPost2010Prop52
140
1.0
102
RTVSPost2010PropOp52
 70
     0
102
RTVSPost2010Prop53
 90
        2
102
RTVSPost2010PropOp53
 70
     1
102
RTVSPost2010Prop54
  1
strokes_ogs.tif
102
RTVSPost2010PropOp54
 70
     1
102
RTVSPost2010Prop55
280
     0
102
RTVSPost2010PropOp55
 70
     1
102
RTVSPost2010Prop56
140
1.0
102
RTVSPost2010PropOp56
 70
     1
102
RTVSPost2010Prop57
140
1.0
102
RTVSPost2010PropOp57
 70
     1
  0
XRECORD
  5
342
102
{ACAD_REACTORS
330
341
102
}
330
341
100
AcDbXrecord
280
     1
102
RTVSPost2010Prop28
280
     0
102
RTVSPost2010PropOp28
 70
     1
102
RTVSPost2010Prop29
280
     1
102
RTVSPost2010PropOp29
 70
     1
102
RTVSPost2010Prop30
280
     1
102
RTVSPost2010PropOp30
 70
     1
102
RTVSPost2010Prop31
280
     0
102
RTVSPost2010PropOp31
 70
     1
102
RTVSPost2010Prop32
280
     0
102
RTVSPost2010PropOp32
 70
     1
102
RTVSPost2010Prop33
280
     0
102
RTVSPost2010PropOp33
 70
     1
102
RTVSPost2010Prop34
280
     0
102
RTVSPost2010PropOp34
 70
     1
102
RTVSPost2010Prop35
280
     0
102
RTVSPost2010PropOp35
 70
     1
102
RTVSPost2010Prop36
280
     0
102
RTVSPost2010PropOp36
 70
     1
102
RTVSPost2010Prop37
 90
       50
102
RTVSPost2010PropOp37
 70
     1
102
RTVSPost2010Prop38
140
0.0
102
RTVSPost2010PropOp38
 70
     1
102
RTVSPost2010Prop39
140
1.0
102
RTVSPost2010PropOp39
 70
     1
102
RTVSPost2010Prop40
 90
        0
102
RTVSPost2010PropOp40
 70
     1
102
RTVSPost2010Prop41ColorIndex
 90
       18
102
RTVSPost2010Prop41ColorRGB
 90
        0
102
RTVSPost2010PropOp41
 70
     1
102
RTVSPost2010Prop42
 90
       50
102
RTVSPost2010PropOp42
 70
     1
102
RTVSPost2010Prop43
 90
        3
102
RTVSPost2010PropOp43
 70
     1
102
RTVSPost2010Prop44ColorIndex
 90
        5
102
RTVSPost2010Prop44ColorRGB
 90
      255
102
RTVSPost2010PropOp44
 70
     1
102
RTVSPost2010Prop45
280
     0
102
RTVSPost2010PropOp45
 70
     1
102
RTVSPost2010Prop46
 90
       50
102
RTVSPost2010PropOp46
 70
     1
102
RTVSPost2010Prop47
 90
       50
102
RTVSPost2010PropOp47
 70
     1
102
RTVSPost2010Prop48
 90
       50
102
RTVSPost2010PropOp48
 70
     1
102
RTVSPost2010Prop49
280
     0
102
RTVSPost2010PropOp49
 70
     1
102
RTVSPost2010Prop50
 90
       50
102
RTVSPost2010PropOp50
 70
     1
102
RTVSPost2010Prop51ColorIndex
 90
      256
102
RTVSPost2010Prop51ColorRGB
 90
-16777216
102
RTVSPost2010PropOp51
 70
     0
102
RTVSPost2010Prop52
140
1.0
102
RTVSPost2010PropOp52
 70
     0
102
RTVSPost2010Prop53
 90
        2
102
RTVSPost2010PropOp53
 70
     1
102
RTVSPost2010Prop54
  1
strokes_ogs.tif
102
RTVSPost2010PropOp54
 70
     1
102
RTVSPost2010Prop55
280
     0
102
RTVSPost2010PropOp55
 70
     1
102
RTVSPost2010Prop56
140
1.0
102
RTVSPost2010PropOp56
 70
     1
102
RTVSPost2010Prop57
140
1.0
102
RTVSPost2010PropOp57
 70
     1
  0
XRECORD
  5
344
102
{ACAD_REACTORS
330
343
102
}
330
343
100
AcDbXrecord
280
     1
102
RTVSPost2010Prop28
280
     0
102
RTVSPost2010PropOp28
 70
     1
102
RTVSPost2010Prop29
280
     1
102
RTVSPost2010PropOp29
 70
     1
102
RTVSPost2010Prop30
280
     1
102
RTVSPost2010PropOp30
 70
     1
102
RTVSPost2010Prop31
280
     0
102
RTVSPost2010PropOp31
 70
     1
102
RTVSPost2010Prop32
280
     0
102
RTVSPost2010PropOp32
 70
     1
102
RTVSPost2010Prop33
280
     0
102
RTVSPost2010PropOp33
 70
     1
102
RTVSPost2010Prop34
280
     0
102
RTVSPost2010PropOp34
 70
     1
102
RTVSPost2010Prop35
280
     0
102
RTVSPost2010PropOp35
 70
     1
102
RTVSPost2010Prop36
280
     0
102
RTVSPost2010PropOp36
 70
     1
102
RTVSPost2010Prop37
 90
       50
102
RTVSPost2010PropOp37
 70
     1
102
RTVSPost2010Prop38
140
0.0
102
RTVSPost2010PropOp38
 70
     1
102
RTVSPost2010Prop39
140
1.0
102
RTVSPost2010PropOp39
 70
     1
102
RTVSPost2010Prop40
 90
        0
102
RTVSPost2010PropOp40
 70
     1
102
RTVSPost2010Prop41ColorIndex
 90
       18
102
RTVSPost2010Prop41ColorRGB
 90
        0
102
RTVSPost2010PropOp41
 70
     1
102
RTVSPost2010Prop42
 90
       50
102
RTVSPost2010PropOp42
 70
     1
102
RTVSPost2010Prop43
 90
        3
102
RTVSPost2010PropOp43
 70
     1
102
RTVSPost2010Prop44ColorIndex
 90
        5
102
RTVSPost2010Prop44ColorRGB
 90
      255
102
RTVSPost2010PropOp44
 70
     1
102
RTVSPost2010Prop45
280
     0
102
RTVSPost2010PropOp45
 70
     1
102
RTVSPost2010Prop46
 90
       50
102
RTVSPost2010PropOp46
 70
     1
102
RTVSPost2010Prop47
 90
       50
102
RTVSPost2010PropOp47
 70
     1
102
RTVSPost2010Prop48
 90
       50
102
RTVSPost2010PropOp48
 70
     1
102
RTVSPost2010Prop49
280
     0
102
RTVSPost2010PropOp49
 70
     1
102
RTVSPost2010Prop50
 90
       50
102
RTVSPost2010PropOp50
 70
     1
102
RTVSPost2010Prop51ColorIndex
 90
      256
102
RTVSPost2010Prop51ColorRGB
 90
-16777216
102
RTVSPost2010PropOp51
 70
     0
102
RTVSPost2010Prop52
140
1.0
102
RTVSPost2010PropOp52
 70
     0
102
RTVSPost2010Prop53
 90
        2
102
RTVSPost2010PropOp53
 70
     1
102
RTVSPost2010Prop54
  1
strokes_ogs.tif
102
RTVSPost2010PropOp54
 70
     1
102
RTVSPost2010Prop55
280
     0
102
RTVSPost2010PropOp55
 70
     1
102
RTVSPost2010Prop56
140
1.0
102
RTVSPost2010PropOp56
 70
     1
102
RTVSPost2010Prop57
140
1.0
102
RTVSPost2010PropOp57
 70
     1
  0
XRECORD
  5
354
102
{ACAD_REACTORS
330
353
102
}
330
353
100
AcDbXrecord
280
     1
102
RTVSPost2010Prop28
280
     0
102
RTVSPost2010PropOp28
 70
     0
102
RTVSPost2010Prop29
280
     1
102
RTVSPost2010PropOp29
 70
     0
102
RTVSPost2010Prop30
280
     1
102
RTVSPost2010PropOp30
 70
     0
102
RTVSPost2010Prop31
280
     0
102
RTVSPost2010PropOp31
 70
     0
102
RTVSPost2010Prop32
280
     0
102
RTVSPost2010PropOp32
 70
     0
102
RTVSPost2010Prop33
280
     0
102
RTVSPost2010PropOp33
 70
     0
102
RTVSPost2010Prop34
280
     0
102
RTVSPost2010PropOp34
 70
     0
102
RTVSPost2010Prop35
280
     0
102
RTVSPost2010PropOp35
 70
     0
102
RTVSPost2010Prop36
280
     0
102
RTVSPost2010PropOp36
 70
     0
102
RTVSPost2010Prop37
 90
       50
102
RTVSPost2010PropOp37
 70
     0
102
RTVSPost2010Prop38
140
0.0
102
RTVSPost2010PropOp38
 70
     0
102
RTVSPost2010Prop39
140
1.0
102
RTVSPost2010PropOp39
 70
     0
102
RTVSPost2010Prop40
 90
        0
102
RTVSPost2010PropOp40
 70
     0
102
RTVSPost2010Prop41ColorIndex
 90
       18
102
RTVSPost2010Prop41ColorRGB
 90
        0
102
RTVSPost2010PropOp41
 70
     0
102
RTVSPost2010Prop42
 90
       50
102
RTVSPost2010PropOp42
 70
     0
102
RTVSPost2010Prop43
 90
        3
102
RTVSPost2010PropOp43
 70
     0
102
RTVSPost2010Prop44ColorIndex
 90
        5
102
RTVSPost2010Prop44ColorRGB
 90
      255
102
RTVSPost2010PropOp44
 70
     0
102
RTVSPost2010Prop45
280
     0
102
RTVSPost2010PropOp45
 70
     0
102
RTVSPost2010Prop46
 90
       50
102
RTVSPost2010PropOp46
 70
     0
102
RTVSPost2010Prop47
 90
       50
102
RTVSPost2010PropOp47
 70
     0
102
RTVSPost2010Prop48
 90
       50
102
RTVSPost2010PropOp48
 70
     0
102
RTVSPost2010Prop49
280
     0
102
RTVSPost2010PropOp49
 70
     0
102
RTVSPost2010Prop50
 90
       50
102
RTVSPost2010PropOp50
 70
     0
102
RTVSPost2010Prop51ColorIndex
 90
      256
102
RTVSPost2010Prop51ColorRGB
 90
-16777216
102
RTVSPost2010PropOp51
 70
     0
102
RTVSPost2010Prop52
140
1.0
102
RTVSPost2010PropOp52
 70
     0
102
RTVSPost2010Prop53
 90
        2
102
RTVSPost2010PropOp53
 70
     0
102
RTVSPost2010Prop54
  1
strokes_ogs.tif
102
RTVSPost2010PropOp54
 70
     0
102
RTVSPost2010Prop55
280
     0
102
RTVSPost2010PropOp55
 70
     0
102
RTVSPost2010Prop56
140
1.0
102
RTVSPost2010PropOp56
 70
     0
102
RTVSPost2010Prop57
140
1.0
102
RTVSPost2010PropOp57
 70
     0
  0
XRECORD
  5
34C
102
{ACAD_REACTORS
330
34B
102
}
330
34B
100
AcDbXrecord
280
     1
102
RTVSPost2010Prop28
280
     0
102
RTVSPost2010PropOp28
 70
     1
102
RTVSPost2010Prop29
280
     1
102
RTVSPost2010PropOp29
 70
     1
102
RTVSPost2010Prop30
280
     1
102
RTVSPost2010PropOp30
 70
     1
102
RTVSPost2010Prop31
280
     0
102
RTVSPost2010PropOp31
 70
     1
102
RTVSPost2010Prop32
280
     0
102
RTVSPost2010PropOp32
 70
     1
102
RTVSPost2010Prop33
280
     0
102
RTVSPost2010PropOp33
 70
     1
102
RTVSPost2010Prop34
280
     0
102
RTVSPost2010PropOp34
 70
     1
102
RTVSPost2010Prop35
280
     0
102
RTVSPost2010PropOp35
 70
     1
102
RTVSPost2010Prop36
280
     0
102
RTVSPost2010PropOp36
 70
     1
102
RTVSPost2010Prop37
 90
       50
102
RTVSPost2010PropOp37
 70
     1
102
RTVSPost2010Prop38
140
0.0
102
RTVSPost2010PropOp38
 70
     1
102
RTVSPost2010Prop39
140
1.0
102
RTVSPost2010PropOp39
 70
     1
102
RTVSPost2010Prop40
 90
        0
102
RTVSPost2010PropOp40
 70
     1
102
RTVSPost2010Prop41ColorIndex
 90
       18
102
RTVSPost2010Prop41ColorRGB
 90
        0
102
RTVSPost2010PropOp41
 70
     1
102
RTVSPost2010Prop42
 90
       50
102
RTVSPost2010PropOp42
 70
     1
102
RTVSPost2010Prop43
 90
        3
102
RTVSPost2010PropOp43
 70
     1
102
RTVSPost2010Prop44ColorIndex
 90
        5
102
RTVSPost2010Prop44ColorRGB
 90
      255
102
RTVSPost2010PropOp44
 70
     1
102
RTVSPost2010Prop45
280
     0
102
RTVSPost2010PropOp45
 70
     1
102
RTVSPost2010Prop46
 90
       50
102
RTVSPost2010PropOp46
 70
     1
102
RTVSPost2010Prop47
 90
       50
102
RTVSPost2010PropOp47
 70
     1
102
RTVSPost2010Prop48
 90
       50
102
RTVSPost2010PropOp48
 70
     1
102
RTVSPost2010Prop49
280
     0
102
RTVSPost2010PropOp49
 70
     1
102
RTVSPost2010Prop50
 90
       50
102
RTVSPost2010PropOp50
 70
     1
102
RTVSPost2010Prop51ColorIndex
 90
      256
102
RTVSPost2010Prop51ColorRGB
 90
-16777216
102
RTVSPost2010PropOp51
 70
     0
102
RTVSPost2010Prop52
140
1.0
102
RTVSPost2010PropOp52
 70
     0
102
RTVSPost2010Prop53
 90
        2
102
RTVSPost2010PropOp53
 70
     1
102
RTVSPost2010Prop54
  1
strokes_ogs.tif
102
RTVSPost2010PropOp54
 70
     1
102
RTVSPost2010Prop55
280
     0
102
RTVSPost2010PropOp55
 70
     1
102
RTVSPost2010Prop56
140
1.0
102
RTVSPost2010PropOp56
 70
     1
102
RTVSPost2010Prop57
140
1.0
102
RTVSPost2010PropOp57
 70
     1
  0
XRECORD
  5
330
102
{ACAD_REACTORS
330
32F
102
}
330
32F
100
AcDbXrecord
280
     1
102
RTVSPost2010Prop28
280
     0
102
RTVSPost2010PropOp28
 70
     1
102
RTVSPost2010Prop29
280
     1
102
RTVSPost2010PropOp29
 70
     1
102
RTVSPost2010Prop30
280
     1
102
RTVSPost2010PropOp30
 70
     1
102
RTVSPost2010Prop31
280
     0
102
RTVSPost2010PropOp31
 70
     1
102
RTVSPost2010Prop32
280
     0
102
RTVSPost2010PropOp32
 70
     1
102
RTVSPost2010Prop33
280
     0
102
RTVSPost2010PropOp33
 70
     1
102
RTVSPost2010Prop34
280
     0
102
RTVSPost2010PropOp34
 70
     1
102
RTVSPost2010Prop35
280
     0
102
RTVSPost2010PropOp35
 70
     1
102
RTVSPost2010Prop36
280
     0
102
RTVSPost2010PropOp36
 70
     1
102
RTVSPost2010Prop37
 90
       50
102
RTVSPost2010PropOp37
 70
     1
102
RTVSPost2010Prop38
140
0.0
102
RTVSPost2010PropOp38
 70
     1
102
RTVSPost2010Prop39
140
1.0
102
RTVSPost2010PropOp39
 70
     1
102
RTVSPost2010Prop40
 90
        0
102
RTVSPost2010PropOp40
 70
     1
102
RTVSPost2010Prop41ColorIndex
 90
       18
102
RTVSPost2010Prop41ColorRGB
 90
        0
102
RTVSPost2010PropOp41
 70
     1
102
RTVSPost2010Prop42
 90
       50
102
RTVSPost2010PropOp42
 70
     1
102
RTVSPost2010Prop43
 90
        3
102
RTVSPost2010PropOp43
 70
     1
102
RTVSPost2010Prop44ColorIndex
 90
        5
102
RTVSPost2010Prop44ColorRGB
 90
      255
102
RTVSPost2010PropOp44
 70
     1
102
RTVSPost2010Prop45
280
     0
102
RTVSPost2010PropOp45
 70
     1
102
RTVSPost2010Prop46
 90
       50
102
RTVSPost2010PropOp46
 70
     1
102
RTVSPost2010Prop47
 90
       50
102
RTVSPost2010PropOp47
 70
     1
102
RTVSPost2010Prop48
 90
       50
102
RTVSPost2010PropOp48
 70
     1
102
RTVSPost2010Prop49
280
     0
102
RTVSPost2010PropOp49
 70
     1
102
RTVSPost2010Prop50
 90
       50
102
RTVSPost2010PropOp50
 70
     1
102
RTVSPost2010Prop51ColorIndex
 90
      256
102
RTVSPost2010Prop51ColorRGB
 90
-16777216
102
RTVSPost2010PropOp51
 70
     0
102
RTVSPost2010Prop52
140
1.0
102
RTVSPost2010PropOp52
 70
     0
102
RTVSPost2010Prop53
 90
        2
102
RTVSPost2010PropOp53
 70
     1
102
RTVSPost2010Prop54
  1
strokes_ogs.tif
102
RTVSPost2010PropOp54
 70
     1
102
RTVSPost2010Prop55
280
     0
102
RTVSPost2010PropOp55
 70
     1
102
RTVSPost2010Prop56
140
1.0
102
RTVSPost2010PropOp56
 70
     1
102
RTVSPost2010Prop57
140
1.0
102
RTVSPost2010PropOp57
 70
     1
  0
XRECORD
  5
332
102
{ACAD_REACTORS
330
331
102
}
330
331
100
AcDbXrecord
280
     1
102
RTVSPost2010Prop28
280
     0
102
RTVSPost2010PropOp28
 70
     1
102
RTVSPost2010Prop29
280
     1
102
RTVSPost2010PropOp29
 70
     1
102
RTVSPost2010Prop30
280
     1
102
RTVSPost2010PropOp30
 70
     1
102
RTVSPost2010Prop31
280
     0
102
RTVSPost2010PropOp31
 70
     1
102
RTVSPost2010Prop32
280
     0
102
RTVSPost2010PropOp32
 70
     1
102
RTVSPost2010Prop33
280
     0
102
RTVSPost2010PropOp33
 70
     1
102
RTVSPost2010Prop34
280
     0
102
RTVSPost2010PropOp34
 70
     1
102
RTVSPost2010Prop35
280
     0
102
RTVSPost2010PropOp35
 70
     1
102
RTVSPost2010Prop36
280
     0
102
RTVSPost2010PropOp36
 70
     1
102
RTVSPost2010Prop37
 90
       50
102
RTVSPost2010PropOp37
 70
     1
102
RTVSPost2010Prop38
140
0.0
102
RTVSPost2010PropOp38
 70
     1
102
RTVSPost2010Prop39
140
1.0
102
RTVSPost2010PropOp39
 70
     1
102
RTVSPost2010Prop40
 90
        0
102
RTVSPost2010PropOp40
 70
     1
102
RTVSPost2010Prop41ColorIndex
 90
       18
102
RTVSPost2010Prop41ColorRGB
 90
        0
102
RTVSPost2010PropOp41
 70
     1
102
RTVSPost2010Prop42
 90
       50
102
RTVSPost2010PropOp42
 70
     1
102
RTVSPost2010Prop43
 90
        3
102
RTVSPost2010PropOp43
 70
     1
102
RTVSPost2010Prop44ColorIndex
 90
        5
102
RTVSPost2010Prop44ColorRGB
 90
      255
102
RTVSPost2010PropOp44
 70
     1
102
RTVSPost2010Prop45
280
     0
102
RTVSPost2010PropOp45
 70
     1
102
RTVSPost2010Prop46
 90
       50
102
RTVSPost2010PropOp46
 70
     1
102
RTVSPost2010Prop47
 90
       50
102
RTVSPost2010PropOp47
 70
     1
102
RTVSPost2010Prop48
 90
       50
102
RTVSPost2010PropOp48
 70
     1
102
RTVSPost2010Prop49
280
     0
102
RTVSPost2010PropOp49
 70
     1
102
RTVSPost2010Prop50
 90
       50
102
RTVSPost2010PropOp50
 70
     1
102
RTVSPost2010Prop51ColorIndex
 90
      256
102
RTVSPost2010Prop51ColorRGB
 90
-16777216
102
RTVSPost2010PropOp51
 70
     0
102
RTVSPost2010Prop52
140
1.0
102
RTVSPost2010PropOp52
 70
     0
102
RTVSPost2010Prop53
 90
        2
102
RTVSPost2010PropOp53
 70
     1
102
RTVSPost2010Prop54
  1
strokes_ogs.tif
102
RTVSPost2010PropOp54
 70
     1
102
RTVSPost2010Prop55
280
     0
102
RTVSPost2010PropOp55
 70
     1
102
RTVSPost2010Prop56
140
1.0
102
RTVSPost2010PropOp56
 70
     1
102
RTVSPost2010Prop57
140
1.0
102
RTVSPost2010PropOp57
 70
     1
  0
XRECORD
  5
334
102
{ACAD_REACTORS
330
333
102
}
330
333
100
AcDbXrecord
280
     1
102
RTVSPost2010Prop28
280
     0
102
RTVSPost2010PropOp28
 70
     1
102
RTVSPost2010Prop29
280
     1
102
RTVSPost2010PropOp29
 70
     1
102
RTVSPost2010Prop30
280
     1
102
RTVSPost2010PropOp30
 70
     1
102
RTVSPost2010Prop31
280
     0
102
RTVSPost2010PropOp31
 70
     1
102
RTVSPost2010Prop32
280
     0
102
RTVSPost2010PropOp32
 70
     1
102
RTVSPost2010Prop33
280
     0
102
RTVSPost2010PropOp33
 70
     1
102
RTVSPost2010Prop34
280
     0
102
RTVSPost2010PropOp34
 70
     1
102
RTVSPost2010Prop35
280
     0
102
RTVSPost2010PropOp35
 70
     1
102
RTVSPost2010Prop36
280
     0
102
RTVSPost2010PropOp36
 70
     1
102
RTVSPost2010Prop37
 90
       50
102
RTVSPost2010PropOp37
 70
     1
102
RTVSPost2010Prop38
140
0.0
102
RTVSPost2010PropOp38
 70
     1
102
RTVSPost2010Prop39
140
1.0
102
RTVSPost2010PropOp39
 70
     1
102
RTVSPost2010Prop40
 90
        0
102
RTVSPost2010PropOp40
 70
     1
102
RTVSPost2010Prop41ColorIndex
 90
       18
102
RTVSPost2010Prop41ColorRGB
 90
        0
102
RTVSPost2010PropOp41
 70
     1
102
RTVSPost2010Prop42
 90
       50
102
RTVSPost2010PropOp42
 70
     1
102
RTVSPost2010Prop43
 90
        3
102
RTVSPost2010PropOp43
 70
     1
102
RTVSPost2010Prop44ColorIndex
 90
        5
102
RTVSPost2010Prop44ColorRGB
 90
      255
102
RTVSPost2010PropOp44
 70
     1
102
RTVSPost2010Prop45
280
     0
102
RTVSPost2010PropOp45
 70
     1
102
RTVSPost2010Prop46
 90
       50
102
RTVSPost2010PropOp46
 70
     1
102
RTVSPost2010Prop47
 90
       50
102
RTVSPost2010PropOp47
 70
     1
102
RTVSPost2010Prop48
 90
       50
102
RTVSPost2010PropOp48
 70
     1
102
RTVSPost2010Prop49
280
     0
102
RTVSPost2010PropOp49
 70
     1
102
RTVSPost2010Prop50
 90
       50
102
RTVSPost2010PropOp50
 70
     1
102
RTVSPost2010Prop51ColorIndex
 90
      256
102
RTVSPost2010Prop51ColorRGB
 90
-16777216
102
RTVSPost2010PropOp51
 70
     0
102
RTVSPost2010Prop52
140
1.0
102
RTVSPost2010PropOp52
 70
     0
102
RTVSPost2010Prop53
 90
        2
102
RTVSPost2010PropOp53
 70
     1
102
RTVSPost2010Prop54
  1
strokes_ogs.tif
102
RTVSPost2010PropOp54
 70
     1
102
RTVSPost2010Prop55
280
     0
102
RTVSPost2010PropOp55
 70
     1
102
RTVSPost2010Prop56
140
1.0
102
RTVSPost2010PropOp56
 70
     1
102
RTVSPost2010Prop57
140
1.0
102
RTVSPost2010PropOp57
 70
     1
  0
XRECORD
  5
336
102
{ACAD_REACTORS
330
335
102
}
330
335
100
AcDbXrecord
280
     1
102
RTVSPost2010Prop28
280
     0
102
RTVSPost2010PropOp28
 70
     1
102
RTVSPost2010Prop29
280
     1
102
RTVSPost2010PropOp29
 70
     1
102
RTVSPost2010Prop30
280
     1
102
RTVSPost2010PropOp30
 70
     1
102
RTVSPost2010Prop31
280
     0
102
RTVSPost2010PropOp31
 70
     1
102
RTVSPost2010Prop32
280
     0
102
RTVSPost2010PropOp32
 70
     1
102
RTVSPost2010Prop33
280
     0
102
RTVSPost2010PropOp33
 70
     1
102
RTVSPost2010Prop34
280
     0
102
RTVSPost2010PropOp34
 70
     1
102
RTVSPost2010Prop35
280
     0
102
RTVSPost2010PropOp35
 70
     1
102
RTVSPost2010Prop36
280
     0
102
RTVSPost2010PropOp36
 70
     1
102
RTVSPost2010Prop37
 90
       50
102
RTVSPost2010PropOp37
 70
     1
102
RTVSPost2010Prop38
140
0.0
102
RTVSPost2010PropOp38
 70
     1
102
RTVSPost2010Prop39
140
1.0
102
RTVSPost2010PropOp39
 70
     1
102
RTVSPost2010Prop40
 90
        0
102
RTVSPost2010PropOp40
 70
     1
102
RTVSPost2010Prop41ColorIndex
 90
       18
102
RTVSPost2010Prop41ColorRGB
 90
        0
102
RTVSPost2010PropOp41
 70
     1
102
RTVSPost2010Prop42
 90
       50
102
RTVSPost2010PropOp42
 70
     1
102
RTVSPost2010Prop43
 90
        3
102
RTVSPost2010PropOp43
 70
     1
102
RTVSPost2010Prop44ColorIndex
 90
        5
102
RTVSPost2010Prop44ColorRGB
 90
      255
102
RTVSPost2010PropOp44
 70
     1
102
RTVSPost2010Prop45
280
     0
102
RTVSPost2010PropOp45
 70
     1
102
RTVSPost2010Prop46
 90
       50
102
RTVSPost2010PropOp46
 70
     1
102
RTVSPost2010Prop47
 90
       50
102
RTVSPost2010PropOp47
 70
     1
102
RTVSPost2010Prop48
 90
       50
102
RTVSPost2010PropOp48
 70
     1
102
RTVSPost2010Prop49
280
     0
102
RTVSPost2010PropOp49
 70
     1
102
RTVSPost2010Prop50
 90
       50
102
RTVSPost2010PropOp50
 70
     1
102
RTVSPost2010Prop51ColorIndex
 90
      256
102
RTVSPost2010Prop51ColorRGB
 90
-16777216
102
RTVSPost2010PropOp51
 70
     0
102
RTVSPost2010Prop52
140
1.0
102
RTVSPost2010PropOp52
 70
     0
102
RTVSPost2010Prop53
 90
        2
102
RTVSPost2010PropOp53
 70
     1
102
RTVSPost2010Prop54
  1
strokes_ogs.tif
102
RTVSPost2010PropOp54
 70
     1
102
RTVSPost2010Prop55
280
     0
102
RTVSPost2010PropOp55
 70
     1
102
RTVSPost2010Prop56
140
1.0
102
RTVSPost2010PropOp56
 70
     1
102
RTVSPost2010Prop57
140
1.0
102
RTVSPost2010PropOp57
 70
     1
  0
XRECORD
  5
33C
102
{ACAD_REACTORS
330
33B
102
}
330
33B
100
AcDbXrecord
280
     1
102
RTVSPost2010Prop28
280
     0
102
RTVSPost2010PropOp28
 70
     1
102
RTVSPost2010Prop29
280
     1
102
RTVSPost2010PropOp29
 70
     1
102
RTVSPost2010Prop30
280
     1
102
RTVSPost2010PropOp30
 70
     1
102
RTVSPost2010Prop31
280
     0
102
RTVSPost2010PropOp31
 70
     1
102
RTVSPost2010Prop32
280
     0
102
RTVSPost2010PropOp32
 70
     1
102
RTVSPost2010Prop33
280
     0
102
RTVSPost2010PropOp33
 70
     1
102
RTVSPost2010Prop34
280
     0
102
RTVSPost2010PropOp34
 70
     1
102
RTVSPost2010Prop35
280
     0
102
RTVSPost2010PropOp35
 70
     1
102
RTVSPost2010Prop36
280
     0
102
RTVSPost2010PropOp36
 70
     1
102
RTVSPost2010Prop37
 90
       50
102
RTVSPost2010PropOp37
 70
     1
102
RTVSPost2010Prop38
140
0.0
102
RTVSPost2010PropOp38
 70
     1
102
RTVSPost2010Prop39
140
1.0
102
RTVSPost2010PropOp39
 70
     1
102
RTVSPost2010Prop40
 90
        0
102
RTVSPost2010PropOp40
 70
     1
102
RTVSPost2010Prop41ColorIndex
 90
       18
102
RTVSPost2010Prop41ColorRGB
 90
        0
102
RTVSPost2010PropOp41
 70
     1
102
RTVSPost2010Prop42
 90
       50
102
RTVSPost2010PropOp42
 70
     1
102
RTVSPost2010Prop43
 90
        3
102
RTVSPost2010PropOp43
 70
     1
102
RTVSPost2010Prop44ColorIndex
 90
        5
102
RTVSPost2010Prop44ColorRGB
 90
      255
102
RTVSPost2010PropOp44
 70
     1
102
RTVSPost2010Prop45
280
     0
102
RTVSPost2010PropOp45
 70
     1
102
RTVSPost2010Prop46
 90
       50
102
RTVSPost2010PropOp46
 70
     1
102
RTVSPost2010Prop47
 90
       50
102
RTVSPost2010PropOp47
 70
     1
102
RTVSPost2010Prop48
 90
       50
102
RTVSPost2010PropOp48
 70
     1
102
RTVSPost2010Prop49
280
     0
102
RTVSPost2010PropOp49
 70
     1
102
RTVSPost2010Prop50
 90
       50
102
RTVSPost2010PropOp50
 70
     1
102
RTVSPost2010Prop51ColorIndex
 90
      256
102
RTVSPost2010Prop51ColorRGB
 90
-16777216
102
RTVSPost2010PropOp51
 70
     0
102
RTVSPost2010Prop52
140
1.0
102
RTVSPost2010PropOp52
 70
     0
102
RTVSPost2010Prop53
 90
        2
102
RTVSPost2010PropOp53
 70
     1
102
RTVSPost2010Prop54
  1
strokes_ogs.tif
102
RTVSPost2010PropOp54
 70
     1
102
RTVSPost2010Prop55
280
     0
102
RTVSPost2010PropOp55
 70
     1
102
RTVSPost2010Prop56
140
1.0
102
RTVSPost2010PropOp56
 70
     1
102
RTVSPost2010Prop57
140
1.0
102
RTVSPost2010PropOp57
 70
     1
  0
XRECORD
  5
350
102
{ACAD_REACTORS
330
34F
102
}
330
34F
100
AcDbXrecord
280
     1
102
RTVSPost2010Prop28
280
     0
102
RTVSPost2010PropOp28
 70
     0
102
RTVSPost2010Prop29
280
     1
102
RTVSPost2010PropOp29
 70
     0
102
RTVSPost2010Prop30
280
     1
102
RTVSPost2010PropOp30
 70
     0
102
RTVSPost2010Prop31
280
     0
102
RTVSPost2010PropOp31
 70
     0
102
RTVSPost2010Prop32
280
     0
102
RTVSPost2010PropOp32
 70
     0
102
RTVSPost2010Prop33
280
     0
102
RTVSPost2010PropOp33
 70
     0
102
RTVSPost2010Prop34
280
     0
102
RTVSPost2010PropOp34
 70
     0
102
RTVSPost2010Prop35
280
     0
102
RTVSPost2010PropOp35
 70
     0
102
RTVSPost2010Prop36
280
     0
102
RTVSPost2010PropOp36
 70
     0
102
RTVSPost2010Prop37
 90
       50
102
RTVSPost2010PropOp37
 70
     0
102
RTVSPost2010Prop38
140
0.0
102
RTVSPost2010PropOp38
 70
     0
102
RTVSPost2010Prop39
140
1.0
102
RTVSPost2010PropOp39
 70
     0
102
RTVSPost2010Prop40
 90
        0
102
RTVSPost2010PropOp40
 70
     0
102
RTVSPost2010Prop41ColorIndex
 90
       18
102
RTVSPost2010Prop41ColorRGB
 90
        0
102
RTVSPost2010PropOp41
 70
     0
102
RTVSPost2010Prop42
 90
       50
102
RTVSPost2010PropOp42
 70
     0
102
RTVSPost2010Prop43
 90
        3
102
RTVSPost2010PropOp43
 70
     0
102
RTVSPost2010Prop44ColorIndex
 90
        5
102
RTVSPost2010Prop44ColorRGB
 90
      255
102
RTVSPost2010PropOp44
 70
     0
102
RTVSPost2010Prop45
280
     0
102
RTVSPost2010PropOp45
 70
     0
102
RTVSPost2010Prop46
 90
       50
102
RTVSPost2010PropOp46
 70
     0
102
RTVSPost2010Prop47
 90
       50
102
RTVSPost2010PropOp47
 70
     0
102
RTVSPost2010Prop48
 90
       50
102
RTVSPost2010PropOp48
 70
     0
102
RTVSPost2010Prop49
280
     0
102
RTVSPost2010PropOp49
 70
     0
102
RTVSPost2010Prop50
 90
       50
102
RTVSPost2010PropOp50
 70
     0
102
RTVSPost2010Prop51ColorIndex
 90
      256
102
RTVSPost2010Prop51ColorRGB
 90
-16777216
102
RTVSPost2010PropOp51
 70
     0
102
RTVSPost2010Prop52
140
1.0
102
RTVSPost2010PropOp52
 70
     0
102
RTVSPost2010Prop53
 90
        2
102
RTVSPost2010PropOp53
 70
     0
102
RTVSPost2010Prop54
  1
strokes_ogs.tif
102
RTVSPost2010PropOp54
 70
     0
102
RTVSPost2010Prop55
280
     0
102
RTVSPost2010PropOp55
 70
     0
102
RTVSPost2010Prop56
140
1.0
102
RTVSPost2010PropOp56
 70
     0
102
RTVSPost2010Prop57
140
1.0
102
RTVSPost2010PropOp57
 70
     0
  0
XRECORD
  5
34A
102
{ACAD_REACTORS
330
349
102
}
330
349
100
AcDbXrecord
280
     1
102
RTVSPost2010Prop28
280
     0
102
RTVSPost2010PropOp28
 70
     1
102
RTVSPost2010Prop29
280
     1
102
RTVSPost2010PropOp29
 70
     1
102
RTVSPost2010Prop30
280
     1
102
RTVSPost2010PropOp30
 70
     1
102
RTVSPost2010Prop31
280
     0
102
RTVSPost2010PropOp31
 70
     1
102
RTVSPost2010Prop32
280
     0
102
RTVSPost2010PropOp32
 70
     1
102
RTVSPost2010Prop33
280
     0
102
RTVSPost2010PropOp33
 70
     1
102
RTVSPost2010Prop34
280
     0
102
RTVSPost2010PropOp34
 70
     1
102
RTVSPost2010Prop35
280
     0
102
RTVSPost2010PropOp35
 70
     1
102
RTVSPost2010Prop36
280
     0
102
RTVSPost2010PropOp36
 70
     1
102
RTVSPost2010Prop37
 90
       50
102
RTVSPost2010PropOp37
 70
     1
102
RTVSPost2010Prop38
140
0.0
102
RTVSPost2010PropOp38
 70
     1
102
RTVSPost2010Prop39
140
1.0
102
RTVSPost2010PropOp39
 70
     1
102
RTVSPost2010Prop40
 90
        0
102
RTVSPost2010PropOp40
 70
     1
102
RTVSPost2010Prop41ColorIndex
 90
       18
102
RTVSPost2010Prop41ColorRGB
 90
        0
102
RTVSPost2010PropOp41
 70
     1
102
RTVSPost2010Prop42
 90
       50
102
RTVSPost2010PropOp42
 70
     1
102
RTVSPost2010Prop43
 90
        3
102
RTVSPost2010PropOp43
 70
     1
102
RTVSPost2010Prop44ColorIndex
 90
        5
102
RTVSPost2010Prop44ColorRGB
 90
      255
102
RTVSPost2010PropOp44
 70
     1
102
RTVSPost2010Prop45
280
     0
102
RTVSPost2010PropOp45
 70
     1
102
RTVSPost2010Prop46
 90
       50
102
RTVSPost2010PropOp46
 70
     1
102
RTVSPost2010Prop47
 90
       50
102
RTVSPost2010PropOp47
 70
     1
102
RTVSPost2010Prop48
 90
       50
102
RTVSPost2010PropOp48
 70
     1
102
RTVSPost2010Prop49
280
     0
102
RTVSPost2010PropOp49
 70
     1
102
RTVSPost2010Prop50
 90
       50
102
RTVSPost2010PropOp50
 70
     1
102
RTVSPost2010Prop51ColorIndex
 90
      256
102
RTVSPost2010Prop51ColorRGB
 90
-16777216
102
RTVSPost2010PropOp51
 70
     0
102
RTVSPost2010Prop52
140
1.0
102
RTVSPost2010PropOp52
 70
     0
102
RTVSPost2010Prop53
 90
        2
102
RTVSPost2010PropOp53
 70
     1
102
RTVSPost2010Prop54
  1
strokes_ogs.tif
102
RTVSPost2010PropOp54
 70
     1
102
RTVSPost2010Prop55
280
     0
102
RTVSPost2010PropOp55
 70
     1
102
RTVSPost2010Prop56
140
1.0
102
RTVSPost2010PropOp56
 70
     1
102
RTVSPost2010Prop57
140
1.0
102
RTVSPost2010PropOp57
 70
     1
  0
XRECORD
  5
352
102
{ACAD_REACTORS
330
351
102
}
330
351
100
AcDbXrecord
280
     1
102
RTVSPost2010Prop28
280
     0
102
RTVSPost2010PropOp28
 70
     0
102
RTVSPost2010Prop29
280
     1
102
RTVSPost2010PropOp29
 70
     0
102
RTVSPost2010Prop30
280
     1
102
RTVSPost2010PropOp30
 70
     0
102
RTVSPost2010Prop31
280
     0
102
RTVSPost2010PropOp31
 70
     0
102
RTVSPost2010Prop32
280
     0
102
RTVSPost2010PropOp32
 70
     0
102
RTVSPost2010Prop33
280
     0
102
RTVSPost2010PropOp33
 70
     0
102
RTVSPost2010Prop34
280
     0
102
RTVSPost2010PropOp34
 70
     0
102
RTVSPost2010Prop35
280
     0
102
RTVSPost2010PropOp35
 70
     0
102
RTVSPost2010Prop36
280
     0
102
RTVSPost2010PropOp36
 70
     0
102
RTVSPost2010Prop37
 90
       50
102
RTVSPost2010PropOp37
 70
     0
102
RTVSPost2010Prop38
140
0.0
102
RTVSPost2010PropOp38
 70
     0
102
RTVSPost2010Prop39
140
1.0
102
RTVSPost2010PropOp39
 70
     0
102
RTVSPost2010Prop40
 90
        0
102
RTVSPost2010PropOp40
 70
     0
102
RTVSPost2010Prop41ColorIndex
 90
       18
102
RTVSPost2010Prop41ColorRGB
 90
        0
102
RTVSPost2010PropOp41
 70
     0
102
RTVSPost2010Prop42
 90
       50
102
RTVSPost2010PropOp42
 70
     0
102
RTVSPost2010Prop43
 90
        3
102
RTVSPost2010PropOp43
 70
     0
102
RTVSPost2010Prop44ColorIndex
 90
        5
102
RTVSPost2010Prop44ColorRGB
 90
      255
102
RTVSPost2010PropOp44
 70
     0
102
RTVSPost2010Prop45
280
     0
102
RTVSPost2010PropOp45
 70
     0
102
RTVSPost2010Prop46
 90
       50
102
RTVSPost2010PropOp46
 70
     0
102
RTVSPost2010Prop47
 90
       50
102
RTVSPost2010PropOp47
 70
     0
102
RTVSPost2010Prop48
 90
       50
102
RTVSPost2010PropOp48
 70
     0
102
RTVSPost2010Prop49
280
     0
102
RTVSPost2010PropOp49
 70
     0
102
RTVSPost2010Prop50
 90
       50
102
RTVSPost2010PropOp50
 70
     0
102
RTVSPost2010Prop51ColorIndex
 90
      256
102
RTVSPost2010Prop51ColorRGB
 90
-16777216
102
RTVSPost2010PropOp51
 70
     0
102
RTVSPost2010Prop52
140
1.0
102
RTVSPost2010PropOp52
 70
     0
102
RTVSPost2010Prop53
 90
        2
102
RTVSPost2010PropOp53
 70
     0
102
RTVSPost2010Prop54
  1
strokes_ogs.tif
102
RTVSPost2010PropOp54
 70
     0
102
RTVSPost2010Prop55
280
     0
102
RTVSPost2010PropOp55
 70
     0
102
RTVSPost2010Prop56
140
1.0
102
RTVSPost2010PropOp56
 70
     0
102
RTVSPost2010Prop57
140
1.0
102
RTVSPost2010PropOp57
 70
     0
  0
XRECORD
  5
340
102
{ACAD_REACTORS
330
33F
102
}
330
33F
100
AcDbXrecord
280
     1
102
RTVSPost2010Prop28
280
     0
102
RTVSPost2010PropOp28
 70
     1
102
RTVSPost2010Prop29
280
     1
102
RTVSPost2010PropOp29
 70
     1
102
RTVSPost2010Prop30
280
     1
102
RTVSPost2010PropOp30
 70
     1
102
RTVSPost2010Prop31
280
     0
102
RTVSPost2010PropOp31
 70
     1
102
RTVSPost2010Prop32
280
     0
102
RTVSPost2010PropOp32
 70
     1
102
RTVSPost2010Prop33
280
     0
102
RTVSPost2010PropOp33
 70
     1
102
RTVSPost2010Prop34
280
     0
102
RTVSPost2010PropOp34
 70
     1
102
RTVSPost2010Prop35
280
     0
102
RTVSPost2010PropOp35
 70
     1
102
RTVSPost2010Prop36
280
     0
102
RTVSPost2010PropOp36
 70
     1
102
RTVSPost2010Prop37
 90
       50
102
RTVSPost2010PropOp37
 70
     1
102
RTVSPost2010Prop38
140
0.0
102
RTVSPost2010PropOp38
 70
     1
102
RTVSPost2010Prop39
140
1.0
102
RTVSPost2010PropOp39
 70
     1
102
RTVSPost2010Prop40
 90
        0
102
RTVSPost2010PropOp40
 70
     1
102
RTVSPost2010Prop41ColorIndex
 90
       18
102
RTVSPost2010Prop41ColorRGB
 90
        0
102
RTVSPost2010PropOp41
 70
     1
102
RTVSPost2010Prop42
 90
       50
102
RTVSPost2010PropOp42
 70
     1
102
RTVSPost2010Prop43
 90
        3
102
RTVSPost2010PropOp43
 70
     1
102
RTVSPost2010Prop44ColorIndex
 90
        5
102
RTVSPost2010Prop44ColorRGB
 90
      255
102
RTVSPost2010PropOp44
 70
     1
102
RTVSPost2010Prop45
280
     0
102
RTVSPost2010PropOp45
 70
     1
102
RTVSPost2010Prop46
 90
       50
102
RTVSPost2010PropOp46
 70
     1
102
RTVSPost2010Prop47
 90
       50
102
RTVSPost2010PropOp47
 70
     1
102
RTVSPost2010Prop48
 90
       50
102
RTVSPost2010PropOp48
 70
     1
102
RTVSPost2010Prop49
280
     0
102
RTVSPost2010PropOp49
 70
     1
102
RTVSPost2010Prop50
 90
       50
102
RTVSPost2010PropOp50
 70
     1
102
RTVSPost2010Prop51ColorIndex
 90
      256
102
RTVSPost2010Prop51ColorRGB
 90
-16777216
102
RTVSPost2010PropOp51
 70
     0
102
RTVSPost2010Prop52
140
1.0
102
RTVSPost2010PropOp52
 70
     0
102
RTVSPost2010Prop53
 90
        2
102
RTVSPost2010PropOp53
 70
     1
102
RTVSPost2010Prop54
  1
strokes_ogs.tif
102
RTVSPost2010PropOp54
 70
     1
102
RTVSPost2010Prop55
280
     0
102
RTVSPost2010PropOp55
 70
     1
102
RTVSPost2010Prop56
140
1.0
102
RTVSPost2010PropOp56
 70
     1
102
RTVSPost2010Prop57
140
1.0
102
RTVSPost2010PropOp57
 70
     1
  0
XRECORD
  5
35E
102
{ACAD_REACTORS
330
35D
102
}
330
35D
100
AcDbXrecord
280
     1
102
RTVSPost2010Prop28
280
     0
102
RTVSPost2010PropOp28
 70
     1
102
RTVSPost2010Prop29
280
     1
102
RTVSPost2010PropOp29
 70
     1
102
RTVSPost2010Prop30
280
     1
102
RTVSPost2010PropOp30
 70
     1
102
RTVSPost2010Prop31
280
     0
102
RTVSPost2010PropOp31
 70
     1
102
RTVSPost2010Prop32
280
     0
102
RTVSPost2010PropOp32
 70
     1
102
RTVSPost2010Prop33
280
     0
102
RTVSPost2010PropOp33
 70
     1
102
RTVSPost2010Prop34
280
     0
102
RTVSPost2010PropOp34
 70
     1
102
RTVSPost2010Prop35
280
     0
102
RTVSPost2010PropOp35
 70
     1
102
RTVSPost2010Prop36
280
     0
102
RTVSPost2010PropOp36
 70
     1
102
RTVSPost2010Prop37
 90
       50
102
RTVSPost2010PropOp37
 70
     1
102
RTVSPost2010Prop38
140
0.0
102
RTVSPost2010PropOp38
 70
     1
102
RTVSPost2010Prop39
140
1.0
102
RTVSPost2010PropOp39
 70
     1
102
RTVSPost2010Prop40
 90
        0
102
RTVSPost2010PropOp40
 70
     1
102
RTVSPost2010Prop41ColorIndex
 90
       18
102
RTVSPost2010Prop41ColorRGB
 90
        0
102
RTVSPost2010PropOp41
 70
     1
102
RTVSPost2010Prop42
 90
       50
102
RTVSPost2010PropOp42
 70
     1
102
RTVSPost2010Prop43
 90
        3
102
RTVSPost2010PropOp43
 70
     1
102
RTVSPost2010Prop44ColorIndex
 90
        5
102
RTVSPost2010Prop44ColorRGB
 90
      255
102
RTVSPost2010PropOp44
 70
     1
102
RTVSPost2010Prop45
280
     0
102
RTVSPost2010PropOp45
 70
     1
102
RTVSPost2010Prop46
 90
       50
102
RTVSPost2010PropOp46
 70
     1
102
RTVSPost2010Prop47
 90
       50
102
RTVSPost2010PropOp47
 70
     1
102
RTVSPost2010Prop48
 90
       50
102
RTVSPost2010PropOp48
 70
     1
102
RTVSPost2010Prop49
280
     0
102
RTVSPost2010PropOp49
 70
     1
102
RTVSPost2010Prop50
 90
       50
102
RTVSPost2010PropOp50
 70
     1
102
RTVSPost2010Prop51ColorIndex
 90
      256
102
RTVSPost2010Prop51ColorRGB
 90
-16777216
102
RTVSPost2010PropOp51
 70
     0
102
RTVSPost2010Prop52
140
1.0
102
RTVSPost2010PropOp52
 70
     0
102
RTVSPost2010Prop53
 90
        2
102
RTVSPost2010PropOp53
 70
     1
102
RTVSPost2010Prop54
  1
strokes_ogs.tif
102
RTVSPost2010PropOp54
 70
     1
102
RTVSPost2010Prop55
280
     0
102
RTVSPost2010PropOp55
 70
     1
102
RTVSPost2010Prop56
140
1.0
102
RTVSPost2010PropOp56
 70
     1
102
RTVSPost2010Prop57
140
1.0
102
RTVSPost2010PropOp57
 70
     1
  0
XRECORD
  5
35C
102
{ACAD_REACTORS
330
35B
102
}
330
35B
100
AcDbXrecord
280
     1
102
RTVSPost2010Prop28
280
     0
102
RTVSPost2010PropOp28
 70
     1
102
RTVSPost2010Prop29
280
     1
102
RTVSPost2010PropOp29
 70
     1
102
RTVSPost2010Prop30
280
     1
102
RTVSPost2010PropOp30
 70
     1
102
RTVSPost2010Prop31
280
     0
102
RTVSPost2010PropOp31
 70
     1
102
RTVSPost2010Prop32
280
     0
102
RTVSPost2010PropOp32
 70
     1
102
RTVSPost2010Prop33
280
     0
102
RTVSPost2010PropOp33
 70
     1
102
RTVSPost2010Prop34
280
     0
102
RTVSPost2010PropOp34
 70
     1
102
RTVSPost2010Prop35
280
     0
102
RTVSPost2010PropOp35
 70
     1
102
RTVSPost2010Prop36
280
     0
102
RTVSPost2010PropOp36
 70
     1
102
RTVSPost2010Prop37
 90
       50
102
RTVSPost2010PropOp37
 70
     1
102
RTVSPost2010Prop38
140
0.0
102
RTVSPost2010PropOp38
 70
     1
102
RTVSPost2010Prop39
140
1.0
102
RTVSPost2010PropOp39
 70
     1
102
RTVSPost2010Prop40
 90
        0
102
RTVSPost2010PropOp40
 70
     1
102
RTVSPost2010Prop41ColorIndex
 90
       18
102
RTVSPost2010Prop41ColorRGB
 90
        0
102
RTVSPost2010PropOp41
 70
     1
102
RTVSPost2010Prop42
 90
       50
102
RTVSPost2010PropOp42
 70
     1
102
RTVSPost2010Prop43
 90
        3
102
RTVSPost2010PropOp43
 70
     1
102
RTVSPost2010Prop44ColorIndex
 90
        5
102
RTVSPost2010Prop44ColorRGB
 90
      255
102
RTVSPost2010PropOp44
 70
     1
102
RTVSPost2010Prop45
280
     0
102
RTVSPost2010PropOp45
 70
     1
102
RTVSPost2010Prop46
 90
       50
102
RTVSPost2010PropOp46
 70
     1
102
RTVSPost2010Prop47
 90
       50
102
RTVSPost2010PropOp47
 70
     1
102
RTVSPost2010Prop48
 90
       50
102
RTVSPost2010PropOp48
 70
     1
102
RTVSPost2010Prop49
280
     0
102
RTVSPost2010PropOp49
 70
     1
102
RTVSPost2010Prop50
 90
       50
102
RTVSPost2010PropOp50
 70
     1
102
RTVSPost2010Prop51ColorIndex
 90
      256
102
RTVSPost2010Prop51ColorRGB
 90
-16777216
102
RTVSPost2010PropOp51
 70
     0
102
RTVSPost2010Prop52
140
1.0
102
RTVSPost2010PropOp52
 70
     0
102
RTVSPost2010Prop53
 90
        2
102
RTVSPost2010PropOp53
 70
     1
102
RTVSPost2010Prop54
  1
strokes_ogs.tif
102
RTVSPost2010PropOp54
 70
     1
102
RTVSPost2010Prop55
280
     0
102
RTVSPost2010PropOp55
 70
     1
102
RTVSPost2010Prop56
140
1.0
102
RTVSPost2010PropOp56
 70
     1
102
RTVSPost2010Prop57
140
1.0
102
RTVSPost2010PropOp57
 70
     1
  0
XRECORD
  5
356
102
{ACAD_REACTORS
330
355
102
}
330
355
100
AcDbXrecord
280
     1
102
RTVSPost2010Prop28
280
     0
102
RTVSPost2010PropOp28
 70
     1
102
RTVSPost2010Prop29
280
     1
102
RTVSPost2010PropOp29
 70
     1
102
RTVSPost2010Prop30
280
     1
102
RTVSPost2010PropOp30
 70
     1
102
RTVSPost2010Prop31
280
     0
102
RTVSPost2010PropOp31
 70
     1
102
RTVSPost2010Prop32
280
     0
102
RTVSPost2010PropOp32
 70
     1
102
RTVSPost2010Prop33
280
     0
102
RTVSPost2010PropOp33
 70
     1
102
RTVSPost2010Prop34
280
     0
102
RTVSPost2010PropOp34
 70
     1
102
RTVSPost2010Prop35
280
     0
102
RTVSPost2010PropOp35
 70
     1
102
RTVSPost2010Prop36
280
     0
102
RTVSPost2010PropOp36
 70
     1
102
RTVSPost2010Prop37
 90
       50
102
RTVSPost2010PropOp37
 70
     1
102
RTVSPost2010Prop38
140
0.0
102
RTVSPost2010PropOp38
 70
     1
102
RTVSPost2010Prop39
140
1.0
102
RTVSPost2010PropOp39
 70
     1
102
RTVSPost2010Prop40
 90
        0
102
RTVSPost2010PropOp40
 70
     1
102
RTVSPost2010Prop41ColorIndex
 90
       18
102
RTVSPost2010Prop41ColorRGB
 90
        0
102
RTVSPost2010PropOp41
 70
     1
102
RTVSPost2010Prop42
 90
       50
102
RTVSPost2010PropOp42
 70
     1
102
RTVSPost2010Prop43
 90
        3
102
RTVSPost2010PropOp43
 70
     1
102
RTVSPost2010Prop44ColorIndex
 90
        5
102
RTVSPost2010Prop44ColorRGB
 90
      255
102
RTVSPost2010PropOp44
 70
     1
102
RTVSPost2010Prop45
280
     0
102
RTVSPost2010PropOp45
 70
     1
102
RTVSPost2010Prop46
 90
       50
102
RTVSPost2010PropOp46
 70
     1
102
RTVSPost2010Prop47
 90
       50
102
RTVSPost2010PropOp47
 70
     1
102
RTVSPost2010Prop48
 90
       50
102
RTVSPost2010PropOp48
 70
     1
102
RTVSPost2010Prop49
280
     0
102
RTVSPost2010PropOp49
 70
     1
102
RTVSPost2010Prop50
 90
       50
102
RTVSPost2010PropOp50
 70
     1
102
RTVSPost2010Prop51ColorIndex
 90
      256
102
RTVSPost2010Prop51ColorRGB
 90
-16777216
102
RTVSPost2010PropOp51
 70
     0
102
RTVSPost2010Prop52
140
1.0
102
RTVSPost2010PropOp52
 70
     0
102
RTVSPost2010Prop53
 90
        2
102
RTVSPost2010PropOp53
 70
     1
102
RTVSPost2010Prop54
  1
strokes_ogs.tif
102
RTVSPost2010PropOp54
 70
     1
102
RTVSPost2010Prop55
280
     0
102
RTVSPost2010PropOp55
 70
     1
102
RTVSPost2010Prop56
140
1.0
102
RTVSPost2010PropOp56
 70
     1
102
RTVSPost2010Prop57
140
1.0
102
RTVSPost2010PropOp57
 70
     1
  0
XRECORD
  5
358
102
{ACAD_REACTORS
330
357
102
}
330
357
100
AcDbXrecord
280
     1
102
RTVSPost2010Prop28
280
     0
102
RTVSPost2010PropOp28
 70
     1
102
RTVSPost2010Prop29
280
     1
102
RTVSPost2010PropOp29
 70
     1
102
RTVSPost2010Prop30
280
     1
102
RTVSPost2010PropOp30
 70
     1
102
RTVSPost2010Prop31
280
     0
102
RTVSPost2010PropOp31
 70
     1
102
RTVSPost2010Prop32
280
     0
102
RTVSPost2010PropOp32
 70
     1
102
RTVSPost2010Prop33
280
     0
102
RTVSPost2010PropOp33
 70
     1
102
RTVSPost2010Prop34
280
     0
102
RTVSPost2010PropOp34
 70
     1
102
RTVSPost2010Prop35
280
     0
102
RTVSPost2010PropOp35
 70
     1
102
RTVSPost2010Prop36
280
     0
102
RTVSPost2010PropOp36
 70
     1
102
RTVSPost2010Prop37
 90
       50
102
RTVSPost2010PropOp37
 70
     1
102
RTVSPost2010Prop38
140
0.0
102
RTVSPost2010PropOp38
 70
     1
102
RTVSPost2010Prop39
140
1.0
102
RTVSPost2010PropOp39
 70
     1
102
RTVSPost2010Prop40
 90
        0
102
RTVSPost2010PropOp40
 70
     1
102
RTVSPost2010Prop41ColorIndex
 90
       18
102
RTVSPost2010Prop41ColorRGB
 90
        0
102
RTVSPost2010PropOp41
 70
     1
102
RTVSPost2010Prop42
 90
       50
102
RTVSPost2010PropOp42
 70
     1
102
RTVSPost2010Prop43
 90
        3
102
RTVSPost2010PropOp43
 70
     1
102
RTVSPost2010Prop44ColorIndex
 90
        5
102
RTVSPost2010Prop44ColorRGB
 90
      255
102
RTVSPost2010PropOp44
 70
     1
102
RTVSPost2010Prop45
280
     0
102
RTVSPost2010PropOp45
 70
     1
102
RTVSPost2010Prop46
 90
       50
102
RTVSPost2010PropOp46
 70
     1
102
RTVSPost2010Prop47
 90
       50
102
RTVSPost2010PropOp47
 70
     1
102
RTVSPost2010Prop48
 90
       50
102
RTVSPost2010PropOp48
 70
     1
102
RTVSPost2010Prop49
280
     0
102
RTVSPost2010PropOp49
 70
     1
102
RTVSPost2010Prop50
 90
       50
102
RTVSPost2010PropOp50
 70
     1
102
RTVSPost2010Prop51ColorIndex
 90
      256
102
RTVSPost2010Prop51ColorRGB
 90
-16777216
102
RTVSPost2010PropOp51
 70
     0
102
RTVSPost2010Prop52
140
1.0
102
RTVSPost2010PropOp52
 70
     0
102
RTVSPost2010Prop53
 90
        2
102
RTVSPost2010PropOp53
 70
     1
102
RTVSPost2010Prop54
  1
strokes_ogs.tif
102
RTVSPost2010PropOp54
 70
     1
102
RTVSPost2010Prop55
280
     0
102
RTVSPost2010PropOp55
 70
     1
102
RTVSPost2010Prop56
140
1.0
102
RTVSPost2010PropOp56
 70
     1
102
RTVSPost2010Prop57
140
1.0
102
RTVSPost2010PropOp57
 70
     1
  0
XRECORD
  5
348
102
{ACAD_REACTORS
330
347
102
}
330
347
100
AcDbXrecord
280
     1
102
RTVSPost2010Prop28
280
     0
102
RTVSPost2010PropOp28
 70
     1
102
RTVSPost2010Prop29
280
     1
102
RTVSPost2010PropOp29
 70
     1
102
RTVSPost2010Prop30
280
     1
102
RTVSPost2010PropOp30
 70
     1
102
RTVSPost2010Prop31
280
     0
102
RTVSPost2010PropOp31
 70
     1
102
RTVSPost2010Prop32
280
     0
102
RTVSPost2010PropOp32
 70
     1
102
RTVSPost2010Prop33
280
     0
102
RTVSPost2010PropOp33
 70
     1
102
RTVSPost2010Prop34
280
     0
102
RTVSPost2010PropOp34
 70
     1
102
RTVSPost2010Prop35
280
     0
102
RTVSPost2010PropOp35
 70
     1
102
RTVSPost2010Prop36
280
     0
102
RTVSPost2010PropOp36
 70
     1
102
RTVSPost2010Prop37
 90
       50
102
RTVSPost2010PropOp37
 70
     1
102
RTVSPost2010Prop38
140
0.0
102
RTVSPost2010PropOp38
 70
     1
102
RTVSPost2010Prop39
140
1.0
102
RTVSPost2010PropOp39
 70
     1
102
RTVSPost2010Prop40
 90
        0
102
RTVSPost2010PropOp40
 70
     1
102
RTVSPost2010Prop41ColorIndex
 90
       18
102
RTVSPost2010Prop41ColorRGB
 90
        0
102
RTVSPost2010PropOp41
 70
     1
102
RTVSPost2010Prop42
 90
       50
102
RTVSPost2010PropOp42
 70
     1
102
RTVSPost2010Prop43
 90
        3
102
RTVSPost2010PropOp43
 70
     1
102
RTVSPost2010Prop44ColorIndex
 90
        5
102
RTVSPost2010Prop44ColorRGB
 90
      255
102
RTVSPost2010PropOp44
 70
     1
102
RTVSPost2010Prop45
280
     0
102
RTVSPost2010PropOp45
 70
     1
102
RTVSPost2010Prop46
 90
       50
102
RTVSPost2010PropOp46
 70
     1
102
RTVSPost2010Prop47
 90
       50
102
RTVSPost2010PropOp47
 70
     1
102
RTVSPost2010Prop48
 90
       50
102
RTVSPost2010PropOp48
 70
     1
102
RTVSPost2010Prop49
280
     0
102
RTVSPost2010PropOp49
 70
     1
102
RTVSPost2010Prop50
 90
       50
102
RTVSPost2010PropOp50
 70
     1
102
RTVSPost2010Prop51ColorIndex
 90
      256
102
RTVSPost2010Prop51ColorRGB
 90
-16777216
102
RTVSPost2010PropOp51
 70
     0
102
RTVSPost2010Prop52
140
1.0
102
RTVSPost2010PropOp52
 70
     0
102
RTVSPost2010Prop53
 90
        2
102
RTVSPost2010PropOp53
 70
     1
102
RTVSPost2010Prop54
  1
strokes_ogs.tif
102
RTVSPost2010PropOp54
 70
     1
102
RTVSPost2010Prop55
280
     0
102
RTVSPost2010PropOp55
 70
     1
102
RTVSPost2010Prop56
140
1.0
102
RTVSPost2010PropOp56
 70
     1
102
RTVSPost2010Prop57
140
1.0
102
RTVSPost2010PropOp57
 70
     1
  0
XRECORD
  5
33A
102
{ACAD_REACTORS
330
339
102
}
330
339
100
AcDbXrecord
280
     1
102
RTVSPost2010Prop28
280
     0
102
RTVSPost2010PropOp28
 70
     1
102
RTVSPost2010Prop29
280
     1
102
RTVSPost2010PropOp29
 70
     1
102
RTVSPost2010Prop30
280
     1
102
RTVSPost2010PropOp30
 70
     1
102
RTVSPost2010Prop31
280
     0
102
RTVSPost2010PropOp31
 70
     1
102
RTVSPost2010Prop32
280
     0
102
RTVSPost2010PropOp32
 70
     1
102
RTVSPost2010Prop33
280
     0
102
RTVSPost2010PropOp33
 70
     1
102
RTVSPost2010Prop34
280
     0
102
RTVSPost2010PropOp34
 70
     1
102
RTVSPost2010Prop35
280
     0
102
RTVSPost2010PropOp35
 70
     1
102
RTVSPost2010Prop36
280
     0
102
RTVSPost2010PropOp36
 70
     1
102
RTVSPost2010Prop37
 90
       50
102
RTVSPost2010PropOp37
 70
     1
102
RTVSPost2010Prop38
140
0.0
102
RTVSPost2010PropOp38
 70
     1
102
RTVSPost2010Prop39
140
1.0
102
RTVSPost2010PropOp39
 70
     1
102
RTVSPost2010Prop40
 90
        0
102
RTVSPost2010PropOp40
 70
     1
102
RTVSPost2010Prop41ColorIndex
 90
       18
102
RTVSPost2010Prop41ColorRGB
 90
        0
102
RTVSPost2010PropOp41
 70
     1
102
RTVSPost2010Prop42
 90
       50
102
RTVSPost2010PropOp42
 70
     1
102
RTVSPost2010Prop43
 90
        3
102
RTVSPost2010PropOp43
 70
     1
102
RTVSPost2010Prop44ColorIndex
 90
        5
102
RTVSPost2010Prop44ColorRGB
 90
      255
102
RTVSPost2010PropOp44
 70
     1
102
RTVSPost2010Prop45
280
     0
102
RTVSPost2010PropOp45
 70
     1
102
RTVSPost2010Prop46
 90
       50
102
RTVSPost2010PropOp46
 70
     1
102
RTVSPost2010Prop47
 90
       50
102
RTVSPost2010PropOp47
 70
     1
102
RTVSPost2010Prop48
 90
       50
102
RTVSPost2010PropOp48
 70
     1
102
RTVSPost2010Prop49
280
     0
102
RTVSPost2010PropOp49
 70
     1
102
RTVSPost2010Prop50
 90
       50
102
RTVSPost2010PropOp50
 70
     1
102
RTVSPost2010Prop51ColorIndex
 90
      256
102
RTVSPost2010Prop51ColorRGB
 90
-16777216
102
RTVSPost2010PropOp51
 70
     0
102
RTVSPost2010Prop52
140
1.0
102
RTVSPost2010PropOp52
 70
     0
102
RTVSPost2010Prop53
 90
        2
102
RTVSPost2010PropOp53
 70
     1
102
RTVSPost2010Prop54
  1
strokes_ogs.tif
102
RTVSPost2010PropOp54
 70
     1
102
RTVSPost2010Prop55
280
     0
102
RTVSPost2010PropOp55
 70
     1
102
RTVSPost2010Prop56
140
1.0
102
RTVSPost2010PropOp56
 70
     1
102
RTVSPost2010Prop57
140
1.0
102
RTVSPost2010PropOp57
 70
     1
  0
XRECORD
  5
35A
102
{ACAD_REACTORS
330
359
102
}
330
359
100
AcDbXrecord
280
     1
102
RTVSPost2010Prop28
280
     0
102
RTVSPost2010PropOp28
 70
     1
102
RTVSPost2010Prop29
280
     1
102
RTVSPost2010PropOp29
 70
     1
102
RTVSPost2010Prop30
280
     1
102
RTVSPost2010PropOp30
 70
     1
102
RTVSPost2010Prop31
280
     0
102
RTVSPost2010PropOp31
 70
     1
102
RTVSPost2010Prop32
280
     0
102
RTVSPost2010PropOp32
 70
     1
102
RTVSPost2010Prop33
280
     0
102
RTVSPost2010PropOp33
 70
     1
102
RTVSPost2010Prop34
280
     0
102
RTVSPost2010PropOp34
 70
     1
102
RTVSPost2010Prop35
280
     0
102
RTVSPost2010PropOp35
 70
     1
102
RTVSPost2010Prop36
280
     0
102
RTVSPost2010PropOp36
 70
     1
102
RTVSPost2010Prop37
 90
       50
102
RTVSPost2010PropOp37
 70
     1
102
RTVSPost2010Prop38
140
0.0
102
RTVSPost2010PropOp38
 70
     1
102
RTVSPost2010Prop39
140
1.0
102
RTVSPost2010PropOp39
 70
     1
102
RTVSPost2010Prop40
 90
        0
102
RTVSPost2010PropOp40
 70
     1
102
RTVSPost2010Prop41ColorIndex
 90
       18
102
RTVSPost2010Prop41ColorRGB
 90
        0
102
RTVSPost2010PropOp41
 70
     1
102
RTVSPost2010Prop42
 90
       50
102
RTVSPost2010PropOp42
 70
     1
102
RTVSPost2010Prop43
 90
        3
102
RTVSPost2010PropOp43
 70
     1
102
RTVSPost2010Prop44ColorIndex
 90
        5
102
RTVSPost2010Prop44ColorRGB
 90
      255
102
RTVSPost2010PropOp44
 70
     1
102
RTVSPost2010Prop45
280
     0
102
RTVSPost2010PropOp45
 70
     1
102
RTVSPost2010Prop46
 90
       50
102
RTVSPost2010PropOp46
 70
     1
102
RTVSPost2010Prop47
 90
       50
102
RTVSPost2010PropOp47
 70
     1
102
RTVSPost2010Prop48
 90
       50
102
RTVSPost2010PropOp48
 70
     1
102
RTVSPost2010Prop49
280
     0
102
RTVSPost2010PropOp49
 70
     1
102
RTVSPost2010Prop50
 90
       50
102
RTVSPost2010PropOp50
 70
     1
102
RTVSPost2010Prop51ColorIndex
 90
      256
102
RTVSPost2010Prop51ColorRGB
 90
-16777216
102
RTVSPost2010PropOp51
 70
     0
102
RTVSPost2010Prop52
140
1.0
102
RTVSPost2010PropOp52
 70
     0
102
RTVSPost2010Prop53
 90
        2
102
RTVSPost2010PropOp53
 70
     1
102
RTVSPost2010Prop54
  1
strokes_ogs.tif
102
RTVSPost2010PropOp54
 70
     1
102
RTVSPost2010Prop55
280
     0
102
RTVSPost2010PropOp55
 70
     1
102
RTVSPost2010Prop56
140
1.0
102
RTVSPost2010PropOp56
 70
     1
102
RTVSPost2010Prop57
140
1.0
102
RTVSPost2010PropOp57
 70
     1
  0
ENDSEC
  0
EOF
