  0
SECTION
  2
HEADER
  9
$ACADVER
  1
AC1024
  9
$ACADMAINTVER
 70
     6
  9
$DWGCODEPAGE
  3
ANSI_1252
  9
$LASTSAVEDBY
  1
wassimj
  9
$INSBASE
 10
0.0
 20
0.0
 30
0.0
  9
$EXTMIN
 10
8.923131978424749
 20
0.0211666666666659
 30
0.0
  9
$EXTMAX
 10
66.79329154125053
 20
28.55326464550762
 30
0.0
  9
$LIMMIN
 10
0.0
 20
0.0
  9
$LIMMAX
 10
12.0
 20
9.0
  9
$ORTHOMODE
 70
     0
  9
$REGENMODE
 70
     1
  9
$FILLMODE
 70
     1
  9
$QTEXTMODE
 70
     0
  9
$MIRRTEXT
 70
     1
  9
$LTSCALE
 40
1.0
  9
$ATTMODE
 70
     1
  9
$TEXTSIZE
 40
0.2
  9
$TRACEWID
 40
0.05
  9
$TEXTSTYLE
  7
Standard
  9
$CLAYER
  8
0
  9
$CELTYPE
  6
ByLayer
  9
$CECOLOR
 62
   256
  9
$CELTSCALE
 40
1.0
  9
$DISPSILH
 70
     0
  9
$DIMSCALE
 40
1.0
  9
$DIMASZ
 40
0.18
  9
$DIMEXO
 40
0.0625
  9
$DIMDLI
 40
0.38
  9
$DIMRND
 40
0.0
  9
$DIMDLE
 40
0.0
  9
$DIMEXE
 40
0.18
  9
$DIMTP
 40
0.0
  9
$DIMTM
 40
0.0
  9
$DIMTXT
 40
0.18
  9
$DIMCEN
 40
0.09
  9
$DIMTSZ
 40
0.0
  9
$DIMTOL
 70
     0
  9
$DIMLIM
 70
     0
  9
$DIMTIH
 70
     1
  9
$DIMTOH
 70
     1
  9
$DIMSE1
 70
     0
  9
$DIMSE2
 70
     0
  9
$DIMTAD
 70
     0
  9
$DIMZIN
 70
     0
  9
$DIMBLK
  1

  9
$DIMASO
 70
     1
  9
$DIMSHO
 70
     1
  9
$DIMPOST
  1

  9
$DIMAPOST
  1

  9
$DIMALT
 70
     0
  9
$DIMALTD
 70
     2
  9
$DIMALTF
 40
25.4
  9
$DIMLFAC
 40
1.0
  9
$DIMTOFL
 70
     0
  9
$DIMTVP
 40
0.0
  9
$DIMTIX
 70
     0
  9
$DIMSOXD
 70
     0
  9
$DIMSAH
 70
     0
  9
$DIMBLK1
  1

  9
$DIMBLK2
  1

  9
$DIMSTYLE
  2
STANDARD_ACAD
  9
$DIMCLRD
 70
     0
  9
$DIMCLRE
 70
     0
  9
$DIMCLRT
 70
     0
  9
$DIMTFAC
 40
1.0
  9
$DIMGAP
 40
0.09
  9
$DIMJUST
 70
     0
  9
$DIMSD1
 70
     0
  9
$DIMSD2
 70
     0
  9
$DIMTOLJ
 70
     1
  9
$DIMTZIN
 70
     0
  9
$DIMALTZ
 70
     0
  9
$DIMALTTZ
 70
     0
  9
$DIMUPT
 70
     0
  9
$DIMDEC
 70
     4
  9
$DIMTDEC
 70
     4
  9
$DIMALTU
 70
     2
  9
$DIMALTTD
 70
     2
  9
$DIMTXSTY
  7
Standard
  9
$DIMAUNIT
 70
     0
  9
$DIMADEC
 70
     0
  9
$DIMALTRND
 40
0.0
  9
$DIMAZIN
 70
     0
  9
$DIMDSEP
 70
    46
  9
$DIMATFIT
 70
     3
  9
$DIMFRAC
 70
     0
  9
$DIMLDRBLK
  1

  9
$DIMLUNIT
 70
     2
  9
$DIMLWD
 70
    -2
  9
$DIMLWE
 70
    -2
  9
$DIMTMOVE
 70
     2
  9
$DIMFXL
 40
1.0
  9
$DIMFXLON
 70
     0
  9
$DIMJOGANG
 40
0.7853981633974483
  9
$DIMTFILL
 70
     0
  9
$DIMTFILLCLR
 70
     0
  9
$DIMARCSYM
 70
     0
  9
$DIMLTYPE
  6

  9
$DIMLTEX1
  6

  9
$DIMLTEX2
  6

  9
$DIMTXTDIRECTION
 70
     0
  9
$LUNITS
 70
     2
  9
$LUPREC
 70
     3
  9
$SKETCHINC
 40
0.1
  9
$FILLETRAD
 40
0.0
  9
$AUNITS
 70
     0
  9
$AUPREC
 70
     0
  9
$MENU
  1
.
  9
$ELEVATION
 40
0.0
  9
$PELEVATION
 40
0.0
  9
$THICKNESS
 40
0.0
  9
$LIMCHECK
 70
     0
  9
$CHAMFERA
 40
0.0
  9
$CHAMFERB
 40
0.0
  9
$CHAMFERC
 40
0.0
  9
$CHAMFERD
 40
0.0
  9
$SKPOLY
 70
     0
  9
$TDCREATE
 40
2460497.355020914
  9
$TDUCREATE
 40
2460497.313354248
  9
$TDUPDATE
 40
2460497.355036111
  9
$TDUUPDATE
 40
2460497.313369445
  9
$TDINDWG
 40
0.0000000116
  9
$TDUSRTIMER
 40
0.0000000116
  9
$USRTIMER
 70
     1
  9
$ANGBASE
 50
0.0
  9
$ANGDIR
 70
     0
  9
$PDMODE
 70
     0
  9
$PDSIZE
 40
0.0
  9
$PLINEWID
 40
0.0
  9
$SPLFRAME
 70
     0
  9
$SPLINETYPE
 70
     6
  9
$SPLINESEGS
 70
     8
  9
$HANDSEED
  5
D85
  9
$SURFTAB1
 70
     6
  9
$SURFTAB2
 70
     6
  9
$SURFTYPE
 70
     6
  9
$SURFU
 70
     6
  9
$SURFV
 70
     6
  9
$UCSBASE
  2

  9
$UCSNAME
  2

  9
$UCSORG
 10
0.0
 20
0.0
 30
0.0
  9
$UCSXDIR
 10
1.0
 20
0.0
 30
0.0
  9
$UCSYDIR
 10
0.0
 20
1.0
 30
0.0
  9
$UCSORTHOREF
  2

  9
$UCSORTHOVIEW
 70
     0
  9
$UCSORGTOP
 10
0.0
 20
0.0
 30
0.0
  9
$UCSORGBOTTOM
 10
0.0
 20
0.0
 30
0.0
  9
$UCSORGLEFT
 10
0.0
 20
0.0
 30
0.0
  9
$UCSORGRIGHT
 10
0.0
 20
0.0
 30
0.0
  9
$UCSORGFRONT
 10
0.0
 20
0.0
 30
0.0
  9
$UCSORGBACK
 10
0.0
 20
0.0
 30
0.0
  9
$PUCSBASE
  2

  9
$PUCSNAME
  2

  9
$PUCSORG
 10
0.0
 20
0.0
 30
0.0
  9
$PUCSXDIR
 10
1.0
 20
0.0
 30
0.0
  9
$PUCSYDIR
 10
0.0
 20
1.0
 30
0.0
  9
$PUCSORTHOREF
  2

  9
$PUCSORTHOVIEW
 70
     0
  9
$PUCSORGTOP
 10
0.0
 20
0.0
 30
0.0
  9
$PUCSORGBOTTOM
 10
0.0
 20
0.0
 30
0.0
  9
$PUCSORGLEFT
 10
0.0
 20
0.0
 30
0.0
  9
$PUCSORGRIGHT
 10
0.0
 20
0.0
 30
0.0
  9
$PUCSORGFRONT
 10
0.0
 20
0.0
 30
0.0
  9
$PUCSORGBACK
 10
0.0
 20
0.0
 30
0.0
  9
$USERI1
 70
     0
  9
$USERI2
 70
     0
  9
$USERI3
 70
     0
  9
$USERI4
 70
     0
  9
$USERI5
 70
     0
  9
$USERR1
 40
0.0
  9
$USERR2
 40
0.0
  9
$USERR3
 40
0.0
  9
$USERR4
 40
0.0
  9
$USERR5
 40
0.0
  9
$WORLDVIEW
 70
     1
  9
$SHADEDGE
 70
     3
  9
$SHADEDIF
 70
    70
  9
$TILEMODE
 70
     1
  9
$MAXACTVP
 70
    64
  9
$PINSBASE
 10
0.0
 20
0.0
 30
0.0
  9
$PLIMCHECK
 70
     0
  9
$PEXTMIN
 10
1.000000000000000E+20
 20
1.000000000000000E+20
 30
1.000000000000000E+20
  9
$PEXTMAX
 10
-1.000000000000000E+20
 20
-1.000000000000000E+20
 30
-1.000000000000000E+20
  9
$PLIMMIN
 10
0.0
 20
0.0
  9
$PLIMMAX
 10
12.0
 20
9.0
  9
$UNITMODE
 70
     0
  9
$VISRETAIN
 70
     1
  9
$PLINEGEN
 70
     0
  9
$PSLTSCALE
 70
     1
  9
$TREEDEPTH
 70
  3020
  9
$CMLSTYLE
  2
Standard
  9
$CMLJUST
 70
     0
  9
$CMLSCALE
 40
1.0
  9
$PROXYGRAPHICS
 70
     1
  9
$MEASUREMENT
 70
     1
  9
$CELWEIGHT
370
    -1
  9
$ENDCAPS
280
     0
  9
$JOINSTYLE
280
     0
  9
$LWDISPLAY
290
     0
  9
$INSUNITS
 70
     6
  9
$HYPERLINKBASE
  1

  9
$STYLESHEET
  1

  9
$XEDIT
290
     1
  9
$CEPSNTYPE
380
     0
  9
$PSTYLEMODE
290
     1
  9
$FINGERPRINTGUID
  2
{062d18a8-842d-4386-ab46-edab39477a18}
  9
$VERSIONGUID
  2
{FAEB1C32-E019-11D5-929B-00C0DF256EC4}
  9
$EXTNAMES
290
     1
  9
$PSVPSCALE
 40
0.0
  9
$OLESTARTUP
290
     0
  9
$SORTENTS
280
   127
  9
$INDEXCTL
280
     0
  9
$HIDETEXT
280
     1
  9
$XCLIPFRAME
280
     2
  9
$HALOGAP
280
     0
  9
$OBSCOLOR
 70
   257
  9
$OBSLTYPE
280
     0
  9
$INTERSECTIONDISPLAY
280
     0
  9
$INTERSECTIONCOLOR
 70
   257
  9
$DIMASSOC
280
     2
  9
$PROJECTNAME
  1

  9
$CAMERADISPLAY
290
     0
  9
$LENSLENGTH
 40
50.0
  9
$CAMERAHEIGHT
 40
0.0
  9
$STEPSPERSEC
 40
2.0
  9
$STEPSIZE
 40
6.0
  9
$3DDWFPREC
 40
2.0
  9
$PSOLWIDTH
 40
0.25
  9
$PSOLHEIGHT
 40
4.0
  9
$LOFTANG1
 40
1.570796326794897
  9
$LOFTANG2
 40
1.570796326794897
  9
$LOFTMAG1
 40
0.0
  9
$LOFTMAG2
 40
0.0
  9
$LOFTPARAM
 70
     7
  9
$LOFTNORMALS
280
     1
  9
$LATITUDE
 40
37.795
  9
$LONGITUDE
 40
-122.394
  9
$NORTHDIRECTION
 40
0.0
  9
$TIMEZONE
 70
 -8000
  9
$LIGHTGLYPHDISPLAY
280
     1
  9
$TILEMODELIGHTSYNCH
280
     1
  9
$CMATERIAL
347
44
  9
$SOLIDHIST
280
     0
  9
$SHOWHIST
280
     1
  9
$DWFFRAME
280
     2
  9
$DGNFRAME
280
     2
  9
$REALWORLDSCALE
290
     1
  9
$INTERFERECOLOR
 62
   256
  9
$CSHADOW
280
     0
  9
$SHADOWPLANELOCATION
 40
0.0
  0
ENDSEC
  0
SECTION
  2
CLASSES
  0
CLASS
  1
ACDBDICTIONARYWDFLT
  2
AcDbDictionaryWithDefault
  3
ObjectDBX Classes
 90
        0
 91
        3
280
     0
281
     0
  0
CLASS
  1
VISUALSTYLE
  2
AcDbVisualStyle
  3
ObjectDBX Classes
 90
     4095
 91
        3
280
     0
281
     0
  0
CLASS
  1
MATERIAL
  2
AcDbMaterial
  3
ObjectDBX Classes
 90
     1153
 91
        3
280
     0
281
     0
  0
CLASS
  1
SCALE
  2
AcDbScale
  3
ObjectDBX Classes
 90
     1153
 91
        3
280
     0
281
     0
  0
CLASS
  1
TABLESTYLE
  2
AcDbTableStyle
  3
ObjectDBX Classes
 90
     4095
 91
        3
280
     0
281
     0
  0
CLASS
  1
MLEADERSTYLE
  2
AcDbMLeaderStyle
  3
ACDB_MLEADERSTYLE_CLASS
 90
     4095
 91
        3
280
     0
281
     0
  0
CLASS
  1
SUN
  2
AcDbSun
  3
SCENEOE
 90
     1153
 91
        3
280
     0
281
     0
  0
CLASS
  1
DICTIONARYVAR
  2
AcDbDictionaryVar
  3
ObjectDBX Classes
 90
        0
 91
        3
280
     0
281
     0
  0
CLASS
  1
CELLSTYLEMAP
  2
AcDbCellStyleMap
  3
ObjectDBX Classes
 90
     1152
 91
        3
280
     0
281
     0
  0
ENDSEC
  0
SECTION
  2
TABLES
  0
TABLE
  2
VPORT
  5
8
330
0
100
AcDbSymbolTable
 70
     1
  0
VPORT
  5
29
330
8
100
AcDbSymbolTableRecord
100
AcDbViewportTableRecord
  2
*Active
 70
     0
 10
0.0
 20
0.0
 11
1.0
 21
1.0
 12
10.42990654205607
 22
4.5
 13
0.0
 23
0.0
 14
0.5
 24
0.5
 15
0.5
 25
0.5
 16
0.0
 26
0.0
 36
1.0
 17
0.0
 27
0.0
 37
0.0
 40
9.0
 41
1.972972972850329
 42
50.0
 43
0.0
 44
0.0
 50
0.0
 51
0.0
 71
     0
 72
   100
 73
     1
 74
     3
 75
     0
 76
     0
 77
     0
 78
     0
281
     0
 65
     1
110
0.0
120
0.0
130
0.0
111
1.0
121
0.0
131
0.0
112
0.0
122
1.0
132
0.0
 79
     0
146
0.0
348
2F
 60
     3
 61
     5
292
     1
282
     1
141
0.0
142
0.0
 63
   250
361
5D
  0
ENDTAB
  0
TABLE
  2
LTYPE
  5
5
330
0
100
AcDbSymbolTable
 70
     1
  0
LTYPE
  5
14
330
5
100
AcDbSymbolTableRecord
100
AcDbLinetypeTableRecord
  2
ByBlock
 70
     0
  3

 72
    65
 73
     0
 40
0.0
  0
LTYPE
  5
15
330
5
100
AcDbSymbolTableRecord
100
AcDbLinetypeTableRecord
  2
ByLayer
 70
     0
  3

 72
    65
 73
     0
 40
0.0
  0
LTYPE
  5
16
330
5
100
AcDbSymbolTableRecord
100
AcDbLinetypeTableRecord
  2
Continuous
 70
     0
  3
Solid line
 72
    65
 73
     0
 40
0.0
  0
ENDTAB
  0
TABLE
  2
LAYER
  5
2
330
0
100
AcDbSymbolTable
 70
     1
  0
LAYER
  5
10
330
2
100
AcDbSymbolTableRecord
100
AcDbLayerTableRecord
  2
0
 70
     0
 62
    18
420
        0
  6
Continuous
370
    -3
390
F
347
46
  0
ENDTAB
  0
TABLE
  2
STYLE
  5
3
330
0
100
AcDbSymbolTable
 70
     1
  0
STYLE
  5
11
330
3
100
AcDbSymbolTableRecord
100
AcDbTextStyleTableRecord
  2
Standard
 70
     0
 40
0.0
 41
1.0
 50
0.0
 71
     0
 42
0.2
  3
txt
  4

  0
ENDTAB
  0
TABLE
  2
VIEW
  5
6
330
0
100
AcDbSymbolTable
 70
     0
  0
ENDTAB
  0
TABLE
  2
UCS
  5
7
330
0
100
AcDbSymbolTable
 70
     0
  0
ENDTAB
  0
TABLE
  2
APPID
  5
9
330
0
100
AcDbSymbolTable
 70
     2
  0
APPID
  5
12
330
9
100
AcDbSymbolTableRecord
100
AcDbRegAppTableRecord
  2
ACAD
 70
     0
  0
APPID
  5
5E
330
9
100
AcDbSymbolTableRecord
100
AcDbRegAppTableRecord
  2
Rhino
 70
     0
  0
ENDTAB
  0
TABLE
  2
DIMSTYLE
  5
A
330
0
100
AcDbSymbolTable
 70
     1
100
AcDbDimStyleTable
  0
DIMSTYLE
105
27
330
A
100
AcDbSymbolTableRecord
100
AcDbDimStyleTableRecord
  2
STANDARD_ACAD
 70
     0
178
     0
340
11
  0
ENDTAB
  0
TABLE
  2
BLOCK_RECORD
  5
1
330
0
100
AcDbSymbolTable
 70
     1
  0
BLOCK_RECORD
  5
1F
330
1
100
AcDbSymbolTableRecord
100
AcDbBlockTableRecord
  2
*Model_Space
340
22
 70
     0
280
     1
281
     0
  0
BLOCK_RECORD
  5
1B
330
1
100
AcDbSymbolTableRecord
100
AcDbBlockTableRecord
  2
*Paper_Space
340
1E
 70
     0
280
     1
281
     0
  0
BLOCK_RECORD
  5
23
330
1
100
AcDbSymbolTableRecord
100
AcDbBlockTableRecord
  2
*Paper_Space0
340
26
 70
     0
280
     1
281
     0
  0
ENDTAB
  0
ENDSEC
  0
SECTION
  2
BLOCKS
  0
BLOCK
  5
20
330
1F
100
AcDbEntity
  8
0
100
AcDbBlockBegin
  2
*Model_Space
 70
     0
 10
0.0
 20
0.0
 30
0.0
  3
*Model_Space
  1

  0
ENDBLK
  5
21
330
1F
100
AcDbEntity
  8
0
100
AcDbBlockEnd
  0
BLOCK
  5
1C
330
1B
100
AcDbEntity
 67
     1
  8
0
100
AcDbBlockBegin
  2
*Paper_Space
 70
     0
 10
0.0
 20
0.0
 30
0.0
  3
*Paper_Space
  1

  0
ENDBLK
  5
1D
330
1B
100
AcDbEntity
 67
     1
  8
0
100
AcDbBlockEnd
  0
BLOCK
  5
24
330
23
100
AcDbEntity
  8
0
100
AcDbBlockBegin
  2
*Paper_Space0
 70
     0
 10
0.0
 20
0.0
 30
0.0
  3
*Paper_Space0
  1

  0
ENDBLK
  5
25
330
23
100
AcDbEntity
  8
0
100
AcDbBlockEnd
  0
ENDSEC
  0
SECTION
  2
ENTITIES
  0
POLYLINE
  5
5F
330
1F
100
AcDbEntity
  8
0
  6
Continuous
 62
    18
420
        0
370
    70
100
AcDb2dPolyline
 66
     1
 10
0.0
 20
0.0
 30
0.0
 70
     1
  0
VERTEX
  5
60
330
5F
100
AcDbEntity
  8
0
  6
Continuous
 62
    18
420
        0
370
    70
100
AcDbVertex
100
AcDb2dVertex
 10
8.923140166642725
 20
5.839734547956404
 30
0.0
  0
VERTEX
  5
61
330
5F
100
AcDbEntity
  8
0
  6
Continuous
 62
    18
420
        0
370
    70
100
AcDbVertex
100
AcDb2dVertex
 10
13.31160488177569
 20
5.839732272061859
 30
0.0
  0
VERTEX
  5
62
330
5F
100
AcDbEntity
  8
0
  6
Continuous
 62
    18
420
        0
370
    70
100
AcDbVertex
100
AcDb2dVertex
 10
13.31160488177566
 20
5.739734548291644
 30
0.0
  0
VERTEX
  5
63
330
5F
100
AcDbEntity
  8
0
  6
Continuous
 62
    18
420
        0
370
    70
100
AcDbVertex
100
AcDb2dVertex
 10
8.923131978424749
 20
5.739734548291644
 30
0.0
  0
VERTEX
  5
64
330
5F
100
AcDbEntity
  8
0
  6
Continuous
 62
    18
420
        0
370
    70
100
AcDbVertex
100
AcDb2dVertex
 10
8.923131978424749
 20
0.0211666666666659
 30
0.0
  0
VERTEX
  5
65
330
5F
100
AcDbEntity
  8
0
  6
Continuous
 62
    18
420
        0
370
    70
100
AcDbVertex
100
AcDb2dVertex
 10
14.68182810813209
 20
0.0211666666666659
 30
0.0
  0
VERTEX
  5
66
330
5F
100
AcDbEntity
  8
0
  6
Continuous
 62
    18
420
        0
370
    70
100
AcDbVertex
100
AcDb2dVertex
 10
14.68182810813209
 20
5.739734548291644
 30
0.0
  0
VERTEX
  5
67
330
5F
100
AcDbEntity
  8
0
  6
Continuous
 62
    18
420
        0
370
    70
100
AcDbVertex
100
AcDb2dVertex
 10
14.39977154844234
 20
5.739734548291644
 30
0.0
  0
VERTEX
  5
68
330
5F
100
AcDbEntity
  8
0
  6
Continuous
 62
    18
420
        0
370
    70
100
AcDbVertex
100
AcDb2dVertex
 10
14.39977154844234
 20
5.839722145292676
 30
0.0
  0
VERTEX
  5
69
330
5F
100
AcDbEntity
  8
0
  6
Continuous
 62
    18
420
        0
370
    70
100
AcDbVertex
100
AcDb2dVertex
 10
15.04483067934875
 20
5.839676447725076
 30
0.0
  0
VERTEX
  5
6A
330
5F
100
AcDbEntity
  8
0
  6
Continuous
 62
    18
420
        0
370
    70
100
AcDbVertex
100
AcDb2dVertex
 10
15.04483067934873
 20
5.739263013699237
 30
0.0
  0
VERTEX
  5
6B
330
5F
100
AcDbEntity
  8
0
  6
Continuous
 62
    18
420
        0
370
    70
100
AcDbVertex
100
AcDb2dVertex
 10
14.78182810813209
 20
5.739263013699237
 30
0.0
  0
VERTEX
  5
6C
330
5F
100
AcDbEntity
  8
0
  6
Continuous
 62
    18
420
        0
370
    70
100
AcDbVertex
100
AcDb2dVertex
 10
14.78182810813211
 20
0.0211666666666659
 30
0.0
  0
VERTEX
  5
6D
330
5F
100
AcDbEntity
  8
0
  6
Continuous
 62
    18
420
        0
370
    70
100
AcDbVertex
100
AcDb2dVertex
 10
20.16002090931372
 20
0.0211666666666659
 30
0.0
  0
VERTEX
  5
6E
330
5F
100
AcDbEntity
  8
0
  6
Continuous
 62
    18
420
        0
370
    70
100
AcDbVertex
100
AcDb2dVertex
 10
20.16002090931372
 20
5.739263013699237
 30
0.0
  0
VERTEX
  5
6F
330
5F
100
AcDbEntity
  8
0
  6
Continuous
 62
    18
420
        0
370
    70
100
AcDbVertex
100
AcDb2dVertex
 10
16.11183067934874
 20
5.739263013699237
 30
0.0
  0
VERTEX
  5
70
330
5F
100
AcDbEntity
  8
0
  6
Continuous
 62
    18
420
        0
370
    70
100
AcDbVertex
100
AcDb2dVertex
 10
16.11183067934874
 20
5.839666320955892
 30
0.0
  0
VERTEX
  5
71
330
5F
100
AcDbEntity
  8
0
  6
Continuous
 62
    18
420
        0
370
    70
100
AcDbVertex
100
AcDb2dVertex
 10
20.51774199879304
 20
5.839624504979348
 30
0.0
  0
VERTEX
  5
72
330
5F
100
AcDbEntity
  8
0
  6
Continuous
 62
    18
420
        0
370
    70
100
AcDbVertex
100
AcDb2dVertex
 10
20.51774199879304
 20
5.739263013699237
 30
0.0
  0
VERTEX
  5
73
330
5F
100
AcDbEntity
  8
0
  6
Continuous
 62
    18
420
        0
370
    70
100
AcDbVertex
100
AcDb2dVertex
 10
20.26002090931371
 20
5.739263013699237
 30
0.0
  0
VERTEX
  5
74
330
5F
100
AcDbEntity
  8
0
  6
Continuous
 62
    18
420
        0
370
    70
100
AcDbVertex
100
AcDb2dVertex
 10
20.2600209093137
 20
0.0211666666666659
 30
0.0
  0
VERTEX
  5
75
330
5F
100
AcDbEntity
  8
0
  6
Continuous
 62
    18
420
        0
370
    70
100
AcDbVertex
100
AcDb2dVertex
 10
25.64064365775033
 20
0.0211666666666659
 30
0.0
  0
VERTEX
  5
76
330
5F
100
AcDbEntity
  8
0
  6
Continuous
 62
    18
420
        0
370
    70
100
AcDbVertex
100
AcDb2dVertex
 10
25.64064365775033
 20
5.739263013699237
 30
0.0
  0
VERTEX
  5
77
330
5F
100
AcDbEntity
  8
0
  6
Continuous
 62
    18
420
        0
370
    70
100
AcDbVertex
100
AcDb2dVertex
 10
21.58474199879305
 20
5.739263013699237
 30
0.0
  0
VERTEX
  5
78
330
5F
100
AcDbEntity
  8
0
  6
Continuous
 62
    18
420
        0
370
    70
100
AcDbVertex
100
AcDb2dVertex
 10
21.58474199879305
 20
5.839614378210157
 30
0.0
  0
VERTEX
  5
79
330
5F
100
AcDbEntity
  8
0
  6
Continuous
 62
    18
420
        0
370
    70
100
AcDbVertex
100
AcDb2dVertex
 10
25.99065331823735
 20
5.839572562233613
 30
0.0
  0
VERTEX
  5
7A
330
5F
100
AcDbEntity
  8
0
  6
Continuous
 62
    18
420
        0
370
    70
100
AcDbVertex
100
AcDb2dVertex
 10
25.99065331823735
 20
5.739263013699237
 30
0.0
  0
VERTEX
  5
7B
330
5F
100
AcDbEntity
  8
0
  6
Continuous
 62
    18
420
        0
370
    70
100
AcDbVertex
100
AcDb2dVertex
 10
25.74064365775034
 20
5.739263013699237
 30
0.0
  0
VERTEX
  5
7C
330
5F
100
AcDbEntity
  8
0
  6
Continuous
 62
    18
420
        0
370
    70
100
AcDbVertex
100
AcDb2dVertex
 10
25.74064365775033
 20
0.0211666666666659
 30
0.0
  0
VERTEX
  5
7D
330
5F
100
AcDbEntity
  8
0
  6
Continuous
 62
    18
420
        0
370
    70
100
AcDbVertex
100
AcDb2dVertex
 10
31.10290586096608
 20
0.0211666666666659
 30
0.0
  0
VERTEX
  5
7E
330
5F
100
AcDbEntity
  8
0
  6
Continuous
 62
    18
420
        0
370
    70
100
AcDbVertex
100
AcDb2dVertex
 10
31.10290586096608
 20
5.739263013699237
 30
0.0
  0
VERTEX
  5
7F
330
5F
100
AcDbEntity
  8
0
  6
Continuous
 62
    18
420
        0
370
    70
100
AcDbVertex
100
AcDb2dVertex
 10
27.05765331823736
 20
5.739263013699237
 30
0.0
  0
VERTEX
  5
80
330
5F
100
AcDbEntity
  8
0
  6
Continuous
 62
    18
420
        0
370
    70
100
AcDbVertex
100
AcDb2dVertex
 10
27.05765331823736
 20
5.839562435464437
 30
0.0
  0
VERTEX
  5
81
330
5F
100
AcDbEntity
  8
0
  6
Continuous
 62
    18
420
        0
370
    70
100
AcDbVertex
100
AcDb2dVertex
 10
31.500744741754
 20
5.839520266615985
 30
0.0
  0
VERTEX
  5
82
330
5F
100
AcDbEntity
  8
0
  6
Continuous
 62
    18
420
        0
370
    70
100
AcDbVertex
100
AcDb2dVertex
 10
31.50074474175399
 20
5.739263013699237
 30
0.0
  0
VERTEX
  5
83
330
5F
100
AcDbEntity
  8
0
  6
Continuous
 62
    18
420
        0
370
    70
100
AcDbVertex
100
AcDb2dVertex
 10
31.20290586096608
 20
5.739263013699237
 30
0.0
  0
VERTEX
  5
84
330
5F
100
AcDbEntity
  8
0
  6
Continuous
 62
    18
420
        0
370
    70
100
AcDbVertex
100
AcDb2dVertex
 10
31.20290586096608
 20
0.0211666666666659
 30
0.0
  0
VERTEX
  5
85
330
5F
100
AcDbEntity
  8
0
  6
Continuous
 62
    18
420
        0
370
    70
100
AcDbVertex
100
AcDb2dVertex
 10
36.59270888201317
 20
0.0211666666666659
 30
0.0
  0
VERTEX
  5
86
330
5F
100
AcDbEntity
  8
0
  6
Continuous
 62
    18
420
        0
370
    70
100
AcDbVertex
100
AcDb2dVertex
 10
36.59270888201317
 20
5.739263013699237
 30
0.0
  0
VERTEX
  5
87
330
5F
100
AcDbEntity
  8
0
  6
Continuous
 62
    18
420
        0
370
    70
100
AcDbVertex
100
AcDb2dVertex
 10
32.56774474175398
 20
5.739263013699237
 30
0.0
  0
VERTEX
  5
88
330
5F
100
AcDbEntity
  8
0
  6
Continuous
 62
    18
420
        0
370
    70
100
AcDbVertex
100
AcDb2dVertex
 10
32.56774474175398
 20
5.839510139846801
 30
0.0
  0
VERTEX
  5
89
330
5F
100
AcDbEntity
  8
0
  6
Continuous
 62
    18
420
        0
370
    70
100
AcDbVertex
100
AcDb2dVertex
 10
36.93647595712596
 20
5.839468676742179
 30
0.0
  0
VERTEX
  5
8A
330
5F
100
AcDbEntity
  8
0
  6
Continuous
 62
    18
420
        0
370
    70
100
AcDbVertex
100
AcDb2dVertex
 10
36.93647595712596
 20
5.739263013699237
 30
0.0
  0
VERTEX
  5
8B
330
5F
100
AcDbEntity
  8
0
  6
Continuous
 62
    18
420
        0
370
    70
100
AcDbVertex
100
AcDb2dVertex
 10
36.69270888201316
 20
5.739263013699237
 30
0.0
  0
VERTEX
  5
8C
330
5F
100
AcDbEntity
  8
0
  6
Continuous
 62
    18
420
        0
370
    70
100
AcDbVertex
100
AcDb2dVertex
 10
36.69270888201315
 20
0.0211666666666659
 30
0.0
  0
VERTEX
  5
8D
330
5F
100
AcDbEntity
  8
0
  6
Continuous
 62
    18
420
        0
370
    70
100
AcDbVertex
100
AcDb2dVertex
 10
42.06415135783934
 20
0.0211666666666659
 30
0.0
  0
VERTEX
  5
8E
330
5F
100
AcDbEntity
  8
0
  6
Continuous
 62
    18
420
        0
370
    70
100
AcDbVertex
100
AcDb2dVertex
 10
42.06415135783934
 20
5.739263013699237
 30
0.0
  0
VERTEX
  5
8F
330
5F
100
AcDbEntity
  8
0
  6
Continuous
 62
    18
420
        0
370
    70
100
AcDbVertex
100
AcDb2dVertex
 10
38.00347595712598
 20
5.739263013699237
 30
0.0
  0
VERTEX
  5
90
330
5F
100
AcDbEntity
  8
0
  6
Continuous
 62
    18
420
        0
370
    70
100
AcDbVertex
100
AcDb2dVertex
 10
38.00347595712598
 20
5.839458549972996
 30
0.0
  0
VERTEX
  5
91
330
5F
100
AcDbEntity
  8
0
  6
Continuous
 62
    18
420
        0
370
    70
100
AcDbVertex
100
AcDb2dVertex
 10
42.43913135982812
 20
5.839416451698909
 30
0.0
  0
VERTEX
  5
92
330
5F
100
AcDbEntity
  8
0
  6
Continuous
 62
    18
420
        0
370
    70
100
AcDbVertex
100
AcDb2dVertex
 10
42.43913135982815
 20
5.739263013699237
 30
0.0
  0
VERTEX
  5
93
330
5F
100
AcDbEntity
  8
0
  6
Continuous
 62
    18
420
        0
370
    70
100
AcDbVertex
100
AcDb2dVertex
 10
42.16415135783934
 20
5.739263013699237
 30
0.0
  0
VERTEX
  5
94
330
5F
100
AcDbEntity
  8
0
  6
Continuous
 62
    18
420
        0
370
    70
100
AcDbVertex
100
AcDb2dVertex
 10
42.16415135783934
 20
0.0211666666666659
 30
0.0
  0
VERTEX
  5
95
330
5F
100
AcDbEntity
  8
0
  6
Continuous
 62
    18
420
        0
370
    70
100
AcDbVertex
100
AcDb2dVertex
 10
47.54477410627598
 20
0.0211666666666659
 30
0.0
  0
VERTEX
  5
96
330
5F
100
AcDbEntity
  8
0
  6
Continuous
 62
    18
420
        0
370
    70
100
AcDbVertex
100
AcDb2dVertex
 10
47.54477410627598
 20
5.739263013699237
 30
0.0
  0
VERTEX
  5
97
330
5F
100
AcDbEntity
  8
0
  6
Continuous
 62
    18
420
        0
370
    70
100
AcDbVertex
100
AcDb2dVertex
 10
43.50613135982812
 20
5.739263013699237
 30
0.0
  0
VERTEX
  5
98
330
5F
100
AcDbEntity
  8
0
  6
Continuous
 62
    18
420
        0
370
    70
100
AcDbVertex
100
AcDb2dVertex
 10
43.50613135982812
 20
5.839406324929726
 30
0.0
  0
VERTEX
  5
99
330
5F
100
AcDbEntity
  8
0
  6
Continuous
 62
    18
420
        0
370
    70
100
AcDbVertex
100
AcDb2dVertex
 10
47.90208050873531
 20
5.839364603502951
 30
0.0
  0
VERTEX
  5
9A
330
5F
100
AcDbEntity
  8
0
  6
Continuous
 62
    18
420
        0
370
    70
100
AcDbVertex
100
AcDb2dVertex
 10
47.90208050873531
 20
5.739263013699237
 30
0.0
  0
VERTEX
  5
9B
330
5F
100
AcDbEntity
  8
0
  6
Continuous
 62
    18
420
        0
370
    70
100
AcDbVertex
100
AcDb2dVertex
 10
47.64477410627597
 20
5.739263013699237
 30
0.0
  0
VERTEX
  5
9C
330
5F
100
AcDbEntity
  8
0
  6
Continuous
 62
    18
420
        0
370
    70
100
AcDbVertex
100
AcDb2dVertex
 10
47.64477410627597
 20
0.0211666666666659
 30
0.0
  0
VERTEX
  5
9D
330
5F
100
AcDbEntity
  8
0
  6
Continuous
 62
    18
420
        0
370
    70
100
AcDbVertex
100
AcDb2dVertex
 10
53.0253968547126
 20
0.0211666666666659
 30
0.0
  0
VERTEX
  5
9E
330
5F
100
AcDbEntity
  8
0
  6
Continuous
 62
    18
420
        0
370
    70
100
AcDbVertex
100
AcDb2dVertex
 10
53.0253968547126
 20
5.739263013699237
 30
0.0
  0
VERTEX
  5
9F
330
5F
100
AcDbEntity
  8
0
  6
Continuous
 62
    18
420
        0
370
    70
100
AcDbVertex
100
AcDb2dVertex
 10
48.96908050873533
 20
5.739263013699237
 30
0.0
  0
VERTEX
  5
A0
330
5F
100
AcDbEntity
  8
0
  6
Continuous
 62
    18
420
        0
370
    70
100
AcDbVertex
100
AcDb2dVertex
 10
48.96908050873533
 20
5.839354476733767
 30
0.0
  0
VERTEX
  5
A1
330
5F
100
AcDbEntity
  8
0
  6
Continuous
 62
    18
420
        0
370
    70
100
AcDbVertex
100
AcDb2dVertex
 10
53.37714827421582
 20
5.83931264029065
 30
0.0
  0
VERTEX
  5
A2
330
5F
100
AcDbEntity
  8
0
  6
Continuous
 62
    18
420
        0
370
    70
100
AcDbVertex
100
AcDb2dVertex
 10
53.37714827421582
 20
5.739263013699237
 30
0.0
  0
VERTEX
  5
A3
330
5F
100
AcDbEntity
  8
0
  6
Continuous
 62
    18
420
        0
370
    70
100
AcDbVertex
100
AcDb2dVertex
 10
53.1253968547126
 20
5.739263013699237
 30
0.0
  0
VERTEX
  5
A4
330
5F
100
AcDbEntity
  8
0
  6
Continuous
 62
    18
420
        0
370
    70
100
AcDbVertex
100
AcDb2dVertex
 10
53.1253968547126
 20
0.0211666666666659
 30
0.0
  0
VERTEX
  5
A5
330
5F
100
AcDbEntity
  8
0
  6
Continuous
 62
    18
420
        0
370
    70
100
AcDbVertex
100
AcDb2dVertex
 10
58.50601960314924
 20
0.0211666666666659
 30
0.0
  0
VERTEX
  5
A6
330
5F
100
AcDbEntity
  8
0
  6
Continuous
 62
    18
420
        0
370
    70
100
AcDbVertex
100
AcDb2dVertex
 10
58.50601960314924
 20
5.739263013699237
 30
0.0
  0
VERTEX
  5
A7
330
5F
100
AcDbEntity
  8
0
  6
Continuous
 62
    18
420
        0
370
    70
100
AcDbVertex
100
AcDb2dVertex
 10
54.44414827421583
 20
5.739263013699237
 30
0.0
  0
VERTEX
  5
A8
330
5F
100
AcDbEntity
  8
0
  6
Continuous
 62
    18
420
        0
370
    70
100
AcDbVertex
100
AcDb2dVertex
 10
54.44414827421583
 20
5.839302513521467
 30
0.0
  0
VERTEX
  5
A9
330
5F
100
AcDbEntity
  8
0
  6
Continuous
 62
    18
420
        0
370
    70
100
AcDbVertex
100
AcDb2dVertex
 10
58.60601960314925
 20
5.839263013699245
 30
0.0
  0
VERTEX
  5
AA
330
5F
100
AcDbEntity
  8
0
  6
Continuous
 62
    18
420
        0
370
    70
100
AcDbVertex
100
AcDb2dVertex
 10
58.60601960314925
 20
0.0211666666666659
 30
0.0
  0
VERTEX
  5
AB
330
5F
100
AcDbEntity
  8
0
  6
Continuous
 62
    18
420
        0
370
    70
100
AcDbVertex
100
AcDb2dVertex
 10
66.79329154125053
 20
0.0211666666666659
 30
0.0
  0
VERTEX
  5
AC
330
5F
100
AcDbEntity
  8
0
  6
Continuous
 62
    18
420
        0
370
    70
100
AcDbVertex
100
AcDb2dVertex
 10
66.79329154125053
 20
7.899467415070227
 30
0.0
  0
VERTEX
  5
AD
330
5F
100
AcDbEntity
  8
0
  6
Continuous
 62
    18
420
        0
370
    70
100
AcDbVertex
100
AcDb2dVertex
 10
61.14442983515424
 20
7.899467415070227
 30
0.0
  0
VERTEX
  5
AE
330
5F
100
AcDbEntity
  8
0
  6
Continuous
 62
    18
420
        0
370
    70
100
AcDbVertex
100
AcDb2dVertex
 10
61.14442983515424
 20
8.323547680045948
 30
0.0
  0
VERTEX
  5
AF
330
5F
100
AcDbEntity
  8
0
  6
Continuous
 62
    18
420
        0
370
    70
100
AcDbVertex
100
AcDb2dVertex
 10
61.24442983515426
 20
8.323547680045941
 30
0.0
  0
VERTEX
  5
B0
330
5F
100
AcDbEntity
  8
0
  6
Continuous
 62
    18
420
        0
370
    70
100
AcDbVertex
100
AcDb2dVertex
 10
61.24442983515426
 20
8.09946741507023
 30
0.0
  0
VERTEX
  5
B1
330
5F
100
AcDbEntity
  8
0
  6
Continuous
 62
    18
420
        0
370
    70
100
AcDbVertex
100
AcDb2dVertex
 10
66.79329154125053
 20
8.09946741507023
 30
0.0
  0
VERTEX
  5
B2
330
5F
100
AcDbEntity
  8
0
  6
Continuous
 62
    18
420
        0
370
    70
100
AcDbVertex
100
AcDb2dVertex
 10
66.79329154125053
 20
13.57181452912055
 30
0.0
  0
VERTEX
  5
B3
330
5F
100
AcDbEntity
  8
0
  6
Continuous
 62
    18
420
        0
370
    70
100
AcDbVertex
100
AcDb2dVertex
 10
61.24442983515426
 20
13.57181452912055
 30
0.0
  0
VERTEX
  5
B4
330
5F
100
AcDbEntity
  8
0
  6
Continuous
 62
    18
420
        0
370
    70
100
AcDbVertex
100
AcDb2dVertex
 10
61.24442983515426
 20
9.390547680045948
 30
0.0
  0
VERTEX
  5
B5
330
5F
100
AcDbEntity
  8
0
  6
Continuous
 62
    18
420
        0
370
    70
100
AcDbVertex
100
AcDb2dVertex
 10
61.14442983515424
 20
9.390547680045948
 30
0.0
  0
VERTEX
  5
B6
330
5F
100
AcDbEntity
  8
0
  6
Continuous
 62
    18
420
        0
370
    70
100
AcDbVertex
100
AcDb2dVertex
 10
61.14442983515424
 20
13.91282893853511
 30
0.0
  0
VERTEX
  5
B7
330
5F
100
AcDbEntity
  8
0
  6
Continuous
 62
    18
420
        0
370
    70
100
AcDbVertex
100
AcDb2dVertex
 10
61.24442983515426
 20
13.91282893853512
 30
0.0
  0
VERTEX
  5
B8
330
5F
100
AcDbEntity
  8
0
  6
Continuous
 62
    18
420
        0
370
    70
100
AcDbVertex
100
AcDb2dVertex
 10
61.24442983515426
 20
13.67181452912056
 30
0.0
  0
VERTEX
  5
B9
330
5F
100
AcDbEntity
  8
0
  6
Continuous
 62
    18
420
        0
370
    70
100
AcDbVertex
100
AcDb2dVertex
 10
66.79329154125053
 20
13.67181452912055
 30
0.0
  0
VERTEX
  5
BA
330
5F
100
AcDbEntity
  8
0
  6
Continuous
 62
    18
420
        0
370
    70
100
AcDbVertex
100
AcDb2dVertex
 10
66.79329154125053
 20
19.03762720800067
 30
0.0
  0
VERTEX
  5
BB
330
5F
100
AcDbEntity
  8
0
  6
Continuous
 62
    18
420
        0
370
    70
100
AcDbVertex
100
AcDb2dVertex
 10
61.24442983515426
 20
19.03762720800067
 30
0.0
  0
VERTEX
  5
BC
330
5F
100
AcDbEntity
  8
0
  6
Continuous
 62
    18
420
        0
370
    70
100
AcDbVertex
100
AcDb2dVertex
 10
61.24442983515426
 20
14.97982893853512
 30
0.0
  0
VERTEX
  5
BD
330
5F
100
AcDbEntity
  8
0
  6
Continuous
 62
    18
420
        0
370
    70
100
AcDbVertex
100
AcDb2dVertex
 10
61.14442983515424
 20
14.97982893853512
 30
0.0
  0
VERTEX
  5
BE
330
5F
100
AcDbEntity
  8
0
  6
Continuous
 62
    18
420
        0
370
    70
100
AcDbVertex
100
AcDb2dVertex
 10
61.14442983515424
 20
19.34988255252447
 30
0.0
  0
VERTEX
  5
BF
330
5F
100
AcDbEntity
  8
0
  6
Continuous
 62
    18
420
        0
370
    70
100
AcDbVertex
100
AcDb2dVertex
 10
61.24442983515426
 20
19.34988255252447
 30
0.0
  0
VERTEX
  5
C0
330
5F
100
AcDbEntity
  8
0
  6
Continuous
 62
    18
420
        0
370
    70
100
AcDbVertex
100
AcDb2dVertex
 10
61.24442983515426
 20
19.13762720800066
 30
0.0
  0
VERTEX
  5
C1
330
5F
100
AcDbEntity
  8
0
  6
Continuous
 62
    18
420
        0
370
    70
100
AcDbVertex
100
AcDb2dVertex
 10
66.79329154125053
 20
19.13762720800066
 30
0.0
  0
VERTEX
  5
C2
330
5F
100
AcDbEntity
  8
0
  6
Continuous
 62
    18
420
        0
370
    70
100
AcDbVertex
100
AcDb2dVertex
 10
66.79329154125053
 20
24.5182865155731
 30
0.0
  0
VERTEX
  5
C3
330
5F
100
AcDbEntity
  8
0
  6
Continuous
 62
    18
420
        0
370
    70
100
AcDbVertex
100
AcDb2dVertex
 10
61.24442983515426
 20
24.5182865155731
 30
0.0
  0
VERTEX
  5
C4
330
5F
100
AcDbEntity
  8
0
  6
Continuous
 62
    18
420
        0
370
    70
100
AcDbVertex
100
AcDb2dVertex
 10
61.24442983515426
 20
20.41688255252448
 30
0.0
  0
VERTEX
  5
C5
330
5F
100
AcDbEntity
  8
0
  6
Continuous
 62
    18
420
        0
370
    70
100
AcDbVertex
100
AcDb2dVertex
 10
61.14442983515424
 20
20.41688255252448
 30
0.0
  0
VERTEX
  5
C6
330
5F
100
AcDbEntity
  8
0
  6
Continuous
 62
    18
420
        0
370
    70
100
AcDbVertex
100
AcDb2dVertex
 10
61.14442983515424
 20
24.84339199145395
 30
0.0
  0
VERTEX
  5
C7
330
5F
100
AcDbEntity
  8
0
  6
Continuous
 62
    18
420
        0
370
    70
100
AcDbVertex
100
AcDb2dVertex
 10
61.24442983515426
 20
24.84339199145395
 30
0.0
  0
VERTEX
  5
C8
330
5F
100
AcDbEntity
  8
0
  6
Continuous
 62
    18
420
        0
370
    70
100
AcDbVertex
100
AcDb2dVertex
 10
61.24442983515426
 20
24.61828651557311
 30
0.0
  0
VERTEX
  5
C9
330
5F
100
AcDbEntity
  8
0
  6
Continuous
 62
    18
420
        0
370
    70
100
AcDbVertex
100
AcDb2dVertex
 10
66.79329154125053
 20
24.61828651557311
 30
0.0
  0
VERTEX
  5
CA
330
5F
100
AcDbEntity
  8
0
  6
Continuous
 62
    18
420
        0
370
    70
100
AcDbVertex
100
AcDb2dVertex
 10
66.79329154125053
 20
28.55326464550762
 30
0.0
  0
VERTEX
  5
CB
330
5F
100
AcDbEntity
  8
0
  6
Continuous
 62
    18
420
        0
370
    70
100
AcDbVertex
100
AcDb2dVertex
 10
61.24442983515426
 20
28.55326464550762
 30
0.0
  0
VERTEX
  5
CC
330
5F
100
AcDbEntity
  8
0
  6
Continuous
 62
    18
420
        0
370
    70
100
AcDbVertex
100
AcDb2dVertex
 10
61.24442983515426
 20
25.91039199145394
 30
0.0
  0
VERTEX
  5
CD
330
5F
100
AcDbEntity
  8
0
  6
Continuous
 62
    18
420
        0
370
    70
100
AcDbVertex
100
AcDb2dVertex
 10
61.14442983515424
 20
25.91039199145394
 30
0.0
  0
VERTEX
  5
CE
330
5F
100
AcDbEntity
  8
0
  6
Continuous
 62
    18
420
        0
370
    70
100
AcDbVertex
100
AcDb2dVertex
 10
61.14442983515424
 20
28.55326464550762
 30
0.0
  0
VERTEX
  5
CF
330
5F
100
AcDbEntity
  8
0
  6
Continuous
 62
    18
420
        0
370
    70
100
AcDbVertex
100
AcDb2dVertex
 10
50.38916676828975
 20
28.55326464550762
 30
0.0
  0
VERTEX
  5
D0
330
5F
100
AcDbEntity
  8
0
  6
Continuous
 62
    18
420
        0
370
    70
100
AcDbVertex
100
AcDb2dVertex
 10
50.38916676828975
 20
22.41163474850162
 30
0.0
  0
VERTEX
  5
D1
330
5F
100
AcDbEntity
  8
0
  6
Continuous
 62
    18
420
        0
370
    70
100
AcDbVertex
100
AcDb2dVertex
 10
48.95018478058358
 20
22.41163474850162
 30
0.0
  0
VERTEX
  5
D2
330
5F
100
AcDbEntity
  8
0
  6
Continuous
 62
    18
420
        0
370
    70
100
AcDbVertex
100
AcDb2dVertex
 10
48.95018478060534
 20
22.51163474850163
 30
0.0
  0
VERTEX
  5
D3
330
5F
100
AcDbEntity
  8
0
  6
Continuous
 62
    18
420
        0
370
    70
100
AcDbVertex
100
AcDb2dVertex
 10
50.28916676828977
 20
22.51163474850163
 30
0.0
  0
VERTEX
  5
D4
330
5F
100
AcDbEntity
  8
0
  6
Continuous
 62
    18
420
        0
370
    70
100
AcDbVertex
100
AcDb2dVertex
 10
50.28916676828977
 20
28.55326464550762
 30
0.0
  0
VERTEX
  5
D5
330
5F
100
AcDbEntity
  8
0
  6
Continuous
 62
    18
420
        0
370
    70
100
AcDbVertex
100
AcDb2dVertex
 10
47.64641865504522
 20
28.55326464550762
 30
0.0
  0
VERTEX
  5
D6
330
5F
100
AcDbEntity
  8
0
  6
Continuous
 62
    18
420
        0
370
    70
100
AcDbVertex
100
AcDb2dVertex
 10
47.64641865504522
 20
22.51163474850163
 30
0.0
  0
VERTEX
  5
D7
330
5F
100
AcDbEntity
  8
0
  6
Continuous
 62
    18
420
        0
370
    70
100
AcDbVertex
100
AcDb2dVertex
 10
47.88318478060532
 20
22.51163474850163
 30
0.0
  0
VERTEX
  5
D8
330
5F
100
AcDbEntity
  8
0
  6
Continuous
 62
    18
420
        0
370
    70
100
AcDbVertex
100
AcDb2dVertex
 10
47.88318478058694
 20
22.41163474850163
 30
0.0
  0
VERTEX
  5
D9
330
5F
100
AcDbEntity
  8
0
  6
Continuous
 62
    18
420
        0
370
    70
100
AcDbVertex
100
AcDb2dVertex
 10
46.22406749319926
 20
22.41163474850163
 30
0.0
  0
VERTEX
  5
DA
330
5F
100
AcDbEntity
  8
0
  6
Continuous
 62
    18
420
        0
370
    70
100
AcDbVertex
100
AcDb2dVertex
 10
46.2240674931993
 20
22.51163474850163
 30
0.0
  0
VERTEX
  5
DB
330
5F
100
AcDbEntity
  8
0
  6
Continuous
 62
    18
420
        0
370
    70
100
AcDbVertex
100
AcDb2dVertex
 10
47.54641865504523
 20
22.51163474850163
 30
0.0
  0
VERTEX
  5
DC
330
5F
100
AcDbEntity
  8
0
  6
Continuous
 62
    18
420
        0
370
    70
100
AcDbVertex
100
AcDb2dVertex
 10
47.54641865504523
 20
28.55326464550762
 30
0.0
  0
VERTEX
  5
DD
330
5F
100
AcDbEntity
  8
0
  6
Continuous
 62
    18
420
        0
370
    70
100
AcDbVertex
100
AcDb2dVertex
 10
44.90367054180066
 20
28.55326464550762
 30
0.0
  0
VERTEX
  5
DE
330
5F
100
AcDbEntity
  8
0
  6
Continuous
 62
    18
420
        0
370
    70
100
AcDbVertex
100
AcDb2dVertex
 10
44.90367054180066
 20
22.51163474850163
 30
0.0
  0
VERTEX
  5
DF
330
5F
100
AcDbEntity
  8
0
  6
Continuous
 62
    18
420
        0
370
    70
100
AcDbVertex
100
AcDb2dVertex
 10
45.15706749319929
 20
22.51163474850163
 30
0.0
  0
VERTEX
  5
E0
330
5F
100
AcDbEntity
  8
0
  6
Continuous
 62
    18
420
        0
370
    70
100
AcDbVertex
100
AcDb2dVertex
 10
45.15706749319926
 20
22.41163474850162
 30
0.0
  0
VERTEX
  5
E1
330
5F
100
AcDbEntity
  8
0
  6
Continuous
 62
    18
420
        0
370
    70
100
AcDbVertex
100
AcDb2dVertex
 10
43.48168905895039
 20
22.41163474850163
 30
0.0
  0
VERTEX
  5
E2
330
5F
100
AcDbEntity
  8
0
  6
Continuous
 62
    18
420
        0
370
    70
100
AcDbVertex
100
AcDb2dVertex
 10
43.48168905895039
 20
22.51163474850163
 30
0.0
  0
VERTEX
  5
E3
330
5F
100
AcDbEntity
  8
0
  6
Continuous
 62
    18
420
        0
370
    70
100
AcDbVertex
100
AcDb2dVertex
 10
44.80367054180067
 20
22.51163474850163
 30
0.0
  0
VERTEX
  5
E4
330
5F
100
AcDbEntity
  8
0
  6
Continuous
 62
    18
420
        0
370
    70
100
AcDbVertex
100
AcDb2dVertex
 10
44.80367054180067
 20
28.55326464550762
 30
0.0
  0
VERTEX
  5
E5
330
5F
100
AcDbEntity
  8
0
  6
Continuous
 62
    18
420
        0
370
    70
100
AcDbVertex
100
AcDb2dVertex
 10
42.17792293339028
 20
28.55326464550762
 30
0.0
  0
VERTEX
  5
E6
330
5F
100
AcDbEntity
  8
0
  6
Continuous
 62
    18
420
        0
370
    70
100
AcDbVertex
100
AcDb2dVertex
 10
42.17792293339028
 20
22.51163474850163
 30
0.0
  0
VERTEX
  5
E7
330
5F
100
AcDbEntity
  8
0
  6
Continuous
 62
    18
420
        0
370
    70
100
AcDbVertex
100
AcDb2dVertex
 10
42.41468905895039
 20
22.51163474850163
 30
0.0
  0
VERTEX
  5
E8
330
5F
100
AcDbEntity
  8
0
  6
Continuous
 62
    18
420
        0
370
    70
100
AcDbVertex
100
AcDb2dVertex
 10
42.41468905895042
 20
22.41163474850162
 30
0.0
  0
VERTEX
  5
E9
330
5F
100
AcDbEntity
  8
0
  6
Continuous
 62
    18
420
        0
370
    70
100
AcDbVertex
100
AcDb2dVertex
 10
40.77911561201739
 20
22.41163474850162
 30
0.0
  0
VERTEX
  5
EA
330
5F
100
AcDbEntity
  8
0
  6
Continuous
 62
    18
420
        0
370
    70
100
AcDbVertex
100
AcDb2dVertex
 10
40.77911561201736
 20
22.51163474850163
 30
0.0
  0
VERTEX
  5
EB
330
5F
100
AcDbEntity
  8
0
  6
Continuous
 62
    18
420
        0
370
    70
100
AcDbVertex
100
AcDb2dVertex
 10
42.07792293339025
 20
22.51163474850163
 30
0.0
  0
VERTEX
  5
EC
330
5F
100
AcDbEntity
  8
0
  6
Continuous
 62
    18
420
        0
370
    70
100
AcDbVertex
100
AcDb2dVertex
 10
42.07792293339025
 20
28.55326464550762
 30
0.0
  0
VERTEX
  5
ED
330
5F
100
AcDbEntity
  8
0
  6
Continuous
 62
    18
420
        0
370
    70
100
AcDbVertex
100
AcDb2dVertex
 10
39.45217532497989
 20
28.55326464550762
 30
0.0
  0
VERTEX
  5
EE
330
5F
100
AcDbEntity
  8
0
  6
Continuous
 62
    18
420
        0
370
    70
100
AcDbVertex
100
AcDb2dVertex
 10
39.45217532497989
 20
22.51163474850163
 30
0.0
  0
VERTEX
  5
EF
330
5F
100
AcDbEntity
  8
0
  6
Continuous
 62
    18
420
        0
370
    70
100
AcDbVertex
100
AcDb2dVertex
 10
39.71211561201737
 20
22.51163474850163
 30
0.0
  0
VERTEX
  5
F0
330
5F
100
AcDbEntity
  8
0
  6
Continuous
 62
    18
420
        0
370
    70
100
AcDbVertex
100
AcDb2dVertex
 10
39.71211561201737
 20
22.41163474850162
 30
0.0
  0
VERTEX
  5
F1
330
5F
100
AcDbEntity
  8
0
  6
Continuous
 62
    18
420
        0
370
    70
100
AcDbVertex
100
AcDb2dVertex
 10
38.01886017224015
 20
22.41163474850162
 30
0.0
  0
VERTEX
  5
F2
330
5F
100
AcDbEntity
  8
0
  6
Continuous
 62
    18
420
        0
370
    70
100
AcDbVertex
100
AcDb2dVertex
 10
38.01886017224015
 20
22.51163474850163
 30
0.0
  0
VERTEX
  5
F3
330
5F
100
AcDbEntity
  8
0
  6
Continuous
 62
    18
420
        0
370
    70
100
AcDbVertex
100
AcDb2dVertex
 10
39.35217532497989
 20
22.51163474850163
 30
0.0
  0
VERTEX
  5
F4
330
5F
100
AcDbEntity
  8
0
  6
Continuous
 62
    18
420
        0
370
    70
100
AcDbVertex
100
AcDb2dVertex
 10
39.3521753249799
 20
28.55326464550762
 30
0.0
  0
VERTEX
  5
F5
330
5F
100
AcDbEntity
  8
0
  6
Continuous
 62
    18
420
        0
370
    70
100
AcDbVertex
100
AcDb2dVertex
 10
36.71509404668005
 20
28.55326464550762
 30
0.0
  0
VERTEX
  5
F6
330
5F
100
AcDbEntity
  8
0
  6
Continuous
 62
    18
420
        0
370
    70
100
AcDbVertex
100
AcDb2dVertex
 10
36.71509404668005
 20
22.51163474850163
 30
0.0
  0
VERTEX
  5
F7
330
5F
100
AcDbEntity
  8
0
  6
Continuous
 62
    18
420
        0
370
    70
100
AcDbVertex
100
AcDb2dVertex
 10
36.95186017224017
 20
22.51163474850163
 30
0.0
  0
VERTEX
  5
F8
330
5F
100
AcDbEntity
  8
0
  6
Continuous
 62
    18
420
        0
370
    70
100
AcDbVertex
100
AcDb2dVertex
 10
36.95186017224016
 20
22.41163474850162
 30
0.0
  0
VERTEX
  5
F9
330
5F
100
AcDbEntity
  8
0
  6
Continuous
 62
    18
420
        0
370
    70
100
AcDbVertex
100
AcDb2dVertex
 10
35.27995513909799
 20
22.41163474850162
 30
0.0
  0
VERTEX
  5
FA
330
5F
100
AcDbEntity
  8
0
  6
Continuous
 62
    18
420
        0
370
    70
100
AcDbVertex
100
AcDb2dVertex
 10
35.27995513909801
 20
22.51163474850163
 30
0.0
  0
VERTEX
  5
FB
330
5F
100
AcDbEntity
  8
0
  6
Continuous
 62
    18
420
        0
370
    70
100
AcDbVertex
100
AcDb2dVertex
 10
36.61509404668005
 20
22.51163474850163
 30
0.0
  0
VERTEX
  5
FC
330
5F
100
AcDbEntity
  8
0
  6
Continuous
 62
    18
420
        0
370
    70
100
AcDbVertex
100
AcDb2dVertex
 10
36.61509404668005
 20
28.55326464550762
 30
0.0
  0
VERTEX
  5
FD
330
5F
100
AcDbEntity
  8
0
  6
Continuous
 62
    18
420
        0
370
    70
100
AcDbVertex
100
AcDb2dVertex
 10
33.97801276838021
 20
28.55326464550762
 30
0.0
  0
VERTEX
  5
FE
330
5F
100
AcDbEntity
  8
0
  6
Continuous
 62
    18
420
        0
370
    70
100
AcDbVertex
100
AcDb2dVertex
 10
33.97801276838021
 20
22.51163474850163
 30
0.0
  0
VERTEX
  5
FF
330
5F
100
AcDbEntity
  8
0
  6
Continuous
 62
    18
420
        0
370
    70
100
AcDbVertex
100
AcDb2dVertex
 10
34.21295513909801
 20
22.51163474850163
 30
0.0
  0
VERTEX
  5
100
330
5F
100
AcDbEntity
  8
0
  6
Continuous
 62
    18
420
        0
370
    70
100
AcDbVertex
100
AcDb2dVertex
 10
34.21295513909801
 20
22.41163474850162
 30
0.0
  0
VERTEX
  5
101
330
5F
100
AcDbEntity
  8
0
  6
Continuous
 62
    18
420
        0
370
    70
100
AcDbVertex
100
AcDb2dVertex
 10
32.55036445058524
 20
22.41163474850162
 30
0.0
  0
VERTEX
  5
102
330
5F
100
AcDbEntity
  8
0
  6
Continuous
 62
    18
420
        0
370
    70
100
AcDbVertex
100
AcDb2dVertex
 10
32.55036445058523
 20
22.51163474850163
 30
0.0
  0
VERTEX
  5
103
330
5F
100
AcDbEntity
  8
0
  6
Continuous
 62
    18
420
        0
370
    70
100
AcDbVertex
100
AcDb2dVertex
 10
33.87801276838022
 20
22.51163474850163
 30
0.0
  0
VERTEX
  5
104
330
5F
100
AcDbEntity
  8
0
  6
Continuous
 62
    18
420
        0
370
    70
100
AcDbVertex
100
AcDb2dVertex
 10
33.87801276838022
 20
28.55326464550762
 30
0.0
  0
VERTEX
  5
105
330
5F
100
AcDbEntity
  8
0
  6
Continuous
 62
    18
420
        0
370
    70
100
AcDbVertex
100
AcDb2dVertex
 10
31.24659832502511
 20
28.55326464550762
 30
0.0
  0
VERTEX
  5
106
330
5F
100
AcDbEntity
  8
0
  6
Continuous
 62
    18
420
        0
370
    70
100
AcDbVertex
100
AcDb2dVertex
 10
31.24659832502511
 20
22.51163474850163
 30
0.0
  0
VERTEX
  5
107
330
5F
100
AcDbEntity
  8
0
  6
Continuous
 62
    18
420
        0
370
    70
100
AcDbVertex
100
AcDb2dVertex
 10
31.48336445058521
 20
22.51163474850163
 30
0.0
  0
VERTEX
  5
108
330
5F
100
AcDbEntity
  8
0
  6
Continuous
 62
    18
420
        0
370
    70
100
AcDbVertex
100
AcDb2dVertex
 10
31.48336445058523
 20
22.41163474850162
 30
0.0
  0
VERTEX
  5
109
330
5F
100
AcDbEntity
  8
0
  6
Continuous
 62
    18
420
        0
370
    70
100
AcDbVertex
100
AcDb2dVertex
 10
29.84102643477577
 20
22.41163474850162
 30
0.0
  0
VERTEX
  5
10A
330
5F
100
AcDbEntity
  8
0
  6
Continuous
 62
    18
420
        0
370
    70
100
AcDbVertex
100
AcDb2dVertex
 10
29.84102643477578
 20
22.51163474850163
 30
0.0
  0
VERTEX
  5
10B
330
5F
100
AcDbEntity
  8
0
  6
Continuous
 62
    18
420
        0
370
    70
100
AcDbVertex
100
AcDb2dVertex
 10
31.14659832502511
 20
22.51163474850163
 30
0.0
  0
VERTEX
  5
10C
330
5F
100
AcDbEntity
  8
0
  6
Continuous
 62
    18
420
        0
370
    70
100
AcDbVertex
100
AcDb2dVertex
 10
31.14659832502511
 20
28.55326464550762
 30
0.0
  0
VERTEX
  5
10D
330
5F
100
AcDbEntity
  8
0
  6
Continuous
 62
    18
420
        0
370
    70
100
AcDbVertex
100
AcDb2dVertex
 10
28.51518388167
 20
28.55326464550762
 30
0.0
  0
VERTEX
  5
10E
330
5F
100
AcDbEntity
  8
0
  6
Continuous
 62
    18
420
        0
370
    70
100
AcDbVertex
100
AcDb2dVertex
 10
28.51518388167
 20
22.51163474850163
 30
0.0
  0
VERTEX
  5
10F
330
5F
100
AcDbEntity
  8
0
  6
Continuous
 62
    18
420
        0
370
    70
100
AcDbVertex
100
AcDb2dVertex
 10
28.77402643477578
 20
22.51163474850163
 30
0.0
  0
VERTEX
  5
110
330
5F
100
AcDbEntity
  8
0
  6
Continuous
 62
    18
420
        0
370
    70
100
AcDbVertex
100
AcDb2dVertex
 10
28.77402643477578
 20
22.41163474850163
 30
0.0
  0
VERTEX
  5
111
330
5F
100
AcDbEntity
  8
0
  6
Continuous
 62
    18
420
        0
370
    70
100
AcDbVertex
100
AcDb2dVertex
 10
27.07017621594591
 20
22.41163474850163
 30
0.0
  0
VERTEX
  5
112
330
5F
100
AcDbEntity
  8
0
  6
Continuous
 62
    18
420
        0
370
    70
100
AcDbVertex
100
AcDb2dVertex
 10
27.07017621594591
 20
22.51163474850163
 30
0.0
  0
VERTEX
  5
113
330
5F
100
AcDbEntity
  8
0
  6
Continuous
 62
    18
420
        0
370
    70
100
AcDbVertex
100
AcDb2dVertex
 10
28.41518388167
 20
22.51163474850163
 30
0.0
  0
VERTEX
  5
114
330
5F
100
AcDbEntity
  8
0
  6
Continuous
 62
    18
420
        0
370
    70
100
AcDbVertex
100
AcDb2dVertex
 10
28.41518388167
 20
28.55326464550762
 30
0.0
  0
VERTEX
  5
115
330
5F
100
AcDbEntity
  8
0
  6
Continuous
 62
    18
420
        0
370
    70
100
AcDbVertex
100
AcDb2dVertex
 10
25.76641009038579
 20
28.55326464550762
 30
0.0
  0
VERTEX
  5
116
330
5F
100
AcDbEntity
  8
0
  6
Continuous
 62
    18
420
        0
370
    70
100
AcDbVertex
100
AcDb2dVertex
 10
25.76641009038579
 20
22.51163474850163
 30
0.0
  0
VERTEX
  5
117
330
5F
100
AcDbEntity
  8
0
  6
Continuous
 62
    18
420
        0
370
    70
100
AcDbVertex
100
AcDb2dVertex
 10
26.0031762159459
 20
22.51163474850163
 30
0.0
  0
VERTEX
  5
118
330
5F
100
AcDbEntity
  8
0
  6
Continuous
 62
    18
420
        0
370
    70
100
AcDbVertex
100
AcDb2dVertex
 10
26.0031762159459
 20
22.41163474850162
 30
0.0
  0
VERTEX
  5
119
330
5F
100
AcDbEntity
  8
0
  6
Continuous
 62
    18
420
        0
370
    70
100
AcDbVertex
100
AcDb2dVertex
 10
24.31175007755783
 20
22.41163474850162
 30
0.0
  0
VERTEX
  5
11A
330
5F
100
AcDbEntity
  8
0
  6
Continuous
 62
    18
420
        0
370
    70
100
AcDbVertex
100
AcDb2dVertex
 10
24.31175007755786
 20
22.51163474850163
 30
0.0
  0
VERTEX
  5
11B
330
5F
100
AcDbEntity
  8
0
  6
Continuous
 62
    18
420
        0
370
    70
100
AcDbVertex
100
AcDb2dVertex
 10
25.6664100903858
 20
22.51163474850163
 30
0.0
  0
VERTEX
  5
11C
330
5F
100
AcDbEntity
  8
0
  6
Continuous
 62
    18
420
        0
370
    70
100
AcDbVertex
100
AcDb2dVertex
 10
25.6664100903858
 20
28.55326464550762
 30
0.0
  0
VERTEX
  5
11D
330
5F
100
AcDbEntity
  8
0
  6
Continuous
 62
    18
420
        0
370
    70
100
AcDbVertex
100
AcDb2dVertex
 10
23.01763629910157
 20
28.55326464550762
 30
0.0
  0
VERTEX
  5
11E
330
5F
100
AcDbEntity
  8
0
  6
Continuous
 62
    18
420
        0
370
    70
100
AcDbVertex
100
AcDb2dVertex
 10
23.01763629910157
 20
22.51163474850163
 30
0.0
  0
VERTEX
  5
11F
330
5F
100
AcDbEntity
  8
0
  6
Continuous
 62
    18
420
        0
370
    70
100
AcDbVertex
100
AcDb2dVertex
 10
23.24475007755785
 20
22.51163474850163
 30
0.0
  0
VERTEX
  5
120
330
5F
100
AcDbEntity
  8
0
  6
Continuous
 62
    18
420
        0
370
    70
100
AcDbVertex
100
AcDb2dVertex
 10
23.24475007755785
 20
22.41163474850163
 30
0.0
  0
VERTEX
  5
121
330
5F
100
AcDbEntity
  8
0
  6
Continuous
 62
    18
420
        0
370
    70
100
AcDbVertex
100
AcDb2dVertex
 10
21.47965995018423
 20
22.41163474850162
 30
0.0
  0
VERTEX
  5
122
330
5F
100
AcDbEntity
  8
0
  6
Continuous
 62
    18
420
        0
370
    70
100
AcDbVertex
100
AcDb2dVertex
 10
21.47965995018423
 20
22.51163474850163
 30
0.0
  0
VERTEX
  5
123
330
5F
100
AcDbEntity
  8
0
  6
Continuous
 62
    18
420
        0
370
    70
100
AcDbVertex
100
AcDb2dVertex
 10
22.91763629910156
 20
22.51163474850163
 30
0.0
  0
VERTEX
  5
124
330
5F
100
AcDbEntity
  8
0
  6
Continuous
 62
    18
420
        0
370
    70
100
AcDbVertex
100
AcDb2dVertex
 10
22.91763629910156
 20
28.55326464550762
 30
0.0
  0
VERTEX
  5
125
330
5F
100
AcDbEntity
  8
0
  6
Continuous
 62
    18
420
        0
370
    70
100
AcDbVertex
100
AcDb2dVertex
 10
20.17589382462413
 20
28.55326464550762
 30
0.0
  0
VERTEX
  5
126
330
5F
100
AcDbEntity
  8
0
  6
Continuous
 62
    18
420
        0
370
    70
100
AcDbVertex
100
AcDb2dVertex
 10
20.17589382462413
 20
22.51163474850163
 30
0.0
  0
VERTEX
  5
127
330
5F
100
AcDbEntity
  8
0
  6
Continuous
 62
    18
420
        0
370
    70
100
AcDbVertex
100
AcDb2dVertex
 10
20.41265995018423
 20
22.51163474850163
 30
0.0
  0
VERTEX
  5
128
330
5F
100
AcDbEntity
  8
0
  6
Continuous
 62
    18
420
        0
370
    70
100
AcDbVertex
100
AcDb2dVertex
 10
20.41265995018422
 20
22.41163474850162
 30
0.0
  0
VERTEX
  5
129
330
5F
100
AcDbEntity
  8
0
  6
Continuous
 62
    18
420
        0
370
    70
100
AcDbVertex
100
AcDb2dVertex
 10
18.63791747570677
 20
22.41163474850162
 30
0.0
  0
VERTEX
  5
12A
330
5F
100
AcDbEntity
  8
0
  6
Continuous
 62
    18
420
        0
370
    70
100
AcDbVertex
100
AcDb2dVertex
 10
18.63791747570676
 20
22.51163474850163
 30
0.0
  0
VERTEX
  5
12B
330
5F
100
AcDbEntity
  8
0
  6
Continuous
 62
    18
420
        0
370
    70
100
AcDbVertex
100
AcDb2dVertex
 10
20.0758938246241
 20
22.51163474850163
 30
0.0
  0
VERTEX
  5
12C
330
5F
100
AcDbEntity
  8
0
  6
Continuous
 62
    18
420
        0
370
    70
100
AcDbVertex
100
AcDb2dVertex
 10
20.0758938246241
 20
28.55326464550762
 30
0.0
  0
VERTEX
  5
12D
330
5F
100
AcDbEntity
  8
0
  6
Continuous
 62
    18
420
        0
370
    70
100
AcDbVertex
100
AcDb2dVertex
 10
17.33415135014667
 20
28.55326464550762
 30
0.0
  0
VERTEX
  5
12E
330
5F
100
AcDbEntity
  8
0
  6
Continuous
 62
    18
420
        0
370
    70
100
AcDbVertex
100
AcDb2dVertex
 10
17.33415135014667
 20
22.51163474850163
 30
0.0
  0
VERTEX
  5
12F
330
5F
100
AcDbEntity
  8
0
  6
Continuous
 62
    18
420
        0
370
    70
100
AcDbVertex
100
AcDb2dVertex
 10
17.57091747570678
 20
22.51163474850163
 30
0.0
  0
VERTEX
  5
130
330
5F
100
AcDbEntity
  8
0
  6
Continuous
 62
    18
420
        0
370
    70
100
AcDbVertex
100
AcDb2dVertex
 10
17.57091747570677
 20
22.41163474850162
 30
0.0
  0
VERTEX
  5
131
330
5F
100
AcDbEntity
  8
0
  6
Continuous
 62
    18
420
        0
370
    70
100
AcDbVertex
100
AcDb2dVertex
 10
17.23415135014666
 20
22.41163474850162
 30
0.0
  0
VERTEX
  5
132
330
5F
100
AcDbEntity
  8
0
  6
Continuous
 62
    18
420
        0
370
    70
100
AcDbVertex
100
AcDb2dVertex
 10
17.23415135014666
 20
28.55326464550762
 30
0.0
  0
VERTEX
  5
133
330
5F
100
AcDbEntity
  8
0
  6
Continuous
 62
    18
420
        0
370
    70
100
AcDbVertex
100
AcDb2dVertex
 10
14.71305030680819
 20
28.55326464550762
 30
0.0
  0
VERTEX
  5
134
330
5F
100
AcDbEntity
  8
0
  6
Continuous
 62
    18
420
        0
370
    70
100
AcDbVertex
100
AcDb2dVertex
 10
14.71305030680819
 20
26.97442155829446
 30
0.0
  0
VERTEX
  5
135
330
5F
100
AcDbEntity
  8
0
  6
Continuous
 62
    18
420
        0
370
    70
100
AcDbVertex
100
AcDb2dVertex
 10
14.61305030680819
 20
26.97442155831401
 30
0.0
  0
VERTEX
  5
136
330
5F
100
AcDbEntity
  8
0
  6
Continuous
 62
    18
420
        0
370
    70
100
AcDbVertex
100
AcDb2dVertex
 10
14.61305030680819
 20
28.55326464550762
 30
0.0
  0
VERTEX
  5
137
330
5F
100
AcDbEntity
  8
0
  6
Continuous
 62
    18
420
        0
370
    70
100
AcDbVertex
100
AcDb2dVertex
 10
8.924999999999997
 20
28.55326464550762
 30
0.0
  0
VERTEX
  5
138
330
5F
100
AcDbEntity
  8
0
  6
Continuous
 62
    18
420
        0
370
    70
100
AcDbVertex
100
AcDb2dVertex
 10
8.924752649086983
 20
25.58244969700463
 30
0.0
  0
VERTEX
  5
139
330
5F
100
AcDbEntity
  8
0
  6
Continuous
 62
    18
420
        0
370
    70
100
AcDbVertex
100
AcDb2dVertex
 10
14.61305030680819
 20
25.58244969700463
 30
0.0
  0
VERTEX
  5
13A
330
5F
100
AcDbEntity
  8
0
  6
Continuous
 62
    18
420
        0
370
    70
100
AcDbVertex
100
AcDb2dVertex
 10
14.61305030680819
 20
25.90742155831402
 30
0.0
  0
VERTEX
  5
13B
330
5F
100
AcDbEntity
  8
0
  6
Continuous
 62
    18
420
        0
370
    70
100
AcDbVertex
100
AcDb2dVertex
 10
14.71305030680819
 20
25.90742155829715
 30
0.0
  0
VERTEX
  5
13C
330
5F
100
AcDbEntity
  8
0
  6
Continuous
 62
    18
420
        0
370
    70
100
AcDbVertex
100
AcDb2dVertex
 10
14.71305030680819
 20
23.90360660981101
 30
0.0
  0
VERTEX
  5
13D
330
5F
100
AcDbEntity
  8
0
  6
Continuous
 62
    18
420
        0
370
    70
100
AcDbVertex
100
AcDb2dVertex
 10
14.61305030680819
 20
23.90360660981101
 30
0.0
  0
VERTEX
  5
13E
330
5F
100
AcDbEntity
  8
0
  6
Continuous
 62
    18
420
        0
370
    70
100
AcDbVertex
100
AcDb2dVertex
 10
14.61305030680819
 20
25.48244969700462
 30
0.0
  0
VERTEX
  5
13F
330
5F
100
AcDbEntity
  8
0
  6
Continuous
 62
    18
420
        0
370
    70
100
AcDbVertex
100
AcDb2dVertex
 10
8.924750602032503
 20
25.48244969717224
 30
0.0
  0
VERTEX
  5
140
330
5F
100
AcDbEntity
  8
0
  6
Continuous
 62
    18
420
        0
370
    70
100
AcDbVertex
100
AcDb2dVertex
 10
8.924505298173969
 20
22.51163474850163
 30
0.0
  0
VERTEX
  5
141
330
5F
100
AcDbEntity
  8
0
  6
Continuous
 62
    18
420
        0
370
    70
100
AcDbVertex
100
AcDb2dVertex
 10
14.61305030680819
 20
22.51163474850163
 30
0.0
  0
VERTEX
  5
142
330
5F
100
AcDbEntity
  8
0
  6
Continuous
 62
    18
420
        0
370
    70
100
AcDbVertex
100
AcDb2dVertex
 10
14.61305030680819
 20
22.83660660981102
 30
0.0
  0
VERTEX
  5
143
330
5F
100
AcDbEntity
  8
0
  6
Continuous
 62
    18
420
        0
370
    70
100
AcDbVertex
100
AcDb2dVertex
 10
14.71305030680819
 20
22.83660660981102
 30
0.0
  0
VERTEX
  5
144
330
5F
100
AcDbEntity
  8
0
  6
Continuous
 62
    18
420
        0
370
    70
100
AcDbVertex
100
AcDb2dVertex
 10
14.71305030680819
 20
21.15683769135769
 30
0.0
  0
VERTEX
  5
145
330
5F
100
AcDbEntity
  8
0
  6
Continuous
 62
    18
420
        0
370
    70
100
AcDbVertex
100
AcDb2dVertex
 10
14.61305030680819
 20
21.15683769135767
 30
0.0
  0
VERTEX
  5
146
330
5F
100
AcDbEntity
  8
0
  6
Continuous
 62
    18
420
        0
370
    70
100
AcDbVertex
100
AcDb2dVertex
 10
14.61305030680819
 20
22.41163474850163
 30
0.0
  0
VERTEX
  5
147
330
5F
100
AcDbEntity
  8
0
  6
Continuous
 62
    18
420
        0
370
    70
100
AcDbVertex
100
AcDb2dVertex
 10
8.924752649086983
 20
22.41163474850163
 30
0.0
  0
VERTEX
  5
148
330
5F
100
AcDbEntity
  8
0
  6
Continuous
 62
    18
420
        0
370
    70
100
AcDbVertex
100
AcDb2dVertex
 10
8.924404062203791
 20
19.76486583004829
 30
0.0
  0
VERTEX
  5
149
330
5F
100
AcDbEntity
  8
0
  6
Continuous
 62
    18
420
        0
370
    70
100
AcDbVertex
100
AcDb2dVertex
 10
14.61305030680819
 20
19.76486583004829
 30
0.0
  0
VERTEX
  5
14A
330
5F
100
AcDbEntity
  8
0
  6
Continuous
 62
    18
420
        0
370
    70
100
AcDbVertex
100
AcDb2dVertex
 10
14.61305030680819
 20
20.08983769135768
 30
0.0
  0
VERTEX
  5
14B
330
5F
100
AcDbEntity
  8
0
  6
Continuous
 62
    18
420
        0
370
    70
100
AcDbVertex
100
AcDb2dVertex
 10
14.71305030680819
 20
20.08983769135768
 30
0.0
  0
VERTEX
  5
14C
330
5F
100
AcDbEntity
  8
0
  6
Continuous
 62
    18
420
        0
370
    70
100
AcDbVertex
100
AcDb2dVertex
 10
14.71305030680819
 20
18.41811038332146
 30
0.0
  0
VERTEX
  5
14D
330
5F
100
AcDbEntity
  8
0
  6
Continuous
 62
    18
420
        0
370
    70
100
AcDbVertex
100
AcDb2dVertex
 10
14.61305030680819
 20
18.41811038332146
 30
0.0
  0
VERTEX
  5
14E
330
5F
100
AcDbEntity
  8
0
  6
Continuous
 62
    18
420
        0
370
    70
100
AcDbVertex
100
AcDb2dVertex
 10
14.61305030680819
 20
19.66486583004828
 30
0.0
  0
VERTEX
  5
14F
330
5F
100
AcDbEntity
  8
0
  6
Continuous
 62
    18
420
        0
370
    70
100
AcDbVertex
100
AcDb2dVertex
 10
8.924400830680355
 20
19.66486583046599
 30
0.0
  0
VERTEX
  5
150
330
5F
100
AcDbEntity
  8
0
  6
Continuous
 62
    18
420
        0
370
    70
100
AcDbVertex
100
AcDb2dVertex
 10
8.9240554753206
 20
17.01809691159493
 30
0.0
  0
VERTEX
  5
151
330
5F
100
AcDbEntity
  8
0
  6
Continuous
 62
    18
420
        0
370
    70
100
AcDbVertex
100
AcDb2dVertex
 10
14.61305030680819
 20
17.01809691159493
 30
0.0
  0
VERTEX
  5
152
330
5F
100
AcDbEntity
  8
0
  6
Continuous
 62
    18
420
        0
370
    70
100
AcDbVertex
100
AcDb2dVertex
 10
14.61305030680819
 20
17.35111038332145
 30
0.0
  0
VERTEX
  5
153
330
5F
100
AcDbEntity
  8
0
  6
Continuous
 62
    18
420
        0
370
    70
100
AcDbVertex
100
AcDb2dVertex
 10
14.71305030680819
 20
17.35111038332145
 30
0.0
  0
VERTEX
  5
154
330
5F
100
AcDbEntity
  8
0
  6
Continuous
 62
    18
420
        0
370
    70
100
AcDbVertex
100
AcDb2dVertex
 10
14.71305030680819
 20
15.68352780760169
 30
0.0
  0
VERTEX
  5
155
330
5F
100
AcDbEntity
  8
0
  6
Continuous
 62
    18
420
        0
370
    70
100
AcDbVertex
100
AcDb2dVertex
 10
14.61305030680819
 20
15.68352780760167
 30
0.0
  0
VERTEX
  5
156
330
5F
100
AcDbEntity
  8
0
  6
Continuous
 62
    18
420
        0
370
    70
100
AcDbVertex
100
AcDb2dVertex
 10
14.61305030680819
 20
16.91809691159494
 30
0.0
  0
VERTEX
  5
157
330
5F
100
AcDbEntity
  8
0
  6
Continuous
 62
    18
420
        0
370
    70
100
AcDbVertex
100
AcDb2dVertex
 10
8.924527737660298
 20
16.91809691159494
 30
0.0
  0
VERTEX
  5
158
330
5F
100
AcDbEntity
  8
0
  6
Continuous
 62
    18
420
        0
370
    70
100
AcDbVertex
100
AcDb2dVertex
 10
8.924068351372654
 20
14.29155594629228
 30
0.0
  0
VERTEX
  5
159
330
5F
100
AcDbEntity
  8
0
  6
Continuous
 62
    18
420
        0
370
    70
100
AcDbVertex
100
AcDb2dVertex
 10
14.61305030680819
 20
14.29155594629228
 30
0.0
  0
VERTEX
  5
15A
330
5F
100
AcDbEntity
  8
0
  6
Continuous
 62
    18
420
        0
370
    70
100
AcDbVertex
100
AcDb2dVertex
 10
14.61305030680819
 20
14.61652780760168
 30
0.0
  0
VERTEX
  5
15B
330
5F
100
AcDbEntity
  8
0
  6
Continuous
 62
    18
420
        0
370
    70
100
AcDbVertex
100
AcDb2dVertex
 10
14.71305030680819
 20
14.61652780760168
 30
0.0
  0
VERTEX
  5
15C
330
5F
100
AcDbEntity
  8
0
  6
Continuous
 62
    18
420
        0
370
    70
100
AcDbVertex
100
AcDb2dVertex
 10
14.71305030680819
 20
12.821176375996
 30
0.0
  0
VERTEX
  5
15D
330
5F
100
AcDbEntity
  8
0
  6
Continuous
 62
    18
420
        0
370
    70
100
AcDbVertex
100
AcDb2dVertex
 10
14.61305030680819
 20
12.82117637599598
 30
0.0
  0
VERTEX
  5
15E
330
5F
100
AcDbEntity
  8
0
  6
Continuous
 62
    18
420
        0
370
    70
100
AcDbVertex
100
AcDb2dVertex
 10
14.61305030680819
 20
14.19155594629228
 30
0.0
  0
VERTEX
  5
15F
330
5F
100
AcDbEntity
  8
0
  6
Continuous
 62
    18
420
        0
370
    70
100
AcDbVertex
100
AcDb2dVertex
 10
8.924064060514809
 20
14.19155594702874
 30
0.0
  0
VERTEX
  5
160
330
5F
100
AcDbEntity
  8
0
  6
Continuous
 62
    18
420
        0
370
    70
100
AcDbVertex
100
AcDb2dVertex
 10
8.923608965085037
 20
11.56501498098962
 30
0.0
  0
VERTEX
  5
161
330
5F
100
AcDbEntity
  8
0
  6
Continuous
 62
    18
420
        0
370
    70
100
AcDbVertex
100
AcDb2dVertex
 10
14.61305030680819
 20
11.56501498098962
 30
0.0
  0
VERTEX
  5
162
330
5F
100
AcDbEntity
  8
0
  6
Continuous
 62
    18
420
        0
370
    70
100
AcDbVertex
100
AcDb2dVertex
 10
14.61305030680819
 20
11.75417637599599
 30
0.0
  0
VERTEX
  5
163
330
5F
100
AcDbEntity
  8
0
  6
Continuous
 62
    18
420
        0
370
    70
100
AcDbVertex
100
AcDb2dVertex
 10
14.71305030680819
 20
11.75417637599599
 30
0.0
  0
VERTEX
  5
164
330
5F
100
AcDbEntity
  8
0
  6
Continuous
 62
    18
420
        0
370
    70
100
AcDbVertex
100
AcDb2dVertex
 10
14.71305030680819
 20
11.46501498098963
 30
0.0
  0
VERTEX
  5
165
330
5F
100
AcDbEntity
  8
0
  6
Continuous
 62
    18
420
        0
370
    70
100
AcDbVertex
100
AcDb2dVertex
 10
8.92430448254251
 20
11.46501498098963
 30
0.0
  0
SEQEND
  5
166
330
5F
100
AcDbEntity
  8
0
  6
Continuous
 62
    18
420
        0
370
    70
  0
POLYLINE
  5
167
330
1F
100
AcDbEntity
  8
0
  6
Continuous
 62
    18
420
        0
370
    70
100
AcDb2dPolyline
 66
     1
 10
0.0
 20
0.0
 30
0.0
 70
     1
  0
VERTEX
  5
168
330
167
100
AcDbEntity
  8
0
  6
Continuous
 62
    18
420
        0
370
    70
100
AcDbVertex
100
AcDb2dVertex
 10
46.67026980446364
 20
17.76529801478173
 30
0.0
  0
VERTEX
  5
169
330
167
100
AcDbEntity
  8
0
  6
Continuous
 62
    18
420
        0
370
    70
100
AcDbVertex
100
AcDb2dVertex
 10
51.52984413989297
 20
17.76529801478173
 30
0.0
  0
VERTEX
  5
16A
330
167
100
AcDbEntity
  8
0
  6
Continuous
 62
    18
420
        0
370
    70
100
AcDbVertex
100
AcDb2dVertex
 10
51.52984413989297
 20
17.99625490855109
 30
0.0
  0
VERTEX
  5
16B
330
167
100
AcDbEntity
  8
0
  6
Continuous
 62
    18
420
        0
370
    70
100
AcDbVertex
100
AcDb2dVertex
 10
51.62984413989296
 20
17.99625490855109
 30
0.0
  0
VERTEX
  5
16C
330
167
100
AcDbEntity
  8
0
  6
Continuous
 62
    18
420
        0
370
    70
100
AcDbVertex
100
AcDb2dVertex
 10
51.62984413989296
 20
14.19653943481938
 30
0.0
  0
VERTEX
  5
16D
330
167
100
AcDbEntity
  8
0
  6
Continuous
 62
    18
420
        0
370
    70
100
AcDbVertex
100
AcDb2dVertex
 10
48.14724220671519
 20
14.19653943481938
 30
0.0
  0
VERTEX
  5
16E
330
167
100
AcDbEntity
  8
0
  6
Continuous
 62
    18
420
        0
370
    70
100
AcDbVertex
100
AcDb2dVertex
 10
48.14724220671519
 20
14.29653943481937
 30
0.0
  0
VERTEX
  5
16F
330
167
100
AcDbEntity
  8
0
  6
Continuous
 62
    18
420
        0
370
    70
100
AcDbVertex
100
AcDb2dVertex
 10
51.52984413989297
 20
14.29653943481937
 30
0.0
  0
VERTEX
  5
170
330
167
100
AcDbEntity
  8
0
  6
Continuous
 62
    18
420
        0
370
    70
100
AcDbVertex
100
AcDb2dVertex
 10
51.52984413989297
 20
17.66529801478173
 30
0.0
  0
VERTEX
  5
171
330
167
100
AcDbEntity
  8
0
  6
Continuous
 62
    18
420
        0
370
    70
100
AcDbVertex
100
AcDb2dVertex
 10
46.67026980446364
 20
17.66529801478173
 30
0.0
  0
VERTEX
  5
172
330
167
100
AcDbEntity
  8
0
  6
Continuous
 62
    18
420
        0
370
    70
100
AcDbVertex
100
AcDb2dVertex
 10
46.6666367950605
 20
14.29653942049485
 30
0.0
  0
VERTEX
  5
173
330
167
100
AcDbEntity
  8
0
  6
Continuous
 62
    18
420
        0
370
    70
100
AcDbVertex
100
AcDb2dVertex
 10
47.08024220671518
 20
14.29653943481937
 30
0.0
  0
VERTEX
  5
174
330
167
100
AcDbEntity
  8
0
  6
Continuous
 62
    18
420
        0
370
    70
100
AcDbVertex
100
AcDb2dVertex
 10
47.08024220671518
 20
14.19653943481938
 30
0.0
  0
VERTEX
  5
175
330
167
100
AcDbEntity
  8
0
  6
Continuous
 62
    18
420
        0
370
    70
100
AcDbVertex
100
AcDb2dVertex
 10
46.21868698748703
 20
14.19653943481938
 30
0.0
  0
VERTEX
  5
176
330
167
100
AcDbEntity
  8
0
  6
Continuous
 62
    18
420
        0
370
    70
100
AcDbVertex
100
AcDb2dVertex
 10
46.21868698748703
 20
14.29653943481937
 30
0.0
  0
VERTEX
  5
177
330
167
100
AcDbEntity
  8
0
  6
Continuous
 62
    18
420
        0
370
    70
100
AcDbVertex
100
AcDb2dVertex
 10
46.56666350021004
 20
14.29653943481937
 30
0.0
  0
VERTEX
  5
178
330
167
100
AcDbEntity
  8
0
  6
Continuous
 62
    18
420
        0
370
    70
100
AcDbVertex
100
AcDb2dVertex
 10
46.57303830943428
 20
20.25153739679905
 30
0.0
  0
VERTEX
  5
179
330
167
100
AcDbEntity
  8
0
  6
Continuous
 62
    18
420
        0
370
    70
100
AcDbVertex
100
AcDb2dVertex
 10
46.21868698748703
 20
20.25152865745052
 30
0.0
  0
VERTEX
  5
17A
330
167
100
AcDbEntity
  8
0
  6
Continuous
 62
    18
420
        0
370
    70
100
AcDbVertex
100
AcDb2dVertex
 10
46.21868698748703
 20
20.35143034713065
 30
0.0
  0
VERTEX
  5
17B
330
167
100
AcDbEntity
  8
0
  6
Continuous
 62
    18
420
        0
370
    70
100
AcDbVertex
100
AcDb2dVertex
 10
51.62984413989296
 20
20.35143034713065
 30
0.0
  0
VERTEX
  5
17C
330
167
100
AcDbEntity
  8
0
  6
Continuous
 62
    18
420
        0
370
    70
100
AcDbVertex
100
AcDb2dVertex
 10
51.62984413989296
 20
19.06325490855108
 30
0.0
  0
VERTEX
  5
17D
330
167
100
AcDbEntity
  8
0
  6
Continuous
 62
    18
420
        0
370
    70
100
AcDbVertex
100
AcDb2dVertex
 10
51.52984413989297
 20
19.06325490855108
 30
0.0
  0
VERTEX
  5
17E
330
167
100
AcDbEntity
  8
0
  6
Continuous
 62
    18
420
        0
370
    70
100
AcDbVertex
100
AcDb2dVertex
 10
51.52984413989297
 20
20.25143034713064
 30
0.0
  0
VERTEX
  5
17F
330
167
100
AcDbEntity
  8
0
  6
Continuous
 62
    18
420
        0
370
    70
100
AcDbVertex
100
AcDb2dVertex
 10
46.67303825213612
 20
20.25143034713064
 30
0.0
  0
SEQEND
  5
180
330
167
100
AcDbEntity
  8
0
  6
Continuous
 62
    18
420
        0
370
    70
  0
POLYLINE
  5
181
330
1F
100
AcDbEntity
  8
0
  6
Continuous
 62
    18
420
        0
370
    70
100
AcDb2dPolyline
 66
     1
 10
0.0
 20
0.0
 30
0.0
 70
     1
  0
VERTEX
  5
182
330
181
100
AcDbEntity
  8
0
  6
Continuous
 62
    18
420
        0
370
    70
100
AcDbVertex
100
AcDb2dVertex
 10
45.15168698748701
 20
20.35143034713065
 30
0.0
  0
VERTEX
  5
183
330
181
100
AcDbEntity
  8
0
  6
Continuous
 62
    18
420
        0
370
    70
100
AcDbVertex
100
AcDb2dVertex
 10
45.15168698748701
 20
20.25150234208407
 30
0.0
  0
VERTEX
  5
184
330
181
100
AcDbEntity
  8
0
  6
Continuous
 62
    18
420
        0
370
    70
100
AcDbVertex
100
AcDb2dVertex
 10
42.23253267908248
 20
20.25143034713064
 30
0.0
  0
VERTEX
  5
185
330
181
100
AcDbEntity
  8
0
  6
Continuous
 62
    18
420
        0
370
    70
100
AcDbVertex
100
AcDb2dVertex
 10
42.23253267908248
 20
14.29653943481937
 30
0.0
  0
VERTEX
  5
186
330
181
100
AcDbEntity
  8
0
  6
Continuous
 62
    18
420
        0
370
    70
100
AcDbVertex
100
AcDb2dVertex
 10
45.15168698748701
 20
14.29653943481937
 30
0.0
  0
VERTEX
  5
187
330
181
100
AcDbEntity
  8
0
  6
Continuous
 62
    18
420
        0
370
    70
100
AcDbVertex
100
AcDb2dVertex
 10
45.15168698748701
 20
14.19653943481938
 30
0.0
  0
VERTEX
  5
188
330
181
100
AcDbEntity
  8
0
  6
Continuous
 62
    18
420
        0
370
    70
100
AcDbVertex
100
AcDb2dVertex
 10
42.13253267908246
 20
14.19653943481938
 30
0.0
  0
VERTEX
  5
189
330
181
100
AcDbEntity
  8
0
  6
Continuous
 62
    18
420
        0
370
    70
100
AcDbVertex
100
AcDb2dVertex
 10
42.13253267908246
 20
20.35143034713065
 30
0.0
  0
SEQEND
  5
18A
330
181
100
AcDbEntity
  8
0
  6
Continuous
 62
    18
420
        0
370
    70
  0
POLYLINE
  5
18B
330
1F
100
AcDbEntity
  8
0
  6
Continuous
 62
    18
420
        0
370
    70
100
AcDb2dPolyline
 66
     1
 10
0.0
 20
0.0
 30
0.0
 70
     1
  0
VERTEX
  5
18C
330
18B
100
AcDbEntity
  8
0
  6
Continuous
 62
    18
420
        0
370
    70
100
AcDbVertex
100
AcDb2dVertex
 10
29.5833958719833
 20
7.899467415070212
 30
0.0
  0
VERTEX
  5
18D
330
18B
100
AcDbEntity
  8
0
  6
Continuous
 62
    18
420
        0
370
    70
100
AcDbVertex
100
AcDb2dVertex
 10
29.5833958719833
 20
7.999467415070221
 30
0.0
  0
VERTEX
  5
18E
330
18B
100
AcDbEntity
  8
0
  6
Continuous
 62
    18
420
        0
370
    70
100
AcDbVertex
100
AcDb2dVertex
 10
34.75493652387976
 20
7.999467415070221
 30
0.0
  0
VERTEX
  5
18F
330
18B
100
AcDbEntity
  8
0
  6
Continuous
 62
    18
420
        0
370
    70
100
AcDbVertex
100
AcDb2dVertex
 10
34.75493652387976
 20
7.899467415070212
 30
0.0
  0
SEQEND
  5
190
330
18B
100
AcDbEntity
  8
0
  6
Continuous
 62
    18
420
        0
370
    70
  0
POLYLINE
  5
191
330
1F
100
AcDbEntity
  8
0
  6
Continuous
 62
    18
420
        0
370
    70
100
AcDb2dPolyline
 66
     1
 10
0.0
 20
0.0
 30
0.0
 70
     1
  0
VERTEX
  5
192
330
191
100
AcDbEntity
  8
0
  6
Continuous
 62
    18
420
        0
370
    70
100
AcDbVertex
100
AcDb2dVertex
 10
41.65986585796959
 20
7.899467415070212
 30
0.0
  0
VERTEX
  5
193
330
191
100
AcDbEntity
  8
0
  6
Continuous
 62
    18
420
        0
370
    70
100
AcDbVertex
100
AcDb2dVertex
 10
41.65986585796959
 20
8.09946741507023
 30
0.0
  0
VERTEX
  5
194
330
191
100
AcDbEntity
  8
0
  6
Continuous
 62
    18
420
        0
370
    70
100
AcDbVertex
100
AcDb2dVertex
 10
42.03253267908246
 20
8.09946741507023
 30
0.0
  0
VERTEX
  5
195
330
191
100
AcDbEntity
  8
0
  6
Continuous
 62
    18
420
        0
370
    70
100
AcDbVertex
100
AcDb2dVertex
 10
42.03253267908246
 20
11.3743667501782
 30
0.0
  0
VERTEX
  5
196
330
191
100
AcDbEntity
  8
0
  6
Continuous
 62
    18
420
        0
370
    70
100
AcDbVertex
100
AcDb2dVertex
 10
39.4951335670109
 20
11.3743667501782
 30
0.0
  0
VERTEX
  5
197
330
191
100
AcDbEntity
  8
0
  6
Continuous
 62
    18
420
        0
370
    70
100
AcDbVertex
100
AcDb2dVertex
 10
39.4951335670109
 20
8.09946741507023
 30
0.0
  0
VERTEX
  5
198
330
191
100
AcDbEntity
  8
0
  6
Continuous
 62
    18
420
        0
370
    70
100
AcDbVertex
100
AcDb2dVertex
 10
39.8498658579696
 20
8.09946741507023
 30
0.0
  0
VERTEX
  5
199
330
191
100
AcDbEntity
  8
0
  6
Continuous
 62
    18
420
        0
370
    70
100
AcDbVertex
100
AcDb2dVertex
 10
39.84986585796958
 20
7.899467415070212
 30
0.0
  0
VERTEX
  5
19A
330
191
100
AcDbEntity
  8
0
  6
Continuous
 62
    18
420
        0
370
    70
100
AcDbVertex
100
AcDb2dVertex
 10
36.56493652387974
 20
7.899467415070212
 30
0.0
  0
VERTEX
  5
19B
330
191
100
AcDbEntity
  8
0
  6
Continuous
 62
    18
420
        0
370
    70
100
AcDbVertex
100
AcDb2dVertex
 10
36.56493652387977
 20
7.999467415070221
 30
0.0
  0
VERTEX
  5
19C
330
191
100
AcDbEntity
  8
0
  6
Continuous
 62
    18
420
        0
370
    70
100
AcDbVertex
100
AcDb2dVertex
 10
39.29513356701089
 20
7.999467415070221
 30
0.0
  0
VERTEX
  5
19D
330
191
100
AcDbEntity
  8
0
  6
Continuous
 62
    18
420
        0
370
    70
100
AcDbVertex
100
AcDb2dVertex
 10
39.29513356701089
 20
11.4743667501782
 30
0.0
  0
VERTEX
  5
19E
330
191
100
AcDbEntity
  8
0
  6
Continuous
 62
    18
420
        0
370
    70
100
AcDbVertex
100
AcDb2dVertex
 10
25.62890513900601
 20
11.47436675017821
 30
0.0
  0
VERTEX
  5
19F
330
191
100
AcDbEntity
  8
0
  6
Continuous
 62
    18
420
        0
370
    70
100
AcDbVertex
100
AcDb2dVertex
 10
25.62890513900601
 20
11.40522936877475
 30
0.0
  0
VERTEX
  5
1A0
330
191
100
AcDbEntity
  8
0
  6
Continuous
 62
    18
420
        0
370
    70
100
AcDbVertex
100
AcDb2dVertex
 10
25.62890513900601
 20
7.999467415070221
 30
0.0
  0
VERTEX
  5
1A1
330
191
100
AcDbEntity
  8
0
  6
Continuous
 62
    18
420
        0
370
    70
100
AcDbVertex
100
AcDb2dVertex
 10
27.7733958719833
 20
7.999467415070221
 30
0.0
  0
VERTEX
  5
1A2
330
191
100
AcDbEntity
  8
0
  6
Continuous
 62
    18
420
        0
370
    70
100
AcDbVertex
100
AcDb2dVertex
 10
27.77339587198333
 20
7.899467415070212
 30
0.0
  0
VERTEX
  5
1A3
330
191
100
AcDbEntity
  8
0
  6
Continuous
 62
    18
420
        0
370
    70
100
AcDbVertex
100
AcDb2dVertex
 10
25.52890513900601
 20
7.899467415070212
 30
0.0
  0
VERTEX
  5
1A4
330
191
100
AcDbEntity
  8
0
  6
Continuous
 62
    18
420
        0
370
    70
100
AcDbVertex
100
AcDb2dVertex
 10
25.52890513900601
 20
20.35143034713065
 30
0.0
  0
VERTEX
  5
1A5
330
191
100
AcDbEntity
  8
0
  6
Continuous
 62
    18
420
        0
370
    70
100
AcDbVertex
100
AcDb2dVertex
 10
29.2655919024602
 20
20.35143034713065
 30
0.0
  0
VERTEX
  5
1A6
330
191
100
AcDbEntity
  8
0
  6
Continuous
 62
    18
420
        0
370
    70
100
AcDbVertex
100
AcDb2dVertex
 10
29.26559190246022
 20
20.25143034713066
 30
0.0
  0
VERTEX
  5
1A7
330
191
100
AcDbEntity
  8
0
  6
Continuous
 62
    18
420
        0
370
    70
100
AcDbVertex
100
AcDb2dVertex
 10
25.62890513900601
 20
20.25143034713066
 30
0.0
  0
VERTEX
  5
1A8
330
191
100
AcDbEntity
  8
0
  6
Continuous
 62
    18
420
        0
370
    70
100
AcDbVertex
100
AcDb2dVertex
 10
25.62890513900601
 20
11.57436675017821
 30
0.0
  0
VERTEX
  5
1A9
330
191
100
AcDbEntity
  8
0
  6
Continuous
 62
    18
420
        0
370
    70
100
AcDbVertex
100
AcDb2dVertex
 10
33.84293836902654
 20
11.57436675017821
 30
0.0
  0
VERTEX
  5
1AA
330
191
100
AcDbEntity
  8
0
  6
Continuous
 62
    18
420
        0
370
    70
100
AcDbVertex
100
AcDb2dVertex
 10
33.84293836902654
 20
20.25143034713066
 30
0.0
  0
VERTEX
  5
1AB
330
191
100
AcDbEntity
  8
0
  6
Continuous
 62
    18
420
        0
370
    70
100
AcDbVertex
100
AcDb2dVertex
 10
30.33259190246019
 20
20.25143034713066
 30
0.0
  0
VERTEX
  5
1AC
330
191
100
AcDbEntity
  8
0
  6
Continuous
 62
    18
420
        0
370
    70
100
AcDbVertex
100
AcDb2dVertex
 10
30.33259190246019
 20
20.35143034713065
 30
0.0
  0
VERTEX
  5
1AD
330
191
100
AcDbEntity
  8
0
  6
Continuous
 62
    18
420
        0
370
    70
100
AcDbVertex
100
AcDb2dVertex
 10
34.2040039939188
 20
20.35143034713065
 30
0.0
  0
VERTEX
  5
1AE
330
191
100
AcDbEntity
  8
0
  6
Continuous
 62
    18
420
        0
370
    70
100
AcDbVertex
100
AcDb2dVertex
 10
34.2040039939188
 20
20.25143034713066
 30
0.0
  0
VERTEX
  5
1AF
330
191
100
AcDbEntity
  8
0
  6
Continuous
 62
    18
420
        0
370
    70
100
AcDbVertex
100
AcDb2dVertex
 10
33.94293836902655
 20
20.25143034713066
 30
0.0
  0
VERTEX
  5
1B0
330
191
100
AcDbEntity
  8
0
  6
Continuous
 62
    18
420
        0
370
    70
100
AcDbVertex
100
AcDb2dVertex
 10
33.94293836902655
 20
15.39203816909475
 30
0.0
  0
VERTEX
  5
1B1
330
191
100
AcDbEntity
  8
0
  6
Continuous
 62
    18
420
        0
370
    70
100
AcDbVertex
100
AcDb2dVertex
 10
39.29513356701089
 20
15.39203816909475
 30
0.0
  0
VERTEX
  5
1B2
330
191
100
AcDbEntity
  8
0
  6
Continuous
 62
    18
420
        0
370
    70
100
AcDbVertex
100
AcDb2dVertex
 10
39.29513356701089
 20
20.25143034713064
 30
0.0
  0
VERTEX
  5
1B3
330
191
100
AcDbEntity
  8
0
  6
Continuous
 62
    18
420
        0
370
    70
100
AcDbVertex
100
AcDb2dVertex
 10
35.27100399391878
 20
20.25143034713066
 30
0.0
  0
VERTEX
  5
1B4
330
191
100
AcDbEntity
  8
0
  6
Continuous
 62
    18
420
        0
370
    70
100
AcDbVertex
100
AcDb2dVertex
 10
35.27100399391878
 20
20.35143034713065
 30
0.0
  0
VERTEX
  5
1B5
330
191
100
AcDbEntity
  8
0
  6
Continuous
 62
    18
420
        0
370
    70
100
AcDbVertex
100
AcDb2dVertex
 10
39.39513356701091
 20
20.35143034713065
 30
0.0
  0
VERTEX
  5
1B6
330
191
100
AcDbEntity
  8
0
  6
Continuous
 62
    18
420
        0
370
    70
100
AcDbVertex
100
AcDb2dVertex
 10
39.39513356701091
 20
13.97837681401637
 30
0.0
  0
VERTEX
  5
1B7
330
191
100
AcDbEntity
  8
0
  6
Continuous
 62
    18
420
        0
370
    70
100
AcDbVertex
100
AcDb2dVertex
 10
39.29513356701089
 20
13.97837681401637
 30
0.0
  0
VERTEX
  5
1B8
330
191
100
AcDbEntity
  8
0
  6
Continuous
 62
    18
420
        0
370
    70
100
AcDbVertex
100
AcDb2dVertex
 10
39.29513356701089
 20
15.29203816909476
 30
0.0
  0
VERTEX
  5
1B9
330
191
100
AcDbEntity
  8
0
  6
Continuous
 62
    18
420
        0
370
    70
100
AcDbVertex
100
AcDb2dVertex
 10
33.94293836902655
 20
15.29203816909476
 30
0.0
  0
VERTEX
  5
1BA
330
191
100
AcDbEntity
  8
0
  6
Continuous
 62
    18
420
        0
370
    70
100
AcDbVertex
100
AcDb2dVertex
 10
33.94293836902655
 20
11.57436675017821
 30
0.0
  0
VERTEX
  5
1BB
330
191
100
AcDbEntity
  8
0
  6
Continuous
 62
    18
420
        0
370
    70
100
AcDbVertex
100
AcDb2dVertex
 10
39.29513356701091
 20
11.57436675017821
 30
0.0
  0
VERTEX
  5
1BC
330
191
100
AcDbEntity
  8
0
  6
Continuous
 62
    18
420
        0
370
    70
100
AcDbVertex
100
AcDb2dVertex
 10
39.29513356701089
 20
12.91137681401637
 30
0.0
  0
VERTEX
  5
1BD
330
191
100
AcDbEntity
  8
0
  6
Continuous
 62
    18
420
        0
370
    70
100
AcDbVertex
100
AcDb2dVertex
 10
39.39513356701091
 20
12.91137681401637
 30
0.0
  0
VERTEX
  5
1BE
330
191
100
AcDbEntity
  8
0
  6
Continuous
 62
    18
420
        0
370
    70
100
AcDbVertex
100
AcDb2dVertex
 10
39.39513356701091
 20
11.57436675017821
 30
0.0
  0
VERTEX
  5
1BF
330
191
100
AcDbEntity
  8
0
  6
Continuous
 62
    18
420
        0
370
    70
100
AcDbVertex
100
AcDb2dVertex
 10
42.45255205576855
 20
11.57436675017821
 30
0.0
  0
VERTEX
  5
1C0
330
191
100
AcDbEntity
  8
0
  6
Continuous
 62
    18
420
        0
370
    70
100
AcDbVertex
100
AcDb2dVertex
 10
42.45255205576855
 20
11.47436675017821
 30
0.0
  0
VERTEX
  5
1C1
330
191
100
AcDbEntity
  8
0
  6
Continuous
 62
    18
420
        0
370
    70
100
AcDbVertex
100
AcDb2dVertex
 10
42.23253267908248
 20
11.47436675017821
 30
0.0
  0
VERTEX
  5
1C2
330
191
100
AcDbEntity
  8
0
  6
Continuous
 62
    18
420
        0
370
    70
100
AcDbVertex
100
AcDb2dVertex
 10
42.23253267908248
 20
7.999467415070221
 30
0.0
  0
VERTEX
  5
1C3
330
191
100
AcDbEntity
  8
0
  6
Continuous
 62
    18
420
        0
370
    70
100
AcDbVertex
100
AcDb2dVertex
 10
46.56666355744693
 20
7.999467415070221
 30
0.0
  0
VERTEX
  5
1C4
330
191
100
AcDbEntity
  8
0
  6
Continuous
 62
    18
420
        0
370
    70
100
AcDbVertex
100
AcDb2dVertex
 10
46.56666355744693
 20
11.47436675017821
 30
0.0
  0
VERTEX
  5
1C5
330
191
100
AcDbEntity
  8
0
  6
Continuous
 62
    18
420
        0
370
    70
100
AcDbVertex
100
AcDb2dVertex
 10
43.51955205576851
 20
11.47436675017821
 30
0.0
  0
VERTEX
  5
1C6
330
191
100
AcDbEntity
  8
0
  6
Continuous
 62
    18
420
        0
370
    70
100
AcDbVertex
100
AcDb2dVertex
 10
43.51955205576851
 20
11.57436675017821
 30
0.0
  0
VERTEX
  5
1C7
330
191
100
AcDbEntity
  8
0
  6
Continuous
 62
    18
420
        0
370
    70
100
AcDbVertex
100
AcDb2dVertex
 10
50.11380085417599
 20
11.57436675017821
 30
0.0
  0
VERTEX
  5
1C8
330
191
100
AcDbEntity
  8
0
  6
Continuous
 62
    18
420
        0
370
    70
100
AcDbVertex
100
AcDb2dVertex
 10
50.11380085417599
 20
11.47436675017821
 30
0.0
  0
VERTEX
  5
1C9
330
191
100
AcDbEntity
  8
0
  6
Continuous
 62
    18
420
        0
370
    70
100
AcDbVertex
100
AcDb2dVertex
 10
46.66666355744692
 20
11.47436675017821
 30
0.0
  0
VERTEX
  5
1CA
330
191
100
AcDbEntity
  8
0
  6
Continuous
 62
    18
420
        0
370
    70
100
AcDbVertex
100
AcDb2dVertex
 10
46.66666355744692
 20
7.999467415070221
 30
0.0
  0
VERTEX
  5
1CB
330
191
100
AcDbEntity
  8
0
  6
Continuous
 62
    18
420
        0
370
    70
100
AcDbVertex
100
AcDb2dVertex
 10
51.52984413989294
 20
7.999467415070221
 30
0.0
  0
VERTEX
  5
1CC
330
191
100
AcDbEntity
  8
0
  6
Continuous
 62
    18
420
        0
370
    70
100
AcDbVertex
100
AcDb2dVertex
 10
51.52984413989294
 20
11.47436675017821
 30
0.0
  0
VERTEX
  5
1CD
330
191
100
AcDbEntity
  8
0
  6
Continuous
 62
    18
420
        0
370
    70
100
AcDbVertex
100
AcDb2dVertex
 10
51.180800854176
 20
11.47436675017821
 30
0.0
  0
VERTEX
  5
1CE
330
191
100
AcDbEntity
  8
0
  6
Continuous
 62
    18
420
        0
370
    70
100
AcDbVertex
100
AcDb2dVertex
 10
51.180800854176
 20
11.57436675017821
 30
0.0
  0
VERTEX
  5
1CF
330
191
100
AcDbEntity
  8
0
  6
Continuous
 62
    18
420
        0
370
    70
100
AcDbVertex
100
AcDb2dVertex
 10
51.62984413989296
 20
11.57436675017821
 30
0.0
  0
VERTEX
  5
1D0
330
191
100
AcDbEntity
  8
0
  6
Continuous
 62
    18
420
        0
370
    70
100
AcDbVertex
100
AcDb2dVertex
 10
51.62984413989296
 20
7.899467415070212
 30
0.0
  0
SEQEND
  5
1D1
330
191
100
AcDbEntity
  8
0
  6
Continuous
 62
    18
420
        0
370
    70
  0
POLYLINE
  5
1D2
330
1F
100
AcDbEntity
  8
0
  6
Continuous
 62
    18
420
        0
370
    70
100
AcDb2dPolyline
 66
     1
 10
0.0
 20
0.0
 30
0.0
 70
     1
  0
VERTEX
  5
1D3
330
1D2
100
AcDbEntity
  8
0
  6
Continuous
 62
    18
420
        0
370
    70
100
AcDbVertex
100
AcDb2dVertex
 10
54.0171866468569
 20
14.23618171726181
 30
0.0
  0
VERTEX
  5
1D4
330
1D2
100
AcDbEntity
  8
0
  6
Continuous
 62
    18
420
        0
370
    70
100
AcDbVertex
100
AcDb2dVertex
 10
54.0171866468569
 20
17.58293986843972
 30
0.0
  0
VERTEX
  5
1D5
330
1D2
100
AcDbEntity
  8
0
  6
Continuous
 62
    18
420
        0
370
    70
100
AcDbVertex
100
AcDb2dVertex
 10
58.37117749886801
 20
17.58293986843972
 30
0.0
  0
VERTEX
  5
1D6
330
1D2
100
AcDbEntity
  8
0
  6
Continuous
 62
    18
420
        0
370
    70
100
AcDbVertex
100
AcDb2dVertex
 10
58.37117749886801
 20
8.09946741507023
 30
0.0
  0
VERTEX
  5
1D7
330
1D2
100
AcDbEntity
  8
0
  6
Continuous
 62
    18
420
        0
370
    70
100
AcDbVertex
100
AcDb2dVertex
 10
54.0171866468569
 20
8.099467415070215
 30
0.0
  0
VERTEX
  5
1D8
330
1D2
100
AcDbEntity
  8
0
  6
Continuous
 62
    18
420
        0
370
    70
100
AcDbVertex
100
AcDb2dVertex
 10
54.0171866468569
 20
13.16918171726182
 30
0.0
  0
VERTEX
  5
1D9
330
1D2
100
AcDbEntity
  8
0
  6
Continuous
 62
    18
420
        0
370
    70
100
AcDbVertex
100
AcDb2dVertex
 10
53.8171866468569
 20
13.16918171726182
 30
0.0
  0
VERTEX
  5
1DA
330
1D2
100
AcDbEntity
  8
0
  6
Continuous
 62
    18
420
        0
370
    70
100
AcDbVertex
100
AcDb2dVertex
 10
53.8171866468569
 20
7.899467415070212
 30
0.0
  0
VERTEX
  5
1DB
330
1D2
100
AcDbEntity
  8
0
  6
Continuous
 62
    18
420
        0
370
    70
100
AcDbVertex
100
AcDb2dVertex
 10
58.57117749886801
 20
7.899467415070212
 30
0.0
  0
VERTEX
  5
1DC
330
1D2
100
AcDbEntity
  8
0
  6
Continuous
 62
    18
420
        0
370
    70
100
AcDbVertex
100
AcDb2dVertex
 10
58.57117749886801
 20
20.35143034713065
 30
0.0
  0
VERTEX
  5
1DD
330
1D2
100
AcDbEntity
  8
0
  6
Continuous
 62
    18
420
        0
370
    70
100
AcDbVertex
100
AcDb2dVertex
 10
53.8171866468569
 20
20.35143034713065
 30
0.0
  0
VERTEX
  5
1DE
330
1D2
100
AcDbEntity
  8
0
  6
Continuous
 62
    18
420
        0
370
    70
100
AcDbVertex
100
AcDb2dVertex
 10
53.8171866468569
 20
19.06325490855109
 30
0.0
  0
VERTEX
  5
1DF
330
1D2
100
AcDbEntity
  8
0
  6
Continuous
 62
    18
420
        0
370
    70
100
AcDbVertex
100
AcDb2dVertex
 10
53.91718664685689
 20
19.06325490855108
 30
0.0
  0
VERTEX
  5
1E0
330
1D2
100
AcDbEntity
  8
0
  6
Continuous
 62
    18
420
        0
370
    70
100
AcDbVertex
100
AcDb2dVertex
 10
53.91718664685689
 20
20.25143034713064
 30
0.0
  0
VERTEX
  5
1E1
330
1D2
100
AcDbEntity
  8
0
  6
Continuous
 62
    18
420
        0
370
    70
100
AcDbVertex
100
AcDb2dVertex
 10
58.47117749886802
 20
20.25143034713064
 30
0.0
  0
VERTEX
  5
1E2
330
1D2
100
AcDbEntity
  8
0
  6
Continuous
 62
    18
420
        0
370
    70
100
AcDbVertex
100
AcDb2dVertex
 10
58.47117749886802
 20
17.78293986843972
 30
0.0
  0
VERTEX
  5
1E3
330
1D2
100
AcDbEntity
  8
0
  6
Continuous
 62
    18
420
        0
370
    70
100
AcDbVertex
100
AcDb2dVertex
 10
53.91718664685689
 20
17.78293986843972
 30
0.0
  0
VERTEX
  5
1E4
330
1D2
100
AcDbEntity
  8
0
  6
Continuous
 62
    18
420
        0
370
    70
100
AcDbVertex
100
AcDb2dVertex
 10
53.91718664685689
 20
17.99625490855109
 30
0.0
  0
VERTEX
  5
1E5
330
1D2
100
AcDbEntity
  8
0
  6
Continuous
 62
    18
420
        0
370
    70
100
AcDbVertex
100
AcDb2dVertex
 10
53.8171866468569
 20
17.99625490855109
 30
0.0
  0
VERTEX
  5
1E6
330
1D2
100
AcDbEntity
  8
0
  6
Continuous
 62
    18
420
        0
370
    70
100
AcDbVertex
100
AcDb2dVertex
 10
53.8171866468569
 20
14.23618171726181
 30
0.0
  0
SEQEND
  5
1E7
330
1D2
100
AcDbEntity
  8
0
  6
Continuous
 62
    18
420
        0
370
    70
  0
POLYLINE
  5
1E8
330
1F
100
AcDbEntity
  8
0
  6
Continuous
 62
    18
420
        0
370
    70
100
AcDb2dPolyline
 66
     1
 10
0.0
 20
0.0
 30
0.0
 70
     1
  0
VERTEX
  5
1E9
330
1E8
100
AcDbEntity
  8
0
  6
Continuous
 62
    18
420
        0
370
    70
100
AcDbVertex
100
AcDb2dVertex
 10
21.78814220215777
 20
14.23618171726181
 30
0.0
  0
VERTEX
  5
1EA
330
1E8
100
AcDbEntity
  8
0
  6
Continuous
 62
    18
420
        0
370
    70
100
AcDbVertex
100
AcDb2dVertex
 10
21.78814220215777
 20
17.58293986843972
 30
0.0
  0
VERTEX
  5
1EB
330
1E8
100
AcDbEntity
  8
0
  6
Continuous
 62
    18
420
        0
370
    70
100
AcDbVertex
100
AcDb2dVertex
 10
17.43415135014665
 20
17.58293986843972
 30
0.0
  0
VERTEX
  5
1EC
330
1E8
100
AcDbEntity
  8
0
  6
Continuous
 62
    18
420
        0
370
    70
100
AcDbVertex
100
AcDb2dVertex
 10
17.43415135014665
 20
8.09946741507023
 30
0.0
  0
VERTEX
  5
1ED
330
1E8
100
AcDbEntity
  8
0
  6
Continuous
 62
    18
420
        0
370
    70
100
AcDbVertex
100
AcDb2dVertex
 10
21.78814220215777
 20
8.099467415070215
 30
0.0
  0
VERTEX
  5
1EE
330
1E8
100
AcDbEntity
  8
0
  6
Continuous
 62
    18
420
        0
370
    70
100
AcDbVertex
100
AcDb2dVertex
 10
21.78814220215777
 20
13.16918171726182
 30
0.0
  0
VERTEX
  5
1EF
330
1E8
100
AcDbEntity
  8
0
  6
Continuous
 62
    18
420
        0
370
    70
100
AcDbVertex
100
AcDb2dVertex
 10
21.98814220215776
 20
13.16918171726182
 30
0.0
  0
VERTEX
  5
1F0
330
1E8
100
AcDbEntity
  8
0
  6
Continuous
 62
    18
420
        0
370
    70
100
AcDbVertex
100
AcDb2dVertex
 10
21.98814220215776
 20
7.899467415070212
 30
0.0
  0
VERTEX
  5
1F1
330
1E8
100
AcDbEntity
  8
0
  6
Continuous
 62
    18
420
        0
370
    70
100
AcDbVertex
100
AcDb2dVertex
 10
17.23415135014666
 20
7.899467415070212
 30
0.0
  0
VERTEX
  5
1F2
330
1E8
100
AcDbEntity
  8
0
  6
Continuous
 62
    18
420
        0
370
    70
100
AcDbVertex
100
AcDb2dVertex
 10
17.23415135014666
 20
20.35143034713065
 30
0.0
  0
VERTEX
  5
1F3
330
1E8
100
AcDbEntity
  8
0
  6
Continuous
 62
    18
420
        0
370
    70
100
AcDbVertex
100
AcDb2dVertex
 10
21.98814220215776
 20
20.35143034713065
 30
0.0
  0
VERTEX
  5
1F4
330
1E8
100
AcDbEntity
  8
0
  6
Continuous
 62
    18
420
        0
370
    70
100
AcDbVertex
100
AcDb2dVertex
 10
21.98814220215776
 20
19.06325490855109
 30
0.0
  0
VERTEX
  5
1F5
330
1E8
100
AcDbEntity
  8
0
  6
Continuous
 62
    18
420
        0
370
    70
100
AcDbVertex
100
AcDb2dVertex
 10
21.88814220215777
 20
19.06325490855108
 30
0.0
  0
VERTEX
  5
1F6
330
1E8
100
AcDbEntity
  8
0
  6
Continuous
 62
    18
420
        0
370
    70
100
AcDbVertex
100
AcDb2dVertex
 10
21.88814220215777
 20
20.25143034713064
 30
0.0
  0
VERTEX
  5
1F7
330
1E8
100
AcDbEntity
  8
0
  6
Continuous
 62
    18
420
        0
370
    70
100
AcDbVertex
100
AcDb2dVertex
 10
17.33415135014666
 20
20.25143034713064
 30
0.0
  0
VERTEX
  5
1F8
330
1E8
100
AcDbEntity
  8
0
  6
Continuous
 62
    18
420
        0
370
    70
100
AcDbVertex
100
AcDb2dVertex
 10
17.33415135014666
 20
17.78293986843972
 30
0.0
  0
VERTEX
  5
1F9
330
1E8
100
AcDbEntity
  8
0
  6
Continuous
 62
    18
420
        0
370
    70
100
AcDbVertex
100
AcDb2dVertex
 10
21.88814220215777
 20
17.78293986843972
 30
0.0
  0
VERTEX
  5
1FA
330
1E8
100
AcDbEntity
  8
0
  6
Continuous
 62
    18
420
        0
370
    70
100
AcDbVertex
100
AcDb2dVertex
 10
21.88814220215777
 20
17.99625490855109
 30
0.0
  0
VERTEX
  5
1FB
330
1E8
100
AcDbEntity
  8
0
  6
Continuous
 62
    18
420
        0
370
    70
100
AcDbVertex
100
AcDb2dVertex
 10
21.98814220215776
 20
17.99625490855109
 30
0.0
  0
VERTEX
  5
1FC
330
1E8
100
AcDbEntity
  8
0
  6
Continuous
 62
    18
420
        0
370
    70
100
AcDbVertex
100
AcDb2dVertex
 10
21.98814220215776
 20
14.23618171726181
 30
0.0
  0
SEQEND
  5
1FD
330
1E8
100
AcDbEntity
  8
0
  6
Continuous
 62
    18
420
        0
370
    70
  0
POLYLINE
  5
1FE
330
1F
100
AcDbEntity
  8
0
  6
Continuous
 62
    18
420
        0
370
    25
100
AcDb2dPolyline
 66
     1
 10
0.0
 20
0.0
 30
0.0
 70
     1
  0
VERTEX
  5
1FF
330
1FE
100
AcDbEntity
  8
0
  6
Continuous
 62
    18
420
        0
370
    25
100
AcDbVertex
100
AcDb2dVertex
 10
50.54200625032351
 20
23.2025612022354
 30
0.0
  0
VERTEX
  5
200
330
1FE
100
AcDbEntity
  8
0
  6
Continuous
 62
    18
420
        0
370
    25
100
AcDbVertex
100
AcDb2dVertex
 10
50.54200625032351
 20
22.41163474850163
 30
0.0
  0
VERTEX
  5
201
330
1FE
100
AcDbEntity
  8
0
  6
Continuous
 62
    18
420
        0
370
    25
100
AcDbVertex
100
AcDb2dVertex
 10
58.72401698090174
 20
22.41163474850163
 30
0.0
  0
VERTEX
  5
202
330
1FE
100
AcDbEntity
  8
0
  6
Continuous
 62
    18
420
        0
370
    25
100
AcDbVertex
100
AcDb2dVertex
 10
58.72401698090174
 20
26.88258579812074
 30
0.0
  0
VERTEX
  5
203
330
1FE
100
AcDbEntity
  8
0
  6
Continuous
 62
    18
420
        0
370
    25
100
AcDbVertex
100
AcDb2dVertex
 10
57.96452371257869
 20
26.88258579812074
 30
0.0
  0
VERTEX
  5
204
330
1FE
100
AcDbEntity
  8
0
  6
Continuous
 62
    18
420
        0
370
    25
100
AcDbVertex
100
AcDb2dVertex
 10
57.96452371257869
 20
23.2025612022354
 30
0.0
  0
SEQEND
  5
205
330
1FE
100
AcDbEntity
  8
0
  6
Continuous
 62
    18
420
        0
370
    25
  0
POLYLINE
  5
206
330
1F
100
AcDbEntity
  8
0
  6
Continuous
 62
    18
420
        0
370
    25
100
AcDb2dPolyline
 66
     1
 10
0.0
 20
0.0
 30
0.0
 70
     1
  0
VERTEX
  5
207
330
206
100
AcDbEntity
  8
0
  6
Continuous
 62
    18
420
        0
370
    25
100
AcDbVertex
100
AcDb2dVertex
 10
63.80740159075138
 20
4.927810030862041
 30
0.0
  0
VERTEX
  5
208
330
206
100
AcDbEntity
  8
0
  6
Continuous
 62
    18
420
        0
370
    25
100
AcDbVertex
100
AcDb2dVertex
 10
65.83120806839362
 20
4.927810030862041
 30
0.0
  0
VERTEX
  5
209
330
206
100
AcDbEntity
  8
0
  6
Continuous
 62
    18
420
        0
370
    25
100
AcDbVertex
100
AcDb2dVertex
 10
65.83120806839362
 20
6.913703859936355
 30
0.0
  0
VERTEX
  5
20A
330
206
100
AcDbEntity
  8
0
  6
Continuous
 62
    18
420
        0
370
    25
100
AcDbVertex
100
AcDb2dVertex
 10
63.80740159075138
 20
6.913703859936355
 30
0.0
  0
SEQEND
  5
20B
330
206
100
AcDbEntity
  8
0
  6
Continuous
 62
    18
420
        0
370
    25
  0
POLYLINE
  5
20C
330
1F
100
AcDbEntity
  8
0
  6
Continuous
 62
    18
420
        0
370
    25
100
AcDb2dPolyline
 66
     1
 10
0.0
 20
0.0
 30
0.0
 70
     1
  0
VERTEX
  5
20D
330
20C
100
AcDbEntity
  8
0
  6
Continuous
 62
    18
420
        0
370
    25
100
AcDbVertex
100
AcDb2dVertex
 10
64.8024955394271
 20
7.066898856645828
 30
0.0
  0
VERTEX
  5
20E
330
20C
100
AcDbEntity
  8
0
  6
Continuous
 62
    18
420
        0
370
    25
100
AcDbVertex
100
AcDb2dVertex
 10
65.40249553942711
 20
7.066898856645828
 30
0.0
  0
VERTEX
  5
20F
330
20C
100
AcDbEntity
  8
0
  6
Continuous
 62
    18
420
        0
370
    25
100
AcDbVertex
100
AcDb2dVertex
 10
65.40249553942711
 20
7.666898856645837
 30
0.0
  0
VERTEX
  5
210
330
20C
100
AcDbEntity
  8
0
  6
Continuous
 62
    18
420
        0
370
    25
100
AcDbVertex
100
AcDb2dVertex
 10
64.8024955394271
 20
7.666898856645837
 30
0.0
  0
SEQEND
  5
211
330
20C
100
AcDbEntity
  8
0
  6
Continuous
 62
    18
420
        0
370
    25
  0
POLYLINE
  5
212
330
1F
100
AcDbEntity
  8
0
  6
Continuous
 62
    18
420
        0
370
    25
100
AcDb2dPolyline
 66
     1
 10
0.0
 20
0.0
 30
0.0
 70
     1
  0
VERTEX
  5
213
330
212
100
AcDbEntity
  8
0
  6
Continuous
 62
    18
420
        0
370
    25
100
AcDbVertex
100
AcDb2dVertex
 10
64.1091141197179
 20
7.086449512202179
 30
0.0
  0
VERTEX
  5
214
330
212
100
AcDbEntity
  8
0
  6
Continuous
 62
    18
420
        0
370
    25
100
AcDbVertex
100
AcDb2dVertex
 10
64.70911411971791
 20
7.086449512202179
 30
0.0
  0
VERTEX
  5
215
330
212
100
AcDbEntity
  8
0
  6
Continuous
 62
    18
420
        0
370
    25
100
AcDbVertex
100
AcDb2dVertex
 10
64.70911411971791
 20
7.686449512202181
 30
0.0
  0
VERTEX
  5
216
330
212
100
AcDbEntity
  8
0
  6
Continuous
 62
    18
420
        0
370
    25
100
AcDbVertex
100
AcDb2dVertex
 10
64.1091141197179
 20
7.686449512202181
 30
0.0
  0
SEQEND
  5
217
330
212
100
AcDbEntity
  8
0
  6
Continuous
 62
    18
420
        0
370
    25
  0
POLYLINE
  5
218
330
1F
100
AcDbEntity
  8
0
  6
Continuous
 62
    18
420
        0
370
    25
100
AcDb2dPolyline
 66
     1
 10
0.0
 20
0.0
 30
0.0
 70
     1
  0
VERTEX
  5
219
330
218
100
AcDbEntity
  8
0
  6
Continuous
 62
    18
420
        0
370
    25
100
AcDbVertex
100
AcDb2dVertex
 10
63.02527290644088
 20
6.033720707684566
 30
0.0
  0
VERTEX
  5
21A
330
218
100
AcDbEntity
  8
0
  6
Continuous
 62
    18
420
        0
370
    25
100
AcDbVertex
100
AcDb2dVertex
 10
63.62527290644088
 20
6.033720707684566
 30
0.0
  0
VERTEX
  5
21B
330
218
100
AcDbEntity
  8
0
  6
Continuous
 62
    18
420
        0
370
    25
100
AcDbVertex
100
AcDb2dVertex
 10
63.62527290644088
 20
6.633720707684567
 30
0.0
  0
VERTEX
  5
21C
330
218
100
AcDbEntity
  8
0
  6
Continuous
 62
    18
420
        0
370
    25
100
AcDbVertex
100
AcDb2dVertex
 10
63.02527290644088
 20
6.633720707684567
 30
0.0
  0
SEQEND
  5
21D
330
218
100
AcDbEntity
  8
0
  6
Continuous
 62
    18
420
        0
370
    25
  0
POLYLINE
  5
21E
330
1F
100
AcDbEntity
  8
0
  6
Continuous
 62
    18
420
        0
370
    25
100
AcDb2dPolyline
 66
     1
 10
0.0
 20
0.0
 30
0.0
 70
     1
  0
VERTEX
  5
21F
330
21E
100
AcDbEntity
  8
0
  6
Continuous
 62
    18
420
        0
370
    25
100
AcDbVertex
100
AcDb2dVertex
 10
63.02922471277854
 20
5.207793183113836
 30
0.0
  0
VERTEX
  5
220
330
21E
100
AcDbEntity
  8
0
  6
Continuous
 62
    18
420
        0
370
    25
100
AcDbVertex
100
AcDb2dVertex
 10
63.62922471277857
 20
5.207793183113836
 30
0.0
  0
VERTEX
  5
221
330
21E
100
AcDbEntity
  8
0
  6
Continuous
 62
    18
420
        0
370
    25
100
AcDbVertex
100
AcDb2dVertex
 10
63.62922471277857
 20
5.807793183113837
 30
0.0
  0
VERTEX
  5
222
330
21E
100
AcDbEntity
  8
0
  6
Continuous
 62
    18
420
        0
370
    25
100
AcDbVertex
100
AcDb2dVertex
 10
63.02922471277854
 20
5.807793183113837
 30
0.0
  0
SEQEND
  5
223
330
21E
100
AcDbEntity
  8
0
  6
Continuous
 62
    18
420
        0
370
    25
  0
POLYLINE
  5
224
330
1F
100
AcDbEntity
  8
0
  6
Continuous
 62
    18
420
        0
370
    25
100
AcDb2dPolyline
 66
     1
 10
0.0
 20
0.0
 30
0.0
 70
     1
  0
VERTEX
  5
225
330
224
100
AcDbEntity
  8
0
  6
Continuous
 62
    18
420
        0
370
    25
100
AcDbVertex
100
AcDb2dVertex
 10
64.1371976863447
 20
4.17824803776535
 30
0.0
  0
VERTEX
  5
226
330
224
100
AcDbEntity
  8
0
  6
Continuous
 62
    18
420
        0
370
    25
100
AcDbVertex
100
AcDb2dVertex
 10
64.7371976863447
 20
4.17824803776535
 30
0.0
  0
VERTEX
  5
227
330
224
100
AcDbEntity
  8
0
  6
Continuous
 62
    18
420
        0
370
    25
100
AcDbVertex
100
AcDb2dVertex
 10
64.7371976863447
 20
4.778248037765366
 30
0.0
  0
VERTEX
  5
228
330
224
100
AcDbEntity
  8
0
  6
Continuous
 62
    18
420
        0
370
    25
100
AcDbVertex
100
AcDb2dVertex
 10
64.1371976863447
 20
4.778248037765366
 30
0.0
  0
SEQEND
  5
229
330
224
100
AcDbEntity
  8
0
  6
Continuous
 62
    18
420
        0
370
    25
  0
POLYLINE
  5
22A
330
1F
100
AcDbEntity
  8
0
  6
Continuous
 62
    18
420
        0
370
    25
100
AcDb2dPolyline
 66
     1
 10
0.0
 20
0.0
 30
0.0
 70
     1
  0
VERTEX
  5
22B
330
22A
100
AcDbEntity
  8
0
  6
Continuous
 62
    18
420
        0
370
    25
100
AcDbVertex
100
AcDb2dVertex
 10
64.90141197280028
 20
4.186392062191054
 30
0.0
  0
VERTEX
  5
22C
330
22A
100
AcDbEntity
  8
0
  6
Continuous
 62
    18
420
        0
370
    25
100
AcDbVertex
100
AcDb2dVertex
 10
65.50141197280028
 20
4.186392062191054
 30
0.0
  0
VERTEX
  5
22D
330
22A
100
AcDbEntity
  8
0
  6
Continuous
 62
    18
420
        0
370
    25
100
AcDbVertex
100
AcDb2dVertex
 10
65.50141197280028
 20
4.786392062191048
 30
0.0
  0
VERTEX
  5
22E
330
22A
100
AcDbEntity
  8
0
  6
Continuous
 62
    18
420
        0
370
    25
100
AcDbVertex
100
AcDb2dVertex
 10
64.90141197280028
 20
4.786392062191048
 30
0.0
  0
SEQEND
  5
22F
330
22A
100
AcDbEntity
  8
0
  6
Continuous
 62
    18
420
        0
370
    25
  0
POLYLINE
  5
230
330
1F
100
AcDbEntity
  8
0
  6
Continuous
 62
    18
420
        0
370
    25
100
AcDb2dPolyline
 66
     1
 10
0.0
 20
0.0
 30
0.0
 70
     1
  0
VERTEX
  5
231
330
230
100
AcDbEntity
  8
0
  6
Continuous
 62
    18
420
        0
370
    25
100
AcDbVertex
100
AcDb2dVertex
 10
65.968601423082
 20
5.193961860932028
 30
0.0
  0
VERTEX
  5
232
330
230
100
AcDbEntity
  8
0
  6
Continuous
 62
    18
420
        0
370
    25
100
AcDbVertex
100
AcDb2dVertex
 10
66.568601423082
 20
5.193961860932028
 30
0.0
  0
VERTEX
  5
233
330
230
100
AcDbEntity
  8
0
  6
Continuous
 62
    18
420
        0
370
    25
100
AcDbVertex
100
AcDb2dVertex
 10
66.568601423082
 20
5.793961860932036
 30
0.0
  0
VERTEX
  5
234
330
230
100
AcDbEntity
  8
0
  6
Continuous
 62
    18
420
        0
370
    25
100
AcDbVertex
100
AcDb2dVertex
 10
65.968601423082
 20
5.793961860932036
 30
0.0
  0
SEQEND
  5
235
330
230
100
AcDbEntity
  8
0
  6
Continuous
 62
    18
420
        0
370
    25
  0
POLYLINE
  5
236
330
1F
100
AcDbEntity
  8
0
  6
Continuous
 62
    18
420
        0
370
    25
100
AcDb2dPolyline
 66
     1
 10
0.0
 20
0.0
 30
0.0
 70
     1
  0
VERTEX
  5
237
330
236
100
AcDbEntity
  8
0
  6
Continuous
 62
    18
420
        0
370
    25
100
AcDbVertex
100
AcDb2dVertex
 10
65.980456842095
 20
6.047552029866374
 30
0.0
  0
VERTEX
  5
238
330
236
100
AcDbEntity
  8
0
  6
Continuous
 62
    18
420
        0
370
    25
100
AcDbVertex
100
AcDb2dVertex
 10
66.58045684209499
 20
6.047552029866374
 30
0.0
  0
VERTEX
  5
239
330
236
100
AcDbEntity
  8
0
  6
Continuous
 62
    18
420
        0
370
    25
100
AcDbVertex
100
AcDb2dVertex
 10
66.58045684209499
 20
6.647552029866382
 30
0.0
  0
VERTEX
  5
23A
330
236
100
AcDbEntity
  8
0
  6
Continuous
 62
    18
420
        0
370
    25
100
AcDbVertex
100
AcDb2dVertex
 10
65.980456842095
 20
6.647552029866382
 30
0.0
  0
SEQEND
  5
23B
330
236
100
AcDbEntity
  8
0
  6
Continuous
 62
    18
420
        0
370
    25
  0
POLYLINE
  5
23C
330
1F
100
AcDbEntity
  8
0
  6
Continuous
 62
    18
420
        0
370
    25
100
AcDb2dPolyline
 66
     1
 10
0.0
 20
0.0
 30
0.0
 70
     1
  0
VERTEX
  5
23D
330
23C
100
AcDbEntity
  8
0
  6
Continuous
 62
    18
420
        0
370
    25
100
AcDbVertex
100
AcDb2dVertex
 10
10.25453671648345
 20
7.730077840882871
 30
0.0
  0
VERTEX
  5
23E
330
23C
100
AcDbEntity
  8
0
  6
Continuous
 62
    18
420
        0
370
    25
100
AcDbVertex
100
AcDb2dVertex
 10
12.27834319412569
 20
7.730077840882871
 30
0.0
  0
VERTEX
  5
23F
330
23C
100
AcDbEntity
  8
0
  6
Continuous
 62
    18
420
        0
370
    25
100
AcDbVertex
100
AcDb2dVertex
 10
12.27834319412569
 20
9.715971669957181
 30
0.0
  0
VERTEX
  5
240
330
23C
100
AcDbEntity
  8
0
  6
Continuous
 62
    18
420
        0
370
    25
100
AcDbVertex
100
AcDb2dVertex
 10
10.25453671648345
 20
9.715971669957181
 30
0.0
  0
SEQEND
  5
241
330
23C
100
AcDbEntity
  8
0
  6
Continuous
 62
    18
420
        0
370
    25
  0
POLYLINE
  5
242
330
1F
100
AcDbEntity
  8
0
  6
Continuous
 62
    18
420
        0
370
    25
100
AcDb2dPolyline
 66
     1
 10
0.0
 20
0.0
 30
0.0
 70
     1
  0
VERTEX
  5
243
330
242
100
AcDbEntity
  8
0
  6
Continuous
 62
    18
420
        0
370
    25
100
AcDbVertex
100
AcDb2dVertex
 10
11.37663066515916
 20
9.89033333333332
 30
0.0
  0
VERTEX
  5
244
330
242
100
AcDbEntity
  8
0
  6
Continuous
 62
    18
420
        0
370
    25
100
AcDbVertex
100
AcDb2dVertex
 10
11.97663066515917
 20
9.89033333333332
 30
0.0
  0
VERTEX
  5
245
330
242
100
AcDbEntity
  8
0
  6
Continuous
 62
    18
420
        0
370
    25
100
AcDbVertex
100
AcDb2dVertex
 10
11.97663066515917
 20
10.49033333333333
 30
0.0
  0
VERTEX
  5
246
330
242
100
AcDbEntity
  8
0
  6
Continuous
 62
    18
420
        0
370
    25
100
AcDbVertex
100
AcDb2dVertex
 10
11.37663066515916
 20
10.49033333333333
 30
0.0
  0
SEQEND
  5
247
330
242
100
AcDbEntity
  8
0
  6
Continuous
 62
    18
420
        0
370
    25
  0
POLYLINE
  5
248
330
1F
100
AcDbEntity
  8
0
  6
Continuous
 62
    18
420
        0
370
    25
100
AcDb2dPolyline
 66
     1
 10
0.0
 20
0.0
 30
0.0
 70
     1
  0
VERTEX
  5
249
330
248
100
AcDbEntity
  8
0
  6
Continuous
 62
    18
420
        0
370
    25
100
AcDbVertex
100
AcDb2dVertex
 10
10.55624924544996
 20
9.888717322223005
 30
0.0
  0
VERTEX
  5
24A
330
248
100
AcDbEntity
  8
0
  6
Continuous
 62
    18
420
        0
370
    25
100
AcDbVertex
100
AcDb2dVertex
 10
11.15624924544998
 20
9.888717322223005
 30
0.0
  0
VERTEX
  5
24B
330
248
100
AcDbEntity
  8
0
  6
Continuous
 62
    18
420
        0
370
    25
100
AcDbVertex
100
AcDb2dVertex
 10
11.15624924544998
 20
10.488717322223
 30
0.0
  0
VERTEX
  5
24C
330
248
100
AcDbEntity
  8
0
  6
Continuous
 62
    18
420
        0
370
    25
100
AcDbVertex
100
AcDb2dVertex
 10
10.55624924544996
 20
10.488717322223
 30
0.0
  0
SEQEND
  5
24D
330
248
100
AcDbEntity
  8
0
  6
Continuous
 62
    18
420
        0
370
    25
  0
POLYLINE
  5
24E
330
1F
100
AcDbEntity
  8
0
  6
Continuous
 62
    18
420
        0
370
    25
100
AcDb2dPolyline
 66
     1
 10
0.0
 20
0.0
 30
0.0
 70
     1
  0
VERTEX
  5
24F
330
24E
100
AcDbEntity
  8
0
  6
Continuous
 62
    18
420
        0
370
    25
100
AcDbVertex
100
AcDb2dVertex
 10
9.472408032172952
 20
8.835988517705388
 30
0.0
  0
VERTEX
  5
250
330
24E
100
AcDbEntity
  8
0
  6
Continuous
 62
    18
420
        0
370
    25
100
AcDbVertex
100
AcDb2dVertex
 10
10.07240803217294
 20
8.835988517705388
 30
0.0
  0
VERTEX
  5
251
330
24E
100
AcDbEntity
  8
0
  6
Continuous
 62
    18
420
        0
370
    25
100
AcDbVertex
100
AcDb2dVertex
 10
10.07240803217294
 20
9.435988517705397
 30
0.0
  0
VERTEX
  5
252
330
24E
100
AcDbEntity
  8
0
  6
Continuous
 62
    18
420
        0
370
    25
100
AcDbVertex
100
AcDb2dVertex
 10
9.472408032172952
 20
9.435988517705397
 30
0.0
  0
SEQEND
  5
253
330
24E
100
AcDbEntity
  8
0
  6
Continuous
 62
    18
420
        0
370
    25
  0
POLYLINE
  5
254
330
1F
100
AcDbEntity
  8
0
  6
Continuous
 62
    18
420
        0
370
    25
100
AcDb2dPolyline
 66
     1
 10
0.0
 20
0.0
 30
0.0
 70
     1
  0
VERTEX
  5
255
330
254
100
AcDbEntity
  8
0
  6
Continuous
 62
    18
420
        0
370
    25
100
AcDbVertex
100
AcDb2dVertex
 10
9.4763598385106
 20
8.010060993134658
 30
0.0
  0
VERTEX
  5
256
330
254
100
AcDbEntity
  8
0
  6
Continuous
 62
    18
420
        0
370
    25
100
AcDbVertex
100
AcDb2dVertex
 10
10.07635983851064
 20
8.010060993134658
 30
0.0
  0
VERTEX
  5
257
330
254
100
AcDbEntity
  8
0
  6
Continuous
 62
    18
420
        0
370
    25
100
AcDbVertex
100
AcDb2dVertex
 10
10.07635983851064
 20
8.610060993134667
 30
0.0
  0
VERTEX
  5
258
330
254
100
AcDbEntity
  8
0
  6
Continuous
 62
    18
420
        0
370
    25
100
AcDbVertex
100
AcDb2dVertex
 10
9.4763598385106
 20
8.610060993134667
 30
0.0
  0
SEQEND
  5
259
330
254
100
AcDbEntity
  8
0
  6
Continuous
 62
    18
420
        0
370
    25
  0
POLYLINE
  5
25A
330
1F
100
AcDbEntity
  8
0
  6
Continuous
 62
    18
420
        0
370
    25
100
AcDb2dPolyline
 66
     1
 10
0.0
 20
0.0
 30
0.0
 70
     1
  0
VERTEX
  5
25B
330
25A
100
AcDbEntity
  8
0
  6
Continuous
 62
    18
420
        0
370
    25
100
AcDbVertex
100
AcDb2dVertex
 10
10.58433281207679
 20
6.980515847786172
 30
0.0
  0
VERTEX
  5
25C
330
25A
100
AcDbEntity
  8
0
  6
Continuous
 62
    18
420
        0
370
    25
100
AcDbVertex
100
AcDb2dVertex
 10
11.18433281207678
 20
6.980515847786172
 30
0.0
  0
VERTEX
  5
25D
330
25A
100
AcDbEntity
  8
0
  6
Continuous
 62
    18
420
        0
370
    25
100
AcDbVertex
100
AcDb2dVertex
 10
11.18433281207678
 20
7.580515847786188
 30
0.0
  0
VERTEX
  5
25E
330
25A
100
AcDbEntity
  8
0
  6
Continuous
 62
    18
420
        0
370
    25
100
AcDbVertex
100
AcDb2dVertex
 10
10.58433281207679
 20
7.580515847786188
 30
0.0
  0
SEQEND
  5
25F
330
25A
100
AcDbEntity
  8
0
  6
Continuous
 62
    18
420
        0
370
    25
  0
POLYLINE
  5
260
330
1F
100
AcDbEntity
  8
0
  6
Continuous
 62
    18
420
        0
370
    25
100
AcDb2dPolyline
 66
     1
 10
0.0
 20
0.0
 30
0.0
 70
     1
  0
VERTEX
  5
261
330
260
100
AcDbEntity
  8
0
  6
Continuous
 62
    18
420
        0
370
    25
100
AcDbVertex
100
AcDb2dVertex
 10
11.34854709853236
 20
6.988659872211883
 30
0.0
  0
VERTEX
  5
262
330
260
100
AcDbEntity
  8
0
  6
Continuous
 62
    18
420
        0
370
    25
100
AcDbVertex
100
AcDb2dVertex
 10
11.94854709853236
 20
6.988659872211883
 30
0.0
  0
VERTEX
  5
263
330
260
100
AcDbEntity
  8
0
  6
Continuous
 62
    18
420
        0
370
    25
100
AcDbVertex
100
AcDb2dVertex
 10
11.94854709853236
 20
7.588659872211871
 30
0.0
  0
VERTEX
  5
264
330
260
100
AcDbEntity
  8
0
  6
Continuous
 62
    18
420
        0
370
    25
100
AcDbVertex
100
AcDb2dVertex
 10
11.34854709853236
 20
7.588659872211871
 30
0.0
  0
SEQEND
  5
265
330
260
100
AcDbEntity
  8
0
  6
Continuous
 62
    18
420
        0
370
    25
  0
POLYLINE
  5
266
330
1F
100
AcDbEntity
  8
0
  6
Continuous
 62
    18
420
        0
370
    25
100
AcDb2dPolyline
 66
     1
 10
0.0
 20
0.0
 30
0.0
 70
     1
  0
VERTEX
  5
267
330
266
100
AcDbEntity
  8
0
  6
Continuous
 62
    18
420
        0
370
    25
100
AcDbVertex
100
AcDb2dVertex
 10
12.41573654881407
 20
7.99622967095285
 30
0.0
  0
VERTEX
  5
268
330
266
100
AcDbEntity
  8
0
  6
Continuous
 62
    18
420
        0
370
    25
100
AcDbVertex
100
AcDb2dVertex
 10
13.01573654881407
 20
7.99622967095285
 30
0.0
  0
VERTEX
  5
269
330
266
100
AcDbEntity
  8
0
  6
Continuous
 62
    18
420
        0
370
    25
100
AcDbVertex
100
AcDb2dVertex
 10
13.01573654881407
 20
8.596229670952859
 30
0.0
  0
VERTEX
  5
26A
330
266
100
AcDbEntity
  8
0
  6
Continuous
 62
    18
420
        0
370
    25
100
AcDbVertex
100
AcDb2dVertex
 10
12.41573654881407
 20
8.596229670952859
 30
0.0
  0
SEQEND
  5
26B
330
266
100
AcDbEntity
  8
0
  6
Continuous
 62
    18
420
        0
370
    25
  0
POLYLINE
  5
26C
330
1F
100
AcDbEntity
  8
0
  6
Continuous
 62
    18
420
        0
370
    25
100
AcDb2dPolyline
 66
     1
 10
0.0
 20
0.0
 30
0.0
 70
     1
  0
VERTEX
  5
26D
330
26C
100
AcDbEntity
  8
0
  6
Continuous
 62
    18
420
        0
370
    25
100
AcDbVertex
100
AcDb2dVertex
 10
12.42759196782706
 20
8.849819839887196
 30
0.0
  0
VERTEX
  5
26E
330
26C
100
AcDbEntity
  8
0
  6
Continuous
 62
    18
420
        0
370
    25
100
AcDbVertex
100
AcDb2dVertex
 10
13.02759196782706
 20
8.849819839887196
 30
0.0
  0
VERTEX
  5
26F
330
26C
100
AcDbEntity
  8
0
  6
Continuous
 62
    18
420
        0
370
    25
100
AcDbVertex
100
AcDb2dVertex
 10
13.02759196782706
 20
9.449819839887205
 30
0.0
  0
VERTEX
  5
270
330
26C
100
AcDbEntity
  8
0
  6
Continuous
 62
    18
420
        0
370
    25
100
AcDbVertex
100
AcDb2dVertex
 10
12.42759196782706
 20
9.449819839887205
 30
0.0
  0
SEQEND
  5
271
330
26C
100
AcDbEntity
  8
0
  6
Continuous
 62
    18
420
        0
370
    25
  0
POLYLINE
  5
272
330
1F
100
AcDbEntity
  8
0
  6
Continuous
 62
    18
420
        0
370
    25
100
AcDb2dPolyline
 66
     1
 10
0.0
 20
0.0
 30
0.0
 70
     1
  0
VERTEX
  5
273
330
272
100
AcDbEntity
  8
0
  6
Continuous
 62
    18
420
        0
370
    25
100
AcDbVertex
100
AcDb2dVertex
 10
59.57406825741805
 20
1.011976697528709
 30
0.0
  0
VERTEX
  5
274
330
272
100
AcDbEntity
  8
0
  6
Continuous
 62
    18
420
        0
370
    25
100
AcDbVertex
100
AcDb2dVertex
 10
61.59787473506029
 20
1.011976697528709
 30
0.0
  0
VERTEX
  5
275
330
272
100
AcDbEntity
  8
0
  6
Continuous
 62
    18
420
        0
370
    25
100
AcDbVertex
100
AcDb2dVertex
 10
61.59787473506029
 20
2.997870526603023
 30
0.0
  0
VERTEX
  5
276
330
272
100
AcDbEntity
  8
0
  6
Continuous
 62
    18
420
        0
370
    25
100
AcDbVertex
100
AcDb2dVertex
 10
59.57406825741805
 20
2.997870526603023
 30
0.0
  0
SEQEND
  5
277
330
272
100
AcDbEntity
  8
0
  6
Continuous
 62
    18
420
        0
370
    25
  0
POLYLINE
  5
278
330
1F
100
AcDbEntity
  8
0
  6
Continuous
 62
    18
420
        0
370
    25
100
AcDb2dPolyline
 66
     1
 10
0.0
 20
0.0
 30
0.0
 70
     1
  0
VERTEX
  5
279
330
278
100
AcDbEntity
  8
0
  6
Continuous
 62
    18
420
        0
370
    25
100
AcDbVertex
100
AcDb2dVertex
 10
60.69616220609376
 20
3.172232189979162
 30
0.0
  0
VERTEX
  5
27A
330
278
100
AcDbEntity
  8
0
  6
Continuous
 62
    18
420
        0
370
    25
100
AcDbVertex
100
AcDb2dVertex
 10
61.29616220609377
 20
3.172232189979162
 30
0.0
  0
VERTEX
  5
27B
330
278
100
AcDbEntity
  8
0
  6
Continuous
 62
    18
420
        0
370
    25
100
AcDbVertex
100
AcDb2dVertex
 10
61.29616220609377
 20
3.772232189979171
 30
0.0
  0
VERTEX
  5
27C
330
278
100
AcDbEntity
  8
0
  6
Continuous
 62
    18
420
        0
370
    25
100
AcDbVertex
100
AcDb2dVertex
 10
60.69616220609376
 20
3.772232189979171
 30
0.0
  0
SEQEND
  5
27D
330
278
100
AcDbEntity
  8
0
  6
Continuous
 62
    18
420
        0
370
    25
  0
POLYLINE
  5
27E
330
1F
100
AcDbEntity
  8
0
  6
Continuous
 62
    18
420
        0
370
    25
100
AcDb2dPolyline
 66
     1
 10
0.0
 20
0.0
 30
0.0
 70
     1
  0
VERTEX
  5
27F
330
27E
100
AcDbEntity
  8
0
  6
Continuous
 62
    18
420
        0
370
    25
100
AcDbVertex
100
AcDb2dVertex
 10
59.87578078638456
 20
3.170616178868848
 30
0.0
  0
VERTEX
  5
280
330
27E
100
AcDbEntity
  8
0
  6
Continuous
 62
    18
420
        0
370
    25
100
AcDbVertex
100
AcDb2dVertex
 10
60.47578078638458
 20
3.170616178868848
 30
0.0
  0
VERTEX
  5
281
330
27E
100
AcDbEntity
  8
0
  6
Continuous
 62
    18
420
        0
370
    25
100
AcDbVertex
100
AcDb2dVertex
 10
60.47578078638458
 20
3.770616178868842
 30
0.0
  0
VERTEX
  5
282
330
27E
100
AcDbEntity
  8
0
  6
Continuous
 62
    18
420
        0
370
    25
100
AcDbVertex
100
AcDb2dVertex
 10
59.87578078638456
 20
3.770616178868842
 30
0.0
  0
SEQEND
  5
283
330
27E
100
AcDbEntity
  8
0
  6
Continuous
 62
    18
420
        0
370
    25
  0
POLYLINE
  5
284
330
1F
100
AcDbEntity
  8
0
  6
Continuous
 62
    18
420
        0
370
    25
100
AcDb2dPolyline
 66
     1
 10
0.0
 20
0.0
 30
0.0
 70
     1
  0
VERTEX
  5
285
330
284
100
AcDbEntity
  8
0
  6
Continuous
 62
    18
420
        0
370
    25
100
AcDbVertex
100
AcDb2dVertex
 10
58.79193957310755
 20
2.117887374351227
 30
0.0
  0
VERTEX
  5
286
330
284
100
AcDbEntity
  8
0
  6
Continuous
 62
    18
420
        0
370
    25
100
AcDbVertex
100
AcDb2dVertex
 10
59.39193957310754
 20
2.117887374351227
 30
0.0
  0
VERTEX
  5
287
330
284
100
AcDbEntity
  8
0
  6
Continuous
 62
    18
420
        0
370
    25
100
AcDbVertex
100
AcDb2dVertex
 10
59.39193957310754
 20
2.717887374351236
 30
0.0
  0
VERTEX
  5
288
330
284
100
AcDbEntity
  8
0
  6
Continuous
 62
    18
420
        0
370
    25
100
AcDbVertex
100
AcDb2dVertex
 10
58.79193957310755
 20
2.717887374351236
 30
0.0
  0
SEQEND
  5
289
330
284
100
AcDbEntity
  8
0
  6
Continuous
 62
    18
420
        0
370
    25
  0
POLYLINE
  5
28A
330
1F
100
AcDbEntity
  8
0
  6
Continuous
 62
    18
420
        0
370
    25
100
AcDb2dPolyline
 66
     1
 10
0.0
 20
0.0
 30
0.0
 70
     1
  0
VERTEX
  5
28B
330
28A
100
AcDbEntity
  8
0
  6
Continuous
 62
    18
420
        0
370
    25
100
AcDbVertex
100
AcDb2dVertex
 10
58.7958913794452
 20
1.291959849780497
 30
0.0
  0
VERTEX
  5
28C
330
28A
100
AcDbEntity
  8
0
  6
Continuous
 62
    18
420
        0
370
    25
100
AcDbVertex
100
AcDb2dVertex
 10
59.39589137944524
 20
1.291959849780497
 30
0.0
  0
VERTEX
  5
28D
330
28A
100
AcDbEntity
  8
0
  6
Continuous
 62
    18
420
        0
370
    25
100
AcDbVertex
100
AcDb2dVertex
 10
59.39589137944524
 20
1.891959849780505
 30
0.0
  0
VERTEX
  5
28E
330
28A
100
AcDbEntity
  8
0
  6
Continuous
 62
    18
420
        0
370
    25
100
AcDbVertex
100
AcDb2dVertex
 10
58.7958913794452
 20
1.891959849780505
 30
0.0
  0
SEQEND
  5
28F
330
28A
100
AcDbEntity
  8
0
  6
Continuous
 62
    18
420
        0
370
    25
  0
POLYLINE
  5
290
330
1F
100
AcDbEntity
  8
0
  6
Continuous
 62
    18
420
        0
370
    25
100
AcDb2dPolyline
 66
     1
 10
0.0
 20
0.0
 30
0.0
 70
     1
  0
VERTEX
  5
291
330
290
100
AcDbEntity
  8
0
  6
Continuous
 62
    18
420
        0
370
    25
100
AcDbVertex
100
AcDb2dVertex
 10
59.90386435301138
 20
0.2624147044320182
 30
0.0
  0
VERTEX
  5
292
330
290
100
AcDbEntity
  8
0
  6
Continuous
 62
    18
420
        0
370
    25
100
AcDbVertex
100
AcDb2dVertex
 10
60.50386435301137
 20
0.2624147044320182
 30
0.0
  0
VERTEX
  5
293
330
290
100
AcDbEntity
  8
0
  6
Continuous
 62
    18
420
        0
370
    25
100
AcDbVertex
100
AcDb2dVertex
 10
60.50386435301137
 20
0.8624147044320267
 30
0.0
  0
VERTEX
  5
294
330
290
100
AcDbEntity
  8
0
  6
Continuous
 62
    18
420
        0
370
    25
100
AcDbVertex
100
AcDb2dVertex
 10
59.90386435301138
 20
0.8624147044320267
 30
0.0
  0
SEQEND
  5
295
330
290
100
AcDbEntity
  8
0
  6
Continuous
 62
    18
420
        0
370
    25
  0
POLYLINE
  5
296
330
1F
100
AcDbEntity
  8
0
  6
Continuous
 62
    18
420
        0
370
    25
100
AcDb2dPolyline
 66
     1
 10
0.0
 20
0.0
 30
0.0
 70
     1
  0
VERTEX
  5
297
330
296
100
AcDbEntity
  8
0
  6
Continuous
 62
    18
420
        0
370
    25
100
AcDbVertex
100
AcDb2dVertex
 10
60.66807863946695
 20
0.270558728857722
 30
0.0
  0
VERTEX
  5
298
330
296
100
AcDbEntity
  8
0
  6
Continuous
 62
    18
420
        0
370
    25
100
AcDbVertex
100
AcDb2dVertex
 10
61.26807863946696
 20
0.270558728857722
 30
0.0
  0
VERTEX
  5
299
330
296
100
AcDbEntity
  8
0
  6
Continuous
 62
    18
420
        0
370
    25
100
AcDbVertex
100
AcDb2dVertex
 10
61.26807863946696
 20
0.8705587288577163
 30
0.0
  0
VERTEX
  5
29A
330
296
100
AcDbEntity
  8
0
  6
Continuous
 62
    18
420
        0
370
    25
100
AcDbVertex
100
AcDb2dVertex
 10
60.66807863946695
 20
0.8705587288577163
 30
0.0
  0
SEQEND
  5
29B
330
296
100
AcDbEntity
  8
0
  6
Continuous
 62
    18
420
        0
370
    25
  0
POLYLINE
  5
29C
330
1F
100
AcDbEntity
  8
0
  6
Continuous
 62
    18
420
        0
370
    25
100
AcDb2dPolyline
 66
     1
 10
0.0
 20
0.0
 30
0.0
 70
     1
  0
VERTEX
  5
29D
330
29C
100
AcDbEntity
  8
0
  6
Continuous
 62
    18
420
        0
370
    25
100
AcDbVertex
100
AcDb2dVertex
 10
61.73526808974867
 20
1.278128527598696
 30
0.0
  0
VERTEX
  5
29E
330
29C
100
AcDbEntity
  8
0
  6
Continuous
 62
    18
420
        0
370
    25
100
AcDbVertex
100
AcDb2dVertex
 10
62.33526808974867
 20
1.278128527598696
 30
0.0
  0
VERTEX
  5
29F
330
29C
100
AcDbEntity
  8
0
  6
Continuous
 62
    18
420
        0
370
    25
100
AcDbVertex
100
AcDb2dVertex
 10
62.33526808974867
 20
1.878128527598705
 30
0.0
  0
VERTEX
  5
2A0
330
29C
100
AcDbEntity
  8
0
  6
Continuous
 62
    18
420
        0
370
    25
100
AcDbVertex
100
AcDb2dVertex
 10
61.73526808974867
 20
1.878128527598705
 30
0.0
  0
SEQEND
  5
2A1
330
29C
100
AcDbEntity
  8
0
  6
Continuous
 62
    18
420
        0
370
    25
  0
POLYLINE
  5
2A2
330
1F
100
AcDbEntity
  8
0
  6
Continuous
 62
    18
420
        0
370
    25
100
AcDb2dPolyline
 66
     1
 10
0.0
 20
0.0
 30
0.0
 70
     1
  0
VERTEX
  5
2A3
330
2A2
100
AcDbEntity
  8
0
  6
Continuous
 62
    18
420
        0
370
    25
100
AcDbVertex
100
AcDb2dVertex
 10
61.74712350876166
 20
2.131718696533042
 30
0.0
  0
VERTEX
  5
2A4
330
2A2
100
AcDbEntity
  8
0
  6
Continuous
 62
    18
420
        0
370
    25
100
AcDbVertex
100
AcDb2dVertex
 10
62.34712350876166
 20
2.131718696533042
 30
0.0
  0
VERTEX
  5
2A5
330
2A2
100
AcDbEntity
  8
0
  6
Continuous
 62
    18
420
        0
370
    25
100
AcDbVertex
100
AcDb2dVertex
 10
62.34712350876166
 20
2.731718696533051
 30
0.0
  0
VERTEX
  5
2A6
330
2A2
100
AcDbEntity
  8
0
  6
Continuous
 62
    18
420
        0
370
    25
100
AcDbVertex
100
AcDb2dVertex
 10
61.74712350876166
 20
2.731718696533051
 30
0.0
  0
SEQEND
  5
2A7
330
2A2
100
AcDbEntity
  8
0
  6
Continuous
 62
    18
420
        0
370
    25
  0
POLYLINE
  5
2A8
330
1F
100
AcDbEntity
  8
0
  6
Continuous
 62
    18
420
        0
370
    25
100
AcDb2dPolyline
 66
     1
 10
0.0
 20
0.0
 30
0.0
 70
     1
  0
VERTEX
  5
2A9
330
2A8
100
AcDbEntity
  8
0
  6
Continuous
 62
    18
420
        0
370
    25
100
AcDbVertex
100
AcDb2dVertex
 10
63.80740159075138
 20
1.011976697528709
 30
0.0
  0
VERTEX
  5
2AA
330
2A8
100
AcDbEntity
  8
0
  6
Continuous
 62
    18
420
        0
370
    25
100
AcDbVertex
100
AcDb2dVertex
 10
65.83120806839362
 20
1.011976697528709
 30
0.0
  0
VERTEX
  5
2AB
330
2A8
100
AcDbEntity
  8
0
  6
Continuous
 62
    18
420
        0
370
    25
100
AcDbVertex
100
AcDb2dVertex
 10
65.83120806839362
 20
2.997870526603023
 30
0.0
  0
VERTEX
  5
2AC
330
2A8
100
AcDbEntity
  8
0
  6
Continuous
 62
    18
420
        0
370
    25
100
AcDbVertex
100
AcDb2dVertex
 10
63.80740159075138
 20
2.997870526603023
 30
0.0
  0
SEQEND
  5
2AD
330
2A8
100
AcDbEntity
  8
0
  6
Continuous
 62
    18
420
        0
370
    25
  0
POLYLINE
  5
2AE
330
1F
100
AcDbEntity
  8
0
  6
Continuous
 62
    18
420
        0
370
    25
100
AcDb2dPolyline
 66
     1
 10
0.0
 20
0.0
 30
0.0
 70
     1
  0
VERTEX
  5
2AF
330
2AE
100
AcDbEntity
  8
0
  6
Continuous
 62
    18
420
        0
370
    25
100
AcDbVertex
100
AcDb2dVertex
 10
64.9294955394271
 20
3.172232189979162
 30
0.0
  0
VERTEX
  5
2B0
330
2AE
100
AcDbEntity
  8
0
  6
Continuous
 62
    18
420
        0
370
    25
100
AcDbVertex
100
AcDb2dVertex
 10
65.5294955394271
 20
3.172232189979162
 30
0.0
  0
VERTEX
  5
2B1
330
2AE
100
AcDbEntity
  8
0
  6
Continuous
 62
    18
420
        0
370
    25
100
AcDbVertex
100
AcDb2dVertex
 10
65.5294955394271
 20
3.772232189979171
 30
0.0
  0
VERTEX
  5
2B2
330
2AE
100
AcDbEntity
  8
0
  6
Continuous
 62
    18
420
        0
370
    25
100
AcDbVertex
100
AcDb2dVertex
 10
64.9294955394271
 20
3.772232189979171
 30
0.0
  0
SEQEND
  5
2B3
330
2AE
100
AcDbEntity
  8
0
  6
Continuous
 62
    18
420
        0
370
    25
  0
POLYLINE
  5
2B4
330
1F
100
AcDbEntity
  8
0
  6
Continuous
 62
    18
420
        0
370
    25
100
AcDb2dPolyline
 66
     1
 10
0.0
 20
0.0
 30
0.0
 70
     1
  0
VERTEX
  5
2B5
330
2B4
100
AcDbEntity
  8
0
  6
Continuous
 62
    18
420
        0
370
    25
100
AcDbVertex
100
AcDb2dVertex
 10
64.1091141197179
 20
3.170616178868848
 30
0.0
  0
VERTEX
  5
2B6
330
2B4
100
AcDbEntity
  8
0
  6
Continuous
 62
    18
420
        0
370
    25
100
AcDbVertex
100
AcDb2dVertex
 10
64.70911411971791
 20
3.170616178868848
 30
0.0
  0
VERTEX
  5
2B7
330
2B4
100
AcDbEntity
  8
0
  6
Continuous
 62
    18
420
        0
370
    25
100
AcDbVertex
100
AcDb2dVertex
 10
64.70911411971791
 20
3.770616178868842
 30
0.0
  0
VERTEX
  5
2B8
330
2B4
100
AcDbEntity
  8
0
  6
Continuous
 62
    18
420
        0
370
    25
100
AcDbVertex
100
AcDb2dVertex
 10
64.1091141197179
 20
3.770616178868842
 30
0.0
  0
SEQEND
  5
2B9
330
2B4
100
AcDbEntity
  8
0
  6
Continuous
 62
    18
420
        0
370
    25
  0
POLYLINE
  5
2BA
330
1F
100
AcDbEntity
  8
0
  6
Continuous
 62
    18
420
        0
370
    25
100
AcDb2dPolyline
 66
     1
 10
0.0
 20
0.0
 30
0.0
 70
     1
  0
VERTEX
  5
2BB
330
2BA
100
AcDbEntity
  8
0
  6
Continuous
 62
    18
420
        0
370
    25
100
AcDbVertex
100
AcDb2dVertex
 10
63.02527290644088
 20
2.117887374351227
 30
0.0
  0
VERTEX
  5
2BC
330
2BA
100
AcDbEntity
  8
0
  6
Continuous
 62
    18
420
        0
370
    25
100
AcDbVertex
100
AcDb2dVertex
 10
63.62527290644088
 20
2.117887374351227
 30
0.0
  0
VERTEX
  5
2BD
330
2BA
100
AcDbEntity
  8
0
  6
Continuous
 62
    18
420
        0
370
    25
100
AcDbVertex
100
AcDb2dVertex
 10
63.62527290644088
 20
2.717887374351236
 30
0.0
  0
VERTEX
  5
2BE
330
2BA
100
AcDbEntity
  8
0
  6
Continuous
 62
    18
420
        0
370
    25
100
AcDbVertex
100
AcDb2dVertex
 10
63.02527290644088
 20
2.717887374351236
 30
0.0
  0
SEQEND
  5
2BF
330
2BA
100
AcDbEntity
  8
0
  6
Continuous
 62
    18
420
        0
370
    25
  0
POLYLINE
  5
2C0
330
1F
100
AcDbEntity
  8
0
  6
Continuous
 62
    18
420
        0
370
    25
100
AcDb2dPolyline
 66
     1
 10
0.0
 20
0.0
 30
0.0
 70
     1
  0
VERTEX
  5
2C1
330
2C0
100
AcDbEntity
  8
0
  6
Continuous
 62
    18
420
        0
370
    25
100
AcDbVertex
100
AcDb2dVertex
 10
63.02922471277854
 20
1.291959849780497
 30
0.0
  0
VERTEX
  5
2C2
330
2C0
100
AcDbEntity
  8
0
  6
Continuous
 62
    18
420
        0
370
    25
100
AcDbVertex
100
AcDb2dVertex
 10
63.62922471277857
 20
1.291959849780497
 30
0.0
  0
VERTEX
  5
2C3
330
2C0
100
AcDbEntity
  8
0
  6
Continuous
 62
    18
420
        0
370
    25
100
AcDbVertex
100
AcDb2dVertex
 10
63.62922471277857
 20
1.891959849780505
 30
0.0
  0
VERTEX
  5
2C4
330
2C0
100
AcDbEntity
  8
0
  6
Continuous
 62
    18
420
        0
370
    25
100
AcDbVertex
100
AcDb2dVertex
 10
63.02922471277854
 20
1.891959849780505
 30
0.0
  0
SEQEND
  5
2C5
330
2C0
100
AcDbEntity
  8
0
  6
Continuous
 62
    18
420
        0
370
    25
  0
POLYLINE
  5
2C6
330
1F
100
AcDbEntity
  8
0
  6
Continuous
 62
    18
420
        0
370
    25
100
AcDb2dPolyline
 66
     1
 10
0.0
 20
0.0
 30
0.0
 70
     1
  0
VERTEX
  5
2C7
330
2C6
100
AcDbEntity
  8
0
  6
Continuous
 62
    18
420
        0
370
    25
100
AcDbVertex
100
AcDb2dVertex
 10
64.1371976863447
 20
0.2624147044320182
 30
0.0
  0
VERTEX
  5
2C8
330
2C6
100
AcDbEntity
  8
0
  6
Continuous
 62
    18
420
        0
370
    25
100
AcDbVertex
100
AcDb2dVertex
 10
64.7371976863447
 20
0.2624147044320182
 30
0.0
  0
VERTEX
  5
2C9
330
2C6
100
AcDbEntity
  8
0
  6
Continuous
 62
    18
420
        0
370
    25
100
AcDbVertex
100
AcDb2dVertex
 10
64.7371976863447
 20
0.8624147044320267
 30
0.0
  0
VERTEX
  5
2CA
330
2C6
100
AcDbEntity
  8
0
  6
Continuous
 62
    18
420
        0
370
    25
100
AcDbVertex
100
AcDb2dVertex
 10
64.1371976863447
 20
0.8624147044320267
 30
0.0
  0
SEQEND
  5
2CB
330
2C6
100
AcDbEntity
  8
0
  6
Continuous
 62
    18
420
        0
370
    25
  0
POLYLINE
  5
2CC
330
1F
100
AcDbEntity
  8
0
  6
Continuous
 62
    18
420
        0
370
    25
100
AcDb2dPolyline
 66
     1
 10
0.0
 20
0.0
 30
0.0
 70
     1
  0
VERTEX
  5
2CD
330
2CC
100
AcDbEntity
  8
0
  6
Continuous
 62
    18
420
        0
370
    25
100
AcDbVertex
100
AcDb2dVertex
 10
64.90141197280028
 20
0.270558728857722
 30
0.0
  0
VERTEX
  5
2CE
330
2CC
100
AcDbEntity
  8
0
  6
Continuous
 62
    18
420
        0
370
    25
100
AcDbVertex
100
AcDb2dVertex
 10
65.50141197280028
 20
0.270558728857722
 30
0.0
  0
VERTEX
  5
2CF
330
2CC
100
AcDbEntity
  8
0
  6
Continuous
 62
    18
420
        0
370
    25
100
AcDbVertex
100
AcDb2dVertex
 10
65.50141197280028
 20
0.8705587288577163
 30
0.0
  0
VERTEX
  5
2D0
330
2CC
100
AcDbEntity
  8
0
  6
Continuous
 62
    18
420
        0
370
    25
100
AcDbVertex
100
AcDb2dVertex
 10
64.90141197280028
 20
0.8705587288577163
 30
0.0
  0
SEQEND
  5
2D1
330
2CC
100
AcDbEntity
  8
0
  6
Continuous
 62
    18
420
        0
370
    25
  0
POLYLINE
  5
2D2
330
1F
100
AcDbEntity
  8
0
  6
Continuous
 62
    18
420
        0
370
    25
100
AcDb2dPolyline
 66
     1
 10
0.0
 20
0.0
 30
0.0
 70
     1
  0
VERTEX
  5
2D3
330
2D2
100
AcDbEntity
  8
0
  6
Continuous
 62
    18
420
        0
370
    25
100
AcDbVertex
100
AcDb2dVertex
 10
65.968601423082
 20
1.278128527598696
 30
0.0
  0
VERTEX
  5
2D4
330
2D2
100
AcDbEntity
  8
0
  6
Continuous
 62
    18
420
        0
370
    25
100
AcDbVertex
100
AcDb2dVertex
 10
66.568601423082
 20
1.278128527598696
 30
0.0
  0
VERTEX
  5
2D5
330
2D2
100
AcDbEntity
  8
0
  6
Continuous
 62
    18
420
        0
370
    25
100
AcDbVertex
100
AcDb2dVertex
 10
66.568601423082
 20
1.878128527598705
 30
0.0
  0
VERTEX
  5
2D6
330
2D2
100
AcDbEntity
  8
0
  6
Continuous
 62
    18
420
        0
370
    25
100
AcDbVertex
100
AcDb2dVertex
 10
65.968601423082
 20
1.878128527598705
 30
0.0
  0
SEQEND
  5
2D7
330
2D2
100
AcDbEntity
  8
0
  6
Continuous
 62
    18
420
        0
370
    25
  0
POLYLINE
  5
2D8
330
1F
100
AcDbEntity
  8
0
  6
Continuous
 62
    18
420
        0
370
    25
100
AcDb2dPolyline
 66
     1
 10
0.0
 20
0.0
 30
0.0
 70
     1
  0
VERTEX
  5
2D9
330
2D8
100
AcDbEntity
  8
0
  6
Continuous
 62
    18
420
        0
370
    25
100
AcDbVertex
100
AcDb2dVertex
 10
65.980456842095
 20
2.131718696533042
 30
0.0
  0
VERTEX
  5
2DA
330
2D8
100
AcDbEntity
  8
0
  6
Continuous
 62
    18
420
        0
370
    25
100
AcDbVertex
100
AcDb2dVertex
 10
66.58045684209499
 20
2.131718696533042
 30
0.0
  0
VERTEX
  5
2DB
330
2D8
100
AcDbEntity
  8
0
  6
Continuous
 62
    18
420
        0
370
    25
100
AcDbVertex
100
AcDb2dVertex
 10
66.58045684209499
 20
2.731718696533051
 30
0.0
  0
VERTEX
  5
2DC
330
2D8
100
AcDbEntity
  8
0
  6
Continuous
 62
    18
420
        0
370
    25
100
AcDbVertex
100
AcDb2dVertex
 10
65.980456842095
 20
2.731718696533051
 30
0.0
  0
SEQEND
  5
2DD
330
2D8
100
AcDbEntity
  8
0
  6
Continuous
 62
    18
420
        0
370
    25
  0
POLYLINE
  5
2DE
330
1F
100
AcDbEntity
  8
0
  6
Continuous
 62
    18
420
        0
370
    25
100
AcDb2dPolyline
 66
     1
 10
0.0
 20
0.0
 30
0.0
 70
     1
  0
VERTEX
  5
2DF
330
2DE
100
AcDbEntity
  8
0
  6
Continuous
 62
    18
420
        0
370
    25
100
AcDbVertex
100
AcDb2dVertex
 10
51.99141982051474
 20
0.2309046715446712
 30
0.0
  0
VERTEX
  5
2E0
330
2DE
100
AcDbEntity
  8
0
  6
Continuous
 62
    18
420
        0
370
    25
100
AcDbVertex
100
AcDb2dVertex
 10
52.82525095776073
 20
0.2309046715446712
 30
0.0
  0
VERTEX
  5
2E1
330
2DE
100
AcDbEntity
  8
0
  6
Continuous
 62
    18
420
        0
370
    25
100
AcDbVertex
100
AcDb2dVertex
 10
52.82525095776073
 20
5.430833333333347
 30
0.0
  0
VERTEX
  5
2E2
330
2DE
100
AcDbEntity
  8
0
  6
Continuous
 62
    18
420
        0
370
    25
100
AcDbVertex
100
AcDb2dVertex
 10
51.99141982051474
 20
5.430833333333347
 30
0.0
  0
SEQEND
  5
2E3
330
2DE
100
AcDbEntity
  8
0
  6
Continuous
 62
    18
420
        0
370
    25
  0
POLYLINE
  5
2E4
330
1F
100
AcDbEntity
  8
0
  6
Continuous
 62
    18
420
        0
370
    25
100
AcDb2dPolyline
 66
     1
 10
0.0
 20
0.0
 30
0.0
 70
     1
  0
VERTEX
  5
2E5
330
2E4
100
AcDbEntity
  8
0
  6
Continuous
 62
    18
420
        0
370
    25
100
AcDbVertex
100
AcDb2dVertex
 10
47.80899797605863
 20
0.2309046715446712
 30
0.0
  0
VERTEX
  5
2E6
330
2E4
100
AcDbEntity
  8
0
  6
Continuous
 62
    18
420
        0
370
    25
100
AcDbVertex
100
AcDb2dVertex
 10
48.64282911330463
 20
0.2309046715446712
 30
0.0
  0
VERTEX
  5
2E7
330
2E4
100
AcDbEntity
  8
0
  6
Continuous
 62
    18
420
        0
370
    25
100
AcDbVertex
100
AcDb2dVertex
 10
48.64282911330463
 20
4.596166666666683
 30
0.0
  0
VERTEX
  5
2E8
330
2E4
100
AcDbEntity
  8
0
  6
Continuous
 62
    18
420
        0
370
    25
100
AcDbVertex
100
AcDb2dVertex
 10
47.80899797605863
 20
4.596166666666683
 30
0.0
  0
SEQEND
  5
2E9
330
2E4
100
AcDbEntity
  8
0
  6
Continuous
 62
    18
420
        0
370
    25
  0
POLYLINE
  5
2EA
330
1F
100
AcDbEntity
  8
0
  6
Continuous
 62
    18
420
        0
370
    25
100
AcDb2dPolyline
 66
     1
 10
0.0
 20
0.0
 30
0.0
 70
     1
  0
VERTEX
  5
2EB
330
2EA
100
AcDbEntity
  8
0
  6
Continuous
 62
    18
420
        0
370
    25
100
AcDbVertex
100
AcDb2dVertex
 10
51.28923678072086
 20
4.399244501641839
 30
0.0
  0
VERTEX
  5
2EC
330
2EA
100
AcDbEntity
  8
0
  6
Continuous
 62
    18
420
        0
370
    25
100
AcDbVertex
100
AcDb2dVertex
 10
51.88923678072085
 20
4.399244501641839
 30
0.0
  0
VERTEX
  5
2ED
330
2EA
100
AcDbEntity
  8
0
  6
Continuous
 62
    18
420
        0
370
    25
100
AcDbVertex
100
AcDb2dVertex
 10
51.88923678072085
 20
4.999244501641847
 30
0.0
  0
VERTEX
  5
2EE
330
2EA
100
AcDbEntity
  8
0
  6
Continuous
 62
    18
420
        0
370
    25
100
AcDbVertex
100
AcDb2dVertex
 10
51.28923678072086
 20
4.999244501641847
 30
0.0
  0
SEQEND
  5
2EF
330
2EA
100
AcDbEntity
  8
0
  6
Continuous
 62
    18
420
        0
370
    25
  0
POLYLINE
  5
2F0
330
1F
100
AcDbEntity
  8
0
  6
Continuous
 62
    18
420
        0
370
    25
100
AcDb2dPolyline
 66
     1
 10
0.0
 20
0.0
 30
0.0
 70
     1
  0
VERTEX
  5
2F1
330
2F0
100
AcDbEntity
  8
0
  6
Continuous
 62
    18
420
        0
370
    25
100
AcDbVertex
100
AcDb2dVertex
 10
51.28923678072086
 20
2.545847329279901
 30
0.0
  0
VERTEX
  5
2F2
330
2F0
100
AcDbEntity
  8
0
  6
Continuous
 62
    18
420
        0
370
    25
100
AcDbVertex
100
AcDb2dVertex
 10
51.88923678072085
 20
2.545847329279901
 30
0.0
  0
VERTEX
  5
2F3
330
2F0
100
AcDbEntity
  8
0
  6
Continuous
 62
    18
420
        0
370
    25
100
AcDbVertex
100
AcDb2dVertex
 10
51.88923678072085
 20
3.145847329279889
 30
0.0
  0
VERTEX
  5
2F4
330
2F0
100
AcDbEntity
  8
0
  6
Continuous
 62
    18
420
        0
370
    25
100
AcDbVertex
100
AcDb2dVertex
 10
51.28923678072086
 20
3.145847329279889
 30
0.0
  0
SEQEND
  5
2F5
330
2F0
100
AcDbEntity
  8
0
  6
Continuous
 62
    18
420
        0
370
    25
  0
POLYLINE
  5
2F6
330
1F
100
AcDbEntity
  8
0
  6
Continuous
 62
    18
420
        0
370
    25
100
AcDb2dPolyline
 66
     1
 10
0.0
 20
0.0
 30
0.0
 70
     1
  0
VERTEX
  5
2F7
330
2F6
100
AcDbEntity
  8
0
  6
Continuous
 62
    18
420
        0
370
    25
100
AcDbVertex
100
AcDb2dVertex
 10
51.28923678072086
 20
0.6924501569179498
 30
0.0
  0
VERTEX
  5
2F8
330
2F6
100
AcDbEntity
  8
0
  6
Continuous
 62
    18
420
        0
370
    25
100
AcDbVertex
100
AcDb2dVertex
 10
51.88923678072085
 20
0.6924501569179498
 30
0.0
  0
VERTEX
  5
2F9
330
2F6
100
AcDbEntity
  8
0
  6
Continuous
 62
    18
420
        0
370
    25
100
AcDbVertex
100
AcDb2dVertex
 10
51.88923678072085
 20
1.292450156917958
 30
0.0
  0
VERTEX
  5
2FA
330
2F6
100
AcDbEntity
  8
0
  6
Continuous
 62
    18
420
        0
370
    25
100
AcDbVertex
100
AcDb2dVertex
 10
51.28923678072086
 20
1.292450156917958
 30
0.0
  0
SEQEND
  5
2FB
330
2F6
100
AcDbEntity
  8
0
  6
Continuous
 62
    18
420
        0
370
    25
  0
POLYLINE
  5
2FC
330
1F
100
AcDbEntity
  8
0
  6
Continuous
 62
    18
420
        0
370
    25
100
AcDb2dPolyline
 66
     1
 10
0.0
 20
0.0
 30
0.0
 70
     1
  0
VERTEX
  5
2FD
330
2FC
100
AcDbEntity
  8
0
  6
Continuous
 62
    18
420
        0
370
    25
100
AcDbVertex
100
AcDb2dVertex
 10
48.75637551731332
 20
1.07345015691795
 30
0.0
  0
VERTEX
  5
2FE
330
2FC
100
AcDbEntity
  8
0
  6
Continuous
 62
    18
420
        0
370
    25
100
AcDbVertex
100
AcDb2dVertex
 10
49.35637551731331
 20
1.07345015691795
 30
0.0
  0
VERTEX
  5
2FF
330
2FC
100
AcDbEntity
  8
0
  6
Continuous
 62
    18
420
        0
370
    25
100
AcDbVertex
100
AcDb2dVertex
 10
49.35637551731331
 20
1.673450156917951
 30
0.0
  0
VERTEX
  5
300
330
2FC
100
AcDbEntity
  8
0
  6
Continuous
 62
    18
420
        0
370
    25
100
AcDbVertex
100
AcDb2dVertex
 10
48.75637551731332
 20
1.673450156917951
 30
0.0
  0
SEQEND
  5
301
330
2FC
100
AcDbEntity
  8
0
  6
Continuous
 62
    18
420
        0
370
    25
  0
POLYLINE
  5
302
330
1F
100
AcDbEntity
  8
0
  6
Continuous
 62
    18
420
        0
370
    25
100
AcDb2dPolyline
 66
     1
 10
0.0
 20
0.0
 30
0.0
 70
     1
  0
VERTEX
  5
303
330
302
100
AcDbEntity
  8
0
  6
Continuous
 62
    18
420
        0
370
    25
100
AcDbVertex
100
AcDb2dVertex
 10
48.75637551731332
 20
2.926847329279902
 30
0.0
  0
VERTEX
  5
304
330
302
100
AcDbEntity
  8
0
  6
Continuous
 62
    18
420
        0
370
    25
100
AcDbVertex
100
AcDb2dVertex
 10
49.35637551731331
 20
2.926847329279902
 30
0.0
  0
VERTEX
  5
305
330
302
100
AcDbEntity
  8
0
  6
Continuous
 62
    18
420
        0
370
    25
100
AcDbVertex
100
AcDb2dVertex
 10
49.35637551731331
 20
3.526847329279889
 30
0.0
  0
VERTEX
  5
306
330
302
100
AcDbEntity
  8
0
  6
Continuous
 62
    18
420
        0
370
    25
100
AcDbVertex
100
AcDb2dVertex
 10
48.75637551731332
 20
3.526847329279889
 30
0.0
  0
SEQEND
  5
307
330
302
100
AcDbEntity
  8
0
  6
Continuous
 62
    18
420
        0
370
    25
  0
POLYLINE
  5
308
330
1F
100
AcDbEntity
  8
0
  6
Continuous
 62
    18
420
        0
370
    25
100
AcDb2dPolyline
 66
     1
 10
0.0
 20
0.0
 30
0.0
 70
     1
  0
VERTEX
  5
309
330
308
100
AcDbEntity
  8
0
  6
Continuous
 62
    18
420
        0
370
    25
100
AcDbVertex
100
AcDb2dVertex
 10
46.50925315384809
 20
0.2309046715446712
 30
0.0
  0
VERTEX
  5
30A
330
308
100
AcDbEntity
  8
0
  6
Continuous
 62
    18
420
        0
370
    25
100
AcDbVertex
100
AcDb2dVertex
 10
47.34308429109409
 20
0.2309046715446712
 30
0.0
  0
VERTEX
  5
30B
330
308
100
AcDbEntity
  8
0
  6
Continuous
 62
    18
420
        0
370
    25
100
AcDbVertex
100
AcDb2dVertex
 10
47.34308429109409
 20
5.389165951601541
 30
0.0
  0
VERTEX
  5
30C
330
308
100
AcDbEntity
  8
0
  6
Continuous
 62
    18
420
        0
370
    25
100
AcDbVertex
100
AcDb2dVertex
 10
46.50925315384809
 20
5.389165951601541
 30
0.0
  0
SEQEND
  5
30D
330
308
100
AcDbEntity
  8
0
  6
Continuous
 62
    18
420
        0
370
    25
  0
POLYLINE
  5
30E
330
1F
100
AcDbEntity
  8
0
  6
Continuous
 62
    18
420
        0
370
    25
100
AcDb2dPolyline
 66
     1
 10
0.0
 20
0.0
 30
0.0
 70
     1
  0
VERTEX
  5
30F
330
30E
100
AcDbEntity
  8
0
  6
Continuous
 62
    18
420
        0
370
    25
100
AcDbVertex
100
AcDb2dVertex
 10
42.34799797605864
 20
0.2309046715446854
 30
0.0
  0
VERTEX
  5
310
330
30E
100
AcDbEntity
  8
0
  6
Continuous
 62
    18
420
        0
370
    25
100
AcDbVertex
100
AcDb2dVertex
 10
43.18182911330463
 20
0.2309046715446854
 30
0.0
  0
VERTEX
  5
311
330
30E
100
AcDbEntity
  8
0
  6
Continuous
 62
    18
420
        0
370
    25
100
AcDbVertex
100
AcDb2dVertex
 10
43.18182911330463
 20
4.596166666666676
 30
0.0
  0
VERTEX
  5
312
330
30E
100
AcDbEntity
  8
0
  6
Continuous
 62
    18
420
        0
370
    25
100
AcDbVertex
100
AcDb2dVertex
 10
42.34799797605864
 20
4.596166666666676
 30
0.0
  0
SEQEND
  5
313
330
30E
100
AcDbEntity
  8
0
  6
Continuous
 62
    18
420
        0
370
    25
  0
POLYLINE
  5
314
330
1F
100
AcDbEntity
  8
0
  6
Continuous
 62
    18
420
        0
370
    25
100
AcDb2dPolyline
 66
     1
 10
0.0
 20
0.0
 30
0.0
 70
     1
  0
VERTEX
  5
315
330
314
100
AcDbEntity
  8
0
  6
Continuous
 62
    18
420
        0
370
    25
100
AcDbVertex
100
AcDb2dVertex
 10
45.80707011405419
 20
4.399244501641839
 30
0.0
  0
VERTEX
  5
316
330
314
100
AcDbEntity
  8
0
  6
Continuous
 62
    18
420
        0
370
    25
100
AcDbVertex
100
AcDb2dVertex
 10
46.40707011405418
 20
4.399244501641839
 30
0.0
  0
VERTEX
  5
317
330
314
100
AcDbEntity
  8
0
  6
Continuous
 62
    18
420
        0
370
    25
100
AcDbVertex
100
AcDb2dVertex
 10
46.40707011405418
 20
4.999244501641847
 30
0.0
  0
VERTEX
  5
318
330
314
100
AcDbEntity
  8
0
  6
Continuous
 62
    18
420
        0
370
    25
100
AcDbVertex
100
AcDb2dVertex
 10
45.80707011405419
 20
4.999244501641847
 30
0.0
  0
SEQEND
  5
319
330
314
100
AcDbEntity
  8
0
  6
Continuous
 62
    18
420
        0
370
    25
  0
POLYLINE
  5
31A
330
1F
100
AcDbEntity
  8
0
  6
Continuous
 62
    18
420
        0
370
    25
100
AcDb2dPolyline
 66
     1
 10
0.0
 20
0.0
 30
0.0
 70
     1
  0
VERTEX
  5
31B
330
31A
100
AcDbEntity
  8
0
  6
Continuous
 62
    18
420
        0
370
    25
100
AcDbVertex
100
AcDb2dVertex
 10
45.80707011405419
 20
2.545847329279901
 30
0.0
  0
VERTEX
  5
31C
330
31A
100
AcDbEntity
  8
0
  6
Continuous
 62
    18
420
        0
370
    25
100
AcDbVertex
100
AcDb2dVertex
 10
46.40707011405418
 20
2.545847329279901
 30
0.0
  0
VERTEX
  5
31D
330
31A
100
AcDbEntity
  8
0
  6
Continuous
 62
    18
420
        0
370
    25
100
AcDbVertex
100
AcDb2dVertex
 10
46.40707011405418
 20
3.145847329279889
 30
0.0
  0
VERTEX
  5
31E
330
31A
100
AcDbEntity
  8
0
  6
Continuous
 62
    18
420
        0
370
    25
100
AcDbVertex
100
AcDb2dVertex
 10
45.80707011405419
 20
3.145847329279889
 30
0.0
  0
SEQEND
  5
31F
330
31A
100
AcDbEntity
  8
0
  6
Continuous
 62
    18
420
        0
370
    25
  0
POLYLINE
  5
320
330
1F
100
AcDbEntity
  8
0
  6
Continuous
 62
    18
420
        0
370
    25
100
AcDb2dPolyline
 66
     1
 10
0.0
 20
0.0
 30
0.0
 70
     1
  0
VERTEX
  5
321
330
320
100
AcDbEntity
  8
0
  6
Continuous
 62
    18
420
        0
370
    25
100
AcDbVertex
100
AcDb2dVertex
 10
45.80707011405419
 20
0.6924501569179498
 30
0.0
  0
VERTEX
  5
322
330
320
100
AcDbEntity
  8
0
  6
Continuous
 62
    18
420
        0
370
    25
100
AcDbVertex
100
AcDb2dVertex
 10
46.40707011405418
 20
0.6924501569179498
 30
0.0
  0
VERTEX
  5
323
330
320
100
AcDbEntity
  8
0
  6
Continuous
 62
    18
420
        0
370
    25
100
AcDbVertex
100
AcDb2dVertex
 10
46.40707011405418
 20
1.292450156917958
 30
0.0
  0
VERTEX
  5
324
330
320
100
AcDbEntity
  8
0
  6
Continuous
 62
    18
420
        0
370
    25
100
AcDbVertex
100
AcDb2dVertex
 10
45.80707011405419
 20
1.292450156917958
 30
0.0
  0
SEQEND
  5
325
330
320
100
AcDbEntity
  8
0
  6
Continuous
 62
    18
420
        0
370
    25
  0
POLYLINE
  5
326
330
1F
100
AcDbEntity
  8
0
  6
Continuous
 62
    18
420
        0
370
    25
100
AcDb2dPolyline
 66
     1
 10
0.0
 20
0.0
 30
0.0
 70
     1
  0
VERTEX
  5
327
330
326
100
AcDbEntity
  8
0
  6
Continuous
 62
    18
420
        0
370
    25
100
AcDbVertex
100
AcDb2dVertex
 10
43.29537551731332
 20
1.07345015691795
 30
0.0
  0
VERTEX
  5
328
330
326
100
AcDbEntity
  8
0
  6
Continuous
 62
    18
420
        0
370
    25
100
AcDbVertex
100
AcDb2dVertex
 10
43.89537551731331
 20
1.07345015691795
 30
0.0
  0
VERTEX
  5
329
330
326
100
AcDbEntity
  8
0
  6
Continuous
 62
    18
420
        0
370
    25
100
AcDbVertex
100
AcDb2dVertex
 10
43.89537551731331
 20
1.673450156917951
 30
0.0
  0
VERTEX
  5
32A
330
326
100
AcDbEntity
  8
0
  6
Continuous
 62
    18
420
        0
370
    25
100
AcDbVertex
100
AcDb2dVertex
 10
43.29537551731332
 20
1.673450156917951
 30
0.0
  0
SEQEND
  5
32B
330
326
100
AcDbEntity
  8
0
  6
Continuous
 62
    18
420
        0
370
    25
  0
POLYLINE
  5
32C
330
1F
100
AcDbEntity
  8
0
  6
Continuous
 62
    18
420
        0
370
    25
100
AcDb2dPolyline
 66
     1
 10
0.0
 20
0.0
 30
0.0
 70
     1
  0
VERTEX
  5
32D
330
32C
100
AcDbEntity
  8
0
  6
Continuous
 62
    18
420
        0
370
    25
100
AcDbVertex
100
AcDb2dVertex
 10
43.29537551731332
 20
2.926847329279902
 30
0.0
  0
VERTEX
  5
32E
330
32C
100
AcDbEntity
  8
0
  6
Continuous
 62
    18
420
        0
370
    25
100
AcDbVertex
100
AcDb2dVertex
 10
43.89537551731331
 20
2.926847329279902
 30
0.0
  0
VERTEX
  5
32F
330
32C
100
AcDbEntity
  8
0
  6
Continuous
 62
    18
420
        0
370
    25
100
AcDbVertex
100
AcDb2dVertex
 10
43.89537551731331
 20
3.526847329279889
 30
0.0
  0
VERTEX
  5
330
330
32C
100
AcDbEntity
  8
0
  6
Continuous
 62
    18
420
        0
370
    25
100
AcDbVertex
100
AcDb2dVertex
 10
43.29537551731332
 20
3.526847329279889
 30
0.0
  0
SEQEND
  5
331
330
32C
100
AcDbEntity
  8
0
  6
Continuous
 62
    18
420
        0
370
    25
  0
POLYLINE
  5
332
330
1F
100
AcDbEntity
  8
0
  6
Continuous
 62
    18
420
        0
370
    25
100
AcDb2dPolyline
 66
     1
 10
0.0
 20
0.0
 30
0.0
 70
     1
  0
VERTEX
  5
333
330
332
100
AcDbEntity
  8
0
  6
Continuous
 62
    18
420
        0
370
    25
100
AcDbVertex
100
AcDb2dVertex
 10
41.06941982051475
 20
0.2309046715446712
 30
0.0
  0
VERTEX
  5
334
330
332
100
AcDbEntity
  8
0
  6
Continuous
 62
    18
420
        0
370
    25
100
AcDbVertex
100
AcDb2dVertex
 10
41.90325095776074
 20
0.2309046715446712
 30
0.0
  0
VERTEX
  5
335
330
332
100
AcDbEntity
  8
0
  6
Continuous
 62
    18
420
        0
370
    25
100
AcDbVertex
100
AcDb2dVertex
 10
41.90325095776074
 20
5.389165951601541
 30
0.0
  0
VERTEX
  5
336
330
332
100
AcDbEntity
  8
0
  6
Continuous
 62
    18
420
        0
370
    25
100
AcDbVertex
100
AcDb2dVertex
 10
41.06941982051475
 20
5.389165951601541
 30
0.0
  0
SEQEND
  5
337
330
332
100
AcDbEntity
  8
0
  6
Continuous
 62
    18
420
        0
370
    25
  0
POLYLINE
  5
338
330
1F
100
AcDbEntity
  8
0
  6
Continuous
 62
    18
420
        0
370
    25
100
AcDb2dPolyline
 66
     1
 10
0.0
 20
0.0
 30
0.0
 70
     1
  0
VERTEX
  5
339
330
338
100
AcDbEntity
  8
0
  6
Continuous
 62
    18
420
        0
370
    25
100
AcDbVertex
100
AcDb2dVertex
 10
36.88699797605864
 20
0.18991666666669
 30
0.0
  0
VERTEX
  5
33A
330
338
100
AcDbEntity
  8
0
  6
Continuous
 62
    18
420
        0
370
    25
100
AcDbVertex
100
AcDb2dVertex
 10
37.72082911330464
 20
0.18991666666669
 30
0.0
  0
VERTEX
  5
33B
330
338
100
AcDbEntity
  8
0
  6
Continuous
 62
    18
420
        0
370
    25
100
AcDbVertex
100
AcDb2dVertex
 10
37.72082911330464
 20
4.59616666666669
 30
0.0
  0
VERTEX
  5
33C
330
338
100
AcDbEntity
  8
0
  6
Continuous
 62
    18
420
        0
370
    25
100
AcDbVertex
100
AcDb2dVertex
 10
36.88699797605864
 20
4.59616666666669
 30
0.0
  0
SEQEND
  5
33D
330
338
100
AcDbEntity
  8
0
  6
Continuous
 62
    18
420
        0
370
    25
  0
POLYLINE
  5
33E
330
1F
100
AcDbEntity
  8
0
  6
Continuous
 62
    18
420
        0
370
    25
100
AcDb2dPolyline
 66
     1
 10
0.0
 20
0.0
 30
0.0
 70
     1
  0
VERTEX
  5
33F
330
33E
100
AcDbEntity
  8
0
  6
Continuous
 62
    18
420
        0
370
    25
100
AcDbVertex
100
AcDb2dVertex
 10
40.36723678072087
 20
4.399244501641839
 30
0.0
  0
VERTEX
  5
340
330
33E
100
AcDbEntity
  8
0
  6
Continuous
 62
    18
420
        0
370
    25
100
AcDbVertex
100
AcDb2dVertex
 10
40.96723678072085
 20
4.399244501641839
 30
0.0
  0
VERTEX
  5
341
330
33E
100
AcDbEntity
  8
0
  6
Continuous
 62
    18
420
        0
370
    25
100
AcDbVertex
100
AcDb2dVertex
 10
40.96723678072085
 20
4.999244501641847
 30
0.0
  0
VERTEX
  5
342
330
33E
100
AcDbEntity
  8
0
  6
Continuous
 62
    18
420
        0
370
    25
100
AcDbVertex
100
AcDb2dVertex
 10
40.36723678072087
 20
4.999244501641847
 30
0.0
  0
SEQEND
  5
343
330
33E
100
AcDbEntity
  8
0
  6
Continuous
 62
    18
420
        0
370
    25
  0
POLYLINE
  5
344
330
1F
100
AcDbEntity
  8
0
  6
Continuous
 62
    18
420
        0
370
    25
100
AcDb2dPolyline
 66
     1
 10
0.0
 20
0.0
 30
0.0
 70
     1
  0
VERTEX
  5
345
330
344
100
AcDbEntity
  8
0
  6
Continuous
 62
    18
420
        0
370
    25
100
AcDbVertex
100
AcDb2dVertex
 10
40.36723678072087
 20
2.545847329279901
 30
0.0
  0
VERTEX
  5
346
330
344
100
AcDbEntity
  8
0
  6
Continuous
 62
    18
420
        0
370
    25
100
AcDbVertex
100
AcDb2dVertex
 10
40.96723678072085
 20
2.545847329279901
 30
0.0
  0
VERTEX
  5
347
330
344
100
AcDbEntity
  8
0
  6
Continuous
 62
    18
420
        0
370
    25
100
AcDbVertex
100
AcDb2dVertex
 10
40.96723678072085
 20
3.145847329279889
 30
0.0
  0
VERTEX
  5
348
330
344
100
AcDbEntity
  8
0
  6
Continuous
 62
    18
420
        0
370
    25
100
AcDbVertex
100
AcDb2dVertex
 10
40.36723678072087
 20
3.145847329279889
 30
0.0
  0
SEQEND
  5
349
330
344
100
AcDbEntity
  8
0
  6
Continuous
 62
    18
420
        0
370
    25
  0
POLYLINE
  5
34A
330
1F
100
AcDbEntity
  8
0
  6
Continuous
 62
    18
420
        0
370
    25
100
AcDb2dPolyline
 66
     1
 10
0.0
 20
0.0
 30
0.0
 70
     1
  0
VERTEX
  5
34B
330
34A
100
AcDbEntity
  8
0
  6
Continuous
 62
    18
420
        0
370
    25
100
AcDbVertex
100
AcDb2dVertex
 10
40.36723678072087
 20
0.6924501569179498
 30
0.0
  0
VERTEX
  5
34C
330
34A
100
AcDbEntity
  8
0
  6
Continuous
 62
    18
420
        0
370
    25
100
AcDbVertex
100
AcDb2dVertex
 10
40.96723678072085
 20
0.6924501569179498
 30
0.0
  0
VERTEX
  5
34D
330
34A
100
AcDbEntity
  8
0
  6
Continuous
 62
    18
420
        0
370
    25
100
AcDbVertex
100
AcDb2dVertex
 10
40.96723678072085
 20
1.292450156917958
 30
0.0
  0
VERTEX
  5
34E
330
34A
100
AcDbEntity
  8
0
  6
Continuous
 62
    18
420
        0
370
    25
100
AcDbVertex
100
AcDb2dVertex
 10
40.36723678072087
 20
1.292450156917958
 30
0.0
  0
SEQEND
  5
34F
330
34A
100
AcDbEntity
  8
0
  6
Continuous
 62
    18
420
        0
370
    25
  0
POLYLINE
  5
350
330
1F
100
AcDbEntity
  8
0
  6
Continuous
 62
    18
420
        0
370
    25
100
AcDb2dPolyline
 66
     1
 10
0.0
 20
0.0
 30
0.0
 70
     1
  0
VERTEX
  5
351
330
350
100
AcDbEntity
  8
0
  6
Continuous
 62
    18
420
        0
370
    25
100
AcDbVertex
100
AcDb2dVertex
 10
37.83437551731332
 20
1.07345015691795
 30
0.0
  0
VERTEX
  5
352
330
350
100
AcDbEntity
  8
0
  6
Continuous
 62
    18
420
        0
370
    25
100
AcDbVertex
100
AcDb2dVertex
 10
38.43437551731331
 20
1.07345015691795
 30
0.0
  0
VERTEX
  5
353
330
350
100
AcDbEntity
  8
0
  6
Continuous
 62
    18
420
        0
370
    25
100
AcDbVertex
100
AcDb2dVertex
 10
38.43437551731331
 20
1.673450156917951
 30
0.0
  0
VERTEX
  5
354
330
350
100
AcDbEntity
  8
0
  6
Continuous
 62
    18
420
        0
370
    25
100
AcDbVertex
100
AcDb2dVertex
 10
37.83437551731332
 20
1.673450156917951
 30
0.0
  0
SEQEND
  5
355
330
350
100
AcDbEntity
  8
0
  6
Continuous
 62
    18
420
        0
370
    25
  0
POLYLINE
  5
356
330
1F
100
AcDbEntity
  8
0
  6
Continuous
 62
    18
420
        0
370
    25
100
AcDb2dPolyline
 66
     1
 10
0.0
 20
0.0
 30
0.0
 70
     1
  0
VERTEX
  5
357
330
356
100
AcDbEntity
  8
0
  6
Continuous
 62
    18
420
        0
370
    25
100
AcDbVertex
100
AcDb2dVertex
 10
37.83437551731332
 20
2.926847329279902
 30
0.0
  0
VERTEX
  5
358
330
356
100
AcDbEntity
  8
0
  6
Continuous
 62
    18
420
        0
370
    25
100
AcDbVertex
100
AcDb2dVertex
 10
38.43437551731331
 20
2.926847329279902
 30
0.0
  0
VERTEX
  5
359
330
356
100
AcDbEntity
  8
0
  6
Continuous
 62
    18
420
        0
370
    25
100
AcDbVertex
100
AcDb2dVertex
 10
38.43437551731331
 20
3.526847329279889
 30
0.0
  0
VERTEX
  5
35A
330
356
100
AcDbEntity
  8
0
  6
Continuous
 62
    18
420
        0
370
    25
100
AcDbVertex
100
AcDb2dVertex
 10
37.83437551731332
 20
3.526847329279889
 30
0.0
  0
SEQEND
  5
35B
330
356
100
AcDbEntity
  8
0
  6
Continuous
 62
    18
420
        0
370
    25
  0
POLYLINE
  5
35C
330
1F
100
AcDbEntity
  8
0
  6
Continuous
 62
    18
420
        0
370
    25
100
AcDb2dPolyline
 66
     1
 10
0.0
 20
0.0
 30
0.0
 70
     1
  0
VERTEX
  5
35D
330
35C
100
AcDbEntity
  8
0
  6
Continuous
 62
    18
420
        0
370
    25
100
AcDbVertex
100
AcDb2dVertex
 10
35.60841982051475
 20
0.2309046715446712
 30
0.0
  0
VERTEX
  5
35E
330
35C
100
AcDbEntity
  8
0
  6
Continuous
 62
    18
420
        0
370
    25
100
AcDbVertex
100
AcDb2dVertex
 10
36.44225095776074
 20
0.2309046715446712
 30
0.0
  0
VERTEX
  5
35F
330
35C
100
AcDbEntity
  8
0
  6
Continuous
 62
    18
420
        0
370
    25
100
AcDbVertex
100
AcDb2dVertex
 10
36.44225095776074
 20
5.389165951601541
 30
0.0
  0
VERTEX
  5
360
330
35C
100
AcDbEntity
  8
0
  6
Continuous
 62
    18
420
        0
370
    25
100
AcDbVertex
100
AcDb2dVertex
 10
35.60841982051475
 20
5.389165951601541
 30
0.0
  0
SEQEND
  5
361
330
35C
100
AcDbEntity
  8
0
  6
Continuous
 62
    18
420
        0
370
    25
  0
POLYLINE
  5
362
330
1F
100
AcDbEntity
  8
0
  6
Continuous
 62
    18
420
        0
370
    25
100
AcDb2dPolyline
 66
     1
 10
0.0
 20
0.0
 30
0.0
 70
     1
  0
VERTEX
  5
363
330
362
100
AcDbEntity
  8
0
  6
Continuous
 62
    18
420
        0
370
    25
100
AcDbVertex
100
AcDb2dVertex
 10
31.36249797605864
 20
0.2309046715446712
 30
0.0
  0
VERTEX
  5
364
330
362
100
AcDbEntity
  8
0
  6
Continuous
 62
    18
420
        0
370
    25
100
AcDbVertex
100
AcDb2dVertex
 10
32.19632911330463
 20
0.2309046715446712
 30
0.0
  0
VERTEX
  5
365
330
362
100
AcDbEntity
  8
0
  6
Continuous
 62
    18
420
        0
370
    25
100
AcDbVertex
100
AcDb2dVertex
 10
32.19632911330463
 20
4.596166666666655
 30
0.0
  0
VERTEX
  5
366
330
362
100
AcDbEntity
  8
0
  6
Continuous
 62
    18
420
        0
370
    25
100
AcDbVertex
100
AcDb2dVertex
 10
31.36249797605864
 20
4.596166666666655
 30
0.0
  0
SEQEND
  5
367
330
362
100
AcDbEntity
  8
0
  6
Continuous
 62
    18
420
        0
370
    25
  0
POLYLINE
  5
368
330
1F
100
AcDbEntity
  8
0
  6
Continuous
 62
    18
420
        0
370
    25
100
AcDb2dPolyline
 66
     1
 10
0.0
 20
0.0
 30
0.0
 70
     1
  0
VERTEX
  5
369
330
368
100
AcDbEntity
  8
0
  6
Continuous
 62
    18
420
        0
370
    25
100
AcDbVertex
100
AcDb2dVertex
 10
34.90623678072086
 20
4.399244501641839
 30
0.0
  0
VERTEX
  5
36A
330
368
100
AcDbEntity
  8
0
  6
Continuous
 62
    18
420
        0
370
    25
100
AcDbVertex
100
AcDb2dVertex
 10
35.50623678072085
 20
4.399244501641839
 30
0.0
  0
VERTEX
  5
36B
330
368
100
AcDbEntity
  8
0
  6
Continuous
 62
    18
420
        0
370
    25
100
AcDbVertex
100
AcDb2dVertex
 10
35.50623678072085
 20
4.999244501641847
 30
0.0
  0
VERTEX
  5
36C
330
368
100
AcDbEntity
  8
0
  6
Continuous
 62
    18
420
        0
370
    25
100
AcDbVertex
100
AcDb2dVertex
 10
34.90623678072086
 20
4.999244501641847
 30
0.0
  0
SEQEND
  5
36D
330
368
100
AcDbEntity
  8
0
  6
Continuous
 62
    18
420
        0
370
    25
  0
POLYLINE
  5
36E
330
1F
100
AcDbEntity
  8
0
  6
Continuous
 62
    18
420
        0
370
    25
100
AcDb2dPolyline
 66
     1
 10
0.0
 20
0.0
 30
0.0
 70
     1
  0
VERTEX
  5
36F
330
36E
100
AcDbEntity
  8
0
  6
Continuous
 62
    18
420
        0
370
    25
100
AcDbVertex
100
AcDb2dVertex
 10
34.90623678072086
 20
2.545847329279901
 30
0.0
  0
VERTEX
  5
370
330
36E
100
AcDbEntity
  8
0
  6
Continuous
 62
    18
420
        0
370
    25
100
AcDbVertex
100
AcDb2dVertex
 10
35.50623678072085
 20
2.545847329279901
 30
0.0
  0
VERTEX
  5
371
330
36E
100
AcDbEntity
  8
0
  6
Continuous
 62
    18
420
        0
370
    25
100
AcDbVertex
100
AcDb2dVertex
 10
35.50623678072085
 20
3.145847329279889
 30
0.0
  0
VERTEX
  5
372
330
36E
100
AcDbEntity
  8
0
  6
Continuous
 62
    18
420
        0
370
    25
100
AcDbVertex
100
AcDb2dVertex
 10
34.90623678072086
 20
3.145847329279889
 30
0.0
  0
SEQEND
  5
373
330
36E
100
AcDbEntity
  8
0
  6
Continuous
 62
    18
420
        0
370
    25
  0
POLYLINE
  5
374
330
1F
100
AcDbEntity
  8
0
  6
Continuous
 62
    18
420
        0
370
    25
100
AcDb2dPolyline
 66
     1
 10
0.0
 20
0.0
 30
0.0
 70
     1
  0
VERTEX
  5
375
330
374
100
AcDbEntity
  8
0
  6
Continuous
 62
    18
420
        0
370
    25
100
AcDbVertex
100
AcDb2dVertex
 10
34.90623678072086
 20
0.6924501569179498
 30
0.0
  0
VERTEX
  5
376
330
374
100
AcDbEntity
  8
0
  6
Continuous
 62
    18
420
        0
370
    25
100
AcDbVertex
100
AcDb2dVertex
 10
35.50623678072085
 20
0.6924501569179498
 30
0.0
  0
VERTEX
  5
377
330
374
100
AcDbEntity
  8
0
  6
Continuous
 62
    18
420
        0
370
    25
100
AcDbVertex
100
AcDb2dVertex
 10
35.50623678072085
 20
1.292450156917958
 30
0.0
  0
VERTEX
  5
378
330
374
100
AcDbEntity
  8
0
  6
Continuous
 62
    18
420
        0
370
    25
100
AcDbVertex
100
AcDb2dVertex
 10
34.90623678072086
 20
1.292450156917958
 30
0.0
  0
SEQEND
  5
379
330
374
100
AcDbEntity
  8
0
  6
Continuous
 62
    18
420
        0
370
    25
  0
POLYLINE
  5
37A
330
1F
100
AcDbEntity
  8
0
  6
Continuous
 62
    18
420
        0
370
    25
100
AcDb2dPolyline
 66
     1
 10
0.0
 20
0.0
 30
0.0
 70
     1
  0
VERTEX
  5
37B
330
37A
100
AcDbEntity
  8
0
  6
Continuous
 62
    18
420
        0
370
    25
100
AcDbVertex
100
AcDb2dVertex
 10
32.30987551731332
 20
1.07345015691795
 30
0.0
  0
VERTEX
  5
37C
330
37A
100
AcDbEntity
  8
0
  6
Continuous
 62
    18
420
        0
370
    25
100
AcDbVertex
100
AcDb2dVertex
 10
32.90987551731331
 20
1.07345015691795
 30
0.0
  0
VERTEX
  5
37D
330
37A
100
AcDbEntity
  8
0
  6
Continuous
 62
    18
420
        0
370
    25
100
AcDbVertex
100
AcDb2dVertex
 10
32.90987551731331
 20
1.673450156917951
 30
0.0
  0
VERTEX
  5
37E
330
37A
100
AcDbEntity
  8
0
  6
Continuous
 62
    18
420
        0
370
    25
100
AcDbVertex
100
AcDb2dVertex
 10
32.30987551731332
 20
1.673450156917951
 30
0.0
  0
SEQEND
  5
37F
330
37A
100
AcDbEntity
  8
0
  6
Continuous
 62
    18
420
        0
370
    25
  0
POLYLINE
  5
380
330
1F
100
AcDbEntity
  8
0
  6
Continuous
 62
    18
420
        0
370
    25
100
AcDb2dPolyline
 66
     1
 10
0.0
 20
0.0
 30
0.0
 70
     1
  0
VERTEX
  5
381
330
380
100
AcDbEntity
  8
0
  6
Continuous
 62
    18
420
        0
370
    25
100
AcDbVertex
100
AcDb2dVertex
 10
32.30987551731332
 20
2.926847329279902
 30
0.0
  0
VERTEX
  5
382
330
380
100
AcDbEntity
  8
0
  6
Continuous
 62
    18
420
        0
370
    25
100
AcDbVertex
100
AcDb2dVertex
 10
32.90987551731331
 20
2.926847329279902
 30
0.0
  0
VERTEX
  5
383
330
380
100
AcDbEntity
  8
0
  6
Continuous
 62
    18
420
        0
370
    25
100
AcDbVertex
100
AcDb2dVertex
 10
32.90987551731331
 20
3.526847329279889
 30
0.0
  0
VERTEX
  5
384
330
380
100
AcDbEntity
  8
0
  6
Continuous
 62
    18
420
        0
370
    25
100
AcDbVertex
100
AcDb2dVertex
 10
32.30987551731332
 20
3.526847329279889
 30
0.0
  0
SEQEND
  5
385
330
380
100
AcDbEntity
  8
0
  6
Continuous
 62
    18
420
        0
370
    25
  0
POLYLINE
  5
386
330
1F
100
AcDbEntity
  8
0
  6
Continuous
 62
    18
420
        0
370
    25
100
AcDb2dPolyline
 66
     1
 10
0.0
 20
0.0
 30
0.0
 70
     1
  0
VERTEX
  5
387
330
386
100
AcDbEntity
  8
0
  6
Continuous
 62
    18
420
        0
370
    25
100
AcDbVertex
100
AcDb2dVertex
 10
30.10508648718141
 20
0.2309046715446641
 30
0.0
  0
VERTEX
  5
388
330
386
100
AcDbEntity
  8
0
  6
Continuous
 62
    18
420
        0
370
    25
100
AcDbVertex
100
AcDb2dVertex
 10
30.93891762442741
 20
0.2309046715446641
 30
0.0
  0
VERTEX
  5
389
330
386
100
AcDbEntity
  8
0
  6
Continuous
 62
    18
420
        0
370
    25
100
AcDbVertex
100
AcDb2dVertex
 10
30.93891762442741
 20
5.389165951601541
 30
0.0
  0
VERTEX
  5
38A
330
386
100
AcDbEntity
  8
0
  6
Continuous
 62
    18
420
        0
370
    25
100
AcDbVertex
100
AcDb2dVertex
 10
30.10508648718141
 20
5.389165951601541
 30
0.0
  0
SEQEND
  5
38B
330
386
100
AcDbEntity
  8
0
  6
Continuous
 62
    18
420
        0
370
    25
  0
POLYLINE
  5
38C
330
1F
100
AcDbEntity
  8
0
  6
Continuous
 62
    18
420
        0
370
    25
100
AcDb2dPolyline
 66
     1
 10
0.0
 20
0.0
 30
0.0
 70
     1
  0
VERTEX
  5
38D
330
38C
100
AcDbEntity
  8
0
  6
Continuous
 62
    18
420
        0
370
    25
100
AcDbVertex
100
AcDb2dVertex
 10
25.8591646427253
 20
0.2309046715446712
 30
0.0
  0
VERTEX
  5
38E
330
38C
100
AcDbEntity
  8
0
  6
Continuous
 62
    18
420
        0
370
    25
100
AcDbVertex
100
AcDb2dVertex
 10
26.69299577997129
 20
0.2309046715446712
 30
0.0
  0
VERTEX
  5
38F
330
38C
100
AcDbEntity
  8
0
  6
Continuous
 62
    18
420
        0
370
    25
100
AcDbVertex
100
AcDb2dVertex
 10
26.69299577997129
 20
4.59616666666669
 30
0.0
  0
VERTEX
  5
390
330
38C
100
AcDbEntity
  8
0
  6
Continuous
 62
    18
420
        0
370
    25
100
AcDbVertex
100
AcDb2dVertex
 10
25.8591646427253
 20
4.59616666666669
 30
0.0
  0
SEQEND
  5
391
330
38C
100
AcDbEntity
  8
0
  6
Continuous
 62
    18
420
        0
370
    25
  0
POLYLINE
  5
392
330
1F
100
AcDbEntity
  8
0
  6
Continuous
 62
    18
420
        0
370
    25
100
AcDb2dPolyline
 66
     1
 10
0.0
 20
0.0
 30
0.0
 70
     1
  0
VERTEX
  5
393
330
392
100
AcDbEntity
  8
0
  6
Continuous
 62
    18
420
        0
370
    25
100
AcDbVertex
100
AcDb2dVertex
 10
29.40290344738753
 20
4.399244501641839
 30
0.0
  0
VERTEX
  5
394
330
392
100
AcDbEntity
  8
0
  6
Continuous
 62
    18
420
        0
370
    25
100
AcDbVertex
100
AcDb2dVertex
 10
30.00290344738752
 20
4.399244501641839
 30
0.0
  0
VERTEX
  5
395
330
392
100
AcDbEntity
  8
0
  6
Continuous
 62
    18
420
        0
370
    25
100
AcDbVertex
100
AcDb2dVertex
 10
30.00290344738752
 20
4.999244501641847
 30
0.0
  0
VERTEX
  5
396
330
392
100
AcDbEntity
  8
0
  6
Continuous
 62
    18
420
        0
370
    25
100
AcDbVertex
100
AcDb2dVertex
 10
29.40290344738753
 20
4.999244501641847
 30
0.0
  0
SEQEND
  5
397
330
392
100
AcDbEntity
  8
0
  6
Continuous
 62
    18
420
        0
370
    25
  0
POLYLINE
  5
398
330
1F
100
AcDbEntity
  8
0
  6
Continuous
 62
    18
420
        0
370
    25
100
AcDb2dPolyline
 66
     1
 10
0.0
 20
0.0
 30
0.0
 70
     1
  0
VERTEX
  5
399
330
398
100
AcDbEntity
  8
0
  6
Continuous
 62
    18
420
        0
370
    25
100
AcDbVertex
100
AcDb2dVertex
 10
29.40290344738753
 20
2.545847329279901
 30
0.0
  0
VERTEX
  5
39A
330
398
100
AcDbEntity
  8
0
  6
Continuous
 62
    18
420
        0
370
    25
100
AcDbVertex
100
AcDb2dVertex
 10
30.00290344738752
 20
2.545847329279901
 30
0.0
  0
VERTEX
  5
39B
330
398
100
AcDbEntity
  8
0
  6
Continuous
 62
    18
420
        0
370
    25
100
AcDbVertex
100
AcDb2dVertex
 10
30.00290344738752
 20
3.145847329279889
 30
0.0
  0
VERTEX
  5
39C
330
398
100
AcDbEntity
  8
0
  6
Continuous
 62
    18
420
        0
370
    25
100
AcDbVertex
100
AcDb2dVertex
 10
29.40290344738753
 20
3.145847329279889
 30
0.0
  0
SEQEND
  5
39D
330
398
100
AcDbEntity
  8
0
  6
Continuous
 62
    18
420
        0
370
    25
  0
POLYLINE
  5
39E
330
1F
100
AcDbEntity
  8
0
  6
Continuous
 62
    18
420
        0
370
    25
100
AcDb2dPolyline
 66
     1
 10
0.0
 20
0.0
 30
0.0
 70
     1
  0
VERTEX
  5
39F
330
39E
100
AcDbEntity
  8
0
  6
Continuous
 62
    18
420
        0
370
    25
100
AcDbVertex
100
AcDb2dVertex
 10
29.40290344738753
 20
0.6924501569179498
 30
0.0
  0
VERTEX
  5
3A0
330
39E
100
AcDbEntity
  8
0
  6
Continuous
 62
    18
420
        0
370
    25
100
AcDbVertex
100
AcDb2dVertex
 10
30.00290344738752
 20
0.6924501569179498
 30
0.0
  0
VERTEX
  5
3A1
330
39E
100
AcDbEntity
  8
0
  6
Continuous
 62
    18
420
        0
370
    25
100
AcDbVertex
100
AcDb2dVertex
 10
30.00290344738752
 20
1.292450156917958
 30
0.0
  0
VERTEX
  5
3A2
330
39E
100
AcDbEntity
  8
0
  6
Continuous
 62
    18
420
        0
370
    25
100
AcDbVertex
100
AcDb2dVertex
 10
29.40290344738753
 20
1.292450156917958
 30
0.0
  0
SEQEND
  5
3A3
330
39E
100
AcDbEntity
  8
0
  6
Continuous
 62
    18
420
        0
370
    25
  0
POLYLINE
  5
3A4
330
1F
100
AcDbEntity
  8
0
  6
Continuous
 62
    18
420
        0
370
    25
100
AcDb2dPolyline
 66
     1
 10
0.0
 20
0.0
 30
0.0
 70
     1
  0
VERTEX
  5
3A5
330
3A4
100
AcDbEntity
  8
0
  6
Continuous
 62
    18
420
        0
370
    25
100
AcDbVertex
100
AcDb2dVertex
 10
26.80654218397999
 20
1.07345015691795
 30
0.0
  0
VERTEX
  5
3A6
330
3A4
100
AcDbEntity
  8
0
  6
Continuous
 62
    18
420
        0
370
    25
100
AcDbVertex
100
AcDb2dVertex
 10
27.40654218397998
 20
1.07345015691795
 30
0.0
  0
VERTEX
  5
3A7
330
3A4
100
AcDbEntity
  8
0
  6
Continuous
 62
    18
420
        0
370
    25
100
AcDbVertex
100
AcDb2dVertex
 10
27.40654218397998
 20
1.673450156917951
 30
0.0
  0
VERTEX
  5
3A8
330
3A4
100
AcDbEntity
  8
0
  6
Continuous
 62
    18
420
        0
370
    25
100
AcDbVertex
100
AcDb2dVertex
 10
26.80654218397999
 20
1.673450156917951
 30
0.0
  0
SEQEND
  5
3A9
330
3A4
100
AcDbEntity
  8
0
  6
Continuous
 62
    18
420
        0
370
    25
  0
POLYLINE
  5
3AA
330
1F
100
AcDbEntity
  8
0
  6
Continuous
 62
    18
420
        0
370
    25
100
AcDb2dPolyline
 66
     1
 10
0.0
 20
0.0
 30
0.0
 70
     1
  0
VERTEX
  5
3AB
330
3AA
100
AcDbEntity
  8
0
  6
Continuous
 62
    18
420
        0
370
    25
100
AcDbVertex
100
AcDb2dVertex
 10
26.80654218397999
 20
2.926847329279902
 30
0.0
  0
VERTEX
  5
3AC
330
3AA
100
AcDbEntity
  8
0
  6
Continuous
 62
    18
420
        0
370
    25
100
AcDbVertex
100
AcDb2dVertex
 10
27.40654218397998
 20
2.926847329279902
 30
0.0
  0
VERTEX
  5
3AD
330
3AA
100
AcDbEntity
  8
0
  6
Continuous
 62
    18
420
        0
370
    25
100
AcDbVertex
100
AcDb2dVertex
 10
27.40654218397998
 20
3.526847329279889
 30
0.0
  0
VERTEX
  5
3AE
330
3AA
100
AcDbEntity
  8
0
  6
Continuous
 62
    18
420
        0
370
    25
100
AcDbVertex
100
AcDb2dVertex
 10
26.80654218397999
 20
3.526847329279889
 30
0.0
  0
SEQEND
  5
3AF
330
3AA
100
AcDbEntity
  8
0
  6
Continuous
 62
    18
420
        0
370
    25
  0
POLYLINE
  5
3B0
330
1F
100
AcDbEntity
  8
0
  6
Continuous
 62
    18
420
        0
370
    25
100
AcDb2dPolyline
 66
     1
 10
0.0
 20
0.0
 30
0.0
 70
     1
  0
VERTEX
  5
3B1
330
3B0
100
AcDbEntity
  8
0
  6
Continuous
 62
    18
420
        0
370
    25
100
AcDbVertex
100
AcDb2dVertex
 10
24.62291982051475
 20
0.2309046715446712
 30
0.0
  0
VERTEX
  5
3B2
330
3B0
100
AcDbEntity
  8
0
  6
Continuous
 62
    18
420
        0
370
    25
100
AcDbVertex
100
AcDb2dVertex
 10
25.45675095776074
 20
0.2309046715446712
 30
0.0
  0
VERTEX
  5
3B3
330
3B0
100
AcDbEntity
  8
0
  6
Continuous
 62
    18
420
        0
370
    25
100
AcDbVertex
100
AcDb2dVertex
 10
25.45675095776074
 20
5.389165951601555
 30
0.0
  0
VERTEX
  5
3B4
330
3B0
100
AcDbEntity
  8
0
  6
Continuous
 62
    18
420
        0
370
    25
100
AcDbVertex
100
AcDb2dVertex
 10
24.62291982051475
 20
5.389165951601555
 30
0.0
  0
SEQEND
  5
3B5
330
3B0
100
AcDbEntity
  8
0
  6
Continuous
 62
    18
420
        0
370
    25
  0
POLYLINE
  5
3B6
330
1F
100
AcDbEntity
  8
0
  6
Continuous
 62
    18
420
        0
370
    25
100
AcDb2dPolyline
 66
     1
 10
0.0
 20
0.0
 30
0.0
 70
     1
  0
VERTEX
  5
3B7
330
3B6
100
AcDbEntity
  8
0
  6
Continuous
 62
    18
420
        0
370
    25
100
AcDbVertex
100
AcDb2dVertex
 10
20.44049797605863
 20
0.2309046715446712
 30
0.0
  0
VERTEX
  5
3B8
330
3B6
100
AcDbEntity
  8
0
  6
Continuous
 62
    18
420
        0
370
    25
100
AcDbVertex
100
AcDb2dVertex
 10
21.27432911330463
 20
0.2309046715446712
 30
0.0
  0
VERTEX
  5
3B9
330
3B6
100
AcDbEntity
  8
0
  6
Continuous
 62
    18
420
        0
370
    25
100
AcDbVertex
100
AcDb2dVertex
 10
21.27432911330463
 20
4.596166666666655
 30
0.0
  0
VERTEX
  5
3BA
330
3B6
100
AcDbEntity
  8
0
  6
Continuous
 62
    18
420
        0
370
    25
100
AcDbVertex
100
AcDb2dVertex
 10
20.44049797605863
 20
4.596166666666655
 30
0.0
  0
SEQEND
  5
3BB
330
3B6
100
AcDbEntity
  8
0
  6
Continuous
 62
    18
420
        0
370
    25
  0
POLYLINE
  5
3BC
330
1F
100
AcDbEntity
  8
0
  6
Continuous
 62
    18
420
        0
370
    25
100
AcDb2dPolyline
 66
     1
 10
0.0
 20
0.0
 30
0.0
 70
     1
  0
VERTEX
  5
3BD
330
3BC
100
AcDbEntity
  8
0
  6
Continuous
 62
    18
420
        0
370
    25
100
AcDbVertex
100
AcDb2dVertex
 10
23.92073678072086
 20
4.399244501641839
 30
0.0
  0
VERTEX
  5
3BE
330
3BC
100
AcDbEntity
  8
0
  6
Continuous
 62
    18
420
        0
370
    25
100
AcDbVertex
100
AcDb2dVertex
 10
24.52073678072085
 20
4.399244501641839
 30
0.0
  0
VERTEX
  5
3BF
330
3BC
100
AcDbEntity
  8
0
  6
Continuous
 62
    18
420
        0
370
    25
100
AcDbVertex
100
AcDb2dVertex
 10
24.52073678072085
 20
4.999244501641847
 30
0.0
  0
VERTEX
  5
3C0
330
3BC
100
AcDbEntity
  8
0
  6
Continuous
 62
    18
420
        0
370
    25
100
AcDbVertex
100
AcDb2dVertex
 10
23.92073678072086
 20
4.999244501641847
 30
0.0
  0
SEQEND
  5
3C1
330
3BC
100
AcDbEntity
  8
0
  6
Continuous
 62
    18
420
        0
370
    25
  0
POLYLINE
  5
3C2
330
1F
100
AcDbEntity
  8
0
  6
Continuous
 62
    18
420
        0
370
    25
100
AcDb2dPolyline
 66
     1
 10
0.0
 20
0.0
 30
0.0
 70
     1
  0
VERTEX
  5
3C3
330
3C2
100
AcDbEntity
  8
0
  6
Continuous
 62
    18
420
        0
370
    25
100
AcDbVertex
100
AcDb2dVertex
 10
23.92073678072086
 20
2.545847329279901
 30
0.0
  0
VERTEX
  5
3C4
330
3C2
100
AcDbEntity
  8
0
  6
Continuous
 62
    18
420
        0
370
    25
100
AcDbVertex
100
AcDb2dVertex
 10
24.52073678072085
 20
2.545847329279901
 30
0.0
  0
VERTEX
  5
3C5
330
3C2
100
AcDbEntity
  8
0
  6
Continuous
 62
    18
420
        0
370
    25
100
AcDbVertex
100
AcDb2dVertex
 10
24.52073678072085
 20
3.145847329279889
 30
0.0
  0
VERTEX
  5
3C6
330
3C2
100
AcDbEntity
  8
0
  6
Continuous
 62
    18
420
        0
370
    25
100
AcDbVertex
100
AcDb2dVertex
 10
23.92073678072086
 20
3.145847329279889
 30
0.0
  0
SEQEND
  5
3C7
330
3C2
100
AcDbEntity
  8
0
  6
Continuous
 62
    18
420
        0
370
    25
  0
POLYLINE
  5
3C8
330
1F
100
AcDbEntity
  8
0
  6
Continuous
 62
    18
420
        0
370
    25
100
AcDb2dPolyline
 66
     1
 10
0.0
 20
0.0
 30
0.0
 70
     1
  0
VERTEX
  5
3C9
330
3C8
100
AcDbEntity
  8
0
  6
Continuous
 62
    18
420
        0
370
    25
100
AcDbVertex
100
AcDb2dVertex
 10
23.92073678072086
 20
0.6924501569179498
 30
0.0
  0
VERTEX
  5
3CA
330
3C8
100
AcDbEntity
  8
0
  6
Continuous
 62
    18
420
        0
370
    25
100
AcDbVertex
100
AcDb2dVertex
 10
24.52073678072085
 20
0.6924501569179498
 30
0.0
  0
VERTEX
  5
3CB
330
3C8
100
AcDbEntity
  8
0
  6
Continuous
 62
    18
420
        0
370
    25
100
AcDbVertex
100
AcDb2dVertex
 10
24.52073678072085
 20
1.292450156917958
 30
0.0
  0
VERTEX
  5
3CC
330
3C8
100
AcDbEntity
  8
0
  6
Continuous
 62
    18
420
        0
370
    25
100
AcDbVertex
100
AcDb2dVertex
 10
23.92073678072086
 20
1.292450156917958
 30
0.0
  0
SEQEND
  5
3CD
330
3C8
100
AcDbEntity
  8
0
  6
Continuous
 62
    18
420
        0
370
    25
  0
POLYLINE
  5
3CE
330
1F
100
AcDbEntity
  8
0
  6
Continuous
 62
    18
420
        0
370
    25
100
AcDb2dPolyline
 66
     1
 10
0.0
 20
0.0
 30
0.0
 70
     1
  0
VERTEX
  5
3CF
330
3CE
100
AcDbEntity
  8
0
  6
Continuous
 62
    18
420
        0
370
    25
100
AcDbVertex
100
AcDb2dVertex
 10
21.38787551731332
 20
1.07345015691795
 30
0.0
  0
VERTEX
  5
3D0
330
3CE
100
AcDbEntity
  8
0
  6
Continuous
 62
    18
420
        0
370
    25
100
AcDbVertex
100
AcDb2dVertex
 10
21.98787551731331
 20
1.07345015691795
 30
0.0
  0
VERTEX
  5
3D1
330
3CE
100
AcDbEntity
  8
0
  6
Continuous
 62
    18
420
        0
370
    25
100
AcDbVertex
100
AcDb2dVertex
 10
21.98787551731331
 20
1.673450156917951
 30
0.0
  0
VERTEX
  5
3D2
330
3CE
100
AcDbEntity
  8
0
  6
Continuous
 62
    18
420
        0
370
    25
100
AcDbVertex
100
AcDb2dVertex
 10
21.38787551731332
 20
1.673450156917951
 30
0.0
  0
SEQEND
  5
3D3
330
3CE
100
AcDbEntity
  8
0
  6
Continuous
 62
    18
420
        0
370
    25
  0
POLYLINE
  5
3D4
330
1F
100
AcDbEntity
  8
0
  6
Continuous
 62
    18
420
        0
370
    25
100
AcDb2dPolyline
 66
     1
 10
0.0
 20
0.0
 30
0.0
 70
     1
  0
VERTEX
  5
3D5
330
3D4
100
AcDbEntity
  8
0
  6
Continuous
 62
    18
420
        0
370
    25
100
AcDbVertex
100
AcDb2dVertex
 10
58.875
 20
3.721749999999986
 30
0.0
  0
VERTEX
  5
3D6
330
3D4
100
AcDbEntity
  8
0
  6
Continuous
 62
    18
420
        0
370
    25
100
AcDbVertex
100
AcDb2dVertex
 10
59.06250000000001
 20
3.721749999999986
 30
0.0
  0
VERTEX
  5
3D7
330
3D4
100
AcDbEntity
  8
0
  6
Continuous
 62
    18
420
        0
370
    25
100
AcDbVertex
100
AcDb2dVertex
 10
59.06250000000001
 20
3.909249999999993
 30
0.0
  0
VERTEX
  5
3D8
330
3D4
100
AcDbEntity
  8
0
  6
Continuous
 62
    18
420
        0
370
    25
100
AcDbVertex
100
AcDb2dVertex
 10
58.875
 20
3.909249999999993
 30
0.0
  0
SEQEND
  5
3D9
330
3D4
100
AcDbEntity
  8
0
  6
Continuous
 62
    18
420
        0
370
    25
  0
POLYLINE
  5
3DA
330
1F
100
AcDbEntity
  8
0
  6
Continuous
 62
    18
420
        0
370
    25
100
AcDb2dPolyline
 66
     1
 10
0.0
 20
0.0
 30
0.0
 70
     1
  0
VERTEX
  5
3DB
330
3DA
100
AcDbEntity
  8
0
  6
Continuous
 62
    18
420
        0
370
    25
100
AcDbVertex
100
AcDb2dVertex
 10
62.49450000000003
 20
7.468249999999991
 30
0.0
  0
VERTEX
  5
3DC
330
3DA
100
AcDbEntity
  8
0
  6
Continuous
 62
    18
420
        0
370
    25
100
AcDbVertex
100
AcDb2dVertex
 10
62.68200000000003
 20
7.468249999999991
 30
0.0
  0
VERTEX
  5
3DD
330
3DA
100
AcDbEntity
  8
0
  6
Continuous
 62
    18
420
        0
370
    25
100
AcDbVertex
100
AcDb2dVertex
 10
62.68200000000003
 20
7.655749999999991
 30
0.0
  0
VERTEX
  5
3DE
330
3DA
100
AcDbEntity
  8
0
  6
Continuous
 62
    18
420
        0
370
    25
100
AcDbVertex
100
AcDb2dVertex
 10
62.49450000000003
 20
7.655749999999991
 30
0.0
  0
SEQEND
  5
3DF
330
3DA
100
AcDbEntity
  8
0
  6
Continuous
 62
    18
420
        0
370
    25
  0
POLYLINE
  5
3E0
330
1F
100
AcDbEntity
  8
0
  6
Continuous
 62
    18
420
        0
370
    25
100
AcDb2dPolyline
 66
     1
 10
0.0
 20
0.0
 30
0.0
 70
     1
  0
VERTEX
  5
3E1
330
3E0
100
AcDbEntity
  8
0
  6
Continuous
 62
    18
420
        0
370
    25
100
AcDbVertex
100
AcDb2dVertex
 10
66.3256666666667
 20
7.468249999999991
 30
0.0
  0
VERTEX
  5
3E2
330
3E0
100
AcDbEntity
  8
0
  6
Continuous
 62
    18
420
        0
370
    25
100
AcDbVertex
100
AcDb2dVertex
 10
66.5131666666667
 20
7.468249999999991
 30
0.0
  0
VERTEX
  5
3E3
330
3E0
100
AcDbEntity
  8
0
  6
Continuous
 62
    18
420
        0
370
    25
100
AcDbVertex
100
AcDb2dVertex
 10
66.5131666666667
 20
7.655749999999991
 30
0.0
  0
VERTEX
  5
3E4
330
3E0
100
AcDbEntity
  8
0
  6
Continuous
 62
    18
420
        0
370
    25
100
AcDbVertex
100
AcDb2dVertex
 10
66.3256666666667
 20
7.655749999999991
 30
0.0
  0
SEQEND
  5
3E5
330
3E0
100
AcDbEntity
  8
0
  6
Continuous
 62
    18
420
        0
370
    25
  0
POLYLINE
  5
3E6
330
1F
100
AcDbEntity
  8
0
  6
Continuous
 62
    18
420
        0
370
    25
100
AcDb2dPolyline
 66
     1
 10
0.0
 20
0.0
 30
0.0
 70
     1
  0
VERTEX
  5
3E7
330
3E6
100
AcDbEntity
  8
0
  6
Continuous
 62
    18
420
        0
370
    25
100
AcDbVertex
100
AcDb2dVertex
 10
66.3256666666667
 20
3.721749999999986
 30
0.0
  0
VERTEX
  5
3E8
330
3E6
100
AcDbEntity
  8
0
  6
Continuous
 62
    18
420
        0
370
    25
100
AcDbVertex
100
AcDb2dVertex
 10
66.5131666666667
 20
3.721749999999986
 30
0.0
  0
VERTEX
  5
3E9
330
3E6
100
AcDbEntity
  8
0
  6
Continuous
 62
    18
420
        0
370
    25
100
AcDbVertex
100
AcDb2dVertex
 10
66.5131666666667
 20
3.909249999999993
 30
0.0
  0
VERTEX
  5
3EA
330
3E6
100
AcDbEntity
  8
0
  6
Continuous
 62
    18
420
        0
370
    25
100
AcDbVertex
100
AcDb2dVertex
 10
66.3256666666667
 20
3.909249999999993
 30
0.0
  0
SEQEND
  5
3EB
330
3E6
100
AcDbEntity
  8
0
  6
Continuous
 62
    18
420
        0
370
    25
  0
POLYLINE
  5
3EC
330
1F
100
AcDbEntity
  8
0
  6
Continuous
 62
    18
420
        0
370
    25
100
AcDb2dPolyline
 66
     1
 10
0.0
 20
0.0
 30
0.0
 70
     1
  0
VERTEX
  5
3ED
330
3EC
100
AcDbEntity
  8
0
  6
Continuous
 62
    18
420
        0
370
    25
100
AcDbVertex
100
AcDb2dVertex
 10
66.3256666666667
 20
0.3774166666666545
 30
0.0
  0
VERTEX
  5
3EE
330
3EC
100
AcDbEntity
  8
0
  6
Continuous
 62
    18
420
        0
370
    25
100
AcDbVertex
100
AcDb2dVertex
 10
66.5131666666667
 20
0.3774166666666545
 30
0.0
  0
VERTEX
  5
3EF
330
3EC
100
AcDbEntity
  8
0
  6
Continuous
 62
    18
420
        0
370
    25
100
AcDbVertex
100
AcDb2dVertex
 10
66.5131666666667
 20
0.5649166666666616
 30
0.0
  0
VERTEX
  5
3F0
330
3EC
100
AcDbEntity
  8
0
  6
Continuous
 62
    18
420
        0
370
    25
100
AcDbVertex
100
AcDb2dVertex
 10
66.3256666666667
 20
0.5649166666666616
 30
0.0
  0
SEQEND
  5
3F1
330
3EC
100
AcDbEntity
  8
0
  6
Continuous
 62
    18
420
        0
370
    25
  0
POLYLINE
  5
3F2
330
1F
100
AcDbEntity
  8
0
  6
Continuous
 62
    18
420
        0
370
    25
100
AcDb2dPolyline
 66
     1
 10
0.0
 20
0.0
 30
0.0
 70
     1
  0
VERTEX
  5
3F3
330
3F2
100
AcDbEntity
  8
0
  6
Continuous
 62
    18
420
        0
370
    25
100
AcDbVertex
100
AcDb2dVertex
 10
58.87500000000002
 20
0.3774166666666545
 30
0.0
  0
VERTEX
  5
3F4
330
3F2
100
AcDbEntity
  8
0
  6
Continuous
 62
    18
420
        0
370
    25
100
AcDbVertex
100
AcDb2dVertex
 10
59.06250000000002
 20
0.3774166666666545
 30
0.0
  0
VERTEX
  5
3F5
330
3F2
100
AcDbEntity
  8
0
  6
Continuous
 62
    18
420
        0
370
    25
100
AcDbVertex
100
AcDb2dVertex
 10
59.06250000000002
 20
0.5649166666666616
 30
0.0
  0
VERTEX
  5
3F6
330
3F2
100
AcDbEntity
  8
0
  6
Continuous
 62
    18
420
        0
370
    25
100
AcDbVertex
100
AcDb2dVertex
 10
58.87500000000002
 20
0.5649166666666616
 30
0.0
  0
SEQEND
  5
3F7
330
3F2
100
AcDbEntity
  8
0
  6
Continuous
 62
    18
420
        0
370
    25
  0
POLYLINE
  5
3F8
330
1F
100
AcDbEntity
  8
0
  6
Continuous
 62
    18
420
        0
370
    25
100
AcDb2dPolyline
 66
     1
 10
0.0
 20
0.0
 30
0.0
 70
     1
  0
VERTEX
  5
3F9
330
3F8
100
AcDbEntity
  8
0
  6
Continuous
 62
    18
420
        0
370
    25
100
AcDbVertex
100
AcDb2dVertex
 10
62.62500000000001
 20
0.3774166666666545
 30
0.0
  0
VERTEX
  5
3FA
330
3F8
100
AcDbEntity
  8
0
  6
Continuous
 62
    18
420
        0
370
    25
100
AcDbVertex
100
AcDb2dVertex
 10
62.81250000000001
 20
0.3774166666666545
 30
0.0
  0
VERTEX
  5
3FB
330
3F8
100
AcDbEntity
  8
0
  6
Continuous
 62
    18
420
        0
370
    25
100
AcDbVertex
100
AcDb2dVertex
 10
62.81250000000001
 20
0.5649166666666616
 30
0.0
  0
VERTEX
  5
3FC
330
3F8
100
AcDbEntity
  8
0
  6
Continuous
 62
    18
420
        0
370
    25
100
AcDbVertex
100
AcDb2dVertex
 10
62.62500000000001
 20
0.5649166666666616
 30
0.0
  0
SEQEND
  5
3FD
330
3F8
100
AcDbEntity
  8
0
  6
Continuous
 62
    18
420
        0
370
    25
  0
POLYLINE
  5
3FE
330
1F
100
AcDbEntity
  8
0
  6
Continuous
 62
    18
420
        0
370
    25
100
AcDb2dPolyline
 66
     1
 10
0.0
 20
0.0
 30
0.0
 70
     1
  0
VERTEX
  5
3FF
330
3FE
100
AcDbEntity
  8
0
  6
Continuous
 62
    18
420
        0
370
    25
100
AcDbVertex
100
AcDb2dVertex
 10
62.62500000000001
 20
3.752416666666662
 30
0.0
  0
VERTEX
  5
400
330
3FE
100
AcDbEntity
  8
0
  6
Continuous
 62
    18
420
        0
370
    25
100
AcDbVertex
100
AcDb2dVertex
 10
62.81250000000001
 20
3.752416666666662
 30
0.0
  0
VERTEX
  5
401
330
3FE
100
AcDbEntity
  8
0
  6
Continuous
 62
    18
420
        0
370
    25
100
AcDbVertex
100
AcDb2dVertex
 10
62.81250000000001
 20
3.939916666666669
 30
0.0
  0
VERTEX
  5
402
330
3FE
100
AcDbEntity
  8
0
  6
Continuous
 62
    18
420
        0
370
    25
100
AcDbVertex
100
AcDb2dVertex
 10
62.62500000000001
 20
3.939916666666669
 30
0.0
  0
SEQEND
  5
403
330
3FE
100
AcDbEntity
  8
0
  6
Continuous
 62
    18
420
        0
370
    25
  0
POLYLINE
  5
404
330
1F
100
AcDbEntity
  8
0
  6
Continuous
 62
    18
420
        0
370
    25
100
AcDb2dPolyline
 66
     1
 10
0.0
 20
0.0
 30
0.0
 70
     1
  0
VERTEX
  5
405
330
404
100
AcDbEntity
  8
0
  6
Continuous
 62
    18
420
        0
370
    25
100
AcDbVertex
100
AcDb2dVertex
 10
59.79812499999999
 20
6.752416666666662
 30
0.0
  0
VERTEX
  5
406
330
404
100
AcDbEntity
  8
0
  6
Continuous
 62
    18
420
        0
370
    25
100
AcDbVertex
100
AcDb2dVertex
 10
59.98562499999999
 20
6.752416666666662
 30
0.0
  0
VERTEX
  5
407
330
404
100
AcDbEntity
  8
0
  6
Continuous
 62
    18
420
        0
370
    25
100
AcDbVertex
100
AcDb2dVertex
 10
59.98562499999999
 20
6.939916666666669
 30
0.0
  0
VERTEX
  5
408
330
404
100
AcDbEntity
  8
0
  6
Continuous
 62
    18
420
        0
370
    25
100
AcDbVertex
100
AcDb2dVertex
 10
59.79812499999999
 20
6.939916666666669
 30
0.0
  0
SEQEND
  5
409
330
404
100
AcDbEntity
  8
0
  6
Continuous
 62
    18
420
        0
370
    25
  0
POLYLINE
  5
40A
330
1F
100
AcDbEntity
  8
0
  6
Continuous
 62
    18
420
        0
370
    25
100
AcDb2dPolyline
 66
     1
 10
0.0
 20
0.0
 30
0.0
 70
     1
  0
VERTEX
  5
40B
330
40A
100
AcDbEntity
  8
0
  6
Continuous
 62
    18
420
        0
370
    25
100
AcDbVertex
100
AcDb2dVertex
 10
55.26845833333333
 20
21.33625
 30
0.0
  0
VERTEX
  5
40C
330
40A
100
AcDbEntity
  8
0
  6
Continuous
 62
    18
420
        0
370
    25
100
AcDbVertex
100
AcDb2dVertex
 10
55.45595833333333
 20
21.33625
 30
0.0
  0
VERTEX
  5
40D
330
40A
100
AcDbEntity
  8
0
  6
Continuous
 62
    18
420
        0
370
    25
100
AcDbVertex
100
AcDb2dVertex
 10
55.45595833333333
 20
21.52375
 30
0.0
  0
VERTEX
  5
40E
330
40A
100
AcDbEntity
  8
0
  6
Continuous
 62
    18
420
        0
370
    25
100
AcDbVertex
100
AcDb2dVertex
 10
55.26845833333333
 20
21.52375
 30
0.0
  0
SEQEND
  5
40F
330
40A
100
AcDbEntity
  8
0
  6
Continuous
 62
    18
420
        0
370
    25
  0
POLYLINE
  5
410
330
1F
100
AcDbEntity
  8
0
  6
Continuous
 62
    18
420
        0
370
    25
100
AcDb2dPolyline
 66
     1
 10
0.0
 20
0.0
 30
0.0
 70
     1
  0
VERTEX
  5
411
330
410
100
AcDbEntity
  8
0
  6
Continuous
 62
    18
420
        0
370
    25
100
AcDbVertex
100
AcDb2dVertex
 10
57.74495833333332
 20
21.33625
 30
0.0
  0
VERTEX
  5
412
330
410
100
AcDbEntity
  8
0
  6
Continuous
 62
    18
420
        0
370
    25
100
AcDbVertex
100
AcDb2dVertex
 10
57.93245833333333
 20
21.33625
 30
0.0
  0
VERTEX
  5
413
330
410
100
AcDbEntity
  8
0
  6
Continuous
 62
    18
420
        0
370
    25
100
AcDbVertex
100
AcDb2dVertex
 10
57.93245833333333
 20
21.52375
 30
0.0
  0
VERTEX
  5
414
330
410
100
AcDbEntity
  8
0
  6
Continuous
 62
    18
420
        0
370
    25
100
AcDbVertex
100
AcDb2dVertex
 10
57.74495833333332
 20
21.52375
 30
0.0
  0
SEQEND
  5
415
330
410
100
AcDbEntity
  8
0
  6
Continuous
 62
    18
420
        0
370
    25
  0
POLYLINE
  5
416
330
1F
100
AcDbEntity
  8
0
  6
Continuous
 62
    18
420
        0
370
    25
100
AcDb2dPolyline
 66
     1
 10
0.0
 20
0.0
 30
0.0
 70
     1
  0
VERTEX
  5
417
330
416
100
AcDbEntity
  8
0
  6
Continuous
 62
    18
420
        0
370
    25
100
AcDbVertex
100
AcDb2dVertex
 10
56.36912499999999
 20
6.752416666666662
 30
0.0
  0
VERTEX
  5
418
330
416
100
AcDbEntity
  8
0
  6
Continuous
 62
    18
420
        0
370
    25
100
AcDbVertex
100
AcDb2dVertex
 10
56.55662499999999
 20
6.752416666666662
 30
0.0
  0
VERTEX
  5
419
330
416
100
AcDbEntity
  8
0
  6
Continuous
 62
    18
420
        0
370
    25
100
AcDbVertex
100
AcDb2dVertex
 10
56.55662499999999
 20
6.939916666666669
 30
0.0
  0
VERTEX
  5
41A
330
416
100
AcDbEntity
  8
0
  6
Continuous
 62
    18
420
        0
370
    25
100
AcDbVertex
100
AcDb2dVertex
 10
56.36912499999999
 20
6.939916666666669
 30
0.0
  0
SEQEND
  5
41B
330
416
100
AcDbEntity
  8
0
  6
Continuous
 62
    18
420
        0
370
    25
  0
POLYLINE
  5
41C
330
1F
100
AcDbEntity
  8
0
  6
Continuous
 62
    18
420
        0
370
    25
100
AcDb2dPolyline
 66
     1
 10
0.0
 20
0.0
 30
0.0
 70
     1
  0
VERTEX
  5
41D
330
41C
100
AcDbEntity
  8
0
  6
Continuous
 62
    18
420
        0
370
    25
100
AcDbVertex
100
AcDb2dVertex
 10
53.765625
 20
6.752416666666655
 30
0.0
  0
VERTEX
  5
41E
330
41C
100
AcDbEntity
  8
0
  6
Continuous
 62
    18
420
        0
370
    25
100
AcDbVertex
100
AcDb2dVertex
 10
53.953125
 20
6.752416666666655
 30
0.0
  0
VERTEX
  5
41F
330
41C
100
AcDbEntity
  8
0
  6
Continuous
 62
    18
420
        0
370
    25
100
AcDbVertex
100
AcDb2dVertex
 10
53.953125
 20
6.939916666666662
 30
0.0
  0
VERTEX
  5
420
330
41C
100
AcDbEntity
  8
0
  6
Continuous
 62
    18
420
        0
370
    25
100
AcDbVertex
100
AcDb2dVertex
 10
53.765625
 20
6.939916666666662
 30
0.0
  0
SEQEND
  5
421
330
41C
100
AcDbEntity
  8
0
  6
Continuous
 62
    18
420
        0
370
    25
  0
POLYLINE
  5
422
330
1F
100
AcDbEntity
  8
0
  6
Continuous
 62
    18
420
        0
370
    25
100
AcDb2dPolyline
 66
     1
 10
0.0
 20
0.0
 30
0.0
 70
     1
  0
VERTEX
  5
423
330
422
100
AcDbEntity
  8
0
  6
Continuous
 62
    18
420
        0
370
    25
100
AcDbVertex
100
AcDb2dVertex
 10
13.59902083333334
 20
0.6297312576776548
 30
0.0
  0
VERTEX
  5
424
330
422
100
AcDbEntity
  8
0
  6
Continuous
 62
    18
420
        0
370
    25
100
AcDbVertex
100
AcDb2dVertex
 10
13.78652083333334
 20
0.6297312576776548
 30
0.0
  0
VERTEX
  5
425
330
422
100
AcDbEntity
  8
0
  6
Continuous
 62
    18
420
        0
370
    25
100
AcDbVertex
100
AcDb2dVertex
 10
13.78652083333334
 20
0.8172312576776619
 30
0.0
  0
VERTEX
  5
426
330
422
100
AcDbEntity
  8
0
  6
Continuous
 62
    18
420
        0
370
    25
100
AcDbVertex
100
AcDb2dVertex
 10
13.59902083333334
 20
0.8172312576776619
 30
0.0
  0
SEQEND
  5
427
330
422
100
AcDbEntity
  8
0
  6
Continuous
 62
    18
420
        0
370
    25
  0
POLYLINE
  5
428
330
1F
100
AcDbEntity
  8
0
  6
Continuous
 62
    18
420
        0
370
    25
100
AcDb2dPolyline
 66
     1
 10
0.0
 20
0.0
 30
0.0
 70
     1
  0
VERTEX
  5
429
330
428
100
AcDbEntity
  8
0
  6
Continuous
 62
    18
420
        0
370
    25
100
AcDbVertex
100
AcDb2dVertex
 10
11.58014583333332
 20
0.6297312576776548
 30
0.0
  0
VERTEX
  5
42A
330
428
100
AcDbEntity
  8
0
  6
Continuous
 62
    18
420
        0
370
    25
100
AcDbVertex
100
AcDb2dVertex
 10
11.76764583333332
 20
0.6297312576776548
 30
0.0
  0
VERTEX
  5
42B
330
428
100
AcDbEntity
  8
0
  6
Continuous
 62
    18
420
        0
370
    25
100
AcDbVertex
100
AcDb2dVertex
 10
11.76764583333332
 20
0.8172312576776619
 30
0.0
  0
VERTEX
  5
42C
330
428
100
AcDbEntity
  8
0
  6
Continuous
 62
    18
420
        0
370
    25
100
AcDbVertex
100
AcDb2dVertex
 10
11.58014583333332
 20
0.8172312576776619
 30
0.0
  0
SEQEND
  5
42D
330
428
100
AcDbEntity
  8
0
  6
Continuous
 62
    18
420
        0
370
    25
  0
POLYLINE
  5
42E
330
1F
100
AcDbEntity
  8
0
  6
Continuous
 62
    18
420
        0
370
    25
100
AcDb2dPolyline
 66
     1
 10
0.0
 20
0.0
 30
0.0
 70
     1
  0
VERTEX
  5
42F
330
42E
100
AcDbEntity
  8
0
  6
Continuous
 62
    18
420
        0
370
    25
100
AcDbVertex
100
AcDb2dVertex
 10
9.632812499999984
 20
0.6297312576776548
 30
0.0
  0
VERTEX
  5
430
330
42E
100
AcDbEntity
  8
0
  6
Continuous
 62
    18
420
        0
370
    25
100
AcDbVertex
100
AcDb2dVertex
 10
9.82031249999999
 20
0.6297312576776548
 30
0.0
  0
VERTEX
  5
431
330
42E
100
AcDbEntity
  8
0
  6
Continuous
 62
    18
420
        0
370
    25
100
AcDbVertex
100
AcDb2dVertex
 10
9.82031249999999
 20
0.8172312576776619
 30
0.0
  0
VERTEX
  5
432
330
42E
100
AcDbEntity
  8
0
  6
Continuous
 62
    18
420
        0
370
    25
100
AcDbVertex
100
AcDb2dVertex
 10
9.632812499999984
 20
0.8172312576776619
 30
0.0
  0
SEQEND
  5
433
330
42E
100
AcDbEntity
  8
0
  6
Continuous
 62
    18
420
        0
370
    25
  0
POLYLINE
  5
434
330
1F
100
AcDbEntity
  8
0
  6
Continuous
 62
    18
420
        0
370
    25
100
AcDb2dPolyline
 66
     1
 10
0.0
 20
0.0
 30
0.0
 70
     1
  0
VERTEX
  5
435
330
434
100
AcDbEntity
  8
0
  6
Continuous
 62
    18
420
        0
370
    25
100
AcDbVertex
100
AcDb2dVertex
 10
13.59902083333334
 20
5.074731257677655
 30
0.0
  0
VERTEX
  5
436
330
434
100
AcDbEntity
  8
0
  6
Continuous
 62
    18
420
        0
370
    25
100
AcDbVertex
100
AcDb2dVertex
 10
13.78652083333334
 20
5.074731257677655
 30
0.0
  0
VERTEX
  5
437
330
434
100
AcDbEntity
  8
0
  6
Continuous
 62
    18
420
        0
370
    25
100
AcDbVertex
100
AcDb2dVertex
 10
13.78652083333334
 20
5.262231257677655
 30
0.0
  0
VERTEX
  5
438
330
434
100
AcDbEntity
  8
0
  6
Continuous
 62
    18
420
        0
370
    25
100
AcDbVertex
100
AcDb2dVertex
 10
13.59902083333334
 20
5.262231257677655
 30
0.0
  0
SEQEND
  5
439
330
434
100
AcDbEntity
  8
0
  6
Continuous
 62
    18
420
        0
370
    25
  0
POLYLINE
  5
43A
330
1F
100
AcDbEntity
  8
0
  6
Continuous
 62
    18
420
        0
370
    25
100
AcDb2dPolyline
 66
     1
 10
0.0
 20
0.0
 30
0.0
 70
     1
  0
VERTEX
  5
43B
330
43A
100
AcDbEntity
  8
0
  6
Continuous
 62
    18
420
        0
370
    25
100
AcDbVertex
100
AcDb2dVertex
 10
11.58014583333332
 20
5.074731257677655
 30
0.0
  0
VERTEX
  5
43C
330
43A
100
AcDbEntity
  8
0
  6
Continuous
 62
    18
420
        0
370
    25
100
AcDbVertex
100
AcDb2dVertex
 10
11.76764583333332
 20
5.074731257677655
 30
0.0
  0
VERTEX
  5
43D
330
43A
100
AcDbEntity
  8
0
  6
Continuous
 62
    18
420
        0
370
    25
100
AcDbVertex
100
AcDb2dVertex
 10
11.76764583333332
 20
5.262231257677655
 30
0.0
  0
VERTEX
  5
43E
330
43A
100
AcDbEntity
  8
0
  6
Continuous
 62
    18
420
        0
370
    25
100
AcDbVertex
100
AcDb2dVertex
 10
11.58014583333332
 20
5.262231257677655
 30
0.0
  0
SEQEND
  5
43F
330
43A
100
AcDbEntity
  8
0
  6
Continuous
 62
    18
420
        0
370
    25
  0
POLYLINE
  5
440
330
1F
100
AcDbEntity
  8
0
  6
Continuous
 62
    18
420
        0
370
    25
100
AcDb2dPolyline
 66
     1
 10
0.0
 20
0.0
 30
0.0
 70
     1
  0
VERTEX
  5
441
330
440
100
AcDbEntity
  8
0
  6
Continuous
 62
    18
420
        0
370
    25
100
AcDbVertex
100
AcDb2dVertex
 10
9.632812499999984
 20
5.074731257677655
 30
0.0
  0
VERTEX
  5
442
330
440
100
AcDbEntity
  8
0
  6
Continuous
 62
    18
420
        0
370
    25
100
AcDbVertex
100
AcDb2dVertex
 10
9.82031249999999
 20
5.074731257677655
 30
0.0
  0
VERTEX
  5
443
330
440
100
AcDbEntity
  8
0
  6
Continuous
 62
    18
420
        0
370
    25
100
AcDbVertex
100
AcDb2dVertex
 10
9.82031249999999
 20
5.262231257677655
 30
0.0
  0
VERTEX
  5
444
330
440
100
AcDbEntity
  8
0
  6
Continuous
 62
    18
420
        0
370
    25
100
AcDbVertex
100
AcDb2dVertex
 10
9.632812499999984
 20
5.262231257677655
 30
0.0
  0
SEQEND
  5
445
330
440
100
AcDbEntity
  8
0
  6
Continuous
 62
    18
420
        0
370
    25
  0
POLYLINE
  5
446
330
1F
100
AcDbEntity
  8
0
  6
Continuous
 62
    18
420
        0
370
    25
100
AcDb2dPolyline
 66
     1
 10
0.0
 20
0.0
 30
0.0
 70
     1
  0
VERTEX
  5
447
330
446
100
AcDbEntity
  8
0
  6
Continuous
 62
    18
420
        0
370
    25
100
AcDbVertex
100
AcDb2dVertex
 10
13.59902083333336
 20
2.898852075655654
 30
0.0
  0
VERTEX
  5
448
330
446
100
AcDbEntity
  8
0
  6
Continuous
 62
    18
420
        0
370
    25
100
AcDbVertex
100
AcDb2dVertex
 10
13.78652083333336
 20
2.898852075655654
 30
0.0
  0
VERTEX
  5
449
330
446
100
AcDbEntity
  8
0
  6
Continuous
 62
    18
420
        0
370
    25
100
AcDbVertex
100
AcDb2dVertex
 10
13.78652083333336
 20
3.086352075655661
 30
0.0
  0
VERTEX
  5
44A
330
446
100
AcDbEntity
  8
0
  6
Continuous
 62
    18
420
        0
370
    25
100
AcDbVertex
100
AcDb2dVertex
 10
13.59902083333336
 20
3.086352075655661
 30
0.0
  0
SEQEND
  5
44B
330
446
100
AcDbEntity
  8
0
  6
Continuous
 62
    18
420
        0
370
    25
  0
POLYLINE
  5
44C
330
1F
100
AcDbEntity
  8
0
  6
Continuous
 62
    18
420
        0
370
    25
100
AcDb2dPolyline
 66
     1
 10
0.0
 20
0.0
 30
0.0
 70
     1
  0
VERTEX
  5
44D
330
44C
100
AcDbEntity
  8
0
  6
Continuous
 62
    18
420
        0
370
    25
100
AcDbVertex
100
AcDb2dVertex
 10
9.632812499999973
 20
2.805102075655661
 30
0.0
  0
VERTEX
  5
44E
330
44C
100
AcDbEntity
  8
0
  6
Continuous
 62
    18
420
        0
370
    25
100
AcDbVertex
100
AcDb2dVertex
 10
9.820312499999979
 20
2.805102075655661
 30
0.0
  0
VERTEX
  5
44F
330
44C
100
AcDbEntity
  8
0
  6
Continuous
 62
    18
420
        0
370
    25
100
AcDbVertex
100
AcDb2dVertex
 10
9.820312499999979
 20
2.992602075655668
 30
0.0
  0
VERTEX
  5
450
330
44C
100
AcDbEntity
  8
0
  6
Continuous
 62
    18
420
        0
370
    25
100
AcDbVertex
100
AcDb2dVertex
 10
9.632812499999973
 20
2.992602075655668
 30
0.0
  0
SEQEND
  5
451
330
44C
100
AcDbEntity
  8
0
  6
Continuous
 62
    18
420
        0
370
    25
  0
POLYLINE
  5
452
330
1F
100
AcDbEntity
  8
0
  6
Continuous
 62
    18
420
        0
370
    25
100
AcDb2dPolyline
 66
     1
 10
0.0
 20
0.0
 30
0.0
 70
     1
  0
VERTEX
  5
453
330
452
100
AcDbEntity
  8
0
  6
Continuous
 62
    18
420
        0
370
    25
100
AcDbVertex
100
AcDb2dVertex
 10
57.56250000000001
 20
4.97116666666664
 30
0.0
  0
VERTEX
  5
454
330
452
100
AcDbEntity
  8
0
  6
Continuous
 62
    18
420
        0
370
    25
100
AcDbVertex
100
AcDb2dVertex
 10
57.75000000000002
 20
4.97116666666664
 30
0.0
  0
VERTEX
  5
455
330
452
100
AcDbEntity
  8
0
  6
Continuous
 62
    18
420
        0
370
    25
100
AcDbVertex
100
AcDb2dVertex
 10
57.75000000000002
 20
5.158666666666647
 30
0.0
  0
VERTEX
  5
456
330
452
100
AcDbEntity
  8
0
  6
Continuous
 62
    18
420
        0
370
    25
100
AcDbVertex
100
AcDb2dVertex
 10
57.56250000000001
 20
5.158666666666647
 30
0.0
  0
SEQEND
  5
457
330
452
100
AcDbEntity
  8
0
  6
Continuous
 62
    18
420
        0
370
    25
  0
POLYLINE
  5
458
330
1F
100
AcDbEntity
  8
0
  6
Continuous
 62
    18
420
        0
370
    25
100
AcDb2dPolyline
 66
     1
 10
0.0
 20
0.0
 30
0.0
 70
     1
  0
VERTEX
  5
459
330
458
100
AcDbEntity
  8
0
  6
Continuous
 62
    18
420
        0
370
    25
100
AcDbVertex
100
AcDb2dVertex
 10
55.64945833333333
 20
4.97116666666664
 30
0.0
  0
VERTEX
  5
45A
330
458
100
AcDbEntity
  8
0
  6
Continuous
 62
    18
420
        0
370
    25
100
AcDbVertex
100
AcDb2dVertex
 10
55.83695833333333
 20
4.97116666666664
 30
0.0
  0
VERTEX
  5
45B
330
458
100
AcDbEntity
  8
0
  6
Continuous
 62
    18
420
        0
370
    25
100
AcDbVertex
100
AcDb2dVertex
 10
55.83695833333333
 20
5.158666666666647
 30
0.0
  0
VERTEX
  5
45C
330
458
100
AcDbEntity
  8
0
  6
Continuous
 62
    18
420
        0
370
    25
100
AcDbVertex
100
AcDb2dVertex
 10
55.64945833333333
 20
5.158666666666647
 30
0.0
  0
SEQEND
  5
45D
330
458
100
AcDbEntity
  8
0
  6
Continuous
 62
    18
420
        0
370
    25
  0
POLYLINE
  5
45E
330
1F
100
AcDbEntity
  8
0
  6
Continuous
 62
    18
420
        0
370
    25
100
AcDb2dPolyline
 66
     1
 10
0.0
 20
0.0
 30
0.0
 70
     1
  0
VERTEX
  5
45F
330
45E
100
AcDbEntity
  8
0
  6
Continuous
 62
    18
420
        0
370
    25
100
AcDbVertex
100
AcDb2dVertex
 10
53.765625
 20
4.97116666666664
 30
0.0
  0
VERTEX
  5
460
330
45E
100
AcDbEntity
  8
0
  6
Continuous
 62
    18
420
        0
370
    25
100
AcDbVertex
100
AcDb2dVertex
 10
53.953125
 20
4.97116666666664
 30
0.0
  0
VERTEX
  5
461
330
45E
100
AcDbEntity
  8
0
  6
Continuous
 62
    18
420
        0
370
    25
100
AcDbVertex
100
AcDb2dVertex
 10
53.953125
 20
5.158666666666647
 30
0.0
  0
VERTEX
  5
462
330
45E
100
AcDbEntity
  8
0
  6
Continuous
 62
    18
420
        0
370
    25
100
AcDbVertex
100
AcDb2dVertex
 10
53.765625
 20
5.158666666666647
 30
0.0
  0
SEQEND
  5
463
330
45E
100
AcDbEntity
  8
0
  6
Continuous
 62
    18
420
        0
370
    25
  0
POLYLINE
  5
464
330
1F
100
AcDbEntity
  8
0
  6
Continuous
 62
    18
420
        0
370
    25
100
AcDb2dPolyline
 66
     1
 10
0.0
 20
0.0
 30
0.0
 70
     1
  0
VERTEX
  5
465
330
464
100
AcDbEntity
  8
0
  6
Continuous
 62
    18
420
        0
370
    25
100
AcDbVertex
100
AcDb2dVertex
 10
57.56250000000003
 20
2.795287484644646
 30
0.0
  0
VERTEX
  5
466
330
464
100
AcDbEntity
  8
0
  6
Continuous
 62
    18
420
        0
370
    25
100
AcDbVertex
100
AcDb2dVertex
 10
57.75000000000003
 20
2.795287484644646
 30
0.0
  0
VERTEX
  5
467
330
464
100
AcDbEntity
  8
0
  6
Continuous
 62
    18
420
        0
370
    25
100
AcDbVertex
100
AcDb2dVertex
 10
57.75000000000003
 20
2.982787484644653
 30
0.0
  0
VERTEX
  5
468
330
464
100
AcDbEntity
  8
0
  6
Continuous
 62
    18
420
        0
370
    25
100
AcDbVertex
100
AcDb2dVertex
 10
57.56250000000003
 20
2.982787484644653
 30
0.0
  0
SEQEND
  5
469
330
464
100
AcDbEntity
  8
0
  6
Continuous
 62
    18
420
        0
370
    25
  0
POLYLINE
  5
46A
330
1F
100
AcDbEntity
  8
0
  6
Continuous
 62
    18
420
        0
370
    25
100
AcDb2dPolyline
 66
     1
 10
0.0
 20
0.0
 30
0.0
 70
     1
  0
VERTEX
  5
46B
330
46A
100
AcDbEntity
  8
0
  6
Continuous
 62
    18
420
        0
370
    25
100
AcDbVertex
100
AcDb2dVertex
 10
53.76562499999999
 20
2.701537484644646
 30
0.0
  0
VERTEX
  5
46C
330
46A
100
AcDbEntity
  8
0
  6
Continuous
 62
    18
420
        0
370
    25
100
AcDbVertex
100
AcDb2dVertex
 10
53.95312499999999
 20
2.701537484644646
 30
0.0
  0
VERTEX
  5
46D
330
46A
100
AcDbEntity
  8
0
  6
Continuous
 62
    18
420
        0
370
    25
100
AcDbVertex
100
AcDb2dVertex
 10
53.95312499999999
 20
2.889037484644653
 30
0.0
  0
VERTEX
  5
46E
330
46A
100
AcDbEntity
  8
0
  6
Continuous
 62
    18
420
        0
370
    25
100
AcDbVertex
100
AcDb2dVertex
 10
53.76562499999999
 20
2.889037484644653
 30
0.0
  0
SEQEND
  5
46F
330
46A
100
AcDbEntity
  8
0
  6
Continuous
 62
    18
420
        0
370
    25
  0
POLYLINE
  5
470
330
1F
100
AcDbEntity
  8
0
  6
Continuous
 62
    18
420
        0
370
    25
100
AcDb2dPolyline
 66
     1
 10
0.0
 20
0.0
 30
0.0
 70
     1
  0
VERTEX
  5
471
330
470
100
AcDbEntity
  8
0
  6
Continuous
 62
    18
420
        0
370
    25
100
AcDbVertex
100
AcDb2dVertex
 10
48.81950000000001
 20
9.63108333333333
 30
0.0
  0
VERTEX
  5
472
330
470
100
AcDbEntity
  8
0
  6
Continuous
 62
    18
420
        0
370
    25
100
AcDbVertex
100
AcDb2dVertex
 10
49.00700000000001
 20
9.63108333333333
 30
0.0
  0
VERTEX
  5
473
330
470
100
AcDbEntity
  8
0
  6
Continuous
 62
    18
420
        0
370
    25
100
AcDbVertex
100
AcDb2dVertex
 10
49.00700000000001
 20
9.818583333333336
 30
0.0
  0
VERTEX
  5
474
330
470
100
AcDbEntity
  8
0
  6
Continuous
 62
    18
420
        0
370
    25
100
AcDbVertex
100
AcDb2dVertex
 10
48.81950000000001
 20
9.818583333333336
 30
0.0
  0
SEQEND
  5
475
330
470
100
AcDbEntity
  8
0
  6
Continuous
 62
    18
420
        0
370
    25
  0
POLYLINE
  5
476
330
1F
100
AcDbEntity
  8
0
  6
Continuous
 62
    18
420
        0
370
    25
100
AcDb2dPolyline
 66
     1
 10
0.0
 20
0.0
 30
0.0
 70
     1
  0
VERTEX
  5
477
330
476
100
AcDbEntity
  8
0
  6
Continuous
 62
    18
420
        0
370
    25
100
AcDbVertex
100
AcDb2dVertex
 10
40.64695833333333
 20
9.631083333333333
 30
0.0
  0
VERTEX
  5
478
330
476
100
AcDbEntity
  8
0
  6
Continuous
 62
    18
420
        0
370
    25
100
AcDbVertex
100
AcDb2dVertex
 10
40.83445833333334
 20
9.631083333333333
 30
0.0
  0
VERTEX
  5
479
330
476
100
AcDbEntity
  8
0
  6
Continuous
 62
    18
420
        0
370
    25
100
AcDbVertex
100
AcDb2dVertex
 10
40.83445833333334
 20
9.81858333333334
 30
0.0
  0
VERTEX
  5
47A
330
476
100
AcDbEntity
  8
0
  6
Continuous
 62
    18
420
        0
370
    25
100
AcDbVertex
100
AcDb2dVertex
 10
40.64695833333333
 20
9.81858333333334
 30
0.0
  0
SEQEND
  5
47B
330
476
100
AcDbEntity
  8
0
  6
Continuous
 62
    18
420
        0
370
    25
  0
POLYLINE
  5
47C
330
1F
100
AcDbEntity
  8
0
  6
Continuous
 62
    18
420
        0
370
    25
100
AcDb2dPolyline
 66
     1
 10
0.0
 20
0.0
 30
0.0
 70
     1
  0
VERTEX
  5
47D
330
47C
100
AcDbEntity
  8
0
  6
Continuous
 62
    18
420
        0
370
    25
100
AcDbVertex
100
AcDb2dVertex
 10
50.62500000000001
 20
10.97116666666666
 30
0.0
  0
VERTEX
  5
47E
330
47C
100
AcDbEntity
  8
0
  6
Continuous
 62
    18
420
        0
370
    25
100
AcDbVertex
100
AcDb2dVertex
 10
50.81250000000001
 20
10.97116666666666
 30
0.0
  0
VERTEX
  5
47F
330
47C
100
AcDbEntity
  8
0
  6
Continuous
 62
    18
420
        0
370
    25
100
AcDbVertex
100
AcDb2dVertex
 10
50.81250000000001
 20
11.15866666666667
 30
0.0
  0
VERTEX
  5
480
330
47C
100
AcDbEntity
  8
0
  6
Continuous
 62
    18
420
        0
370
    25
100
AcDbVertex
100
AcDb2dVertex
 10
50.62500000000001
 20
11.15866666666667
 30
0.0
  0
SEQEND
  5
481
330
47C
100
AcDbEntity
  8
0
  6
Continuous
 62
    18
420
        0
370
    25
  0
POLYLINE
  5
482
330
1F
100
AcDbEntity
  8
0
  6
Continuous
 62
    18
420
        0
370
    25
100
AcDb2dPolyline
 66
     1
 10
0.0
 20
0.0
 30
0.0
 70
     1
  0
VERTEX
  5
483
330
482
100
AcDbEntity
  8
0
  6
Continuous
 62
    18
420
        0
370
    25
100
AcDbVertex
100
AcDb2dVertex
 10
42.84375
 20
10.97116666666665
 30
0.0
  0
VERTEX
  5
484
330
482
100
AcDbEntity
  8
0
  6
Continuous
 62
    18
420
        0
370
    25
100
AcDbVertex
100
AcDb2dVertex
 10
43.03125000000001
 20
10.97116666666665
 30
0.0
  0
VERTEX
  5
485
330
482
100
AcDbEntity
  8
0
  6
Continuous
 62
    18
420
        0
370
    25
100
AcDbVertex
100
AcDb2dVertex
 10
43.03125000000001
 20
11.15866666666666
 30
0.0
  0
VERTEX
  5
486
330
482
100
AcDbEntity
  8
0
  6
Continuous
 62
    18
420
        0
370
    25
100
AcDbVertex
100
AcDb2dVertex
 10
42.84375
 20
11.15866666666666
 30
0.0
  0
SEQEND
  5
487
330
482
100
AcDbEntity
  8
0
  6
Continuous
 62
    18
420
        0
370
    25
  0
POLYLINE
  5
488
330
1F
100
AcDbEntity
  8
0
  6
Continuous
 62
    18
420
        0
370
    25
100
AcDb2dPolyline
 66
     1
 10
0.0
 20
0.0
 30
0.0
 70
     1
  0
VERTEX
  5
489
330
488
100
AcDbEntity
  8
0
  6
Continuous
 62
    18
420
        0
370
    25
100
AcDbVertex
100
AcDb2dVertex
 10
44.11829166666666
 20
9.631083333333333
 30
0.0
  0
VERTEX
  5
48A
330
488
100
AcDbEntity
  8
0
  6
Continuous
 62
    18
420
        0
370
    25
100
AcDbVertex
100
AcDb2dVertex
 10
44.30579166666668
 20
9.631083333333333
 30
0.0
  0
VERTEX
  5
48B
330
488
100
AcDbEntity
  8
0
  6
Continuous
 62
    18
420
        0
370
    25
100
AcDbVertex
100
AcDb2dVertex
 10
44.30579166666668
 20
9.81858333333334
 30
0.0
  0
VERTEX
  5
48C
330
488
100
AcDbEntity
  8
0
  6
Continuous
 62
    18
420
        0
370
    25
100
AcDbVertex
100
AcDb2dVertex
 10
44.11829166666666
 20
9.81858333333334
 30
0.0
  0
SEQEND
  5
48D
330
488
100
AcDbEntity
  8
0
  6
Continuous
 62
    18
420
        0
370
    25
  0
POLYLINE
  5
48E
330
1F
100
AcDbEntity
  8
0
  6
Continuous
 62
    18
420
        0
370
    25
100
AcDb2dPolyline
 66
     1
 10
0.0
 20
0.0
 30
0.0
 70
     1
  0
VERTEX
  5
48F
330
48E
100
AcDbEntity
  8
0
  6
Continuous
 62
    18
420
        0
370
    25
100
AcDbVertex
100
AcDb2dVertex
 10
32.36637499999999
 20
9.631083333333315
 30
0.0
  0
VERTEX
  5
490
330
48E
100
AcDbEntity
  8
0
  6
Continuous
 62
    18
420
        0
370
    25
100
AcDbVertex
100
AcDb2dVertex
 10
32.553875
 20
9.631083333333315
 30
0.0
  0
VERTEX
  5
491
330
48E
100
AcDbEntity
  8
0
  6
Continuous
 62
    18
420
        0
370
    25
100
AcDbVertex
100
AcDb2dVertex
 10
32.553875
 20
9.818583333333322
 30
0.0
  0
VERTEX
  5
492
330
48E
100
AcDbEntity
  8
0
  6
Continuous
 62
    18
420
        0
370
    25
100
AcDbVertex
100
AcDb2dVertex
 10
32.36637499999999
 20
9.818583333333322
 30
0.0
  0
SEQEND
  5
493
330
48E
100
AcDbEntity
  8
0
  6
Continuous
 62
    18
420
        0
370
    25
  0
POLYLINE
  5
494
330
1F
100
AcDbEntity
  8
0
  6
Continuous
 62
    18
420
        0
370
    25
100
AcDb2dPolyline
 66
     1
 10
0.0
 20
0.0
 30
0.0
 70
     1
  0
VERTEX
  5
495
330
494
100
AcDbEntity
  8
0
  6
Continuous
 62
    18
420
        0
370
    25
100
AcDbVertex
100
AcDb2dVertex
 10
45.09416666666668
 20
6.752416666666662
 30
0.0
  0
VERTEX
  5
496
330
494
100
AcDbEntity
  8
0
  6
Continuous
 62
    18
420
        0
370
    25
100
AcDbVertex
100
AcDb2dVertex
 10
45.28166666666668
 20
6.752416666666662
 30
0.0
  0
VERTEX
  5
497
330
494
100
AcDbEntity
  8
0
  6
Continuous
 62
    18
420
        0
370
    25
100
AcDbVertex
100
AcDb2dVertex
 10
45.28166666666668
 20
6.939916666666669
 30
0.0
  0
VERTEX
  5
498
330
494
100
AcDbEntity
  8
0
  6
Continuous
 62
    18
420
        0
370
    25
100
AcDbVertex
100
AcDb2dVertex
 10
45.09416666666668
 20
6.939916666666669
 30
0.0
  0
SEQEND
  5
499
330
494
100
AcDbEntity
  8
0
  6
Continuous
 62
    18
420
        0
370
    25
  0
POLYLINE
  5
49A
330
1F
100
AcDbEntity
  8
0
  6
Continuous
 62
    18
420
        0
370
    25
100
AcDb2dPolyline
 66
     1
 10
0.0
 20
0.0
 30
0.0
 70
     1
  0
VERTEX
  5
49B
330
49A
100
AcDbEntity
  8
0
  6
Continuous
 62
    18
420
        0
370
    25
100
AcDbVertex
100
AcDb2dVertex
 10
51.23250000000002
 20
6.752416666666662
 30
0.0
  0
VERTEX
  5
49C
330
49A
100
AcDbEntity
  8
0
  6
Continuous
 62
    18
420
        0
370
    25
100
AcDbVertex
100
AcDb2dVertex
 10
51.42000000000002
 20
6.752416666666662
 30
0.0
  0
VERTEX
  5
49D
330
49A
100
AcDbEntity
  8
0
  6
Continuous
 62
    18
420
        0
370
    25
100
AcDbVertex
100
AcDb2dVertex
 10
51.42000000000002
 20
6.939916666666669
 30
0.0
  0
VERTEX
  5
49E
330
49A
100
AcDbEntity
  8
0
  6
Continuous
 62
    18
420
        0
370
    25
100
AcDbVertex
100
AcDb2dVertex
 10
51.23250000000002
 20
6.939916666666669
 30
0.0
  0
SEQEND
  5
49F
330
49A
100
AcDbEntity
  8
0
  6
Continuous
 62
    18
420
        0
370
    25
  0
POLYLINE
  5
4A0
330
1F
100
AcDbEntity
  8
0
  6
Continuous
 62
    18
420
        0
370
    25
100
AcDb2dPolyline
 66
     1
 10
0.0
 20
0.0
 30
0.0
 70
     1
  0
VERTEX
  5
4A1
330
4A0
100
AcDbEntity
  8
0
  6
Continuous
 62
    18
420
        0
370
    25
100
AcDbVertex
100
AcDb2dVertex
 10
48.37500000000001
 20
6.752416666666655
 30
0.0
  0
VERTEX
  5
4A2
330
4A0
100
AcDbEntity
  8
0
  6
Continuous
 62
    18
420
        0
370
    25
100
AcDbVertex
100
AcDb2dVertex
 10
48.56250000000001
 20
6.752416666666655
 30
0.0
  0
VERTEX
  5
4A3
330
4A0
100
AcDbEntity
  8
0
  6
Continuous
 62
    18
420
        0
370
    25
100
AcDbVertex
100
AcDb2dVertex
 10
48.56250000000001
 20
6.939916666666662
 30
0.0
  0
VERTEX
  5
4A4
330
4A0
100
AcDbEntity
  8
0
  6
Continuous
 62
    18
420
        0
370
    25
100
AcDbVertex
100
AcDb2dVertex
 10
48.37500000000001
 20
6.939916666666662
 30
0.0
  0
SEQEND
  5
4A5
330
4A0
100
AcDbEntity
  8
0
  6
Continuous
 62
    18
420
        0
370
    25
  0
POLYLINE
  5
4A6
330
1F
100
AcDbEntity
  8
0
  6
Continuous
 62
    18
420
        0
370
    25
100
AcDb2dPolyline
 66
     1
 10
0.0
 20
0.0
 30
0.0
 70
     1
  0
VERTEX
  5
4A7
330
4A6
100
AcDbEntity
  8
0
  6
Continuous
 62
    18
420
        0
370
    25
100
AcDbVertex
100
AcDb2dVertex
 10
48.37500000000001
 20
4.97116666666664
 30
0.0
  0
VERTEX
  5
4A8
330
4A6
100
AcDbEntity
  8
0
  6
Continuous
 62
    18
420
        0
370
    25
100
AcDbVertex
100
AcDb2dVertex
 10
48.56250000000001
 20
4.97116666666664
 30
0.0
  0
VERTEX
  5
4A9
330
4A6
100
AcDbEntity
  8
0
  6
Continuous
 62
    18
420
        0
370
    25
100
AcDbVertex
100
AcDb2dVertex
 10
48.56250000000001
 20
5.158666666666647
 30
0.0
  0
VERTEX
  5
4AA
330
4A6
100
AcDbEntity
  8
0
  6
Continuous
 62
    18
420
        0
370
    25
100
AcDbVertex
100
AcDb2dVertex
 10
48.37500000000001
 20
5.158666666666647
 30
0.0
  0
SEQEND
  5
4AB
330
4A6
100
AcDbEntity
  8
0
  6
Continuous
 62
    18
420
        0
370
    25
  0
POLYLINE
  5
4AC
330
1F
100
AcDbEntity
  8
0
  6
Continuous
 62
    18
420
        0
370
    25
100
AcDb2dPolyline
 66
     1
 10
0.0
 20
0.0
 30
0.0
 70
     1
  0
VERTEX
  5
4AD
330
4AC
100
AcDbEntity
  8
0
  6
Continuous
 62
    18
420
        0
370
    25
100
AcDbVertex
100
AcDb2dVertex
 10
50.29687500000002
 20
4.408666666666655
 30
0.0
  0
VERTEX
  5
4AE
330
4AC
100
AcDbEntity
  8
0
  6
Continuous
 62
    18
420
        0
370
    25
100
AcDbVertex
100
AcDb2dVertex
 10
50.48437500000002
 20
4.408666666666655
 30
0.0
  0
VERTEX
  5
4AF
330
4AC
100
AcDbEntity
  8
0
  6
Continuous
 62
    18
420
        0
370
    25
100
AcDbVertex
100
AcDb2dVertex
 10
50.48437500000002
 20
4.596166666666662
 30
0.0
  0
VERTEX
  5
4B0
330
4AC
100
AcDbEntity
  8
0
  6
Continuous
 62
    18
420
        0
370
    25
100
AcDbVertex
100
AcDb2dVertex
 10
50.29687500000002
 20
4.596166666666662
 30
0.0
  0
SEQEND
  5
4B1
330
4AC
100
AcDbEntity
  8
0
  6
Continuous
 62
    18
420
        0
370
    25
  0
POLYLINE
  5
4B2
330
1F
100
AcDbEntity
  8
0
  6
Continuous
 62
    18
420
        0
370
    25
100
AcDb2dPolyline
 66
     1
 10
0.0
 20
0.0
 30
0.0
 70
     1
  0
VERTEX
  5
4B3
330
4B2
100
AcDbEntity
  8
0
  6
Continuous
 62
    18
420
        0
370
    25
100
AcDbVertex
100
AcDb2dVertex
 10
50.29687500000001
 20
2.252416666666655
 30
0.0
  0
VERTEX
  5
4B4
330
4B2
100
AcDbEntity
  8
0
  6
Continuous
 62
    18
420
        0
370
    25
100
AcDbVertex
100
AcDb2dVertex
 10
50.48437500000001
 20
2.252416666666655
 30
0.0
  0
VERTEX
  5
4B5
330
4B2
100
AcDbEntity
  8
0
  6
Continuous
 62
    18
420
        0
370
    25
100
AcDbVertex
100
AcDb2dVertex
 10
50.48437500000001
 20
2.439916666666655
 30
0.0
  0
VERTEX
  5
4B6
330
4B2
100
AcDbEntity
  8
0
  6
Continuous
 62
    18
420
        0
370
    25
100
AcDbVertex
100
AcDb2dVertex
 10
50.29687500000001
 20
2.439916666666655
 30
0.0
  0
SEQEND
  5
4B7
330
4B2
100
AcDbEntity
  8
0
  6
Continuous
 62
    18
420
        0
370
    25
  0
POLYLINE
  5
4B8
330
1F
100
AcDbEntity
  8
0
  6
Continuous
 62
    18
420
        0
370
    25
100
AcDb2dPolyline
 66
     1
 10
0.0
 20
0.0
 30
0.0
 70
     1
  0
VERTEX
  5
4B9
330
4B8
100
AcDbEntity
  8
0
  6
Continuous
 62
    18
420
        0
370
    25
100
AcDbVertex
100
AcDb2dVertex
 10
42.890625
 20
6.752416666666662
 30
0.0
  0
VERTEX
  5
4BA
330
4B8
100
AcDbEntity
  8
0
  6
Continuous
 62
    18
420
        0
370
    25
100
AcDbVertex
100
AcDb2dVertex
 10
43.07812500000001
 20
6.752416666666662
 30
0.0
  0
VERTEX
  5
4BB
330
4B8
100
AcDbEntity
  8
0
  6
Continuous
 62
    18
420
        0
370
    25
100
AcDbVertex
100
AcDb2dVertex
 10
43.07812500000001
 20
6.939916666666669
 30
0.0
  0
VERTEX
  5
4BC
330
4B8
100
AcDbEntity
  8
0
  6
Continuous
 62
    18
420
        0
370
    25
100
AcDbVertex
100
AcDb2dVertex
 10
42.890625
 20
6.939916666666669
 30
0.0
  0
SEQEND
  5
4BD
330
4B8
100
AcDbEntity
  8
0
  6
Continuous
 62
    18
420
        0
370
    25
  0
POLYLINE
  5
4BE
330
1F
100
AcDbEntity
  8
0
  6
Continuous
 62
    18
420
        0
370
    25
100
AcDb2dPolyline
 66
     1
 10
0.0
 20
0.0
 30
0.0
 70
     1
  0
VERTEX
  5
4BF
330
4BE
100
AcDbEntity
  8
0
  6
Continuous
 62
    18
420
        0
370
    25
100
AcDbVertex
100
AcDb2dVertex
 10
42.890625
 20
4.971166666666655
 30
0.0
  0
VERTEX
  5
4C0
330
4BE
100
AcDbEntity
  8
0
  6
Continuous
 62
    18
420
        0
370
    25
100
AcDbVertex
100
AcDb2dVertex
 10
43.07812500000001
 20
4.971166666666655
 30
0.0
  0
VERTEX
  5
4C1
330
4BE
100
AcDbEntity
  8
0
  6
Continuous
 62
    18
420
        0
370
    25
100
AcDbVertex
100
AcDb2dVertex
 10
43.07812500000001
 20
5.158666666666655
 30
0.0
  0
VERTEX
  5
4C2
330
4BE
100
AcDbEntity
  8
0
  6
Continuous
 62
    18
420
        0
370
    25
100
AcDbVertex
100
AcDb2dVertex
 10
42.890625
 20
5.158666666666655
 30
0.0
  0
SEQEND
  5
4C3
330
4BE
100
AcDbEntity
  8
0
  6
Continuous
 62
    18
420
        0
370
    25
  0
POLYLINE
  5
4C4
330
1F
100
AcDbEntity
  8
0
  6
Continuous
 62
    18
420
        0
370
    25
100
AcDb2dPolyline
 66
     1
 10
0.0
 20
0.0
 30
0.0
 70
     1
  0
VERTEX
  5
4C5
330
4C4
100
AcDbEntity
  8
0
  6
Continuous
 62
    18
420
        0
370
    25
100
AcDbVertex
100
AcDb2dVertex
 10
44.8125
 20
4.408666666666662
 30
0.0
  0
VERTEX
  5
4C6
330
4C4
100
AcDbEntity
  8
0
  6
Continuous
 62
    18
420
        0
370
    25
100
AcDbVertex
100
AcDb2dVertex
 10
45.00000000000001
 20
4.408666666666662
 30
0.0
  0
VERTEX
  5
4C7
330
4C4
100
AcDbEntity
  8
0
  6
Continuous
 62
    18
420
        0
370
    25
100
AcDbVertex
100
AcDb2dVertex
 10
45.00000000000001
 20
4.596166666666669
 30
0.0
  0
VERTEX
  5
4C8
330
4C4
100
AcDbEntity
  8
0
  6
Continuous
 62
    18
420
        0
370
    25
100
AcDbVertex
100
AcDb2dVertex
 10
44.8125
 20
4.596166666666669
 30
0.0
  0
SEQEND
  5
4C9
330
4C4
100
AcDbEntity
  8
0
  6
Continuous
 62
    18
420
        0
370
    25
  0
POLYLINE
  5
4CA
330
1F
100
AcDbEntity
  8
0
  6
Continuous
 62
    18
420
        0
370
    25
100
AcDb2dPolyline
 66
     1
 10
0.0
 20
0.0
 30
0.0
 70
     1
  0
VERTEX
  5
4CB
330
4CA
100
AcDbEntity
  8
0
  6
Continuous
 62
    18
420
        0
370
    25
100
AcDbVertex
100
AcDb2dVertex
 10
44.8125
 20
2.252416666666662
 30
0.0
  0
VERTEX
  5
4CC
330
4CA
100
AcDbEntity
  8
0
  6
Continuous
 62
    18
420
        0
370
    25
100
AcDbVertex
100
AcDb2dVertex
 10
45.0
 20
2.252416666666662
 30
0.0
  0
VERTEX
  5
4CD
330
4CA
100
AcDbEntity
  8
0
  6
Continuous
 62
    18
420
        0
370
    25
100
AcDbVertex
100
AcDb2dVertex
 10
45.0
 20
2.439916666666669
 30
0.0
  0
VERTEX
  5
4CE
330
4CA
100
AcDbEntity
  8
0
  6
Continuous
 62
    18
420
        0
370
    25
100
AcDbVertex
100
AcDb2dVertex
 10
44.8125
 20
2.439916666666669
 30
0.0
  0
SEQEND
  5
4CF
330
4CA
100
AcDbEntity
  8
0
  6
Continuous
 62
    18
420
        0
370
    25
  0
POLYLINE
  5
4D0
330
1F
100
AcDbEntity
  8
0
  6
Continuous
 62
    18
420
        0
370
    25
100
AcDb2dPolyline
 66
     1
 10
0.0
 20
0.0
 30
0.0
 70
     1
  0
VERTEX
  5
4D1
330
4D0
100
AcDbEntity
  8
0
  6
Continuous
 62
    18
420
        0
370
    25
100
AcDbVertex
100
AcDb2dVertex
 10
28.56612499999999
 20
8.551583333333333
 30
0.0
  0
VERTEX
  5
4D2
330
4D0
100
AcDbEntity
  8
0
  6
Continuous
 62
    18
420
        0
370
    25
100
AcDbVertex
100
AcDb2dVertex
 10
28.753625
 20
8.551583333333333
 30
0.0
  0
VERTEX
  5
4D3
330
4D0
100
AcDbEntity
  8
0
  6
Continuous
 62
    18
420
        0
370
    25
100
AcDbVertex
100
AcDb2dVertex
 10
28.753625
 20
8.73908333333334
 30
0.0
  0
VERTEX
  5
4D4
330
4D0
100
AcDbEntity
  8
0
  6
Continuous
 62
    18
420
        0
370
    25
100
AcDbVertex
100
AcDb2dVertex
 10
28.56612499999999
 20
8.73908333333334
 30
0.0
  0
SEQEND
  5
4D5
330
4D0
100
AcDbEntity
  8
0
  6
Continuous
 62
    18
420
        0
370
    25
  0
POLYLINE
  5
4D6
330
1F
100
AcDbEntity
  8
0
  6
Continuous
 62
    18
420
        0
370
    25
100
AcDb2dPolyline
 66
     1
 10
0.0
 20
0.0
 30
0.0
 70
     1
  0
VERTEX
  5
4D7
330
4D6
100
AcDbEntity
  8
0
  6
Continuous
 62
    18
420
        0
370
    25
100
AcDbVertex
100
AcDb2dVertex
 10
40.64695833333333
 20
8.551583333333333
 30
0.0
  0
VERTEX
  5
4D8
330
4D6
100
AcDbEntity
  8
0
  6
Continuous
 62
    18
420
        0
370
    25
100
AcDbVertex
100
AcDb2dVertex
 10
40.83445833333334
 20
8.551583333333333
 30
0.0
  0
VERTEX
  5
4D9
330
4D6
100
AcDbEntity
  8
0
  6
Continuous
 62
    18
420
        0
370
    25
100
AcDbVertex
100
AcDb2dVertex
 10
40.83445833333334
 20
8.73908333333334
 30
0.0
  0
VERTEX
  5
4DA
330
4D6
100
AcDbEntity
  8
0
  6
Continuous
 62
    18
420
        0
370
    25
100
AcDbVertex
100
AcDb2dVertex
 10
40.64695833333333
 20
8.73908333333334
 30
0.0
  0
SEQEND
  5
4DB
330
4D6
100
AcDbEntity
  8
0
  6
Continuous
 62
    18
420
        0
370
    25
  0
POLYLINE
  5
4DC
330
1F
100
AcDbEntity
  8
0
  6
Continuous
 62
    18
420
        0
370
    25
100
AcDb2dPolyline
 66
     1
 10
0.0
 20
0.0
 30
0.0
 70
     1
  0
VERTEX
  5
4DD
330
4DC
100
AcDbEntity
  8
0
  6
Continuous
 62
    18
420
        0
370
    25
100
AcDbVertex
100
AcDb2dVertex
 10
35.48762499999999
 20
8.551583333333333
 30
0.0
  0
VERTEX
  5
4DE
330
4DC
100
AcDbEntity
  8
0
  6
Continuous
 62
    18
420
        0
370
    25
100
AcDbVertex
100
AcDb2dVertex
 10
35.675125
 20
8.551583333333333
 30
0.0
  0
VERTEX
  5
4DF
330
4DC
100
AcDbEntity
  8
0
  6
Continuous
 62
    18
420
        0
370
    25
100
AcDbVertex
100
AcDb2dVertex
 10
35.675125
 20
8.73908333333334
 30
0.0
  0
VERTEX
  5
4E0
330
4DC
100
AcDbEntity
  8
0
  6
Continuous
 62
    18
420
        0
370
    25
100
AcDbVertex
100
AcDb2dVertex
 10
35.48762499999999
 20
8.73908333333334
 30
0.0
  0
SEQEND
  5
4E1
330
4DC
100
AcDbEntity
  8
0
  6
Continuous
 62
    18
420
        0
370
    25
  0
POLYLINE
  5
4E2
330
1F
100
AcDbEntity
  8
0
  6
Continuous
 62
    18
420
        0
370
    25
100
AcDb2dPolyline
 66
     1
 10
0.0
 20
0.0
 30
0.0
 70
     1
  0
VERTEX
  5
4E3
330
4E2
100
AcDbEntity
  8
0
  6
Continuous
 62
    18
420
        0
370
    25
100
AcDbVertex
100
AcDb2dVertex
 10
28.56612499999999
 20
6.752416666666669
 30
0.0
  0
VERTEX
  5
4E4
330
4E2
100
AcDbEntity
  8
0
  6
Continuous
 62
    18
420
        0
370
    25
100
AcDbVertex
100
AcDb2dVertex
 10
28.753625
 20
6.752416666666669
 30
0.0
  0
VERTEX
  5
4E5
330
4E2
100
AcDbEntity
  8
0
  6
Continuous
 62
    18
420
        0
370
    25
100
AcDbVertex
100
AcDb2dVertex
 10
28.753625
 20
6.939916666666676
 30
0.0
  0
VERTEX
  5
4E6
330
4E2
100
AcDbEntity
  8
0
  6
Continuous
 62
    18
420
        0
370
    25
100
AcDbVertex
100
AcDb2dVertex
 10
28.56612499999999
 20
6.939916666666676
 30
0.0
  0
SEQEND
  5
4E7
330
4E2
100
AcDbEntity
  8
0
  6
Continuous
 62
    18
420
        0
370
    25
  0
POLYLINE
  5
4E8
330
1F
100
AcDbEntity
  8
0
  6
Continuous
 62
    18
420
        0
370
    25
100
AcDb2dPolyline
 66
     1
 10
0.0
 20
0.0
 30
0.0
 70
     1
  0
VERTEX
  5
4E9
330
4E8
100
AcDbEntity
  8
0
  6
Continuous
 62
    18
420
        0
370
    25
100
AcDbVertex
100
AcDb2dVertex
 10
35.48762499999999
 20
6.752416666666662
 30
0.0
  0
VERTEX
  5
4EA
330
4E8
100
AcDbEntity
  8
0
  6
Continuous
 62
    18
420
        0
370
    25
100
AcDbVertex
100
AcDb2dVertex
 10
35.675125
 20
6.752416666666662
 30
0.0
  0
VERTEX
  5
4EB
330
4E8
100
AcDbEntity
  8
0
  6
Continuous
 62
    18
420
        0
370
    25
100
AcDbVertex
100
AcDb2dVertex
 10
35.675125
 20
6.939916666666669
 30
0.0
  0
VERTEX
  5
4EC
330
4E8
100
AcDbEntity
  8
0
  6
Continuous
 62
    18
420
        0
370
    25
100
AcDbVertex
100
AcDb2dVertex
 10
35.48762499999999
 20
6.939916666666669
 30
0.0
  0
SEQEND
  5
4ED
330
4E8
100
AcDbEntity
  8
0
  6
Continuous
 62
    18
420
        0
370
    25
  0
POLYLINE
  5
4EE
330
1F
100
AcDbEntity
  8
0
  6
Continuous
 62
    18
420
        0
370
    25
100
AcDb2dPolyline
 66
     1
 10
0.0
 20
0.0
 30
0.0
 70
     1
  0
VERTEX
  5
4EF
330
4EE
100
AcDbEntity
  8
0
  6
Continuous
 62
    18
420
        0
370
    25
100
AcDbVertex
100
AcDb2dVertex
 10
40.64695833333333
 20
6.752416666666662
 30
0.0
  0
VERTEX
  5
4F0
330
4EE
100
AcDbEntity
  8
0
  6
Continuous
 62
    18
420
        0
370
    25
100
AcDbVertex
100
AcDb2dVertex
 10
40.83445833333334
 20
6.752416666666662
 30
0.0
  0
VERTEX
  5
4F1
330
4EE
100
AcDbEntity
  8
0
  6
Continuous
 62
    18
420
        0
370
    25
100
AcDbVertex
100
AcDb2dVertex
 10
40.83445833333334
 20
6.939916666666669
 30
0.0
  0
VERTEX
  5
4F2
330
4EE
100
AcDbEntity
  8
0
  6
Continuous
 62
    18
420
        0
370
    25
100
AcDbVertex
100
AcDb2dVertex
 10
40.64695833333333
 20
6.939916666666669
 30
0.0
  0
SEQEND
  5
4F3
330
4EE
100
AcDbEntity
  8
0
  6
Continuous
 62
    18
420
        0
370
    25
  0
POLYLINE
  5
4F4
330
1F
100
AcDbEntity
  8
0
  6
Continuous
 62
    18
420
        0
370
    25
100
AcDb2dPolyline
 66
     1
 10
0.0
 20
0.0
 30
0.0
 70
     1
  0
VERTEX
  5
4F5
330
4F4
100
AcDbEntity
  8
0
  6
Continuous
 62
    18
420
        0
370
    25
100
AcDbVertex
100
AcDb2dVertex
 10
37.26562499999999
 20
6.752416666666655
 30
0.0
  0
VERTEX
  5
4F6
330
4F4
100
AcDbEntity
  8
0
  6
Continuous
 62
    18
420
        0
370
    25
100
AcDbVertex
100
AcDb2dVertex
 10
37.453125
 20
6.752416666666655
 30
0.0
  0
VERTEX
  5
4F7
330
4F4
100
AcDbEntity
  8
0
  6
Continuous
 62
    18
420
        0
370
    25
100
AcDbVertex
100
AcDb2dVertex
 10
37.453125
 20
6.939916666666662
 30
0.0
  0
VERTEX
  5
4F8
330
4F4
100
AcDbEntity
  8
0
  6
Continuous
 62
    18
420
        0
370
    25
100
AcDbVertex
100
AcDb2dVertex
 10
37.26562499999999
 20
6.939916666666662
 30
0.0
  0
SEQEND
  5
4F9
330
4F4
100
AcDbEntity
  8
0
  6
Continuous
 62
    18
420
        0
370
    25
  0
POLYLINE
  5
4FA
330
1F
100
AcDbEntity
  8
0
  6
Continuous
 62
    18
420
        0
370
    25
100
AcDb2dPolyline
 66
     1
 10
0.0
 20
0.0
 30
0.0
 70
     1
  0
VERTEX
  5
4FB
330
4FA
100
AcDbEntity
  8
0
  6
Continuous
 62
    18
420
        0
370
    25
100
AcDbVertex
100
AcDb2dVertex
 10
37.26562499999999
 20
4.971166666666655
 30
0.0
  0
VERTEX
  5
4FC
330
4FA
100
AcDbEntity
  8
0
  6
Continuous
 62
    18
420
        0
370
    25
100
AcDbVertex
100
AcDb2dVertex
 10
37.453125
 20
4.971166666666655
 30
0.0
  0
VERTEX
  5
4FD
330
4FA
100
AcDbEntity
  8
0
  6
Continuous
 62
    18
420
        0
370
    25
100
AcDbVertex
100
AcDb2dVertex
 10
37.453125
 20
5.158666666666662
 30
0.0
  0
VERTEX
  5
4FE
330
4FA
100
AcDbEntity
  8
0
  6
Continuous
 62
    18
420
        0
370
    25
100
AcDbVertex
100
AcDb2dVertex
 10
37.26562499999999
 20
5.158666666666662
 30
0.0
  0
SEQEND
  5
4FF
330
4FA
100
AcDbEntity
  8
0
  6
Continuous
 62
    18
420
        0
370
    25
  0
POLYLINE
  5
500
330
1F
100
AcDbEntity
  8
0
  6
Continuous
 62
    18
420
        0
370
    25
100
AcDb2dPolyline
 66
     1
 10
0.0
 20
0.0
 30
0.0
 70
     1
  0
VERTEX
  5
501
330
500
100
AcDbEntity
  8
0
  6
Continuous
 62
    18
420
        0
370
    25
100
AcDbVertex
100
AcDb2dVertex
 10
39.18749999999999
 20
4.408666666666669
 30
0.0
  0
VERTEX
  5
502
330
500
100
AcDbEntity
  8
0
  6
Continuous
 62
    18
420
        0
370
    25
100
AcDbVertex
100
AcDb2dVertex
 10
39.375
 20
4.408666666666669
 30
0.0
  0
VERTEX
  5
503
330
500
100
AcDbEntity
  8
0
  6
Continuous
 62
    18
420
        0
370
    25
100
AcDbVertex
100
AcDb2dVertex
 10
39.375
 20
4.596166666666676
 30
0.0
  0
VERTEX
  5
504
330
500
100
AcDbEntity
  8
0
  6
Continuous
 62
    18
420
        0
370
    25
100
AcDbVertex
100
AcDb2dVertex
 10
39.18749999999999
 20
4.596166666666676
 30
0.0
  0
SEQEND
  5
505
330
500
100
AcDbEntity
  8
0
  6
Continuous
 62
    18
420
        0
370
    25
  0
POLYLINE
  5
506
330
1F
100
AcDbEntity
  8
0
  6
Continuous
 62
    18
420
        0
370
    25
100
AcDb2dPolyline
 66
     1
 10
0.0
 20
0.0
 30
0.0
 70
     1
  0
VERTEX
  5
507
330
506
100
AcDbEntity
  8
0
  6
Continuous
 62
    18
420
        0
370
    25
100
AcDbVertex
100
AcDb2dVertex
 10
39.18749999999999
 20
2.252416666666669
 30
0.0
  0
VERTEX
  5
508
330
506
100
AcDbEntity
  8
0
  6
Continuous
 62
    18
420
        0
370
    25
100
AcDbVertex
100
AcDb2dVertex
 10
39.37499999999999
 20
2.252416666666669
 30
0.0
  0
VERTEX
  5
509
330
506
100
AcDbEntity
  8
0
  6
Continuous
 62
    18
420
        0
370
    25
100
AcDbVertex
100
AcDb2dVertex
 10
39.37499999999999
 20
2.439916666666669
 30
0.0
  0
VERTEX
  5
50A
330
506
100
AcDbEntity
  8
0
  6
Continuous
 62
    18
420
        0
370
    25
100
AcDbVertex
100
AcDb2dVertex
 10
39.18749999999999
 20
2.439916666666669
 30
0.0
  0
SEQEND
  5
50B
330
506
100
AcDbEntity
  8
0
  6
Continuous
 62
    18
420
        0
370
    25
  0
POLYLINE
  5
50C
330
1F
100
AcDbEntity
  8
0
  6
Continuous
 62
    18
420
        0
370
    25
100
AcDb2dPolyline
 66
     1
 10
0.0
 20
0.0
 30
0.0
 70
     1
  0
VERTEX
  5
50D
330
50C
100
AcDbEntity
  8
0
  6
Continuous
 62
    18
420
        0
370
    25
100
AcDbVertex
100
AcDb2dVertex
 10
31.92187499999999
 20
6.752416666666647
 30
0.0
  0
VERTEX
  5
50E
330
50C
100
AcDbEntity
  8
0
  6
Continuous
 62
    18
420
        0
370
    25
100
AcDbVertex
100
AcDb2dVertex
 10
32.109375
 20
6.752416666666647
 30
0.0
  0
VERTEX
  5
50F
330
50C
100
AcDbEntity
  8
0
  6
Continuous
 62
    18
420
        0
370
    25
100
AcDbVertex
100
AcDb2dVertex
 10
32.109375
 20
6.939916666666655
 30
0.0
  0
VERTEX
  5
510
330
50C
100
AcDbEntity
  8
0
  6
Continuous
 62
    18
420
        0
370
    25
100
AcDbVertex
100
AcDb2dVertex
 10
31.92187499999999
 20
6.939916666666655
 30
0.0
  0
SEQEND
  5
511
330
50C
100
AcDbEntity
  8
0
  6
Continuous
 62
    18
420
        0
370
    25
  0
POLYLINE
  5
512
330
1F
100
AcDbEntity
  8
0
  6
Continuous
 62
    18
420
        0
370
    25
100
AcDb2dPolyline
 66
     1
 10
0.0
 20
0.0
 30
0.0
 70
     1
  0
VERTEX
  5
513
330
512
100
AcDbEntity
  8
0
  6
Continuous
 62
    18
420
        0
370
    25
100
AcDbVertex
100
AcDb2dVertex
 10
31.92187499999999
 20
5.064916666666655
 30
0.0
  0
VERTEX
  5
514
330
512
100
AcDbEntity
  8
0
  6
Continuous
 62
    18
420
        0
370
    25
100
AcDbVertex
100
AcDb2dVertex
 10
32.109375
 20
5.064916666666655
 30
0.0
  0
VERTEX
  5
515
330
512
100
AcDbEntity
  8
0
  6
Continuous
 62
    18
420
        0
370
    25
100
AcDbVertex
100
AcDb2dVertex
 10
32.109375
 20
5.252416666666662
 30
0.0
  0
VERTEX
  5
516
330
512
100
AcDbEntity
  8
0
  6
Continuous
 62
    18
420
        0
370
    25
100
AcDbVertex
100
AcDb2dVertex
 10
31.92187499999999
 20
5.252416666666662
 30
0.0
  0
SEQEND
  5
517
330
512
100
AcDbEntity
  8
0
  6
Continuous
 62
    18
420
        0
370
    25
  0
POLYLINE
  5
518
330
1F
100
AcDbEntity
  8
0
  6
Continuous
 62
    18
420
        0
370
    25
100
AcDb2dPolyline
 66
     1
 10
0.0
 20
0.0
 30
0.0
 70
     1
  0
VERTEX
  5
519
330
518
100
AcDbEntity
  8
0
  6
Continuous
 62
    18
420
        0
370
    25
100
AcDbVertex
100
AcDb2dVertex
 10
33.84375
 20
4.502416666666662
 30
0.0
  0
VERTEX
  5
51A
330
518
100
AcDbEntity
  8
0
  6
Continuous
 62
    18
420
        0
370
    25
100
AcDbVertex
100
AcDb2dVertex
 10
34.03125000000001
 20
4.502416666666662
 30
0.0
  0
VERTEX
  5
51B
330
518
100
AcDbEntity
  8
0
  6
Continuous
 62
    18
420
        0
370
    25
100
AcDbVertex
100
AcDb2dVertex
 10
34.03125000000001
 20
4.689916666666669
 30
0.0
  0
VERTEX
  5
51C
330
518
100
AcDbEntity
  8
0
  6
Continuous
 62
    18
420
        0
370
    25
100
AcDbVertex
100
AcDb2dVertex
 10
33.84375
 20
4.689916666666669
 30
0.0
  0
SEQEND
  5
51D
330
518
100
AcDbEntity
  8
0
  6
Continuous
 62
    18
420
        0
370
    25
  0
POLYLINE
  5
51E
330
1F
100
AcDbEntity
  8
0
  6
Continuous
 62
    18
420
        0
370
    25
100
AcDb2dPolyline
 66
     1
 10
0.0
 20
0.0
 30
0.0
 70
     1
  0
VERTEX
  5
51F
330
51E
100
AcDbEntity
  8
0
  6
Continuous
 62
    18
420
        0
370
    25
100
AcDbVertex
100
AcDb2dVertex
 10
33.84374999999999
 20
2.346166666666662
 30
0.0
  0
VERTEX
  5
520
330
51E
100
AcDbEntity
  8
0
  6
Continuous
 62
    18
420
        0
370
    25
100
AcDbVertex
100
AcDb2dVertex
 10
34.03125
 20
2.346166666666662
 30
0.0
  0
VERTEX
  5
521
330
51E
100
AcDbEntity
  8
0
  6
Continuous
 62
    18
420
        0
370
    25
100
AcDbVertex
100
AcDb2dVertex
 10
34.03125
 20
2.533666666666669
 30
0.0
  0
VERTEX
  5
522
330
51E
100
AcDbEntity
  8
0
  6
Continuous
 62
    18
420
        0
370
    25
100
AcDbVertex
100
AcDb2dVertex
 10
33.84374999999999
 20
2.533666666666669
 30
0.0
  0
SEQEND
  5
523
330
51E
100
AcDbEntity
  8
0
  6
Continuous
 62
    18
420
        0
370
    25
  0
POLYLINE
  5
524
330
1F
100
AcDbEntity
  8
0
  6
Continuous
 62
    18
420
        0
370
    25
100
AcDb2dPolyline
 66
     1
 10
0.0
 20
0.0
 30
0.0
 70
     1
  0
VERTEX
  5
525
330
524
100
AcDbEntity
  8
0
  6
Continuous
 62
    18
420
        0
370
    25
100
AcDbVertex
100
AcDb2dVertex
 10
26.41406249999999
 20
6.752416666666662
 30
0.0
  0
VERTEX
  5
526
330
524
100
AcDbEntity
  8
0
  6
Continuous
 62
    18
420
        0
370
    25
100
AcDbVertex
100
AcDb2dVertex
 10
26.6015625
 20
6.752416666666662
 30
0.0
  0
VERTEX
  5
527
330
524
100
AcDbEntity
  8
0
  6
Continuous
 62
    18
420
        0
370
    25
100
AcDbVertex
100
AcDb2dVertex
 10
26.6015625
 20
6.939916666666669
 30
0.0
  0
VERTEX
  5
528
330
524
100
AcDbEntity
  8
0
  6
Continuous
 62
    18
420
        0
370
    25
100
AcDbVertex
100
AcDb2dVertex
 10
26.41406249999999
 20
6.939916666666669
 30
0.0
  0
SEQEND
  5
529
330
524
100
AcDbEntity
  8
0
  6
Continuous
 62
    18
420
        0
370
    25
  0
POLYLINE
  5
52A
330
1F
100
AcDbEntity
  8
0
  6
Continuous
 62
    18
420
        0
370
    25
100
AcDb2dPolyline
 66
     1
 10
0.0
 20
0.0
 30
0.0
 70
     1
  0
VERTEX
  5
52B
330
52A
100
AcDbEntity
  8
0
  6
Continuous
 62
    18
420
        0
370
    25
100
AcDbVertex
100
AcDb2dVertex
 10
26.41406249999999
 20
5.158666666666655
 30
0.0
  0
VERTEX
  5
52C
330
52A
100
AcDbEntity
  8
0
  6
Continuous
 62
    18
420
        0
370
    25
100
AcDbVertex
100
AcDb2dVertex
 10
26.6015625
 20
5.158666666666655
 30
0.0
  0
VERTEX
  5
52D
330
52A
100
AcDbEntity
  8
0
  6
Continuous
 62
    18
420
        0
370
    25
100
AcDbVertex
100
AcDb2dVertex
 10
26.6015625
 20
5.346166666666662
 30
0.0
  0
VERTEX
  5
52E
330
52A
100
AcDbEntity
  8
0
  6
Continuous
 62
    18
420
        0
370
    25
100
AcDbVertex
100
AcDb2dVertex
 10
26.41406249999999
 20
5.346166666666662
 30
0.0
  0
SEQEND
  5
52F
330
52A
100
AcDbEntity
  8
0
  6
Continuous
 62
    18
420
        0
370
    25
  0
POLYLINE
  5
530
330
1F
100
AcDbEntity
  8
0
  6
Continuous
 62
    18
420
        0
370
    25
100
AcDb2dPolyline
 66
     1
 10
0.0
 20
0.0
 30
0.0
 70
     1
  0
VERTEX
  5
531
330
530
100
AcDbEntity
  8
0
  6
Continuous
 62
    18
420
        0
370
    25
100
AcDbVertex
100
AcDb2dVertex
 10
28.33593749999999
 20
4.596166666666662
 30
0.0
  0
VERTEX
  5
532
330
530
100
AcDbEntity
  8
0
  6
Continuous
 62
    18
420
        0
370
    25
100
AcDbVertex
100
AcDb2dVertex
 10
28.5234375
 20
4.596166666666662
 30
0.0
  0
VERTEX
  5
533
330
530
100
AcDbEntity
  8
0
  6
Continuous
 62
    18
420
        0
370
    25
100
AcDbVertex
100
AcDb2dVertex
 10
28.5234375
 20
4.783666666666669
 30
0.0
  0
VERTEX
  5
534
330
530
100
AcDbEntity
  8
0
  6
Continuous
 62
    18
420
        0
370
    25
100
AcDbVertex
100
AcDb2dVertex
 10
28.33593749999999
 20
4.783666666666669
 30
0.0
  0
SEQEND
  5
535
330
530
100
AcDbEntity
  8
0
  6
Continuous
 62
    18
420
        0
370
    25
  0
POLYLINE
  5
536
330
1F
100
AcDbEntity
  8
0
  6
Continuous
 62
    18
420
        0
370
    25
100
AcDb2dPolyline
 66
     1
 10
0.0
 20
0.0
 30
0.0
 70
     1
  0
VERTEX
  5
537
330
536
100
AcDbEntity
  8
0
  6
Continuous
 62
    18
420
        0
370
    25
100
AcDbVertex
100
AcDb2dVertex
 10
28.33593749999999
 20
2.439916666666669
 30
0.0
  0
VERTEX
  5
538
330
536
100
AcDbEntity
  8
0
  6
Continuous
 62
    18
420
        0
370
    25
100
AcDbVertex
100
AcDb2dVertex
 10
28.5234375
 20
2.439916666666669
 30
0.0
  0
VERTEX
  5
539
330
536
100
AcDbEntity
  8
0
  6
Continuous
 62
    18
420
        0
370
    25
100
AcDbVertex
100
AcDb2dVertex
 10
28.5234375
 20
2.627416666666669
 30
0.0
  0
VERTEX
  5
53A
330
536
100
AcDbEntity
  8
0
  6
Continuous
 62
    18
420
        0
370
    25
100
AcDbVertex
100
AcDb2dVertex
 10
28.33593749999999
 20
2.627416666666669
 30
0.0
  0
SEQEND
  5
53B
330
536
100
AcDbEntity
  8
0
  6
Continuous
 62
    18
420
        0
370
    25
  0
POLYLINE
  5
53C
330
1F
100
AcDbEntity
  8
0
  6
Continuous
 62
    18
420
        0
370
    25
100
AcDb2dPolyline
 66
     1
 10
0.0
 20
0.0
 30
0.0
 70
     1
  0
VERTEX
  5
53D
330
53C
100
AcDbEntity
  8
0
  6
Continuous
 62
    18
420
        0
370
    25
100
AcDbVertex
100
AcDb2dVertex
 10
36.34866666666667
 20
13.31866666666666
 30
0.0
  0
VERTEX
  5
53E
330
53C
100
AcDbEntity
  8
0
  6
Continuous
 62
    18
420
        0
370
    25
100
AcDbVertex
100
AcDb2dVertex
 10
36.53616666666667
 20
13.31866666666666
 30
0.0
  0
VERTEX
  5
53F
330
53C
100
AcDbEntity
  8
0
  6
Continuous
 62
    18
420
        0
370
    25
100
AcDbVertex
100
AcDb2dVertex
 10
36.53616666666667
 20
13.50616666666667
 30
0.0
  0
VERTEX
  5
540
330
53C
100
AcDbEntity
  8
0
  6
Continuous
 62
    18
420
        0
370
    25
100
AcDbVertex
100
AcDb2dVertex
 10
36.34866666666667
 20
13.50616666666667
 30
0.0
  0
SEQEND
  5
541
330
53C
100
AcDbEntity
  8
0
  6
Continuous
 62
    18
420
        0
370
    25
  0
POLYLINE
  5
542
330
1F
100
AcDbEntity
  8
0
  6
Continuous
 62
    18
420
        0
370
    25
100
AcDb2dPolyline
 66
     1
 10
0.0
 20
0.0
 30
0.0
 70
     1
  0
VERTEX
  5
543
330
542
100
AcDbEntity
  8
0
  6
Continuous
 62
    18
420
        0
370
    25
100
AcDbVertex
100
AcDb2dVertex
 10
45.57733333333334
 20
14.48283333333332
 30
0.0
  0
VERTEX
  5
544
330
542
100
AcDbEntity
  8
0
  6
Continuous
 62
    18
420
        0
370
    25
100
AcDbVertex
100
AcDb2dVertex
 10
45.76483333333334
 20
14.48283333333332
 30
0.0
  0
VERTEX
  5
545
330
542
100
AcDbEntity
  8
0
  6
Continuous
 62
    18
420
        0
370
    25
100
AcDbVertex
100
AcDb2dVertex
 10
45.76483333333334
 20
14.67033333333333
 30
0.0
  0
VERTEX
  5
546
330
542
100
AcDbEntity
  8
0
  6
Continuous
 62
    18
420
        0
370
    25
100
AcDbVertex
100
AcDb2dVertex
 10
45.57733333333334
 20
14.67033333333333
 30
0.0
  0
SEQEND
  5
547
330
542
100
AcDbEntity
  8
0
  6
Continuous
 62
    18
420
        0
370
    25
  0
POLYLINE
  5
548
330
1F
100
AcDbEntity
  8
0
  6
Continuous
 62
    18
420
        0
370
    25
100
AcDb2dPolyline
 66
     1
 10
0.0
 20
0.0
 30
0.0
 70
     1
  0
VERTEX
  5
549
330
548
100
AcDbEntity
  8
0
  6
Continuous
 62
    18
420
        0
370
    25
100
AcDbVertex
100
AcDb2dVertex
 10
47.5035
 20
14.48283333333332
 30
0.0
  0
VERTEX
  5
54A
330
548
100
AcDbEntity
  8
0
  6
Continuous
 62
    18
420
        0
370
    25
100
AcDbVertex
100
AcDb2dVertex
 10
47.691
 20
14.48283333333332
 30
0.0
  0
VERTEX
  5
54B
330
548
100
AcDbEntity
  8
0
  6
Continuous
 62
    18
420
        0
370
    25
100
AcDbVertex
100
AcDb2dVertex
 10
47.691
 20
14.67033333333333
 30
0.0
  0
VERTEX
  5
54C
330
548
100
AcDbEntity
  8
0
  6
Continuous
 62
    18
420
        0
370
    25
100
AcDbVertex
100
AcDb2dVertex
 10
47.5035
 20
14.67033333333333
 30
0.0
  0
SEQEND
  5
54D
330
548
100
AcDbEntity
  8
0
  6
Continuous
 62
    18
420
        0
370
    25
  0
POLYLINE
  5
54E
330
1F
100
AcDbEntity
  8
0
  6
Continuous
 62
    18
420
        0
370
    25
100
AcDb2dPolyline
 66
     1
 10
0.0
 20
0.0
 30
0.0
 70
     1
  0
VERTEX
  5
54F
330
54E
100
AcDbEntity
  8
0
  6
Continuous
 62
    18
420
        0
370
    25
100
AcDbVertex
100
AcDb2dVertex
 10
49.15450000000001
 20
15.81633333333333
 30
0.0
  0
VERTEX
  5
550
330
54E
100
AcDbEntity
  8
0
  6
Continuous
 62
    18
420
        0
370
    25
100
AcDbVertex
100
AcDb2dVertex
 10
49.34200000000001
 20
15.81633333333333
 30
0.0
  0
VERTEX
  5
551
330
54E
100
AcDbEntity
  8
0
  6
Continuous
 62
    18
420
        0
370
    25
100
AcDbVertex
100
AcDb2dVertex
 10
49.34200000000001
 20
16.00383333333333
 30
0.0
  0
VERTEX
  5
552
330
54E
100
AcDbEntity
  8
0
  6
Continuous
 62
    18
420
        0
370
    25
100
AcDbVertex
100
AcDb2dVertex
 10
49.15450000000001
 20
16.00383333333333
 30
0.0
  0
SEQEND
  5
553
330
54E
100
AcDbEntity
  8
0
  6
Continuous
 62
    18
420
        0
370
    25
  0
POLYLINE
  5
554
330
1F
100
AcDbEntity
  8
0
  6
Continuous
 62
    18
420
        0
370
    25
100
AcDb2dPolyline
 66
     1
 10
0.0
 20
0.0
 30
0.0
 70
     1
  0
VERTEX
  5
555
330
554
100
AcDbEntity
  8
0
  6
Continuous
 62
    18
420
        0
370
    25
100
AcDbVertex
100
AcDb2dVertex
 10
49.15450000000001
 20
19.03366666666666
 30
0.0
  0
VERTEX
  5
556
330
554
100
AcDbEntity
  8
0
  6
Continuous
 62
    18
420
        0
370
    25
100
AcDbVertex
100
AcDb2dVertex
 10
49.34200000000001
 20
19.03366666666666
 30
0.0
  0
VERTEX
  5
557
330
554
100
AcDbEntity
  8
0
  6
Continuous
 62
    18
420
        0
370
    25
100
AcDbVertex
100
AcDb2dVertex
 10
49.34200000000001
 20
19.22116666666667
 30
0.0
  0
VERTEX
  5
558
330
554
100
AcDbEntity
  8
0
  6
Continuous
 62
    18
420
        0
370
    25
100
AcDbVertex
100
AcDb2dVertex
 10
49.15450000000001
 20
19.22116666666667
 30
0.0
  0
SEQEND
  5
559
330
554
100
AcDbEntity
  8
0
  6
Continuous
 62
    18
420
        0
370
    25
  0
POLYLINE
  5
55A
330
1F
100
AcDbEntity
  8
0
  6
Continuous
 62
    18
420
        0
370
    25
100
AcDb2dPolyline
 66
     1
 10
0.0
 20
0.0
 30
0.0
 70
     1
  0
VERTEX
  5
55B
330
55A
100
AcDbEntity
  8
0
  6
Continuous
 62
    18
420
        0
370
    25
100
AcDbVertex
100
AcDb2dVertex
 10
50.98391666666667
 20
18.45338541666668
 30
0.0
  0
VERTEX
  5
55C
330
55A
100
AcDbEntity
  8
0
  6
Continuous
 62
    18
420
        0
370
    25
100
AcDbVertex
100
AcDb2dVertex
 10
51.17141666666668
 20
18.45338541666668
 30
0.0
  0
VERTEX
  5
55D
330
55A
100
AcDbEntity
  8
0
  6
Continuous
 62
    18
420
        0
370
    25
100
AcDbVertex
100
AcDb2dVertex
 10
51.17141666666668
 20
18.64088541666668
 30
0.0
  0
VERTEX
  5
55E
330
55A
100
AcDbEntity
  8
0
  6
Continuous
 62
    18
420
        0
370
    25
100
AcDbVertex
100
AcDb2dVertex
 10
50.98391666666667
 20
18.64088541666668
 30
0.0
  0
SEQEND
  5
55F
330
55A
100
AcDbEntity
  8
0
  6
Continuous
 62
    18
420
        0
370
    25
  0
POLYLINE
  5
560
330
1F
100
AcDbEntity
  8
0
  6
Continuous
 62
    18
420
        0
370
    25
100
AcDb2dPolyline
 66
     1
 10
0.0
 20
0.0
 30
0.0
 70
     1
  0
VERTEX
  5
561
330
560
100
AcDbEntity
  8
0
  6
Continuous
 62
    18
420
        0
370
    25
100
AcDbVertex
100
AcDb2dVertex
 10
19.5
 20
19.03366666666666
 30
0.0
  0
VERTEX
  5
562
330
560
100
AcDbEntity
  8
0
  6
Continuous
 62
    18
420
        0
370
    25
100
AcDbVertex
100
AcDb2dVertex
 10
19.6875
 20
19.03366666666666
 30
0.0
  0
VERTEX
  5
563
330
560
100
AcDbEntity
  8
0
  6
Continuous
 62
    18
420
        0
370
    25
100
AcDbVertex
100
AcDb2dVertex
 10
19.6875
 20
19.22116666666667
 30
0.0
  0
VERTEX
  5
564
330
560
100
AcDbEntity
  8
0
  6
Continuous
 62
    18
420
        0
370
    25
100
AcDbVertex
100
AcDb2dVertex
 10
19.5
 20
19.22116666666667
 30
0.0
  0
SEQEND
  5
565
330
560
100
AcDbEntity
  8
0
  6
Continuous
 62
    18
420
        0
370
    25
  0
POLYLINE
  5
566
330
1F
100
AcDbEntity
  8
0
  6
Continuous
 62
    18
420
        0
370
    25
100
AcDb2dPolyline
 66
     1
 10
0.0
 20
0.0
 30
0.0
 70
     1
  0
VERTEX
  5
567
330
566
100
AcDbEntity
  8
0
  6
Continuous
 62
    18
420
        0
370
    25
100
AcDbVertex
100
AcDb2dVertex
 10
54.94208333333334
 20
13.61124479166668
 30
0.0
  0
VERTEX
  5
568
330
566
100
AcDbEntity
  8
0
  6
Continuous
 62
    18
420
        0
370
    25
100
AcDbVertex
100
AcDb2dVertex
 10
55.12958333333334
 20
13.61124479166668
 30
0.0
  0
VERTEX
  5
569
330
566
100
AcDbEntity
  8
0
  6
Continuous
 62
    18
420
        0
370
    25
100
AcDbVertex
100
AcDb2dVertex
 10
55.12958333333334
 20
13.79874479166668
 30
0.0
  0
VERTEX
  5
56A
330
566
100
AcDbEntity
  8
0
  6
Continuous
 62
    18
420
        0
370
    25
100
AcDbVertex
100
AcDb2dVertex
 10
54.94208333333334
 20
13.79874479166668
 30
0.0
  0
SEQEND
  5
56B
330
566
100
AcDbEntity
  8
0
  6
Continuous
 62
    18
420
        0
370
    25
  0
POLYLINE
  5
56C
330
1F
100
AcDbEntity
  8
0
  6
Continuous
 62
    18
420
        0
370
    25
100
AcDb2dPolyline
 66
     1
 10
0.0
 20
0.0
 30
0.0
 70
     1
  0
VERTEX
  5
56D
330
56C
100
AcDbEntity
  8
0
  6
Continuous
 62
    18
420
        0
370
    25
100
AcDbVertex
100
AcDb2dVertex
 10
55.86716666666666
 20
19.28091145833335
 30
0.0
  0
VERTEX
  5
56E
330
56C
100
AcDbEntity
  8
0
  6
Continuous
 62
    18
420
        0
370
    25
100
AcDbVertex
100
AcDb2dVertex
 10
55.86716666666666
 20
19.09341145833334
 30
0.0
  0
VERTEX
  5
56F
330
56C
100
AcDbEntity
  8
0
  6
Continuous
 62
    18
420
        0
370
    25
100
AcDbVertex
100
AcDb2dVertex
 10
56.05466666666668
 20
19.09341145833334
 30
0.0
  0
VERTEX
  5
570
330
56C
100
AcDbEntity
  8
0
  6
Continuous
 62
    18
420
        0
370
    25
100
AcDbVertex
100
AcDb2dVertex
 10
56.05466666666668
 20
19.28091145833335
 30
0.0
  0
SEQEND
  5
571
330
56C
100
AcDbEntity
  8
0
  6
Continuous
 62
    18
420
        0
370
    25
  0
POLYLINE
  5
572
330
1F
100
AcDbEntity
  8
0
  6
Continuous
 62
    18
420
        0
370
    25
100
AcDb2dPolyline
 66
     1
 10
0.0
 20
0.0
 30
0.0
 70
     1
  0
VERTEX
  5
573
330
572
100
AcDbEntity
  8
0
  6
Continuous
 62
    18
420
        0
370
    25
100
AcDbVertex
100
AcDb2dVertex
 10
55.86716666666666
 20
12.93091145833335
 30
0.0
  0
VERTEX
  5
574
330
572
100
AcDbEntity
  8
0
  6
Continuous
 62
    18
420
        0
370
    25
100
AcDbVertex
100
AcDb2dVertex
 10
55.86716666666666
 20
12.74341145833334
 30
0.0
  0
VERTEX
  5
575
330
572
100
AcDbEntity
  8
0
  6
Continuous
 62
    18
420
        0
370
    25
100
AcDbVertex
100
AcDb2dVertex
 10
56.05466666666668
 20
12.74341145833334
 30
0.0
  0
VERTEX
  5
576
330
572
100
AcDbEntity
  8
0
  6
Continuous
 62
    18
420
        0
370
    25
100
AcDbVertex
100
AcDb2dVertex
 10
56.05466666666668
 20
12.93091145833335
 30
0.0
  0
SEQEND
  5
577
330
572
100
AcDbEntity
  8
0
  6
Continuous
 62
    18
420
        0
370
    25
  0
POLYLINE
  5
578
330
1F
100
AcDbEntity
  8
0
  6
Continuous
 62
    18
420
        0
370
    25
100
AcDb2dPolyline
 66
     1
 10
0.0
 20
0.0
 30
0.0
 70
     1
  0
VERTEX
  5
579
330
578
100
AcDbEntity
  8
0
  6
Continuous
 62
    18
420
        0
370
    25
100
AcDbVertex
100
AcDb2dVertex
 10
59.891875
 20
19.89716666666666
 30
0.0
  0
VERTEX
  5
57A
330
578
100
AcDbEntity
  8
0
  6
Continuous
 62
    18
420
        0
370
    25
100
AcDbVertex
100
AcDb2dVertex
 10
60.079375
 20
19.89716666666666
 30
0.0
  0
VERTEX
  5
57B
330
578
100
AcDbEntity
  8
0
  6
Continuous
 62
    18
420
        0
370
    25
100
AcDbVertex
100
AcDb2dVertex
 10
60.079375
 20
20.08466666666667
 30
0.0
  0
VERTEX
  5
57C
330
578
100
AcDbEntity
  8
0
  6
Continuous
 62
    18
420
        0
370
    25
100
AcDbVertex
100
AcDb2dVertex
 10
59.891875
 20
20.08466666666667
 30
0.0
  0
SEQEND
  5
57D
330
578
100
AcDbEntity
  8
0
  6
Continuous
 62
    18
420
        0
370
    25
  0
POLYLINE
  5
57E
330
1F
100
AcDbEntity
  8
0
  6
Continuous
 62
    18
420
        0
370
    25
100
AcDb2dPolyline
 66
     1
 10
0.0
 20
0.0
 30
0.0
 70
     1
  0
VERTEX
  5
57F
330
57E
100
AcDbEntity
  8
0
  6
Continuous
 62
    18
420
        0
370
    25
100
AcDbVertex
100
AcDb2dVertex
 10
63.65624999999999
 20
22.05341666666666
 30
0.0
  0
VERTEX
  5
580
330
57E
100
AcDbEntity
  8
0
  6
Continuous
 62
    18
420
        0
370
    25
100
AcDbVertex
100
AcDb2dVertex
 10
63.65624999999999
 20
21.86591666666666
 30
0.0
  0
VERTEX
  5
581
330
57E
100
AcDbEntity
  8
0
  6
Continuous
 62
    18
420
        0
370
    25
100
AcDbVertex
100
AcDb2dVertex
 10
63.84375
 20
21.86591666666666
 30
0.0
  0
VERTEX
  5
582
330
57E
100
AcDbEntity
  8
0
  6
Continuous
 62
    18
420
        0
370
    25
100
AcDbVertex
100
AcDb2dVertex
 10
63.84375
 20
22.05341666666666
 30
0.0
  0
SEQEND
  5
583
330
57E
100
AcDbEntity
  8
0
  6
Continuous
 62
    18
420
        0
370
    25
  0
POLYLINE
  5
584
330
1F
100
AcDbEntity
  8
0
  6
Continuous
 62
    18
420
        0
370
    25
100
AcDb2dPolyline
 66
     1
 10
0.0
 20
0.0
 30
0.0
 70
     1
  0
VERTEX
  5
585
330
584
100
AcDbEntity
  8
0
  6
Continuous
 62
    18
420
        0
370
    25
100
AcDbVertex
100
AcDb2dVertex
 10
62.31979166666667
 20
20.08466666666667
 30
0.0
  0
VERTEX
  5
586
330
584
100
AcDbEntity
  8
0
  6
Continuous
 62
    18
420
        0
370
    25
100
AcDbVertex
100
AcDb2dVertex
 10
62.31979166666667
 20
19.89716666666666
 30
0.0
  0
VERTEX
  5
587
330
584
100
AcDbEntity
  8
0
  6
Continuous
 62
    18
420
        0
370
    25
100
AcDbVertex
100
AcDb2dVertex
 10
62.50729166666668
 20
19.89716666666666
 30
0.0
  0
VERTEX
  5
588
330
584
100
AcDbEntity
  8
0
  6
Continuous
 62
    18
420
        0
370
    25
100
AcDbVertex
100
AcDb2dVertex
 10
62.50729166666668
 20
20.08466666666667
 30
0.0
  0
SEQEND
  5
589
330
584
100
AcDbEntity
  8
0
  6
Continuous
 62
    18
420
        0
370
    25
  0
POLYLINE
  5
58A
330
1F
100
AcDbEntity
  8
0
  6
Continuous
 62
    18
420
        0
370
    25
100
AcDb2dPolyline
 66
     1
 10
0.0
 20
0.0
 30
0.0
 70
     1
  0
VERTEX
  5
58B
330
58A
100
AcDbEntity
  8
0
  6
Continuous
 62
    18
420
        0
370
    25
100
AcDbVertex
100
AcDb2dVertex
 10
59.891875
 20
17.082
 30
0.0
  0
VERTEX
  5
58C
330
58A
100
AcDbEntity
  8
0
  6
Continuous
 62
    18
420
        0
370
    25
100
AcDbVertex
100
AcDb2dVertex
 10
60.079375
 20
17.082
 30
0.0
  0
VERTEX
  5
58D
330
58A
100
AcDbEntity
  8
0
  6
Continuous
 62
    18
420
        0
370
    25
100
AcDbVertex
100
AcDb2dVertex
 10
60.079375
 20
17.2695
 30
0.0
  0
VERTEX
  5
58E
330
58A
100
AcDbEntity
  8
0
  6
Continuous
 62
    18
420
        0
370
    25
100
AcDbVertex
100
AcDb2dVertex
 10
59.891875
 20
17.2695
 30
0.0
  0
SEQEND
  5
58F
330
58A
100
AcDbEntity
  8
0
  6
Continuous
 62
    18
420
        0
370
    25
  0
POLYLINE
  5
590
330
1F
100
AcDbEntity
  8
0
  6
Continuous
 62
    18
420
        0
370
    25
100
AcDb2dPolyline
 66
     1
 10
0.0
 20
0.0
 30
0.0
 70
     1
  0
VERTEX
  5
591
330
590
100
AcDbEntity
  8
0
  6
Continuous
 62
    18
420
        0
370
    25
100
AcDbVertex
100
AcDb2dVertex
 10
59.891875
 20
11.0495
 30
0.0
  0
VERTEX
  5
592
330
590
100
AcDbEntity
  8
0
  6
Continuous
 62
    18
420
        0
370
    25
100
AcDbVertex
100
AcDb2dVertex
 10
60.079375
 20
11.0495
 30
0.0
  0
VERTEX
  5
593
330
590
100
AcDbEntity
  8
0
  6
Continuous
 62
    18
420
        0
370
    25
100
AcDbVertex
100
AcDb2dVertex
 10
60.079375
 20
11.23700000000001
 30
0.0
  0
VERTEX
  5
594
330
590
100
AcDbEntity
  8
0
  6
Continuous
 62
    18
420
        0
370
    25
100
AcDbVertex
100
AcDb2dVertex
 10
59.891875
 20
11.23700000000001
 30
0.0
  0
SEQEND
  5
595
330
590
100
AcDbEntity
  8
0
  6
Continuous
 62
    18
420
        0
370
    25
  0
POLYLINE
  5
596
330
1F
100
AcDbEntity
  8
0
  6
Continuous
 62
    18
420
        0
370
    25
100
AcDb2dPolyline
 66
     1
 10
0.0
 20
0.0
 30
0.0
 70
     1
  0
VERTEX
  5
597
330
596
100
AcDbEntity
  8
0
  6
Continuous
 62
    18
420
        0
370
    25
100
AcDbVertex
100
AcDb2dVertex
 10
59.891875
 20
14.43616666666667
 30
0.0
  0
VERTEX
  5
598
330
596
100
AcDbEntity
  8
0
  6
Continuous
 62
    18
420
        0
370
    25
100
AcDbVertex
100
AcDb2dVertex
 10
60.079375
 20
14.43616666666667
 30
0.0
  0
VERTEX
  5
599
330
596
100
AcDbEntity
  8
0
  6
Continuous
 62
    18
420
        0
370
    25
100
AcDbVertex
100
AcDb2dVertex
 10
60.079375
 20
14.62366666666667
 30
0.0
  0
VERTEX
  5
59A
330
596
100
AcDbEntity
  8
0
  6
Continuous
 62
    18
420
        0
370
    25
100
AcDbVertex
100
AcDb2dVertex
 10
59.891875
 20
14.62366666666667
 30
0.0
  0
SEQEND
  5
59B
330
596
100
AcDbEntity
  8
0
  6
Continuous
 62
    18
420
        0
370
    25
  0
POLYLINE
  5
59C
330
1F
100
AcDbEntity
  8
0
  6
Continuous
 62
    18
420
        0
370
    25
100
AcDb2dPolyline
 66
     1
 10
0.0
 20
0.0
 30
0.0
 70
     1
  0
VERTEX
  5
59D
330
59C
100
AcDbEntity
  8
0
  6
Continuous
 62
    18
420
        0
370
    25
100
AcDbVertex
100
AcDb2dVertex
 10
63.65624999999999
 20
16.59241666666667
 30
0.0
  0
VERTEX
  5
59E
330
59C
100
AcDbEntity
  8
0
  6
Continuous
 62
    18
420
        0
370
    25
100
AcDbVertex
100
AcDb2dVertex
 10
63.65624999999999
 20
16.40491666666666
 30
0.0
  0
VERTEX
  5
59F
330
59C
100
AcDbEntity
  8
0
  6
Continuous
 62
    18
420
        0
370
    25
100
AcDbVertex
100
AcDb2dVertex
 10
63.84375
 20
16.40491666666666
 30
0.0
  0
VERTEX
  5
5A0
330
59C
100
AcDbEntity
  8
0
  6
Continuous
 62
    18
420
        0
370
    25
100
AcDbVertex
100
AcDb2dVertex
 10
63.84375
 20
16.59241666666667
 30
0.0
  0
SEQEND
  5
5A1
330
59C
100
AcDbEntity
  8
0
  6
Continuous
 62
    18
420
        0
370
    25
  0
POLYLINE
  5
5A2
330
1F
100
AcDbEntity
  8
0
  6
Continuous
 62
    18
420
        0
370
    25
100
AcDb2dPolyline
 66
     1
 10
0.0
 20
0.0
 30
0.0
 70
     1
  0
VERTEX
  5
5A3
330
5A2
100
AcDbEntity
  8
0
  6
Continuous
 62
    18
420
        0
370
    25
100
AcDbVertex
100
AcDb2dVertex
 10
62.31979166666667
 20
14.62366666666667
 30
0.0
  0
VERTEX
  5
5A4
330
5A2
100
AcDbEntity
  8
0
  6
Continuous
 62
    18
420
        0
370
    25
100
AcDbVertex
100
AcDb2dVertex
 10
62.31979166666667
 20
14.43616666666667
 30
0.0
  0
VERTEX
  5
5A5
330
5A2
100
AcDbEntity
  8
0
  6
Continuous
 62
    18
420
        0
370
    25
100
AcDbVertex
100
AcDb2dVertex
 10
62.50729166666668
 20
14.43616666666667
 30
0.0
  0
VERTEX
  5
5A6
330
5A2
100
AcDbEntity
  8
0
  6
Continuous
 62
    18
420
        0
370
    25
100
AcDbVertex
100
AcDb2dVertex
 10
62.50729166666668
 20
14.62366666666667
 30
0.0
  0
SEQEND
  5
5A7
330
5A2
100
AcDbEntity
  8
0
  6
Continuous
 62
    18
420
        0
370
    25
  0
POLYLINE
  5
5A8
330
1F
100
AcDbEntity
  8
0
  6
Continuous
 62
    18
420
        0
370
    25
100
AcDb2dPolyline
 66
     1
 10
0.0
 20
0.0
 30
0.0
 70
     1
  0
VERTEX
  5
5A9
330
5A8
100
AcDbEntity
  8
0
  6
Continuous
 62
    18
420
        0
370
    25
100
AcDbVertex
100
AcDb2dVertex
 10
59.891875
 20
8.721166666666662
 30
0.0
  0
VERTEX
  5
5AA
330
5A8
100
AcDbEntity
  8
0
  6
Continuous
 62
    18
420
        0
370
    25
100
AcDbVertex
100
AcDb2dVertex
 10
60.079375
 20
8.721166666666662
 30
0.0
  0
VERTEX
  5
5AB
330
5A8
100
AcDbEntity
  8
0
  6
Continuous
 62
    18
420
        0
370
    25
100
AcDbVertex
100
AcDb2dVertex
 10
60.079375
 20
8.908666666666669
 30
0.0
  0
VERTEX
  5
5AC
330
5A8
100
AcDbEntity
  8
0
  6
Continuous
 62
    18
420
        0
370
    25
100
AcDbVertex
100
AcDb2dVertex
 10
59.891875
 20
8.908666666666669
 30
0.0
  0
SEQEND
  5
5AD
330
5A8
100
AcDbEntity
  8
0
  6
Continuous
 62
    18
420
        0
370
    25
  0
POLYLINE
  5
5AE
330
1F
100
AcDbEntity
  8
0
  6
Continuous
 62
    18
420
        0
370
    25
100
AcDb2dPolyline
 66
     1
 10
0.0
 20
0.0
 30
0.0
 70
     1
  0
VERTEX
  5
5AF
330
5AE
100
AcDbEntity
  8
0
  6
Continuous
 62
    18
420
        0
370
    25
100
AcDbVertex
100
AcDb2dVertex
 10
63.65625
 20
10.87741666666666
 30
0.0
  0
VERTEX
  5
5B0
330
5AE
100
AcDbEntity
  8
0
  6
Continuous
 62
    18
420
        0
370
    25
100
AcDbVertex
100
AcDb2dVertex
 10
63.65625
 20
10.68991666666666
 30
0.0
  0
VERTEX
  5
5B1
330
5AE
100
AcDbEntity
  8
0
  6
Continuous
 62
    18
420
        0
370
    25
100
AcDbVertex
100
AcDb2dVertex
 10
63.84375000000001
 20
10.68991666666666
 30
0.0
  0
VERTEX
  5
5B2
330
5AE
100
AcDbEntity
  8
0
  6
Continuous
 62
    18
420
        0
370
    25
100
AcDbVertex
100
AcDb2dVertex
 10
63.84375000000001
 20
10.87741666666666
 30
0.0
  0
SEQEND
  5
5B3
330
5AE
100
AcDbEntity
  8
0
  6
Continuous
 62
    18
420
        0
370
    25
  0
POLYLINE
  5
5B4
330
1F
100
AcDbEntity
  8
0
  6
Continuous
 62
    18
420
        0
370
    25
100
AcDb2dPolyline
 66
     1
 10
0.0
 20
0.0
 30
0.0
 70
     1
  0
VERTEX
  5
5B5
330
5B4
100
AcDbEntity
  8
0
  6
Continuous
 62
    18
420
        0
370
    25
100
AcDbVertex
100
AcDb2dVertex
 10
62.31979166666666
 20
8.908666666666669
 30
0.0
  0
VERTEX
  5
5B6
330
5B4
100
AcDbEntity
  8
0
  6
Continuous
 62
    18
420
        0
370
    25
100
AcDbVertex
100
AcDb2dVertex
 10
62.31979166666666
 20
8.721166666666662
 30
0.0
  0
VERTEX
  5
5B7
330
5B4
100
AcDbEntity
  8
0
  6
Continuous
 62
    18
420
        0
370
    25
100
AcDbVertex
100
AcDb2dVertex
 10
62.50729166666667
 20
8.721166666666662
 30
0.0
  0
VERTEX
  5
5B8
330
5B4
100
AcDbEntity
  8
0
  6
Continuous
 62
    18
420
        0
370
    25
100
AcDbVertex
100
AcDb2dVertex
 10
62.50729166666667
 20
8.908666666666669
 30
0.0
  0
SEQEND
  5
5B9
330
5B4
100
AcDbEntity
  8
0
  6
Continuous
 62
    18
420
        0
370
    25
  0
POLYLINE
  5
5BA
330
1F
100
AcDbEntity
  8
0
  6
Continuous
 62
    18
420
        0
370
    25
100
AcDb2dPolyline
 66
     1
 10
0.0
 20
0.0
 30
0.0
 70
     1
  0
VERTEX
  5
5BB
330
5BA
100
AcDbEntity
  8
0
  6
Continuous
 62
    18
420
        0
370
    25
100
AcDbVertex
100
AcDb2dVertex
 10
21.22358333333333
 20
13.61124479166668
 30
0.0
  0
VERTEX
  5
5BC
330
5BA
100
AcDbEntity
  8
0
  6
Continuous
 62
    18
420
        0
370
    25
100
AcDbVertex
100
AcDb2dVertex
 10
21.41108333333334
 20
13.61124479166668
 30
0.0
  0
VERTEX
  5
5BD
330
5BA
100
AcDbEntity
  8
0
  6
Continuous
 62
    18
420
        0
370
    25
100
AcDbVertex
100
AcDb2dVertex
 10
21.41108333333334
 20
13.79874479166668
 30
0.0
  0
VERTEX
  5
5BE
330
5BA
100
AcDbEntity
  8
0
  6
Continuous
 62
    18
420
        0
370
    25
100
AcDbVertex
100
AcDb2dVertex
 10
21.22358333333333
 20
13.79874479166668
 30
0.0
  0
SEQEND
  5
5BF
330
5BA
100
AcDbEntity
  8
0
  6
Continuous
 62
    18
420
        0
370
    25
  0
POLYLINE
  5
5C0
330
1F
100
AcDbEntity
  8
0
  6
Continuous
 62
    18
420
        0
370
    25
100
AcDb2dPolyline
 66
     1
 10
0.0
 20
0.0
 30
0.0
 70
     1
  0
VERTEX
  5
5C1
330
5C0
100
AcDbEntity
  8
0
  6
Continuous
 62
    18
420
        0
370
    25
100
AcDbVertex
100
AcDb2dVertex
 10
21.22358333333333
 20
18.45338541666668
 30
0.0
  0
VERTEX
  5
5C2
330
5C0
100
AcDbEntity
  8
0
  6
Continuous
 62
    18
420
        0
370
    25
100
AcDbVertex
100
AcDb2dVertex
 10
21.41108333333334
 20
18.45338541666668
 30
0.0
  0
VERTEX
  5
5C3
330
5C0
100
AcDbEntity
  8
0
  6
Continuous
 62
    18
420
        0
370
    25
100
AcDbVertex
100
AcDb2dVertex
 10
21.41108333333334
 20
18.64088541666668
 30
0.0
  0
VERTEX
  5
5C4
330
5C0
100
AcDbEntity
  8
0
  6
Continuous
 62
    18
420
        0
370
    25
100
AcDbVertex
100
AcDb2dVertex
 10
21.22358333333333
 20
18.64088541666668
 30
0.0
  0
SEQEND
  5
5C5
330
5C0
100
AcDbEntity
  8
0
  6
Continuous
 62
    18
420
        0
370
    25
  0
POLYLINE
  5
5C6
330
1F
100
AcDbEntity
  8
0
  6
Continuous
 62
    18
420
        0
370
    25
100
AcDb2dPolyline
 66
     1
 10
0.0
 20
0.0
 30
0.0
 70
     1
  0
VERTEX
  5
5C7
330
5C6
100
AcDbEntity
  8
0
  6
Continuous
 62
    18
420
        0
370
    25
100
AcDbVertex
100
AcDb2dVertex
 10
19.5
 20
12.47116666666665
 30
0.0
  0
VERTEX
  5
5C8
330
5C6
100
AcDbEntity
  8
0
  6
Continuous
 62
    18
420
        0
370
    25
100
AcDbVertex
100
AcDb2dVertex
 10
19.6875
 20
12.47116666666665
 30
0.0
  0
VERTEX
  5
5C9
330
5C6
100
AcDbEntity
  8
0
  6
Continuous
 62
    18
420
        0
370
    25
100
AcDbVertex
100
AcDb2dVertex
 10
19.6875
 20
12.65866666666666
 30
0.0
  0
VERTEX
  5
5CA
330
5C6
100
AcDbEntity
  8
0
  6
Continuous
 62
    18
420
        0
370
    25
100
AcDbVertex
100
AcDb2dVertex
 10
19.5
 20
12.65866666666666
 30
0.0
  0
SEQEND
  5
5CB
330
5C6
100
AcDbEntity
  8
0
  6
Continuous
 62
    18
420
        0
370
    25
  0
POLYLINE
  5
5CC
330
1F
100
AcDbEntity
  8
0
  6
Continuous
 62
    18
420
        0
370
    25
100
AcDb2dPolyline
 66
     1
 10
0.0
 20
0.0
 30
0.0
 70
     1
  0
VERTEX
  5
5CD
330
5CC
100
AcDbEntity
  8
0
  6
Continuous
 62
    18
420
        0
370
    25
100
AcDbVertex
100
AcDb2dVertex
 10
48.9245
 20
25.28083333333334
 30
0.0
  0
VERTEX
  5
5CE
330
5CC
100
AcDbEntity
  8
0
  6
Continuous
 62
    18
420
        0
370
    25
100
AcDbVertex
100
AcDb2dVertex
 10
48.9245
 20
25.09333333333334
 30
0.0
  0
VERTEX
  5
5CF
330
5CC
100
AcDbEntity
  8
0
  6
Continuous
 62
    18
420
        0
370
    25
100
AcDbVertex
100
AcDb2dVertex
 10
49.11200000000001
 20
25.09333333333334
 30
0.0
  0
VERTEX
  5
5D0
330
5CC
100
AcDbEntity
  8
0
  6
Continuous
 62
    18
420
        0
370
    25
100
AcDbVertex
100
AcDb2dVertex
 10
49.11200000000001
 20
25.28083333333334
 30
0.0
  0
SEQEND
  5
5D1
330
5CC
100
AcDbEntity
  8
0
  6
Continuous
 62
    18
420
        0
370
    25
  0
POLYLINE
  5
5D2
330
1F
100
AcDbEntity
  8
0
  6
Continuous
 62
    18
420
        0
370
    25
100
AcDb2dPolyline
 66
     1
 10
0.0
 20
0.0
 30
0.0
 70
     1
  0
VERTEX
  5
5D3
330
5D2
100
AcDbEntity
  8
0
  6
Continuous
 62
    18
420
        0
370
    25
100
AcDbVertex
100
AcDb2dVertex
 10
48.31066666666666
 20
23.52400000000001
 30
0.0
  0
VERTEX
  5
5D4
330
5D2
100
AcDbEntity
  8
0
  6
Continuous
 62
    18
420
        0
370
    25
100
AcDbVertex
100
AcDb2dVertex
 10
48.31066666666666
 20
23.3365
 30
0.0
  0
VERTEX
  5
5D5
330
5D2
100
AcDbEntity
  8
0
  6
Continuous
 62
    18
420
        0
370
    25
100
AcDbVertex
100
AcDb2dVertex
 10
48.49816666666668
 20
23.3365
 30
0.0
  0
VERTEX
  5
5D6
330
5D2
100
AcDbEntity
  8
0
  6
Continuous
 62
    18
420
        0
370
    25
100
AcDbVertex
100
AcDb2dVertex
 10
48.49816666666668
 20
23.52400000000001
 30
0.0
  0
SEQEND
  5
5D7
330
5D2
100
AcDbEntity
  8
0
  6
Continuous
 62
    18
420
        0
370
    25
  0
POLYLINE
  5
5D8
330
1F
100
AcDbEntity
  8
0
  6
Continuous
 62
    18
420
        0
370
    25
100
AcDb2dPolyline
 66
     1
 10
0.0
 20
0.0
 30
0.0
 70
     1
  0
VERTEX
  5
5D9
330
5D8
100
AcDbEntity
  8
0
  6
Continuous
 62
    18
420
        0
370
    25
100
AcDbVertex
100
AcDb2dVertex
 10
63.63837499999999
 20
26.51667708333336
 30
0.0
  0
VERTEX
  5
5DA
330
5D8
100
AcDbEntity
  8
0
  6
Continuous
 62
    18
420
        0
370
    25
100
AcDbVertex
100
AcDb2dVertex
 10
63.63837499999999
 20
26.32917708333335
 30
0.0
  0
VERTEX
  5
5DB
330
5D8
100
AcDbEntity
  8
0
  6
Continuous
 62
    18
420
        0
370
    25
100
AcDbVertex
100
AcDb2dVertex
 10
63.825875
 20
26.32917708333335
 30
0.0
  0
VERTEX
  5
5DC
330
5D8
100
AcDbEntity
  8
0
  6
Continuous
 62
    18
420
        0
370
    25
100
AcDbVertex
100
AcDb2dVertex
 10
63.825875
 20
26.51667708333336
 30
0.0
  0
SEQEND
  5
5DD
330
5D8
100
AcDbEntity
  8
0
  6
Continuous
 62
    18
420
        0
370
    25
  0
POLYLINE
  5
5DE
330
1F
100
AcDbEntity
  8
0
  6
Continuous
 62
    18
420
        0
370
    25
100
AcDb2dPolyline
 66
     1
 10
0.0
 20
0.0
 30
0.0
 70
     1
  0
VERTEX
  5
5DF
330
5DE
100
AcDbEntity
  8
0
  6
Continuous
 62
    18
420
        0
370
    25
100
AcDbVertex
100
AcDb2dVertex
 10
62.22020833333332
 20
25.41601041666669
 30
0.0
  0
VERTEX
  5
5E0
330
5DE
100
AcDbEntity
  8
0
  6
Continuous
 62
    18
420
        0
370
    25
100
AcDbVertex
100
AcDb2dVertex
 10
62.22020833333332
 20
25.22851041666668
 30
0.0
  0
VERTEX
  5
5E1
330
5DE
100
AcDbEntity
  8
0
  6
Continuous
 62
    18
420
        0
370
    25
100
AcDbVertex
100
AcDb2dVertex
 10
62.40770833333333
 20
25.22851041666668
 30
0.0
  0
VERTEX
  5
5E2
330
5DE
100
AcDbEntity
  8
0
  6
Continuous
 62
    18
420
        0
370
    25
100
AcDbVertex
100
AcDb2dVertex
 10
62.40770833333333
 20
25.41601041666669
 30
0.0
  0
SEQEND
  5
5E3
330
5DE
100
AcDbEntity
  8
0
  6
Continuous
 62
    18
420
        0
370
    25
  0
POLYLINE
  5
5E4
330
1F
100
AcDbEntity
  8
0
  6
Continuous
 62
    18
420
        0
370
    25
100
AcDb2dPolyline
 66
     1
 10
0.0
 20
0.0
 30
0.0
 70
     1
  0
VERTEX
  5
5E5
330
5E4
100
AcDbEntity
  8
0
  6
Continuous
 62
    18
420
        0
370
    25
100
AcDbVertex
100
AcDb2dVertex
 10
54.38854166666665
 20
25.77584375000002
 30
0.0
  0
VERTEX
  5
5E6
330
5E4
100
AcDbEntity
  8
0
  6
Continuous
 62
    18
420
        0
370
    25
100
AcDbVertex
100
AcDb2dVertex
 10
54.38854166666665
 20
25.58834375000001
 30
0.0
  0
VERTEX
  5
5E7
330
5E4
100
AcDbEntity
  8
0
  6
Continuous
 62
    18
420
        0
370
    25
100
AcDbVertex
100
AcDb2dVertex
 10
54.57604166666666
 20
25.58834375000001
 30
0.0
  0
VERTEX
  5
5E8
330
5E4
100
AcDbEntity
  8
0
  6
Continuous
 62
    18
420
        0
370
    25
100
AcDbVertex
100
AcDb2dVertex
 10
54.57604166666666
 20
25.77584375000002
 30
0.0
  0
SEQEND
  5
5E9
330
5E4
100
AcDbEntity
  8
0
  6
Continuous
 62
    18
420
        0
370
    25
  0
POLYLINE
  5
5EA
330
1F
100
AcDbEntity
  8
0
  6
Continuous
 62
    18
420
        0
370
    25
100
AcDb2dPolyline
 66
     1
 10
0.0
 20
0.0
 30
0.0
 70
     1
  0
VERTEX
  5
5EB
330
5EA
100
AcDbEntity
  8
0
  6
Continuous
 62
    18
420
        0
370
    25
100
AcDbVertex
100
AcDb2dVertex
 10
57.24604166666666
 20
27.76551041666669
 30
0.0
  0
VERTEX
  5
5EC
330
5EA
100
AcDbEntity
  8
0
  6
Continuous
 62
    18
420
        0
370
    25
100
AcDbVertex
100
AcDb2dVertex
 10
57.24604166666666
 20
27.57801041666668
 30
0.0
  0
VERTEX
  5
5ED
330
5EA
100
AcDbEntity
  8
0
  6
Continuous
 62
    18
420
        0
370
    25
100
AcDbVertex
100
AcDb2dVertex
 10
57.43354166666666
 20
27.57801041666668
 30
0.0
  0
VERTEX
  5
5EE
330
5EA
100
AcDbEntity
  8
0
  6
Continuous
 62
    18
420
        0
370
    25
100
AcDbVertex
100
AcDb2dVertex
 10
57.43354166666666
 20
27.76551041666669
 30
0.0
  0
SEQEND
  5
5EF
330
5EA
100
AcDbEntity
  8
0
  6
Continuous
 62
    18
420
        0
370
    25
  0
POLYLINE
  5
5F0
330
1F
100
AcDbEntity
  8
0
  6
Continuous
 62
    18
420
        0
370
    25
100
AcDb2dPolyline
 66
     1
 10
0.0
 20
0.0
 30
0.0
 70
     1
  0
VERTEX
  5
5F1
330
5F0
100
AcDbEntity
  8
0
  6
Continuous
 62
    18
420
        0
370
    25
100
AcDbVertex
100
AcDb2dVertex
 10
59.91304166666665
 20
27.76551041666669
 30
0.0
  0
VERTEX
  5
5F2
330
5F0
100
AcDbEntity
  8
0
  6
Continuous
 62
    18
420
        0
370
    25
100
AcDbVertex
100
AcDb2dVertex
 10
59.91304166666665
 20
27.57801041666668
 30
0.0
  0
VERTEX
  5
5F3
330
5F0
100
AcDbEntity
  8
0
  6
Continuous
 62
    18
420
        0
370
    25
100
AcDbVertex
100
AcDb2dVertex
 10
60.10054166666666
 20
27.57801041666668
 30
0.0
  0
VERTEX
  5
5F4
330
5F0
100
AcDbEntity
  8
0
  6
Continuous
 62
    18
420
        0
370
    25
100
AcDbVertex
100
AcDb2dVertex
 10
60.10054166666666
 20
27.76551041666669
 30
0.0
  0
SEQEND
  5
5F5
330
5F0
100
AcDbEntity
  8
0
  6
Continuous
 62
    18
420
        0
370
    25
  0
POLYLINE
  5
5F6
330
1F
100
AcDbEntity
  8
0
  6
Continuous
 62
    18
420
        0
370
    25
100
AcDb2dPolyline
 66
     1
 10
0.0
 20
0.0
 30
0.0
 70
     1
  0
VERTEX
  5
5F7
330
5F6
100
AcDbEntity
  8
0
  6
Continuous
 62
    18
420
        0
370
    25
100
AcDbVertex
100
AcDb2dVertex
 10
59.89187499999998
 20
25.41601041666669
 30
0.0
  0
VERTEX
  5
5F8
330
5F6
100
AcDbEntity
  8
0
  6
Continuous
 62
    18
420
        0
370
    25
100
AcDbVertex
100
AcDb2dVertex
 10
59.89187499999998
 20
25.22851041666668
 30
0.0
  0
VERTEX
  5
5F9
330
5F6
100
AcDbEntity
  8
0
  6
Continuous
 62
    18
420
        0
370
    25
100
AcDbVertex
100
AcDb2dVertex
 10
60.079375
 20
25.22851041666668
 30
0.0
  0
VERTEX
  5
5FA
330
5F6
100
AcDbEntity
  8
0
  6
Continuous
 62
    18
420
        0
370
    25
100
AcDbVertex
100
AcDb2dVertex
 10
60.079375
 20
25.41601041666669
 30
0.0
  0
SEQEND
  5
5FB
330
5F6
100
AcDbEntity
  8
0
  6
Continuous
 62
    18
420
        0
370
    25
  0
POLYLINE
  5
5FC
330
1F
100
AcDbEntity
  8
0
  6
Continuous
 62
    18
420
        0
370
    25
100
AcDb2dPolyline
 66
     1
 10
0.0
 20
0.0
 30
0.0
 70
     1
  0
VERTEX
  5
5FD
330
5FC
100
AcDbEntity
  8
0
  6
Continuous
 62
    18
420
        0
370
    25
100
AcDbVertex
100
AcDb2dVertex
 10
59.89187499999998
 20
21.54251041666668
 30
0.0
  0
VERTEX
  5
5FE
330
5FC
100
AcDbEntity
  8
0
  6
Continuous
 62
    18
420
        0
370
    25
100
AcDbVertex
100
AcDb2dVertex
 10
59.89187499999998
 20
21.35501041666668
 30
0.0
  0
VERTEX
  5
5FF
330
5FC
100
AcDbEntity
  8
0
  6
Continuous
 62
    18
420
        0
370
    25
100
AcDbVertex
100
AcDb2dVertex
 10
60.079375
 20
21.35501041666668
 30
0.0
  0
VERTEX
  5
600
330
5FC
100
AcDbEntity
  8
0
  6
Continuous
 62
    18
420
        0
370
    25
100
AcDbVertex
100
AcDb2dVertex
 10
60.079375
 20
21.54251041666668
 30
0.0
  0
SEQEND
  5
601
330
5FC
100
AcDbEntity
  8
0
  6
Continuous
 62
    18
420
        0
370
    25
  0
POLYLINE
  5
602
330
1F
100
AcDbEntity
  8
0
  6
Continuous
 62
    18
420
        0
370
    25
100
AcDb2dPolyline
 66
     1
 10
0.0
 20
0.0
 30
0.0
 70
     1
  0
VERTEX
  5
603
330
602
100
AcDbEntity
  8
0
  6
Continuous
 62
    18
420
        0
370
    25
100
AcDbVertex
100
AcDb2dVertex
 10
52.544
 20
21.54251041666668
 30
0.0
  0
VERTEX
  5
604
330
602
100
AcDbEntity
  8
0
  6
Continuous
 62
    18
420
        0
370
    25
100
AcDbVertex
100
AcDb2dVertex
 10
52.544
 20
21.35501041666668
 30
0.0
  0
VERTEX
  5
605
330
602
100
AcDbEntity
  8
0
  6
Continuous
 62
    18
420
        0
370
    25
100
AcDbVertex
100
AcDb2dVertex
 10
52.73150000000001
 20
21.35501041666668
 30
0.0
  0
VERTEX
  5
606
330
602
100
AcDbEntity
  8
0
  6
Continuous
 62
    18
420
        0
370
    25
100
AcDbVertex
100
AcDb2dVertex
 10
52.73150000000001
 20
21.54251041666668
 30
0.0
  0
SEQEND
  5
607
330
602
100
AcDbEntity
  8
0
  6
Continuous
 62
    18
420
        0
370
    25
  0
POLYLINE
  5
608
330
1F
100
AcDbEntity
  8
0
  6
Continuous
 62
    18
420
        0
370
    25
100
AcDb2dPolyline
 66
     1
 10
0.0
 20
0.0
 30
0.0
 70
     1
  0
VERTEX
  5
609
330
608
100
AcDbEntity
  8
0
  6
Continuous
 62
    18
420
        0
370
    25
100
AcDbVertex
100
AcDb2dVertex
 10
48.31066666666666
 20
21.54251041666668
 30
0.0
  0
VERTEX
  5
60A
330
608
100
AcDbEntity
  8
0
  6
Continuous
 62
    18
420
        0
370
    25
100
AcDbVertex
100
AcDb2dVertex
 10
48.31066666666666
 20
21.35501041666668
 30
0.0
  0
VERTEX
  5
60B
330
608
100
AcDbEntity
  8
0
  6
Continuous
 62
    18
420
        0
370
    25
100
AcDbVertex
100
AcDb2dVertex
 10
48.49816666666668
 20
21.35501041666668
 30
0.0
  0
VERTEX
  5
60C
330
608
100
AcDbEntity
  8
0
  6
Continuous
 62
    18
420
        0
370
    25
100
AcDbVertex
100
AcDb2dVertex
 10
48.49816666666668
 20
21.54251041666668
 30
0.0
  0
SEQEND
  5
60D
330
608
100
AcDbEntity
  8
0
  6
Continuous
 62
    18
420
        0
370
    25
  0
POLYLINE
  5
60E
330
1F
100
AcDbEntity
  8
0
  6
Continuous
 62
    18
420
        0
370
    25
100
AcDb2dPolyline
 66
     1
 10
0.0
 20
0.0
 30
0.0
 70
     1
  0
VERTEX
  5
60F
330
60E
100
AcDbEntity
  8
0
  6
Continuous
 62
    18
420
        0
370
    25
100
AcDbVertex
100
AcDb2dVertex
 10
46.2575
 20
25.28083333333334
 30
0.0
  0
VERTEX
  5
610
330
60E
100
AcDbEntity
  8
0
  6
Continuous
 62
    18
420
        0
370
    25
100
AcDbVertex
100
AcDb2dVertex
 10
46.2575
 20
25.09333333333334
 30
0.0
  0
VERTEX
  5
611
330
60E
100
AcDbEntity
  8
0
  6
Continuous
 62
    18
420
        0
370
    25
100
AcDbVertex
100
AcDb2dVertex
 10
46.44500000000001
 20
25.09333333333334
 30
0.0
  0
VERTEX
  5
612
330
60E
100
AcDbEntity
  8
0
  6
Continuous
 62
    18
420
        0
370
    25
100
AcDbVertex
100
AcDb2dVertex
 10
46.44500000000001
 20
25.28083333333334
 30
0.0
  0
SEQEND
  5
613
330
60E
100
AcDbEntity
  8
0
  6
Continuous
 62
    18
420
        0
370
    25
  0
POLYLINE
  5
614
330
1F
100
AcDbEntity
  8
0
  6
Continuous
 62
    18
420
        0
370
    25
100
AcDb2dPolyline
 66
     1
 10
0.0
 20
0.0
 30
0.0
 70
     1
  0
VERTEX
  5
615
330
614
100
AcDbEntity
  8
0
  6
Continuous
 62
    18
420
        0
370
    25
100
AcDbVertex
100
AcDb2dVertex
 10
45.64366666666667
 20
23.52400000000001
 30
0.0
  0
VERTEX
  5
616
330
614
100
AcDbEntity
  8
0
  6
Continuous
 62
    18
420
        0
370
    25
100
AcDbVertex
100
AcDb2dVertex
 10
45.64366666666667
 20
23.3365
 30
0.0
  0
VERTEX
  5
617
330
614
100
AcDbEntity
  8
0
  6
Continuous
 62
    18
420
        0
370
    25
100
AcDbVertex
100
AcDb2dVertex
 10
45.83116666666668
 20
23.3365
 30
0.0
  0
VERTEX
  5
618
330
614
100
AcDbEntity
  8
0
  6
Continuous
 62
    18
420
        0
370
    25
100
AcDbVertex
100
AcDb2dVertex
 10
45.83116666666668
 20
23.52400000000001
 30
0.0
  0
SEQEND
  5
619
330
614
100
AcDbEntity
  8
0
  6
Continuous
 62
    18
420
        0
370
    25
  0
POLYLINE
  5
61A
330
1F
100
AcDbEntity
  8
0
  6
Continuous
 62
    18
420
        0
370
    25
100
AcDb2dPolyline
 66
     1
 10
0.0
 20
0.0
 30
0.0
 70
     1
  0
VERTEX
  5
61B
330
61A
100
AcDbEntity
  8
0
  6
Continuous
 62
    18
420
        0
370
    25
100
AcDbVertex
100
AcDb2dVertex
 10
45.64366666666667
 20
19.95088020833335
 30
0.0
  0
VERTEX
  5
61C
330
61A
100
AcDbEntity
  8
0
  6
Continuous
 62
    18
420
        0
370
    25
100
AcDbVertex
100
AcDb2dVertex
 10
45.64366666666667
 20
19.76338020833334
 30
0.0
  0
VERTEX
  5
61D
330
61A
100
AcDbEntity
  8
0
  6
Continuous
 62
    18
420
        0
370
    25
100
AcDbVertex
100
AcDb2dVertex
 10
45.83116666666668
 20
19.76338020833334
 30
0.0
  0
VERTEX
  5
61E
330
61A
100
AcDbEntity
  8
0
  6
Continuous
 62
    18
420
        0
370
    25
100
AcDbVertex
100
AcDb2dVertex
 10
45.83116666666668
 20
19.95088020833335
 30
0.0
  0
SEQEND
  5
61F
330
61A
100
AcDbEntity
  8
0
  6
Continuous
 62
    18
420
        0
370
    25
  0
POLYLINE
  5
620
330
1F
100
AcDbEntity
  8
0
  6
Continuous
 62
    18
420
        0
370
    25
100
AcDb2dPolyline
 66
     1
 10
0.0
 20
0.0
 30
0.0
 70
     1
  0
VERTEX
  5
621
330
620
100
AcDbEntity
  8
0
  6
Continuous
 62
    18
420
        0
370
    25
100
AcDbVertex
100
AcDb2dVertex
 10
45.64366666666667
 20
21.54251041666668
 30
0.0
  0
VERTEX
  5
622
330
620
100
AcDbEntity
  8
0
  6
Continuous
 62
    18
420
        0
370
    25
100
AcDbVertex
100
AcDb2dVertex
 10
45.64366666666667
 20
21.35501041666668
 30
0.0
  0
VERTEX
  5
623
330
620
100
AcDbEntity
  8
0
  6
Continuous
 62
    18
420
        0
370
    25
100
AcDbVertex
100
AcDb2dVertex
 10
45.83116666666668
 20
21.35501041666668
 30
0.0
  0
VERTEX
  5
624
330
620
100
AcDbEntity
  8
0
  6
Continuous
 62
    18
420
        0
370
    25
100
AcDbVertex
100
AcDb2dVertex
 10
45.83116666666668
 20
21.54251041666668
 30
0.0
  0
SEQEND
  5
625
330
620
100
AcDbEntity
  8
0
  6
Continuous
 62
    18
420
        0
370
    25
  0
POLYLINE
  5
626
330
1F
100
AcDbEntity
  8
0
  6
Continuous
 62
    18
420
        0
370
    25
100
AcDb2dPolyline
 66
     1
 10
0.0
 20
0.0
 30
0.0
 70
     1
  0
VERTEX
  5
627
330
626
100
AcDbEntity
  8
0
  6
Continuous
 62
    18
420
        0
370
    25
100
AcDbVertex
100
AcDb2dVertex
 10
43.527
 20
25.28083333333334
 30
0.0
  0
VERTEX
  5
628
330
626
100
AcDbEntity
  8
0
  6
Continuous
 62
    18
420
        0
370
    25
100
AcDbVertex
100
AcDb2dVertex
 10
43.527
 20
25.09333333333334
 30
0.0
  0
VERTEX
  5
629
330
626
100
AcDbEntity
  8
0
  6
Continuous
 62
    18
420
        0
370
    25
100
AcDbVertex
100
AcDb2dVertex
 10
43.7145
 20
25.09333333333334
 30
0.0
  0
VERTEX
  5
62A
330
626
100
AcDbEntity
  8
0
  6
Continuous
 62
    18
420
        0
370
    25
100
AcDbVertex
100
AcDb2dVertex
 10
43.7145
 20
25.28083333333334
 30
0.0
  0
SEQEND
  5
62B
330
626
100
AcDbEntity
  8
0
  6
Continuous
 62
    18
420
        0
370
    25
  0
POLYLINE
  5
62C
330
1F
100
AcDbEntity
  8
0
  6
Continuous
 62
    18
420
        0
370
    25
100
AcDb2dPolyline
 66
     1
 10
0.0
 20
0.0
 30
0.0
 70
     1
  0
VERTEX
  5
62D
330
62C
100
AcDbEntity
  8
0
  6
Continuous
 62
    18
420
        0
370
    25
100
AcDbVertex
100
AcDb2dVertex
 10
42.91316666666667
 20
23.52400000000001
 30
0.0
  0
VERTEX
  5
62E
330
62C
100
AcDbEntity
  8
0
  6
Continuous
 62
    18
420
        0
370
    25
100
AcDbVertex
100
AcDb2dVertex
 10
42.91316666666667
 20
23.3365
 30
0.0
  0
VERTEX
  5
62F
330
62C
100
AcDbEntity
  8
0
  6
Continuous
 62
    18
420
        0
370
    25
100
AcDbVertex
100
AcDb2dVertex
 10
43.10066666666667
 20
23.3365
 30
0.0
  0
VERTEX
  5
630
330
62C
100
AcDbEntity
  8
0
  6
Continuous
 62
    18
420
        0
370
    25
100
AcDbVertex
100
AcDb2dVertex
 10
43.10066666666667
 20
23.52400000000001
 30
0.0
  0
SEQEND
  5
631
330
62C
100
AcDbEntity
  8
0
  6
Continuous
 62
    18
420
        0
370
    25
  0
POLYLINE
  5
632
330
1F
100
AcDbEntity
  8
0
  6
Continuous
 62
    18
420
        0
370
    25
100
AcDb2dPolyline
 66
     1
 10
0.0
 20
0.0
 30
0.0
 70
     1
  0
VERTEX
  5
633
330
632
100
AcDbEntity
  8
0
  6
Continuous
 62
    18
420
        0
370
    25
100
AcDbVertex
100
AcDb2dVertex
 10
42.91316666666667
 20
21.54251041666668
 30
0.0
  0
VERTEX
  5
634
330
632
100
AcDbEntity
  8
0
  6
Continuous
 62
    18
420
        0
370
    25
100
AcDbVertex
100
AcDb2dVertex
 10
42.91316666666667
 20
21.35501041666668
 30
0.0
  0
VERTEX
  5
635
330
632
100
AcDbEntity
  8
0
  6
Continuous
 62
    18
420
        0
370
    25
100
AcDbVertex
100
AcDb2dVertex
 10
43.10066666666667
 20
21.35501041666668
 30
0.0
  0
VERTEX
  5
636
330
632
100
AcDbEntity
  8
0
  6
Continuous
 62
    18
420
        0
370
    25
100
AcDbVertex
100
AcDb2dVertex
 10
43.10066666666667
 20
21.54251041666668
 30
0.0
  0
SEQEND
  5
637
330
632
100
AcDbEntity
  8
0
  6
Continuous
 62
    18
420
        0
370
    25
  0
POLYLINE
  5
638
330
1F
100
AcDbEntity
  8
0
  6
Continuous
 62
    18
420
        0
370
    25
100
AcDb2dPolyline
 66
     1
 10
0.0
 20
0.0
 30
0.0
 70
     1
  0
VERTEX
  5
639
330
638
100
AcDbEntity
  8
0
  6
Continuous
 62
    18
420
        0
370
    25
100
AcDbVertex
100
AcDb2dVertex
 10
40.86000000000001
 20
25.28083333333334
 30
0.0
  0
VERTEX
  5
63A
330
638
100
AcDbEntity
  8
0
  6
Continuous
 62
    18
420
        0
370
    25
100
AcDbVertex
100
AcDb2dVertex
 10
40.86000000000001
 20
25.09333333333334
 30
0.0
  0
VERTEX
  5
63B
330
638
100
AcDbEntity
  8
0
  6
Continuous
 62
    18
420
        0
370
    25
100
AcDbVertex
100
AcDb2dVertex
 10
41.04750000000001
 20
25.09333333333334
 30
0.0
  0
VERTEX
  5
63C
330
638
100
AcDbEntity
  8
0
  6
Continuous
 62
    18
420
        0
370
    25
100
AcDbVertex
100
AcDb2dVertex
 10
41.04750000000001
 20
25.28083333333334
 30
0.0
  0
SEQEND
  5
63D
330
638
100
AcDbEntity
  8
0
  6
Continuous
 62
    18
420
        0
370
    25
  0
POLYLINE
  5
63E
330
1F
100
AcDbEntity
  8
0
  6
Continuous
 62
    18
420
        0
370
    25
100
AcDb2dPolyline
 66
     1
 10
0.0
 20
0.0
 30
0.0
 70
     1
  0
VERTEX
  5
63F
330
63E
100
AcDbEntity
  8
0
  6
Continuous
 62
    18
420
        0
370
    25
100
AcDbVertex
100
AcDb2dVertex
 10
40.24616666666667
 20
23.52400000000001
 30
0.0
  0
VERTEX
  5
640
330
63E
100
AcDbEntity
  8
0
  6
Continuous
 62
    18
420
        0
370
    25
100
AcDbVertex
100
AcDb2dVertex
 10
40.24616666666667
 20
23.3365
 30
0.0
  0
VERTEX
  5
641
330
63E
100
AcDbEntity
  8
0
  6
Continuous
 62
    18
420
        0
370
    25
100
AcDbVertex
100
AcDb2dVertex
 10
40.43366666666667
 20
23.3365
 30
0.0
  0
VERTEX
  5
642
330
63E
100
AcDbEntity
  8
0
  6
Continuous
 62
    18
420
        0
370
    25
100
AcDbVertex
100
AcDb2dVertex
 10
40.43366666666667
 20
23.52400000000001
 30
0.0
  0
SEQEND
  5
643
330
63E
100
AcDbEntity
  8
0
  6
Continuous
 62
    18
420
        0
370
    25
  0
POLYLINE
  5
644
330
1F
100
AcDbEntity
  8
0
  6
Continuous
 62
    18
420
        0
370
    25
100
AcDb2dPolyline
 66
     1
 10
0.0
 20
0.0
 30
0.0
 70
     1
  0
VERTEX
  5
645
330
644
100
AcDbEntity
  8
0
  6
Continuous
 62
    18
420
        0
370
    25
100
AcDbVertex
100
AcDb2dVertex
 10
40.24616666666667
 20
21.54251041666668
 30
0.0
  0
VERTEX
  5
646
330
644
100
AcDbEntity
  8
0
  6
Continuous
 62
    18
420
        0
370
    25
100
AcDbVertex
100
AcDb2dVertex
 10
40.24616666666667
 20
21.35501041666668
 30
0.0
  0
VERTEX
  5
647
330
644
100
AcDbEntity
  8
0
  6
Continuous
 62
    18
420
        0
370
    25
100
AcDbVertex
100
AcDb2dVertex
 10
40.43366666666667
 20
21.35501041666668
 30
0.0
  0
VERTEX
  5
648
330
644
100
AcDbEntity
  8
0
  6
Continuous
 62
    18
420
        0
370
    25
100
AcDbVertex
100
AcDb2dVertex
 10
40.43366666666667
 20
21.54251041666668
 30
0.0
  0
SEQEND
  5
649
330
644
100
AcDbEntity
  8
0
  6
Continuous
 62
    18
420
        0
370
    25
  0
POLYLINE
  5
64A
330
1F
100
AcDbEntity
  8
0
  6
Continuous
 62
    18
420
        0
370
    25
100
AcDb2dPolyline
 66
     1
 10
0.0
 20
0.0
 30
0.0
 70
     1
  0
VERTEX
  5
64B
330
64A
100
AcDbEntity
  8
0
  6
Continuous
 62
    18
420
        0
370
    25
100
AcDbVertex
100
AcDb2dVertex
 10
38.02366666666667
 20
25.28083333333334
 30
0.0
  0
VERTEX
  5
64C
330
64A
100
AcDbEntity
  8
0
  6
Continuous
 62
    18
420
        0
370
    25
100
AcDbVertex
100
AcDb2dVertex
 10
38.02366666666667
 20
25.09333333333334
 30
0.0
  0
VERTEX
  5
64D
330
64A
100
AcDbEntity
  8
0
  6
Continuous
 62
    18
420
        0
370
    25
100
AcDbVertex
100
AcDb2dVertex
 10
38.21116666666668
 20
25.09333333333334
 30
0.0
  0
VERTEX
  5
64E
330
64A
100
AcDbEntity
  8
0
  6
Continuous
 62
    18
420
        0
370
    25
100
AcDbVertex
100
AcDb2dVertex
 10
38.21116666666668
 20
25.28083333333334
 30
0.0
  0
SEQEND
  5
64F
330
64A
100
AcDbEntity
  8
0
  6
Continuous
 62
    18
420
        0
370
    25
  0
POLYLINE
  5
650
330
1F
100
AcDbEntity
  8
0
  6
Continuous
 62
    18
420
        0
370
    25
100
AcDb2dPolyline
 66
     1
 10
0.0
 20
0.0
 30
0.0
 70
     1
  0
VERTEX
  5
651
330
650
100
AcDbEntity
  8
0
  6
Continuous
 62
    18
420
        0
370
    25
100
AcDbVertex
100
AcDb2dVertex
 10
37.40983333333334
 20
23.52400000000001
 30
0.0
  0
VERTEX
  5
652
330
650
100
AcDbEntity
  8
0
  6
Continuous
 62
    18
420
        0
370
    25
100
AcDbVertex
100
AcDb2dVertex
 10
37.40983333333334
 20
23.3365
 30
0.0
  0
VERTEX
  5
653
330
650
100
AcDbEntity
  8
0
  6
Continuous
 62
    18
420
        0
370
    25
100
AcDbVertex
100
AcDb2dVertex
 10
37.59733333333335
 20
23.3365
 30
0.0
  0
VERTEX
  5
654
330
650
100
AcDbEntity
  8
0
  6
Continuous
 62
    18
420
        0
370
    25
100
AcDbVertex
100
AcDb2dVertex
 10
37.59733333333335
 20
23.52400000000001
 30
0.0
  0
SEQEND
  5
655
330
650
100
AcDbEntity
  8
0
  6
Continuous
 62
    18
420
        0
370
    25
  0
POLYLINE
  5
656
330
1F
100
AcDbEntity
  8
0
  6
Continuous
 62
    18
420
        0
370
    25
100
AcDb2dPolyline
 66
     1
 10
0.0
 20
0.0
 30
0.0
 70
     1
  0
VERTEX
  5
657
330
656
100
AcDbEntity
  8
0
  6
Continuous
 62
    18
420
        0
370
    25
100
AcDbVertex
100
AcDb2dVertex
 10
37.40983333333334
 20
21.54251041666668
 30
0.0
  0
VERTEX
  5
658
330
656
100
AcDbEntity
  8
0
  6
Continuous
 62
    18
420
        0
370
    25
100
AcDbVertex
100
AcDb2dVertex
 10
37.40983333333334
 20
21.35501041666668
 30
0.0
  0
VERTEX
  5
659
330
656
100
AcDbEntity
  8
0
  6
Continuous
 62
    18
420
        0
370
    25
100
AcDbVertex
100
AcDb2dVertex
 10
37.59733333333335
 20
21.35501041666668
 30
0.0
  0
VERTEX
  5
65A
330
656
100
AcDbEntity
  8
0
  6
Continuous
 62
    18
420
        0
370
    25
100
AcDbVertex
100
AcDb2dVertex
 10
37.59733333333335
 20
21.54251041666668
 30
0.0
  0
SEQEND
  5
65B
330
656
100
AcDbEntity
  8
0
  6
Continuous
 62
    18
420
        0
370
    25
  0
POLYLINE
  5
65C
330
1F
100
AcDbEntity
  8
0
  6
Continuous
 62
    18
420
        0
370
    25
100
AcDb2dPolyline
 66
     1
 10
0.0
 20
0.0
 30
0.0
 70
     1
  0
VERTEX
  5
65D
330
65C
100
AcDbEntity
  8
0
  6
Continuous
 62
    18
420
        0
370
    25
100
AcDbVertex
100
AcDb2dVertex
 10
35.27200000000001
 20
25.28083333333334
 30
0.0
  0
VERTEX
  5
65E
330
65C
100
AcDbEntity
  8
0
  6
Continuous
 62
    18
420
        0
370
    25
100
AcDbVertex
100
AcDb2dVertex
 10
35.27200000000001
 20
25.09333333333334
 30
0.0
  0
VERTEX
  5
65F
330
65C
100
AcDbEntity
  8
0
  6
Continuous
 62
    18
420
        0
370
    25
100
AcDbVertex
100
AcDb2dVertex
 10
35.45950000000001
 20
25.09333333333334
 30
0.0
  0
VERTEX
  5
660
330
65C
100
AcDbEntity
  8
0
  6
Continuous
 62
    18
420
        0
370
    25
100
AcDbVertex
100
AcDb2dVertex
 10
35.45950000000001
 20
25.28083333333334
 30
0.0
  0
SEQEND
  5
661
330
65C
100
AcDbEntity
  8
0
  6
Continuous
 62
    18
420
        0
370
    25
  0
POLYLINE
  5
662
330
1F
100
AcDbEntity
  8
0
  6
Continuous
 62
    18
420
        0
370
    25
100
AcDb2dPolyline
 66
     1
 10
0.0
 20
0.0
 30
0.0
 70
     1
  0
VERTEX
  5
663
330
662
100
AcDbEntity
  8
0
  6
Continuous
 62
    18
420
        0
370
    25
100
AcDbVertex
100
AcDb2dVertex
 10
34.65816666666667
 20
23.52400000000001
 30
0.0
  0
VERTEX
  5
664
330
662
100
AcDbEntity
  8
0
  6
Continuous
 62
    18
420
        0
370
    25
100
AcDbVertex
100
AcDb2dVertex
 10
34.65816666666667
 20
23.3365
 30
0.0
  0
VERTEX
  5
665
330
662
100
AcDbEntity
  8
0
  6
Continuous
 62
    18
420
        0
370
    25
100
AcDbVertex
100
AcDb2dVertex
 10
34.84566666666667
 20
23.3365
 30
0.0
  0
VERTEX
  5
666
330
662
100
AcDbEntity
  8
0
  6
Continuous
 62
    18
420
        0
370
    25
100
AcDbVertex
100
AcDb2dVertex
 10
34.84566666666667
 20
23.52400000000001
 30
0.0
  0
SEQEND
  5
667
330
662
100
AcDbEntity
  8
0
  6
Continuous
 62
    18
420
        0
370
    25
  0
POLYLINE
  5
668
330
1F
100
AcDbEntity
  8
0
  6
Continuous
 62
    18
420
        0
370
    25
100
AcDb2dPolyline
 66
     1
 10
0.0
 20
0.0
 30
0.0
 70
     1
  0
VERTEX
  5
669
330
668
100
AcDbEntity
  8
0
  6
Continuous
 62
    18
420
        0
370
    25
100
AcDbVertex
100
AcDb2dVertex
 10
46.09916666666668
 20
15.34766666666667
 30
0.0
  0
VERTEX
  5
66A
330
668
100
AcDbEntity
  8
0
  6
Continuous
 62
    18
420
        0
370
    25
100
AcDbVertex
100
AcDb2dVertex
 10
46.09916666666668
 20
15.16016666666667
 30
0.0
  0
VERTEX
  5
66B
330
668
100
AcDbEntity
  8
0
  6
Continuous
 62
    18
420
        0
370
    25
100
AcDbVertex
100
AcDb2dVertex
 10
46.28666666666668
 20
15.16016666666667
 30
0.0
  0
VERTEX
  5
66C
330
668
100
AcDbEntity
  8
0
  6
Continuous
 62
    18
420
        0
370
    25
100
AcDbVertex
100
AcDb2dVertex
 10
46.28666666666668
 20
15.34766666666667
 30
0.0
  0
SEQEND
  5
66D
330
668
100
AcDbEntity
  8
0
  6
Continuous
 62
    18
420
        0
370
    25
  0
POLYLINE
  5
66E
330
1F
100
AcDbEntity
  8
0
  6
Continuous
 62
    18
420
        0
370
    25
100
AcDb2dPolyline
 66
     1
 10
0.0
 20
0.0
 30
0.0
 70
     1
  0
VERTEX
  5
66F
330
66E
100
AcDbEntity
  8
0
  6
Continuous
 62
    18
420
        0
370
    25
100
AcDbVertex
100
AcDb2dVertex
 10
46.09916666666668
 20
17.40083333333333
 30
0.0
  0
VERTEX
  5
670
330
66E
100
AcDbEntity
  8
0
  6
Continuous
 62
    18
420
        0
370
    25
100
AcDbVertex
100
AcDb2dVertex
 10
46.09916666666668
 20
17.21333333333333
 30
0.0
  0
VERTEX
  5
671
330
66E
100
AcDbEntity
  8
0
  6
Continuous
 62
    18
420
        0
370
    25
100
AcDbVertex
100
AcDb2dVertex
 10
46.28666666666668
 20
17.21333333333333
 30
0.0
  0
VERTEX
  5
672
330
66E
100
AcDbEntity
  8
0
  6
Continuous
 62
    18
420
        0
370
    25
100
AcDbVertex
100
AcDb2dVertex
 10
46.28666666666668
 20
17.40083333333333
 30
0.0
  0
SEQEND
  5
673
330
66E
100
AcDbEntity
  8
0
  6
Continuous
 62
    18
420
        0
370
    25
  0
POLYLINE
  5
674
330
1F
100
AcDbEntity
  8
0
  6
Continuous
 62
    18
420
        0
370
    25
100
AcDb2dPolyline
 66
     1
 10
0.0
 20
0.0
 30
0.0
 70
     1
  0
VERTEX
  5
675
330
674
100
AcDbEntity
  8
0
  6
Continuous
 62
    18
420
        0
370
    25
100
AcDbVertex
100
AcDb2dVertex
 10
42.71250000000001
 20
17.40083333333333
 30
0.0
  0
VERTEX
  5
676
330
674
100
AcDbEntity
  8
0
  6
Continuous
 62
    18
420
        0
370
    25
100
AcDbVertex
100
AcDb2dVertex
 10
42.71250000000001
 20
17.21333333333333
 30
0.0
  0
VERTEX
  5
677
330
674
100
AcDbEntity
  8
0
  6
Continuous
 62
    18
420
        0
370
    25
100
AcDbVertex
100
AcDb2dVertex
 10
42.90000000000002
 20
17.21333333333333
 30
0.0
  0
VERTEX
  5
678
330
674
100
AcDbEntity
  8
0
  6
Continuous
 62
    18
420
        0
370
    25
100
AcDbVertex
100
AcDb2dVertex
 10
42.90000000000002
 20
17.40083333333333
 30
0.0
  0
SEQEND
  5
679
330
674
100
AcDbEntity
  8
0
  6
Continuous
 62
    18
420
        0
370
    25
  0
POLYLINE
  5
67A
330
1F
100
AcDbEntity
  8
0
  6
Continuous
 62
    18
420
        0
370
    25
100
AcDb2dPolyline
 66
     1
 10
0.0
 20
0.0
 30
0.0
 70
     1
  0
VERTEX
  5
67B
330
67A
100
AcDbEntity
  8
0
  6
Continuous
 62
    18
420
        0
370
    25
100
AcDbVertex
100
AcDb2dVertex
 10
46.09916666666668
 20
19.22116666666667
 30
0.0
  0
VERTEX
  5
67C
330
67A
100
AcDbEntity
  8
0
  6
Continuous
 62
    18
420
        0
370
    25
100
AcDbVertex
100
AcDb2dVertex
 10
46.09916666666668
 20
19.03366666666667
 30
0.0
  0
VERTEX
  5
67D
330
67A
100
AcDbEntity
  8
0
  6
Continuous
 62
    18
420
        0
370
    25
100
AcDbVertex
100
AcDb2dVertex
 10
46.28666666666668
 20
19.03366666666667
 30
0.0
  0
VERTEX
  5
67E
330
67A
100
AcDbEntity
  8
0
  6
Continuous
 62
    18
420
        0
370
    25
100
AcDbVertex
100
AcDb2dVertex
 10
46.28666666666668
 20
19.22116666666667
 30
0.0
  0
SEQEND
  5
67F
330
67A
100
AcDbEntity
  8
0
  6
Continuous
 62
    18
420
        0
370
    25
  0
POLYLINE
  5
680
330
1F
100
AcDbEntity
  8
0
  6
Continuous
 62
    18
420
        0
370
    25
100
AcDb2dPolyline
 66
     1
 10
0.0
 20
0.0
 30
0.0
 70
     1
  0
VERTEX
  5
681
330
680
100
AcDbEntity
  8
0
  6
Continuous
 62
    18
420
        0
370
    25
100
AcDbVertex
100
AcDb2dVertex
 10
42.71250000000001
 20
15.34766666666667
 30
0.0
  0
VERTEX
  5
682
330
680
100
AcDbEntity
  8
0
  6
Continuous
 62
    18
420
        0
370
    25
100
AcDbVertex
100
AcDb2dVertex
 10
42.71250000000001
 20
15.16016666666667
 30
0.0
  0
VERTEX
  5
683
330
680
100
AcDbEntity
  8
0
  6
Continuous
 62
    18
420
        0
370
    25
100
AcDbVertex
100
AcDb2dVertex
 10
42.90000000000002
 20
15.16016666666667
 30
0.0
  0
VERTEX
  5
684
330
680
100
AcDbEntity
  8
0
  6
Continuous
 62
    18
420
        0
370
    25
100
AcDbVertex
100
AcDb2dVertex
 10
42.90000000000002
 20
15.34766666666667
 30
0.0
  0
SEQEND
  5
685
330
680
100
AcDbEntity
  8
0
  6
Continuous
 62
    18
420
        0
370
    25
  0
POLYLINE
  5
686
330
1F
100
AcDbEntity
  8
0
  6
Continuous
 62
    18
420
        0
370
    25
100
AcDb2dPolyline
 66
     1
 10
0.0
 20
0.0
 30
0.0
 70
     1
  0
VERTEX
  5
687
330
686
100
AcDbEntity
  8
0
  6
Continuous
 62
    18
420
        0
370
    25
100
AcDbVertex
100
AcDb2dVertex
 10
42.71250000000001
 20
19.22116666666667
 30
0.0
  0
VERTEX
  5
688
330
686
100
AcDbEntity
  8
0
  6
Continuous
 62
    18
420
        0
370
    25
100
AcDbVertex
100
AcDb2dVertex
 10
42.71250000000001
 20
19.03366666666667
 30
0.0
  0
VERTEX
  5
689
330
686
100
AcDbEntity
  8
0
  6
Continuous
 62
    18
420
        0
370
    25
100
AcDbVertex
100
AcDb2dVertex
 10
42.90000000000002
 20
19.03366666666667
 30
0.0
  0
VERTEX
  5
68A
330
686
100
AcDbEntity
  8
0
  6
Continuous
 62
    18
420
        0
370
    25
100
AcDbVertex
100
AcDb2dVertex
 10
42.90000000000002
 20
19.22116666666667
 30
0.0
  0
SEQEND
  5
68B
330
686
100
AcDbEntity
  8
0
  6
Continuous
 62
    18
420
        0
370
    25
  0
POLYLINE
  5
68C
330
1F
100
AcDbEntity
  8
0
  6
Continuous
 62
    18
420
        0
370
    25
100
AcDb2dPolyline
 66
     1
 10
0.0
 20
0.0
 30
0.0
 70
     1
  0
VERTEX
  5
68D
330
68C
100
AcDbEntity
  8
0
  6
Continuous
 62
    18
420
        0
370
    25
100
AcDbVertex
100
AcDb2dVertex
 10
38.74333333333334
 20
15.80634375000002
 30
0.0
  0
VERTEX
  5
68E
330
68C
100
AcDbEntity
  8
0
  6
Continuous
 62
    18
420
        0
370
    25
100
AcDbVertex
100
AcDb2dVertex
 10
38.74333333333334
 20
15.61884375000002
 30
0.0
  0
VERTEX
  5
68F
330
68C
100
AcDbEntity
  8
0
  6
Continuous
 62
    18
420
        0
370
    25
100
AcDbVertex
100
AcDb2dVertex
 10
38.93083333333334
 20
15.61884375000002
 30
0.0
  0
VERTEX
  5
690
330
68C
100
AcDbEntity
  8
0
  6
Continuous
 62
    18
420
        0
370
    25
100
AcDbVertex
100
AcDb2dVertex
 10
38.93083333333334
 20
15.80634375000002
 30
0.0
  0
SEQEND
  5
691
330
68C
100
AcDbEntity
  8
0
  6
Continuous
 62
    18
420
        0
370
    25
  0
POLYLINE
  5
692
330
1F
100
AcDbEntity
  8
0
  6
Continuous
 62
    18
420
        0
370
    25
100
AcDb2dPolyline
 66
     1
 10
0.0
 20
0.0
 30
0.0
 70
     1
  0
VERTEX
  5
693
330
692
100
AcDbEntity
  8
0
  6
Continuous
 62
    18
420
        0
370
    25
100
AcDbVertex
100
AcDb2dVertex
 10
38.74333333333334
 20
17.81717708333335
 30
0.0
  0
VERTEX
  5
694
330
692
100
AcDbEntity
  8
0
  6
Continuous
 62
    18
420
        0
370
    25
100
AcDbVertex
100
AcDb2dVertex
 10
38.74333333333334
 20
17.62967708333335
 30
0.0
  0
VERTEX
  5
695
330
692
100
AcDbEntity
  8
0
  6
Continuous
 62
    18
420
        0
370
    25
100
AcDbVertex
100
AcDb2dVertex
 10
38.93083333333334
 20
17.62967708333335
 30
0.0
  0
VERTEX
  5
696
330
692
100
AcDbEntity
  8
0
  6
Continuous
 62
    18
420
        0
370
    25
100
AcDbVertex
100
AcDb2dVertex
 10
38.93083333333334
 20
17.81717708333335
 30
0.0
  0
SEQEND
  5
697
330
692
100
AcDbEntity
  8
0
  6
Continuous
 62
    18
420
        0
370
    25
  0
POLYLINE
  5
698
330
1F
100
AcDbEntity
  8
0
  6
Continuous
 62
    18
420
        0
370
    25
100
AcDb2dPolyline
 66
     1
 10
0.0
 20
0.0
 30
0.0
 70
     1
  0
VERTEX
  5
699
330
698
100
AcDbEntity
  8
0
  6
Continuous
 62
    18
420
        0
370
    25
100
AcDbVertex
100
AcDb2dVertex
 10
34.27716666666667
 20
17.81717708333335
 30
0.0
  0
VERTEX
  5
69A
330
698
100
AcDbEntity
  8
0
  6
Continuous
 62
    18
420
        0
370
    25
100
AcDbVertex
100
AcDb2dVertex
 10
34.27716666666667
 20
17.62967708333335
 30
0.0
  0
VERTEX
  5
69B
330
698
100
AcDbEntity
  8
0
  6
Continuous
 62
    18
420
        0
370
    25
100
AcDbVertex
100
AcDb2dVertex
 10
34.46466666666667
 20
17.62967708333335
 30
0.0
  0
VERTEX
  5
69C
330
698
100
AcDbEntity
  8
0
  6
Continuous
 62
    18
420
        0
370
    25
100
AcDbVertex
100
AcDb2dVertex
 10
34.46466666666667
 20
17.81717708333335
 30
0.0
  0
SEQEND
  5
69D
330
698
100
AcDbEntity
  8
0
  6
Continuous
 62
    18
420
        0
370
    25
  0
POLYLINE
  5
69E
330
1F
100
AcDbEntity
  8
0
  6
Continuous
 62
    18
420
        0
370
    25
100
AcDb2dPolyline
 66
     1
 10
0.0
 20
0.0
 30
0.0
 70
     1
  0
VERTEX
  5
69F
330
69E
100
AcDbEntity
  8
0
  6
Continuous
 62
    18
420
        0
370
    25
100
AcDbVertex
100
AcDb2dVertex
 10
38.74333333333334
 20
19.67984375000002
 30
0.0
  0
VERTEX
  5
6A0
330
69E
100
AcDbEntity
  8
0
  6
Continuous
 62
    18
420
        0
370
    25
100
AcDbVertex
100
AcDb2dVertex
 10
38.74333333333334
 20
19.49234375000001
 30
0.0
  0
VERTEX
  5
6A1
330
69E
100
AcDbEntity
  8
0
  6
Continuous
 62
    18
420
        0
370
    25
100
AcDbVertex
100
AcDb2dVertex
 10
38.93083333333334
 20
19.49234375000001
 30
0.0
  0
VERTEX
  5
6A2
330
69E
100
AcDbEntity
  8
0
  6
Continuous
 62
    18
420
        0
370
    25
100
AcDbVertex
100
AcDb2dVertex
 10
38.93083333333334
 20
19.67984375000002
 30
0.0
  0
SEQEND
  5
6A3
330
69E
100
AcDbEntity
  8
0
  6
Continuous
 62
    18
420
        0
370
    25
  0
POLYLINE
  5
6A4
330
1F
100
AcDbEntity
  8
0
  6
Continuous
 62
    18
420
        0
370
    25
100
AcDb2dPolyline
 66
     1
 10
0.0
 20
0.0
 30
0.0
 70
     1
  0
VERTEX
  5
6A5
330
6A4
100
AcDbEntity
  8
0
  6
Continuous
 62
    18
420
        0
370
    25
100
AcDbVertex
100
AcDb2dVertex
 10
34.27716666666667
 20
15.80634375000002
 30
0.0
  0
VERTEX
  5
6A6
330
6A4
100
AcDbEntity
  8
0
  6
Continuous
 62
    18
420
        0
370
    25
100
AcDbVertex
100
AcDb2dVertex
 10
34.27716666666667
 20
15.61884375000001
 30
0.0
  0
VERTEX
  5
6A7
330
6A4
100
AcDbEntity
  8
0
  6
Continuous
 62
    18
420
        0
370
    25
100
AcDbVertex
100
AcDb2dVertex
 10
34.46466666666667
 20
15.61884375000001
 30
0.0
  0
VERTEX
  5
6A8
330
6A4
100
AcDbEntity
  8
0
  6
Continuous
 62
    18
420
        0
370
    25
100
AcDbVertex
100
AcDb2dVertex
 10
34.46466666666667
 20
15.80634375000002
 30
0.0
  0
SEQEND
  5
6A9
330
6A4
100
AcDbEntity
  8
0
  6
Continuous
 62
    18
420
        0
370
    25
  0
POLYLINE
  5
6AA
330
1F
100
AcDbEntity
  8
0
  6
Continuous
 62
    18
420
        0
370
    25
100
AcDb2dPolyline
 66
     1
 10
0.0
 20
0.0
 30
0.0
 70
     1
  0
VERTEX
  5
6AB
330
6AA
100
AcDbEntity
  8
0
  6
Continuous
 62
    18
420
        0
370
    25
100
AcDbVertex
100
AcDb2dVertex
 10
34.27716666666667
 20
19.67984375000002
 30
0.0
  0
VERTEX
  5
6AC
330
6AA
100
AcDbEntity
  8
0
  6
Continuous
 62
    18
420
        0
370
    25
100
AcDbVertex
100
AcDb2dVertex
 10
34.27716666666667
 20
19.49234375000001
 30
0.0
  0
VERTEX
  5
6AD
330
6AA
100
AcDbEntity
  8
0
  6
Continuous
 62
    18
420
        0
370
    25
100
AcDbVertex
100
AcDb2dVertex
 10
34.46466666666667
 20
19.49234375000001
 30
0.0
  0
VERTEX
  5
6AE
330
6AA
100
AcDbEntity
  8
0
  6
Continuous
 62
    18
420
        0
370
    25
100
AcDbVertex
100
AcDb2dVertex
 10
34.46466666666667
 20
19.67984375000002
 30
0.0
  0
SEQEND
  5
6AF
330
6AA
100
AcDbEntity
  8
0
  6
Continuous
 62
    18
420
        0
370
    25
  0
POLYLINE
  5
6B0
330
1F
100
AcDbEntity
  8
0
  6
Continuous
 62
    18
420
        0
370
    25
100
AcDb2dPolyline
 66
     1
 10
0.0
 20
0.0
 30
0.0
 70
     1
  0
VERTEX
  5
6B1
330
6B0
100
AcDbEntity
  8
0
  6
Continuous
 62
    18
420
        0
370
    25
100
AcDbVertex
100
AcDb2dVertex
 10
34.65816666666667
 20
19.95088020833335
 30
0.0
  0
VERTEX
  5
6B2
330
6B0
100
AcDbEntity
  8
0
  6
Continuous
 62
    18
420
        0
370
    25
100
AcDbVertex
100
AcDb2dVertex
 10
34.65816666666667
 20
19.76338020833334
 30
0.0
  0
VERTEX
  5
6B3
330
6B0
100
AcDbEntity
  8
0
  6
Continuous
 62
    18
420
        0
370
    25
100
AcDbVertex
100
AcDb2dVertex
 10
34.84566666666667
 20
19.76338020833334
 30
0.0
  0
VERTEX
  5
6B4
330
6B0
100
AcDbEntity
  8
0
  6
Continuous
 62
    18
420
        0
370
    25
100
AcDbVertex
100
AcDb2dVertex
 10
34.84566666666667
 20
19.95088020833335
 30
0.0
  0
SEQEND
  5
6B5
330
6B0
100
AcDbEntity
  8
0
  6
Continuous
 62
    18
420
        0
370
    25
  0
POLYLINE
  5
6B6
330
1F
100
AcDbEntity
  8
0
  6
Continuous
 62
    18
420
        0
370
    25
100
AcDb2dPolyline
 66
     1
 10
0.0
 20
0.0
 30
0.0
 70
     1
  0
VERTEX
  5
6B7
330
6B6
100
AcDbEntity
  8
0
  6
Continuous
 62
    18
420
        0
370
    25
100
AcDbVertex
100
AcDb2dVertex
 10
34.65816666666667
 20
21.54251041666668
 30
0.0
  0
VERTEX
  5
6B8
330
6B6
100
AcDbEntity
  8
0
  6
Continuous
 62
    18
420
        0
370
    25
100
AcDbVertex
100
AcDb2dVertex
 10
34.65816666666667
 20
21.35501041666668
 30
0.0
  0
VERTEX
  5
6B9
330
6B6
100
AcDbEntity
  8
0
  6
Continuous
 62
    18
420
        0
370
    25
100
AcDbVertex
100
AcDb2dVertex
 10
34.84566666666667
 20
21.35501041666668
 30
0.0
  0
VERTEX
  5
6BA
330
6B6
100
AcDbEntity
  8
0
  6
Continuous
 62
    18
420
        0
370
    25
100
AcDbVertex
100
AcDb2dVertex
 10
34.84566666666667
 20
21.54251041666668
 30
0.0
  0
SEQEND
  5
6BB
330
6B6
100
AcDbEntity
  8
0
  6
Continuous
 62
    18
420
        0
370
    25
  0
POLYLINE
  5
6BC
330
1F
100
AcDbEntity
  8
0
  6
Continuous
 62
    18
420
        0
370
    25
100
AcDb2dPolyline
 66
     1
 10
0.0
 20
0.0
 30
0.0
 70
     1
  0
VERTEX
  5
6BD
330
6BC
100
AcDbEntity
  8
0
  6
Continuous
 62
    18
420
        0
370
    25
100
AcDbVertex
100
AcDb2dVertex
 10
32.52033333333333
 20
25.28083333333334
 30
0.0
  0
VERTEX
  5
6BE
330
6BC
100
AcDbEntity
  8
0
  6
Continuous
 62
    18
420
        0
370
    25
100
AcDbVertex
100
AcDb2dVertex
 10
32.52033333333333
 20
25.09333333333334
 30
0.0
  0
VERTEX
  5
6BF
330
6BC
100
AcDbEntity
  8
0
  6
Continuous
 62
    18
420
        0
370
    25
100
AcDbVertex
100
AcDb2dVertex
 10
32.70783333333334
 20
25.09333333333334
 30
0.0
  0
VERTEX
  5
6C0
330
6BC
100
AcDbEntity
  8
0
  6
Continuous
 62
    18
420
        0
370
    25
100
AcDbVertex
100
AcDb2dVertex
 10
32.70783333333334
 20
25.28083333333334
 30
0.0
  0
SEQEND
  5
6C1
330
6BC
100
AcDbEntity
  8
0
  6
Continuous
 62
    18
420
        0
370
    25
  0
POLYLINE
  5
6C2
330
1F
100
AcDbEntity
  8
0
  6
Continuous
 62
    18
420
        0
370
    25
100
AcDb2dPolyline
 66
     1
 10
0.0
 20
0.0
 30
0.0
 70
     1
  0
VERTEX
  5
6C3
330
6C2
100
AcDbEntity
  8
0
  6
Continuous
 62
    18
420
        0
370
    25
100
AcDbVertex
100
AcDb2dVertex
 10
31.9065
 20
23.52400000000001
 30
0.0
  0
VERTEX
  5
6C4
330
6C2
100
AcDbEntity
  8
0
  6
Continuous
 62
    18
420
        0
370
    25
100
AcDbVertex
100
AcDb2dVertex
 10
31.9065
 20
23.3365
 30
0.0
  0
VERTEX
  5
6C5
330
6C2
100
AcDbEntity
  8
0
  6
Continuous
 62
    18
420
        0
370
    25
100
AcDbVertex
100
AcDb2dVertex
 10
32.09400000000001
 20
23.3365
 30
0.0
  0
VERTEX
  5
6C6
330
6C2
100
AcDbEntity
  8
0
  6
Continuous
 62
    18
420
        0
370
    25
100
AcDbVertex
100
AcDb2dVertex
 10
32.09400000000001
 20
23.52400000000001
 30
0.0
  0
SEQEND
  5
6C7
330
6C2
100
AcDbEntity
  8
0
  6
Continuous
 62
    18
420
        0
370
    25
  0
POLYLINE
  5
6C8
330
1F
100
AcDbEntity
  8
0
  6
Continuous
 62
    18
420
        0
370
    25
100
AcDb2dPolyline
 66
     1
 10
0.0
 20
0.0
 30
0.0
 70
     1
  0
VERTEX
  5
6C9
330
6C8
100
AcDbEntity
  8
0
  6
Continuous
 62
    18
420
        0
370
    25
100
AcDbVertex
100
AcDb2dVertex
 10
31.9065
 20
21.54251041666668
 30
0.0
  0
VERTEX
  5
6CA
330
6C8
100
AcDbEntity
  8
0
  6
Continuous
 62
    18
420
        0
370
    25
100
AcDbVertex
100
AcDb2dVertex
 10
31.9065
 20
21.35501041666668
 30
0.0
  0
VERTEX
  5
6CB
330
6C8
100
AcDbEntity
  8
0
  6
Continuous
 62
    18
420
        0
370
    25
100
AcDbVertex
100
AcDb2dVertex
 10
32.09400000000001
 20
21.35501041666668
 30
0.0
  0
VERTEX
  5
6CC
330
6C8
100
AcDbEntity
  8
0
  6
Continuous
 62
    18
420
        0
370
    25
100
AcDbVertex
100
AcDb2dVertex
 10
32.09400000000001
 20
21.54251041666668
 30
0.0
  0
SEQEND
  5
6CD
330
6C8
100
AcDbEntity
  8
0
  6
Continuous
 62
    18
420
        0
370
    25
  0
POLYLINE
  5
6CE
330
1F
100
AcDbEntity
  8
0
  6
Continuous
 62
    18
420
        0
370
    25
100
AcDb2dPolyline
 66
     1
 10
0.0
 20
0.0
 30
0.0
 70
     1
  0
VERTEX
  5
6CF
330
6CE
100
AcDbEntity
  8
0
  6
Continuous
 62
    18
420
        0
370
    25
100
AcDbVertex
100
AcDb2dVertex
 10
29.8745
 20
25.28083333333334
 30
0.0
  0
VERTEX
  5
6D0
330
6CE
100
AcDbEntity
  8
0
  6
Continuous
 62
    18
420
        0
370
    25
100
AcDbVertex
100
AcDb2dVertex
 10
29.8745
 20
25.09333333333334
 30
0.0
  0
VERTEX
  5
6D1
330
6CE
100
AcDbEntity
  8
0
  6
Continuous
 62
    18
420
        0
370
    25
100
AcDbVertex
100
AcDb2dVertex
 10
30.06200000000001
 20
25.09333333333334
 30
0.0
  0
VERTEX
  5
6D2
330
6CE
100
AcDbEntity
  8
0
  6
Continuous
 62
    18
420
        0
370
    25
100
AcDbVertex
100
AcDb2dVertex
 10
30.06200000000001
 20
25.28083333333334
 30
0.0
  0
SEQEND
  5
6D3
330
6CE
100
AcDbEntity
  8
0
  6
Continuous
 62
    18
420
        0
370
    25
  0
POLYLINE
  5
6D4
330
1F
100
AcDbEntity
  8
0
  6
Continuous
 62
    18
420
        0
370
    25
100
AcDb2dPolyline
 66
     1
 10
0.0
 20
0.0
 30
0.0
 70
     1
  0
VERTEX
  5
6D5
330
6D4
100
AcDbEntity
  8
0
  6
Continuous
 62
    18
420
        0
370
    25
100
AcDbVertex
100
AcDb2dVertex
 10
29.26066666666667
 20
23.52400000000001
 30
0.0
  0
VERTEX
  5
6D6
330
6D4
100
AcDbEntity
  8
0
  6
Continuous
 62
    18
420
        0
370
    25
100
AcDbVertex
100
AcDb2dVertex
 10
29.26066666666667
 20
23.3365
 30
0.0
  0
VERTEX
  5
6D7
330
6D4
100
AcDbEntity
  8
0
  6
Continuous
 62
    18
420
        0
370
    25
100
AcDbVertex
100
AcDb2dVertex
 10
29.44816666666668
 20
23.3365
 30
0.0
  0
VERTEX
  5
6D8
330
6D4
100
AcDbEntity
  8
0
  6
Continuous
 62
    18
420
        0
370
    25
100
AcDbVertex
100
AcDb2dVertex
 10
29.44816666666668
 20
23.52400000000001
 30
0.0
  0
SEQEND
  5
6D9
330
6D4
100
AcDbEntity
  8
0
  6
Continuous
 62
    18
420
        0
370
    25
  0
POLYLINE
  5
6DA
330
1F
100
AcDbEntity
  8
0
  6
Continuous
 62
    18
420
        0
370
    25
100
AcDb2dPolyline
 66
     1
 10
0.0
 20
0.0
 30
0.0
 70
     1
  0
VERTEX
  5
6DB
330
6DA
100
AcDbEntity
  8
0
  6
Continuous
 62
    18
420
        0
370
    25
100
AcDbVertex
100
AcDb2dVertex
 10
33.06266666666667
 20
14.16825
 30
0.0
  0
VERTEX
  5
6DC
330
6DA
100
AcDbEntity
  8
0
  6
Continuous
 62
    18
420
        0
370
    25
100
AcDbVertex
100
AcDb2dVertex
 10
33.06266666666667
 20
13.98075
 30
0.0
  0
VERTEX
  5
6DD
330
6DA
100
AcDbEntity
  8
0
  6
Continuous
 62
    18
420
        0
370
    25
100
AcDbVertex
100
AcDb2dVertex
 10
33.25016666666667
 20
13.98075
 30
0.0
  0
VERTEX
  5
6DE
330
6DA
100
AcDbEntity
  8
0
  6
Continuous
 62
    18
420
        0
370
    25
100
AcDbVertex
100
AcDb2dVertex
 10
33.25016666666667
 20
14.16825
 30
0.0
  0
SEQEND
  5
6DF
330
6DA
100
AcDbEntity
  8
0
  6
Continuous
 62
    18
420
        0
370
    25
  0
POLYLINE
  5
6E0
330
1F
100
AcDbEntity
  8
0
  6
Continuous
 62
    18
420
        0
370
    25
100
AcDb2dPolyline
 66
     1
 10
0.0
 20
0.0
 30
0.0
 70
     1
  0
VERTEX
  5
6E1
330
6E0
100
AcDbEntity
  8
0
  6
Continuous
 62
    18
420
        0
370
    25
100
AcDbVertex
100
AcDb2dVertex
 10
33.06266666666667
 20
16.17908333333335
 30
0.0
  0
VERTEX
  5
6E2
330
6E0
100
AcDbEntity
  8
0
  6
Continuous
 62
    18
420
        0
370
    25
100
AcDbVertex
100
AcDb2dVertex
 10
33.06266666666667
 20
15.99158333333334
 30
0.0
  0
VERTEX
  5
6E3
330
6E0
100
AcDbEntity
  8
0
  6
Continuous
 62
    18
420
        0
370
    25
100
AcDbVertex
100
AcDb2dVertex
 10
33.25016666666667
 20
15.99158333333334
 30
0.0
  0
VERTEX
  5
6E4
330
6E0
100
AcDbEntity
  8
0
  6
Continuous
 62
    18
420
        0
370
    25
100
AcDbVertex
100
AcDb2dVertex
 10
33.25016666666667
 20
16.17908333333335
 30
0.0
  0
SEQEND
  5
6E5
330
6E0
100
AcDbEntity
  8
0
  6
Continuous
 62
    18
420
        0
370
    25
  0
POLYLINE
  5
6E6
330
1F
100
AcDbEntity
  8
0
  6
Continuous
 62
    18
420
        0
370
    25
100
AcDb2dPolyline
 66
     1
 10
0.0
 20
0.0
 30
0.0
 70
     1
  0
VERTEX
  5
6E7
330
6E6
100
AcDbEntity
  8
0
  6
Continuous
 62
    18
420
        0
370
    25
100
AcDbVertex
100
AcDb2dVertex
 10
26.14116666666666
 20
16.17908333333334
 30
0.0
  0
VERTEX
  5
6E8
330
6E6
100
AcDbEntity
  8
0
  6
Continuous
 62
    18
420
        0
370
    25
100
AcDbVertex
100
AcDb2dVertex
 10
26.14116666666666
 20
15.99158333333333
 30
0.0
  0
VERTEX
  5
6E9
330
6E6
100
AcDbEntity
  8
0
  6
Continuous
 62
    18
420
        0
370
    25
100
AcDbVertex
100
AcDb2dVertex
 10
26.32866666666667
 20
15.99158333333333
 30
0.0
  0
VERTEX
  5
6EA
330
6E6
100
AcDbEntity
  8
0
  6
Continuous
 62
    18
420
        0
370
    25
100
AcDbVertex
100
AcDb2dVertex
 10
26.32866666666667
 20
16.17908333333334
 30
0.0
  0
SEQEND
  5
6EB
330
6E6
100
AcDbEntity
  8
0
  6
Continuous
 62
    18
420
        0
370
    25
  0
POLYLINE
  5
6EC
330
1F
100
AcDbEntity
  8
0
  6
Continuous
 62
    18
420
        0
370
    25
100
AcDb2dPolyline
 66
     1
 10
0.0
 20
0.0
 30
0.0
 70
     1
  0
VERTEX
  5
6ED
330
6EC
100
AcDbEntity
  8
0
  6
Continuous
 62
    18
420
        0
370
    25
100
AcDbVertex
100
AcDb2dVertex
 10
33.06266666666667
 20
18.18991666666668
 30
0.0
  0
VERTEX
  5
6EE
330
6EC
100
AcDbEntity
  8
0
  6
Continuous
 62
    18
420
        0
370
    25
100
AcDbVertex
100
AcDb2dVertex
 10
33.06266666666667
 20
18.00241666666667
 30
0.0
  0
VERTEX
  5
6EF
330
6EC
100
AcDbEntity
  8
0
  6
Continuous
 62
    18
420
        0
370
    25
100
AcDbVertex
100
AcDb2dVertex
 10
33.25016666666667
 20
18.00241666666667
 30
0.0
  0
VERTEX
  5
6F0
330
6EC
100
AcDbEntity
  8
0
  6
Continuous
 62
    18
420
        0
370
    25
100
AcDbVertex
100
AcDb2dVertex
 10
33.25016666666667
 20
18.18991666666668
 30
0.0
  0
SEQEND
  5
6F1
330
6EC
100
AcDbEntity
  8
0
  6
Continuous
 62
    18
420
        0
370
    25
  0
POLYLINE
  5
6F2
330
1F
100
AcDbEntity
  8
0
  6
Continuous
 62
    18
420
        0
370
    25
100
AcDb2dPolyline
 66
     1
 10
0.0
 20
0.0
 30
0.0
 70
     1
  0
VERTEX
  5
6F3
330
6F2
100
AcDbEntity
  8
0
  6
Continuous
 62
    18
420
        0
370
    25
100
AcDbVertex
100
AcDb2dVertex
 10
27.87683333333333
 20
14.16825
 30
0.0
  0
VERTEX
  5
6F4
330
6F2
100
AcDbEntity
  8
0
  6
Continuous
 62
    18
420
        0
370
    25
100
AcDbVertex
100
AcDb2dVertex
 10
27.87683333333333
 20
13.98075
 30
0.0
  0
VERTEX
  5
6F5
330
6F2
100
AcDbEntity
  8
0
  6
Continuous
 62
    18
420
        0
370
    25
100
AcDbVertex
100
AcDb2dVertex
 10
28.06433333333333
 20
13.98075
 30
0.0
  0
VERTEX
  5
6F6
330
6F2
100
AcDbEntity
  8
0
  6
Continuous
 62
    18
420
        0
370
    25
100
AcDbVertex
100
AcDb2dVertex
 10
28.06433333333333
 20
14.16825
 30
0.0
  0
SEQEND
  5
6F7
330
6F2
100
AcDbEntity
  8
0
  6
Continuous
 62
    18
420
        0
370
    25
  0
POLYLINE
  5
6F8
330
1F
100
AcDbEntity
  8
0
  6
Continuous
 62
    18
420
        0
370
    25
100
AcDb2dPolyline
 66
     1
 10
0.0
 20
0.0
 30
0.0
 70
     1
  0
VERTEX
  5
6F9
330
6F8
100
AcDbEntity
  8
0
  6
Continuous
 62
    18
420
        0
370
    25
100
AcDbVertex
100
AcDb2dVertex
 10
27.87683333333333
 20
18.18991666666668
 30
0.0
  0
VERTEX
  5
6FA
330
6F8
100
AcDbEntity
  8
0
  6
Continuous
 62
    18
420
        0
370
    25
100
AcDbVertex
100
AcDb2dVertex
 10
27.87683333333333
 20
18.00241666666667
 30
0.0
  0
VERTEX
  5
6FB
330
6F8
100
AcDbEntity
  8
0
  6
Continuous
 62
    18
420
        0
370
    25
100
AcDbVertex
100
AcDb2dVertex
 10
28.06433333333333
 20
18.00241666666667
 30
0.0
  0
VERTEX
  5
6FC
330
6F8
100
AcDbEntity
  8
0
  6
Continuous
 62
    18
420
        0
370
    25
100
AcDbVertex
100
AcDb2dVertex
 10
28.06433333333333
 20
18.18991666666668
 30
0.0
  0
SEQEND
  5
6FD
330
6F8
100
AcDbEntity
  8
0
  6
Continuous
 62
    18
420
        0
370
    25
  0
POLYLINE
  5
6FE
330
1F
100
AcDbEntity
  8
0
  6
Continuous
 62
    18
420
        0
370
    25
100
AcDb2dPolyline
 66
     1
 10
0.0
 20
0.0
 30
0.0
 70
     1
  0
VERTEX
  5
6FF
330
6FE
100
AcDbEntity
  8
0
  6
Continuous
 62
    18
420
        0
370
    25
100
AcDbVertex
100
AcDb2dVertex
 10
31.454
 20
14.16825
 30
0.0
  0
VERTEX
  5
700
330
6FE
100
AcDbEntity
  8
0
  6
Continuous
 62
    18
420
        0
370
    25
100
AcDbVertex
100
AcDb2dVertex
 10
31.454
 20
13.98075
 30
0.0
  0
VERTEX
  5
701
330
6FE
100
AcDbEntity
  8
0
  6
Continuous
 62
    18
420
        0
370
    25
100
AcDbVertex
100
AcDb2dVertex
 10
31.6415
 20
13.98075
 30
0.0
  0
VERTEX
  5
702
330
6FE
100
AcDbEntity
  8
0
  6
Continuous
 62
    18
420
        0
370
    25
100
AcDbVertex
100
AcDb2dVertex
 10
31.6415
 20
14.16825
 30
0.0
  0
SEQEND
  5
703
330
6FE
100
AcDbEntity
  8
0
  6
Continuous
 62
    18
420
        0
370
    25
  0
POLYLINE
  5
704
330
1F
100
AcDbEntity
  8
0
  6
Continuous
 62
    18
420
        0
370
    25
100
AcDb2dPolyline
 66
     1
 10
0.0
 20
0.0
 30
0.0
 70
     1
  0
VERTEX
  5
705
330
704
100
AcDbEntity
  8
0
  6
Continuous
 62
    18
420
        0
370
    25
100
AcDbVertex
100
AcDb2dVertex
 10
31.454
 20
18.18991666666668
 30
0.0
  0
VERTEX
  5
706
330
704
100
AcDbEntity
  8
0
  6
Continuous
 62
    18
420
        0
370
    25
100
AcDbVertex
100
AcDb2dVertex
 10
31.454
 20
18.00241666666667
 30
0.0
  0
VERTEX
  5
707
330
704
100
AcDbEntity
  8
0
  6
Continuous
 62
    18
420
        0
370
    25
100
AcDbVertex
100
AcDb2dVertex
 10
31.6415
 20
18.00241666666667
 30
0.0
  0
VERTEX
  5
708
330
704
100
AcDbEntity
  8
0
  6
Continuous
 62
    18
420
        0
370
    25
100
AcDbVertex
100
AcDb2dVertex
 10
31.6415
 20
18.18991666666668
 30
0.0
  0
SEQEND
  5
709
330
704
100
AcDbEntity
  8
0
  6
Continuous
 62
    18
420
        0
370
    25
  0
POLYLINE
  5
70A
330
1F
100
AcDbEntity
  8
0
  6
Continuous
 62
    18
420
        0
370
    25
100
AcDb2dPolyline
 66
     1
 10
0.0
 20
0.0
 30
0.0
 70
     1
  0
VERTEX
  5
70B
330
70A
100
AcDbEntity
  8
0
  6
Continuous
 62
    18
420
        0
370
    25
100
AcDbVertex
100
AcDb2dVertex
 10
29.65483333333333
 20
14.16825
 30
0.0
  0
VERTEX
  5
70C
330
70A
100
AcDbEntity
  8
0
  6
Continuous
 62
    18
420
        0
370
    25
100
AcDbVertex
100
AcDb2dVertex
 10
29.65483333333333
 20
13.98075
 30
0.0
  0
VERTEX
  5
70D
330
70A
100
AcDbEntity
  8
0
  6
Continuous
 62
    18
420
        0
370
    25
100
AcDbVertex
100
AcDb2dVertex
 10
29.84233333333334
 20
13.98075
 30
0.0
  0
VERTEX
  5
70E
330
70A
100
AcDbEntity
  8
0
  6
Continuous
 62
    18
420
        0
370
    25
100
AcDbVertex
100
AcDb2dVertex
 10
29.84233333333334
 20
14.16825
 30
0.0
  0
SEQEND
  5
70F
330
70A
100
AcDbEntity
  8
0
  6
Continuous
 62
    18
420
        0
370
    25
  0
POLYLINE
  5
710
330
1F
100
AcDbEntity
  8
0
  6
Continuous
 62
    18
420
        0
370
    25
100
AcDb2dPolyline
 66
     1
 10
0.0
 20
0.0
 30
0.0
 70
     1
  0
VERTEX
  5
711
330
710
100
AcDbEntity
  8
0
  6
Continuous
 62
    18
420
        0
370
    25
100
AcDbVertex
100
AcDb2dVertex
 10
29.65483333333333
 20
21.54251041666668
 30
0.0
  0
VERTEX
  5
712
330
710
100
AcDbEntity
  8
0
  6
Continuous
 62
    18
420
        0
370
    25
100
AcDbVertex
100
AcDb2dVertex
 10
29.65483333333333
 20
21.35501041666667
 30
0.0
  0
VERTEX
  5
713
330
710
100
AcDbEntity
  8
0
  6
Continuous
 62
    18
420
        0
370
    25
100
AcDbVertex
100
AcDb2dVertex
 10
29.84233333333334
 20
21.35501041666667
 30
0.0
  0
VERTEX
  5
714
330
710
100
AcDbEntity
  8
0
  6
Continuous
 62
    18
420
        0
370
    25
100
AcDbVertex
100
AcDb2dVertex
 10
29.84233333333334
 20
21.54251041666668
 30
0.0
  0
SEQEND
  5
715
330
710
100
AcDbEntity
  8
0
  6
Continuous
 62
    18
420
        0
370
    25
  0
POLYLINE
  5
716
330
1F
100
AcDbEntity
  8
0
  6
Continuous
 62
    18
420
        0
370
    25
100
AcDb2dPolyline
 66
     1
 10
0.0
 20
0.0
 30
0.0
 70
     1
  0
VERTEX
  5
717
330
716
100
AcDbEntity
  8
0
  6
Continuous
 62
    18
420
        0
370
    25
100
AcDbVertex
100
AcDb2dVertex
 10
29.65483333333333
 20
19.67571354166667
 30
0.0
  0
VERTEX
  5
718
330
716
100
AcDbEntity
  8
0
  6
Continuous
 62
    18
420
        0
370
    25
100
AcDbVertex
100
AcDb2dVertex
 10
29.65483333333333
 20
19.48821354166667
 30
0.0
  0
VERTEX
  5
719
330
716
100
AcDbEntity
  8
0
  6
Continuous
 62
    18
420
        0
370
    25
100
AcDbVertex
100
AcDb2dVertex
 10
29.84233333333334
 20
19.48821354166667
 30
0.0
  0
VERTEX
  5
71A
330
716
100
AcDbEntity
  8
0
  6
Continuous
 62
    18
420
        0
370
    25
100
AcDbVertex
100
AcDb2dVertex
 10
29.84233333333334
 20
19.67571354166667
 30
0.0
  0
SEQEND
  5
71B
330
716
100
AcDbEntity
  8
0
  6
Continuous
 62
    18
420
        0
370
    25
  0
POLYLINE
  5
71C
330
1F
100
AcDbEntity
  8
0
  6
Continuous
 62
    18
420
        0
370
    25
100
AcDb2dPolyline
 66
     1
 10
0.0
 20
0.0
 30
0.0
 70
     1
  0
VERTEX
  5
71D
330
71C
100
AcDbEntity
  8
0
  6
Continuous
 62
    18
420
        0
370
    25
100
AcDbVertex
100
AcDb2dVertex
 10
29.65483333333333
 20
18.18991666666667
 30
0.0
  0
VERTEX
  5
71E
330
71C
100
AcDbEntity
  8
0
  6
Continuous
 62
    18
420
        0
370
    25
100
AcDbVertex
100
AcDb2dVertex
 10
29.65483333333333
 20
18.00241666666667
 30
0.0
  0
VERTEX
  5
71F
330
71C
100
AcDbEntity
  8
0
  6
Continuous
 62
    18
420
        0
370
    25
100
AcDbVertex
100
AcDb2dVertex
 10
29.84233333333334
 20
18.00241666666667
 30
0.0
  0
VERTEX
  5
720
330
71C
100
AcDbEntity
  8
0
  6
Continuous
 62
    18
420
        0
370
    25
100
AcDbVertex
100
AcDb2dVertex
 10
29.84233333333334
 20
18.18991666666667
 30
0.0
  0
SEQEND
  5
721
330
71C
100
AcDbEntity
  8
0
  6
Continuous
 62
    18
420
        0
370
    25
  0
POLYLINE
  5
722
330
1F
100
AcDbEntity
  8
0
  6
Continuous
 62
    18
420
        0
370
    25
100
AcDb2dPolyline
 66
     1
 10
0.0
 20
0.0
 30
0.0
 70
     1
  0
VERTEX
  5
723
330
722
100
AcDbEntity
  8
0
  6
Continuous
 62
    18
420
        0
370
    25
100
AcDbVertex
100
AcDb2dVertex
 10
26.14116666666666
 20
14.16825
 30
0.0
  0
VERTEX
  5
724
330
722
100
AcDbEntity
  8
0
  6
Continuous
 62
    18
420
        0
370
    25
100
AcDbVertex
100
AcDb2dVertex
 10
26.14116666666666
 20
13.98075
 30
0.0
  0
VERTEX
  5
725
330
722
100
AcDbEntity
  8
0
  6
Continuous
 62
    18
420
        0
370
    25
100
AcDbVertex
100
AcDb2dVertex
 10
26.32866666666667
 20
13.98075
 30
0.0
  0
VERTEX
  5
726
330
722
100
AcDbEntity
  8
0
  6
Continuous
 62
    18
420
        0
370
    25
100
AcDbVertex
100
AcDb2dVertex
 10
26.32866666666667
 20
14.16825
 30
0.0
  0
SEQEND
  5
727
330
722
100
AcDbEntity
  8
0
  6
Continuous
 62
    18
420
        0
370
    25
  0
POLYLINE
  5
728
330
1F
100
AcDbEntity
  8
0
  6
Continuous
 62
    18
420
        0
370
    25
100
AcDb2dPolyline
 66
     1
 10
0.0
 20
0.0
 30
0.0
 70
     1
  0
VERTEX
  5
729
330
728
100
AcDbEntity
  8
0
  6
Continuous
 62
    18
420
        0
370
    25
100
AcDbVertex
100
AcDb2dVertex
 10
26.14116666666666
 20
18.18991666666667
 30
0.0
  0
VERTEX
  5
72A
330
728
100
AcDbEntity
  8
0
  6
Continuous
 62
    18
420
        0
370
    25
100
AcDbVertex
100
AcDb2dVertex
 10
26.14116666666666
 20
18.00241666666667
 30
0.0
  0
VERTEX
  5
72B
330
728
100
AcDbEntity
  8
0
  6
Continuous
 62
    18
420
        0
370
    25
100
AcDbVertex
100
AcDb2dVertex
 10
26.32866666666667
 20
18.00241666666667
 30
0.0
  0
VERTEX
  5
72C
330
728
100
AcDbEntity
  8
0
  6
Continuous
 62
    18
420
        0
370
    25
100
AcDbVertex
100
AcDb2dVertex
 10
26.32866666666667
 20
18.18991666666667
 30
0.0
  0
SEQEND
  5
72D
330
728
100
AcDbEntity
  8
0
  6
Continuous
 62
    18
420
        0
370
    25
  0
POLYLINE
  5
72E
330
1F
100
AcDbEntity
  8
0
  6
Continuous
 62
    18
420
        0
370
    25
100
AcDb2dPolyline
 66
     1
 10
0.0
 20
0.0
 30
0.0
 70
     1
  0
VERTEX
  5
72F
330
72E
100
AcDbEntity
  8
0
  6
Continuous
 62
    18
420
        0
370
    25
100
AcDbVertex
100
AcDb2dVertex
 10
29.26066666666667
 20
21.54251041666668
 30
0.0
  0
VERTEX
  5
730
330
72E
100
AcDbEntity
  8
0
  6
Continuous
 62
    18
420
        0
370
    25
100
AcDbVertex
100
AcDb2dVertex
 10
29.26066666666667
 20
21.35501041666668
 30
0.0
  0
VERTEX
  5
731
330
72E
100
AcDbEntity
  8
0
  6
Continuous
 62
    18
420
        0
370
    25
100
AcDbVertex
100
AcDb2dVertex
 10
29.44816666666668
 20
21.35501041666668
 30
0.0
  0
VERTEX
  5
732
330
72E
100
AcDbEntity
  8
0
  6
Continuous
 62
    18
420
        0
370
    25
100
AcDbVertex
100
AcDb2dVertex
 10
29.44816666666668
 20
21.54251041666668
 30
0.0
  0
SEQEND
  5
733
330
72E
100
AcDbEntity
  8
0
  6
Continuous
 62
    18
420
        0
370
    25
  0
POLYLINE
  5
734
330
1F
100
AcDbEntity
  8
0
  6
Continuous
 62
    18
420
        0
370
    25
100
AcDb2dPolyline
 66
     1
 10
0.0
 20
0.0
 30
0.0
 70
     1
  0
VERTEX
  5
735
330
734
100
AcDbEntity
  8
0
  6
Continuous
 62
    18
420
        0
370
    25
100
AcDbVertex
100
AcDb2dVertex
 10
26.99583333333334
 20
25.28083333333334
 30
0.0
  0
VERTEX
  5
736
330
734
100
AcDbEntity
  8
0
  6
Continuous
 62
    18
420
        0
370
    25
100
AcDbVertex
100
AcDb2dVertex
 10
26.99583333333334
 20
25.09333333333334
 30
0.0
  0
VERTEX
  5
737
330
734
100
AcDbEntity
  8
0
  6
Continuous
 62
    18
420
        0
370
    25
100
AcDbVertex
100
AcDb2dVertex
 10
27.18333333333334
 20
25.09333333333334
 30
0.0
  0
VERTEX
  5
738
330
734
100
AcDbEntity
  8
0
  6
Continuous
 62
    18
420
        0
370
    25
100
AcDbVertex
100
AcDb2dVertex
 10
27.18333333333334
 20
25.28083333333334
 30
0.0
  0
SEQEND
  5
739
330
734
100
AcDbEntity
  8
0
  6
Continuous
 62
    18
420
        0
370
    25
  0
POLYLINE
  5
73A
330
1F
100
AcDbEntity
  8
0
  6
Continuous
 62
    18
420
        0
370
    25
100
AcDb2dPolyline
 66
     1
 10
0.0
 20
0.0
 30
0.0
 70
     1
  0
VERTEX
  5
73B
330
73A
100
AcDbEntity
  8
0
  6
Continuous
 62
    18
420
        0
370
    25
100
AcDbVertex
100
AcDb2dVertex
 10
26.38200000000001
 20
23.52400000000001
 30
0.0
  0
VERTEX
  5
73C
330
73A
100
AcDbEntity
  8
0
  6
Continuous
 62
    18
420
        0
370
    25
100
AcDbVertex
100
AcDb2dVertex
 10
26.38200000000001
 20
23.3365
 30
0.0
  0
VERTEX
  5
73D
330
73A
100
AcDbEntity
  8
0
  6
Continuous
 62
    18
420
        0
370
    25
100
AcDbVertex
100
AcDb2dVertex
 10
26.56950000000001
 20
23.3365
 30
0.0
  0
VERTEX
  5
73E
330
73A
100
AcDbEntity
  8
0
  6
Continuous
 62
    18
420
        0
370
    25
100
AcDbVertex
100
AcDb2dVertex
 10
26.56950000000001
 20
23.52400000000001
 30
0.0
  0
SEQEND
  5
73F
330
73A
100
AcDbEntity
  8
0
  6
Continuous
 62
    18
420
        0
370
    25
  0
POLYLINE
  5
740
330
1F
100
AcDbEntity
  8
0
  6
Continuous
 62
    18
420
        0
370
    25
100
AcDb2dPolyline
 66
     1
 10
0.0
 20
0.0
 30
0.0
 70
     1
  0
VERTEX
  5
741
330
740
100
AcDbEntity
  8
0
  6
Continuous
 62
    18
420
        0
370
    25
100
AcDbVertex
100
AcDb2dVertex
 10
26.38200000000001
 20
21.54251041666668
 30
0.0
  0
VERTEX
  5
742
330
740
100
AcDbEntity
  8
0
  6
Continuous
 62
    18
420
        0
370
    25
100
AcDbVertex
100
AcDb2dVertex
 10
26.38200000000001
 20
21.35501041666668
 30
0.0
  0
VERTEX
  5
743
330
740
100
AcDbEntity
  8
0
  6
Continuous
 62
    18
420
        0
370
    25
100
AcDbVertex
100
AcDb2dVertex
 10
26.56950000000001
 20
21.35501041666668
 30
0.0
  0
VERTEX
  5
744
330
740
100
AcDbEntity
  8
0
  6
Continuous
 62
    18
420
        0
370
    25
100
AcDbVertex
100
AcDb2dVertex
 10
26.56950000000001
 20
21.54251041666668
 30
0.0
  0
SEQEND
  5
745
330
740
100
AcDbEntity
  8
0
  6
Continuous
 62
    18
420
        0
370
    25
  0
POLYLINE
  5
746
330
1F
100
AcDbEntity
  8
0
  6
Continuous
 62
    18
420
        0
370
    25
100
AcDb2dPolyline
 66
     1
 10
0.0
 20
0.0
 30
0.0
 70
     1
  0
VERTEX
  5
747
330
746
100
AcDbEntity
  8
0
  6
Continuous
 62
    18
420
        0
370
    25
100
AcDbVertex
100
AcDb2dVertex
 10
24.26533333333334
 20
25.28083333333334
 30
0.0
  0
VERTEX
  5
748
330
746
100
AcDbEntity
  8
0
  6
Continuous
 62
    18
420
        0
370
    25
100
AcDbVertex
100
AcDb2dVertex
 10
24.26533333333334
 20
25.09333333333334
 30
0.0
  0
VERTEX
  5
749
330
746
100
AcDbEntity
  8
0
  6
Continuous
 62
    18
420
        0
370
    25
100
AcDbVertex
100
AcDb2dVertex
 10
24.45283333333334
 20
25.09333333333334
 30
0.0
  0
VERTEX
  5
74A
330
746
100
AcDbEntity
  8
0
  6
Continuous
 62
    18
420
        0
370
    25
100
AcDbVertex
100
AcDb2dVertex
 10
24.45283333333334
 20
25.28083333333334
 30
0.0
  0
SEQEND
  5
74B
330
746
100
AcDbEntity
  8
0
  6
Continuous
 62
    18
420
        0
370
    25
  0
POLYLINE
  5
74C
330
1F
100
AcDbEntity
  8
0
  6
Continuous
 62
    18
420
        0
370
    25
100
AcDb2dPolyline
 66
     1
 10
0.0
 20
0.0
 30
0.0
 70
     1
  0
VERTEX
  5
74D
330
74C
100
AcDbEntity
  8
0
  6
Continuous
 62
    18
420
        0
370
    25
100
AcDbVertex
100
AcDb2dVertex
 10
23.6515
 20
23.52400000000001
 30
0.0
  0
VERTEX
  5
74E
330
74C
100
AcDbEntity
  8
0
  6
Continuous
 62
    18
420
        0
370
    25
100
AcDbVertex
100
AcDb2dVertex
 10
23.6515
 20
23.3365
 30
0.0
  0
VERTEX
  5
74F
330
74C
100
AcDbEntity
  8
0
  6
Continuous
 62
    18
420
        0
370
    25
100
AcDbVertex
100
AcDb2dVertex
 10
23.83900000000001
 20
23.3365
 30
0.0
  0
VERTEX
  5
750
330
74C
100
AcDbEntity
  8
0
  6
Continuous
 62
    18
420
        0
370
    25
100
AcDbVertex
100
AcDb2dVertex
 10
23.83900000000001
 20
23.52400000000001
 30
0.0
  0
SEQEND
  5
751
330
74C
100
AcDbEntity
  8
0
  6
Continuous
 62
    18
420
        0
370
    25
  0
POLYLINE
  5
752
330
1F
100
AcDbEntity
  8
0
  6
Continuous
 62
    18
420
        0
370
    25
100
AcDb2dPolyline
 66
     1
 10
0.0
 20
0.0
 30
0.0
 70
     1
  0
VERTEX
  5
753
330
752
100
AcDbEntity
  8
0
  6
Continuous
 62
    18
420
        0
370
    25
100
AcDbVertex
100
AcDb2dVertex
 10
52.544
 20
7.834770833333359
 30
0.0
  0
VERTEX
  5
754
330
752
100
AcDbEntity
  8
0
  6
Continuous
 62
    18
420
        0
370
    25
100
AcDbVertex
100
AcDb2dVertex
 10
52.544
 20
7.647270833333351
 30
0.0
  0
VERTEX
  5
755
330
752
100
AcDbEntity
  8
0
  6
Continuous
 62
    18
420
        0
370
    25
100
AcDbVertex
100
AcDb2dVertex
 10
52.73150000000001
 20
7.647270833333351
 30
0.0
  0
VERTEX
  5
756
330
752
100
AcDbEntity
  8
0
  6
Continuous
 62
    18
420
        0
370
    25
100
AcDbVertex
100
AcDb2dVertex
 10
52.73150000000001
 20
7.834770833333359
 30
0.0
  0
SEQEND
  5
757
330
752
100
AcDbEntity
  8
0
  6
Continuous
 62
    18
420
        0
370
    25
  0
POLYLINE
  5
758
330
1F
100
AcDbEntity
  8
0
  6
Continuous
 62
    18
420
        0
370
    25
100
AcDb2dPolyline
 66
     1
 10
0.0
 20
0.0
 30
0.0
 70
     1
  0
VERTEX
  5
759
330
758
100
AcDbEntity
  8
0
  6
Continuous
 62
    18
420
        0
370
    25
100
AcDbVertex
100
AcDb2dVertex
 10
40.47900000000001
 20
20.40274479166668
 30
0.0
  0
VERTEX
  5
75A
330
758
100
AcDbEntity
  8
0
  6
Continuous
 62
    18
420
        0
370
    25
100
AcDbVertex
100
AcDb2dVertex
 10
40.47900000000001
 20
20.21524479166667
 30
0.0
  0
VERTEX
  5
75B
330
758
100
AcDbEntity
  8
0
  6
Continuous
 62
    18
420
        0
370
    25
100
AcDbVertex
100
AcDb2dVertex
 10
40.66650000000001
 20
20.21524479166667
 30
0.0
  0
VERTEX
  5
75C
330
758
100
AcDbEntity
  8
0
  6
Continuous
 62
    18
420
        0
370
    25
100
AcDbVertex
100
AcDb2dVertex
 10
40.66650000000001
 20
20.40274479166668
 30
0.0
  0
SEQEND
  5
75D
330
758
100
AcDbEntity
  8
0
  6
Continuous
 62
    18
420
        0
370
    25
  0
POLYLINE
  5
75E
330
1F
100
AcDbEntity
  8
0
  6
Continuous
 62
    18
420
        0
370
    25
100
AcDb2dPolyline
 66
     1
 10
0.0
 20
0.0
 30
0.0
 70
     1
  0
VERTEX
  5
75F
330
75E
100
AcDbEntity
  8
0
  6
Continuous
 62
    18
420
        0
370
    25
100
AcDbVertex
100
AcDb2dVertex
 10
40.47900000000001
 20
18.22257812500002
 30
0.0
  0
VERTEX
  5
760
330
75E
100
AcDbEntity
  8
0
  6
Continuous
 62
    18
420
        0
370
    25
100
AcDbVertex
100
AcDb2dVertex
 10
40.47900000000001
 20
18.03507812500001
 30
0.0
  0
VERTEX
  5
761
330
75E
100
AcDbEntity
  8
0
  6
Continuous
 62
    18
420
        0
370
    25
100
AcDbVertex
100
AcDb2dVertex
 10
40.66650000000001
 20
18.03507812500001
 30
0.0
  0
VERTEX
  5
762
330
75E
100
AcDbEntity
  8
0
  6
Continuous
 62
    18
420
        0
370
    25
100
AcDbVertex
100
AcDb2dVertex
 10
40.66650000000001
 20
18.22257812500002
 30
0.0
  0
SEQEND
  5
763
330
75E
100
AcDbEntity
  8
0
  6
Continuous
 62
    18
420
        0
370
    25
  0
POLYLINE
  5
764
330
1F
100
AcDbEntity
  8
0
  6
Continuous
 62
    18
420
        0
370
    25
100
AcDb2dPolyline
 66
     1
 10
0.0
 20
0.0
 30
0.0
 70
     1
  0
VERTEX
  5
765
330
764
100
AcDbEntity
  8
0
  6
Continuous
 62
    18
420
        0
370
    25
100
AcDbVertex
100
AcDb2dVertex
 10
40.47900000000001
 20
15.91541145833335
 30
0.0
  0
VERTEX
  5
766
330
764
100
AcDbEntity
  8
0
  6
Continuous
 62
    18
420
        0
370
    25
100
AcDbVertex
100
AcDb2dVertex
 10
40.47900000000001
 20
15.72791145833335
 30
0.0
  0
VERTEX
  5
767
330
764
100
AcDbEntity
  8
0
  6
Continuous
 62
    18
420
        0
370
    25
100
AcDbVertex
100
AcDb2dVertex
 10
40.66650000000001
 20
15.72791145833335
 30
0.0
  0
VERTEX
  5
768
330
764
100
AcDbEntity
  8
0
  6
Continuous
 62
    18
420
        0
370
    25
100
AcDbVertex
100
AcDb2dVertex
 10
40.66650000000001
 20
15.91541145833335
 30
0.0
  0
SEQEND
  5
769
330
764
100
AcDbEntity
  8
0
  6
Continuous
 62
    18
420
        0
370
    25
  0
POLYLINE
  5
76A
330
1F
100
AcDbEntity
  8
0
  6
Continuous
 62
    18
420
        0
370
    25
100
AcDb2dPolyline
 66
     1
 10
0.0
 20
0.0
 30
0.0
 70
     1
  0
VERTEX
  5
76B
330
76A
100
AcDbEntity
  8
0
  6
Continuous
 62
    18
420
        0
370
    25
100
AcDbVertex
100
AcDb2dVertex
 10
40.47900000000001
 20
13.65057812500002
 30
0.0
  0
VERTEX
  5
76C
330
76A
100
AcDbEntity
  8
0
  6
Continuous
 62
    18
420
        0
370
    25
100
AcDbVertex
100
AcDb2dVertex
 10
40.47900000000001
 20
13.46307812500001
 30
0.0
  0
VERTEX
  5
76D
330
76A
100
AcDbEntity
  8
0
  6
Continuous
 62
    18
420
        0
370
    25
100
AcDbVertex
100
AcDb2dVertex
 10
40.66650000000001
 20
13.46307812500001
 30
0.0
  0
VERTEX
  5
76E
330
76A
100
AcDbEntity
  8
0
  6
Continuous
 62
    18
420
        0
370
    25
100
AcDbVertex
100
AcDb2dVertex
 10
40.66650000000001
 20
13.65057812500002
 30
0.0
  0
SEQEND
  5
76F
330
76A
100
AcDbEntity
  8
0
  6
Continuous
 62
    18
420
        0
370
    25
  0
POLYLINE
  5
770
330
1F
100
AcDbEntity
  8
0
  6
Continuous
 62
    18
420
        0
370
    25
100
AcDb2dPolyline
 66
     1
 10
0.0
 20
0.0
 30
0.0
 70
     1
  0
VERTEX
  5
771
330
770
100
AcDbEntity
  8
0
  6
Continuous
 62
    18
420
        0
370
    25
100
AcDbVertex
100
AcDb2dVertex
 10
40.47900000000001
 20
12.71924479166668
 30
0.0
  0
VERTEX
  5
772
330
770
100
AcDbEntity
  8
0
  6
Continuous
 62
    18
420
        0
370
    25
100
AcDbVertex
100
AcDb2dVertex
 10
40.47900000000001
 20
12.53174479166668
 30
0.0
  0
VERTEX
  5
773
330
770
100
AcDbEntity
  8
0
  6
Continuous
 62
    18
420
        0
370
    25
100
AcDbVertex
100
AcDb2dVertex
 10
40.66650000000001
 20
12.53174479166668
 30
0.0
  0
VERTEX
  5
774
330
770
100
AcDbEntity
  8
0
  6
Continuous
 62
    18
420
        0
370
    25
100
AcDbVertex
100
AcDb2dVertex
 10
40.66650000000001
 20
12.71924479166668
 30
0.0
  0
SEQEND
  5
775
330
770
100
AcDbEntity
  8
0
  6
Continuous
 62
    18
420
        0
370
    25
  0
POLYLINE
  5
776
330
1F
100
AcDbEntity
  8
0
  6
Continuous
 62
    18
420
        0
370
    25
100
AcDb2dPolyline
 66
     1
 10
0.0
 20
0.0
 30
0.0
 70
     1
  0
VERTEX
  5
777
330
776
100
AcDbEntity
  8
0
  6
Continuous
 62
    18
420
        0
370
    25
100
AcDbVertex
100
AcDb2dVertex
 10
42.765
 20
12.71924479166668
 30
0.0
  0
VERTEX
  5
778
330
776
100
AcDbEntity
  8
0
  6
Continuous
 62
    18
420
        0
370
    25
100
AcDbVertex
100
AcDb2dVertex
 10
42.765
 20
12.53174479166668
 30
0.0
  0
VERTEX
  5
779
330
776
100
AcDbEntity
  8
0
  6
Continuous
 62
    18
420
        0
370
    25
100
AcDbVertex
100
AcDb2dVertex
 10
42.95250000000001
 20
12.53174479166668
 30
0.0
  0
VERTEX
  5
77A
330
776
100
AcDbEntity
  8
0
  6
Continuous
 62
    18
420
        0
370
    25
100
AcDbVertex
100
AcDb2dVertex
 10
42.95250000000001
 20
12.71924479166668
 30
0.0
  0
SEQEND
  5
77B
330
776
100
AcDbEntity
  8
0
  6
Continuous
 62
    18
420
        0
370
    25
  0
POLYLINE
  5
77C
330
1F
100
AcDbEntity
  8
0
  6
Continuous
 62
    18
420
        0
370
    25
100
AcDb2dPolyline
 66
     1
 10
0.0
 20
0.0
 30
0.0
 70
     1
  0
VERTEX
  5
77D
330
77C
100
AcDbEntity
  8
0
  6
Continuous
 62
    18
420
        0
370
    25
100
AcDbVertex
100
AcDb2dVertex
 10
45.51666666666667
 20
12.71924479166668
 30
0.0
  0
VERTEX
  5
77E
330
77C
100
AcDbEntity
  8
0
  6
Continuous
 62
    18
420
        0
370
    25
100
AcDbVertex
100
AcDb2dVertex
 10
45.51666666666667
 20
12.53174479166668
 30
0.0
  0
VERTEX
  5
77F
330
77C
100
AcDbEntity
  8
0
  6
Continuous
 62
    18
420
        0
370
    25
100
AcDbVertex
100
AcDb2dVertex
 10
45.70416666666667
 20
12.53174479166668
 30
0.0
  0
VERTEX
  5
780
330
77C
100
AcDbEntity
  8
0
  6
Continuous
 62
    18
420
        0
370
    25
100
AcDbVertex
100
AcDb2dVertex
 10
45.70416666666667
 20
12.71924479166668
 30
0.0
  0
SEQEND
  5
781
330
77C
100
AcDbEntity
  8
0
  6
Continuous
 62
    18
420
        0
370
    25
  0
POLYLINE
  5
782
330
1F
100
AcDbEntity
  8
0
  6
Continuous
 62
    18
420
        0
370
    25
100
AcDb2dPolyline
 66
     1
 10
0.0
 20
0.0
 30
0.0
 70
     1
  0
VERTEX
  5
783
330
782
100
AcDbEntity
  8
0
  6
Continuous
 62
    18
420
        0
370
    25
100
AcDbVertex
100
AcDb2dVertex
 10
47.4005
 20
12.71924479166668
 30
0.0
  0
VERTEX
  5
784
330
782
100
AcDbEntity
  8
0
  6
Continuous
 62
    18
420
        0
370
    25
100
AcDbVertex
100
AcDb2dVertex
 10
47.4005
 20
12.53174479166668
 30
0.0
  0
VERTEX
  5
785
330
782
100
AcDbEntity
  8
0
  6
Continuous
 62
    18
420
        0
370
    25
100
AcDbVertex
100
AcDb2dVertex
 10
47.58800000000001
 20
12.53174479166668
 30
0.0
  0
VERTEX
  5
786
330
782
100
AcDbEntity
  8
0
  6
Continuous
 62
    18
420
        0
370
    25
100
AcDbVertex
100
AcDb2dVertex
 10
47.58800000000001
 20
12.71924479166668
 30
0.0
  0
SEQEND
  5
787
330
782
100
AcDbEntity
  8
0
  6
Continuous
 62
    18
420
        0
370
    25
  0
POLYLINE
  5
788
330
1F
100
AcDbEntity
  8
0
  6
Continuous
 62
    18
420
        0
370
    25
100
AcDb2dPolyline
 66
     1
 10
0.0
 20
0.0
 30
0.0
 70
     1
  0
VERTEX
  5
789
330
788
100
AcDbEntity
  8
0
  6
Continuous
 62
    18
420
        0
370
    25
100
AcDbVertex
100
AcDb2dVertex
 10
50.53316666666667
 20
12.71924479166668
 30
0.0
  0
VERTEX
  5
78A
330
788
100
AcDbEntity
  8
0
  6
Continuous
 62
    18
420
        0
370
    25
100
AcDbVertex
100
AcDb2dVertex
 10
50.53316666666667
 20
12.53174479166668
 30
0.0
  0
VERTEX
  5
78B
330
788
100
AcDbEntity
  8
0
  6
Continuous
 62
    18
420
        0
370
    25
100
AcDbVertex
100
AcDb2dVertex
 10
50.72066666666667
 20
12.53174479166668
 30
0.0
  0
VERTEX
  5
78C
330
788
100
AcDbEntity
  8
0
  6
Continuous
 62
    18
420
        0
370
    25
100
AcDbVertex
100
AcDb2dVertex
 10
50.72066666666667
 20
12.71924479166668
 30
0.0
  0
SEQEND
  5
78D
330
788
100
AcDbEntity
  8
0
  6
Continuous
 62
    18
420
        0
370
    25
  0
POLYLINE
  5
78E
330
1F
100
AcDbEntity
  8
0
  6
Continuous
 62
    18
420
        0
370
    25
100
AcDb2dPolyline
 66
     1
 10
0.0
 20
0.0
 30
0.0
 70
     1
  0
VERTEX
  5
78F
330
78E
100
AcDbEntity
  8
0
  6
Continuous
 62
    18
420
        0
370
    25
100
AcDbVertex
100
AcDb2dVertex
 10
52.544
 20
9.904078125000016
 30
0.0
  0
VERTEX
  5
790
330
78E
100
AcDbEntity
  8
0
  6
Continuous
 62
    18
420
        0
370
    25
100
AcDbVertex
100
AcDb2dVertex
 10
52.544
 20
9.716578125000009
 30
0.0
  0
VERTEX
  5
791
330
78E
100
AcDbEntity
  8
0
  6
Continuous
 62
    18
420
        0
370
    25
100
AcDbVertex
100
AcDb2dVertex
 10
52.73150000000001
 20
9.716578125000009
 30
0.0
  0
VERTEX
  5
792
330
78E
100
AcDbEntity
  8
0
  6
Continuous
 62
    18
420
        0
370
    25
100
AcDbVertex
100
AcDb2dVertex
 10
52.73150000000001
 20
9.904078125000016
 30
0.0
  0
SEQEND
  5
793
330
78E
100
AcDbEntity
  8
0
  6
Continuous
 62
    18
420
        0
370
    25
  0
POLYLINE
  5
794
330
1F
100
AcDbEntity
  8
0
  6
Continuous
 62
    18
420
        0
370
    25
100
AcDb2dPolyline
 66
     1
 10
0.0
 20
0.0
 30
0.0
 70
     1
  0
VERTEX
  5
795
330
794
100
AcDbEntity
  8
0
  6
Continuous
 62
    18
420
        0
370
    25
100
AcDbVertex
100
AcDb2dVertex
 10
52.544
 20
12.71924479166668
 30
0.0
  0
VERTEX
  5
796
330
794
100
AcDbEntity
  8
0
  6
Continuous
 62
    18
420
        0
370
    25
100
AcDbVertex
100
AcDb2dVertex
 10
52.544
 20
12.53174479166668
 30
0.0
  0
VERTEX
  5
797
330
794
100
AcDbEntity
  8
0
  6
Continuous
 62
    18
420
        0
370
    25
100
AcDbVertex
100
AcDb2dVertex
 10
52.73150000000001
 20
12.53174479166668
 30
0.0
  0
VERTEX
  5
798
330
794
100
AcDbEntity
  8
0
  6
Continuous
 62
    18
420
        0
370
    25
100
AcDbVertex
100
AcDb2dVertex
 10
52.73150000000001
 20
12.71924479166668
 30
0.0
  0
SEQEND
  5
799
330
794
100
AcDbEntity
  8
0
  6
Continuous
 62
    18
420
        0
370
    25
  0
POLYLINE
  5
79A
330
1F
100
AcDbEntity
  8
0
  6
Continuous
 62
    18
420
        0
370
    25
100
AcDb2dPolyline
 66
     1
 10
0.0
 20
0.0
 30
0.0
 70
     1
  0
VERTEX
  5
79B
330
79A
100
AcDbEntity
  8
0
  6
Continuous
 62
    18
420
        0
370
    25
100
AcDbVertex
100
AcDb2dVertex
 10
52.544
 20
16.38107812500002
 30
0.0
  0
VERTEX
  5
79C
330
79A
100
AcDbEntity
  8
0
  6
Continuous
 62
    18
420
        0
370
    25
100
AcDbVertex
100
AcDb2dVertex
 10
52.544
 20
16.19357812500001
 30
0.0
  0
VERTEX
  5
79D
330
79A
100
AcDbEntity
  8
0
  6
Continuous
 62
    18
420
        0
370
    25
100
AcDbVertex
100
AcDb2dVertex
 10
52.73150000000001
 20
16.19357812500001
 30
0.0
  0
VERTEX
  5
79E
330
79A
100
AcDbEntity
  8
0
  6
Continuous
 62
    18
420
        0
370
    25
100
AcDbVertex
100
AcDb2dVertex
 10
52.73150000000001
 20
16.38107812500002
 30
0.0
  0
SEQEND
  5
79F
330
79A
100
AcDbEntity
  8
0
  6
Continuous
 62
    18
420
        0
370
    25
  0
POLYLINE
  5
7A0
330
1F
100
AcDbEntity
  8
0
  6
Continuous
 62
    18
420
        0
370
    25
100
AcDb2dPolyline
 66
     1
 10
0.0
 20
0.0
 30
0.0
 70
     1
  0
VERTEX
  5
7A1
330
7A0
100
AcDbEntity
  8
0
  6
Continuous
 62
    18
420
        0
370
    25
100
AcDbVertex
100
AcDb2dVertex
 10
52.544
 20
13.77757812500002
 30
0.0
  0
VERTEX
  5
7A2
330
7A0
100
AcDbEntity
  8
0
  6
Continuous
 62
    18
420
        0
370
    25
100
AcDbVertex
100
AcDb2dVertex
 10
52.544
 20
13.59007812500001
 30
0.0
  0
VERTEX
  5
7A3
330
7A0
100
AcDbEntity
  8
0
  6
Continuous
 62
    18
420
        0
370
    25
100
AcDbVertex
100
AcDb2dVertex
 10
52.73150000000001
 20
13.59007812500001
 30
0.0
  0
VERTEX
  5
7A4
330
7A0
100
AcDbEntity
  8
0
  6
Continuous
 62
    18
420
        0
370
    25
100
AcDbVertex
100
AcDb2dVertex
 10
52.73150000000001
 20
13.77757812500002
 30
0.0
  0
SEQEND
  5
7A5
330
7A0
100
AcDbEntity
  8
0
  6
Continuous
 62
    18
420
        0
370
    25
  0
POLYLINE
  5
7A6
330
1F
100
AcDbEntity
  8
0
  6
Continuous
 62
    18
420
        0
370
    25
100
AcDb2dPolyline
 66
     1
 10
0.0
 20
0.0
 30
0.0
 70
     1
  0
VERTEX
  5
7A7
330
7A6
100
AcDbEntity
  8
0
  6
Continuous
 62
    18
420
        0
370
    25
100
AcDbVertex
100
AcDb2dVertex
 10
52.544
 20
20.54588541666668
 30
0.0
  0
VERTEX
  5
7A8
330
7A6
100
AcDbEntity
  8
0
  6
Continuous
 62
    18
420
        0
370
    25
100
AcDbVertex
100
AcDb2dVertex
 10
52.544
 20
20.35838541666668
 30
0.0
  0
VERTEX
  5
7A9
330
7A6
100
AcDbEntity
  8
0
  6
Continuous
 62
    18
420
        0
370
    25
100
AcDbVertex
100
AcDb2dVertex
 10
52.73150000000001
 20
20.35838541666668
 30
0.0
  0
VERTEX
  5
7AA
330
7A6
100
AcDbEntity
  8
0
  6
Continuous
 62
    18
420
        0
370
    25
100
AcDbVertex
100
AcDb2dVertex
 10
52.73150000000001
 20
20.54588541666668
 30
0.0
  0
SEQEND
  5
7AB
330
7A6
100
AcDbEntity
  8
0
  6
Continuous
 62
    18
420
        0
370
    25
  0
POLYLINE
  5
7AC
330
1F
100
AcDbEntity
  8
0
  6
Continuous
 62
    18
420
        0
370
    25
100
AcDb2dPolyline
 66
     1
 10
0.0
 20
0.0
 30
0.0
 70
     1
  0
VERTEX
  5
7AD
330
7AC
100
AcDbEntity
  8
0
  6
Continuous
 62
    18
420
        0
370
    25
100
AcDbVertex
100
AcDb2dVertex
 10
54.2585
 20
18.61971875000002
 30
0.0
  0
VERTEX
  5
7AE
330
7AC
100
AcDbEntity
  8
0
  6
Continuous
 62
    18
420
        0
370
    25
100
AcDbVertex
100
AcDb2dVertex
 10
54.2585
 20
18.43221875000001
 30
0.0
  0
VERTEX
  5
7AF
330
7AC
100
AcDbEntity
  8
0
  6
Continuous
 62
    18
420
        0
370
    25
100
AcDbVertex
100
AcDb2dVertex
 10
54.44600000000001
 20
18.43221875000001
 30
0.0
  0
VERTEX
  5
7B0
330
7AC
100
AcDbEntity
  8
0
  6
Continuous
 62
    18
420
        0
370
    25
100
AcDbVertex
100
AcDb2dVertex
 10
54.44600000000001
 20
18.61971875000002
 30
0.0
  0
SEQEND
  5
7B1
330
7AC
100
AcDbEntity
  8
0
  6
Continuous
 62
    18
420
        0
370
    25
  0
POLYLINE
  5
7B2
330
1F
100
AcDbEntity
  8
0
  6
Continuous
 62
    18
420
        0
370
    25
100
AcDb2dPolyline
 66
     1
 10
0.0
 20
0.0
 30
0.0
 70
     1
  0
VERTEX
  5
7B3
330
7B2
100
AcDbEntity
  8
0
  6
Continuous
 62
    18
420
        0
370
    25
100
AcDbVertex
100
AcDb2dVertex
 10
52.544
 20
18.61971875000001
 30
0.0
  0
VERTEX
  5
7B4
330
7B2
100
AcDbEntity
  8
0
  6
Continuous
 62
    18
420
        0
370
    25
100
AcDbVertex
100
AcDb2dVertex
 10
52.544
 20
18.43221875000001
 30
0.0
  0
VERTEX
  5
7B5
330
7B2
100
AcDbEntity
  8
0
  6
Continuous
 62
    18
420
        0
370
    25
100
AcDbVertex
100
AcDb2dVertex
 10
52.73150000000001
 20
18.43221875000001
 30
0.0
  0
VERTEX
  5
7B6
330
7B2
100
AcDbEntity
  8
0
  6
Continuous
 62
    18
420
        0
370
    25
100
AcDbVertex
100
AcDb2dVertex
 10
52.73150000000001
 20
18.61971875000001
 30
0.0
  0
SEQEND
  5
7B7
330
7B2
100
AcDbEntity
  8
0
  6
Continuous
 62
    18
420
        0
370
    25
  0
POLYLINE
  5
7B8
330
1F
100
AcDbEntity
  8
0
  6
Continuous
 62
    18
420
        0
370
    25
100
AcDb2dPolyline
 66
     1
 10
0.0
 20
0.0
 30
0.0
 70
     1
  0
VERTEX
  5
7B9
330
7B8
100
AcDbEntity
  8
0
  6
Continuous
 62
    18
420
        0
370
    25
100
AcDbVertex
100
AcDb2dVertex
 10
23.6515
 20
7.855937500000024
 30
0.0
  0
VERTEX
  5
7BA
330
7B8
100
AcDbEntity
  8
0
  6
Continuous
 62
    18
420
        0
370
    25
100
AcDbVertex
100
AcDb2dVertex
 10
23.6515
 20
7.668437500000017
 30
0.0
  0
VERTEX
  5
7BB
330
7B8
100
AcDbEntity
  8
0
  6
Continuous
 62
    18
420
        0
370
    25
100
AcDbVertex
100
AcDb2dVertex
 10
23.83900000000001
 20
7.668437500000017
 30
0.0
  0
VERTEX
  5
7BC
330
7B8
100
AcDbEntity
  8
0
  6
Continuous
 62
    18
420
        0
370
    25
100
AcDbVertex
100
AcDb2dVertex
 10
23.83900000000001
 20
7.855937500000024
 30
0.0
  0
SEQEND
  5
7BD
330
7B8
100
AcDbEntity
  8
0
  6
Continuous
 62
    18
420
        0
370
    25
  0
POLYLINE
  5
7BE
330
1F
100
AcDbEntity
  8
0
  6
Continuous
 62
    18
420
        0
370
    25
100
AcDb2dPolyline
 66
     1
 10
0.0
 20
0.0
 30
0.0
 70
     1
  0
VERTEX
  5
7BF
330
7BE
100
AcDbEntity
  8
0
  6
Continuous
 62
    18
420
        0
370
    25
100
AcDbVertex
100
AcDb2dVertex
 10
23.6515
 20
10.60257812500002
 30
0.0
  0
VERTEX
  5
7C0
330
7BE
100
AcDbEntity
  8
0
  6
Continuous
 62
    18
420
        0
370
    25
100
AcDbVertex
100
AcDb2dVertex
 10
23.6515
 20
10.41507812500001
 30
0.0
  0
VERTEX
  5
7C1
330
7BE
100
AcDbEntity
  8
0
  6
Continuous
 62
    18
420
        0
370
    25
100
AcDbVertex
100
AcDb2dVertex
 10
23.83900000000001
 20
10.41507812500001
 30
0.0
  0
VERTEX
  5
7C2
330
7BE
100
AcDbEntity
  8
0
  6
Continuous
 62
    18
420
        0
370
    25
100
AcDbVertex
100
AcDb2dVertex
 10
23.83900000000001
 20
10.60257812500002
 30
0.0
  0
SEQEND
  5
7C3
330
7BE
100
AcDbEntity
  8
0
  6
Continuous
 62
    18
420
        0
370
    25
  0
POLYLINE
  5
7C4
330
1F
100
AcDbEntity
  8
0
  6
Continuous
 62
    18
420
        0
370
    25
100
AcDb2dPolyline
 66
     1
 10
0.0
 20
0.0
 30
0.0
 70
     1
  0
VERTEX
  5
7C5
330
7C4
100
AcDbEntity
  8
0
  6
Continuous
 62
    18
420
        0
370
    25
100
AcDbVertex
100
AcDb2dVertex
 10
23.6515
 20
16.52924479166668
 30
0.0
  0
VERTEX
  5
7C6
330
7C4
100
AcDbEntity
  8
0
  6
Continuous
 62
    18
420
        0
370
    25
100
AcDbVertex
100
AcDb2dVertex
 10
23.6515
 20
16.34174479166668
 30
0.0
  0
VERTEX
  5
7C7
330
7C4
100
AcDbEntity
  8
0
  6
Continuous
 62
    18
420
        0
370
    25
100
AcDbVertex
100
AcDb2dVertex
 10
23.83900000000001
 20
16.34174479166668
 30
0.0
  0
VERTEX
  5
7C8
330
7C4
100
AcDbEntity
  8
0
  6
Continuous
 62
    18
420
        0
370
    25
100
AcDbVertex
100
AcDb2dVertex
 10
23.83900000000001
 20
16.52924479166668
 30
0.0
  0
SEQEND
  5
7C9
330
7C4
100
AcDbEntity
  8
0
  6
Continuous
 62
    18
420
        0
370
    25
  0
POLYLINE
  5
7CA
330
1F
100
AcDbEntity
  8
0
  6
Continuous
 62
    18
420
        0
370
    25
100
AcDb2dPolyline
 66
     1
 10
0.0
 20
0.0
 30
0.0
 70
     1
  0
VERTEX
  5
7CB
330
7CA
100
AcDbEntity
  8
0
  6
Continuous
 62
    18
420
        0
370
    25
100
AcDbVertex
100
AcDb2dVertex
 10
23.6515
 20
13.79874479166668
 30
0.0
  0
VERTEX
  5
7CC
330
7CA
100
AcDbEntity
  8
0
  6
Continuous
 62
    18
420
        0
370
    25
100
AcDbVertex
100
AcDb2dVertex
 10
23.6515
 20
13.61124479166668
 30
0.0
  0
VERTEX
  5
7CD
330
7CA
100
AcDbEntity
  8
0
  6
Continuous
 62
    18
420
        0
370
    25
100
AcDbVertex
100
AcDb2dVertex
 10
23.83900000000001
 20
13.61124479166668
 30
0.0
  0
VERTEX
  5
7CE
330
7CA
100
AcDbEntity
  8
0
  6
Continuous
 62
    18
420
        0
370
    25
100
AcDbVertex
100
AcDb2dVertex
 10
23.83900000000001
 20
13.79874479166668
 30
0.0
  0
SEQEND
  5
7CF
330
7CA
100
AcDbEntity
  8
0
  6
Continuous
 62
    18
420
        0
370
    25
  0
POLYLINE
  5
7D0
330
1F
100
AcDbEntity
  8
0
  6
Continuous
 62
    18
420
        0
370
    25
100
AcDb2dPolyline
 66
     1
 10
0.0
 20
0.0
 30
0.0
 70
     1
  0
VERTEX
  5
7D1
330
7D0
100
AcDbEntity
  8
0
  6
Continuous
 62
    18
420
        0
370
    25
100
AcDbVertex
100
AcDb2dVertex
 10
23.6515
 20
20.60938541666668
 30
0.0
  0
VERTEX
  5
7D2
330
7D0
100
AcDbEntity
  8
0
  6
Continuous
 62
    18
420
        0
370
    25
100
AcDbVertex
100
AcDb2dVertex
 10
23.6515
 20
20.42188541666668
 30
0.0
  0
VERTEX
  5
7D3
330
7D0
100
AcDbEntity
  8
0
  6
Continuous
 62
    18
420
        0
370
    25
100
AcDbVertex
100
AcDb2dVertex
 10
23.83900000000001
 20
20.42188541666668
 30
0.0
  0
VERTEX
  5
7D4
330
7D0
100
AcDbEntity
  8
0
  6
Continuous
 62
    18
420
        0
370
    25
100
AcDbVertex
100
AcDb2dVertex
 10
23.83900000000001
 20
20.60938541666668
 30
0.0
  0
SEQEND
  5
7D5
330
7D0
100
AcDbEntity
  8
0
  6
Continuous
 62
    18
420
        0
370
    25
  0
POLYLINE
  5
7D6
330
1F
100
AcDbEntity
  8
0
  6
Continuous
 62
    18
420
        0
370
    25
100
AcDb2dPolyline
 66
     1
 10
0.0
 20
0.0
 30
0.0
 70
     1
  0
VERTEX
  5
7D7
330
7D6
100
AcDbEntity
  8
0
  6
Continuous
 62
    18
420
        0
370
    25
100
AcDbVertex
100
AcDb2dVertex
 10
23.6515
 20
18.64088541666668
 30
0.0
  0
VERTEX
  5
7D8
330
7D6
100
AcDbEntity
  8
0
  6
Continuous
 62
    18
420
        0
370
    25
100
AcDbVertex
100
AcDb2dVertex
 10
23.6515
 20
18.45338541666667
 30
0.0
  0
VERTEX
  5
7D9
330
7D6
100
AcDbEntity
  8
0
  6
Continuous
 62
    18
420
        0
370
    25
100
AcDbVertex
100
AcDb2dVertex
 10
23.83900000000001
 20
18.45338541666667
 30
0.0
  0
VERTEX
  5
7DA
330
7D6
100
AcDbEntity
  8
0
  6
Continuous
 62
    18
420
        0
370
    25
100
AcDbVertex
100
AcDb2dVertex
 10
23.83900000000001
 20
18.64088541666668
 30
0.0
  0
SEQEND
  5
7DB
330
7D6
100
AcDbEntity
  8
0
  6
Continuous
 62
    18
420
        0
370
    25
  0
POLYLINE
  5
7DC
330
1F
100
AcDbEntity
  8
0
  6
Continuous
 62
    18
420
        0
370
    25
100
AcDb2dPolyline
 66
     1
 10
0.0
 20
0.0
 30
0.0
 70
     1
  0
VERTEX
  5
7DD
330
7DC
100
AcDbEntity
  8
0
  6
Continuous
 62
    18
420
        0
370
    25
100
AcDbVertex
100
AcDb2dVertex
 10
23.6515
 20
21.54251041666668
 30
0.0
  0
VERTEX
  5
7DE
330
7DC
100
AcDbEntity
  8
0
  6
Continuous
 62
    18
420
        0
370
    25
100
AcDbVertex
100
AcDb2dVertex
 10
23.6515
 20
21.35501041666668
 30
0.0
  0
VERTEX
  5
7DF
330
7DC
100
AcDbEntity
  8
0
  6
Continuous
 62
    18
420
        0
370
    25
100
AcDbVertex
100
AcDb2dVertex
 10
23.83900000000001
 20
21.35501041666668
 30
0.0
  0
VERTEX
  5
7E0
330
7DC
100
AcDbEntity
  8
0
  6
Continuous
 62
    18
420
        0
370
    25
100
AcDbVertex
100
AcDb2dVertex
 10
23.83900000000001
 20
21.54251041666668
 30
0.0
  0
SEQEND
  5
7E1
330
7DC
100
AcDbEntity
  8
0
  6
Continuous
 62
    18
420
        0
370
    25
  0
POLYLINE
  5
7E2
330
1F
100
AcDbEntity
  8
0
  6
Continuous
 62
    18
420
        0
370
    25
100
AcDb2dPolyline
 66
     1
 10
0.0
 20
0.0
 30
0.0
 70
     1
  0
VERTEX
  5
7E3
330
7E2
100
AcDbEntity
  8
0
  6
Continuous
 62
    18
420
        0
370
    25
100
AcDbVertex
100
AcDb2dVertex
 10
21.40783333333333
 20
25.28083333333334
 30
0.0
  0
VERTEX
  5
7E4
330
7E2
100
AcDbEntity
  8
0
  6
Continuous
 62
    18
420
        0
370
    25
100
AcDbVertex
100
AcDb2dVertex
 10
21.40783333333333
 20
25.09333333333334
 30
0.0
  0
VERTEX
  5
7E5
330
7E2
100
AcDbEntity
  8
0
  6
Continuous
 62
    18
420
        0
370
    25
100
AcDbVertex
100
AcDb2dVertex
 10
21.59533333333334
 20
25.09333333333334
 30
0.0
  0
VERTEX
  5
7E6
330
7E2
100
AcDbEntity
  8
0
  6
Continuous
 62
    18
420
        0
370
    25
100
AcDbVertex
100
AcDb2dVertex
 10
21.59533333333334
 20
25.28083333333334
 30
0.0
  0
SEQEND
  5
7E7
330
7E2
100
AcDbEntity
  8
0
  6
Continuous
 62
    18
420
        0
370
    25
  0
POLYLINE
  5
7E8
330
1F
100
AcDbEntity
  8
0
  6
Continuous
 62
    18
420
        0
370
    25
100
AcDb2dPolyline
 66
     1
 10
0.0
 20
0.0
 30
0.0
 70
     1
  0
VERTEX
  5
7E9
330
7E8
100
AcDbEntity
  8
0
  6
Continuous
 62
    18
420
        0
370
    25
100
AcDbVertex
100
AcDb2dVertex
 10
20.794
 20
23.52400000000001
 30
0.0
  0
VERTEX
  5
7EA
330
7E8
100
AcDbEntity
  8
0
  6
Continuous
 62
    18
420
        0
370
    25
100
AcDbVertex
100
AcDb2dVertex
 10
20.794
 20
23.3365
 30
0.0
  0
VERTEX
  5
7EB
330
7E8
100
AcDbEntity
  8
0
  6
Continuous
 62
    18
420
        0
370
    25
100
AcDbVertex
100
AcDb2dVertex
 10
20.98150000000001
 20
23.3365
 30
0.0
  0
VERTEX
  5
7EC
330
7E8
100
AcDbEntity
  8
0
  6
Continuous
 62
    18
420
        0
370
    25
100
AcDbVertex
100
AcDb2dVertex
 10
20.98150000000001
 20
23.52400000000001
 30
0.0
  0
SEQEND
  5
7ED
330
7E8
100
AcDbEntity
  8
0
  6
Continuous
 62
    18
420
        0
370
    25
  0
POLYLINE
  5
7EE
330
1F
100
AcDbEntity
  8
0
  6
Continuous
 62
    18
420
        0
370
    25
100
AcDb2dPolyline
 66
     1
 10
0.0
 20
0.0
 30
0.0
 70
     1
  0
VERTEX
  5
7EF
330
7EE
100
AcDbEntity
  8
0
  6
Continuous
 62
    18
420
        0
370
    25
100
AcDbVertex
100
AcDb2dVertex
 10
20.794
 20
21.54251041666668
 30
0.0
  0
VERTEX
  5
7F0
330
7EE
100
AcDbEntity
  8
0
  6
Continuous
 62
    18
420
        0
370
    25
100
AcDbVertex
100
AcDb2dVertex
 10
20.794
 20
21.35501041666668
 30
0.0
  0
VERTEX
  5
7F1
330
7EE
100
AcDbEntity
  8
0
  6
Continuous
 62
    18
420
        0
370
    25
100
AcDbVertex
100
AcDb2dVertex
 10
20.98150000000001
 20
21.35501041666668
 30
0.0
  0
VERTEX
  5
7F2
330
7EE
100
AcDbEntity
  8
0
  6
Continuous
 62
    18
420
        0
370
    25
100
AcDbVertex
100
AcDb2dVertex
 10
20.98150000000001
 20
21.54251041666668
 30
0.0
  0
SEQEND
  5
7F3
330
7EE
100
AcDbEntity
  8
0
  6
Continuous
 62
    18
420
        0
370
    25
  0
POLYLINE
  5
7F4
330
1F
100
AcDbEntity
  8
0
  6
Continuous
 62
    18
420
        0
370
    25
100
AcDb2dPolyline
 66
     1
 10
0.0
 20
0.0
 30
0.0
 70
     1
  0
VERTEX
  5
7F5
330
7F4
100
AcDbEntity
  8
0
  6
Continuous
 62
    18
420
        0
370
    25
100
AcDbVertex
100
AcDb2dVertex
 10
18.61383333333334
 20
25.28083333333334
 30
0.0
  0
VERTEX
  5
7F6
330
7F4
100
AcDbEntity
  8
0
  6
Continuous
 62
    18
420
        0
370
    25
100
AcDbVertex
100
AcDb2dVertex
 10
18.61383333333334
 20
25.09333333333334
 30
0.0
  0
VERTEX
  5
7F7
330
7F4
100
AcDbEntity
  8
0
  6
Continuous
 62
    18
420
        0
370
    25
100
AcDbVertex
100
AcDb2dVertex
 10
18.80133333333334
 20
25.09333333333334
 30
0.0
  0
VERTEX
  5
7F8
330
7F4
100
AcDbEntity
  8
0
  6
Continuous
 62
    18
420
        0
370
    25
100
AcDbVertex
100
AcDb2dVertex
 10
18.80133333333334
 20
25.28083333333334
 30
0.0
  0
SEQEND
  5
7F9
330
7F4
100
AcDbEntity
  8
0
  6
Continuous
 62
    18
420
        0
370
    25
  0
POLYLINE
  5
7FA
330
1F
100
AcDbEntity
  8
0
  6
Continuous
 62
    18
420
        0
370
    25
100
AcDb2dPolyline
 66
     1
 10
0.0
 20
0.0
 30
0.0
 70
     1
  0
VERTEX
  5
7FB
330
7FA
100
AcDbEntity
  8
0
  6
Continuous
 62
    18
420
        0
370
    25
100
AcDbVertex
100
AcDb2dVertex
 10
18.0
 20
23.524
 30
0.0
  0
VERTEX
  5
7FC
330
7FA
100
AcDbEntity
  8
0
  6
Continuous
 62
    18
420
        0
370
    25
100
AcDbVertex
100
AcDb2dVertex
 10
18.0
 20
23.3365
 30
0.0
  0
VERTEX
  5
7FD
330
7FA
100
AcDbEntity
  8
0
  6
Continuous
 62
    18
420
        0
370
    25
100
AcDbVertex
100
AcDb2dVertex
 10
18.18750000000001
 20
23.3365
 30
0.0
  0
VERTEX
  5
7FE
330
7FA
100
AcDbEntity
  8
0
  6
Continuous
 62
    18
420
        0
370
    25
100
AcDbVertex
100
AcDb2dVertex
 10
18.18750000000001
 20
23.524
 30
0.0
  0
SEQEND
  5
7FF
330
7FA
100
AcDbEntity
  8
0
  6
Continuous
 62
    18
420
        0
370
    25
  0
POLYLINE
  5
800
330
1F
100
AcDbEntity
  8
0
  6
Continuous
 62
    18
420
        0
370
    25
100
AcDb2dPolyline
 66
     1
 10
0.0
 20
0.0
 30
0.0
 70
     1
  0
VERTEX
  5
801
330
800
100
AcDbEntity
  8
0
  6
Continuous
 62
    18
420
        0
370
    25
100
AcDbVertex
100
AcDb2dVertex
 10
18.0
 20
21.54251041666668
 30
0.0
  0
VERTEX
  5
802
330
800
100
AcDbEntity
  8
0
  6
Continuous
 62
    18
420
        0
370
    25
100
AcDbVertex
100
AcDb2dVertex
 10
18.0
 20
21.35501041666668
 30
0.0
  0
VERTEX
  5
803
330
800
100
AcDbEntity
  8
0
  6
Continuous
 62
    18
420
        0
370
    25
100
AcDbVertex
100
AcDb2dVertex
 10
18.18750000000001
 20
21.35501041666668
 30
0.0
  0
VERTEX
  5
804
330
800
100
AcDbEntity
  8
0
  6
Continuous
 62
    18
420
        0
370
    25
100
AcDbVertex
100
AcDb2dVertex
 10
18.18750000000001
 20
21.54251041666668
 30
0.0
  0
SEQEND
  5
805
330
800
100
AcDbEntity
  8
0
  6
Continuous
 62
    18
420
        0
370
    25
  0
POLYLINE
  5
806
330
1F
100
AcDbEntity
  8
0
  6
Continuous
 62
    18
420
        0
370
    25
100
AcDb2dPolyline
 66
     1
 10
0.0
 20
0.0
 30
0.0
 70
     1
  0
VERTEX
  5
807
330
806
100
AcDbEntity
  8
0
  6
Continuous
 62
    18
420
        0
370
    25
100
AcDbVertex
100
AcDb2dVertex
 10
11.84218750000002
 20
27.18883333333333
 30
0.0
  0
VERTEX
  5
808
330
806
100
AcDbEntity
  8
0
  6
Continuous
 62
    18
420
        0
370
    25
100
AcDbVertex
100
AcDb2dVertex
 10
12.02968750000003
 20
27.18883333333333
 30
0.0
  0
VERTEX
  5
809
330
806
100
AcDbEntity
  8
0
  6
Continuous
 62
    18
420
        0
370
    25
100
AcDbVertex
100
AcDb2dVertex
 10
12.02968750000003
 20
27.37633333333334
 30
0.0
  0
VERTEX
  5
80A
330
806
100
AcDbEntity
  8
0
  6
Continuous
 62
    18
420
        0
370
    25
100
AcDbVertex
100
AcDb2dVertex
 10
11.84218750000002
 20
27.37633333333334
 30
0.0
  0
SEQEND
  5
80B
330
806
100
AcDbEntity
  8
0
  6
Continuous
 62
    18
420
        0
370
    25
  0
POLYLINE
  5
80C
330
1F
100
AcDbEntity
  8
0
  6
Continuous
 62
    18
420
        0
370
    25
100
AcDb2dPolyline
 66
     1
 10
0.0
 20
0.0
 30
0.0
 70
     1
  0
VERTEX
  5
80D
330
80C
100
AcDbEntity
  8
0
  6
Continuous
 62
    18
420
        0
370
    25
100
AcDbVertex
100
AcDb2dVertex
 10
11.84218750000002
 20
23.908
 30
0.0
  0
VERTEX
  5
80E
330
80C
100
AcDbEntity
  8
0
  6
Continuous
 62
    18
420
        0
370
    25
100
AcDbVertex
100
AcDb2dVertex
 10
12.02968750000003
 20
23.908
 30
0.0
  0
VERTEX
  5
80F
330
80C
100
AcDbEntity
  8
0
  6
Continuous
 62
    18
420
        0
370
    25
100
AcDbVertex
100
AcDb2dVertex
 10
12.02968750000003
 20
24.0955
 30
0.0
  0
VERTEX
  5
810
330
80C
100
AcDbEntity
  8
0
  6
Continuous
 62
    18
420
        0
370
    25
100
AcDbVertex
100
AcDb2dVertex
 10
11.84218750000002
 20
24.0955
 30
0.0
  0
SEQEND
  5
811
330
80C
100
AcDbEntity
  8
0
  6
Continuous
 62
    18
420
        0
370
    25
  0
POLYLINE
  5
812
330
1F
100
AcDbEntity
  8
0
  6
Continuous
 62
    18
420
        0
370
    25
100
AcDb2dPolyline
 66
     1
 10
0.0
 20
0.0
 30
0.0
 70
     1
  0
VERTEX
  5
813
330
812
100
AcDbEntity
  8
0
  6
Continuous
 62
    18
420
        0
370
    25
100
AcDbVertex
100
AcDb2dVertex
 10
11.84218750000002
 20
21.41033333333333
 30
0.0
  0
VERTEX
  5
814
330
812
100
AcDbEntity
  8
0
  6
Continuous
 62
    18
420
        0
370
    25
100
AcDbVertex
100
AcDb2dVertex
 10
12.02968750000003
 20
21.41033333333333
 30
0.0
  0
VERTEX
  5
815
330
812
100
AcDbEntity
  8
0
  6
Continuous
 62
    18
420
        0
370
    25
100
AcDbVertex
100
AcDb2dVertex
 10
12.02968750000003
 20
21.59783333333334
 30
0.0
  0
VERTEX
  5
816
330
812
100
AcDbEntity
  8
0
  6
Continuous
 62
    18
420
        0
370
    25
100
AcDbVertex
100
AcDb2dVertex
 10
11.84218750000002
 20
21.59783333333334
 30
0.0
  0
SEQEND
  5
817
330
812
100
AcDbEntity
  8
0
  6
Continuous
 62
    18
420
        0
370
    25
  0
POLYLINE
  5
818
330
1F
100
AcDbEntity
  8
0
  6
Continuous
 62
    18
420
        0
370
    25
100
AcDb2dPolyline
 66
     1
 10
0.0
 20
0.0
 30
0.0
 70
     1
  0
VERTEX
  5
819
330
818
100
AcDbEntity
  8
0
  6
Continuous
 62
    18
420
        0
370
    25
100
AcDbVertex
100
AcDb2dVertex
 10
11.84218750000002
 20
18.447
 30
0.0
  0
VERTEX
  5
81A
330
818
100
AcDbEntity
  8
0
  6
Continuous
 62
    18
420
        0
370
    25
100
AcDbVertex
100
AcDb2dVertex
 10
12.02968750000003
 20
18.447
 30
0.0
  0
VERTEX
  5
81B
330
818
100
AcDbEntity
  8
0
  6
Continuous
 62
    18
420
        0
370
    25
100
AcDbVertex
100
AcDb2dVertex
 10
12.02968750000003
 20
18.63450000000001
 30
0.0
  0
VERTEX
  5
81C
330
818
100
AcDbEntity
  8
0
  6
Continuous
 62
    18
420
        0
370
    25
100
AcDbVertex
100
AcDb2dVertex
 10
11.84218750000002
 20
18.63450000000001
 30
0.0
  0
SEQEND
  5
81D
330
818
100
AcDbEntity
  8
0
  6
Continuous
 62
    18
420
        0
370
    25
  0
POLYLINE
  5
81E
330
1F
100
AcDbEntity
  8
0
  6
Continuous
 62
    18
420
        0
370
    25
100
AcDb2dPolyline
 66
     1
 10
0.0
 20
0.0
 30
0.0
 70
     1
  0
VERTEX
  5
81F
330
81E
100
AcDbEntity
  8
0
  6
Continuous
 62
    18
420
        0
370
    25
100
AcDbVertex
100
AcDb2dVertex
 10
11.84218750000002
 20
15.7165
 30
0.0
  0
VERTEX
  5
820
330
81E
100
AcDbEntity
  8
0
  6
Continuous
 62
    18
420
        0
370
    25
100
AcDbVertex
100
AcDb2dVertex
 10
12.02968750000003
 20
15.7165
 30
0.0
  0
VERTEX
  5
821
330
81E
100
AcDbEntity
  8
0
  6
Continuous
 62
    18
420
        0
370
    25
100
AcDbVertex
100
AcDb2dVertex
 10
12.02968750000003
 20
15.90400000000001
 30
0.0
  0
VERTEX
  5
822
330
81E
100
AcDbEntity
  8
0
  6
Continuous
 62
    18
420
        0
370
    25
100
AcDbVertex
100
AcDb2dVertex
 10
11.84218750000002
 20
15.90400000000001
 30
0.0
  0
SEQEND
  5
823
330
81E
100
AcDbEntity
  8
0
  6
Continuous
 62
    18
420
        0
370
    25
  0
POLYLINE
  5
824
330
1F
100
AcDbEntity
  8
0
  6
Continuous
 62
    18
420
        0
370
    25
100
AcDb2dPolyline
 66
     1
 10
0.0
 20
0.0
 30
0.0
 70
     1
  0
VERTEX
  5
825
330
824
100
AcDbEntity
  8
0
  6
Continuous
 62
    18
420
        0
370
    25
100
AcDbVertex
100
AcDb2dVertex
 10
11.84218750000002
 20
12.986
 30
0.0
  0
VERTEX
  5
826
330
824
100
AcDbEntity
  8
0
  6
Continuous
 62
    18
420
        0
370
    25
100
AcDbVertex
100
AcDb2dVertex
 10
12.02968750000003
 20
12.986
 30
0.0
  0
VERTEX
  5
827
330
824
100
AcDbEntity
  8
0
  6
Continuous
 62
    18
420
        0
370
    25
100
AcDbVertex
100
AcDb2dVertex
 10
12.02968750000003
 20
13.17350000000001
 30
0.0
  0
VERTEX
  5
828
330
824
100
AcDbEntity
  8
0
  6
Continuous
 62
    18
420
        0
370
    25
100
AcDbVertex
100
AcDb2dVertex
 10
11.84218750000002
 20
13.17350000000001
 30
0.0
  0
SEQEND
  5
829
330
824
100
AcDbEntity
  8
0
  6
Continuous
 62
    18
420
        0
370
    25
  0
POLYLINE
  5
82A
330
1F
100
AcDbEntity
  8
0
  6
Continuous
 62
    18
420
        0
370
    25
100
AcDb2dPolyline
 66
     1
 10
0.0
 20
0.0
 30
0.0
 70
     1
  0
VERTEX
  5
82B
330
82A
100
AcDbEntity
  8
0
  6
Continuous
 62
    18
420
        0
370
    25
100
AcDbVertex
100
AcDb2dVertex
 10
13.59902083333336
 20
26.42683333333333
 30
0.0
  0
VERTEX
  5
82C
330
82A
100
AcDbEntity
  8
0
  6
Continuous
 62
    18
420
        0
370
    25
100
AcDbVertex
100
AcDb2dVertex
 10
13.78652083333336
 20
26.42683333333333
 30
0.0
  0
VERTEX
  5
82D
330
82A
100
AcDbEntity
  8
0
  6
Continuous
 62
    18
420
        0
370
    25
100
AcDbVertex
100
AcDb2dVertex
 10
13.78652083333336
 20
26.61433333333334
 30
0.0
  0
VERTEX
  5
82E
330
82A
100
AcDbEntity
  8
0
  6
Continuous
 62
    18
420
        0
370
    25
100
AcDbVertex
100
AcDb2dVertex
 10
13.59902083333336
 20
26.61433333333334
 30
0.0
  0
SEQEND
  5
82F
330
82A
100
AcDbEntity
  8
0
  6
Continuous
 62
    18
420
        0
370
    25
  0
POLYLINE
  5
830
330
1F
100
AcDbEntity
  8
0
  6
Continuous
 62
    18
420
        0
370
    25
100
AcDb2dPolyline
 66
     1
 10
0.0
 20
0.0
 30
0.0
 70
     1
  0
VERTEX
  5
831
330
830
100
AcDbEntity
  8
0
  6
Continuous
 62
    18
420
        0
370
    25
100
AcDbVertex
100
AcDb2dVertex
 10
15.57225000000001
 20
26.42683333333333
 30
0.0
  0
VERTEX
  5
832
330
830
100
AcDbEntity
  8
0
  6
Continuous
 62
    18
420
        0
370
    25
100
AcDbVertex
100
AcDb2dVertex
 10
15.75975000000001
 20
26.42683333333333
 30
0.0
  0
VERTEX
  5
833
330
830
100
AcDbEntity
  8
0
  6
Continuous
 62
    18
420
        0
370
    25
100
AcDbVertex
100
AcDb2dVertex
 10
15.75975000000001
 20
26.61433333333334
 30
0.0
  0
VERTEX
  5
834
330
830
100
AcDbEntity
  8
0
  6
Continuous
 62
    18
420
        0
370
    25
100
AcDbVertex
100
AcDb2dVertex
 10
15.57225000000001
 20
26.61433333333334
 30
0.0
  0
SEQEND
  5
835
330
830
100
AcDbEntity
  8
0
  6
Continuous
 62
    18
420
        0
370
    25
  0
POLYLINE
  5
836
330
1F
100
AcDbEntity
  8
0
  6
Continuous
 62
    18
420
        0
370
    25
100
AcDb2dPolyline
 66
     1
 10
0.0
 20
0.0
 30
0.0
 70
     1
  0
VERTEX
  5
837
330
836
100
AcDbEntity
  8
0
  6
Continuous
 62
    18
420
        0
370
    25
100
AcDbVertex
100
AcDb2dVertex
 10
13.59902083333336
 20
23.3365
 30
0.0
  0
VERTEX
  5
838
330
836
100
AcDbEntity
  8
0
  6
Continuous
 62
    18
420
        0
370
    25
100
AcDbVertex
100
AcDb2dVertex
 10
13.78652083333336
 20
23.3365
 30
0.0
  0
VERTEX
  5
839
330
836
100
AcDbEntity
  8
0
  6
Continuous
 62
    18
420
        0
370
    25
100
AcDbVertex
100
AcDb2dVertex
 10
13.78652083333336
 20
23.524
 30
0.0
  0
VERTEX
  5
83A
330
836
100
AcDbEntity
  8
0
  6
Continuous
 62
    18
420
        0
370
    25
100
AcDbVertex
100
AcDb2dVertex
 10
13.59902083333336
 20
23.524
 30
0.0
  0
SEQEND
  5
83B
330
836
100
AcDbEntity
  8
0
  6
Continuous
 62
    18
420
        0
370
    25
  0
POLYLINE
  5
83C
330
1F
100
AcDbEntity
  8
0
  6
Continuous
 62
    18
420
        0
370
    25
100
AcDb2dPolyline
 66
     1
 10
0.0
 20
0.0
 30
0.0
 70
     1
  0
VERTEX
  5
83D
330
83C
100
AcDbEntity
  8
0
  6
Continuous
 62
    18
420
        0
370
    25
100
AcDbVertex
100
AcDb2dVertex
 10
15.57225000000001
 20
23.3365
 30
0.0
  0
VERTEX
  5
83E
330
83C
100
AcDbEntity
  8
0
  6
Continuous
 62
    18
420
        0
370
    25
100
AcDbVertex
100
AcDb2dVertex
 10
15.75975000000001
 20
23.3365
 30
0.0
  0
VERTEX
  5
83F
330
83C
100
AcDbEntity
  8
0
  6
Continuous
 62
    18
420
        0
370
    25
100
AcDbVertex
100
AcDb2dVertex
 10
15.75975000000001
 20
23.524
 30
0.0
  0
VERTEX
  5
840
330
83C
100
AcDbEntity
  8
0
  6
Continuous
 62
    18
420
        0
370
    25
100
AcDbVertex
100
AcDb2dVertex
 10
15.57225000000001
 20
23.524
 30
0.0
  0
SEQEND
  5
841
330
83C
100
AcDbEntity
  8
0
  6
Continuous
 62
    18
420
        0
370
    25
  0
POLYLINE
  5
842
330
1F
100
AcDbEntity
  8
0
  6
Continuous
 62
    18
420
        0
370
    25
100
AcDb2dPolyline
 66
     1
 10
0.0
 20
0.0
 30
0.0
 70
     1
  0
VERTEX
  5
843
330
842
100
AcDbEntity
  8
0
  6
Continuous
 62
    18
420
        0
370
    25
100
AcDbVertex
100
AcDb2dVertex
 10
13.59902083333336
 20
20.62716666666666
 30
0.0
  0
VERTEX
  5
844
330
842
100
AcDbEntity
  8
0
  6
Continuous
 62
    18
420
        0
370
    25
100
AcDbVertex
100
AcDb2dVertex
 10
13.78652083333336
 20
20.62716666666666
 30
0.0
  0
VERTEX
  5
845
330
842
100
AcDbEntity
  8
0
  6
Continuous
 62
    18
420
        0
370
    25
100
AcDbVertex
100
AcDb2dVertex
 10
13.78652083333336
 20
20.81466666666667
 30
0.0
  0
VERTEX
  5
846
330
842
100
AcDbEntity
  8
0
  6
Continuous
 62
    18
420
        0
370
    25
100
AcDbVertex
100
AcDb2dVertex
 10
13.59902083333336
 20
20.81466666666667
 30
0.0
  0
SEQEND
  5
847
330
842
100
AcDbEntity
  8
0
  6
Continuous
 62
    18
420
        0
370
    25
  0
POLYLINE
  5
848
330
1F
100
AcDbEntity
  8
0
  6
Continuous
 62
    18
420
        0
370
    25
100
AcDb2dPolyline
 66
     1
 10
0.0
 20
0.0
 30
0.0
 70
     1
  0
VERTEX
  5
849
330
848
100
AcDbEntity
  8
0
  6
Continuous
 62
    18
420
        0
370
    25
100
AcDbVertex
100
AcDb2dVertex
 10
15.57225000000001
 20
20.62716666666666
 30
0.0
  0
VERTEX
  5
84A
330
848
100
AcDbEntity
  8
0
  6
Continuous
 62
    18
420
        0
370
    25
100
AcDbVertex
100
AcDb2dVertex
 10
15.75975000000001
 20
20.62716666666666
 30
0.0
  0
VERTEX
  5
84B
330
848
100
AcDbEntity
  8
0
  6
Continuous
 62
    18
420
        0
370
    25
100
AcDbVertex
100
AcDb2dVertex
 10
15.75975000000001
 20
20.81466666666667
 30
0.0
  0
VERTEX
  5
84C
330
848
100
AcDbEntity
  8
0
  6
Continuous
 62
    18
420
        0
370
    25
100
AcDbVertex
100
AcDb2dVertex
 10
15.57225000000001
 20
20.81466666666667
 30
0.0
  0
SEQEND
  5
84D
330
848
100
AcDbEntity
  8
0
  6
Continuous
 62
    18
420
        0
370
    25
  0
POLYLINE
  5
84E
330
1F
100
AcDbEntity
  8
0
  6
Continuous
 62
    18
420
        0
370
    25
100
AcDb2dPolyline
 66
     1
 10
0.0
 20
0.0
 30
0.0
 70
     1
  0
VERTEX
  5
84F
330
84E
100
AcDbEntity
  8
0
  6
Continuous
 62
    18
420
        0
370
    25
100
AcDbVertex
100
AcDb2dVertex
 10
13.59902083333336
 20
17.76966666666667
 30
0.0
  0
VERTEX
  5
850
330
84E
100
AcDbEntity
  8
0
  6
Continuous
 62
    18
420
        0
370
    25
100
AcDbVertex
100
AcDb2dVertex
 10
13.78652083333336
 20
17.76966666666667
 30
0.0
  0
VERTEX
  5
851
330
84E
100
AcDbEntity
  8
0
  6
Continuous
 62
    18
420
        0
370
    25
100
AcDbVertex
100
AcDb2dVertex
 10
13.78652083333336
 20
17.95716666666667
 30
0.0
  0
VERTEX
  5
852
330
84E
100
AcDbEntity
  8
0
  6
Continuous
 62
    18
420
        0
370
    25
100
AcDbVertex
100
AcDb2dVertex
 10
13.59902083333336
 20
17.95716666666667
 30
0.0
  0
SEQEND
  5
853
330
84E
100
AcDbEntity
  8
0
  6
Continuous
 62
    18
420
        0
370
    25
  0
POLYLINE
  5
854
330
1F
100
AcDbEntity
  8
0
  6
Continuous
 62
    18
420
        0
370
    25
100
AcDb2dPolyline
 66
     1
 10
0.0
 20
0.0
 30
0.0
 70
     1
  0
VERTEX
  5
855
330
854
100
AcDbEntity
  8
0
  6
Continuous
 62
    18
420
        0
370
    25
100
AcDbVertex
100
AcDb2dVertex
 10
15.57225000000001
 20
17.76966666666667
 30
0.0
  0
VERTEX
  5
856
330
854
100
AcDbEntity
  8
0
  6
Continuous
 62
    18
420
        0
370
    25
100
AcDbVertex
100
AcDb2dVertex
 10
15.75975000000001
 20
17.76966666666667
 30
0.0
  0
VERTEX
  5
857
330
854
100
AcDbEntity
  8
0
  6
Continuous
 62
    18
420
        0
370
    25
100
AcDbVertex
100
AcDb2dVertex
 10
15.75975000000001
 20
17.95716666666667
 30
0.0
  0
VERTEX
  5
858
330
854
100
AcDbEntity
  8
0
  6
Continuous
 62
    18
420
        0
370
    25
100
AcDbVertex
100
AcDb2dVertex
 10
15.57225000000001
 20
17.95716666666667
 30
0.0
  0
SEQEND
  5
859
330
854
100
AcDbEntity
  8
0
  6
Continuous
 62
    18
420
        0
370
    25
  0
POLYLINE
  5
85A
330
1F
100
AcDbEntity
  8
0
  6
Continuous
 62
    18
420
        0
370
    25
100
AcDb2dPolyline
 66
     1
 10
0.0
 20
0.0
 30
0.0
 70
     1
  0
VERTEX
  5
85B
330
85A
100
AcDbEntity
  8
0
  6
Continuous
 62
    18
420
        0
370
    25
100
AcDbVertex
100
AcDb2dVertex
 10
13.59902083333336
 20
15.06033333333334
 30
0.0
  0
VERTEX
  5
85C
330
85A
100
AcDbEntity
  8
0
  6
Continuous
 62
    18
420
        0
370
    25
100
AcDbVertex
100
AcDb2dVertex
 10
13.78652083333336
 20
15.06033333333334
 30
0.0
  0
VERTEX
  5
85D
330
85A
100
AcDbEntity
  8
0
  6
Continuous
 62
    18
420
        0
370
    25
100
AcDbVertex
100
AcDb2dVertex
 10
13.78652083333336
 20
15.24783333333334
 30
0.0
  0
VERTEX
  5
85E
330
85A
100
AcDbEntity
  8
0
  6
Continuous
 62
    18
420
        0
370
    25
100
AcDbVertex
100
AcDb2dVertex
 10
13.59902083333336
 20
15.24783333333334
 30
0.0
  0
SEQEND
  5
85F
330
85A
100
AcDbEntity
  8
0
  6
Continuous
 62
    18
420
        0
370
    25
  0
POLYLINE
  5
860
330
1F
100
AcDbEntity
  8
0
  6
Continuous
 62
    18
420
        0
370
    25
100
AcDb2dPolyline
 66
     1
 10
0.0
 20
0.0
 30
0.0
 70
     1
  0
VERTEX
  5
861
330
860
100
AcDbEntity
  8
0
  6
Continuous
 62
    18
420
        0
370
    25
100
AcDbVertex
100
AcDb2dVertex
 10
15.57225000000001
 20
15.06033333333334
 30
0.0
  0
VERTEX
  5
862
330
860
100
AcDbEntity
  8
0
  6
Continuous
 62
    18
420
        0
370
    25
100
AcDbVertex
100
AcDb2dVertex
 10
15.75975000000001
 20
15.06033333333334
 30
0.0
  0
VERTEX
  5
863
330
860
100
AcDbEntity
  8
0
  6
Continuous
 62
    18
420
        0
370
    25
100
AcDbVertex
100
AcDb2dVertex
 10
15.75975000000001
 20
15.24783333333334
 30
0.0
  0
VERTEX
  5
864
330
860
100
AcDbEntity
  8
0
  6
Continuous
 62
    18
420
        0
370
    25
100
AcDbVertex
100
AcDb2dVertex
 10
15.57225000000001
 20
15.24783333333334
 30
0.0
  0
SEQEND
  5
865
330
860
100
AcDbEntity
  8
0
  6
Continuous
 62
    18
420
        0
370
    25
  0
POLYLINE
  5
866
330
1F
100
AcDbEntity
  8
0
  6
Continuous
 62
    18
420
        0
370
    25
100
AcDb2dPolyline
 66
     1
 10
0.0
 20
0.0
 30
0.0
 70
     1
  0
VERTEX
  5
867
330
866
100
AcDbEntity
  8
0
  6
Continuous
 62
    18
420
        0
370
    25
100
AcDbVertex
100
AcDb2dVertex
 10
13.59902083333336
 20
12.2875
 30
0.0
  0
VERTEX
  5
868
330
866
100
AcDbEntity
  8
0
  6
Continuous
 62
    18
420
        0
370
    25
100
AcDbVertex
100
AcDb2dVertex
 10
13.78652083333336
 20
12.2875
 30
0.0
  0
VERTEX
  5
869
330
866
100
AcDbEntity
  8
0
  6
Continuous
 62
    18
420
        0
370
    25
100
AcDbVertex
100
AcDb2dVertex
 10
13.78652083333336
 20
12.475
 30
0.0
  0
VERTEX
  5
86A
330
866
100
AcDbEntity
  8
0
  6
Continuous
 62
    18
420
        0
370
    25
100
AcDbVertex
100
AcDb2dVertex
 10
13.59902083333336
 20
12.475
 30
0.0
  0
SEQEND
  5
86B
330
866
100
AcDbEntity
  8
0
  6
Continuous
 62
    18
420
        0
370
    25
  0
POLYLINE
  5
86C
330
1F
100
AcDbEntity
  8
0
  6
Continuous
 62
    18
420
        0
370
    25
100
AcDb2dPolyline
 66
     1
 10
0.0
 20
0.0
 30
0.0
 70
     1
  0
VERTEX
  5
86D
330
86C
100
AcDbEntity
  8
0
  6
Continuous
 62
    18
420
        0
370
    25
100
AcDbVertex
100
AcDb2dVertex
 10
10.02185416666669
 20
10.94341666666667
 30
0.0
  0
VERTEX
  5
86E
330
86C
100
AcDbEntity
  8
0
  6
Continuous
 62
    18
420
        0
370
    25
100
AcDbVertex
100
AcDb2dVertex
 10
10.20935416666669
 20
10.94341666666667
 30
0.0
  0
VERTEX
  5
86F
330
86C
100
AcDbEntity
  8
0
  6
Continuous
 62
    18
420
        0
370
    25
100
AcDbVertex
100
AcDb2dVertex
 10
10.20935416666669
 20
11.13091666666667
 30
0.0
  0
VERTEX
  5
870
330
86C
100
AcDbEntity
  8
0
  6
Continuous
 62
    18
420
        0
370
    25
100
AcDbVertex
100
AcDb2dVertex
 10
10.02185416666669
 20
11.13091666666667
 30
0.0
  0
SEQEND
  5
871
330
86C
100
AcDbEntity
  8
0
  6
Continuous
 62
    18
420
        0
370
    25
  0
POLYLINE
  5
872
330
1F
100
AcDbEntity
  8
0
  6
Continuous
 62
    18
420
        0
370
    25
100
AcDb2dPolyline
 66
     1
 10
0.0
 20
0.0
 30
0.0
 70
     1
  0
VERTEX
  5
873
330
872
100
AcDbEntity
  8
0
  6
Continuous
 62
    18
420
        0
370
    25
100
AcDbVertex
100
AcDb2dVertex
 10
13.91652083333335
 20
10.41425
 30
0.0
  0
VERTEX
  5
874
330
872
100
AcDbEntity
  8
0
  6
Continuous
 62
    18
420
        0
370
    25
100
AcDbVertex
100
AcDb2dVertex
 10
14.10402083333336
 20
10.41425
 30
0.0
  0
VERTEX
  5
875
330
872
100
AcDbEntity
  8
0
  6
Continuous
 62
    18
420
        0
370
    25
100
AcDbVertex
100
AcDb2dVertex
 10
14.10402083333336
 20
10.60175
 30
0.0
  0
VERTEX
  5
876
330
872
100
AcDbEntity
  8
0
  6
Continuous
 62
    18
420
        0
370
    25
100
AcDbVertex
100
AcDb2dVertex
 10
13.91652083333335
 20
10.60175
 30
0.0
  0
SEQEND
  5
877
330
872
100
AcDbEntity
  8
0
  6
Continuous
 62
    18
420
        0
370
    25
  0
POLYLINE
  5
878
330
1F
100
AcDbEntity
  8
0
  6
Continuous
 62
    18
420
        0
370
    25
100
AcDb2dPolyline
 66
     1
 10
0.0
 20
0.0
 30
0.0
 70
     1
  0
VERTEX
  5
879
330
878
100
AcDbEntity
  8
0
  6
Continuous
 62
    18
420
        0
370
    25
100
AcDbVertex
100
AcDb2dVertex
 10
10.04302083333335
 20
6.265583333333332
 30
0.0
  0
VERTEX
  5
87A
330
878
100
AcDbEntity
  8
0
  6
Continuous
 62
    18
420
        0
370
    25
100
AcDbVertex
100
AcDb2dVertex
 10
10.23052083333336
 20
6.265583333333332
 30
0.0
  0
VERTEX
  5
87B
330
878
100
AcDbEntity
  8
0
  6
Continuous
 62
    18
420
        0
370
    25
100
AcDbVertex
100
AcDb2dVertex
 10
10.23052083333336
 20
6.453083333333332
 30
0.0
  0
VERTEX
  5
87C
330
878
100
AcDbEntity
  8
0
  6
Continuous
 62
    18
420
        0
370
    25
100
AcDbVertex
100
AcDb2dVertex
 10
10.04302083333335
 20
6.453083333333332
 30
0.0
  0
SEQEND
  5
87D
330
878
100
AcDbEntity
  8
0
  6
Continuous
 62
    18
420
        0
370
    25
  0
POLYLINE
  5
87E
330
1F
100
AcDbEntity
  8
0
  6
Continuous
 62
    18
420
        0
370
    25
100
AcDb2dPolyline
 66
     1
 10
0.0
 20
0.0
 30
0.0
 70
     1
  0
VERTEX
  5
87F
330
87E
100
AcDbEntity
  8
0
  6
Continuous
 62
    18
420
        0
370
    25
100
AcDbVertex
100
AcDb2dVertex
 10
13.89535416666669
 20
6.646583333333325
 30
0.0
  0
VERTEX
  5
880
330
87E
100
AcDbEntity
  8
0
  6
Continuous
 62
    18
420
        0
370
    25
100
AcDbVertex
100
AcDb2dVertex
 10
14.08285416666669
 20
6.646583333333325
 30
0.0
  0
VERTEX
  5
881
330
87E
100
AcDbEntity
  8
0
  6
Continuous
 62
    18
420
        0
370
    25
100
AcDbVertex
100
AcDb2dVertex
 10
14.08285416666669
 20
6.834083333333332
 30
0.0
  0
VERTEX
  5
882
330
87E
100
AcDbEntity
  8
0
  6
Continuous
 62
    18
420
        0
370
    25
100
AcDbVertex
100
AcDb2dVertex
 10
13.89535416666669
 20
6.834083333333332
 30
0.0
  0
SEQEND
  5
883
330
87E
100
AcDbEntity
  8
0
  6
Continuous
 62
    18
420
        0
370
    25
  0
POLYLINE
  5
884
330
1F
100
AcDbEntity
  8
0
  6
Continuous
 62
    18
420
        0
370
    25
100
AcDb2dPolyline
 66
     1
 10
0.0
 20
0.0
 30
0.0
 70
     1
  0
VERTEX
  5
885
330
884
100
AcDbEntity
  8
0
  6
Continuous
 62
    18
420
        0
370
    25
100
AcDbVertex
100
AcDb2dVertex
 10
15.57225000000001
 20
8.837333333333333
 30
0.0
  0
VERTEX
  5
886
330
884
100
AcDbEntity
  8
0
  6
Continuous
 62
    18
420
        0
370
    25
100
AcDbVertex
100
AcDb2dVertex
 10
15.75975000000001
 20
8.837333333333333
 30
0.0
  0
VERTEX
  5
887
330
884
100
AcDbEntity
  8
0
  6
Continuous
 62
    18
420
        0
370
    25
100
AcDbVertex
100
AcDb2dVertex
 10
15.75975000000001
 20
9.02483333333334
 30
0.0
  0
VERTEX
  5
888
330
884
100
AcDbEntity
  8
0
  6
Continuous
 62
    18
420
        0
370
    25
100
AcDbVertex
100
AcDb2dVertex
 10
15.57225000000001
 20
9.02483333333334
 30
0.0
  0
SEQEND
  5
889
330
884
100
AcDbEntity
  8
0
  6
Continuous
 62
    18
420
        0
370
    25
  0
POLYLINE
  5
88A
330
1F
100
AcDbEntity
  8
0
  6
Continuous
 62
    18
420
        0
370
    25
100
AcDb2dPolyline
 66
     1
 10
0.0
 20
0.0
 30
0.0
 70
     1
  0
VERTEX
  5
88B
330
88A
100
AcDbEntity
  8
0
  6
Continuous
 62
    18
420
        0
370
    25
100
AcDbVertex
100
AcDb2dVertex
 10
15.57225000000001
 20
12.2875
 30
0.0
  0
VERTEX
  5
88C
330
88A
100
AcDbEntity
  8
0
  6
Continuous
 62
    18
420
        0
370
    25
100
AcDbVertex
100
AcDb2dVertex
 10
15.75975000000001
 20
12.2875
 30
0.0
  0
VERTEX
  5
88D
330
88A
100
AcDbEntity
  8
0
  6
Continuous
 62
    18
420
        0
370
    25
100
AcDbVertex
100
AcDb2dVertex
 10
15.75975000000001
 20
12.475
 30
0.0
  0
VERTEX
  5
88E
330
88A
100
AcDbEntity
  8
0
  6
Continuous
 62
    18
420
        0
370
    25
100
AcDbVertex
100
AcDb2dVertex
 10
15.57225000000001
 20
12.475
 30
0.0
  0
SEQEND
  5
88F
330
88A
100
AcDbEntity
  8
0
  6
Continuous
 62
    18
420
        0
370
    25
  0
POLYLINE
  5
890
330
1F
100
AcDbEntity
  8
0
  6
Continuous
 62
    18
420
        0
370
    25
100
AcDb2dPolyline
 66
     1
 10
0.0
 20
0.0
 30
0.0
 70
     1
  0
VERTEX
  5
891
330
890
100
AcDbEntity
  8
0
  6
Continuous
 62
    18
420
        0
370
    25
100
AcDbVertex
100
AcDb2dVertex
 10
19.29758333333334
 20
6.752416666666669
 30
0.0
  0
VERTEX
  5
892
330
890
100
AcDbEntity
  8
0
  6
Continuous
 62
    18
420
        0
370
    25
100
AcDbVertex
100
AcDb2dVertex
 10
19.48508333333335
 20
6.752416666666669
 30
0.0
  0
VERTEX
  5
893
330
890
100
AcDbEntity
  8
0
  6
Continuous
 62
    18
420
        0
370
    25
100
AcDbVertex
100
AcDb2dVertex
 10
19.48508333333335
 20
6.939916666666676
 30
0.0
  0
VERTEX
  5
894
330
890
100
AcDbEntity
  8
0
  6
Continuous
 62
    18
420
        0
370
    25
100
AcDbVertex
100
AcDb2dVertex
 10
19.29758333333334
 20
6.939916666666676
 30
0.0
  0
SEQEND
  5
895
330
890
100
AcDbEntity
  8
0
  6
Continuous
 62
    18
420
        0
370
    25
  0
POLYLINE
  5
896
330
1F
100
AcDbEntity
  8
0
  6
Continuous
 62
    18
420
        0
370
    25
100
AcDb2dPolyline
 66
     1
 10
0.0
 20
0.0
 30
0.0
 70
     1
  0
VERTEX
  5
897
330
896
100
AcDbEntity
  8
0
  6
Continuous
 62
    18
420
        0
370
    25
100
AcDbVertex
100
AcDb2dVertex
 10
17.20208333333334
 20
6.752416666666669
 30
0.0
  0
VERTEX
  5
898
330
896
100
AcDbEntity
  8
0
  6
Continuous
 62
    18
420
        0
370
    25
100
AcDbVertex
100
AcDb2dVertex
 10
17.38958333333334
 20
6.752416666666669
 30
0.0
  0
VERTEX
  5
899
330
896
100
AcDbEntity
  8
0
  6
Continuous
 62
    18
420
        0
370
    25
100
AcDbVertex
100
AcDb2dVertex
 10
17.38958333333334
 20
6.939916666666676
 30
0.0
  0
VERTEX
  5
89A
330
896
100
AcDbEntity
  8
0
  6
Continuous
 62
    18
420
        0
370
    25
100
AcDbVertex
100
AcDb2dVertex
 10
17.20208333333334
 20
6.939916666666676
 30
0.0
  0
SEQEND
  5
89B
330
896
100
AcDbEntity
  8
0
  6
Continuous
 62
    18
420
        0
370
    25
  0
POLYLINE
  5
89C
330
1F
100
AcDbEntity
  8
0
  6
Continuous
 62
    18
420
        0
370
    25
100
AcDb2dPolyline
 66
     1
 10
0.0
 20
0.0
 30
0.0
 70
     1
  0
VERTEX
  5
89D
330
89C
100
AcDbEntity
  8
0
  6
Continuous
 62
    18
420
        0
370
    25
100
AcDbVertex
100
AcDb2dVertex
 10
15.57225000000001
 20
6.752416666666662
 30
0.0
  0
VERTEX
  5
89E
330
89C
100
AcDbEntity
  8
0
  6
Continuous
 62
    18
420
        0
370
    25
100
AcDbVertex
100
AcDb2dVertex
 10
15.75975000000001
 20
6.752416666666662
 30
0.0
  0
VERTEX
  5
89F
330
89C
100
AcDbEntity
  8
0
  6
Continuous
 62
    18
420
        0
370
    25
100
AcDbVertex
100
AcDb2dVertex
 10
15.75975000000001
 20
6.939916666666669
 30
0.0
  0
VERTEX
  5
8A0
330
89C
100
AcDbEntity
  8
0
  6
Continuous
 62
    18
420
        0
370
    25
100
AcDbVertex
100
AcDb2dVertex
 10
15.57225000000001
 20
6.939916666666669
 30
0.0
  0
SEQEND
  5
8A1
330
89C
100
AcDbEntity
  8
0
  6
Continuous
 62
    18
420
        0
370
    25
  0
POLYLINE
  5
8A2
330
1F
100
AcDbEntity
  8
0
  6
Continuous
 62
    18
420
        0
370
    25
100
AcDb2dPolyline
 66
     1
 10
0.0
 20
0.0
 30
0.0
 70
     1
  0
VERTEX
  5
8A3
330
8A2
100
AcDbEntity
  8
0
  6
Continuous
 62
    18
420
        0
370
    25
100
AcDbVertex
100
AcDb2dVertex
 10
15.57225
 20
5.158666666666655
 30
0.0
  0
VERTEX
  5
8A4
330
8A2
100
AcDbEntity
  8
0
  6
Continuous
 62
    18
420
        0
370
    25
100
AcDbVertex
100
AcDb2dVertex
 10
15.75975000000001
 20
5.158666666666655
 30
0.0
  0
VERTEX
  5
8A5
330
8A2
100
AcDbEntity
  8
0
  6
Continuous
 62
    18
420
        0
370
    25
100
AcDbVertex
100
AcDb2dVertex
 10
15.75975000000001
 20
5.346166666666655
 30
0.0
  0
VERTEX
  5
8A6
330
8A2
100
AcDbEntity
  8
0
  6
Continuous
 62
    18
420
        0
370
    25
100
AcDbVertex
100
AcDb2dVertex
 10
15.57225
 20
5.346166666666655
 30
0.0
  0
SEQEND
  5
8A7
330
8A2
100
AcDbEntity
  8
0
  6
Continuous
 62
    18
420
        0
370
    25
  0
POLYLINE
  5
8A8
330
1F
100
AcDbEntity
  8
0
  6
Continuous
 62
    18
420
        0
370
    25
100
AcDb2dPolyline
 66
     1
 10
0.0
 20
0.0
 30
0.0
 70
     1
  0
VERTEX
  5
8A9
330
8A8
100
AcDbEntity
  8
0
  6
Continuous
 62
    18
420
        0
370
    25
100
AcDbVertex
100
AcDb2dVertex
 10
17.494125
 20
4.596166666666662
 30
0.0
  0
VERTEX
  5
8AA
330
8A8
100
AcDbEntity
  8
0
  6
Continuous
 62
    18
420
        0
370
    25
100
AcDbVertex
100
AcDb2dVertex
 10
17.681625
 20
4.596166666666662
 30
0.0
  0
VERTEX
  5
8AB
330
8A8
100
AcDbEntity
  8
0
  6
Continuous
 62
    18
420
        0
370
    25
100
AcDbVertex
100
AcDb2dVertex
 10
17.681625
 20
4.783666666666662
 30
0.0
  0
VERTEX
  5
8AC
330
8A8
100
AcDbEntity
  8
0
  6
Continuous
 62
    18
420
        0
370
    25
100
AcDbVertex
100
AcDb2dVertex
 10
17.494125
 20
4.783666666666662
 30
0.0
  0
SEQEND
  5
8AD
330
8A8
100
AcDbEntity
  8
0
  6
Continuous
 62
    18
420
        0
370
    25
  0
POLYLINE
  5
8AE
330
1F
100
AcDbEntity
  8
0
  6
Continuous
 62
    18
420
        0
370
    25
100
AcDb2dPolyline
 66
     1
 10
0.0
 20
0.0
 30
0.0
 70
     1
  0
VERTEX
  5
8AF
330
8AE
100
AcDbEntity
  8
0
  6
Continuous
 62
    18
420
        0
370
    25
100
AcDbVertex
100
AcDb2dVertex
 10
17.494125
 20
2.439916666666662
 30
0.0
  0
VERTEX
  5
8B0
330
8AE
100
AcDbEntity
  8
0
  6
Continuous
 62
    18
420
        0
370
    25
100
AcDbVertex
100
AcDb2dVertex
 10
17.681625
 20
2.439916666666662
 30
0.0
  0
VERTEX
  5
8B1
330
8AE
100
AcDbEntity
  8
0
  6
Continuous
 62
    18
420
        0
370
    25
100
AcDbVertex
100
AcDb2dVertex
 10
17.681625
 20
2.627416666666669
 30
0.0
  0
VERTEX
  5
8B2
330
8AE
100
AcDbEntity
  8
0
  6
Continuous
 62
    18
420
        0
370
    25
100
AcDbVertex
100
AcDb2dVertex
 10
17.494125
 20
2.627416666666669
 30
0.0
  0
SEQEND
  5
8B3
330
8AE
100
AcDbEntity
  8
0
  6
Continuous
 62
    18
420
        0
370
    25
  0
POLYLINE
  5
8B4
330
1F
100
AcDbEntity
  8
0
  6
Continuous
 62
    18
420
        0
370
    25
100
AcDb2dPolyline
 66
     1
 10
0.0
 20
0.0
 30
0.0
 70
     1
  0
VERTEX
  5
8B5
330
8B4
100
AcDbEntity
  8
0
  6
Continuous
 62
    18
420
        0
370
    25
100
AcDbVertex
100
AcDb2dVertex
 10
23.6515
 20
6.752416666666662
 30
0.0
  0
VERTEX
  5
8B6
330
8B4
100
AcDbEntity
  8
0
  6
Continuous
 62
    18
420
        0
370
    25
100
AcDbVertex
100
AcDb2dVertex
 10
23.83900000000001
 20
6.752416666666662
 30
0.0
  0
VERTEX
  5
8B7
330
8B4
100
AcDbEntity
  8
0
  6
Continuous
 62
    18
420
        0
370
    25
100
AcDbVertex
100
AcDb2dVertex
 10
23.83900000000001
 20
6.939916666666669
 30
0.0
  0
VERTEX
  5
8B8
330
8B4
100
AcDbEntity
  8
0
  6
Continuous
 62
    18
420
        0
370
    25
100
AcDbVertex
100
AcDb2dVertex
 10
23.6515
 20
6.939916666666669
 30
0.0
  0
SEQEND
  5
8B9
330
8B4
100
AcDbEntity
  8
0
  6
Continuous
 62
    18
420
        0
370
    25
  0
POLYLINE
  5
8BA
330
1F
100
AcDbEntity
  8
0
  6
Continuous
 62
    18
420
        0
370
    25
100
AcDb2dPolyline
 66
     1
 10
0.0
 20
0.0
 30
0.0
 70
     1
  0
VERTEX
  5
8BB
330
8BA
100
AcDbEntity
  8
0
  6
Continuous
 62
    18
420
        0
370
    25
100
AcDbVertex
100
AcDb2dVertex
 10
21.94341666666667
 20
6.752416666666662
 30
0.0
  0
VERTEX
  5
8BC
330
8BA
100
AcDbEntity
  8
0
  6
Continuous
 62
    18
420
        0
370
    25
100
AcDbVertex
100
AcDb2dVertex
 10
22.13091666666667
 20
6.752416666666662
 30
0.0
  0
VERTEX
  5
8BD
330
8BA
100
AcDbEntity
  8
0
  6
Continuous
 62
    18
420
        0
370
    25
100
AcDbVertex
100
AcDb2dVertex
 10
22.13091666666667
 20
6.939916666666669
 30
0.0
  0
VERTEX
  5
8BE
330
8BA
100
AcDbEntity
  8
0
  6
Continuous
 62
    18
420
        0
370
    25
100
AcDbVertex
100
AcDb2dVertex
 10
21.94341666666667
 20
6.939916666666669
 30
0.0
  0
SEQEND
  5
8BF
330
8BA
100
AcDbEntity
  8
0
  6
Continuous
 62
    18
420
        0
370
    25
  0
POLYLINE
  5
8C0
330
1F
100
AcDbEntity
  8
0
  6
Continuous
 62
    18
420
        0
370
    25
100
AcDb2dPolyline
 66
     1
 10
0.0
 20
0.0
 30
0.0
 70
     1
  0
VERTEX
  5
8C1
330
8C0
100
AcDbEntity
  8
0
  6
Continuous
 62
    18
420
        0
370
    25
100
AcDbVertex
100
AcDb2dVertex
 10
20.90625
 20
6.752416666666655
 30
0.0
  0
VERTEX
  5
8C2
330
8C0
100
AcDbEntity
  8
0
  6
Continuous
 62
    18
420
        0
370
    25
100
AcDbVertex
100
AcDb2dVertex
 10
21.09375000000001
 20
6.752416666666655
 30
0.0
  0
VERTEX
  5
8C3
330
8C0
100
AcDbEntity
  8
0
  6
Continuous
 62
    18
420
        0
370
    25
100
AcDbVertex
100
AcDb2dVertex
 10
21.09375000000001
 20
6.939916666666662
 30
0.0
  0
VERTEX
  5
8C4
330
8C0
100
AcDbEntity
  8
0
  6
Continuous
 62
    18
420
        0
370
    25
100
AcDbVertex
100
AcDb2dVertex
 10
20.90625
 20
6.939916666666662
 30
0.0
  0
SEQEND
  5
8C5
330
8C0
100
AcDbEntity
  8
0
  6
Continuous
 62
    18
420
        0
370
    25
  0
POLYLINE
  5
8C6
330
1F
100
AcDbEntity
  8
0
  6
Continuous
 62
    18
420
        0
370
    25
100
AcDb2dPolyline
 66
     1
 10
0.0
 20
0.0
 30
0.0
 70
     1
  0
VERTEX
  5
8C7
330
8C6
100
AcDbEntity
  8
0
  6
Continuous
 62
    18
420
        0
370
    25
100
AcDbVertex
100
AcDb2dVertex
 10
20.90625
 20
5.158666666666655
 30
0.0
  0
VERTEX
  5
8C8
330
8C6
100
AcDbEntity
  8
0
  6
Continuous
 62
    18
420
        0
370
    25
100
AcDbVertex
100
AcDb2dVertex
 10
21.09375000000001
 20
5.158666666666655
 30
0.0
  0
VERTEX
  5
8C9
330
8C6
100
AcDbEntity
  8
0
  6
Continuous
 62
    18
420
        0
370
    25
100
AcDbVertex
100
AcDb2dVertex
 10
21.09375000000001
 20
5.346166666666655
 30
0.0
  0
VERTEX
  5
8CA
330
8C6
100
AcDbEntity
  8
0
  6
Continuous
 62
    18
420
        0
370
    25
100
AcDbVertex
100
AcDb2dVertex
 10
20.90625
 20
5.346166666666655
 30
0.0
  0
SEQEND
  5
8CB
330
8C6
100
AcDbEntity
  8
0
  6
Continuous
 62
    18
420
        0
370
    25
  0
POLYLINE
  5
8CC
330
1F
100
AcDbEntity
  8
0
  6
Continuous
 62
    18
420
        0
370
    25
100
AcDb2dPolyline
 66
     1
 10
0.0
 20
0.0
 30
0.0
 70
     1
  0
VERTEX
  5
8CD
330
8CC
100
AcDbEntity
  8
0
  6
Continuous
 62
    18
420
        0
370
    25
100
AcDbVertex
100
AcDb2dVertex
 10
22.828125
 20
4.596166666666655
 30
0.0
  0
VERTEX
  5
8CE
330
8CC
100
AcDbEntity
  8
0
  6
Continuous
 62
    18
420
        0
370
    25
100
AcDbVertex
100
AcDb2dVertex
 10
23.015625
 20
4.596166666666655
 30
0.0
  0
VERTEX
  5
8CF
330
8CC
100
AcDbEntity
  8
0
  6
Continuous
 62
    18
420
        0
370
    25
100
AcDbVertex
100
AcDb2dVertex
 10
23.015625
 20
4.783666666666662
 30
0.0
  0
VERTEX
  5
8D0
330
8CC
100
AcDbEntity
  8
0
  6
Continuous
 62
    18
420
        0
370
    25
100
AcDbVertex
100
AcDb2dVertex
 10
22.828125
 20
4.783666666666662
 30
0.0
  0
SEQEND
  5
8D1
330
8CC
100
AcDbEntity
  8
0
  6
Continuous
 62
    18
420
        0
370
    25
  0
POLYLINE
  5
8D2
330
1F
100
AcDbEntity
  8
0
  6
Continuous
 62
    18
420
        0
370
    25
100
AcDb2dPolyline
 66
     1
 10
0.0
 20
0.0
 30
0.0
 70
     1
  0
VERTEX
  5
8D3
330
8D2
100
AcDbEntity
  8
0
  6
Continuous
 62
    18
420
        0
370
    25
100
AcDbVertex
100
AcDb2dVertex
 10
22.82812499999999
 20
2.439916666666655
 30
0.0
  0
VERTEX
  5
8D4
330
8D2
100
AcDbEntity
  8
0
  6
Continuous
 62
    18
420
        0
370
    25
100
AcDbVertex
100
AcDb2dVertex
 10
23.015625
 20
2.439916666666655
 30
0.0
  0
VERTEX
  5
8D5
330
8D2
100
AcDbEntity
  8
0
  6
Continuous
 62
    18
420
        0
370
    25
100
AcDbVertex
100
AcDb2dVertex
 10
23.015625
 20
2.627416666666662
 30
0.0
  0
VERTEX
  5
8D6
330
8D2
100
AcDbEntity
  8
0
  6
Continuous
 62
    18
420
        0
370
    25
100
AcDbVertex
100
AcDb2dVertex
 10
22.82812499999999
 20
2.627416666666662
 30
0.0
  0
SEQEND
  5
8D7
330
8D2
100
AcDbEntity
  8
0
  6
Continuous
 62
    18
420
        0
370
    25
  0
POLYLINE
  5
8D8
330
1F
100
AcDbEntity
  8
0
  6
Continuous
 62
    18
420
        0
370
    25
100
AcDb2dPolyline
 66
     1
 10
0.0
 20
0.0
 30
0.0
 70
     1
  0
VERTEX
  5
8D9
330
8D8
100
AcDbEntity
  8
0
  6
Continuous
 62
    18
420
        0
370
    25
100
AcDbVertex
100
AcDb2dVertex
 10
21.38787551731332
 20
2.926847329279902
 30
0.0
  0
VERTEX
  5
8DA
330
8D8
100
AcDbEntity
  8
0
  6
Continuous
 62
    18
420
        0
370
    25
100
AcDbVertex
100
AcDb2dVertex
 10
21.98787551731331
 20
2.926847329279902
 30
0.0
  0
VERTEX
  5
8DB
330
8D8
100
AcDbEntity
  8
0
  6
Continuous
 62
    18
420
        0
370
    25
100
AcDbVertex
100
AcDb2dVertex
 10
21.98787551731331
 20
3.526847329279889
 30
0.0
  0
VERTEX
  5
8DC
330
8D8
100
AcDbEntity
  8
0
  6
Continuous
 62
    18
420
        0
370
    25
100
AcDbVertex
100
AcDb2dVertex
 10
21.38787551731332
 20
3.526847329279889
 30
0.0
  0
SEQEND
  5
8DD
330
8D8
100
AcDbEntity
  8
0
  6
Continuous
 62
    18
420
        0
370
    25
  0
POLYLINE
  5
8DE
330
1F
100
AcDbEntity
  8
0
  6
Continuous
 62
    18
420
        0
370
    25
100
AcDb2dPolyline
 66
     1
 10
0.0
 20
0.0
 30
0.0
 70
     1
  0
VERTEX
  5
8DF
330
8DE
100
AcDbEntity
  8
0
  6
Continuous
 62
    18
420
        0
370
    25
100
AcDbVertex
100
AcDb2dVertex
 10
19.20425315384808
 20
0.2309046715446712
 30
0.0
  0
VERTEX
  5
8E0
330
8DE
100
AcDbEntity
  8
0
  6
Continuous
 62
    18
420
        0
370
    25
100
AcDbVertex
100
AcDb2dVertex
 10
20.03808429109407
 20
0.2309046715446712
 30
0.0
  0
VERTEX
  5
8E1
330
8DE
100
AcDbEntity
  8
0
  6
Continuous
 62
    18
420
        0
370
    25
100
AcDbVertex
100
AcDb2dVertex
 10
20.03808429109407
 20
5.389165951601548
 30
0.0
  0
VERTEX
  5
8E2
330
8DE
100
AcDbEntity
  8
0
  6
Continuous
 62
    18
420
        0
370
    25
100
AcDbVertex
100
AcDb2dVertex
 10
19.20425315384808
 20
5.389165951601548
 30
0.0
  0
SEQEND
  5
8E3
330
8DE
100
AcDbEntity
  8
0
  6
Continuous
 62
    18
420
        0
370
    25
  0
POLYLINE
  5
8E4
330
1F
100
AcDbEntity
  8
0
  6
Continuous
 62
    18
420
        0
370
    25
100
AcDb2dPolyline
 66
     1
 10
0.0
 20
0.0
 30
0.0
 70
     1
  0
VERTEX
  5
8E5
330
8E4
100
AcDbEntity
  8
0
  6
Continuous
 62
    18
420
        0
370
    25
100
AcDbVertex
100
AcDb2dVertex
 10
14.95833130939197
 20
0.2309046715446712
 30
0.0
  0
VERTEX
  5
8E6
330
8E4
100
AcDbEntity
  8
0
  6
Continuous
 62
    18
420
        0
370
    25
100
AcDbVertex
100
AcDb2dVertex
 10
15.79216244663796
 20
0.2309046715446712
 30
0.0
  0
VERTEX
  5
8E7
330
8E4
100
AcDbEntity
  8
0
  6
Continuous
 62
    18
420
        0
370
    25
100
AcDbVertex
100
AcDb2dVertex
 10
15.79216244663796
 20
4.673701351288514
 30
0.0
  0
VERTEX
  5
8E8
330
8E4
100
AcDbEntity
  8
0
  6
Continuous
 62
    18
420
        0
370
    25
100
AcDbVertex
100
AcDb2dVertex
 10
14.95833130939197
 20
4.673701351288514
 30
0.0
  0
SEQEND
  5
8E9
330
8E4
100
AcDbEntity
  8
0
  6
Continuous
 62
    18
420
        0
370
    25
  0
POLYLINE
  5
8EA
330
1F
100
AcDbEntity
  8
0
  6
Continuous
 62
    18
420
        0
370
    25
100
AcDb2dPolyline
 66
     1
 10
0.0
 20
0.0
 30
0.0
 70
     1
  0
VERTEX
  5
8EB
330
8EA
100
AcDbEntity
  8
0
  6
Continuous
 62
    18
420
        0
370
    25
100
AcDbVertex
100
AcDb2dVertex
 10
18.50207011405419
 20
4.399244501641839
 30
0.0
  0
VERTEX
  5
8EC
330
8EA
100
AcDbEntity
  8
0
  6
Continuous
 62
    18
420
        0
370
    25
100
AcDbVertex
100
AcDb2dVertex
 10
19.10207011405418
 20
4.399244501641839
 30
0.0
  0
VERTEX
  5
8ED
330
8EA
100
AcDbEntity
  8
0
  6
Continuous
 62
    18
420
        0
370
    25
100
AcDbVertex
100
AcDb2dVertex
 10
19.10207011405418
 20
4.999244501641847
 30
0.0
  0
VERTEX
  5
8EE
330
8EA
100
AcDbEntity
  8
0
  6
Continuous
 62
    18
420
        0
370
    25
100
AcDbVertex
100
AcDb2dVertex
 10
18.50207011405419
 20
4.999244501641847
 30
0.0
  0
SEQEND
  5
8EF
330
8EA
100
AcDbEntity
  8
0
  6
Continuous
 62
    18
420
        0
370
    25
  0
POLYLINE
  5
8F0
330
1F
100
AcDbEntity
  8
0
  6
Continuous
 62
    18
420
        0
370
    25
100
AcDb2dPolyline
 66
     1
 10
0.0
 20
0.0
 30
0.0
 70
     1
  0
VERTEX
  5
8F1
330
8F0
100
AcDbEntity
  8
0
  6
Continuous
 62
    18
420
        0
370
    25
100
AcDbVertex
100
AcDb2dVertex
 10
18.50207011405419
 20
2.545847329279901
 30
0.0
  0
VERTEX
  5
8F2
330
8F0
100
AcDbEntity
  8
0
  6
Continuous
 62
    18
420
        0
370
    25
100
AcDbVertex
100
AcDb2dVertex
 10
19.10207011405418
 20
2.545847329279901
 30
0.0
  0
VERTEX
  5
8F3
330
8F0
100
AcDbEntity
  8
0
  6
Continuous
 62
    18
420
        0
370
    25
100
AcDbVertex
100
AcDb2dVertex
 10
19.10207011405418
 20
3.145847329279889
 30
0.0
  0
VERTEX
  5
8F4
330
8F0
100
AcDbEntity
  8
0
  6
Continuous
 62
    18
420
        0
370
    25
100
AcDbVertex
100
AcDb2dVertex
 10
18.50207011405419
 20
3.145847329279889
 30
0.0
  0
SEQEND
  5
8F5
330
8F0
100
AcDbEntity
  8
0
  6
Continuous
 62
    18
420
        0
370
    25
  0
POLYLINE
  5
8F6
330
1F
100
AcDbEntity
  8
0
  6
Continuous
 62
    18
420
        0
370
    25
100
AcDb2dPolyline
 66
     1
 10
0.0
 20
0.0
 30
0.0
 70
     1
  0
VERTEX
  5
8F7
330
8F6
100
AcDbEntity
  8
0
  6
Continuous
 62
    18
420
        0
370
    25
100
AcDbVertex
100
AcDb2dVertex
 10
18.50207011405419
 20
0.6924501569179498
 30
0.0
  0
VERTEX
  5
8F8
330
8F6
100
AcDbEntity
  8
0
  6
Continuous
 62
    18
420
        0
370
    25
100
AcDbVertex
100
AcDb2dVertex
 10
19.10207011405418
 20
0.6924501569179498
 30
0.0
  0
VERTEX
  5
8F9
330
8F6
100
AcDbEntity
  8
0
  6
Continuous
 62
    18
420
        0
370
    25
100
AcDbVertex
100
AcDb2dVertex
 10
19.10207011405418
 20
1.292450156917958
 30
0.0
  0
VERTEX
  5
8FA
330
8F6
100
AcDbEntity
  8
0
  6
Continuous
 62
    18
420
        0
370
    25
100
AcDbVertex
100
AcDb2dVertex
 10
18.50207011405419
 20
1.292450156917958
 30
0.0
  0
SEQEND
  5
8FB
330
8F6
100
AcDbEntity
  8
0
  6
Continuous
 62
    18
420
        0
370
    25
  0
POLYLINE
  5
8FC
330
1F
100
AcDbEntity
  8
0
  6
Continuous
 62
    18
420
        0
370
    25
100
AcDb2dPolyline
 66
     1
 10
0.0
 20
0.0
 30
0.0
 70
     1
  0
VERTEX
  5
8FD
330
8FC
100
AcDbEntity
  8
0
  6
Continuous
 62
    18
420
        0
370
    25
100
AcDbVertex
100
AcDb2dVertex
 10
15.90570885064665
 20
1.07345015691795
 30
0.0
  0
VERTEX
  5
8FE
330
8FC
100
AcDbEntity
  8
0
  6
Continuous
 62
    18
420
        0
370
    25
100
AcDbVertex
100
AcDb2dVertex
 10
16.50570885064664
 20
1.07345015691795
 30
0.0
  0
VERTEX
  5
8FF
330
8FC
100
AcDbEntity
  8
0
  6
Continuous
 62
    18
420
        0
370
    25
100
AcDbVertex
100
AcDb2dVertex
 10
16.50570885064664
 20
1.673450156917951
 30
0.0
  0
VERTEX
  5
900
330
8FC
100
AcDbEntity
  8
0
  6
Continuous
 62
    18
420
        0
370
    25
100
AcDbVertex
100
AcDb2dVertex
 10
15.90570885064665
 20
1.673450156917951
 30
0.0
  0
SEQEND
  5
901
330
8FC
100
AcDbEntity
  8
0
  6
Continuous
 62
    18
420
        0
370
    25
  0
POLYLINE
  5
902
330
1F
100
AcDbEntity
  8
0
  6
Continuous
 62
    18
420
        0
370
    25
100
AcDb2dPolyline
 66
     1
 10
0.0
 20
0.0
 30
0.0
 70
     1
  0
VERTEX
  5
903
330
902
100
AcDbEntity
  8
0
  6
Continuous
 62
    18
420
        0
370
    25
100
AcDbVertex
100
AcDb2dVertex
 10
15.90570885064665
 20
2.926847329279902
 30
0.0
  0
VERTEX
  5
904
330
902
100
AcDbEntity
  8
0
  6
Continuous
 62
    18
420
        0
370
    25
100
AcDbVertex
100
AcDb2dVertex
 10
16.50570885064664
 20
2.926847329279902
 30
0.0
  0
VERTEX
  5
905
330
902
100
AcDbEntity
  8
0
  6
Continuous
 62
    18
420
        0
370
    25
100
AcDbVertex
100
AcDb2dVertex
 10
16.50570885064664
 20
3.526847329279889
 30
0.0
  0
VERTEX
  5
906
330
902
100
AcDbEntity
  8
0
  6
Continuous
 62
    18
420
        0
370
    25
100
AcDbVertex
100
AcDb2dVertex
 10
15.90570885064665
 20
3.526847329279889
 30
0.0
  0
SEQEND
  5
907
330
902
100
AcDbEntity
  8
0
  6
Continuous
 62
    18
420
        0
370
    25
  0
POLYLINE
  5
908
330
1F
100
AcDbEntity
  8
0
  6
Continuous
 62
    18
420
        0
370
    25
100
AcDb2dPolyline
 66
     1
 10
0.0
 20
0.0
 30
0.0
 70
     1
  0
VERTEX
  5
909
330
908
100
AcDbEntity
  8
0
  6
Continuous
 62
    18
420
        0
370
    25
100
AcDbVertex
100
AcDb2dVertex
 10
43.99397084890342
 20
15.69792503071067
 30
0.0
  0
VERTEX
  5
90A
330
908
100
AcDbEntity
  8
0
  6
Continuous
 62
    18
420
        0
370
    25
100
AcDbVertex
100
AcDb2dVertex
 10
45.05737691260412
 20
15.69792503071067
 30
0.0
  0
VERTEX
  5
90B
330
908
100
AcDbEntity
  8
0
  6
Continuous
 62
    18
420
        0
370
    25
100
AcDbVertex
100
AcDb2dVertex
 10
45.05737691260412
 20
18.84616666666667
 30
0.0
  0
VERTEX
  5
90C
330
908
100
AcDbEntity
  8
0
  6
Continuous
 62
    18
420
        0
370
    25
100
AcDbVertex
100
AcDb2dVertex
 10
43.99397084890342
 20
18.84616666666667
 30
0.0
  0
SEQEND
  5
90D
330
908
100
AcDbEntity
  8
0
  6
Continuous
 62
    18
420
        0
370
    25
  0
POLYLINE
  5
90E
330
1F
100
AcDbEntity
  8
0
  6
Continuous
 62
    18
420
        0
370
    25
100
AcDb2dPolyline
 66
     1
 10
0.0
 20
0.0
 30
0.0
 70
     1
  0
VERTEX
  5
90F
330
90E
100
AcDbEntity
  8
0
  6
Continuous
 62
    18
420
        0
370
    25
100
AcDbVertex
100
AcDb2dVertex
 10
45.14999999999998
 20
18.15824276188683
 30
0.0
  0
VERTEX
  5
910
330
90E
100
AcDbEntity
  8
0
  6
Continuous
 62
    18
420
        0
370
    25
100
AcDbVertex
100
AcDb2dVertex
 10
45.75000000000001
 20
18.15824276188683
 30
0.0
  0
VERTEX
  5
911
330
90E
100
AcDbEntity
  8
0
  6
Continuous
 62
    18
420
        0
370
    25
100
AcDbVertex
100
AcDb2dVertex
 10
45.75000000000001
 20
18.75824276188683
 30
0.0
  0
VERTEX
  5
912
330
90E
100
AcDbEntity
  8
0
  6
Continuous
 62
    18
420
        0
370
    25
100
AcDbVertex
100
AcDb2dVertex
 10
45.14999999999998
 20
18.75824276188683
 30
0.0
  0
SEQEND
  5
913
330
90E
100
AcDbEntity
  8
0
  6
Continuous
 62
    18
420
        0
370
    25
  0
POLYLINE
  5
914
330
1F
100
AcDbEntity
  8
0
  6
Continuous
 62
    18
420
        0
370
    25
100
AcDb2dPolyline
 66
     1
 10
0.0
 20
0.0
 30
0.0
 70
     1
  0
VERTEX
  5
915
330
914
100
AcDbEntity
  8
0
  6
Continuous
 62
    18
420
        0
370
    25
100
AcDbVertex
100
AcDb2dVertex
 10
45.14999999999998
 20
17.3674448197547
 30
0.0
  0
VERTEX
  5
916
330
914
100
AcDbEntity
  8
0
  6
Continuous
 62
    18
420
        0
370
    25
100
AcDbVertex
100
AcDb2dVertex
 10
45.74999999999999
 20
17.3674448197547
 30
0.0
  0
VERTEX
  5
917
330
914
100
AcDbEntity
  8
0
  6
Continuous
 62
    18
420
        0
370
    25
100
AcDbVertex
100
AcDb2dVertex
 10
45.74999999999999
 20
17.96744481975471
 30
0.0
  0
VERTEX
  5
918
330
914
100
AcDbEntity
  8
0
  6
Continuous
 62
    18
420
        0
370
    25
100
AcDbVertex
100
AcDb2dVertex
 10
45.14999999999998
 20
17.96744481975471
 30
0.0
  0
SEQEND
  5
919
330
914
100
AcDbEntity
  8
0
  6
Continuous
 62
    18
420
        0
370
    25
  0
POLYLINE
  5
91A
330
1F
100
AcDbEntity
  8
0
  6
Continuous
 62
    18
420
        0
370
    25
100
AcDb2dPolyline
 66
     1
 10
0.0
 20
0.0
 30
0.0
 70
     1
  0
VERTEX
  5
91B
330
91A
100
AcDbEntity
  8
0
  6
Continuous
 62
    18
420
        0
370
    25
100
AcDbVertex
100
AcDb2dVertex
 10
45.15
 20
16.57664687762259
 30
0.0
  0
VERTEX
  5
91C
330
91A
100
AcDbEntity
  8
0
  6
Continuous
 62
    18
420
        0
370
    25
100
AcDbVertex
100
AcDb2dVertex
 10
45.74999999999999
 20
16.57664687762259
 30
0.0
  0
VERTEX
  5
91D
330
91A
100
AcDbEntity
  8
0
  6
Continuous
 62
    18
420
        0
370
    25
100
AcDbVertex
100
AcDb2dVertex
 10
45.74999999999999
 20
17.17664687762259
 30
0.0
  0
VERTEX
  5
91E
330
91A
100
AcDbEntity
  8
0
  6
Continuous
 62
    18
420
        0
370
    25
100
AcDbVertex
100
AcDb2dVertex
 10
45.15
 20
17.17664687762259
 30
0.0
  0
SEQEND
  5
91F
330
91A
100
AcDbEntity
  8
0
  6
Continuous
 62
    18
420
        0
370
    25
  0
POLYLINE
  5
920
330
1F
100
AcDbEntity
  8
0
  6
Continuous
 62
    18
420
        0
370
    25
100
AcDb2dPolyline
 66
     1
 10
0.0
 20
0.0
 30
0.0
 70
     1
  0
VERTEX
  5
921
330
920
100
AcDbEntity
  8
0
  6
Continuous
 62
    18
420
        0
370
    25
100
AcDbVertex
100
AcDb2dVertex
 10
45.14999999999998
 20
15.78584893549048
 30
0.0
  0
VERTEX
  5
922
330
920
100
AcDbEntity
  8
0
  6
Continuous
 62
    18
420
        0
370
    25
100
AcDbVertex
100
AcDb2dVertex
 10
45.74999999999999
 20
15.78584893549048
 30
0.0
  0
VERTEX
  5
923
330
920
100
AcDbEntity
  8
0
  6
Continuous
 62
    18
420
        0
370
    25
100
AcDbVertex
100
AcDb2dVertex
 10
45.74999999999999
 20
16.38584893549048
 30
0.0
  0
VERTEX
  5
924
330
920
100
AcDbEntity
  8
0
  6
Continuous
 62
    18
420
        0
370
    25
100
AcDbVertex
100
AcDb2dVertex
 10
45.14999999999998
 20
16.38584893549048
 30
0.0
  0
SEQEND
  5
925
330
920
100
AcDbEntity
  8
0
  6
Continuous
 62
    18
420
        0
370
    25
  0
POLYLINE
  5
926
330
1F
100
AcDbEntity
  8
0
  6
Continuous
 62
    18
420
        0
370
    25
100
AcDb2dPolyline
 66
     1
 10
0.0
 20
0.0
 30
0.0
 70
     1
  0
VERTEX
  5
927
330
926
100
AcDbEntity
  8
0
  6
Continuous
 62
    18
420
        0
370
    25
100
AcDbVertex
100
AcDb2dVertex
 10
43.30134776150754
 20
15.78584893549049
 30
0.0
  0
VERTEX
  5
928
330
926
100
AcDbEntity
  8
0
  6
Continuous
 62
    18
420
        0
370
    25
100
AcDbVertex
100
AcDb2dVertex
 10
43.90134776150755
 20
15.78584893549049
 30
0.0
  0
VERTEX
  5
929
330
926
100
AcDbEntity
  8
0
  6
Continuous
 62
    18
420
        0
370
    25
100
AcDbVertex
100
AcDb2dVertex
 10
43.90134776150755
 20
16.3858489354905
 30
0.0
  0
VERTEX
  5
92A
330
926
100
AcDbEntity
  8
0
  6
Continuous
 62
    18
420
        0
370
    25
100
AcDbVertex
100
AcDb2dVertex
 10
43.30134776150754
 20
16.3858489354905
 30
0.0
  0
SEQEND
  5
92B
330
926
100
AcDbEntity
  8
0
  6
Continuous
 62
    18
420
        0
370
    25
  0
POLYLINE
  5
92C
330
1F
100
AcDbEntity
  8
0
  6
Continuous
 62
    18
420
        0
370
    25
100
AcDb2dPolyline
 66
     1
 10
0.0
 20
0.0
 30
0.0
 70
     1
  0
VERTEX
  5
92D
330
92C
100
AcDbEntity
  8
0
  6
Continuous
 62
    18
420
        0
370
    25
100
AcDbVertex
100
AcDb2dVertex
 10
43.30134776150755
 20
16.57664687762261
 30
0.0
  0
VERTEX
  5
92E
330
92C
100
AcDbEntity
  8
0
  6
Continuous
 62
    18
420
        0
370
    25
100
AcDbVertex
100
AcDb2dVertex
 10
43.90134776150755
 20
16.57664687762261
 30
0.0
  0
VERTEX
  5
92F
330
92C
100
AcDbEntity
  8
0
  6
Continuous
 62
    18
420
        0
370
    25
100
AcDbVertex
100
AcDb2dVertex
 10
43.90134776150755
 20
17.17664687762261
 30
0.0
  0
VERTEX
  5
930
330
92C
100
AcDbEntity
  8
0
  6
Continuous
 62
    18
420
        0
370
    25
100
AcDbVertex
100
AcDb2dVertex
 10
43.30134776150755
 20
17.17664687762261
 30
0.0
  0
SEQEND
  5
931
330
92C
100
AcDbEntity
  8
0
  6
Continuous
 62
    18
420
        0
370
    25
  0
POLYLINE
  5
932
330
1F
100
AcDbEntity
  8
0
  6
Continuous
 62
    18
420
        0
370
    25
100
AcDb2dPolyline
 66
     1
 10
0.0
 20
0.0
 30
0.0
 70
     1
  0
VERTEX
  5
933
330
932
100
AcDbEntity
  8
0
  6
Continuous
 62
    18
420
        0
370
    25
100
AcDbVertex
100
AcDb2dVertex
 10
43.30134776150755
 20
17.36744481975472
 30
0.0
  0
VERTEX
  5
934
330
932
100
AcDbEntity
  8
0
  6
Continuous
 62
    18
420
        0
370
    25
100
AcDbVertex
100
AcDb2dVertex
 10
43.90134776150755
 20
17.36744481975472
 30
0.0
  0
VERTEX
  5
935
330
932
100
AcDbEntity
  8
0
  6
Continuous
 62
    18
420
        0
370
    25
100
AcDbVertex
100
AcDb2dVertex
 10
43.90134776150755
 20
17.96744481975471
 30
0.0
  0
VERTEX
  5
936
330
932
100
AcDbEntity
  8
0
  6
Continuous
 62
    18
420
        0
370
    25
100
AcDbVertex
100
AcDb2dVertex
 10
43.30134776150755
 20
17.96744481975471
 30
0.0
  0
SEQEND
  5
937
330
932
100
AcDbEntity
  8
0
  6
Continuous
 62
    18
420
        0
370
    25
  0
POLYLINE
  5
938
330
1F
100
AcDbEntity
  8
0
  6
Continuous
 62
    18
420
        0
370
    25
100
AcDb2dPolyline
 66
     1
 10
0.0
 20
0.0
 30
0.0
 70
     1
  0
VERTEX
  5
939
330
938
100
AcDbEntity
  8
0
  6
Continuous
 62
    18
420
        0
370
    25
100
AcDbVertex
100
AcDb2dVertex
 10
43.30134776150755
 20
18.15824276188683
 30
0.0
  0
VERTEX
  5
93A
330
938
100
AcDbEntity
  8
0
  6
Continuous
 62
    18
420
        0
370
    25
100
AcDbVertex
100
AcDb2dVertex
 10
43.90134776150754
 20
18.15824276188683
 30
0.0
  0
VERTEX
  5
93B
330
938
100
AcDbEntity
  8
0
  6
Continuous
 62
    18
420
        0
370
    25
100
AcDbVertex
100
AcDb2dVertex
 10
43.90134776150754
 20
18.75824276188684
 30
0.0
  0
VERTEX
  5
93C
330
938
100
AcDbEntity
  8
0
  6
Continuous
 62
    18
420
        0
370
    25
100
AcDbVertex
100
AcDb2dVertex
 10
43.30134776150755
 20
18.75824276188684
 30
0.0
  0
SEQEND
  5
93D
330
938
100
AcDbEntity
  8
0
  6
Continuous
 62
    18
420
        0
370
    25
  0
POLYLINE
  5
93E
330
1F
100
AcDbEntity
  8
0
  6
Continuous
 62
    18
420
        0
370
    25
100
AcDb2dPolyline
 66
     1
 10
0.0
 20
0.0
 30
0.0
 70
     1
  0
VERTEX
  5
93F
330
93E
100
AcDbEntity
  8
0
  6
Continuous
 62
    18
420
        0
370
    25
100
AcDbVertex
100
AcDb2dVertex
 10
55.24397084890342
 20
1.221166666666655
 30
0.0
  0
VERTEX
  5
940
330
93E
100
AcDbEntity
  8
0
  6
Continuous
 62
    18
420
        0
370
    25
100
AcDbVertex
100
AcDb2dVertex
 10
56.30737691260413
 20
1.221166666666655
 30
0.0
  0
VERTEX
  5
941
330
93E
100
AcDbEntity
  8
0
  6
Continuous
 62
    18
420
        0
370
    25
100
AcDbVertex
100
AcDb2dVertex
 10
56.30737691260413
 20
4.369408302622652
 30
0.0
  0
VERTEX
  5
942
330
93E
100
AcDbEntity
  8
0
  6
Continuous
 62
    18
420
        0
370
    25
100
AcDbVertex
100
AcDb2dVertex
 10
55.24397084890342
 20
4.369408302622652
 30
0.0
  0
SEQEND
  5
943
330
93E
100
AcDbEntity
  8
0
  6
Continuous
 62
    18
420
        0
370
    25
  0
POLYLINE
  5
944
330
1F
100
AcDbEntity
  8
0
  6
Continuous
 62
    18
420
        0
370
    25
100
AcDb2dPolyline
 66
     1
 10
0.0
 20
0.0
 30
0.0
 70
     1
  0
VERTEX
  5
945
330
944
100
AcDbEntity
  8
0
  6
Continuous
 62
    18
420
        0
370
    25
100
AcDbVertex
100
AcDb2dVertex
 10
56.39999999999999
 20
3.681484397842809
 30
0.0
  0
VERTEX
  5
946
330
944
100
AcDbEntity
  8
0
  6
Continuous
 62
    18
420
        0
370
    25
100
AcDbVertex
100
AcDb2dVertex
 10
57.00000000000001
 20
3.681484397842809
 30
0.0
  0
VERTEX
  5
947
330
944
100
AcDbEntity
  8
0
  6
Continuous
 62
    18
420
        0
370
    25
100
AcDbVertex
100
AcDb2dVertex
 10
57.00000000000001
 20
4.281484397842824
 30
0.0
  0
VERTEX
  5
948
330
944
100
AcDbEntity
  8
0
  6
Continuous
 62
    18
420
        0
370
    25
100
AcDbVertex
100
AcDb2dVertex
 10
56.39999999999999
 20
4.281484397842824
 30
0.0
  0
SEQEND
  5
949
330
944
100
AcDbEntity
  8
0
  6
Continuous
 62
    18
420
        0
370
    25
  0
POLYLINE
  5
94A
330
1F
100
AcDbEntity
  8
0
  6
Continuous
 62
    18
420
        0
370
    25
100
AcDb2dPolyline
 66
     1
 10
0.0
 20
0.0
 30
0.0
 70
     1
  0
VERTEX
  5
94B
330
94A
100
AcDbEntity
  8
0
  6
Continuous
 62
    18
420
        0
370
    25
100
AcDbVertex
100
AcDb2dVertex
 10
56.39999999999999
 20
2.890686455710686
 30
0.0
  0
VERTEX
  5
94C
330
94A
100
AcDbEntity
  8
0
  6
Continuous
 62
    18
420
        0
370
    25
100
AcDbVertex
100
AcDb2dVertex
 10
56.99999999999999
 20
2.890686455710686
 30
0.0
  0
VERTEX
  5
94D
330
94A
100
AcDbEntity
  8
0
  6
Continuous
 62
    18
420
        0
370
    25
100
AcDbVertex
100
AcDb2dVertex
 10
56.99999999999999
 20
3.490686455710701
 30
0.0
  0
VERTEX
  5
94E
330
94A
100
AcDbEntity
  8
0
  6
Continuous
 62
    18
420
        0
370
    25
100
AcDbVertex
100
AcDb2dVertex
 10
56.39999999999999
 20
3.490686455710701
 30
0.0
  0
SEQEND
  5
94F
330
94A
100
AcDbEntity
  8
0
  6
Continuous
 62
    18
420
        0
370
    25
  0
POLYLINE
  5
950
330
1F
100
AcDbEntity
  8
0
  6
Continuous
 62
    18
420
        0
370
    25
100
AcDb2dPolyline
 66
     1
 10
0.0
 20
0.0
 30
0.0
 70
     1
  0
VERTEX
  5
951
330
950
100
AcDbEntity
  8
0
  6
Continuous
 62
    18
420
        0
370
    25
100
AcDbVertex
100
AcDb2dVertex
 10
56.4
 20
2.099888513578584
 30
0.0
  0
VERTEX
  5
952
330
950
100
AcDbEntity
  8
0
  6
Continuous
 62
    18
420
        0
370
    25
100
AcDbVertex
100
AcDb2dVertex
 10
56.99999999999999
 20
2.099888513578584
 30
0.0
  0
VERTEX
  5
953
330
950
100
AcDbEntity
  8
0
  6
Continuous
 62
    18
420
        0
370
    25
100
AcDbVertex
100
AcDb2dVertex
 10
56.99999999999999
 20
2.699888513578578
 30
0.0
  0
VERTEX
  5
954
330
950
100
AcDbEntity
  8
0
  6
Continuous
 62
    18
420
        0
370
    25
100
AcDbVertex
100
AcDb2dVertex
 10
56.4
 20
2.699888513578578
 30
0.0
  0
SEQEND
  5
955
330
950
100
AcDbEntity
  8
0
  6
Continuous
 62
    18
420
        0
370
    25
  0
POLYLINE
  5
956
330
1F
100
AcDbEntity
  8
0
  6
Continuous
 62
    18
420
        0
370
    25
100
AcDb2dPolyline
 66
     1
 10
0.0
 20
0.0
 30
0.0
 70
     1
  0
VERTEX
  5
957
330
956
100
AcDbEntity
  8
0
  6
Continuous
 62
    18
420
        0
370
    25
100
AcDbVertex
100
AcDb2dVertex
 10
56.39999999999999
 20
1.309090571446475
 30
0.0
  0
VERTEX
  5
958
330
956
100
AcDbEntity
  8
0
  6
Continuous
 62
    18
420
        0
370
    25
100
AcDbVertex
100
AcDb2dVertex
 10
56.99999999999999
 20
1.309090571446475
 30
0.0
  0
VERTEX
  5
959
330
956
100
AcDbEntity
  8
0
  6
Continuous
 62
    18
420
        0
370
    25
100
AcDbVertex
100
AcDb2dVertex
 10
56.99999999999999
 20
1.909090571446463
 30
0.0
  0
VERTEX
  5
95A
330
956
100
AcDbEntity
  8
0
  6
Continuous
 62
    18
420
        0
370
    25
100
AcDbVertex
100
AcDb2dVertex
 10
56.39999999999999
 20
1.909090571446463
 30
0.0
  0
SEQEND
  5
95B
330
956
100
AcDbEntity
  8
0
  6
Continuous
 62
    18
420
        0
370
    25
  0
POLYLINE
  5
95C
330
1F
100
AcDbEntity
  8
0
  6
Continuous
 62
    18
420
        0
370
    25
100
AcDb2dPolyline
 66
     1
 10
0.0
 20
0.0
 30
0.0
 70
     1
  0
VERTEX
  5
95D
330
95C
100
AcDbEntity
  8
0
  6
Continuous
 62
    18
420
        0
370
    25
100
AcDbVertex
100
AcDb2dVertex
 10
54.55134776150754
 20
1.309090571446482
 30
0.0
  0
VERTEX
  5
95E
330
95C
100
AcDbEntity
  8
0
  6
Continuous
 62
    18
420
        0
370
    25
100
AcDbVertex
100
AcDb2dVertex
 10
55.15134776150755
 20
1.309090571446482
 30
0.0
  0
VERTEX
  5
95F
330
95C
100
AcDbEntity
  8
0
  6
Continuous
 62
    18
420
        0
370
    25
100
AcDbVertex
100
AcDb2dVertex
 10
55.15134776150755
 20
1.909090571446491
 30
0.0
  0
VERTEX
  5
960
330
95C
100
AcDbEntity
  8
0
  6
Continuous
 62
    18
420
        0
370
    25
100
AcDbVertex
100
AcDb2dVertex
 10
54.55134776150754
 20
1.909090571446491
 30
0.0
  0
SEQEND
  5
961
330
95C
100
AcDbEntity
  8
0
  6
Continuous
 62
    18
420
        0
370
    25
  0
POLYLINE
  5
962
330
1F
100
AcDbEntity
  8
0
  6
Continuous
 62
    18
420
        0
370
    25
100
AcDb2dPolyline
 66
     1
 10
0.0
 20
0.0
 30
0.0
 70
     1
  0
VERTEX
  5
963
330
962
100
AcDbEntity
  8
0
  6
Continuous
 62
    18
420
        0
370
    25
100
AcDbVertex
100
AcDb2dVertex
 10
54.55134776150756
 20
2.099888513578591
 30
0.0
  0
VERTEX
  5
964
330
962
100
AcDbEntity
  8
0
  6
Continuous
 62
    18
420
        0
370
    25
100
AcDbVertex
100
AcDb2dVertex
 10
55.15134776150755
 20
2.099888513578591
 30
0.0
  0
VERTEX
  5
965
330
962
100
AcDbEntity
  8
0
  6
Continuous
 62
    18
420
        0
370
    25
100
AcDbVertex
100
AcDb2dVertex
 10
55.15134776150755
 20
2.699888513578593
 30
0.0
  0
VERTEX
  5
966
330
962
100
AcDbEntity
  8
0
  6
Continuous
 62
    18
420
        0
370
    25
100
AcDbVertex
100
AcDb2dVertex
 10
54.55134776150756
 20
2.699888513578593
 30
0.0
  0
SEQEND
  5
967
330
962
100
AcDbEntity
  8
0
  6
Continuous
 62
    18
420
        0
370
    25
  0
POLYLINE
  5
968
330
1F
100
AcDbEntity
  8
0
  6
Continuous
 62
    18
420
        0
370
    25
100
AcDb2dPolyline
 66
     1
 10
0.0
 20
0.0
 30
0.0
 70
     1
  0
VERTEX
  5
969
330
968
100
AcDbEntity
  8
0
  6
Continuous
 62
    18
420
        0
370
    25
100
AcDbVertex
100
AcDb2dVertex
 10
54.55134776150755
 20
2.890686455710707
 30
0.0
  0
VERTEX
  5
96A
330
968
100
AcDbEntity
  8
0
  6
Continuous
 62
    18
420
        0
370
    25
100
AcDbVertex
100
AcDb2dVertex
 10
55.15134776150755
 20
2.890686455710707
 30
0.0
  0
VERTEX
  5
96B
330
968
100
AcDbEntity
  8
0
  6
Continuous
 62
    18
420
        0
370
    25
100
AcDbVertex
100
AcDb2dVertex
 10
55.15134776150755
 20
3.490686455710701
 30
0.0
  0
VERTEX
  5
96C
330
968
100
AcDbEntity
  8
0
  6
Continuous
 62
    18
420
        0
370
    25
100
AcDbVertex
100
AcDb2dVertex
 10
54.55134776150755
 20
3.490686455710701
 30
0.0
  0
SEQEND
  5
96D
330
968
100
AcDbEntity
  8
0
  6
Continuous
 62
    18
420
        0
370
    25
  0
POLYLINE
  5
96E
330
1F
100
AcDbEntity
  8
0
  6
Continuous
 62
    18
420
        0
370
    25
100
AcDb2dPolyline
 66
     1
 10
0.0
 20
0.0
 30
0.0
 70
     1
  0
VERTEX
  5
96F
330
96E
100
AcDbEntity
  8
0
  6
Continuous
 62
    18
420
        0
370
    25
100
AcDbVertex
100
AcDb2dVertex
 10
54.55134776150755
 20
3.681484397842816
 30
0.0
  0
VERTEX
  5
970
330
96E
100
AcDbEntity
  8
0
  6
Continuous
 62
    18
420
        0
370
    25
100
AcDbVertex
100
AcDb2dVertex
 10
55.15134776150755
 20
3.681484397842816
 30
0.0
  0
VERTEX
  5
971
330
96E
100
AcDbEntity
  8
0
  6
Continuous
 62
    18
420
        0
370
    25
100
AcDbVertex
100
AcDb2dVertex
 10
55.15134776150755
 20
4.281484397842824
 30
0.0
  0
VERTEX
  5
972
330
96E
100
AcDbEntity
  8
0
  6
Continuous
 62
    18
420
        0
370
    25
100
AcDbVertex
100
AcDb2dVertex
 10
54.55134776150755
 20
4.281484397842824
 30
0.0
  0
SEQEND
  5
973
330
96E
100
AcDbEntity
  8
0
  6
Continuous
 62
    18
420
        0
370
    25
  0
POLYLINE
  5
974
330
1F
100
AcDbEntity
  8
0
  6
Continuous
 62
    18
420
        0
370
    25
100
AcDb2dPolyline
 66
     1
 10
0.0
 20
0.0
 30
0.0
 70
     1
  0
VERTEX
  5
975
330
974
100
AcDbEntity
  8
0
  6
Continuous
 62
    18
420
        0
370
    25
100
AcDbVertex
100
AcDb2dVertex
 10
11.09848252842592
 20
1.221166666666655
 30
0.0
  0
VERTEX
  5
976
330
974
100
AcDbEntity
  8
0
  6
Continuous
 62
    18
420
        0
370
    25
100
AcDbVertex
100
AcDb2dVertex
 10
12.16188859212663
 20
1.221166666666655
 30
0.0
  0
VERTEX
  5
977
330
974
100
AcDbEntity
  8
0
  6
Continuous
 62
    18
420
        0
370
    25
100
AcDbVertex
100
AcDb2dVertex
 10
12.16188859212663
 20
4.369408302622652
 30
0.0
  0
VERTEX
  5
978
330
974
100
AcDbEntity
  8
0
  6
Continuous
 62
    18
420
        0
370
    25
100
AcDbVertex
100
AcDb2dVertex
 10
11.09848252842592
 20
4.369408302622652
 30
0.0
  0
SEQEND
  5
979
330
974
100
AcDbEntity
  8
0
  6
Continuous
 62
    18
420
        0
370
    25
  0
POLYLINE
  5
97A
330
1F
100
AcDbEntity
  8
0
  6
Continuous
 62
    18
420
        0
370
    25
100
AcDb2dPolyline
 66
     1
 10
0.0
 20
0.0
 30
0.0
 70
     1
  0
VERTEX
  5
97B
330
97A
100
AcDbEntity
  8
0
  6
Continuous
 62
    18
420
        0
370
    25
100
AcDbVertex
100
AcDb2dVertex
 10
12.2545116795225
 20
3.681484397842816
 30
0.0
  0
VERTEX
  5
97C
330
97A
100
AcDbEntity
  8
0
  6
Continuous
 62
    18
420
        0
370
    25
100
AcDbVertex
100
AcDb2dVertex
 10
12.85451167952252
 20
3.681484397842816
 30
0.0
  0
VERTEX
  5
97D
330
97A
100
AcDbEntity
  8
0
  6
Continuous
 62
    18
420
        0
370
    25
100
AcDbVertex
100
AcDb2dVertex
 10
12.85451167952252
 20
4.281484397842824
 30
0.0
  0
VERTEX
  5
97E
330
97A
100
AcDbEntity
  8
0
  6
Continuous
 62
    18
420
        0
370
    25
100
AcDbVertex
100
AcDb2dVertex
 10
12.2545116795225
 20
4.281484397842824
 30
0.0
  0
SEQEND
  5
97F
330
97A
100
AcDbEntity
  8
0
  6
Continuous
 62
    18
420
        0
370
    25
  0
POLYLINE
  5
980
330
1F
100
AcDbEntity
  8
0
  6
Continuous
 62
    18
420
        0
370
    25
100
AcDb2dPolyline
 66
     1
 10
0.0
 20
0.0
 30
0.0
 70
     1
  0
VERTEX
  5
981
330
980
100
AcDbEntity
  8
0
  6
Continuous
 62
    18
420
        0
370
    25
100
AcDbVertex
100
AcDb2dVertex
 10
12.2545116795225
 20
2.890686455710693
 30
0.0
  0
VERTEX
  5
982
330
980
100
AcDbEntity
  8
0
  6
Continuous
 62
    18
420
        0
370
    25
100
AcDbVertex
100
AcDb2dVertex
 10
12.85451167952249
 20
2.890686455710693
 30
0.0
  0
VERTEX
  5
983
330
980
100
AcDbEntity
  8
0
  6
Continuous
 62
    18
420
        0
370
    25
100
AcDbVertex
100
AcDb2dVertex
 10
12.85451167952249
 20
3.490686455710701
 30
0.0
  0
VERTEX
  5
984
330
980
100
AcDbEntity
  8
0
  6
Continuous
 62
    18
420
        0
370
    25
100
AcDbVertex
100
AcDb2dVertex
 10
12.2545116795225
 20
3.490686455710701
 30
0.0
  0
SEQEND
  5
985
330
980
100
AcDbEntity
  8
0
  6
Continuous
 62
    18
420
        0
370
    25
  0
POLYLINE
  5
986
330
1F
100
AcDbEntity
  8
0
  6
Continuous
 62
    18
420
        0
370
    25
100
AcDb2dPolyline
 66
     1
 10
0.0
 20
0.0
 30
0.0
 70
     1
  0
VERTEX
  5
987
330
986
100
AcDbEntity
  8
0
  6
Continuous
 62
    18
420
        0
370
    25
100
AcDbVertex
100
AcDb2dVertex
 10
12.2545116795225
 20
2.099888513578584
 30
0.0
  0
VERTEX
  5
988
330
986
100
AcDbEntity
  8
0
  6
Continuous
 62
    18
420
        0
370
    25
100
AcDbVertex
100
AcDb2dVertex
 10
12.85451167952249
 20
2.099888513578584
 30
0.0
  0
VERTEX
  5
989
330
986
100
AcDbEntity
  8
0
  6
Continuous
 62
    18
420
        0
370
    25
100
AcDbVertex
100
AcDb2dVertex
 10
12.85451167952249
 20
2.699888513578578
 30
0.0
  0
VERTEX
  5
98A
330
986
100
AcDbEntity
  8
0
  6
Continuous
 62
    18
420
        0
370
    25
100
AcDbVertex
100
AcDb2dVertex
 10
12.2545116795225
 20
2.699888513578578
 30
0.0
  0
SEQEND
  5
98B
330
986
100
AcDbEntity
  8
0
  6
Continuous
 62
    18
420
        0
370
    25
  0
POLYLINE
  5
98C
330
1F
100
AcDbEntity
  8
0
  6
Continuous
 62
    18
420
        0
370
    25
100
AcDb2dPolyline
 66
     1
 10
0.0
 20
0.0
 30
0.0
 70
     1
  0
VERTEX
  5
98D
330
98C
100
AcDbEntity
  8
0
  6
Continuous
 62
    18
420
        0
370
    25
100
AcDbVertex
100
AcDb2dVertex
 10
12.2545116795225
 20
1.309090571446475
 30
0.0
  0
VERTEX
  5
98E
330
98C
100
AcDbEntity
  8
0
  6
Continuous
 62
    18
420
        0
370
    25
100
AcDbVertex
100
AcDb2dVertex
 10
12.85451167952249
 20
1.309090571446475
 30
0.0
  0
VERTEX
  5
98F
330
98C
100
AcDbEntity
  8
0
  6
Continuous
 62
    18
420
        0
370
    25
100
AcDbVertex
100
AcDb2dVertex
 10
12.85451167952249
 20
1.90909057144647
 30
0.0
  0
VERTEX
  5
990
330
98C
100
AcDbEntity
  8
0
  6
Continuous
 62
    18
420
        0
370
    25
100
AcDbVertex
100
AcDb2dVertex
 10
12.2545116795225
 20
1.90909057144647
 30
0.0
  0
SEQEND
  5
991
330
98C
100
AcDbEntity
  8
0
  6
Continuous
 62
    18
420
        0
370
    25
  0
POLYLINE
  5
992
330
1F
100
AcDbEntity
  8
0
  6
Continuous
 62
    18
420
        0
370
    25
100
AcDb2dPolyline
 66
     1
 10
0.0
 20
0.0
 30
0.0
 70
     1
  0
VERTEX
  5
993
330
992
100
AcDbEntity
  8
0
  6
Continuous
 62
    18
420
        0
370
    25
100
AcDbVertex
100
AcDb2dVertex
 10
10.40585944103005
 20
1.309090571446482
 30
0.0
  0
VERTEX
  5
994
330
992
100
AcDbEntity
  8
0
  6
Continuous
 62
    18
420
        0
370
    25
100
AcDbVertex
100
AcDb2dVertex
 10
11.00585944103006
 20
1.309090571446482
 30
0.0
  0
VERTEX
  5
995
330
992
100
AcDbEntity
  8
0
  6
Continuous
 62
    18
420
        0
370
    25
100
AcDbVertex
100
AcDb2dVertex
 10
11.00585944103006
 20
1.909090571446491
 30
0.0
  0
VERTEX
  5
996
330
992
100
AcDbEntity
  8
0
  6
Continuous
 62
    18
420
        0
370
    25
100
AcDbVertex
100
AcDb2dVertex
 10
10.40585944103005
 20
1.909090571446491
 30
0.0
  0
SEQEND
  5
997
330
992
100
AcDbEntity
  8
0
  6
Continuous
 62
    18
420
        0
370
    25
  0
POLYLINE
  5
998
330
1F
100
AcDbEntity
  8
0
  6
Continuous
 62
    18
420
        0
370
    25
100
AcDb2dPolyline
 66
     1
 10
0.0
 20
0.0
 30
0.0
 70
     1
  0
VERTEX
  5
999
330
998
100
AcDbEntity
  8
0
  6
Continuous
 62
    18
420
        0
370
    25
100
AcDbVertex
100
AcDb2dVertex
 10
10.40585944103006
 20
2.099888513578605
 30
0.0
  0
VERTEX
  5
99A
330
998
100
AcDbEntity
  8
0
  6
Continuous
 62
    18
420
        0
370
    25
100
AcDbVertex
100
AcDb2dVertex
 10
11.00585944103006
 20
2.099888513578605
 30
0.0
  0
VERTEX
  5
99B
330
998
100
AcDbEntity
  8
0
  6
Continuous
 62
    18
420
        0
370
    25
100
AcDbVertex
100
AcDb2dVertex
 10
11.00585944103006
 20
2.6998885135786
 30
0.0
  0
VERTEX
  5
99C
330
998
100
AcDbEntity
  8
0
  6
Continuous
 62
    18
420
        0
370
    25
100
AcDbVertex
100
AcDb2dVertex
 10
10.40585944103006
 20
2.6998885135786
 30
0.0
  0
SEQEND
  5
99D
330
998
100
AcDbEntity
  8
0
  6
Continuous
 62
    18
420
        0
370
    25
  0
POLYLINE
  5
99E
330
1F
100
AcDbEntity
  8
0
  6
Continuous
 62
    18
420
        0
370
    25
100
AcDb2dPolyline
 66
     1
 10
0.0
 20
0.0
 30
0.0
 70
     1
  0
VERTEX
  5
99F
330
99E
100
AcDbEntity
  8
0
  6
Continuous
 62
    18
420
        0
370
    25
100
AcDbVertex
100
AcDb2dVertex
 10
10.40585944103006
 20
2.890686455710707
 30
0.0
  0
VERTEX
  5
9A0
330
99E
100
AcDbEntity
  8
0
  6
Continuous
 62
    18
420
        0
370
    25
100
AcDbVertex
100
AcDb2dVertex
 10
11.00585944103006
 20
2.890686455710707
 30
0.0
  0
VERTEX
  5
9A1
330
99E
100
AcDbEntity
  8
0
  6
Continuous
 62
    18
420
        0
370
    25
100
AcDbVertex
100
AcDb2dVertex
 10
11.00585944103006
 20
3.490686455710708
 30
0.0
  0
VERTEX
  5
9A2
330
99E
100
AcDbEntity
  8
0
  6
Continuous
 62
    18
420
        0
370
    25
100
AcDbVertex
100
AcDb2dVertex
 10
10.40585944103006
 20
3.490686455710708
 30
0.0
  0
SEQEND
  5
9A3
330
99E
100
AcDbEntity
  8
0
  6
Continuous
 62
    18
420
        0
370
    25
  0
POLYLINE
  5
9A4
330
1F
100
AcDbEntity
  8
0
  6
Continuous
 62
    18
420
        0
370
    25
100
AcDb2dPolyline
 66
     1
 10
0.0
 20
0.0
 30
0.0
 70
     1
  0
VERTEX
  5
9A5
330
9A4
100
AcDbEntity
  8
0
  6
Continuous
 62
    18
420
        0
370
    25
100
AcDbVertex
100
AcDb2dVertex
 10
10.40585944103006
 20
3.681484397842823
 30
0.0
  0
VERTEX
  5
9A6
330
9A4
100
AcDbEntity
  8
0
  6
Continuous
 62
    18
420
        0
370
    25
100
AcDbVertex
100
AcDb2dVertex
 10
11.00585944103006
 20
3.681484397842823
 30
0.0
  0
VERTEX
  5
9A7
330
9A4
100
AcDbEntity
  8
0
  6
Continuous
 62
    18
420
        0
370
    25
100
AcDbVertex
100
AcDb2dVertex
 10
11.00585944103006
 20
4.281484397842831
 30
0.0
  0
VERTEX
  5
9A8
330
9A4
100
AcDbEntity
  8
0
  6
Continuous
 62
    18
420
        0
370
    25
100
AcDbVertex
100
AcDb2dVertex
 10
10.40585944103006
 20
4.281484397842831
 30
0.0
  0
SEQEND
  5
9A9
330
9A4
100
AcDbEntity
  8
0
  6
Continuous
 62
    18
420
        0
370
    25
  0
POLYLINE
  5
9AA
330
1F
100
AcDbEntity
  8
0
  6
Continuous
 62
    18
420
        0
370
    25
100
AcDb2dPolyline
 66
     1
 10
0.0
 20
0.0
 30
0.0
 70
     1
  0
VERTEX
  5
9AB
330
9AA
100
AcDbEntity
  8
0
  6
Continuous
 62
    18
420
        0
370
    25
100
AcDbVertex
100
AcDb2dVertex
 10
9.098964148215876
 20
11.80782967564697
 30
0.0
  0
VERTEX
  5
9AC
330
9AA
100
AcDbEntity
  8
0
  6
Continuous
 62
    18
420
        0
370
    25
100
AcDbVertex
100
AcDb2dVertex
 10
10.95236132057783
 20
11.80782967564697
 30
0.0
  0
VERTEX
  5
9AD
330
9AA
100
AcDbEntity
  8
0
  6
Continuous
 62
    18
420
        0
370
    25
100
AcDbVertex
100
AcDb2dVertex
 10
10.95236132057783
 20
12.64166081289296
 30
0.0
  0
VERTEX
  5
9AE
330
9AA
100
AcDbEntity
  8
0
  6
Continuous
 62
    18
420
        0
370
    25
100
AcDbVertex
100
AcDb2dVertex
 10
9.098964148215876
 20
12.64166081289296
 30
0.0
  0
SEQEND
  5
9AF
330
9AA
100
AcDbEntity
  8
0
  6
Continuous
 62
    18
420
        0
370
    25
  0
POLYLINE
  5
9B0
330
1F
100
AcDbEntity
  8
0
  6
Continuous
 62
    18
420
        0
370
    25
100
AcDb2dPolyline
 66
     1
 10
0.0
 20
0.0
 30
0.0
 70
     1
  0
VERTEX
  5
9B1
330
9B0
100
AcDbEntity
  8
0
  6
Continuous
 62
    18
420
        0
370
    25
100
AcDbVertex
100
AcDb2dVertex
 10
9.73235355396408
 20
12.70368714335728
 30
0.0
  0
VERTEX
  5
9B2
330
9B0
100
AcDbEntity
  8
0
  6
Continuous
 62
    18
420
        0
370
    25
100
AcDbVertex
100
AcDb2dVertex
 10
10.33235355396407
 20
12.70368714335728
 30
0.0
  0
VERTEX
  5
9B3
330
9B0
100
AcDbEntity
  8
0
  6
Continuous
 62
    18
420
        0
370
    25
100
AcDbVertex
100
AcDb2dVertex
 10
10.33235355396407
 20
13.30368714335729
 30
0.0
  0
VERTEX
  5
9B4
330
9B0
100
AcDbEntity
  8
0
  6
Continuous
 62
    18
420
        0
370
    25
100
AcDbVertex
100
AcDb2dVertex
 10
9.73235355396408
 20
13.30368714335729
 30
0.0
  0
SEQEND
  5
9B5
330
9B0
100
AcDbEntity
  8
0
  6
Continuous
 62
    18
420
        0
370
    25
  0
POLYLINE
  5
9B6
330
1F
100
AcDbEntity
  8
0
  6
Continuous
 62
    18
420
        0
370
    25
100
AcDb2dPolyline
 66
     1
 10
0.0
 20
0.0
 30
0.0
 70
     1
  0
VERTEX
  5
9B7
330
9B6
100
AcDbEntity
  8
0
  6
Continuous
 62
    18
420
        0
370
    25
100
AcDbVertex
100
AcDb2dVertex
 10
11.61423303686252
 20
13.63838661887375
 30
0.0
  0
VERTEX
  5
9B8
330
9B6
100
AcDbEntity
  8
0
  6
Continuous
 62
    18
420
        0
370
    25
100
AcDbVertex
100
AcDb2dVertex
 10
14.45367907206927
 20
13.63838661887375
 30
0.0
  0
VERTEX
  5
9B9
330
9B6
100
AcDbEntity
  8
0
  6
Continuous
 62
    18
420
        0
370
    25
100
AcDbVertex
100
AcDb2dVertex
 10
14.45367907206927
 20
14.05530218749675
 30
0.0
  0
VERTEX
  5
9BA
330
9B6
100
AcDbEntity
  8
0
  6
Continuous
 62
    18
420
        0
370
    25
100
AcDbVertex
100
AcDb2dVertex
 10
11.61423303686252
 20
14.05530218749675
 30
0.0
  0
SEQEND
  5
9BB
330
9B6
100
AcDbEntity
  8
0
  6
Continuous
 62
    18
420
        0
370
    25
  0
POLYLINE
  5
9BC
330
1F
100
AcDbEntity
  8
0
  6
Continuous
 62
    18
420
        0
370
    25
100
AcDb2dPolyline
 66
     1
 10
0.0
 20
0.0
 30
0.0
 70
     1
  0
VERTEX
  5
9BD
330
9BC
100
AcDbEntity
  8
0
  6
Continuous
 62
    18
420
        0
370
    25
100
AcDbVertex
100
AcDb2dVertex
 10
11.22608533967329
 20
11.74470714086937
 30
0.0
  0
VERTEX
  5
9BE
330
9BC
100
AcDbEntity
  8
0
  6
Continuous
 62
    18
420
        0
370
    25
100
AcDbVertex
100
AcDb2dVertex
 10
11.82801743476986
 20
11.74470714086937
 30
0.0
  0
VERTEX
  5
9BF
330
9BC
100
AcDbEntity
  8
0
  6
Continuous
 62
    18
420
        0
370
    25
100
AcDbVertex
100
AcDb2dVertex
 10
11.82801743476986
 20
12.34276880398837
 30
0.0
  0
VERTEX
  5
9C0
330
9BC
100
AcDbEntity
  8
0
  6
Continuous
 62
    18
420
        0
370
    25
100
AcDbVertex
100
AcDb2dVertex
 10
11.22608533967329
 20
12.34276880398837
 30
0.0
  0
SEQEND
  5
9C1
330
9BC
100
AcDbEntity
  8
0
  6
Continuous
 62
    18
420
        0
370
    25
  0
POLYLINE
  5
9C2
330
1F
100
AcDbEntity
  8
0
  6
Continuous
 62
    18
420
        0
370
    25
100
AcDb2dPolyline
 66
     1
 10
0.0
 20
0.0
 30
0.0
 70
     1
  0
VERTEX
  5
9C3
330
9C2
100
AcDbEntity
  8
0
  6
Continuous
 62
    18
420
        0
370
    25
100
AcDbVertex
100
AcDb2dVertex
 10
11.97855964943333
 20
11.73788203761463
 30
0.0
  0
VERTEX
  5
9C4
330
9C2
100
AcDbEntity
  8
0
  6
Continuous
 62
    18
420
        0
370
    25
100
AcDbVertex
100
AcDb2dVertex
 10
12.5804917445299
 20
11.73788203761463
 30
0.0
  0
VERTEX
  5
9C5
330
9C2
100
AcDbEntity
  8
0
  6
Continuous
 62
    18
420
        0
370
    25
100
AcDbVertex
100
AcDb2dVertex
 10
12.5804917445299
 20
12.3359437007336
 30
0.0
  0
VERTEX
  5
9C6
330
9C2
100
AcDbEntity
  8
0
  6
Continuous
 62
    18
420
        0
370
    25
100
AcDbVertex
100
AcDb2dVertex
 10
11.97855964943333
 20
12.3359437007336
 30
0.0
  0
SEQEND
  5
9C7
330
9C2
100
AcDbEntity
  8
0
  6
Continuous
 62
    18
420
        0
370
    25
  0
POLYLINE
  5
9C8
330
1F
100
AcDbEntity
  8
0
  6
Continuous
 62
    18
420
        0
370
    25
100
AcDb2dPolyline
 66
     1
 10
0.0
 20
0.0
 30
0.0
 70
     1
  0
VERTEX
  5
9C9
330
9C8
100
AcDbEntity
  8
0
  6
Continuous
 62
    18
420
        0
370
    25
100
AcDbVertex
100
AcDb2dVertex
 10
9.099423534503492
 20
14.53437064094963
 30
0.0
  0
VERTEX
  5
9CA
330
9C8
100
AcDbEntity
  8
0
  6
Continuous
 62
    18
420
        0
370
    25
100
AcDbVertex
100
AcDb2dVertex
 10
10.95282070686544
 20
14.53437064094963
 30
0.0
  0
VERTEX
  5
9CB
330
9C8
100
AcDbEntity
  8
0
  6
Continuous
 62
    18
420
        0
370
    25
100
AcDbVertex
100
AcDb2dVertex
 10
10.95282070686544
 20
15.36820177819562
 30
0.0
  0
VERTEX
  5
9CC
330
9C8
100
AcDbEntity
  8
0
  6
Continuous
 62
    18
420
        0
370
    25
100
AcDbVertex
100
AcDb2dVertex
 10
9.099423534503492
 20
15.36820177819562
 30
0.0
  0
SEQEND
  5
9CD
330
9C8
100
AcDbEntity
  8
0
  6
Continuous
 62
    18
420
        0
370
    25
  0
POLYLINE
  5
9CE
330
1F
100
AcDbEntity
  8
0
  6
Continuous
 62
    18
420
        0
370
    25
100
AcDb2dPolyline
 66
     1
 10
0.0
 20
0.0
 30
0.0
 70
     1
  0
VERTEX
  5
9CF
330
9CE
100
AcDbEntity
  8
0
  6
Continuous
 62
    18
420
        0
370
    25
100
AcDbVertex
100
AcDb2dVertex
 10
9.732812940251696
 20
15.43022810865995
 30
0.0
  0
VERTEX
  5
9D0
330
9CE
100
AcDbEntity
  8
0
  6
Continuous
 62
    18
420
        0
370
    25
100
AcDbVertex
100
AcDb2dVertex
 10
10.33281294025169
 20
15.43022810865995
 30
0.0
  0
VERTEX
  5
9D1
330
9CE
100
AcDbEntity
  8
0
  6
Continuous
 62
    18
420
        0
370
    25
100
AcDbVertex
100
AcDb2dVertex
 10
10.33281294025169
 20
16.03022810865995
 30
0.0
  0
VERTEX
  5
9D2
330
9CE
100
AcDbEntity
  8
0
  6
Continuous
 62
    18
420
        0
370
    25
100
AcDbVertex
100
AcDb2dVertex
 10
9.732812940251696
 20
16.03022810865995
 30
0.0
  0
SEQEND
  5
9D3
330
9CE
100
AcDbEntity
  8
0
  6
Continuous
 62
    18
420
        0
370
    25
  0
POLYLINE
  5
9D4
330
1F
100
AcDbEntity
  8
0
  6
Continuous
 62
    18
420
        0
370
    25
100
AcDb2dPolyline
 66
     1
 10
0.0
 20
0.0
 30
0.0
 70
     1
  0
VERTEX
  5
9D5
330
9D4
100
AcDbEntity
  8
0
  6
Continuous
 62
    18
420
        0
370
    25
100
AcDbVertex
100
AcDb2dVertex
 10
11.61469242315014
 20
16.36492758417641
 30
0.0
  0
VERTEX
  5
9D6
330
9D4
100
AcDbEntity
  8
0
  6
Continuous
 62
    18
420
        0
370
    25
100
AcDbVertex
100
AcDb2dVertex
 10
14.45413845835689
 20
16.36492758417641
 30
0.0
  0
VERTEX
  5
9D7
330
9D4
100
AcDbEntity
  8
0
  6
Continuous
 62
    18
420
        0
370
    25
100
AcDbVertex
100
AcDb2dVertex
 10
14.45413845835689
 20
16.78184315279941
 30
0.0
  0
VERTEX
  5
9D8
330
9D4
100
AcDbEntity
  8
0
  6
Continuous
 62
    18
420
        0
370
    25
100
AcDbVertex
100
AcDb2dVertex
 10
11.61469242315014
 20
16.78184315279941
 30
0.0
  0
SEQEND
  5
9D9
330
9D4
100
AcDbEntity
  8
0
  6
Continuous
 62
    18
420
        0
370
    25
  0
POLYLINE
  5
9DA
330
1F
100
AcDbEntity
  8
0
  6
Continuous
 62
    18
420
        0
370
    25
100
AcDb2dPolyline
 66
     1
 10
0.0
 20
0.0
 30
0.0
 70
     1
  0
VERTEX
  5
9DB
330
9DA
100
AcDbEntity
  8
0
  6
Continuous
 62
    18
420
        0
370
    25
100
AcDbVertex
100
AcDb2dVertex
 10
11.22654472596091
 20
14.47124810617203
 30
0.0
  0
VERTEX
  5
9DC
330
9DA
100
AcDbEntity
  8
0
  6
Continuous
 62
    18
420
        0
370
    25
100
AcDbVertex
100
AcDb2dVertex
 10
11.82847682105748
 20
14.47124810617203
 30
0.0
  0
VERTEX
  5
9DD
330
9DA
100
AcDbEntity
  8
0
  6
Continuous
 62
    18
420
        0
370
    25
100
AcDbVertex
100
AcDb2dVertex
 10
11.82847682105748
 20
15.06930976929103
 30
0.0
  0
VERTEX
  5
9DE
330
9DA
100
AcDbEntity
  8
0
  6
Continuous
 62
    18
420
        0
370
    25
100
AcDbVertex
100
AcDb2dVertex
 10
11.22654472596091
 20
15.06930976929103
 30
0.0
  0
SEQEND
  5
9DF
330
9DA
100
AcDbEntity
  8
0
  6
Continuous
 62
    18
420
        0
370
    25
  0
POLYLINE
  5
9E0
330
1F
100
AcDbEntity
  8
0
  6
Continuous
 62
    18
420
        0
370
    25
100
AcDb2dPolyline
 66
     1
 10
0.0
 20
0.0
 30
0.0
 70
     1
  0
VERTEX
  5
9E1
330
9E0
100
AcDbEntity
  8
0
  6
Continuous
 62
    18
420
        0
370
    25
100
AcDbVertex
100
AcDb2dVertex
 10
11.97901903572094
 20
14.46442300291728
 30
0.0
  0
VERTEX
  5
9E2
330
9E0
100
AcDbEntity
  8
0
  6
Continuous
 62
    18
420
        0
370
    25
100
AcDbVertex
100
AcDb2dVertex
 10
12.58095113081752
 20
14.46442300291728
 30
0.0
  0
VERTEX
  5
9E3
330
9E0
100
AcDbEntity
  8
0
  6
Continuous
 62
    18
420
        0
370
    25
100
AcDbVertex
100
AcDb2dVertex
 10
12.58095113081752
 20
15.06248466603626
 30
0.0
  0
VERTEX
  5
9E4
330
9E0
100
AcDbEntity
  8
0
  6
Continuous
 62
    18
420
        0
370
    25
100
AcDbVertex
100
AcDb2dVertex
 10
11.97901903572094
 20
15.06248466603626
 30
0.0
  0
SEQEND
  5
9E5
330
9E0
100
AcDbEntity
  8
0
  6
Continuous
 62
    18
420
        0
370
    25
  0
POLYLINE
  5
9E6
330
1F
100
AcDbEntity
  8
0
  6
Continuous
 62
    18
420
        0
370
    25
100
AcDb2dPolyline
 66
     1
 10
0.0
 20
0.0
 30
0.0
 70
     1
  0
VERTEX
  5
9E7
330
9E6
100
AcDbEntity
  8
0
  6
Continuous
 62
    18
420
        0
370
    25
100
AcDbVertex
100
AcDb2dVertex
 10
9.099410658451438
 20
17.26091160625228
 30
0.0
  0
VERTEX
  5
9E8
330
9E6
100
AcDbEntity
  8
0
  6
Continuous
 62
    18
420
        0
370
    25
100
AcDbVertex
100
AcDb2dVertex
 10
10.95280783081339
 20
17.26091160625228
 30
0.0
  0
VERTEX
  5
9E9
330
9E6
100
AcDbEntity
  8
0
  6
Continuous
 62
    18
420
        0
370
    25
100
AcDbVertex
100
AcDb2dVertex
 10
10.95280783081339
 20
18.09474274349827
 30
0.0
  0
VERTEX
  5
9EA
330
9E6
100
AcDbEntity
  8
0
  6
Continuous
 62
    18
420
        0
370
    25
100
AcDbVertex
100
AcDb2dVertex
 10
9.099410658451438
 20
18.09474274349827
 30
0.0
  0
SEQEND
  5
9EB
330
9E6
100
AcDbEntity
  8
0
  6
Continuous
 62
    18
420
        0
370
    25
  0
POLYLINE
  5
9EC
330
1F
100
AcDbEntity
  8
0
  6
Continuous
 62
    18
420
        0
370
    25
100
AcDb2dPolyline
 66
     1
 10
0.0
 20
0.0
 30
0.0
 70
     1
  0
VERTEX
  5
9ED
330
9EC
100
AcDbEntity
  8
0
  6
Continuous
 62
    18
420
        0
370
    25
100
AcDbVertex
100
AcDb2dVertex
 10
9.732800064199642
 20
18.15676907396259
 30
0.0
  0
VERTEX
  5
9EE
330
9EC
100
AcDbEntity
  8
0
  6
Continuous
 62
    18
420
        0
370
    25
100
AcDbVertex
100
AcDb2dVertex
 10
10.33280006419964
 20
18.15676907396259
 30
0.0
  0
VERTEX
  5
9EF
330
9EC
100
AcDbEntity
  8
0
  6
Continuous
 62
    18
420
        0
370
    25
100
AcDbVertex
100
AcDb2dVertex
 10
10.33280006419964
 20
18.7567690739626
 30
0.0
  0
VERTEX
  5
9F0
330
9EC
100
AcDbEntity
  8
0
  6
Continuous
 62
    18
420
        0
370
    25
100
AcDbVertex
100
AcDb2dVertex
 10
9.732800064199642
 20
18.7567690739626
 30
0.0
  0
SEQEND
  5
9F1
330
9EC
100
AcDbEntity
  8
0
  6
Continuous
 62
    18
420
        0
370
    25
  0
POLYLINE
  5
9F2
330
1F
100
AcDbEntity
  8
0
  6
Continuous
 62
    18
420
        0
370
    25
100
AcDb2dPolyline
 66
     1
 10
0.0
 20
0.0
 30
0.0
 70
     1
  0
VERTEX
  5
9F3
330
9F2
100
AcDbEntity
  8
0
  6
Continuous
 62
    18
420
        0
370
    25
100
AcDbVertex
100
AcDb2dVertex
 10
11.61467954709808
 20
19.09146854947906
 30
0.0
  0
VERTEX
  5
9F4
330
9F2
100
AcDbEntity
  8
0
  6
Continuous
 62
    18
420
        0
370
    25
100
AcDbVertex
100
AcDb2dVertex
 10
14.45412558230483
 20
19.09146854947906
 30
0.0
  0
VERTEX
  5
9F5
330
9F2
100
AcDbEntity
  8
0
  6
Continuous
 62
    18
420
        0
370
    25
100
AcDbVertex
100
AcDb2dVertex
 10
14.45412558230483
 20
19.50838411810206
 30
0.0
  0
VERTEX
  5
9F6
330
9F2
100
AcDbEntity
  8
0
  6
Continuous
 62
    18
420
        0
370
    25
100
AcDbVertex
100
AcDb2dVertex
 10
11.61467954709808
 20
19.50838411810206
 30
0.0
  0
SEQEND
  5
9F7
330
9F2
100
AcDbEntity
  8
0
  6
Continuous
 62
    18
420
        0
370
    25
  0
POLYLINE
  5
9F8
330
1F
100
AcDbEntity
  8
0
  6
Continuous
 62
    18
420
        0
370
    25
100
AcDb2dPolyline
 66
     1
 10
0.0
 20
0.0
 30
0.0
 70
     1
  0
VERTEX
  5
9F9
330
9F8
100
AcDbEntity
  8
0
  6
Continuous
 62
    18
420
        0
370
    25
100
AcDbVertex
100
AcDb2dVertex
 10
11.22653184990886
 20
17.19778907147468
 30
0.0
  0
VERTEX
  5
9FA
330
9F8
100
AcDbEntity
  8
0
  6
Continuous
 62
    18
420
        0
370
    25
100
AcDbVertex
100
AcDb2dVertex
 10
11.82846394500543
 20
17.19778907147468
 30
0.0
  0
VERTEX
  5
9FB
330
9F8
100
AcDbEntity
  8
0
  6
Continuous
 62
    18
420
        0
370
    25
100
AcDbVertex
100
AcDb2dVertex
 10
11.82846394500543
 20
17.79585073459368
 30
0.0
  0
VERTEX
  5
9FC
330
9F8
100
AcDbEntity
  8
0
  6
Continuous
 62
    18
420
        0
370
    25
100
AcDbVertex
100
AcDb2dVertex
 10
11.22653184990886
 20
17.79585073459368
 30
0.0
  0
SEQEND
  5
9FD
330
9F8
100
AcDbEntity
  8
0
  6
Continuous
 62
    18
420
        0
370
    25
  0
POLYLINE
  5
9FE
330
1F
100
AcDbEntity
  8
0
  6
Continuous
 62
    18
420
        0
370
    25
100
AcDb2dPolyline
 66
     1
 10
0.0
 20
0.0
 30
0.0
 70
     1
  0
VERTEX
  5
9FF
330
9FE
100
AcDbEntity
  8
0
  6
Continuous
 62
    18
420
        0
370
    25
100
AcDbVertex
100
AcDb2dVertex
 10
11.97900615966889
 20
17.19096396821992
 30
0.0
  0
VERTEX
  5
A00
330
9FE
100
AcDbEntity
  8
0
  6
Continuous
 62
    18
420
        0
370
    25
100
AcDbVertex
100
AcDb2dVertex
 10
12.58093825476546
 20
17.19096396821992
 30
0.0
  0
VERTEX
  5
A01
330
9FE
100
AcDbEntity
  8
0
  6
Continuous
 62
    18
420
        0
370
    25
100
AcDbVertex
100
AcDb2dVertex
 10
12.58093825476546
 20
17.78902563133892
 30
0.0
  0
VERTEX
  5
A02
330
9FE
100
AcDbEntity
  8
0
  6
Continuous
 62
    18
420
        0
370
    25
100
AcDbVertex
100
AcDb2dVertex
 10
11.97900615966889
 20
17.78902563133892
 30
0.0
  0
SEQEND
  5
A03
330
9FE
100
AcDbEntity
  8
0
  6
Continuous
 62
    18
420
        0
370
    25
  0
POLYLINE
  5
A04
330
1F
100
AcDbEntity
  8
0
  6
Continuous
 62
    18
420
        0
370
    25
100
AcDb2dPolyline
 66
     1
 10
0.0
 20
0.0
 30
0.0
 70
     1
  0
VERTEX
  5
A05
330
A04
100
AcDbEntity
  8
0
  6
Continuous
 62
    18
420
        0
370
    25
100
AcDbVertex
100
AcDb2dVertex
 10
9.09975924533463
 20
20.00768052470563
 30
0.0
  0
VERTEX
  5
A06
330
A04
100
AcDbEntity
  8
0
  6
Continuous
 62
    18
420
        0
370
    25
100
AcDbVertex
100
AcDb2dVertex
 10
10.95315641769658
 20
20.00768052470563
 30
0.0
  0
VERTEX
  5
A07
330
A04
100
AcDbEntity
  8
0
  6
Continuous
 62
    18
420
        0
370
    25
100
AcDbVertex
100
AcDb2dVertex
 10
10.95315641769658
 20
20.84151166195163
 30
0.0
  0
VERTEX
  5
A08
330
A04
100
AcDbEntity
  8
0
  6
Continuous
 62
    18
420
        0
370
    25
100
AcDbVertex
100
AcDb2dVertex
 10
9.09975924533463
 20
20.84151166195163
 30
0.0
  0
SEQEND
  5
A09
330
A04
100
AcDbEntity
  8
0
  6
Continuous
 62
    18
420
        0
370
    25
  0
POLYLINE
  5
A0A
330
1F
100
AcDbEntity
  8
0
  6
Continuous
 62
    18
420
        0
370
    25
100
AcDb2dPolyline
 66
     1
 10
0.0
 20
0.0
 30
0.0
 70
     1
  0
VERTEX
  5
A0B
330
A0A
100
AcDbEntity
  8
0
  6
Continuous
 62
    18
420
        0
370
    25
100
AcDbVertex
100
AcDb2dVertex
 10
9.733148651082834
 20
20.90353799241595
 30
0.0
  0
VERTEX
  5
A0C
330
A0A
100
AcDbEntity
  8
0
  6
Continuous
 62
    18
420
        0
370
    25
100
AcDbVertex
100
AcDb2dVertex
 10
10.33314865108283
 20
20.90353799241595
 30
0.0
  0
VERTEX
  5
A0D
330
A0A
100
AcDbEntity
  8
0
  6
Continuous
 62
    18
420
        0
370
    25
100
AcDbVertex
100
AcDb2dVertex
 10
10.33314865108283
 20
21.50353799241595
 30
0.0
  0
VERTEX
  5
A0E
330
A0A
100
AcDbEntity
  8
0
  6
Continuous
 62
    18
420
        0
370
    25
100
AcDbVertex
100
AcDb2dVertex
 10
9.733148651082834
 20
21.50353799241595
 30
0.0
  0
SEQEND
  5
A0F
330
A0A
100
AcDbEntity
  8
0
  6
Continuous
 62
    18
420
        0
370
    25
  0
POLYLINE
  5
A10
330
1F
100
AcDbEntity
  8
0
  6
Continuous
 62
    18
420
        0
370
    25
100
AcDb2dPolyline
 66
     1
 10
0.0
 20
0.0
 30
0.0
 70
     1
  0
VERTEX
  5
A11
330
A10
100
AcDbEntity
  8
0
  6
Continuous
 62
    18
420
        0
370
    25
100
AcDbVertex
100
AcDb2dVertex
 10
11.61502813398127
 20
21.83823746793241
 30
0.0
  0
VERTEX
  5
A12
330
A10
100
AcDbEntity
  8
0
  6
Continuous
 62
    18
420
        0
370
    25
100
AcDbVertex
100
AcDb2dVertex
 10
14.45447416918802
 20
21.83823746793241
 30
0.0
  0
VERTEX
  5
A13
330
A10
100
AcDbEntity
  8
0
  6
Continuous
 62
    18
420
        0
370
    25
100
AcDbVertex
100
AcDb2dVertex
 10
14.45447416918802
 20
22.25515303655541
 30
0.0
  0
VERTEX
  5
A14
330
A10
100
AcDbEntity
  8
0
  6
Continuous
 62
    18
420
        0
370
    25
100
AcDbVertex
100
AcDb2dVertex
 10
11.61502813398127
 20
22.25515303655541
 30
0.0
  0
SEQEND
  5
A15
330
A10
100
AcDbEntity
  8
0
  6
Continuous
 62
    18
420
        0
370
    25
  0
POLYLINE
  5
A16
330
1F
100
AcDbEntity
  8
0
  6
Continuous
 62
    18
420
        0
370
    25
100
AcDb2dPolyline
 66
     1
 10
0.0
 20
0.0
 30
0.0
 70
     1
  0
VERTEX
  5
A17
330
A16
100
AcDbEntity
  8
0
  6
Continuous
 62
    18
420
        0
370
    25
100
AcDbVertex
100
AcDb2dVertex
 10
11.22688043679205
 20
19.94455798992804
 30
0.0
  0
VERTEX
  5
A18
330
A16
100
AcDbEntity
  8
0
  6
Continuous
 62
    18
420
        0
370
    25
100
AcDbVertex
100
AcDb2dVertex
 10
11.82881253188862
 20
19.94455798992804
 30
0.0
  0
VERTEX
  5
A19
330
A16
100
AcDbEntity
  8
0
  6
Continuous
 62
    18
420
        0
370
    25
100
AcDbVertex
100
AcDb2dVertex
 10
11.82881253188862
 20
20.54261965304704
 30
0.0
  0
VERTEX
  5
A1A
330
A16
100
AcDbEntity
  8
0
  6
Continuous
 62
    18
420
        0
370
    25
100
AcDbVertex
100
AcDb2dVertex
 10
11.22688043679205
 20
20.54261965304704
 30
0.0
  0
SEQEND
  5
A1B
330
A16
100
AcDbEntity
  8
0
  6
Continuous
 62
    18
420
        0
370
    25
  0
POLYLINE
  5
A1C
330
1F
100
AcDbEntity
  8
0
  6
Continuous
 62
    18
420
        0
370
    25
100
AcDb2dPolyline
 66
     1
 10
0.0
 20
0.0
 30
0.0
 70
     1
  0
VERTEX
  5
A1D
330
A1C
100
AcDbEntity
  8
0
  6
Continuous
 62
    18
420
        0
370
    25
100
AcDbVertex
100
AcDb2dVertex
 10
11.97935474655208
 20
19.93773288667328
 30
0.0
  0
VERTEX
  5
A1E
330
A1C
100
AcDbEntity
  8
0
  6
Continuous
 62
    18
420
        0
370
    25
100
AcDbVertex
100
AcDb2dVertex
 10
12.58128684164865
 20
19.93773288667328
 30
0.0
  0
VERTEX
  5
A1F
330
A1C
100
AcDbEntity
  8
0
  6
Continuous
 62
    18
420
        0
370
    25
100
AcDbVertex
100
AcDb2dVertex
 10
12.58128684164865
 20
20.53579454979226
 30
0.0
  0
VERTEX
  5
A20
330
A1C
100
AcDbEntity
  8
0
  6
Continuous
 62
    18
420
        0
370
    25
100
AcDbVertex
100
AcDb2dVertex
 10
11.97935474655208
 20
20.53579454979226
 30
0.0
  0
SEQEND
  5
A21
330
A1C
100
AcDbEntity
  8
0
  6
Continuous
 62
    18
420
        0
370
    25
  0
POLYLINE
  5
A22
330
1F
100
AcDbEntity
  8
0
  6
Continuous
 62
    18
420
        0
370
    25
100
AcDb2dPolyline
 66
     1
 10
0.0
 20
0.0
 30
0.0
 70
     1
  0
VERTEX
  5
A23
330
A22
100
AcDbEntity
  8
0
  6
Continuous
 62
    18
420
        0
370
    25
100
AcDbVertex
100
AcDb2dVertex
 10
9.099860481304807
 20
22.75444944315897
 30
0.0
  0
VERTEX
  5
A24
330
A22
100
AcDbEntity
  8
0
  6
Continuous
 62
    18
420
        0
370
    25
100
AcDbVertex
100
AcDb2dVertex
 10
10.95325765366676
 20
22.75444944315897
 30
0.0
  0
VERTEX
  5
A25
330
A22
100
AcDbEntity
  8
0
  6
Continuous
 62
    18
420
        0
370
    25
100
AcDbVertex
100
AcDb2dVertex
 10
10.95325765366676
 20
23.58828058040497
 30
0.0
  0
VERTEX
  5
A26
330
A22
100
AcDbEntity
  8
0
  6
Continuous
 62
    18
420
        0
370
    25
100
AcDbVertex
100
AcDb2dVertex
 10
9.099860481304807
 20
23.58828058040497
 30
0.0
  0
SEQEND
  5
A27
330
A22
100
AcDbEntity
  8
0
  6
Continuous
 62
    18
420
        0
370
    25
  0
POLYLINE
  5
A28
330
1F
100
AcDbEntity
  8
0
  6
Continuous
 62
    18
420
        0
370
    25
100
AcDb2dPolyline
 66
     1
 10
0.0
 20
0.0
 30
0.0
 70
     1
  0
VERTEX
  5
A29
330
A28
100
AcDbEntity
  8
0
  6
Continuous
 62
    18
420
        0
370
    25
100
AcDbVertex
100
AcDb2dVertex
 10
9.733249887053011
 20
23.65030691086929
 30
0.0
  0
VERTEX
  5
A2A
330
A28
100
AcDbEntity
  8
0
  6
Continuous
 62
    18
420
        0
370
    25
100
AcDbVertex
100
AcDb2dVertex
 10
10.33324988705301
 20
23.65030691086929
 30
0.0
  0
VERTEX
  5
A2B
330
A28
100
AcDbEntity
  8
0
  6
Continuous
 62
    18
420
        0
370
    25
100
AcDbVertex
100
AcDb2dVertex
 10
10.33324988705301
 20
24.25030691086931
 30
0.0
  0
VERTEX
  5
A2C
330
A28
100
AcDbEntity
  8
0
  6
Continuous
 62
    18
420
        0
370
    25
100
AcDbVertex
100
AcDb2dVertex
 10
9.733249887053011
 20
24.25030691086931
 30
0.0
  0
SEQEND
  5
A2D
330
A28
100
AcDbEntity
  8
0
  6
Continuous
 62
    18
420
        0
370
    25
  0
POLYLINE
  5
A2E
330
1F
100
AcDbEntity
  8
0
  6
Continuous
 62
    18
420
        0
370
    25
100
AcDb2dPolyline
 66
     1
 10
0.0
 20
0.0
 30
0.0
 70
     1
  0
VERTEX
  5
A2F
330
A2E
100
AcDbEntity
  8
0
  6
Continuous
 62
    18
420
        0
370
    25
100
AcDbVertex
100
AcDb2dVertex
 10
11.61512936995145
 20
24.90250638638576
 30
0.0
  0
VERTEX
  5
A30
330
A2E
100
AcDbEntity
  8
0
  6
Continuous
 62
    18
420
        0
370
    25
100
AcDbVertex
100
AcDb2dVertex
 10
14.4545754051582
 20
24.90250638638576
 30
0.0
  0
VERTEX
  5
A31
330
A2E
100
AcDbEntity
  8
0
  6
Continuous
 62
    18
420
        0
370
    25
100
AcDbVertex
100
AcDb2dVertex
 10
14.4545754051582
 20
25.31942195500875
 30
0.0
  0
VERTEX
  5
A32
330
A2E
100
AcDbEntity
  8
0
  6
Continuous
 62
    18
420
        0
370
    25
100
AcDbVertex
100
AcDb2dVertex
 10
11.61512936995145
 20
25.31942195500875
 30
0.0
  0
SEQEND
  5
A33
330
A2E
100
AcDbEntity
  8
0
  6
Continuous
 62
    18
420
        0
370
    25
  0
POLYLINE
  5
A34
330
1F
100
AcDbEntity
  8
0
  6
Continuous
 62
    18
420
        0
370
    25
100
AcDb2dPolyline
 66
     1
 10
0.0
 20
0.0
 30
0.0
 70
     1
  0
VERTEX
  5
A35
330
A34
100
AcDbEntity
  8
0
  6
Continuous
 62
    18
420
        0
370
    25
100
AcDbVertex
100
AcDb2dVertex
 10
11.22698167276222
 20
22.69132690838138
 30
0.0
  0
VERTEX
  5
A36
330
A34
100
AcDbEntity
  8
0
  6
Continuous
 62
    18
420
        0
370
    25
100
AcDbVertex
100
AcDb2dVertex
 10
11.8289137678588
 20
22.69132690838138
 30
0.0
  0
VERTEX
  5
A37
330
A34
100
AcDbEntity
  8
0
  6
Continuous
 62
    18
420
        0
370
    25
100
AcDbVertex
100
AcDb2dVertex
 10
11.8289137678588
 20
23.28938857150037
 30
0.0
  0
VERTEX
  5
A38
330
A34
100
AcDbEntity
  8
0
  6
Continuous
 62
    18
420
        0
370
    25
100
AcDbVertex
100
AcDb2dVertex
 10
11.22698167276222
 20
23.28938857150037
 30
0.0
  0
SEQEND
  5
A39
330
A34
100
AcDbEntity
  8
0
  6
Continuous
 62
    18
420
        0
370
    25
  0
POLYLINE
  5
A3A
330
1F
100
AcDbEntity
  8
0
  6
Continuous
 62
    18
420
        0
370
    25
100
AcDb2dPolyline
 66
     1
 10
0.0
 20
0.0
 30
0.0
 70
     1
  0
VERTEX
  5
A3B
330
A3A
100
AcDbEntity
  8
0
  6
Continuous
 62
    18
420
        0
370
    25
100
AcDbVertex
100
AcDb2dVertex
 10
11.97945598252226
 20
22.68450180512663
 30
0.0
  0
VERTEX
  5
A3C
330
A3A
100
AcDbEntity
  8
0
  6
Continuous
 62
    18
420
        0
370
    25
100
AcDbVertex
100
AcDb2dVertex
 10
12.58138807761883
 20
22.68450180512663
 30
0.0
  0
VERTEX
  5
A3D
330
A3A
100
AcDbEntity
  8
0
  6
Continuous
 62
    18
420
        0
370
    25
100
AcDbVertex
100
AcDb2dVertex
 10
12.58138807761883
 20
23.28256346824561
 30
0.0
  0
VERTEX
  5
A3E
330
A3A
100
AcDbEntity
  8
0
  6
Continuous
 62
    18
420
        0
370
    25
100
AcDbVertex
100
AcDb2dVertex
 10
11.97945598252226
 20
23.28256346824561
 30
0.0
  0
SEQEND
  5
A3F
330
A3A
100
AcDbEntity
  8
0
  6
Continuous
 62
    18
420
        0
370
    25
  0
POLYLINE
  5
A40
330
1F
100
AcDbEntity
  8
0
  6
Continuous
 62
    18
420
        0
370
    25
100
AcDb2dPolyline
 66
     1
 10
0.0
 20
0.0
 30
0.0
 70
     1
  0
VERTEX
  5
A41
330
A40
100
AcDbEntity
  8
0
  6
Continuous
 62
    18
420
        0
370
    25
100
AcDbVertex
100
AcDb2dVertex
 10
9.100107832217821
 20
25.82526439166197
 30
0.0
  0
VERTEX
  5
A42
330
A40
100
AcDbEntity
  8
0
  6
Continuous
 62
    18
420
        0
370
    25
100
AcDbVertex
100
AcDb2dVertex
 10
10.95350500457977
 20
25.82526439166197
 30
0.0
  0
VERTEX
  5
A43
330
A40
100
AcDbEntity
  8
0
  6
Continuous
 62
    18
420
        0
370
    25
100
AcDbVertex
100
AcDb2dVertex
 10
10.95350500457977
 20
26.65909552890797
 30
0.0
  0
VERTEX
  5
A44
330
A40
100
AcDbEntity
  8
0
  6
Continuous
 62
    18
420
        0
370
    25
100
AcDbVertex
100
AcDb2dVertex
 10
9.100107832217821
 20
26.65909552890797
 30
0.0
  0
SEQEND
  5
A45
330
A40
100
AcDbEntity
  8
0
  6
Continuous
 62
    18
420
        0
370
    25
  0
POLYLINE
  5
A46
330
1F
100
AcDbEntity
  8
0
  6
Continuous
 62
    18
420
        0
370
    25
100
AcDb2dPolyline
 66
     1
 10
0.0
 20
0.0
 30
0.0
 70
     1
  0
VERTEX
  5
A47
330
A46
100
AcDbEntity
  8
0
  6
Continuous
 62
    18
420
        0
370
    25
100
AcDbVertex
100
AcDb2dVertex
 10
9.733497237966025
 20
26.72112185937229
 30
0.0
  0
VERTEX
  5
A48
330
A46
100
AcDbEntity
  8
0
  6
Continuous
 62
    18
420
        0
370
    25
100
AcDbVertex
100
AcDb2dVertex
 10
10.33349723796602
 20
26.72112185937229
 30
0.0
  0
VERTEX
  5
A49
330
A46
100
AcDbEntity
  8
0
  6
Continuous
 62
    18
420
        0
370
    25
100
AcDbVertex
100
AcDb2dVertex
 10
10.33349723796602
 20
27.32112185937229
 30
0.0
  0
VERTEX
  5
A4A
330
A46
100
AcDbEntity
  8
0
  6
Continuous
 62
    18
420
        0
370
    25
100
AcDbVertex
100
AcDb2dVertex
 10
9.733497237966025
 20
27.32112185937229
 30
0.0
  0
SEQEND
  5
A4B
330
A46
100
AcDbEntity
  8
0
  6
Continuous
 62
    18
420
        0
370
    25
  0
POLYLINE
  5
A4C
330
1F
100
AcDbEntity
  8
0
  6
Continuous
 62
    18
420
        0
370
    25
100
AcDb2dPolyline
 66
     1
 10
0.0
 20
0.0
 30
0.0
 70
     1
  0
VERTEX
  5
A4D
330
A4C
100
AcDbEntity
  8
0
  6
Continuous
 62
    18
420
        0
370
    25
100
AcDbVertex
100
AcDb2dVertex
 10
11.22722902367524
 20
25.76214185688438
 30
0.0
  0
VERTEX
  5
A4E
330
A4C
100
AcDbEntity
  8
0
  6
Continuous
 62
    18
420
        0
370
    25
100
AcDbVertex
100
AcDb2dVertex
 10
11.82916111877181
 20
25.76214185688438
 30
0.0
  0
VERTEX
  5
A4F
330
A4C
100
AcDbEntity
  8
0
  6
Continuous
 62
    18
420
        0
370
    25
100
AcDbVertex
100
AcDb2dVertex
 10
11.82916111877181
 20
26.36020352000338
 30
0.0
  0
VERTEX
  5
A50
330
A4C
100
AcDbEntity
  8
0
  6
Continuous
 62
    18
420
        0
370
    25
100
AcDbVertex
100
AcDb2dVertex
 10
11.22722902367524
 20
26.36020352000338
 30
0.0
  0
SEQEND
  5
A51
330
A4C
100
AcDbEntity
  8
0
  6
Continuous
 62
    18
420
        0
370
    25
  0
POLYLINE
  5
A52
330
1F
100
AcDbEntity
  8
0
  6
Continuous
 62
    18
420
        0
370
    25
100
AcDb2dPolyline
 66
     1
 10
0.0
 20
0.0
 30
0.0
 70
     1
  0
VERTEX
  5
A53
330
A52
100
AcDbEntity
  8
0
  6
Continuous
 62
    18
420
        0
370
    25
100
AcDbVertex
100
AcDb2dVertex
 10
11.97970333343527
 20
25.75531675362963
 30
0.0
  0
VERTEX
  5
A54
330
A52
100
AcDbEntity
  8
0
  6
Continuous
 62
    18
420
        0
370
    25
100
AcDbVertex
100
AcDb2dVertex
 10
12.58163542853184
 20
25.75531675362963
 30
0.0
  0
VERTEX
  5
A55
330
A52
100
AcDbEntity
  8
0
  6
Continuous
 62
    18
420
        0
370
    25
100
AcDbVertex
100
AcDb2dVertex
 10
12.58163542853184
 20
26.35337841674861
 30
0.0
  0
VERTEX
  5
A56
330
A52
100
AcDbEntity
  8
0
  6
Continuous
 62
    18
420
        0
370
    25
100
AcDbVertex
100
AcDb2dVertex
 10
11.97970333343527
 20
26.35337841674861
 30
0.0
  0
SEQEND
  5
A57
330
A52
100
AcDbEntity
  8
0
  6
Continuous
 62
    18
420
        0
370
    25
  0
POLYLINE
  5
A58
330
1F
100
AcDbEntity
  8
0
  6
Continuous
 62
    18
420
        0
370
    25
100
AcDb2dPolyline
 66
     1
 10
0.0
 20
0.0
 30
0.0
 70
     1
  0
VERTEX
  5
A59
330
A58
100
AcDbEntity
  8
0
  6
Continuous
 62
    18
420
        0
370
    25
100
AcDbVertex
100
AcDb2dVertex
 10
11.62455699347491
 20
28.00467169408581
 30
0.0
  0
VERTEX
  5
A5A
330
A58
100
AcDbEntity
  8
0
  6
Continuous
 62
    18
420
        0
370
    25
100
AcDbVertex
100
AcDb2dVertex
 10
14.46400302868166
 20
28.00467169408581
 30
0.0
  0
VERTEX
  5
A5B
330
A58
100
AcDbEntity
  8
0
  6
Continuous
 62
    18
420
        0
370
    25
100
AcDbVertex
100
AcDb2dVertex
 10
14.46400302868166
 20
28.42158726270881
 30
0.0
  0
VERTEX
  5
A5C
330
A58
100
AcDbEntity
  8
0
  6
Continuous
 62
    18
420
        0
370
    25
100
AcDbVertex
100
AcDb2dVertex
 10
11.62455699347491
 20
28.42158726270881
 30
0.0
  0
SEQEND
  5
A5D
330
A58
100
AcDbEntity
  8
0
  6
Continuous
 62
    18
420
        0
370
    25
  0
POLYLINE
  5
A5E
330
1F
100
AcDbEntity
  8
0
  6
Continuous
 62
    18
420
        0
370
    25
100
AcDb2dPolyline
 66
     1
 10
0.0
 20
0.0
 30
0.0
 70
     1
  0
VERTEX
  5
A5F
330
A5E
100
AcDbEntity
  8
0
  6
Continuous
 62
    18
420
        0
370
    25
100
AcDbVertex
100
AcDb2dVertex
 10
19.29017579108491
 20
25.19463482447362
 30
0.0
  0
VERTEX
  5
A60
330
A5E
100
AcDbEntity
  8
0
  6
Continuous
 62
    18
420
        0
370
    25
100
AcDbVertex
100
AcDb2dVertex
 10
19.88823745420391
 20
25.19463482447362
 30
0.0
  0
VERTEX
  5
A61
330
A5E
100
AcDbEntity
  8
0
  6
Continuous
 62
    18
420
        0
370
    25
100
AcDbVertex
100
AcDb2dVertex
 10
19.88823745420391
 20
25.7965669195702
 30
0.0
  0
VERTEX
  5
A62
330
A5E
100
AcDbEntity
  8
0
  6
Continuous
 62
    18
420
        0
370
    25
100
AcDbVertex
100
AcDb2dVertex
 10
19.29017579108491
 20
25.7965669195702
 30
0.0
  0
SEQEND
  5
A63
330
A5E
100
AcDbEntity
  8
0
  6
Continuous
 62
    18
420
        0
370
    25
  0
POLYLINE
  5
A64
330
1F
100
AcDbEntity
  8
0
  6
Continuous
 62
    18
420
        0
370
    25
100
AcDb2dPolyline
 66
     1
 10
0.0
 20
0.0
 30
0.0
 70
     1
  0
VERTEX
  5
A65
330
A64
100
AcDbEntity
  8
0
  6
Continuous
 62
    18
420
        0
370
    25
100
AcDbVertex
100
AcDb2dVertex
 10
19.28335068783016
 20
24.44216051471358
 30
0.0
  0
VERTEX
  5
A66
330
A64
100
AcDbEntity
  8
0
  6
Continuous
 62
    18
420
        0
370
    25
100
AcDbVertex
100
AcDb2dVertex
 10
19.88141235094914
 20
24.44216051471358
 30
0.0
  0
VERTEX
  5
A67
330
A64
100
AcDbEntity
  8
0
  6
Continuous
 62
    18
420
        0
370
    25
100
AcDbVertex
100
AcDb2dVertex
 10
19.88141235094914
 20
25.04409260981016
 30
0.0
  0
VERTEX
  5
A68
330
A64
100
AcDbEntity
  8
0
  6
Continuous
 62
    18
420
        0
370
    25
100
AcDbVertex
100
AcDb2dVertex
 10
19.28335068783016
 20
25.04409260981016
 30
0.0
  0
SEQEND
  5
A69
330
A64
100
AcDbEntity
  8
0
  6
Continuous
 62
    18
420
        0
370
    25
  0
POLYLINE
  5
A6A
330
1F
100
AcDbEntity
  8
0
  6
Continuous
 62
    18
420
        0
370
    25
100
AcDb2dPolyline
 66
     1
 10
0.0
 20
0.0
 30
0.0
 70
     1
  0
VERTEX
  5
A6B
330
A6A
100
AcDbEntity
  8
0
  6
Continuous
 62
    18
420
        0
370
    25
100
AcDbVertex
100
AcDb2dVertex
 10
19.51026691290897
 20
22.76584234149082
 30
0.0
  0
VERTEX
  5
A6C
330
A6A
100
AcDbEntity
  8
0
  6
Continuous
 62
    18
420
        0
370
    25
100
AcDbVertex
100
AcDb2dVertex
 10
19.92718248153195
 20
22.76584234149082
 30
0.0
  0
VERTEX
  5
A6D
330
A6A
100
AcDbEntity
  8
0
  6
Continuous
 62
    18
420
        0
370
    25
100
AcDbVertex
100
AcDb2dVertex
 10
19.92718248153195
 20
23.86631550679056
 30
0.0
  0
VERTEX
  5
A6E
330
A6A
100
AcDbEntity
  8
0
  6
Continuous
 62
    18
420
        0
370
    25
100
AcDbVertex
100
AcDb2dVertex
 10
19.51026691290897
 20
23.86631550679056
 30
0.0
  0
SEQEND
  5
A6F
330
A6A
100
AcDbEntity
  8
0
  6
Continuous
 62
    18
420
        0
370
    25
  0
POLYLINE
  5
A70
330
1F
100
AcDbEntity
  8
0
  6
Continuous
 62
    18
420
        0
370
    25
100
AcDb2dPolyline
 66
     1
 10
0.0
 20
0.0
 30
0.0
 70
     1
  0
VERTEX
  5
A71
330
A70
100
AcDbEntity
  8
0
  6
Continuous
 62
    18
420
        0
370
    25
100
AcDbVertex
100
AcDb2dVertex
 10
22.13191826556237
 20
25.19463482447362
 30
0.0
  0
VERTEX
  5
A72
330
A70
100
AcDbEntity
  8
0
  6
Continuous
 62
    18
420
        0
370
    25
100
AcDbVertex
100
AcDb2dVertex
 10
22.72997992868136
 20
25.19463482447362
 30
0.0
  0
VERTEX
  5
A73
330
A70
100
AcDbEntity
  8
0
  6
Continuous
 62
    18
420
        0
370
    25
100
AcDbVertex
100
AcDb2dVertex
 10
22.72997992868136
 20
25.7965669195702
 30
0.0
  0
VERTEX
  5
A74
330
A70
100
AcDbEntity
  8
0
  6
Continuous
 62
    18
420
        0
370
    25
100
AcDbVertex
100
AcDb2dVertex
 10
22.13191826556237
 20
25.7965669195702
 30
0.0
  0
SEQEND
  5
A75
330
A70
100
AcDbEntity
  8
0
  6
Continuous
 62
    18
420
        0
370
    25
  0
POLYLINE
  5
A76
330
1F
100
AcDbEntity
  8
0
  6
Continuous
 62
    18
420
        0
370
    25
100
AcDb2dPolyline
 66
     1
 10
0.0
 20
0.0
 30
0.0
 70
     1
  0
VERTEX
  5
A77
330
A76
100
AcDbEntity
  8
0
  6
Continuous
 62
    18
420
        0
370
    25
100
AcDbVertex
100
AcDb2dVertex
 10
22.1250931623076
 20
24.44216051471358
 30
0.0
  0
VERTEX
  5
A78
330
A76
100
AcDbEntity
  8
0
  6
Continuous
 62
    18
420
        0
370
    25
100
AcDbVertex
100
AcDb2dVertex
 10
22.7231548254266
 20
24.44216051471358
 30
0.0
  0
VERTEX
  5
A79
330
A76
100
AcDbEntity
  8
0
  6
Continuous
 62
    18
420
        0
370
    25
100
AcDbVertex
100
AcDb2dVertex
 10
22.7231548254266
 20
25.04409260981016
 30
0.0
  0
VERTEX
  5
A7A
330
A76
100
AcDbEntity
  8
0
  6
Continuous
 62
    18
420
        0
370
    25
100
AcDbVertex
100
AcDb2dVertex
 10
22.1250931623076
 20
25.04409260981016
 30
0.0
  0
SEQEND
  5
A7B
330
A76
100
AcDbEntity
  8
0
  6
Continuous
 62
    18
420
        0
370
    25
  0
POLYLINE
  5
A7C
330
1F
100
AcDbEntity
  8
0
  6
Continuous
 62
    18
420
        0
370
    25
100
AcDb2dPolyline
 66
     1
 10
0.0
 20
0.0
 30
0.0
 70
     1
  0
VERTEX
  5
A7D
330
A7C
100
AcDbEntity
  8
0
  6
Continuous
 62
    18
420
        0
370
    25
100
AcDbVertex
100
AcDb2dVertex
 10
22.35200938738642
 20
22.76584234149082
 30
0.0
  0
VERTEX
  5
A7E
330
A7C
100
AcDbEntity
  8
0
  6
Continuous
 62
    18
420
        0
370
    25
100
AcDbVertex
100
AcDb2dVertex
 10
22.76892495600941
 20
22.76584234149082
 30
0.0
  0
VERTEX
  5
A7F
330
A7C
100
AcDbEntity
  8
0
  6
Continuous
 62
    18
420
        0
370
    25
100
AcDbVertex
100
AcDb2dVertex
 10
22.76892495600941
 20
23.86631550679056
 30
0.0
  0
VERTEX
  5
A80
330
A7C
100
AcDbEntity
  8
0
  6
Continuous
 62
    18
420
        0
370
    25
100
AcDbVertex
100
AcDb2dVertex
 10
22.35200938738642
 20
23.86631550679056
 30
0.0
  0
SEQEND
  5
A81
330
A7C
100
AcDbEntity
  8
0
  6
Continuous
 62
    18
420
        0
370
    25
  0
POLYLINE
  5
A82
330
1F
100
AcDbEntity
  8
0
  6
Continuous
 62
    18
420
        0
370
    25
100
AcDb2dPolyline
 66
     1
 10
0.0
 20
0.0
 30
0.0
 70
     1
  0
VERTEX
  5
A83
330
A82
100
AcDbEntity
  8
0
  6
Continuous
 62
    18
420
        0
370
    25
100
AcDbVertex
100
AcDb2dVertex
 10
24.87526551070507
 20
25.19111454350877
 30
0.0
  0
VERTEX
  5
A84
330
A82
100
AcDbEntity
  8
0
  6
Continuous
 62
    18
420
        0
370
    25
100
AcDbVertex
100
AcDb2dVertex
 10
25.47332717382407
 20
25.19111454350877
 30
0.0
  0
VERTEX
  5
A85
330
A82
100
AcDbEntity
  8
0
  6
Continuous
 62
    18
420
        0
370
    25
100
AcDbVertex
100
AcDb2dVertex
 10
25.47332717382407
 20
25.79304663860535
 30
0.0
  0
VERTEX
  5
A86
330
A82
100
AcDbEntity
  8
0
  6
Continuous
 62
    18
420
        0
370
    25
100
AcDbVertex
100
AcDb2dVertex
 10
24.87526551070507
 20
25.79304663860535
 30
0.0
  0
SEQEND
  5
A87
330
A82
100
AcDbEntity
  8
0
  6
Continuous
 62
    18
420
        0
370
    25
  0
POLYLINE
  5
A88
330
1F
100
AcDbEntity
  8
0
  6
Continuous
 62
    18
420
        0
370
    25
100
AcDb2dPolyline
 66
     1
 10
0.0
 20
0.0
 30
0.0
 70
     1
  0
VERTEX
  5
A89
330
A88
100
AcDbEntity
  8
0
  6
Continuous
 62
    18
420
        0
370
    25
100
AcDbVertex
100
AcDb2dVertex
 10
24.86844040745031
 20
24.43864023374874
 30
0.0
  0
VERTEX
  5
A8A
330
A88
100
AcDbEntity
  8
0
  6
Continuous
 62
    18
420
        0
370
    25
100
AcDbVertex
100
AcDb2dVertex
 10
25.4665020705693
 20
24.43864023374874
 30
0.0
  0
VERTEX
  5
A8B
330
A88
100
AcDbEntity
  8
0
  6
Continuous
 62
    18
420
        0
370
    25
100
AcDbVertex
100
AcDb2dVertex
 10
25.4665020705693
 20
25.0405723288453
 30
0.0
  0
VERTEX
  5
A8C
330
A88
100
AcDbEntity
  8
0
  6
Continuous
 62
    18
420
        0
370
    25
100
AcDbVertex
100
AcDb2dVertex
 10
24.86844040745031
 20
25.0405723288453
 30
0.0
  0
SEQEND
  5
A8D
330
A88
100
AcDbEntity
  8
0
  6
Continuous
 62
    18
420
        0
370
    25
  0
POLYLINE
  5
A8E
330
1F
100
AcDbEntity
  8
0
  6
Continuous
 62
    18
420
        0
370
    25
100
AcDb2dPolyline
 66
     1
 10
0.0
 20
0.0
 30
0.0
 70
     1
  0
VERTEX
  5
A8F
330
A8E
100
AcDbEntity
  8
0
  6
Continuous
 62
    18
420
        0
370
    25
100
AcDbVertex
100
AcDb2dVertex
 10
25.09535663252912
 20
22.76232206052597
 30
0.0
  0
VERTEX
  5
A90
330
A8E
100
AcDbEntity
  8
0
  6
Continuous
 62
    18
420
        0
370
    25
100
AcDbVertex
100
AcDb2dVertex
 10
25.51227220115211
 20
22.76232206052597
 30
0.0
  0
VERTEX
  5
A91
330
A8E
100
AcDbEntity
  8
0
  6
Continuous
 62
    18
420
        0
370
    25
100
AcDbVertex
100
AcDb2dVertex
 10
25.51227220115211
 20
23.8627952258257
 30
0.0
  0
VERTEX
  5
A92
330
A8E
100
AcDbEntity
  8
0
  6
Continuous
 62
    18
420
        0
370
    25
100
AcDbVertex
100
AcDb2dVertex
 10
25.09535663252912
 20
23.8627952258257
 30
0.0
  0
SEQEND
  5
A93
330
A8E
100
AcDbEntity
  8
0
  6
Continuous
 62
    18
420
        0
370
    25
  0
POLYLINE
  5
A94
330
1F
100
AcDbEntity
  8
0
  6
Continuous
 62
    18
420
        0
370
    25
100
AcDb2dPolyline
 66
     1
 10
0.0
 20
0.0
 30
0.0
 70
     1
  0
VERTEX
  5
A95
330
A94
100
AcDbEntity
  8
0
  6
Continuous
 62
    18
420
        0
370
    25
100
AcDbVertex
100
AcDb2dVertex
 10
27.62403930198929
 20
25.19111454350877
 30
0.0
  0
VERTEX
  5
A96
330
A94
100
AcDbEntity
  8
0
  6
Continuous
 62
    18
420
        0
370
    25
100
AcDbVertex
100
AcDb2dVertex
 10
28.22210096510829
 20
25.19111454350877
 30
0.0
  0
VERTEX
  5
A97
330
A94
100
AcDbEntity
  8
0
  6
Continuous
 62
    18
420
        0
370
    25
100
AcDbVertex
100
AcDb2dVertex
 10
28.22210096510829
 20
25.79304663860535
 30
0.0
  0
VERTEX
  5
A98
330
A94
100
AcDbEntity
  8
0
  6
Continuous
 62
    18
420
        0
370
    25
100
AcDbVertex
100
AcDb2dVertex
 10
27.62403930198929
 20
25.79304663860535
 30
0.0
  0
SEQEND
  5
A99
330
A94
100
AcDbEntity
  8
0
  6
Continuous
 62
    18
420
        0
370
    25
  0
POLYLINE
  5
A9A
330
1F
100
AcDbEntity
  8
0
  6
Continuous
 62
    18
420
        0
370
    25
100
AcDb2dPolyline
 66
     1
 10
0.0
 20
0.0
 30
0.0
 70
     1
  0
VERTEX
  5
A9B
330
A9A
100
AcDbEntity
  8
0
  6
Continuous
 62
    18
420
        0
370
    25
100
AcDbVertex
100
AcDb2dVertex
 10
27.61721419873454
 20
24.43864023374874
 30
0.0
  0
VERTEX
  5
A9C
330
A9A
100
AcDbEntity
  8
0
  6
Continuous
 62
    18
420
        0
370
    25
100
AcDbVertex
100
AcDb2dVertex
 10
28.21527586185352
 20
24.43864023374874
 30
0.0
  0
VERTEX
  5
A9D
330
A9A
100
AcDbEntity
  8
0
  6
Continuous
 62
    18
420
        0
370
    25
100
AcDbVertex
100
AcDb2dVertex
 10
28.21527586185352
 20
25.0405723288453
 30
0.0
  0
VERTEX
  5
A9E
330
A9A
100
AcDbEntity
  8
0
  6
Continuous
 62
    18
420
        0
370
    25
100
AcDbVertex
100
AcDb2dVertex
 10
27.61721419873454
 20
25.0405723288453
 30
0.0
  0
SEQEND
  5
A9F
330
A9A
100
AcDbEntity
  8
0
  6
Continuous
 62
    18
420
        0
370
    25
  0
POLYLINE
  5
AA0
330
1F
100
AcDbEntity
  8
0
  6
Continuous
 62
    18
420
        0
370
    25
100
AcDb2dPolyline
 66
     1
 10
0.0
 20
0.0
 30
0.0
 70
     1
  0
VERTEX
  5
AA1
330
AA0
100
AcDbEntity
  8
0
  6
Continuous
 62
    18
420
        0
370
    25
100
AcDbVertex
100
AcDb2dVertex
 10
27.84413042381335
 20
22.76232206052597
 30
0.0
  0
VERTEX
  5
AA2
330
AA0
100
AcDbEntity
  8
0
  6
Continuous
 62
    18
420
        0
370
    25
100
AcDbVertex
100
AcDb2dVertex
 10
28.26104599243633
 20
22.76232206052597
 30
0.0
  0
VERTEX
  5
AA3
330
AA0
100
AcDbEntity
  8
0
  6
Continuous
 62
    18
420
        0
370
    25
100
AcDbVertex
100
AcDb2dVertex
 10
28.26104599243633
 20
23.8627952258257
 30
0.0
  0
VERTEX
  5
AA4
330
AA0
100
AcDbEntity
  8
0
  6
Continuous
 62
    18
420
        0
370
    25
100
AcDbVertex
100
AcDb2dVertex
 10
27.84413042381335
 20
23.8627952258257
 30
0.0
  0
SEQEND
  5
AA5
330
AA0
100
AcDbEntity
  8
0
  6
Continuous
 62
    18
420
        0
370
    25
  0
POLYLINE
  5
AA6
330
1F
100
AcDbEntity
  8
0
  6
Continuous
 62
    18
420
        0
370
    25
100
AcDb2dPolyline
 66
     1
 10
0.0
 20
0.0
 30
0.0
 70
     1
  0
VERTEX
  5
AA7
330
AA6
100
AcDbEntity
  8
0
  6
Continuous
 62
    18
420
        0
370
    25
100
AcDbVertex
100
AcDb2dVertex
 10
30.36598799001874
 20
24.43864023374874
 30
0.0
  0
VERTEX
  5
AA8
330
AA6
100
AcDbEntity
  8
0
  6
Continuous
 62
    18
420
        0
370
    25
100
AcDbVertex
100
AcDb2dVertex
 10
30.96404965313773
 20
24.43864023374874
 30
0.0
  0
VERTEX
  5
AA9
330
AA6
100
AcDbEntity
  8
0
  6
Continuous
 62
    18
420
        0
370
    25
100
AcDbVertex
100
AcDb2dVertex
 10
30.96404965313773
 20
25.0405723288453
 30
0.0
  0
VERTEX
  5
AAA
330
AA6
100
AcDbEntity
  8
0
  6
Continuous
 62
    18
420
        0
370
    25
100
AcDbVertex
100
AcDb2dVertex
 10
30.36598799001874
 20
25.0405723288453
 30
0.0
  0
SEQEND
  5
AAB
330
AA6
100
AcDbEntity
  8
0
  6
Continuous
 62
    18
420
        0
370
    25
  0
POLYLINE
  5
AAC
330
1F
100
AcDbEntity
  8
0
  6
Continuous
 62
    18
420
        0
370
    25
100
AcDb2dPolyline
 66
     1
 10
0.0
 20
0.0
 30
0.0
 70
     1
  0
VERTEX
  5
AAD
330
AAC
100
AcDbEntity
  8
0
  6
Continuous
 62
    18
420
        0
370
    25
100
AcDbVertex
100
AcDb2dVertex
 10
30.3728130932735
 20
25.19111454350877
 30
0.0
  0
VERTEX
  5
AAE
330
AAC
100
AcDbEntity
  8
0
  6
Continuous
 62
    18
420
        0
370
    25
100
AcDbVertex
100
AcDb2dVertex
 10
30.9708747563925
 20
25.19111454350877
 30
0.0
  0
VERTEX
  5
AAF
330
AAC
100
AcDbEntity
  8
0
  6
Continuous
 62
    18
420
        0
370
    25
100
AcDbVertex
100
AcDb2dVertex
 10
30.9708747563925
 20
25.79304663860535
 30
0.0
  0
VERTEX
  5
AB0
330
AAC
100
AcDbEntity
  8
0
  6
Continuous
 62
    18
420
        0
370
    25
100
AcDbVertex
100
AcDb2dVertex
 10
30.3728130932735
 20
25.79304663860535
 30
0.0
  0
SEQEND
  5
AB1
330
AAC
100
AcDbEntity
  8
0
  6
Continuous
 62
    18
420
        0
370
    25
  0
POLYLINE
  5
AB2
330
1F
100
AcDbEntity
  8
0
  6
Continuous
 62
    18
420
        0
370
    25
100
AcDb2dPolyline
 66
     1
 10
0.0
 20
0.0
 30
0.0
 70
     1
  0
VERTEX
  5
AB3
330
AB2
100
AcDbEntity
  8
0
  6
Continuous
 62
    18
420
        0
370
    25
100
AcDbVertex
100
AcDb2dVertex
 10
30.56534602170971
 20
22.77058951854233
 30
0.0
  0
VERTEX
  5
AB4
330
AB2
100
AcDbEntity
  8
0
  6
Continuous
 62
    18
420
        0
370
    25
100
AcDbVertex
100
AcDb2dVertex
 10
30.98226159033269
 20
22.77058951854233
 30
0.0
  0
VERTEX
  5
AB5
330
AB2
100
AcDbEntity
  8
0
  6
Continuous
 62
    18
420
        0
370
    25
100
AcDbVertex
100
AcDb2dVertex
 10
30.98226159033269
 20
23.87106268384207
 30
0.0
  0
VERTEX
  5
AB6
330
AB2
100
AcDbEntity
  8
0
  6
Continuous
 62
    18
420
        0
370
    25
100
AcDbVertex
100
AcDb2dVertex
 10
30.56534602170971
 20
23.87106268384207
 30
0.0
  0
SEQEND
  5
AB7
330
AB2
100
AcDbEntity
  8
0
  6
Continuous
 62
    18
420
        0
370
    25
  0
POLYLINE
  5
AB8
330
1F
100
AcDbEntity
  8
0
  6
Continuous
 62
    18
420
        0
370
    25
100
AcDb2dPolyline
 66
     1
 10
0.0
 20
0.0
 30
0.0
 70
     1
  0
VERTEX
  5
AB9
330
AB8
100
AcDbEntity
  8
0
  6
Continuous
 62
    18
420
        0
370
    25
100
AcDbVertex
100
AcDb2dVertex
 10
33.09740243337385
 20
24.43864023374874
 30
0.0
  0
VERTEX
  5
ABA
330
AB8
100
AcDbEntity
  8
0
  6
Continuous
 62
    18
420
        0
370
    25
100
AcDbVertex
100
AcDb2dVertex
 10
33.69546409649283
 20
24.43864023374874
 30
0.0
  0
VERTEX
  5
ABB
330
AB8
100
AcDbEntity
  8
0
  6
Continuous
 62
    18
420
        0
370
    25
100
AcDbVertex
100
AcDb2dVertex
 10
33.69546409649283
 20
25.0405723288453
 30
0.0
  0
VERTEX
  5
ABC
330
AB8
100
AcDbEntity
  8
0
  6
Continuous
 62
    18
420
        0
370
    25
100
AcDbVertex
100
AcDb2dVertex
 10
33.09740243337385
 20
25.0405723288453
 30
0.0
  0
SEQEND
  5
ABD
330
AB8
100
AcDbEntity
  8
0
  6
Continuous
 62
    18
420
        0
370
    25
  0
POLYLINE
  5
ABE
330
1F
100
AcDbEntity
  8
0
  6
Continuous
 62
    18
420
        0
370
    25
100
AcDb2dPolyline
 66
     1
 10
0.0
 20
0.0
 30
0.0
 70
     1
  0
VERTEX
  5
ABF
330
ABE
100
AcDbEntity
  8
0
  6
Continuous
 62
    18
420
        0
370
    25
100
AcDbVertex
100
AcDb2dVertex
 10
33.10422753662861
 20
25.19111454350877
 30
0.0
  0
VERTEX
  5
AC0
330
ABE
100
AcDbEntity
  8
0
  6
Continuous
 62
    18
420
        0
370
    25
100
AcDbVertex
100
AcDb2dVertex
 10
33.7022891997476
 20
25.19111454350877
 30
0.0
  0
VERTEX
  5
AC1
330
ABE
100
AcDbEntity
  8
0
  6
Continuous
 62
    18
420
        0
370
    25
100
AcDbVertex
100
AcDb2dVertex
 10
33.7022891997476
 20
25.79304663860535
 30
0.0
  0
VERTEX
  5
AC2
330
ABE
100
AcDbEntity
  8
0
  6
Continuous
 62
    18
420
        0
370
    25
100
AcDbVertex
100
AcDb2dVertex
 10
33.10422753662861
 20
25.79304663860535
 30
0.0
  0
SEQEND
  5
AC3
330
ABE
100
AcDbEntity
  8
0
  6
Continuous
 62
    18
420
        0
370
    25
  0
POLYLINE
  5
AC4
330
1F
100
AcDbEntity
  8
0
  6
Continuous
 62
    18
420
        0
370
    25
100
AcDb2dPolyline
 66
     1
 10
0.0
 20
0.0
 30
0.0
 70
     1
  0
VERTEX
  5
AC5
330
AC4
100
AcDbEntity
  8
0
  6
Continuous
 62
    18
420
        0
370
    25
100
AcDbVertex
100
AcDb2dVertex
 10
33.29676046506481
 20
22.77058951854233
 30
0.0
  0
VERTEX
  5
AC6
330
AC4
100
AcDbEntity
  8
0
  6
Continuous
 62
    18
420
        0
370
    25
100
AcDbVertex
100
AcDb2dVertex
 10
33.7136760336878
 20
22.77058951854233
 30
0.0
  0
VERTEX
  5
AC7
330
AC4
100
AcDbEntity
  8
0
  6
Continuous
 62
    18
420
        0
370
    25
100
AcDbVertex
100
AcDb2dVertex
 10
33.7136760336878
 20
23.87106268384207
 30
0.0
  0
VERTEX
  5
AC8
330
AC4
100
AcDbEntity
  8
0
  6
Continuous
 62
    18
420
        0
370
    25
100
AcDbVertex
100
AcDb2dVertex
 10
33.29676046506481
 20
23.87106268384207
 30
0.0
  0
SEQEND
  5
AC9
330
AC4
100
AcDbEntity
  8
0
  6
Continuous
 62
    18
420
        0
370
    25
  0
POLYLINE
  5
ACA
330
1F
100
AcDbEntity
  8
0
  6
Continuous
 62
    18
420
        0
370
    25
100
AcDb2dPolyline
 66
     1
 10
0.0
 20
0.0
 30
0.0
 70
     1
  0
VERTEX
  5
ACB
330
ACA
100
AcDbEntity
  8
0
  6
Continuous
 62
    18
420
        0
370
    25
100
AcDbVertex
100
AcDb2dVertex
 10
35.83448371167368
 20
24.43864023374874
 30
0.0
  0
VERTEX
  5
ACC
330
ACA
100
AcDbEntity
  8
0
  6
Continuous
 62
    18
420
        0
370
    25
100
AcDbVertex
100
AcDb2dVertex
 10
36.43254537479266
 20
24.43864023374874
 30
0.0
  0
VERTEX
  5
ACD
330
ACA
100
AcDbEntity
  8
0
  6
Continuous
 62
    18
420
        0
370
    25
100
AcDbVertex
100
AcDb2dVertex
 10
36.43254537479266
 20
25.0405723288453
 30
0.0
  0
VERTEX
  5
ACE
330
ACA
100
AcDbEntity
  8
0
  6
Continuous
 62
    18
420
        0
370
    25
100
AcDbVertex
100
AcDb2dVertex
 10
35.83448371167368
 20
25.0405723288453
 30
0.0
  0
SEQEND
  5
ACF
330
ACA
100
AcDbEntity
  8
0
  6
Continuous
 62
    18
420
        0
370
    25
  0
POLYLINE
  5
AD0
330
1F
100
AcDbEntity
  8
0
  6
Continuous
 62
    18
420
        0
370
    25
100
AcDb2dPolyline
 66
     1
 10
0.0
 20
0.0
 30
0.0
 70
     1
  0
VERTEX
  5
AD1
330
AD0
100
AcDbEntity
  8
0
  6
Continuous
 62
    18
420
        0
370
    25
100
AcDbVertex
100
AcDb2dVertex
 10
35.84130881492843
 20
25.19111454350877
 30
0.0
  0
VERTEX
  5
AD2
330
AD0
100
AcDbEntity
  8
0
  6
Continuous
 62
    18
420
        0
370
    25
100
AcDbVertex
100
AcDb2dVertex
 10
36.43937047804743
 20
25.19111454350877
 30
0.0
  0
VERTEX
  5
AD3
330
AD0
100
AcDbEntity
  8
0
  6
Continuous
 62
    18
420
        0
370
    25
100
AcDbVertex
100
AcDb2dVertex
 10
36.43937047804743
 20
25.79304663860535
 30
0.0
  0
VERTEX
  5
AD4
330
AD0
100
AcDbEntity
  8
0
  6
Continuous
 62
    18
420
        0
370
    25
100
AcDbVertex
100
AcDb2dVertex
 10
35.84130881492843
 20
25.79304663860535
 30
0.0
  0
SEQEND
  5
AD5
330
AD0
100
AcDbEntity
  8
0
  6
Continuous
 62
    18
420
        0
370
    25
  0
POLYLINE
  5
AD6
330
1F
100
AcDbEntity
  8
0
  6
Continuous
 62
    18
420
        0
370
    25
100
AcDb2dPolyline
 66
     1
 10
0.0
 20
0.0
 30
0.0
 70
     1
  0
VERTEX
  5
AD7
330
AD6
100
AcDbEntity
  8
0
  6
Continuous
 62
    18
420
        0
370
    25
100
AcDbVertex
100
AcDb2dVertex
 10
36.03384174336463
 20
22.77058951854233
 30
0.0
  0
VERTEX
  5
AD8
330
AD6
100
AcDbEntity
  8
0
  6
Continuous
 62
    18
420
        0
370
    25
100
AcDbVertex
100
AcDb2dVertex
 10
36.45075731198762
 20
22.77058951854233
 30
0.0
  0
VERTEX
  5
AD9
330
AD6
100
AcDbEntity
  8
0
  6
Continuous
 62
    18
420
        0
370
    25
100
AcDbVertex
100
AcDb2dVertex
 10
36.45075731198762
 20
23.87106268384207
 30
0.0
  0
VERTEX
  5
ADA
330
AD6
100
AcDbEntity
  8
0
  6
Continuous
 62
    18
420
        0
370
    25
100
AcDbVertex
100
AcDb2dVertex
 10
36.03384174336463
 20
23.87106268384207
 30
0.0
  0
SEQEND
  5
ADB
330
AD6
100
AcDbEntity
  8
0
  6
Continuous
 62
    18
420
        0
370
    25
  0
POLYLINE
  5
ADC
330
1F
100
AcDbEntity
  8
0
  6
Continuous
 62
    18
420
        0
370
    25
100
AcDb2dPolyline
 66
     1
 10
0.0
 20
0.0
 30
0.0
 70
     1
  0
VERTEX
  5
ADD
330
ADC
100
AcDbEntity
  8
0
  6
Continuous
 62
    18
420
        0
370
    25
100
AcDbVertex
100
AcDb2dVertex
 10
38.57156498997352
 20
24.43864023374874
 30
0.0
  0
VERTEX
  5
ADE
330
ADC
100
AcDbEntity
  8
0
  6
Continuous
 62
    18
420
        0
370
    25
100
AcDbVertex
100
AcDb2dVertex
 10
39.1696266530925
 20
24.43864023374874
 30
0.0
  0
VERTEX
  5
ADF
330
ADC
100
AcDbEntity
  8
0
  6
Continuous
 62
    18
420
        0
370
    25
100
AcDbVertex
100
AcDb2dVertex
 10
39.1696266530925
 20
25.0405723288453
 30
0.0
  0
VERTEX
  5
AE0
330
ADC
100
AcDbEntity
  8
0
  6
Continuous
 62
    18
420
        0
370
    25
100
AcDbVertex
100
AcDb2dVertex
 10
38.57156498997352
 20
25.0405723288453
 30
0.0
  0
SEQEND
  5
AE1
330
ADC
100
AcDbEntity
  8
0
  6
Continuous
 62
    18
420
        0
370
    25
  0
POLYLINE
  5
AE2
330
1F
100
AcDbEntity
  8
0
  6
Continuous
 62
    18
420
        0
370
    25
100
AcDb2dPolyline
 66
     1
 10
0.0
 20
0.0
 30
0.0
 70
     1
  0
VERTEX
  5
AE3
330
AE2
100
AcDbEntity
  8
0
  6
Continuous
 62
    18
420
        0
370
    25
100
AcDbVertex
100
AcDb2dVertex
 10
38.57839009322827
 20
25.19111454350877
 30
0.0
  0
VERTEX
  5
AE4
330
AE2
100
AcDbEntity
  8
0
  6
Continuous
 62
    18
420
        0
370
    25
100
AcDbVertex
100
AcDb2dVertex
 10
39.17645175634727
 20
25.19111454350877
 30
0.0
  0
VERTEX
  5
AE5
330
AE2
100
AcDbEntity
  8
0
  6
Continuous
 62
    18
420
        0
370
    25
100
AcDbVertex
100
AcDb2dVertex
 10
39.17645175634727
 20
25.79304663860535
 30
0.0
  0
VERTEX
  5
AE6
330
AE2
100
AcDbEntity
  8
0
  6
Continuous
 62
    18
420
        0
370
    25
100
AcDbVertex
100
AcDb2dVertex
 10
38.57839009322827
 20
25.79304663860535
 30
0.0
  0
SEQEND
  5
AE7
330
AE2
100
AcDbEntity
  8
0
  6
Continuous
 62
    18
420
        0
370
    25
  0
POLYLINE
  5
AE8
330
1F
100
AcDbEntity
  8
0
  6
Continuous
 62
    18
420
        0
370
    25
100
AcDb2dPolyline
 66
     1
 10
0.0
 20
0.0
 30
0.0
 70
     1
  0
VERTEX
  5
AE9
330
AE8
100
AcDbEntity
  8
0
  6
Continuous
 62
    18
420
        0
370
    25
100
AcDbVertex
100
AcDb2dVertex
 10
38.77092302166448
 20
22.77058951854233
 30
0.0
  0
VERTEX
  5
AEA
330
AE8
100
AcDbEntity
  8
0
  6
Continuous
 62
    18
420
        0
370
    25
100
AcDbVertex
100
AcDb2dVertex
 10
39.18783859028746
 20
22.77058951854233
 30
0.0
  0
VERTEX
  5
AEB
330
AE8
100
AcDbEntity
  8
0
  6
Continuous
 62
    18
420
        0
370
    25
100
AcDbVertex
100
AcDb2dVertex
 10
39.18783859028746
 20
23.87106268384207
 30
0.0
  0
VERTEX
  5
AEC
330
AE8
100
AcDbEntity
  8
0
  6
Continuous
 62
    18
420
        0
370
    25
100
AcDbVertex
100
AcDb2dVertex
 10
38.77092302166448
 20
23.87106268384207
 30
0.0
  0
SEQEND
  5
AED
330
AE8
100
AcDbEntity
  8
0
  6
Continuous
 62
    18
420
        0
370
    25
  0
POLYLINE
  5
AEE
330
1F
100
AcDbEntity
  8
0
  6
Continuous
 62
    18
420
        0
370
    25
100
AcDb2dPolyline
 66
     1
 10
0.0
 20
0.0
 30
0.0
 70
     1
  0
VERTEX
  5
AEF
330
AEE
100
AcDbEntity
  8
0
  6
Continuous
 62
    18
420
        0
370
    25
100
AcDbVertex
100
AcDb2dVertex
 10
41.2973125983839
 20
24.43864023374874
 30
0.0
  0
VERTEX
  5
AF0
330
AEE
100
AcDbEntity
  8
0
  6
Continuous
 62
    18
420
        0
370
    25
100
AcDbVertex
100
AcDb2dVertex
 10
41.89537426150289
 20
24.43864023374874
 30
0.0
  0
VERTEX
  5
AF1
330
AEE
100
AcDbEntity
  8
0
  6
Continuous
 62
    18
420
        0
370
    25
100
AcDbVertex
100
AcDb2dVertex
 10
41.89537426150289
 20
25.0405723288453
 30
0.0
  0
VERTEX
  5
AF2
330
AEE
100
AcDbEntity
  8
0
  6
Continuous
 62
    18
420
        0
370
    25
100
AcDbVertex
100
AcDb2dVertex
 10
41.2973125983839
 20
25.0405723288453
 30
0.0
  0
SEQEND
  5
AF3
330
AEE
100
AcDbEntity
  8
0
  6
Continuous
 62
    18
420
        0
370
    25
  0
POLYLINE
  5
AF4
330
1F
100
AcDbEntity
  8
0
  6
Continuous
 62
    18
420
        0
370
    25
100
AcDb2dPolyline
 66
     1
 10
0.0
 20
0.0
 30
0.0
 70
     1
  0
VERTEX
  5
AF5
330
AF4
100
AcDbEntity
  8
0
  6
Continuous
 62
    18
420
        0
370
    25
100
AcDbVertex
100
AcDb2dVertex
 10
41.30413770163866
 20
25.19111454350877
 30
0.0
  0
VERTEX
  5
AF6
330
AF4
100
AcDbEntity
  8
0
  6
Continuous
 62
    18
420
        0
370
    25
100
AcDbVertex
100
AcDb2dVertex
 10
41.90219936475764
 20
25.19111454350877
 30
0.0
  0
VERTEX
  5
AF7
330
AF4
100
AcDbEntity
  8
0
  6
Continuous
 62
    18
420
        0
370
    25
100
AcDbVertex
100
AcDb2dVertex
 10
41.90219936475764
 20
25.79304663860535
 30
0.0
  0
VERTEX
  5
AF8
330
AF4
100
AcDbEntity
  8
0
  6
Continuous
 62
    18
420
        0
370
    25
100
AcDbVertex
100
AcDb2dVertex
 10
41.30413770163866
 20
25.79304663860535
 30
0.0
  0
SEQEND
  5
AF9
330
AF4
100
AcDbEntity
  8
0
  6
Continuous
 62
    18
420
        0
370
    25
  0
POLYLINE
  5
AFA
330
1F
100
AcDbEntity
  8
0
  6
Continuous
 62
    18
420
        0
370
    25
100
AcDb2dPolyline
 66
     1
 10
0.0
 20
0.0
 30
0.0
 70
     1
  0
VERTEX
  5
AFB
330
AFA
100
AcDbEntity
  8
0
  6
Continuous
 62
    18
420
        0
370
    25
100
AcDbVertex
100
AcDb2dVertex
 10
41.49667063007487
 20
22.77058951854233
 30
0.0
  0
VERTEX
  5
AFC
330
AFA
100
AcDbEntity
  8
0
  6
Continuous
 62
    18
420
        0
370
    25
100
AcDbVertex
100
AcDb2dVertex
 10
41.91358619869785
 20
22.77058951854233
 30
0.0
  0
VERTEX
  5
AFD
330
AFA
100
AcDbEntity
  8
0
  6
Continuous
 62
    18
420
        0
370
    25
100
AcDbVertex
100
AcDb2dVertex
 10
41.91358619869785
 20
23.87106268384207
 30
0.0
  0
VERTEX
  5
AFE
330
AFA
100
AcDbEntity
  8
0
  6
Continuous
 62
    18
420
        0
370
    25
100
AcDbVertex
100
AcDb2dVertex
 10
41.49667063007487
 20
23.87106268384207
 30
0.0
  0
SEQEND
  5
AFF
330
AFA
100
AcDbEntity
  8
0
  6
Continuous
 62
    18
420
        0
370
    25
  0
POLYLINE
  5
B00
330
1F
100
AcDbEntity
  8
0
  6
Continuous
 62
    18
420
        0
370
    25
100
AcDb2dPolyline
 66
     1
 10
0.0
 20
0.0
 30
0.0
 70
     1
  0
VERTEX
  5
B01
330
B00
100
AcDbEntity
  8
0
  6
Continuous
 62
    18
420
        0
370
    25
100
AcDbVertex
100
AcDb2dVertex
 10
44.00189354012763
 20
24.41747356708207
 30
0.0
  0
VERTEX
  5
B02
330
B00
100
AcDbEntity
  8
0
  6
Continuous
 62
    18
420
        0
370
    25
100
AcDbVertex
100
AcDb2dVertex
 10
44.5999552032466
 20
24.41747356708207
 30
0.0
  0
VERTEX
  5
B03
330
B00
100
AcDbEntity
  8
0
  6
Continuous
 62
    18
420
        0
370
    25
100
AcDbVertex
100
AcDb2dVertex
 10
44.5999552032466
 20
25.01940566217864
 30
0.0
  0
VERTEX
  5
B04
330
B00
100
AcDbEntity
  8
0
  6
Continuous
 62
    18
420
        0
370
    25
100
AcDbVertex
100
AcDb2dVertex
 10
44.00189354012763
 20
25.01940566217864
 30
0.0
  0
SEQEND
  5
B05
330
B00
100
AcDbEntity
  8
0
  6
Continuous
 62
    18
420
        0
370
    25
  0
POLYLINE
  5
B06
330
1F
100
AcDbEntity
  8
0
  6
Continuous
 62
    18
420
        0
370
    25
100
AcDb2dPolyline
 66
     1
 10
0.0
 20
0.0
 30
0.0
 70
     1
  0
VERTEX
  5
B07
330
B06
100
AcDbEntity
  8
0
  6
Continuous
 62
    18
420
        0
370
    25
100
AcDbVertex
100
AcDb2dVertex
 10
44.00871864338239
 20
25.1699478768421
 30
0.0
  0
VERTEX
  5
B08
330
B06
100
AcDbEntity
  8
0
  6
Continuous
 62
    18
420
        0
370
    25
100
AcDbVertex
100
AcDb2dVertex
 10
44.60678030650139
 20
25.1699478768421
 30
0.0
  0
VERTEX
  5
B09
330
B06
100
AcDbEntity
  8
0
  6
Continuous
 62
    18
420
        0
370
    25
100
AcDbVertex
100
AcDb2dVertex
 10
44.60678030650139
 20
25.77187997193868
 30
0.0
  0
VERTEX
  5
B0A
330
B06
100
AcDbEntity
  8
0
  6
Continuous
 62
    18
420
        0
370
    25
100
AcDbVertex
100
AcDb2dVertex
 10
44.00871864338239
 20
25.77187997193868
 30
0.0
  0
SEQEND
  5
B0B
330
B06
100
AcDbEntity
  8
0
  6
Continuous
 62
    18
420
        0
370
    25
  0
POLYLINE
  5
B0C
330
1F
100
AcDbEntity
  8
0
  6
Continuous
 62
    18
420
        0
370
    25
100
AcDb2dPolyline
 66
     1
 10
0.0
 20
0.0
 30
0.0
 70
     1
  0
VERTEX
  5
B0D
330
B0C
100
AcDbEntity
  8
0
  6
Continuous
 62
    18
420
        0
370
    25
100
AcDbVertex
100
AcDb2dVertex
 10
44.2012515718186
 20
22.74942285187567
 30
0.0
  0
VERTEX
  5
B0E
330
B0C
100
AcDbEntity
  8
0
  6
Continuous
 62
    18
420
        0
370
    25
100
AcDbVertex
100
AcDb2dVertex
 10
44.61816714044157
 20
22.74942285187567
 30
0.0
  0
VERTEX
  5
B0F
330
B0C
100
AcDbEntity
  8
0
  6
Continuous
 62
    18
420
        0
370
    25
100
AcDbVertex
100
AcDb2dVertex
 10
44.61816714044157
 20
23.8498960171754
 30
0.0
  0
VERTEX
  5
B10
330
B0C
100
AcDbEntity
  8
0
  6
Continuous
 62
    18
420
        0
370
    25
100
AcDbVertex
100
AcDb2dVertex
 10
44.2012515718186
 20
23.8498960171754
 30
0.0
  0
SEQEND
  5
B11
330
B0C
100
AcDbEntity
  8
0
  6
Continuous
 62
    18
420
        0
370
    25
  0
POLYLINE
  5
B12
330
1F
100
AcDbEntity
  8
0
  6
Continuous
 62
    18
420
        0
370
    25
100
AcDb2dPolyline
 66
     1
 10
0.0
 20
0.0
 30
0.0
 70
     1
  0
VERTEX
  5
B13
330
B12
100
AcDbEntity
  8
0
  6
Continuous
 62
    18
420
        0
370
    25
100
AcDbVertex
100
AcDb2dVertex
 10
46.76580832003886
 20
24.43864023374874
 30
0.0
  0
VERTEX
  5
B14
330
B12
100
AcDbEntity
  8
0
  6
Continuous
 62
    18
420
        0
370
    25
100
AcDbVertex
100
AcDb2dVertex
 10
47.36386998315785
 20
24.43864023374874
 30
0.0
  0
VERTEX
  5
B15
330
B12
100
AcDbEntity
  8
0
  6
Continuous
 62
    18
420
        0
370
    25
100
AcDbVertex
100
AcDb2dVertex
 10
47.36386998315785
 20
25.0405723288453
 30
0.0
  0
VERTEX
  5
B16
330
B12
100
AcDbEntity
  8
0
  6
Continuous
 62
    18
420
        0
370
    25
100
AcDbVertex
100
AcDb2dVertex
 10
46.76580832003886
 20
25.0405723288453
 30
0.0
  0
SEQEND
  5
B17
330
B12
100
AcDbEntity
  8
0
  6
Continuous
 62
    18
420
        0
370
    25
  0
POLYLINE
  5
B18
330
1F
100
AcDbEntity
  8
0
  6
Continuous
 62
    18
420
        0
370
    25
100
AcDb2dPolyline
 66
     1
 10
0.0
 20
0.0
 30
0.0
 70
     1
  0
VERTEX
  5
B19
330
B18
100
AcDbEntity
  8
0
  6
Continuous
 62
    18
420
        0
370
    25
100
AcDbVertex
100
AcDb2dVertex
 10
46.77263342329363
 20
25.19111454350877
 30
0.0
  0
VERTEX
  5
B1A
330
B18
100
AcDbEntity
  8
0
  6
Continuous
 62
    18
420
        0
370
    25
100
AcDbVertex
100
AcDb2dVertex
 10
47.3706950864126
 20
25.19111454350877
 30
0.0
  0
VERTEX
  5
B1B
330
B18
100
AcDbEntity
  8
0
  6
Continuous
 62
    18
420
        0
370
    25
100
AcDbVertex
100
AcDb2dVertex
 10
47.3706950864126
 20
25.79304663860535
 30
0.0
  0
VERTEX
  5
B1C
330
B18
100
AcDbEntity
  8
0
  6
Continuous
 62
    18
420
        0
370
    25
100
AcDbVertex
100
AcDb2dVertex
 10
46.77263342329363
 20
25.79304663860535
 30
0.0
  0
SEQEND
  5
B1D
330
B18
100
AcDbEntity
  8
0
  6
Continuous
 62
    18
420
        0
370
    25
  0
POLYLINE
  5
B1E
330
1F
100
AcDbEntity
  8
0
  6
Continuous
 62
    18
420
        0
370
    25
100
AcDb2dPolyline
 66
     1
 10
0.0
 20
0.0
 30
0.0
 70
     1
  0
VERTEX
  5
B1F
330
B1E
100
AcDbEntity
  8
0
  6
Continuous
 62
    18
420
        0
370
    25
100
AcDbVertex
100
AcDb2dVertex
 10
46.96516635172983
 20
22.77058951854233
 30
0.0
  0
VERTEX
  5
B20
330
B1E
100
AcDbEntity
  8
0
  6
Continuous
 62
    18
420
        0
370
    25
100
AcDbVertex
100
AcDb2dVertex
 10
47.38208192035282
 20
22.77058951854233
 30
0.0
  0
VERTEX
  5
B21
330
B1E
100
AcDbEntity
  8
0
  6
Continuous
 62
    18
420
        0
370
    25
100
AcDbVertex
100
AcDb2dVertex
 10
47.38208192035282
 20
23.87106268384207
 30
0.0
  0
VERTEX
  5
B22
330
B1E
100
AcDbEntity
  8
0
  6
Continuous
 62
    18
420
        0
370
    25
100
AcDbVertex
100
AcDb2dVertex
 10
46.96516635172983
 20
23.87106268384207
 30
0.0
  0
SEQEND
  5
B23
330
B1E
100
AcDbEntity
  8
0
  6
Continuous
 62
    18
420
        0
370
    25
  0
POLYLINE
  5
B24
330
1F
100
AcDbEntity
  8
0
  6
Continuous
 62
    18
420
        0
370
    25
100
AcDb2dPolyline
 66
     1
 10
0.0
 20
0.0
 30
0.0
 70
     1
  0
VERTEX
  5
B25
330
B24
100
AcDbEntity
  8
0
  6
Continuous
 62
    18
420
        0
370
    25
100
AcDbVertex
100
AcDb2dVertex
 10
49.50855643328341
 20
24.39630690041541
 30
0.0
  0
VERTEX
  5
B26
330
B24
100
AcDbEntity
  8
0
  6
Continuous
 62
    18
420
        0
370
    25
100
AcDbVertex
100
AcDb2dVertex
 10
50.10661809640239
 20
24.39630690041541
 30
0.0
  0
VERTEX
  5
B27
330
B24
100
AcDbEntity
  8
0
  6
Continuous
 62
    18
420
        0
370
    25
100
AcDbVertex
100
AcDb2dVertex
 10
50.10661809640239
 20
24.99823899551197
 30
0.0
  0
VERTEX
  5
B28
330
B24
100
AcDbEntity
  8
0
  6
Continuous
 62
    18
420
        0
370
    25
100
AcDbVertex
100
AcDb2dVertex
 10
49.50855643328341
 20
24.99823899551197
 30
0.0
  0
SEQEND
  5
B29
330
B24
100
AcDbEntity
  8
0
  6
Continuous
 62
    18
420
        0
370
    25
  0
POLYLINE
  5
B2A
330
1F
100
AcDbEntity
  8
0
  6
Continuous
 62
    18
420
        0
370
    25
100
AcDb2dPolyline
 66
     1
 10
0.0
 20
0.0
 30
0.0
 70
     1
  0
VERTEX
  5
B2B
330
B2A
100
AcDbEntity
  8
0
  6
Continuous
 62
    18
420
        0
370
    25
100
AcDbVertex
100
AcDb2dVertex
 10
49.51538153653816
 20
25.14878121017543
 30
0.0
  0
VERTEX
  5
B2C
330
B2A
100
AcDbEntity
  8
0
  6
Continuous
 62
    18
420
        0
370
    25
100
AcDbVertex
100
AcDb2dVertex
 10
50.11344319965715
 20
25.14878121017543
 30
0.0
  0
VERTEX
  5
B2D
330
B2A
100
AcDbEntity
  8
0
  6
Continuous
 62
    18
420
        0
370
    25
100
AcDbVertex
100
AcDb2dVertex
 10
50.11344319965715
 20
25.75071330527201
 30
0.0
  0
VERTEX
  5
B2E
330
B2A
100
AcDbEntity
  8
0
  6
Continuous
 62
    18
420
        0
370
    25
100
AcDbVertex
100
AcDb2dVertex
 10
49.51538153653816
 20
25.75071330527201
 30
0.0
  0
SEQEND
  5
B2F
330
B2A
100
AcDbEntity
  8
0
  6
Continuous
 62
    18
420
        0
370
    25
  0
POLYLINE
  5
B30
330
1F
100
AcDbEntity
  8
0
  6
Continuous
 62
    18
420
        0
370
    25
100
AcDb2dPolyline
 66
     1
 10
0.0
 20
0.0
 30
0.0
 70
     1
  0
VERTEX
  5
B31
330
B30
100
AcDbEntity
  8
0
  6
Continuous
 62
    18
420
        0
370
    25
100
AcDbVertex
100
AcDb2dVertex
 10
49.70791446497437
 20
22.728256185209
 30
0.0
  0
VERTEX
  5
B32
330
B30
100
AcDbEntity
  8
0
  6
Continuous
 62
    18
420
        0
370
    25
100
AcDbVertex
100
AcDb2dVertex
 10
50.12483003359735
 20
22.728256185209
 30
0.0
  0
VERTEX
  5
B33
330
B30
100
AcDbEntity
  8
0
  6
Continuous
 62
    18
420
        0
370
    25
100
AcDbVertex
100
AcDb2dVertex
 10
50.12483003359735
 20
23.82872935050873
 30
0.0
  0
VERTEX
  5
B34
330
B30
100
AcDbEntity
  8
0
  6
Continuous
 62
    18
420
        0
370
    25
100
AcDbVertex
100
AcDb2dVertex
 10
49.70791446497437
 20
23.82872935050873
 30
0.0
  0
SEQEND
  5
B35
330
B30
100
AcDbEntity
  8
0
  6
Continuous
 62
    18
420
        0
370
    25
  0
POLYLINE
  5
B36
330
1F
100
AcDbEntity
  8
0
  6
Continuous
 62
    18
420
        0
370
    25
100
AcDb2dPolyline
 66
     1
 10
0.0
 20
0.0
 30
0.0
 70
     1
  0
VERTEX
  5
B37
330
B36
100
AcDbEntity
  8
0
  6
Continuous
 62
    18
420
        0
370
    25
100
AcDbVertex
100
AcDb2dVertex
 10
17.61350602296269
 20
26.43671286129386
 30
0.0
  0
VERTEX
  5
B38
330
B36
100
AcDbEntity
  8
0
  6
Continuous
 62
    18
420
        0
370
    25
100
AcDbVertex
100
AcDb2dVertex
 10
18.44733716020868
 20
26.43671286129386
 30
0.0
  0
VERTEX
  5
B39
330
B36
100
AcDbEntity
  8
0
  6
Continuous
 62
    18
420
        0
370
    25
100
AcDbVertex
100
AcDb2dVertex
 10
18.44733716020868
 20
28.2901100336558
 30
0.0
  0
VERTEX
  5
B3A
330
B36
100
AcDbEntity
  8
0
  6
Continuous
 62
    18
420
        0
370
    25
100
AcDbVertex
100
AcDb2dVertex
 10
17.61350602296269
 20
28.2901100336558
 30
0.0
  0
SEQEND
  5
B3B
330
B36
100
AcDbEntity
  8
0
  6
Continuous
 62
    18
420
        0
370
    25
  0
POLYLINE
  5
B3C
330
1F
100
AcDbEntity
  8
0
  6
Continuous
 62
    18
420
        0
370
    25
100
AcDb2dPolyline
 66
     1
 10
0.0
 20
0.0
 30
0.0
 70
     1
  0
VERTEX
  5
B3D
330
B3C
100
AcDbEntity
  8
0
  6
Continuous
 62
    18
420
        0
370
    25
100
AcDbVertex
100
AcDb2dVertex
 10
18.50936349067299
 20
27.05672062790758
 30
0.0
  0
VERTEX
  5
B3E
330
B3C
100
AcDbEntity
  8
0
  6
Continuous
 62
    18
420
        0
370
    25
100
AcDbVertex
100
AcDb2dVertex
 10
19.10936349067299
 20
27.05672062790758
 30
0.0
  0
VERTEX
  5
B3F
330
B3C
100
AcDbEntity
  8
0
  6
Continuous
 62
    18
420
        0
370
    25
100
AcDbVertex
100
AcDb2dVertex
 10
19.10936349067299
 20
27.65672062790759
 30
0.0
  0
VERTEX
  5
B40
330
B3C
100
AcDbEntity
  8
0
  6
Continuous
 62
    18
420
        0
370
    25
100
AcDbVertex
100
AcDb2dVertex
 10
18.50936349067299
 20
27.65672062790759
 30
0.0
  0
SEQEND
  5
B41
330
B3C
100
AcDbEntity
  8
0
  6
Continuous
 62
    18
420
        0
370
    25
  0
POLYLINE
  5
B42
330
1F
100
AcDbEntity
  8
0
  6
Continuous
 62
    18
420
        0
370
    25
100
AcDb2dPolyline
 66
     1
 10
0.0
 20
0.0
 30
0.0
 70
     1
  0
VERTEX
  5
B43
330
B42
100
AcDbEntity
  8
0
  6
Continuous
 62
    18
420
        0
370
    25
100
AcDbVertex
100
AcDb2dVertex
 10
20.45524849744015
 20
26.43671286129386
 30
0.0
  0
VERTEX
  5
B44
330
B42
100
AcDbEntity
  8
0
  6
Continuous
 62
    18
420
        0
370
    25
100
AcDbVertex
100
AcDb2dVertex
 10
21.28907963468614
 20
26.43671286129386
 30
0.0
  0
VERTEX
  5
B45
330
B42
100
AcDbEntity
  8
0
  6
Continuous
 62
    18
420
        0
370
    25
100
AcDbVertex
100
AcDb2dVertex
 10
21.28907963468614
 20
28.2901100336558
 30
0.0
  0
VERTEX
  5
B46
330
B42
100
AcDbEntity
  8
0
  6
Continuous
 62
    18
420
        0
370
    25
100
AcDbVertex
100
AcDb2dVertex
 10
20.45524849744015
 20
28.2901100336558
 30
0.0
  0
SEQEND
  5
B47
330
B42
100
AcDbEntity
  8
0
  6
Continuous
 62
    18
420
        0
370
    25
  0
POLYLINE
  5
B48
330
1F
100
AcDbEntity
  8
0
  6
Continuous
 62
    18
420
        0
370
    25
100
AcDb2dPolyline
 66
     1
 10
0.0
 20
0.0
 30
0.0
 70
     1
  0
VERTEX
  5
B49
330
B48
100
AcDbEntity
  8
0
  6
Continuous
 62
    18
420
        0
370
    25
100
AcDbVertex
100
AcDb2dVertex
 10
21.35110596515045
 20
27.05672062790758
 30
0.0
  0
VERTEX
  5
B4A
330
B48
100
AcDbEntity
  8
0
  6
Continuous
 62
    18
420
        0
370
    25
100
AcDbVertex
100
AcDb2dVertex
 10
21.95110596515045
 20
27.05672062790758
 30
0.0
  0
VERTEX
  5
B4B
330
B48
100
AcDbEntity
  8
0
  6
Continuous
 62
    18
420
        0
370
    25
100
AcDbVertex
100
AcDb2dVertex
 10
21.95110596515045
 20
27.65672062790759
 30
0.0
  0
VERTEX
  5
B4C
330
B48
100
AcDbEntity
  8
0
  6
Continuous
 62
    18
420
        0
370
    25
100
AcDbVertex
100
AcDb2dVertex
 10
21.35110596515045
 20
27.65672062790759
 30
0.0
  0
SEQEND
  5
B4D
330
B48
100
AcDbEntity
  8
0
  6
Continuous
 62
    18
420
        0
370
    25
  0
POLYLINE
  5
B4E
330
1F
100
AcDbEntity
  8
0
  6
Continuous
 62
    18
420
        0
370
    25
100
AcDb2dPolyline
 66
     1
 10
0.0
 20
0.0
 30
0.0
 70
     1
  0
VERTEX
  5
B4F
330
B4E
100
AcDbEntity
  8
0
  6
Continuous
 62
    18
420
        0
370
    25
100
AcDbVertex
100
AcDb2dVertex
 10
23.29699097191759
 20
26.43671286129386
 30
0.0
  0
VERTEX
  5
B50
330
B4E
100
AcDbEntity
  8
0
  6
Continuous
 62
    18
420
        0
370
    25
100
AcDbVertex
100
AcDb2dVertex
 10
24.13082210916358
 20
26.43671286129386
 30
0.0
  0
VERTEX
  5
B51
330
B4E
100
AcDbEntity
  8
0
  6
Continuous
 62
    18
420
        0
370
    25
100
AcDbVertex
100
AcDb2dVertex
 10
24.13082210916358
 20
28.2901100336558
 30
0.0
  0
VERTEX
  5
B52
330
B4E
100
AcDbEntity
  8
0
  6
Continuous
 62
    18
420
        0
370
    25
100
AcDbVertex
100
AcDb2dVertex
 10
23.29699097191759
 20
28.2901100336558
 30
0.0
  0
SEQEND
  5
B53
330
B4E
100
AcDbEntity
  8
0
  6
Continuous
 62
    18
420
        0
370
    25
  0
POLYLINE
  5
B54
330
1F
100
AcDbEntity
  8
0
  6
Continuous
 62
    18
420
        0
370
    25
100
AcDb2dPolyline
 66
     1
 10
0.0
 20
0.0
 30
0.0
 70
     1
  0
VERTEX
  5
B55
330
B54
100
AcDbEntity
  8
0
  6
Continuous
 62
    18
420
        0
370
    25
100
AcDbVertex
100
AcDb2dVertex
 10
24.19284843962788
 20
27.05672062790758
 30
0.0
  0
VERTEX
  5
B56
330
B54
100
AcDbEntity
  8
0
  6
Continuous
 62
    18
420
        0
370
    25
100
AcDbVertex
100
AcDb2dVertex
 10
24.7928484396279
 20
27.05672062790758
 30
0.0
  0
VERTEX
  5
B57
330
B54
100
AcDbEntity
  8
0
  6
Continuous
 62
    18
420
        0
370
    25
100
AcDbVertex
100
AcDb2dVertex
 10
24.7928484396279
 20
27.65672062790759
 30
0.0
  0
VERTEX
  5
B58
330
B54
100
AcDbEntity
  8
0
  6
Continuous
 62
    18
420
        0
370
    25
100
AcDbVertex
100
AcDb2dVertex
 10
24.19284843962788
 20
27.65672062790759
 30
0.0
  0
SEQEND
  5
B59
330
B54
100
AcDbEntity
  8
0
  6
Continuous
 62
    18
420
        0
370
    25
  0
POLYLINE
  5
B5A
330
1F
100
AcDbEntity
  8
0
  6
Continuous
 62
    18
420
        0
370
    25
100
AcDb2dPolyline
 66
     1
 10
0.0
 20
0.0
 30
0.0
 70
     1
  0
VERTEX
  5
B5B
330
B5A
100
AcDbEntity
  8
0
  6
Continuous
 62
    18
420
        0
370
    25
100
AcDbVertex
100
AcDb2dVertex
 10
26.04576476320181
 20
26.43671286129386
 30
0.0
  0
VERTEX
  5
B5C
330
B5A
100
AcDbEntity
  8
0
  6
Continuous
 62
    18
420
        0
370
    25
100
AcDbVertex
100
AcDb2dVertex
 10
26.8795959004478
 20
26.43671286129386
 30
0.0
  0
VERTEX
  5
B5D
330
B5A
100
AcDbEntity
  8
0
  6
Continuous
 62
    18
420
        0
370
    25
100
AcDbVertex
100
AcDb2dVertex
 10
26.8795959004478
 20
28.2901100336558
 30
0.0
  0
VERTEX
  5
B5E
330
B5A
100
AcDbEntity
  8
0
  6
Continuous
 62
    18
420
        0
370
    25
100
AcDbVertex
100
AcDb2dVertex
 10
26.04576476320181
 20
28.2901100336558
 30
0.0
  0
SEQEND
  5
B5F
330
B5A
100
AcDbEntity
  8
0
  6
Continuous
 62
    18
420
        0
370
    25
  0
POLYLINE
  5
B60
330
1F
100
AcDbEntity
  8
0
  6
Continuous
 62
    18
420
        0
370
    25
100
AcDb2dPolyline
 66
     1
 10
0.0
 20
0.0
 30
0.0
 70
     1
  0
VERTEX
  5
B61
330
B60
100
AcDbEntity
  8
0
  6
Continuous
 62
    18
420
        0
370
    25
100
AcDbVertex
100
AcDb2dVertex
 10
26.94162223091211
 20
27.05672062790758
 30
0.0
  0
VERTEX
  5
B62
330
B60
100
AcDbEntity
  8
0
  6
Continuous
 62
    18
420
        0
370
    25
100
AcDbVertex
100
AcDb2dVertex
 10
27.54162223091212
 20
27.05672062790758
 30
0.0
  0
VERTEX
  5
B63
330
B60
100
AcDbEntity
  8
0
  6
Continuous
 62
    18
420
        0
370
    25
100
AcDbVertex
100
AcDb2dVertex
 10
27.54162223091212
 20
27.65672062790759
 30
0.0
  0
VERTEX
  5
B64
330
B60
100
AcDbEntity
  8
0
  6
Continuous
 62
    18
420
        0
370
    25
100
AcDbVertex
100
AcDb2dVertex
 10
26.94162223091211
 20
27.65672062790759
 30
0.0
  0
SEQEND
  5
B65
330
B60
100
AcDbEntity
  8
0
  6
Continuous
 62
    18
420
        0
370
    25
  0
POLYLINE
  5
B66
330
1F
100
AcDbEntity
  8
0
  6
Continuous
 62
    18
420
        0
370
    25
100
AcDb2dPolyline
 66
     1
 10
0.0
 20
0.0
 30
0.0
 70
     1
  0
VERTEX
  5
B67
330
B66
100
AcDbEntity
  8
0
  6
Continuous
 62
    18
420
        0
370
    25
100
AcDbVertex
100
AcDb2dVertex
 10
29.69039602219631
 20
27.05672062790758
 30
0.0
  0
VERTEX
  5
B68
330
B66
100
AcDbEntity
  8
0
  6
Continuous
 62
    18
420
        0
370
    25
100
AcDbVertex
100
AcDb2dVertex
 10
30.29039602219633
 20
27.05672062790758
 30
0.0
  0
VERTEX
  5
B69
330
B66
100
AcDbEntity
  8
0
  6
Continuous
 62
    18
420
        0
370
    25
100
AcDbVertex
100
AcDb2dVertex
 10
30.29039602219633
 20
27.65672062790759
 30
0.0
  0
VERTEX
  5
B6A
330
B66
100
AcDbEntity
  8
0
  6
Continuous
 62
    18
420
        0
370
    25
100
AcDbVertex
100
AcDb2dVertex
 10
29.69039602219631
 20
27.65672062790759
 30
0.0
  0
SEQEND
  5
B6B
330
B66
100
AcDbEntity
  8
0
  6
Continuous
 62
    18
420
        0
370
    25
  0
POLYLINE
  5
B6C
330
1F
100
AcDbEntity
  8
0
  6
Continuous
 62
    18
420
        0
370
    25
100
AcDb2dPolyline
 66
     1
 10
0.0
 20
0.0
 30
0.0
 70
     1
  0
VERTEX
  5
B6D
330
B6C
100
AcDbEntity
  8
0
  6
Continuous
 62
    18
420
        0
370
    25
100
AcDbVertex
100
AcDb2dVertex
 10
28.79453855448601
 20
26.43671286129386
 30
0.0
  0
VERTEX
  5
B6E
330
B6C
100
AcDbEntity
  8
0
  6
Continuous
 62
    18
420
        0
370
    25
100
AcDbVertex
100
AcDb2dVertex
 10
29.62836969173201
 20
26.43671286129386
 30
0.0
  0
VERTEX
  5
B6F
330
B6C
100
AcDbEntity
  8
0
  6
Continuous
 62
    18
420
        0
370
    25
100
AcDbVertex
100
AcDb2dVertex
 10
29.62836969173201
 20
28.2901100336558
 30
0.0
  0
VERTEX
  5
B70
330
B6C
100
AcDbEntity
  8
0
  6
Continuous
 62
    18
420
        0
370
    25
100
AcDbVertex
100
AcDb2dVertex
 10
28.79453855448601
 20
28.2901100336558
 30
0.0
  0
SEQEND
  5
B71
330
B6C
100
AcDbEntity
  8
0
  6
Continuous
 62
    18
420
        0
370
    25
  0
POLYLINE
  5
B72
330
1F
100
AcDbEntity
  8
0
  6
Continuous
 62
    18
420
        0
370
    25
100
AcDb2dPolyline
 66
     1
 10
0.0
 20
0.0
 30
0.0
 70
     1
  0
VERTEX
  5
B73
330
B72
100
AcDbEntity
  8
0
  6
Continuous
 62
    18
420
        0
370
    25
100
AcDbVertex
100
AcDb2dVertex
 10
32.42181046555142
 20
27.05672062790758
 30
0.0
  0
VERTEX
  5
B74
330
B72
100
AcDbEntity
  8
0
  6
Continuous
 62
    18
420
        0
370
    25
100
AcDbVertex
100
AcDb2dVertex
 10
33.02181046555143
 20
27.05672062790758
 30
0.0
  0
VERTEX
  5
B75
330
B72
100
AcDbEntity
  8
0
  6
Continuous
 62
    18
420
        0
370
    25
100
AcDbVertex
100
AcDb2dVertex
 10
33.02181046555143
 20
27.65672062790759
 30
0.0
  0
VERTEX
  5
B76
330
B72
100
AcDbEntity
  8
0
  6
Continuous
 62
    18
420
        0
370
    25
100
AcDbVertex
100
AcDb2dVertex
 10
32.42181046555142
 20
27.65672062790759
 30
0.0
  0
SEQEND
  5
B77
330
B72
100
AcDbEntity
  8
0
  6
Continuous
 62
    18
420
        0
370
    25
  0
POLYLINE
  5
B78
330
1F
100
AcDbEntity
  8
0
  6
Continuous
 62
    18
420
        0
370
    25
100
AcDb2dPolyline
 66
     1
 10
0.0
 20
0.0
 30
0.0
 70
     1
  0
VERTEX
  5
B79
330
B78
100
AcDbEntity
  8
0
  6
Continuous
 62
    18
420
        0
370
    25
100
AcDbVertex
100
AcDb2dVertex
 10
31.52595299784111
 20
26.43671286129386
 30
0.0
  0
VERTEX
  5
B7A
330
B78
100
AcDbEntity
  8
0
  6
Continuous
 62
    18
420
        0
370
    25
100
AcDbVertex
100
AcDb2dVertex
 10
32.35978413508712
 20
26.43671286129386
 30
0.0
  0
VERTEX
  5
B7B
330
B78
100
AcDbEntity
  8
0
  6
Continuous
 62
    18
420
        0
370
    25
100
AcDbVertex
100
AcDb2dVertex
 10
32.35978413508712
 20
28.2901100336558
 30
0.0
  0
VERTEX
  5
B7C
330
B78
100
AcDbEntity
  8
0
  6
Continuous
 62
    18
420
        0
370
    25
100
AcDbVertex
100
AcDb2dVertex
 10
31.52595299784111
 20
28.2901100336558
 30
0.0
  0
SEQEND
  5
B7D
330
B78
100
AcDbEntity
  8
0
  6
Continuous
 62
    18
420
        0
370
    25
  0
POLYLINE
  5
B7E
330
1F
100
AcDbEntity
  8
0
  6
Continuous
 62
    18
420
        0
370
    25
100
AcDb2dPolyline
 66
     1
 10
0.0
 20
0.0
 30
0.0
 70
     1
  0
VERTEX
  5
B7F
330
B7E
100
AcDbEntity
  8
0
  6
Continuous
 62
    18
420
        0
370
    25
100
AcDbVertex
100
AcDb2dVertex
 10
35.15889174385124
 20
27.05672062790758
 30
0.0
  0
VERTEX
  5
B80
330
B7E
100
AcDbEntity
  8
0
  6
Continuous
 62
    18
420
        0
370
    25
100
AcDbVertex
100
AcDb2dVertex
 10
35.75889174385125
 20
27.05672062790758
 30
0.0
  0
VERTEX
  5
B81
330
B7E
100
AcDbEntity
  8
0
  6
Continuous
 62
    18
420
        0
370
    25
100
AcDbVertex
100
AcDb2dVertex
 10
35.75889174385125
 20
27.65672062790759
 30
0.0
  0
VERTEX
  5
B82
330
B7E
100
AcDbEntity
  8
0
  6
Continuous
 62
    18
420
        0
370
    25
100
AcDbVertex
100
AcDb2dVertex
 10
35.15889174385124
 20
27.65672062790759
 30
0.0
  0
SEQEND
  5
B83
330
B7E
100
AcDbEntity
  8
0
  6
Continuous
 62
    18
420
        0
370
    25
  0
POLYLINE
  5
B84
330
1F
100
AcDbEntity
  8
0
  6
Continuous
 62
    18
420
        0
370
    25
100
AcDb2dPolyline
 66
     1
 10
0.0
 20
0.0
 30
0.0
 70
     1
  0
VERTEX
  5
B85
330
B84
100
AcDbEntity
  8
0
  6
Continuous
 62
    18
420
        0
370
    25
100
AcDbVertex
100
AcDb2dVertex
 10
34.26303427614096
 20
26.43671286129386
 30
0.0
  0
VERTEX
  5
B86
330
B84
100
AcDbEntity
  8
0
  6
Continuous
 62
    18
420
        0
370
    25
100
AcDbVertex
100
AcDb2dVertex
 10
35.09686541338694
 20
26.43671286129386
 30
0.0
  0
VERTEX
  5
B87
330
B84
100
AcDbEntity
  8
0
  6
Continuous
 62
    18
420
        0
370
    25
100
AcDbVertex
100
AcDb2dVertex
 10
35.09686541338694
 20
28.2901100336558
 30
0.0
  0
VERTEX
  5
B88
330
B84
100
AcDbEntity
  8
0
  6
Continuous
 62
    18
420
        0
370
    25
100
AcDbVertex
100
AcDb2dVertex
 10
34.26303427614096
 20
28.2901100336558
 30
0.0
  0
SEQEND
  5
B89
330
B84
100
AcDbEntity
  8
0
  6
Continuous
 62
    18
420
        0
370
    25
  0
POLYLINE
  5
B8A
330
1F
100
AcDbEntity
  8
0
  6
Continuous
 62
    18
420
        0
370
    25
100
AcDb2dPolyline
 66
     1
 10
0.0
 20
0.0
 30
0.0
 70
     1
  0
VERTEX
  5
B8B
330
B8A
100
AcDbEntity
  8
0
  6
Continuous
 62
    18
420
        0
370
    25
100
AcDbVertex
100
AcDb2dVertex
 10
37.89597302215109
 20
27.05672062790758
 30
0.0
  0
VERTEX
  5
B8C
330
B8A
100
AcDbEntity
  8
0
  6
Continuous
 62
    18
420
        0
370
    25
100
AcDbVertex
100
AcDb2dVertex
 10
38.49597302215109
 20
27.05672062790758
 30
0.0
  0
VERTEX
  5
B8D
330
B8A
100
AcDbEntity
  8
0
  6
Continuous
 62
    18
420
        0
370
    25
100
AcDbVertex
100
AcDb2dVertex
 10
38.49597302215109
 20
27.65672062790759
 30
0.0
  0
VERTEX
  5
B8E
330
B8A
100
AcDbEntity
  8
0
  6
Continuous
 62
    18
420
        0
370
    25
100
AcDbVertex
100
AcDb2dVertex
 10
37.89597302215109
 20
27.65672062790759
 30
0.0
  0
SEQEND
  5
B8F
330
B8A
100
AcDbEntity
  8
0
  6
Continuous
 62
    18
420
        0
370
    25
  0
POLYLINE
  5
B90
330
1F
100
AcDbEntity
  8
0
  6
Continuous
 62
    18
420
        0
370
    25
100
AcDb2dPolyline
 66
     1
 10
0.0
 20
0.0
 30
0.0
 70
     1
  0
VERTEX
  5
B91
330
B90
100
AcDbEntity
  8
0
  6
Continuous
 62
    18
420
        0
370
    25
100
AcDbVertex
100
AcDb2dVertex
 10
37.00011555444078
 20
26.43671286129386
 30
0.0
  0
VERTEX
  5
B92
330
B90
100
AcDbEntity
  8
0
  6
Continuous
 62
    18
420
        0
370
    25
100
AcDbVertex
100
AcDb2dVertex
 10
37.83394669168678
 20
26.43671286129386
 30
0.0
  0
VERTEX
  5
B93
330
B90
100
AcDbEntity
  8
0
  6
Continuous
 62
    18
420
        0
370
    25
100
AcDbVertex
100
AcDb2dVertex
 10
37.83394669168678
 20
28.2901100336558
 30
0.0
  0
VERTEX
  5
B94
330
B90
100
AcDbEntity
  8
0
  6
Continuous
 62
    18
420
        0
370
    25
100
AcDbVertex
100
AcDb2dVertex
 10
37.00011555444078
 20
28.2901100336558
 30
0.0
  0
SEQEND
  5
B95
330
B90
100
AcDbEntity
  8
0
  6
Continuous
 62
    18
420
        0
370
    25
  0
POLYLINE
  5
B96
330
1F
100
AcDbEntity
  8
0
  6
Continuous
 62
    18
420
        0
370
    25
100
AcDb2dPolyline
 66
     1
 10
0.0
 20
0.0
 30
0.0
 70
     1
  0
VERTEX
  5
B97
330
B96
100
AcDbEntity
  8
0
  6
Continuous
 62
    18
420
        0
370
    25
100
AcDbVertex
100
AcDb2dVertex
 10
40.62172063056146
 20
27.05672062790758
 30
0.0
  0
VERTEX
  5
B98
330
B96
100
AcDbEntity
  8
0
  6
Continuous
 62
    18
420
        0
370
    25
100
AcDbVertex
100
AcDb2dVertex
 10
41.22172063056149
 20
27.05672062790758
 30
0.0
  0
VERTEX
  5
B99
330
B96
100
AcDbEntity
  8
0
  6
Continuous
 62
    18
420
        0
370
    25
100
AcDbVertex
100
AcDb2dVertex
 10
41.22172063056149
 20
27.65672062790759
 30
0.0
  0
VERTEX
  5
B9A
330
B96
100
AcDbEntity
  8
0
  6
Continuous
 62
    18
420
        0
370
    25
100
AcDbVertex
100
AcDb2dVertex
 10
40.62172063056146
 20
27.65672062790759
 30
0.0
  0
SEQEND
  5
B9B
330
B96
100
AcDbEntity
  8
0
  6
Continuous
 62
    18
420
        0
370
    25
  0
POLYLINE
  5
B9C
330
1F
100
AcDbEntity
  8
0
  6
Continuous
 62
    18
420
        0
370
    25
100
AcDb2dPolyline
 66
     1
 10
0.0
 20
0.0
 30
0.0
 70
     1
  0
VERTEX
  5
B9D
330
B9C
100
AcDbEntity
  8
0
  6
Continuous
 62
    18
420
        0
370
    25
100
AcDbVertex
100
AcDb2dVertex
 10
39.72586316285116
 20
26.43671286129386
 30
0.0
  0
VERTEX
  5
B9E
330
B9C
100
AcDbEntity
  8
0
  6
Continuous
 62
    18
420
        0
370
    25
100
AcDbVertex
100
AcDb2dVertex
 10
40.55969430009716
 20
26.43671286129386
 30
0.0
  0
VERTEX
  5
B9F
330
B9C
100
AcDbEntity
  8
0
  6
Continuous
 62
    18
420
        0
370
    25
100
AcDbVertex
100
AcDb2dVertex
 10
40.55969430009716
 20
28.2901100336558
 30
0.0
  0
VERTEX
  5
BA0
330
B9C
100
AcDbEntity
  8
0
  6
Continuous
 62
    18
420
        0
370
    25
100
AcDbVertex
100
AcDb2dVertex
 10
39.72586316285116
 20
28.2901100336558
 30
0.0
  0
SEQEND
  5
BA1
330
B9C
100
AcDbEntity
  8
0
  6
Continuous
 62
    18
420
        0
370
    25
  0
POLYLINE
  5
BA2
330
1F
100
AcDbEntity
  8
0
  6
Continuous
 62
    18
420
        0
370
    25
100
AcDb2dPolyline
 66
     1
 10
0.0
 20
0.0
 30
0.0
 70
     1
  0
VERTEX
  5
BA3
330
BA2
100
AcDbEntity
  8
0
  6
Continuous
 62
    18
420
        0
370
    25
100
AcDbVertex
100
AcDb2dVertex
 10
43.34746823897186
 20
27.05672062790758
 30
0.0
  0
VERTEX
  5
BA4
330
BA2
100
AcDbEntity
  8
0
  6
Continuous
 62
    18
420
        0
370
    25
100
AcDbVertex
100
AcDb2dVertex
 10
43.94746823897189
 20
27.05672062790758
 30
0.0
  0
VERTEX
  5
BA5
330
BA2
100
AcDbEntity
  8
0
  6
Continuous
 62
    18
420
        0
370
    25
100
AcDbVertex
100
AcDb2dVertex
 10
43.94746823897189
 20
27.65672062790759
 30
0.0
  0
VERTEX
  5
BA6
330
BA2
100
AcDbEntity
  8
0
  6
Continuous
 62
    18
420
        0
370
    25
100
AcDbVertex
100
AcDb2dVertex
 10
43.34746823897186
 20
27.65672062790759
 30
0.0
  0
SEQEND
  5
BA7
330
BA2
100
AcDbEntity
  8
0
  6
Continuous
 62
    18
420
        0
370
    25
  0
POLYLINE
  5
BA8
330
1F
100
AcDbEntity
  8
0
  6
Continuous
 62
    18
420
        0
370
    25
100
AcDb2dPolyline
 66
     1
 10
0.0
 20
0.0
 30
0.0
 70
     1
  0
VERTEX
  5
BA9
330
BA8
100
AcDbEntity
  8
0
  6
Continuous
 62
    18
420
        0
370
    25
100
AcDbVertex
100
AcDb2dVertex
 10
42.45161077126156
 20
26.43671286129386
 30
0.0
  0
VERTEX
  5
BAA
330
BA8
100
AcDbEntity
  8
0
  6
Continuous
 62
    18
420
        0
370
    25
100
AcDbVertex
100
AcDb2dVertex
 10
43.28544190850756
 20
26.43671286129386
 30
0.0
  0
VERTEX
  5
BAB
330
BA8
100
AcDbEntity
  8
0
  6
Continuous
 62
    18
420
        0
370
    25
100
AcDbVertex
100
AcDb2dVertex
 10
43.28544190850756
 20
28.2901100336558
 30
0.0
  0
VERTEX
  5
BAC
330
BA8
100
AcDbEntity
  8
0
  6
Continuous
 62
    18
420
        0
370
    25
100
AcDbVertex
100
AcDb2dVertex
 10
42.45161077126156
 20
28.2901100336558
 30
0.0
  0
SEQEND
  5
BAD
330
BA8
100
AcDbEntity
  8
0
  6
Continuous
 62
    18
420
        0
370
    25
  0
POLYLINE
  5
BAE
330
1F
100
AcDbEntity
  8
0
  6
Continuous
 62
    18
420
        0
370
    25
100
AcDb2dPolyline
 66
     1
 10
0.0
 20
0.0
 30
0.0
 70
     1
  0
VERTEX
  5
BAF
330
BAE
100
AcDbEntity
  8
0
  6
Continuous
 62
    18
420
        0
370
    25
100
AcDbVertex
100
AcDb2dVertex
 10
46.09021635221644
 20
27.05672062790758
 30
0.0
  0
VERTEX
  5
BB0
330
BAE
100
AcDbEntity
  8
0
  6
Continuous
 62
    18
420
        0
370
    25
100
AcDbVertex
100
AcDb2dVertex
 10
46.69021635221644
 20
27.05672062790758
 30
0.0
  0
VERTEX
  5
BB1
330
BAE
100
AcDbEntity
  8
0
  6
Continuous
 62
    18
420
        0
370
    25
100
AcDbVertex
100
AcDb2dVertex
 10
46.69021635221644
 20
27.65672062790759
 30
0.0
  0
VERTEX
  5
BB2
330
BAE
100
AcDbEntity
  8
0
  6
Continuous
 62
    18
420
        0
370
    25
100
AcDbVertex
100
AcDb2dVertex
 10
46.09021635221644
 20
27.65672062790759
 30
0.0
  0
SEQEND
  5
BB3
330
BAE
100
AcDbEntity
  8
0
  6
Continuous
 62
    18
420
        0
370
    25
  0
POLYLINE
  5
BB4
330
1F
100
AcDbEntity
  8
0
  6
Continuous
 62
    18
420
        0
370
    25
100
AcDb2dPolyline
 66
     1
 10
0.0
 20
0.0
 30
0.0
 70
     1
  0
VERTEX
  5
BB5
330
BB4
100
AcDbEntity
  8
0
  6
Continuous
 62
    18
420
        0
370
    25
100
AcDbVertex
100
AcDb2dVertex
 10
45.19435888450614
 20
26.43671286129386
 30
0.0
  0
VERTEX
  5
BB6
330
BB4
100
AcDbEntity
  8
0
  6
Continuous
 62
    18
420
        0
370
    25
100
AcDbVertex
100
AcDb2dVertex
 10
46.02819002175212
 20
26.43671286129386
 30
0.0
  0
VERTEX
  5
BB7
330
BB4
100
AcDbEntity
  8
0
  6
Continuous
 62
    18
420
        0
370
    25
100
AcDbVertex
100
AcDb2dVertex
 10
46.02819002175212
 20
28.2901100336558
 30
0.0
  0
VERTEX
  5
BB8
330
BB4
100
AcDbEntity
  8
0
  6
Continuous
 62
    18
420
        0
370
    25
100
AcDbVertex
100
AcDb2dVertex
 10
45.19435888450614
 20
28.2901100336558
 30
0.0
  0
SEQEND
  5
BB9
330
BB4
100
AcDbEntity
  8
0
  6
Continuous
 62
    18
420
        0
370
    25
  0
POLYLINE
  5
BBA
330
1F
100
AcDbEntity
  8
0
  6
Continuous
 62
    18
420
        0
370
    25
100
AcDb2dPolyline
 66
     1
 10
0.0
 20
0.0
 30
0.0
 70
     1
  0
VERTEX
  5
BBB
330
BBA
100
AcDbEntity
  8
0
  6
Continuous
 62
    18
420
        0
370
    25
100
AcDbVertex
100
AcDb2dVertex
 10
48.83296446546098
 20
27.05672062790758
 30
0.0
  0
VERTEX
  5
BBC
330
BBA
100
AcDbEntity
  8
0
  6
Continuous
 62
    18
420
        0
370
    25
100
AcDbVertex
100
AcDb2dVertex
 10
49.43296446546098
 20
27.05672062790758
 30
0.0
  0
VERTEX
  5
BBD
330
BBA
100
AcDbEntity
  8
0
  6
Continuous
 62
    18
420
        0
370
    25
100
AcDbVertex
100
AcDb2dVertex
 10
49.43296446546098
 20
27.65672062790759
 30
0.0
  0
VERTEX
  5
BBE
330
BBA
100
AcDbEntity
  8
0
  6
Continuous
 62
    18
420
        0
370
    25
100
AcDbVertex
100
AcDb2dVertex
 10
48.83296446546098
 20
27.65672062790759
 30
0.0
  0
SEQEND
  5
BBF
330
BBA
100
AcDbEntity
  8
0
  6
Continuous
 62
    18
420
        0
370
    25
  0
POLYLINE
  5
BC0
330
1F
100
AcDbEntity
  8
0
  6
Continuous
 62
    18
420
        0
370
    25
100
AcDb2dPolyline
 66
     1
 10
0.0
 20
0.0
 30
0.0
 70
     1
  0
VERTEX
  5
BC1
330
BC0
100
AcDbEntity
  8
0
  6
Continuous
 62
    18
420
        0
370
    25
100
AcDbVertex
100
AcDb2dVertex
 10
47.93710699775068
 20
26.43671286129386
 30
0.0
  0
VERTEX
  5
BC2
330
BC0
100
AcDbEntity
  8
0
  6
Continuous
 62
    18
420
        0
370
    25
100
AcDbVertex
100
AcDb2dVertex
 10
48.77093813499668
 20
26.43671286129386
 30
0.0
  0
VERTEX
  5
BC3
330
BC0
100
AcDbEntity
  8
0
  6
Continuous
 62
    18
420
        0
370
    25
100
AcDbVertex
100
AcDb2dVertex
 10
48.77093813499668
 20
28.2901100336558
 30
0.0
  0
VERTEX
  5
BC4
330
BC0
100
AcDbEntity
  8
0
  6
Continuous
 62
    18
420
        0
370
    25
100
AcDbVertex
100
AcDb2dVertex
 10
47.93710699775068
 20
28.2901100336558
 30
0.0
  0
SEQEND
  5
BC5
330
BC0
100
AcDbEntity
  8
0
  6
Continuous
 62
    18
420
        0
370
    25
  0
POLYLINE
  5
BC6
330
1F
100
AcDbEntity
  8
0
  6
Continuous
 62
    18
420
        0
370
    25
100
AcDb2dPolyline
 66
     1
 10
0.0
 20
0.0
 30
0.0
 70
     1
  0
VERTEX
  5
BC7
330
BC6
100
AcDbEntity
  8
0
  6
Continuous
 62
    18
420
        0
370
    25
100
AcDbVertex
100
AcDb2dVertex
 10
63.31113638482978
 20
12.80410408075581
 30
0.0
  0
VERTEX
  5
BC8
330
BC6
100
AcDbEntity
  8
0
  6
Continuous
 62
    18
420
        0
370
    25
100
AcDbVertex
100
AcDb2dVertex
 10
63.91113638482977
 20
12.80410408075581
 30
0.0
  0
VERTEX
  5
BC9
330
BC6
100
AcDbEntity
  8
0
  6
Continuous
 62
    18
420
        0
370
    25
100
AcDbVertex
100
AcDb2dVertex
 10
63.91113638482977
 20
13.40410408075579
 30
0.0
  0
VERTEX
  5
BCA
330
BC6
100
AcDbEntity
  8
0
  6
Continuous
 62
    18
420
        0
370
    25
100
AcDbVertex
100
AcDb2dVertex
 10
63.31113638482978
 20
13.40410408075579
 30
0.0
  0
SEQEND
  5
BCB
330
BC6
100
AcDbEntity
  8
0
  6
Continuous
 62
    18
420
        0
370
    25
  0
POLYLINE
  5
BCC
330
1F
100
AcDbEntity
  8
0
  6
Continuous
 62
    18
420
        0
370
    25
100
AcDb2dPolyline
 66
     1
 10
0.0
 20
0.0
 30
0.0
 70
     1
  0
VERTEX
  5
BCD
330
BCC
100
AcDbEntity
  8
0
  6
Continuous
 62
    18
420
        0
370
    25
100
AcDbVertex
100
AcDb2dVertex
 10
62.54755390802249
 20
12.79970601352737
 30
0.0
  0
VERTEX
  5
BCE
330
BCC
100
AcDbEntity
  8
0
  6
Continuous
 62
    18
420
        0
370
    25
100
AcDbVertex
100
AcDb2dVertex
 10
63.14755390802249
 20
12.79970601352737
 30
0.0
  0
VERTEX
  5
BCF
330
BCC
100
AcDbEntity
  8
0
  6
Continuous
 62
    18
420
        0
370
    25
100
AcDbVertex
100
AcDb2dVertex
 10
63.14755390802249
 20
13.39970601352738
 30
0.0
  0
VERTEX
  5
BD0
330
BCC
100
AcDbEntity
  8
0
  6
Continuous
 62
    18
420
        0
370
    25
100
AcDbVertex
100
AcDb2dVertex
 10
62.54755390802249
 20
13.39970601352738
 30
0.0
  0
SEQEND
  5
BD1
330
BCC
100
AcDbEntity
  8
0
  6
Continuous
 62
    18
420
        0
370
    25
  0
POLYLINE
  5
BD2
330
1F
100
AcDbEntity
  8
0
  6
Continuous
 62
    18
420
        0
370
    25
100
AcDb2dPolyline
 66
     1
 10
0.0
 20
0.0
 30
0.0
 70
     1
  0
VERTEX
  5
BD3
330
BD2
100
AcDbEntity
  8
0
  6
Continuous
 62
    18
420
        0
370
    25
100
AcDbVertex
100
AcDb2dVertex
 10
61.48184180081918
 20
12.29545168394683
 30
0.0
  0
VERTEX
  5
BD4
330
BD2
100
AcDbEntity
  8
0
  6
Continuous
 62
    18
420
        0
370
    25
100
AcDbVertex
100
AcDb2dVertex
 10
61.89875736944216
 20
12.29545168394683
 30
0.0
  0
VERTEX
  5
BD5
330
BD2
100
AcDbEntity
  8
0
  6
Continuous
 62
    18
420
        0
370
    25
100
AcDbVertex
100
AcDb2dVertex
 10
61.89875736944216
 20
13.39592484924654
 30
0.0
  0
VERTEX
  5
BD6
330
BD2
100
AcDbEntity
  8
0
  6
Continuous
 62
    18
420
        0
370
    25
100
AcDbVertex
100
AcDb2dVertex
 10
61.48184180081918
 20
13.39592484924654
 30
0.0
  0
SEQEND
  5
BD7
330
BD2
100
AcDbEntity
  8
0
  6
Continuous
 62
    18
420
        0
370
    25
  0
POLYLINE
  5
BD8
330
1F
100
AcDbEntity
  8
0
  6
Continuous
 62
    18
420
        0
370
    25
100
AcDb2dPolyline
 66
     1
 10
0.0
 20
0.0
 30
0.0
 70
     1
  0
VERTEX
  5
BD9
330
BD8
100
AcDbEntity
  8
0
  6
Continuous
 62
    18
420
        0
370
    25
100
AcDbVertex
100
AcDb2dVertex
 10
63.16746512878007
 20
8.290373298072879
 30
0.0
  0
VERTEX
  5
BDA
330
BD8
100
AcDbEntity
  8
0
  6
Continuous
 62
    18
420
        0
370
    25
100
AcDbVertex
100
AcDb2dVertex
 10
66.49753767224067
 20
8.290373298072879
 30
0.0
  0
VERTEX
  5
BDB
330
BD8
100
AcDbEntity
  8
0
  6
Continuous
 62
    18
420
        0
370
    25
100
AcDbVertex
100
AcDb2dVertex
 10
66.49753767224067
 20
8.70728886669589
 30
0.0
  0
VERTEX
  5
BDC
330
BD8
100
AcDbEntity
  8
0
  6
Continuous
 62
    18
420
        0
370
    25
100
AcDbVertex
100
AcDb2dVertex
 10
63.16746512878007
 20
8.70728886669589
 30
0.0
  0
SEQEND
  5
BDD
330
BD8
100
AcDbEntity
  8
0
  6
Continuous
 62
    18
420
        0
370
    25
  0
POLYLINE
  5
BDE
330
1F
100
AcDbEntity
  8
0
  6
Continuous
 62
    18
420
        0
370
    25
100
AcDb2dPolyline
 66
     1
 10
0.0
 20
0.0
 30
0.0
 70
     1
  0
VERTEX
  5
BDF
330
BDE
100
AcDbEntity
  8
0
  6
Continuous
 62
    18
420
        0
370
    25
100
AcDbVertex
100
AcDb2dVertex
 10
64.62921344663027
 20
12.5536534631263
 30
0.0
  0
VERTEX
  5
BE0
330
BDE
100
AcDbEntity
  8
0
  6
Continuous
 62
    18
420
        0
370
    25
100
AcDbVertex
100
AcDb2dVertex
 10
66.48261061899218
 20
12.5536534631263
 30
0.0
  0
VERTEX
  5
BE1
330
BDE
100
AcDbEntity
  8
0
  6
Continuous
 62
    18
420
        0
370
    25
100
AcDbVertex
100
AcDb2dVertex
 10
66.48261061899218
 20
13.38748460037228
 30
0.0
  0
VERTEX
  5
BE2
330
BDE
100
AcDbEntity
  8
0
  6
Continuous
 62
    18
420
        0
370
    25
100
AcDbVertex
100
AcDb2dVertex
 10
64.62921344663027
 20
13.38748460037228
 30
0.0
  0
SEQEND
  5
BE3
330
BDE
100
AcDbEntity
  8
0
  6
Continuous
 62
    18
420
        0
370
    25
  0
POLYLINE
  5
BE4
330
1F
100
AcDbEntity
  8
0
  6
Continuous
 62
    18
420
        0
370
    25
100
AcDb2dPolyline
 66
     1
 10
0.0
 20
0.0
 30
0.0
 70
     1
  0
VERTEX
  5
BE5
330
BE4
100
AcDbEntity
  8
0
  6
Continuous
 62
    18
420
        0
370
    25
100
AcDbVertex
100
AcDb2dVertex
 10
65.249221213244
 20
11.89162713266198
 30
0.0
  0
VERTEX
  5
BE6
330
BE4
100
AcDbEntity
  8
0
  6
Continuous
 62
    18
420
        0
370
    25
100
AcDbVertex
100
AcDb2dVertex
 10
65.84922121324398
 20
11.89162713266198
 30
0.0
  0
VERTEX
  5
BE7
330
BE4
100
AcDbEntity
  8
0
  6
Continuous
 62
    18
420
        0
370
    25
100
AcDbVertex
100
AcDb2dVertex
 10
65.84922121324398
 20
12.49162713266198
 30
0.0
  0
VERTEX
  5
BE8
330
BE4
100
AcDbEntity
  8
0
  6
Continuous
 62
    18
420
        0
370
    25
100
AcDbVertex
100
AcDb2dVertex
 10
65.249221213244
 20
12.49162713266198
 30
0.0
  0
SEQEND
  5
BE9
330
BE4
100
AcDbEntity
  8
0
  6
Continuous
 62
    18
420
        0
370
    25
  0
POLYLINE
  5
BEA
330
1F
100
AcDbEntity
  8
0
  6
Continuous
 62
    18
420
        0
370
    25
100
AcDb2dPolyline
 66
     1
 10
0.0
 20
0.0
 30
0.0
 70
     1
  0
VERTEX
  5
BEB
330
BEA
100
AcDbEntity
  8
0
  6
Continuous
 62
    18
420
        0
370
    25
100
AcDbVertex
100
AcDb2dVertex
 10
65.00157901279651
 20
9.620379328193707
 30
0.0
  0
VERTEX
  5
BEC
330
BEA
100
AcDbEntity
  8
0
  6
Continuous
 62
    18
420
        0
370
    25
100
AcDbVertex
100
AcDb2dVertex
 10
65.60157901279652
 20
9.620379328193707
 30
0.0
  0
VERTEX
  5
BED
330
BEA
100
AcDbEntity
  8
0
  6
Continuous
 62
    18
420
        0
370
    25
100
AcDbVertex
100
AcDb2dVertex
 10
65.60157901279652
 20
10.2203793281937
 30
0.0
  0
VERTEX
  5
BEE
330
BEA
100
AcDbEntity
  8
0
  6
Continuous
 62
    18
420
        0
370
    25
100
AcDbVertex
100
AcDb2dVertex
 10
65.00157901279651
 20
10.2203793281937
 30
0.0
  0
SEQEND
  5
BEF
330
BEA
100
AcDbEntity
  8
0
  6
Continuous
 62
    18
420
        0
370
    25
  0
POLYLINE
  5
BF0
330
1F
100
AcDbEntity
  8
0
  6
Continuous
 62
    18
420
        0
370
    25
100
AcDb2dPolyline
 66
     1
 10
0.0
 20
0.0
 30
0.0
 70
     1
  0
VERTEX
  5
BF1
330
BF0
100
AcDbEntity
  8
0
  6
Continuous
 62
    18
420
        0
370
    25
100
AcDbVertex
100
AcDb2dVertex
 10
65.66360534326084
 20
8.986989922445503
 30
0.0
  0
VERTEX
  5
BF2
330
BF0
100
AcDbEntity
  8
0
  6
Continuous
 62
    18
420
        0
370
    25
100
AcDbVertex
100
AcDb2dVertex
 10
66.4974364805068
 20
8.986989922445503
 30
0.0
  0
VERTEX
  5
BF3
330
BF0
100
AcDbEntity
  8
0
  6
Continuous
 62
    18
420
        0
370
    25
100
AcDbVertex
100
AcDb2dVertex
 10
66.4974364805068
 20
10.84038709480745
 30
0.0
  0
VERTEX
  5
BF4
330
BF0
100
AcDbEntity
  8
0
  6
Continuous
 62
    18
420
        0
370
    25
100
AcDbVertex
100
AcDb2dVertex
 10
65.66360534326084
 20
10.84038709480745
 30
0.0
  0
SEQEND
  5
BF5
330
BF0
100
AcDbEntity
  8
0
  6
Continuous
 62
    18
420
        0
370
    25
  0
POLYLINE
  5
BF6
330
1F
100
AcDbEntity
  8
0
  6
Continuous
 62
    18
420
        0
370
    25
100
AcDb2dPolyline
 66
     1
 10
0.0
 20
0.0
 30
0.0
 70
     1
  0
VERTEX
  5
BF7
330
BF6
100
AcDbEntity
  8
0
  6
Continuous
 62
    18
420
        0
370
    25
100
AcDbVertex
100
AcDb2dVertex
 10
63.16746512878007
 20
13.86272041212321
 30
0.0
  0
VERTEX
  5
BF8
330
BF6
100
AcDbEntity
  8
0
  6
Continuous
 62
    18
420
        0
370
    25
100
AcDbVertex
100
AcDb2dVertex
 10
66.49753767224067
 20
13.86272041212321
 30
0.0
  0
VERTEX
  5
BF9
330
BF6
100
AcDbEntity
  8
0
  6
Continuous
 62
    18
420
        0
370
    25
100
AcDbVertex
100
AcDb2dVertex
 10
66.49753767224067
 20
14.27963598074622
 30
0.0
  0
VERTEX
  5
BFA
330
BF6
100
AcDbEntity
  8
0
  6
Continuous
 62
    18
420
        0
370
    25
100
AcDbVertex
100
AcDb2dVertex
 10
63.16746512878007
 20
14.27963598074622
 30
0.0
  0
SEQEND
  5
BFB
330
BF6
100
AcDbEntity
  8
0
  6
Continuous
 62
    18
420
        0
370
    25
  0
POLYLINE
  5
BFC
330
1F
100
AcDbEntity
  8
0
  6
Continuous
 62
    18
420
        0
370
    25
100
AcDb2dPolyline
 66
     1
 10
0.0
 20
0.0
 30
0.0
 70
     1
  0
VERTEX
  5
BFD
330
BFC
100
AcDbEntity
  8
0
  6
Continuous
 62
    18
420
        0
370
    25
100
AcDbVertex
100
AcDb2dVertex
 10
65.00157901279651
 20
15.19272644224403
 30
0.0
  0
VERTEX
  5
BFE
330
BFC
100
AcDbEntity
  8
0
  6
Continuous
 62
    18
420
        0
370
    25
100
AcDbVertex
100
AcDb2dVertex
 10
65.60157901279652
 20
15.19272644224403
 30
0.0
  0
VERTEX
  5
BFF
330
BFC
100
AcDbEntity
  8
0
  6
Continuous
 62
    18
420
        0
370
    25
100
AcDbVertex
100
AcDb2dVertex
 10
65.60157901279652
 20
15.79272644224403
 30
0.0
  0
VERTEX
  5
C00
330
BFC
100
AcDbEntity
  8
0
  6
Continuous
 62
    18
420
        0
370
    25
100
AcDbVertex
100
AcDb2dVertex
 10
65.00157901279651
 20
15.79272644224403
 30
0.0
  0
SEQEND
  5
C01
330
BFC
100
AcDbEntity
  8
0
  6
Continuous
 62
    18
420
        0
370
    25
  0
POLYLINE
  5
C02
330
1F
100
AcDbEntity
  8
0
  6
Continuous
 62
    18
420
        0
370
    25
100
AcDb2dPolyline
 66
     1
 10
0.0
 20
0.0
 30
0.0
 70
     1
  0
VERTEX
  5
C03
330
C02
100
AcDbEntity
  8
0
  6
Continuous
 62
    18
420
        0
370
    25
100
AcDbVertex
100
AcDb2dVertex
 10
65.66360534326084
 20
14.55933703649583
 30
0.0
  0
VERTEX
  5
C04
330
C02
100
AcDbEntity
  8
0
  6
Continuous
 62
    18
420
        0
370
    25
100
AcDbVertex
100
AcDb2dVertex
 10
66.4974364805068
 20
14.55933703649583
 30
0.0
  0
VERTEX
  5
C05
330
C02
100
AcDbEntity
  8
0
  6
Continuous
 62
    18
420
        0
370
    25
100
AcDbVertex
100
AcDb2dVertex
 10
66.4974364805068
 20
16.41273420885778
 30
0.0
  0
VERTEX
  5
C06
330
C02
100
AcDbEntity
  8
0
  6
Continuous
 62
    18
420
        0
370
    25
100
AcDbVertex
100
AcDb2dVertex
 10
65.66360534326084
 20
16.41273420885778
 30
0.0
  0
SEQEND
  5
C07
330
C02
100
AcDbEntity
  8
0
  6
Continuous
 62
    18
420
        0
370
    25
  0
POLYLINE
  5
C08
330
1F
100
AcDbEntity
  8
0
  6
Continuous
 62
    18
420
        0
370
    25
100
AcDb2dPolyline
 66
     1
 10
0.0
 20
0.0
 30
0.0
 70
     1
  0
VERTEX
  5
C09
330
C08
100
AcDbEntity
  8
0
  6
Continuous
 62
    18
420
        0
370
    25
100
AcDbVertex
100
AcDb2dVertex
 10
63.16746512878007
 20
19.30736642433665
 30
0.0
  0
VERTEX
  5
C0A
330
C08
100
AcDbEntity
  8
0
  6
Continuous
 62
    18
420
        0
370
    25
100
AcDbVertex
100
AcDb2dVertex
 10
66.49753767224067
 20
19.30736642433665
 30
0.0
  0
VERTEX
  5
C0B
330
C08
100
AcDbEntity
  8
0
  6
Continuous
 62
    18
420
        0
370
    25
100
AcDbVertex
100
AcDb2dVertex
 10
66.49753767224067
 20
19.72428199295965
 30
0.0
  0
VERTEX
  5
C0C
330
C08
100
AcDbEntity
  8
0
  6
Continuous
 62
    18
420
        0
370
    25
100
AcDbVertex
100
AcDb2dVertex
 10
63.16746512878007
 20
19.72428199295965
 30
0.0
  0
SEQEND
  5
C0D
330
C08
100
AcDbEntity
  8
0
  6
Continuous
 62
    18
420
        0
370
    25
  0
POLYLINE
  5
C0E
330
1F
100
AcDbEntity
  8
0
  6
Continuous
 62
    18
420
        0
370
    25
100
AcDb2dPolyline
 66
     1
 10
0.0
 20
0.0
 30
0.0
 70
     1
  0
VERTEX
  5
C0F
330
C0E
100
AcDbEntity
  8
0
  6
Continuous
 62
    18
420
        0
370
    25
100
AcDbVertex
100
AcDb2dVertex
 10
65.00157901279651
 20
20.65853912112413
 30
0.0
  0
VERTEX
  5
C10
330
C0E
100
AcDbEntity
  8
0
  6
Continuous
 62
    18
420
        0
370
    25
100
AcDbVertex
100
AcDb2dVertex
 10
65.60157901279652
 20
20.65853912112413
 30
0.0
  0
VERTEX
  5
C11
330
C0E
100
AcDbEntity
  8
0
  6
Continuous
 62
    18
420
        0
370
    25
100
AcDbVertex
100
AcDb2dVertex
 10
65.60157901279652
 20
21.25853912112413
 30
0.0
  0
VERTEX
  5
C12
330
C0E
100
AcDbEntity
  8
0
  6
Continuous
 62
    18
420
        0
370
    25
100
AcDbVertex
100
AcDb2dVertex
 10
65.00157901279651
 20
21.25853912112413
 30
0.0
  0
SEQEND
  5
C13
330
C0E
100
AcDbEntity
  8
0
  6
Continuous
 62
    18
420
        0
370
    25
  0
POLYLINE
  5
C14
330
1F
100
AcDbEntity
  8
0
  6
Continuous
 62
    18
420
        0
370
    25
100
AcDb2dPolyline
 66
     1
 10
0.0
 20
0.0
 30
0.0
 70
     1
  0
VERTEX
  5
C15
330
C14
100
AcDbEntity
  8
0
  6
Continuous
 62
    18
420
        0
370
    25
100
AcDbVertex
100
AcDb2dVertex
 10
65.66360534326084
 20
20.02514971537593
 30
0.0
  0
VERTEX
  5
C16
330
C14
100
AcDbEntity
  8
0
  6
Continuous
 62
    18
420
        0
370
    25
100
AcDbVertex
100
AcDb2dVertex
 10
66.4974364805068
 20
20.02514971537593
 30
0.0
  0
VERTEX
  5
C17
330
C14
100
AcDbEntity
  8
0
  6
Continuous
 62
    18
420
        0
370
    25
100
AcDbVertex
100
AcDb2dVertex
 10
66.4974364805068
 20
21.87854688773788
 30
0.0
  0
VERTEX
  5
C18
330
C14
100
AcDbEntity
  8
0
  6
Continuous
 62
    18
420
        0
370
    25
100
AcDbVertex
100
AcDb2dVertex
 10
65.66360534326084
 20
21.87854688773788
 30
0.0
  0
SEQEND
  5
C19
330
C14
100
AcDbEntity
  8
0
  6
Continuous
 62
    18
420
        0
370
    25
  0
POLYLINE
  5
C1A
330
1F
100
AcDbEntity
  8
0
  6
Continuous
 62
    18
420
        0
370
    25
100
AcDb2dPolyline
 66
     1
 10
0.0
 20
0.0
 30
0.0
 70
     1
  0
VERTEX
  5
C1B
330
C1A
100
AcDbEntity
  8
0
  6
Continuous
 62
    18
420
        0
370
    25
100
AcDbVertex
100
AcDb2dVertex
 10
63.18863179544674
 20
24.78802573190909
 30
0.0
  0
VERTEX
  5
C1C
330
C1A
100
AcDbEntity
  8
0
  6
Continuous
 62
    18
420
        0
370
    25
100
AcDbVertex
100
AcDb2dVertex
 10
66.51870433890734
 20
24.78802573190909
 30
0.0
  0
VERTEX
  5
C1D
330
C1A
100
AcDbEntity
  8
0
  6
Continuous
 62
    18
420
        0
370
    25
100
AcDbVertex
100
AcDb2dVertex
 10
66.51870433890734
 20
25.20494130053211
 30
0.0
  0
VERTEX
  5
C1E
330
C1A
100
AcDbEntity
  8
0
  6
Continuous
 62
    18
420
        0
370
    25
100
AcDbVertex
100
AcDb2dVertex
 10
63.18863179544674
 20
25.20494130053211
 30
0.0
  0
SEQEND
  5
C1F
330
C1A
100
AcDbEntity
  8
0
  6
Continuous
 62
    18
420
        0
370
    25
  0
POLYLINE
  5
C20
330
1F
100
AcDbEntity
  8
0
  6
Continuous
 62
    18
420
        0
370
    25
100
AcDb2dPolyline
 66
     1
 10
0.0
 20
0.0
 30
0.0
 70
     1
  0
VERTEX
  5
C21
330
C20
100
AcDbEntity
  8
0
  6
Continuous
 62
    18
420
        0
370
    25
100
AcDbVertex
100
AcDb2dVertex
 10
63.33110210227722
 20
27.79592463242222
 30
0.0
  0
VERTEX
  5
C22
330
C20
100
AcDbEntity
  8
0
  6
Continuous
 62
    18
420
        0
370
    25
100
AcDbVertex
100
AcDb2dVertex
 10
63.93110210227721
 20
27.79592463242222
 30
0.0
  0
VERTEX
  5
C23
330
C20
100
AcDbEntity
  8
0
  6
Continuous
 62
    18
420
        0
370
    25
100
AcDbVertex
100
AcDb2dVertex
 10
63.93110210227721
 20
28.39592463242221
 30
0.0
  0
VERTEX
  5
C24
330
C20
100
AcDbEntity
  8
0
  6
Continuous
 62
    18
420
        0
370
    25
100
AcDbVertex
100
AcDb2dVertex
 10
63.33110210227722
 20
28.39592463242221
 30
0.0
  0
SEQEND
  5
C25
330
C20
100
AcDbEntity
  8
0
  6
Continuous
 62
    18
420
        0
370
    25
  0
POLYLINE
  5
C26
330
1F
100
AcDbEntity
  8
0
  6
Continuous
 62
    18
420
        0
370
    25
100
AcDb2dPolyline
 66
     1
 10
0.0
 20
0.0
 30
0.0
 70
     1
  0
VERTEX
  5
C27
330
C26
100
AcDbEntity
  8
0
  6
Continuous
 62
    18
420
        0
370
    25
100
AcDbVertex
100
AcDb2dVertex
 10
62.56751962546993
 20
27.79152656519381
 30
0.0
  0
VERTEX
  5
C28
330
C26
100
AcDbEntity
  8
0
  6
Continuous
 62
    18
420
        0
370
    25
100
AcDbVertex
100
AcDb2dVertex
 10
63.16751962546994
 20
27.79152656519381
 30
0.0
  0
VERTEX
  5
C29
330
C26
100
AcDbEntity
  8
0
  6
Continuous
 62
    18
420
        0
370
    25
100
AcDbVertex
100
AcDb2dVertex
 10
63.16751962546994
 20
28.39152656519381
 30
0.0
  0
VERTEX
  5
C2A
330
C26
100
AcDbEntity
  8
0
  6
Continuous
 62
    18
420
        0
370
    25
100
AcDbVertex
100
AcDb2dVertex
 10
62.56751962546993
 20
28.39152656519381
 30
0.0
  0
SEQEND
  5
C2B
330
C26
100
AcDbEntity
  8
0
  6
Continuous
 62
    18
420
        0
370
    25
  0
POLYLINE
  5
C2C
330
1F
100
AcDbEntity
  8
0
  6
Continuous
 62
    18
420
        0
370
    25
100
AcDb2dPolyline
 66
     1
 10
0.0
 20
0.0
 30
0.0
 70
     1
  0
VERTEX
  5
C2D
330
C2C
100
AcDbEntity
  8
0
  6
Continuous
 62
    18
420
        0
370
    25
100
AcDbVertex
100
AcDb2dVertex
 10
61.50180751826662
 20
27.28727223561325
 30
0.0
  0
VERTEX
  5
C2E
330
C2C
100
AcDbEntity
  8
0
  6
Continuous
 62
    18
420
        0
370
    25
100
AcDbVertex
100
AcDb2dVertex
 10
61.91872308688959
 20
27.28727223561325
 30
0.0
  0
VERTEX
  5
C2F
330
C2C
100
AcDbEntity
  8
0
  6
Continuous
 62
    18
420
        0
370
    25
100
AcDbVertex
100
AcDb2dVertex
 10
61.91872308688959
 20
28.38774540091297
 30
0.0
  0
VERTEX
  5
C30
330
C2C
100
AcDbEntity
  8
0
  6
Continuous
 62
    18
420
        0
370
    25
100
AcDbVertex
100
AcDb2dVertex
 10
61.50180751826662
 20
28.38774540091297
 30
0.0
  0
SEQEND
  5
C31
330
C2C
100
AcDbEntity
  8
0
  6
Continuous
 62
    18
420
        0
370
    25
  0
POLYLINE
  5
C32
330
1F
100
AcDbEntity
  8
0
  6
Continuous
 62
    18
420
        0
370
    25
100
AcDb2dPolyline
 66
     1
 10
0.0
 20
0.0
 30
0.0
 70
     1
  0
VERTEX
  5
C33
330
C32
100
AcDbEntity
  8
0
  6
Continuous
 62
    18
420
        0
370
    25
100
AcDbVertex
100
AcDb2dVertex
 10
64.64917916407768
 20
27.54547401479272
 30
0.0
  0
VERTEX
  5
C34
330
C32
100
AcDbEntity
  8
0
  6
Continuous
 62
    18
420
        0
370
    25
100
AcDbVertex
100
AcDb2dVertex
 10
66.5025763364396
 20
27.54547401479272
 30
0.0
  0
VERTEX
  5
C35
330
C32
100
AcDbEntity
  8
0
  6
Continuous
 62
    18
420
        0
370
    25
100
AcDbVertex
100
AcDb2dVertex
 10
66.5025763364396
 20
28.3793051520387
 30
0.0
  0
VERTEX
  5
C36
330
C32
100
AcDbEntity
  8
0
  6
Continuous
 62
    18
420
        0
370
    25
100
AcDbVertex
100
AcDb2dVertex
 10
64.64917916407768
 20
28.3793051520387
 30
0.0
  0
SEQEND
  5
C37
330
C32
100
AcDbEntity
  8
0
  6
Continuous
 62
    18
420
        0
370
    25
  0
POLYLINE
  5
C38
330
1F
100
AcDbEntity
  8
0
  6
Continuous
 62
    18
420
        0
370
    25
100
AcDb2dPolyline
 66
     1
 10
0.0
 20
0.0
 30
0.0
 70
     1
  0
VERTEX
  5
C39
330
C38
100
AcDbEntity
  8
0
  6
Continuous
 62
    18
420
        0
370
    25
100
AcDbVertex
100
AcDb2dVertex
 10
65.26918693069142
 20
26.88344768432841
 30
0.0
  0
VERTEX
  5
C3A
330
C38
100
AcDbEntity
  8
0
  6
Continuous
 62
    18
420
        0
370
    25
100
AcDbVertex
100
AcDb2dVertex
 10
65.86918693069141
 20
26.88344768432841
 30
0.0
  0
VERTEX
  5
C3B
330
C38
100
AcDbEntity
  8
0
  6
Continuous
 62
    18
420
        0
370
    25
100
AcDbVertex
100
AcDb2dVertex
 10
65.86918693069141
 20
27.4834476843284
 30
0.0
  0
VERTEX
  5
C3C
330
C38
100
AcDbEntity
  8
0
  6
Continuous
 62
    18
420
        0
370
    25
100
AcDbVertex
100
AcDb2dVertex
 10
65.26918693069142
 20
27.4834476843284
 30
0.0
  0
SEQEND
  5
C3D
330
C38
100
AcDbEntity
  8
0
  6
Continuous
 62
    18
420
        0
370
    25
  0
POLYLINE
  5
C3E
330
1F
100
AcDbEntity
  8
0
  6
Continuous
 62
    18
420
        0
370
    25
100
AcDb2dPolyline
 66
     1
 10
0.0
 20
0.0
 30
0.0
 70
     1
  0
VERTEX
  5
C3F
330
C3E
100
AcDbEntity
  8
0
  6
Continuous
 62
    18
420
        0
370
    25
100
AcDbVertex
100
AcDb2dVertex
 10
63.32102462224913
 20
23.74512570780313
 30
0.0
  0
VERTEX
  5
C40
330
C3E
100
AcDbEntity
  8
0
  6
Continuous
 62
    18
420
        0
370
    25
100
AcDbVertex
100
AcDb2dVertex
 10
63.92102462224912
 20
23.74512570780313
 30
0.0
  0
VERTEX
  5
C41
330
C3E
100
AcDbEntity
  8
0
  6
Continuous
 62
    18
420
        0
370
    25
100
AcDbVertex
100
AcDb2dVertex
 10
63.92102462224912
 20
24.34512570780311
 30
0.0
  0
VERTEX
  5
C42
330
C3E
100
AcDbEntity
  8
0
  6
Continuous
 62
    18
420
        0
370
    25
100
AcDbVertex
100
AcDb2dVertex
 10
63.32102462224913
 20
24.34512570780311
 30
0.0
  0
SEQEND
  5
C43
330
C3E
100
AcDbEntity
  8
0
  6
Continuous
 62
    18
420
        0
370
    25
  0
POLYLINE
  5
C44
330
1F
100
AcDbEntity
  8
0
  6
Continuous
 62
    18
420
        0
370
    25
100
AcDb2dPolyline
 66
     1
 10
0.0
 20
0.0
 30
0.0
 70
     1
  0
VERTEX
  5
C45
330
C44
100
AcDbEntity
  8
0
  6
Continuous
 62
    18
420
        0
370
    25
100
AcDbVertex
100
AcDb2dVertex
 10
62.55744214544185
 20
23.74072764057469
 30
0.0
  0
VERTEX
  5
C46
330
C44
100
AcDbEntity
  8
0
  6
Continuous
 62
    18
420
        0
370
    25
100
AcDbVertex
100
AcDb2dVertex
 10
63.15744214544185
 20
23.74072764057469
 30
0.0
  0
VERTEX
  5
C47
330
C44
100
AcDbEntity
  8
0
  6
Continuous
 62
    18
420
        0
370
    25
100
AcDbVertex
100
AcDb2dVertex
 10
63.15744214544185
 20
24.34072764057471
 30
0.0
  0
VERTEX
  5
C48
330
C44
100
AcDbEntity
  8
0
  6
Continuous
 62
    18
420
        0
370
    25
100
AcDbVertex
100
AcDb2dVertex
 10
62.55744214544185
 20
24.34072764057471
 30
0.0
  0
SEQEND
  5
C49
330
C44
100
AcDbEntity
  8
0
  6
Continuous
 62
    18
420
        0
370
    25
  0
POLYLINE
  5
C4A
330
1F
100
AcDbEntity
  8
0
  6
Continuous
 62
    18
420
        0
370
    25
100
AcDb2dPolyline
 66
     1
 10
0.0
 20
0.0
 30
0.0
 70
     1
  0
VERTEX
  5
C4B
330
C4A
100
AcDbEntity
  8
0
  6
Continuous
 62
    18
420
        0
370
    25
100
AcDbVertex
100
AcDb2dVertex
 10
61.49173003823852
 20
23.23647331099415
 30
0.0
  0
VERTEX
  5
C4C
330
C4A
100
AcDbEntity
  8
0
  6
Continuous
 62
    18
420
        0
370
    25
100
AcDbVertex
100
AcDb2dVertex
 10
61.9086456068615
 20
23.23647331099415
 30
0.0
  0
VERTEX
  5
C4D
330
C4A
100
AcDbEntity
  8
0
  6
Continuous
 62
    18
420
        0
370
    25
100
AcDbVertex
100
AcDb2dVertex
 10
61.9086456068615
 20
24.33694647629386
 30
0.0
  0
VERTEX
  5
C4E
330
C4A
100
AcDbEntity
  8
0
  6
Continuous
 62
    18
420
        0
370
    25
100
AcDbVertex
100
AcDb2dVertex
 10
61.49173003823852
 20
24.33694647629386
 30
0.0
  0
SEQEND
  5
C4F
330
C4A
100
AcDbEntity
  8
0
  6
Continuous
 62
    18
420
        0
370
    25
  0
POLYLINE
  5
C50
330
1F
100
AcDbEntity
  8
0
  6
Continuous
 62
    18
420
        0
370
    25
100
AcDb2dPolyline
 66
     1
 10
0.0
 20
0.0
 30
0.0
 70
     1
  0
VERTEX
  5
C51
330
C50
100
AcDbEntity
  8
0
  6
Continuous
 62
    18
420
        0
370
    25
100
AcDbVertex
100
AcDb2dVertex
 10
64.63910168404959
 20
23.49467509017362
 30
0.0
  0
VERTEX
  5
C52
330
C50
100
AcDbEntity
  8
0
  6
Continuous
 62
    18
420
        0
370
    25
100
AcDbVertex
100
AcDb2dVertex
 10
66.49249885641153
 20
23.49467509017362
 30
0.0
  0
VERTEX
  5
C53
330
C50
100
AcDbEntity
  8
0
  6
Continuous
 62
    18
420
        0
370
    25
100
AcDbVertex
100
AcDb2dVertex
 10
66.49249885641153
 20
24.3285062274196
 30
0.0
  0
VERTEX
  5
C54
330
C50
100
AcDbEntity
  8
0
  6
Continuous
 62
    18
420
        0
370
    25
100
AcDbVertex
100
AcDb2dVertex
 10
64.63910168404959
 20
24.3285062274196
 30
0.0
  0
SEQEND
  5
C55
330
C50
100
AcDbEntity
  8
0
  6
Continuous
 62
    18
420
        0
370
    25
  0
POLYLINE
  5
C56
330
1F
100
AcDbEntity
  8
0
  6
Continuous
 62
    18
420
        0
370
    25
100
AcDb2dPolyline
 66
     1
 10
0.0
 20
0.0
 30
0.0
 70
     1
  0
VERTEX
  5
C57
330
C56
100
AcDbEntity
  8
0
  6
Continuous
 62
    18
420
        0
370
    25
100
AcDbVertex
100
AcDb2dVertex
 10
65.25910945066333
 20
22.83264875970929
 30
0.0
  0
VERTEX
  5
C58
330
C56
100
AcDbEntity
  8
0
  6
Continuous
 62
    18
420
        0
370
    25
100
AcDbVertex
100
AcDb2dVertex
 10
65.85910945066333
 20
22.83264875970929
 30
0.0
  0
VERTEX
  5
C59
330
C56
100
AcDbEntity
  8
0
  6
Continuous
 62
    18
420
        0
370
    25
100
AcDbVertex
100
AcDb2dVertex
 10
65.85910945066333
 20
23.4326487597093
 30
0.0
  0
VERTEX
  5
C5A
330
C56
100
AcDbEntity
  8
0
  6
Continuous
 62
    18
420
        0
370
    25
100
AcDbVertex
100
AcDb2dVertex
 10
65.25910945066333
 20
23.4326487597093
 30
0.0
  0
SEQEND
  5
C5B
330
C56
100
AcDbEntity
  8
0
  6
Continuous
 62
    18
420
        0
370
    25
  0
POLYLINE
  5
C5C
330
1F
100
AcDbEntity
  8
0
  6
Continuous
 62
    18
420
        0
370
    25
100
AcDb2dPolyline
 66
     1
 10
0.0
 20
0.0
 30
0.0
 70
     1
  0
VERTEX
  5
C5D
330
C5C
100
AcDbEntity
  8
0
  6
Continuous
 62
    18
420
        0
370
    25
100
AcDbVertex
100
AcDb2dVertex
 10
63.32762646353914
 20
18.27519069225429
 30
0.0
  0
VERTEX
  5
C5E
330
C5C
100
AcDbEntity
  8
0
  6
Continuous
 62
    18
420
        0
370
    25
100
AcDbVertex
100
AcDb2dVertex
 10
63.92762646353913
 20
18.27519069225429
 30
0.0
  0
VERTEX
  5
C5F
330
C5C
100
AcDbEntity
  8
0
  6
Continuous
 62
    18
420
        0
370
    25
100
AcDbVertex
100
AcDb2dVertex
 10
63.92762646353913
 20
18.87519069225428
 30
0.0
  0
VERTEX
  5
C60
330
C5C
100
AcDbEntity
  8
0
  6
Continuous
 62
    18
420
        0
370
    25
100
AcDbVertex
100
AcDb2dVertex
 10
63.32762646353914
 20
18.87519069225428
 30
0.0
  0
SEQEND
  5
C61
330
C5C
100
AcDbEntity
  8
0
  6
Continuous
 62
    18
420
        0
370
    25
  0
POLYLINE
  5
C62
330
1F
100
AcDbEntity
  8
0
  6
Continuous
 62
    18
420
        0
370
    25
100
AcDb2dPolyline
 66
     1
 10
0.0
 20
0.0
 30
0.0
 70
     1
  0
VERTEX
  5
C63
330
C62
100
AcDbEntity
  8
0
  6
Continuous
 62
    18
420
        0
370
    25
100
AcDbVertex
100
AcDb2dVertex
 10
62.56404398673185
 20
18.27079262502585
 30
0.0
  0
VERTEX
  5
C64
330
C62
100
AcDbEntity
  8
0
  6
Continuous
 62
    18
420
        0
370
    25
100
AcDbVertex
100
AcDb2dVertex
 10
63.16404398673185
 20
18.27079262502585
 30
0.0
  0
VERTEX
  5
C65
330
C62
100
AcDbEntity
  8
0
  6
Continuous
 62
    18
420
        0
370
    25
100
AcDbVertex
100
AcDb2dVertex
 10
63.16404398673185
 20
18.87079262502586
 30
0.0
  0
VERTEX
  5
C66
330
C62
100
AcDbEntity
  8
0
  6
Continuous
 62
    18
420
        0
370
    25
100
AcDbVertex
100
AcDb2dVertex
 10
62.56404398673185
 20
18.87079262502586
 30
0.0
  0
SEQEND
  5
C67
330
C62
100
AcDbEntity
  8
0
  6
Continuous
 62
    18
420
        0
370
    25
  0
POLYLINE
  5
C68
330
1F
100
AcDbEntity
  8
0
  6
Continuous
 62
    18
420
        0
370
    25
100
AcDb2dPolyline
 66
     1
 10
0.0
 20
0.0
 30
0.0
 70
     1
  0
VERTEX
  5
C69
330
C68
100
AcDbEntity
  8
0
  6
Continuous
 62
    18
420
        0
370
    25
100
AcDbVertex
100
AcDb2dVertex
 10
61.49833187952854
 20
17.7665382954453
 30
0.0
  0
VERTEX
  5
C6A
330
C68
100
AcDbEntity
  8
0
  6
Continuous
 62
    18
420
        0
370
    25
100
AcDbVertex
100
AcDb2dVertex
 10
61.91524744815151
 20
17.7665382954453
 30
0.0
  0
VERTEX
  5
C6B
330
C68
100
AcDbEntity
  8
0
  6
Continuous
 62
    18
420
        0
370
    25
100
AcDbVertex
100
AcDb2dVertex
 10
61.91524744815151
 20
18.86701146074502
 30
0.0
  0
VERTEX
  5
C6C
330
C68
100
AcDbEntity
  8
0
  6
Continuous
 62
    18
420
        0
370
    25
100
AcDbVertex
100
AcDb2dVertex
 10
61.49833187952854
 20
18.86701146074502
 30
0.0
  0
SEQEND
  5
C6D
330
C68
100
AcDbEntity
  8
0
  6
Continuous
 62
    18
420
        0
370
    25
  0
POLYLINE
  5
C6E
330
1F
100
AcDbEntity
  8
0
  6
Continuous
 62
    18
420
        0
370
    25
100
AcDb2dPolyline
 66
     1
 10
0.0
 20
0.0
 30
0.0
 70
     1
  0
VERTEX
  5
C6F
330
C6E
100
AcDbEntity
  8
0
  6
Continuous
 62
    18
420
        0
370
    25
100
AcDbVertex
100
AcDb2dVertex
 10
64.64570352533961
 20
18.02474007462478
 30
0.0
  0
VERTEX
  5
C70
330
C6E
100
AcDbEntity
  8
0
  6
Continuous
 62
    18
420
        0
370
    25
100
AcDbVertex
100
AcDb2dVertex
 10
66.49910069770152
 20
18.02474007462478
 30
0.0
  0
VERTEX
  5
C71
330
C6E
100
AcDbEntity
  8
0
  6
Continuous
 62
    18
420
        0
370
    25
100
AcDbVertex
100
AcDb2dVertex
 10
66.49910069770152
 20
18.85857121187076
 30
0.0
  0
VERTEX
  5
C72
330
C6E
100
AcDbEntity
  8
0
  6
Continuous
 62
    18
420
        0
370
    25
100
AcDbVertex
100
AcDb2dVertex
 10
64.64570352533961
 20
18.85857121187076
 30
0.0
  0
SEQEND
  5
C73
330
C6E
100
AcDbEntity
  8
0
  6
Continuous
 62
    18
420
        0
370
    25
  0
POLYLINE
  5
C74
330
1F
100
AcDbEntity
  8
0
  6
Continuous
 62
    18
420
        0
370
    25
100
AcDb2dPolyline
 66
     1
 10
0.0
 20
0.0
 30
0.0
 70
     1
  0
VERTEX
  5
C75
330
C74
100
AcDbEntity
  8
0
  6
Continuous
 62
    18
420
        0
370
    25
100
AcDbVertex
100
AcDb2dVertex
 10
65.26571129195334
 20
17.36271374416045
 30
0.0
  0
VERTEX
  5
C76
330
C74
100
AcDbEntity
  8
0
  6
Continuous
 62
    18
420
        0
370
    25
100
AcDbVertex
100
AcDb2dVertex
 10
65.86571129195333
 20
17.36271374416045
 30
0.0
  0
VERTEX
  5
C77
330
C74
100
AcDbEntity
  8
0
  6
Continuous
 62
    18
420
        0
370
    25
100
AcDbVertex
100
AcDb2dVertex
 10
65.86571129195333
 20
17.96271374416046
 30
0.0
  0
VERTEX
  5
C78
330
C74
100
AcDbEntity
  8
0
  6
Continuous
 62
    18
420
        0
370
    25
100
AcDbVertex
100
AcDb2dVertex
 10
65.26571129195334
 20
17.96271374416046
 30
0.0
  0
SEQEND
  5
C79
330
C74
100
AcDbEntity
  8
0
  6
Continuous
 62
    18
420
        0
370
    25
  0
POLYLINE
  5
C7A
330
1F
100
AcDbEntity
  8
0
  6
Continuous
 62
    18
420
        0
370
    25
100
AcDb2dPolyline
 66
     1
 10
0.0
 20
0.0
 30
0.0
 70
     1
  0
VERTEX
  5
C7B
330
C7A
100
AcDbEntity
  8
0
  6
Continuous
 62
    18
420
        0
370
    25
100
AcDbVertex
100
AcDb2dVertex
 10
35.46962868431051
 20
16.71827124671656
 30
0.0
  0
VERTEX
  5
C7C
330
C7A
100
AcDbEntity
  8
0
  6
Continuous
 62
    18
420
        0
370
    25
100
AcDbVertex
100
AcDb2dVertex
 10
37.49343516195275
 20
16.71827124671656
 30
0.0
  0
VERTEX
  5
C7D
330
C7A
100
AcDbEntity
  8
0
  6
Continuous
 62
    18
420
        0
370
    25
100
AcDbVertex
100
AcDb2dVertex
 10
37.49343516195275
 20
18.70416507579087
 30
0.0
  0
VERTEX
  5
C7E
330
C7A
100
AcDbEntity
  8
0
  6
Continuous
 62
    18
420
        0
370
    25
100
AcDbVertex
100
AcDb2dVertex
 10
35.46962868431051
 20
18.70416507579087
 30
0.0
  0
SEQEND
  5
C7F
330
C7A
100
AcDbEntity
  8
0
  6
Continuous
 62
    18
420
        0
370
    25
  0
POLYLINE
  5
C80
330
1F
100
AcDbEntity
  8
0
  6
Continuous
 62
    18
420
        0
370
    25
100
AcDb2dPolyline
 66
     1
 10
0.0
 20
0.0
 30
0.0
 70
     1
  0
VERTEX
  5
C81
330
C80
100
AcDbEntity
  8
0
  6
Continuous
 62
    18
420
        0
370
    25
100
AcDbVertex
100
AcDb2dVertex
 10
36.64537197936372
 20
18.89969340583367
 30
0.0
  0
VERTEX
  5
C82
330
C80
100
AcDbEntity
  8
0
  6
Continuous
 62
    18
420
        0
370
    25
100
AcDbVertex
100
AcDb2dVertex
 10
37.24537197936372
 20
18.89969340583367
 30
0.0
  0
VERTEX
  5
C83
330
C80
100
AcDbEntity
  8
0
  6
Continuous
 62
    18
420
        0
370
    25
100
AcDbVertex
100
AcDb2dVertex
 10
37.24537197936372
 20
19.49969340583368
 30
0.0
  0
VERTEX
  5
C84
330
C80
100
AcDbEntity
  8
0
  6
Continuous
 62
    18
420
        0
370
    25
100
AcDbVertex
100
AcDb2dVertex
 10
36.64537197936372
 20
19.49969340583368
 30
0.0
  0
SEQEND
  5
C85
330
C80
100
AcDbEntity
  8
0
  6
Continuous
 62
    18
420
        0
370
    25
  0
POLYLINE
  5
C86
330
1F
100
AcDbEntity
  8
0
  6
Continuous
 62
    18
420
        0
370
    25
100
AcDb2dPolyline
 66
     1
 10
0.0
 20
0.0
 30
0.0
 70
     1
  0
VERTEX
  5
C87
330
C86
100
AcDbEntity
  8
0
  6
Continuous
 62
    18
420
        0
370
    25
100
AcDbVertex
100
AcDb2dVertex
 10
35.82499055965451
 20
18.89807739472337
 30
0.0
  0
VERTEX
  5
C88
330
C86
100
AcDbEntity
  8
0
  6
Continuous
 62
    18
420
        0
370
    25
100
AcDbVertex
100
AcDb2dVertex
 10
36.4249905596545
 20
18.89807739472337
 30
0.0
  0
VERTEX
  5
C89
330
C86
100
AcDbEntity
  8
0
  6
Continuous
 62
    18
420
        0
370
    25
100
AcDbVertex
100
AcDb2dVertex
 10
36.4249905596545
 20
19.49807739472336
 30
0.0
  0
VERTEX
  5
C8A
330
C86
100
AcDbEntity
  8
0
  6
Continuous
 62
    18
420
        0
370
    25
100
AcDbVertex
100
AcDb2dVertex
 10
35.82499055965451
 20
19.49807739472336
 30
0.0
  0
SEQEND
  5
C8B
330
C86
100
AcDbEntity
  8
0
  6
Continuous
 62
    18
420
        0
370
    25
  0
POLYLINE
  5
C8C
330
1F
100
AcDbEntity
  8
0
  6
Continuous
 62
    18
420
        0
370
    25
100
AcDb2dPolyline
 66
     1
 10
0.0
 20
0.0
 30
0.0
 70
     1
  0
VERTEX
  5
C8D
330
C8C
100
AcDbEntity
  8
0
  6
Continuous
 62
    18
420
        0
370
    25
100
AcDbVertex
100
AcDb2dVertex
 10
34.6875
 20
17.89275163393074
 30
0.0
  0
VERTEX
  5
C8E
330
C8C
100
AcDbEntity
  8
0
  6
Continuous
 62
    18
420
        0
370
    25
100
AcDbVertex
100
AcDb2dVertex
 10
35.2875
 20
17.89275163393074
 30
0.0
  0
VERTEX
  5
C8F
330
C8C
100
AcDbEntity
  8
0
  6
Continuous
 62
    18
420
        0
370
    25
100
AcDbVertex
100
AcDb2dVertex
 10
35.2875
 20
18.49275163393074
 30
0.0
  0
VERTEX
  5
C90
330
C8C
100
AcDbEntity
  8
0
  6
Continuous
 62
    18
420
        0
370
    25
100
AcDbVertex
100
AcDb2dVertex
 10
34.6875
 20
18.49275163393074
 30
0.0
  0
SEQEND
  5
C91
330
C8C
100
AcDbEntity
  8
0
  6
Continuous
 62
    18
420
        0
370
    25
  0
POLYLINE
  5
C92
330
1F
100
AcDbEntity
  8
0
  6
Continuous
 62
    18
420
        0
370
    25
100
AcDb2dPolyline
 66
     1
 10
0.0
 20
0.0
 30
0.0
 70
     1
  0
VERTEX
  5
C93
330
C92
100
AcDbEntity
  8
0
  6
Continuous
 62
    18
420
        0
370
    25
100
AcDbVertex
100
AcDb2dVertex
 10
34.69145180633766
 20
17.06682410936
 30
0.0
  0
VERTEX
  5
C94
330
C92
100
AcDbEntity
  8
0
  6
Continuous
 62
    18
420
        0
370
    25
100
AcDbVertex
100
AcDb2dVertex
 10
35.29145180633765
 20
17.06682410936
 30
0.0
  0
VERTEX
  5
C95
330
C92
100
AcDbEntity
  8
0
  6
Continuous
 62
    18
420
        0
370
    25
100
AcDbVertex
100
AcDb2dVertex
 10
35.29145180633765
 20
17.66682410936001
 30
0.0
  0
VERTEX
  5
C96
330
C92
100
AcDbEntity
  8
0
  6
Continuous
 62
    18
420
        0
370
    25
100
AcDbVertex
100
AcDb2dVertex
 10
34.69145180633766
 20
17.66682410936001
 30
0.0
  0
SEQEND
  5
C97
330
C92
100
AcDbEntity
  8
0
  6
Continuous
 62
    18
420
        0
370
    25
  0
POLYLINE
  5
C98
330
1F
100
AcDbEntity
  8
0
  6
Continuous
 62
    18
420
        0
370
    25
100
AcDb2dPolyline
 66
     1
 10
0.0
 20
0.0
 30
0.0
 70
     1
  0
VERTEX
  5
C99
330
C98
100
AcDbEntity
  8
0
  6
Continuous
 62
    18
420
        0
370
    25
100
AcDbVertex
100
AcDb2dVertex
 10
35.78689151567526
 20
15.96870925361987
 30
0.0
  0
VERTEX
  5
C9A
330
C98
100
AcDbEntity
  8
0
  6
Continuous
 62
    18
420
        0
370
    25
100
AcDbVertex
100
AcDb2dVertex
 10
36.38689151567528
 20
15.96870925361987
 30
0.0
  0
VERTEX
  5
C9B
330
C98
100
AcDbEntity
  8
0
  6
Continuous
 62
    18
420
        0
370
    25
100
AcDbVertex
100
AcDb2dVertex
 10
36.38689151567528
 20
16.56870925361987
 30
0.0
  0
VERTEX
  5
C9C
330
C98
100
AcDbEntity
  8
0
  6
Continuous
 62
    18
420
        0
370
    25
100
AcDbVertex
100
AcDb2dVertex
 10
35.78689151567526
 20
16.56870925361987
 30
0.0
  0
SEQEND
  5
C9D
330
C98
100
AcDbEntity
  8
0
  6
Continuous
 62
    18
420
        0
370
    25
  0
POLYLINE
  5
C9E
330
1F
100
AcDbEntity
  8
0
  6
Continuous
 62
    18
420
        0
370
    25
100
AcDb2dPolyline
 66
     1
 10
0.0
 20
0.0
 30
0.0
 70
     1
  0
VERTEX
  5
C9F
330
C9E
100
AcDbEntity
  8
0
  6
Continuous
 62
    18
420
        0
370
    25
100
AcDbVertex
100
AcDb2dVertex
 10
36.55110580213085
 20
15.97685327804557
 30
0.0
  0
VERTEX
  5
CA0
330
C9E
100
AcDbEntity
  8
0
  6
Continuous
 62
    18
420
        0
370
    25
100
AcDbVertex
100
AcDb2dVertex
 10
37.15110580213086
 20
15.97685327804557
 30
0.0
  0
VERTEX
  5
CA1
330
C9E
100
AcDbEntity
  8
0
  6
Continuous
 62
    18
420
        0
370
    25
100
AcDbVertex
100
AcDb2dVertex
 10
37.15110580213086
 20
16.57685327804557
 30
0.0
  0
VERTEX
  5
CA2
330
C9E
100
AcDbEntity
  8
0
  6
Continuous
 62
    18
420
        0
370
    25
100
AcDbVertex
100
AcDb2dVertex
 10
36.55110580213085
 20
16.57685327804557
 30
0.0
  0
SEQEND
  5
CA3
330
C9E
100
AcDbEntity
  8
0
  6
Continuous
 62
    18
420
        0
370
    25
  0
POLYLINE
  5
CA4
330
1F
100
AcDbEntity
  8
0
  6
Continuous
 62
    18
420
        0
370
    25
100
AcDb2dPolyline
 66
     1
 10
0.0
 20
0.0
 30
0.0
 70
     1
  0
VERTEX
  5
CA5
330
CA4
100
AcDbEntity
  8
0
  6
Continuous
 62
    18
420
        0
370
    25
100
AcDbVertex
100
AcDb2dVertex
 10
37.63082851664113
 20
16.986991076655
 30
0.0
  0
VERTEX
  5
CA6
330
CA4
100
AcDbEntity
  8
0
  6
Continuous
 62
    18
420
        0
370
    25
100
AcDbVertex
100
AcDb2dVertex
 10
38.23082851664113
 20
16.986991076655
 30
0.0
  0
VERTEX
  5
CA7
330
CA4
100
AcDbEntity
  8
0
  6
Continuous
 62
    18
420
        0
370
    25
100
AcDbVertex
100
AcDb2dVertex
 10
38.23082851664113
 20
17.58699107665501
 30
0.0
  0
VERTEX
  5
CA8
330
CA4
100
AcDbEntity
  8
0
  6
Continuous
 62
    18
420
        0
370
    25
100
AcDbVertex
100
AcDb2dVertex
 10
37.63082851664113
 20
17.58699107665501
 30
0.0
  0
SEQEND
  5
CA9
330
CA4
100
AcDbEntity
  8
0
  6
Continuous
 62
    18
420
        0
370
    25
  0
POLYLINE
  5
CAA
330
1F
100
AcDbEntity
  8
0
  6
Continuous
 62
    18
420
        0
370
    25
100
AcDb2dPolyline
 66
     1
 10
0.0
 20
0.0
 30
0.0
 70
     1
  0
VERTEX
  5
CAB
330
CAA
100
AcDbEntity
  8
0
  6
Continuous
 62
    18
420
        0
370
    25
100
AcDbVertex
100
AcDb2dVertex
 10
37.64268393565411
 20
17.84058124558935
 30
0.0
  0
VERTEX
  5
CAC
330
CAA
100
AcDbEntity
  8
0
  6
Continuous
 62
    18
420
        0
370
    25
100
AcDbVertex
100
AcDb2dVertex
 10
38.2426839356541
 20
17.84058124558935
 30
0.0
  0
VERTEX
  5
CAD
330
CAA
100
AcDbEntity
  8
0
  6
Continuous
 62
    18
420
        0
370
    25
100
AcDbVertex
100
AcDb2dVertex
 10
38.2426839356541
 20
18.44058124558936
 30
0.0
  0
VERTEX
  5
CAE
330
CAA
100
AcDbEntity
  8
0
  6
Continuous
 62
    18
420
        0
370
    25
100
AcDbVertex
100
AcDb2dVertex
 10
37.64268393565411
 20
18.44058124558936
 30
0.0
  0
SEQEND
  5
CAF
330
CAA
100
AcDbEntity
  8
0
  6
Continuous
 62
    18
420
        0
370
    25
  0
POLYLINE
  5
CB0
330
1F
100
AcDbEntity
  8
0
  6
Continuous
 62
    18
420
        0
370
    25
100
AcDb2dPolyline
 66
     1
 10
0.0
 20
0.0
 30
0.0
 70
     1
  0
VERTEX
  5
CB1
330
CB0
100
AcDbEntity
  8
0
  6
Continuous
 62
    18
420
        0
370
    25
100
AcDbVertex
100
AcDb2dVertex
 10
50.72886517741342
 20
27.86455322864408
 30
0.0
  0
VERTEX
  5
CB2
330
CB0
100
AcDbEntity
  8
0
  6
Continuous
 62
    18
420
        0
370
    25
100
AcDbVertex
100
AcDb2dVertex
 10
56.40775724782689
 20
27.86455322864408
 30
0.0
  0
VERTEX
  5
CB3
330
CB0
100
AcDbEntity
  8
0
  6
Continuous
 62
    18
420
        0
370
    25
100
AcDbVertex
100
AcDb2dVertex
 10
56.40775724782689
 20
28.28146879726708
 30
0.0
  0
VERTEX
  5
CB4
330
CB0
100
AcDbEntity
  8
0
  6
Continuous
 62
    18
420
        0
370
    25
100
AcDbVertex
100
AcDb2dVertex
 10
50.72886517741342
 20
28.28146879726708
 30
0.0
  0
SEQEND
  5
CB5
330
CB0
100
AcDbEntity
  8
0
  6
Continuous
 62
    18
420
        0
370
    25
  0
POLYLINE
  5
CB6
330
1F
100
AcDbEntity
  8
0
  6
Continuous
 62
    18
420
        0
370
    25
100
AcDb2dPolyline
 66
     1
 10
0.0
 20
0.0
 30
0.0
 70
     1
  0
VERTEX
  5
CB7
330
CB6
100
AcDbEntity
  8
0
  6
Continuous
 62
    18
420
        0
370
    25
100
AcDbVertex
100
AcDb2dVertex
 10
50.71198614356039
 20
25.91116934552607
 30
0.0
  0
VERTEX
  5
CB8
330
CB6
100
AcDbEntity
  8
0
  6
Continuous
 62
    18
420
        0
370
    25
100
AcDbVertex
100
AcDb2dVertex
 10
51.54581728080635
 20
25.91116934552607
 30
0.0
  0
VERTEX
  5
CB9
330
CB6
100
AcDbEntity
  8
0
  6
Continuous
 62
    18
420
        0
370
    25
100
AcDbVertex
100
AcDb2dVertex
 10
51.54581728080635
 20
27.76456651788802
 30
0.0
  0
VERTEX
  5
CBA
330
CB6
100
AcDbEntity
  8
0
  6
Continuous
 62
    18
420
        0
370
    25
100
AcDbVertex
100
AcDb2dVertex
 10
50.71198614356039
 20
27.76456651788802
 30
0.0
  0
SEQEND
  5
CBB
330
CB6
100
AcDbEntity
  8
0
  6
Continuous
 62
    18
420
        0
370
    25
  0
POLYLINE
  5
CBC
330
1F
100
AcDbEntity
  8
0
  6
Continuous
 62
    18
420
        0
370
    25
100
AcDb2dPolyline
 66
     1
 10
0.0
 20
0.0
 30
0.0
 70
     1
  0
VERTEX
  5
CBD
330
CBC
100
AcDbEntity
  8
0
  6
Continuous
 62
    18
420
        0
370
    25
100
AcDbVertex
100
AcDb2dVertex
 10
51.60784361127068
 20
26.53117711213982
 30
0.0
  0
VERTEX
  5
CBE
330
CBC
100
AcDbEntity
  8
0
  6
Continuous
 62
    18
420
        0
370
    25
100
AcDbVertex
100
AcDb2dVertex
 10
52.20784361127069
 20
26.53117711213982
 30
0.0
  0
VERTEX
  5
CBF
330
CBC
100
AcDbEntity
  8
0
  6
Continuous
 62
    18
420
        0
370
    25
100
AcDbVertex
100
AcDb2dVertex
 10
52.20784361127069
 20
27.13117711213982
 30
0.0
  0
VERTEX
  5
CC0
330
CBC
100
AcDbEntity
  8
0
  6
Continuous
 62
    18
420
        0
370
    25
100
AcDbVertex
100
AcDb2dVertex
 10
51.60784361127068
 20
27.13117711213982
 30
0.0
  0
SEQEND
  5
CC1
330
CBC
100
AcDbEntity
  8
0
  6
Continuous
 62
    18
420
        0
370
    25
  0
POLYLINE
  5
CC2
330
1F
100
AcDbEntity
  8
0
  6
Continuous
 62
    18
420
        0
370
    25
100
AcDb2dPolyline
 66
     1
 10
0.0
 20
0.0
 30
0.0
 70
     1
  0
VERTEX
  5
CC3
330
CC2
100
AcDbEntity
  8
0
  6
Continuous
 62
    18
420
        0
370
    25
100
AcDbVertex
100
AcDb2dVertex
 10
51.42680934677604
 20
23.44250500710323
 30
0.0
  0
VERTEX
  5
CC4
330
CC2
100
AcDbEntity
  8
0
  6
Continuous
 62
    18
420
        0
370
    25
100
AcDbVertex
100
AcDb2dVertex
 10
52.02680934677604
 20
23.44250500710323
 30
0.0
  0
VERTEX
  5
CC5
330
CC2
100
AcDbEntity
  8
0
  6
Continuous
 62
    18
420
        0
370
    25
100
AcDbVertex
100
AcDb2dVertex
 10
52.02680934677604
 20
24.04250500710323
 30
0.0
  0
VERTEX
  5
CC6
330
CC2
100
AcDbEntity
  8
0
  6
Continuous
 62
    18
420
        0
370
    25
100
AcDbVertex
100
AcDb2dVertex
 10
51.42680934677604
 20
24.04250500710323
 30
0.0
  0
SEQEND
  5
CC7
330
CC2
100
AcDbEntity
  8
0
  6
Continuous
 62
    18
420
        0
370
    25
  0
POLYLINE
  5
CC8
330
1F
100
AcDbEntity
  8
0
  6
Continuous
 62
    18
420
        0
370
    25
100
AcDb2dPolyline
 66
     1
 10
0.0
 20
0.0
 30
0.0
 70
     1
  0
VERTEX
  5
CC9
330
CC8
100
AcDbEntity
  8
0
  6
Continuous
 62
    18
420
        0
370
    25
100
AcDbVertex
100
AcDb2dVertex
 10
52.45497946903433
 20
23.44250500710323
 30
0.0
  0
VERTEX
  5
CCA
330
CC8
100
AcDbEntity
  8
0
  6
Continuous
 62
    18
420
        0
370
    25
100
AcDbVertex
100
AcDb2dVertex
 10
53.05497946903431
 20
23.44250500710323
 30
0.0
  0
VERTEX
  5
CCB
330
CC8
100
AcDbEntity
  8
0
  6
Continuous
 62
    18
420
        0
370
    25
100
AcDbVertex
100
AcDb2dVertex
 10
53.05497946903431
 20
24.04250500710323
 30
0.0
  0
VERTEX
  5
CCC
330
CC8
100
AcDbEntity
  8
0
  6
Continuous
 62
    18
420
        0
370
    25
100
AcDbVertex
100
AcDb2dVertex
 10
52.45497946903433
 20
24.04250500710323
 30
0.0
  0
SEQEND
  5
CCD
330
CC8
100
AcDbEntity
  8
0
  6
Continuous
 62
    18
420
        0
370
    25
  0
POLYLINE
  5
CCE
330
1F
100
AcDbEntity
  8
0
  6
Continuous
 62
    18
420
        0
370
    25
100
AcDb2dPolyline
 66
     1
 10
0.0
 20
0.0
 30
0.0
 70
     1
  0
VERTEX
  5
CCF
330
CCE
100
AcDbEntity
  8
0
  6
Continuous
 62
    18
420
        0
370
    25
100
AcDbVertex
100
AcDb2dVertex
 10
53.70177707899546
 20
23.44250500710323
 30
0.0
  0
VERTEX
  5
CD0
330
CCE
100
AcDbEntity
  8
0
  6
Continuous
 62
    18
420
        0
370
    25
100
AcDbVertex
100
AcDb2dVertex
 10
54.30177707899545
 20
23.44250500710323
 30
0.0
  0
VERTEX
  5
CD1
330
CCE
100
AcDbEntity
  8
0
  6
Continuous
 62
    18
420
        0
370
    25
100
AcDbVertex
100
AcDb2dVertex
 10
54.30177707899545
 20
24.04250500710323
 30
0.0
  0
VERTEX
  5
CD2
330
CCE
100
AcDbEntity
  8
0
  6
Continuous
 62
    18
420
        0
370
    25
100
AcDbVertex
100
AcDb2dVertex
 10
53.70177707899546
 20
24.04250500710323
 30
0.0
  0
SEQEND
  5
CD3
330
CCE
100
AcDbEntity
  8
0
  6
Continuous
 62
    18
420
        0
370
    25
  0
POLYLINE
  5
CD4
330
1F
100
AcDbEntity
  8
0
  6
Continuous
 62
    18
420
        0
370
    25
100
AcDb2dPolyline
 66
     1
 10
0.0
 20
0.0
 30
0.0
 70
     1
  0
VERTEX
  5
CD5
330
CD4
100
AcDbEntity
  8
0
  6
Continuous
 62
    18
420
        0
370
    25
100
AcDbVertex
100
AcDb2dVertex
 10
54.71367079142768
 20
23.44250500710323
 30
0.0
  0
VERTEX
  5
CD6
330
CD4
100
AcDbEntity
  8
0
  6
Continuous
 62
    18
420
        0
370
    25
100
AcDbVertex
100
AcDb2dVertex
 10
55.31367079142768
 20
23.44250500710323
 30
0.0
  0
VERTEX
  5
CD7
330
CD4
100
AcDbEntity
  8
0
  6
Continuous
 62
    18
420
        0
370
    25
100
AcDbVertex
100
AcDb2dVertex
 10
55.31367079142768
 20
24.04250500710323
 30
0.0
  0
VERTEX
  5
CD8
330
CD4
100
AcDbEntity
  8
0
  6
Continuous
 62
    18
420
        0
370
    25
100
AcDbVertex
100
AcDb2dVertex
 10
54.71367079142768
 20
24.04250500710323
 30
0.0
  0
SEQEND
  5
CD9
330
CD4
100
AcDbEntity
  8
0
  6
Continuous
 62
    18
420
        0
370
    25
  0
POLYLINE
  5
CDA
330
1F
100
AcDbEntity
  8
0
  6
Continuous
 62
    18
420
        0
370
    25
100
AcDb2dPolyline
 66
     1
 10
0.0
 20
0.0
 30
0.0
 70
     1
  0
VERTEX
  5
CDB
330
CDA
100
AcDbEntity
  8
0
  6
Continuous
 62
    18
420
        0
370
    25
100
AcDbVertex
100
AcDb2dVertex
 10
55.85807439477364
 20
23.44250500710323
 30
0.0
  0
VERTEX
  5
CDC
330
CDA
100
AcDbEntity
  8
0
  6
Continuous
 62
    18
420
        0
370
    25
100
AcDbVertex
100
AcDb2dVertex
 10
56.45807439477363
 20
23.44250500710323
 30
0.0
  0
VERTEX
  5
CDD
330
CDA
100
AcDbEntity
  8
0
  6
Continuous
 62
    18
420
        0
370
    25
100
AcDbVertex
100
AcDb2dVertex
 10
56.45807439477363
 20
24.04250500710323
 30
0.0
  0
VERTEX
  5
CDE
330
CDA
100
AcDbEntity
  8
0
  6
Continuous
 62
    18
420
        0
370
    25
100
AcDbVertex
100
AcDb2dVertex
 10
55.85807439477364
 20
24.04250500710323
 30
0.0
  0
SEQEND
  5
CDF
330
CDA
100
AcDbEntity
  8
0
  6
Continuous
 62
    18
420
        0
370
    25
  0
POLYLINE
  5
CE0
330
1F
100
AcDbEntity
  8
0
  6
Continuous
 62
    18
420
        0
370
    25
100
AcDb2dPolyline
 66
     1
 10
0.0
 20
0.0
 30
0.0
 70
     1
  0
VERTEX
  5
CE1
330
CE0
100
AcDbEntity
  8
0
  6
Continuous
 62
    18
420
        0
370
    25
100
AcDbVertex
100
AcDb2dVertex
 10
56.82780586918786
 20
23.44250500710323
 30
0.0
  0
VERTEX
  5
CE2
330
CE0
100
AcDbEntity
  8
0
  6
Continuous
 62
    18
420
        0
370
    25
100
AcDbVertex
100
AcDb2dVertex
 10
57.42780586918784
 20
23.44250500710323
 30
0.0
  0
VERTEX
  5
CE3
330
CE0
100
AcDbEntity
  8
0
  6
Continuous
 62
    18
420
        0
370
    25
100
AcDbVertex
100
AcDb2dVertex
 10
57.42780586918784
 20
24.04250500710323
 30
0.0
  0
VERTEX
  5
CE4
330
CE0
100
AcDbEntity
  8
0
  6
Continuous
 62
    18
420
        0
370
    25
100
AcDbVertex
100
AcDb2dVertex
 10
56.82780586918786
 20
24.04250500710323
 30
0.0
  0
SEQEND
  5
CE5
330
CE0
100
AcDbEntity
  8
0
  6
Continuous
 62
    18
420
        0
370
    25
  0
POLYLINE
  5
CE6
330
1F
100
AcDbEntity
  8
0
  6
Continuous
 62
    18
420
        0
370
    25
100
AcDb2dPolyline
 66
     1
 10
0.0
 20
0.0
 30
0.0
 70
     1
  0
VERTEX
  5
CE7
330
CE6
100
AcDbEntity
  8
0
  6
Continuous
 62
    18
420
        0
370
    25
100
AcDbVertex
100
AcDb2dVertex
 10
32.84201874232233
 20
15.5914339056391
 30
0.0
  0
VERTEX
  5
CE8
330
CE6
100
AcDbEntity
  8
0
  6
Continuous
 62
    18
420
        0
370
    25
100
AcDbVertex
100
AcDb2dVertex
 10
32.84201874232233
 20
16.65483996933981
 30
0.0
  0
VERTEX
  5
CE9
330
CE6
100
AcDbEntity
  8
0
  6
Continuous
 62
    18
420
        0
370
    25
100
AcDbVertex
100
AcDb2dVertex
 10
26.61364792434435
 20
16.65483996933981
 30
0.0
  0
VERTEX
  5
CEA
330
CE6
100
AcDbEntity
  8
0
  6
Continuous
 62
    18
420
        0
370
    25
100
AcDbVertex
100
AcDb2dVertex
 10
26.61364792434435
 20
15.5914339056391
 30
0.0
  0
SEQEND
  5
CEB
330
CE6
100
AcDbEntity
  8
0
  6
Continuous
 62
    18
420
        0
370
    25
  0
POLYLINE
  5
CEC
330
1F
100
AcDbEntity
  8
0
  6
Continuous
 62
    18
420
        0
370
    25
100
AcDb2dPolyline
 66
     1
 10
0.0
 20
0.0
 30
0.0
 70
     1
  0
VERTEX
  5
CED
330
CEC
100
AcDbEntity
  8
0
  6
Continuous
 62
    18
420
        0
370
    25
100
AcDbVertex
100
AcDb2dVertex
 10
32.72858648220615
 20
14.90010720831226
 30
0.0
  0
VERTEX
  5
CEE
330
CEC
100
AcDbEntity
  8
0
  6
Continuous
 62
    18
420
        0
370
    25
100
AcDbVertex
100
AcDb2dVertex
 10
32.72858648220615
 20
15.50010720831228
 30
0.0
  0
VERTEX
  5
CEF
330
CEC
100
AcDbEntity
  8
0
  6
Continuous
 62
    18
420
        0
370
    25
100
AcDbVertex
100
AcDb2dVertex
 10
32.12858648220614
 20
15.50010720831228
 30
0.0
  0
VERTEX
  5
CF0
330
CEC
100
AcDbEntity
  8
0
  6
Continuous
 62
    18
420
        0
370
    25
100
AcDbVertex
100
AcDb2dVertex
 10
32.12858648220614
 20
14.90010720831226
 30
0.0
  0
SEQEND
  5
CF1
330
CEC
100
AcDbEntity
  8
0
  6
Continuous
 62
    18
420
        0
370
    25
  0
POLYLINE
  5
CF2
330
1F
100
AcDbEntity
  8
0
  6
Continuous
 62
    18
420
        0
370
    25
100
AcDb2dPolyline
 66
     1
 10
0.0
 20
0.0
 30
0.0
 70
     1
  0
VERTEX
  5
CF3
330
CF2
100
AcDbEntity
  8
0
  6
Continuous
 62
    18
420
        0
370
    25
100
AcDbVertex
100
AcDb2dVertex
 10
31.95694272538534
 20
14.90010720831228
 30
0.0
  0
VERTEX
  5
CF4
330
CF2
100
AcDbEntity
  8
0
  6
Continuous
 62
    18
420
        0
370
    25
100
AcDbVertex
100
AcDb2dVertex
 10
31.95694272538534
 20
15.50010720831228
 30
0.0
  0
VERTEX
  5
CF5
330
CF2
100
AcDbEntity
  8
0
  6
Continuous
 62
    18
420
        0
370
    25
100
AcDbVertex
100
AcDb2dVertex
 10
31.35694272538534
 20
15.50010720831228
 30
0.0
  0
VERTEX
  5
CF6
330
CF2
100
AcDbEntity
  8
0
  6
Continuous
 62
    18
420
        0
370
    25
100
AcDbVertex
100
AcDb2dVertex
 10
31.35694272538534
 20
14.90010720831228
 30
0.0
  0
SEQEND
  5
CF7
330
CF2
100
AcDbEntity
  8
0
  6
Continuous
 62
    18
420
        0
370
    25
  0
POLYLINE
  5
CF8
330
1F
100
AcDbEntity
  8
0
  6
Continuous
 62
    18
420
        0
370
    25
100
AcDb2dPolyline
 66
     1
 10
0.0
 20
0.0
 30
0.0
 70
     1
  0
VERTEX
  5
CF9
330
CF8
100
AcDbEntity
  8
0
  6
Continuous
 62
    18
420
        0
370
    25
100
AcDbVertex
100
AcDb2dVertex
 10
31.18529896856453
 20
14.9001072083123
 30
0.0
  0
VERTEX
  5
CFA
330
CF8
100
AcDbEntity
  8
0
  6
Continuous
 62
    18
420
        0
370
    25
100
AcDbVertex
100
AcDb2dVertex
 10
31.18529896856453
 20
15.50010720831229
 30
0.0
  0
VERTEX
  5
CFB
330
CF8
100
AcDbEntity
  8
0
  6
Continuous
 62
    18
420
        0
370
    25
100
AcDbVertex
100
AcDb2dVertex
 10
30.58529896856454
 20
15.50010720831229
 30
0.0
  0
VERTEX
  5
CFC
330
CF8
100
AcDbEntity
  8
0
  6
Continuous
 62
    18
420
        0
370
    25
100
AcDbVertex
100
AcDb2dVertex
 10
30.58529896856454
 20
14.9001072083123
 30
0.0
  0
SEQEND
  5
CFD
330
CF8
100
AcDbEntity
  8
0
  6
Continuous
 62
    18
420
        0
370
    25
  0
POLYLINE
  5
CFE
330
1F
100
AcDbEntity
  8
0
  6
Continuous
 62
    18
420
        0
370
    25
100
AcDb2dPolyline
 66
     1
 10
0.0
 20
0.0
 30
0.0
 70
     1
  0
VERTEX
  5
CFF
330
CFE
100
AcDbEntity
  8
0
  6
Continuous
 62
    18
420
        0
370
    25
100
AcDbVertex
100
AcDb2dVertex
 10
30.41365521174374
 20
14.90010720831228
 30
0.0
  0
VERTEX
  5
D00
330
CFE
100
AcDbEntity
  8
0
  6
Continuous
 62
    18
420
        0
370
    25
100
AcDbVertex
100
AcDb2dVertex
 10
30.41365521174374
 20
15.50010720831228
 30
0.0
  0
VERTEX
  5
D01
330
CFE
100
AcDbEntity
  8
0
  6
Continuous
 62
    18
420
        0
370
    25
100
AcDbVertex
100
AcDb2dVertex
 10
29.81365521174374
 20
15.50010720831228
 30
0.0
  0
VERTEX
  5
D02
330
CFE
100
AcDbEntity
  8
0
  6
Continuous
 62
    18
420
        0
370
    25
100
AcDbVertex
100
AcDb2dVertex
 10
29.81365521174374
 20
14.90010720831228
 30
0.0
  0
SEQEND
  5
D03
330
CFE
100
AcDbEntity
  8
0
  6
Continuous
 62
    18
420
        0
370
    25
  0
POLYLINE
  5
D04
330
1F
100
AcDbEntity
  8
0
  6
Continuous
 62
    18
420
        0
370
    25
100
AcDb2dPolyline
 66
     1
 10
0.0
 20
0.0
 30
0.0
 70
     1
  0
VERTEX
  5
D05
330
D04
100
AcDbEntity
  8
0
  6
Continuous
 62
    18
420
        0
370
    25
100
AcDbVertex
100
AcDb2dVertex
 10
29.04201145492294
 20
15.50010720831228
 30
0.0
  0
VERTEX
  5
D06
330
D04
100
AcDbEntity
  8
0
  6
Continuous
 62
    18
420
        0
370
    25
100
AcDbVertex
100
AcDb2dVertex
 10
29.04201145492294
 20
14.90010720831225
 30
0.0
  0
VERTEX
  5
D07
330
D04
100
AcDbEntity
  8
0
  6
Continuous
 62
    18
420
        0
370
    25
100
AcDbVertex
100
AcDb2dVertex
 10
29.64201145492294
 20
14.90010720831225
 30
0.0
  0
VERTEX
  5
D08
330
D04
100
AcDbEntity
  8
0
  6
Continuous
 62
    18
420
        0
370
    25
100
AcDbVertex
100
AcDb2dVertex
 10
29.64201145492294
 20
15.50010720831228
 30
0.0
  0
SEQEND
  5
D09
330
D04
100
AcDbEntity
  8
0
  6
Continuous
 62
    18
420
        0
370
    25
  0
POLYLINE
  5
D0A
330
1F
100
AcDbEntity
  8
0
  6
Continuous
 62
    18
420
        0
370
    25
100
AcDb2dPolyline
 66
     1
 10
0.0
 20
0.0
 30
0.0
 70
     1
  0
VERTEX
  5
D0B
330
D0A
100
AcDbEntity
  8
0
  6
Continuous
 62
    18
420
        0
370
    25
100
AcDbVertex
100
AcDb2dVertex
 10
28.27036769810212
 20
15.50010720831228
 30
0.0
  0
VERTEX
  5
D0C
330
D0A
100
AcDbEntity
  8
0
  6
Continuous
 62
    18
420
        0
370
    25
100
AcDbVertex
100
AcDb2dVertex
 10
28.27036769810212
 20
14.90010720831229
 30
0.0
  0
VERTEX
  5
D0D
330
D0A
100
AcDbEntity
  8
0
  6
Continuous
 62
    18
420
        0
370
    25
100
AcDbVertex
100
AcDb2dVertex
 10
28.87036769810213
 20
14.90010720831229
 30
0.0
  0
VERTEX
  5
D0E
330
D0A
100
AcDbEntity
  8
0
  6
Continuous
 62
    18
420
        0
370
    25
100
AcDbVertex
100
AcDb2dVertex
 10
28.87036769810213
 20
15.50010720831228
 30
0.0
  0
SEQEND
  5
D0F
330
D0A
100
AcDbEntity
  8
0
  6
Continuous
 62
    18
420
        0
370
    25
  0
POLYLINE
  5
D10
330
1F
100
AcDbEntity
  8
0
  6
Continuous
 62
    18
420
        0
370
    25
100
AcDb2dPolyline
 66
     1
 10
0.0
 20
0.0
 30
0.0
 70
     1
  0
VERTEX
  5
D11
330
D10
100
AcDbEntity
  8
0
  6
Continuous
 62
    18
420
        0
370
    25
100
AcDbVertex
100
AcDb2dVertex
 10
27.49872394128133
 20
15.50010720831228
 30
0.0
  0
VERTEX
  5
D12
330
D10
100
AcDbEntity
  8
0
  6
Continuous
 62
    18
420
        0
370
    25
100
AcDbVertex
100
AcDb2dVertex
 10
27.49872394128133
 20
14.90010720831229
 30
0.0
  0
VERTEX
  5
D13
330
D10
100
AcDbEntity
  8
0
  6
Continuous
 62
    18
420
        0
370
    25
100
AcDbVertex
100
AcDb2dVertex
 10
28.09872394128132
 20
14.90010720831229
 30
0.0
  0
VERTEX
  5
D14
330
D10
100
AcDbEntity
  8
0
  6
Continuous
 62
    18
420
        0
370
    25
100
AcDbVertex
100
AcDb2dVertex
 10
28.09872394128131
 20
15.50010720831228
 30
0.0
  0
SEQEND
  5
D15
330
D10
100
AcDbEntity
  8
0
  6
Continuous
 62
    18
420
        0
370
    25
  0
POLYLINE
  5
D16
330
1F
100
AcDbEntity
  8
0
  6
Continuous
 62
    18
420
        0
370
    25
100
AcDb2dPolyline
 66
     1
 10
0.0
 20
0.0
 30
0.0
 70
     1
  0
VERTEX
  5
D17
330
D16
100
AcDbEntity
  8
0
  6
Continuous
 62
    18
420
        0
370
    25
100
AcDbVertex
100
AcDb2dVertex
 10
26.72708018446053
 20
15.50010720831228
 30
0.0
  0
VERTEX
  5
D18
330
D16
100
AcDbEntity
  8
0
  6
Continuous
 62
    18
420
        0
370
    25
100
AcDbVertex
100
AcDb2dVertex
 10
26.72708018446054
 20
14.90010720831229
 30
0.0
  0
VERTEX
  5
D19
330
D16
100
AcDbEntity
  8
0
  6
Continuous
 62
    18
420
        0
370
    25
100
AcDbVertex
100
AcDb2dVertex
 10
27.32708018446053
 20
14.90010720831229
 30
0.0
  0
VERTEX
  5
D1A
330
D16
100
AcDbEntity
  8
0
  6
Continuous
 62
    18
420
        0
370
    25
100
AcDbVertex
100
AcDb2dVertex
 10
27.32708018446052
 20
15.50010720831228
 30
0.0
  0
SEQEND
  5
D1B
330
D16
100
AcDbEntity
  8
0
  6
Continuous
 62
    18
420
        0
370
    25
  0
POLYLINE
  5
D1C
330
1F
100
AcDbEntity
  8
0
  6
Continuous
 62
    18
420
        0
370
    25
100
AcDb2dPolyline
 66
     1
 10
0.0
 20
0.0
 30
0.0
 70
     1
  0
VERTEX
  5
D1D
330
D1C
100
AcDbEntity
  8
0
  6
Continuous
 62
    18
420
        0
370
    25
100
AcDbVertex
100
AcDb2dVertex
 10
30.41365521174374
 20
16.74616666666663
 30
0.0
  0
VERTEX
  5
D1E
330
D1C
100
AcDbEntity
  8
0
  6
Continuous
 62
    18
420
        0
370
    25
100
AcDbVertex
100
AcDb2dVertex
 10
30.41365521174374
 20
17.34616666666665
 30
0.0
  0
VERTEX
  5
D1F
330
D1C
100
AcDbEntity
  8
0
  6
Continuous
 62
    18
420
        0
370
    25
100
AcDbVertex
100
AcDb2dVertex
 10
29.81365521174373
 20
17.34616666666665
 30
0.0
  0
VERTEX
  5
D20
330
D1C
100
AcDbEntity
  8
0
  6
Continuous
 62
    18
420
        0
370
    25
100
AcDbVertex
100
AcDb2dVertex
 10
29.81365521174373
 20
16.74616666666663
 30
0.0
  0
SEQEND
  5
D21
330
D1C
100
AcDbEntity
  8
0
  6
Continuous
 62
    18
420
        0
370
    25
  0
POLYLINE
  5
D22
330
1F
100
AcDbEntity
  8
0
  6
Continuous
 62
    18
420
        0
370
    25
100
AcDb2dPolyline
 66
     1
 10
0.0
 20
0.0
 30
0.0
 70
     1
  0
VERTEX
  5
D23
330
D22
100
AcDbEntity
  8
0
  6
Continuous
 62
    18
420
        0
370
    25
100
AcDbVertex
100
AcDb2dVertex
 10
31.18529896856456
 20
16.74616666666662
 30
0.0
  0
VERTEX
  5
D24
330
D22
100
AcDbEntity
  8
0
  6
Continuous
 62
    18
420
        0
370
    25
100
AcDbVertex
100
AcDb2dVertex
 10
31.18529896856456
 20
17.34616666666662
 30
0.0
  0
VERTEX
  5
D25
330
D22
100
AcDbEntity
  8
0
  6
Continuous
 62
    18
420
        0
370
    25
100
AcDbVertex
100
AcDb2dVertex
 10
30.58529896856455
 20
17.34616666666662
 30
0.0
  0
VERTEX
  5
D26
330
D22
100
AcDbEntity
  8
0
  6
Continuous
 62
    18
420
        0
370
    25
100
AcDbVertex
100
AcDb2dVertex
 10
30.58529896856455
 20
16.74616666666662
 30
0.0
  0
SEQEND
  5
D27
330
D22
100
AcDbEntity
  8
0
  6
Continuous
 62
    18
420
        0
370
    25
  0
POLYLINE
  5
D28
330
1F
100
AcDbEntity
  8
0
  6
Continuous
 62
    18
420
        0
370
    25
100
AcDb2dPolyline
 66
     1
 10
0.0
 20
0.0
 30
0.0
 70
     1
  0
VERTEX
  5
D29
330
D28
100
AcDbEntity
  8
0
  6
Continuous
 62
    18
420
        0
370
    25
100
AcDbVertex
100
AcDb2dVertex
 10
31.95694272538536
 20
16.74616666666663
 30
0.0
  0
VERTEX
  5
D2A
330
D28
100
AcDbEntity
  8
0
  6
Continuous
 62
    18
420
        0
370
    25
100
AcDbVertex
100
AcDb2dVertex
 10
31.95694272538536
 20
17.34616666666663
 30
0.0
  0
VERTEX
  5
D2B
330
D28
100
AcDbEntity
  8
0
  6
Continuous
 62
    18
420
        0
370
    25
100
AcDbVertex
100
AcDb2dVertex
 10
31.35694272538536
 20
17.34616666666663
 30
0.0
  0
VERTEX
  5
D2C
330
D28
100
AcDbEntity
  8
0
  6
Continuous
 62
    18
420
        0
370
    25
100
AcDbVertex
100
AcDb2dVertex
 10
31.35694272538536
 20
16.74616666666663
 30
0.0
  0
SEQEND
  5
D2D
330
D28
100
AcDbEntity
  8
0
  6
Continuous
 62
    18
420
        0
370
    25
  0
POLYLINE
  5
D2E
330
1F
100
AcDbEntity
  8
0
  6
Continuous
 62
    18
420
        0
370
    25
100
AcDb2dPolyline
 66
     1
 10
0.0
 20
0.0
 30
0.0
 70
     1
  0
VERTEX
  5
D2F
330
D2E
100
AcDbEntity
  8
0
  6
Continuous
 62
    18
420
        0
370
    25
100
AcDbVertex
100
AcDb2dVertex
 10
32.72858648220616
 20
16.74616666666662
 30
0.0
  0
VERTEX
  5
D30
330
D2E
100
AcDbEntity
  8
0
  6
Continuous
 62
    18
420
        0
370
    25
100
AcDbVertex
100
AcDb2dVertex
 10
32.72858648220616
 20
17.34616666666662
 30
0.0
  0
VERTEX
  5
D31
330
D2E
100
AcDbEntity
  8
0
  6
Continuous
 62
    18
420
        0
370
    25
100
AcDbVertex
100
AcDb2dVertex
 10
32.12858648220615
 20
17.34616666666662
 30
0.0
  0
VERTEX
  5
D32
330
D2E
100
AcDbEntity
  8
0
  6
Continuous
 62
    18
420
        0
370
    25
100
AcDbVertex
100
AcDb2dVertex
 10
32.12858648220615
 20
16.74616666666662
 30
0.0
  0
SEQEND
  5
D33
330
D2E
100
AcDbEntity
  8
0
  6
Continuous
 62
    18
420
        0
370
    25
  0
POLYLINE
  5
D34
330
1F
100
AcDbEntity
  8
0
  6
Continuous
 62
    18
420
        0
370
    25
100
AcDb2dPolyline
 66
     1
 10
0.0
 20
0.0
 30
0.0
 70
     1
  0
VERTEX
  5
D35
330
D34
100
AcDbEntity
  8
0
  6
Continuous
 62
    18
420
        0
370
    25
100
AcDbVertex
100
AcDb2dVertex
 10
26.72708018446053
 20
17.34616666666666
 30
0.0
  0
VERTEX
  5
D36
330
D34
100
AcDbEntity
  8
0
  6
Continuous
 62
    18
420
        0
370
    25
100
AcDbVertex
100
AcDb2dVertex
 10
26.72708018446053
 20
16.74616666666663
 30
0.0
  0
VERTEX
  5
D37
330
D34
100
AcDbEntity
  8
0
  6
Continuous
 62
    18
420
        0
370
    25
100
AcDbVertex
100
AcDb2dVertex
 10
27.32708018446053
 20
16.74616666666663
 30
0.0
  0
VERTEX
  5
D38
330
D34
100
AcDbEntity
  8
0
  6
Continuous
 62
    18
420
        0
370
    25
100
AcDbVertex
100
AcDb2dVertex
 10
27.32708018446053
 20
17.34616666666666
 30
0.0
  0
SEQEND
  5
D39
330
D34
100
AcDbEntity
  8
0
  6
Continuous
 62
    18
420
        0
370
    25
  0
POLYLINE
  5
D3A
330
1F
100
AcDbEntity
  8
0
  6
Continuous
 62
    18
420
        0
370
    25
100
AcDb2dPolyline
 66
     1
 10
0.0
 20
0.0
 30
0.0
 70
     1
  0
VERTEX
  5
D3B
330
D3A
100
AcDbEntity
  8
0
  6
Continuous
 62
    18
420
        0
370
    25
100
AcDbVertex
100
AcDb2dVertex
 10
27.49872394128134
 20
17.34616666666662
 30
0.0
  0
VERTEX
  5
D3C
330
D3A
100
AcDbEntity
  8
0
  6
Continuous
 62
    18
420
        0
370
    25
100
AcDbVertex
100
AcDb2dVertex
 10
27.49872394128134
 20
16.74616666666663
 30
0.0
  0
VERTEX
  5
D3D
330
D3A
100
AcDbEntity
  8
0
  6
Continuous
 62
    18
420
        0
370
    25
100
AcDbVertex
100
AcDb2dVertex
 10
28.09872394128132
 20
16.74616666666663
 30
0.0
  0
VERTEX
  5
D3E
330
D3A
100
AcDbEntity
  8
0
  6
Continuous
 62
    18
420
        0
370
    25
100
AcDbVertex
100
AcDb2dVertex
 10
28.09872394128132
 20
17.34616666666662
 30
0.0
  0
SEQEND
  5
D3F
330
D3A
100
AcDbEntity
  8
0
  6
Continuous
 62
    18
420
        0
370
    25
  0
POLYLINE
  5
D40
330
1F
100
AcDbEntity
  8
0
  6
Continuous
 62
    18
420
        0
370
    25
100
AcDb2dPolyline
 66
     1
 10
0.0
 20
0.0
 30
0.0
 70
     1
  0
VERTEX
  5
D41
330
D40
100
AcDbEntity
  8
0
  6
Continuous
 62
    18
420
        0
370
    25
100
AcDbVertex
100
AcDb2dVertex
 10
28.27036769810212
 20
17.34616666666663
 30
0.0
  0
VERTEX
  5
D42
330
D40
100
AcDbEntity
  8
0
  6
Continuous
 62
    18
420
        0
370
    25
100
AcDbVertex
100
AcDb2dVertex
 10
28.27036769810212
 20
16.74616666666662
 30
0.0
  0
VERTEX
  5
D43
330
D40
100
AcDbEntity
  8
0
  6
Continuous
 62
    18
420
        0
370
    25
100
AcDbVertex
100
AcDb2dVertex
 10
28.87036769810213
 20
16.74616666666662
 30
0.0
  0
VERTEX
  5
D44
330
D40
100
AcDbEntity
  8
0
  6
Continuous
 62
    18
420
        0
370
    25
100
AcDbVertex
100
AcDb2dVertex
 10
28.87036769810213
 20
17.34616666666663
 30
0.0
  0
SEQEND
  5
D45
330
D40
100
AcDbEntity
  8
0
  6
Continuous
 62
    18
420
        0
370
    25
  0
POLYLINE
  5
D46
330
1F
100
AcDbEntity
  8
0
  6
Continuous
 62
    18
420
        0
370
    25
100
AcDb2dPolyline
 66
     1
 10
0.0
 20
0.0
 30
0.0
 70
     1
  0
VERTEX
  5
D47
330
D46
100
AcDbEntity
  8
0
  6
Continuous
 62
    18
420
        0
370
    25
100
AcDbVertex
100
AcDb2dVertex
 10
29.04201145492293
 20
17.34616666666662
 30
0.0
  0
VERTEX
  5
D48
330
D46
100
AcDbEntity
  8
0
  6
Continuous
 62
    18
420
        0
370
    25
100
AcDbVertex
100
AcDb2dVertex
 10
29.04201145492293
 20
16.74616666666663
 30
0.0
  0
VERTEX
  5
D49
330
D46
100
AcDbEntity
  8
0
  6
Continuous
 62
    18
420
        0
370
    25
100
AcDbVertex
100
AcDb2dVertex
 10
29.64201145492294
 20
16.74616666666663
 30
0.0
  0
VERTEX
  5
D4A
330
D46
100
AcDbEntity
  8
0
  6
Continuous
 62
    18
420
        0
370
    25
100
AcDbVertex
100
AcDb2dVertex
 10
29.64201145492294
 20
17.34616666666662
 30
0.0
  0
SEQEND
  5
D4B
330
D46
100
AcDbEntity
  8
0
  6
Continuous
 62
    18
420
        0
370
    25
  0
ENDSEC
  0
SECTION
  2
OBJECTS
  0
DICTIONARY
  5
C
330
0
100
AcDbDictionary
281
     1
  3
ACAD_DETAILVIEWSTYLE
350
D83
  3
ACAD_GROUP
350
D
  3
ACAD_LAYOUT
350
1A
  3
ACAD_MATERIAL
350
43
  3
ACAD_MLEADERSTYLE
350
5B
  3
ACAD_MLINESTYLE
350
17
  3
ACAD_PLOTSETTINGS
350
19
  3
ACAD_PLOTSTYLENAME
350
E
  3
ACAD_SCALELIST
350
47
  3
ACAD_SECTIONVIEWSTYLE
350
D84
  3
ACAD_TABLESTYLE
350
59
  3
ACAD_VISUALSTYLE
350
2A
  3
ACDB_RECOMPOSE_DATA
350
D80
  3
AcDbVariableDictionary
350
D4C
  0
SUN
  5
5D
330
29
100
AcDbSun
 90
        1
290
     0
 63
     7
421
 16777215
 40
1.0
291
     1
 91
  2455826
 92
 54000000
292
     0
 70
     2
 71
   256
280
     1
  0
DICTIONARY
  5
D83
102
{ACAD_REACTORS
330
C
102
}
330
C
100
AcDbDictionary
281
     1
  0
DICTIONARY
  5
D
102
{ACAD_REACTORS
330
C
102
}
330
C
100
AcDbDictionary
281
     1
  0
DICTIONARY
  5
1A
102
{ACAD_REACTORS
330
C
102
}
330
C
100
AcDbDictionary
281
     1
  3
Layout1
350
1E
  3
Layout2
350
26
  3
Model
350
22
  0
DICTIONARY
  5
43
102
{ACAD_REACTORS
330
C
102
}
330
C
100
AcDbDictionary
281
     1
  3
ByBlock
350
45
  3
ByLayer
350
44
  3
Global
350
46
  0
DICTIONARY
  5
5B
102
{ACAD_REACTORS
330
C
102
}
330
C
100
AcDbDictionary
281
     1
  3
Standard
350
5C
  0
DICTIONARY
  5
17
102
{ACAD_REACTORS
330
C
102
}
330
C
100
AcDbDictionary
281
     1
  3
Standard
350
18
  0
DICTIONARY
  5
19
102
{ACAD_REACTORS
330
C
102
}
330
C
100
AcDbDictionary
281
     1
  0
ACDBDICTIONARYWDFLT
  5
E
102
{ACAD_REACTORS
330
C
102
}
330
C
100
AcDbDictionary
281
     1
  3
Normal
350
F
100
AcDbDictionaryWithDefault
340
F
  0
DICTIONARY
  5
47
102
{ACAD_REACTORS
330
C
102
}
330
C
100
AcDbDictionary
281
     1
  3
A0
350
48
  3
A1
350
49
  3
A2
350
4A
  3
A3
350
4B
  3
A4
350
4C
  3
A5
350
4D
  3
A6
350
4E
  3
A7
350
4F
  3
A8
350
50
  3
A9
350
51
  3
B1
350
52
  3
B2
350
53
  3
B3
350
54
  3
B4
350
55
  3
B5
350
56
  3
B6
350
57
  3
B7
350
58
  0
DICTIONARY
  5
D84
102
{ACAD_REACTORS
330
C
102
}
330
C
100
AcDbDictionary
281
     1
  0
DICTIONARY
  5
59
102
{ACAD_REACTORS
330
C
102
}
330
C
100
AcDbDictionary
281
     1
  3
Standard
350
5A
  0
DICTIONARY
  5
2A
102
{ACAD_REACTORS
330
C
102
}
330
C
100
AcDbDictionary
281
     1
  3
2dWireframe
350
2F
  3
Basic
350
32
  3
Brighten
350
36
  3
ColorChange
350
3A
  3
Conceptual
350
34
  3
Dim
350
35
  3
EdgeColorOff
350
3D
  3
Facepattern
350
39
  3
Flat
350
2B
  3
FlatWithEdges
350
2C
  3
Gouraud
350
2D
  3
GouraudWithEdges
350
2E
  3
Hidden
350
31
  3
JitterOff
350
3B
  3
Linepattern
350
38
  3
OverhangOff
350
3C
  3
Realistic
350
33
  3
Shaded
350
42
  3
Shaded with edges
350
41
  3
Shades of Gray
350
3E
  3
Sketchy
350
3F
  3
Thicken
350
37
  3
Wireframe
350
30
  3
X-Ray
350
40
  0
XRECORD
  5
D80
102
{ACAD_REACTORS
330
C
102
}
330
C
100
AcDbXrecord
280
     1
 90
        1
330
5A
  0
DICTIONARY
  5
D4C
102
{ACAD_REACTORS
330
C
102
}
330
C
100
AcDbDictionary
281
     1
  3
CANNOSCALE
350
D4D
  3
CMLEADERSTYLE
350
D82
  3
CTABLESTYLE
350
D81
  0
LAYOUT
  5
1E
102
{ACAD_REACTORS
330
1A
102
}
330
1A
100
AcDbPlotSettings
  1

  2
none_device
  4

  6

 40
0.0
 41
0.0
 42
0.0
 43
0.0
 44
0.0
 45
0.0
 46
0.0
 47
0.0
 48
0.0
 49
0.0
140
0.0
141
0.0
142
1.0
143
1.0
 70
   688
 72
     0
 73
     0
 74
     5
  7

 75
    16
 76
     0
 77
     2
 78
   300
147
1.0
148
0.0
149
0.0
100
AcDbLayout
  1
Layout1
 70
     1
 71
     1
 10
0.0
 20
0.0
 11
12.0
 21
9.0
 12
0.0
 22
0.0
 32
0.0
 14
1.000000000000000E+20
 24
1.000000000000000E+20
 34
1.000000000000000E+20
 15
-1.000000000000000E+20
 25
-1.000000000000000E+20
 35
-1.000000000000000E+20
146
0.0
 13
0.0
 23
0.0
 33
0.0
 16
1.0
 26
0.0
 36
0.0
 17
0.0
 27
1.0
 37
0.0
 76
     0
330
1B
  0
LAYOUT
  5
26
102
{ACAD_REACTORS
330
1A
102
}
330
1A
100
AcDbPlotSettings
  1

  2
none_device
  4

  6

 40
0.0
 41
0.0
 42
0.0
 43
0.0
 44
0.0
 45
0.0
 46
0.0
 47
0.0
 48
0.0
 49
0.0
140
0.0
141
0.0
142
1.0
143
1.0
 70
   688
 72
     0
 73
     0
 74
     5
  7

 75
    16
 76
     0
 77
     2
 78
   300
147
1.0
148
0.0
149
0.0
100
AcDbLayout
  1
Layout2
 70
     1
 71
     2
 10
0.0
 20
0.0
 11
0.0
 21
0.0
 12
0.0
 22
0.0
 32
0.0
 14
0.0
 24
0.0
 34
0.0
 15
0.0
 25
0.0
 35
0.0
146
0.0
 13
0.0
 23
0.0
 33
0.0
 16
1.0
 26
0.0
 36
0.0
 17
0.0
 27
1.0
 37
0.0
 76
     0
330
23
  0
LAYOUT
  5
22
102
{ACAD_REACTORS
330
1A
102
}
330
1A
100
AcDbPlotSettings
  1

  2
none_device
  4
Letter_(8.50_x_11.00_Inches)
  6

 40
6.35
 41
6.35
 42
6.35000508
 43
6.35000508
 44
215.9
 45
279.4
 46
0.0
 47
0.0
 48
0.0
 49
0.0
140
0.0
141
0.0
142
1.0
143
1.0
 70
  1712
 72
     0
 73
     0
 74
     0
  7

 75
     0
 76
     0
 77
     2
 78
   300
147
1.0
148
0.0
149
0.0
100
AcDbLayout
  1
Model
 70
     1
 71
     0
 10
0.0
 20
0.0
 11
12.0
 21
9.0
 12
0.0
 22
0.0
 32
0.0
 14
8.923131978424749
 24
0.0211666666666659
 34
0.0
 15
66.79329154125053
 25
28.55326464550762
 35
0.0
146
0.0
 13
0.0
 23
0.0
 33
0.0
 16
1.0
 26
0.0
 36
0.0
 17
0.0
 27
1.0
 37
0.0
 76
     0
330
1F
331
29
  0
MATERIAL
  5
45
102
{ACAD_REACTORS
330
43
102
}
330
43
100
AcDbMaterial
  1
ByBlock
 72
     1
 94
      127
  0
MATERIAL
  5
44
102
{ACAD_REACTORS
330
43
102
}
330
43
100
AcDbMaterial
  1
ByLayer
 72
     1
 94
      127
  0
MATERIAL
  5
46
102
{ACAD_REACTORS
330
43
102
}
330
43
100
AcDbMaterial
  1
Global
 72
     1
 94
      127
  0
MLEADERSTYLE
  5
5C
102
{ACAD_REACTORS
330
5B
102
}
330
5B
100
AcDbMLeaderStyle
179
     2
170
     2
171
     1
172
     0
 90
        2
 40
0.0
 41
0.0
173
     1
 91
-1056964608
340
14
 92
       -2
290
     1
 42
0.09
291
     1
 43
0.36
  3
Standard
341
0
 44
0.18
300

342
11
174
     1
178
     6
175
     1
176
     0
 93
-1056964608
 45
0.18
292
     0
297
     0
 46
0.18
343
0
 94
-1056964608
 47
1.0
 49
1.0
140
1.0
293
     1
141
0.0
294
     1
177
     0
142
1.0
295
     0
296
     0
143
0.125
271
     0
272
     9
273
     9
  0
MLINESTYLE
  5
18
102
{ACAD_REACTORS
330
17
102
}
330
17
100
AcDbMlineStyle
  2
Standard
 70
     0
  3

 62
   256
 51
90.0
 52
90.0
 71
     2
 49
0.5
 62
   256
  6
BYLAYER
 49
-0.5
 62
   256
  6
BYLAYER
  0
ACDBPLACEHOLDER
  5
F
102
{ACAD_REACTORS
330
E
102
}
330
E
  0
SCALE
  5
48
102
{ACAD_REACTORS
330
47
102
}
330
47
100
AcDbScale
 70
     0
300
1:1
140
1.0
141
1.0
290
     1
  0
SCALE
  5
49
102
{ACAD_REACTORS
330
47
102
}
330
47
100
AcDbScale
 70
     0
300
1/128" = 1'-0"
140
0.0078125
141
12.0
290
     0
  0
SCALE
  5
4A
102
{ACAD_REACTORS
330
47
102
}
330
47
100
AcDbScale
 70
     0
300
1/64" = 1'-0"
140
0.015625
141
12.0
290
     0
  0
SCALE
  5
4B
102
{ACAD_REACTORS
330
47
102
}
330
47
100
AcDbScale
 70
     0
300
1/32" = 1'-0"
140
0.03125
141
12.0
290
     0
  0
SCALE
  5
4C
102
{ACAD_REACTORS
330
47
102
}
330
47
100
AcDbScale
 70
     0
300
1/16" = 1'-0"
140
0.0625
141
12.0
290
     0
  0
SCALE
  5
4D
102
{ACAD_REACTORS
330
47
102
}
330
47
100
AcDbScale
 70
     0
300
3/32" = 1'-0"
140
0.09375
141
12.0
290
     0
  0
SCALE
  5
4E
102
{ACAD_REACTORS
330
47
102
}
330
47
100
AcDbScale
 70
     0
300
1/8" = 1'-0"
140
0.125
141
12.0
290
     0
  0
SCALE
  5
4F
102
{ACAD_REACTORS
330
47
102
}
330
47
100
AcDbScale
 70
     0
300
3/16" = 1'-0"
140
0.1875
141
12.0
290
     0
  0
SCALE
  5
50
102
{ACAD_REACTORS
330
47
102
}
330
47
100
AcDbScale
 70
     0
300
1/4" = 1'-0"
140
0.25
141
12.0
290
     0
  0
SCALE
  5
51
102
{ACAD_REACTORS
330
47
102
}
330
47
100
AcDbScale
 70
     0
300
3/8" = 1'-0"
140
0.375
141
12.0
290
     0
  0
SCALE
  5
52
102
{ACAD_REACTORS
330
47
102
}
330
47
100
AcDbScale
 70
     0
300
1/2" = 1'-0"
140
0.5
141
12.0
290
     0
  0
SCALE
  5
53
102
{ACAD_REACTORS
330
47
102
}
330
47
100
AcDbScale
 70
     0
300
3/4" = 1'-0"
140
0.75
141
12.0
290
     0
  0
SCALE
  5
54
102
{ACAD_REACTORS
330
47
102
}
330
47
100
AcDbScale
 70
     0
300
1" = 1'-0"
140
1.0
141
12.0
290
     0
  0
SCALE
  5
55
102
{ACAD_REACTORS
330
47
102
}
330
47
100
AcDbScale
 70
     0
300
1-1/2" = 1'-0"
140
1.5
141
12.0
290
     0
  0
SCALE
  5
56
102
{ACAD_REACTORS
330
47
102
}
330
47
100
AcDbScale
 70
     0
300
3" = 1'-0"
140
3.0
141
12.0
290
     0
  0
SCALE
  5
57
102
{ACAD_REACTORS
330
47
102
}
330
47
100
AcDbScale
 70
     0
300
6" = 1'-0"
140
6.0
141
12.0
290
     0
  0
SCALE
  5
58
102
{ACAD_REACTORS
330
47
102
}
330
47
100
AcDbScale
 70
     0
300
1'-0" = 1'-0"
140
12.0
141
12.0
290
     0
  0
TABLESTYLE
  5
5A
102
{ACAD_REACTORS
330
59
102
}
102
{ACAD_XDICTIONARY
360
D7E
102
}
330
59
100
AcDbTableStyle
  3
Standard
 70
     0
 71
     0
 40
0.06
 41
0.06
280
     0
281
     0
  7
Standard
140
0.18
170
     2
 62
     0
 63
   257
283
     0
 90
        4
 91
        0
  1

274
    -2
284
     1
 64
     0
275
    -2
285
     1
 65
     0
276
    -2
286
     1
 66
     0
277
    -2
287
     1
 67
     0
278
    -2
288
     1
 68
     0
279
    -2
289
     1
 69
     0
  7
Standard
140
0.25
170
     5
 62
     0
 63
   257
283
     0
 90
        4
 91
        0
  1

274
    -2
284
     1
 64
     0
275
    -2
285
     1
 65
     0
276
    -2
286
     1
 66
     0
277
    -2
287
     1
 67
     0
278
    -2
288
     1
 68
     0
279
    -2
289
     1
 69
     0
  7
Standard
140
0.18
170
     5
 62
     0
 63
   257
283
     0
 90
        4
 91
        0
  1

274
    -2
284
     1
 64
     0
275
    -2
285
     1
 65
     0
276
    -2
286
     1
 66
     0
277
    -2
287
     1
 67
     0
278
    -2
288
     1
 68
     0
279
    -2
289
     1
 69
     0
  0
VISUALSTYLE
  5
2F
102
{ACAD_REACTORS
330
2A
102
}
102
{ACAD_XDICTIONARY
360
D56
102
}
330
2A
100
AcDbVisualStyle
  2
2dWireframe
 70
     4
177
     2
291
     0
 71
     0
176
     1
 72
     2
176
     1
 73
     0
176
     1
 90
        0
176
     1
 40
0.6
176
     1
 41
30.0
176
     1
 62
     5
 63
     7
421
 16777215
176
     1
 74
     1
176
     1
 91
        4
176
     1
 64
     7
176
     1
 65
   257
176
     1
 75
     1
176
     1
175
     1
176
     1
 42
1.0
176
     1
 92
        0
176
     1
 66
   257
176
     1
 43
1.0
176
     1
 76
     1
176
     1
 77
     6
176
     1
 78
     2
176
     1
 67
     7
176
     1
 79
     5
176
     1
170
     0
176
     1
171
     0
176
     1
290
     0
176
     1
 93
        1
176
     1
 44
0.0
176
     1
173
     0
176
     1
  0
VISUALSTYLE
  5
32
102
{ACAD_REACTORS
330
2A
102
}
102
{ACAD_XDICTIONARY
360
D5C
102
}
330
2A
100
AcDbVisualStyle
  2
Basic
 70
     7
177
     2
291
     1
 71
     1
176
     1
 72
     0
176
     1
 73
     1
176
     1
 90
        0
176
     1
 40
0.6
176
     1
 41
30.0
176
     1
 62
     5
 63
     7
421
 16777215
176
     1
 74
     0
176
     1
 91
        4
176
     1
 64
     7
176
     1
 65
   257
176
     1
 75
     1
176
     1
175
     1
176
     1
 42
1.0
176
     1
 92
        8
176
     1
 66
     7
176
     1
 43
1.0
176
     1
 76
     1
176
     1
 77
     6
176
     1
 78
     2
176
     1
 67
     7
176
     1
 79
     5
176
     1
170
     0
176
     1
171
     0
176
     1
290
     0
176
     1
 93
        1
176
     1
 44
0.0
176
     1
173
     0
176
     1
  0
VISUALSTYLE
  5
36
102
{ACAD_REACTORS
330
2A
102
}
102
{ACAD_XDICTIONARY
360
D64
102
}
330
2A
100
AcDbVisualStyle
  2
Brighten
 70
    12
177
     2
291
     1
 71
     2
176
     1
 72
     2
176
     1
 73
     0
176
     1
 90
        0
176
     1
 40
0.6
176
     1
 41
30.0
176
     1
 62
     5
 63
     7
421
 16777215
176
     1
 74
     1
176
     1
 91
        4
176
     1
 64
     7
176
     1
 65
   257
176
     1
 75
     1
176
     1
175
     1
176
     1
 42
1.0
176
     1
 92
        8
176
     1
 66
     7
176
     1
 43
1.0
176
     1
 76
     1
176
     1
 77
     6
176
     1
 78
     2
176
     1
 67
     7
176
     1
 79
     5
176
     1
170
     0
176
     1
171
     0
176
     1
290
     0
176
     1
 93
        1
176
     1
 44
50.0
176
     1
173
     0
176
     1
  0
VISUALSTYLE
  5
3A
102
{ACAD_REACTORS
330
2A
102
}
102
{ACAD_XDICTIONARY
360
D6C
102
}
330
2A
100
AcDbVisualStyle
  2
ColorChange
 70
    16
177
     2
291
     1
 71
     2
176
     1
 72
     2
176
     1
 73
     3
176
     1
 90
        0
176
     1
 40
0.6
176
     1
 41
30.0
176
     1
 62
     5
 63
     8
421
  8421504
176
     1
 74
     1
176
     1
 91
        4
176
     1
 64
     7
176
     1
 65
   257
176
     1
 75
     1
176
     1
175
     1
176
     1
 42
1.0
176
     1
 92
        8
176
     1
 66
     8
424
  8421504
176
     1
 43
1.0
176
     1
 76
     1
176
     1
 77
     6
176
     1
 78
     2
176
     1
 67
     7
176
     1
 79
     5
176
     1
170
     0
176
     1
171
     0
176
     1
290
     0
176
     1
 93
        1
176
     1
 44
0.0
176
     1
173
     0
176
     1
  0
VISUALSTYLE
  5
34
102
{ACAD_REACTORS
330
2A
102
}
102
{ACAD_XDICTIONARY
360
D60
102
}
330
2A
100
AcDbVisualStyle
  2
Conceptual
 70
     9
177
     2
291
     0
 71
     3
176
     1
 72
     2
176
     1
 73
     0
176
     1
 90
        0
176
     1
 40
0.6
176
     1
 41
30.0
176
     1
 62
     5
 63
     7
421
 16777215
176
     1
 74
     2
176
     1
 91
        2
176
     1
 64
     7
176
     1
 65
   257
176
     1
 75
     1
176
     1
175
     1
176
     1
 42
179.0
176
     1
 92
        8
176
     1
 66
     7
176
     1
 43
1.0
176
     1
 76
     1
176
     1
 77
     6
176
     1
 78
     2
176
     1
 67
     7
176
     1
 79
     3
176
     1
170
     0
176
     1
171
     0
176
     1
290
     0
176
     1
 93
        1
176
     1
 44
0.0
176
     1
173
     0
176
     1
  0
VISUALSTYLE
  5
35
102
{ACAD_REACTORS
330
2A
102
}
102
{ACAD_XDICTIONARY
360
D62
102
}
330
2A
100
AcDbVisualStyle
  2
Dim
 70
    11
177
     2
291
     1
 71
     2
176
     1
 72
     2
176
     1
 73
     0
176
     1
 90
        0
176
     1
 40
0.6
176
     1
 41
30.0
176
     1
 62
     5
 63
     7
421
 16777215
176
     1
 74
     1
176
     1
 91
        4
176
     1
 64
     7
176
     1
 65
   257
176
     1
 75
     1
176
     1
175
     1
176
     1
 42
1.0
176
     1
 92
        8
176
     1
 66
     7
176
     1
 43
1.0
176
     1
 76
     1
176
     1
 77
     6
176
     1
 78
     2
176
     1
 67
     7
176
     1
 79
     5
176
     1
170
     0
176
     1
171
     0
176
     1
290
     0
176
     1
 93
        1
176
     1
 44
-50.0
176
     1
173
     0
176
     1
  0
VISUALSTYLE
  5
3D
102
{ACAD_REACTORS
330
2A
102
}
102
{ACAD_XDICTIONARY
360
D72
102
}
330
2A
100
AcDbVisualStyle
  2
EdgeColorOff
 70
    22
177
     2
291
     1
 71
     2
176
     0
 72
     2
176
     0
 73
     0
176
     0
 90
        0
176
     0
 40
0.6
176
     0
 41
30.0
176
     0
 62
     5
 63
     7
421
 16777215
176
     0
 74
     1
176
     0
 91
        4
176
     0
 64
     7
176
     0
 65
   257
176
     0
 75
     1
176
     0
175
     1
176
     0
 42
1.0
176
     0
 92
        8
176
     2
 66
     7
176
     0
 43
1.0
176
     0
 76
     1
176
     0
 77
     6
176
     0
 78
     2
176
     0
 67
     7
176
     0
 79
     5
176
     0
170
     0
176
     0
171
     0
176
     0
290
     0
176
     0
 93
        1
176
     0
 44
0.0
176
     0
173
     0
176
     0
  0
VISUALSTYLE
  5
39
102
{ACAD_REACTORS
330
2A
102
}
102
{ACAD_XDICTIONARY
360
D6A
102
}
330
2A
100
AcDbVisualStyle
  2
Facepattern
 70
    15
177
     2
291
     1
 71
     2
176
     1
 72
     2
176
     1
 73
     0
176
     1
 90
        0
176
     1
 40
0.6
176
     1
 41
30.0
176
     1
 62
     5
 63
     7
421
 16777215
176
     1
 74
     1
176
     1
 91
        4
176
     1
 64
     7
176
     1
 65
   257
176
     1
 75
     1
176
     1
175
     1
176
     1
 42
1.0
176
     1
 92
        8
176
     1
 66
     7
176
     1
 43
1.0
176
     1
 76
     1
176
     1
 77
     6
176
     1
 78
     2
176
     1
 67
     7
176
     1
 79
     5
176
     1
170
     0
176
     1
171
     0
176
     1
290
     0
176
     1
 93
        1
176
     1
 44
0.0
176
     1
173
     0
176
     1
  0
VISUALSTYLE
  5
2B
102
{ACAD_REACTORS
330
2A
102
}
102
{ACAD_XDICTIONARY
360
D4E
102
}
330
2A
100
AcDbVisualStyle
  2
Flat
 70
     0
177
     2
291
     1
 71
     2
176
     1
 72
     1
176
     1
 73
     1
176
     1
 90
        2
176
     1
 40
0.6
176
     1
 41
30.0
176
     1
 62
     5
 63
     7
421
 16777215
176
     1
 74
     0
176
     1
 91
        0
176
     1
 64
     7
176
     1
 65
   257
176
     1
 75
     1
176
     1
175
     1
176
     1
 42
1.0
176
     1
 92
        8
176
     1
 66
     7
176
     1
 43
1.0
176
     1
 76
     1
176
     1
 77
     6
176
     1
 78
     2
176
     1
 67
     7
176
     1
 79
     5
176
     1
170
     0
176
     1
171
     0
176
     1
290
     0
176
     1
 93
       13
176
     1
 44
0.0
176
     1
173
     0
176
     1
  0
VISUALSTYLE
  5
2C
102
{ACAD_REACTORS
330
2A
102
}
102
{ACAD_XDICTIONARY
360
D50
102
}
330
2A
100
AcDbVisualStyle
  2
FlatWithEdges
 70
     1
177
     2
291
     1
 71
     2
176
     1
 72
     1
176
     1
 73
     1
176
     1
 90
        2
176
     1
 40
0.6
176
     1
 41
30.0
176
     1
 62
     5
 63
     7
421
 16777215
176
     1
 74
     1
176
     1
 91
        0
176
     1
 64
     7
176
     1
 65
   257
176
     1
 75
     1
176
     1
175
     1
176
     1
 42
1.0
176
     1
 92
        0
176
     1
 66
   257
176
     1
 43
1.0
176
     1
 76
     1
176
     1
 77
     6
176
     1
 78
     2
176
     1
 67
     7
176
     1
 79
     5
176
     1
170
     0
176
     1
171
     0
176
     1
290
     0
176
     1
 93
       13
176
     1
 44
0.0
176
     1
173
     0
176
     1
  0
VISUALSTYLE
  5
2D
102
{ACAD_REACTORS
330
2A
102
}
102
{ACAD_XDICTIONARY
360
D52
102
}
330
2A
100
AcDbVisualStyle
  2
Gouraud
 70
     2
177
     2
291
     1
 71
     2
176
     1
 72
     2
176
     1
 73
     1
176
     1
 90
        2
176
     1
 40
0.6
176
     1
 41
30.0
176
     1
 62
     5
 63
     7
421
 16777215
176
     1
 74
     0
176
     1
 91
        0
176
     1
 64
     7
176
     1
 65
   257
176
     1
 75
     1
176
     1
175
     1
176
     1
 42
1.0
176
     1
 92
        0
176
     1
 66
     7
176
     1
 43
1.0
176
     1
 76
     1
176
     1
 77
     6
176
     1
 78
     2
176
     1
 67
     7
176
     1
 79
     5
176
     1
170
     0
176
     1
171
     0
176
     1
290
     0
176
     1
 93
       13
176
     1
 44
0.0
176
     1
173
     0
176
     1
  0
VISUALSTYLE
  5
2E
102
{ACAD_REACTORS
330
2A
102
}
102
{ACAD_XDICTIONARY
360
D54
102
}
330
2A
100
AcDbVisualStyle
  2
GouraudWithEdges
 70
     3
177
     2
291
     1
 71
     2
176
     1
 72
     2
176
     1
 73
     1
176
     1
 90
        2
176
     1
 40
0.6
176
     1
 41
30.0
176
     1
 62
     5
 63
     7
421
 16777215
176
     1
 74
     1
176
     1
 91
        0
176
     1
 64
     7
176
     1
 65
   257
176
     1
 75
     1
176
     1
175
     1
176
     1
 42
1.0
176
     1
 92
        0
176
     1
 66
   257
176
     1
 43
1.0
176
     1
 76
     1
176
     1
 77
     6
176
     1
 78
     2
176
     1
 67
     7
176
     1
 79
     5
176
     1
170
     0
176
     1
171
     0
176
     1
290
     0
176
     1
 93
       13
176
     1
 44
0.0
176
     1
173
     0
176
     1
  0
VISUALSTYLE
  5
31
102
{ACAD_REACTORS
330
2A
102
}
102
{ACAD_XDICTIONARY
360
D5A
102
}
330
2A
100
AcDbVisualStyle
  2
Hidden
 70
     6
177
     2
291
     0
 71
     1
176
     1
 72
     2
176
     1
 73
     2
176
     1
 90
        0
176
     1
 40
0.6
176
     1
 41
30.0
176
     1
 62
     5
 63
     7
421
 16777215
176
     1
 74
     2
176
     1
 91
        2
176
     1
 64
     7
176
     1
 65
   257
176
     1
 75
     2
176
     1
175
     1
176
     1
 42
40.0
176
     1
 92
        0
176
     1
 66
   257
176
     1
 43
1.0
176
     1
 76
     1
176
     1
 77
     6
176
     1
 78
     2
176
     1
 67
     7
176
     1
 79
     3
176
     1
170
     0
176
     1
171
     0
176
     1
290
     0
176
     1
 93
        1
176
     1
 44
0.0
176
     1
173
     0
176
     1
  0
VISUALSTYLE
  5
3B
102
{ACAD_REACTORS
330
2A
102
}
102
{ACAD_XDICTIONARY
360
D6E
102
}
330
2A
100
AcDbVisualStyle
  2
JitterOff
 70
    20
177
     2
291
     1
 71
     2
176
     0
 72
     2
176
     0
 73
     0
176
     0
 90
        0
176
     0
 40
0.6
176
     0
 41
30.0
176
     0
 62
     5
 63
     7
421
 16777215
176
     0
 74
     1
176
     0
 91
        4
176
     0
 64
     7
176
     0
 65
   257
176
     0
 75
     1
176
     0
175
     1
176
     0
 42
1.0
176
     0
 92
       10
176
     2
 66
     7
176
     0
 43
1.0
176
     0
 76
     1
176
     0
 77
     6
176
     0
 78
     2
176
     0
 67
     7
176
     0
 79
     5
176
     0
170
     0
176
     0
171
     0
176
     0
290
     0
176
     0
 93
        1
176
     0
 44
0.0
176
     0
173
     0
176
     0
  0
VISUALSTYLE
  5
38
102
{ACAD_REACTORS
330
2A
102
}
102
{ACAD_XDICTIONARY
360
D68
102
}
330
2A
100
AcDbVisualStyle
  2
Linepattern
 70
    14
177
     2
291
     1
 71
     2
176
     1
 72
     2
176
     1
 73
     0
176
     1
 90
        0
176
     1
 40
0.6
176
     1
 41
30.0
176
     1
 62
     5
 63
     7
421
 16777215
176
     1
 74
     1
176
     1
 91
        4
176
     1
 64
     7
176
     1
 65
   257
176
     1
 75
     7
176
     1
175
     7
176
     1
 42
1.0
176
     1
 92
        8
176
     1
 66
     7
176
     1
 43
1.0
176
     1
 76
     1
176
     1
 77
     6
176
     1
 78
     2
176
     1
 67
     7
176
     1
 79
     5
176
     1
170
     0
176
     1
171
     0
176
     1
290
     0
176
     1
 93
        1
176
     1
 44
0.0
176
     1
173
     0
176
     1
  0
VISUALSTYLE
  5
3C
102
{ACAD_REACTORS
330
2A
102
}
102
{ACAD_XDICTIONARY
360
D70
102
}
330
2A
100
AcDbVisualStyle
  2
OverhangOff
 70
    21
177
     2
291
     1
 71
     2
176
     0
 72
     2
176
     0
 73
     0
176
     0
 90
        0
176
     0
 40
0.6
176
     0
 41
30.0
176
     0
 62
     5
 63
     7
421
 16777215
176
     0
 74
     1
176
     0
 91
        4
176
     0
 64
     7
176
     0
 65
   257
176
     0
 75
     1
176
     0
175
     1
176
     0
 42
1.0
176
     0
 92
        9
176
     2
 66
     7
176
     0
 43
1.0
176
     0
 76
     1
176
     0
 77
     6
176
     0
 78
     2
176
     0
 67
     7
176
     0
 79
     5
176
     0
170
     0
176
     0
171
     0
176
     0
290
     0
176
     0
 93
        1
176
     0
 44
0.0
176
     0
173
     0
176
     0
  0
VISUALSTYLE
  5
33
102
{ACAD_REACTORS
330
2A
102
}
102
{ACAD_XDICTIONARY
360
D5E
102
}
330
2A
100
AcDbVisualStyle
  2
Realistic
 70
     8
177
     2
291
     0
 71
     2
176
     1
 72
     3
176
     1
 73
     0
176
     1
 90
        2
176
     1
 40
0.6
176
     1
 41
30.0
176
     1
 62
     5
 63
     7
421
 16777215
176
     1
 74
     0
176
     1
 91
        0
176
     1
 64
     7
176
     1
 65
   257
176
     1
 75
     1
176
     1
175
     1
176
     1
 42
1.0
176
     1
 92
        8
176
     1
 66
   257
176
     1
 43
1.0
176
     1
 76
     1
176
     1
 77
     6
176
     1
 78
     2
176
     1
 67
     7
176
     1
 79
     3
176
     1
170
     0
176
     1
171
     0
176
     1
290
     0
176
     1
 93
       13
176
     1
 44
0.0
176
     1
173
     0
176
     1
  0
VISUALSTYLE
  5
42
102
{ACAD_REACTORS
330
2A
102
}
102
{ACAD_XDICTIONARY
360
D7C
102
}
330
2A
100
AcDbVisualStyle
  2
Shaded
 70
    27
177
     2
291
     0
 71
     2
176
     1
 72
     2
176
     1
 73
     1
176
     1
 90
        2
176
     1
 40
0.6
176
     1
 41
30.0
176
     1
 62
     5
 63
     7
421
 16777215
176
     1
 74
     0
176
     1
 91
        4
176
     1
 64
     7
176
     1
 65
   257
176
     1
 75
     1
176
     1
175
     1
176
     1
 42
1.0
176
     1
 92
        8
176
     1
 66
   257
176
     1
 43
1.0
176
     1
 76
     1
176
     1
 77
     6
176
     1
 78
     2
176
     1
 67
     8
425
  7895160
176
     1
 79
     3
176
     1
170
     0
176
     1
171
     0
176
     1
290
     0
176
     1
 93
        5
176
     1
 44
0.0
176
     1
173
     0
176
     1
  0
VISUALSTYLE
  5
41
102
{ACAD_REACTORS
330
2A
102
}
102
{ACAD_XDICTIONARY
360
D7A
102
}
330
2A
100
AcDbVisualStyle
  2
Shaded with edges
 70
    26
177
     2
291
     0
 71
     2
176
     1
 72
     2
176
     1
 73
     1
176
     1
 90
        2
176
     1
 40
0.6
176
     1
 41
30.0
176
     1
 62
     5
 63
     7
421
 16777215
176
     1
 74
     1
176
     1
 91
       10
176
     1
 64
     7
176
     1
 65
   257
176
     1
 75
     2
176
     1
175
     1
176
     1
 42
1.0
176
     1
 92
        8
176
     1
 66
   257
176
     1
 43
1.0
176
     1
 76
     1
176
     1
 77
     6
176
     1
 78
     2
176
     1
 67
     7
176
     1
 79
     3
176
     1
170
     0
176
     1
171
     0
176
     1
290
     0
176
     1
 93
        5
176
     1
 44
0.0
176
     1
173
     0
176
     1
  0
VISUALSTYLE
  5
3E
102
{ACAD_REACTORS
330
2A
102
}
102
{ACAD_XDICTIONARY
360
D74
102
}
330
2A
100
AcDbVisualStyle
  2
Shades of Gray
 70
    23
177
     2
291
     0
 71
     2
176
     1
 72
     2
176
     1
 73
     3
176
     1
 90
        0
176
     1
 40
0.6
176
     1
 41
30.0
176
     1
 62
     5
 63
     7
421
 16777215
176
     1
 74
     2
176
     1
 91
        2
176
     1
 64
     7
176
     1
 65
     7
176
     1
 75
     1
176
     1
175
     1
176
     1
 42
40.0
176
     1
 92
        8
176
     1
 66
     7
176
     1
 43
1.0
176
     1
 76
     1
176
     1
 77
     6
176
     1
 78
     2
176
     1
 67
     7
176
     1
 79
     3
176
     1
170
     0
176
     1
171
     0
176
     1
290
     0
176
     1
 93
        1
176
     1
 44
0.0
176
     1
173
     0
176
     1
  0
VISUALSTYLE
  5
3F
102
{ACAD_REACTORS
330
2A
102
}
102
{ACAD_XDICTIONARY
360
D76
102
}
330
2A
100
AcDbVisualStyle
  2
Sketchy
 70
    24
177
     2
291
     0
 71
     1
176
     1
 72
     2
176
     1
 73
     2
176
     1
 90
        0
176
     1
 40
0.6
176
     1
 41
30.0
176
     1
 62
     5
 63
     7
421
 16777215
176
     1
 74
     2
176
     1
 91
        2
176
     1
 64
     7
176
     1
 65
     7
176
     1
 75
     1
176
     1
175
     1
176
     1
 42
40.0
176
     1
 92
       11
176
     1
 66
     7
176
     1
 43
1.0
176
     1
 76
     1
176
     1
 77
     6
176
     1
 78
     2
176
     1
 67
     7
176
     1
 79
     6
176
     1
170
     0
176
     1
171
     0
176
     1
290
     0
176
     1
 93
        1
176
     1
 44
0.0
176
     1
173
     0
176
     1
  0
VISUALSTYLE
  5
37
102
{ACAD_REACTORS
330
2A
102
}
102
{ACAD_XDICTIONARY
360
D66
102
}
330
2A
100
AcDbVisualStyle
  2
Thicken
 70
    13
177
     2
291
     1
 71
     2
176
     1
 72
     2
176
     1
 73
     0
176
     1
 90
        0
176
     1
 40
0.6
176
     1
 41
30.0
176
     1
 62
     5
 63
     7
421
 16777215
176
     1
 74
     1
176
     1
 91
        4
176
     1
 64
     7
176
     1
 65
   257
176
     1
 75
     1
176
     1
175
     1
176
     1
 42
1.0
176
     1
 92
       12
176
     1
 66
     7
176
     1
 43
1.0
176
     1
 76
     1
176
     1
 77
     6
176
     1
 78
     2
176
     1
 67
     7
176
     1
 79
     5
176
     1
170
     0
176
     1
171
     0
176
     1
290
     0
176
     1
 93
        1
176
     1
 44
0.0
176
     1
173
     0
176
     1
  0
VISUALSTYLE
  5
30
102
{ACAD_REACTORS
330
2A
102
}
102
{ACAD_XDICTIONARY
360
D58
102
}
330
2A
100
AcDbVisualStyle
  2
Wireframe
 70
     5
177
     2
291
     0
 71
     0
176
     1
 72
     2
176
     1
 73
     0
176
     1
 90
        0
176
     1
 40
0.6
176
     1
 41
30.0
176
     1
 62
     5
 63
     7
421
 16777215
176
     1
 74
     1
176
     1
 91
        4
176
     1
 64
     7
176
     1
 65
   257
176
     1
 75
     1
176
     1
175
     1
176
     1
 42
1.0
176
     1
 92
        0
176
     1
 66
   257
176
     1
 43
1.0
176
     1
 76
     1
176
     1
 77
     6
176
     1
 78
     2
176
     1
 67
     7
176
     1
 79
     3
176
     1
170
     0
176
     1
171
     0
176
     1
290
     0
176
     1
 93
        1
176
     1
 44
0.0
176
     1
173
     0
176
     1
  0
VISUALSTYLE
  5
40
102
{ACAD_REACTORS
330
2A
102
}
102
{ACAD_XDICTIONARY
360
D78
102
}
330
2A
100
AcDbVisualStyle
  2
X-Ray
 70
    25
177
     2
291
     0
 71
     2
176
     1
 72
     2
176
     1
 73
     1
176
     1
 90
        1
176
     1
 40
0.5
176
     1
 41
30.0
176
     1
 62
     5
 63
     7
421
 16777215
176
     1
 74
     1
176
     1
 91
        0
176
     1
 64
     7
176
     1
 65
   257
176
     1
 75
     1
176
     1
175
     1
176
     1
 42
1.0
176
     1
 92
        8
176
     1
 66
     7
176
     1
 43
1.0
176
     1
 76
     1
176
     1
 77
     6
176
     1
 78
     2
176
     1
 67
     7
176
     1
 79
     3
176
     1
170
     0
176
     1
171
     0
176
     1
290
     0
176
     1
 93
       13
176
     1
 44
0.0
176
     1
173
     0
176
     1
  0
DICTIONARYVAR
  5
D4D
102
{ACAD_REACTORS
330
D4C
102
}
330
D4C
100
DictionaryVariables
280
     0
  1
1:1
  0
DICTIONARYVAR
  5
D82
102
{ACAD_REACTORS
330
D4C
102
}
330
D4C
100
DictionaryVariables
280
     0
  1
Standard
  0
DICTIONARYVAR
  5
D81
102
{ACAD_REACTORS
330
D4C
102
}
330
D4C
100
DictionaryVariables
280
     0
  1
Standard
  0
DICTIONARY
  5
D7E
330
5A
100
AcDbDictionary
280
     1
281
     1
  3
ACAD_ROUNDTRIP_2008_TABLESTYLE_CELLSTYLEMAP
360
D7F
  0
DICTIONARY
  5
D56
330
2F
100
AcDbDictionary
280
     1
281
     1
  3
ACAD_XREC_ROUNDTRIP
360
D57
  0
DICTIONARY
  5
D5C
330
32
100
AcDbDictionary
280
     1
281
     1
  3
ACAD_XREC_ROUNDTRIP
360
D5D
  0
DICTIONARY
  5
D64
330
36
100
AcDbDictionary
280
     1
281
     1
  3
ACAD_XREC_ROUNDTRIP
360
D65
  0
DICTIONARY
  5
D6C
330
3A
100
AcDbDictionary
280
     1
281
     1
  3
ACAD_XREC_ROUNDTRIP
360
D6D
  0
DICTIONARY
  5
D60
330
34
100
AcDbDictionary
280
     1
281
     1
  3
ACAD_XREC_ROUNDTRIP
360
D61
  0
DICTIONARY
  5
D62
330
35
100
AcDbDictionary
280
     1
281
     1
  3
ACAD_XREC_ROUNDTRIP
360
D63
  0
DICTIONARY
  5
D72
330
3D
100
AcDbDictionary
280
     1
281
     1
  3
ACAD_XREC_ROUNDTRIP
360
D73
  0
DICTIONARY
  5
D6A
330
39
100
AcDbDictionary
280
     1
281
     1
  3
ACAD_XREC_ROUNDTRIP
360
D6B
  0
DICTIONARY
  5
D4E
330
2B
100
AcDbDictionary
280
     1
281
     1
  3
ACAD_XREC_ROUNDTRIP
360
D4F
  0
DICTIONARY
  5
D50
330
2C
100
AcDbDictionary
280
     1
281
     1
  3
ACAD_XREC_ROUNDTRIP
360
D51
  0
DICTIONARY
  5
D52
330
2D
100
AcDbDictionary
280
     1
281
     1
  3
ACAD_XREC_ROUNDTRIP
360
D53
  0
DICTIONARY
  5
D54
330
2E
100
AcDbDictionary
280
     1
281
     1
  3
ACAD_XREC_ROUNDTRIP
360
D55
  0
DICTIONARY
  5
D5A
330
31
100
AcDbDictionary
280
     1
281
     1
  3
ACAD_XREC_ROUNDTRIP
360
D5B
  0
DICTIONARY
  5
D6E
330
3B
100
AcDbDictionary
280
     1
281
     1
  3
ACAD_XREC_ROUNDTRIP
360
D6F
  0
DICTIONARY
  5
D68
330
38
100
AcDbDictionary
280
     1
281
     1
  3
ACAD_XREC_ROUNDTRIP
360
D69
  0
DICTIONARY
  5
D70
330
3C
100
AcDbDictionary
280
     1
281
     1
  3
ACAD_XREC_ROUNDTRIP
360
D71
  0
DICTIONARY
  5
D5E
330
33
100
AcDbDictionary
280
     1
281
     1
  3
ACAD_XREC_ROUNDTRIP
360
D5F
  0
DICTIONARY
  5
D7C
330
42
100
AcDbDictionary
280
     1
281
     1
  3
ACAD_XREC_ROUNDTRIP
360
D7D
  0
DICTIONARY
  5
D7A
330
41
100
AcDbDictionary
280
     1
281
     1
  3
ACAD_XREC_ROUNDTRIP
360
D7B
  0
DICTIONARY
  5
D74
330
3E
100
AcDbDictionary
280
     1
281
     1
  3
ACAD_XREC_ROUNDTRIP
360
D75
  0
DICTIONARY
  5
D76
330
3F
100
AcDbDictionary
280
     1
281
     1
  3
ACAD_XREC_ROUNDTRIP
360
D77
  0
DICTIONARY
  5
D66
330
37
100
AcDbDictionary
280
     1
281
     1
  3
ACAD_XREC_ROUNDTRIP
360
D67
  0
DICTIONARY
  5
D58
330
30
100
AcDbDictionary
280
     1
281
     1
  3
ACAD_XREC_ROUNDTRIP
360
D59
  0
DICTIONARY
  5
D78
330
40
100
AcDbDictionary
280
     1
281
     1
  3
ACAD_XREC_ROUNDTRIP
360
D79
  0
CELLSTYLEMAP
  5
D7F
102
{ACAD_REACTORS
330
D7E
102
}
330
D7E
100
AcDbCellStyleMap
 90
        3
300
CELLSTYLE
  1
TABLEFORMAT_BEGIN
 90
        5
170
     1
 91
        0
 92
    32768
 62
   257
 93
        1
300
CONTENTFORMAT
  1
CONTENTFORMAT_BEGIN
 90
        0
 91
        0
 92
        4
 93
        0
300

 40
0.0
140
1.0
 94
        5
 62
     0
340
11
144
0.25
309
CONTENTFORMAT_END
171
     1
301
MARGIN
  1
CELLMARGIN_BEGIN
 40
0.06
 40
0.06
 40
0.06
 40
0.06
 40
0.06
 40
0.06
309
CELLMARGIN_END
 94
        6
 95
        1
302
GRIDFORMAT
  1
GRIDFORMAT_BEGIN
 90
        0
 91
        1
 62
     0
 92
       -2
340
14
 93
        0
 40
0.045
309
GRIDFORMAT_END
 95
        2
302
GRIDFORMAT
  1
GRIDFORMAT_BEGIN
 90
        0
 91
        1
 62
     0
 92
       -2
340
14
 93
        0
 40
0.045
309
GRIDFORMAT_END
 95
        4
302
GRIDFORMAT
  1
GRIDFORMAT_BEGIN
 90
        0
 91
        1
 62
     0
 92
       -2
340
14
 93
        0
 40
0.045
309
GRIDFORMAT_END
 95
        8
302
GRIDFORMAT
  1
GRIDFORMAT_BEGIN
 90
        0
 91
        1
 62
     0
 92
       -2
340
14
 93
        0
 40
0.045
309
GRIDFORMAT_END
 95
       16
302
GRIDFORMAT
  1
GRIDFORMAT_BEGIN
 90
        0
 91
        1
 62
     0
 92
       -2
340
14
 93
        0
 40
0.045
309
GRIDFORMAT_END
 95
       32
302
GRIDFORMAT
  1
GRIDFORMAT_BEGIN
 90
        0
 91
        1
 62
     0
 92
       -2
340
14
 93
        0
 40
0.045
309
GRIDFORMAT_END
309
TABLEFORMAT_END
  1
CELLSTYLE_BEGIN
 90
        1
 91
        1
300
_TITLE
309
CELLSTYLE_END
300
CELLSTYLE
  1
TABLEFORMAT_BEGIN
 90
        5
170
     1
 91
        0
 92
        0
 62
   257
 93
        1
300
CONTENTFORMAT
  1
CONTENTFORMAT_BEGIN
 90
        0
 91
        0
 92
        4
 93
        0
300

 40
0.0
140
1.0
 94
        5
 62
     0
340
11
144
0.18
309
CONTENTFORMAT_END
171
     1
301
MARGIN
  1
CELLMARGIN_BEGIN
 40
0.06
 40
0.06
 40
0.06
 40
0.06
 40
0.06
 40
0.06
309
CELLMARGIN_END
 94
        6
 95
        1
302
GRIDFORMAT
  1
GRIDFORMAT_BEGIN
 90
        0
 91
        1
 62
     0
 92
       -2
340
14
 93
        0
 40
0.045
309
GRIDFORMAT_END
 95
        2
302
GRIDFORMAT
  1
GRIDFORMAT_BEGIN
 90
        0
 91
        1
 62
     0
 92
       -2
340
14
 93
        0
 40
0.045
309
GRIDFORMAT_END
 95
        4
302
GRIDFORMAT
  1
GRIDFORMAT_BEGIN
 90
        0
 91
        1
 62
     0
 92
       -2
340
14
 93
        0
 40
0.045
309
GRIDFORMAT_END
 95
        8
302
GRIDFORMAT
  1
GRIDFORMAT_BEGIN
 90
        0
 91
        1
 62
     0
 92
       -2
340
14
 93
        0
 40
0.045
309
GRIDFORMAT_END
 95
       16
302
GRIDFORMAT
  1
GRIDFORMAT_BEGIN
 90
        0
 91
        1
 62
     0
 92
       -2
340
14
 93
        0
 40
0.045
309
GRIDFORMAT_END
 95
       32
302
GRIDFORMAT
  1
GRIDFORMAT_BEGIN
 90
        0
 91
        1
 62
     0
 92
       -2
340
14
 93
        0
 40
0.045
309
GRIDFORMAT_END
309
TABLEFORMAT_END
  1
CELLSTYLE_BEGIN
 90
        2
 91
        1
300
_HEADER
309
CELLSTYLE_END
300
CELLSTYLE
  1
TABLEFORMAT_BEGIN
 90
        5
170
     1
 91
        0
 92
        0
 62
   257
 93
        1
300
CONTENTFORMAT
  1
CONTENTFORMAT_BEGIN
 90
        0
 91
        0
 92
        4
 93
        0
300

 40
0.0
140
1.0
 94
        2
 62
     0
340
11
144
0.18
309
CONTENTFORMAT_END
171
     1
301
MARGIN
  1
CELLMARGIN_BEGIN
 40
0.06
 40
0.06
 40
0.06
 40
0.06
 40
0.06
 40
0.06
309
CELLMARGIN_END
 94
        6
 95
        1
302
GRIDFORMAT
  1
GRIDFORMAT_BEGIN
 90
        0
 91
        1
 62
     0
 92
       -2
340
14
 93
        0
 40
0.045
309
GRIDFORMAT_END
 95
        2
302
GRIDFORMAT
  1
GRIDFORMAT_BEGIN
 90
        0
 91
        1
 62
     0
 92
       -2
340
14
 93
        0
 40
0.045
309
GRIDFORMAT_END
 95
        4
302
GRIDFORMAT
  1
GRIDFORMAT_BEGIN
 90
        0
 91
        1
 62
     0
 92
       -2
340
14
 93
        0
 40
0.045
309
GRIDFORMAT_END
 95
        8
302
GRIDFORMAT
  1
GRIDFORMAT_BEGIN
 90
        0
 91
        1
 62
     0
 92
       -2
340
14
 93
        0
 40
0.045
309
GRIDFORMAT_END
 95
       16
302
GRIDFORMAT
  1
GRIDFORMAT_BEGIN
 90
        0
 91
        1
 62
     0
 92
       -2
340
14
 93
        0
 40
0.045
309
GRIDFORMAT_END
 95
       32
302
GRIDFORMAT
  1
GRIDFORMAT_BEGIN
 90
        0
 91
        1
 62
     0
 92
       -2
340
14
 93
        0
 40
0.045
309
GRIDFORMAT_END
309
TABLEFORMAT_END
  1
CELLSTYLE_BEGIN
 90
        3
 91
        2
300
_DATA
309
CELLSTYLE_END
  0
XRECORD
  5
D57
102
{ACAD_REACTORS
330
D56
102
}
330
D56
100
AcDbXrecord
280
     1
102
RTVSPost2010Prop28
280
     1
102
RTVSPost2010PropOp28
 70
     1
102
RTVSPost2010Prop29
280
     1
102
RTVSPost2010PropOp29
 70
     1
102
RTVSPost2010Prop30
280
     0
102
RTVSPost2010PropOp30
 70
     1
102
RTVSPost2010Prop31
280
     0
102
RTVSPost2010PropOp31
 70
     1
102
RTVSPost2010Prop32
280
     0
102
RTVSPost2010PropOp32
 70
     1
102
RTVSPost2010Prop33
280
     0
102
RTVSPost2010PropOp33
 70
     1
102
RTVSPost2010Prop34
280
     0
102
RTVSPost2010PropOp34
 70
     1
102
RTVSPost2010Prop35
280
     0
102
RTVSPost2010PropOp35
 70
     1
102
RTVSPost2010Prop36
280
     0
102
RTVSPost2010PropOp36
 70
     1
102
RTVSPost2010Prop37
 90
       50
102
RTVSPost2010PropOp37
 70
     1
102
RTVSPost2010Prop38
140
0.0
102
RTVSPost2010PropOp38
 70
     1
102
RTVSPost2010Prop39
140
1.0
102
RTVSPost2010PropOp39
 70
     1
102
RTVSPost2010Prop40
 90
        0
102
RTVSPost2010PropOp40
 70
     1
102
RTVSPost2010Prop41ColorIndex
 90
       18
102
RTVSPost2010Prop41ColorRGB
 90
        0
102
RTVSPost2010PropOp41
 70
     1
102
RTVSPost2010Prop42
 90
       50
102
RTVSPost2010PropOp42
 70
     1
102
RTVSPost2010Prop43
 90
        3
102
RTVSPost2010PropOp43
 70
     1
102
RTVSPost2010Prop44ColorIndex
 90
        5
102
RTVSPost2010Prop44ColorRGB
 90
      255
102
RTVSPost2010PropOp44
 70
     1
102
RTVSPost2010Prop45
280
     0
102
RTVSPost2010PropOp45
 70
     1
102
RTVSPost2010Prop46
 90
       50
102
RTVSPost2010PropOp46
 70
     1
102
RTVSPost2010Prop47
 90
       50
102
RTVSPost2010PropOp47
 70
     1
102
RTVSPost2010Prop48
 90
       50
102
RTVSPost2010PropOp48
 70
     1
102
RTVSPost2010Prop49
280
     0
102
RTVSPost2010PropOp49
 70
     1
102
RTVSPost2010Prop50
 90
       50
102
RTVSPost2010PropOp50
 70
     1
102
RTVSPost2010Prop51ColorIndex
 90
      256
102
RTVSPost2010Prop51ColorRGB
 90
-16777216
102
RTVSPost2010PropOp51
 70
     0
102
RTVSPost2010Prop52
140
1.0
102
RTVSPost2010PropOp52
 70
     0
102
RTVSPost2010Prop53
 90
        2
102
RTVSPost2010PropOp53
 70
     1
102
RTVSPost2010Prop54
  1
strokes_ogs.tif
102
RTVSPost2010PropOp54
 70
     1
102
RTVSPost2010Prop55
280
     0
102
RTVSPost2010PropOp55
 70
     1
102
RTVSPost2010Prop56
140
1.0
102
RTVSPost2010PropOp56
 70
     1
102
RTVSPost2010Prop57
140
1.0
102
RTVSPost2010PropOp57
 70
     1
  0
XRECORD
  5
D5D
102
{ACAD_REACTORS
330
D5C
102
}
330
D5C
100
AcDbXrecord
280
     1
102
RTVSPost2010Prop28
280
     0
102
RTVSPost2010PropOp28
 70
     1
102
RTVSPost2010Prop29
280
     1
102
RTVSPost2010PropOp29
 70
     1
102
RTVSPost2010Prop30
280
     1
102
RTVSPost2010PropOp30
 70
     1
102
RTVSPost2010Prop31
280
     0
102
RTVSPost2010PropOp31
 70
     1
102
RTVSPost2010Prop32
280
     0
102
RTVSPost2010PropOp32
 70
     1
102
RTVSPost2010Prop33
280
     0
102
RTVSPost2010PropOp33
 70
     1
102
RTVSPost2010Prop34
280
     0
102
RTVSPost2010PropOp34
 70
     1
102
RTVSPost2010Prop35
280
     0
102
RTVSPost2010PropOp35
 70
     1
102
RTVSPost2010Prop36
280
     0
102
RTVSPost2010PropOp36
 70
     1
102
RTVSPost2010Prop37
 90
       50
102
RTVSPost2010PropOp37
 70
     1
102
RTVSPost2010Prop38
140
0.0
102
RTVSPost2010PropOp38
 70
     1
102
RTVSPost2010Prop39
140
1.0
102
RTVSPost2010PropOp39
 70
     1
102
RTVSPost2010Prop40
 90
        0
102
RTVSPost2010PropOp40
 70
     1
102
RTVSPost2010Prop41ColorIndex
 90
       18
102
RTVSPost2010Prop41ColorRGB
 90
        0
102
RTVSPost2010PropOp41
 70
     1
102
RTVSPost2010Prop42
 90
       50
102
RTVSPost2010PropOp42
 70
     1
102
RTVSPost2010Prop43
 90
        3
102
RTVSPost2010PropOp43
 70
     1
102
RTVSPost2010Prop44ColorIndex
 90
        5
102
RTVSPost2010Prop44ColorRGB
 90
      255
102
RTVSPost2010PropOp44
 70
     1
102
RTVSPost2010Prop45
280
     0
102
RTVSPost2010PropOp45
 70
     1
102
RTVSPost2010Prop46
 90
       50
102
RTVSPost2010PropOp46
 70
     1
102
RTVSPost2010Prop47
 90
       50
102
RTVSPost2010PropOp47
 70
     1
102
RTVSPost2010Prop48
 90
       50
102
RTVSPost2010PropOp48
 70
     1
102
RTVSPost2010Prop49
280
     0
102
RTVSPost2010PropOp49
 70
     1
102
RTVSPost2010Prop50
 90
       50
102
RTVSPost2010PropOp50
 70
     1
102
RTVSPost2010Prop51ColorIndex
 90
      256
102
RTVSPost2010Prop51ColorRGB
 90
-16777216
102
RTVSPost2010PropOp51
 70
     0
102
RTVSPost2010Prop52
140
1.0
102
RTVSPost2010PropOp52
 70
     0
102
RTVSPost2010Prop53
 90
        2
102
RTVSPost2010PropOp53
 70
     1
102
RTVSPost2010Prop54
  1
strokes_ogs.tif
102
RTVSPost2010PropOp54
 70
     1
102
RTVSPost2010Prop55
280
     0
102
RTVSPost2010PropOp55
 70
     1
102
RTVSPost2010Prop56
140
1.0
102
RTVSPost2010PropOp56
 70
     1
102
RTVSPost2010Prop57
140
1.0
102
RTVSPost2010PropOp57
 70
     1
  0
XRECORD
  5
D65
102
{ACAD_REACTORS
330
D64
102
}
330
D64
100
AcDbXrecord
280
     1
102
RTVSPost2010Prop28
280
     0
102
RTVSPost2010PropOp28
 70
     1
102
RTVSPost2010Prop29
280
     1
102
RTVSPost2010PropOp29
 70
     1
102
RTVSPost2010Prop30
280
     1
102
RTVSPost2010PropOp30
 70
     1
102
RTVSPost2010Prop31
280
     0
102
RTVSPost2010PropOp31
 70
     1
102
RTVSPost2010Prop32
280
     0
102
RTVSPost2010PropOp32
 70
     1
102
RTVSPost2010Prop33
280
     0
102
RTVSPost2010PropOp33
 70
     1
102
RTVSPost2010Prop34
280
     0
102
RTVSPost2010PropOp34
 70
     1
102
RTVSPost2010Prop35
280
     0
102
RTVSPost2010PropOp35
 70
     1
102
RTVSPost2010Prop36
280
     0
102
RTVSPost2010PropOp36
 70
     1
102
RTVSPost2010Prop37
 90
       50
102
RTVSPost2010PropOp37
 70
     1
102
RTVSPost2010Prop38
140
0.0
102
RTVSPost2010PropOp38
 70
     1
102
RTVSPost2010Prop39
140
1.0
102
RTVSPost2010PropOp39
 70
     1
102
RTVSPost2010Prop40
 90
        0
102
RTVSPost2010PropOp40
 70
     1
102
RTVSPost2010Prop41ColorIndex
 90
       18
102
RTVSPost2010Prop41ColorRGB
 90
        0
102
RTVSPost2010PropOp41
 70
     1
102
RTVSPost2010Prop42
 90
       50
102
RTVSPost2010PropOp42
 70
     1
102
RTVSPost2010Prop43
 90
        3
102
RTVSPost2010PropOp43
 70
     1
102
RTVSPost2010Prop44ColorIndex
 90
        5
102
RTVSPost2010Prop44ColorRGB
 90
      255
102
RTVSPost2010PropOp44
 70
     1
102
RTVSPost2010Prop45
280
     0
102
RTVSPost2010PropOp45
 70
     1
102
RTVSPost2010Prop46
 90
       50
102
RTVSPost2010PropOp46
 70
     1
102
RTVSPost2010Prop47
 90
       50
102
RTVSPost2010PropOp47
 70
     1
102
RTVSPost2010Prop48
 90
       50
102
RTVSPost2010PropOp48
 70
     1
102
RTVSPost2010Prop49
280
     0
102
RTVSPost2010PropOp49
 70
     1
102
RTVSPost2010Prop50
 90
       50
102
RTVSPost2010PropOp50
 70
     1
102
RTVSPost2010Prop51ColorIndex
 90
      256
102
RTVSPost2010Prop51ColorRGB
 90
-16777216
102
RTVSPost2010PropOp51
 70
     0
102
RTVSPost2010Prop52
140
1.0
102
RTVSPost2010PropOp52
 70
     0
102
RTVSPost2010Prop53
 90
        2
102
RTVSPost2010PropOp53
 70
     1
102
RTVSPost2010Prop54
  1
strokes_ogs.tif
102
RTVSPost2010PropOp54
 70
     1
102
RTVSPost2010Prop55
280
     0
102
RTVSPost2010PropOp55
 70
     1
102
RTVSPost2010Prop56
140
1.0
102
RTVSPost2010PropOp56
 70
     1
102
RTVSPost2010Prop57
140
1.0
102
RTVSPost2010PropOp57
 70
     1
  0
XRECORD
  5
D6D
102
{ACAD_REACTORS
330
D6C
102
}
330
D6C
100
AcDbXrecord
280
     1
102
RTVSPost2010Prop28
280
     0
102
RTVSPost2010PropOp28
 70
     1
102
RTVSPost2010Prop29
280
     1
102
RTVSPost2010PropOp29
 70
     1
102
RTVSPost2010Prop30
280
     1
102
RTVSPost2010PropOp30
 70
     1
102
RTVSPost2010Prop31
280
     0
102
RTVSPost2010PropOp31
 70
     1
102
RTVSPost2010Prop32
280
     0
102
RTVSPost2010PropOp32
 70
     1
102
RTVSPost2010Prop33
280
     0
102
RTVSPost2010PropOp33
 70
     1
102
RTVSPost2010Prop34
280
     0
102
RTVSPost2010PropOp34
 70
     1
102
RTVSPost2010Prop35
280
     0
102
RTVSPost2010PropOp35
 70
     1
102
RTVSPost2010Prop36
280
     0
102
RTVSPost2010PropOp36
 70
     1
102
RTVSPost2010Prop37
 90
       50
102
RTVSPost2010PropOp37
 70
     1
102
RTVSPost2010Prop38
140
0.0
102
RTVSPost2010PropOp38
 70
     1
102
RTVSPost2010Prop39
140
1.0
102
RTVSPost2010PropOp39
 70
     1
102
RTVSPost2010Prop40
 90
        0
102
RTVSPost2010PropOp40
 70
     1
102
RTVSPost2010Prop41ColorIndex
 90
       18
102
RTVSPost2010Prop41ColorRGB
 90
        0
102
RTVSPost2010PropOp41
 70
     1
102
RTVSPost2010Prop42
 90
       50
102
RTVSPost2010PropOp42
 70
     1
102
RTVSPost2010Prop43
 90
        3
102
RTVSPost2010PropOp43
 70
     1
102
RTVSPost2010Prop44ColorIndex
 90
        5
102
RTVSPost2010Prop44ColorRGB
 90
      255
102
RTVSPost2010PropOp44
 70
     1
102
RTVSPost2010Prop45
280
     0
102
RTVSPost2010PropOp45
 70
     1
102
RTVSPost2010Prop46
 90
       50
102
RTVSPost2010PropOp46
 70
     1
102
RTVSPost2010Prop47
 90
       50
102
RTVSPost2010PropOp47
 70
     1
102
RTVSPost2010Prop48
 90
       50
102
RTVSPost2010PropOp48
 70
     1
102
RTVSPost2010Prop49
280
     0
102
RTVSPost2010PropOp49
 70
     1
102
RTVSPost2010Prop50
 90
       50
102
RTVSPost2010PropOp50
 70
     1
102
RTVSPost2010Prop51ColorIndex
 90
      256
102
RTVSPost2010Prop51ColorRGB
 90
-16777216
102
RTVSPost2010PropOp51
 70
     0
102
RTVSPost2010Prop52
140
1.0
102
RTVSPost2010PropOp52
 70
     0
102
RTVSPost2010Prop53
 90
        2
102
RTVSPost2010PropOp53
 70
     1
102
RTVSPost2010Prop54
  1
strokes_ogs.tif
102
RTVSPost2010PropOp54
 70
     1
102
RTVSPost2010Prop55
280
     0
102
RTVSPost2010PropOp55
 70
     1
102
RTVSPost2010Prop56
140
1.0
102
RTVSPost2010PropOp56
 70
     1
102
RTVSPost2010Prop57
140
1.0
102
RTVSPost2010PropOp57
 70
     1
  0
XRECORD
  5
D61
102
{ACAD_REACTORS
330
D60
102
}
330
D60
100
AcDbXrecord
280
     1
102
RTVSPost2010Prop28
280
     0
102
RTVSPost2010PropOp28
 70
     1
102
RTVSPost2010Prop29
280
     1
102
RTVSPost2010PropOp29
 70
     1
102
RTVSPost2010Prop30
280
     1
102
RTVSPost2010PropOp30
 70
     1
102
RTVSPost2010Prop31
280
     0
102
RTVSPost2010PropOp31
 70
     1
102
RTVSPost2010Prop32
280
     0
102
RTVSPost2010PropOp32
 70
     1
102
RTVSPost2010Prop33
280
     0
102
RTVSPost2010PropOp33
 70
     1
102
RTVSPost2010Prop34
280
     0
102
RTVSPost2010PropOp34
 70
     1
102
RTVSPost2010Prop35
280
     0
102
RTVSPost2010PropOp35
 70
     1
102
RTVSPost2010Prop36
280
     0
102
RTVSPost2010PropOp36
 70
     1
102
RTVSPost2010Prop37
 90
       50
102
RTVSPost2010PropOp37
 70
     1
102
RTVSPost2010Prop38
140
0.0
102
RTVSPost2010PropOp38
 70
     1
102
RTVSPost2010Prop39
140
1.0
102
RTVSPost2010PropOp39
 70
     1
102
RTVSPost2010Prop40
 90
        0
102
RTVSPost2010PropOp40
 70
     1
102
RTVSPost2010Prop41ColorIndex
 90
       18
102
RTVSPost2010Prop41ColorRGB
 90
        0
102
RTVSPost2010PropOp41
 70
     1
102
RTVSPost2010Prop42
 90
       50
102
RTVSPost2010PropOp42
 70
     1
102
RTVSPost2010Prop43
 90
        3
102
RTVSPost2010PropOp43
 70
     1
102
RTVSPost2010Prop44ColorIndex
 90
        5
102
RTVSPost2010Prop44ColorRGB
 90
      255
102
RTVSPost2010PropOp44
 70
     1
102
RTVSPost2010Prop45
280
     0
102
RTVSPost2010PropOp45
 70
     1
102
RTVSPost2010Prop46
 90
       50
102
RTVSPost2010PropOp46
 70
     1
102
RTVSPost2010Prop47
 90
       50
102
RTVSPost2010PropOp47
 70
     1
102
RTVSPost2010Prop48
 90
       50
102
RTVSPost2010PropOp48
 70
     1
102
RTVSPost2010Prop49
280
     0
102
RTVSPost2010PropOp49
 70
     1
102
RTVSPost2010Prop50
 90
       50
102
RTVSPost2010PropOp50
 70
     1
102
RTVSPost2010Prop51ColorIndex
 90
      256
102
RTVSPost2010Prop51ColorRGB
 90
-16777216
102
RTVSPost2010PropOp51
 70
     0
102
RTVSPost2010Prop52
140
1.0
102
RTVSPost2010PropOp52
 70
     0
102
RTVSPost2010Prop53
 90
        2
102
RTVSPost2010PropOp53
 70
     1
102
RTVSPost2010Prop54
  1
strokes_ogs.tif
102
RTVSPost2010PropOp54
 70
     1
102
RTVSPost2010Prop55
280
     0
102
RTVSPost2010PropOp55
 70
     1
102
RTVSPost2010Prop56
140
1.0
102
RTVSPost2010PropOp56
 70
     1
102
RTVSPost2010Prop57
140
1.0
102
RTVSPost2010PropOp57
 70
     1
  0
XRECORD
  5
D63
102
{ACAD_REACTORS
330
D62
102
}
330
D62
100
AcDbXrecord
280
     1
102
RTVSPost2010Prop28
280
     0
102
RTVSPost2010PropOp28
 70
     1
102
RTVSPost2010Prop29
280
     1
102
RTVSPost2010PropOp29
 70
     1
102
RTVSPost2010Prop30
280
     1
102
RTVSPost2010PropOp30
 70
     1
102
RTVSPost2010Prop31
280
     0
102
RTVSPost2010PropOp31
 70
     1
102
RTVSPost2010Prop32
280
     0
102
RTVSPost2010PropOp32
 70
     1
102
RTVSPost2010Prop33
280
     0
102
RTVSPost2010PropOp33
 70
     1
102
RTVSPost2010Prop34
280
     0
102
RTVSPost2010PropOp34
 70
     1
102
RTVSPost2010Prop35
280
     0
102
RTVSPost2010PropOp35
 70
     1
102
RTVSPost2010Prop36
280
     0
102
RTVSPost2010PropOp36
 70
     1
102
RTVSPost2010Prop37
 90
       50
102
RTVSPost2010PropOp37
 70
     1
102
RTVSPost2010Prop38
140
0.0
102
RTVSPost2010PropOp38
 70
     1
102
RTVSPost2010Prop39
140
1.0
102
RTVSPost2010PropOp39
 70
     1
102
RTVSPost2010Prop40
 90
        0
102
RTVSPost2010PropOp40
 70
     1
102
RTVSPost2010Prop41ColorIndex
 90
       18
102
RTVSPost2010Prop41ColorRGB
 90
        0
102
RTVSPost2010PropOp41
 70
     1
102
RTVSPost2010Prop42
 90
       50
102
RTVSPost2010PropOp42
 70
     1
102
RTVSPost2010Prop43
 90
        3
102
RTVSPost2010PropOp43
 70
     1
102
RTVSPost2010Prop44ColorIndex
 90
        5
102
RTVSPost2010Prop44ColorRGB
 90
      255
102
RTVSPost2010PropOp44
 70
     1
102
RTVSPost2010Prop45
280
     0
102
RTVSPost2010PropOp45
 70
     1
102
RTVSPost2010Prop46
 90
       50
102
RTVSPost2010PropOp46
 70
     1
102
RTVSPost2010Prop47
 90
       50
102
RTVSPost2010PropOp47
 70
     1
102
RTVSPost2010Prop48
 90
       50
102
RTVSPost2010PropOp48
 70
     1
102
RTVSPost2010Prop49
280
     0
102
RTVSPost2010PropOp49
 70
     1
102
RTVSPost2010Prop50
 90
       50
102
RTVSPost2010PropOp50
 70
     1
102
RTVSPost2010Prop51ColorIndex
 90
      256
102
RTVSPost2010Prop51ColorRGB
 90
-16777216
102
RTVSPost2010PropOp51
 70
     0
102
RTVSPost2010Prop52
140
1.0
102
RTVSPost2010PropOp52
 70
     0
102
RTVSPost2010Prop53
 90
        2
102
RTVSPost2010PropOp53
 70
     1
102
RTVSPost2010Prop54
  1
strokes_ogs.tif
102
RTVSPost2010PropOp54
 70
     1
102
RTVSPost2010Prop55
280
     0
102
RTVSPost2010PropOp55
 70
     1
102
RTVSPost2010Prop56
140
1.0
102
RTVSPost2010PropOp56
 70
     1
102
RTVSPost2010Prop57
140
1.0
102
RTVSPost2010PropOp57
 70
     1
  0
XRECORD
  5
D73
102
{ACAD_REACTORS
330
D72
102
}
330
D72
100
AcDbXrecord
280
     1
102
RTVSPost2010Prop28
280
     0
102
RTVSPost2010PropOp28
 70
     0
102
RTVSPost2010Prop29
280
     1
102
RTVSPost2010PropOp29
 70
     0
102
RTVSPost2010Prop30
280
     1
102
RTVSPost2010PropOp30
 70
     0
102
RTVSPost2010Prop31
280
     0
102
RTVSPost2010PropOp31
 70
     0
102
RTVSPost2010Prop32
280
     0
102
RTVSPost2010PropOp32
 70
     0
102
RTVSPost2010Prop33
280
     0
102
RTVSPost2010PropOp33
 70
     0
102
RTVSPost2010Prop34
280
     0
102
RTVSPost2010PropOp34
 70
     0
102
RTVSPost2010Prop35
280
     0
102
RTVSPost2010PropOp35
 70
     0
102
RTVSPost2010Prop36
280
     0
102
RTVSPost2010PropOp36
 70
     0
102
RTVSPost2010Prop37
 90
       50
102
RTVSPost2010PropOp37
 70
     0
102
RTVSPost2010Prop38
140
0.0
102
RTVSPost2010PropOp38
 70
     0
102
RTVSPost2010Prop39
140
1.0
102
RTVSPost2010PropOp39
 70
     0
102
RTVSPost2010Prop40
 90
        0
102
RTVSPost2010PropOp40
 70
     0
102
RTVSPost2010Prop41ColorIndex
 90
       18
102
RTVSPost2010Prop41ColorRGB
 90
        0
102
RTVSPost2010PropOp41
 70
     0
102
RTVSPost2010Prop42
 90
       50
102
RTVSPost2010PropOp42
 70
     0
102
RTVSPost2010Prop43
 90
        3
102
RTVSPost2010PropOp43
 70
     0
102
RTVSPost2010Prop44ColorIndex
 90
        5
102
RTVSPost2010Prop44ColorRGB
 90
      255
102
RTVSPost2010PropOp44
 70
     0
102
RTVSPost2010Prop45
280
     0
102
RTVSPost2010PropOp45
 70
     0
102
RTVSPost2010Prop46
 90
       50
102
RTVSPost2010PropOp46
 70
     0
102
RTVSPost2010Prop47
 90
       50
102
RTVSPost2010PropOp47
 70
     0
102
RTVSPost2010Prop48
 90
       50
102
RTVSPost2010PropOp48
 70
     0
102
RTVSPost2010Prop49
280
     0
102
RTVSPost2010PropOp49
 70
     0
102
RTVSPost2010Prop50
 90
       50
102
RTVSPost2010PropOp50
 70
     0
102
RTVSPost2010Prop51ColorIndex
 90
      256
102
RTVSPost2010Prop51ColorRGB
 90
-16777216
102
RTVSPost2010PropOp51
 70
     0
102
RTVSPost2010Prop52
140
1.0
102
RTVSPost2010PropOp52
 70
     0
102
RTVSPost2010Prop53
 90
        2
102
RTVSPost2010PropOp53
 70
     0
102
RTVSPost2010Prop54
  1
strokes_ogs.tif
102
RTVSPost2010PropOp54
 70
     0
102
RTVSPost2010Prop55
280
     0
102
RTVSPost2010PropOp55
 70
     0
102
RTVSPost2010Prop56
140
1.0
102
RTVSPost2010PropOp56
 70
     0
102
RTVSPost2010Prop57
140
1.0
102
RTVSPost2010PropOp57
 70
     0
  0
XRECORD
  5
D6B
102
{ACAD_REACTORS
330
D6A
102
}
330
D6A
100
AcDbXrecord
280
     1
102
RTVSPost2010Prop28
280
     0
102
RTVSPost2010PropOp28
 70
     1
102
RTVSPost2010Prop29
280
     1
102
RTVSPost2010PropOp29
 70
     1
102
RTVSPost2010Prop30
280
     1
102
RTVSPost2010PropOp30
 70
     1
102
RTVSPost2010Prop31
280
     0
102
RTVSPost2010PropOp31
 70
     1
102
RTVSPost2010Prop32
280
     0
102
RTVSPost2010PropOp32
 70
     1
102
RTVSPost2010Prop33
280
     0
102
RTVSPost2010PropOp33
 70
     1
102
RTVSPost2010Prop34
280
     0
102
RTVSPost2010PropOp34
 70
     1
102
RTVSPost2010Prop35
280
     0
102
RTVSPost2010PropOp35
 70
     1
102
RTVSPost2010Prop36
280
     0
102
RTVSPost2010PropOp36
 70
     1
102
RTVSPost2010Prop37
 90
       50
102
RTVSPost2010PropOp37
 70
     1
102
RTVSPost2010Prop38
140
0.0
102
RTVSPost2010PropOp38
 70
     1
102
RTVSPost2010Prop39
140
1.0
102
RTVSPost2010PropOp39
 70
     1
102
RTVSPost2010Prop40
 90
        0
102
RTVSPost2010PropOp40
 70
     1
102
RTVSPost2010Prop41ColorIndex
 90
       18
102
RTVSPost2010Prop41ColorRGB
 90
        0
102
RTVSPost2010PropOp41
 70
     1
102
RTVSPost2010Prop42
 90
       50
102
RTVSPost2010PropOp42
 70
     1
102
RTVSPost2010Prop43
 90
        3
102
RTVSPost2010PropOp43
 70
     1
102
RTVSPost2010Prop44ColorIndex
 90
        5
102
RTVSPost2010Prop44ColorRGB
 90
      255
102
RTVSPost2010PropOp44
 70
     1
102
RTVSPost2010Prop45
280
     0
102
RTVSPost2010PropOp45
 70
     1
102
RTVSPost2010Prop46
 90
       50
102
RTVSPost2010PropOp46
 70
     1
102
RTVSPost2010Prop47
 90
       50
102
RTVSPost2010PropOp47
 70
     1
102
RTVSPost2010Prop48
 90
       50
102
RTVSPost2010PropOp48
 70
     1
102
RTVSPost2010Prop49
280
     0
102
RTVSPost2010PropOp49
 70
     1
102
RTVSPost2010Prop50
 90
       50
102
RTVSPost2010PropOp50
 70
     1
102
RTVSPost2010Prop51ColorIndex
 90
      256
102
RTVSPost2010Prop51ColorRGB
 90
-16777216
102
RTVSPost2010PropOp51
 70
     0
102
RTVSPost2010Prop52
140
1.0
102
RTVSPost2010PropOp52
 70
     0
102
RTVSPost2010Prop53
 90
        2
102
RTVSPost2010PropOp53
 70
     1
102
RTVSPost2010Prop54
  1
strokes_ogs.tif
102
RTVSPost2010PropOp54
 70
     1
102
RTVSPost2010Prop55
280
     0
102
RTVSPost2010PropOp55
 70
     1
102
RTVSPost2010Prop56
140
1.0
102
RTVSPost2010PropOp56
 70
     1
102
RTVSPost2010Prop57
140
1.0
102
RTVSPost2010PropOp57
 70
     1
  0
XRECORD
  5
D4F
102
{ACAD_REACTORS
330
D4E
102
}
330
D4E
100
AcDbXrecord
280
     1
102
RTVSPost2010Prop28
280
     0
102
RTVSPost2010PropOp28
 70
     1
102
RTVSPost2010Prop29
280
     1
102
RTVSPost2010PropOp29
 70
     1
102
RTVSPost2010Prop30
280
     1
102
RTVSPost2010PropOp30
 70
     1
102
RTVSPost2010Prop31
280
     0
102
RTVSPost2010PropOp31
 70
     1
102
RTVSPost2010Prop32
280
     0
102
RTVSPost2010PropOp32
 70
     1
102
RTVSPost2010Prop33
280
     0
102
RTVSPost2010PropOp33
 70
     1
102
RTVSPost2010Prop34
280
     0
102
RTVSPost2010PropOp34
 70
     1
102
RTVSPost2010Prop35
280
     0
102
RTVSPost2010PropOp35
 70
     1
102
RTVSPost2010Prop36
280
     0
102
RTVSPost2010PropOp36
 70
     1
102
RTVSPost2010Prop37
 90
       50
102
RTVSPost2010PropOp37
 70
     1
102
RTVSPost2010Prop38
140
0.0
102
RTVSPost2010PropOp38
 70
     1
102
RTVSPost2010Prop39
140
1.0
102
RTVSPost2010PropOp39
 70
     1
102
RTVSPost2010Prop40
 90
        0
102
RTVSPost2010PropOp40
 70
     1
102
RTVSPost2010Prop41ColorIndex
 90
       18
102
RTVSPost2010Prop41ColorRGB
 90
        0
102
RTVSPost2010PropOp41
 70
     1
102
RTVSPost2010Prop42
 90
       50
102
RTVSPost2010PropOp42
 70
     1
102
RTVSPost2010Prop43
 90
        3
102
RTVSPost2010PropOp43
 70
     1
102
RTVSPost2010Prop44ColorIndex
 90
        5
102
RTVSPost2010Prop44ColorRGB
 90
      255
102
RTVSPost2010PropOp44
 70
     1
102
RTVSPost2010Prop45
280
     0
102
RTVSPost2010PropOp45
 70
     1
102
RTVSPost2010Prop46
 90
       50
102
RTVSPost2010PropOp46
 70
     1
102
RTVSPost2010Prop47
 90
       50
102
RTVSPost2010PropOp47
 70
     1
102
RTVSPost2010Prop48
 90
       50
102
RTVSPost2010PropOp48
 70
     1
102
RTVSPost2010Prop49
280
     0
102
RTVSPost2010PropOp49
 70
     1
102
RTVSPost2010Prop50
 90
       50
102
RTVSPost2010PropOp50
 70
     1
102
RTVSPost2010Prop51ColorIndex
 90
      256
102
RTVSPost2010Prop51ColorRGB
 90
-16777216
102
RTVSPost2010PropOp51
 70
     0
102
RTVSPost2010Prop52
140
1.0
102
RTVSPost2010PropOp52
 70
     0
102
RTVSPost2010Prop53
 90
        2
102
RTVSPost2010PropOp53
 70
     1
102
RTVSPost2010Prop54
  1
strokes_ogs.tif
102
RTVSPost2010PropOp54
 70
     1
102
RTVSPost2010Prop55
280
     0
102
RTVSPost2010PropOp55
 70
     1
102
RTVSPost2010Prop56
140
1.0
102
RTVSPost2010PropOp56
 70
     1
102
RTVSPost2010Prop57
140
1.0
102
RTVSPost2010PropOp57
 70
     1
  0
XRECORD
  5
D51
102
{ACAD_REACTORS
330
D50
102
}
330
D50
100
AcDbXrecord
280
     1
102
RTVSPost2010Prop28
280
     0
102
RTVSPost2010PropOp28
 70
     1
102
RTVSPost2010Prop29
280
     1
102
RTVSPost2010PropOp29
 70
     1
102
RTVSPost2010Prop30
280
     1
102
RTVSPost2010PropOp30
 70
     1
102
RTVSPost2010Prop31
280
     0
102
RTVSPost2010PropOp31
 70
     1
102
RTVSPost2010Prop32
280
     0
102
RTVSPost2010PropOp32
 70
     1
102
RTVSPost2010Prop33
280
     0
102
RTVSPost2010PropOp33
 70
     1
102
RTVSPost2010Prop34
280
     0
102
RTVSPost2010PropOp34
 70
     1
102
RTVSPost2010Prop35
280
     0
102
RTVSPost2010PropOp35
 70
     1
102
RTVSPost2010Prop36
280
     0
102
RTVSPost2010PropOp36
 70
     1
102
RTVSPost2010Prop37
 90
       50
102
RTVSPost2010PropOp37
 70
     1
102
RTVSPost2010Prop38
140
0.0
102
RTVSPost2010PropOp38
 70
     1
102
RTVSPost2010Prop39
140
1.0
102
RTVSPost2010PropOp39
 70
     1
102
RTVSPost2010Prop40
 90
        0
102
RTVSPost2010PropOp40
 70
     1
102
RTVSPost2010Prop41ColorIndex
 90
       18
102
RTVSPost2010Prop41ColorRGB
 90
        0
102
RTVSPost2010PropOp41
 70
     1
102
RTVSPost2010Prop42
 90
       50
102
RTVSPost2010PropOp42
 70
     1
102
RTVSPost2010Prop43
 90
        3
102
RTVSPost2010PropOp43
 70
     1
102
RTVSPost2010Prop44ColorIndex
 90
        5
102
RTVSPost2010Prop44ColorRGB
 90
      255
102
RTVSPost2010PropOp44
 70
     1
102
RTVSPost2010Prop45
280
     0
102
RTVSPost2010PropOp45
 70
     1
102
RTVSPost2010Prop46
 90
       50
102
RTVSPost2010PropOp46
 70
     1
102
RTVSPost2010Prop47
 90
       50
102
RTVSPost2010PropOp47
 70
     1
102
RTVSPost2010Prop48
 90
       50
102
RTVSPost2010PropOp48
 70
     1
102
RTVSPost2010Prop49
280
     0
102
RTVSPost2010PropOp49
 70
     1
102
RTVSPost2010Prop50
 90
       50
102
RTVSPost2010PropOp50
 70
     1
102
RTVSPost2010Prop51ColorIndex
 90
      256
102
RTVSPost2010Prop51ColorRGB
 90
-16777216
102
RTVSPost2010PropOp51
 70
     0
102
RTVSPost2010Prop52
140
1.0
102
RTVSPost2010PropOp52
 70
     0
102
RTVSPost2010Prop53
 90
        2
102
RTVSPost2010PropOp53
 70
     1
102
RTVSPost2010Prop54
  1
strokes_ogs.tif
102
RTVSPost2010PropOp54
 70
     1
102
RTVSPost2010Prop55
280
     0
102
RTVSPost2010PropOp55
 70
     1
102
RTVSPost2010Prop56
140
1.0
102
RTVSPost2010PropOp56
 70
     1
102
RTVSPost2010Prop57
140
1.0
102
RTVSPost2010PropOp57
 70
     1
  0
XRECORD
  5
D53
102
{ACAD_REACTORS
330
D52
102
}
330
D52
100
AcDbXrecord
280
     1
102
RTVSPost2010Prop28
280
     0
102
RTVSPost2010PropOp28
 70
     1
102
RTVSPost2010Prop29
280
     1
102
RTVSPost2010PropOp29
 70
     1
102
RTVSPost2010Prop30
280
     1
102
RTVSPost2010PropOp30
 70
     1
102
RTVSPost2010Prop31
280
     0
102
RTVSPost2010PropOp31
 70
     1
102
RTVSPost2010Prop32
280
     0
102
RTVSPost2010PropOp32
 70
     1
102
RTVSPost2010Prop33
280
     0
102
RTVSPost2010PropOp33
 70
     1
102
RTVSPost2010Prop34
280
     0
102
RTVSPost2010PropOp34
 70
     1
102
RTVSPost2010Prop35
280
     0
102
RTVSPost2010PropOp35
 70
     1
102
RTVSPost2010Prop36
280
     0
102
RTVSPost2010PropOp36
 70
     1
102
RTVSPost2010Prop37
 90
       50
102
RTVSPost2010PropOp37
 70
     1
102
RTVSPost2010Prop38
140
0.0
102
RTVSPost2010PropOp38
 70
     1
102
RTVSPost2010Prop39
140
1.0
102
RTVSPost2010PropOp39
 70
     1
102
RTVSPost2010Prop40
 90
        0
102
RTVSPost2010PropOp40
 70
     1
102
RTVSPost2010Prop41ColorIndex
 90
       18
102
RTVSPost2010Prop41ColorRGB
 90
        0
102
RTVSPost2010PropOp41
 70
     1
102
RTVSPost2010Prop42
 90
       50
102
RTVSPost2010PropOp42
 70
     1
102
RTVSPost2010Prop43
 90
        3
102
RTVSPost2010PropOp43
 70
     1
102
RTVSPost2010Prop44ColorIndex
 90
        5
102
RTVSPost2010Prop44ColorRGB
 90
      255
102
RTVSPost2010PropOp44
 70
     1
102
RTVSPost2010Prop45
280
     0
102
RTVSPost2010PropOp45
 70
     1
102
RTVSPost2010Prop46
 90
       50
102
RTVSPost2010PropOp46
 70
     1
102
RTVSPost2010Prop47
 90
       50
102
RTVSPost2010PropOp47
 70
     1
102
RTVSPost2010Prop48
 90
       50
102
RTVSPost2010PropOp48
 70
     1
102
RTVSPost2010Prop49
280
     0
102
RTVSPost2010PropOp49
 70
     1
102
RTVSPost2010Prop50
 90
       50
102
RTVSPost2010PropOp50
 70
     1
102
RTVSPost2010Prop51ColorIndex
 90
      256
102
RTVSPost2010Prop51ColorRGB
 90
-16777216
102
RTVSPost2010PropOp51
 70
     0
102
RTVSPost2010Prop52
140
1.0
102
RTVSPost2010PropOp52
 70
     0
102
RTVSPost2010Prop53
 90
        2
102
RTVSPost2010PropOp53
 70
     1
102
RTVSPost2010Prop54
  1
strokes_ogs.tif
102
RTVSPost2010PropOp54
 70
     1
102
RTVSPost2010Prop55
280
     0
102
RTVSPost2010PropOp55
 70
     1
102
RTVSPost2010Prop56
140
1.0
102
RTVSPost2010PropOp56
 70
     1
102
RTVSPost2010Prop57
140
1.0
102
RTVSPost2010PropOp57
 70
     1
  0
XRECORD
  5
D55
102
{ACAD_REACTORS
330
D54
102
}
330
D54
100
AcDbXrecord
280
     1
102
RTVSPost2010Prop28
280
     0
102
RTVSPost2010PropOp28
 70
     1
102
RTVSPost2010Prop29
280
     1
102
RTVSPost2010PropOp29
 70
     1
102
RTVSPost2010Prop30
280
     1
102
RTVSPost2010PropOp30
 70
     1
102
RTVSPost2010Prop31
280
     0
102
RTVSPost2010PropOp31
 70
     1
102
RTVSPost2010Prop32
280
     0
102
RTVSPost2010PropOp32
 70
     1
102
RTVSPost2010Prop33
280
     0
102
RTVSPost2010PropOp33
 70
     1
102
RTVSPost2010Prop34
280
     0
102
RTVSPost2010PropOp34
 70
     1
102
RTVSPost2010Prop35
280
     0
102
RTVSPost2010PropOp35
 70
     1
102
RTVSPost2010Prop36
280
     0
102
RTVSPost2010PropOp36
 70
     1
102
RTVSPost2010Prop37
 90
       50
102
RTVSPost2010PropOp37
 70
     1
102
RTVSPost2010Prop38
140
0.0
102
RTVSPost2010PropOp38
 70
     1
102
RTVSPost2010Prop39
140
1.0
102
RTVSPost2010PropOp39
 70
     1
102
RTVSPost2010Prop40
 90
        0
102
RTVSPost2010PropOp40
 70
     1
102
RTVSPost2010Prop41ColorIndex
 90
       18
102
RTVSPost2010Prop41ColorRGB
 90
        0
102
RTVSPost2010PropOp41
 70
     1
102
RTVSPost2010Prop42
 90
       50
102
RTVSPost2010PropOp42
 70
     1
102
RTVSPost2010Prop43
 90
        3
102
RTVSPost2010PropOp43
 70
     1
102
RTVSPost2010Prop44ColorIndex
 90
        5
102
RTVSPost2010Prop44ColorRGB
 90
      255
102
RTVSPost2010PropOp44
 70
     1
102
RTVSPost2010Prop45
280
     0
102
RTVSPost2010PropOp45
 70
     1
102
RTVSPost2010Prop46
 90
       50
102
RTVSPost2010PropOp46
 70
     1
102
RTVSPost2010Prop47
 90
       50
102
RTVSPost2010PropOp47
 70
     1
102
RTVSPost2010Prop48
 90
       50
102
RTVSPost2010PropOp48
 70
     1
102
RTVSPost2010Prop49
280
     0
102
RTVSPost2010PropOp49
 70
     1
102
RTVSPost2010Prop50
 90
       50
102
RTVSPost2010PropOp50
 70
     1
102
RTVSPost2010Prop51ColorIndex
 90
      256
102
RTVSPost2010Prop51ColorRGB
 90
-16777216
102
RTVSPost2010PropOp51
 70
     0
102
RTVSPost2010Prop52
140
1.0
102
RTVSPost2010PropOp52
 70
     0
102
RTVSPost2010Prop53
 90
        2
102
RTVSPost2010PropOp53
 70
     1
102
RTVSPost2010Prop54
  1
strokes_ogs.tif
102
RTVSPost2010PropOp54
 70
     1
102
RTVSPost2010Prop55
280
     0
102
RTVSPost2010PropOp55
 70
     1
102
RTVSPost2010Prop56
140
1.0
102
RTVSPost2010PropOp56
 70
     1
102
RTVSPost2010Prop57
140
1.0
102
RTVSPost2010PropOp57
 70
     1
  0
XRECORD
  5
D5B
102
{ACAD_REACTORS
330
D5A
102
}
330
D5A
100
AcDbXrecord
280
     1
102
RTVSPost2010Prop28
280
     0
102
RTVSPost2010PropOp28
 70
     1
102
RTVSPost2010Prop29
280
     1
102
RTVSPost2010PropOp29
 70
     1
102
RTVSPost2010Prop30
280
     1
102
RTVSPost2010PropOp30
 70
     1
102
RTVSPost2010Prop31
280
     0
102
RTVSPost2010PropOp31
 70
     1
102
RTVSPost2010Prop32
280
     0
102
RTVSPost2010PropOp32
 70
     1
102
RTVSPost2010Prop33
280
     0
102
RTVSPost2010PropOp33
 70
     1
102
RTVSPost2010Prop34
280
     0
102
RTVSPost2010PropOp34
 70
     1
102
RTVSPost2010Prop35
280
     0
102
RTVSPost2010PropOp35
 70
     1
102
RTVSPost2010Prop36
280
     0
102
RTVSPost2010PropOp36
 70
     1
102
RTVSPost2010Prop37
 90
       50
102
RTVSPost2010PropOp37
 70
     1
102
RTVSPost2010Prop38
140
0.0
102
RTVSPost2010PropOp38
 70
     1
102
RTVSPost2010Prop39
140
1.0
102
RTVSPost2010PropOp39
 70
     1
102
RTVSPost2010Prop40
 90
        0
102
RTVSPost2010PropOp40
 70
     1
102
RTVSPost2010Prop41ColorIndex
 90
       18
102
RTVSPost2010Prop41ColorRGB
 90
        0
102
RTVSPost2010PropOp41
 70
     1
102
RTVSPost2010Prop42
 90
       50
102
RTVSPost2010PropOp42
 70
     1
102
RTVSPost2010Prop43
 90
        3
102
RTVSPost2010PropOp43
 70
     1
102
RTVSPost2010Prop44ColorIndex
 90
        5
102
RTVSPost2010Prop44ColorRGB
 90
      255
102
RTVSPost2010PropOp44
 70
     1
102
RTVSPost2010Prop45
280
     0
102
RTVSPost2010PropOp45
 70
     1
102
RTVSPost2010Prop46
 90
       50
102
RTVSPost2010PropOp46
 70
     1
102
RTVSPost2010Prop47
 90
       50
102
RTVSPost2010PropOp47
 70
     1
102
RTVSPost2010Prop48
 90
       50
102
RTVSPost2010PropOp48
 70
     1
102
RTVSPost2010Prop49
280
     0
102
RTVSPost2010PropOp49
 70
     1
102
RTVSPost2010Prop50
 90
       50
102
RTVSPost2010PropOp50
 70
     1
102
RTVSPost2010Prop51ColorIndex
 90
      256
102
RTVSPost2010Prop51ColorRGB
 90
-16777216
102
RTVSPost2010PropOp51
 70
     0
102
RTVSPost2010Prop52
140
1.0
102
RTVSPost2010PropOp52
 70
     0
102
RTVSPost2010Prop53
 90
        2
102
RTVSPost2010PropOp53
 70
     1
102
RTVSPost2010Prop54
  1
strokes_ogs.tif
102
RTVSPost2010PropOp54
 70
     1
102
RTVSPost2010Prop55
280
     0
102
RTVSPost2010PropOp55
 70
     1
102
RTVSPost2010Prop56
140
1.0
102
RTVSPost2010PropOp56
 70
     1
102
RTVSPost2010Prop57
140
1.0
102
RTVSPost2010PropOp57
 70
     1
  0
XRECORD
  5
D6F
102
{ACAD_REACTORS
330
D6E
102
}
330
D6E
100
AcDbXrecord
280
     1
102
RTVSPost2010Prop28
280
     0
102
RTVSPost2010PropOp28
 70
     0
102
RTVSPost2010Prop29
280
     1
102
RTVSPost2010PropOp29
 70
     0
102
RTVSPost2010Prop30
280
     1
102
RTVSPost2010PropOp30
 70
     0
102
RTVSPost2010Prop31
280
     0
102
RTVSPost2010PropOp31
 70
     0
102
RTVSPost2010Prop32
280
     0
102
RTVSPost2010PropOp32
 70
     0
102
RTVSPost2010Prop33
280
     0
102
RTVSPost2010PropOp33
 70
     0
102
RTVSPost2010Prop34
280
     0
102
RTVSPost2010PropOp34
 70
     0
102
RTVSPost2010Prop35
280
     0
102
RTVSPost2010PropOp35
 70
     0
102
RTVSPost2010Prop36
280
     0
102
RTVSPost2010PropOp36
 70
     0
102
RTVSPost2010Prop37
 90
       50
102
RTVSPost2010PropOp37
 70
     0
102
RTVSPost2010Prop38
140
0.0
102
RTVSPost2010PropOp38
 70
     0
102
RTVSPost2010Prop39
140
1.0
102
RTVSPost2010PropOp39
 70
     0
102
RTVSPost2010Prop40
 90
        0
102
RTVSPost2010PropOp40
 70
     0
102
RTVSPost2010Prop41ColorIndex
 90
       18
102
RTVSPost2010Prop41ColorRGB
 90
        0
102
RTVSPost2010PropOp41
 70
     0
102
RTVSPost2010Prop42
 90
       50
102
RTVSPost2010PropOp42
 70
     0
102
RTVSPost2010Prop43
 90
        3
102
RTVSPost2010PropOp43
 70
     0
102
RTVSPost2010Prop44ColorIndex
 90
        5
102
RTVSPost2010Prop44ColorRGB
 90
      255
102
RTVSPost2010PropOp44
 70
     0
102
RTVSPost2010Prop45
280
     0
102
RTVSPost2010PropOp45
 70
     0
102
RTVSPost2010Prop46
 90
       50
102
RTVSPost2010PropOp46
 70
     0
102
RTVSPost2010Prop47
 90
       50
102
RTVSPost2010PropOp47
 70
     0
102
RTVSPost2010Prop48
 90
       50
102
RTVSPost2010PropOp48
 70
     0
102
RTVSPost2010Prop49
280
     0
102
RTVSPost2010PropOp49
 70
     0
102
RTVSPost2010Prop50
 90
       50
102
RTVSPost2010PropOp50
 70
     0
102
RTVSPost2010Prop51ColorIndex
 90
      256
102
RTVSPost2010Prop51ColorRGB
 90
-16777216
102
RTVSPost2010PropOp51
 70
     0
102
RTVSPost2010Prop52
140
1.0
102
RTVSPost2010PropOp52
 70
     0
102
RTVSPost2010Prop53
 90
        2
102
RTVSPost2010PropOp53
 70
     0
102
RTVSPost2010Prop54
  1
strokes_ogs.tif
102
RTVSPost2010PropOp54
 70
     0
102
RTVSPost2010Prop55
280
     0
102
RTVSPost2010PropOp55
 70
     0
102
RTVSPost2010Prop56
140
1.0
102
RTVSPost2010PropOp56
 70
     0
102
RTVSPost2010Prop57
140
1.0
102
RTVSPost2010PropOp57
 70
     0
  0
XRECORD
  5
D69
102
{ACAD_REACTORS
330
D68
102
}
330
D68
100
AcDbXrecord
280
     1
102
RTVSPost2010Prop28
280
     0
102
RTVSPost2010PropOp28
 70
     1
102
RTVSPost2010Prop29
280
     1
102
RTVSPost2010PropOp29
 70
     1
102
RTVSPost2010Prop30
280
     1
102
RTVSPost2010PropOp30
 70
     1
102
RTVSPost2010Prop31
280
     0
102
RTVSPost2010PropOp31
 70
     1
102
RTVSPost2010Prop32
280
     0
102
RTVSPost2010PropOp32
 70
     1
102
RTVSPost2010Prop33
280
     0
102
RTVSPost2010PropOp33
 70
     1
102
RTVSPost2010Prop34
280
     0
102
RTVSPost2010PropOp34
 70
     1
102
RTVSPost2010Prop35
280
     0
102
RTVSPost2010PropOp35
 70
     1
102
RTVSPost2010Prop36
280
     0
102
RTVSPost2010PropOp36
 70
     1
102
RTVSPost2010Prop37
 90
       50
102
RTVSPost2010PropOp37
 70
     1
102
RTVSPost2010Prop38
140
0.0
102
RTVSPost2010PropOp38
 70
     1
102
RTVSPost2010Prop39
140
1.0
102
RTVSPost2010PropOp39
 70
     1
102
RTVSPost2010Prop40
 90
        0
102
RTVSPost2010PropOp40
 70
     1
102
RTVSPost2010Prop41ColorIndex
 90
       18
102
RTVSPost2010Prop41ColorRGB
 90
        0
102
RTVSPost2010PropOp41
 70
     1
102
RTVSPost2010Prop42
 90
       50
102
RTVSPost2010PropOp42
 70
     1
102
RTVSPost2010Prop43
 90
        3
102
RTVSPost2010PropOp43
 70
     1
102
RTVSPost2010Prop44ColorIndex
 90
        5
102
RTVSPost2010Prop44ColorRGB
 90
      255
102
RTVSPost2010PropOp44
 70
     1
102
RTVSPost2010Prop45
280
     0
102
RTVSPost2010PropOp45
 70
     1
102
RTVSPost2010Prop46
 90
       50
102
RTVSPost2010PropOp46
 70
     1
102
RTVSPost2010Prop47
 90
       50
102
RTVSPost2010PropOp47
 70
     1
102
RTVSPost2010Prop48
 90
       50
102
RTVSPost2010PropOp48
 70
     1
102
RTVSPost2010Prop49
280
     0
102
RTVSPost2010PropOp49
 70
     1
102
RTVSPost2010Prop50
 90
       50
102
RTVSPost2010PropOp50
 70
     1
102
RTVSPost2010Prop51ColorIndex
 90
      256
102
RTVSPost2010Prop51ColorRGB
 90
-16777216
102
RTVSPost2010PropOp51
 70
     0
102
RTVSPost2010Prop52
140
1.0
102
RTVSPost2010PropOp52
 70
     0
102
RTVSPost2010Prop53
 90
        2
102
RTVSPost2010PropOp53
 70
     1
102
RTVSPost2010Prop54
  1
strokes_ogs.tif
102
RTVSPost2010PropOp54
 70
     1
102
RTVSPost2010Prop55
280
     0
102
RTVSPost2010PropOp55
 70
     1
102
RTVSPost2010Prop56
140
1.0
102
RTVSPost2010PropOp56
 70
     1
102
RTVSPost2010Prop57
140
1.0
102
RTVSPost2010PropOp57
 70
     1
  0
XRECORD
  5
D71
102
{ACAD_REACTORS
330
D70
102
}
330
D70
100
AcDbXrecord
280
     1
102
RTVSPost2010Prop28
280
     0
102
RTVSPost2010PropOp28
 70
     0
102
RTVSPost2010Prop29
280
     1
102
RTVSPost2010PropOp29
 70
     0
102
RTVSPost2010Prop30
280
     1
102
RTVSPost2010PropOp30
 70
     0
102
RTVSPost2010Prop31
280
     0
102
RTVSPost2010PropOp31
 70
     0
102
RTVSPost2010Prop32
280
     0
102
RTVSPost2010PropOp32
 70
     0
102
RTVSPost2010Prop33
280
     0
102
RTVSPost2010PropOp33
 70
     0
102
RTVSPost2010Prop34
280
     0
102
RTVSPost2010PropOp34
 70
     0
102
RTVSPost2010Prop35
280
     0
102
RTVSPost2010PropOp35
 70
     0
102
RTVSPost2010Prop36
280
     0
102
RTVSPost2010PropOp36
 70
     0
102
RTVSPost2010Prop37
 90
       50
102
RTVSPost2010PropOp37
 70
     0
102
RTVSPost2010Prop38
140
0.0
102
RTVSPost2010PropOp38
 70
     0
102
RTVSPost2010Prop39
140
1.0
102
RTVSPost2010PropOp39
 70
     0
102
RTVSPost2010Prop40
 90
        0
102
RTVSPost2010PropOp40
 70
     0
102
RTVSPost2010Prop41ColorIndex
 90
       18
102
RTVSPost2010Prop41ColorRGB
 90
        0
102
RTVSPost2010PropOp41
 70
     0
102
RTVSPost2010Prop42
 90
       50
102
RTVSPost2010PropOp42
 70
     0
102
RTVSPost2010Prop43
 90
        3
102
RTVSPost2010PropOp43
 70
     0
102
RTVSPost2010Prop44ColorIndex
 90
        5
102
RTVSPost2010Prop44ColorRGB
 90
      255
102
RTVSPost2010PropOp44
 70
     0
102
RTVSPost2010Prop45
280
     0
102
RTVSPost2010PropOp45
 70
     0
102
RTVSPost2010Prop46
 90
       50
102
RTVSPost2010PropOp46
 70
     0
102
RTVSPost2010Prop47
 90
       50
102
RTVSPost2010PropOp47
 70
     0
102
RTVSPost2010Prop48
 90
       50
102
RTVSPost2010PropOp48
 70
     0
102
RTVSPost2010Prop49
280
     0
102
RTVSPost2010PropOp49
 70
     0
102
RTVSPost2010Prop50
 90
       50
102
RTVSPost2010PropOp50
 70
     0
102
RTVSPost2010Prop51ColorIndex
 90
      256
102
RTVSPost2010Prop51ColorRGB
 90
-16777216
102
RTVSPost2010PropOp51
 70
     0
102
RTVSPost2010Prop52
140
1.0
102
RTVSPost2010PropOp52
 70
     0
102
RTVSPost2010Prop53
 90
        2
102
RTVSPost2010PropOp53
 70
     0
102
RTVSPost2010Prop54
  1
strokes_ogs.tif
102
RTVSPost2010PropOp54
 70
     0
102
RTVSPost2010Prop55
280
     0
102
RTVSPost2010PropOp55
 70
     0
102
RTVSPost2010Prop56
140
1.0
102
RTVSPost2010PropOp56
 70
     0
102
RTVSPost2010Prop57
140
1.0
102
RTVSPost2010PropOp57
 70
     0
  0
XRECORD
  5
D5F
102
{ACAD_REACTORS
330
D5E
102
}
330
D5E
100
AcDbXrecord
280
     1
102
RTVSPost2010Prop28
280
     0
102
RTVSPost2010PropOp28
 70
     1
102
RTVSPost2010Prop29
280
     1
102
RTVSPost2010PropOp29
 70
     1
102
RTVSPost2010Prop30
280
     1
102
RTVSPost2010PropOp30
 70
     1
102
RTVSPost2010Prop31
280
     0
102
RTVSPost2010PropOp31
 70
     1
102
RTVSPost2010Prop32
280
     0
102
RTVSPost2010PropOp32
 70
     1
102
RTVSPost2010Prop33
280
     0
102
RTVSPost2010PropOp33
 70
     1
102
RTVSPost2010Prop34
280
     0
102
RTVSPost2010PropOp34
 70
     1
102
RTVSPost2010Prop35
280
     0
102
RTVSPost2010PropOp35
 70
     1
102
RTVSPost2010Prop36
280
     0
102
RTVSPost2010PropOp36
 70
     1
102
RTVSPost2010Prop37
 90
       50
102
RTVSPost2010PropOp37
 70
     1
102
RTVSPost2010Prop38
140
0.0
102
RTVSPost2010PropOp38
 70
     1
102
RTVSPost2010Prop39
140
1.0
102
RTVSPost2010PropOp39
 70
     1
102
RTVSPost2010Prop40
 90
        0
102
RTVSPost2010PropOp40
 70
     1
102
RTVSPost2010Prop41ColorIndex
 90
       18
102
RTVSPost2010Prop41ColorRGB
 90
        0
102
RTVSPost2010PropOp41
 70
     1
102
RTVSPost2010Prop42
 90
       50
102
RTVSPost2010PropOp42
 70
     1
102
RTVSPost2010Prop43
 90
        3
102
RTVSPost2010PropOp43
 70
     1
102
RTVSPost2010Prop44ColorIndex
 90
        5
102
RTVSPost2010Prop44ColorRGB
 90
      255
102
RTVSPost2010PropOp44
 70
     1
102
RTVSPost2010Prop45
280
     0
102
RTVSPost2010PropOp45
 70
     1
102
RTVSPost2010Prop46
 90
       50
102
RTVSPost2010PropOp46
 70
     1
102
RTVSPost2010Prop47
 90
       50
102
RTVSPost2010PropOp47
 70
     1
102
RTVSPost2010Prop48
 90
       50
102
RTVSPost2010PropOp48
 70
     1
102
RTVSPost2010Prop49
280
     0
102
RTVSPost2010PropOp49
 70
     1
102
RTVSPost2010Prop50
 90
       50
102
RTVSPost2010PropOp50
 70
     1
102
RTVSPost2010Prop51ColorIndex
 90
      256
102
RTVSPost2010Prop51ColorRGB
 90
-16777216
102
RTVSPost2010PropOp51
 70
     0
102
RTVSPost2010Prop52
140
1.0
102
RTVSPost2010PropOp52
 70
     0
102
RTVSPost2010Prop53
 90
        2
102
RTVSPost2010PropOp53
 70
     1
102
RTVSPost2010Prop54
  1
strokes_ogs.tif
102
RTVSPost2010PropOp54
 70
     1
102
RTVSPost2010Prop55
280
     0
102
RTVSPost2010PropOp55
 70
     1
102
RTVSPost2010Prop56
140
1.0
102
RTVSPost2010PropOp56
 70
     1
102
RTVSPost2010Prop57
140
1.0
102
RTVSPost2010PropOp57
 70
     1
  0
XRECORD
  5
D7D
102
{ACAD_REACTORS
330
D7C
102
}
330
D7C
100
AcDbXrecord
280
     1
102
RTVSPost2010Prop28
280
     0
102
RTVSPost2010PropOp28
 70
     1
102
RTVSPost2010Prop29
280
     1
102
RTVSPost2010PropOp29
 70
     1
102
RTVSPost2010Prop30
280
     1
102
RTVSPost2010PropOp30
 70
     1
102
RTVSPost2010Prop31
280
     0
102
RTVSPost2010PropOp31
 70
     1
102
RTVSPost2010Prop32
280
     0
102
RTVSPost2010PropOp32
 70
     1
102
RTVSPost2010Prop33
280
     0
102
RTVSPost2010PropOp33
 70
     1
102
RTVSPost2010Prop34
280
     0
102
RTVSPost2010PropOp34
 70
     1
102
RTVSPost2010Prop35
280
     0
102
RTVSPost2010PropOp35
 70
     1
102
RTVSPost2010Prop36
280
     0
102
RTVSPost2010PropOp36
 70
     1
102
RTVSPost2010Prop37
 90
       50
102
RTVSPost2010PropOp37
 70
     1
102
RTVSPost2010Prop38
140
0.0
102
RTVSPost2010PropOp38
 70
     1
102
RTVSPost2010Prop39
140
1.0
102
RTVSPost2010PropOp39
 70
     1
102
RTVSPost2010Prop40
 90
        0
102
RTVSPost2010PropOp40
 70
     1
102
RTVSPost2010Prop41ColorIndex
 90
       18
102
RTVSPost2010Prop41ColorRGB
 90
        0
102
RTVSPost2010PropOp41
 70
     1
102
RTVSPost2010Prop42
 90
       50
102
RTVSPost2010PropOp42
 70
     1
102
RTVSPost2010Prop43
 90
        3
102
RTVSPost2010PropOp43
 70
     1
102
RTVSPost2010Prop44ColorIndex
 90
        5
102
RTVSPost2010Prop44ColorRGB
 90
      255
102
RTVSPost2010PropOp44
 70
     1
102
RTVSPost2010Prop45
280
     0
102
RTVSPost2010PropOp45
 70
     1
102
RTVSPost2010Prop46
 90
       50
102
RTVSPost2010PropOp46
 70
     1
102
RTVSPost2010Prop47
 90
       50
102
RTVSPost2010PropOp47
 70
     1
102
RTVSPost2010Prop48
 90
       50
102
RTVSPost2010PropOp48
 70
     1
102
RTVSPost2010Prop49
280
     0
102
RTVSPost2010PropOp49
 70
     1
102
RTVSPost2010Prop50
 90
       50
102
RTVSPost2010PropOp50
 70
     1
102
RTVSPost2010Prop51ColorIndex
 90
      256
102
RTVSPost2010Prop51ColorRGB
 90
-16777216
102
RTVSPost2010PropOp51
 70
     0
102
RTVSPost2010Prop52
140
1.0
102
RTVSPost2010PropOp52
 70
     0
102
RTVSPost2010Prop53
 90
        2
102
RTVSPost2010PropOp53
 70
     1
102
RTVSPost2010Prop54
  1
strokes_ogs.tif
102
RTVSPost2010PropOp54
 70
     1
102
RTVSPost2010Prop55
280
     0
102
RTVSPost2010PropOp55
 70
     1
102
RTVSPost2010Prop56
140
1.0
102
RTVSPost2010PropOp56
 70
     1
102
RTVSPost2010Prop57
140
1.0
102
RTVSPost2010PropOp57
 70
     1
  0
XRECORD
  5
D7B
102
{ACAD_REACTORS
330
D7A
102
}
330
D7A
100
AcDbXrecord
280
     1
102
RTVSPost2010Prop28
280
     0
102
RTVSPost2010PropOp28
 70
     1
102
RTVSPost2010Prop29
280
     1
102
RTVSPost2010PropOp29
 70
     1
102
RTVSPost2010Prop30
280
     1
102
RTVSPost2010PropOp30
 70
     1
102
RTVSPost2010Prop31
280
     0
102
RTVSPost2010PropOp31
 70
     1
102
RTVSPost2010Prop32
280
     0
102
RTVSPost2010PropOp32
 70
     1
102
RTVSPost2010Prop33
280
     0
102
RTVSPost2010PropOp33
 70
     1
102
RTVSPost2010Prop34
280
     0
102
RTVSPost2010PropOp34
 70
     1
102
RTVSPost2010Prop35
280
     0
102
RTVSPost2010PropOp35
 70
     1
102
RTVSPost2010Prop36
280
     0
102
RTVSPost2010PropOp36
 70
     1
102
RTVSPost2010Prop37
 90
       50
102
RTVSPost2010PropOp37
 70
     1
102
RTVSPost2010Prop38
140
0.0
102
RTVSPost2010PropOp38
 70
     1
102
RTVSPost2010Prop39
140
1.0
102
RTVSPost2010PropOp39
 70
     1
102
RTVSPost2010Prop40
 90
        0
102
RTVSPost2010PropOp40
 70
     1
102
RTVSPost2010Prop41ColorIndex
 90
       18
102
RTVSPost2010Prop41ColorRGB
 90
        0
102
RTVSPost2010PropOp41
 70
     1
102
RTVSPost2010Prop42
 90
       50
102
RTVSPost2010PropOp42
 70
     1
102
RTVSPost2010Prop43
 90
        3
102
RTVSPost2010PropOp43
 70
     1
102
RTVSPost2010Prop44ColorIndex
 90
        5
102
RTVSPost2010Prop44ColorRGB
 90
      255
102
RTVSPost2010PropOp44
 70
     1
102
RTVSPost2010Prop45
280
     0
102
RTVSPost2010PropOp45
 70
     1
102
RTVSPost2010Prop46
 90
       50
102
RTVSPost2010PropOp46
 70
     1
102
RTVSPost2010Prop47
 90
       50
102
RTVSPost2010PropOp47
 70
     1
102
RTVSPost2010Prop48
 90
       50
102
RTVSPost2010PropOp48
 70
     1
102
RTVSPost2010Prop49
280
     0
102
RTVSPost2010PropOp49
 70
     1
102
RTVSPost2010Prop50
 90
       50
102
RTVSPost2010PropOp50
 70
     1
102
RTVSPost2010Prop51ColorIndex
 90
      256
102
RTVSPost2010Prop51ColorRGB
 90
-16777216
102
RTVSPost2010PropOp51
 70
     0
102
RTVSPost2010Prop52
140
1.0
102
RTVSPost2010PropOp52
 70
     0
102
RTVSPost2010Prop53
 90
        2
102
RTVSPost2010PropOp53
 70
     1
102
RTVSPost2010Prop54
  1
strokes_ogs.tif
102
RTVSPost2010PropOp54
 70
     1
102
RTVSPost2010Prop55
280
     0
102
RTVSPost2010PropOp55
 70
     1
102
RTVSPost2010Prop56
140
1.0
102
RTVSPost2010PropOp56
 70
     1
102
RTVSPost2010Prop57
140
1.0
102
RTVSPost2010PropOp57
 70
     1
  0
XRECORD
  5
D75
102
{ACAD_REACTORS
330
D74
102
}
330
D74
100
AcDbXrecord
280
     1
102
RTVSPost2010Prop28
280
     0
102
RTVSPost2010PropOp28
 70
     1
102
RTVSPost2010Prop29
280
     1
102
RTVSPost2010PropOp29
 70
     1
102
RTVSPost2010Prop30
280
     1
102
RTVSPost2010PropOp30
 70
     1
102
RTVSPost2010Prop31
280
     0
102
RTVSPost2010PropOp31
 70
     1
102
RTVSPost2010Prop32
280
     0
102
RTVSPost2010PropOp32
 70
     1
102
RTVSPost2010Prop33
280
     0
102
RTVSPost2010PropOp33
 70
     1
102
RTVSPost2010Prop34
280
     0
102
RTVSPost2010PropOp34
 70
     1
102
RTVSPost2010Prop35
280
     0
102
RTVSPost2010PropOp35
 70
     1
102
RTVSPost2010Prop36
280
     0
102
RTVSPost2010PropOp36
 70
     1
102
RTVSPost2010Prop37
 90
       50
102
RTVSPost2010PropOp37
 70
     1
102
RTVSPost2010Prop38
140
0.0
102
RTVSPost2010PropOp38
 70
     1
102
RTVSPost2010Prop39
140
1.0
102
RTVSPost2010PropOp39
 70
     1
102
RTVSPost2010Prop40
 90
        0
102
RTVSPost2010PropOp40
 70
     1
102
RTVSPost2010Prop41ColorIndex
 90
       18
102
RTVSPost2010Prop41ColorRGB
 90
        0
102
RTVSPost2010PropOp41
 70
     1
102
RTVSPost2010Prop42
 90
       50
102
RTVSPost2010PropOp42
 70
     1
102
RTVSPost2010Prop43
 90
        3
102
RTVSPost2010PropOp43
 70
     1
102
RTVSPost2010Prop44ColorIndex
 90
        5
102
RTVSPost2010Prop44ColorRGB
 90
      255
102
RTVSPost2010PropOp44
 70
     1
102
RTVSPost2010Prop45
280
     0
102
RTVSPost2010PropOp45
 70
     1
102
RTVSPost2010Prop46
 90
       50
102
RTVSPost2010PropOp46
 70
     1
102
RTVSPost2010Prop47
 90
       50
102
RTVSPost2010PropOp47
 70
     1
102
RTVSPost2010Prop48
 90
       50
102
RTVSPost2010PropOp48
 70
     1
102
RTVSPost2010Prop49
280
     0
102
RTVSPost2010PropOp49
 70
     1
102
RTVSPost2010Prop50
 90
       50
102
RTVSPost2010PropOp50
 70
     1
102
RTVSPost2010Prop51ColorIndex
 90
      256
102
RTVSPost2010Prop51ColorRGB
 90
-16777216
102
RTVSPost2010PropOp51
 70
     0
102
RTVSPost2010Prop52
140
1.0
102
RTVSPost2010PropOp52
 70
     0
102
RTVSPost2010Prop53
 90
        2
102
RTVSPost2010PropOp53
 70
     1
102
RTVSPost2010Prop54
  1
strokes_ogs.tif
102
RTVSPost2010PropOp54
 70
     1
102
RTVSPost2010Prop55
280
     0
102
RTVSPost2010PropOp55
 70
     1
102
RTVSPost2010Prop56
140
1.0
102
RTVSPost2010PropOp56
 70
     1
102
RTVSPost2010Prop57
140
1.0
102
RTVSPost2010PropOp57
 70
     1
  0
XRECORD
  5
D77
102
{ACAD_REACTORS
330
D76
102
}
330
D76
100
AcDbXrecord
280
     1
102
RTVSPost2010Prop28
280
     0
102
RTVSPost2010PropOp28
 70
     1
102
RTVSPost2010Prop29
280
     1
102
RTVSPost2010PropOp29
 70
     1
102
RTVSPost2010Prop30
280
     1
102
RTVSPost2010PropOp30
 70
     1
102
RTVSPost2010Prop31
280
     0
102
RTVSPost2010PropOp31
 70
     1
102
RTVSPost2010Prop32
280
     0
102
RTVSPost2010PropOp32
 70
     1
102
RTVSPost2010Prop33
280
     0
102
RTVSPost2010PropOp33
 70
     1
102
RTVSPost2010Prop34
280
     0
102
RTVSPost2010PropOp34
 70
     1
102
RTVSPost2010Prop35
280
     0
102
RTVSPost2010PropOp35
 70
     1
102
RTVSPost2010Prop36
280
     0
102
RTVSPost2010PropOp36
 70
     1
102
RTVSPost2010Prop37
 90
       50
102
RTVSPost2010PropOp37
 70
     1
102
RTVSPost2010Prop38
140
0.0
102
RTVSPost2010PropOp38
 70
     1
102
RTVSPost2010Prop39
140
1.0
102
RTVSPost2010PropOp39
 70
     1
102
RTVSPost2010Prop40
 90
        0
102
RTVSPost2010PropOp40
 70
     1
102
RTVSPost2010Prop41ColorIndex
 90
       18
102
RTVSPost2010Prop41ColorRGB
 90
        0
102
RTVSPost2010PropOp41
 70
     1
102
RTVSPost2010Prop42
 90
       50
102
RTVSPost2010PropOp42
 70
     1
102
RTVSPost2010Prop43
 90
        3
102
RTVSPost2010PropOp43
 70
     1
102
RTVSPost2010Prop44ColorIndex
 90
        5
102
RTVSPost2010Prop44ColorRGB
 90
      255
102
RTVSPost2010PropOp44
 70
     1
102
RTVSPost2010Prop45
280
     0
102
RTVSPost2010PropOp45
 70
     1
102
RTVSPost2010Prop46
 90
       50
102
RTVSPost2010PropOp46
 70
     1
102
RTVSPost2010Prop47
 90
       50
102
RTVSPost2010PropOp47
 70
     1
102
RTVSPost2010Prop48
 90
       50
102
RTVSPost2010PropOp48
 70
     1
102
RTVSPost2010Prop49
280
     0
102
RTVSPost2010PropOp49
 70
     1
102
RTVSPost2010Prop50
 90
       50
102
RTVSPost2010PropOp50
 70
     1
102
RTVSPost2010Prop51ColorIndex
 90
      256
102
RTVSPost2010Prop51ColorRGB
 90
-16777216
102
RTVSPost2010PropOp51
 70
     0
102
RTVSPost2010Prop52
140
1.0
102
RTVSPost2010PropOp52
 70
     0
102
RTVSPost2010Prop53
 90
        2
102
RTVSPost2010PropOp53
 70
     1
102
RTVSPost2010Prop54
  1
strokes_ogs.tif
102
RTVSPost2010PropOp54
 70
     1
102
RTVSPost2010Prop55
280
     0
102
RTVSPost2010PropOp55
 70
     1
102
RTVSPost2010Prop56
140
1.0
102
RTVSPost2010PropOp56
 70
     1
102
RTVSPost2010Prop57
140
1.0
102
RTVSPost2010PropOp57
 70
     1
  0
XRECORD
  5
D67
102
{ACAD_REACTORS
330
D66
102
}
330
D66
100
AcDbXrecord
280
     1
102
RTVSPost2010Prop28
280
     0
102
RTVSPost2010PropOp28
 70
     1
102
RTVSPost2010Prop29
280
     1
102
RTVSPost2010PropOp29
 70
     1
102
RTVSPost2010Prop30
280
     1
102
RTVSPost2010PropOp30
 70
     1
102
RTVSPost2010Prop31
280
     0
102
RTVSPost2010PropOp31
 70
     1
102
RTVSPost2010Prop32
280
     0
102
RTVSPost2010PropOp32
 70
     1
102
RTVSPost2010Prop33
280
     0
102
RTVSPost2010PropOp33
 70
     1
102
RTVSPost2010Prop34
280
     0
102
RTVSPost2010PropOp34
 70
     1
102
RTVSPost2010Prop35
280
     0
102
RTVSPost2010PropOp35
 70
     1
102
RTVSPost2010Prop36
280
     0
102
RTVSPost2010PropOp36
 70
     1
102
RTVSPost2010Prop37
 90
       50
102
RTVSPost2010PropOp37
 70
     1
102
RTVSPost2010Prop38
140
0.0
102
RTVSPost2010PropOp38
 70
     1
102
RTVSPost2010Prop39
140
1.0
102
RTVSPost2010PropOp39
 70
     1
102
RTVSPost2010Prop40
 90
        0
102
RTVSPost2010PropOp40
 70
     1
102
RTVSPost2010Prop41ColorIndex
 90
       18
102
RTVSPost2010Prop41ColorRGB
 90
        0
102
RTVSPost2010PropOp41
 70
     1
102
RTVSPost2010Prop42
 90
       50
102
RTVSPost2010PropOp42
 70
     1
102
RTVSPost2010Prop43
 90
        3
102
RTVSPost2010PropOp43
 70
     1
102
RTVSPost2010Prop44ColorIndex
 90
        5
102
RTVSPost2010Prop44ColorRGB
 90
      255
102
RTVSPost2010PropOp44
 70
     1
102
RTVSPost2010Prop45
280
     0
102
RTVSPost2010PropOp45
 70
     1
102
RTVSPost2010Prop46
 90
       50
102
RTVSPost2010PropOp46
 70
     1
102
RTVSPost2010Prop47
 90
       50
102
RTVSPost2010PropOp47
 70
     1
102
RTVSPost2010Prop48
 90
       50
102
RTVSPost2010PropOp48
 70
     1
102
RTVSPost2010Prop49
280
     0
102
RTVSPost2010PropOp49
 70
     1
102
RTVSPost2010Prop50
 90
       50
102
RTVSPost2010PropOp50
 70
     1
102
RTVSPost2010Prop51ColorIndex
 90
      256
102
RTVSPost2010Prop51ColorRGB
 90
-16777216
102
RTVSPost2010PropOp51
 70
     0
102
RTVSPost2010Prop52
140
1.0
102
RTVSPost2010PropOp52
 70
     0
102
RTVSPost2010Prop53
 90
        2
102
RTVSPost2010PropOp53
 70
     1
102
RTVSPost2010Prop54
  1
strokes_ogs.tif
102
RTVSPost2010PropOp54
 70
     1
102
RTVSPost2010Prop55
280
     0
102
RTVSPost2010PropOp55
 70
     1
102
RTVSPost2010Prop56
140
1.0
102
RTVSPost2010PropOp56
 70
     1
102
RTVSPost2010Prop57
140
1.0
102
RTVSPost2010PropOp57
 70
     1
  0
XRECORD
  5
D59
102
{ACAD_REACTORS
330
D58
102
}
330
D58
100
AcDbXrecord
280
     1
102
RTVSPost2010Prop28
280
     0
102
RTVSPost2010PropOp28
 70
     1
102
RTVSPost2010Prop29
280
     1
102
RTVSPost2010PropOp29
 70
     1
102
RTVSPost2010Prop30
280
     1
102
RTVSPost2010PropOp30
 70
     1
102
RTVSPost2010Prop31
280
     0
102
RTVSPost2010PropOp31
 70
     1
102
RTVSPost2010Prop32
280
     0
102
RTVSPost2010PropOp32
 70
     1
102
RTVSPost2010Prop33
280
     0
102
RTVSPost2010PropOp33
 70
     1
102
RTVSPost2010Prop34
280
     0
102
RTVSPost2010PropOp34
 70
     1
102
RTVSPost2010Prop35
280
     0
102
RTVSPost2010PropOp35
 70
     1
102
RTVSPost2010Prop36
280
     0
102
RTVSPost2010PropOp36
 70
     1
102
RTVSPost2010Prop37
 90
       50
102
RTVSPost2010PropOp37
 70
     1
102
RTVSPost2010Prop38
140
0.0
102
RTVSPost2010PropOp38
 70
     1
102
RTVSPost2010Prop39
140
1.0
102
RTVSPost2010PropOp39
 70
     1
102
RTVSPost2010Prop40
 90
        0
102
RTVSPost2010PropOp40
 70
     1
102
RTVSPost2010Prop41ColorIndex
 90
       18
102
RTVSPost2010Prop41ColorRGB
 90
        0
102
RTVSPost2010PropOp41
 70
     1
102
RTVSPost2010Prop42
 90
       50
102
RTVSPost2010PropOp42
 70
     1
102
RTVSPost2010Prop43
 90
        3
102
RTVSPost2010PropOp43
 70
     1
102
RTVSPost2010Prop44ColorIndex
 90
        5
102
RTVSPost2010Prop44ColorRGB
 90
      255
102
RTVSPost2010PropOp44
 70
     1
102
RTVSPost2010Prop45
280
     0
102
RTVSPost2010PropOp45
 70
     1
102
RTVSPost2010Prop46
 90
       50
102
RTVSPost2010PropOp46
 70
     1
102
RTVSPost2010Prop47
 90
       50
102
RTVSPost2010PropOp47
 70
     1
102
RTVSPost2010Prop48
 90
       50
102
RTVSPost2010PropOp48
 70
     1
102
RTVSPost2010Prop49
280
     0
102
RTVSPost2010PropOp49
 70
     1
102
RTVSPost2010Prop50
 90
       50
102
RTVSPost2010PropOp50
 70
     1
102
RTVSPost2010Prop51ColorIndex
 90
      256
102
RTVSPost2010Prop51ColorRGB
 90
-16777216
102
RTVSPost2010PropOp51
 70
     0
102
RTVSPost2010Prop52
140
1.0
102
RTVSPost2010PropOp52
 70
     0
102
RTVSPost2010Prop53
 90
        2
102
RTVSPost2010PropOp53
 70
     1
102
RTVSPost2010Prop54
  1
strokes_ogs.tif
102
RTVSPost2010PropOp54
 70
     1
102
RTVSPost2010Prop55
280
     0
102
RTVSPost2010PropOp55
 70
     1
102
RTVSPost2010Prop56
140
1.0
102
RTVSPost2010PropOp56
 70
     1
102
RTVSPost2010Prop57
140
1.0
102
RTVSPost2010PropOp57
 70
     1
  0
XRECORD
  5
D79
102
{ACAD_REACTORS
330
D78
102
}
330
D78
100
AcDbXrecord
280
     1
102
RTVSPost2010Prop28
280
     0
102
RTVSPost2010PropOp28
 70
     1
102
RTVSPost2010Prop29
280
     1
102
RTVSPost2010PropOp29
 70
     1
102
RTVSPost2010Prop30
280
     1
102
RTVSPost2010PropOp30
 70
     1
102
RTVSPost2010Prop31
280
     0
102
RTVSPost2010PropOp31
 70
     1
102
RTVSPost2010Prop32
280
     0
102
RTVSPost2010PropOp32
 70
     1
102
RTVSPost2010Prop33
280
     0
102
RTVSPost2010PropOp33
 70
     1
102
RTVSPost2010Prop34
280
     0
102
RTVSPost2010PropOp34
 70
     1
102
RTVSPost2010Prop35
280
     0
102
RTVSPost2010PropOp35
 70
     1
102
RTVSPost2010Prop36
280
     0
102
RTVSPost2010PropOp36
 70
     1
102
RTVSPost2010Prop37
 90
       50
102
RTVSPost2010PropOp37
 70
     1
102
RTVSPost2010Prop38
140
0.0
102
RTVSPost2010PropOp38
 70
     1
102
RTVSPost2010Prop39
140
1.0
102
RTVSPost2010PropOp39
 70
     1
102
RTVSPost2010Prop40
 90
        0
102
RTVSPost2010PropOp40
 70
     1
102
RTVSPost2010Prop41ColorIndex
 90
       18
102
RTVSPost2010Prop41ColorRGB
 90
        0
102
RTVSPost2010PropOp41
 70
     1
102
RTVSPost2010Prop42
 90
       50
102
RTVSPost2010PropOp42
 70
     1
102
RTVSPost2010Prop43
 90
        3
102
RTVSPost2010PropOp43
 70
     1
102
RTVSPost2010Prop44ColorIndex
 90
        5
102
RTVSPost2010Prop44ColorRGB
 90
      255
102
RTVSPost2010PropOp44
 70
     1
102
RTVSPost2010Prop45
280
     0
102
RTVSPost2010PropOp45
 70
     1
102
RTVSPost2010Prop46
 90
       50
102
RTVSPost2010PropOp46
 70
     1
102
RTVSPost2010Prop47
 90
       50
102
RTVSPost2010PropOp47
 70
     1
102
RTVSPost2010Prop48
 90
       50
102
RTVSPost2010PropOp48
 70
     1
102
RTVSPost2010Prop49
280
     0
102
RTVSPost2010PropOp49
 70
     1
102
RTVSPost2010Prop50
 90
       50
102
RTVSPost2010PropOp50
 70
     1
102
RTVSPost2010Prop51ColorIndex
 90
      256
102
RTVSPost2010Prop51ColorRGB
 90
-16777216
102
RTVSPost2010PropOp51
 70
     0
102
RTVSPost2010Prop52
140
1.0
102
RTVSPost2010PropOp52
 70
     0
102
RTVSPost2010Prop53
 90
        2
102
RTVSPost2010PropOp53
 70
     1
102
RTVSPost2010Prop54
  1
strokes_ogs.tif
102
RTVSPost2010PropOp54
 70
     1
102
RTVSPost2010Prop55
280
     0
102
RTVSPost2010PropOp55
 70
     1
102
RTVSPost2010Prop56
140
1.0
102
RTVSPost2010PropOp56
 70
     1
102
RTVSPost2010Prop57
140
1.0
102
RTVSPost2010PropOp57
 70
     1
  0
ENDSEC
  0
EOF
