  0
SECTION
  2
HEADER
  9
$ACADVER
  1
AC1024
  9
$ACADMAINTVER
 70
     6
  9
$DWGCODEPAGE
  3
ANSI_1252
  9
$LASTSAVEDBY
  1
wassimj
  9
$INSBASE
 10
0.0
 20
0.0
 30
0.0
  9
$EXTMIN
 10
6.734924312696098
 20
0.0211666666666659
 30
0.0
  9
$EXTMAX
 10
64.60507568730391
 20
28.55581779194436
 30
0.0
  9
$LIMMIN
 10
0.0
 20
0.0
  9
$LIMMAX
 10
12.0
 20
9.0
  9
$ORTHOMODE
 70
     0
  9
$REGENMODE
 70
     1
  9
$FILLMODE
 70
     1
  9
$QTEXTMODE
 70
     0
  9
$MIRRTEXT
 70
     1
  9
$LTSCALE
 40
1.0
  9
$ATTMODE
 70
     1
  9
$TEXTSIZE
 40
0.2
  9
$TRACEWID
 40
0.05
  9
$TEXTSTYLE
  7
Standard
  9
$CLAYER
  8
0
  9
$CELTYPE
  6
ByLayer
  9
$CECOLOR
 62
   256
  9
$CELTSCALE
 40
1.0
  9
$DISPSILH
 70
     0
  9
$DIMSCALE
 40
1.0
  9
$DIMASZ
 40
0.18
  9
$DIMEXO
 40
0.0625
  9
$DIMDLI
 40
0.38
  9
$DIMRND
 40
0.0
  9
$DIMDLE
 40
0.0
  9
$DIMEXE
 40
0.18
  9
$DIMTP
 40
0.0
  9
$DIMTM
 40
0.0
  9
$DIMTXT
 40
0.18
  9
$DIMCEN
 40
0.09
  9
$DIMTSZ
 40
0.0
  9
$DIMTOL
 70
     0
  9
$DIMLIM
 70
     0
  9
$DIMTIH
 70
     1
  9
$DIMTOH
 70
     1
  9
$DIMSE1
 70
     0
  9
$DIMSE2
 70
     0
  9
$DIMTAD
 70
     0
  9
$DIMZIN
 70
     0
  9
$DIMBLK
  1

  9
$DIMASO
 70
     1
  9
$DIMSHO
 70
     1
  9
$DIMPOST
  1

  9
$DIMAPOST
  1

  9
$DIMALT
 70
     0
  9
$DIMALTD
 70
     2
  9
$DIMALTF
 40
25.4
  9
$DIMLFAC
 40
1.0
  9
$DIMTOFL
 70
     0
  9
$DIMTVP
 40
0.0
  9
$DIMTIX
 70
     0
  9
$DIMSOXD
 70
     0
  9
$DIMSAH
 70
     0
  9
$DIMBLK1
  1

  9
$DIMBLK2
  1

  9
$DIMSTYLE
  2
STANDARD_ACAD
  9
$DIMCLRD
 70
     0
  9
$DIMCLRE
 70
     0
  9
$DIMCLRT
 70
     0
  9
$DIMTFAC
 40
1.0
  9
$DIMGAP
 40
0.09
  9
$DIMJUST
 70
     0
  9
$DIMSD1
 70
     0
  9
$DIMSD2
 70
     0
  9
$DIMTOLJ
 70
     1
  9
$DIMTZIN
 70
     0
  9
$DIMALTZ
 70
     0
  9
$DIMALTTZ
 70
     0
  9
$DIMUPT
 70
     0
  9
$DIMDEC
 70
     4
  9
$DIMTDEC
 70
     4
  9
$DIMALTU
 70
     2
  9
$DIMALTTD
 70
     2
  9
$DIMTXSTY
  7
Standard
  9
$DIMAUNIT
 70
     0
  9
$DIMADEC
 70
     0
  9
$DIMALTRND
 40
0.0
  9
$DIMAZIN
 70
     0
  9
$DIMDSEP
 70
    46
  9
$DIMATFIT
 70
     3
  9
$DIMFRAC
 70
     0
  9
$DIMLDRBLK
  1

  9
$DIMLUNIT
 70
     2
  9
$DIMLWD
 70
    -2
  9
$DIMLWE
 70
    -2
  9
$DIMTMOVE
 70
     2
  9
$DIMFXL
 40
1.0
  9
$DIMFXLON
 70
     0
  9
$DIMJOGANG
 40
0.7853981633974483
  9
$DIMTFILL
 70
     0
  9
$DIMTFILLCLR
 70
     0
  9
$DIMARCSYM
 70
     0
  9
$DIMLTYPE
  6

  9
$DIMLTEX1
  6

  9
$DIMLTEX2
  6

  9
$DIMTXTDIRECTION
 70
     0
  9
$LUNITS
 70
     2
  9
$LUPREC
 70
     3
  9
$SKETCHINC
 40
0.1
  9
$FILLETRAD
 40
0.0
  9
$AUNITS
 70
     0
  9
$AUPREC
 70
     0
  9
$MENU
  1
.
  9
$ELEVATION
 40
0.0
  9
$PELEVATION
 40
0.0
  9
$THICKNESS
 40
0.0
  9
$LIMCHECK
 70
     0
  9
$CHAMFERA
 40
0.0
  9
$CHAMFERB
 40
0.0
  9
$CHAMFERC
 40
0.0
  9
$CHAMFERD
 40
0.0
  9
$SKPOLY
 70
     0
  9
$TDCREATE
 40
2460497.333037801
  9
$TDUCREATE
 40
2460497.291371134
  9
$TDUPDATE
 40
2460497.333058623
  9
$TDUUPDATE
 40
2460497.291391956
  9
$TDINDWG
 40
0.0000000116
  9
$TDUSRTIMER
 40
0.0000000116
  9
$USRTIMER
 70
     1
  9
$ANGBASE
 50
0.0
  9
$ANGDIR
 70
     0
  9
$PDMODE
 70
     0
  9
$PDSIZE
 40
0.0
  9
$PLINEWID
 40
0.0
  9
$SPLFRAME
 70
     0
  9
$SPLINETYPE
 70
     6
  9
$SPLINESEGS
 70
     8
  9
$HANDSEED
  5
4A2
  9
$SURFTAB1
 70
     6
  9
$SURFTAB2
 70
     6
  9
$SURFTYPE
 70
     6
  9
$SURFU
 70
     6
  9
$SURFV
 70
     6
  9
$UCSBASE
  2

  9
$UCSNAME
  2

  9
$UCSORG
 10
0.0
 20
0.0
 30
0.0
  9
$UCSXDIR
 10
1.0
 20
0.0
 30
0.0
  9
$UCSYDIR
 10
0.0
 20
1.0
 30
0.0
  9
$UCSORTHOREF
  2

  9
$UCSORTHOVIEW
 70
     0
  9
$UCSORGTOP
 10
0.0
 20
0.0
 30
0.0
  9
$UCSORGBOTTOM
 10
0.0
 20
0.0
 30
0.0
  9
$UCSORGLEFT
 10
0.0
 20
0.0
 30
0.0
  9
$UCSORGRIGHT
 10
0.0
 20
0.0
 30
0.0
  9
$UCSORGFRONT
 10
0.0
 20
0.0
 30
0.0
  9
$UCSORGBACK
 10
0.0
 20
0.0
 30
0.0
  9
$PUCSBASE
  2

  9
$PUCSNAME
  2

  9
$PUCSORG
 10
0.0
 20
0.0
 30
0.0
  9
$PUCSXDIR
 10
1.0
 20
0.0
 30
0.0
  9
$PUCSYDIR
 10
0.0
 20
1.0
 30
0.0
  9
$PUCSORTHOREF
  2

  9
$PUCSORTHOVIEW
 70
     0
  9
$PUCSORGTOP
 10
0.0
 20
0.0
 30
0.0
  9
$PUCSORGBOTTOM
 10
0.0
 20
0.0
 30
0.0
  9
$PUCSORGLEFT
 10
0.0
 20
0.0
 30
0.0
  9
$PUCSORGRIGHT
 10
0.0
 20
0.0
 30
0.0
  9
$PUCSORGFRONT
 10
0.0
 20
0.0
 30
0.0
  9
$PUCSORGBACK
 10
0.0
 20
0.0
 30
0.0
  9
$USERI1
 70
     0
  9
$USERI2
 70
     0
  9
$USERI3
 70
     0
  9
$USERI4
 70
     0
  9
$USERI5
 70
     0
  9
$USERR1
 40
0.0
  9
$USERR2
 40
0.0
  9
$USERR3
 40
0.0
  9
$USERR4
 40
0.0
  9
$USERR5
 40
0.0
  9
$WORLDVIEW
 70
     1
  9
$SHADEDGE
 70
     3
  9
$SHADEDIF
 70
    70
  9
$TILEMODE
 70
     1
  9
$MAXACTVP
 70
    64
  9
$PINSBASE
 10
0.0
 20
0.0
 30
0.0
  9
$PLIMCHECK
 70
     0
  9
$PEXTMIN
 10
1.000000000000000E+20
 20
1.000000000000000E+20
 30
1.000000000000000E+20
  9
$PEXTMAX
 10
-1.000000000000000E+20
 20
-1.000000000000000E+20
 30
-1.000000000000000E+20
  9
$PLIMMIN
 10
0.0
 20
0.0
  9
$PLIMMAX
 10
12.0
 20
9.0
  9
$UNITMODE
 70
     0
  9
$VISRETAIN
 70
     1
  9
$PLINEGEN
 70
     0
  9
$PSLTSCALE
 70
     1
  9
$TREEDEPTH
 70
  3020
  9
$CMLSTYLE
  2
Standard
  9
$CMLJUST
 70
     0
  9
$CMLSCALE
 40
1.0
  9
$PROXYGRAPHICS
 70
     1
  9
$MEASUREMENT
 70
     1
  9
$CELWEIGHT
370
    -1
  9
$ENDCAPS
280
     0
  9
$JOINSTYLE
280
     0
  9
$LWDISPLAY
290
     0
  9
$INSUNITS
 70
     6
  9
$HYPERLINKBASE
  1

  9
$STYLESHEET
  1

  9
$XEDIT
290
     1
  9
$CEPSNTYPE
380
     0
  9
$PSTYLEMODE
290
     1
  9
$FINGERPRINTGUID
  2
{2d1950ac-4a6f-4f07-b314-1ce812620782}
  9
$VERSIONGUID
  2
{FAEB1C32-E019-11D5-929B-00C0DF256EC4}
  9
$EXTNAMES
290
     1
  9
$PSVPSCALE
 40
0.0
  9
$OLESTARTUP
290
     0
  9
$SORTENTS
280
   127
  9
$INDEXCTL
280
     0
  9
$HIDETEXT
280
     1
  9
$XCLIPFRAME
280
     2
  9
$HALOGAP
280
     0
  9
$OBSCOLOR
 70
   257
  9
$OBSLTYPE
280
     0
  9
$INTERSECTIONDISPLAY
280
     0
  9
$INTERSECTIONCOLOR
 70
   257
  9
$DIMASSOC
280
     2
  9
$PROJECTNAME
  1

  9
$CAMERADISPLAY
290
     0
  9
$LENSLENGTH
 40
50.0
  9
$CAMERAHEIGHT
 40
0.0
  9
$STEPSPERSEC
 40
2.0
  9
$STEPSIZE
 40
6.0
  9
$3DDWFPREC
 40
2.0
  9
$PSOLWIDTH
 40
0.25
  9
$PSOLHEIGHT
 40
4.0
  9
$LOFTANG1
 40
1.570796326794897
  9
$LOFTANG2
 40
1.570796326794897
  9
$LOFTMAG1
 40
0.0
  9
$LOFTMAG2
 40
0.0
  9
$LOFTPARAM
 70
     7
  9
$LOFTNORMALS
280
     1
  9
$LATITUDE
 40
37.795
  9
$LONGITUDE
 40
-122.394
  9
$NORTHDIRECTION
 40
0.0
  9
$TIMEZONE
 70
 -8000
  9
$LIGHTGLYPHDISPLAY
280
     1
  9
$TILEMODELIGHTSYNCH
280
     1
  9
$CMATERIAL
347
44
  9
$SOLIDHIST
280
     0
  9
$SHOWHIST
280
     1
  9
$DWFFRAME
280
     2
  9
$DGNFRAME
280
     2
  9
$REALWORLDSCALE
290
     1
  9
$INTERFERECOLOR
 62
   256
  9
$CSHADOW
280
     0
  9
$SHADOWPLANELOCATION
 40
0.0
  0
ENDSEC
  0
SECTION
  2
CLASSES
  0
CLASS
  1
ACDBDICTIONARYWDFLT
  2
AcDbDictionaryWithDefault
  3
ObjectDBX Classes
 90
        0
 91
        3
280
     0
281
     0
  0
CLASS
  1
VISUALSTYLE
  2
AcDbVisualStyle
  3
ObjectDBX Classes
 90
     4095
 91
        3
280
     0
281
     0
  0
CLASS
  1
MATERIAL
  2
AcDbMaterial
  3
ObjectDBX Classes
 90
     1153
 91
        3
280
     0
281
     0
  0
CLASS
  1
SCALE
  2
AcDbScale
  3
ObjectDBX Classes
 90
     1153
 91
        3
280
     0
281
     0
  0
CLASS
  1
TABLESTYLE
  2
AcDbTableStyle
  3
ObjectDBX Classes
 90
     4095
 91
        3
280
     0
281
     0
  0
CLASS
  1
MLEADERSTYLE
  2
AcDbMLeaderStyle
  3
ACDB_MLEADERSTYLE_CLASS
 90
     4095
 91
        3
280
     0
281
     0
  0
CLASS
  1
SUN
  2
AcDbSun
  3
SCENEOE
 90
     1153
 91
        3
280
     0
281
     0
  0
CLASS
  1
DICTIONARYVAR
  2
AcDbDictionaryVar
  3
ObjectDBX Classes
 90
        0
 91
        3
280
     0
281
     0
  0
CLASS
  1
CELLSTYLEMAP
  2
AcDbCellStyleMap
  3
ObjectDBX Classes
 90
     1152
 91
        3
280
     0
281
     0
  0
ENDSEC
  0
SECTION
  2
TABLES
  0
TABLE
  2
VPORT
  5
8
330
0
100
AcDbSymbolTable
 70
     1
  0
VPORT
  5
29
330
8
100
AcDbSymbolTableRecord
100
AcDbViewportTableRecord
  2
*Active
 70
     0
 10
0.0
 20
0.0
 11
1.0
 21
1.0
 12
10.42990654205607
 22
4.5
 13
0.0
 23
0.0
 14
0.5
 24
0.5
 15
0.5
 25
0.5
 16
0.0
 26
0.0
 36
1.0
 17
0.0
 27
0.0
 37
0.0
 40
9.0
 41
1.972972972850329
 42
50.0
 43
0.0
 44
0.0
 50
0.0
 51
0.0
 71
     0
 72
   100
 73
     1
 74
     3
 75
     0
 76
     0
 77
     0
 78
     0
281
     0
 65
     1
110
0.0
120
0.0
130
0.0
111
1.0
121
0.0
131
0.0
112
0.0
122
1.0
132
0.0
 79
     0
146
0.0
348
2F
 60
     3
 61
     5
292
     1
282
     1
141
0.0
142
0.0
 63
   250
361
5D
  0
ENDTAB
  0
TABLE
  2
LTYPE
  5
5
330
0
100
AcDbSymbolTable
 70
     1
  0
LTYPE
  5
14
330
5
100
AcDbSymbolTableRecord
100
AcDbLinetypeTableRecord
  2
ByBlock
 70
     0
  3

 72
    65
 73
     0
 40
0.0
  0
LTYPE
  5
15
330
5
100
AcDbSymbolTableRecord
100
AcDbLinetypeTableRecord
  2
ByLayer
 70
     0
  3

 72
    65
 73
     0
 40
0.0
  0
LTYPE
  5
16
330
5
100
AcDbSymbolTableRecord
100
AcDbLinetypeTableRecord
  2
Continuous
 70
     0
  3
Solid line
 72
    65
 73
     0
 40
0.0
  0
ENDTAB
  0
TABLE
  2
LAYER
  5
2
330
0
100
AcDbSymbolTable
 70
     1
  0
LAYER
  5
10
330
2
100
AcDbSymbolTableRecord
100
AcDbLayerTableRecord
  2
0
 70
     0
 62
    18
420
        0
  6
Continuous
370
    -3
390
F
347
46
  0
ENDTAB
  0
TABLE
  2
STYLE
  5
3
330
0
100
AcDbSymbolTable
 70
     1
  0
STYLE
  5
11
330
3
100
AcDbSymbolTableRecord
100
AcDbTextStyleTableRecord
  2
Standard
 70
     0
 40
0.0
 41
1.0
 50
0.0
 71
     0
 42
0.2
  3
txt
  4

  0
ENDTAB
  0
TABLE
  2
VIEW
  5
6
330
0
100
AcDbSymbolTable
 70
     0
  0
ENDTAB
  0
TABLE
  2
UCS
  5
7
330
0
100
AcDbSymbolTable
 70
     0
  0
ENDTAB
  0
TABLE
  2
APPID
  5
9
330
0
100
AcDbSymbolTable
 70
     2
  0
APPID
  5
12
330
9
100
AcDbSymbolTableRecord
100
AcDbRegAppTableRecord
  2
ACAD
 70
     0
  0
APPID
  5
5E
330
9
100
AcDbSymbolTableRecord
100
AcDbRegAppTableRecord
  2
Rhino
 70
     0
  0
ENDTAB
  0
TABLE
  2
DIMSTYLE
  5
A
330
0
100
AcDbSymbolTable
 70
     1
100
AcDbDimStyleTable
  0
DIMSTYLE
105
27
330
A
100
AcDbSymbolTableRecord
100
AcDbDimStyleTableRecord
  2
STANDARD_ACAD
 70
     0
178
     0
340
11
  0
ENDTAB
  0
TABLE
  2
BLOCK_RECORD
  5
1
330
0
100
AcDbSymbolTable
 70
     1
  0
BLOCK_RECORD
  5
1F
330
1
100
AcDbSymbolTableRecord
100
AcDbBlockTableRecord
  2
*Model_Space
340
22
 70
     0
280
     1
281
     0
  0
BLOCK_RECORD
  5
1B
330
1
100
AcDbSymbolTableRecord
100
AcDbBlockTableRecord
  2
*Paper_Space
340
1E
 70
     0
280
     1
281
     0
  0
BLOCK_RECORD
  5
23
330
1
100
AcDbSymbolTableRecord
100
AcDbBlockTableRecord
  2
*Paper_Space0
340
26
 70
     0
280
     1
281
     0
  0
ENDTAB
  0
ENDSEC
  0
SECTION
  2
BLOCKS
  0
BLOCK
  5
20
330
1F
100
AcDbEntity
  8
0
100
AcDbBlockBegin
  2
*Model_Space
 70
     0
 10
0.0
 20
0.0
 30
0.0
  3
*Model_Space
  1

  0
ENDBLK
  5
21
330
1F
100
AcDbEntity
  8
0
100
AcDbBlockEnd
  0
BLOCK
  5
1C
330
1B
100
AcDbEntity
 67
     1
  8
0
100
AcDbBlockBegin
  2
*Paper_Space
 70
     0
 10
0.0
 20
0.0
 30
0.0
  3
*Paper_Space
  1

  0
ENDBLK
  5
1D
330
1B
100
AcDbEntity
 67
     1
  8
0
100
AcDbBlockEnd
  0
BLOCK
  5
24
330
23
100
AcDbEntity
  8
0
100
AcDbBlockBegin
  2
*Paper_Space0
 70
     0
 10
0.0
 20
0.0
 30
0.0
  3
*Paper_Space0
  1

  0
ENDBLK
  5
25
330
23
100
AcDbEntity
  8
0
100
AcDbBlockEnd
  0
ENDSEC
  0
SECTION
  2
ENTITIES
  0
POLYLINE
  5
5F
330
1F
100
AcDbEntity
  8
0
  6
Continuous
 62
    18
420
        0
370
    70
100
AcDb2dPolyline
 66
     1
 10
0.0
 20
0.0
 30
0.0
 70
     1
  0
VERTEX
  5
60
330
5F
100
AcDbEntity
  8
0
  6
Continuous
 62
    18
420
        0
370
    70
100
AcDbVertex
100
AcDb2dVertex
 10
6.736784146053354
 20
28.55326464550761
 30
0.0
  0
VERTEX
  5
61
330
5F
100
AcDbEntity
  8
0
  6
Continuous
 62
    18
420
        0
370
    70
100
AcDbVertex
100
AcDb2dVertex
 10
12.42483445286156
 20
28.55326464550761
 30
0.0
  0
VERTEX
  5
62
330
5F
100
AcDbEntity
  8
0
  6
Continuous
 62
    18
420
        0
370
    70
100
AcDbVertex
100
AcDb2dVertex
 10
12.42483445286355
 20
25.9722890503546
 30
0.0
  0
VERTEX
  5
63
330
5F
100
AcDbEntity
  8
0
  6
Continuous
 62
    18
420
        0
370
    70
100
AcDbVertex
100
AcDb2dVertex
 10
12.52483445286153
 20
25.97228905035458
 30
0.0
  0
VERTEX
  5
64
330
5F
100
AcDbEntity
  8
0
  6
Continuous
 62
    18
420
        0
370
    70
100
AcDbVertex
100
AcDb2dVertex
 10
12.52483445286153
 20
28.55326464550761
 30
0.0
  0
VERTEX
  5
65
330
5F
100
AcDbEntity
  8
0
  6
Continuous
 62
    18
420
        0
370
    70
100
AcDbVertex
100
AcDb2dVertex
 10
15.10619833434636
 20
28.55326464550761
 30
0.0
  0
VERTEX
  5
66
330
5F
100
AcDbEntity
  8
0
  6
Continuous
 62
    18
420
        0
370
    70
100
AcDbVertex
100
AcDb2dVertex
 10
15.10619833434636
 20
22.41163474850162
 30
0.0
  0
VERTEX
  5
67
330
5F
100
AcDbEntity
  8
0
  6
Continuous
 62
    18
420
        0
370
    70
100
AcDbVertex
100
AcDb2dVertex
 10
16.69526440129017
 20
22.41163474850162
 30
0.0
  0
VERTEX
  5
68
330
5F
100
AcDbEntity
  8
0
  6
Continuous
 62
    18
420
        0
370
    70
100
AcDbVertex
100
AcDb2dVertex
 10
16.69526440129017
 20
22.51418789493837
 30
0.0
  0
VERTEX
  5
69
330
5F
100
AcDbEntity
  8
0
  6
Continuous
 62
    18
420
        0
370
    70
100
AcDbVertex
100
AcDb2dVertex
 10
15.20583497451449
 20
22.51418789493837
 30
0.0
  0
VERTEX
  5
6A
330
5F
100
AcDbEntity
  8
0
  6
Continuous
 62
    18
420
        0
370
    70
100
AcDbVertex
100
AcDb2dVertex
 10
15.20583497451449
 20
28.55581779194436
 30
0.0
  0
VERTEX
  5
6B
330
5F
100
AcDbEntity
  8
0
  6
Continuous
 62
    18
420
        0
370
    70
100
AcDbVertex
100
AcDb2dVertex
 10
17.94757744899194
 20
28.55581779194436
 30
0.0
  0
VERTEX
  5
6C
330
5F
100
AcDbEntity
  8
0
  6
Continuous
 62
    18
420
        0
370
    70
100
AcDbVertex
100
AcDb2dVertex
 10
17.94757744899194
 20
22.51418789493837
 30
0.0
  0
VERTEX
  5
6D
330
5F
100
AcDbEntity
  8
0
  6
Continuous
 62
    18
420
        0
370
    70
100
AcDbVertex
100
AcDb2dVertex
 10
17.76226440129014
 20
22.51418789493837
 30
0.0
  0
VERTEX
  5
6E
330
5F
100
AcDbEntity
  8
0
  6
Continuous
 62
    18
420
        0
370
    70
100
AcDbVertex
100
AcDb2dVertex
 10
17.76226440129015
 20
22.41163474850162
 30
0.0
  0
VERTEX
  5
6F
330
5F
100
AcDbEntity
  8
0
  6
Continuous
 62
    18
420
        0
370
    70
100
AcDbVertex
100
AcDb2dVertex
 10
18.2465840811805
 20
22.41163474850162
 30
0.0
  0
VERTEX
  5
70
330
5F
100
AcDbEntity
  8
0
  6
Continuous
 62
    18
420
        0
370
    70
100
AcDbVertex
100
AcDb2dVertex
 10
18.24658408118053
 20
22.51418789493837
 30
0.0
  0
VERTEX
  5
71
330
5F
100
AcDbEntity
  8
0
  6
Continuous
 62
    18
420
        0
370
    70
100
AcDbVertex
100
AcDb2dVertex
 10
18.04757744899194
 20
22.51418789493837
 30
0.0
  0
VERTEX
  5
72
330
5F
100
AcDbEntity
  8
0
  6
Continuous
 62
    18
420
        0
370
    70
100
AcDbVertex
100
AcDb2dVertex
 10
18.04757744899194
 20
28.55581779194436
 30
0.0
  0
VERTEX
  5
73
330
5F
100
AcDbEntity
  8
0
  6
Continuous
 62
    18
420
        0
370
    70
100
AcDbVertex
100
AcDb2dVertex
 10
20.78931992346939
 20
28.55581779194436
 30
0.0
  0
VERTEX
  5
74
330
5F
100
AcDbEntity
  8
0
  6
Continuous
 62
    18
420
        0
370
    70
100
AcDbVertex
100
AcDb2dVertex
 10
20.78931992346939
 20
22.51418789493837
 30
0.0
  0
VERTEX
  5
75
330
5F
100
AcDbEntity
  8
0
  6
Continuous
 62
    18
420
        0
370
    70
100
AcDbVertex
100
AcDb2dVertex
 10
19.3135840811805
 20
22.51418789493837
 30
0.0
  0
VERTEX
  5
76
330
5F
100
AcDbEntity
  8
0
  6
Continuous
 62
    18
420
        0
370
    70
100
AcDbVertex
100
AcDb2dVertex
 10
19.31358408118055
 20
22.41163474850162
 30
0.0
  0
VERTEX
  5
77
330
5F
100
AcDbEntity
  8
0
  6
Continuous
 62
    18
420
        0
370
    70
100
AcDbVertex
100
AcDb2dVertex
 10
20.88968328330128
 20
22.41163474850162
 30
0.0
  0
VERTEX
  5
78
330
5F
100
AcDbEntity
  8
0
  6
Continuous
 62
    18
420
        0
370
    70
100
AcDbVertex
100
AcDb2dVertex
 10
20.88968328330128
 20
28.55326464550761
 30
0.0
  0
VERTEX
  5
79
330
5F
100
AcDbEntity
  8
0
  6
Continuous
 62
    18
420
        0
370
    70
100
AcDbVertex
100
AcDb2dVertex
 10
31.6897969144336
 20
28.55326464550761
 30
0.0
  0
VERTEX
  5
7A
330
5F
100
AcDbEntity
  8
0
  6
Continuous
 62
    18
420
        0
370
    70
100
AcDbVertex
100
AcDb2dVertex
 10
31.6897969144336
 20
22.41163474850162
 30
0.0
  0
VERTEX
  5
7B
330
5F
100
AcDbEntity
  8
0
  6
Continuous
 62
    18
420
        0
370
    70
100
AcDbVertex
100
AcDb2dVertex
 10
33.21290870413564
 20
22.41163474850162
 30
0.0
  0
VERTEX
  5
7C
330
5F
100
AcDbEntity
  8
0
  6
Continuous
 62
    18
420
        0
370
    70
100
AcDbVertex
100
AcDb2dVertex
 10
33.21290870413564
 20
22.51163474850162
 30
0.0
  0
VERTEX
  5
7D
330
5F
100
AcDbEntity
  8
0
  6
Continuous
 62
    18
420
        0
370
    70
100
AcDbVertex
100
AcDb2dVertex
 10
31.78979691443358
 20
22.51163474850162
 30
0.0
  0
VERTEX
  5
7E
330
5F
100
AcDbEntity
  8
0
  6
Continuous
 62
    18
420
        0
370
    70
100
AcDbVertex
100
AcDb2dVertex
 10
31.78979691443358
 20
28.55326464550761
 30
0.0
  0
VERTEX
  5
7F
330
5F
100
AcDbEntity
  8
0
  6
Continuous
 62
    18
420
        0
370
    70
100
AcDbVertex
100
AcDb2dVertex
 10
34.42687819273342
 20
28.55326464550761
 30
0.0
  0
VERTEX
  5
80
330
5F
100
AcDbEntity
  8
0
  6
Continuous
 62
    18
420
        0
370
    70
100
AcDbVertex
100
AcDb2dVertex
 10
34.42687819273342
 20
22.51163474850162
 30
0.0
  0
VERTEX
  5
81
330
5F
100
AcDbEntity
  8
0
  6
Continuous
 62
    18
420
        0
370
    70
100
AcDbVertex
100
AcDb2dVertex
 10
34.27990870413562
 20
22.51163474850162
 30
0.0
  0
VERTEX
  5
82
330
5F
100
AcDbEntity
  8
0
  6
Continuous
 62
    18
420
        0
370
    70
100
AcDbVertex
100
AcDb2dVertex
 10
34.27990870413566
 20
22.41163474850162
 30
0.0
  0
VERTEX
  5
83
330
5F
100
AcDbEntity
  8
0
  6
Continuous
 62
    18
420
        0
370
    70
100
AcDbVertex
100
AcDb2dVertex
 10
34.68535174554739
 20
22.41163474850162
 30
0.0
  0
VERTEX
  5
84
330
5F
100
AcDbEntity
  8
0
  6
Continuous
 62
    18
420
        0
370
    70
100
AcDbVertex
100
AcDb2dVertex
 10
34.68535174554739
 20
22.51163474850162
 30
0.0
  0
VERTEX
  5
85
330
5F
100
AcDbEntity
  8
0
  6
Continuous
 62
    18
420
        0
370
    70
100
AcDbVertex
100
AcDb2dVertex
 10
34.52687819273342
 20
22.51163474850162
 30
0.0
  0
VERTEX
  5
86
330
5F
100
AcDbEntity
  8
0
  6
Continuous
 62
    18
420
        0
370
    70
100
AcDbVertex
100
AcDb2dVertex
 10
34.52687819273342
 20
28.55326464550761
 30
0.0
  0
VERTEX
  5
87
330
5F
100
AcDbEntity
  8
0
  6
Continuous
 62
    18
420
        0
370
    70
100
AcDbVertex
100
AcDb2dVertex
 10
37.16395947103326
 20
28.55326464550761
 30
0.0
  0
VERTEX
  5
88
330
5F
100
AcDbEntity
  8
0
  6
Continuous
 62
    18
420
        0
370
    70
100
AcDbVertex
100
AcDb2dVertex
 10
37.16395947103326
 20
22.51163474850162
 30
0.0
  0
VERTEX
  5
89
330
5F
100
AcDbEntity
  8
0
  6
Continuous
 62
    18
420
        0
370
    70
100
AcDbVertex
100
AcDb2dVertex
 10
35.75235174554739
 20
22.51163474850162
 30
0.0
  0
VERTEX
  5
8A
330
5F
100
AcDbEntity
  8
0
  6
Continuous
 62
    18
420
        0
370
    70
100
AcDbVertex
100
AcDb2dVertex
 10
35.75235174554738
 20
22.41163474850162
 30
0.0
  0
VERTEX
  5
8B
330
5F
100
AcDbEntity
  8
0
  6
Continuous
 62
    18
420
        0
370
    70
100
AcDbVertex
100
AcDb2dVertex
 10
37.26395947103326
 20
22.41163474850162
 30
0.0
  0
VERTEX
  5
8C
330
5F
100
AcDbEntity
  8
0
  6
Continuous
 62
    18
420
        0
370
    70
100
AcDbVertex
100
AcDb2dVertex
 10
37.26395947103326
 20
28.5532646455076
 30
0.0
  0
VERTEX
  5
8D
330
5F
100
AcDbEntity
  8
0
  6
Continuous
 62
    18
420
        0
370
    70
100
AcDbVertex
100
AcDb2dVertex
 10
50.79746541843227
 20
28.55326464550761
 30
0.0
  0
VERTEX
  5
8E
330
5F
100
AcDbEntity
  8
0
  6
Continuous
 62
    18
420
        0
370
    70
100
AcDbVertex
100
AcDb2dVertex
 10
50.79746541843227
 20
22.41163474850162
 30
0.0
  0
VERTEX
  5
8F
330
5F
100
AcDbEntity
  8
0
  6
Continuous
 62
    18
420
        0
370
    70
100
AcDbVertex
100
AcDb2dVertex
 10
52.27677822207562
 20
22.41163474850162
 30
0.0
  0
VERTEX
  5
90
330
5F
100
AcDbEntity
  8
0
  6
Continuous
 62
    18
420
        0
370
    70
100
AcDbVertex
100
AcDb2dVertex
 10
52.27677822207562
 20
22.51163474850162
 30
0.0
  0
VERTEX
  5
91
330
5F
100
AcDbEntity
  8
0
  6
Continuous
 62
    18
420
        0
370
    70
100
AcDbVertex
100
AcDb2dVertex
 10
50.89694727560288
 20
22.51163474850162
 30
0.0
  0
VERTEX
  5
92
330
5F
100
AcDbEntity
  8
0
  6
Continuous
 62
    18
420
        0
370
    70
100
AcDbVertex
100
AcDb2dVertex
 10
50.89694727560288
 20
28.55326464550761
 30
0.0
  0
VERTEX
  5
93
330
5F
100
AcDbEntity
  8
0
  6
Continuous
 62
    18
420
        0
370
    70
100
AcDbVertex
100
AcDb2dVertex
 10
53.53969538884746
 20
28.55326464550761
 30
0.0
  0
VERTEX
  5
94
330
5F
100
AcDbEntity
  8
0
  6
Continuous
 62
    18
420
        0
370
    70
100
AcDbVertex
100
AcDb2dVertex
 10
53.53969538884744
 20
22.51163474850162
 30
0.0
  0
VERTEX
  5
95
330
5F
100
AcDbEntity
  8
0
  6
Continuous
 62
    18
420
        0
370
    70
100
AcDbVertex
100
AcDb2dVertex
 10
53.34377822207561
 20
22.51163474850162
 30
0.0
  0
VERTEX
  5
96
330
5F
100
AcDbEntity
  8
0
  6
Continuous
 62
    18
420
        0
370
    70
100
AcDbVertex
100
AcDb2dVertex
 10
53.34377822207562
 20
22.41163474850162
 30
0.0
  0
VERTEX
  5
97
330
5F
100
AcDbEntity
  8
0
  6
Continuous
 62
    18
420
        0
370
    70
100
AcDbVertex
100
AcDb2dVertex
 10
53.83244630495849
 20
22.41163474850162
 30
0.0
  0
VERTEX
  5
98
330
5F
100
AcDbEntity
  8
0
  6
Continuous
 62
    18
420
        0
370
    70
100
AcDbVertex
100
AcDb2dVertex
 10
53.83244630495849
 20
22.51163474850163
 30
0.0
  0
VERTEX
  5
99
330
5F
100
AcDbEntity
  8
0
  6
Continuous
 62
    18
420
        0
370
    70
100
AcDbVertex
100
AcDb2dVertex
 10
53.63969538884744
 20
22.51163474850162
 30
0.0
  0
VERTEX
  5
9A
330
5F
100
AcDbEntity
  8
0
  6
Continuous
 62
    18
420
        0
370
    70
100
AcDbVertex
100
AcDb2dVertex
 10
53.63969538884744
 20
28.55326464550761
 30
0.0
  0
VERTEX
  5
9B
330
5F
100
AcDbEntity
  8
0
  6
Continuous
 62
    18
420
        0
370
    70
100
AcDbVertex
100
AcDb2dVertex
 10
56.282443502092
 20
28.55326464550761
 30
0.0
  0
VERTEX
  5
9C
330
5F
100
AcDbEntity
  8
0
  6
Continuous
 62
    18
420
        0
370
    70
100
AcDbVertex
100
AcDb2dVertex
 10
56.282443502092
 20
22.51163474850162
 30
0.0
  0
VERTEX
  5
9D
330
5F
100
AcDbEntity
  8
0
  6
Continuous
 62
    18
420
        0
370
    70
100
AcDbVertex
100
AcDb2dVertex
 10
54.8994463049585
 20
22.51163474850162
 30
0.0
  0
VERTEX
  5
9E
330
5F
100
AcDbEntity
  8
0
  6
Continuous
 62
    18
420
        0
370
    70
100
AcDbVertex
100
AcDb2dVertex
 10
54.89944630495847
 20
22.41163474850162
 30
0.0
  0
VERTEX
  5
9F
330
5F
100
AcDbEntity
  8
0
  6
Continuous
 62
    18
420
        0
370
    70
100
AcDbVertex
100
AcDb2dVertex
 10
56.38296164492138
 20
22.41163474850162
 30
0.0
  0
VERTEX
  5
A0
330
5F
100
AcDbEntity
  8
0
  6
Continuous
 62
    18
420
        0
370
    70
100
AcDbVertex
100
AcDb2dVertex
 10
56.38296164492138
 20
28.55326464550761
 30
0.0
  0
VERTEX
  5
A1
330
5F
100
AcDbEntity
  8
0
  6
Continuous
 62
    18
420
        0
370
    70
100
AcDbVertex
100
AcDb2dVertex
 10
58.95621398120761
 20
28.55326464550761
 30
0.0
  0
VERTEX
  5
A2
330
5F
100
AcDbEntity
  8
0
  6
Continuous
 62
    18
420
        0
370
    70
100
AcDbVertex
100
AcDb2dVertex
 10
58.95621398120759
 20
25.97503834776246
 30
0.0
  0
VERTEX
  5
A3
330
5F
100
AcDbEntity
  8
0
  6
Continuous
 62
    18
420
        0
370
    70
100
AcDbVertex
100
AcDb2dVertex
 10
59.05621398120763
 20
25.97503834776245
 30
0.0
  0
VERTEX
  5
A4
330
5F
100
AcDbEntity
  8
0
  6
Continuous
 62
    18
420
        0
370
    70
100
AcDbVertex
100
AcDb2dVertex
 10
59.05621398120763
 20
28.55326464550761
 30
0.0
  0
VERTEX
  5
A5
330
5F
100
AcDbEntity
  8
0
  6
Continuous
 62
    18
420
        0
370
    70
100
AcDbVertex
100
AcDb2dVertex
 10
64.6050756873039
 20
28.55326464550761
 30
0.0
  0
VERTEX
  5
A6
330
5F
100
AcDbEntity
  8
0
  6
Continuous
 62
    18
420
        0
370
    70
100
AcDbVertex
100
AcDb2dVertex
 10
64.6050756873039
 20
24.6182865155731
 30
0.0
  0
VERTEX
  5
A7
330
5F
100
AcDbEntity
  8
0
  6
Continuous
 62
    18
420
        0
370
    70
100
AcDbVertex
100
AcDb2dVertex
 10
59.05621398120763
 20
24.6182865155731
 30
0.0
  0
VERTEX
  5
A8
330
5F
100
AcDbEntity
  8
0
  6
Continuous
 62
    18
420
        0
370
    70
100
AcDbVertex
100
AcDb2dVertex
 10
59.05621398120763
 20
24.90803834776244
 30
0.0
  0
VERTEX
  5
A9
330
5F
100
AcDbEntity
  8
0
  6
Continuous
 62
    18
420
        0
370
    70
100
AcDbVertex
100
AcDb2dVertex
 10
58.95621398120761
 20
24.90803834776244
 30
0.0
  0
VERTEX
  5
AA
330
5F
100
AcDbEntity
  8
0
  6
Continuous
 62
    18
420
        0
370
    70
100
AcDbVertex
100
AcDb2dVertex
 10
58.95621398120761
 20
20.48152890883295
 30
0.0
  0
VERTEX
  5
AB
330
5F
100
AcDbEntity
  8
0
  6
Continuous
 62
    18
420
        0
370
    70
100
AcDbVertex
100
AcDb2dVertex
 10
59.05621398120763
 20
20.48152890883296
 30
0.0
  0
VERTEX
  5
AC
330
5F
100
AcDbEntity
  8
0
  6
Continuous
 62
    18
420
        0
370
    70
100
AcDbVertex
100
AcDb2dVertex
 10
59.05621398120763
 20
24.5182865155731
 30
0.0
  0
VERTEX
  5
AD
330
5F
100
AcDbEntity
  8
0
  6
Continuous
 62
    18
420
        0
370
    70
100
AcDbVertex
100
AcDb2dVertex
 10
64.6050756873039
 20
24.5182865155731
 30
0.0
  0
VERTEX
  5
AE
330
5F
100
AcDbEntity
  8
0
  6
Continuous
 62
    18
420
        0
370
    70
100
AcDbVertex
100
AcDb2dVertex
 10
64.60507568730391
 20
19.13762720800066
 30
0.0
  0
VERTEX
  5
AF
330
5F
100
AcDbEntity
  8
0
  6
Continuous
 62
    18
420
        0
370
    70
100
AcDbVertex
100
AcDb2dVertex
 10
59.05621398120763
 20
19.13762720800066
 30
0.0
  0
VERTEX
  5
B0
330
5F
100
AcDbEntity
  8
0
  6
Continuous
 62
    18
420
        0
370
    70
100
AcDbVertex
100
AcDb2dVertex
 10
59.05621398120763
 20
19.41452890883297
 30
0.0
  0
VERTEX
  5
B1
330
5F
100
AcDbEntity
  8
0
  6
Continuous
 62
    18
420
        0
370
    70
100
AcDbVertex
100
AcDb2dVertex
 10
58.95621398120761
 20
19.41452890883295
 30
0.0
  0
VERTEX
  5
B2
330
5F
100
AcDbEntity
  8
0
  6
Continuous
 62
    18
420
        0
370
    70
100
AcDbVertex
100
AcDb2dVertex
 10
58.95621398120761
 20
15.04447529484361
 30
0.0
  0
VERTEX
  5
B3
330
5F
100
AcDbEntity
  8
0
  6
Continuous
 62
    18
420
        0
370
    70
100
AcDbVertex
100
AcDb2dVertex
 10
59.05621398120763
 20
15.04447529484361
 30
0.0
  0
VERTEX
  5
B4
330
5F
100
AcDbEntity
  8
0
  6
Continuous
 62
    18
420
        0
370
    70
100
AcDbVertex
100
AcDb2dVertex
 10
59.05621398120763
 20
19.03762720800066
 30
0.0
  0
VERTEX
  5
B5
330
5F
100
AcDbEntity
  8
0
  6
Continuous
 62
    18
420
        0
370
    70
100
AcDbVertex
100
AcDb2dVertex
 10
64.6050756873039
 20
19.03762720800066
 30
0.0
  0
VERTEX
  5
B6
330
5F
100
AcDbEntity
  8
0
  6
Continuous
 62
    18
420
        0
370
    70
100
AcDbVertex
100
AcDb2dVertex
 10
64.60507568730391
 20
13.67181452912054
 30
0.0
  0
VERTEX
  5
B7
330
5F
100
AcDbEntity
  8
0
  6
Continuous
 62
    18
420
        0
370
    70
100
AcDbVertex
100
AcDb2dVertex
 10
59.05621398120763
 20
13.67181452912054
 30
0.0
  0
VERTEX
  5
B8
330
5F
100
AcDbEntity
  8
0
  6
Continuous
 62
    18
420
        0
370
    70
100
AcDbVertex
100
AcDb2dVertex
 10
59.05621398120763
 20
13.97747529484361
 30
0.0
  0
VERTEX
  5
B9
330
5F
100
AcDbEntity
  8
0
  6
Continuous
 62
    18
420
        0
370
    70
100
AcDbVertex
100
AcDb2dVertex
 10
58.95621398120762
 20
13.97747529484361
 30
0.0
  0
VERTEX
  5
BA
330
5F
100
AcDbEntity
  8
0
  6
Continuous
 62
    18
420
        0
370
    70
100
AcDbVertex
100
AcDb2dVertex
 10
58.95621398120762
 20
9.455194036354442
 30
0.0
  0
VERTEX
  5
BB
330
5F
100
AcDbEntity
  8
0
  6
Continuous
 62
    18
420
        0
370
    70
100
AcDbVertex
100
AcDb2dVertex
 10
59.05621398120763
 20
9.455194036354438
 30
0.0
  0
VERTEX
  5
BC
330
5F
100
AcDbEntity
  8
0
  6
Continuous
 62
    18
420
        0
370
    70
100
AcDbVertex
100
AcDb2dVertex
 10
59.05621398120763
 20
13.57181452912055
 30
0.0
  0
VERTEX
  5
BD
330
5F
100
AcDbEntity
  8
0
  6
Continuous
 62
    18
420
        0
370
    70
100
AcDbVertex
100
AcDb2dVertex
 10
64.6050756873039
 20
13.57181452912055
 30
0.0
  0
VERTEX
  5
BE
330
5F
100
AcDbEntity
  8
0
  6
Continuous
 62
    18
420
        0
370
    70
100
AcDbVertex
100
AcDb2dVertex
 10
64.6050756873039
 20
8.099467415070212
 30
0.0
  0
VERTEX
  5
BF
330
5F
100
AcDbEntity
  8
0
  6
Continuous
 62
    18
420
        0
370
    70
100
AcDbVertex
100
AcDb2dVertex
 10
59.05621398120763
 20
8.099467415070212
 30
0.0
  0
VERTEX
  5
C0
330
5F
100
AcDbEntity
  8
0
  6
Continuous
 62
    18
420
        0
370
    70
100
AcDbVertex
100
AcDb2dVertex
 10
59.05621398120763
 20
8.388194036354438
 30
0.0
  0
VERTEX
  5
C1
330
5F
100
AcDbEntity
  8
0
  6
Continuous
 62
    18
420
        0
370
    70
100
AcDbVertex
100
AcDb2dVertex
 10
58.95621398120764
 20
8.388194036354435
 30
0.0
  0
VERTEX
  5
C2
330
5F
100
AcDbEntity
  8
0
  6
Continuous
 62
    18
420
        0
370
    70
100
AcDbVertex
100
AcDb2dVertex
 10
58.95621398120762
 20
7.89946741507022
 30
0.0
  0
VERTEX
  5
C3
330
5F
100
AcDbEntity
  8
0
  6
Continuous
 62
    18
420
        0
370
    70
100
AcDbVertex
100
AcDb2dVertex
 10
64.6050756873039
 20
7.89946741507022
 30
0.0
  0
VERTEX
  5
C4
330
5F
100
AcDbEntity
  8
0
  6
Continuous
 62
    18
420
        0
370
    70
100
AcDbVertex
100
AcDb2dVertex
 10
64.6050756873039
 20
0.0211666666666659
 30
0.0
  0
VERTEX
  5
C5
330
5F
100
AcDbEntity
  8
0
  6
Continuous
 62
    18
420
        0
370
    70
100
AcDbVertex
100
AcDb2dVertex
 10
49.44162828594633
 20
0.0211666666666659
 30
0.0
  0
VERTEX
  5
C6
330
5F
100
AcDbEntity
  8
0
  6
Continuous
 62
    18
420
        0
370
    70
100
AcDbVertex
100
AcDb2dVertex
 10
49.44162828594631
 20
5.839315029633219
 30
0.0
  0
VERTEX
  5
C7
330
5F
100
AcDbEntity
  8
0
  6
Continuous
 62
    18
420
        0
370
    70
100
AcDbVertex
100
AcDb2dVertex
 10
45.27069164201373
 20
5.839356001756663
 30
0.0
  0
VERTEX
  5
C8
330
5F
100
AcDbEntity
  8
0
  6
Continuous
 62
    18
420
        0
370
    70
100
AcDbVertex
100
AcDb2dVertex
 10
45.27069164201373
 20
5.739263013699244
 30
0.0
  0
VERTEX
  5
C9
330
5F
100
AcDbEntity
  8
0
  6
Continuous
 62
    18
420
        0
370
    70
100
AcDbVertex
100
AcDb2dVertex
 10
49.34162828594631
 20
5.739263013699244
 30
0.0
  0
VERTEX
  5
CA
330
5F
100
AcDbEntity
  8
0
  6
Continuous
 62
    18
420
        0
370
    70
100
AcDbVertex
100
AcDb2dVertex
 10
49.34162828594631
 20
0.0211666666666659
 30
0.0
  0
VERTEX
  5
CB
330
5F
100
AcDbEntity
  8
0
  6
Continuous
 62
    18
420
        0
370
    70
100
AcDbVertex
100
AcDb2dVertex
 10
43.96100553750968
 20
0.0211666666666659
 30
0.0
  0
VERTEX
  5
CC
330
5F
100
AcDbEntity
  8
0
  6
Continuous
 62
    18
420
        0
370
    70
100
AcDbVertex
100
AcDb2dVertex
 10
43.96100553750968
 20
5.739263013699244
 30
0.0
  0
VERTEX
  5
CD
330
5F
100
AcDbEntity
  8
0
  6
Continuous
 62
    18
420
        0
370
    70
100
AcDbVertex
100
AcDb2dVertex
 10
44.20369164201371
 20
5.739263013699244
 30
0.0
  0
VERTEX
  5
CE
330
5F
100
AcDbEntity
  8
0
  6
Continuous
 62
    18
420
        0
370
    70
100
AcDbVertex
100
AcDb2dVertex
 10
44.20369164201373
 20
5.839366483156752
 30
0.0
  0
VERTEX
  5
CF
330
5F
100
AcDbEntity
  8
0
  6
Continuous
 62
    18
420
        0
370
    70
100
AcDbVertex
100
AcDb2dVertex
 10
39.7900688935771
 20
5.839409839244723
 30
0.0
  0
VERTEX
  5
D0
330
5F
100
AcDbEntity
  8
0
  6
Continuous
 62
    18
420
        0
370
    70
100
AcDbVertex
100
AcDb2dVertex
 10
39.7900688935771
 20
5.739263013699244
 30
0.0
  0
VERTEX
  5
D1
330
5F
100
AcDbEntity
  8
0
  6
Continuous
 62
    18
420
        0
370
    70
100
AcDbVertex
100
AcDb2dVertex
 10
43.86100553750968
 20
5.739263013699244
 30
0.0
  0
VERTEX
  5
D2
330
5F
100
AcDbEntity
  8
0
  6
Continuous
 62
    18
420
        0
370
    70
100
AcDbVertex
100
AcDb2dVertex
 10
43.86100553750968
 20
0.0211666666666659
 30
0.0
  0
VERTEX
  5
D3
330
5F
100
AcDbEntity
  8
0
  6
Continuous
 62
    18
420
        0
370
    70
100
AcDbVertex
100
AcDb2dVertex
 10
38.48038278907305
 20
0.0211666666666659
 30
0.0
  0
VERTEX
  5
D4
330
5F
100
AcDbEntity
  8
0
  6
Continuous
 62
    18
420
        0
370
    70
100
AcDbVertex
100
AcDb2dVertex
 10
38.48038278907305
 20
5.739263013699244
 30
0.0
  0
VERTEX
  5
D5
330
5F
100
AcDbEntity
  8
0
  6
Continuous
 62
    18
420
        0
370
    70
100
AcDbVertex
100
AcDb2dVertex
 10
38.7230688935771
 20
5.739263013699244
 30
0.0
  0
VERTEX
  5
D6
330
5F
100
AcDbEntity
  8
0
  6
Continuous
 62
    18
420
        0
370
    70
100
AcDbVertex
100
AcDb2dVertex
 10
38.7230688935771
 20
5.839420320644813
 30
0.0
  0
VERTEX
  5
D7
330
5F
100
AcDbEntity
  8
0
  6
Continuous
 62
    18
420
        0
370
    70
100
AcDbVertex
100
AcDb2dVertex
 10
34.31862641775092
 20
5.839463586552732
 30
0.0
  0
VERTEX
  5
D8
330
5F
100
AcDbEntity
  8
0
  6
Continuous
 62
    18
420
        0
370
    70
100
AcDbVertex
100
AcDb2dVertex
 10
34.31862641775092
 20
5.739263013699244
 30
0.0
  0
VERTEX
  5
D9
330
5F
100
AcDbEntity
  8
0
  6
Continuous
 62
    18
420
        0
370
    70
100
AcDbVertex
100
AcDb2dVertex
 10
38.38038278907306
 20
5.739263013699244
 30
0.0
  0
VERTEX
  5
DA
330
5F
100
AcDbEntity
  8
0
  6
Continuous
 62
    18
420
        0
370
    70
100
AcDbVertex
100
AcDb2dVertex
 10
38.38038278907305
 20
0.0211666666666659
 30
0.0
  0
VERTEX
  5
DB
330
5F
100
AcDbEntity
  8
0
  6
Continuous
 62
    18
420
        0
370
    70
100
AcDbVertex
100
AcDb2dVertex
 10
33.00894031324685
 20
0.0211666666666659
 30
0.0
  0
VERTEX
  5
DC
330
5F
100
AcDbEntity
  8
0
  6
Continuous
 62
    18
420
        0
370
    70
100
AcDbVertex
100
AcDb2dVertex
 10
33.00894031324687
 20
5.739263013699244
 30
0.0
  0
VERTEX
  5
DD
330
5F
100
AcDbEntity
  8
0
  6
Continuous
 62
    18
420
        0
370
    70
100
AcDbVertex
100
AcDb2dVertex
 10
33.25162641775092
 20
5.739263013699244
 30
0.0
  0
VERTEX
  5
DE
330
5F
100
AcDbEntity
  8
0
  6
Continuous
 62
    18
420
        0
370
    70
100
AcDbVertex
100
AcDb2dVertex
 10
33.25162641775092
 20
5.839474067952828
 30
0.0
  0
VERTEX
  5
DF
330
5F
100
AcDbEntity
  8
0
  6
Continuous
 62
    18
420
        0
370
    70
100
AcDbVertex
100
AcDb2dVertex
 10
28.82882339670385
 20
5.839517514220852
 30
0.0
  0
VERTEX
  5
E0
330
5F
100
AcDbEntity
  8
0
  6
Continuous
 62
    18
420
        0
370
    70
100
AcDbVertex
100
AcDb2dVertex
 10
28.82882339670385
 20
5.739263013699244
 30
0.0
  0
VERTEX
  5
E1
330
5F
100
AcDbEntity
  8
0
  6
Continuous
 62
    18
420
        0
370
    70
100
AcDbVertex
100
AcDb2dVertex
 10
32.90894031324687
 20
5.739263013699244
 30
0.0
  0
VERTEX
  5
E2
330
5F
100
AcDbEntity
  8
0
  6
Continuous
 62
    18
420
        0
370
    70
100
AcDbVertex
100
AcDb2dVertex
 10
32.90894031324687
 20
0.0211666666666659
 30
0.0
  0
VERTEX
  5
E3
330
5F
100
AcDbEntity
  8
0
  6
Continuous
 62
    18
420
        0
370
    70
100
AcDbVertex
100
AcDb2dVertex
 10
27.51913729219978
 20
0.0211666666666659
 30
0.0
  0
VERTEX
  5
E4
330
5F
100
AcDbEntity
  8
0
  6
Continuous
 62
    18
420
        0
370
    70
100
AcDbVertex
100
AcDb2dVertex
 10
27.5191372921998
 20
5.739263013699244
 30
0.0
  0
VERTEX
  5
E5
330
5F
100
AcDbEntity
  8
0
  6
Continuous
 62
    18
420
        0
370
    70
100
AcDbVertex
100
AcDb2dVertex
 10
27.76182339670383
 20
5.739263013699244
 30
0.0
  0
VERTEX
  5
E6
330
5F
100
AcDbEntity
  8
0
  6
Continuous
 62
    18
420
        0
370
    70
100
AcDbVertex
100
AcDb2dVertex
 10
27.76182339670387
 20
5.839527995620948
 30
0.0
  0
VERTEX
  5
E7
330
5F
100
AcDbEntity
  8
0
  6
Continuous
 62
    18
420
        0
370
    70
100
AcDbVertex
100
AcDb2dVertex
 10
23.36656119348811
 20
5.83957117134883
 30
0.0
  0
VERTEX
  5
E8
330
5F
100
AcDbEntity
  8
0
  6
Continuous
 62
    18
420
        0
370
    70
100
AcDbVertex
100
AcDb2dVertex
 10
23.36656119348811
 20
5.739263013699244
 30
0.0
  0
VERTEX
  5
E9
330
5F
100
AcDbEntity
  8
0
  6
Continuous
 62
    18
420
        0
370
    70
100
AcDbVertex
100
AcDb2dVertex
 10
27.41913729219978
 20
5.739263013699244
 30
0.0
  0
VERTEX
  5
EA
330
5F
100
AcDbEntity
  8
0
  6
Continuous
 62
    18
420
        0
370
    70
100
AcDbVertex
100
AcDb2dVertex
 10
27.41913729219978
 20
0.0211666666666659
 30
0.0
  0
VERTEX
  5
EB
330
5F
100
AcDbEntity
  8
0
  6
Continuous
 62
    18
420
        0
370
    70
100
AcDbVertex
100
AcDb2dVertex
 10
22.05687508898404
 20
0.0211666666666659
 30
0.0
  0
VERTEX
  5
EC
330
5F
100
AcDbEntity
  8
0
  6
Continuous
 62
    18
420
        0
370
    70
100
AcDbVertex
100
AcDb2dVertex
 10
22.05687508898405
 20
5.739263013699244
 30
0.0
  0
VERTEX
  5
ED
330
5F
100
AcDbEntity
  8
0
  6
Continuous
 62
    18
420
        0
370
    70
100
AcDbVertex
100
AcDb2dVertex
 10
22.29956119348807
 20
5.739263013699244
 30
0.0
  0
VERTEX
  5
EE
330
5F
100
AcDbEntity
  8
0
  6
Continuous
 62
    18
420
        0
370
    70
100
AcDbVertex
100
AcDb2dVertex
 10
22.2995611934881
 20
5.839581652748912
 30
0.0
  0
VERTEX
  5
EF
330
5F
100
AcDbEntity
  8
0
  6
Continuous
 62
    18
420
        0
370
    70
100
AcDbVertex
100
AcDb2dVertex
 10
17.88593844505144
 20
5.83962500883689
 30
0.0
  0
VERTEX
  5
F0
330
5F
100
AcDbEntity
  8
0
  6
Continuous
 62
    18
420
        0
370
    70
100
AcDbVertex
100
AcDb2dVertex
 10
17.88593844505145
 20
5.739263013699244
 30
0.0
  0
VERTEX
  5
F1
330
5F
100
AcDbEntity
  8
0
  6
Continuous
 62
    18
420
        0
370
    70
100
AcDbVertex
100
AcDb2dVertex
 10
21.95687508898403
 20
5.739263013699244
 30
0.0
  0
VERTEX
  5
F2
330
5F
100
AcDbEntity
  8
0
  6
Continuous
 62
    18
420
        0
370
    70
100
AcDbVertex
100
AcDb2dVertex
 10
21.95687508898403
 20
0.0211666666666659
 30
0.0
  0
VERTEX
  5
F3
330
5F
100
AcDbEntity
  8
0
  6
Continuous
 62
    18
420
        0
370
    70
100
AcDbVertex
100
AcDb2dVertex
 10
16.57625234054741
 20
0.0211666666666659
 30
0.0
  0
VERTEX
  5
F4
330
5F
100
AcDbEntity
  8
0
  6
Continuous
 62
    18
420
        0
370
    70
100
AcDbVertex
100
AcDb2dVertex
 10
16.57625234054741
 20
5.739263013699244
 30
0.0
  0
VERTEX
  5
F5
330
5F
100
AcDbEntity
  8
0
  6
Continuous
 62
    18
420
        0
370
    70
100
AcDbVertex
100
AcDb2dVertex
 10
16.81893844505148
 20
5.739263013699244
 30
0.0
  0
VERTEX
  5
F6
330
5F
100
AcDbEntity
  8
0
  6
Continuous
 62
    18
420
        0
370
    70
100
AcDbVertex
100
AcDb2dVertex
 10
16.81893844505149
 20
5.839635490236972
 30
0.0
  0
VERTEX
  5
F7
330
5F
100
AcDbEntity
  8
0
  6
Continuous
 62
    18
420
        0
370
    70
100
AcDbVertex
100
AcDb2dVertex
 10
16.47625234054743
 20
5.839638856525795
 30
0.0
  0
VERTEX
  5
F8
330
5F
100
AcDbEntity
  8
0
  6
Continuous
 62
    18
420
        0
370
    70
100
AcDbVertex
100
AcDb2dVertex
 10
16.47625234054743
 20
0.0211666666666659
 30
0.0
  0
VERTEX
  5
F9
330
5F
100
AcDbEntity
  8
0
  6
Continuous
 62
    18
420
        0
370
    70
100
AcDbVertex
100
AcDb2dVertex
 10
6.734924312696097
 20
0.0211666666666659
 30
0.0
  0
VERTEX
  5
FA
330
5F
100
AcDbEntity
  8
0
  6
Continuous
 62
    18
420
        0
370
    70
100
AcDbVertex
100
AcDb2dVertex
 10
6.736088628595854
 20
7.89946741507022
 30
0.0
  0
VERTEX
  5
FB
330
5F
100
AcDbEntity
  8
0
  6
Continuous
 62
    18
420
        0
370
    70
100
AcDbVertex
100
AcDb2dVertex
 10
12.52483445286153
 20
7.89946741507022
 30
0.0
  0
VERTEX
  5
FC
330
5F
100
AcDbEntity
  8
0
  6
Continuous
 62
    18
420
        0
370
    70
100
AcDbVertex
100
AcDb2dVertex
 10
12.52483445286153
 20
8.161313369036975
 30
0.0
  0
VERTEX
  5
FD
330
5F
100
AcDbEntity
  8
0
  6
Continuous
 62
    18
420
        0
370
    70
100
AcDbVertex
100
AcDb2dVertex
 10
12.42483445286154
 20
8.161313369036954
 30
0.0
  0
VERTEX
  5
FE
330
5F
100
AcDbEntity
  8
0
  6
Continuous
 62
    18
420
        0
370
    70
100
AcDbVertex
100
AcDb2dVertex
 10
12.42483445286154
 20
7.999467415070221
 30
0.0
  0
VERTEX
  5
FF
330
5F
100
AcDbEntity
  8
0
  6
Continuous
 62
    18
420
        0
370
    70
100
AcDbVertex
100
AcDb2dVertex
 10
6.735393111138381
 20
7.999467415070221
 30
0.0
  0
VERTEX
  5
100
330
5F
100
AcDbEntity
  8
0
  6
Continuous
 62
    18
420
        0
370
    70
100
AcDbVertex
100
AcDb2dVertex
 10
6.735848206568153
 20
10.62600838110933
 30
0.0
  0
VERTEX
  5
101
330
5F
100
AcDbEntity
  8
0
  6
Continuous
 62
    18
420
        0
370
    70
100
AcDbVertex
100
AcDb2dVertex
 10
12.42483445286154
 20
10.62600838037287
 30
0.0
  0
VERTEX
  5
102
330
5F
100
AcDbEntity
  8
0
  6
Continuous
 62
    18
420
        0
370
    70
100
AcDbVertex
100
AcDb2dVertex
 10
12.42483445286154
 20
9.228313369036961
 30
0.0
  0
VERTEX
  5
103
330
5F
100
AcDbEntity
  8
0
  6
Continuous
 62
    18
420
        0
370
    70
100
AcDbVertex
100
AcDb2dVertex
 10
12.52483445286153
 20
9.22831336903694
 30
0.0
  0
VERTEX
  5
104
330
5F
100
AcDbEntity
  8
0
  6
Continuous
 62
    18
420
        0
370
    70
100
AcDbVertex
100
AcDb2dVertex
 10
12.52483445286153
 20
10.88785433433962
 30
0.0
  0
VERTEX
  5
105
330
5F
100
AcDbEntity
  8
0
  6
Continuous
 62
    18
420
        0
370
    70
100
AcDbVertex
100
AcDb2dVertex
 10
12.42483445286154
 20
10.8878543343396
 30
0.0
  0
VERTEX
  5
106
330
5F
100
AcDbEntity
  8
0
  6
Continuous
 62
    18
420
        0
370
    70
100
AcDbVertex
100
AcDb2dVertex
 10
12.42483445286154
 20
10.72600838037287
 30
0.0
  0
VERTEX
  5
107
330
5F
100
AcDbEntity
  8
0
  6
Continuous
 62
    18
420
        0
370
    70
100
AcDbVertex
100
AcDb2dVertex
 10
6.735393111138381
 20
10.72600838037287
 30
0.0
  0
VERTEX
  5
108
330
5F
100
AcDbEntity
  8
0
  6
Continuous
 62
    18
420
        0
370
    70
100
AcDbVertex
100
AcDb2dVertex
 10
6.735848206568153
 20
13.35254934641198
 30
0.0
  0
VERTEX
  5
109
330
5F
100
AcDbEntity
  8
0
  6
Continuous
 62
    18
420
        0
370
    70
100
AcDbVertex
100
AcDb2dVertex
 10
12.42483445286154
 20
13.35254934567552
 30
0.0
  0
VERTEX
  5
10A
330
5F
100
AcDbEntity
  8
0
  6
Continuous
 62
    18
420
        0
370
    70
100
AcDbVertex
100
AcDb2dVertex
 10
12.42483445286154
 20
11.95485433433961
 30
0.0
  0
VERTEX
  5
10B
330
5F
100
AcDbEntity
  8
0
  6
Continuous
 62
    18
420
        0
370
    70
100
AcDbVertex
100
AcDb2dVertex
 10
12.52483445286153
 20
11.95485433433962
 30
0.0
  0
VERTEX
  5
10C
330
5F
100
AcDbEntity
  8
0
  6
Continuous
 62
    18
420
        0
370
    70
100
AcDbVertex
100
AcDb2dVertex
 10
12.52483445286153
 20
13.61439529964224
 30
0.0
  0
VERTEX
  5
10D
330
5F
100
AcDbEntity
  8
0
  6
Continuous
 62
    18
420
        0
370
    70
100
AcDbVertex
100
AcDb2dVertex
 10
12.42483445286154
 20
13.61439529964226
 30
0.0
  0
VERTEX
  5
10E
330
5F
100
AcDbEntity
  8
0
  6
Continuous
 62
    18
420
        0
370
    70
100
AcDbVertex
100
AcDb2dVertex
 10
12.42483445286154
 20
13.45254934567552
 30
0.0
  0
VERTEX
  5
10F
330
5F
100
AcDbEntity
  8
0
  6
Continuous
 62
    18
420
        0
370
    70
100
AcDbVertex
100
AcDb2dVertex
 10
6.735852497425998
 20
13.45254934567553
 30
0.0
  0
VERTEX
  5
110
330
5F
100
AcDbEntity
  8
0
  6
Continuous
 62
    18
420
        0
370
    70
100
AcDbVertex
100
AcDb2dVertex
 10
6.736311883713671
 20
16.07909031097818
 30
0.0
  0
VERTEX
  5
111
330
5F
100
AcDbEntity
  8
0
  6
Continuous
 62
    18
420
        0
370
    70
100
AcDbVertex
100
AcDb2dVertex
 10
12.42483445286154
 20
16.07909031097818
 30
0.0
  0
VERTEX
  5
112
330
5F
100
AcDbEntity
  8
0
  6
Continuous
 62
    18
420
        0
370
    70
100
AcDbVertex
100
AcDb2dVertex
 10
12.42483445286154
 20
14.68139529964226
 30
0.0
  0
VERTEX
  5
113
330
5F
100
AcDbEntity
  8
0
  6
Continuous
 62
    18
420
        0
370
    70
100
AcDbVertex
100
AcDb2dVertex
 10
12.52483445286153
 20
14.68139529964227
 30
0.0
  0
VERTEX
  5
114
330
5F
100
AcDbEntity
  8
0
  6
Continuous
 62
    18
420
        0
370
    70
100
AcDbVertex
100
AcDb2dVertex
 10
12.52483445286153
 20
16.34093626494492
 30
0.0
  0
VERTEX
  5
115
330
5F
100
AcDbEntity
  8
0
  6
Continuous
 62
    18
420
        0
370
    70
100
AcDbVertex
100
AcDb2dVertex
 10
12.42483445286154
 20
16.34093626494492
 30
0.0
  0
VERTEX
  5
116
330
5F
100
AcDbEntity
  8
0
  6
Continuous
 62
    18
420
        0
370
    70
100
AcDbVertex
100
AcDb2dVertex
 10
12.42483445286154
 20
16.17909031097817
 30
0.0
  0
VERTEX
  5
117
330
5F
100
AcDbEntity
  8
0
  6
Continuous
 62
    18
420
        0
370
    70
100
AcDbVertex
100
AcDb2dVertex
 10
6.735839621373959
 20
16.17909031097817
 30
0.0
  0
VERTEX
  5
118
330
5F
100
AcDbEntity
  8
0
  6
Continuous
 62
    18
420
        0
370
    70
100
AcDbVertex
100
AcDb2dVertex
 10
6.7361849767337
 20
18.82585922984923
 30
0.0
  0
VERTEX
  5
119
330
5F
100
AcDbEntity
  8
0
  6
Continuous
 62
    18
420
        0
370
    70
100
AcDbVertex
100
AcDb2dVertex
 10
12.42483445286154
 20
18.82585922943152
 30
0.0
  0
VERTEX
  5
11A
330
5F
100
AcDbEntity
  8
0
  6
Continuous
 62
    18
420
        0
370
    70
100
AcDbVertex
100
AcDb2dVertex
 10
12.42483445286154
 20
17.40793626494491
 30
0.0
  0
VERTEX
  5
11B
330
5F
100
AcDbEntity
  8
0
  6
Continuous
 62
    18
420
        0
370
    70
100
AcDbVertex
100
AcDb2dVertex
 10
12.52483445286153
 20
17.40793626494492
 30
0.0
  0
VERTEX
  5
11C
330
5F
100
AcDbEntity
  8
0
  6
Continuous
 62
    18
420
        0
370
    70
100
AcDbVertex
100
AcDb2dVertex
 10
12.52483445286153
 20
19.08770518339825
 30
0.0
  0
VERTEX
  5
11D
330
5F
100
AcDbEntity
  8
0
  6
Continuous
 62
    18
420
        0
370
    70
100
AcDbVertex
100
AcDb2dVertex
 10
12.42483445286154
 20
19.08770518339826
 30
0.0
  0
VERTEX
  5
11E
330
5F
100
AcDbEntity
  8
0
  6
Continuous
 62
    18
420
        0
370
    70
100
AcDbVertex
100
AcDb2dVertex
 10
12.42483445286154
 20
18.92585922943152
 30
0.0
  0
VERTEX
  5
11F
330
5F
100
AcDbEntity
  8
0
  6
Continuous
 62
    18
420
        0
370
    70
100
AcDbVertex
100
AcDb2dVertex
 10
6.736188208257164
 20
18.92585922943152
 30
0.0
  0
VERTEX
  5
120
330
5F
100
AcDbEntity
  8
0
  6
Continuous
 62
    18
420
        0
370
    70
100
AcDbVertex
100
AcDb2dVertex
 10
6.736536795140341
 20
21.57262814788488
 30
0.0
  0
VERTEX
  5
121
330
5F
100
AcDbEntity
  8
0
  6
Continuous
 62
    18
420
        0
370
    70
100
AcDbVertex
100
AcDb2dVertex
 10
12.42483445286154
 20
21.57262814788487
 30
0.0
  0
VERTEX
  5
122
330
5F
100
AcDbEntity
  8
0
  6
Continuous
 62
    18
420
        0
370
    70
100
AcDbVertex
100
AcDb2dVertex
 10
12.42483445286154
 20
20.15470518339825
 30
0.0
  0
VERTEX
  5
123
330
5F
100
AcDbEntity
  8
0
  6
Continuous
 62
    18
420
        0
370
    70
100
AcDbVertex
100
AcDb2dVertex
 10
12.52483445286153
 20
20.15470518339825
 30
0.0
  0
VERTEX
  5
124
330
5F
100
AcDbEntity
  8
0
  6
Continuous
 62
    18
420
        0
370
    70
100
AcDbVertex
100
AcDb2dVertex
 10
12.52483445286153
 20
21.83447410185161
 30
0.0
  0
VERTEX
  5
125
330
5F
100
AcDbEntity
  8
0
  6
Continuous
 62
    18
420
        0
370
    70
100
AcDbVertex
100
AcDb2dVertex
 10
12.42483445286154
 20
21.8344741018516
 30
0.0
  0
VERTEX
  5
126
330
5F
100
AcDbEntity
  8
0
  6
Continuous
 62
    18
420
        0
370
    70
100
AcDbVertex
100
AcDb2dVertex
 10
12.42483445286154
 20
21.67262814788487
 30
0.0
  0
VERTEX
  5
127
330
5F
100
AcDbEntity
  8
0
  6
Continuous
 62
    18
420
        0
370
    70
100
AcDbVertex
100
AcDb2dVertex
 10
6.736289444227327
 20
21.67262814788487
 30
0.0
  0
VERTEX
  5
128
330
5F
100
AcDbEntity
  8
0
  6
Continuous
 62
    18
420
        0
370
    70
100
AcDbVertex
100
AcDb2dVertex
 10
6.736534748085847
 20
24.64344309655548
 30
0.0
  0
VERTEX
  5
129
330
5F
100
AcDbEntity
  8
0
  6
Continuous
 62
    18
420
        0
370
    70
100
AcDbVertex
100
AcDb2dVertex
 10
12.42483445286154
 20
24.64344309638786
 30
0.0
  0
VERTEX
  5
12A
330
5F
100
AcDbEntity
  8
0
  6
Continuous
 62
    18
420
        0
370
    70
100
AcDbVertex
100
AcDb2dVertex
 10
12.42483445286154
 20
22.90147410185161
 30
0.0
  0
VERTEX
  5
12B
330
5F
100
AcDbEntity
  8
0
  6
Continuous
 62
    18
420
        0
370
    70
100
AcDbVertex
100
AcDb2dVertex
 10
12.52483445286153
 20
22.90147410185157
 30
0.0
  0
VERTEX
  5
12C
330
5F
100
AcDbEntity
  8
0
  6
Continuous
 62
    18
420
        0
370
    70
100
AcDbVertex
100
AcDb2dVertex
 10
12.52483445286153
 20
24.9052890503546
 30
0.0
  0
VERTEX
  5
12D
330
5F
100
AcDbEntity
  8
0
  6
Continuous
 62
    18
420
        0
370
    70
100
AcDbVertex
100
AcDb2dVertex
 10
12.42483445286438
 20
24.9052890503546
 30
0.0
  0
VERTEX
  5
12E
330
5F
100
AcDbEntity
  8
0
  6
Continuous
 62
    18
420
        0
370
    70
100
AcDbVertex
100
AcDb2dVertex
 10
12.42483445286449
 20
24.74344309638786
 30
0.0
  0
VERTEX
  5
12F
330
5F
100
AcDbEntity
  8
0
  6
Continuous
 62
    18
420
        0
370
    70
100
AcDbVertex
100
AcDb2dVertex
 10
6.736536795143269
 20
24.74344309638786
 30
0.0
  0
SEQEND
  5
130
330
5F
100
AcDbEntity
  8
0
  6
Continuous
 62
    18
420
        0
370
    70
  0
POLYLINE
  5
131
330
1F
100
AcDbEntity
  8
0
  6
Continuous
 62
    18
420
        0
370
    25
100
AcDb2dPolyline
 66
     1
 10
0.0
 20
0.0
 30
0.0
  0
VERTEX
  5
132
330
131
100
AcDbEntity
  8
0
  6
Continuous
 62
    18
420
        0
370
    25
100
AcDbVertex
100
AcDb2dVertex
 10
36.75587952452737
 20
19.19425470220841
 30
0.0
  0
VERTEX
  5
133
330
131
100
AcDbEntity
  8
0
  6
Continuous
 62
    18
420
        0
370
    25
100
AcDbVertex
100
AcDb2dVertex
 10
36.75587952452739
 20
19.09425470220841
 30
0.0
  0
SEQEND
  5
134
330
131
100
AcDbEntity
  8
0
  6
Continuous
 62
    18
420
        0
370
    25
  0
POLYLINE
  5
135
330
1F
100
AcDbEntity
  8
0
  6
Continuous
 62
    18
420
        0
370
    25
100
AcDb2dPolyline
 66
     1
 10
0.0
 20
0.0
 30
0.0
  0
VERTEX
  5
136
330
135
100
AcDbEntity
  8
0
  6
Continuous
 62
    18
420
        0
370
    25
100
AcDbVertex
100
AcDb2dVertex
 10
35.68887952452741
 20
19.19425470220841
 30
0.0
  0
VERTEX
  5
137
330
135
100
AcDbEntity
  8
0
  6
Continuous
 62
    18
420
        0
370
    25
100
AcDbVertex
100
AcDb2dVertex
 10
35.68887952452739
 20
19.09425470220841
 30
0.0
  0
SEQEND
  5
138
330
135
100
AcDbEntity
  8
0
  6
Continuous
 62
    18
420
        0
370
    25
  0
POLYLINE
  5
139
330
1F
100
AcDbEntity
  8
0
  6
Continuous
 62
    18
420
        0
370
    25
100
AcDb2dPolyline
 66
     1
 10
0.0
 20
0.0
 30
0.0
  0
VERTEX
  5
13A
330
139
100
AcDbEntity
  8
0
  6
Continuous
 62
    18
420
        0
370
    25
100
AcDbVertex
100
AcDb2dVertex
 10
36.75587952452737
 20
14.29737031969148
 30
0.0
  0
VERTEX
  5
13B
330
139
100
AcDbEntity
  8
0
  6
Continuous
 62
    18
420
        0
370
    25
100
AcDbVertex
100
AcDb2dVertex
 10
36.75587952452739
 20
14.1973703196915
 30
0.0
  0
SEQEND
  5
13C
330
139
100
AcDbEntity
  8
0
  6
Continuous
 62
    18
420
        0
370
    25
  0
POLYLINE
  5
13D
330
1F
100
AcDbEntity
  8
0
  6
Continuous
 62
    18
420
        0
370
    25
100
AcDb2dPolyline
 66
     1
 10
0.0
 20
0.0
 30
0.0
  0
VERTEX
  5
13E
330
13D
100
AcDbEntity
  8
0
  6
Continuous
 62
    18
420
        0
370
    25
100
AcDbVertex
100
AcDb2dVertex
 10
35.68887952452739
 20
14.29737031969148
 30
0.0
  0
VERTEX
  5
13F
330
13D
100
AcDbEntity
  8
0
  6
Continuous
 62
    18
420
        0
370
    25
100
AcDbVertex
100
AcDb2dVertex
 10
35.68887952452739
 20
14.19737031969149
 30
0.0
  0
SEQEND
  5
140
330
13D
100
AcDbEntity
  8
0
  6
Continuous
 62
    18
420
        0
370
    25
  0
POLYLINE
  5
141
330
1F
100
AcDbEntity
  8
0
  6
Continuous
 62
    18
420
        0
370
    25
100
AcDb2dPolyline
 66
     1
 10
0.0
 20
0.0
 30
0.0
  0
VERTEX
  5
142
330
141
100
AcDbEntity
  8
0
  6
Continuous
 62
    18
420
        0
370
    25
100
AcDbVertex
100
AcDb2dVertex
 10
43.08214786689109
 20
19.19425470220841
 30
0.0
  0
VERTEX
  5
143
330
141
100
AcDbEntity
  8
0
  6
Continuous
 62
    18
420
        0
370
    25
100
AcDbVertex
100
AcDb2dVertex
 10
43.08214786689107
 20
19.09422259734614
 30
0.0
  0
SEQEND
  5
144
330
141
100
AcDbEntity
  8
0
  6
Continuous
 62
    18
420
        0
370
    25
  0
POLYLINE
  5
145
330
1F
100
AcDbEntity
  8
0
  6
Continuous
 62
    18
420
        0
370
    25
100
AcDb2dPolyline
 66
     1
 10
0.0
 20
0.0
 30
0.0
  0
VERTEX
  5
146
330
145
100
AcDbEntity
  8
0
  6
Continuous
 62
    18
420
        0
370
    25
100
AcDbVertex
100
AcDb2dVertex
 10
44.14914786689108
 20
19.19425470220841
 30
0.0
  0
VERTEX
  5
147
330
145
100
AcDbEntity
  8
0
  6
Continuous
 62
    18
420
        0
370
    25
100
AcDbVertex
100
AcDb2dVertex
 10
44.14914786689106
 20
19.09424891271257
 30
0.0
  0
SEQEND
  5
148
330
145
100
AcDbEntity
  8
0
  6
Continuous
 62
    18
420
        0
370
    25
  0
POLYLINE
  5
149
330
1F
100
AcDbEntity
  8
0
  6
Continuous
 62
    18
420
        0
370
    25
100
AcDb2dPolyline
 66
     1
 10
0.0
 20
0.0
 30
0.0
  0
VERTEX
  5
14A
330
149
100
AcDbEntity
  8
0
  6
Continuous
 62
    18
420
        0
370
    25
100
AcDbVertex
100
AcDb2dVertex
 10
44.72381013834241
 20
19.19425470220841
 30
0.0
  0
VERTEX
  5
14B
330
149
100
AcDbEntity
  8
0
  6
Continuous
 62
    18
420
        0
370
    25
100
AcDbVertex
100
AcDb2dVertex
 10
44.72381013834243
 20
19.09425470220841
 30
0.0
  0
SEQEND
  5
14C
330
149
100
AcDbEntity
  8
0
  6
Continuous
 62
    18
420
        0
370
    25
  0
POLYLINE
  5
14D
330
1F
100
AcDbEntity
  8
0
  6
Continuous
 62
    18
420
        0
370
    25
100
AcDb2dPolyline
 66
     1
 10
0.0
 20
0.0
 30
0.0
  0
VERTEX
  5
14E
330
14D
100
AcDbEntity
  8
0
  6
Continuous
 62
    18
420
        0
370
    25
100
AcDbVertex
100
AcDb2dVertex
 10
45.79081013834241
 20
19.19425470220841
 30
0.0
  0
VERTEX
  5
14F
330
14D
100
AcDbEntity
  8
0
  6
Continuous
 62
    18
420
        0
370
    25
100
AcDbVertex
100
AcDb2dVertex
 10
45.79081013834242
 20
19.09425470220841
 30
0.0
  0
SEQEND
  5
150
330
14D
100
AcDbEntity
  8
0
  6
Continuous
 62
    18
420
        0
370
    25
  0
POLYLINE
  5
151
330
1F
100
AcDbEntity
  8
0
  6
Continuous
 62
    18
420
        0
370
    70
100
AcDb2dPolyline
 66
     1
 10
0.0
 20
0.0
 30
0.0
 70
     1
  0
VERTEX
  5
152
330
151
100
AcDbEntity
  8
0
  6
Continuous
 62
    18
420
        0
370
    70
100
AcDbVertex
100
AcDb2dVertex
 10
39.49741807034718
 20
7.900743988288593
 30
0.0
  0
VERTEX
  5
153
330
151
100
AcDbEntity
  8
0
  6
Continuous
 62
    18
420
        0
370
    70
100
AcDbVertex
100
AcDb2dVertex
 10
39.49741807034719
 20
8.100743988288595
 30
0.0
  0
VERTEX
  5
154
330
151
100
AcDbEntity
  8
0
  6
Continuous
 62
    18
420
        0
370
    70
100
AcDbVertex
100
AcDb2dVertex
 10
39.8433869084572
 20
8.100743988288595
 30
0.0
  0
VERTEX
  5
155
330
151
100
AcDbEntity
  8
0
  6
Continuous
 62
    18
420
        0
370
    70
100
AcDbVertex
100
AcDb2dVertex
 10
39.8433869084572
 20
11.37564332339658
 30
0.0
  0
VERTEX
  5
156
330
151
100
AcDbEntity
  8
0
  6
Continuous
 62
    18
420
        0
370
    70
100
AcDbVertex
100
AcDb2dVertex
 10
37.30598779638562
 20
11.37564332339658
 30
0.0
  0
VERTEX
  5
157
330
151
100
AcDbEntity
  8
0
  6
Continuous
 62
    18
420
        0
370
    70
100
AcDbVertex
100
AcDb2dVertex
 10
37.30598779638562
 20
8.100743988288595
 30
0.0
  0
VERTEX
  5
158
330
151
100
AcDbEntity
  8
0
  6
Continuous
 62
    18
420
        0
370
    70
100
AcDbVertex
100
AcDb2dVertex
 10
37.68741807034717
 20
8.100743988288595
 30
0.0
  0
VERTEX
  5
159
330
151
100
AcDbEntity
  8
0
  6
Continuous
 62
    18
420
        0
370
    70
100
AcDbVertex
100
AcDb2dVertex
 10
37.68741807034717
 20
7.900743988288593
 30
0.0
  0
VERTEX
  5
15A
330
151
100
AcDbEntity
  8
0
  6
Continuous
 62
    18
420
        0
370
    70
100
AcDbVertex
100
AcDb2dVertex
 10
33.42018109332572
 20
7.900743988288593
 30
0.0
  0
VERTEX
  5
15B
330
151
100
AcDbEntity
  8
0
  6
Continuous
 62
    18
420
        0
370
    70
100
AcDbVertex
100
AcDb2dVertex
 10
33.42018109332571
 20
8.000743988288598
 30
0.0
  0
VERTEX
  5
15C
330
151
100
AcDbEntity
  8
0
  6
Continuous
 62
    18
420
        0
370
    70
100
AcDbVertex
100
AcDb2dVertex
 10
37.10598779638563
 20
8.000743988288598
 30
0.0
  0
VERTEX
  5
15D
330
151
100
AcDbEntity
  8
0
  6
Continuous
 62
    18
420
        0
370
    70
100
AcDbVertex
100
AcDb2dVertex
 10
37.10598779638563
 20
11.47564332339658
 30
0.0
  0
VERTEX
  5
15E
330
151
100
AcDbEntity
  8
0
  6
Continuous
 62
    18
420
        0
370
    70
100
AcDbVertex
100
AcDb2dVertex
 10
23.43975936838075
 20
11.47564332339658
 30
0.0
  0
VERTEX
  5
15F
330
151
100
AcDbEntity
  8
0
  6
Continuous
 62
    18
420
        0
370
    70
100
AcDbVertex
100
AcDb2dVertex
 10
23.43975936838075
 20
8.000743988288587
 30
0.0
  0
VERTEX
  5
160
330
151
100
AcDbEntity
  8
0
  6
Continuous
 62
    18
420
        0
370
    70
100
AcDbVertex
100
AcDb2dVertex
 10
25.09622685985666
 20
8.000743988288587
 30
0.0
  0
VERTEX
  5
161
330
151
100
AcDbEntity
  8
0
  6
Continuous
 62
    18
420
        0
370
    70
100
AcDbVertex
100
AcDb2dVertex
 10
25.09622685985666
 20
7.900743988288596
 30
0.0
  0
VERTEX
  5
162
330
151
100
AcDbEntity
  8
0
  6
Continuous
 62
    18
420
        0
370
    70
100
AcDbVertex
100
AcDb2dVertex
 10
23.33975936838075
 20
7.900743988288596
 30
0.0
  0
VERTEX
  5
163
330
151
100
AcDbEntity
  8
0
  6
Continuous
 62
    18
420
        0
370
    70
100
AcDbVertex
100
AcDb2dVertex
 10
23.33975936838075
 20
11.57564332339658
 30
0.0
  0
VERTEX
  5
164
330
151
100
AcDbEntity
  8
0
  6
Continuous
 62
    18
420
        0
370
    70
100
AcDbVertex
100
AcDb2dVertex
 10
40.35881565129191
 20
11.57564332339658
 30
0.0
  0
VERTEX
  5
165
330
151
100
AcDbEntity
  8
0
  6
Continuous
 62
    18
420
        0
370
    70
100
AcDbVertex
100
AcDb2dVertex
 10
40.35881565129188
 20
11.47564332339658
 30
0.0
  0
VERTEX
  5
166
330
151
100
AcDbEntity
  8
0
  6
Continuous
 62
    18
420
        0
370
    70
100
AcDbVertex
100
AcDb2dVertex
 10
40.04338690845721
 20
11.47564332339658
 30
0.0
  0
VERTEX
  5
167
330
151
100
AcDbEntity
  8
0
  6
Continuous
 62
    18
420
        0
370
    70
100
AcDbVertex
100
AcDb2dVertex
 10
40.04338690845721
 20
8.000743988288587
 30
0.0
  0
VERTEX
  5
168
330
151
100
AcDbEntity
  8
0
  6
Continuous
 62
    18
420
        0
370
    70
100
AcDbVertex
100
AcDb2dVertex
 10
44.37751778682166
 20
8.000743988288587
 30
0.0
  0
VERTEX
  5
169
330
151
100
AcDbEntity
  8
0
  6
Continuous
 62
    18
420
        0
370
    70
100
AcDbVertex
100
AcDb2dVertex
 10
44.37751778682166
 20
11.47564332339658
 30
0.0
  0
VERTEX
  5
16A
330
151
100
AcDbEntity
  8
0
  6
Continuous
 62
    18
420
        0
370
    70
100
AcDbVertex
100
AcDb2dVertex
 10
41.42581565129187
 20
11.47564332339658
 30
0.0
  0
VERTEX
  5
16B
330
151
100
AcDbEntity
  8
0
  6
Continuous
 62
    18
420
        0
370
    70
100
AcDbVertex
100
AcDb2dVertex
 10
41.42581565129188
 20
11.57564332339659
 30
0.0
  0
VERTEX
  5
16C
330
151
100
AcDbEntity
  8
0
  6
Continuous
 62
    18
420
        0
370
    70
100
AcDbVertex
100
AcDb2dVertex
 10
44.77898422156241
 20
11.57564332339659
 30
0.0
  0
VERTEX
  5
16D
330
151
100
AcDbEntity
  8
0
  6
Continuous
 62
    18
420
        0
370
    70
100
AcDbVertex
100
AcDb2dVertex
 10
44.7789842215624
 20
11.47564332339658
 30
0.0
  0
VERTEX
  5
16E
330
151
100
AcDbEntity
  8
0
  6
Continuous
 62
    18
420
        0
370
    70
100
AcDbVertex
100
AcDb2dVertex
 10
44.47751778682165
 20
11.47564332339658
 30
0.0
  0
VERTEX
  5
16F
330
151
100
AcDbEntity
  8
0
  6
Continuous
 62
    18
420
        0
370
    70
100
AcDbVertex
100
AcDb2dVertex
 10
44.47751778682165
 20
8.000743988288587
 30
0.0
  0
VERTEX
  5
170
330
151
100
AcDbEntity
  8
0
  6
Continuous
 62
    18
420
        0
370
    70
100
AcDbVertex
100
AcDb2dVertex
 10
49.34069836926768
 20
8.000743988288587
 30
0.0
  0
VERTEX
  5
171
330
151
100
AcDbEntity
  8
0
  6
Continuous
 62
    18
420
        0
370
    70
100
AcDbVertex
100
AcDb2dVertex
 10
49.34069836926768
 20
11.47564332339658
 30
0.0
  0
VERTEX
  5
172
330
151
100
AcDbEntity
  8
0
  6
Continuous
 62
    18
420
        0
370
    70
100
AcDbVertex
100
AcDb2dVertex
 10
45.84598422156242
 20
11.47564332339658
 30
0.0
  0
VERTEX
  5
173
330
151
100
AcDbEntity
  8
0
  6
Continuous
 62
    18
420
        0
370
    70
100
AcDbVertex
100
AcDb2dVertex
 10
45.84598422156244
 20
11.57564332339659
 30
0.0
  0
VERTEX
  5
174
330
151
100
AcDbEntity
  8
0
  6
Continuous
 62
    18
420
        0
370
    70
100
AcDbVertex
100
AcDb2dVertex
 10
49.44069836926767
 20
11.57564332339659
 30
0.0
  0
VERTEX
  5
175
330
151
100
AcDbEntity
  8
0
  6
Continuous
 62
    18
420
        0
370
    70
100
AcDbVertex
100
AcDb2dVertex
 10
49.44069836926767
 20
7.900743988288593
 30
0.0
  0
SEQEND
  5
176
330
151
100
AcDbEntity
  8
0
  6
Continuous
 62
    18
420
        0
370
    70
  0
POLYLINE
  5
177
330
1F
100
AcDbEntity
  8
0
  6
Continuous
 62
    18
420
        0
370
    70
100
AcDb2dPolyline
 66
     1
 10
0.0
 20
0.0
 30
0.0
 70
     1
  0
VERTEX
  5
178
330
177
100
AcDbEntity
  8
0
  6
Continuous
 62
    18
420
        0
370
    70
100
AcDbVertex
100
AcDb2dVertex
 10
26.90622685985667
 20
8.000743988288598
 30
0.0
  0
VERTEX
  5
179
330
177
100
AcDbEntity
  8
0
  6
Continuous
 62
    18
420
        0
370
    70
100
AcDbVertex
100
AcDb2dVertex
 10
31.61018109332571
 20
8.000743988288598
 30
0.0
  0
VERTEX
  5
17A
330
177
100
AcDbEntity
  8
0
  6
Continuous
 62
    18
420
        0
370
    70
100
AcDbVertex
100
AcDb2dVertex
 10
31.61018109332571
 20
7.900743988288596
 30
0.0
  0
VERTEX
  5
17B
330
177
100
AcDbEntity
  8
0
  6
Continuous
 62
    18
420
        0
370
    70
100
AcDbVertex
100
AcDb2dVertex
 10
26.90622685985667
 20
7.900743988288596
 30
0.0
  0
SEQEND
  5
17C
330
177
100
AcDbEntity
  8
0
  6
Continuous
 62
    18
420
        0
370
    70
  0
POLYLINE
  5
17D
330
1F
100
AcDbEntity
  8
0
  6
Continuous
 62
    18
420
        0
370
    70
100
AcDb2dPolyline
 66
     1
 10
0.0
 20
0.0
 30
0.0
 70
     1
  0
VERTEX
  5
17E
330
17D
100
AcDbEntity
  8
0
  6
Continuous
 62
    18
420
        0
370
    70
100
AcDbVertex
100
AcDb2dVertex
 10
23.95954213406835
 20
19.19425470220841
 30
0.0
  0
VERTEX
  5
17F
330
17D
100
AcDbEntity
  8
0
  6
Continuous
 62
    18
420
        0
370
    70
100
AcDbVertex
100
AcDb2dVertex
 10
23.95954213406835
 20
19.09425470220841
 30
0.0
  0
VERTEX
  5
180
330
17D
100
AcDbEntity
  8
0
  6
Continuous
 62
    18
420
        0
370
    70
100
AcDbVertex
100
AcDb2dVertex
 10
23.43975936838075
 20
19.09425470220841
 30
0.0
  0
VERTEX
  5
181
330
17D
100
AcDbEntity
  8
0
  6
Continuous
 62
    18
420
        0
370
    70
100
AcDbVertex
100
AcDb2dVertex
 10
23.43975936838075
 20
14.29737031969149
 30
0.0
  0
VERTEX
  5
182
330
17D
100
AcDbEntity
  8
0
  6
Continuous
 62
    18
420
        0
370
    70
100
AcDbVertex
100
AcDb2dVertex
 10
31.65379259840127
 20
14.29737031969149
 30
0.0
  0
VERTEX
  5
183
330
17D
100
AcDbEntity
  8
0
  6
Continuous
 62
    18
420
        0
370
    70
100
AcDbVertex
100
AcDb2dVertex
 10
31.65379259840127
 20
19.09425470220841
 30
0.0
  0
VERTEX
  5
184
330
17D
100
AcDbEntity
  8
0
  6
Continuous
 62
    18
420
        0
370
    70
100
AcDbVertex
100
AcDb2dVertex
 10
30.17220880073506
 20
19.09425470220841
 30
0.0
  0
VERTEX
  5
185
330
17D
100
AcDbEntity
  8
0
  6
Continuous
 62
    18
420
        0
370
    70
100
AcDbVertex
100
AcDb2dVertex
 10
30.17220880073502
 20
19.19425470220841
 30
0.0
  0
VERTEX
  5
186
330
17D
100
AcDbEntity
  8
0
  6
Continuous
 62
    18
420
        0
370
    70
100
AcDbVertex
100
AcDb2dVertex
 10
33.08537952452741
 20
19.19425470220841
 30
0.0
  0
VERTEX
  5
187
330
17D
100
AcDbEntity
  8
0
  6
Continuous
 62
    18
420
        0
370
    70
100
AcDbVertex
100
AcDb2dVertex
 10
33.08537952452738
 20
19.09425470220841
 30
0.0
  0
VERTEX
  5
188
330
17D
100
AcDbEntity
  8
0
  6
Continuous
 62
    18
420
        0
370
    70
100
AcDbVertex
100
AcDb2dVertex
 10
31.75379259840126
 20
19.09425470220841
 30
0.0
  0
VERTEX
  5
189
330
17D
100
AcDbEntity
  8
0
  6
Continuous
 62
    18
420
        0
370
    70
100
AcDbVertex
100
AcDb2dVertex
 10
31.75379259840126
 20
14.29737031969149
 30
0.0
  0
VERTEX
  5
18A
330
17D
100
AcDbEntity
  8
0
  6
Continuous
 62
    18
420
        0
370
    70
100
AcDbVertex
100
AcDb2dVertex
 10
35.68887952452739
 20
14.29737031969148
 30
0.0
  0
VERTEX
  5
18B
330
17D
100
AcDbEntity
  8
0
  6
Continuous
 62
    18
420
        0
370
    70
100
AcDbVertex
100
AcDb2dVertex
 10
35.68887952452739
 20
14.19737031969149
 30
0.0
  0
VERTEX
  5
18C
330
17D
100
AcDbEntity
  8
0
  6
Continuous
 62
    18
420
        0
370
    70
100
AcDbVertex
100
AcDb2dVertex
 10
23.33975936838075
 20
14.1973703196915
 30
0.0
  0
VERTEX
  5
18D
330
17D
100
AcDbEntity
  8
0
  6
Continuous
 62
    18
420
        0
370
    70
100
AcDbVertex
100
AcDb2dVertex
 10
23.33975936838075
 20
19.19425470220841
 30
0.0
  0
SEQEND
  5
18E
330
17D
100
AcDbEntity
  8
0
  6
Continuous
 62
    18
420
        0
370
    70
  0
POLYLINE
  5
18F
330
1F
100
AcDbEntity
  8
0
  6
Continuous
 62
    18
420
        0
370
    70
100
AcDb2dPolyline
 66
     1
 10
0.0
 20
0.0
 30
0.0
 70
     1
  0
VERTEX
  5
190
330
18F
100
AcDbEntity
  8
0
  6
Continuous
 62
    18
420
        0
370
    70
100
AcDbVertex
100
AcDb2dVertex
 10
36.75587952452737
 20
19.19425470220841
 30
0.0
  0
VERTEX
  5
191
330
18F
100
AcDbEntity
  8
0
  6
Continuous
 62
    18
420
        0
370
    70
100
AcDbVertex
100
AcDb2dVertex
 10
37.20598779638563
 20
19.19425470220841
 30
0.0
  0
VERTEX
  5
192
330
18F
100
AcDbEntity
  8
0
  6
Continuous
 62
    18
420
        0
370
    70
100
AcDbVertex
100
AcDb2dVertex
 10
37.20598779638563
 20
14.1973703196915
 30
0.0
  0
VERTEX
  5
193
330
18F
100
AcDbEntity
  8
0
  6
Continuous
 62
    18
420
        0
370
    70
100
AcDbVertex
100
AcDb2dVertex
 10
36.75587952452739
 20
14.1973703196915
 30
0.0
  0
VERTEX
  5
194
330
18F
100
AcDbEntity
  8
0
  6
Continuous
 62
    18
420
        0
370
    70
100
AcDbVertex
100
AcDb2dVertex
 10
36.75587952452737
 20
14.29737031969148
 30
0.0
  0
VERTEX
  5
195
330
18F
100
AcDbEntity
  8
0
  6
Continuous
 62
    18
420
        0
370
    70
100
AcDbVertex
100
AcDb2dVertex
 10
37.10598779638563
 20
14.29737031969148
 30
0.0
  0
VERTEX
  5
196
330
18F
100
AcDbEntity
  8
0
  6
Continuous
 62
    18
420
        0
370
    70
100
AcDbVertex
100
AcDb2dVertex
 10
37.10598779638563
 20
19.09425470220841
 30
0.0
  0
VERTEX
  5
197
330
18F
100
AcDbEntity
  8
0
  6
Continuous
 62
    18
420
        0
370
    70
100
AcDbVertex
100
AcDb2dVertex
 10
36.75587952452739
 20
19.09425470220841
 30
0.0
  0
SEQEND
  5
198
330
18F
100
AcDbEntity
  8
0
  6
Continuous
 62
    18
420
        0
370
    70
  0
POLYLINE
  5
199
330
1F
100
AcDbEntity
  8
0
  6
Continuous
 62
    18
420
        0
370
    70
100
AcDb2dPolyline
 66
     1
 10
0.0
 20
0.0
 30
0.0
 70
     1
  0
VERTEX
  5
19A
330
199
100
AcDbEntity
  8
0
  6
Continuous
 62
    18
420
        0
370
    70
100
AcDbVertex
100
AcDb2dVertex
 10
43.08214786689109
 20
19.19425470220841
 30
0.0
  0
VERTEX
  5
19B
330
199
100
AcDbEntity
  8
0
  6
Continuous
 62
    18
420
        0
370
    70
100
AcDbVertex
100
AcDb2dVertex
 10
43.08214786689107
 20
19.09422259734614
 30
0.0
  0
VERTEX
  5
19C
330
199
100
AcDbEntity
  8
0
  6
Continuous
 62
    18
420
        0
370
    70
100
AcDbVertex
100
AcDb2dVertex
 10
40.04338690845721
 20
19.09414765254001
 30
0.0
  0
VERTEX
  5
19D
330
199
100
AcDbEntity
  8
0
  6
Continuous
 62
    18
420
        0
370
    70
100
AcDbVertex
100
AcDb2dVertex
 10
40.04338690845721
 20
14.29781600803775
 30
0.0
  0
VERTEX
  5
19E
330
199
100
AcDbEntity
  8
0
  6
Continuous
 62
    18
420
        0
370
    70
100
AcDbVertex
100
AcDb2dVertex
 10
43.07577305766685
 20
14.29781600803775
 30
0.0
  0
VERTEX
  5
19F
330
199
100
AcDbEntity
  8
0
  6
Continuous
 62
    18
420
        0
370
    70
100
AcDbVertex
100
AcDb2dVertex
 10
43.07577305766685
 20
14.19781600803775
 30
0.0
  0
VERTEX
  5
1A0
330
199
100
AcDbEntity
  8
0
  6
Continuous
 62
    18
420
        0
370
    70
100
AcDbVertex
100
AcDb2dVertex
 10
39.94338690845721
 20
14.19781600803774
 30
0.0
  0
VERTEX
  5
1A1
330
199
100
AcDbEntity
  8
0
  6
Continuous
 62
    18
420
        0
370
    70
100
AcDbVertex
100
AcDb2dVertex
 10
39.94338690845721
 20
19.19425470220841
 30
0.0
  0
SEQEND
  5
1A2
330
199
100
AcDbEntity
  8
0
  6
Continuous
 62
    18
420
        0
370
    70
  0
POLYLINE
  5
1A3
330
1F
100
AcDbEntity
  8
0
  6
Continuous
 62
    18
420
        0
370
    70
100
AcDb2dPolyline
 66
     1
 10
0.0
 20
0.0
 30
0.0
 70
     1
  0
VERTEX
  5
1A4
330
1A3
100
AcDbEntity
  8
0
  6
Continuous
 62
    18
420
        0
370
    70
100
AcDbVertex
100
AcDb2dVertex
 10
44.14914786689108
 20
19.19425470220841
 30
0.0
  0
VERTEX
  5
1A5
330
1A3
100
AcDbEntity
  8
0
  6
Continuous
 62
    18
420
        0
370
    70
100
AcDbVertex
100
AcDb2dVertex
 10
44.14914786689106
 20
19.09424891271257
 30
0.0
  0
VERTEX
  5
1A6
330
1A3
100
AcDbEntity
  8
0
  6
Continuous
 62
    18
420
        0
370
    70
100
AcDbVertex
100
AcDb2dVertex
 10
44.383892538809
 20
19.09425470220841
 30
0.0
  0
VERTEX
  5
1A7
330
1A3
100
AcDbEntity
  8
0
  6
Continuous
 62
    18
420
        0
370
    70
100
AcDbVertex
100
AcDb2dVertex
 10
44.37751772958477
 20
14.29781600803775
 30
0.0
  0
VERTEX
  5
1A8
330
1A3
100
AcDbEntity
  8
0
  6
Continuous
 62
    18
420
        0
370
    70
100
AcDbVertex
100
AcDb2dVertex
 10
44.14277305766687
 20
14.29781600803775
 30
0.0
  0
VERTEX
  5
1A9
330
1A3
100
AcDbEntity
  8
0
  6
Continuous
 62
    18
420
        0
370
    70
100
AcDbVertex
100
AcDb2dVertex
 10
44.14277305766687
 20
14.19781600803774
 30
0.0
  0
VERTEX
  5
1AA
330
1A3
100
AcDbEntity
  8
0
  6
Continuous
 62
    18
420
        0
370
    70
100
AcDbVertex
100
AcDb2dVertex
 10
49.44069836926767
 20
14.19781600803774
 30
0.0
  0
VERTEX
  5
1AB
330
1A3
100
AcDbEntity
  8
0
  6
Continuous
 62
    18
420
        0
370
    70
100
AcDbVertex
100
AcDb2dVertex
 10
49.44069836926767
 20
19.19425470220841
 30
0.0
  0
VERTEX
  5
1AC
330
1A3
100
AcDbEntity
  8
0
  6
Continuous
 62
    18
420
        0
370
    70
100
AcDbVertex
100
AcDb2dVertex
 10
45.79081013834241
 20
19.19425470220841
 30
0.0
  0
VERTEX
  5
1AD
330
1A3
100
AcDbEntity
  8
0
  6
Continuous
 62
    18
420
        0
370
    70
100
AcDbVertex
100
AcDb2dVertex
 10
45.79081013834242
 20
19.09425470220841
 30
0.0
  0
VERTEX
  5
1AE
330
1A3
100
AcDbEntity
  8
0
  6
Continuous
 62
    18
420
        0
370
    70
100
AcDbVertex
100
AcDb2dVertex
 10
49.34069836926768
 20
19.09425470220841
 30
0.0
  0
VERTEX
  5
1AF
330
1A3
100
AcDbEntity
  8
0
  6
Continuous
 62
    18
420
        0
370
    70
100
AcDbVertex
100
AcDb2dVertex
 10
49.34069836926768
 20
14.29781600803775
 30
0.0
  0
VERTEX
  5
1B0
330
1A3
100
AcDbEntity
  8
0
  6
Continuous
 62
    18
420
        0
370
    70
100
AcDbVertex
100
AcDb2dVertex
 10
44.47746426198744
 20
14.29781597938867
 30
0.0
  0
VERTEX
  5
1B1
330
1A3
100
AcDbEntity
  8
0
  6
Continuous
 62
    18
420
        0
370
    70
100
AcDbVertex
100
AcDb2dVertex
 10
44.48112403383838
 20
19.09425470220841
 30
0.0
  0
VERTEX
  5
1B2
330
1A3
100
AcDbEntity
  8
0
  6
Continuous
 62
    18
420
        0
370
    70
100
AcDbVertex
100
AcDb2dVertex
 10
44.72381013834243
 20
19.09425470220841
 30
0.0
  0
VERTEX
  5
1B3
330
1A3
100
AcDbEntity
  8
0
  6
Continuous
 62
    18
420
        0
370
    70
100
AcDbVertex
100
AcDb2dVertex
 10
44.72381013834241
 20
19.19425470220841
 30
0.0
  0
SEQEND
  5
1B4
330
1A3
100
AcDbEntity
  8
0
  6
Continuous
 62
    18
420
        0
370
    70
  0
POLYLINE
  5
1B5
330
1F
100
AcDbEntity
  8
0
  6
Continuous
 62
    18
420
        0
370
    70
100
AcDb2dPolyline
 66
     1
 10
0.0
 20
0.0
 30
0.0
 70
     1
  0
VERTEX
  5
1B6
330
1B5
100
AcDbEntity
  8
0
  6
Continuous
 62
    18
420
        0
370
    70
100
AcDbVertex
100
AcDb2dVertex
 10
51.82804087623163
 20
14.23745829048019
 30
0.0
  0
VERTEX
  5
1B7
330
1B5
100
AcDbEntity
  8
0
  6
Continuous
 62
    18
420
        0
370
    70
100
AcDbVertex
100
AcDb2dVertex
 10
51.82804087623163
 20
17.58421644165809
 30
0.0
  0
VERTEX
  5
1B8
330
1B5
100
AcDbEntity
  8
0
  6
Continuous
 62
    18
420
        0
370
    70
100
AcDbVertex
100
AcDb2dVertex
 10
56.18203172824275
 20
17.58421644165809
 30
0.0
  0
VERTEX
  5
1B9
330
1B5
100
AcDbEntity
  8
0
  6
Continuous
 62
    18
420
        0
370
    70
100
AcDbVertex
100
AcDb2dVertex
 10
56.18203172824275
 20
8.100743988288599
 30
0.0
  0
VERTEX
  5
1BA
330
1B5
100
AcDbEntity
  8
0
  6
Continuous
 62
    18
420
        0
370
    70
100
AcDbVertex
100
AcDb2dVertex
 10
51.82804087623163
 20
8.100743988288585
 30
0.0
  0
VERTEX
  5
1BB
330
1B5
100
AcDbEntity
  8
0
  6
Continuous
 62
    18
420
        0
370
    70
100
AcDbVertex
100
AcDb2dVertex
 10
51.82804087623163
 20
13.17045829048019
 30
0.0
  0
VERTEX
  5
1BC
330
1B5
100
AcDbEntity
  8
0
  6
Continuous
 62
    18
420
        0
370
    70
100
AcDbVertex
100
AcDb2dVertex
 10
51.62804087623164
 20
13.17045829048019
 30
0.0
  0
VERTEX
  5
1BD
330
1B5
100
AcDbEntity
  8
0
  6
Continuous
 62
    18
420
        0
370
    70
100
AcDbVertex
100
AcDb2dVertex
 10
51.62804087623164
 20
7.900743988288582
 30
0.0
  0
VERTEX
  5
1BE
330
1B5
100
AcDbEntity
  8
0
  6
Continuous
 62
    18
420
        0
370
    70
100
AcDbVertex
100
AcDb2dVertex
 10
56.38203172824274
 20
7.900743988288582
 30
0.0
  0
VERTEX
  5
1BF
330
1B5
100
AcDbEntity
  8
0
  6
Continuous
 62
    18
420
        0
370
    70
100
AcDbVertex
100
AcDb2dVertex
 10
56.38203172824274
 20
20.35270692034902
 30
0.0
  0
VERTEX
  5
1C0
330
1B5
100
AcDbEntity
  8
0
  6
Continuous
 62
    18
420
        0
370
    70
100
AcDbVertex
100
AcDb2dVertex
 10
51.62804087623164
 20
20.35270692034902
 30
0.0
  0
VERTEX
  5
1C1
330
1B5
100
AcDbEntity
  8
0
  6
Continuous
 62
    18
420
        0
370
    70
100
AcDbVertex
100
AcDb2dVertex
 10
51.62804087623164
 20
19.06453148176947
 30
0.0
  0
VERTEX
  5
1C2
330
1B5
100
AcDbEntity
  8
0
  6
Continuous
 62
    18
420
        0
370
    70
100
AcDbVertex
100
AcDb2dVertex
 10
51.72804087623162
 20
19.06453148176945
 30
0.0
  0
VERTEX
  5
1C3
330
1B5
100
AcDbEntity
  8
0
  6
Continuous
 62
    18
420
        0
370
    70
100
AcDbVertex
100
AcDb2dVertex
 10
51.72804087623162
 20
20.25270692034901
 30
0.0
  0
VERTEX
  5
1C4
330
1B5
100
AcDbEntity
  8
0
  6
Continuous
 62
    18
420
        0
370
    70
100
AcDbVertex
100
AcDb2dVertex
 10
56.28203172824275
 20
20.25270692034901
 30
0.0
  0
VERTEX
  5
1C5
330
1B5
100
AcDbEntity
  8
0
  6
Continuous
 62
    18
420
        0
370
    70
100
AcDbVertex
100
AcDb2dVertex
 10
56.28203172824275
 20
17.78421644165809
 30
0.0
  0
VERTEX
  5
1C6
330
1B5
100
AcDbEntity
  8
0
  6
Continuous
 62
    18
420
        0
370
    70
100
AcDbVertex
100
AcDb2dVertex
 10
51.72804087623162
 20
17.78421644165809
 30
0.0
  0
VERTEX
  5
1C7
330
1B5
100
AcDbEntity
  8
0
  6
Continuous
 62
    18
420
        0
370
    70
100
AcDbVertex
100
AcDb2dVertex
 10
51.72804087623162
 20
17.99753148176946
 30
0.0
  0
VERTEX
  5
1C8
330
1B5
100
AcDbEntity
  8
0
  6
Continuous
 62
    18
420
        0
370
    70
100
AcDbVertex
100
AcDb2dVertex
 10
51.62804087623164
 20
17.99753148176946
 30
0.0
  0
VERTEX
  5
1C9
330
1B5
100
AcDbEntity
  8
0
  6
Continuous
 62
    18
420
        0
370
    70
100
AcDbVertex
100
AcDb2dVertex
 10
51.62804087623164
 20
14.23745829048019
 30
0.0
  0
SEQEND
  5
1CA
330
1B5
100
AcDbEntity
  8
0
  6
Continuous
 62
    18
420
        0
370
    70
  0
POLYLINE
  5
1CB
330
1F
100
AcDbEntity
  8
0
  6
Continuous
 62
    18
420
        0
370
    70
100
AcDb2dPolyline
 66
     1
 10
0.0
 20
0.0
 30
0.0
 70
     1
  0
VERTEX
  5
1CC
330
1CB
100
AcDbEntity
  8
0
  6
Continuous
 62
    18
420
        0
370
    70
100
AcDbVertex
100
AcDb2dVertex
 10
19.59899643153251
 20
14.23745829048019
 30
0.0
  0
VERTEX
  5
1CD
330
1CB
100
AcDbEntity
  8
0
  6
Continuous
 62
    18
420
        0
370
    70
100
AcDbVertex
100
AcDb2dVertex
 10
19.59899643153251
 20
17.58421644165809
 30
0.0
  0
VERTEX
  5
1CE
330
1CB
100
AcDbEntity
  8
0
  6
Continuous
 62
    18
420
        0
370
    70
100
AcDbVertex
100
AcDb2dVertex
 10
15.24500557952139
 20
17.58421644165809
 30
0.0
  0
VERTEX
  5
1CF
330
1CB
100
AcDbEntity
  8
0
  6
Continuous
 62
    18
420
        0
370
    70
100
AcDbVertex
100
AcDb2dVertex
 10
15.24500557952139
 20
8.100743988288599
 30
0.0
  0
VERTEX
  5
1D0
330
1CB
100
AcDbEntity
  8
0
  6
Continuous
 62
    18
420
        0
370
    70
100
AcDbVertex
100
AcDb2dVertex
 10
19.59899643153251
 20
8.100743988288585
 30
0.0
  0
VERTEX
  5
1D1
330
1CB
100
AcDbEntity
  8
0
  6
Continuous
 62
    18
420
        0
370
    70
100
AcDbVertex
100
AcDb2dVertex
 10
19.59899643153251
 20
13.17045829048019
 30
0.0
  0
VERTEX
  5
1D2
330
1CB
100
AcDbEntity
  8
0
  6
Continuous
 62
    18
420
        0
370
    70
100
AcDbVertex
100
AcDb2dVertex
 10
19.7989964315325
 20
13.17045829048019
 30
0.0
  0
VERTEX
  5
1D3
330
1CB
100
AcDbEntity
  8
0
  6
Continuous
 62
    18
420
        0
370
    70
100
AcDbVertex
100
AcDb2dVertex
 10
19.7989964315325
 20
7.900743988288582
 30
0.0
  0
VERTEX
  5
1D4
330
1CB
100
AcDbEntity
  8
0
  6
Continuous
 62
    18
420
        0
370
    70
100
AcDbVertex
100
AcDb2dVertex
 10
15.0450055795214
 20
7.900743988288582
 30
0.0
  0
VERTEX
  5
1D5
330
1CB
100
AcDbEntity
  8
0
  6
Continuous
 62
    18
420
        0
370
    70
100
AcDbVertex
100
AcDb2dVertex
 10
15.0450055795214
 20
20.35270692034902
 30
0.0
  0
VERTEX
  5
1D6
330
1CB
100
AcDbEntity
  8
0
  6
Continuous
 62
    18
420
        0
370
    70
100
AcDbVertex
100
AcDb2dVertex
 10
19.7989964315325
 20
20.35270692034902
 30
0.0
  0
VERTEX
  5
1D7
330
1CB
100
AcDbEntity
  8
0
  6
Continuous
 62
    18
420
        0
370
    70
100
AcDbVertex
100
AcDb2dVertex
 10
19.7989964315325
 20
19.06453148176947
 30
0.0
  0
VERTEX
  5
1D8
330
1CB
100
AcDbEntity
  8
0
  6
Continuous
 62
    18
420
        0
370
    70
100
AcDbVertex
100
AcDb2dVertex
 10
19.69899643153251
 20
19.06453148176945
 30
0.0
  0
VERTEX
  5
1D9
330
1CB
100
AcDbEntity
  8
0
  6
Continuous
 62
    18
420
        0
370
    70
100
AcDbVertex
100
AcDb2dVertex
 10
19.69899643153251
 20
20.25270692034901
 30
0.0
  0
VERTEX
  5
1DA
330
1CB
100
AcDbEntity
  8
0
  6
Continuous
 62
    18
420
        0
370
    70
100
AcDbVertex
100
AcDb2dVertex
 10
15.14500557952139
 20
20.25270692034901
 30
0.0
  0
VERTEX
  5
1DB
330
1CB
100
AcDbEntity
  8
0
  6
Continuous
 62
    18
420
        0
370
    70
100
AcDbVertex
100
AcDb2dVertex
 10
15.14500557952139
 20
17.78421644165809
 30
0.0
  0
VERTEX
  5
1DC
330
1CB
100
AcDbEntity
  8
0
  6
Continuous
 62
    18
420
        0
370
    70
100
AcDbVertex
100
AcDb2dVertex
 10
19.69899643153251
 20
17.78421644165809
 30
0.0
  0
VERTEX
  5
1DD
330
1CB
100
AcDbEntity
  8
0
  6
Continuous
 62
    18
420
        0
370
    70
100
AcDbVertex
100
AcDb2dVertex
 10
19.69899643153251
 20
17.99753148176946
 30
0.0
  0
VERTEX
  5
1DE
330
1CB
100
AcDbEntity
  8
0
  6
Continuous
 62
    18
420
        0
370
    70
100
AcDbVertex
100
AcDb2dVertex
 10
19.7989964315325
 20
17.99753148176946
 30
0.0
  0
VERTEX
  5
1DF
330
1CB
100
AcDbEntity
  8
0
  6
Continuous
 62
    18
420
        0
370
    70
100
AcDbVertex
100
AcDb2dVertex
 10
19.7989964315325
 20
14.23745829048019
 30
0.0
  0
SEQEND
  5
1E0
330
1CB
100
AcDbEntity
  8
0
  6
Continuous
 62
    18
420
        0
370
    70
  0
POLYLINE
  5
1E1
330
1F
100
AcDbEntity
  8
0
  6
Continuous
 62
    18
420
        0
370
    25
100
AcDb2dPolyline
 66
     1
 10
0.0
 20
0.0
 30
0.0
 70
     1
  0
VERTEX
  5
1E2
330
1E1
100
AcDbEntity
  8
0
  6
Continuous
 62
    18
420
        0
370
    25
100
AcDbVertex
100
AcDb2dVertex
 10
47.64552898047783
 20
4.369332059402687
 30
0.0
  0
VERTEX
  5
1E3
330
1E1
100
AcDbEntity
  8
0
  6
Continuous
 62
    18
420
        0
370
    25
100
AcDbVertex
100
AcDb2dVertex
 10
48.24552898047782
 20
4.369332059402687
 30
0.0
  0
VERTEX
  5
1E4
330
1E1
100
AcDbEntity
  8
0
  6
Continuous
 62
    18
420
        0
370
    25
100
AcDbVertex
100
AcDb2dVertex
 10
48.24552898047782
 20
4.969332059402696
 30
0.0
  0
VERTEX
  5
1E5
330
1E1
100
AcDbEntity
  8
0
  6
Continuous
 62
    18
420
        0
370
    25
100
AcDbVertex
100
AcDb2dVertex
 10
47.64552898047783
 20
4.969332059402696
 30
0.0
  0
SEQEND
  5
1E6
330
1E1
100
AcDbEntity
  8
0
  6
Continuous
 62
    18
420
        0
370
    25
  0
POLYLINE
  5
1E7
330
1F
100
AcDbEntity
  8
0
  6
Continuous
 62
    18
420
        0
370
    25
100
AcDb2dPolyline
 66
     1
 10
0.0
 20
0.0
 30
0.0
 70
     1
  0
VERTEX
  5
1E8
330
1E7
100
AcDbEntity
  8
0
  6
Continuous
 62
    18
420
        0
370
    25
100
AcDbVertex
100
AcDb2dVertex
 10
47.64552898047783
 20
2.51593488704075
 30
0.0
  0
VERTEX
  5
1E9
330
1E7
100
AcDbEntity
  8
0
  6
Continuous
 62
    18
420
        0
370
    25
100
AcDbVertex
100
AcDb2dVertex
 10
48.24552898047782
 20
2.51593488704075
 30
0.0
  0
VERTEX
  5
1EA
330
1E7
100
AcDbEntity
  8
0
  6
Continuous
 62
    18
420
        0
370
    25
100
AcDbVertex
100
AcDb2dVertex
 10
48.24552898047782
 20
3.115934887040744
 30
0.0
  0
VERTEX
  5
1EB
330
1E7
100
AcDbEntity
  8
0
  6
Continuous
 62
    18
420
        0
370
    25
100
AcDbVertex
100
AcDb2dVertex
 10
47.64552898047783
 20
3.115934887040744
 30
0.0
  0
SEQEND
  5
1EC
330
1E7
100
AcDbEntity
  8
0
  6
Continuous
 62
    18
420
        0
370
    25
  0
POLYLINE
  5
1ED
330
1F
100
AcDbEntity
  8
0
  6
Continuous
 62
    18
420
        0
370
    25
100
AcDb2dPolyline
 66
     1
 10
0.0
 20
0.0
 30
0.0
 70
     1
  0
VERTEX
  5
1EE
330
1ED
100
AcDbEntity
  8
0
  6
Continuous
 62
    18
420
        0
370
    25
100
AcDbVertex
100
AcDb2dVertex
 10
47.64552898047783
 20
0.6625377146787983
 30
0.0
  0
VERTEX
  5
1EF
330
1ED
100
AcDbEntity
  8
0
  6
Continuous
 62
    18
420
        0
370
    25
100
AcDbVertex
100
AcDb2dVertex
 10
48.24552898047782
 20
0.6625377146787983
 30
0.0
  0
VERTEX
  5
1F0
330
1ED
100
AcDbEntity
  8
0
  6
Continuous
 62
    18
420
        0
370
    25
100
AcDbVertex
100
AcDb2dVertex
 10
48.24552898047782
 20
1.262537714678807
 30
0.0
  0
VERTEX
  5
1F1
330
1ED
100
AcDbEntity
  8
0
  6
Continuous
 62
    18
420
        0
370
    25
100
AcDbVertex
100
AcDb2dVertex
 10
47.64552898047783
 20
1.262537714678807
 30
0.0
  0
SEQEND
  5
1F2
330
1ED
100
AcDbEntity
  8
0
  6
Continuous
 62
    18
420
        0
370
    25
  0
POLYLINE
  5
1F3
330
1F
100
AcDbEntity
  8
0
  6
Continuous
 62
    18
420
        0
370
    25
100
AcDb2dPolyline
 66
     1
 10
0.0
 20
0.0
 30
0.0
 70
     1
  0
VERTEX
  5
1F4
330
1F3
100
AcDbEntity
  8
0
  6
Continuous
 62
    18
420
        0
370
    25
100
AcDbVertex
100
AcDb2dVertex
 10
45.04916771707029
 20
1.043537714678799
 30
0.0
  0
VERTEX
  5
1F5
330
1F3
100
AcDbEntity
  8
0
  6
Continuous
 62
    18
420
        0
370
    25
100
AcDbVertex
100
AcDb2dVertex
 10
45.64916771707029
 20
1.043537714678799
 30
0.0
  0
VERTEX
  5
1F6
330
1F3
100
AcDbEntity
  8
0
  6
Continuous
 62
    18
420
        0
370
    25
100
AcDbVertex
100
AcDb2dVertex
 10
45.64916771707029
 20
1.643537714678807
 30
0.0
  0
VERTEX
  5
1F7
330
1F3
100
AcDbEntity
  8
0
  6
Continuous
 62
    18
420
        0
370
    25
100
AcDbVertex
100
AcDb2dVertex
 10
45.04916771707029
 20
1.643537714678807
 30
0.0
  0
SEQEND
  5
1F8
330
1F3
100
AcDbEntity
  8
0
  6
Continuous
 62
    18
420
        0
370
    25
  0
POLYLINE
  5
1F9
330
1F
100
AcDbEntity
  8
0
  6
Continuous
 62
    18
420
        0
370
    25
100
AcDb2dPolyline
 66
     1
 10
0.0
 20
0.0
 30
0.0
 70
     1
  0
VERTEX
  5
1FA
330
1F9
100
AcDbEntity
  8
0
  6
Continuous
 62
    18
420
        0
370
    25
100
AcDbVertex
100
AcDb2dVertex
 10
45.04916771707029
 20
2.89693488704075
 30
0.0
  0
VERTEX
  5
1FB
330
1F9
100
AcDbEntity
  8
0
  6
Continuous
 62
    18
420
        0
370
    25
100
AcDbVertex
100
AcDb2dVertex
 10
45.64916771707029
 20
2.89693488704075
 30
0.0
  0
VERTEX
  5
1FC
330
1F9
100
AcDbEntity
  8
0
  6
Continuous
 62
    18
420
        0
370
    25
100
AcDbVertex
100
AcDb2dVertex
 10
45.64916771707029
 20
3.496934887040744
 30
0.0
  0
VERTEX
  5
1FD
330
1F9
100
AcDbEntity
  8
0
  6
Continuous
 62
    18
420
        0
370
    25
100
AcDbVertex
100
AcDb2dVertex
 10
45.04916771707029
 20
3.496934887040744
 30
0.0
  0
SEQEND
  5
1FE
330
1F9
100
AcDbEntity
  8
0
  6
Continuous
 62
    18
420
        0
370
    25
  0
POLYLINE
  5
1FF
330
1F
100
AcDbEntity
  8
0
  6
Continuous
 62
    18
420
        0
370
    25
100
AcDb2dPolyline
 66
     1
 10
0.0
 20
0.0
 30
0.0
 70
     1
  0
VERTEX
  5
200
330
1FF
100
AcDbEntity
  8
0
  6
Continuous
 62
    18
420
        0
370
    25
100
AcDbVertex
100
AcDb2dVertex
 10
42.16336231381118
 20
4.369332059402687
 30
0.0
  0
VERTEX
  5
201
330
1FF
100
AcDbEntity
  8
0
  6
Continuous
 62
    18
420
        0
370
    25
100
AcDbVertex
100
AcDb2dVertex
 10
42.76336231381116
 20
4.369332059402687
 30
0.0
  0
VERTEX
  5
202
330
1FF
100
AcDbEntity
  8
0
  6
Continuous
 62
    18
420
        0
370
    25
100
AcDbVertex
100
AcDb2dVertex
 10
42.76336231381116
 20
4.969332059402696
 30
0.0
  0
VERTEX
  5
203
330
1FF
100
AcDbEntity
  8
0
  6
Continuous
 62
    18
420
        0
370
    25
100
AcDbVertex
100
AcDb2dVertex
 10
42.16336231381118
 20
4.969332059402696
 30
0.0
  0
SEQEND
  5
204
330
1FF
100
AcDbEntity
  8
0
  6
Continuous
 62
    18
420
        0
370
    25
  0
POLYLINE
  5
205
330
1F
100
AcDbEntity
  8
0
  6
Continuous
 62
    18
420
        0
370
    25
100
AcDb2dPolyline
 66
     1
 10
0.0
 20
0.0
 30
0.0
 70
     1
  0
VERTEX
  5
206
330
205
100
AcDbEntity
  8
0
  6
Continuous
 62
    18
420
        0
370
    25
100
AcDbVertex
100
AcDb2dVertex
 10
42.16336231381118
 20
2.51593488704075
 30
0.0
  0
VERTEX
  5
207
330
205
100
AcDbEntity
  8
0
  6
Continuous
 62
    18
420
        0
370
    25
100
AcDbVertex
100
AcDb2dVertex
 10
42.76336231381116
 20
2.51593488704075
 30
0.0
  0
VERTEX
  5
208
330
205
100
AcDbEntity
  8
0
  6
Continuous
 62
    18
420
        0
370
    25
100
AcDbVertex
100
AcDb2dVertex
 10
42.76336231381116
 20
3.115934887040744
 30
0.0
  0
VERTEX
  5
209
330
205
100
AcDbEntity
  8
0
  6
Continuous
 62
    18
420
        0
370
    25
100
AcDbVertex
100
AcDb2dVertex
 10
42.16336231381118
 20
3.115934887040744
 30
0.0
  0
SEQEND
  5
20A
330
205
100
AcDbEntity
  8
0
  6
Continuous
 62
    18
420
        0
370
    25
  0
POLYLINE
  5
20B
330
1F
100
AcDbEntity
  8
0
  6
Continuous
 62
    18
420
        0
370
    25
100
AcDb2dPolyline
 66
     1
 10
0.0
 20
0.0
 30
0.0
 70
     1
  0
VERTEX
  5
20C
330
20B
100
AcDbEntity
  8
0
  6
Continuous
 62
    18
420
        0
370
    25
100
AcDbVertex
100
AcDb2dVertex
 10
42.16336231381118
 20
0.6625377146787983
 30
0.0
  0
VERTEX
  5
20D
330
20B
100
AcDbEntity
  8
0
  6
Continuous
 62
    18
420
        0
370
    25
100
AcDbVertex
100
AcDb2dVertex
 10
42.76336231381116
 20
0.6625377146787983
 30
0.0
  0
VERTEX
  5
20E
330
20B
100
AcDbEntity
  8
0
  6
Continuous
 62
    18
420
        0
370
    25
100
AcDbVertex
100
AcDb2dVertex
 10
42.76336231381116
 20
1.262537714678807
 30
0.0
  0
VERTEX
  5
20F
330
20B
100
AcDbEntity
  8
0
  6
Continuous
 62
    18
420
        0
370
    25
100
AcDbVertex
100
AcDb2dVertex
 10
42.16336231381118
 20
1.262537714678807
 30
0.0
  0
SEQEND
  5
210
330
20B
100
AcDbEntity
  8
0
  6
Continuous
 62
    18
420
        0
370
    25
  0
POLYLINE
  5
211
330
1F
100
AcDbEntity
  8
0
  6
Continuous
 62
    18
420
        0
370
    25
100
AcDb2dPolyline
 66
     1
 10
0.0
 20
0.0
 30
0.0
 70
     1
  0
VERTEX
  5
212
330
211
100
AcDbEntity
  8
0
  6
Continuous
 62
    18
420
        0
370
    25
100
AcDbVertex
100
AcDb2dVertex
 10
39.56700105040363
 20
1.043537714678799
 30
0.0
  0
VERTEX
  5
213
330
211
100
AcDbEntity
  8
0
  6
Continuous
 62
    18
420
        0
370
    25
100
AcDbVertex
100
AcDb2dVertex
 10
40.16700105040362
 20
1.043537714678799
 30
0.0
  0
VERTEX
  5
214
330
211
100
AcDbEntity
  8
0
  6
Continuous
 62
    18
420
        0
370
    25
100
AcDbVertex
100
AcDb2dVertex
 10
40.16700105040362
 20
1.643537714678807
 30
0.0
  0
VERTEX
  5
215
330
211
100
AcDbEntity
  8
0
  6
Continuous
 62
    18
420
        0
370
    25
100
AcDbVertex
100
AcDb2dVertex
 10
39.56700105040363
 20
1.643537714678807
 30
0.0
  0
SEQEND
  5
216
330
211
100
AcDbEntity
  8
0
  6
Continuous
 62
    18
420
        0
370
    25
  0
POLYLINE
  5
217
330
1F
100
AcDbEntity
  8
0
  6
Continuous
 62
    18
420
        0
370
    25
100
AcDb2dPolyline
 66
     1
 10
0.0
 20
0.0
 30
0.0
 70
     1
  0
VERTEX
  5
218
330
217
100
AcDbEntity
  8
0
  6
Continuous
 62
    18
420
        0
370
    25
100
AcDbVertex
100
AcDb2dVertex
 10
39.56700105040363
 20
2.89693488704075
 30
0.0
  0
VERTEX
  5
219
330
217
100
AcDbEntity
  8
0
  6
Continuous
 62
    18
420
        0
370
    25
100
AcDbVertex
100
AcDb2dVertex
 10
40.16700105040362
 20
2.89693488704075
 30
0.0
  0
VERTEX
  5
21A
330
217
100
AcDbEntity
  8
0
  6
Continuous
 62
    18
420
        0
370
    25
100
AcDbVertex
100
AcDb2dVertex
 10
40.16700105040362
 20
3.496934887040744
 30
0.0
  0
VERTEX
  5
21B
330
217
100
AcDbEntity
  8
0
  6
Continuous
 62
    18
420
        0
370
    25
100
AcDbVertex
100
AcDb2dVertex
 10
39.56700105040363
 20
3.496934887040744
 30
0.0
  0
SEQEND
  5
21C
330
217
100
AcDbEntity
  8
0
  6
Continuous
 62
    18
420
        0
370
    25
  0
POLYLINE
  5
21D
330
1F
100
AcDbEntity
  8
0
  6
Continuous
 62
    18
420
        0
370
    25
100
AcDb2dPolyline
 66
     1
 10
0.0
 20
0.0
 30
0.0
 70
     1
  0
VERTEX
  5
21E
330
21D
100
AcDbEntity
  8
0
  6
Continuous
 62
    18
420
        0
370
    25
100
AcDbVertex
100
AcDb2dVertex
 10
36.70236231381117
 20
4.369332059402687
 30
0.0
  0
VERTEX
  5
21F
330
21D
100
AcDbEntity
  8
0
  6
Continuous
 62
    18
420
        0
370
    25
100
AcDbVertex
100
AcDb2dVertex
 10
37.30236231381117
 20
4.369332059402687
 30
0.0
  0
VERTEX
  5
220
330
21D
100
AcDbEntity
  8
0
  6
Continuous
 62
    18
420
        0
370
    25
100
AcDbVertex
100
AcDb2dVertex
 10
37.30236231381117
 20
4.969332059402696
 30
0.0
  0
VERTEX
  5
221
330
21D
100
AcDbEntity
  8
0
  6
Continuous
 62
    18
420
        0
370
    25
100
AcDbVertex
100
AcDb2dVertex
 10
36.70236231381117
 20
4.969332059402696
 30
0.0
  0
SEQEND
  5
222
330
21D
100
AcDbEntity
  8
0
  6
Continuous
 62
    18
420
        0
370
    25
  0
POLYLINE
  5
223
330
1F
100
AcDbEntity
  8
0
  6
Continuous
 62
    18
420
        0
370
    25
100
AcDb2dPolyline
 66
     1
 10
0.0
 20
0.0
 30
0.0
 70
     1
  0
VERTEX
  5
224
330
223
100
AcDbEntity
  8
0
  6
Continuous
 62
    18
420
        0
370
    25
100
AcDbVertex
100
AcDb2dVertex
 10
36.70236231381117
 20
2.51593488704075
 30
0.0
  0
VERTEX
  5
225
330
223
100
AcDbEntity
  8
0
  6
Continuous
 62
    18
420
        0
370
    25
100
AcDbVertex
100
AcDb2dVertex
 10
37.30236231381117
 20
2.51593488704075
 30
0.0
  0
VERTEX
  5
226
330
223
100
AcDbEntity
  8
0
  6
Continuous
 62
    18
420
        0
370
    25
100
AcDbVertex
100
AcDb2dVertex
 10
37.30236231381117
 20
3.115934887040744
 30
0.0
  0
VERTEX
  5
227
330
223
100
AcDbEntity
  8
0
  6
Continuous
 62
    18
420
        0
370
    25
100
AcDbVertex
100
AcDb2dVertex
 10
36.70236231381117
 20
3.115934887040744
 30
0.0
  0
SEQEND
  5
228
330
223
100
AcDbEntity
  8
0
  6
Continuous
 62
    18
420
        0
370
    25
  0
POLYLINE
  5
229
330
1F
100
AcDbEntity
  8
0
  6
Continuous
 62
    18
420
        0
370
    25
100
AcDb2dPolyline
 66
     1
 10
0.0
 20
0.0
 30
0.0
 70
     1
  0
VERTEX
  5
22A
330
229
100
AcDbEntity
  8
0
  6
Continuous
 62
    18
420
        0
370
    25
100
AcDbVertex
100
AcDb2dVertex
 10
36.70236231381117
 20
0.6625377146787983
 30
0.0
  0
VERTEX
  5
22B
330
229
100
AcDbEntity
  8
0
  6
Continuous
 62
    18
420
        0
370
    25
100
AcDbVertex
100
AcDb2dVertex
 10
37.30236231381117
 20
0.6625377146787983
 30
0.0
  0
VERTEX
  5
22C
330
229
100
AcDbEntity
  8
0
  6
Continuous
 62
    18
420
        0
370
    25
100
AcDbVertex
100
AcDb2dVertex
 10
37.30236231381117
 20
1.262537714678807
 30
0.0
  0
VERTEX
  5
22D
330
229
100
AcDbEntity
  8
0
  6
Continuous
 62
    18
420
        0
370
    25
100
AcDbVertex
100
AcDb2dVertex
 10
36.70236231381117
 20
1.262537714678807
 30
0.0
  0
SEQEND
  5
22E
330
229
100
AcDbEntity
  8
0
  6
Continuous
 62
    18
420
        0
370
    25
  0
POLYLINE
  5
22F
330
1F
100
AcDbEntity
  8
0
  6
Continuous
 62
    18
420
        0
370
    25
100
AcDb2dPolyline
 66
     1
 10
0.0
 20
0.0
 30
0.0
 70
     1
  0
VERTEX
  5
230
330
22F
100
AcDbEntity
  8
0
  6
Continuous
 62
    18
420
        0
370
    25
100
AcDbVertex
100
AcDb2dVertex
 10
34.10600105040363
 20
1.043537714678799
 30
0.0
  0
VERTEX
  5
231
330
22F
100
AcDbEntity
  8
0
  6
Continuous
 62
    18
420
        0
370
    25
100
AcDbVertex
100
AcDb2dVertex
 10
34.70600105040362
 20
1.043537714678799
 30
0.0
  0
VERTEX
  5
232
330
22F
100
AcDbEntity
  8
0
  6
Continuous
 62
    18
420
        0
370
    25
100
AcDbVertex
100
AcDb2dVertex
 10
34.70600105040362
 20
1.643537714678807
 30
0.0
  0
VERTEX
  5
233
330
22F
100
AcDbEntity
  8
0
  6
Continuous
 62
    18
420
        0
370
    25
100
AcDbVertex
100
AcDb2dVertex
 10
34.10600105040363
 20
1.643537714678807
 30
0.0
  0
SEQEND
  5
234
330
22F
100
AcDbEntity
  8
0
  6
Continuous
 62
    18
420
        0
370
    25
  0
POLYLINE
  5
235
330
1F
100
AcDbEntity
  8
0
  6
Continuous
 62
    18
420
        0
370
    25
100
AcDb2dPolyline
 66
     1
 10
0.0
 20
0.0
 30
0.0
 70
     1
  0
VERTEX
  5
236
330
235
100
AcDbEntity
  8
0
  6
Continuous
 62
    18
420
        0
370
    25
100
AcDbVertex
100
AcDb2dVertex
 10
34.10600105040363
 20
2.89693488704075
 30
0.0
  0
VERTEX
  5
237
330
235
100
AcDbEntity
  8
0
  6
Continuous
 62
    18
420
        0
370
    25
100
AcDbVertex
100
AcDb2dVertex
 10
34.70600105040362
 20
2.89693488704075
 30
0.0
  0
VERTEX
  5
238
330
235
100
AcDbEntity
  8
0
  6
Continuous
 62
    18
420
        0
370
    25
100
AcDbVertex
100
AcDb2dVertex
 10
34.70600105040362
 20
3.496934887040744
 30
0.0
  0
VERTEX
  5
239
330
235
100
AcDbEntity
  8
0
  6
Continuous
 62
    18
420
        0
370
    25
100
AcDbVertex
100
AcDb2dVertex
 10
34.10600105040363
 20
3.496934887040744
 30
0.0
  0
SEQEND
  5
23A
330
235
100
AcDbEntity
  8
0
  6
Continuous
 62
    18
420
        0
370
    25
  0
POLYLINE
  5
23B
330
1F
100
AcDbEntity
  8
0
  6
Continuous
 62
    18
420
        0
370
    25
100
AcDb2dPolyline
 66
     1
 10
0.0
 20
0.0
 30
0.0
 70
     1
  0
VERTEX
  5
23C
330
23B
100
AcDbEntity
  8
0
  6
Continuous
 62
    18
420
        0
370
    25
100
AcDbVertex
100
AcDb2dVertex
 10
31.19902898047784
 20
4.369332059402687
 30
0.0
  0
VERTEX
  5
23D
330
23B
100
AcDbEntity
  8
0
  6
Continuous
 62
    18
420
        0
370
    25
100
AcDbVertex
100
AcDb2dVertex
 10
31.79902898047783
 20
4.369332059402687
 30
0.0
  0
VERTEX
  5
23E
330
23B
100
AcDbEntity
  8
0
  6
Continuous
 62
    18
420
        0
370
    25
100
AcDbVertex
100
AcDb2dVertex
 10
31.79902898047783
 20
4.969332059402696
 30
0.0
  0
VERTEX
  5
23F
330
23B
100
AcDbEntity
  8
0
  6
Continuous
 62
    18
420
        0
370
    25
100
AcDbVertex
100
AcDb2dVertex
 10
31.19902898047784
 20
4.969332059402696
 30
0.0
  0
SEQEND
  5
240
330
23B
100
AcDbEntity
  8
0
  6
Continuous
 62
    18
420
        0
370
    25
  0
POLYLINE
  5
241
330
1F
100
AcDbEntity
  8
0
  6
Continuous
 62
    18
420
        0
370
    25
100
AcDb2dPolyline
 66
     1
 10
0.0
 20
0.0
 30
0.0
 70
     1
  0
VERTEX
  5
242
330
241
100
AcDbEntity
  8
0
  6
Continuous
 62
    18
420
        0
370
    25
100
AcDbVertex
100
AcDb2dVertex
 10
31.19902898047784
 20
2.51593488704075
 30
0.0
  0
VERTEX
  5
243
330
241
100
AcDbEntity
  8
0
  6
Continuous
 62
    18
420
        0
370
    25
100
AcDbVertex
100
AcDb2dVertex
 10
31.79902898047783
 20
2.51593488704075
 30
0.0
  0
VERTEX
  5
244
330
241
100
AcDbEntity
  8
0
  6
Continuous
 62
    18
420
        0
370
    25
100
AcDbVertex
100
AcDb2dVertex
 10
31.79902898047783
 20
3.115934887040744
 30
0.0
  0
VERTEX
  5
245
330
241
100
AcDbEntity
  8
0
  6
Continuous
 62
    18
420
        0
370
    25
100
AcDbVertex
100
AcDb2dVertex
 10
31.19902898047784
 20
3.115934887040744
 30
0.0
  0
SEQEND
  5
246
330
241
100
AcDbEntity
  8
0
  6
Continuous
 62
    18
420
        0
370
    25
  0
POLYLINE
  5
247
330
1F
100
AcDbEntity
  8
0
  6
Continuous
 62
    18
420
        0
370
    25
100
AcDb2dPolyline
 66
     1
 10
0.0
 20
0.0
 30
0.0
 70
     1
  0
VERTEX
  5
248
330
247
100
AcDbEntity
  8
0
  6
Continuous
 62
    18
420
        0
370
    25
100
AcDbVertex
100
AcDb2dVertex
 10
31.19902898047784
 20
0.6625377146787983
 30
0.0
  0
VERTEX
  5
249
330
247
100
AcDbEntity
  8
0
  6
Continuous
 62
    18
420
        0
370
    25
100
AcDbVertex
100
AcDb2dVertex
 10
31.79902898047783
 20
0.6625377146787983
 30
0.0
  0
VERTEX
  5
24A
330
247
100
AcDbEntity
  8
0
  6
Continuous
 62
    18
420
        0
370
    25
100
AcDbVertex
100
AcDb2dVertex
 10
31.79902898047783
 20
1.262537714678807
 30
0.0
  0
VERTEX
  5
24B
330
247
100
AcDbEntity
  8
0
  6
Continuous
 62
    18
420
        0
370
    25
100
AcDbVertex
100
AcDb2dVertex
 10
31.19902898047784
 20
1.262537714678807
 30
0.0
  0
SEQEND
  5
24C
330
247
100
AcDbEntity
  8
0
  6
Continuous
 62
    18
420
        0
370
    25
  0
POLYLINE
  5
24D
330
1F
100
AcDbEntity
  8
0
  6
Continuous
 62
    18
420
        0
370
    25
100
AcDb2dPolyline
 66
     1
 10
0.0
 20
0.0
 30
0.0
 70
     1
  0
VERTEX
  5
24E
330
24D
100
AcDbEntity
  8
0
  6
Continuous
 62
    18
420
        0
370
    25
100
AcDbVertex
100
AcDb2dVertex
 10
28.6026677170703
 20
1.043537714678799
 30
0.0
  0
VERTEX
  5
24F
330
24D
100
AcDbEntity
  8
0
  6
Continuous
 62
    18
420
        0
370
    25
100
AcDbVertex
100
AcDb2dVertex
 10
29.20266771707029
 20
1.043537714678799
 30
0.0
  0
VERTEX
  5
250
330
24D
100
AcDbEntity
  8
0
  6
Continuous
 62
    18
420
        0
370
    25
100
AcDbVertex
100
AcDb2dVertex
 10
29.20266771707029
 20
1.643537714678807
 30
0.0
  0
VERTEX
  5
251
330
24D
100
AcDbEntity
  8
0
  6
Continuous
 62
    18
420
        0
370
    25
100
AcDbVertex
100
AcDb2dVertex
 10
28.6026677170703
 20
1.643537714678807
 30
0.0
  0
SEQEND
  5
252
330
24D
100
AcDbEntity
  8
0
  6
Continuous
 62
    18
420
        0
370
    25
  0
POLYLINE
  5
253
330
1F
100
AcDbEntity
  8
0
  6
Continuous
 62
    18
420
        0
370
    25
100
AcDb2dPolyline
 66
     1
 10
0.0
 20
0.0
 30
0.0
 70
     1
  0
VERTEX
  5
254
330
253
100
AcDbEntity
  8
0
  6
Continuous
 62
    18
420
        0
370
    25
100
AcDbVertex
100
AcDb2dVertex
 10
28.6026677170703
 20
2.89693488704075
 30
0.0
  0
VERTEX
  5
255
330
253
100
AcDbEntity
  8
0
  6
Continuous
 62
    18
420
        0
370
    25
100
AcDbVertex
100
AcDb2dVertex
 10
29.20266771707029
 20
2.89693488704075
 30
0.0
  0
VERTEX
  5
256
330
253
100
AcDbEntity
  8
0
  6
Continuous
 62
    18
420
        0
370
    25
100
AcDbVertex
100
AcDb2dVertex
 10
29.20266771707029
 20
3.496934887040744
 30
0.0
  0
VERTEX
  5
257
330
253
100
AcDbEntity
  8
0
  6
Continuous
 62
    18
420
        0
370
    25
100
AcDbVertex
100
AcDb2dVertex
 10
28.6026677170703
 20
3.496934887040744
 30
0.0
  0
SEQEND
  5
258
330
253
100
AcDbEntity
  8
0
  6
Continuous
 62
    18
420
        0
370
    25
  0
POLYLINE
  5
259
330
1F
100
AcDbEntity
  8
0
  6
Continuous
 62
    18
420
        0
370
    25
100
AcDb2dPolyline
 66
     1
 10
0.0
 20
0.0
 30
0.0
 70
     1
  0
VERTEX
  5
25A
330
259
100
AcDbEntity
  8
0
  6
Continuous
 62
    18
420
        0
370
    25
100
AcDbVertex
100
AcDb2dVertex
 10
25.73802898047784
 20
4.369332059402687
 30
0.0
  0
VERTEX
  5
25B
330
259
100
AcDbEntity
  8
0
  6
Continuous
 62
    18
420
        0
370
    25
100
AcDbVertex
100
AcDb2dVertex
 10
26.33802898047783
 20
4.369332059402687
 30
0.0
  0
VERTEX
  5
25C
330
259
100
AcDbEntity
  8
0
  6
Continuous
 62
    18
420
        0
370
    25
100
AcDbVertex
100
AcDb2dVertex
 10
26.33802898047783
 20
4.969332059402696
 30
0.0
  0
VERTEX
  5
25D
330
259
100
AcDbEntity
  8
0
  6
Continuous
 62
    18
420
        0
370
    25
100
AcDbVertex
100
AcDb2dVertex
 10
25.73802898047784
 20
4.969332059402696
 30
0.0
  0
SEQEND
  5
25E
330
259
100
AcDbEntity
  8
0
  6
Continuous
 62
    18
420
        0
370
    25
  0
POLYLINE
  5
25F
330
1F
100
AcDbEntity
  8
0
  6
Continuous
 62
    18
420
        0
370
    25
100
AcDb2dPolyline
 66
     1
 10
0.0
 20
0.0
 30
0.0
 70
     1
  0
VERTEX
  5
260
330
25F
100
AcDbEntity
  8
0
  6
Continuous
 62
    18
420
        0
370
    25
100
AcDbVertex
100
AcDb2dVertex
 10
25.73802898047784
 20
2.51593488704075
 30
0.0
  0
VERTEX
  5
261
330
25F
100
AcDbEntity
  8
0
  6
Continuous
 62
    18
420
        0
370
    25
100
AcDbVertex
100
AcDb2dVertex
 10
26.33802898047783
 20
2.51593488704075
 30
0.0
  0
VERTEX
  5
262
330
25F
100
AcDbEntity
  8
0
  6
Continuous
 62
    18
420
        0
370
    25
100
AcDbVertex
100
AcDb2dVertex
 10
26.33802898047783
 20
3.115934887040744
 30
0.0
  0
VERTEX
  5
263
330
25F
100
AcDbEntity
  8
0
  6
Continuous
 62
    18
420
        0
370
    25
100
AcDbVertex
100
AcDb2dVertex
 10
25.73802898047784
 20
3.115934887040744
 30
0.0
  0
SEQEND
  5
264
330
25F
100
AcDbEntity
  8
0
  6
Continuous
 62
    18
420
        0
370
    25
  0
POLYLINE
  5
265
330
1F
100
AcDbEntity
  8
0
  6
Continuous
 62
    18
420
        0
370
    25
100
AcDb2dPolyline
 66
     1
 10
0.0
 20
0.0
 30
0.0
 70
     1
  0
VERTEX
  5
266
330
265
100
AcDbEntity
  8
0
  6
Continuous
 62
    18
420
        0
370
    25
100
AcDbVertex
100
AcDb2dVertex
 10
25.73802898047784
 20
0.6625377146787983
 30
0.0
  0
VERTEX
  5
267
330
265
100
AcDbEntity
  8
0
  6
Continuous
 62
    18
420
        0
370
    25
100
AcDbVertex
100
AcDb2dVertex
 10
26.33802898047783
 20
0.6625377146787983
 30
0.0
  0
VERTEX
  5
268
330
265
100
AcDbEntity
  8
0
  6
Continuous
 62
    18
420
        0
370
    25
100
AcDbVertex
100
AcDb2dVertex
 10
26.33802898047783
 20
1.262537714678807
 30
0.0
  0
VERTEX
  5
269
330
265
100
AcDbEntity
  8
0
  6
Continuous
 62
    18
420
        0
370
    25
100
AcDbVertex
100
AcDb2dVertex
 10
25.73802898047784
 20
1.262537714678807
 30
0.0
  0
SEQEND
  5
26A
330
265
100
AcDbEntity
  8
0
  6
Continuous
 62
    18
420
        0
370
    25
  0
POLYLINE
  5
26B
330
1F
100
AcDbEntity
  8
0
  6
Continuous
 62
    18
420
        0
370
    25
100
AcDb2dPolyline
 66
     1
 10
0.0
 20
0.0
 30
0.0
 70
     1
  0
VERTEX
  5
26C
330
26B
100
AcDbEntity
  8
0
  6
Continuous
 62
    18
420
        0
370
    25
100
AcDbVertex
100
AcDb2dVertex
 10
23.14166771707029
 20
1.043537714678799
 30
0.0
  0
VERTEX
  5
26D
330
26B
100
AcDbEntity
  8
0
  6
Continuous
 62
    18
420
        0
370
    25
100
AcDbVertex
100
AcDb2dVertex
 10
23.74166771707029
 20
1.043537714678799
 30
0.0
  0
VERTEX
  5
26E
330
26B
100
AcDbEntity
  8
0
  6
Continuous
 62
    18
420
        0
370
    25
100
AcDbVertex
100
AcDb2dVertex
 10
23.74166771707029
 20
1.643537714678807
 30
0.0
  0
VERTEX
  5
26F
330
26B
100
AcDbEntity
  8
0
  6
Continuous
 62
    18
420
        0
370
    25
100
AcDbVertex
100
AcDb2dVertex
 10
23.14166771707029
 20
1.643537714678807
 30
0.0
  0
SEQEND
  5
270
330
26B
100
AcDbEntity
  8
0
  6
Continuous
 62
    18
420
        0
370
    25
  0
POLYLINE
  5
271
330
1F
100
AcDbEntity
  8
0
  6
Continuous
 62
    18
420
        0
370
    25
100
AcDb2dPolyline
 66
     1
 10
0.0
 20
0.0
 30
0.0
 70
     1
  0
VERTEX
  5
272
330
271
100
AcDbEntity
  8
0
  6
Continuous
 62
    18
420
        0
370
    25
100
AcDbVertex
100
AcDb2dVertex
 10
23.14166771707029
 20
2.89693488704075
 30
0.0
  0
VERTEX
  5
273
330
271
100
AcDbEntity
  8
0
  6
Continuous
 62
    18
420
        0
370
    25
100
AcDbVertex
100
AcDb2dVertex
 10
23.74166771707029
 20
2.89693488704075
 30
0.0
  0
VERTEX
  5
274
330
271
100
AcDbEntity
  8
0
  6
Continuous
 62
    18
420
        0
370
    25
100
AcDbVertex
100
AcDb2dVertex
 10
23.74166771707029
 20
3.496934887040744
 30
0.0
  0
VERTEX
  5
275
330
271
100
AcDbEntity
  8
0
  6
Continuous
 62
    18
420
        0
370
    25
100
AcDbVertex
100
AcDb2dVertex
 10
23.14166771707029
 20
3.496934887040744
 30
0.0
  0
SEQEND
  5
276
330
271
100
AcDbEntity
  8
0
  6
Continuous
 62
    18
420
        0
370
    25
  0
POLYLINE
  5
277
330
1F
100
AcDbEntity
  8
0
  6
Continuous
 62
    18
420
        0
370
    25
100
AcDb2dPolyline
 66
     1
 10
0.0
 20
0.0
 30
0.0
 70
     1
  0
VERTEX
  5
278
330
277
100
AcDbEntity
  8
0
  6
Continuous
 62
    18
420
        0
370
    25
100
AcDbVertex
100
AcDb2dVertex
 10
20.25586231381117
 20
4.369332059402687
 30
0.0
  0
VERTEX
  5
279
330
277
100
AcDbEntity
  8
0
  6
Continuous
 62
    18
420
        0
370
    25
100
AcDbVertex
100
AcDb2dVertex
 10
20.85586231381116
 20
4.369332059402687
 30
0.0
  0
VERTEX
  5
27A
330
277
100
AcDbEntity
  8
0
  6
Continuous
 62
    18
420
        0
370
    25
100
AcDbVertex
100
AcDb2dVertex
 10
20.85586231381116
 20
4.969332059402696
 30
0.0
  0
VERTEX
  5
27B
330
277
100
AcDbEntity
  8
0
  6
Continuous
 62
    18
420
        0
370
    25
100
AcDbVertex
100
AcDb2dVertex
 10
20.25586231381117
 20
4.969332059402696
 30
0.0
  0
SEQEND
  5
27C
330
277
100
AcDbEntity
  8
0
  6
Continuous
 62
    18
420
        0
370
    25
  0
POLYLINE
  5
27D
330
1F
100
AcDbEntity
  8
0
  6
Continuous
 62
    18
420
        0
370
    25
100
AcDb2dPolyline
 66
     1
 10
0.0
 20
0.0
 30
0.0
 70
     1
  0
VERTEX
  5
27E
330
27D
100
AcDbEntity
  8
0
  6
Continuous
 62
    18
420
        0
370
    25
100
AcDbVertex
100
AcDb2dVertex
 10
20.25586231381117
 20
2.51593488704075
 30
0.0
  0
VERTEX
  5
27F
330
27D
100
AcDbEntity
  8
0
  6
Continuous
 62
    18
420
        0
370
    25
100
AcDbVertex
100
AcDb2dVertex
 10
20.85586231381116
 20
2.51593488704075
 30
0.0
  0
VERTEX
  5
280
330
27D
100
AcDbEntity
  8
0
  6
Continuous
 62
    18
420
        0
370
    25
100
AcDbVertex
100
AcDb2dVertex
 10
20.85586231381116
 20
3.115934887040744
 30
0.0
  0
VERTEX
  5
281
330
27D
100
AcDbEntity
  8
0
  6
Continuous
 62
    18
420
        0
370
    25
100
AcDbVertex
100
AcDb2dVertex
 10
20.25586231381117
 20
3.115934887040744
 30
0.0
  0
SEQEND
  5
282
330
27D
100
AcDbEntity
  8
0
  6
Continuous
 62
    18
420
        0
370
    25
  0
POLYLINE
  5
283
330
1F
100
AcDbEntity
  8
0
  6
Continuous
 62
    18
420
        0
370
    25
100
AcDb2dPolyline
 66
     1
 10
0.0
 20
0.0
 30
0.0
 70
     1
  0
VERTEX
  5
284
330
283
100
AcDbEntity
  8
0
  6
Continuous
 62
    18
420
        0
370
    25
100
AcDbVertex
100
AcDb2dVertex
 10
20.25586231381117
 20
0.6625377146787983
 30
0.0
  0
VERTEX
  5
285
330
283
100
AcDbEntity
  8
0
  6
Continuous
 62
    18
420
        0
370
    25
100
AcDbVertex
100
AcDb2dVertex
 10
20.85586231381116
 20
0.6625377146787983
 30
0.0
  0
VERTEX
  5
286
330
283
100
AcDbEntity
  8
0
  6
Continuous
 62
    18
420
        0
370
    25
100
AcDbVertex
100
AcDb2dVertex
 10
20.85586231381116
 20
1.262537714678807
 30
0.0
  0
VERTEX
  5
287
330
283
100
AcDbEntity
  8
0
  6
Continuous
 62
    18
420
        0
370
    25
100
AcDbVertex
100
AcDb2dVertex
 10
20.25586231381117
 20
1.262537714678807
 30
0.0
  0
SEQEND
  5
288
330
283
100
AcDbEntity
  8
0
  6
Continuous
 62
    18
420
        0
370
    25
  0
POLYLINE
  5
289
330
1F
100
AcDbEntity
  8
0
  6
Continuous
 62
    18
420
        0
370
    25
100
AcDb2dPolyline
 66
     1
 10
0.0
 20
0.0
 30
0.0
 70
     1
  0
VERTEX
  5
28A
330
289
100
AcDbEntity
  8
0
  6
Continuous
 62
    18
420
        0
370
    25
100
AcDbVertex
100
AcDb2dVertex
 10
17.65950105040363
 20
1.043537714678799
 30
0.0
  0
VERTEX
  5
28B
330
289
100
AcDbEntity
  8
0
  6
Continuous
 62
    18
420
        0
370
    25
100
AcDbVertex
100
AcDb2dVertex
 10
18.25950105040362
 20
1.043537714678799
 30
0.0
  0
VERTEX
  5
28C
330
289
100
AcDbEntity
  8
0
  6
Continuous
 62
    18
420
        0
370
    25
100
AcDbVertex
100
AcDb2dVertex
 10
18.25950105040362
 20
1.643537714678807
 30
0.0
  0
VERTEX
  5
28D
330
289
100
AcDbEntity
  8
0
  6
Continuous
 62
    18
420
        0
370
    25
100
AcDbVertex
100
AcDb2dVertex
 10
17.65950105040363
 20
1.643537714678807
 30
0.0
  0
SEQEND
  5
28E
330
289
100
AcDbEntity
  8
0
  6
Continuous
 62
    18
420
        0
370
    25
  0
POLYLINE
  5
28F
330
1F
100
AcDbEntity
  8
0
  6
Continuous
 62
    18
420
        0
370
    25
100
AcDb2dPolyline
 66
     1
 10
0.0
 20
0.0
 30
0.0
 70
     1
  0
VERTEX
  5
290
330
28F
100
AcDbEntity
  8
0
  6
Continuous
 62
    18
420
        0
370
    25
100
AcDbVertex
100
AcDb2dVertex
 10
17.65950105040363
 20
2.89693488704075
 30
0.0
  0
VERTEX
  5
291
330
28F
100
AcDbEntity
  8
0
  6
Continuous
 62
    18
420
        0
370
    25
100
AcDbVertex
100
AcDb2dVertex
 10
18.25950105040362
 20
2.89693488704075
 30
0.0
  0
VERTEX
  5
292
330
28F
100
AcDbEntity
  8
0
  6
Continuous
 62
    18
420
        0
370
    25
100
AcDbVertex
100
AcDb2dVertex
 10
18.25950105040362
 20
3.496934887040744
 30
0.0
  0
VERTEX
  5
293
330
28F
100
AcDbEntity
  8
0
  6
Continuous
 62
    18
420
        0
370
    25
100
AcDbVertex
100
AcDb2dVertex
 10
17.65950105040363
 20
3.496934887040744
 30
0.0
  0
SEQEND
  5
294
330
28F
100
AcDbEntity
  8
0
  6
Continuous
 62
    18
420
        0
370
    25
  0
POLYLINE
  5
295
330
1F
100
AcDbEntity
  8
0
  6
Continuous
 62
    18
420
        0
370
    25
100
AcDb2dPolyline
 66
     1
 10
0.0
 20
0.0
 30
0.0
 70
     1
  0
VERTEX
  5
296
330
295
100
AcDbEntity
  8
0
  6
Continuous
 62
    18
420
        0
370
    25
100
AcDbVertex
100
AcDb2dVertex
 10
7.469028838403577
 20
8.99145330814699
 30
0.0
  0
VERTEX
  5
297
330
295
100
AcDbEntity
  8
0
  6
Continuous
 62
    18
420
        0
370
    25
100
AcDbVertex
100
AcDb2dVertex
 10
8.069028838403572
 20
8.99145330814699
 30
0.0
  0
VERTEX
  5
298
330
295
100
AcDbEntity
  8
0
  6
Continuous
 62
    18
420
        0
370
    25
100
AcDbVertex
100
AcDb2dVertex
 10
8.069028838403572
 20
9.591453308146999
 30
0.0
  0
VERTEX
  5
299
330
295
100
AcDbEntity
  8
0
  6
Continuous
 62
    18
420
        0
370
    25
100
AcDbVertex
100
AcDb2dVertex
 10
7.469028838403577
 20
9.591453308146999
 30
0.0
  0
SEQEND
  5
29A
330
295
100
AcDbEntity
  8
0
  6
Continuous
 62
    18
420
        0
370
    25
  0
POLYLINE
  5
29B
330
1F
100
AcDbEntity
  8
0
  6
Continuous
 62
    18
420
        0
370
    25
100
AcDb2dPolyline
 66
     1
 10
0.0
 20
0.0
 30
0.0
 70
     1
  0
VERTEX
  5
29C
330
29B
100
AcDbEntity
  8
0
  6
Continuous
 62
    18
420
        0
370
    25
100
AcDbVertex
100
AcDb2dVertex
 10
9.005093957446125
 20
8.117139972325752
 30
0.0
  0
VERTEX
  5
29D
330
29B
100
AcDbEntity
  8
0
  6
Continuous
 62
    18
420
        0
370
    25
100
AcDbVertex
100
AcDb2dVertex
 10
9.607026052542697
 20
8.117139972325752
 30
0.0
  0
VERTEX
  5
29E
330
29B
100
AcDbEntity
  8
0
  6
Continuous
 62
    18
420
        0
370
    25
100
AcDbVertex
100
AcDb2dVertex
 10
9.607026052542697
 20
8.71520163544475
 30
0.0
  0
VERTEX
  5
29F
330
29B
100
AcDbEntity
  8
0
  6
Continuous
 62
    18
420
        0
370
    25
100
AcDbVertex
100
AcDb2dVertex
 10
9.005093957446125
 20
8.71520163544475
 30
0.0
  0
SEQEND
  5
2A0
330
29B
100
AcDbEntity
  8
0
  6
Continuous
 62
    18
420
        0
370
    25
  0
POLYLINE
  5
2A1
330
1F
100
AcDbEntity
  8
0
  6
Continuous
 62
    18
420
        0
370
    25
100
AcDb2dPolyline
 66
     1
 10
0.0
 20
0.0
 30
0.0
 70
     1
  0
VERTEX
  5
2A2
330
2A1
100
AcDbEntity
  8
0
  6
Continuous
 62
    18
420
        0
370
    25
100
AcDbVertex
100
AcDb2dVertex
 10
9.757568267206157
 20
8.110314869070997
 30
0.0
  0
VERTEX
  5
2A3
330
2A1
100
AcDbEntity
  8
0
  6
Continuous
 62
    18
420
        0
370
    25
100
AcDbVertex
100
AcDb2dVertex
 10
10.35950036230273
 20
8.110314869070997
 30
0.0
  0
VERTEX
  5
2A4
330
2A1
100
AcDbEntity
  8
0
  6
Continuous
 62
    18
420
        0
370
    25
100
AcDbVertex
100
AcDb2dVertex
 10
10.35950036230273
 20
8.70837653218998
 30
0.0
  0
VERTEX
  5
2A5
330
2A1
100
AcDbEntity
  8
0
  6
Continuous
 62
    18
420
        0
370
    25
100
AcDbVertex
100
AcDb2dVertex
 10
9.757568267206157
 20
8.70837653218998
 30
0.0
  0
SEQEND
  5
2A6
330
2A1
100
AcDbEntity
  8
0
  6
Continuous
 62
    18
420
        0
370
    25
  0
POLYLINE
  5
2A7
330
1F
100
AcDbEntity
  8
0
  6
Continuous
 62
    18
420
        0
370
    25
100
AcDb2dPolyline
 66
     1
 10
0.0
 20
0.0
 30
0.0
 70
     1
  0
VERTEX
  5
2A8
330
2A7
100
AcDbEntity
  8
0
  6
Continuous
 62
    18
420
        0
370
    25
100
AcDbVertex
100
AcDb2dVertex
 10
7.444893441260983
 20
25.73479327447961
 30
0.0
  0
VERTEX
  5
2A9
330
2A7
100
AcDbEntity
  8
0
  6
Continuous
 62
    18
420
        0
370
    25
100
AcDbVertex
100
AcDb2dVertex
 10
8.044893441260976
 20
25.73479327447961
 30
0.0
  0
VERTEX
  5
2AA
330
2A7
100
AcDbEntity
  8
0
  6
Continuous
 62
    18
420
        0
370
    25
100
AcDbVertex
100
AcDb2dVertex
 10
8.044893441260976
 20
26.33479327447962
 30
0.0
  0
VERTEX
  5
2AB
330
2A7
100
AcDbEntity
  8
0
  6
Continuous
 62
    18
420
        0
370
    25
100
AcDbVertex
100
AcDb2dVertex
 10
7.444893441260983
 20
26.33479327447962
 30
0.0
  0
SEQEND
  5
2AC
330
2A7
100
AcDbEntity
  8
0
  6
Continuous
 62
    18
420
        0
370
    25
  0
POLYLINE
  5
2AD
330
1F
100
AcDbEntity
  8
0
  6
Continuous
 62
    18
420
        0
370
    25
100
AcDb2dPolyline
 66
     1
 10
0.0
 20
0.0
 30
0.0
 70
     1
  0
VERTEX
  5
2AE
330
2AD
100
AcDbEntity
  8
0
  6
Continuous
 62
    18
420
        0
370
    25
100
AcDbVertex
100
AcDb2dVertex
 10
8.980958560303531
 20
24.86047993865837
 30
0.0
  0
VERTEX
  5
2AF
330
2AD
100
AcDbEntity
  8
0
  6
Continuous
 62
    18
420
        0
370
    25
100
AcDbVertex
100
AcDb2dVertex
 10
9.582890655400103
 20
24.86047993865837
 30
0.0
  0
VERTEX
  5
2B0
330
2AD
100
AcDbEntity
  8
0
  6
Continuous
 62
    18
420
        0
370
    25
100
AcDbVertex
100
AcDb2dVertex
 10
9.582890655400103
 20
25.45854160177736
 30
0.0
  0
VERTEX
  5
2B1
330
2AD
100
AcDbEntity
  8
0
  6
Continuous
 62
    18
420
        0
370
    25
100
AcDbVertex
100
AcDb2dVertex
 10
8.980958560303531
 20
25.45854160177736
 30
0.0
  0
SEQEND
  5
2B2
330
2AD
100
AcDbEntity
  8
0
  6
Continuous
 62
    18
420
        0
370
    25
  0
POLYLINE
  5
2B3
330
1F
100
AcDbEntity
  8
0
  6
Continuous
 62
    18
420
        0
370
    25
100
AcDb2dPolyline
 66
     1
 10
0.0
 20
0.0
 30
0.0
 70
     1
  0
VERTEX
  5
2B4
330
2B3
100
AcDbEntity
  8
0
  6
Continuous
 62
    18
420
        0
370
    25
100
AcDbVertex
100
AcDb2dVertex
 10
9.733432870063563
 20
24.85365483540361
 30
0.0
  0
VERTEX
  5
2B5
330
2B3
100
AcDbEntity
  8
0
  6
Continuous
 62
    18
420
        0
370
    25
100
AcDbVertex
100
AcDb2dVertex
 10
10.33536496516014
 20
24.85365483540361
 30
0.0
  0
VERTEX
  5
2B6
330
2B3
100
AcDbEntity
  8
0
  6
Continuous
 62
    18
420
        0
370
    25
100
AcDbVertex
100
AcDb2dVertex
 10
10.33536496516014
 20
25.45171649852259
 30
0.0
  0
VERTEX
  5
2B7
330
2B3
100
AcDbEntity
  8
0
  6
Continuous
 62
    18
420
        0
370
    25
100
AcDbVertex
100
AcDb2dVertex
 10
9.733432870063563
 20
25.45171649852259
 30
0.0
  0
SEQEND
  5
2B8
330
2B3
100
AcDbEntity
  8
0
  6
Continuous
 62
    18
420
        0
370
    25
  0
POLYLINE
  5
2B9
330
1F
100
AcDbEntity
  8
0
  6
Continuous
 62
    18
420
        0
370
    25
100
AcDb2dPolyline
 66
     1
 10
0.0
 20
0.0
 30
0.0
 70
     1
  0
VERTEX
  5
2BA
330
2B9
100
AcDbEntity
  8
0
  6
Continuous
 62
    18
420
        0
370
    25
100
AcDbVertex
100
AcDb2dVertex
 10
7.434891160290173
 20
22.64262176740989
 30
0.0
  0
VERTEX
  5
2BB
330
2B9
100
AcDbEntity
  8
0
  6
Continuous
 62
    18
420
        0
370
    25
100
AcDbVertex
100
AcDb2dVertex
 10
8.034891160290169
 20
22.64262176740989
 30
0.0
  0
VERTEX
  5
2BC
330
2B9
100
AcDbEntity
  8
0
  6
Continuous
 62
    18
420
        0
370
    25
100
AcDbVertex
100
AcDb2dVertex
 10
8.034891160290169
 20
23.2426217674099
 30
0.0
  0
VERTEX
  5
2BD
330
2B9
100
AcDbEntity
  8
0
  6
Continuous
 62
    18
420
        0
370
    25
100
AcDbVertex
100
AcDb2dVertex
 10
7.434891160290173
 20
23.2426217674099
 30
0.0
  0
SEQEND
  5
2BE
330
2B9
100
AcDbEntity
  8
0
  6
Continuous
 62
    18
420
        0
370
    25
  0
POLYLINE
  5
2BF
330
1F
100
AcDbEntity
  8
0
  6
Continuous
 62
    18
420
        0
370
    25
100
AcDb2dPolyline
 66
     1
 10
0.0
 20
0.0
 30
0.0
 70
     1
  0
VERTEX
  5
2C0
330
2BF
100
AcDbEntity
  8
0
  6
Continuous
 62
    18
420
        0
370
    25
100
AcDbVertex
100
AcDb2dVertex
 10
8.970956279332722
 20
21.76830843158865
 30
0.0
  0
VERTEX
  5
2C1
330
2BF
100
AcDbEntity
  8
0
  6
Continuous
 62
    18
420
        0
370
    25
100
AcDbVertex
100
AcDb2dVertex
 10
9.572888374429294
 20
21.76830843158865
 30
0.0
  0
VERTEX
  5
2C2
330
2BF
100
AcDbEntity
  8
0
  6
Continuous
 62
    18
420
        0
370
    25
100
AcDbVertex
100
AcDb2dVertex
 10
9.572888374429294
 20
22.36637009470764
 30
0.0
  0
VERTEX
  5
2C3
330
2BF
100
AcDbEntity
  8
0
  6
Continuous
 62
    18
420
        0
370
    25
100
AcDbVertex
100
AcDb2dVertex
 10
8.970956279332722
 20
22.36637009470764
 30
0.0
  0
SEQEND
  5
2C4
330
2BF
100
AcDbEntity
  8
0
  6
Continuous
 62
    18
420
        0
370
    25
  0
POLYLINE
  5
2C5
330
1F
100
AcDbEntity
  8
0
  6
Continuous
 62
    18
420
        0
370
    25
100
AcDb2dPolyline
 66
     1
 10
0.0
 20
0.0
 30
0.0
 70
     1
  0
VERTEX
  5
2C6
330
2C5
100
AcDbEntity
  8
0
  6
Continuous
 62
    18
420
        0
370
    25
100
AcDbVertex
100
AcDb2dVertex
 10
9.723430589092754
 20
21.76148332833388
 30
0.0
  0
VERTEX
  5
2C7
330
2C5
100
AcDbEntity
  8
0
  6
Continuous
 62
    18
420
        0
370
    25
100
AcDbVertex
100
AcDb2dVertex
 10
10.32536268418932
 20
21.76148332833388
 30
0.0
  0
VERTEX
  5
2C8
330
2C5
100
AcDbEntity
  8
0
  6
Continuous
 62
    18
420
        0
370
    25
100
AcDbVertex
100
AcDb2dVertex
 10
10.32536268418932
 20
22.35954499145287
 30
0.0
  0
VERTEX
  5
2C9
330
2C5
100
AcDbEntity
  8
0
  6
Continuous
 62
    18
420
        0
370
    25
100
AcDbVertex
100
AcDb2dVertex
 10
9.723430589092754
 20
22.35954499145287
 30
0.0
  0
SEQEND
  5
2CA
330
2C5
100
AcDbEntity
  8
0
  6
Continuous
 62
    18
420
        0
370
    25
  0
POLYLINE
  5
2CB
330
1F
100
AcDbEntity
  8
0
  6
Continuous
 62
    18
420
        0
370
    25
100
AcDb2dPolyline
 66
     1
 10
0.0
 20
0.0
 30
0.0
 70
     1
  0
VERTEX
  5
2CC
330
2CB
100
AcDbEntity
  8
0
  6
Continuous
 62
    18
420
        0
370
    25
100
AcDbVertex
100
AcDb2dVertex
 10
7.431643123803101
 20
11.68530765915818
 30
0.0
  0
VERTEX
  5
2CD
330
2CB
100
AcDbEntity
  8
0
  6
Continuous
 62
    18
420
        0
370
    25
100
AcDbVertex
100
AcDb2dVertex
 10
8.031643123803097
 20
11.68530765915818
 30
0.0
  0
VERTEX
  5
2CE
330
2CB
100
AcDbEntity
  8
0
  6
Continuous
 62
    18
420
        0
370
    25
100
AcDbVertex
100
AcDb2dVertex
 10
8.031643123803097
 20
12.2853076591582
 30
0.0
  0
VERTEX
  5
2CF
330
2CB
100
AcDbEntity
  8
0
  6
Continuous
 62
    18
420
        0
370
    25
100
AcDbVertex
100
AcDb2dVertex
 10
7.431643123803101
 20
12.2853076591582
 30
0.0
  0
SEQEND
  5
2D0
330
2CB
100
AcDbEntity
  8
0
  6
Continuous
 62
    18
420
        0
370
    25
  0
POLYLINE
  5
2D1
330
1F
100
AcDbEntity
  8
0
  6
Continuous
 62
    18
420
        0
370
    25
100
AcDb2dPolyline
 66
     1
 10
0.0
 20
0.0
 30
0.0
 70
     1
  0
VERTEX
  5
2D2
330
2D1
100
AcDbEntity
  8
0
  6
Continuous
 62
    18
420
        0
370
    25
100
AcDbVertex
100
AcDb2dVertex
 10
8.96770824284565
 20
10.81099432333695
 30
0.0
  0
VERTEX
  5
2D3
330
2D1
100
AcDbEntity
  8
0
  6
Continuous
 62
    18
420
        0
370
    25
100
AcDbVertex
100
AcDb2dVertex
 10
9.569640337942221
 20
10.81099432333695
 30
0.0
  0
VERTEX
  5
2D4
330
2D1
100
AcDbEntity
  8
0
  6
Continuous
 62
    18
420
        0
370
    25
100
AcDbVertex
100
AcDb2dVertex
 10
9.569640337942221
 20
11.40905598645595
 30
0.0
  0
VERTEX
  5
2D5
330
2D1
100
AcDbEntity
  8
0
  6
Continuous
 62
    18
420
        0
370
    25
100
AcDbVertex
100
AcDb2dVertex
 10
8.96770824284565
 20
11.40905598645595
 30
0.0
  0
SEQEND
  5
2D6
330
2D1
100
AcDbEntity
  8
0
  6
Continuous
 62
    18
420
        0
370
    25
  0
POLYLINE
  5
2D7
330
1F
100
AcDbEntity
  8
0
  6
Continuous
 62
    18
420
        0
370
    25
100
AcDb2dPolyline
 66
     1
 10
0.0
 20
0.0
 30
0.0
 70
     1
  0
VERTEX
  5
2D8
330
2D7
100
AcDbEntity
  8
0
  6
Continuous
 62
    18
420
        0
370
    25
100
AcDbVertex
100
AcDb2dVertex
 10
9.720182552605682
 20
10.8041692200822
 30
0.0
  0
VERTEX
  5
2D9
330
2D7
100
AcDbEntity
  8
0
  6
Continuous
 62
    18
420
        0
370
    25
100
AcDbVertex
100
AcDb2dVertex
 10
10.32211464770225
 20
10.8041692200822
 30
0.0
  0
VERTEX
  5
2DA
330
2D7
100
AcDbEntity
  8
0
  6
Continuous
 62
    18
420
        0
370
    25
100
AcDbVertex
100
AcDb2dVertex
 10
10.32211464770225
 20
11.40223088320118
 30
0.0
  0
VERTEX
  5
2DB
330
2D7
100
AcDbEntity
  8
0
  6
Continuous
 62
    18
420
        0
370
    25
100
AcDbVertex
100
AcDb2dVertex
 10
9.720182552605682
 20
11.40223088320118
 30
0.0
  0
SEQEND
  5
2DC
330
2D7
100
AcDbEntity
  8
0
  6
Continuous
 62
    18
420
        0
370
    25
  0
POLYLINE
  5
2DD
330
1F
100
AcDbEntity
  8
0
  6
Continuous
 62
    18
420
        0
370
    25
100
AcDb2dPolyline
 66
     1
 10
0.0
 20
0.0
 30
0.0
 70
     1
  0
VERTEX
  5
2DE
330
2DD
100
AcDbEntity
  8
0
  6
Continuous
 62
    18
420
        0
370
    25
100
AcDbVertex
100
AcDb2dVertex
 10
7.431643123803101
 20
14.41184862446085
 30
0.0
  0
VERTEX
  5
2DF
330
2DD
100
AcDbEntity
  8
0
  6
Continuous
 62
    18
420
        0
370
    25
100
AcDbVertex
100
AcDb2dVertex
 10
8.031643123803097
 20
14.41184862446085
 30
0.0
  0
VERTEX
  5
2E0
330
2DD
100
AcDbEntity
  8
0
  6
Continuous
 62
    18
420
        0
370
    25
100
AcDbVertex
100
AcDb2dVertex
 10
8.031643123803097
 20
15.01184862446086
 30
0.0
  0
VERTEX
  5
2E1
330
2DD
100
AcDbEntity
  8
0
  6
Continuous
 62
    18
420
        0
370
    25
100
AcDbVertex
100
AcDb2dVertex
 10
7.431643123803101
 20
15.01184862446086
 30
0.0
  0
SEQEND
  5
2E2
330
2DD
100
AcDbEntity
  8
0
  6
Continuous
 62
    18
420
        0
370
    25
  0
POLYLINE
  5
2E3
330
1F
100
AcDbEntity
  8
0
  6
Continuous
 62
    18
420
        0
370
    25
100
AcDb2dPolyline
 66
     1
 10
0.0
 20
0.0
 30
0.0
 70
     1
  0
VERTEX
  5
2E4
330
2E3
100
AcDbEntity
  8
0
  6
Continuous
 62
    18
420
        0
370
    25
100
AcDbVertex
100
AcDb2dVertex
 10
8.96770824284565
 20
13.5375352886396
 30
0.0
  0
VERTEX
  5
2E5
330
2E3
100
AcDbEntity
  8
0
  6
Continuous
 62
    18
420
        0
370
    25
100
AcDbVertex
100
AcDb2dVertex
 10
9.569640337942221
 20
13.5375352886396
 30
0.0
  0
VERTEX
  5
2E6
330
2E3
100
AcDbEntity
  8
0
  6
Continuous
 62
    18
420
        0
370
    25
100
AcDbVertex
100
AcDb2dVertex
 10
9.569640337942221
 20
14.1355969517586
 30
0.0
  0
VERTEX
  5
2E7
330
2E3
100
AcDbEntity
  8
0
  6
Continuous
 62
    18
420
        0
370
    25
100
AcDbVertex
100
AcDb2dVertex
 10
8.96770824284565
 20
14.1355969517586
 30
0.0
  0
SEQEND
  5
2E8
330
2E3
100
AcDbEntity
  8
0
  6
Continuous
 62
    18
420
        0
370
    25
  0
POLYLINE
  5
2E9
330
1F
100
AcDbEntity
  8
0
  6
Continuous
 62
    18
420
        0
370
    25
100
AcDb2dPolyline
 66
     1
 10
0.0
 20
0.0
 30
0.0
 70
     1
  0
VERTEX
  5
2EA
330
2E9
100
AcDbEntity
  8
0
  6
Continuous
 62
    18
420
        0
370
    25
100
AcDbVertex
100
AcDb2dVertex
 10
9.720182552605682
 20
13.53071018538484
 30
0.0
  0
VERTEX
  5
2EB
330
2E9
100
AcDbEntity
  8
0
  6
Continuous
 62
    18
420
        0
370
    25
100
AcDbVertex
100
AcDb2dVertex
 10
10.32211464770225
 20
13.53071018538484
 30
0.0
  0
VERTEX
  5
2EC
330
2E9
100
AcDbEntity
  8
0
  6
Continuous
 62
    18
420
        0
370
    25
100
AcDbVertex
100
AcDb2dVertex
 10
10.32211464770225
 20
14.12877184850383
 30
0.0
  0
VERTEX
  5
2ED
330
2E9
100
AcDbEntity
  8
0
  6
Continuous
 62
    18
420
        0
370
    25
100
AcDbVertex
100
AcDb2dVertex
 10
9.720182552605682
 20
14.12877184850383
 30
0.0
  0
SEQEND
  5
2EE
330
2E9
100
AcDbEntity
  8
0
  6
Continuous
 62
    18
420
        0
370
    25
  0
POLYLINE
  5
2EF
330
1F
100
AcDbEntity
  8
0
  6
Continuous
 62
    18
420
        0
370
    25
100
AcDb2dPolyline
 66
     1
 10
0.0
 20
0.0
 30
0.0
 70
     1
  0
VERTEX
  5
2F0
330
2EF
100
AcDbEntity
  8
0
  6
Continuous
 62
    18
420
        0
370
    25
100
AcDbVertex
100
AcDb2dVertex
 10
7.431643123803101
 20
17.15861754291419
 30
0.0
  0
VERTEX
  5
2F1
330
2EF
100
AcDbEntity
  8
0
  6
Continuous
 62
    18
420
        0
370
    25
100
AcDbVertex
100
AcDb2dVertex
 10
8.031643123803097
 20
17.15861754291419
 30
0.0
  0
VERTEX
  5
2F2
330
2EF
100
AcDbEntity
  8
0
  6
Continuous
 62
    18
420
        0
370
    25
100
AcDbVertex
100
AcDb2dVertex
 10
8.031643123803097
 20
17.75861754291419
 30
0.0
  0
VERTEX
  5
2F3
330
2EF
100
AcDbEntity
  8
0
  6
Continuous
 62
    18
420
        0
370
    25
100
AcDbVertex
100
AcDb2dVertex
 10
7.431643123803101
 20
17.75861754291419
 30
0.0
  0
SEQEND
  5
2F4
330
2EF
100
AcDbEntity
  8
0
  6
Continuous
 62
    18
420
        0
370
    25
  0
POLYLINE
  5
2F5
330
1F
100
AcDbEntity
  8
0
  6
Continuous
 62
    18
420
        0
370
    25
100
AcDb2dPolyline
 66
     1
 10
0.0
 20
0.0
 30
0.0
 70
     1
  0
VERTEX
  5
2F6
330
2F5
100
AcDbEntity
  8
0
  6
Continuous
 62
    18
420
        0
370
    25
100
AcDbVertex
100
AcDb2dVertex
 10
8.96770824284565
 20
16.28430420709295
 30
0.0
  0
VERTEX
  5
2F7
330
2F5
100
AcDbEntity
  8
0
  6
Continuous
 62
    18
420
        0
370
    25
100
AcDbVertex
100
AcDb2dVertex
 10
9.569640337942221
 20
16.28430420709295
 30
0.0
  0
VERTEX
  5
2F8
330
2F5
100
AcDbEntity
  8
0
  6
Continuous
 62
    18
420
        0
370
    25
100
AcDbVertex
100
AcDb2dVertex
 10
9.569640337942221
 20
16.88236587021195
 30
0.0
  0
VERTEX
  5
2F9
330
2F5
100
AcDbEntity
  8
0
  6
Continuous
 62
    18
420
        0
370
    25
100
AcDbVertex
100
AcDb2dVertex
 10
8.96770824284565
 20
16.88236587021195
 30
0.0
  0
SEQEND
  5
2FA
330
2F5
100
AcDbEntity
  8
0
  6
Continuous
 62
    18
420
        0
370
    25
  0
POLYLINE
  5
2FB
330
1F
100
AcDbEntity
  8
0
  6
Continuous
 62
    18
420
        0
370
    25
100
AcDb2dPolyline
 66
     1
 10
0.0
 20
0.0
 30
0.0
 70
     1
  0
VERTEX
  5
2FC
330
2FB
100
AcDbEntity
  8
0
  6
Continuous
 62
    18
420
        0
370
    25
100
AcDbVertex
100
AcDb2dVertex
 10
9.720182552605682
 20
16.2774791038382
 30
0.0
  0
VERTEX
  5
2FD
330
2FB
100
AcDbEntity
  8
0
  6
Continuous
 62
    18
420
        0
370
    25
100
AcDbVertex
100
AcDb2dVertex
 10
10.32211464770225
 20
16.2774791038382
 30
0.0
  0
VERTEX
  5
2FE
330
2FB
100
AcDbEntity
  8
0
  6
Continuous
 62
    18
420
        0
370
    25
100
AcDbVertex
100
AcDb2dVertex
 10
10.32211464770225
 20
16.87554076695718
 30
0.0
  0
VERTEX
  5
2FF
330
2FB
100
AcDbEntity
  8
0
  6
Continuous
 62
    18
420
        0
370
    25
100
AcDbVertex
100
AcDb2dVertex
 10
9.720182552605682
 20
16.87554076695718
 30
0.0
  0
SEQEND
  5
300
330
2FB
100
AcDbEntity
  8
0
  6
Continuous
 62
    18
420
        0
370
    25
  0
POLYLINE
  5
301
330
1F
100
AcDbEntity
  8
0
  6
Continuous
 62
    18
420
        0
370
    25
100
AcDb2dPolyline
 66
     1
 10
0.0
 20
0.0
 30
0.0
 70
     1
  0
VERTEX
  5
302
330
301
100
AcDbEntity
  8
0
  6
Continuous
 62
    18
420
        0
370
    25
100
AcDbVertex
100
AcDb2dVertex
 10
7.431643123803101
 20
19.90538646136754
 30
0.0
  0
VERTEX
  5
303
330
301
100
AcDbEntity
  8
0
  6
Continuous
 62
    18
420
        0
370
    25
100
AcDbVertex
100
AcDb2dVertex
 10
8.031643123803097
 20
19.90538646136754
 30
0.0
  0
VERTEX
  5
304
330
301
100
AcDbEntity
  8
0
  6
Continuous
 62
    18
420
        0
370
    25
100
AcDbVertex
100
AcDb2dVertex
 10
8.031643123803097
 20
20.50538646136755
 30
0.0
  0
VERTEX
  5
305
330
301
100
AcDbEntity
  8
0
  6
Continuous
 62
    18
420
        0
370
    25
100
AcDbVertex
100
AcDb2dVertex
 10
7.431643123803101
 20
20.50538646136755
 30
0.0
  0
SEQEND
  5
306
330
301
100
AcDbEntity
  8
0
  6
Continuous
 62
    18
420
        0
370
    25
  0
POLYLINE
  5
307
330
1F
100
AcDbEntity
  8
0
  6
Continuous
 62
    18
420
        0
370
    25
100
AcDb2dPolyline
 66
     1
 10
0.0
 20
0.0
 30
0.0
 70
     1
  0
VERTEX
  5
308
330
307
100
AcDbEntity
  8
0
  6
Continuous
 62
    18
420
        0
370
    25
100
AcDbVertex
100
AcDb2dVertex
 10
8.96770824284565
 20
19.0310731255463
 30
0.0
  0
VERTEX
  5
309
330
307
100
AcDbEntity
  8
0
  6
Continuous
 62
    18
420
        0
370
    25
100
AcDbVertex
100
AcDb2dVertex
 10
9.569640337942221
 20
19.0310731255463
 30
0.0
  0
VERTEX
  5
30A
330
307
100
AcDbEntity
  8
0
  6
Continuous
 62
    18
420
        0
370
    25
100
AcDbVertex
100
AcDb2dVertex
 10
9.569640337942221
 20
19.6291347886653
 30
0.0
  0
VERTEX
  5
30B
330
307
100
AcDbEntity
  8
0
  6
Continuous
 62
    18
420
        0
370
    25
100
AcDbVertex
100
AcDb2dVertex
 10
8.96770824284565
 20
19.6291347886653
 30
0.0
  0
SEQEND
  5
30C
330
307
100
AcDbEntity
  8
0
  6
Continuous
 62
    18
420
        0
370
    25
  0
POLYLINE
  5
30D
330
1F
100
AcDbEntity
  8
0
  6
Continuous
 62
    18
420
        0
370
    25
100
AcDb2dPolyline
 66
     1
 10
0.0
 20
0.0
 30
0.0
 70
     1
  0
VERTEX
  5
30E
330
30D
100
AcDbEntity
  8
0
  6
Continuous
 62
    18
420
        0
370
    25
100
AcDbVertex
100
AcDb2dVertex
 10
9.720182552605682
 20
19.02424802229155
 30
0.0
  0
VERTEX
  5
30F
330
30D
100
AcDbEntity
  8
0
  6
Continuous
 62
    18
420
        0
370
    25
100
AcDbVertex
100
AcDb2dVertex
 10
10.32211464770225
 20
19.02424802229155
 30
0.0
  0
VERTEX
  5
310
330
30D
100
AcDbEntity
  8
0
  6
Continuous
 62
    18
420
        0
370
    25
100
AcDbVertex
100
AcDb2dVertex
 10
10.32211464770225
 20
19.62230968541053
 30
0.0
  0
VERTEX
  5
311
330
30D
100
AcDbEntity
  8
0
  6
Continuous
 62
    18
420
        0
370
    25
100
AcDbVertex
100
AcDb2dVertex
 10
9.720182552605682
 20
19.62230968541053
 30
0.0
  0
SEQEND
  5
312
330
30D
100
AcDbEntity
  8
0
  6
Continuous
 62
    18
420
        0
370
    25
  0
POLYLINE
  5
313
330
1F
100
AcDbEntity
  8
0
  6
Continuous
 62
    18
420
        0
370
    25
100
AcDb2dPolyline
 66
     1
 10
0.0
 20
0.0
 30
0.0
 70
     1
  0
VERTEX
  5
314
330
313
100
AcDbEntity
  8
0
  6
Continuous
 62
    18
420
        0
370
    25
100
AcDbVertex
100
AcDb2dVertex
 10
16.40356195633143
 20
27.28443372272724
 30
0.0
  0
VERTEX
  5
315
330
313
100
AcDbEntity
  8
0
  6
Continuous
 62
    18
420
        0
370
    25
100
AcDbVertex
100
AcDb2dVertex
 10
17.00356195633142
 20
27.28443372272724
 30
0.0
  0
VERTEX
  5
316
330
313
100
AcDbEntity
  8
0
  6
Continuous
 62
    18
420
        0
370
    25
100
AcDbVertex
100
AcDb2dVertex
 10
17.00356195633142
 20
27.88443372272724
 30
0.0
  0
VERTEX
  5
317
330
313
100
AcDbEntity
  8
0
  6
Continuous
 62
    18
420
        0
370
    25
100
AcDbVertex
100
AcDb2dVertex
 10
16.40356195633143
 20
27.88443372272724
 30
0.0
  0
SEQEND
  5
318
330
313
100
AcDbEntity
  8
0
  6
Continuous
 62
    18
420
        0
370
    25
  0
POLYLINE
  5
319
330
1F
100
AcDbEntity
  8
0
  6
Continuous
 62
    18
420
        0
370
    25
100
AcDb2dPolyline
 66
     1
 10
0.0
 20
0.0
 30
0.0
 70
     1
  0
VERTEX
  5
31A
330
319
100
AcDbEntity
  8
0
  6
Continuous
 62
    18
420
        0
370
    25
100
AcDbVertex
100
AcDb2dVertex
 10
15.27541761934949
 20
25.8310007072269
 30
0.0
  0
VERTEX
  5
31B
330
319
100
AcDbEntity
  8
0
  6
Continuous
 62
    18
420
        0
370
    25
100
AcDbVertex
100
AcDb2dVertex
 10
15.87347928246848
 20
25.8310007072269
 30
0.0
  0
VERTEX
  5
31C
330
319
100
AcDbEntity
  8
0
  6
Continuous
 62
    18
420
        0
370
    25
100
AcDbVertex
100
AcDb2dVertex
 10
15.87347928246848
 20
26.43293280232347
 30
0.0
  0
VERTEX
  5
31D
330
319
100
AcDbEntity
  8
0
  6
Continuous
 62
    18
420
        0
370
    25
100
AcDbVertex
100
AcDb2dVertex
 10
15.27541761934949
 20
26.43293280232347
 30
0.0
  0
SEQEND
  5
31E
330
319
100
AcDbEntity
  8
0
  6
Continuous
 62
    18
420
        0
370
    25
  0
POLYLINE
  5
31F
330
1F
100
AcDbEntity
  8
0
  6
Continuous
 62
    18
420
        0
370
    25
100
AcDb2dPolyline
 66
     1
 10
0.0
 20
0.0
 30
0.0
 70
     1
  0
VERTEX
  5
320
330
31F
100
AcDbEntity
  8
0
  6
Continuous
 62
    18
420
        0
370
    25
100
AcDbVertex
100
AcDb2dVertex
 10
15.2734824033607
 20
25.06740801683392
 30
0.0
  0
VERTEX
  5
321
330
31F
100
AcDbEntity
  8
0
  6
Continuous
 62
    18
420
        0
370
    25
100
AcDbVertex
100
AcDb2dVertex
 10
15.87154406647968
 20
25.06740801683392
 30
0.0
  0
VERTEX
  5
322
330
31F
100
AcDbEntity
  8
0
  6
Continuous
 62
    18
420
        0
370
    25
100
AcDbVertex
100
AcDb2dVertex
 10
15.87154406647968
 20
25.6693401119305
 30
0.0
  0
VERTEX
  5
323
330
31F
100
AcDbEntity
  8
0
  6
Continuous
 62
    18
420
        0
370
    25
100
AcDbVertex
100
AcDb2dVertex
 10
15.2734824033607
 20
25.6693401119305
 30
0.0
  0
SEQEND
  5
324
330
31F
100
AcDbEntity
  8
0
  6
Continuous
 62
    18
420
        0
370
    25
  0
POLYLINE
  5
325
330
1F
100
AcDbEntity
  8
0
  6
Continuous
 62
    18
420
        0
370
    25
100
AcDb2dPolyline
 66
     1
 10
0.0
 20
0.0
 30
0.0
 70
     1
  0
VERTEX
  5
326
330
325
100
AcDbEntity
  8
0
  6
Continuous
 62
    18
420
        0
370
    25
100
AcDbVertex
100
AcDb2dVertex
 10
15.28030750661547
 20
24.31493370707391
 30
0.0
  0
VERTEX
  5
327
330
325
100
AcDbEntity
  8
0
  6
Continuous
 62
    18
420
        0
370
    25
100
AcDbVertex
100
AcDb2dVertex
 10
15.87836916973445
 20
24.31493370707391
 30
0.0
  0
VERTEX
  5
328
330
325
100
AcDbEntity
  8
0
  6
Continuous
 62
    18
420
        0
370
    25
100
AcDbVertex
100
AcDb2dVertex
 10
15.87836916973445
 20
24.91686580217048
 30
0.0
  0
VERTEX
  5
329
330
325
100
AcDbEntity
  8
0
  6
Continuous
 62
    18
420
        0
370
    25
100
AcDbVertex
100
AcDb2dVertex
 10
15.28030750661547
 20
24.91686580217048
 30
0.0
  0
SEQEND
  5
32A
330
325
100
AcDbEntity
  8
0
  6
Continuous
 62
    18
420
        0
370
    25
  0
POLYLINE
  5
32B
330
1F
100
AcDbEntity
  8
0
  6
Continuous
 62
    18
420
        0
370
    25
100
AcDb2dPolyline
 66
     1
 10
0.0
 20
0.0
 30
0.0
 70
     1
  0
VERTEX
  5
32C
330
32B
100
AcDbEntity
  8
0
  6
Continuous
 62
    18
420
        0
370
    25
100
AcDbVertex
100
AcDb2dVertex
 10
20.7315710297639
 20
25.8310007072269
 30
0.0
  0
VERTEX
  5
32D
330
32B
100
AcDbEntity
  8
0
  6
Continuous
 62
    18
420
        0
370
    25
100
AcDbVertex
100
AcDb2dVertex
 10
20.13350936664491
 20
25.8310007072269
 30
0.0
  0
VERTEX
  5
32E
330
32B
100
AcDbEntity
  8
0
  6
Continuous
 62
    18
420
        0
370
    25
100
AcDbVertex
100
AcDb2dVertex
 10
20.13350936664491
 20
26.43293280232347
 30
0.0
  0
VERTEX
  5
32F
330
32B
100
AcDbEntity
  8
0
  6
Continuous
 62
    18
420
        0
370
    25
100
AcDbVertex
100
AcDb2dVertex
 10
20.7315710297639
 20
26.43293280232347
 30
0.0
  0
SEQEND
  5
330
330
32B
100
AcDbEntity
  8
0
  6
Continuous
 62
    18
420
        0
370
    25
  0
POLYLINE
  5
331
330
1F
100
AcDbEntity
  8
0
  6
Continuous
 62
    18
420
        0
370
    25
100
AcDb2dPolyline
 66
     1
 10
0.0
 20
0.0
 30
0.0
 70
     1
  0
VERTEX
  5
332
330
331
100
AcDbEntity
  8
0
  6
Continuous
 62
    18
420
        0
370
    25
100
AcDbVertex
100
AcDb2dVertex
 10
20.73350624575269
 20
25.06740801683392
 30
0.0
  0
VERTEX
  5
333
330
331
100
AcDbEntity
  8
0
  6
Continuous
 62
    18
420
        0
370
    25
100
AcDbVertex
100
AcDb2dVertex
 10
20.13544458263371
 20
25.06740801683392
 30
0.0
  0
VERTEX
  5
334
330
331
100
AcDbEntity
  8
0
  6
Continuous
 62
    18
420
        0
370
    25
100
AcDbVertex
100
AcDb2dVertex
 10
20.13544458263371
 20
25.6693401119305
 30
0.0
  0
VERTEX
  5
335
330
331
100
AcDbEntity
  8
0
  6
Continuous
 62
    18
420
        0
370
    25
100
AcDbVertex
100
AcDb2dVertex
 10
20.73350624575269
 20
25.6693401119305
 30
0.0
  0
SEQEND
  5
336
330
331
100
AcDbEntity
  8
0
  6
Continuous
 62
    18
420
        0
370
    25
  0
POLYLINE
  5
337
330
1F
100
AcDbEntity
  8
0
  6
Continuous
 62
    18
420
        0
370
    25
100
AcDb2dPolyline
 66
     1
 10
0.0
 20
0.0
 30
0.0
 70
     1
  0
VERTEX
  5
338
330
337
100
AcDbEntity
  8
0
  6
Continuous
 62
    18
420
        0
370
    25
100
AcDbVertex
100
AcDb2dVertex
 10
20.72668114249792
 20
24.31493370707391
 30
0.0
  0
VERTEX
  5
339
330
337
100
AcDbEntity
  8
0
  6
Continuous
 62
    18
420
        0
370
    25
100
AcDbVertex
100
AcDb2dVertex
 10
20.12861947937894
 20
24.31493370707391
 30
0.0
  0
VERTEX
  5
33A
330
337
100
AcDbEntity
  8
0
  6
Continuous
 62
    18
420
        0
370
    25
100
AcDbVertex
100
AcDb2dVertex
 10
20.12861947937894
 20
24.91686580217048
 30
0.0
  0
VERTEX
  5
33B
330
337
100
AcDbEntity
  8
0
  6
Continuous
 62
    18
420
        0
370
    25
100
AcDbVertex
100
AcDb2dVertex
 10
20.72668114249792
 20
24.91686580217048
 30
0.0
  0
SEQEND
  5
33C
330
337
100
AcDbEntity
  8
0
  6
Continuous
 62
    18
420
        0
370
    25
  0
POLYLINE
  5
33D
330
1F
100
AcDbEntity
  8
0
  6
Continuous
 62
    18
420
        0
370
    25
100
AcDb2dPolyline
 66
     1
 10
0.0
 20
0.0
 30
0.0
 70
     1
  0
VERTEX
  5
33E
330
33D
100
AcDbEntity
  8
0
  6
Continuous
 62
    18
420
        0
370
    25
100
AcDbVertex
100
AcDb2dVertex
 10
19.58805790170246
 20
27.28172158312497
 30
0.0
  0
VERTEX
  5
33F
330
33D
100
AcDbEntity
  8
0
  6
Continuous
 62
    18
420
        0
370
    25
100
AcDbVertex
100
AcDb2dVertex
 10
18.98805790170247
 20
27.28172158312497
 30
0.0
  0
VERTEX
  5
340
330
33D
100
AcDbEntity
  8
0
  6
Continuous
 62
    18
420
        0
370
    25
100
AcDbVertex
100
AcDb2dVertex
 10
18.98805790170247
 20
27.88172158312498
 30
0.0
  0
VERTEX
  5
341
330
33D
100
AcDbEntity
  8
0
  6
Continuous
 62
    18
420
        0
370
    25
100
AcDbVertex
100
AcDb2dVertex
 10
19.58805790170246
 20
27.88172158312498
 30
0.0
  0
SEQEND
  5
342
330
33D
100
AcDbEntity
  8
0
  6
Continuous
 62
    18
420
        0
370
    25
  0
POLYLINE
  5
343
330
1F
100
AcDbEntity
  8
0
  6
Continuous
 62
    18
420
        0
370
    25
100
AcDb2dPolyline
 66
     1
 10
0.0
 20
0.0
 30
0.0
 70
     1
  0
VERTEX
  5
344
330
343
100
AcDbEntity
  8
0
  6
Continuous
 62
    18
420
        0
370
    25
100
AcDbVertex
100
AcDb2dVertex
 10
32.88176793993762
 20
27.28443372272724
 30
0.0
  0
VERTEX
  5
345
330
343
100
AcDbEntity
  8
0
  6
Continuous
 62
    18
420
        0
370
    25
100
AcDbVertex
100
AcDb2dVertex
 10
33.48176793993761
 20
27.28443372272724
 30
0.0
  0
VERTEX
  5
346
330
343
100
AcDbEntity
  8
0
  6
Continuous
 62
    18
420
        0
370
    25
100
AcDbVertex
100
AcDb2dVertex
 10
33.48176793993761
 20
27.88443372272724
 30
0.0
  0
VERTEX
  5
347
330
343
100
AcDbEntity
  8
0
  6
Continuous
 62
    18
420
        0
370
    25
100
AcDbVertex
100
AcDb2dVertex
 10
32.88176793993762
 20
27.88443372272724
 30
0.0
  0
SEQEND
  5
348
330
343
100
AcDbEntity
  8
0
  6
Continuous
 62
    18
420
        0
370
    25
  0
POLYLINE
  5
349
330
1F
100
AcDbEntity
  8
0
  6
Continuous
 62
    18
420
        0
370
    25
100
AcDb2dPolyline
 66
     1
 10
0.0
 20
0.0
 30
0.0
 70
     1
  0
VERTEX
  5
34A
330
349
100
AcDbEntity
  8
0
  6
Continuous
 62
    18
420
        0
370
    25
100
AcDbVertex
100
AcDb2dVertex
 10
36.06626388530865
 20
27.28172158312497
 30
0.0
  0
VERTEX
  5
34B
330
349
100
AcDbEntity
  8
0
  6
Continuous
 62
    18
420
        0
370
    25
100
AcDbVertex
100
AcDb2dVertex
 10
35.46626388530866
 20
27.28172158312497
 30
0.0
  0
VERTEX
  5
34C
330
349
100
AcDbEntity
  8
0
  6
Continuous
 62
    18
420
        0
370
    25
100
AcDbVertex
100
AcDb2dVertex
 10
35.46626388530866
 20
27.88172158312498
 30
0.0
  0
VERTEX
  5
34D
330
349
100
AcDbEntity
  8
0
  6
Continuous
 62
    18
420
        0
370
    25
100
AcDbVertex
100
AcDb2dVertex
 10
36.06626388530865
 20
27.88172158312498
 30
0.0
  0
SEQEND
  5
34E
330
349
100
AcDbEntity
  8
0
  6
Continuous
 62
    18
420
        0
370
    25
  0
POLYLINE
  5
34F
330
1F
100
AcDbEntity
  8
0
  6
Continuous
 62
    18
420
        0
370
    25
100
AcDb2dPolyline
 66
     1
 10
0.0
 20
0.0
 30
0.0
 70
     1
  0
VERTEX
  5
350
330
34F
100
AcDbEntity
  8
0
  6
Continuous
 62
    18
420
        0
370
    25
100
AcDbVertex
100
AcDb2dVertex
 10
31.87098023650772
 20
25.82983216265482
 30
0.0
  0
VERTEX
  5
351
330
34F
100
AcDbEntity
  8
0
  6
Continuous
 62
    18
420
        0
370
    25
100
AcDbVertex
100
AcDb2dVertex
 10
32.4690418996267
 20
25.82983216265482
 30
0.0
  0
VERTEX
  5
352
330
34F
100
AcDbEntity
  8
0
  6
Continuous
 62
    18
420
        0
370
    25
100
AcDbVertex
100
AcDb2dVertex
 10
32.4690418996267
 20
26.43176425775139
 30
0.0
  0
VERTEX
  5
353
330
34F
100
AcDbEntity
  8
0
  6
Continuous
 62
    18
420
        0
370
    25
100
AcDbVertex
100
AcDb2dVertex
 10
31.87098023650772
 20
26.43176425775139
 30
0.0
  0
SEQEND
  5
354
330
34F
100
AcDbEntity
  8
0
  6
Continuous
 62
    18
420
        0
370
    25
  0
POLYLINE
  5
355
330
1F
100
AcDbEntity
  8
0
  6
Continuous
 62
    18
420
        0
370
    25
100
AcDb2dPolyline
 66
     1
 10
0.0
 20
0.0
 30
0.0
 70
     1
  0
VERTEX
  5
356
330
355
100
AcDbEntity
  8
0
  6
Continuous
 62
    18
420
        0
370
    25
100
AcDbVertex
100
AcDb2dVertex
 10
31.86904502051892
 20
25.06623947226185
 30
0.0
  0
VERTEX
  5
357
330
355
100
AcDbEntity
  8
0
  6
Continuous
 62
    18
420
        0
370
    25
100
AcDbVertex
100
AcDb2dVertex
 10
32.46710668363791
 20
25.06623947226185
 30
0.0
  0
VERTEX
  5
358
330
355
100
AcDbEntity
  8
0
  6
Continuous
 62
    18
420
        0
370
    25
100
AcDbVertex
100
AcDb2dVertex
 10
32.46710668363791
 20
25.66817156735842
 30
0.0
  0
VERTEX
  5
359
330
355
100
AcDbEntity
  8
0
  6
Continuous
 62
    18
420
        0
370
    25
100
AcDbVertex
100
AcDb2dVertex
 10
31.86904502051892
 20
25.66817156735842
 30
0.0
  0
SEQEND
  5
35A
330
355
100
AcDbEntity
  8
0
  6
Continuous
 62
    18
420
        0
370
    25
  0
POLYLINE
  5
35B
330
1F
100
AcDbEntity
  8
0
  6
Continuous
 62
    18
420
        0
370
    25
100
AcDb2dPolyline
 66
     1
 10
0.0
 20
0.0
 30
0.0
 70
     1
  0
VERTEX
  5
35C
330
35B
100
AcDbEntity
  8
0
  6
Continuous
 62
    18
420
        0
370
    25
100
AcDbVertex
100
AcDb2dVertex
 10
31.87587012377369
 20
24.31376516250183
 30
0.0
  0
VERTEX
  5
35D
330
35B
100
AcDbEntity
  8
0
  6
Continuous
 62
    18
420
        0
370
    25
100
AcDbVertex
100
AcDb2dVertex
 10
32.47393178689268
 20
24.31376516250183
 30
0.0
  0
VERTEX
  5
35E
330
35B
100
AcDbEntity
  8
0
  6
Continuous
 62
    18
420
        0
370
    25
100
AcDbVertex
100
AcDb2dVertex
 10
32.47393178689268
 20
24.9156972575984
 30
0.0
  0
VERTEX
  5
35F
330
35B
100
AcDbEntity
  8
0
  6
Continuous
 62
    18
420
        0
370
    25
100
AcDbVertex
100
AcDb2dVertex
 10
31.87587012377369
 20
24.9156972575984
 30
0.0
  0
SEQEND
  5
360
330
35B
100
AcDbEntity
  8
0
  6
Continuous
 62
    18
420
        0
370
    25
  0
POLYLINE
  5
361
330
1F
100
AcDbEntity
  8
0
  6
Continuous
 62
    18
420
        0
370
    25
100
AcDb2dPolyline
 66
     1
 10
0.0
 20
0.0
 30
0.0
 70
     1
  0
VERTEX
  5
362
330
361
100
AcDbEntity
  8
0
  6
Continuous
 62
    18
420
        0
370
    25
100
AcDbVertex
100
AcDb2dVertex
 10
37.07875280404017
 20
25.83795937914231
 30
0.0
  0
VERTEX
  5
363
330
361
100
AcDbEntity
  8
0
  6
Continuous
 62
    18
420
        0
370
    25
100
AcDbVertex
100
AcDb2dVertex
 10
36.48069114092119
 20
25.83795937914231
 30
0.0
  0
VERTEX
  5
364
330
361
100
AcDbEntity
  8
0
  6
Continuous
 62
    18
420
        0
370
    25
100
AcDbVertex
100
AcDb2dVertex
 10
36.48069114092119
 20
26.43989147423889
 30
0.0
  0
VERTEX
  5
365
330
361
100
AcDbEntity
  8
0
  6
Continuous
 62
    18
420
        0
370
    25
100
AcDbVertex
100
AcDb2dVertex
 10
37.07875280404017
 20
26.43989147423889
 30
0.0
  0
SEQEND
  5
366
330
361
100
AcDbEntity
  8
0
  6
Continuous
 62
    18
420
        0
370
    25
  0
POLYLINE
  5
367
330
1F
100
AcDbEntity
  8
0
  6
Continuous
 62
    18
420
        0
370
    25
100
AcDb2dPolyline
 66
     1
 10
0.0
 20
0.0
 30
0.0
 70
     1
  0
VERTEX
  5
368
330
367
100
AcDbEntity
  8
0
  6
Continuous
 62
    18
420
        0
370
    25
100
AcDbVertex
100
AcDb2dVertex
 10
37.08068802002896
 20
25.07436668874935
 30
0.0
  0
VERTEX
  5
369
330
367
100
AcDbEntity
  8
0
  6
Continuous
 62
    18
420
        0
370
    25
100
AcDbVertex
100
AcDb2dVertex
 10
36.48262635690998
 20
25.07436668874935
 30
0.0
  0
VERTEX
  5
36A
330
367
100
AcDbEntity
  8
0
  6
Continuous
 62
    18
420
        0
370
    25
100
AcDbVertex
100
AcDb2dVertex
 10
36.48262635690998
 20
25.67629878384592
 30
0.0
  0
VERTEX
  5
36B
330
367
100
AcDbEntity
  8
0
  6
Continuous
 62
    18
420
        0
370
    25
100
AcDbVertex
100
AcDb2dVertex
 10
37.08068802002896
 20
25.67629878384592
 30
0.0
  0
SEQEND
  5
36C
330
367
100
AcDbEntity
  8
0
  6
Continuous
 62
    18
420
        0
370
    25
  0
POLYLINE
  5
36D
330
1F
100
AcDbEntity
  8
0
  6
Continuous
 62
    18
420
        0
370
    25
100
AcDb2dPolyline
 66
     1
 10
0.0
 20
0.0
 30
0.0
 70
     1
  0
VERTEX
  5
36E
330
36D
100
AcDbEntity
  8
0
  6
Continuous
 62
    18
420
        0
370
    25
100
AcDbVertex
100
AcDb2dVertex
 10
37.0738629167742
 20
24.32189237898933
 30
0.0
  0
VERTEX
  5
36F
330
36D
100
AcDbEntity
  8
0
  6
Continuous
 62
    18
420
        0
370
    25
100
AcDbVertex
100
AcDb2dVertex
 10
36.47580125365521
 20
24.32189237898933
 30
0.0
  0
VERTEX
  5
370
330
36D
100
AcDbEntity
  8
0
  6
Continuous
 62
    18
420
        0
370
    25
100
AcDbVertex
100
AcDb2dVertex
 10
36.47580125365521
 20
24.9238244740859
 30
0.0
  0
VERTEX
  5
371
330
36D
100
AcDbEntity
  8
0
  6
Continuous
 62
    18
420
        0
370
    25
100
AcDbVertex
100
AcDb2dVertex
 10
37.0738629167742
 20
24.9238244740859
 30
0.0
  0
SEQEND
  5
372
330
36D
100
AcDbEntity
  8
0
  6
Continuous
 62
    18
420
        0
370
    25
  0
POLYLINE
  5
373
330
1F
100
AcDbEntity
  8
0
  6
Continuous
 62
    18
420
        0
370
    25
100
AcDb2dPolyline
 66
     1
 10
0.0
 20
0.0
 30
0.0
 70
     1
  0
VERTEX
  5
374
330
373
100
AcDbEntity
  8
0
  6
Continuous
 62
    18
420
        0
370
    25
100
AcDbVertex
100
AcDb2dVertex
 10
51.98724997861316
 20
27.28443372272724
 30
0.0
  0
VERTEX
  5
375
330
373
100
AcDbEntity
  8
0
  6
Continuous
 62
    18
420
        0
370
    25
100
AcDbVertex
100
AcDb2dVertex
 10
52.58724997861314
 20
27.28443372272724
 30
0.0
  0
VERTEX
  5
376
330
373
100
AcDbEntity
  8
0
  6
Continuous
 62
    18
420
        0
370
    25
100
AcDbVertex
100
AcDb2dVertex
 10
52.58724997861314
 20
27.88443372272724
 30
0.0
  0
VERTEX
  5
377
330
373
100
AcDbEntity
  8
0
  6
Continuous
 62
    18
420
        0
370
    25
100
AcDbVertex
100
AcDb2dVertex
 10
51.98724997861316
 20
27.88443372272724
 30
0.0
  0
SEQEND
  5
378
330
373
100
AcDbEntity
  8
0
  6
Continuous
 62
    18
420
        0
370
    25
  0
POLYLINE
  5
379
330
1F
100
AcDbEntity
  8
0
  6
Continuous
 62
    18
420
        0
370
    25
100
AcDb2dPolyline
 66
     1
 10
0.0
 20
0.0
 30
0.0
 70
     1
  0
VERTEX
  5
37A
330
379
100
AcDbEntity
  8
0
  6
Continuous
 62
    18
420
        0
370
    25
100
AcDbVertex
100
AcDb2dVertex
 10
50.97646227518325
 20
25.82983216265482
 30
0.0
  0
VERTEX
  5
37B
330
379
100
AcDbEntity
  8
0
  6
Continuous
 62
    18
420
        0
370
    25
100
AcDbVertex
100
AcDb2dVertex
 10
51.57452393830223
 20
25.82983216265482
 30
0.0
  0
VERTEX
  5
37C
330
379
100
AcDbEntity
  8
0
  6
Continuous
 62
    18
420
        0
370
    25
100
AcDbVertex
100
AcDb2dVertex
 10
51.57452393830223
 20
26.43176425775139
 30
0.0
  0
VERTEX
  5
37D
330
379
100
AcDbEntity
  8
0
  6
Continuous
 62
    18
420
        0
370
    25
100
AcDbVertex
100
AcDb2dVertex
 10
50.97646227518325
 20
26.43176425775139
 30
0.0
  0
SEQEND
  5
37E
330
379
100
AcDbEntity
  8
0
  6
Continuous
 62
    18
420
        0
370
    25
  0
POLYLINE
  5
37F
330
1F
100
AcDbEntity
  8
0
  6
Continuous
 62
    18
420
        0
370
    25
100
AcDb2dPolyline
 66
     1
 10
0.0
 20
0.0
 30
0.0
 70
     1
  0
VERTEX
  5
380
330
37F
100
AcDbEntity
  8
0
  6
Continuous
 62
    18
420
        0
370
    25
100
AcDbVertex
100
AcDb2dVertex
 10
50.97452705919446
 20
25.06623947226185
 30
0.0
  0
VERTEX
  5
381
330
37F
100
AcDbEntity
  8
0
  6
Continuous
 62
    18
420
        0
370
    25
100
AcDbVertex
100
AcDb2dVertex
 10
51.57258872231344
 20
25.06623947226185
 30
0.0
  0
VERTEX
  5
382
330
37F
100
AcDbEntity
  8
0
  6
Continuous
 62
    18
420
        0
370
    25
100
AcDbVertex
100
AcDb2dVertex
 10
51.57258872231344
 20
25.66817156735842
 30
0.0
  0
VERTEX
  5
383
330
37F
100
AcDbEntity
  8
0
  6
Continuous
 62
    18
420
        0
370
    25
100
AcDbVertex
100
AcDb2dVertex
 10
50.97452705919446
 20
25.66817156735842
 30
0.0
  0
SEQEND
  5
384
330
37F
100
AcDbEntity
  8
0
  6
Continuous
 62
    18
420
        0
370
    25
  0
POLYLINE
  5
385
330
1F
100
AcDbEntity
  8
0
  6
Continuous
 62
    18
420
        0
370
    25
100
AcDb2dPolyline
 66
     1
 10
0.0
 20
0.0
 30
0.0
 70
     1
  0
VERTEX
  5
386
330
385
100
AcDbEntity
  8
0
  6
Continuous
 62
    18
420
        0
370
    25
100
AcDbVertex
100
AcDb2dVertex
 10
50.98135216244923
 20
24.31376516250183
 30
0.0
  0
VERTEX
  5
387
330
385
100
AcDbEntity
  8
0
  6
Continuous
 62
    18
420
        0
370
    25
100
AcDbVertex
100
AcDb2dVertex
 10
51.57941382556822
 20
24.31376516250183
 30
0.0
  0
VERTEX
  5
388
330
385
100
AcDbEntity
  8
0
  6
Continuous
 62
    18
420
        0
370
    25
100
AcDbVertex
100
AcDb2dVertex
 10
51.57941382556822
 20
24.9156972575984
 30
0.0
  0
VERTEX
  5
389
330
385
100
AcDbEntity
  8
0
  6
Continuous
 62
    18
420
        0
370
    25
100
AcDbVertex
100
AcDb2dVertex
 10
50.98135216244923
 20
24.9156972575984
 30
0.0
  0
SEQEND
  5
38A
330
385
100
AcDbEntity
  8
0
  6
Continuous
 62
    18
420
        0
370
    25
  0
POLYLINE
  5
38B
330
1F
100
AcDbEntity
  8
0
  6
Continuous
 62
    18
420
        0
370
    25
100
AcDb2dPolyline
 66
     1
 10
0.0
 20
0.0
 30
0.0
 70
     1
  0
VERTEX
  5
38C
330
38B
100
AcDbEntity
  8
0
  6
Continuous
 62
    18
420
        0
370
    25
100
AcDbVertex
100
AcDb2dVertex
 10
55.19073090120004
 20
27.27900944352271
 30
0.0
  0
VERTEX
  5
38D
330
38B
100
AcDbEntity
  8
0
  6
Continuous
 62
    18
420
        0
370
    25
100
AcDbVertex
100
AcDb2dVertex
 10
54.59073090120005
 20
27.27900944352271
 30
0.0
  0
VERTEX
  5
38E
330
38B
100
AcDbEntity
  8
0
  6
Continuous
 62
    18
420
        0
370
    25
100
AcDbVertex
100
AcDb2dVertex
 10
54.59073090120005
 20
27.87900944352271
 30
0.0
  0
VERTEX
  5
38F
330
38B
100
AcDbEntity
  8
0
  6
Continuous
 62
    18
420
        0
370
    25
100
AcDbVertex
100
AcDb2dVertex
 10
55.19073090120004
 20
27.87900944352271
 30
0.0
  0
SEQEND
  5
390
330
38B
100
AcDbEntity
  8
0
  6
Continuous
 62
    18
420
        0
370
    25
  0
POLYLINE
  5
391
330
1F
100
AcDbEntity
  8
0
  6
Continuous
 62
    18
420
        0
370
    25
100
AcDb2dPolyline
 66
     1
 10
0.0
 20
0.0
 30
0.0
 70
     1
  0
VERTEX
  5
392
330
391
100
AcDbEntity
  8
0
  6
Continuous
 62
    18
420
        0
370
    25
100
AcDbVertex
100
AcDb2dVertex
 10
56.20786553696926
 20
24.3270779392656
 30
0.0
  0
VERTEX
  5
393
330
391
100
AcDbEntity
  8
0
  6
Continuous
 62
    18
420
        0
370
    25
100
AcDbVertex
100
AcDb2dVertex
 10
55.60980387385026
 20
24.3270779392656
 30
0.0
  0
VERTEX
  5
394
330
391
100
AcDbEntity
  8
0
  6
Continuous
 62
    18
420
        0
370
    25
100
AcDbVertex
100
AcDb2dVertex
 10
55.60980387385026
 20
24.92901003436216
 30
0.0
  0
VERTEX
  5
395
330
391
100
AcDbEntity
  8
0
  6
Continuous
 62
    18
420
        0
370
    25
100
AcDbVertex
100
AcDb2dVertex
 10
56.20786553696926
 20
24.92901003436216
 30
0.0
  0
SEQEND
  5
396
330
391
100
AcDbEntity
  8
0
  6
Continuous
 62
    18
420
        0
370
    25
  0
POLYLINE
  5
397
330
1F
100
AcDbEntity
  8
0
  6
Continuous
 62
    18
420
        0
370
    25
100
AcDb2dPolyline
 66
     1
 10
0.0
 20
0.0
 30
0.0
 70
     1
  0
VERTEX
  5
398
330
397
100
AcDbEntity
  8
0
  6
Continuous
 62
    18
420
        0
370
    25
100
AcDbVertex
100
AcDb2dVertex
 10
56.21469064022402
 20
25.07955224902562
 30
0.0
  0
VERTEX
  5
399
330
397
100
AcDbEntity
  8
0
  6
Continuous
 62
    18
420
        0
370
    25
100
AcDbVertex
100
AcDb2dVertex
 10
55.61662897710504
 20
25.07955224902562
 30
0.0
  0
VERTEX
  5
39A
330
397
100
AcDbEntity
  8
0
  6
Continuous
 62
    18
420
        0
370
    25
100
AcDbVertex
100
AcDb2dVertex
 10
55.61662897710504
 20
25.68148434412219
 30
0.0
  0
VERTEX
  5
39B
330
397
100
AcDbEntity
  8
0
  6
Continuous
 62
    18
420
        0
370
    25
100
AcDbVertex
100
AcDb2dVertex
 10
56.21469064022402
 20
25.68148434412219
 30
0.0
  0
SEQEND
  5
39C
330
397
100
AcDbEntity
  8
0
  6
Continuous
 62
    18
420
        0
370
    25
  0
POLYLINE
  5
39D
330
1F
100
AcDbEntity
  8
0
  6
Continuous
 62
    18
420
        0
370
    25
100
AcDb2dPolyline
 66
     1
 10
0.0
 20
0.0
 30
0.0
 70
     1
  0
VERTEX
  5
39E
330
39D
100
AcDbEntity
  8
0
  6
Continuous
 62
    18
420
        0
370
    25
100
AcDbVertex
100
AcDb2dVertex
 10
56.21275542423524
 20
25.84314493941859
 30
0.0
  0
VERTEX
  5
39F
330
39D
100
AcDbEntity
  8
0
  6
Continuous
 62
    18
420
        0
370
    25
100
AcDbVertex
100
AcDb2dVertex
 10
55.61469376111625
 20
25.84314493941859
 30
0.0
  0
VERTEX
  5
3A0
330
39D
100
AcDbEntity
  8
0
  6
Continuous
 62
    18
420
        0
370
    25
100
AcDbVertex
100
AcDb2dVertex
 10
55.61469376111625
 20
26.44507703451516
 30
0.0
  0
VERTEX
  5
3A1
330
39D
100
AcDbEntity
  8
0
  6
Continuous
 62
    18
420
        0
370
    25
100
AcDbVertex
100
AcDb2dVertex
 10
56.21275542423524
 20
26.44507703451516
 30
0.0
  0
SEQEND
  5
3A2
330
39D
100
AcDbEntity
  8
0
  6
Continuous
 62
    18
420
        0
370
    25
  0
POLYLINE
  5
3A3
330
1F
100
AcDbEntity
  8
0
  6
Continuous
 62
    18
420
        0
370
    25
100
AcDb2dPolyline
 66
     1
 10
0.0
 20
0.0
 30
0.0
 70
     1
  0
VERTEX
  5
3A4
330
3A3
100
AcDbEntity
  8
0
  6
Continuous
 62
    18
420
        0
370
    25
100
AcDbVertex
100
AcDb2dVertex
 10
49.01024996142269
 20
27.24982800172835
 30
0.0
  0
VERTEX
  5
3A5
330
3A3
100
AcDbEntity
  8
0
  6
Continuous
 62
    18
420
        0
370
    25
100
AcDbVertex
100
AcDb2dVertex
 10
49.61024996142268
 20
27.24982800172835
 30
0.0
  0
VERTEX
  5
3A6
330
3A3
100
AcDbEntity
  8
0
  6
Continuous
 62
    18
420
        0
370
    25
100
AcDbVertex
100
AcDb2dVertex
 10
49.61024996142268
 20
27.84982800172835
 30
0.0
  0
VERTEX
  5
3A7
330
3A3
100
AcDbEntity
  8
0
  6
Continuous
 62
    18
420
        0
370
    25
100
AcDbVertex
100
AcDb2dVertex
 10
49.01024996142269
 20
27.84982800172835
 30
0.0
  0
SEQEND
  5
3A8
330
3A3
100
AcDbEntity
  8
0
  6
Continuous
 62
    18
420
        0
370
    25
  0
POLYLINE
  5
3A9
330
1F
100
AcDbEntity
  8
0
  6
Continuous
 62
    18
420
        0
370
    25
100
AcDb2dPolyline
 66
     1
 10
0.0
 20
0.0
 30
0.0
 70
     1
  0
VERTEX
  5
3AA
330
3A9
100
AcDbEntity
  8
0
  6
Continuous
 62
    18
420
        0
370
    25
100
AcDbVertex
100
AcDb2dVertex
 10
49.01024996142269
 20
25.38007649869999
 30
0.0
  0
VERTEX
  5
3AB
330
3A9
100
AcDbEntity
  8
0
  6
Continuous
 62
    18
420
        0
370
    25
100
AcDbVertex
100
AcDb2dVertex
 10
49.61024996142268
 20
25.38007649869999
 30
0.0
  0
VERTEX
  5
3AC
330
3A9
100
AcDbEntity
  8
0
  6
Continuous
 62
    18
420
        0
370
    25
100
AcDbVertex
100
AcDb2dVertex
 10
49.61024996142268
 20
25.98007649869998
 30
0.0
  0
VERTEX
  5
3AD
330
3A9
100
AcDbEntity
  8
0
  6
Continuous
 62
    18
420
        0
370
    25
100
AcDbVertex
100
AcDb2dVertex
 10
49.01024996142269
 20
25.98007649869998
 30
0.0
  0
SEQEND
  5
3AE
330
3A9
100
AcDbEntity
  8
0
  6
Continuous
 62
    18
420
        0
370
    25
  0
POLYLINE
  5
3AF
330
1F
100
AcDbEntity
  8
0
  6
Continuous
 62
    18
420
        0
370
    25
100
AcDb2dPolyline
 66
     1
 10
0.0
 20
0.0
 30
0.0
 70
     1
  0
VERTEX
  5
3B0
330
3AF
100
AcDbEntity
  8
0
  6
Continuous
 62
    18
420
        0
370
    25
100
AcDbVertex
100
AcDb2dVertex
 10
49.01024996142269
 20
23.5036682211294
 30
0.0
  0
VERTEX
  5
3B1
330
3AF
100
AcDbEntity
  8
0
  6
Continuous
 62
    18
420
        0
370
    25
100
AcDbVertex
100
AcDb2dVertex
 10
49.61024996142268
 20
23.5036682211294
 30
0.0
  0
VERTEX
  5
3B2
330
3AF
100
AcDbEntity
  8
0
  6
Continuous
 62
    18
420
        0
370
    25
100
AcDbVertex
100
AcDb2dVertex
 10
49.61024996142268
 20
24.10366822112939
 30
0.0
  0
VERTEX
  5
3B3
330
3AF
100
AcDbEntity
  8
0
  6
Continuous
 62
    18
420
        0
370
    25
100
AcDbVertex
100
AcDb2dVertex
 10
49.01024996142269
 20
24.10366822112939
 30
0.0
  0
SEQEND
  5
3B4
330
3AF
100
AcDbEntity
  8
0
  6
Continuous
 62
    18
420
        0
370
    25
  0
POLYLINE
  5
3B5
330
1F
100
AcDbEntity
  8
0
  6
Continuous
 62
    18
420
        0
370
    25
100
AcDb2dPolyline
 66
     1
 10
0.0
 20
0.0
 30
0.0
 70
     1
  0
VERTEX
  5
3B6
330
3B5
100
AcDbEntity
  8
0
  6
Continuous
 62
    18
420
        0
370
    25
100
AcDbVertex
100
AcDb2dVertex
 10
47.19511344933458
 20
27.24982800172835
 30
0.0
  0
VERTEX
  5
3B7
330
3B5
100
AcDbEntity
  8
0
  6
Continuous
 62
    18
420
        0
370
    25
100
AcDbVertex
100
AcDb2dVertex
 10
46.59511344933458
 20
27.24982800172835
 30
0.0
  0
VERTEX
  5
3B8
330
3B5
100
AcDbEntity
  8
0
  6
Continuous
 62
    18
420
        0
370
    25
100
AcDbVertex
100
AcDb2dVertex
 10
46.59511344933458
 20
27.84982800172835
 30
0.0
  0
VERTEX
  5
3B9
330
3B5
100
AcDbEntity
  8
0
  6
Continuous
 62
    18
420
        0
370
    25
100
AcDbVertex
100
AcDb2dVertex
 10
47.19511344933458
 20
27.84982800172835
 30
0.0
  0
SEQEND
  5
3BA
330
3B5
100
AcDbEntity
  8
0
  6
Continuous
 62
    18
420
        0
370
    25
  0
POLYLINE
  5
3BB
330
1F
100
AcDbEntity
  8
0
  6
Continuous
 62
    18
420
        0
370
    25
100
AcDb2dPolyline
 66
     1
 10
0.0
 20
0.0
 30
0.0
 70
     1
  0
VERTEX
  5
3BC
330
3BB
100
AcDbEntity
  8
0
  6
Continuous
 62
    18
420
        0
370
    25
100
AcDbVertex
100
AcDb2dVertex
 10
47.19511344933458
 20
25.38007649869999
 30
0.0
  0
VERTEX
  5
3BD
330
3BB
100
AcDbEntity
  8
0
  6
Continuous
 62
    18
420
        0
370
    25
100
AcDbVertex
100
AcDb2dVertex
 10
46.59511344933458
 20
25.38007649869999
 30
0.0
  0
VERTEX
  5
3BE
330
3BB
100
AcDbEntity
  8
0
  6
Continuous
 62
    18
420
        0
370
    25
100
AcDbVertex
100
AcDb2dVertex
 10
46.59511344933458
 20
25.98007649869998
 30
0.0
  0
VERTEX
  5
3BF
330
3BB
100
AcDbEntity
  8
0
  6
Continuous
 62
    18
420
        0
370
    25
100
AcDbVertex
100
AcDb2dVertex
 10
47.19511344933458
 20
25.98007649869998
 30
0.0
  0
SEQEND
  5
3C0
330
3BB
100
AcDbEntity
  8
0
  6
Continuous
 62
    18
420
        0
370
    25
  0
POLYLINE
  5
3C1
330
1F
100
AcDbEntity
  8
0
  6
Continuous
 62
    18
420
        0
370
    25
100
AcDb2dPolyline
 66
     1
 10
0.0
 20
0.0
 30
0.0
 70
     1
  0
VERTEX
  5
3C2
330
3C1
100
AcDbEntity
  8
0
  6
Continuous
 62
    18
420
        0
370
    25
100
AcDbVertex
100
AcDb2dVertex
 10
47.19511344933458
 20
23.5036682211294
 30
0.0
  0
VERTEX
  5
3C3
330
3C1
100
AcDbEntity
  8
0
  6
Continuous
 62
    18
420
        0
370
    25
100
AcDbVertex
100
AcDb2dVertex
 10
46.59511344933458
 20
23.5036682211294
 30
0.0
  0
VERTEX
  5
3C4
330
3C1
100
AcDbEntity
  8
0
  6
Continuous
 62
    18
420
        0
370
    25
100
AcDbVertex
100
AcDb2dVertex
 10
46.59511344933458
 20
24.10366822112939
 30
0.0
  0
VERTEX
  5
3C5
330
3C1
100
AcDbEntity
  8
0
  6
Continuous
 62
    18
420
        0
370
    25
100
AcDbVertex
100
AcDb2dVertex
 10
47.19511344933458
 20
24.10366822112939
 30
0.0
  0
SEQEND
  5
3C6
330
3C1
100
AcDbEntity
  8
0
  6
Continuous
 62
    18
420
        0
370
    25
  0
POLYLINE
  5
3C7
330
1F
100
AcDbEntity
  8
0
  6
Continuous
 62
    18
420
        0
370
    25
100
AcDb2dPolyline
 66
     1
 10
0.0
 20
0.0
 30
0.0
 70
     1
  0
VERTEX
  5
3C8
330
3C7
100
AcDbEntity
  8
0
  6
Continuous
 62
    18
420
        0
370
    25
100
AcDbVertex
100
AcDb2dVertex
 10
44.87269113241305
 20
27.24982800172835
 30
0.0
  0
VERTEX
  5
3C9
330
3C7
100
AcDbEntity
  8
0
  6
Continuous
 62
    18
420
        0
370
    25
100
AcDbVertex
100
AcDb2dVertex
 10
45.47269113241304
 20
27.24982800172835
 30
0.0
  0
VERTEX
  5
3CA
330
3C7
100
AcDbEntity
  8
0
  6
Continuous
 62
    18
420
        0
370
    25
100
AcDbVertex
100
AcDb2dVertex
 10
45.47269113241304
 20
27.84982800172835
 30
0.0
  0
VERTEX
  5
3CB
330
3C7
100
AcDbEntity
  8
0
  6
Continuous
 62
    18
420
        0
370
    25
100
AcDbVertex
100
AcDb2dVertex
 10
44.87269113241305
 20
27.84982800172835
 30
0.0
  0
SEQEND
  5
3CC
330
3C7
100
AcDbEntity
  8
0
  6
Continuous
 62
    18
420
        0
370
    25
  0
POLYLINE
  5
3CD
330
1F
100
AcDbEntity
  8
0
  6
Continuous
 62
    18
420
        0
370
    25
100
AcDb2dPolyline
 66
     1
 10
0.0
 20
0.0
 30
0.0
 70
     1
  0
VERTEX
  5
3CE
330
3CD
100
AcDbEntity
  8
0
  6
Continuous
 62
    18
420
        0
370
    25
100
AcDbVertex
100
AcDb2dVertex
 10
44.87269113241305
 20
25.38007649869999
 30
0.0
  0
VERTEX
  5
3CF
330
3CD
100
AcDbEntity
  8
0
  6
Continuous
 62
    18
420
        0
370
    25
100
AcDbVertex
100
AcDb2dVertex
 10
45.47269113241304
 20
25.38007649869999
 30
0.0
  0
VERTEX
  5
3D0
330
3CD
100
AcDbEntity
  8
0
  6
Continuous
 62
    18
420
        0
370
    25
100
AcDbVertex
100
AcDb2dVertex
 10
45.47269113241304
 20
25.98007649869998
 30
0.0
  0
VERTEX
  5
3D1
330
3CD
100
AcDbEntity
  8
0
  6
Continuous
 62
    18
420
        0
370
    25
100
AcDbVertex
100
AcDb2dVertex
 10
44.87269113241305
 20
25.98007649869998
 30
0.0
  0
SEQEND
  5
3D2
330
3CD
100
AcDbEntity
  8
0
  6
Continuous
 62
    18
420
        0
370
    25
  0
POLYLINE
  5
3D3
330
1F
100
AcDbEntity
  8
0
  6
Continuous
 62
    18
420
        0
370
    25
100
AcDb2dPolyline
 66
     1
 10
0.0
 20
0.0
 30
0.0
 70
     1
  0
VERTEX
  5
3D4
330
3D3
100
AcDbEntity
  8
0
  6
Continuous
 62
    18
420
        0
370
    25
100
AcDbVertex
100
AcDb2dVertex
 10
44.87269113241305
 20
23.5036682211294
 30
0.0
  0
VERTEX
  5
3D5
330
3D3
100
AcDbEntity
  8
0
  6
Continuous
 62
    18
420
        0
370
    25
100
AcDbVertex
100
AcDb2dVertex
 10
45.47269113241304
 20
23.5036682211294
 30
0.0
  0
VERTEX
  5
3D6
330
3D3
100
AcDbEntity
  8
0
  6
Continuous
 62
    18
420
        0
370
    25
100
AcDbVertex
100
AcDb2dVertex
 10
45.47269113241304
 20
24.10366822112939
 30
0.0
  0
VERTEX
  5
3D7
330
3D3
100
AcDbEntity
  8
0
  6
Continuous
 62
    18
420
        0
370
    25
100
AcDbVertex
100
AcDb2dVertex
 10
44.87269113241305
 20
24.10366822112939
 30
0.0
  0
SEQEND
  5
3D8
330
3D3
100
AcDbEntity
  8
0
  6
Continuous
 62
    18
420
        0
370
    25
  0
POLYLINE
  5
3D9
330
1F
100
AcDbEntity
  8
0
  6
Continuous
 62
    18
420
        0
370
    25
100
AcDb2dPolyline
 66
     1
 10
0.0
 20
0.0
 30
0.0
 70
     1
  0
VERTEX
  5
3DA
330
3D9
100
AcDbEntity
  8
0
  6
Continuous
 62
    18
420
        0
370
    25
100
AcDbVertex
100
AcDb2dVertex
 10
43.05755462032494
 20
27.24982800172835
 30
0.0
  0
VERTEX
  5
3DB
330
3D9
100
AcDbEntity
  8
0
  6
Continuous
 62
    18
420
        0
370
    25
100
AcDbVertex
100
AcDb2dVertex
 10
42.45755462032494
 20
27.24982800172835
 30
0.0
  0
VERTEX
  5
3DC
330
3D9
100
AcDbEntity
  8
0
  6
Continuous
 62
    18
420
        0
370
    25
100
AcDbVertex
100
AcDb2dVertex
 10
42.45755462032494
 20
27.84982800172835
 30
0.0
  0
VERTEX
  5
3DD
330
3D9
100
AcDbEntity
  8
0
  6
Continuous
 62
    18
420
        0
370
    25
100
AcDbVertex
100
AcDb2dVertex
 10
43.05755462032494
 20
27.84982800172835
 30
0.0
  0
SEQEND
  5
3DE
330
3D9
100
AcDbEntity
  8
0
  6
Continuous
 62
    18
420
        0
370
    25
  0
POLYLINE
  5
3DF
330
1F
100
AcDbEntity
  8
0
  6
Continuous
 62
    18
420
        0
370
    25
100
AcDb2dPolyline
 66
     1
 10
0.0
 20
0.0
 30
0.0
 70
     1
  0
VERTEX
  5
3E0
330
3DF
100
AcDbEntity
  8
0
  6
Continuous
 62
    18
420
        0
370
    25
100
AcDbVertex
100
AcDb2dVertex
 10
43.05755462032494
 20
25.38007649869999
 30
0.0
  0
VERTEX
  5
3E1
330
3DF
100
AcDbEntity
  8
0
  6
Continuous
 62
    18
420
        0
370
    25
100
AcDbVertex
100
AcDb2dVertex
 10
42.45755462032494
 20
25.38007649869999
 30
0.0
  0
VERTEX
  5
3E2
330
3DF
100
AcDbEntity
  8
0
  6
Continuous
 62
    18
420
        0
370
    25
100
AcDbVertex
100
AcDb2dVertex
 10
42.45755462032494
 20
25.98007649869998
 30
0.0
  0
VERTEX
  5
3E3
330
3DF
100
AcDbEntity
  8
0
  6
Continuous
 62
    18
420
        0
370
    25
100
AcDbVertex
100
AcDb2dVertex
 10
43.05755462032494
 20
25.98007649869998
 30
0.0
  0
SEQEND
  5
3E4
330
3DF
100
AcDbEntity
  8
0
  6
Continuous
 62
    18
420
        0
370
    25
  0
POLYLINE
  5
3E5
330
1F
100
AcDbEntity
  8
0
  6
Continuous
 62
    18
420
        0
370
    25
100
AcDb2dPolyline
 66
     1
 10
0.0
 20
0.0
 30
0.0
 70
     1
  0
VERTEX
  5
3E6
330
3E5
100
AcDbEntity
  8
0
  6
Continuous
 62
    18
420
        0
370
    25
100
AcDbVertex
100
AcDb2dVertex
 10
43.05755462032494
 20
23.5036682211294
 30
0.0
  0
VERTEX
  5
3E7
330
3E5
100
AcDbEntity
  8
0
  6
Continuous
 62
    18
420
        0
370
    25
100
AcDbVertex
100
AcDb2dVertex
 10
42.45755462032494
 20
23.5036682211294
 30
0.0
  0
VERTEX
  5
3E8
330
3E5
100
AcDbEntity
  8
0
  6
Continuous
 62
    18
420
        0
370
    25
100
AcDbVertex
100
AcDb2dVertex
 10
42.45755462032494
 20
24.10366822112939
 30
0.0
  0
VERTEX
  5
3E9
330
3E5
100
AcDbEntity
  8
0
  6
Continuous
 62
    18
420
        0
370
    25
100
AcDbVertex
100
AcDb2dVertex
 10
43.05755462032494
 20
24.10366822112939
 30
0.0
  0
SEQEND
  5
3EA
330
3E5
100
AcDbEntity
  8
0
  6
Continuous
 62
    18
420
        0
370
    25
  0
POLYLINE
  5
3EB
330
1F
100
AcDbEntity
  8
0
  6
Continuous
 62
    18
420
        0
370
    25
100
AcDb2dPolyline
 66
     1
 10
0.0
 20
0.0
 30
0.0
 70
     1
  0
VERTEX
  5
3EC
330
3EB
100
AcDbEntity
  8
0
  6
Continuous
 62
    18
420
        0
370
    25
100
AcDbVertex
100
AcDb2dVertex
 10
40.86057199154988
 20
27.24982800172835
 30
0.0
  0
VERTEX
  5
3ED
330
3EB
100
AcDbEntity
  8
0
  6
Continuous
 62
    18
420
        0
370
    25
100
AcDbVertex
100
AcDb2dVertex
 10
41.46057199154988
 20
27.24982800172835
 30
0.0
  0
VERTEX
  5
3EE
330
3EB
100
AcDbEntity
  8
0
  6
Continuous
 62
    18
420
        0
370
    25
100
AcDbVertex
100
AcDb2dVertex
 10
41.46057199154988
 20
27.84982800172835
 30
0.0
  0
VERTEX
  5
3EF
330
3EB
100
AcDbEntity
  8
0
  6
Continuous
 62
    18
420
        0
370
    25
100
AcDbVertex
100
AcDb2dVertex
 10
40.86057199154988
 20
27.84982800172835
 30
0.0
  0
SEQEND
  5
3F0
330
3EB
100
AcDbEntity
  8
0
  6
Continuous
 62
    18
420
        0
370
    25
  0
POLYLINE
  5
3F1
330
1F
100
AcDbEntity
  8
0
  6
Continuous
 62
    18
420
        0
370
    25
100
AcDb2dPolyline
 66
     1
 10
0.0
 20
0.0
 30
0.0
 70
     1
  0
VERTEX
  5
3F2
330
3F1
100
AcDbEntity
  8
0
  6
Continuous
 62
    18
420
        0
370
    25
100
AcDbVertex
100
AcDb2dVertex
 10
40.86057199154988
 20
25.38007649869999
 30
0.0
  0
VERTEX
  5
3F3
330
3F1
100
AcDbEntity
  8
0
  6
Continuous
 62
    18
420
        0
370
    25
100
AcDbVertex
100
AcDb2dVertex
 10
41.46057199154988
 20
25.38007649869999
 30
0.0
  0
VERTEX
  5
3F4
330
3F1
100
AcDbEntity
  8
0
  6
Continuous
 62
    18
420
        0
370
    25
100
AcDbVertex
100
AcDb2dVertex
 10
41.46057199154988
 20
25.98007649869998
 30
0.0
  0
VERTEX
  5
3F5
330
3F1
100
AcDbEntity
  8
0
  6
Continuous
 62
    18
420
        0
370
    25
100
AcDbVertex
100
AcDb2dVertex
 10
40.86057199154988
 20
25.98007649869998
 30
0.0
  0
SEQEND
  5
3F6
330
3F1
100
AcDbEntity
  8
0
  6
Continuous
 62
    18
420
        0
370
    25
  0
POLYLINE
  5
3F7
330
1F
100
AcDbEntity
  8
0
  6
Continuous
 62
    18
420
        0
370
    25
100
AcDb2dPolyline
 66
     1
 10
0.0
 20
0.0
 30
0.0
 70
     1
  0
VERTEX
  5
3F8
330
3F7
100
AcDbEntity
  8
0
  6
Continuous
 62
    18
420
        0
370
    25
100
AcDbVertex
100
AcDb2dVertex
 10
40.86057199154988
 20
23.5036682211294
 30
0.0
  0
VERTEX
  5
3F9
330
3F7
100
AcDbEntity
  8
0
  6
Continuous
 62
    18
420
        0
370
    25
100
AcDbVertex
100
AcDb2dVertex
 10
41.46057199154988
 20
23.5036682211294
 30
0.0
  0
VERTEX
  5
3FA
330
3F7
100
AcDbEntity
  8
0
  6
Continuous
 62
    18
420
        0
370
    25
100
AcDbVertex
100
AcDb2dVertex
 10
41.46057199154988
 20
24.10366822112939
 30
0.0
  0
VERTEX
  5
3FB
330
3F7
100
AcDbEntity
  8
0
  6
Continuous
 62
    18
420
        0
370
    25
100
AcDbVertex
100
AcDb2dVertex
 10
40.86057199154988
 20
24.10366822112939
 30
0.0
  0
SEQEND
  5
3FC
330
3F7
100
AcDbEntity
  8
0
  6
Continuous
 62
    18
420
        0
370
    25
  0
POLYLINE
  5
3FD
330
1F
100
AcDbEntity
  8
0
  6
Continuous
 62
    18
420
        0
370
    25
100
AcDb2dPolyline
 66
     1
 10
0.0
 20
0.0
 30
0.0
 70
     1
  0
VERTEX
  5
3FE
330
3FD
100
AcDbEntity
  8
0
  6
Continuous
 62
    18
420
        0
370
    25
100
AcDbVertex
100
AcDb2dVertex
 10
39.04543547946178
 20
27.24982800172835
 30
0.0
  0
VERTEX
  5
3FF
330
3FD
100
AcDbEntity
  8
0
  6
Continuous
 62
    18
420
        0
370
    25
100
AcDbVertex
100
AcDb2dVertex
 10
38.44543547946179
 20
27.24982800172835
 30
0.0
  0
VERTEX
  5
400
330
3FD
100
AcDbEntity
  8
0
  6
Continuous
 62
    18
420
        0
370
    25
100
AcDbVertex
100
AcDb2dVertex
 10
38.44543547946179
 20
27.84982800172835
 30
0.0
  0
VERTEX
  5
401
330
3FD
100
AcDbEntity
  8
0
  6
Continuous
 62
    18
420
        0
370
    25
100
AcDbVertex
100
AcDb2dVertex
 10
39.04543547946178
 20
27.84982800172835
 30
0.0
  0
SEQEND
  5
402
330
3FD
100
AcDbEntity
  8
0
  6
Continuous
 62
    18
420
        0
370
    25
  0
POLYLINE
  5
403
330
1F
100
AcDbEntity
  8
0
  6
Continuous
 62
    18
420
        0
370
    25
100
AcDb2dPolyline
 66
     1
 10
0.0
 20
0.0
 30
0.0
 70
     1
  0
VERTEX
  5
404
330
403
100
AcDbEntity
  8
0
  6
Continuous
 62
    18
420
        0
370
    25
100
AcDbVertex
100
AcDb2dVertex
 10
39.04543547946178
 20
25.38007649869999
 30
0.0
  0
VERTEX
  5
405
330
403
100
AcDbEntity
  8
0
  6
Continuous
 62
    18
420
        0
370
    25
100
AcDbVertex
100
AcDb2dVertex
 10
38.44543547946179
 20
25.38007649869999
 30
0.0
  0
VERTEX
  5
406
330
403
100
AcDbEntity
  8
0
  6
Continuous
 62
    18
420
        0
370
    25
100
AcDbVertex
100
AcDb2dVertex
 10
38.44543547946179
 20
25.98007649869998
 30
0.0
  0
VERTEX
  5
407
330
403
100
AcDbEntity
  8
0
  6
Continuous
 62
    18
420
        0
370
    25
100
AcDbVertex
100
AcDb2dVertex
 10
39.04543547946178
 20
25.98007649869998
 30
0.0
  0
SEQEND
  5
408
330
403
100
AcDbEntity
  8
0
  6
Continuous
 62
    18
420
        0
370
    25
  0
POLYLINE
  5
409
330
1F
100
AcDbEntity
  8
0
  6
Continuous
 62
    18
420
        0
370
    25
100
AcDb2dPolyline
 66
     1
 10
0.0
 20
0.0
 30
0.0
 70
     1
  0
VERTEX
  5
40A
330
409
100
AcDbEntity
  8
0
  6
Continuous
 62
    18
420
        0
370
    25
100
AcDbVertex
100
AcDb2dVertex
 10
39.04543547946178
 20
23.5036682211294
 30
0.0
  0
VERTEX
  5
40B
330
409
100
AcDbEntity
  8
0
  6
Continuous
 62
    18
420
        0
370
    25
100
AcDbVertex
100
AcDb2dVertex
 10
38.44543547946179
 20
23.5036682211294
 30
0.0
  0
VERTEX
  5
40C
330
409
100
AcDbEntity
  8
0
  6
Continuous
 62
    18
420
        0
370
    25
100
AcDbVertex
100
AcDb2dVertex
 10
38.44543547946179
 20
24.10366822112939
 30
0.0
  0
VERTEX
  5
40D
330
409
100
AcDbEntity
  8
0
  6
Continuous
 62
    18
420
        0
370
    25
100
AcDbVertex
100
AcDb2dVertex
 10
39.04543547946178
 20
24.10366822112939
 30
0.0
  0
SEQEND
  5
40E
330
409
100
AcDbEntity
  8
0
  6
Continuous
 62
    18
420
        0
370
    25
  0
POLYLINE
  5
40F
330
1F
100
AcDbEntity
  8
0
  6
Continuous
 62
    18
420
        0
370
    25
100
AcDb2dPolyline
 66
     1
 10
0.0
 20
0.0
 30
0.0
 70
     1
  0
VERTEX
  5
410
330
40F
100
AcDbEntity
  8
0
  6
Continuous
 62
    18
420
        0
370
    25
100
AcDbVertex
100
AcDb2dVertex
 10
61.24641852661893
 20
12.90951748956681
 30
0.0
  0
VERTEX
  5
411
330
40F
100
AcDbEntity
  8
0
  6
Continuous
 62
    18
420
        0
370
    25
100
AcDbVertex
100
AcDb2dVertex
 10
61.84641852661894
 20
12.90951748956681
 30
0.0
  0
VERTEX
  5
412
330
40F
100
AcDbEntity
  8
0
  6
Continuous
 62
    18
420
        0
370
    25
100
AcDbVertex
100
AcDb2dVertex
 10
61.84641852661894
 20
13.50951748956681
 30
0.0
  0
VERTEX
  5
413
330
40F
100
AcDbEntity
  8
0
  6
Continuous
 62
    18
420
        0
370
    25
100
AcDbVertex
100
AcDb2dVertex
 10
61.24641852661893
 20
13.50951748956681
 30
0.0
  0
SEQEND
  5
414
330
40F
100
AcDbEntity
  8
0
  6
Continuous
 62
    18
420
        0
370
    25
  0
POLYLINE
  5
415
330
1F
100
AcDbEntity
  8
0
  6
Continuous
 62
    18
420
        0
370
    25
100
AcDb2dPolyline
 66
     1
 10
0.0
 20
0.0
 30
0.0
 70
     1
  0
VERTEX
  5
416
330
415
100
AcDbEntity
  8
0
  6
Continuous
 62
    18
420
        0
370
    25
100
AcDbVertex
100
AcDb2dVertex
 10
60.48283604981167
 20
12.90511942233839
 30
0.0
  0
VERTEX
  5
417
330
415
100
AcDbEntity
  8
0
  6
Continuous
 62
    18
420
        0
370
    25
100
AcDbVertex
100
AcDb2dVertex
 10
61.08283604981165
 20
12.90511942233839
 30
0.0
  0
VERTEX
  5
418
330
415
100
AcDbEntity
  8
0
  6
Continuous
 62
    18
420
        0
370
    25
100
AcDbVertex
100
AcDb2dVertex
 10
61.08283604981165
 20
13.5051194223384
 30
0.0
  0
VERTEX
  5
419
330
415
100
AcDbEntity
  8
0
  6
Continuous
 62
    18
420
        0
370
    25
100
AcDbVertex
100
AcDb2dVertex
 10
60.48283604981167
 20
13.5051194223384
 30
0.0
  0
SEQEND
  5
41A
330
415
100
AcDbEntity
  8
0
  6
Continuous
 62
    18
420
        0
370
    25
  0
POLYLINE
  5
41B
330
1F
100
AcDbEntity
  8
0
  6
Continuous
 62
    18
420
        0
370
    25
100
AcDb2dPolyline
 66
     1
 10
0.0
 20
0.0
 30
0.0
 70
     1
  0
VERTEX
  5
41C
330
41B
100
AcDbEntity
  8
0
  6
Continuous
 62
    18
420
        0
370
    25
100
AcDbVertex
100
AcDb2dVertex
 10
63.31150335503315
 20
12.01820720813966
 30
0.0
  0
VERTEX
  5
41D
330
41B
100
AcDbEntity
  8
0
  6
Continuous
 62
    18
420
        0
370
    25
100
AcDbVertex
100
AcDb2dVertex
 10
63.91150335503315
 20
12.01820720813966
 30
0.0
  0
VERTEX
  5
41E
330
41B
100
AcDbEntity
  8
0
  6
Continuous
 62
    18
420
        0
370
    25
100
AcDbVertex
100
AcDb2dVertex
 10
63.91150335503315
 20
12.61820720813965
 30
0.0
  0
VERTEX
  5
41F
330
41B
100
AcDbEntity
  8
0
  6
Continuous
 62
    18
420
        0
370
    25
100
AcDbVertex
100
AcDb2dVertex
 10
63.31150335503315
 20
12.61820720813965
 30
0.0
  0
SEQEND
  5
420
330
41B
100
AcDbEntity
  8
0
  6
Continuous
 62
    18
420
        0
370
    25
  0
POLYLINE
  5
421
330
1F
100
AcDbEntity
  8
0
  6
Continuous
 62
    18
420
        0
370
    25
100
AcDb2dPolyline
 66
     1
 10
0.0
 20
0.0
 30
0.0
 70
     1
  0
VERTEX
  5
422
330
421
100
AcDbEntity
  8
0
  6
Continuous
 62
    18
420
        0
370
    25
100
AcDbVertex
100
AcDb2dVertex
 10
63.06386115458569
 20
9.641126070338046
 30
0.0
  0
VERTEX
  5
423
330
421
100
AcDbEntity
  8
0
  6
Continuous
 62
    18
420
        0
370
    25
100
AcDbVertex
100
AcDb2dVertex
 10
63.66386115458567
 20
9.641126070338046
 30
0.0
  0
VERTEX
  5
424
330
421
100
AcDbEntity
  8
0
  6
Continuous
 62
    18
420
        0
370
    25
100
AcDbVertex
100
AcDb2dVertex
 10
63.66386115458567
 20
10.24112607033804
 30
0.0
  0
VERTEX
  5
425
330
421
100
AcDbEntity
  8
0
  6
Continuous
 62
    18
420
        0
370
    25
100
AcDbVertex
100
AcDb2dVertex
 10
63.06386115458569
 20
10.24112607033804
 30
0.0
  0
SEQEND
  5
426
330
421
100
AcDbEntity
  8
0
  6
Continuous
 62
    18
420
        0
370
    25
  0
POLYLINE
  5
427
330
1F
100
AcDbEntity
  8
0
  6
Continuous
 62
    18
420
        0
370
    25
100
AcDb2dPolyline
 66
     1
 10
0.0
 20
0.0
 30
0.0
 70
     1
  0
VERTEX
  5
428
330
427
100
AcDbEntity
  8
0
  6
Continuous
 62
    18
420
        0
370
    25
100
AcDbVertex
100
AcDb2dVertex
 10
63.06386115458569
 20
15.21347318438838
 30
0.0
  0
VERTEX
  5
429
330
427
100
AcDbEntity
  8
0
  6
Continuous
 62
    18
420
        0
370
    25
100
AcDbVertex
100
AcDb2dVertex
 10
63.66386115458567
 20
15.21347318438838
 30
0.0
  0
VERTEX
  5
42A
330
427
100
AcDbEntity
  8
0
  6
Continuous
 62
    18
420
        0
370
    25
100
AcDbVertex
100
AcDb2dVertex
 10
63.66386115458567
 20
15.81347318438837
 30
0.0
  0
VERTEX
  5
42B
330
427
100
AcDbEntity
  8
0
  6
Continuous
 62
    18
420
        0
370
    25
100
AcDbVertex
100
AcDb2dVertex
 10
63.06386115458569
 20
15.81347318438837
 30
0.0
  0
SEQEND
  5
42C
330
427
100
AcDbEntity
  8
0
  6
Continuous
 62
    18
420
        0
370
    25
  0
POLYLINE
  5
42D
330
1F
100
AcDbEntity
  8
0
  6
Continuous
 62
    18
420
        0
370
    25
100
AcDb2dPolyline
 66
     1
 10
0.0
 20
0.0
 30
0.0
 70
     1
  0
VERTEX
  5
42E
330
42D
100
AcDbEntity
  8
0
  6
Continuous
 62
    18
420
        0
370
    25
100
AcDbVertex
100
AcDb2dVertex
 10
63.06386115458569
 20
20.67928586326849
 30
0.0
  0
VERTEX
  5
42F
330
42D
100
AcDbEntity
  8
0
  6
Continuous
 62
    18
420
        0
370
    25
100
AcDbVertex
100
AcDb2dVertex
 10
63.66386115458568
 20
20.67928586326849
 30
0.0
  0
VERTEX
  5
430
330
42D
100
AcDbEntity
  8
0
  6
Continuous
 62
    18
420
        0
370
    25
100
AcDbVertex
100
AcDb2dVertex
 10
63.66386115458568
 20
21.27928586326849
 30
0.0
  0
VERTEX
  5
431
330
42D
100
AcDbEntity
  8
0
  6
Continuous
 62
    18
420
        0
370
    25
100
AcDbVertex
100
AcDb2dVertex
 10
63.06386115458569
 20
21.27928586326849
 30
0.0
  0
SEQEND
  5
432
330
42D
100
AcDbEntity
  8
0
  6
Continuous
 62
    18
420
        0
370
    25
  0
POLYLINE
  5
433
330
1F
100
AcDbEntity
  8
0
  6
Continuous
 62
    18
420
        0
370
    25
100
AcDb2dPolyline
 66
     1
 10
0.0
 20
0.0
 30
0.0
 70
     1
  0
VERTEX
  5
434
330
433
100
AcDbEntity
  8
0
  6
Continuous
 62
    18
420
        0
370
    25
100
AcDbVertex
100
AcDb2dVertex
 10
61.24118221788217
 20
27.88674105596077
 30
0.0
  0
VERTEX
  5
435
330
433
100
AcDbEntity
  8
0
  6
Continuous
 62
    18
420
        0
370
    25
100
AcDbVertex
100
AcDb2dVertex
 10
61.84118221788216
 20
27.88674105596077
 30
0.0
  0
VERTEX
  5
436
330
433
100
AcDbEntity
  8
0
  6
Continuous
 62
    18
420
        0
370
    25
100
AcDbVertex
100
AcDb2dVertex
 10
61.84118221788216
 20
28.48674105596077
 30
0.0
  0
VERTEX
  5
437
330
433
100
AcDbEntity
  8
0
  6
Continuous
 62
    18
420
        0
370
    25
100
AcDbVertex
100
AcDb2dVertex
 10
61.24118221788217
 20
28.48674105596077
 30
0.0
  0
SEQEND
  5
438
330
433
100
AcDbEntity
  8
0
  6
Continuous
 62
    18
420
        0
370
    25
  0
POLYLINE
  5
439
330
1F
100
AcDbEntity
  8
0
  6
Continuous
 62
    18
420
        0
370
    25
100
AcDb2dPolyline
 66
     1
 10
0.0
 20
0.0
 30
0.0
 70
     1
  0
VERTEX
  5
43A
330
439
100
AcDbEntity
  8
0
  6
Continuous
 62
    18
420
        0
370
    25
100
AcDbVertex
100
AcDb2dVertex
 10
60.4775997410749
 20
27.88234298873235
 30
0.0
  0
VERTEX
  5
43B
330
439
100
AcDbEntity
  8
0
  6
Continuous
 62
    18
420
        0
370
    25
100
AcDbVertex
100
AcDb2dVertex
 10
61.07759974107489
 20
27.88234298873235
 30
0.0
  0
VERTEX
  5
43C
330
439
100
AcDbEntity
  8
0
  6
Continuous
 62
    18
420
        0
370
    25
100
AcDbVertex
100
AcDb2dVertex
 10
61.07759974107489
 20
28.48234298873237
 30
0.0
  0
VERTEX
  5
43D
330
439
100
AcDbEntity
  8
0
  6
Continuous
 62
    18
420
        0
370
    25
100
AcDbVertex
100
AcDb2dVertex
 10
60.4775997410749
 20
28.48234298873237
 30
0.0
  0
SEQEND
  5
43E
330
439
100
AcDbEntity
  8
0
  6
Continuous
 62
    18
420
        0
370
    25
  0
POLYLINE
  5
43F
330
1F
100
AcDbEntity
  8
0
  6
Continuous
 62
    18
420
        0
370
    25
100
AcDb2dPolyline
 66
     1
 10
0.0
 20
0.0
 30
0.0
 70
     1
  0
VERTEX
  5
440
330
43F
100
AcDbEntity
  8
0
  6
Continuous
 62
    18
420
        0
370
    25
100
AcDbVertex
100
AcDb2dVertex
 10
63.30626704629638
 20
26.99543077453363
 30
0.0
  0
VERTEX
  5
441
330
43F
100
AcDbEntity
  8
0
  6
Continuous
 62
    18
420
        0
370
    25
100
AcDbVertex
100
AcDb2dVertex
 10
63.90626704629638
 20
26.99543077453363
 30
0.0
  0
VERTEX
  5
442
330
43F
100
AcDbEntity
  8
0
  6
Continuous
 62
    18
420
        0
370
    25
100
AcDbVertex
100
AcDb2dVertex
 10
63.90626704629638
 20
27.59543077453361
 30
0.0
  0
VERTEX
  5
443
330
43F
100
AcDbEntity
  8
0
  6
Continuous
 62
    18
420
        0
370
    25
100
AcDbVertex
100
AcDb2dVertex
 10
63.30626704629638
 20
27.59543077453361
 30
0.0
  0
SEQEND
  5
444
330
43F
100
AcDbEntity
  8
0
  6
Continuous
 62
    18
420
        0
370
    25
  0
POLYLINE
  5
445
330
1F
100
AcDbEntity
  8
0
  6
Continuous
 62
    18
420
        0
370
    25
100
AcDb2dPolyline
 66
     1
 10
0.0
 20
0.0
 30
0.0
 70
     1
  0
VERTEX
  5
446
330
445
100
AcDbEntity
  8
0
  6
Continuous
 62
    18
420
        0
370
    25
100
AcDbVertex
100
AcDb2dVertex
 10
61.23925879937094
 20
23.84903689112954
 30
0.0
  0
VERTEX
  5
447
330
445
100
AcDbEntity
  8
0
  6
Continuous
 62
    18
420
        0
370
    25
100
AcDbVertex
100
AcDb2dVertex
 10
61.83925879937092
 20
23.84903689112954
 30
0.0
  0
VERTEX
  5
448
330
445
100
AcDbEntity
  8
0
  6
Continuous
 62
    18
420
        0
370
    25
100
AcDbVertex
100
AcDb2dVertex
 10
61.83925879937092
 20
24.44903689112953
 30
0.0
  0
VERTEX
  5
449
330
445
100
AcDbEntity
  8
0
  6
Continuous
 62
    18
420
        0
370
    25
100
AcDbVertex
100
AcDb2dVertex
 10
61.23925879937094
 20
24.44903689112953
 30
0.0
  0
SEQEND
  5
44A
330
445
100
AcDbEntity
  8
0
  6
Continuous
 62
    18
420
        0
370
    25
  0
POLYLINE
  5
44B
330
1F
100
AcDbEntity
  8
0
  6
Continuous
 62
    18
420
        0
370
    25
100
AcDb2dPolyline
 66
     1
 10
0.0
 20
0.0
 30
0.0
 70
     1
  0
VERTEX
  5
44C
330
44B
100
AcDbEntity
  8
0
  6
Continuous
 62
    18
420
        0
370
    25
100
AcDbVertex
100
AcDb2dVertex
 10
60.47567632256366
 20
23.84463882390111
 30
0.0
  0
VERTEX
  5
44D
330
44B
100
AcDbEntity
  8
0
  6
Continuous
 62
    18
420
        0
370
    25
100
AcDbVertex
100
AcDb2dVertex
 10
61.07567632256366
 20
23.84463882390111
 30
0.0
  0
VERTEX
  5
44E
330
44B
100
AcDbEntity
  8
0
  6
Continuous
 62
    18
420
        0
370
    25
100
AcDbVertex
100
AcDb2dVertex
 10
61.07567632256366
 20
24.44463882390112
 30
0.0
  0
VERTEX
  5
44F
330
44B
100
AcDbEntity
  8
0
  6
Continuous
 62
    18
420
        0
370
    25
100
AcDbVertex
100
AcDb2dVertex
 10
60.47567632256366
 20
24.44463882390112
 30
0.0
  0
SEQEND
  5
450
330
44B
100
AcDbEntity
  8
0
  6
Continuous
 62
    18
420
        0
370
    25
  0
POLYLINE
  5
451
330
1F
100
AcDbEntity
  8
0
  6
Continuous
 62
    18
420
        0
370
    25
100
AcDb2dPolyline
 66
     1
 10
0.0
 20
0.0
 30
0.0
 70
     1
  0
VERTEX
  5
452
330
451
100
AcDbEntity
  8
0
  6
Continuous
 62
    18
420
        0
370
    25
100
AcDbVertex
100
AcDb2dVertex
 10
63.30434362778514
 20
22.95772660970239
 30
0.0
  0
VERTEX
  5
453
330
451
100
AcDbEntity
  8
0
  6
Continuous
 62
    18
420
        0
370
    25
100
AcDbVertex
100
AcDb2dVertex
 10
63.90434362778514
 20
22.95772660970239
 30
0.0
  0
VERTEX
  5
454
330
451
100
AcDbEntity
  8
0
  6
Continuous
 62
    18
420
        0
370
    25
100
AcDbVertex
100
AcDb2dVertex
 10
63.90434362778514
 20
23.55772660970238
 30
0.0
  0
VERTEX
  5
455
330
451
100
AcDbEntity
  8
0
  6
Continuous
 62
    18
420
        0
370
    25
100
AcDbVertex
100
AcDb2dVertex
 10
63.30434362778514
 20
23.55772660970238
 30
0.0
  0
SEQEND
  5
456
330
451
100
AcDbEntity
  8
0
  6
Continuous
 62
    18
420
        0
370
    25
  0
POLYLINE
  5
457
330
1F
100
AcDbEntity
  8
0
  6
Continuous
 62
    18
420
        0
370
    25
100
AcDb2dPolyline
 66
     1
 10
0.0
 20
0.0
 30
0.0
 70
     1
  0
VERTEX
  5
458
330
457
100
AcDbEntity
  8
0
  6
Continuous
 62
    18
420
        0
370
    25
100
AcDbVertex
100
AcDb2dVertex
 10
61.2350473904466
 20
18.36688626136731
 30
0.0
  0
VERTEX
  5
459
330
457
100
AcDbEntity
  8
0
  6
Continuous
 62
    18
420
        0
370
    25
100
AcDbVertex
100
AcDb2dVertex
 10
61.83504739044658
 20
18.36688626136731
 30
0.0
  0
VERTEX
  5
45A
330
457
100
AcDbEntity
  8
0
  6
Continuous
 62
    18
420
        0
370
    25
100
AcDbVertex
100
AcDb2dVertex
 10
61.83504739044658
 20
18.9668862613673
 30
0.0
  0
VERTEX
  5
45B
330
457
100
AcDbEntity
  8
0
  6
Continuous
 62
    18
420
        0
370
    25
100
AcDbVertex
100
AcDb2dVertex
 10
61.2350473904466
 20
18.9668862613673
 30
0.0
  0
SEQEND
  5
45C
330
457
100
AcDbEntity
  8
0
  6
Continuous
 62
    18
420
        0
370
    25
  0
POLYLINE
  5
45D
330
1F
100
AcDbEntity
  8
0
  6
Continuous
 62
    18
420
        0
370
    25
100
AcDb2dPolyline
 66
     1
 10
0.0
 20
0.0
 30
0.0
 70
     1
  0
VERTEX
  5
45E
330
45D
100
AcDbEntity
  8
0
  6
Continuous
 62
    18
420
        0
370
    25
100
AcDbVertex
100
AcDb2dVertex
 10
60.47146491363932
 20
18.36248819413889
 30
0.0
  0
VERTEX
  5
45F
330
45D
100
AcDbEntity
  8
0
  6
Continuous
 62
    18
420
        0
370
    25
100
AcDbVertex
100
AcDb2dVertex
 10
61.07146491363932
 20
18.36248819413889
 30
0.0
  0
VERTEX
  5
460
330
45D
100
AcDbEntity
  8
0
  6
Continuous
 62
    18
420
        0
370
    25
100
AcDbVertex
100
AcDb2dVertex
 10
61.07146491363932
 20
18.96248819413889
 30
0.0
  0
VERTEX
  5
461
330
45D
100
AcDbEntity
  8
0
  6
Continuous
 62
    18
420
        0
370
    25
100
AcDbVertex
100
AcDb2dVertex
 10
60.47146491363932
 20
18.96248819413889
 30
0.0
  0
SEQEND
  5
462
330
45D
100
AcDbEntity
  8
0
  6
Continuous
 62
    18
420
        0
370
    25
  0
POLYLINE
  5
463
330
1F
100
AcDbEntity
  8
0
  6
Continuous
 62
    18
420
        0
370
    25
100
AcDb2dPolyline
 66
     1
 10
0.0
 20
0.0
 30
0.0
 70
     1
  0
VERTEX
  5
464
330
463
100
AcDbEntity
  8
0
  6
Continuous
 62
    18
420
        0
370
    25
100
AcDbVertex
100
AcDb2dVertex
 10
63.3001322188608
 20
17.47557597994015
 30
0.0
  0
VERTEX
  5
465
330
463
100
AcDbEntity
  8
0
  6
Continuous
 62
    18
420
        0
370
    25
100
AcDbVertex
100
AcDb2dVertex
 10
63.9001322188608
 20
17.47557597994015
 30
0.0
  0
VERTEX
  5
466
330
463
100
AcDbEntity
  8
0
  6
Continuous
 62
    18
420
        0
370
    25
100
AcDbVertex
100
AcDb2dVertex
 10
63.9001322188608
 20
18.07557597994015
 30
0.0
  0
VERTEX
  5
467
330
463
100
AcDbEntity
  8
0
  6
Continuous
 62
    18
420
        0
370
    25
100
AcDbVertex
100
AcDb2dVertex
 10
63.3001322188608
 20
18.07557597994015
 30
0.0
  0
SEQEND
  5
468
330
463
100
AcDbEntity
  8
0
  6
Continuous
 62
    18
420
        0
370
    25
  0
ENDSEC
  0
SECTION
  2
OBJECTS
  0
DICTIONARY
  5
C
330
0
100
AcDbDictionary
281
     1
  3
ACAD_DETAILVIEWSTYLE
350
4A0
  3
ACAD_GROUP
350
D
  3
ACAD_LAYOUT
350
1A
  3
ACAD_MATERIAL
350
43
  3
ACAD_MLEADERSTYLE
350
5B
  3
ACAD_MLINESTYLE
350
17
  3
ACAD_PLOTSETTINGS
350
19
  3
ACAD_PLOTSTYLENAME
350
E
  3
ACAD_SCALELIST
350
47
  3
ACAD_SECTIONVIEWSTYLE
350
4A1
  3
ACAD_TABLESTYLE
350
59
  3
ACAD_VISUALSTYLE
350
2A
  3
ACDB_RECOMPOSE_DATA
350
49D
  3
AcDbVariableDictionary
350
469
  0
SUN
  5
5D
330
29
100
AcDbSun
 90
        1
290
     0
 63
     7
421
 16777215
 40
1.0
291
     1
 91
  2455826
 92
 54000000
292
     0
 70
     2
 71
   256
280
     1
  0
DICTIONARY
  5
4A0
102
{ACAD_REACTORS
330
C
102
}
330
C
100
AcDbDictionary
281
     1
  0
DICTIONARY
  5
D
102
{ACAD_REACTORS
330
C
102
}
330
C
100
AcDbDictionary
281
     1
  0
DICTIONARY
  5
1A
102
{ACAD_REACTORS
330
C
102
}
330
C
100
AcDbDictionary
281
     1
  3
Layout1
350
1E
  3
Layout2
350
26
  3
Model
350
22
  0
DICTIONARY
  5
43
102
{ACAD_REACTORS
330
C
102
}
330
C
100
AcDbDictionary
281
     1
  3
ByBlock
350
45
  3
ByLayer
350
44
  3
Global
350
46
  0
DICTIONARY
  5
5B
102
{ACAD_REACTORS
330
C
102
}
330
C
100
AcDbDictionary
281
     1
  3
Standard
350
5C
  0
DICTIONARY
  5
17
102
{ACAD_REACTORS
330
C
102
}
330
C
100
AcDbDictionary
281
     1
  3
Standard
350
18
  0
DICTIONARY
  5
19
102
{ACAD_REACTORS
330
C
102
}
330
C
100
AcDbDictionary
281
     1
  0
ACDBDICTIONARYWDFLT
  5
E
102
{ACAD_REACTORS
330
C
102
}
330
C
100
AcDbDictionary
281
     1
  3
Normal
350
F
100
AcDbDictionaryWithDefault
340
F
  0
DICTIONARY
  5
47
102
{ACAD_REACTORS
330
C
102
}
330
C
100
AcDbDictionary
281
     1
  3
A0
350
48
  3
A1
350
49
  3
A2
350
4A
  3
A3
350
4B
  3
A4
350
4C
  3
A5
350
4D
  3
A6
350
4E
  3
A7
350
4F
  3
A8
350
50
  3
A9
350
51
  3
B1
350
52
  3
B2
350
53
  3
B3
350
54
  3
B4
350
55
  3
B5
350
56
  3
B6
350
57
  3
B7
350
58
  0
DICTIONARY
  5
4A1
102
{ACAD_REACTORS
330
C
102
}
330
C
100
AcDbDictionary
281
     1
  0
DICTIONARY
  5
59
102
{ACAD_REACTORS
330
C
102
}
330
C
100
AcDbDictionary
281
     1
  3
Standard
350
5A
  0
DICTIONARY
  5
2A
102
{ACAD_REACTORS
330
C
102
}
330
C
100
AcDbDictionary
281
     1
  3
2dWireframe
350
2F
  3
Basic
350
32
  3
Brighten
350
36
  3
ColorChange
350
3A
  3
Conceptual
350
34
  3
Dim
350
35
  3
EdgeColorOff
350
3D
  3
Facepattern
350
39
  3
Flat
350
2B
  3
FlatWithEdges
350
2C
  3
Gouraud
350
2D
  3
GouraudWithEdges
350
2E
  3
Hidden
350
31
  3
JitterOff
350
3B
  3
Linepattern
350
38
  3
OverhangOff
350
3C
  3
Realistic
350
33
  3
Shaded
350
42
  3
Shaded with edges
350
41
  3
Shades of Gray
350
3E
  3
Sketchy
350
3F
  3
Thicken
350
37
  3
Wireframe
350
30
  3
X-Ray
350
40
  0
XRECORD
  5
49D
102
{ACAD_REACTORS
330
C
102
}
330
C
100
AcDbXrecord
280
     1
 90
        1
330
5A
  0
DICTIONARY
  5
469
102
{ACAD_REACTORS
330
C
102
}
330
C
100
AcDbDictionary
281
     1
  3
CANNOSCALE
350
46A
  3
CMLEADERSTYLE
350
49F
  3
CTABLESTYLE
350
49E
  0
LAYOUT
  5
1E
102
{ACAD_REACTORS
330
1A
102
}
330
1A
100
AcDbPlotSettings
  1

  2
none_device
  4

  6

 40
0.0
 41
0.0
 42
0.0
 43
0.0
 44
0.0
 45
0.0
 46
0.0
 47
0.0
 48
0.0
 49
0.0
140
0.0
141
0.0
142
1.0
143
1.0
 70
   688
 72
     0
 73
     0
 74
     5
  7

 75
    16
 76
     0
 77
     2
 78
   300
147
1.0
148
0.0
149
0.0
100
AcDbLayout
  1
Layout1
 70
     1
 71
     1
 10
0.0
 20
0.0
 11
12.0
 21
9.0
 12
0.0
 22
0.0
 32
0.0
 14
1.000000000000000E+20
 24
1.000000000000000E+20
 34
1.000000000000000E+20
 15
-1.000000000000000E+20
 25
-1.000000000000000E+20
 35
-1.000000000000000E+20
146
0.0
 13
0.0
 23
0.0
 33
0.0
 16
1.0
 26
0.0
 36
0.0
 17
0.0
 27
1.0
 37
0.0
 76
     0
330
1B
  0
LAYOUT
  5
26
102
{ACAD_REACTORS
330
1A
102
}
330
1A
100
AcDbPlotSettings
  1

  2
none_device
  4

  6

 40
0.0
 41
0.0
 42
0.0
 43
0.0
 44
0.0
 45
0.0
 46
0.0
 47
0.0
 48
0.0
 49
0.0
140
0.0
141
0.0
142
1.0
143
1.0
 70
   688
 72
     0
 73
     0
 74
     5
  7

 75
    16
 76
     0
 77
     2
 78
   300
147
1.0
148
0.0
149
0.0
100
AcDbLayout
  1
Layout2
 70
     1
 71
     2
 10
0.0
 20
0.0
 11
0.0
 21
0.0
 12
0.0
 22
0.0
 32
0.0
 14
0.0
 24
0.0
 34
0.0
 15
0.0
 25
0.0
 35
0.0
146
0.0
 13
0.0
 23
0.0
 33
0.0
 16
1.0
 26
0.0
 36
0.0
 17
0.0
 27
1.0
 37
0.0
 76
     0
330
23
  0
LAYOUT
  5
22
102
{ACAD_REACTORS
330
1A
102
}
330
1A
100
AcDbPlotSettings
  1

  2
none_device
  4
Letter_(8.50_x_11.00_Inches)
  6

 40
6.35
 41
6.35
 42
6.35000508
 43
6.35000508
 44
215.9
 45
279.4
 46
0.0
 47
0.0
 48
0.0
 49
0.0
140
0.0
141
0.0
142
1.0
143
1.0
 70
  1712
 72
     0
 73
     0
 74
     0
  7

 75
     0
 76
     0
 77
     2
 78
   300
147
1.0
148
0.0
149
0.0
100
AcDbLayout
  1
Model
 70
     1
 71
     0
 10
0.0
 20
0.0
 11
12.0
 21
9.0
 12
0.0
 22
0.0
 32
0.0
 14
6.734924312696098
 24
0.0211666666666659
 34
0.0
 15
64.60507568730391
 25
28.55581779194436
 35
0.0
146
0.0
 13
0.0
 23
0.0
 33
0.0
 16
1.0
 26
0.0
 36
0.0
 17
0.0
 27
1.0
 37
0.0
 76
     0
330
1F
331
29
  0
MATERIAL
  5
45
102
{ACAD_REACTORS
330
43
102
}
330
43
100
AcDbMaterial
  1
ByBlock
 72
     1
 94
      127
  0
MATERIAL
  5
44
102
{ACAD_REACTORS
330
43
102
}
330
43
100
AcDbMaterial
  1
ByLayer
 72
     1
 94
      127
  0
MATERIAL
  5
46
102
{ACAD_REACTORS
330
43
102
}
330
43
100
AcDbMaterial
  1
Global
 72
     1
 94
      127
  0
MLEADERSTYLE
  5
5C
102
{ACAD_REACTORS
330
5B
102
}
330
5B
100
AcDbMLeaderStyle
179
     2
170
     2
171
     1
172
     0
 90
        2
 40
0.0
 41
0.0
173
     1
 91
-1056964608
340
14
 92
       -2
290
     1
 42
0.09
291
     1
 43
0.36
  3
Standard
341
0
 44
0.18
300

342
11
174
     1
178
     6
175
     1
176
     0
 93
-1056964608
 45
0.18
292
     0
297
     0
 46
0.18
343
0
 94
-1056964608
 47
1.0
 49
1.0
140
1.0
293
     1
141
0.0
294
     1
177
     0
142
1.0
295
     0
296
     0
143
0.125
271
     0
272
     9
273
     9
  0
MLINESTYLE
  5
18
102
{ACAD_REACTORS
330
17
102
}
330
17
100
AcDbMlineStyle
  2
Standard
 70
     0
  3

 62
   256
 51
90.0
 52
90.0
 71
     2
 49
0.5
 62
   256
  6
BYLAYER
 49
-0.5
 62
   256
  6
BYLAYER
  0
ACDBPLACEHOLDER
  5
F
102
{ACAD_REACTORS
330
E
102
}
330
E
  0
SCALE
  5
48
102
{ACAD_REACTORS
330
47
102
}
330
47
100
AcDbScale
 70
     0
300
1:1
140
1.0
141
1.0
290
     1
  0
SCALE
  5
49
102
{ACAD_REACTORS
330
47
102
}
330
47
100
AcDbScale
 70
     0
300
1/128" = 1'-0"
140
0.0078125
141
12.0
290
     0
  0
SCALE
  5
4A
102
{ACAD_REACTORS
330
47
102
}
330
47
100
AcDbScale
 70
     0
300
1/64" = 1'-0"
140
0.015625
141
12.0
290
     0
  0
SCALE
  5
4B
102
{ACAD_REACTORS
330
47
102
}
330
47
100
AcDbScale
 70
     0
300
1/32" = 1'-0"
140
0.03125
141
12.0
290
     0
  0
SCALE
  5
4C
102
{ACAD_REACTORS
330
47
102
}
330
47
100
AcDbScale
 70
     0
300
1/16" = 1'-0"
140
0.0625
141
12.0
290
     0
  0
SCALE
  5
4D
102
{ACAD_REACTORS
330
47
102
}
330
47
100
AcDbScale
 70
     0
300
3/32" = 1'-0"
140
0.09375
141
12.0
290
     0
  0
SCALE
  5
4E
102
{ACAD_REACTORS
330
47
102
}
330
47
100
AcDbScale
 70
     0
300
1/8" = 1'-0"
140
0.125
141
12.0
290
     0
  0
SCALE
  5
4F
102
{ACAD_REACTORS
330
47
102
}
330
47
100
AcDbScale
 70
     0
300
3/16" = 1'-0"
140
0.1875
141
12.0
290
     0
  0
SCALE
  5
50
102
{ACAD_REACTORS
330
47
102
}
330
47
100
AcDbScale
 70
     0
300
1/4" = 1'-0"
140
0.25
141
12.0
290
     0
  0
SCALE
  5
51
102
{ACAD_REACTORS
330
47
102
}
330
47
100
AcDbScale
 70
     0
300
3/8" = 1'-0"
140
0.375
141
12.0
290
     0
  0
SCALE
  5
52
102
{ACAD_REACTORS
330
47
102
}
330
47
100
AcDbScale
 70
     0
300
1/2" = 1'-0"
140
0.5
141
12.0
290
     0
  0
SCALE
  5
53
102
{ACAD_REACTORS
330
47
102
}
330
47
100
AcDbScale
 70
     0
300
3/4" = 1'-0"
140
0.75
141
12.0
290
     0
  0
SCALE
  5
54
102
{ACAD_REACTORS
330
47
102
}
330
47
100
AcDbScale
 70
     0
300
1" = 1'-0"
140
1.0
141
12.0
290
     0
  0
SCALE
  5
55
102
{ACAD_REACTORS
330
47
102
}
330
47
100
AcDbScale
 70
     0
300
1-1/2" = 1'-0"
140
1.5
141
12.0
290
     0
  0
SCALE
  5
56
102
{ACAD_REACTORS
330
47
102
}
330
47
100
AcDbScale
 70
     0
300
3" = 1'-0"
140
3.0
141
12.0
290
     0
  0
SCALE
  5
57
102
{ACAD_REACTORS
330
47
102
}
330
47
100
AcDbScale
 70
     0
300
6" = 1'-0"
140
6.0
141
12.0
290
     0
  0
SCALE
  5
58
102
{ACAD_REACTORS
330
47
102
}
330
47
100
AcDbScale
 70
     0
300
1'-0" = 1'-0"
140
12.0
141
12.0
290
     0
  0
TABLESTYLE
  5
5A
102
{ACAD_REACTORS
330
59
102
}
102
{ACAD_XDICTIONARY
360
49B
102
}
330
59
100
AcDbTableStyle
  3
Standard
 70
     0
 71
     0
 40
0.06
 41
0.06
280
     0
281
     0
  7
Standard
140
0.18
170
     2
 62
     0
 63
   257
283
     0
 90
        4
 91
        0
  1

274
    -2
284
     1
 64
     0
275
    -2
285
     1
 65
     0
276
    -2
286
     1
 66
     0
277
    -2
287
     1
 67
     0
278
    -2
288
     1
 68
     0
279
    -2
289
     1
 69
     0
  7
Standard
140
0.25
170
     5
 62
     0
 63
   257
283
     0
 90
        4
 91
        0
  1

274
    -2
284
     1
 64
     0
275
    -2
285
     1
 65
     0
276
    -2
286
     1
 66
     0
277
    -2
287
     1
 67
     0
278
    -2
288
     1
 68
     0
279
    -2
289
     1
 69
     0
  7
Standard
140
0.18
170
     5
 62
     0
 63
   257
283
     0
 90
        4
 91
        0
  1

274
    -2
284
     1
 64
     0
275
    -2
285
     1
 65
     0
276
    -2
286
     1
 66
     0
277
    -2
287
     1
 67
     0
278
    -2
288
     1
 68
     0
279
    -2
289
     1
 69
     0
  0
VISUALSTYLE
  5
2F
102
{ACAD_REACTORS
330
2A
102
}
102
{ACAD_XDICTIONARY
360
473
102
}
330
2A
100
AcDbVisualStyle
  2
2dWireframe
 70
     4
177
     2
291
     0
 71
     0
176
     1
 72
     2
176
     1
 73
     0
176
     1
 90
        0
176
     1
 40
0.6
176
     1
 41
30.0
176
     1
 62
     5
 63
     7
421
 16777215
176
     1
 74
     1
176
     1
 91
        4
176
     1
 64
     7
176
     1
 65
   257
176
     1
 75
     1
176
     1
175
     1
176
     1
 42
1.0
176
     1
 92
        0
176
     1
 66
   257
176
     1
 43
1.0
176
     1
 76
     1
176
     1
 77
     6
176
     1
 78
     2
176
     1
 67
     7
176
     1
 79
     5
176
     1
170
     0
176
     1
171
     0
176
     1
290
     0
176
     1
 93
        1
176
     1
 44
0.0
176
     1
173
     0
176
     1
  0
VISUALSTYLE
  5
32
102
{ACAD_REACTORS
330
2A
102
}
102
{ACAD_XDICTIONARY
360
479
102
}
330
2A
100
AcDbVisualStyle
  2
Basic
 70
     7
177
     2
291
     1
 71
     1
176
     1
 72
     0
176
     1
 73
     1
176
     1
 90
        0
176
     1
 40
0.6
176
     1
 41
30.0
176
     1
 62
     5
 63
     7
421
 16777215
176
     1
 74
     0
176
     1
 91
        4
176
     1
 64
     7
176
     1
 65
   257
176
     1
 75
     1
176
     1
175
     1
176
     1
 42
1.0
176
     1
 92
        8
176
     1
 66
     7
176
     1
 43
1.0
176
     1
 76
     1
176
     1
 77
     6
176
     1
 78
     2
176
     1
 67
     7
176
     1
 79
     5
176
     1
170
     0
176
     1
171
     0
176
     1
290
     0
176
     1
 93
        1
176
     1
 44
0.0
176
     1
173
     0
176
     1
  0
VISUALSTYLE
  5
36
102
{ACAD_REACTORS
330
2A
102
}
102
{ACAD_XDICTIONARY
360
481
102
}
330
2A
100
AcDbVisualStyle
  2
Brighten
 70
    12
177
     2
291
     1
 71
     2
176
     1
 72
     2
176
     1
 73
     0
176
     1
 90
        0
176
     1
 40
0.6
176
     1
 41
30.0
176
     1
 62
     5
 63
     7
421
 16777215
176
     1
 74
     1
176
     1
 91
        4
176
     1
 64
     7
176
     1
 65
   257
176
     1
 75
     1
176
     1
175
     1
176
     1
 42
1.0
176
     1
 92
        8
176
     1
 66
     7
176
     1
 43
1.0
176
     1
 76
     1
176
     1
 77
     6
176
     1
 78
     2
176
     1
 67
     7
176
     1
 79
     5
176
     1
170
     0
176
     1
171
     0
176
     1
290
     0
176
     1
 93
        1
176
     1
 44
50.0
176
     1
173
     0
176
     1
  0
VISUALSTYLE
  5
3A
102
{ACAD_REACTORS
330
2A
102
}
102
{ACAD_XDICTIONARY
360
489
102
}
330
2A
100
AcDbVisualStyle
  2
ColorChange
 70
    16
177
     2
291
     1
 71
     2
176
     1
 72
     2
176
     1
 73
     3
176
     1
 90
        0
176
     1
 40
0.6
176
     1
 41
30.0
176
     1
 62
     5
 63
     8
421
  8421504
176
     1
 74
     1
176
     1
 91
        4
176
     1
 64
     7
176
     1
 65
   257
176
     1
 75
     1
176
     1
175
     1
176
     1
 42
1.0
176
     1
 92
        8
176
     1
 66
     8
424
  8421504
176
     1
 43
1.0
176
     1
 76
     1
176
     1
 77
     6
176
     1
 78
     2
176
     1
 67
     7
176
     1
 79
     5
176
     1
170
     0
176
     1
171
     0
176
     1
290
     0
176
     1
 93
        1
176
     1
 44
0.0
176
     1
173
     0
176
     1
  0
VISUALSTYLE
  5
34
102
{ACAD_REACTORS
330
2A
102
}
102
{ACAD_XDICTIONARY
360
47D
102
}
330
2A
100
AcDbVisualStyle
  2
Conceptual
 70
     9
177
     2
291
     0
 71
     3
176
     1
 72
     2
176
     1
 73
     0
176
     1
 90
        0
176
     1
 40
0.6
176
     1
 41
30.0
176
     1
 62
     5
 63
     7
421
 16777215
176
     1
 74
     2
176
     1
 91
        2
176
     1
 64
     7
176
     1
 65
   257
176
     1
 75
     1
176
     1
175
     1
176
     1
 42
179.0
176
     1
 92
        8
176
     1
 66
     7
176
     1
 43
1.0
176
     1
 76
     1
176
     1
 77
     6
176
     1
 78
     2
176
     1
 67
     7
176
     1
 79
     3
176
     1
170
     0
176
     1
171
     0
176
     1
290
     0
176
     1
 93
        1
176
     1
 44
0.0
176
     1
173
     0
176
     1
  0
VISUALSTYLE
  5
35
102
{ACAD_REACTORS
330
2A
102
}
102
{ACAD_XDICTIONARY
360
47F
102
}
330
2A
100
AcDbVisualStyle
  2
Dim
 70
    11
177
     2
291
     1
 71
     2
176
     1
 72
     2
176
     1
 73
     0
176
     1
 90
        0
176
     1
 40
0.6
176
     1
 41
30.0
176
     1
 62
     5
 63
     7
421
 16777215
176
     1
 74
     1
176
     1
 91
        4
176
     1
 64
     7
176
     1
 65
   257
176
     1
 75
     1
176
     1
175
     1
176
     1
 42
1.0
176
     1
 92
        8
176
     1
 66
     7
176
     1
 43
1.0
176
     1
 76
     1
176
     1
 77
     6
176
     1
 78
     2
176
     1
 67
     7
176
     1
 79
     5
176
     1
170
     0
176
     1
171
     0
176
     1
290
     0
176
     1
 93
        1
176
     1
 44
-50.0
176
     1
173
     0
176
     1
  0
VISUALSTYLE
  5
3D
102
{ACAD_REACTORS
330
2A
102
}
102
{ACAD_XDICTIONARY
360
48F
102
}
330
2A
100
AcDbVisualStyle
  2
EdgeColorOff
 70
    22
177
     2
291
     1
 71
     2
176
     0
 72
     2
176
     0
 73
     0
176
     0
 90
        0
176
     0
 40
0.6
176
     0
 41
30.0
176
     0
 62
     5
 63
     7
421
 16777215
176
     0
 74
     1
176
     0
 91
        4
176
     0
 64
     7
176
     0
 65
   257
176
     0
 75
     1
176
     0
175
     1
176
     0
 42
1.0
176
     0
 92
        8
176
     2
 66
     7
176
     0
 43
1.0
176
     0
 76
     1
176
     0
 77
     6
176
     0
 78
     2
176
     0
 67
     7
176
     0
 79
     5
176
     0
170
     0
176
     0
171
     0
176
     0
290
     0
176
     0
 93
        1
176
     0
 44
0.0
176
     0
173
     0
176
     0
  0
VISUALSTYLE
  5
39
102
{ACAD_REACTORS
330
2A
102
}
102
{ACAD_XDICTIONARY
360
487
102
}
330
2A
100
AcDbVisualStyle
  2
Facepattern
 70
    15
177
     2
291
     1
 71
     2
176
     1
 72
     2
176
     1
 73
     0
176
     1
 90
        0
176
     1
 40
0.6
176
     1
 41
30.0
176
     1
 62
     5
 63
     7
421
 16777215
176
     1
 74
     1
176
     1
 91
        4
176
     1
 64
     7
176
     1
 65
   257
176
     1
 75
     1
176
     1
175
     1
176
     1
 42
1.0
176
     1
 92
        8
176
     1
 66
     7
176
     1
 43
1.0
176
     1
 76
     1
176
     1
 77
     6
176
     1
 78
     2
176
     1
 67
     7
176
     1
 79
     5
176
     1
170
     0
176
     1
171
     0
176
     1
290
     0
176
     1
 93
        1
176
     1
 44
0.0
176
     1
173
     0
176
     1
  0
VISUALSTYLE
  5
2B
102
{ACAD_REACTORS
330
2A
102
}
102
{ACAD_XDICTIONARY
360
46B
102
}
330
2A
100
AcDbVisualStyle
  2
Flat
 70
     0
177
     2
291
     1
 71
     2
176
     1
 72
     1
176
     1
 73
     1
176
     1
 90
        2
176
     1
 40
0.6
176
     1
 41
30.0
176
     1
 62
     5
 63
     7
421
 16777215
176
     1
 74
     0
176
     1
 91
        0
176
     1
 64
     7
176
     1
 65
   257
176
     1
 75
     1
176
     1
175
     1
176
     1
 42
1.0
176
     1
 92
        8
176
     1
 66
     7
176
     1
 43
1.0
176
     1
 76
     1
176
     1
 77
     6
176
     1
 78
     2
176
     1
 67
     7
176
     1
 79
     5
176
     1
170
     0
176
     1
171
     0
176
     1
290
     0
176
     1
 93
       13
176
     1
 44
0.0
176
     1
173
     0
176
     1
  0
VISUALSTYLE
  5
2C
102
{ACAD_REACTORS
330
2A
102
}
102
{ACAD_XDICTIONARY
360
46D
102
}
330
2A
100
AcDbVisualStyle
  2
FlatWithEdges
 70
     1
177
     2
291
     1
 71
     2
176
     1
 72
     1
176
     1
 73
     1
176
     1
 90
        2
176
     1
 40
0.6
176
     1
 41
30.0
176
     1
 62
     5
 63
     7
421
 16777215
176
     1
 74
     1
176
     1
 91
        0
176
     1
 64
     7
176
     1
 65
   257
176
     1
 75
     1
176
     1
175
     1
176
     1
 42
1.0
176
     1
 92
        0
176
     1
 66
   257
176
     1
 43
1.0
176
     1
 76
     1
176
     1
 77
     6
176
     1
 78
     2
176
     1
 67
     7
176
     1
 79
     5
176
     1
170
     0
176
     1
171
     0
176
     1
290
     0
176
     1
 93
       13
176
     1
 44
0.0
176
     1
173
     0
176
     1
  0
VISUALSTYLE
  5
2D
102
{ACAD_REACTORS
330
2A
102
}
102
{ACAD_XDICTIONARY
360
46F
102
}
330
2A
100
AcDbVisualStyle
  2
Gouraud
 70
     2
177
     2
291
     1
 71
     2
176
     1
 72
     2
176
     1
 73
     1
176
     1
 90
        2
176
     1
 40
0.6
176
     1
 41
30.0
176
     1
 62
     5
 63
     7
421
 16777215
176
     1
 74
     0
176
     1
 91
        0
176
     1
 64
     7
176
     1
 65
   257
176
     1
 75
     1
176
     1
175
     1
176
     1
 42
1.0
176
     1
 92
        0
176
     1
 66
     7
176
     1
 43
1.0
176
     1
 76
     1
176
     1
 77
     6
176
     1
 78
     2
176
     1
 67
     7
176
     1
 79
     5
176
     1
170
     0
176
     1
171
     0
176
     1
290
     0
176
     1
 93
       13
176
     1
 44
0.0
176
     1
173
     0
176
     1
  0
VISUALSTYLE
  5
2E
102
{ACAD_REACTORS
330
2A
102
}
102
{ACAD_XDICTIONARY
360
471
102
}
330
2A
100
AcDbVisualStyle
  2
GouraudWithEdges
 70
     3
177
     2
291
     1
 71
     2
176
     1
 72
     2
176
     1
 73
     1
176
     1
 90
        2
176
     1
 40
0.6
176
     1
 41
30.0
176
     1
 62
     5
 63
     7
421
 16777215
176
     1
 74
     1
176
     1
 91
        0
176
     1
 64
     7
176
     1
 65
   257
176
     1
 75
     1
176
     1
175
     1
176
     1
 42
1.0
176
     1
 92
        0
176
     1
 66
   257
176
     1
 43
1.0
176
     1
 76
     1
176
     1
 77
     6
176
     1
 78
     2
176
     1
 67
     7
176
     1
 79
     5
176
     1
170
     0
176
     1
171
     0
176
     1
290
     0
176
     1
 93
       13
176
     1
 44
0.0
176
     1
173
     0
176
     1
  0
VISUALSTYLE
  5
31
102
{ACAD_REACTORS
330
2A
102
}
102
{ACAD_XDICTIONARY
360
477
102
}
330
2A
100
AcDbVisualStyle
  2
Hidden
 70
     6
177
     2
291
     0
 71
     1
176
     1
 72
     2
176
     1
 73
     2
176
     1
 90
        0
176
     1
 40
0.6
176
     1
 41
30.0
176
     1
 62
     5
 63
     7
421
 16777215
176
     1
 74
     2
176
     1
 91
        2
176
     1
 64
     7
176
     1
 65
   257
176
     1
 75
     2
176
     1
175
     1
176
     1
 42
40.0
176
     1
 92
        0
176
     1
 66
   257
176
     1
 43
1.0
176
     1
 76
     1
176
     1
 77
     6
176
     1
 78
     2
176
     1
 67
     7
176
     1
 79
     3
176
     1
170
     0
176
     1
171
     0
176
     1
290
     0
176
     1
 93
        1
176
     1
 44
0.0
176
     1
173
     0
176
     1
  0
VISUALSTYLE
  5
3B
102
{ACAD_REACTORS
330
2A
102
}
102
{ACAD_XDICTIONARY
360
48B
102
}
330
2A
100
AcDbVisualStyle
  2
JitterOff
 70
    20
177
     2
291
     1
 71
     2
176
     0
 72
     2
176
     0
 73
     0
176
     0
 90
        0
176
     0
 40
0.6
176
     0
 41
30.0
176
     0
 62
     5
 63
     7
421
 16777215
176
     0
 74
     1
176
     0
 91
        4
176
     0
 64
     7
176
     0
 65
   257
176
     0
 75
     1
176
     0
175
     1
176
     0
 42
1.0
176
     0
 92
       10
176
     2
 66
     7
176
     0
 43
1.0
176
     0
 76
     1
176
     0
 77
     6
176
     0
 78
     2
176
     0
 67
     7
176
     0
 79
     5
176
     0
170
     0
176
     0
171
     0
176
     0
290
     0
176
     0
 93
        1
176
     0
 44
0.0
176
     0
173
     0
176
     0
  0
VISUALSTYLE
  5
38
102
{ACAD_REACTORS
330
2A
102
}
102
{ACAD_XDICTIONARY
360
485
102
}
330
2A
100
AcDbVisualStyle
  2
Linepattern
 70
    14
177
     2
291
     1
 71
     2
176
     1
 72
     2
176
     1
 73
     0
176
     1
 90
        0
176
     1
 40
0.6
176
     1
 41
30.0
176
     1
 62
     5
 63
     7
421
 16777215
176
     1
 74
     1
176
     1
 91
        4
176
     1
 64
     7
176
     1
 65
   257
176
     1
 75
     7
176
     1
175
     7
176
     1
 42
1.0
176
     1
 92
        8
176
     1
 66
     7
176
     1
 43
1.0
176
     1
 76
     1
176
     1
 77
     6
176
     1
 78
     2
176
     1
 67
     7
176
     1
 79
     5
176
     1
170
     0
176
     1
171
     0
176
     1
290
     0
176
     1
 93
        1
176
     1
 44
0.0
176
     1
173
     0
176
     1
  0
VISUALSTYLE
  5
3C
102
{ACAD_REACTORS
330
2A
102
}
102
{ACAD_XDICTIONARY
360
48D
102
}
330
2A
100
AcDbVisualStyle
  2
OverhangOff
 70
    21
177
     2
291
     1
 71
     2
176
     0
 72
     2
176
     0
 73
     0
176
     0
 90
        0
176
     0
 40
0.6
176
     0
 41
30.0
176
     0
 62
     5
 63
     7
421
 16777215
176
     0
 74
     1
176
     0
 91
        4
176
     0
 64
     7
176
     0
 65
   257
176
     0
 75
     1
176
     0
175
     1
176
     0
 42
1.0
176
     0
 92
        9
176
     2
 66
     7
176
     0
 43
1.0
176
     0
 76
     1
176
     0
 77
     6
176
     0
 78
     2
176
     0
 67
     7
176
     0
 79
     5
176
     0
170
     0
176
     0
171
     0
176
     0
290
     0
176
     0
 93
        1
176
     0
 44
0.0
176
     0
173
     0
176
     0
  0
VISUALSTYLE
  5
33
102
{ACAD_REACTORS
330
2A
102
}
102
{ACAD_XDICTIONARY
360
47B
102
}
330
2A
100
AcDbVisualStyle
  2
Realistic
 70
     8
177
     2
291
     0
 71
     2
176
     1
 72
     3
176
     1
 73
     0
176
     1
 90
        2
176
     1
 40
0.6
176
     1
 41
30.0
176
     1
 62
     5
 63
     7
421
 16777215
176
     1
 74
     0
176
     1
 91
        0
176
     1
 64
     7
176
     1
 65
   257
176
     1
 75
     1
176
     1
175
     1
176
     1
 42
1.0
176
     1
 92
        8
176
     1
 66
   257
176
     1
 43
1.0
176
     1
 76
     1
176
     1
 77
     6
176
     1
 78
     2
176
     1
 67
     7
176
     1
 79
     3
176
     1
170
     0
176
     1
171
     0
176
     1
290
     0
176
     1
 93
       13
176
     1
 44
0.0
176
     1
173
     0
176
     1
  0
VISUALSTYLE
  5
42
102
{ACAD_REACTORS
330
2A
102
}
102
{ACAD_XDICTIONARY
360
499
102
}
330
2A
100
AcDbVisualStyle
  2
Shaded
 70
    27
177
     2
291
     0
 71
     2
176
     1
 72
     2
176
     1
 73
     1
176
     1
 90
        2
176
     1
 40
0.6
176
     1
 41
30.0
176
     1
 62
     5
 63
     7
421
 16777215
176
     1
 74
     0
176
     1
 91
        4
176
     1
 64
     7
176
     1
 65
   257
176
     1
 75
     1
176
     1
175
     1
176
     1
 42
1.0
176
     1
 92
        8
176
     1
 66
   257
176
     1
 43
1.0
176
     1
 76
     1
176
     1
 77
     6
176
     1
 78
     2
176
     1
 67
     8
425
  7895160
176
     1
 79
     3
176
     1
170
     0
176
     1
171
     0
176
     1
290
     0
176
     1
 93
        5
176
     1
 44
0.0
176
     1
173
     0
176
     1
  0
VISUALSTYLE
  5
41
102
{ACAD_REACTORS
330
2A
102
}
102
{ACAD_XDICTIONARY
360
497
102
}
330
2A
100
AcDbVisualStyle
  2
Shaded with edges
 70
    26
177
     2
291
     0
 71
     2
176
     1
 72
     2
176
     1
 73
     1
176
     1
 90
        2
176
     1
 40
0.6
176
     1
 41
30.0
176
     1
 62
     5
 63
     7
421
 16777215
176
     1
 74
     1
176
     1
 91
       10
176
     1
 64
     7
176
     1
 65
   257
176
     1
 75
     2
176
     1
175
     1
176
     1
 42
1.0
176
     1
 92
        8
176
     1
 66
   257
176
     1
 43
1.0
176
     1
 76
     1
176
     1
 77
     6
176
     1
 78
     2
176
     1
 67
     7
176
     1
 79
     3
176
     1
170
     0
176
     1
171
     0
176
     1
290
     0
176
     1
 93
        5
176
     1
 44
0.0
176
     1
173
     0
176
     1
  0
VISUALSTYLE
  5
3E
102
{ACAD_REACTORS
330
2A
102
}
102
{ACAD_XDICTIONARY
360
491
102
}
330
2A
100
AcDbVisualStyle
  2
Shades of Gray
 70
    23
177
     2
291
     0
 71
     2
176
     1
 72
     2
176
     1
 73
     3
176
     1
 90
        0
176
     1
 40
0.6
176
     1
 41
30.0
176
     1
 62
     5
 63
     7
421
 16777215
176
     1
 74
     2
176
     1
 91
        2
176
     1
 64
     7
176
     1
 65
     7
176
     1
 75
     1
176
     1
175
     1
176
     1
 42
40.0
176
     1
 92
        8
176
     1
 66
     7
176
     1
 43
1.0
176
     1
 76
     1
176
     1
 77
     6
176
     1
 78
     2
176
     1
 67
     7
176
     1
 79
     3
176
     1
170
     0
176
     1
171
     0
176
     1
290
     0
176
     1
 93
        1
176
     1
 44
0.0
176
     1
173
     0
176
     1
  0
VISUALSTYLE
  5
3F
102
{ACAD_REACTORS
330
2A
102
}
102
{ACAD_XDICTIONARY
360
493
102
}
330
2A
100
AcDbVisualStyle
  2
Sketchy
 70
    24
177
     2
291
     0
 71
     1
176
     1
 72
     2
176
     1
 73
     2
176
     1
 90
        0
176
     1
 40
0.6
176
     1
 41
30.0
176
     1
 62
     5
 63
     7
421
 16777215
176
     1
 74
     2
176
     1
 91
        2
176
     1
 64
     7
176
     1
 65
     7
176
     1
 75
     1
176
     1
175
     1
176
     1
 42
40.0
176
     1
 92
       11
176
     1
 66
     7
176
     1
 43
1.0
176
     1
 76
     1
176
     1
 77
     6
176
     1
 78
     2
176
     1
 67
     7
176
     1
 79
     6
176
     1
170
     0
176
     1
171
     0
176
     1
290
     0
176
     1
 93
        1
176
     1
 44
0.0
176
     1
173
     0
176
     1
  0
VISUALSTYLE
  5
37
102
{ACAD_REACTORS
330
2A
102
}
102
{ACAD_XDICTIONARY
360
483
102
}
330
2A
100
AcDbVisualStyle
  2
Thicken
 70
    13
177
     2
291
     1
 71
     2
176
     1
 72
     2
176
     1
 73
     0
176
     1
 90
        0
176
     1
 40
0.6
176
     1
 41
30.0
176
     1
 62
     5
 63
     7
421
 16777215
176
     1
 74
     1
176
     1
 91
        4
176
     1
 64
     7
176
     1
 65
   257
176
     1
 75
     1
176
     1
175
     1
176
     1
 42
1.0
176
     1
 92
       12
176
     1
 66
     7
176
     1
 43
1.0
176
     1
 76
     1
176
     1
 77
     6
176
     1
 78
     2
176
     1
 67
     7
176
     1
 79
     5
176
     1
170
     0
176
     1
171
     0
176
     1
290
     0
176
     1
 93
        1
176
     1
 44
0.0
176
     1
173
     0
176
     1
  0
VISUALSTYLE
  5
30
102
{ACAD_REACTORS
330
2A
102
}
102
{ACAD_XDICTIONARY
360
475
102
}
330
2A
100
AcDbVisualStyle
  2
Wireframe
 70
     5
177
     2
291
     0
 71
     0
176
     1
 72
     2
176
     1
 73
     0
176
     1
 90
        0
176
     1
 40
0.6
176
     1
 41
30.0
176
     1
 62
     5
 63
     7
421
 16777215
176
     1
 74
     1
176
     1
 91
        4
176
     1
 64
     7
176
     1
 65
   257
176
     1
 75
     1
176
     1
175
     1
176
     1
 42
1.0
176
     1
 92
        0
176
     1
 66
   257
176
     1
 43
1.0
176
     1
 76
     1
176
     1
 77
     6
176
     1
 78
     2
176
     1
 67
     7
176
     1
 79
     3
176
     1
170
     0
176
     1
171
     0
176
     1
290
     0
176
     1
 93
        1
176
     1
 44
0.0
176
     1
173
     0
176
     1
  0
VISUALSTYLE
  5
40
102
{ACAD_REACTORS
330
2A
102
}
102
{ACAD_XDICTIONARY
360
495
102
}
330
2A
100
AcDbVisualStyle
  2
X-Ray
 70
    25
177
     2
291
     0
 71
     2
176
     1
 72
     2
176
     1
 73
     1
176
     1
 90
        1
176
     1
 40
0.5
176
     1
 41
30.0
176
     1
 62
     5
 63
     7
421
 16777215
176
     1
 74
     1
176
     1
 91
        0
176
     1
 64
     7
176
     1
 65
   257
176
     1
 75
     1
176
     1
175
     1
176
     1
 42
1.0
176
     1
 92
        8
176
     1
 66
     7
176
     1
 43
1.0
176
     1
 76
     1
176
     1
 77
     6
176
     1
 78
     2
176
     1
 67
     7
176
     1
 79
     3
176
     1
170
     0
176
     1
171
     0
176
     1
290
     0
176
     1
 93
       13
176
     1
 44
0.0
176
     1
173
     0
176
     1
  0
DICTIONARYVAR
  5
46A
102
{ACAD_REACTORS
330
469
102
}
330
469
100
DictionaryVariables
280
     0
  1
1:1
  0
DICTIONARYVAR
  5
49F
102
{ACAD_REACTORS
330
469
102
}
330
469
100
DictionaryVariables
280
     0
  1
Standard
  0
DICTIONARYVAR
  5
49E
102
{ACAD_REACTORS
330
469
102
}
330
469
100
DictionaryVariables
280
     0
  1
Standard
  0
DICTIONARY
  5
49B
330
5A
100
AcDbDictionary
280
     1
281
     1
  3
ACAD_ROUNDTRIP_2008_TABLESTYLE_CELLSTYLEMAP
360
49C
  0
DICTIONARY
  5
473
330
2F
100
AcDbDictionary
280
     1
281
     1
  3
ACAD_XREC_ROUNDTRIP
360
474
  0
DICTIONARY
  5
479
330
32
100
AcDbDictionary
280
     1
281
     1
  3
ACAD_XREC_ROUNDTRIP
360
47A
  0
DICTIONARY
  5
481
330
36
100
AcDbDictionary
280
     1
281
     1
  3
ACAD_XREC_ROUNDTRIP
360
482
  0
DICTIONARY
  5
489
330
3A
100
AcDbDictionary
280
     1
281
     1
  3
ACAD_XREC_ROUNDTRIP
360
48A
  0
DICTIONARY
  5
47D
330
34
100
AcDbDictionary
280
     1
281
     1
  3
ACAD_XREC_ROUNDTRIP
360
47E
  0
DICTIONARY
  5
47F
330
35
100
AcDbDictionary
280
     1
281
     1
  3
ACAD_XREC_ROUNDTRIP
360
480
  0
DICTIONARY
  5
48F
330
3D
100
AcDbDictionary
280
     1
281
     1
  3
ACAD_XREC_ROUNDTRIP
360
490
  0
DICTIONARY
  5
487
330
39
100
AcDbDictionary
280
     1
281
     1
  3
ACAD_XREC_ROUNDTRIP
360
488
  0
DICTIONARY
  5
46B
330
2B
100
AcDbDictionary
280
     1
281
     1
  3
ACAD_XREC_ROUNDTRIP
360
46C
  0
DICTIONARY
  5
46D
330
2C
100
AcDbDictionary
280
     1
281
     1
  3
ACAD_XREC_ROUNDTRIP
360
46E
  0
DICTIONARY
  5
46F
330
2D
100
AcDbDictionary
280
     1
281
     1
  3
ACAD_XREC_ROUNDTRIP
360
470
  0
DICTIONARY
  5
471
330
2E
100
AcDbDictionary
280
     1
281
     1
  3
ACAD_XREC_ROUNDTRIP
360
472
  0
DICTIONARY
  5
477
330
31
100
AcDbDictionary
280
     1
281
     1
  3
ACAD_XREC_ROUNDTRIP
360
478
  0
DICTIONARY
  5
48B
330
3B
100
AcDbDictionary
280
     1
281
     1
  3
ACAD_XREC_ROUNDTRIP
360
48C
  0
DICTIONARY
  5
485
330
38
100
AcDbDictionary
280
     1
281
     1
  3
ACAD_XREC_ROUNDTRIP
360
486
  0
DICTIONARY
  5
48D
330
3C
100
AcDbDictionary
280
     1
281
     1
  3
ACAD_XREC_ROUNDTRIP
360
48E
  0
DICTIONARY
  5
47B
330
33
100
AcDbDictionary
280
     1
281
     1
  3
ACAD_XREC_ROUNDTRIP
360
47C
  0
DICTIONARY
  5
499
330
42
100
AcDbDictionary
280
     1
281
     1
  3
ACAD_XREC_ROUNDTRIP
360
49A
  0
DICTIONARY
  5
497
330
41
100
AcDbDictionary
280
     1
281
     1
  3
ACAD_XREC_ROUNDTRIP
360
498
  0
DICTIONARY
  5
491
330
3E
100
AcDbDictionary
280
     1
281
     1
  3
ACAD_XREC_ROUNDTRIP
360
492
  0
DICTIONARY
  5
493
330
3F
100
AcDbDictionary
280
     1
281
     1
  3
ACAD_XREC_ROUNDTRIP
360
494
  0
DICTIONARY
  5
483
330
37
100
AcDbDictionary
280
     1
281
     1
  3
ACAD_XREC_ROUNDTRIP
360
484
  0
DICTIONARY
  5
475
330
30
100
AcDbDictionary
280
     1
281
     1
  3
ACAD_XREC_ROUNDTRIP
360
476
  0
DICTIONARY
  5
495
330
40
100
AcDbDictionary
280
     1
281
     1
  3
ACAD_XREC_ROUNDTRIP
360
496
  0
CELLSTYLEMAP
  5
49C
102
{ACAD_REACTORS
330
49B
102
}
330
49B
100
AcDbCellStyleMap
 90
        3
300
CELLSTYLE
  1
TABLEFORMAT_BEGIN
 90
        5
170
     1
 91
        0
 92
    32768
 62
   257
 93
        1
300
CONTENTFORMAT
  1
CONTENTFORMAT_BEGIN
 90
        0
 91
        0
 92
        4
 93
        0
300

 40
0.0
140
1.0
 94
        5
 62
     0
340
11
144
0.25
309
CONTENTFORMAT_END
171
     1
301
MARGIN
  1
CELLMARGIN_BEGIN
 40
0.06
 40
0.06
 40
0.06
 40
0.06
 40
0.06
 40
0.06
309
CELLMARGIN_END
 94
        6
 95
        1
302
GRIDFORMAT
  1
GRIDFORMAT_BEGIN
 90
        0
 91
        1
 62
     0
 92
       -2
340
14
 93
        0
 40
0.045
309
GRIDFORMAT_END
 95
        2
302
GRIDFORMAT
  1
GRIDFORMAT_BEGIN
 90
        0
 91
        1
 62
     0
 92
       -2
340
14
 93
        0
 40
0.045
309
GRIDFORMAT_END
 95
        4
302
GRIDFORMAT
  1
GRIDFORMAT_BEGIN
 90
        0
 91
        1
 62
     0
 92
       -2
340
14
 93
        0
 40
0.045
309
GRIDFORMAT_END
 95
        8
302
GRIDFORMAT
  1
GRIDFORMAT_BEGIN
 90
        0
 91
        1
 62
     0
 92
       -2
340
14
 93
        0
 40
0.045
309
GRIDFORMAT_END
 95
       16
302
GRIDFORMAT
  1
GRIDFORMAT_BEGIN
 90
        0
 91
        1
 62
     0
 92
       -2
340
14
 93
        0
 40
0.045
309
GRIDFORMAT_END
 95
       32
302
GRIDFORMAT
  1
GRIDFORMAT_BEGIN
 90
        0
 91
        1
 62
     0
 92
       -2
340
14
 93
        0
 40
0.045
309
GRIDFORMAT_END
309
TABLEFORMAT_END
  1
CELLSTYLE_BEGIN
 90
        1
 91
        1
300
_TITLE
309
CELLSTYLE_END
300
CELLSTYLE
  1
TABLEFORMAT_BEGIN
 90
        5
170
     1
 91
        0
 92
        0
 62
   257
 93
        1
300
CONTENTFORMAT
  1
CONTENTFORMAT_BEGIN
 90
        0
 91
        0
 92
        4
 93
        0
300

 40
0.0
140
1.0
 94
        5
 62
     0
340
11
144
0.18
309
CONTENTFORMAT_END
171
     1
301
MARGIN
  1
CELLMARGIN_BEGIN
 40
0.06
 40
0.06
 40
0.06
 40
0.06
 40
0.06
 40
0.06
309
CELLMARGIN_END
 94
        6
 95
        1
302
GRIDFORMAT
  1
GRIDFORMAT_BEGIN
 90
        0
 91
        1
 62
     0
 92
       -2
340
14
 93
        0
 40
0.045
309
GRIDFORMAT_END
 95
        2
302
GRIDFORMAT
  1
GRIDFORMAT_BEGIN
 90
        0
 91
        1
 62
     0
 92
       -2
340
14
 93
        0
 40
0.045
309
GRIDFORMAT_END
 95
        4
302
GRIDFORMAT
  1
GRIDFORMAT_BEGIN
 90
        0
 91
        1
 62
     0
 92
       -2
340
14
 93
        0
 40
0.045
309
GRIDFORMAT_END
 95
        8
302
GRIDFORMAT
  1
GRIDFORMAT_BEGIN
 90
        0
 91
        1
 62
     0
 92
       -2
340
14
 93
        0
 40
0.045
309
GRIDFORMAT_END
 95
       16
302
GRIDFORMAT
  1
GRIDFORMAT_BEGIN
 90
        0
 91
        1
 62
     0
 92
       -2
340
14
 93
        0
 40
0.045
309
GRIDFORMAT_END
 95
       32
302
GRIDFORMAT
  1
GRIDFORMAT_BEGIN
 90
        0
 91
        1
 62
     0
 92
       -2
340
14
 93
        0
 40
0.045
309
GRIDFORMAT_END
309
TABLEFORMAT_END
  1
CELLSTYLE_BEGIN
 90
        2
 91
        1
300
_HEADER
309
CELLSTYLE_END
300
CELLSTYLE
  1
TABLEFORMAT_BEGIN
 90
        5
170
     1
 91
        0
 92
        0
 62
   257
 93
        1
300
CONTENTFORMAT
  1
CONTENTFORMAT_BEGIN
 90
        0
 91
        0
 92
        4
 93
        0
300

 40
0.0
140
1.0
 94
        2
 62
     0
340
11
144
0.18
309
CONTENTFORMAT_END
171
     1
301
MARGIN
  1
CELLMARGIN_BEGIN
 40
0.06
 40
0.06
 40
0.06
 40
0.06
 40
0.06
 40
0.06
309
CELLMARGIN_END
 94
        6
 95
        1
302
GRIDFORMAT
  1
GRIDFORMAT_BEGIN
 90
        0
 91
        1
 62
     0
 92
       -2
340
14
 93
        0
 40
0.045
309
GRIDFORMAT_END
 95
        2
302
GRIDFORMAT
  1
GRIDFORMAT_BEGIN
 90
        0
 91
        1
 62
     0
 92
       -2
340
14
 93
        0
 40
0.045
309
GRIDFORMAT_END
 95
        4
302
GRIDFORMAT
  1
GRIDFORMAT_BEGIN
 90
        0
 91
        1
 62
     0
 92
       -2
340
14
 93
        0
 40
0.045
309
GRIDFORMAT_END
 95
        8
302
GRIDFORMAT
  1
GRIDFORMAT_BEGIN
 90
        0
 91
        1
 62
     0
 92
       -2
340
14
 93
        0
 40
0.045
309
GRIDFORMAT_END
 95
       16
302
GRIDFORMAT
  1
GRIDFORMAT_BEGIN
 90
        0
 91
        1
 62
     0
 92
       -2
340
14
 93
        0
 40
0.045
309
GRIDFORMAT_END
 95
       32
302
GRIDFORMAT
  1
GRIDFORMAT_BEGIN
 90
        0
 91
        1
 62
     0
 92
       -2
340
14
 93
        0
 40
0.045
309
GRIDFORMAT_END
309
TABLEFORMAT_END
  1
CELLSTYLE_BEGIN
 90
        3
 91
        2
300
_DATA
309
CELLSTYLE_END
  0
XRECORD
  5
474
102
{ACAD_REACTORS
330
473
102
}
330
473
100
AcDbXrecord
280
     1
102
RTVSPost2010Prop28
280
     1
102
RTVSPost2010PropOp28
 70
     1
102
RTVSPost2010Prop29
280
     1
102
RTVSPost2010PropOp29
 70
     1
102
RTVSPost2010Prop30
280
     0
102
RTVSPost2010PropOp30
 70
     1
102
RTVSPost2010Prop31
280
     0
102
RTVSPost2010PropOp31
 70
     1
102
RTVSPost2010Prop32
280
     0
102
RTVSPost2010PropOp32
 70
     1
102
RTVSPost2010Prop33
280
     0
102
RTVSPost2010PropOp33
 70
     1
102
RTVSPost2010Prop34
280
     0
102
RTVSPost2010PropOp34
 70
     1
102
RTVSPost2010Prop35
280
     0
102
RTVSPost2010PropOp35
 70
     1
102
RTVSPost2010Prop36
280
     0
102
RTVSPost2010PropOp36
 70
     1
102
RTVSPost2010Prop37
 90
       50
102
RTVSPost2010PropOp37
 70
     1
102
RTVSPost2010Prop38
140
0.0
102
RTVSPost2010PropOp38
 70
     1
102
RTVSPost2010Prop39
140
1.0
102
RTVSPost2010PropOp39
 70
     1
102
RTVSPost2010Prop40
 90
        0
102
RTVSPost2010PropOp40
 70
     1
102
RTVSPost2010Prop41ColorIndex
 90
       18
102
RTVSPost2010Prop41ColorRGB
 90
        0
102
RTVSPost2010PropOp41
 70
     1
102
RTVSPost2010Prop42
 90
       50
102
RTVSPost2010PropOp42
 70
     1
102
RTVSPost2010Prop43
 90
        3
102
RTVSPost2010PropOp43
 70
     1
102
RTVSPost2010Prop44ColorIndex
 90
        5
102
RTVSPost2010Prop44ColorRGB
 90
      255
102
RTVSPost2010PropOp44
 70
     1
102
RTVSPost2010Prop45
280
     0
102
RTVSPost2010PropOp45
 70
     1
102
RTVSPost2010Prop46
 90
       50
102
RTVSPost2010PropOp46
 70
     1
102
RTVSPost2010Prop47
 90
       50
102
RTVSPost2010PropOp47
 70
     1
102
RTVSPost2010Prop48
 90
       50
102
RTVSPost2010PropOp48
 70
     1
102
RTVSPost2010Prop49
280
     0
102
RTVSPost2010PropOp49
 70
     1
102
RTVSPost2010Prop50
 90
       50
102
RTVSPost2010PropOp50
 70
     1
102
RTVSPost2010Prop51ColorIndex
 90
      256
102
RTVSPost2010Prop51ColorRGB
 90
-16777216
102
RTVSPost2010PropOp51
 70
     0
102
RTVSPost2010Prop52
140
1.0
102
RTVSPost2010PropOp52
 70
     0
102
RTVSPost2010Prop53
 90
        2
102
RTVSPost2010PropOp53
 70
     1
102
RTVSPost2010Prop54
  1
strokes_ogs.tif
102
RTVSPost2010PropOp54
 70
     1
102
RTVSPost2010Prop55
280
     0
102
RTVSPost2010PropOp55
 70
     1
102
RTVSPost2010Prop56
140
1.0
102
RTVSPost2010PropOp56
 70
     1
102
RTVSPost2010Prop57
140
1.0
102
RTVSPost2010PropOp57
 70
     1
  0
XRECORD
  5
47A
102
{ACAD_REACTORS
330
479
102
}
330
479
100
AcDbXrecord
280
     1
102
RTVSPost2010Prop28
280
     0
102
RTVSPost2010PropOp28
 70
     1
102
RTVSPost2010Prop29
280
     1
102
RTVSPost2010PropOp29
 70
     1
102
RTVSPost2010Prop30
280
     1
102
RTVSPost2010PropOp30
 70
     1
102
RTVSPost2010Prop31
280
     0
102
RTVSPost2010PropOp31
 70
     1
102
RTVSPost2010Prop32
280
     0
102
RTVSPost2010PropOp32
 70
     1
102
RTVSPost2010Prop33
280
     0
102
RTVSPost2010PropOp33
 70
     1
102
RTVSPost2010Prop34
280
     0
102
RTVSPost2010PropOp34
 70
     1
102
RTVSPost2010Prop35
280
     0
102
RTVSPost2010PropOp35
 70
     1
102
RTVSPost2010Prop36
280
     0
102
RTVSPost2010PropOp36
 70
     1
102
RTVSPost2010Prop37
 90
       50
102
RTVSPost2010PropOp37
 70
     1
102
RTVSPost2010Prop38
140
0.0
102
RTVSPost2010PropOp38
 70
     1
102
RTVSPost2010Prop39
140
1.0
102
RTVSPost2010PropOp39
 70
     1
102
RTVSPost2010Prop40
 90
        0
102
RTVSPost2010PropOp40
 70
     1
102
RTVSPost2010Prop41ColorIndex
 90
       18
102
RTVSPost2010Prop41ColorRGB
 90
        0
102
RTVSPost2010PropOp41
 70
     1
102
RTVSPost2010Prop42
 90
       50
102
RTVSPost2010PropOp42
 70
     1
102
RTVSPost2010Prop43
 90
        3
102
RTVSPost2010PropOp43
 70
     1
102
RTVSPost2010Prop44ColorIndex
 90
        5
102
RTVSPost2010Prop44ColorRGB
 90
      255
102
RTVSPost2010PropOp44
 70
     1
102
RTVSPost2010Prop45
280
     0
102
RTVSPost2010PropOp45
 70
     1
102
RTVSPost2010Prop46
 90
       50
102
RTVSPost2010PropOp46
 70
     1
102
RTVSPost2010Prop47
 90
       50
102
RTVSPost2010PropOp47
 70
     1
102
RTVSPost2010Prop48
 90
       50
102
RTVSPost2010PropOp48
 70
     1
102
RTVSPost2010Prop49
280
     0
102
RTVSPost2010PropOp49
 70
     1
102
RTVSPost2010Prop50
 90
       50
102
RTVSPost2010PropOp50
 70
     1
102
RTVSPost2010Prop51ColorIndex
 90
      256
102
RTVSPost2010Prop51ColorRGB
 90
-16777216
102
RTVSPost2010PropOp51
 70
     0
102
RTVSPost2010Prop52
140
1.0
102
RTVSPost2010PropOp52
 70
     0
102
RTVSPost2010Prop53
 90
        2
102
RTVSPost2010PropOp53
 70
     1
102
RTVSPost2010Prop54
  1
strokes_ogs.tif
102
RTVSPost2010PropOp54
 70
     1
102
RTVSPost2010Prop55
280
     0
102
RTVSPost2010PropOp55
 70
     1
102
RTVSPost2010Prop56
140
1.0
102
RTVSPost2010PropOp56
 70
     1
102
RTVSPost2010Prop57
140
1.0
102
RTVSPost2010PropOp57
 70
     1
  0
XRECORD
  5
482
102
{ACAD_REACTORS
330
481
102
}
330
481
100
AcDbXrecord
280
     1
102
RTVSPost2010Prop28
280
     0
102
RTVSPost2010PropOp28
 70
     1
102
RTVSPost2010Prop29
280
     1
102
RTVSPost2010PropOp29
 70
     1
102
RTVSPost2010Prop30
280
     1
102
RTVSPost2010PropOp30
 70
     1
102
RTVSPost2010Prop31
280
     0
102
RTVSPost2010PropOp31
 70
     1
102
RTVSPost2010Prop32
280
     0
102
RTVSPost2010PropOp32
 70
     1
102
RTVSPost2010Prop33
280
     0
102
RTVSPost2010PropOp33
 70
     1
102
RTVSPost2010Prop34
280
     0
102
RTVSPost2010PropOp34
 70
     1
102
RTVSPost2010Prop35
280
     0
102
RTVSPost2010PropOp35
 70
     1
102
RTVSPost2010Prop36
280
     0
102
RTVSPost2010PropOp36
 70
     1
102
RTVSPost2010Prop37
 90
       50
102
RTVSPost2010PropOp37
 70
     1
102
RTVSPost2010Prop38
140
0.0
102
RTVSPost2010PropOp38
 70
     1
102
RTVSPost2010Prop39
140
1.0
102
RTVSPost2010PropOp39
 70
     1
102
RTVSPost2010Prop40
 90
        0
102
RTVSPost2010PropOp40
 70
     1
102
RTVSPost2010Prop41ColorIndex
 90
       18
102
RTVSPost2010Prop41ColorRGB
 90
        0
102
RTVSPost2010PropOp41
 70
     1
102
RTVSPost2010Prop42
 90
       50
102
RTVSPost2010PropOp42
 70
     1
102
RTVSPost2010Prop43
 90
        3
102
RTVSPost2010PropOp43
 70
     1
102
RTVSPost2010Prop44ColorIndex
 90
        5
102
RTVSPost2010Prop44ColorRGB
 90
      255
102
RTVSPost2010PropOp44
 70
     1
102
RTVSPost2010Prop45
280
     0
102
RTVSPost2010PropOp45
 70
     1
102
RTVSPost2010Prop46
 90
       50
102
RTVSPost2010PropOp46
 70
     1
102
RTVSPost2010Prop47
 90
       50
102
RTVSPost2010PropOp47
 70
     1
102
RTVSPost2010Prop48
 90
       50
102
RTVSPost2010PropOp48
 70
     1
102
RTVSPost2010Prop49
280
     0
102
RTVSPost2010PropOp49
 70
     1
102
RTVSPost2010Prop50
 90
       50
102
RTVSPost2010PropOp50
 70
     1
102
RTVSPost2010Prop51ColorIndex
 90
      256
102
RTVSPost2010Prop51ColorRGB
 90
-16777216
102
RTVSPost2010PropOp51
 70
     0
102
RTVSPost2010Prop52
140
1.0
102
RTVSPost2010PropOp52
 70
     0
102
RTVSPost2010Prop53
 90
        2
102
RTVSPost2010PropOp53
 70
     1
102
RTVSPost2010Prop54
  1
strokes_ogs.tif
102
RTVSPost2010PropOp54
 70
     1
102
RTVSPost2010Prop55
280
     0
102
RTVSPost2010PropOp55
 70
     1
102
RTVSPost2010Prop56
140
1.0
102
RTVSPost2010PropOp56
 70
     1
102
RTVSPost2010Prop57
140
1.0
102
RTVSPost2010PropOp57
 70
     1
  0
XRECORD
  5
48A
102
{ACAD_REACTORS
330
489
102
}
330
489
100
AcDbXrecord
280
     1
102
RTVSPost2010Prop28
280
     0
102
RTVSPost2010PropOp28
 70
     1
102
RTVSPost2010Prop29
280
     1
102
RTVSPost2010PropOp29
 70
     1
102
RTVSPost2010Prop30
280
     1
102
RTVSPost2010PropOp30
 70
     1
102
RTVSPost2010Prop31
280
     0
102
RTVSPost2010PropOp31
 70
     1
102
RTVSPost2010Prop32
280
     0
102
RTVSPost2010PropOp32
 70
     1
102
RTVSPost2010Prop33
280
     0
102
RTVSPost2010PropOp33
 70
     1
102
RTVSPost2010Prop34
280
     0
102
RTVSPost2010PropOp34
 70
     1
102
RTVSPost2010Prop35
280
     0
102
RTVSPost2010PropOp35
 70
     1
102
RTVSPost2010Prop36
280
     0
102
RTVSPost2010PropOp36
 70
     1
102
RTVSPost2010Prop37
 90
       50
102
RTVSPost2010PropOp37
 70
     1
102
RTVSPost2010Prop38
140
0.0
102
RTVSPost2010PropOp38
 70
     1
102
RTVSPost2010Prop39
140
1.0
102
RTVSPost2010PropOp39
 70
     1
102
RTVSPost2010Prop40
 90
        0
102
RTVSPost2010PropOp40
 70
     1
102
RTVSPost2010Prop41ColorIndex
 90
       18
102
RTVSPost2010Prop41ColorRGB
 90
        0
102
RTVSPost2010PropOp41
 70
     1
102
RTVSPost2010Prop42
 90
       50
102
RTVSPost2010PropOp42
 70
     1
102
RTVSPost2010Prop43
 90
        3
102
RTVSPost2010PropOp43
 70
     1
102
RTVSPost2010Prop44ColorIndex
 90
        5
102
RTVSPost2010Prop44ColorRGB
 90
      255
102
RTVSPost2010PropOp44
 70
     1
102
RTVSPost2010Prop45
280
     0
102
RTVSPost2010PropOp45
 70
     1
102
RTVSPost2010Prop46
 90
       50
102
RTVSPost2010PropOp46
 70
     1
102
RTVSPost2010Prop47
 90
       50
102
RTVSPost2010PropOp47
 70
     1
102
RTVSPost2010Prop48
 90
       50
102
RTVSPost2010PropOp48
 70
     1
102
RTVSPost2010Prop49
280
     0
102
RTVSPost2010PropOp49
 70
     1
102
RTVSPost2010Prop50
 90
       50
102
RTVSPost2010PropOp50
 70
     1
102
RTVSPost2010Prop51ColorIndex
 90
      256
102
RTVSPost2010Prop51ColorRGB
 90
-16777216
102
RTVSPost2010PropOp51
 70
     0
102
RTVSPost2010Prop52
140
1.0
102
RTVSPost2010PropOp52
 70
     0
102
RTVSPost2010Prop53
 90
        2
102
RTVSPost2010PropOp53
 70
     1
102
RTVSPost2010Prop54
  1
strokes_ogs.tif
102
RTVSPost2010PropOp54
 70
     1
102
RTVSPost2010Prop55
280
     0
102
RTVSPost2010PropOp55
 70
     1
102
RTVSPost2010Prop56
140
1.0
102
RTVSPost2010PropOp56
 70
     1
102
RTVSPost2010Prop57
140
1.0
102
RTVSPost2010PropOp57
 70
     1
  0
XRECORD
  5
47E
102
{ACAD_REACTORS
330
47D
102
}
330
47D
100
AcDbXrecord
280
     1
102
RTVSPost2010Prop28
280
     0
102
RTVSPost2010PropOp28
 70
     1
102
RTVSPost2010Prop29
280
     1
102
RTVSPost2010PropOp29
 70
     1
102
RTVSPost2010Prop30
280
     1
102
RTVSPost2010PropOp30
 70
     1
102
RTVSPost2010Prop31
280
     0
102
RTVSPost2010PropOp31
 70
     1
102
RTVSPost2010Prop32
280
     0
102
RTVSPost2010PropOp32
 70
     1
102
RTVSPost2010Prop33
280
     0
102
RTVSPost2010PropOp33
 70
     1
102
RTVSPost2010Prop34
280
     0
102
RTVSPost2010PropOp34
 70
     1
102
RTVSPost2010Prop35
280
     0
102
RTVSPost2010PropOp35
 70
     1
102
RTVSPost2010Prop36
280
     0
102
RTVSPost2010PropOp36
 70
     1
102
RTVSPost2010Prop37
 90
       50
102
RTVSPost2010PropOp37
 70
     1
102
RTVSPost2010Prop38
140
0.0
102
RTVSPost2010PropOp38
 70
     1
102
RTVSPost2010Prop39
140
1.0
102
RTVSPost2010PropOp39
 70
     1
102
RTVSPost2010Prop40
 90
        0
102
RTVSPost2010PropOp40
 70
     1
102
RTVSPost2010Prop41ColorIndex
 90
       18
102
RTVSPost2010Prop41ColorRGB
 90
        0
102
RTVSPost2010PropOp41
 70
     1
102
RTVSPost2010Prop42
 90
       50
102
RTVSPost2010PropOp42
 70
     1
102
RTVSPost2010Prop43
 90
        3
102
RTVSPost2010PropOp43
 70
     1
102
RTVSPost2010Prop44ColorIndex
 90
        5
102
RTVSPost2010Prop44ColorRGB
 90
      255
102
RTVSPost2010PropOp44
 70
     1
102
RTVSPost2010Prop45
280
     0
102
RTVSPost2010PropOp45
 70
     1
102
RTVSPost2010Prop46
 90
       50
102
RTVSPost2010PropOp46
 70
     1
102
RTVSPost2010Prop47
 90
       50
102
RTVSPost2010PropOp47
 70
     1
102
RTVSPost2010Prop48
 90
       50
102
RTVSPost2010PropOp48
 70
     1
102
RTVSPost2010Prop49
280
     0
102
RTVSPost2010PropOp49
 70
     1
102
RTVSPost2010Prop50
 90
       50
102
RTVSPost2010PropOp50
 70
     1
102
RTVSPost2010Prop51ColorIndex
 90
      256
102
RTVSPost2010Prop51ColorRGB
 90
-16777216
102
RTVSPost2010PropOp51
 70
     0
102
RTVSPost2010Prop52
140
1.0
102
RTVSPost2010PropOp52
 70
     0
102
RTVSPost2010Prop53
 90
        2
102
RTVSPost2010PropOp53
 70
     1
102
RTVSPost2010Prop54
  1
strokes_ogs.tif
102
RTVSPost2010PropOp54
 70
     1
102
RTVSPost2010Prop55
280
     0
102
RTVSPost2010PropOp55
 70
     1
102
RTVSPost2010Prop56
140
1.0
102
RTVSPost2010PropOp56
 70
     1
102
RTVSPost2010Prop57
140
1.0
102
RTVSPost2010PropOp57
 70
     1
  0
XRECORD
  5
480
102
{ACAD_REACTORS
330
47F
102
}
330
47F
100
AcDbXrecord
280
     1
102
RTVSPost2010Prop28
280
     0
102
RTVSPost2010PropOp28
 70
     1
102
RTVSPost2010Prop29
280
     1
102
RTVSPost2010PropOp29
 70
     1
102
RTVSPost2010Prop30
280
     1
102
RTVSPost2010PropOp30
 70
     1
102
RTVSPost2010Prop31
280
     0
102
RTVSPost2010PropOp31
 70
     1
102
RTVSPost2010Prop32
280
     0
102
RTVSPost2010PropOp32
 70
     1
102
RTVSPost2010Prop33
280
     0
102
RTVSPost2010PropOp33
 70
     1
102
RTVSPost2010Prop34
280
     0
102
RTVSPost2010PropOp34
 70
     1
102
RTVSPost2010Prop35
280
     0
102
RTVSPost2010PropOp35
 70
     1
102
RTVSPost2010Prop36
280
     0
102
RTVSPost2010PropOp36
 70
     1
102
RTVSPost2010Prop37
 90
       50
102
RTVSPost2010PropOp37
 70
     1
102
RTVSPost2010Prop38
140
0.0
102
RTVSPost2010PropOp38
 70
     1
102
RTVSPost2010Prop39
140
1.0
102
RTVSPost2010PropOp39
 70
     1
102
RTVSPost2010Prop40
 90
        0
102
RTVSPost2010PropOp40
 70
     1
102
RTVSPost2010Prop41ColorIndex
 90
       18
102
RTVSPost2010Prop41ColorRGB
 90
        0
102
RTVSPost2010PropOp41
 70
     1
102
RTVSPost2010Prop42
 90
       50
102
RTVSPost2010PropOp42
 70
     1
102
RTVSPost2010Prop43
 90
        3
102
RTVSPost2010PropOp43
 70
     1
102
RTVSPost2010Prop44ColorIndex
 90
        5
102
RTVSPost2010Prop44ColorRGB
 90
      255
102
RTVSPost2010PropOp44
 70
     1
102
RTVSPost2010Prop45
280
     0
102
RTVSPost2010PropOp45
 70
     1
102
RTVSPost2010Prop46
 90
       50
102
RTVSPost2010PropOp46
 70
     1
102
RTVSPost2010Prop47
 90
       50
102
RTVSPost2010PropOp47
 70
     1
102
RTVSPost2010Prop48
 90
       50
102
RTVSPost2010PropOp48
 70
     1
102
RTVSPost2010Prop49
280
     0
102
RTVSPost2010PropOp49
 70
     1
102
RTVSPost2010Prop50
 90
       50
102
RTVSPost2010PropOp50
 70
     1
102
RTVSPost2010Prop51ColorIndex
 90
      256
102
RTVSPost2010Prop51ColorRGB
 90
-16777216
102
RTVSPost2010PropOp51
 70
     0
102
RTVSPost2010Prop52
140
1.0
102
RTVSPost2010PropOp52
 70
     0
102
RTVSPost2010Prop53
 90
        2
102
RTVSPost2010PropOp53
 70
     1
102
RTVSPost2010Prop54
  1
strokes_ogs.tif
102
RTVSPost2010PropOp54
 70
     1
102
RTVSPost2010Prop55
280
     0
102
RTVSPost2010PropOp55
 70
     1
102
RTVSPost2010Prop56
140
1.0
102
RTVSPost2010PropOp56
 70
     1
102
RTVSPost2010Prop57
140
1.0
102
RTVSPost2010PropOp57
 70
     1
  0
XRECORD
  5
490
102
{ACAD_REACTORS
330
48F
102
}
330
48F
100
AcDbXrecord
280
     1
102
RTVSPost2010Prop28
280
     0
102
RTVSPost2010PropOp28
 70
     0
102
RTVSPost2010Prop29
280
     1
102
RTVSPost2010PropOp29
 70
     0
102
RTVSPost2010Prop30
280
     1
102
RTVSPost2010PropOp30
 70
     0
102
RTVSPost2010Prop31
280
     0
102
RTVSPost2010PropOp31
 70
     0
102
RTVSPost2010Prop32
280
     0
102
RTVSPost2010PropOp32
 70
     0
102
RTVSPost2010Prop33
280
     0
102
RTVSPost2010PropOp33
 70
     0
102
RTVSPost2010Prop34
280
     0
102
RTVSPost2010PropOp34
 70
     0
102
RTVSPost2010Prop35
280
     0
102
RTVSPost2010PropOp35
 70
     0
102
RTVSPost2010Prop36
280
     0
102
RTVSPost2010PropOp36
 70
     0
102
RTVSPost2010Prop37
 90
       50
102
RTVSPost2010PropOp37
 70
     0
102
RTVSPost2010Prop38
140
0.0
102
RTVSPost2010PropOp38
 70
     0
102
RTVSPost2010Prop39
140
1.0
102
RTVSPost2010PropOp39
 70
     0
102
RTVSPost2010Prop40
 90
        0
102
RTVSPost2010PropOp40
 70
     0
102
RTVSPost2010Prop41ColorIndex
 90
       18
102
RTVSPost2010Prop41ColorRGB
 90
        0
102
RTVSPost2010PropOp41
 70
     0
102
RTVSPost2010Prop42
 90
       50
102
RTVSPost2010PropOp42
 70
     0
102
RTVSPost2010Prop43
 90
        3
102
RTVSPost2010PropOp43
 70
     0
102
RTVSPost2010Prop44ColorIndex
 90
        5
102
RTVSPost2010Prop44ColorRGB
 90
      255
102
RTVSPost2010PropOp44
 70
     0
102
RTVSPost2010Prop45
280
     0
102
RTVSPost2010PropOp45
 70
     0
102
RTVSPost2010Prop46
 90
       50
102
RTVSPost2010PropOp46
 70
     0
102
RTVSPost2010Prop47
 90
       50
102
RTVSPost2010PropOp47
 70
     0
102
RTVSPost2010Prop48
 90
       50
102
RTVSPost2010PropOp48
 70
     0
102
RTVSPost2010Prop49
280
     0
102
RTVSPost2010PropOp49
 70
     0
102
RTVSPost2010Prop50
 90
       50
102
RTVSPost2010PropOp50
 70
     0
102
RTVSPost2010Prop51ColorIndex
 90
      256
102
RTVSPost2010Prop51ColorRGB
 90
-16777216
102
RTVSPost2010PropOp51
 70
     0
102
RTVSPost2010Prop52
140
1.0
102
RTVSPost2010PropOp52
 70
     0
102
RTVSPost2010Prop53
 90
        2
102
RTVSPost2010PropOp53
 70
     0
102
RTVSPost2010Prop54
  1
strokes_ogs.tif
102
RTVSPost2010PropOp54
 70
     0
102
RTVSPost2010Prop55
280
     0
102
RTVSPost2010PropOp55
 70
     0
102
RTVSPost2010Prop56
140
1.0
102
RTVSPost2010PropOp56
 70
     0
102
RTVSPost2010Prop57
140
1.0
102
RTVSPost2010PropOp57
 70
     0
  0
XRECORD
  5
488
102
{ACAD_REACTORS
330
487
102
}
330
487
100
AcDbXrecord
280
     1
102
RTVSPost2010Prop28
280
     0
102
RTVSPost2010PropOp28
 70
     1
102
RTVSPost2010Prop29
280
     1
102
RTVSPost2010PropOp29
 70
     1
102
RTVSPost2010Prop30
280
     1
102
RTVSPost2010PropOp30
 70
     1
102
RTVSPost2010Prop31
280
     0
102
RTVSPost2010PropOp31
 70
     1
102
RTVSPost2010Prop32
280
     0
102
RTVSPost2010PropOp32
 70
     1
102
RTVSPost2010Prop33
280
     0
102
RTVSPost2010PropOp33
 70
     1
102
RTVSPost2010Prop34
280
     0
102
RTVSPost2010PropOp34
 70
     1
102
RTVSPost2010Prop35
280
     0
102
RTVSPost2010PropOp35
 70
     1
102
RTVSPost2010Prop36
280
     0
102
RTVSPost2010PropOp36
 70
     1
102
RTVSPost2010Prop37
 90
       50
102
RTVSPost2010PropOp37
 70
     1
102
RTVSPost2010Prop38
140
0.0
102
RTVSPost2010PropOp38
 70
     1
102
RTVSPost2010Prop39
140
1.0
102
RTVSPost2010PropOp39
 70
     1
102
RTVSPost2010Prop40
 90
        0
102
RTVSPost2010PropOp40
 70
     1
102
RTVSPost2010Prop41ColorIndex
 90
       18
102
RTVSPost2010Prop41ColorRGB
 90
        0
102
RTVSPost2010PropOp41
 70
     1
102
RTVSPost2010Prop42
 90
       50
102
RTVSPost2010PropOp42
 70
     1
102
RTVSPost2010Prop43
 90
        3
102
RTVSPost2010PropOp43
 70
     1
102
RTVSPost2010Prop44ColorIndex
 90
        5
102
RTVSPost2010Prop44ColorRGB
 90
      255
102
RTVSPost2010PropOp44
 70
     1
102
RTVSPost2010Prop45
280
     0
102
RTVSPost2010PropOp45
 70
     1
102
RTVSPost2010Prop46
 90
       50
102
RTVSPost2010PropOp46
 70
     1
102
RTVSPost2010Prop47
 90
       50
102
RTVSPost2010PropOp47
 70
     1
102
RTVSPost2010Prop48
 90
       50
102
RTVSPost2010PropOp48
 70
     1
102
RTVSPost2010Prop49
280
     0
102
RTVSPost2010PropOp49
 70
     1
102
RTVSPost2010Prop50
 90
       50
102
RTVSPost2010PropOp50
 70
     1
102
RTVSPost2010Prop51ColorIndex
 90
      256
102
RTVSPost2010Prop51ColorRGB
 90
-16777216
102
RTVSPost2010PropOp51
 70
     0
102
RTVSPost2010Prop52
140
1.0
102
RTVSPost2010PropOp52
 70
     0
102
RTVSPost2010Prop53
 90
        2
102
RTVSPost2010PropOp53
 70
     1
102
RTVSPost2010Prop54
  1
strokes_ogs.tif
102
RTVSPost2010PropOp54
 70
     1
102
RTVSPost2010Prop55
280
     0
102
RTVSPost2010PropOp55
 70
     1
102
RTVSPost2010Prop56
140
1.0
102
RTVSPost2010PropOp56
 70
     1
102
RTVSPost2010Prop57
140
1.0
102
RTVSPost2010PropOp57
 70
     1
  0
XRECORD
  5
46C
102
{ACAD_REACTORS
330
46B
102
}
330
46B
100
AcDbXrecord
280
     1
102
RTVSPost2010Prop28
280
     0
102
RTVSPost2010PropOp28
 70
     1
102
RTVSPost2010Prop29
280
     1
102
RTVSPost2010PropOp29
 70
     1
102
RTVSPost2010Prop30
280
     1
102
RTVSPost2010PropOp30
 70
     1
102
RTVSPost2010Prop31
280
     0
102
RTVSPost2010PropOp31
 70
     1
102
RTVSPost2010Prop32
280
     0
102
RTVSPost2010PropOp32
 70
     1
102
RTVSPost2010Prop33
280
     0
102
RTVSPost2010PropOp33
 70
     1
102
RTVSPost2010Prop34
280
     0
102
RTVSPost2010PropOp34
 70
     1
102
RTVSPost2010Prop35
280
     0
102
RTVSPost2010PropOp35
 70
     1
102
RTVSPost2010Prop36
280
     0
102
RTVSPost2010PropOp36
 70
     1
102
RTVSPost2010Prop37
 90
       50
102
RTVSPost2010PropOp37
 70
     1
102
RTVSPost2010Prop38
140
0.0
102
RTVSPost2010PropOp38
 70
     1
102
RTVSPost2010Prop39
140
1.0
102
RTVSPost2010PropOp39
 70
     1
102
RTVSPost2010Prop40
 90
        0
102
RTVSPost2010PropOp40
 70
     1
102
RTVSPost2010Prop41ColorIndex
 90
       18
102
RTVSPost2010Prop41ColorRGB
 90
        0
102
RTVSPost2010PropOp41
 70
     1
102
RTVSPost2010Prop42
 90
       50
102
RTVSPost2010PropOp42
 70
     1
102
RTVSPost2010Prop43
 90
        3
102
RTVSPost2010PropOp43
 70
     1
102
RTVSPost2010Prop44ColorIndex
 90
        5
102
RTVSPost2010Prop44ColorRGB
 90
      255
102
RTVSPost2010PropOp44
 70
     1
102
RTVSPost2010Prop45
280
     0
102
RTVSPost2010PropOp45
 70
     1
102
RTVSPost2010Prop46
 90
       50
102
RTVSPost2010PropOp46
 70
     1
102
RTVSPost2010Prop47
 90
       50
102
RTVSPost2010PropOp47
 70
     1
102
RTVSPost2010Prop48
 90
       50
102
RTVSPost2010PropOp48
 70
     1
102
RTVSPost2010Prop49
280
     0
102
RTVSPost2010PropOp49
 70
     1
102
RTVSPost2010Prop50
 90
       50
102
RTVSPost2010PropOp50
 70
     1
102
RTVSPost2010Prop51ColorIndex
 90
      256
102
RTVSPost2010Prop51ColorRGB
 90
-16777216
102
RTVSPost2010PropOp51
 70
     0
102
RTVSPost2010Prop52
140
1.0
102
RTVSPost2010PropOp52
 70
     0
102
RTVSPost2010Prop53
 90
        2
102
RTVSPost2010PropOp53
 70
     1
102
RTVSPost2010Prop54
  1
strokes_ogs.tif
102
RTVSPost2010PropOp54
 70
     1
102
RTVSPost2010Prop55
280
     0
102
RTVSPost2010PropOp55
 70
     1
102
RTVSPost2010Prop56
140
1.0
102
RTVSPost2010PropOp56
 70
     1
102
RTVSPost2010Prop57
140
1.0
102
RTVSPost2010PropOp57
 70
     1
  0
XRECORD
  5
46E
102
{ACAD_REACTORS
330
46D
102
}
330
46D
100
AcDbXrecord
280
     1
102
RTVSPost2010Prop28
280
     0
102
RTVSPost2010PropOp28
 70
     1
102
RTVSPost2010Prop29
280
     1
102
RTVSPost2010PropOp29
 70
     1
102
RTVSPost2010Prop30
280
     1
102
RTVSPost2010PropOp30
 70
     1
102
RTVSPost2010Prop31
280
     0
102
RTVSPost2010PropOp31
 70
     1
102
RTVSPost2010Prop32
280
     0
102
RTVSPost2010PropOp32
 70
     1
102
RTVSPost2010Prop33
280
     0
102
RTVSPost2010PropOp33
 70
     1
102
RTVSPost2010Prop34
280
     0
102
RTVSPost2010PropOp34
 70
     1
102
RTVSPost2010Prop35
280
     0
102
RTVSPost2010PropOp35
 70
     1
102
RTVSPost2010Prop36
280
     0
102
RTVSPost2010PropOp36
 70
     1
102
RTVSPost2010Prop37
 90
       50
102
RTVSPost2010PropOp37
 70
     1
102
RTVSPost2010Prop38
140
0.0
102
RTVSPost2010PropOp38
 70
     1
102
RTVSPost2010Prop39
140
1.0
102
RTVSPost2010PropOp39
 70
     1
102
RTVSPost2010Prop40
 90
        0
102
RTVSPost2010PropOp40
 70
     1
102
RTVSPost2010Prop41ColorIndex
 90
       18
102
RTVSPost2010Prop41ColorRGB
 90
        0
102
RTVSPost2010PropOp41
 70
     1
102
RTVSPost2010Prop42
 90
       50
102
RTVSPost2010PropOp42
 70
     1
102
RTVSPost2010Prop43
 90
        3
102
RTVSPost2010PropOp43
 70
     1
102
RTVSPost2010Prop44ColorIndex
 90
        5
102
RTVSPost2010Prop44ColorRGB
 90
      255
102
RTVSPost2010PropOp44
 70
     1
102
RTVSPost2010Prop45
280
     0
102
RTVSPost2010PropOp45
 70
     1
102
RTVSPost2010Prop46
 90
       50
102
RTVSPost2010PropOp46
 70
     1
102
RTVSPost2010Prop47
 90
       50
102
RTVSPost2010PropOp47
 70
     1
102
RTVSPost2010Prop48
 90
       50
102
RTVSPost2010PropOp48
 70
     1
102
RTVSPost2010Prop49
280
     0
102
RTVSPost2010PropOp49
 70
     1
102
RTVSPost2010Prop50
 90
       50
102
RTVSPost2010PropOp50
 70
     1
102
RTVSPost2010Prop51ColorIndex
 90
      256
102
RTVSPost2010Prop51ColorRGB
 90
-16777216
102
RTVSPost2010PropOp51
 70
     0
102
RTVSPost2010Prop52
140
1.0
102
RTVSPost2010PropOp52
 70
     0
102
RTVSPost2010Prop53
 90
        2
102
RTVSPost2010PropOp53
 70
     1
102
RTVSPost2010Prop54
  1
strokes_ogs.tif
102
RTVSPost2010PropOp54
 70
     1
102
RTVSPost2010Prop55
280
     0
102
RTVSPost2010PropOp55
 70
     1
102
RTVSPost2010Prop56
140
1.0
102
RTVSPost2010PropOp56
 70
     1
102
RTVSPost2010Prop57
140
1.0
102
RTVSPost2010PropOp57
 70
     1
  0
XRECORD
  5
470
102
{ACAD_REACTORS
330
46F
102
}
330
46F
100
AcDbXrecord
280
     1
102
RTVSPost2010Prop28
280
     0
102
RTVSPost2010PropOp28
 70
     1
102
RTVSPost2010Prop29
280
     1
102
RTVSPost2010PropOp29
 70
     1
102
RTVSPost2010Prop30
280
     1
102
RTVSPost2010PropOp30
 70
     1
102
RTVSPost2010Prop31
280
     0
102
RTVSPost2010PropOp31
 70
     1
102
RTVSPost2010Prop32
280
     0
102
RTVSPost2010PropOp32
 70
     1
102
RTVSPost2010Prop33
280
     0
102
RTVSPost2010PropOp33
 70
     1
102
RTVSPost2010Prop34
280
     0
102
RTVSPost2010PropOp34
 70
     1
102
RTVSPost2010Prop35
280
     0
102
RTVSPost2010PropOp35
 70
     1
102
RTVSPost2010Prop36
280
     0
102
RTVSPost2010PropOp36
 70
     1
102
RTVSPost2010Prop37
 90
       50
102
RTVSPost2010PropOp37
 70
     1
102
RTVSPost2010Prop38
140
0.0
102
RTVSPost2010PropOp38
 70
     1
102
RTVSPost2010Prop39
140
1.0
102
RTVSPost2010PropOp39
 70
     1
102
RTVSPost2010Prop40
 90
        0
102
RTVSPost2010PropOp40
 70
     1
102
RTVSPost2010Prop41ColorIndex
 90
       18
102
RTVSPost2010Prop41ColorRGB
 90
        0
102
RTVSPost2010PropOp41
 70
     1
102
RTVSPost2010Prop42
 90
       50
102
RTVSPost2010PropOp42
 70
     1
102
RTVSPost2010Prop43
 90
        3
102
RTVSPost2010PropOp43
 70
     1
102
RTVSPost2010Prop44ColorIndex
 90
        5
102
RTVSPost2010Prop44ColorRGB
 90
      255
102
RTVSPost2010PropOp44
 70
     1
102
RTVSPost2010Prop45
280
     0
102
RTVSPost2010PropOp45
 70
     1
102
RTVSPost2010Prop46
 90
       50
102
RTVSPost2010PropOp46
 70
     1
102
RTVSPost2010Prop47
 90
       50
102
RTVSPost2010PropOp47
 70
     1
102
RTVSPost2010Prop48
 90
       50
102
RTVSPost2010PropOp48
 70
     1
102
RTVSPost2010Prop49
280
     0
102
RTVSPost2010PropOp49
 70
     1
102
RTVSPost2010Prop50
 90
       50
102
RTVSPost2010PropOp50
 70
     1
102
RTVSPost2010Prop51ColorIndex
 90
      256
102
RTVSPost2010Prop51ColorRGB
 90
-16777216
102
RTVSPost2010PropOp51
 70
     0
102
RTVSPost2010Prop52
140
1.0
102
RTVSPost2010PropOp52
 70
     0
102
RTVSPost2010Prop53
 90
        2
102
RTVSPost2010PropOp53
 70
     1
102
RTVSPost2010Prop54
  1
strokes_ogs.tif
102
RTVSPost2010PropOp54
 70
     1
102
RTVSPost2010Prop55
280
     0
102
RTVSPost2010PropOp55
 70
     1
102
RTVSPost2010Prop56
140
1.0
102
RTVSPost2010PropOp56
 70
     1
102
RTVSPost2010Prop57
140
1.0
102
RTVSPost2010PropOp57
 70
     1
  0
XRECORD
  5
472
102
{ACAD_REACTORS
330
471
102
}
330
471
100
AcDbXrecord
280
     1
102
RTVSPost2010Prop28
280
     0
102
RTVSPost2010PropOp28
 70
     1
102
RTVSPost2010Prop29
280
     1
102
RTVSPost2010PropOp29
 70
     1
102
RTVSPost2010Prop30
280
     1
102
RTVSPost2010PropOp30
 70
     1
102
RTVSPost2010Prop31
280
     0
102
RTVSPost2010PropOp31
 70
     1
102
RTVSPost2010Prop32
280
     0
102
RTVSPost2010PropOp32
 70
     1
102
RTVSPost2010Prop33
280
     0
102
RTVSPost2010PropOp33
 70
     1
102
RTVSPost2010Prop34
280
     0
102
RTVSPost2010PropOp34
 70
     1
102
RTVSPost2010Prop35
280
     0
102
RTVSPost2010PropOp35
 70
     1
102
RTVSPost2010Prop36
280
     0
102
RTVSPost2010PropOp36
 70
     1
102
RTVSPost2010Prop37
 90
       50
102
RTVSPost2010PropOp37
 70
     1
102
RTVSPost2010Prop38
140
0.0
102
RTVSPost2010PropOp38
 70
     1
102
RTVSPost2010Prop39
140
1.0
102
RTVSPost2010PropOp39
 70
     1
102
RTVSPost2010Prop40
 90
        0
102
RTVSPost2010PropOp40
 70
     1
102
RTVSPost2010Prop41ColorIndex
 90
       18
102
RTVSPost2010Prop41ColorRGB
 90
        0
102
RTVSPost2010PropOp41
 70
     1
102
RTVSPost2010Prop42
 90
       50
102
RTVSPost2010PropOp42
 70
     1
102
RTVSPost2010Prop43
 90
        3
102
RTVSPost2010PropOp43
 70
     1
102
RTVSPost2010Prop44ColorIndex
 90
        5
102
RTVSPost2010Prop44ColorRGB
 90
      255
102
RTVSPost2010PropOp44
 70
     1
102
RTVSPost2010Prop45
280
     0
102
RTVSPost2010PropOp45
 70
     1
102
RTVSPost2010Prop46
 90
       50
102
RTVSPost2010PropOp46
 70
     1
102
RTVSPost2010Prop47
 90
       50
102
RTVSPost2010PropOp47
 70
     1
102
RTVSPost2010Prop48
 90
       50
102
RTVSPost2010PropOp48
 70
     1
102
RTVSPost2010Prop49
280
     0
102
RTVSPost2010PropOp49
 70
     1
102
RTVSPost2010Prop50
 90
       50
102
RTVSPost2010PropOp50
 70
     1
102
RTVSPost2010Prop51ColorIndex
 90
      256
102
RTVSPost2010Prop51ColorRGB
 90
-16777216
102
RTVSPost2010PropOp51
 70
     0
102
RTVSPost2010Prop52
140
1.0
102
RTVSPost2010PropOp52
 70
     0
102
RTVSPost2010Prop53
 90
        2
102
RTVSPost2010PropOp53
 70
     1
102
RTVSPost2010Prop54
  1
strokes_ogs.tif
102
RTVSPost2010PropOp54
 70
     1
102
RTVSPost2010Prop55
280
     0
102
RTVSPost2010PropOp55
 70
     1
102
RTVSPost2010Prop56
140
1.0
102
RTVSPost2010PropOp56
 70
     1
102
RTVSPost2010Prop57
140
1.0
102
RTVSPost2010PropOp57
 70
     1
  0
XRECORD
  5
478
102
{ACAD_REACTORS
330
477
102
}
330
477
100
AcDbXrecord
280
     1
102
RTVSPost2010Prop28
280
     0
102
RTVSPost2010PropOp28
 70
     1
102
RTVSPost2010Prop29
280
     1
102
RTVSPost2010PropOp29
 70
     1
102
RTVSPost2010Prop30
280
     1
102
RTVSPost2010PropOp30
 70
     1
102
RTVSPost2010Prop31
280
     0
102
RTVSPost2010PropOp31
 70
     1
102
RTVSPost2010Prop32
280
     0
102
RTVSPost2010PropOp32
 70
     1
102
RTVSPost2010Prop33
280
     0
102
RTVSPost2010PropOp33
 70
     1
102
RTVSPost2010Prop34
280
     0
102
RTVSPost2010PropOp34
 70
     1
102
RTVSPost2010Prop35
280
     0
102
RTVSPost2010PropOp35
 70
     1
102
RTVSPost2010Prop36
280
     0
102
RTVSPost2010PropOp36
 70
     1
102
RTVSPost2010Prop37
 90
       50
102
RTVSPost2010PropOp37
 70
     1
102
RTVSPost2010Prop38
140
0.0
102
RTVSPost2010PropOp38
 70
     1
102
RTVSPost2010Prop39
140
1.0
102
RTVSPost2010PropOp39
 70
     1
102
RTVSPost2010Prop40
 90
        0
102
RTVSPost2010PropOp40
 70
     1
102
RTVSPost2010Prop41ColorIndex
 90
       18
102
RTVSPost2010Prop41ColorRGB
 90
        0
102
RTVSPost2010PropOp41
 70
     1
102
RTVSPost2010Prop42
 90
       50
102
RTVSPost2010PropOp42
 70
     1
102
RTVSPost2010Prop43
 90
        3
102
RTVSPost2010PropOp43
 70
     1
102
RTVSPost2010Prop44ColorIndex
 90
        5
102
RTVSPost2010Prop44ColorRGB
 90
      255
102
RTVSPost2010PropOp44
 70
     1
102
RTVSPost2010Prop45
280
     0
102
RTVSPost2010PropOp45
 70
     1
102
RTVSPost2010Prop46
 90
       50
102
RTVSPost2010PropOp46
 70
     1
102
RTVSPost2010Prop47
 90
       50
102
RTVSPost2010PropOp47
 70
     1
102
RTVSPost2010Prop48
 90
       50
102
RTVSPost2010PropOp48
 70
     1
102
RTVSPost2010Prop49
280
     0
102
RTVSPost2010PropOp49
 70
     1
102
RTVSPost2010Prop50
 90
       50
102
RTVSPost2010PropOp50
 70
     1
102
RTVSPost2010Prop51ColorIndex
 90
      256
102
RTVSPost2010Prop51ColorRGB
 90
-16777216
102
RTVSPost2010PropOp51
 70
     0
102
RTVSPost2010Prop52
140
1.0
102
RTVSPost2010PropOp52
 70
     0
102
RTVSPost2010Prop53
 90
        2
102
RTVSPost2010PropOp53
 70
     1
102
RTVSPost2010Prop54
  1
strokes_ogs.tif
102
RTVSPost2010PropOp54
 70
     1
102
RTVSPost2010Prop55
280
     0
102
RTVSPost2010PropOp55
 70
     1
102
RTVSPost2010Prop56
140
1.0
102
RTVSPost2010PropOp56
 70
     1
102
RTVSPost2010Prop57
140
1.0
102
RTVSPost2010PropOp57
 70
     1
  0
XRECORD
  5
48C
102
{ACAD_REACTORS
330
48B
102
}
330
48B
100
AcDbXrecord
280
     1
102
RTVSPost2010Prop28
280
     0
102
RTVSPost2010PropOp28
 70
     0
102
RTVSPost2010Prop29
280
     1
102
RTVSPost2010PropOp29
 70
     0
102
RTVSPost2010Prop30
280
     1
102
RTVSPost2010PropOp30
 70
     0
102
RTVSPost2010Prop31
280
     0
102
RTVSPost2010PropOp31
 70
     0
102
RTVSPost2010Prop32
280
     0
102
RTVSPost2010PropOp32
 70
     0
102
RTVSPost2010Prop33
280
     0
102
RTVSPost2010PropOp33
 70
     0
102
RTVSPost2010Prop34
280
     0
102
RTVSPost2010PropOp34
 70
     0
102
RTVSPost2010Prop35
280
     0
102
RTVSPost2010PropOp35
 70
     0
102
RTVSPost2010Prop36
280
     0
102
RTVSPost2010PropOp36
 70
     0
102
RTVSPost2010Prop37
 90
       50
102
RTVSPost2010PropOp37
 70
     0
102
RTVSPost2010Prop38
140
0.0
102
RTVSPost2010PropOp38
 70
     0
102
RTVSPost2010Prop39
140
1.0
102
RTVSPost2010PropOp39
 70
     0
102
RTVSPost2010Prop40
 90
        0
102
RTVSPost2010PropOp40
 70
     0
102
RTVSPost2010Prop41ColorIndex
 90
       18
102
RTVSPost2010Prop41ColorRGB
 90
        0
102
RTVSPost2010PropOp41
 70
     0
102
RTVSPost2010Prop42
 90
       50
102
RTVSPost2010PropOp42
 70
     0
102
RTVSPost2010Prop43
 90
        3
102
RTVSPost2010PropOp43
 70
     0
102
RTVSPost2010Prop44ColorIndex
 90
        5
102
RTVSPost2010Prop44ColorRGB
 90
      255
102
RTVSPost2010PropOp44
 70
     0
102
RTVSPost2010Prop45
280
     0
102
RTVSPost2010PropOp45
 70
     0
102
RTVSPost2010Prop46
 90
       50
102
RTVSPost2010PropOp46
 70
     0
102
RTVSPost2010Prop47
 90
       50
102
RTVSPost2010PropOp47
 70
     0
102
RTVSPost2010Prop48
 90
       50
102
RTVSPost2010PropOp48
 70
     0
102
RTVSPost2010Prop49
280
     0
102
RTVSPost2010PropOp49
 70
     0
102
RTVSPost2010Prop50
 90
       50
102
RTVSPost2010PropOp50
 70
     0
102
RTVSPost2010Prop51ColorIndex
 90
      256
102
RTVSPost2010Prop51ColorRGB
 90
-16777216
102
RTVSPost2010PropOp51
 70
     0
102
RTVSPost2010Prop52
140
1.0
102
RTVSPost2010PropOp52
 70
     0
102
RTVSPost2010Prop53
 90
        2
102
RTVSPost2010PropOp53
 70
     0
102
RTVSPost2010Prop54
  1
strokes_ogs.tif
102
RTVSPost2010PropOp54
 70
     0
102
RTVSPost2010Prop55
280
     0
102
RTVSPost2010PropOp55
 70
     0
102
RTVSPost2010Prop56
140
1.0
102
RTVSPost2010PropOp56
 70
     0
102
RTVSPost2010Prop57
140
1.0
102
RTVSPost2010PropOp57
 70
     0
  0
XRECORD
  5
486
102
{ACAD_REACTORS
330
485
102
}
330
485
100
AcDbXrecord
280
     1
102
RTVSPost2010Prop28
280
     0
102
RTVSPost2010PropOp28
 70
     1
102
RTVSPost2010Prop29
280
     1
102
RTVSPost2010PropOp29
 70
     1
102
RTVSPost2010Prop30
280
     1
102
RTVSPost2010PropOp30
 70
     1
102
RTVSPost2010Prop31
280
     0
102
RTVSPost2010PropOp31
 70
     1
102
RTVSPost2010Prop32
280
     0
102
RTVSPost2010PropOp32
 70
     1
102
RTVSPost2010Prop33
280
     0
102
RTVSPost2010PropOp33
 70
     1
102
RTVSPost2010Prop34
280
     0
102
RTVSPost2010PropOp34
 70
     1
102
RTVSPost2010Prop35
280
     0
102
RTVSPost2010PropOp35
 70
     1
102
RTVSPost2010Prop36
280
     0
102
RTVSPost2010PropOp36
 70
     1
102
RTVSPost2010Prop37
 90
       50
102
RTVSPost2010PropOp37
 70
     1
102
RTVSPost2010Prop38
140
0.0
102
RTVSPost2010PropOp38
 70
     1
102
RTVSPost2010Prop39
140
1.0
102
RTVSPost2010PropOp39
 70
     1
102
RTVSPost2010Prop40
 90
        0
102
RTVSPost2010PropOp40
 70
     1
102
RTVSPost2010Prop41ColorIndex
 90
       18
102
RTVSPost2010Prop41ColorRGB
 90
        0
102
RTVSPost2010PropOp41
 70
     1
102
RTVSPost2010Prop42
 90
       50
102
RTVSPost2010PropOp42
 70
     1
102
RTVSPost2010Prop43
 90
        3
102
RTVSPost2010PropOp43
 70
     1
102
RTVSPost2010Prop44ColorIndex
 90
        5
102
RTVSPost2010Prop44ColorRGB
 90
      255
102
RTVSPost2010PropOp44
 70
     1
102
RTVSPost2010Prop45
280
     0
102
RTVSPost2010PropOp45
 70
     1
102
RTVSPost2010Prop46
 90
       50
102
RTVSPost2010PropOp46
 70
     1
102
RTVSPost2010Prop47
 90
       50
102
RTVSPost2010PropOp47
 70
     1
102
RTVSPost2010Prop48
 90
       50
102
RTVSPost2010PropOp48
 70
     1
102
RTVSPost2010Prop49
280
     0
102
RTVSPost2010PropOp49
 70
     1
102
RTVSPost2010Prop50
 90
       50
102
RTVSPost2010PropOp50
 70
     1
102
RTVSPost2010Prop51ColorIndex
 90
      256
102
RTVSPost2010Prop51ColorRGB
 90
-16777216
102
RTVSPost2010PropOp51
 70
     0
102
RTVSPost2010Prop52
140
1.0
102
RTVSPost2010PropOp52
 70
     0
102
RTVSPost2010Prop53
 90
        2
102
RTVSPost2010PropOp53
 70
     1
102
RTVSPost2010Prop54
  1
strokes_ogs.tif
102
RTVSPost2010PropOp54
 70
     1
102
RTVSPost2010Prop55
280
     0
102
RTVSPost2010PropOp55
 70
     1
102
RTVSPost2010Prop56
140
1.0
102
RTVSPost2010PropOp56
 70
     1
102
RTVSPost2010Prop57
140
1.0
102
RTVSPost2010PropOp57
 70
     1
  0
XRECORD
  5
48E
102
{ACAD_REACTORS
330
48D
102
}
330
48D
100
AcDbXrecord
280
     1
102
RTVSPost2010Prop28
280
     0
102
RTVSPost2010PropOp28
 70
     0
102
RTVSPost2010Prop29
280
     1
102
RTVSPost2010PropOp29
 70
     0
102
RTVSPost2010Prop30
280
     1
102
RTVSPost2010PropOp30
 70
     0
102
RTVSPost2010Prop31
280
     0
102
RTVSPost2010PropOp31
 70
     0
102
RTVSPost2010Prop32
280
     0
102
RTVSPost2010PropOp32
 70
     0
102
RTVSPost2010Prop33
280
     0
102
RTVSPost2010PropOp33
 70
     0
102
RTVSPost2010Prop34
280
     0
102
RTVSPost2010PropOp34
 70
     0
102
RTVSPost2010Prop35
280
     0
102
RTVSPost2010PropOp35
 70
     0
102
RTVSPost2010Prop36
280
     0
102
RTVSPost2010PropOp36
 70
     0
102
RTVSPost2010Prop37
 90
       50
102
RTVSPost2010PropOp37
 70
     0
102
RTVSPost2010Prop38
140
0.0
102
RTVSPost2010PropOp38
 70
     0
102
RTVSPost2010Prop39
140
1.0
102
RTVSPost2010PropOp39
 70
     0
102
RTVSPost2010Prop40
 90
        0
102
RTVSPost2010PropOp40
 70
     0
102
RTVSPost2010Prop41ColorIndex
 90
       18
102
RTVSPost2010Prop41ColorRGB
 90
        0
102
RTVSPost2010PropOp41
 70
     0
102
RTVSPost2010Prop42
 90
       50
102
RTVSPost2010PropOp42
 70
     0
102
RTVSPost2010Prop43
 90
        3
102
RTVSPost2010PropOp43
 70
     0
102
RTVSPost2010Prop44ColorIndex
 90
        5
102
RTVSPost2010Prop44ColorRGB
 90
      255
102
RTVSPost2010PropOp44
 70
     0
102
RTVSPost2010Prop45
280
     0
102
RTVSPost2010PropOp45
 70
     0
102
RTVSPost2010Prop46
 90
       50
102
RTVSPost2010PropOp46
 70
     0
102
RTVSPost2010Prop47
 90
       50
102
RTVSPost2010PropOp47
 70
     0
102
RTVSPost2010Prop48
 90
       50
102
RTVSPost2010PropOp48
 70
     0
102
RTVSPost2010Prop49
280
     0
102
RTVSPost2010PropOp49
 70
     0
102
RTVSPost2010Prop50
 90
       50
102
RTVSPost2010PropOp50
 70
     0
102
RTVSPost2010Prop51ColorIndex
 90
      256
102
RTVSPost2010Prop51ColorRGB
 90
-16777216
102
RTVSPost2010PropOp51
 70
     0
102
RTVSPost2010Prop52
140
1.0
102
RTVSPost2010PropOp52
 70
     0
102
RTVSPost2010Prop53
 90
        2
102
RTVSPost2010PropOp53
 70
     0
102
RTVSPost2010Prop54
  1
strokes_ogs.tif
102
RTVSPost2010PropOp54
 70
     0
102
RTVSPost2010Prop55
280
     0
102
RTVSPost2010PropOp55
 70
     0
102
RTVSPost2010Prop56
140
1.0
102
RTVSPost2010PropOp56
 70
     0
102
RTVSPost2010Prop57
140
1.0
102
RTVSPost2010PropOp57
 70
     0
  0
XRECORD
  5
47C
102
{ACAD_REACTORS
330
47B
102
}
330
47B
100
AcDbXrecord
280
     1
102
RTVSPost2010Prop28
280
     0
102
RTVSPost2010PropOp28
 70
     1
102
RTVSPost2010Prop29
280
     1
102
RTVSPost2010PropOp29
 70
     1
102
RTVSPost2010Prop30
280
     1
102
RTVSPost2010PropOp30
 70
     1
102
RTVSPost2010Prop31
280
     0
102
RTVSPost2010PropOp31
 70
     1
102
RTVSPost2010Prop32
280
     0
102
RTVSPost2010PropOp32
 70
     1
102
RTVSPost2010Prop33
280
     0
102
RTVSPost2010PropOp33
 70
     1
102
RTVSPost2010Prop34
280
     0
102
RTVSPost2010PropOp34
 70
     1
102
RTVSPost2010Prop35
280
     0
102
RTVSPost2010PropOp35
 70
     1
102
RTVSPost2010Prop36
280
     0
102
RTVSPost2010PropOp36
 70
     1
102
RTVSPost2010Prop37
 90
       50
102
RTVSPost2010PropOp37
 70
     1
102
RTVSPost2010Prop38
140
0.0
102
RTVSPost2010PropOp38
 70
     1
102
RTVSPost2010Prop39
140
1.0
102
RTVSPost2010PropOp39
 70
     1
102
RTVSPost2010Prop40
 90
        0
102
RTVSPost2010PropOp40
 70
     1
102
RTVSPost2010Prop41ColorIndex
 90
       18
102
RTVSPost2010Prop41ColorRGB
 90
        0
102
RTVSPost2010PropOp41
 70
     1
102
RTVSPost2010Prop42
 90
       50
102
RTVSPost2010PropOp42
 70
     1
102
RTVSPost2010Prop43
 90
        3
102
RTVSPost2010PropOp43
 70
     1
102
RTVSPost2010Prop44ColorIndex
 90
        5
102
RTVSPost2010Prop44ColorRGB
 90
      255
102
RTVSPost2010PropOp44
 70
     1
102
RTVSPost2010Prop45
280
     0
102
RTVSPost2010PropOp45
 70
     1
102
RTVSPost2010Prop46
 90
       50
102
RTVSPost2010PropOp46
 70
     1
102
RTVSPost2010Prop47
 90
       50
102
RTVSPost2010PropOp47
 70
     1
102
RTVSPost2010Prop48
 90
       50
102
RTVSPost2010PropOp48
 70
     1
102
RTVSPost2010Prop49
280
     0
102
RTVSPost2010PropOp49
 70
     1
102
RTVSPost2010Prop50
 90
       50
102
RTVSPost2010PropOp50
 70
     1
102
RTVSPost2010Prop51ColorIndex
 90
      256
102
RTVSPost2010Prop51ColorRGB
 90
-16777216
102
RTVSPost2010PropOp51
 70
     0
102
RTVSPost2010Prop52
140
1.0
102
RTVSPost2010PropOp52
 70
     0
102
RTVSPost2010Prop53
 90
        2
102
RTVSPost2010PropOp53
 70
     1
102
RTVSPost2010Prop54
  1
strokes_ogs.tif
102
RTVSPost2010PropOp54
 70
     1
102
RTVSPost2010Prop55
280
     0
102
RTVSPost2010PropOp55
 70
     1
102
RTVSPost2010Prop56
140
1.0
102
RTVSPost2010PropOp56
 70
     1
102
RTVSPost2010Prop57
140
1.0
102
RTVSPost2010PropOp57
 70
     1
  0
XRECORD
  5
49A
102
{ACAD_REACTORS
330
499
102
}
330
499
100
AcDbXrecord
280
     1
102
RTVSPost2010Prop28
280
     0
102
RTVSPost2010PropOp28
 70
     1
102
RTVSPost2010Prop29
280
     1
102
RTVSPost2010PropOp29
 70
     1
102
RTVSPost2010Prop30
280
     1
102
RTVSPost2010PropOp30
 70
     1
102
RTVSPost2010Prop31
280
     0
102
RTVSPost2010PropOp31
 70
     1
102
RTVSPost2010Prop32
280
     0
102
RTVSPost2010PropOp32
 70
     1
102
RTVSPost2010Prop33
280
     0
102
RTVSPost2010PropOp33
 70
     1
102
RTVSPost2010Prop34
280
     0
102
RTVSPost2010PropOp34
 70
     1
102
RTVSPost2010Prop35
280
     0
102
RTVSPost2010PropOp35
 70
     1
102
RTVSPost2010Prop36
280
     0
102
RTVSPost2010PropOp36
 70
     1
102
RTVSPost2010Prop37
 90
       50
102
RTVSPost2010PropOp37
 70
     1
102
RTVSPost2010Prop38
140
0.0
102
RTVSPost2010PropOp38
 70
     1
102
RTVSPost2010Prop39
140
1.0
102
RTVSPost2010PropOp39
 70
     1
102
RTVSPost2010Prop40
 90
        0
102
RTVSPost2010PropOp40
 70
     1
102
RTVSPost2010Prop41ColorIndex
 90
       18
102
RTVSPost2010Prop41ColorRGB
 90
        0
102
RTVSPost2010PropOp41
 70
     1
102
RTVSPost2010Prop42
 90
       50
102
RTVSPost2010PropOp42
 70
     1
102
RTVSPost2010Prop43
 90
        3
102
RTVSPost2010PropOp43
 70
     1
102
RTVSPost2010Prop44ColorIndex
 90
        5
102
RTVSPost2010Prop44ColorRGB
 90
      255
102
RTVSPost2010PropOp44
 70
     1
102
RTVSPost2010Prop45
280
     0
102
RTVSPost2010PropOp45
 70
     1
102
RTVSPost2010Prop46
 90
       50
102
RTVSPost2010PropOp46
 70
     1
102
RTVSPost2010Prop47
 90
       50
102
RTVSPost2010PropOp47
 70
     1
102
RTVSPost2010Prop48
 90
       50
102
RTVSPost2010PropOp48
 70
     1
102
RTVSPost2010Prop49
280
     0
102
RTVSPost2010PropOp49
 70
     1
102
RTVSPost2010Prop50
 90
       50
102
RTVSPost2010PropOp50
 70
     1
102
RTVSPost2010Prop51ColorIndex
 90
      256
102
RTVSPost2010Prop51ColorRGB
 90
-16777216
102
RTVSPost2010PropOp51
 70
     0
102
RTVSPost2010Prop52
140
1.0
102
RTVSPost2010PropOp52
 70
     0
102
RTVSPost2010Prop53
 90
        2
102
RTVSPost2010PropOp53
 70
     1
102
RTVSPost2010Prop54
  1
strokes_ogs.tif
102
RTVSPost2010PropOp54
 70
     1
102
RTVSPost2010Prop55
280
     0
102
RTVSPost2010PropOp55
 70
     1
102
RTVSPost2010Prop56
140
1.0
102
RTVSPost2010PropOp56
 70
     1
102
RTVSPost2010Prop57
140
1.0
102
RTVSPost2010PropOp57
 70
     1
  0
XRECORD
  5
498
102
{ACAD_REACTORS
330
497
102
}
330
497
100
AcDbXrecord
280
     1
102
RTVSPost2010Prop28
280
     0
102
RTVSPost2010PropOp28
 70
     1
102
RTVSPost2010Prop29
280
     1
102
RTVSPost2010PropOp29
 70
     1
102
RTVSPost2010Prop30
280
     1
102
RTVSPost2010PropOp30
 70
     1
102
RTVSPost2010Prop31
280
     0
102
RTVSPost2010PropOp31
 70
     1
102
RTVSPost2010Prop32
280
     0
102
RTVSPost2010PropOp32
 70
     1
102
RTVSPost2010Prop33
280
     0
102
RTVSPost2010PropOp33
 70
     1
102
RTVSPost2010Prop34
280
     0
102
RTVSPost2010PropOp34
 70
     1
102
RTVSPost2010Prop35
280
     0
102
RTVSPost2010PropOp35
 70
     1
102
RTVSPost2010Prop36
280
     0
102
RTVSPost2010PropOp36
 70
     1
102
RTVSPost2010Prop37
 90
       50
102
RTVSPost2010PropOp37
 70
     1
102
RTVSPost2010Prop38
140
0.0
102
RTVSPost2010PropOp38
 70
     1
102
RTVSPost2010Prop39
140
1.0
102
RTVSPost2010PropOp39
 70
     1
102
RTVSPost2010Prop40
 90
        0
102
RTVSPost2010PropOp40
 70
     1
102
RTVSPost2010Prop41ColorIndex
 90
       18
102
RTVSPost2010Prop41ColorRGB
 90
        0
102
RTVSPost2010PropOp41
 70
     1
102
RTVSPost2010Prop42
 90
       50
102
RTVSPost2010PropOp42
 70
     1
102
RTVSPost2010Prop43
 90
        3
102
RTVSPost2010PropOp43
 70
     1
102
RTVSPost2010Prop44ColorIndex
 90
        5
102
RTVSPost2010Prop44ColorRGB
 90
      255
102
RTVSPost2010PropOp44
 70
     1
102
RTVSPost2010Prop45
280
     0
102
RTVSPost2010PropOp45
 70
     1
102
RTVSPost2010Prop46
 90
       50
102
RTVSPost2010PropOp46
 70
     1
102
RTVSPost2010Prop47
 90
       50
102
RTVSPost2010PropOp47
 70
     1
102
RTVSPost2010Prop48
 90
       50
102
RTVSPost2010PropOp48
 70
     1
102
RTVSPost2010Prop49
280
     0
102
RTVSPost2010PropOp49
 70
     1
102
RTVSPost2010Prop50
 90
       50
102
RTVSPost2010PropOp50
 70
     1
102
RTVSPost2010Prop51ColorIndex
 90
      256
102
RTVSPost2010Prop51ColorRGB
 90
-16777216
102
RTVSPost2010PropOp51
 70
     0
102
RTVSPost2010Prop52
140
1.0
102
RTVSPost2010PropOp52
 70
     0
102
RTVSPost2010Prop53
 90
        2
102
RTVSPost2010PropOp53
 70
     1
102
RTVSPost2010Prop54
  1
strokes_ogs.tif
102
RTVSPost2010PropOp54
 70
     1
102
RTVSPost2010Prop55
280
     0
102
RTVSPost2010PropOp55
 70
     1
102
RTVSPost2010Prop56
140
1.0
102
RTVSPost2010PropOp56
 70
     1
102
RTVSPost2010Prop57
140
1.0
102
RTVSPost2010PropOp57
 70
     1
  0
XRECORD
  5
492
102
{ACAD_REACTORS
330
491
102
}
330
491
100
AcDbXrecord
280
     1
102
RTVSPost2010Prop28
280
     0
102
RTVSPost2010PropOp28
 70
     1
102
RTVSPost2010Prop29
280
     1
102
RTVSPost2010PropOp29
 70
     1
102
RTVSPost2010Prop30
280
     1
102
RTVSPost2010PropOp30
 70
     1
102
RTVSPost2010Prop31
280
     0
102
RTVSPost2010PropOp31
 70
     1
102
RTVSPost2010Prop32
280
     0
102
RTVSPost2010PropOp32
 70
     1
102
RTVSPost2010Prop33
280
     0
102
RTVSPost2010PropOp33
 70
     1
102
RTVSPost2010Prop34
280
     0
102
RTVSPost2010PropOp34
 70
     1
102
RTVSPost2010Prop35
280
     0
102
RTVSPost2010PropOp35
 70
     1
102
RTVSPost2010Prop36
280
     0
102
RTVSPost2010PropOp36
 70
     1
102
RTVSPost2010Prop37
 90
       50
102
RTVSPost2010PropOp37
 70
     1
102
RTVSPost2010Prop38
140
0.0
102
RTVSPost2010PropOp38
 70
     1
102
RTVSPost2010Prop39
140
1.0
102
RTVSPost2010PropOp39
 70
     1
102
RTVSPost2010Prop40
 90
        0
102
RTVSPost2010PropOp40
 70
     1
102
RTVSPost2010Prop41ColorIndex
 90
       18
102
RTVSPost2010Prop41ColorRGB
 90
        0
102
RTVSPost2010PropOp41
 70
     1
102
RTVSPost2010Prop42
 90
       50
102
RTVSPost2010PropOp42
 70
     1
102
RTVSPost2010Prop43
 90
        3
102
RTVSPost2010PropOp43
 70
     1
102
RTVSPost2010Prop44ColorIndex
 90
        5
102
RTVSPost2010Prop44ColorRGB
 90
      255
102
RTVSPost2010PropOp44
 70
     1
102
RTVSPost2010Prop45
280
     0
102
RTVSPost2010PropOp45
 70
     1
102
RTVSPost2010Prop46
 90
       50
102
RTVSPost2010PropOp46
 70
     1
102
RTVSPost2010Prop47
 90
       50
102
RTVSPost2010PropOp47
 70
     1
102
RTVSPost2010Prop48
 90
       50
102
RTVSPost2010PropOp48
 70
     1
102
RTVSPost2010Prop49
280
     0
102
RTVSPost2010PropOp49
 70
     1
102
RTVSPost2010Prop50
 90
       50
102
RTVSPost2010PropOp50
 70
     1
102
RTVSPost2010Prop51ColorIndex
 90
      256
102
RTVSPost2010Prop51ColorRGB
 90
-16777216
102
RTVSPost2010PropOp51
 70
     0
102
RTVSPost2010Prop52
140
1.0
102
RTVSPost2010PropOp52
 70
     0
102
RTVSPost2010Prop53
 90
        2
102
RTVSPost2010PropOp53
 70
     1
102
RTVSPost2010Prop54
  1
strokes_ogs.tif
102
RTVSPost2010PropOp54
 70
     1
102
RTVSPost2010Prop55
280
     0
102
RTVSPost2010PropOp55
 70
     1
102
RTVSPost2010Prop56
140
1.0
102
RTVSPost2010PropOp56
 70
     1
102
RTVSPost2010Prop57
140
1.0
102
RTVSPost2010PropOp57
 70
     1
  0
XRECORD
  5
494
102
{ACAD_REACTORS
330
493
102
}
330
493
100
AcDbXrecord
280
     1
102
RTVSPost2010Prop28
280
     0
102
RTVSPost2010PropOp28
 70
     1
102
RTVSPost2010Prop29
280
     1
102
RTVSPost2010PropOp29
 70
     1
102
RTVSPost2010Prop30
280
     1
102
RTVSPost2010PropOp30
 70
     1
102
RTVSPost2010Prop31
280
     0
102
RTVSPost2010PropOp31
 70
     1
102
RTVSPost2010Prop32
280
     0
102
RTVSPost2010PropOp32
 70
     1
102
RTVSPost2010Prop33
280
     0
102
RTVSPost2010PropOp33
 70
     1
102
RTVSPost2010Prop34
280
     0
102
RTVSPost2010PropOp34
 70
     1
102
RTVSPost2010Prop35
280
     0
102
RTVSPost2010PropOp35
 70
     1
102
RTVSPost2010Prop36
280
     0
102
RTVSPost2010PropOp36
 70
     1
102
RTVSPost2010Prop37
 90
       50
102
RTVSPost2010PropOp37
 70
     1
102
RTVSPost2010Prop38
140
0.0
102
RTVSPost2010PropOp38
 70
     1
102
RTVSPost2010Prop39
140
1.0
102
RTVSPost2010PropOp39
 70
     1
102
RTVSPost2010Prop40
 90
        0
102
RTVSPost2010PropOp40
 70
     1
102
RTVSPost2010Prop41ColorIndex
 90
       18
102
RTVSPost2010Prop41ColorRGB
 90
        0
102
RTVSPost2010PropOp41
 70
     1
102
RTVSPost2010Prop42
 90
       50
102
RTVSPost2010PropOp42
 70
     1
102
RTVSPost2010Prop43
 90
        3
102
RTVSPost2010PropOp43
 70
     1
102
RTVSPost2010Prop44ColorIndex
 90
        5
102
RTVSPost2010Prop44ColorRGB
 90
      255
102
RTVSPost2010PropOp44
 70
     1
102
RTVSPost2010Prop45
280
     0
102
RTVSPost2010PropOp45
 70
     1
102
RTVSPost2010Prop46
 90
       50
102
RTVSPost2010PropOp46
 70
     1
102
RTVSPost2010Prop47
 90
       50
102
RTVSPost2010PropOp47
 70
     1
102
RTVSPost2010Prop48
 90
       50
102
RTVSPost2010PropOp48
 70
     1
102
RTVSPost2010Prop49
280
     0
102
RTVSPost2010PropOp49
 70
     1
102
RTVSPost2010Prop50
 90
       50
102
RTVSPost2010PropOp50
 70
     1
102
RTVSPost2010Prop51ColorIndex
 90
      256
102
RTVSPost2010Prop51ColorRGB
 90
-16777216
102
RTVSPost2010PropOp51
 70
     0
102
RTVSPost2010Prop52
140
1.0
102
RTVSPost2010PropOp52
 70
     0
102
RTVSPost2010Prop53
 90
        2
102
RTVSPost2010PropOp53
 70
     1
102
RTVSPost2010Prop54
  1
strokes_ogs.tif
102
RTVSPost2010PropOp54
 70
     1
102
RTVSPost2010Prop55
280
     0
102
RTVSPost2010PropOp55
 70
     1
102
RTVSPost2010Prop56
140
1.0
102
RTVSPost2010PropOp56
 70
     1
102
RTVSPost2010Prop57
140
1.0
102
RTVSPost2010PropOp57
 70
     1
  0
XRECORD
  5
484
102
{ACAD_REACTORS
330
483
102
}
330
483
100
AcDbXrecord
280
     1
102
RTVSPost2010Prop28
280
     0
102
RTVSPost2010PropOp28
 70
     1
102
RTVSPost2010Prop29
280
     1
102
RTVSPost2010PropOp29
 70
     1
102
RTVSPost2010Prop30
280
     1
102
RTVSPost2010PropOp30
 70
     1
102
RTVSPost2010Prop31
280
     0
102
RTVSPost2010PropOp31
 70
     1
102
RTVSPost2010Prop32
280
     0
102
RTVSPost2010PropOp32
 70
     1
102
RTVSPost2010Prop33
280
     0
102
RTVSPost2010PropOp33
 70
     1
102
RTVSPost2010Prop34
280
     0
102
RTVSPost2010PropOp34
 70
     1
102
RTVSPost2010Prop35
280
     0
102
RTVSPost2010PropOp35
 70
     1
102
RTVSPost2010Prop36
280
     0
102
RTVSPost2010PropOp36
 70
     1
102
RTVSPost2010Prop37
 90
       50
102
RTVSPost2010PropOp37
 70
     1
102
RTVSPost2010Prop38
140
0.0
102
RTVSPost2010PropOp38
 70
     1
102
RTVSPost2010Prop39
140
1.0
102
RTVSPost2010PropOp39
 70
     1
102
RTVSPost2010Prop40
 90
        0
102
RTVSPost2010PropOp40
 70
     1
102
RTVSPost2010Prop41ColorIndex
 90
       18
102
RTVSPost2010Prop41ColorRGB
 90
        0
102
RTVSPost2010PropOp41
 70
     1
102
RTVSPost2010Prop42
 90
       50
102
RTVSPost2010PropOp42
 70
     1
102
RTVSPost2010Prop43
 90
        3
102
RTVSPost2010PropOp43
 70
     1
102
RTVSPost2010Prop44ColorIndex
 90
        5
102
RTVSPost2010Prop44ColorRGB
 90
      255
102
RTVSPost2010PropOp44
 70
     1
102
RTVSPost2010Prop45
280
     0
102
RTVSPost2010PropOp45
 70
     1
102
RTVSPost2010Prop46
 90
       50
102
RTVSPost2010PropOp46
 70
     1
102
RTVSPost2010Prop47
 90
       50
102
RTVSPost2010PropOp47
 70
     1
102
RTVSPost2010Prop48
 90
       50
102
RTVSPost2010PropOp48
 70
     1
102
RTVSPost2010Prop49
280
     0
102
RTVSPost2010PropOp49
 70
     1
102
RTVSPost2010Prop50
 90
       50
102
RTVSPost2010PropOp50
 70
     1
102
RTVSPost2010Prop51ColorIndex
 90
      256
102
RTVSPost2010Prop51ColorRGB
 90
-16777216
102
RTVSPost2010PropOp51
 70
     0
102
RTVSPost2010Prop52
140
1.0
102
RTVSPost2010PropOp52
 70
     0
102
RTVSPost2010Prop53
 90
        2
102
RTVSPost2010PropOp53
 70
     1
102
RTVSPost2010Prop54
  1
strokes_ogs.tif
102
RTVSPost2010PropOp54
 70
     1
102
RTVSPost2010Prop55
280
     0
102
RTVSPost2010PropOp55
 70
     1
102
RTVSPost2010Prop56
140
1.0
102
RTVSPost2010PropOp56
 70
     1
102
RTVSPost2010Prop57
140
1.0
102
RTVSPost2010PropOp57
 70
     1
  0
XRECORD
  5
476
102
{ACAD_REACTORS
330
475
102
}
330
475
100
AcDbXrecord
280
     1
102
RTVSPost2010Prop28
280
     0
102
RTVSPost2010PropOp28
 70
     1
102
RTVSPost2010Prop29
280
     1
102
RTVSPost2010PropOp29
 70
     1
102
RTVSPost2010Prop30
280
     1
102
RTVSPost2010PropOp30
 70
     1
102
RTVSPost2010Prop31
280
     0
102
RTVSPost2010PropOp31
 70
     1
102
RTVSPost2010Prop32
280
     0
102
RTVSPost2010PropOp32
 70
     1
102
RTVSPost2010Prop33
280
     0
102
RTVSPost2010PropOp33
 70
     1
102
RTVSPost2010Prop34
280
     0
102
RTVSPost2010PropOp34
 70
     1
102
RTVSPost2010Prop35
280
     0
102
RTVSPost2010PropOp35
 70
     1
102
RTVSPost2010Prop36
280
     0
102
RTVSPost2010PropOp36
 70
     1
102
RTVSPost2010Prop37
 90
       50
102
RTVSPost2010PropOp37
 70
     1
102
RTVSPost2010Prop38
140
0.0
102
RTVSPost2010PropOp38
 70
     1
102
RTVSPost2010Prop39
140
1.0
102
RTVSPost2010PropOp39
 70
     1
102
RTVSPost2010Prop40
 90
        0
102
RTVSPost2010PropOp40
 70
     1
102
RTVSPost2010Prop41ColorIndex
 90
       18
102
RTVSPost2010Prop41ColorRGB
 90
        0
102
RTVSPost2010PropOp41
 70
     1
102
RTVSPost2010Prop42
 90
       50
102
RTVSPost2010PropOp42
 70
     1
102
RTVSPost2010Prop43
 90
        3
102
RTVSPost2010PropOp43
 70
     1
102
RTVSPost2010Prop44ColorIndex
 90
        5
102
RTVSPost2010Prop44ColorRGB
 90
      255
102
RTVSPost2010PropOp44
 70
     1
102
RTVSPost2010Prop45
280
     0
102
RTVSPost2010PropOp45
 70
     1
102
RTVSPost2010Prop46
 90
       50
102
RTVSPost2010PropOp46
 70
     1
102
RTVSPost2010Prop47
 90
       50
102
RTVSPost2010PropOp47
 70
     1
102
RTVSPost2010Prop48
 90
       50
102
RTVSPost2010PropOp48
 70
     1
102
RTVSPost2010Prop49
280
     0
102
RTVSPost2010PropOp49
 70
     1
102
RTVSPost2010Prop50
 90
       50
102
RTVSPost2010PropOp50
 70
     1
102
RTVSPost2010Prop51ColorIndex
 90
      256
102
RTVSPost2010Prop51ColorRGB
 90
-16777216
102
RTVSPost2010PropOp51
 70
     0
102
RTVSPost2010Prop52
140
1.0
102
RTVSPost2010PropOp52
 70
     0
102
RTVSPost2010Prop53
 90
        2
102
RTVSPost2010PropOp53
 70
     1
102
RTVSPost2010Prop54
  1
strokes_ogs.tif
102
RTVSPost2010PropOp54
 70
     1
102
RTVSPost2010Prop55
280
     0
102
RTVSPost2010PropOp55
 70
     1
102
RTVSPost2010Prop56
140
1.0
102
RTVSPost2010PropOp56
 70
     1
102
RTVSPost2010Prop57
140
1.0
102
RTVSPost2010PropOp57
 70
     1
  0
XRECORD
  5
496
102
{ACAD_REACTORS
330
495
102
}
330
495
100
AcDbXrecord
280
     1
102
RTVSPost2010Prop28
280
     0
102
RTVSPost2010PropOp28
 70
     1
102
RTVSPost2010Prop29
280
     1
102
RTVSPost2010PropOp29
 70
     1
102
RTVSPost2010Prop30
280
     1
102
RTVSPost2010PropOp30
 70
     1
102
RTVSPost2010Prop31
280
     0
102
RTVSPost2010PropOp31
 70
     1
102
RTVSPost2010Prop32
280
     0
102
RTVSPost2010PropOp32
 70
     1
102
RTVSPost2010Prop33
280
     0
102
RTVSPost2010PropOp33
 70
     1
102
RTVSPost2010Prop34
280
     0
102
RTVSPost2010PropOp34
 70
     1
102
RTVSPost2010Prop35
280
     0
102
RTVSPost2010PropOp35
 70
     1
102
RTVSPost2010Prop36
280
     0
102
RTVSPost2010PropOp36
 70
     1
102
RTVSPost2010Prop37
 90
       50
102
RTVSPost2010PropOp37
 70
     1
102
RTVSPost2010Prop38
140
0.0
102
RTVSPost2010PropOp38
 70
     1
102
RTVSPost2010Prop39
140
1.0
102
RTVSPost2010PropOp39
 70
     1
102
RTVSPost2010Prop40
 90
        0
102
RTVSPost2010PropOp40
 70
     1
102
RTVSPost2010Prop41ColorIndex
 90
       18
102
RTVSPost2010Prop41ColorRGB
 90
        0
102
RTVSPost2010PropOp41
 70
     1
102
RTVSPost2010Prop42
 90
       50
102
RTVSPost2010PropOp42
 70
     1
102
RTVSPost2010Prop43
 90
        3
102
RTVSPost2010PropOp43
 70
     1
102
RTVSPost2010Prop44ColorIndex
 90
        5
102
RTVSPost2010Prop44ColorRGB
 90
      255
102
RTVSPost2010PropOp44
 70
     1
102
RTVSPost2010Prop45
280
     0
102
RTVSPost2010PropOp45
 70
     1
102
RTVSPost2010Prop46
 90
       50
102
RTVSPost2010PropOp46
 70
     1
102
RTVSPost2010Prop47
 90
       50
102
RTVSPost2010PropOp47
 70
     1
102
RTVSPost2010Prop48
 90
       50
102
RTVSPost2010PropOp48
 70
     1
102
RTVSPost2010Prop49
280
     0
102
RTVSPost2010PropOp49
 70
     1
102
RTVSPost2010Prop50
 90
       50
102
RTVSPost2010PropOp50
 70
     1
102
RTVSPost2010Prop51ColorIndex
 90
      256
102
RTVSPost2010Prop51ColorRGB
 90
-16777216
102
RTVSPost2010PropOp51
 70
     0
102
RTVSPost2010Prop52
140
1.0
102
RTVSPost2010PropOp52
 70
     0
102
RTVSPost2010Prop53
 90
        2
102
RTVSPost2010PropOp53
 70
     1
102
RTVSPost2010Prop54
  1
strokes_ogs.tif
102
RTVSPost2010PropOp54
 70
     1
102
RTVSPost2010Prop55
280
     0
102
RTVSPost2010PropOp55
 70
     1
102
RTVSPost2010Prop56
140
1.0
102
RTVSPost2010PropOp56
 70
     1
102
RTVSPost2010Prop57
140
1.0
102
RTVSPost2010PropOp57
 70
     1
  0
ENDSEC
  0
EOF
