  0
SECTION
  2
HEADER
  9
$ACADVER
  1
AC1024
  9
$ACADMAINTVER
 70
     6
  9
$DWGCODEPAGE
  3
ANSI_1252
  9
$LASTSAVEDBY
  1
wassimj
  9
$INSBASE
 10
0.0
 20
0.0
 30
0.0
  9
$EXTMIN
 10
8.923131978424749
 20
0.0211666666666659
 30
0.0
  9
$EXTMAX
 10
66.79329154125053
 20
28.55326464550762
 30
0.0
  9
$LIMMIN
 10
0.0
 20
0.0
  9
$LIMMAX
 10
12.0
 20
9.0
  9
$ORTHOMODE
 70
     0
  9
$REGENMODE
 70
     1
  9
$FILLMODE
 70
     1
  9
$QTEXTMODE
 70
     0
  9
$MIRRTEXT
 70
     1
  9
$LTSCALE
 40
1.0
  9
$ATTMODE
 70
     1
  9
$TEXTSIZE
 40
0.2
  9
$TRACEWID
 40
0.05
  9
$TEXTSTYLE
  7
Standard
  9
$CLAYER
  8
0
  9
$CELTYPE
  6
ByLayer
  9
$CECOLOR
 62
   256
  9
$CELTSCALE
 40
1.0
  9
$DISPSILH
 70
     0
  9
$DIMSCALE
 40
1.0
  9
$DIMASZ
 40
0.18
  9
$DIMEXO
 40
0.0625
  9
$DIMDLI
 40
0.38
  9
$DIMRND
 40
0.0
  9
$DIMDLE
 40
0.0
  9
$DIMEXE
 40
0.18
  9
$DIMTP
 40
0.0
  9
$DIMTM
 40
0.0
  9
$DIMTXT
 40
0.18
  9
$DIMCEN
 40
0.09
  9
$DIMTSZ
 40
0.0
  9
$DIMTOL
 70
     0
  9
$DIMLIM
 70
     0
  9
$DIMTIH
 70
     1
  9
$DIMTOH
 70
     1
  9
$DIMSE1
 70
     0
  9
$DIMSE2
 70
     0
  9
$DIMTAD
 70
     0
  9
$DIMZIN
 70
     0
  9
$DIMBLK
  1

  9
$DIMASO
 70
     1
  9
$DIMSHO
 70
     1
  9
$DIMPOST
  1

  9
$DIMAPOST
  1

  9
$DIMALT
 70
     0
  9
$DIMALTD
 70
     2
  9
$DIMALTF
 40
25.4
  9
$DIMLFAC
 40
1.0
  9
$DIMTOFL
 70
     0
  9
$DIMTVP
 40
0.0
  9
$DIMTIX
 70
     0
  9
$DIMSOXD
 70
     0
  9
$DIMSAH
 70
     0
  9
$DIMBLK1
  1

  9
$DIMBLK2
  1

  9
$DIMSTYLE
  2
STANDARD_ACAD
  9
$DIMCLRD
 70
     0
  9
$DIMCLRE
 70
     0
  9
$DIMCLRT
 70
     0
  9
$DIMTFAC
 40
1.0
  9
$DIMGAP
 40
0.09
  9
$DIMJUST
 70
     0
  9
$DIMSD1
 70
     0
  9
$DIMSD2
 70
     0
  9
$DIMTOLJ
 70
     1
  9
$DIMTZIN
 70
     0
  9
$DIMALTZ
 70
     0
  9
$DIMALTTZ
 70
     0
  9
$DIMUPT
 70
     0
  9
$DIMDEC
 70
     4
  9
$DIMTDEC
 70
     4
  9
$DIMALTU
 70
     2
  9
$DIMALTTD
 70
     2
  9
$DIMTXSTY
  7
Standard
  9
$DIMAUNIT
 70
     0
  9
$DIMADEC
 70
     0
  9
$DIMALTRND
 40
0.0
  9
$DIMAZIN
 70
     0
  9
$DIMDSEP
 70
    46
  9
$DIMATFIT
 70
     3
  9
$DIMFRAC
 70
     0
  9
$DIMLDRBLK
  1

  9
$DIMLUNIT
 70
     2
  9
$DIMLWD
 70
    -2
  9
$DIMLWE
 70
    -2
  9
$DIMTMOVE
 70
     2
  9
$DIMFXL
 40
1.0
  9
$DIMFXLON
 70
     0
  9
$DIMJOGANG
 40
0.7853981633974483
  9
$DIMTFILL
 70
     0
  9
$DIMTFILLCLR
 70
     0
  9
$DIMARCSYM
 70
     0
  9
$DIMLTYPE
  6

  9
$DIMLTEX1
  6

  9
$DIMLTEX2
  6

  9
$DIMTXTDIRECTION
 70
     0
  9
$LUNITS
 70
     2
  9
$LUPREC
 70
     3
  9
$SKETCHINC
 40
0.1
  9
$FILLETRAD
 40
0.0
  9
$AUNITS
 70
     0
  9
$AUPREC
 70
     0
  9
$MENU
  1
.
  9
$ELEVATION
 40
0.0
  9
$PELEVATION
 40
0.0
  9
$THICKNESS
 40
0.0
  9
$LIMCHECK
 70
     0
  9
$CHAMFERA
 40
0.0
  9
$CHAMFERB
 40
0.0
  9
$CHAMFERC
 40
0.0
  9
$CHAMFERD
 40
0.0
  9
$SKPOLY
 70
     0
  9
$TDCREATE
 40
2460497.34372029
  9
$TDUCREATE
 40
2460497.302053623
  9
$TDUPDATE
 40
2460497.343735394
  9
$TDUUPDATE
 40
2460497.302068727
  9
$TDINDWG
 40
0.0000000116
  9
$TDUSRTIMER
 40
0.0000000116
  9
$USRTIMER
 70
     1
  9
$ANGBASE
 50
0.0
  9
$ANGDIR
 70
     0
  9
$PDMODE
 70
     0
  9
$PDSIZE
 40
0.0
  9
$PLINEWID
 40
0.0
  9
$SPLFRAME
 70
     0
  9
$SPLINETYPE
 70
     6
  9
$SPLINESEGS
 70
     8
  9
$HANDSEED
  5
1A0
  9
$SURFTAB1
 70
     6
  9
$SURFTAB2
 70
     6
  9
$SURFTYPE
 70
     6
  9
$SURFU
 70
     6
  9
$SURFV
 70
     6
  9
$UCSBASE
  2

  9
$UCSNAME
  2

  9
$UCSORG
 10
0.0
 20
0.0
 30
0.0
  9
$UCSXDIR
 10
1.0
 20
0.0
 30
0.0
  9
$UCSYDIR
 10
0.0
 20
1.0
 30
0.0
  9
$UCSORTHOREF
  2

  9
$UCSORTHOVIEW
 70
     0
  9
$UCSORGTOP
 10
0.0
 20
0.0
 30
0.0
  9
$UCSORGBOTTOM
 10
0.0
 20
0.0
 30
0.0
  9
$UCSORGLEFT
 10
0.0
 20
0.0
 30
0.0
  9
$UCSORGRIGHT
 10
0.0
 20
0.0
 30
0.0
  9
$UCSORGFRONT
 10
0.0
 20
0.0
 30
0.0
  9
$UCSORGBACK
 10
0.0
 20
0.0
 30
0.0
  9
$PUCSBASE
  2

  9
$PUCSNAME
  2

  9
$PUCSORG
 10
0.0
 20
0.0
 30
0.0
  9
$PUCSXDIR
 10
1.0
 20
0.0
 30
0.0
  9
$PUCSYDIR
 10
0.0
 20
1.0
 30
0.0
  9
$PUCSORTHOREF
  2

  9
$PUCSORTHOVIEW
 70
     0
  9
$PUCSORGTOP
 10
0.0
 20
0.0
 30
0.0
  9
$PUCSORGBOTTOM
 10
0.0
 20
0.0
 30
0.0
  9
$PUCSORGLEFT
 10
0.0
 20
0.0
 30
0.0
  9
$PUCSORGRIGHT
 10
0.0
 20
0.0
 30
0.0
  9
$PUCSORGFRONT
 10
0.0
 20
0.0
 30
0.0
  9
$PUCSORGBACK
 10
0.0
 20
0.0
 30
0.0
  9
$USERI1
 70
     0
  9
$USERI2
 70
     0
  9
$USERI3
 70
     0
  9
$USERI4
 70
     0
  9
$USERI5
 70
     0
  9
$USERR1
 40
0.0
  9
$USERR2
 40
0.0
  9
$USERR3
 40
0.0
  9
$USERR4
 40
0.0
  9
$USERR5
 40
0.0
  9
$WORLDVIEW
 70
     1
  9
$SHADEDGE
 70
     3
  9
$SHADEDIF
 70
    70
  9
$TILEMODE
 70
     1
  9
$MAXACTVP
 70
    64
  9
$PINSBASE
 10
0.0
 20
0.0
 30
0.0
  9
$PLIMCHECK
 70
     0
  9
$PEXTMIN
 10
1.000000000000000E+20
 20
1.000000000000000E+20
 30
1.000000000000000E+20
  9
$PEXTMAX
 10
-1.000000000000000E+20
 20
-1.000000000000000E+20
 30
-1.000000000000000E+20
  9
$PLIMMIN
 10
0.0
 20
0.0
  9
$PLIMMAX
 10
12.0
 20
9.0
  9
$UNITMODE
 70
     0
  9
$VISRETAIN
 70
     1
  9
$PLINEGEN
 70
     0
  9
$PSLTSCALE
 70
     1
  9
$TREEDEPTH
 70
  3020
  9
$CMLSTYLE
  2
Standard
  9
$CMLJUST
 70
     0
  9
$CMLSCALE
 40
1.0
  9
$PROXYGRAPHICS
 70
     1
  9
$MEASUREMENT
 70
     1
  9
$CELWEIGHT
370
    -1
  9
$ENDCAPS
280
     0
  9
$JOINSTYLE
280
     0
  9
$LWDISPLAY
290
     0
  9
$INSUNITS
 70
     6
  9
$HYPERLINKBASE
  1

  9
$STYLESHEET
  1

  9
$XEDIT
290
     1
  9
$CEPSNTYPE
380
     0
  9
$PSTYLEMODE
290
     1
  9
$FINGERPRINTGUID
  2
{e7deaced-28cc-46fd-acb2-99cfd0b17d9c}
  9
$VERSIONGUID
  2
{FAEB1C32-E019-11D5-929B-00C0DF256EC4}
  9
$EXTNAMES
290
     1
  9
$PSVPSCALE
 40
0.0
  9
$OLESTARTUP
290
     0
  9
$SORTENTS
280
   127
  9
$INDEXCTL
280
     0
  9
$HIDETEXT
280
     1
  9
$XCLIPFRAME
280
     2
  9
$HALOGAP
280
     0
  9
$OBSCOLOR
 70
   257
  9
$OBSLTYPE
280
     0
  9
$INTERSECTIONDISPLAY
280
     0
  9
$INTERSECTIONCOLOR
 70
   257
  9
$DIMASSOC
280
     2
  9
$PROJECTNAME
  1

  9
$CAMERADISPLAY
290
     0
  9
$LENSLENGTH
 40
50.0
  9
$CAMERAHEIGHT
 40
0.0
  9
$STEPSPERSEC
 40
2.0
  9
$STEPSIZE
 40
6.0
  9
$3DDWFPREC
 40
2.0
  9
$PSOLWIDTH
 40
0.25
  9
$PSOLHEIGHT
 40
4.0
  9
$LOFTANG1
 40
1.570796326794897
  9
$LOFTANG2
 40
1.570796326794897
  9
$LOFTMAG1
 40
0.0
  9
$LOFTMAG2
 40
0.0
  9
$LOFTPARAM
 70
     7
  9
$LOFTNORMALS
280
     1
  9
$LATITUDE
 40
37.795
  9
$LONGITUDE
 40
-122.394
  9
$NORTHDIRECTION
 40
0.0
  9
$TIMEZONE
 70
 -8000
  9
$LIGHTGLYPHDISPLAY
280
     1
  9
$TILEMODELIGHTSYNCH
280
     1
  9
$CMATERIAL
347
44
  9
$SOLIDHIST
280
     0
  9
$SHOWHIST
280
     1
  9
$DWFFRAME
280
     2
  9
$DGNFRAME
280
     2
  9
$REALWORLDSCALE
290
     1
  9
$INTERFERECOLOR
 62
   256
  9
$CSHADOW
280
     0
  9
$SHADOWPLANELOCATION
 40
0.0
  0
ENDSEC
  0
SECTION
  2
CLASSES
  0
CLASS
  1
ACDBDICTIONARYWDFLT
  2
AcDbDictionaryWithDefault
  3
ObjectDBX Classes
 90
        0
 91
        3
280
     0
281
     0
  0
CLASS
  1
VISUALSTYLE
  2
AcDbVisualStyle
  3
ObjectDBX Classes
 90
     4095
 91
        3
280
     0
281
     0
  0
CLASS
  1
MATERIAL
  2
AcDbMaterial
  3
ObjectDBX Classes
 90
     1153
 91
        3
280
     0
281
     0
  0
CLASS
  1
SCALE
  2
AcDbScale
  3
ObjectDBX Classes
 90
     1153
 91
        3
280
     0
281
     0
  0
CLASS
  1
TABLESTYLE
  2
AcDbTableStyle
  3
ObjectDBX Classes
 90
     4095
 91
        3
280
     0
281
     0
  0
CLASS
  1
MLEADERSTYLE
  2
AcDbMLeaderStyle
  3
ACDB_MLEADERSTYLE_CLASS
 90
     4095
 91
        3
280
     0
281
     0
  0
CLASS
  1
SUN
  2
AcDbSun
  3
SCENEOE
 90
     1153
 91
        3
280
     0
281
     0
  0
CLASS
  1
DICTIONARYVAR
  2
AcDbDictionaryVar
  3
ObjectDBX Classes
 90
        0
 91
        3
280
     0
281
     0
  0
CLASS
  1
CELLSTYLEMAP
  2
AcDbCellStyleMap
  3
ObjectDBX Classes
 90
     1152
 91
        3
280
     0
281
     0
  0
ENDSEC
  0
SECTION
  2
TABLES
  0
TABLE
  2
VPORT
  5
8
330
0
100
AcDbSymbolTable
 70
     1
  0
VPORT
  5
29
330
8
100
AcDbSymbolTableRecord
100
AcDbViewportTableRecord
  2
*Active
 70
     0
 10
0.0
 20
0.0
 11
1.0
 21
1.0
 12
10.42990654205607
 22
4.5
 13
0.0
 23
0.0
 14
0.5
 24
0.5
 15
0.5
 25
0.5
 16
0.0
 26
0.0
 36
1.0
 17
0.0
 27
0.0
 37
0.0
 40
9.0
 41
1.972972972850329
 42
50.0
 43
0.0
 44
0.0
 50
0.0
 51
0.0
 71
     0
 72
   100
 73
     1
 74
     3
 75
     0
 76
     0
 77
     0
 78
     0
281
     0
 65
     1
110
0.0
120
0.0
130
0.0
111
1.0
121
0.0
131
0.0
112
0.0
122
1.0
132
0.0
 79
     0
146
0.0
348
2F
 60
     3
 61
     5
292
     1
282
     1
141
0.0
142
0.0
 63
   250
361
5D
  0
ENDTAB
  0
TABLE
  2
LTYPE
  5
5
330
0
100
AcDbSymbolTable
 70
     1
  0
LTYPE
  5
14
330
5
100
AcDbSymbolTableRecord
100
AcDbLinetypeTableRecord
  2
ByBlock
 70
     0
  3

 72
    65
 73
     0
 40
0.0
  0
LTYPE
  5
15
330
5
100
AcDbSymbolTableRecord
100
AcDbLinetypeTableRecord
  2
ByLayer
 70
     0
  3

 72
    65
 73
     0
 40
0.0
  0
LTYPE
  5
16
330
5
100
AcDbSymbolTableRecord
100
AcDbLinetypeTableRecord
  2
Continuous
 70
     0
  3
Solid line
 72
    65
 73
     0
 40
0.0
  0
ENDTAB
  0
TABLE
  2
LAYER
  5
2
330
0
100
AcDbSymbolTable
 70
     1
  0
LAYER
  5
10
330
2
100
AcDbSymbolTableRecord
100
AcDbLayerTableRecord
  2
0
 70
     0
 62
    18
420
        0
  6
Continuous
370
    -3
390
F
347
46
  0
ENDTAB
  0
TABLE
  2
STYLE
  5
3
330
0
100
AcDbSymbolTable
 70
     1
  0
STYLE
  5
11
330
3
100
AcDbSymbolTableRecord
100
AcDbTextStyleTableRecord
  2
Standard
 70
     0
 40
0.0
 41
1.0
 50
0.0
 71
     0
 42
0.2
  3
txt
  4

  0
ENDTAB
  0
TABLE
  2
VIEW
  5
6
330
0
100
AcDbSymbolTable
 70
     0
  0
ENDTAB
  0
TABLE
  2
UCS
  5
7
330
0
100
AcDbSymbolTable
 70
     0
  0
ENDTAB
  0
TABLE
  2
APPID
  5
9
330
0
100
AcDbSymbolTable
 70
     2
  0
APPID
  5
12
330
9
100
AcDbSymbolTableRecord
100
AcDbRegAppTableRecord
  2
ACAD
 70
     0
  0
APPID
  5
5E
330
9
100
AcDbSymbolTableRecord
100
AcDbRegAppTableRecord
  2
Rhino
 70
     0
  0
ENDTAB
  0
TABLE
  2
DIMSTYLE
  5
A
330
0
100
AcDbSymbolTable
 70
     1
100
AcDbDimStyleTable
  0
DIMSTYLE
105
27
330
A
100
AcDbSymbolTableRecord
100
AcDbDimStyleTableRecord
  2
STANDARD_ACAD
 70
     0
178
     0
340
11
  0
ENDTAB
  0
TABLE
  2
BLOCK_RECORD
  5
1
330
0
100
AcDbSymbolTable
 70
     1
  0
BLOCK_RECORD
  5
1F
330
1
100
AcDbSymbolTableRecord
100
AcDbBlockTableRecord
  2
*Model_Space
340
22
 70
     0
280
     1
281
     0
  0
BLOCK_RECORD
  5
1B
330
1
100
AcDbSymbolTableRecord
100
AcDbBlockTableRecord
  2
*Paper_Space
340
1E
 70
     0
280
     1
281
     0
  0
BLOCK_RECORD
  5
23
330
1
100
AcDbSymbolTableRecord
100
AcDbBlockTableRecord
  2
*Paper_Space0
340
26
 70
     0
280
     1
281
     0
  0
ENDTAB
  0
ENDSEC
  0
SECTION
  2
BLOCKS
  0
BLOCK
  5
20
330
1F
100
AcDbEntity
  8
0
100
AcDbBlockBegin
  2
*Model_Space
 70
     0
 10
0.0
 20
0.0
 30
0.0
  3
*Model_Space
  1

  0
ENDBLK
  5
21
330
1F
100
AcDbEntity
  8
0
100
AcDbBlockEnd
  0
BLOCK
  5
1C
330
1B
100
AcDbEntity
 67
     1
  8
0
100
AcDbBlockBegin
  2
*Paper_Space
 70
     0
 10
0.0
 20
0.0
 30
0.0
  3
*Paper_Space
  1

  0
ENDBLK
  5
1D
330
1B
100
AcDbEntity
 67
     1
  8
0
100
AcDbBlockEnd
  0
BLOCK
  5
24
330
23
100
AcDbEntity
  8
0
100
AcDbBlockBegin
  2
*Paper_Space0
 70
     0
 10
0.0
 20
0.0
 30
0.0
  3
*Paper_Space0
  1

  0
ENDBLK
  5
25
330
23
100
AcDbEntity
  8
0
100
AcDbBlockEnd
  0
ENDSEC
  0
SECTION
  2
ENTITIES
  0
POLYLINE
  5
5F
330
1F
100
AcDbEntity
  8
0
  6
Continuous
 62
    18
420
        0
370
    70
100
AcDb2dPolyline
 66
     1
 10
0.0
 20
0.0
 30
0.0
 70
     1
  0
VERTEX
  5
60
330
5F
100
AcDbEntity
  8
0
  6
Continuous
 62
    18
420
        0
370
    70
100
AcDbVertex
100
AcDb2dVertex
 10
8.923140166642725
 20
5.839734547956404
 30
0.0
  0
VERTEX
  5
61
330
5F
100
AcDbEntity
  8
0
  6
Continuous
 62
    18
420
        0
370
    70
100
AcDbVertex
100
AcDb2dVertex
 10
13.31160488177569
 20
5.839732272061859
 30
0.0
  0
VERTEX
  5
62
330
5F
100
AcDbEntity
  8
0
  6
Continuous
 62
    18
420
        0
370
    70
100
AcDbVertex
100
AcDb2dVertex
 10
13.31160488177566
 20
5.739734548291644
 30
0.0
  0
VERTEX
  5
63
330
5F
100
AcDbEntity
  8
0
  6
Continuous
 62
    18
420
        0
370
    70
100
AcDbVertex
100
AcDb2dVertex
 10
8.923131978424749
 20
5.739734548291644
 30
0.0
  0
VERTEX
  5
64
330
5F
100
AcDbEntity
  8
0
  6
Continuous
 62
    18
420
        0
370
    70
100
AcDbVertex
100
AcDb2dVertex
 10
8.923131978424749
 20
0.0211666666666659
 30
0.0
  0
VERTEX
  5
65
330
5F
100
AcDbEntity
  8
0
  6
Continuous
 62
    18
420
        0
370
    70
100
AcDbVertex
100
AcDb2dVertex
 10
14.68182810813209
 20
0.0211666666666659
 30
0.0
  0
VERTEX
  5
66
330
5F
100
AcDbEntity
  8
0
  6
Continuous
 62
    18
420
        0
370
    70
100
AcDbVertex
100
AcDb2dVertex
 10
14.68182810813209
 20
5.739734548291644
 30
0.0
  0
VERTEX
  5
67
330
5F
100
AcDbEntity
  8
0
  6
Continuous
 62
    18
420
        0
370
    70
100
AcDbVertex
100
AcDb2dVertex
 10
14.39977154844234
 20
5.739734548291644
 30
0.0
  0
VERTEX
  5
68
330
5F
100
AcDbEntity
  8
0
  6
Continuous
 62
    18
420
        0
370
    70
100
AcDbVertex
100
AcDb2dVertex
 10
14.39977154844234
 20
5.839722145292676
 30
0.0
  0
VERTEX
  5
69
330
5F
100
AcDbEntity
  8
0
  6
Continuous
 62
    18
420
        0
370
    70
100
AcDbVertex
100
AcDb2dVertex
 10
15.04483067934875
 20
5.839676447725076
 30
0.0
  0
VERTEX
  5
6A
330
5F
100
AcDbEntity
  8
0
  6
Continuous
 62
    18
420
        0
370
    70
100
AcDbVertex
100
AcDb2dVertex
 10
15.04483067934873
 20
5.739263013699237
 30
0.0
  0
VERTEX
  5
6B
330
5F
100
AcDbEntity
  8
0
  6
Continuous
 62
    18
420
        0
370
    70
100
AcDbVertex
100
AcDb2dVertex
 10
14.78182810813209
 20
5.739263013699237
 30
0.0
  0
VERTEX
  5
6C
330
5F
100
AcDbEntity
  8
0
  6
Continuous
 62
    18
420
        0
370
    70
100
AcDbVertex
100
AcDb2dVertex
 10
14.78182810813211
 20
0.0211666666666659
 30
0.0
  0
VERTEX
  5
6D
330
5F
100
AcDbEntity
  8
0
  6
Continuous
 62
    18
420
        0
370
    70
100
AcDbVertex
100
AcDb2dVertex
 10
20.16002090931372
 20
0.0211666666666659
 30
0.0
  0
VERTEX
  5
6E
330
5F
100
AcDbEntity
  8
0
  6
Continuous
 62
    18
420
        0
370
    70
100
AcDbVertex
100
AcDb2dVertex
 10
20.16002090931372
 20
5.739263013699237
 30
0.0
  0
VERTEX
  5
6F
330
5F
100
AcDbEntity
  8
0
  6
Continuous
 62
    18
420
        0
370
    70
100
AcDbVertex
100
AcDb2dVertex
 10
16.11183067934874
 20
5.739263013699237
 30
0.0
  0
VERTEX
  5
70
330
5F
100
AcDbEntity
  8
0
  6
Continuous
 62
    18
420
        0
370
    70
100
AcDbVertex
100
AcDb2dVertex
 10
16.11183067934874
 20
5.839666320955892
 30
0.0
  0
VERTEX
  5
71
330
5F
100
AcDbEntity
  8
0
  6
Continuous
 62
    18
420
        0
370
    70
100
AcDbVertex
100
AcDb2dVertex
 10
20.51774199879304
 20
5.839624504979348
 30
0.0
  0
VERTEX
  5
72
330
5F
100
AcDbEntity
  8
0
  6
Continuous
 62
    18
420
        0
370
    70
100
AcDbVertex
100
AcDb2dVertex
 10
20.51774199879304
 20
5.739263013699237
 30
0.0
  0
VERTEX
  5
73
330
5F
100
AcDbEntity
  8
0
  6
Continuous
 62
    18
420
        0
370
    70
100
AcDbVertex
100
AcDb2dVertex
 10
20.26002090931371
 20
5.739263013699237
 30
0.0
  0
VERTEX
  5
74
330
5F
100
AcDbEntity
  8
0
  6
Continuous
 62
    18
420
        0
370
    70
100
AcDbVertex
100
AcDb2dVertex
 10
20.2600209093137
 20
0.0211666666666659
 30
0.0
  0
VERTEX
  5
75
330
5F
100
AcDbEntity
  8
0
  6
Continuous
 62
    18
420
        0
370
    70
100
AcDbVertex
100
AcDb2dVertex
 10
25.64064365775033
 20
0.0211666666666659
 30
0.0
  0
VERTEX
  5
76
330
5F
100
AcDbEntity
  8
0
  6
Continuous
 62
    18
420
        0
370
    70
100
AcDbVertex
100
AcDb2dVertex
 10
25.64064365775033
 20
5.739263013699237
 30
0.0
  0
VERTEX
  5
77
330
5F
100
AcDbEntity
  8
0
  6
Continuous
 62
    18
420
        0
370
    70
100
AcDbVertex
100
AcDb2dVertex
 10
21.58474199879305
 20
5.739263013699237
 30
0.0
  0
VERTEX
  5
78
330
5F
100
AcDbEntity
  8
0
  6
Continuous
 62
    18
420
        0
370
    70
100
AcDbVertex
100
AcDb2dVertex
 10
21.58474199879305
 20
5.839614378210157
 30
0.0
  0
VERTEX
  5
79
330
5F
100
AcDbEntity
  8
0
  6
Continuous
 62
    18
420
        0
370
    70
100
AcDbVertex
100
AcDb2dVertex
 10
25.99065331823735
 20
5.839572562233613
 30
0.0
  0
VERTEX
  5
7A
330
5F
100
AcDbEntity
  8
0
  6
Continuous
 62
    18
420
        0
370
    70
100
AcDbVertex
100
AcDb2dVertex
 10
25.99065331823735
 20
5.739263013699237
 30
0.0
  0
VERTEX
  5
7B
330
5F
100
AcDbEntity
  8
0
  6
Continuous
 62
    18
420
        0
370
    70
100
AcDbVertex
100
AcDb2dVertex
 10
25.74064365775034
 20
5.739263013699237
 30
0.0
  0
VERTEX
  5
7C
330
5F
100
AcDbEntity
  8
0
  6
Continuous
 62
    18
420
        0
370
    70
100
AcDbVertex
100
AcDb2dVertex
 10
25.74064365775033
 20
0.0211666666666659
 30
0.0
  0
VERTEX
  5
7D
330
5F
100
AcDbEntity
  8
0
  6
Continuous
 62
    18
420
        0
370
    70
100
AcDbVertex
100
AcDb2dVertex
 10
31.10290586096608
 20
0.0211666666666659
 30
0.0
  0
VERTEX
  5
7E
330
5F
100
AcDbEntity
  8
0
  6
Continuous
 62
    18
420
        0
370
    70
100
AcDbVertex
100
AcDb2dVertex
 10
31.10290586096608
 20
5.739263013699237
 30
0.0
  0
VERTEX
  5
7F
330
5F
100
AcDbEntity
  8
0
  6
Continuous
 62
    18
420
        0
370
    70
100
AcDbVertex
100
AcDb2dVertex
 10
27.05765331823736
 20
5.739263013699237
 30
0.0
  0
VERTEX
  5
80
330
5F
100
AcDbEntity
  8
0
  6
Continuous
 62
    18
420
        0
370
    70
100
AcDbVertex
100
AcDb2dVertex
 10
27.05765331823736
 20
5.839562435464437
 30
0.0
  0
VERTEX
  5
81
330
5F
100
AcDbEntity
  8
0
  6
Continuous
 62
    18
420
        0
370
    70
100
AcDbVertex
100
AcDb2dVertex
 10
31.500744741754
 20
5.839520266615985
 30
0.0
  0
VERTEX
  5
82
330
5F
100
AcDbEntity
  8
0
  6
Continuous
 62
    18
420
        0
370
    70
100
AcDbVertex
100
AcDb2dVertex
 10
31.50074474175399
 20
5.739263013699237
 30
0.0
  0
VERTEX
  5
83
330
5F
100
AcDbEntity
  8
0
  6
Continuous
 62
    18
420
        0
370
    70
100
AcDbVertex
100
AcDb2dVertex
 10
31.20290586096608
 20
5.739263013699237
 30
0.0
  0
VERTEX
  5
84
330
5F
100
AcDbEntity
  8
0
  6
Continuous
 62
    18
420
        0
370
    70
100
AcDbVertex
100
AcDb2dVertex
 10
31.20290586096608
 20
0.0211666666666659
 30
0.0
  0
VERTEX
  5
85
330
5F
100
AcDbEntity
  8
0
  6
Continuous
 62
    18
420
        0
370
    70
100
AcDbVertex
100
AcDb2dVertex
 10
36.59270888201317
 20
0.0211666666666659
 30
0.0
  0
VERTEX
  5
86
330
5F
100
AcDbEntity
  8
0
  6
Continuous
 62
    18
420
        0
370
    70
100
AcDbVertex
100
AcDb2dVertex
 10
36.59270888201317
 20
5.739263013699237
 30
0.0
  0
VERTEX
  5
87
330
5F
100
AcDbEntity
  8
0
  6
Continuous
 62
    18
420
        0
370
    70
100
AcDbVertex
100
AcDb2dVertex
 10
32.56774474175398
 20
5.739263013699237
 30
0.0
  0
VERTEX
  5
88
330
5F
100
AcDbEntity
  8
0
  6
Continuous
 62
    18
420
        0
370
    70
100
AcDbVertex
100
AcDb2dVertex
 10
32.56774474175398
 20
5.839510139846801
 30
0.0
  0
VERTEX
  5
89
330
5F
100
AcDbEntity
  8
0
  6
Continuous
 62
    18
420
        0
370
    70
100
AcDbVertex
100
AcDb2dVertex
 10
36.93647595712596
 20
5.839468676742179
 30
0.0
  0
VERTEX
  5
8A
330
5F
100
AcDbEntity
  8
0
  6
Continuous
 62
    18
420
        0
370
    70
100
AcDbVertex
100
AcDb2dVertex
 10
36.93647595712596
 20
5.739263013699237
 30
0.0
  0
VERTEX
  5
8B
330
5F
100
AcDbEntity
  8
0
  6
Continuous
 62
    18
420
        0
370
    70
100
AcDbVertex
100
AcDb2dVertex
 10
36.69270888201316
 20
5.739263013699237
 30
0.0
  0
VERTEX
  5
8C
330
5F
100
AcDbEntity
  8
0
  6
Continuous
 62
    18
420
        0
370
    70
100
AcDbVertex
100
AcDb2dVertex
 10
36.69270888201315
 20
0.0211666666666659
 30
0.0
  0
VERTEX
  5
8D
330
5F
100
AcDbEntity
  8
0
  6
Continuous
 62
    18
420
        0
370
    70
100
AcDbVertex
100
AcDb2dVertex
 10
42.06415135783934
 20
0.0211666666666659
 30
0.0
  0
VERTEX
  5
8E
330
5F
100
AcDbEntity
  8
0
  6
Continuous
 62
    18
420
        0
370
    70
100
AcDbVertex
100
AcDb2dVertex
 10
42.06415135783934
 20
5.739263013699237
 30
0.0
  0
VERTEX
  5
8F
330
5F
100
AcDbEntity
  8
0
  6
Continuous
 62
    18
420
        0
370
    70
100
AcDbVertex
100
AcDb2dVertex
 10
38.00347595712598
 20
5.739263013699237
 30
0.0
  0
VERTEX
  5
90
330
5F
100
AcDbEntity
  8
0
  6
Continuous
 62
    18
420
        0
370
    70
100
AcDbVertex
100
AcDb2dVertex
 10
38.00347595712598
 20
5.839458549972996
 30
0.0
  0
VERTEX
  5
91
330
5F
100
AcDbEntity
  8
0
  6
Continuous
 62
    18
420
        0
370
    70
100
AcDbVertex
100
AcDb2dVertex
 10
42.43913135982812
 20
5.839416451698909
 30
0.0
  0
VERTEX
  5
92
330
5F
100
AcDbEntity
  8
0
  6
Continuous
 62
    18
420
        0
370
    70
100
AcDbVertex
100
AcDb2dVertex
 10
42.43913135982815
 20
5.739263013699237
 30
0.0
  0
VERTEX
  5
93
330
5F
100
AcDbEntity
  8
0
  6
Continuous
 62
    18
420
        0
370
    70
100
AcDbVertex
100
AcDb2dVertex
 10
42.16415135783934
 20
5.739263013699237
 30
0.0
  0
VERTEX
  5
94
330
5F
100
AcDbEntity
  8
0
  6
Continuous
 62
    18
420
        0
370
    70
100
AcDbVertex
100
AcDb2dVertex
 10
42.16415135783934
 20
0.0211666666666659
 30
0.0
  0
VERTEX
  5
95
330
5F
100
AcDbEntity
  8
0
  6
Continuous
 62
    18
420
        0
370
    70
100
AcDbVertex
100
AcDb2dVertex
 10
47.54477410627598
 20
0.0211666666666659
 30
0.0
  0
VERTEX
  5
96
330
5F
100
AcDbEntity
  8
0
  6
Continuous
 62
    18
420
        0
370
    70
100
AcDbVertex
100
AcDb2dVertex
 10
47.54477410627598
 20
5.739263013699237
 30
0.0
  0
VERTEX
  5
97
330
5F
100
AcDbEntity
  8
0
  6
Continuous
 62
    18
420
        0
370
    70
100
AcDbVertex
100
AcDb2dVertex
 10
43.50613135982812
 20
5.739263013699237
 30
0.0
  0
VERTEX
  5
98
330
5F
100
AcDbEntity
  8
0
  6
Continuous
 62
    18
420
        0
370
    70
100
AcDbVertex
100
AcDb2dVertex
 10
43.50613135982812
 20
5.839406324929726
 30
0.0
  0
VERTEX
  5
99
330
5F
100
AcDbEntity
  8
0
  6
Continuous
 62
    18
420
        0
370
    70
100
AcDbVertex
100
AcDb2dVertex
 10
47.90208050873531
 20
5.839364603502951
 30
0.0
  0
VERTEX
  5
9A
330
5F
100
AcDbEntity
  8
0
  6
Continuous
 62
    18
420
        0
370
    70
100
AcDbVertex
100
AcDb2dVertex
 10
47.90208050873531
 20
5.739263013699237
 30
0.0
  0
VERTEX
  5
9B
330
5F
100
AcDbEntity
  8
0
  6
Continuous
 62
    18
420
        0
370
    70
100
AcDbVertex
100
AcDb2dVertex
 10
47.64477410627597
 20
5.739263013699237
 30
0.0
  0
VERTEX
  5
9C
330
5F
100
AcDbEntity
  8
0
  6
Continuous
 62
    18
420
        0
370
    70
100
AcDbVertex
100
AcDb2dVertex
 10
47.64477410627597
 20
0.0211666666666659
 30
0.0
  0
VERTEX
  5
9D
330
5F
100
AcDbEntity
  8
0
  6
Continuous
 62
    18
420
        0
370
    70
100
AcDbVertex
100
AcDb2dVertex
 10
53.0253968547126
 20
0.0211666666666659
 30
0.0
  0
VERTEX
  5
9E
330
5F
100
AcDbEntity
  8
0
  6
Continuous
 62
    18
420
        0
370
    70
100
AcDbVertex
100
AcDb2dVertex
 10
53.0253968547126
 20
5.739263013699237
 30
0.0
  0
VERTEX
  5
9F
330
5F
100
AcDbEntity
  8
0
  6
Continuous
 62
    18
420
        0
370
    70
100
AcDbVertex
100
AcDb2dVertex
 10
48.96908050873533
 20
5.739263013699237
 30
0.0
  0
VERTEX
  5
A0
330
5F
100
AcDbEntity
  8
0
  6
Continuous
 62
    18
420
        0
370
    70
100
AcDbVertex
100
AcDb2dVertex
 10
48.96908050873533
 20
5.839354476733767
 30
0.0
  0
VERTEX
  5
A1
330
5F
100
AcDbEntity
  8
0
  6
Continuous
 62
    18
420
        0
370
    70
100
AcDbVertex
100
AcDb2dVertex
 10
53.37714827421582
 20
5.83931264029065
 30
0.0
  0
VERTEX
  5
A2
330
5F
100
AcDbEntity
  8
0
  6
Continuous
 62
    18
420
        0
370
    70
100
AcDbVertex
100
AcDb2dVertex
 10
53.37714827421582
 20
5.739263013699237
 30
0.0
  0
VERTEX
  5
A3
330
5F
100
AcDbEntity
  8
0
  6
Continuous
 62
    18
420
        0
370
    70
100
AcDbVertex
100
AcDb2dVertex
 10
53.1253968547126
 20
5.739263013699237
 30
0.0
  0
VERTEX
  5
A4
330
5F
100
AcDbEntity
  8
0
  6
Continuous
 62
    18
420
        0
370
    70
100
AcDbVertex
100
AcDb2dVertex
 10
53.1253968547126
 20
0.0211666666666659
 30
0.0
  0
VERTEX
  5
A5
330
5F
100
AcDbEntity
  8
0
  6
Continuous
 62
    18
420
        0
370
    70
100
AcDbVertex
100
AcDb2dVertex
 10
58.50601960314924
 20
0.0211666666666659
 30
0.0
  0
VERTEX
  5
A6
330
5F
100
AcDbEntity
  8
0
  6
Continuous
 62
    18
420
        0
370
    70
100
AcDbVertex
100
AcDb2dVertex
 10
58.50601960314924
 20
5.739263013699237
 30
0.0
  0
VERTEX
  5
A7
330
5F
100
AcDbEntity
  8
0
  6
Continuous
 62
    18
420
        0
370
    70
100
AcDbVertex
100
AcDb2dVertex
 10
54.44414827421583
 20
5.739263013699237
 30
0.0
  0
VERTEX
  5
A8
330
5F
100
AcDbEntity
  8
0
  6
Continuous
 62
    18
420
        0
370
    70
100
AcDbVertex
100
AcDb2dVertex
 10
54.44414827421583
 20
5.839302513521467
 30
0.0
  0
VERTEX
  5
A9
330
5F
100
AcDbEntity
  8
0
  6
Continuous
 62
    18
420
        0
370
    70
100
AcDbVertex
100
AcDb2dVertex
 10
58.60601960314925
 20
5.839263013699245
 30
0.0
  0
VERTEX
  5
AA
330
5F
100
AcDbEntity
  8
0
  6
Continuous
 62
    18
420
        0
370
    70
100
AcDbVertex
100
AcDb2dVertex
 10
58.60601960314925
 20
0.0211666666666659
 30
0.0
  0
VERTEX
  5
AB
330
5F
100
AcDbEntity
  8
0
  6
Continuous
 62
    18
420
        0
370
    70
100
AcDbVertex
100
AcDb2dVertex
 10
66.79329154125053
 20
0.0211666666666659
 30
0.0
  0
VERTEX
  5
AC
330
5F
100
AcDbEntity
  8
0
  6
Continuous
 62
    18
420
        0
370
    70
100
AcDbVertex
100
AcDb2dVertex
 10
66.79329154125053
 20
7.899467415070227
 30
0.0
  0
VERTEX
  5
AD
330
5F
100
AcDbEntity
  8
0
  6
Continuous
 62
    18
420
        0
370
    70
100
AcDbVertex
100
AcDb2dVertex
 10
61.14442983515424
 20
7.899467415070227
 30
0.0
  0
VERTEX
  5
AE
330
5F
100
AcDbEntity
  8
0
  6
Continuous
 62
    18
420
        0
370
    70
100
AcDbVertex
100
AcDb2dVertex
 10
61.14442983515424
 20
8.323547680045948
 30
0.0
  0
VERTEX
  5
AF
330
5F
100
AcDbEntity
  8
0
  6
Continuous
 62
    18
420
        0
370
    70
100
AcDbVertex
100
AcDb2dVertex
 10
61.24442983515426
 20
8.323547680045941
 30
0.0
  0
VERTEX
  5
B0
330
5F
100
AcDbEntity
  8
0
  6
Continuous
 62
    18
420
        0
370
    70
100
AcDbVertex
100
AcDb2dVertex
 10
61.24442983515426
 20
8.09946741507023
 30
0.0
  0
VERTEX
  5
B1
330
5F
100
AcDbEntity
  8
0
  6
Continuous
 62
    18
420
        0
370
    70
100
AcDbVertex
100
AcDb2dVertex
 10
66.79329154125053
 20
8.09946741507023
 30
0.0
  0
VERTEX
  5
B2
330
5F
100
AcDbEntity
  8
0
  6
Continuous
 62
    18
420
        0
370
    70
100
AcDbVertex
100
AcDb2dVertex
 10
66.79329154125053
 20
13.57181452912055
 30
0.0
  0
VERTEX
  5
B3
330
5F
100
AcDbEntity
  8
0
  6
Continuous
 62
    18
420
        0
370
    70
100
AcDbVertex
100
AcDb2dVertex
 10
61.24442983515426
 20
13.57181452912055
 30
0.0
  0
VERTEX
  5
B4
330
5F
100
AcDbEntity
  8
0
  6
Continuous
 62
    18
420
        0
370
    70
100
AcDbVertex
100
AcDb2dVertex
 10
61.24442983515426
 20
9.390547680045948
 30
0.0
  0
VERTEX
  5
B5
330
5F
100
AcDbEntity
  8
0
  6
Continuous
 62
    18
420
        0
370
    70
100
AcDbVertex
100
AcDb2dVertex
 10
61.14442983515424
 20
9.390547680045948
 30
0.0
  0
VERTEX
  5
B6
330
5F
100
AcDbEntity
  8
0
  6
Continuous
 62
    18
420
        0
370
    70
100
AcDbVertex
100
AcDb2dVertex
 10
61.14442983515424
 20
13.91282893853511
 30
0.0
  0
VERTEX
  5
B7
330
5F
100
AcDbEntity
  8
0
  6
Continuous
 62
    18
420
        0
370
    70
100
AcDbVertex
100
AcDb2dVertex
 10
61.24442983515426
 20
13.91282893853512
 30
0.0
  0
VERTEX
  5
B8
330
5F
100
AcDbEntity
  8
0
  6
Continuous
 62
    18
420
        0
370
    70
100
AcDbVertex
100
AcDb2dVertex
 10
61.24442983515426
 20
13.67181452912056
 30
0.0
  0
VERTEX
  5
B9
330
5F
100
AcDbEntity
  8
0
  6
Continuous
 62
    18
420
        0
370
    70
100
AcDbVertex
100
AcDb2dVertex
 10
66.79329154125053
 20
13.67181452912055
 30
0.0
  0
VERTEX
  5
BA
330
5F
100
AcDbEntity
  8
0
  6
Continuous
 62
    18
420
        0
370
    70
100
AcDbVertex
100
AcDb2dVertex
 10
66.79329154125053
 20
19.03762720800067
 30
0.0
  0
VERTEX
  5
BB
330
5F
100
AcDbEntity
  8
0
  6
Continuous
 62
    18
420
        0
370
    70
100
AcDbVertex
100
AcDb2dVertex
 10
61.24442983515426
 20
19.03762720800067
 30
0.0
  0
VERTEX
  5
BC
330
5F
100
AcDbEntity
  8
0
  6
Continuous
 62
    18
420
        0
370
    70
100
AcDbVertex
100
AcDb2dVertex
 10
61.24442983515426
 20
14.97982893853512
 30
0.0
  0
VERTEX
  5
BD
330
5F
100
AcDbEntity
  8
0
  6
Continuous
 62
    18
420
        0
370
    70
100
AcDbVertex
100
AcDb2dVertex
 10
61.14442983515424
 20
14.97982893853512
 30
0.0
  0
VERTEX
  5
BE
330
5F
100
AcDbEntity
  8
0
  6
Continuous
 62
    18
420
        0
370
    70
100
AcDbVertex
100
AcDb2dVertex
 10
61.14442983515424
 20
19.34988255252447
 30
0.0
  0
VERTEX
  5
BF
330
5F
100
AcDbEntity
  8
0
  6
Continuous
 62
    18
420
        0
370
    70
100
AcDbVertex
100
AcDb2dVertex
 10
61.24442983515426
 20
19.34988255252447
 30
0.0
  0
VERTEX
  5
C0
330
5F
100
AcDbEntity
  8
0
  6
Continuous
 62
    18
420
        0
370
    70
100
AcDbVertex
100
AcDb2dVertex
 10
61.24442983515426
 20
19.13762720800066
 30
0.0
  0
VERTEX
  5
C1
330
5F
100
AcDbEntity
  8
0
  6
Continuous
 62
    18
420
        0
370
    70
100
AcDbVertex
100
AcDb2dVertex
 10
66.79329154125053
 20
19.13762720800066
 30
0.0
  0
VERTEX
  5
C2
330
5F
100
AcDbEntity
  8
0
  6
Continuous
 62
    18
420
        0
370
    70
100
AcDbVertex
100
AcDb2dVertex
 10
66.79329154125053
 20
24.5182865155731
 30
0.0
  0
VERTEX
  5
C3
330
5F
100
AcDbEntity
  8
0
  6
Continuous
 62
    18
420
        0
370
    70
100
AcDbVertex
100
AcDb2dVertex
 10
61.24442983515426
 20
24.5182865155731
 30
0.0
  0
VERTEX
  5
C4
330
5F
100
AcDbEntity
  8
0
  6
Continuous
 62
    18
420
        0
370
    70
100
AcDbVertex
100
AcDb2dVertex
 10
61.24442983515426
 20
20.41688255252448
 30
0.0
  0
VERTEX
  5
C5
330
5F
100
AcDbEntity
  8
0
  6
Continuous
 62
    18
420
        0
370
    70
100
AcDbVertex
100
AcDb2dVertex
 10
61.14442983515424
 20
20.41688255252448
 30
0.0
  0
VERTEX
  5
C6
330
5F
100
AcDbEntity
  8
0
  6
Continuous
 62
    18
420
        0
370
    70
100
AcDbVertex
100
AcDb2dVertex
 10
61.14442983515424
 20
24.84339199145395
 30
0.0
  0
VERTEX
  5
C7
330
5F
100
AcDbEntity
  8
0
  6
Continuous
 62
    18
420
        0
370
    70
100
AcDbVertex
100
AcDb2dVertex
 10
61.24442983515426
 20
24.84339199145395
 30
0.0
  0
VERTEX
  5
C8
330
5F
100
AcDbEntity
  8
0
  6
Continuous
 62
    18
420
        0
370
    70
100
AcDbVertex
100
AcDb2dVertex
 10
61.24442983515426
 20
24.61828651557311
 30
0.0
  0
VERTEX
  5
C9
330
5F
100
AcDbEntity
  8
0
  6
Continuous
 62
    18
420
        0
370
    70
100
AcDbVertex
100
AcDb2dVertex
 10
66.79329154125053
 20
24.61828651557311
 30
0.0
  0
VERTEX
  5
CA
330
5F
100
AcDbEntity
  8
0
  6
Continuous
 62
    18
420
        0
370
    70
100
AcDbVertex
100
AcDb2dVertex
 10
66.79329154125053
 20
28.55326464550762
 30
0.0
  0
VERTEX
  5
CB
330
5F
100
AcDbEntity
  8
0
  6
Continuous
 62
    18
420
        0
370
    70
100
AcDbVertex
100
AcDb2dVertex
 10
61.24442983515426
 20
28.55326464550762
 30
0.0
  0
VERTEX
  5
CC
330
5F
100
AcDbEntity
  8
0
  6
Continuous
 62
    18
420
        0
370
    70
100
AcDbVertex
100
AcDb2dVertex
 10
61.24442983515426
 20
25.91039199145394
 30
0.0
  0
VERTEX
  5
CD
330
5F
100
AcDbEntity
  8
0
  6
Continuous
 62
    18
420
        0
370
    70
100
AcDbVertex
100
AcDb2dVertex
 10
61.14442983515424
 20
25.91039199145394
 30
0.0
  0
VERTEX
  5
CE
330
5F
100
AcDbEntity
  8
0
  6
Continuous
 62
    18
420
        0
370
    70
100
AcDbVertex
100
AcDb2dVertex
 10
61.14442983515424
 20
28.55326464550762
 30
0.0
  0
VERTEX
  5
CF
330
5F
100
AcDbEntity
  8
0
  6
Continuous
 62
    18
420
        0
370
    70
100
AcDbVertex
100
AcDb2dVertex
 10
50.38916676828975
 20
28.55326464550762
 30
0.0
  0
VERTEX
  5
D0
330
5F
100
AcDbEntity
  8
0
  6
Continuous
 62
    18
420
        0
370
    70
100
AcDbVertex
100
AcDb2dVertex
 10
50.38916676828975
 20
22.41163474850162
 30
0.0
  0
VERTEX
  5
D1
330
5F
100
AcDbEntity
  8
0
  6
Continuous
 62
    18
420
        0
370
    70
100
AcDbVertex
100
AcDb2dVertex
 10
48.95018478058358
 20
22.41163474850162
 30
0.0
  0
VERTEX
  5
D2
330
5F
100
AcDbEntity
  8
0
  6
Continuous
 62
    18
420
        0
370
    70
100
AcDbVertex
100
AcDb2dVertex
 10
48.95018478060534
 20
22.51163474850163
 30
0.0
  0
VERTEX
  5
D3
330
5F
100
AcDbEntity
  8
0
  6
Continuous
 62
    18
420
        0
370
    70
100
AcDbVertex
100
AcDb2dVertex
 10
50.28916676828977
 20
22.51163474850163
 30
0.0
  0
VERTEX
  5
D4
330
5F
100
AcDbEntity
  8
0
  6
Continuous
 62
    18
420
        0
370
    70
100
AcDbVertex
100
AcDb2dVertex
 10
50.28916676828977
 20
28.55326464550762
 30
0.0
  0
VERTEX
  5
D5
330
5F
100
AcDbEntity
  8
0
  6
Continuous
 62
    18
420
        0
370
    70
100
AcDbVertex
100
AcDb2dVertex
 10
47.64641865504522
 20
28.55326464550762
 30
0.0
  0
VERTEX
  5
D6
330
5F
100
AcDbEntity
  8
0
  6
Continuous
 62
    18
420
        0
370
    70
100
AcDbVertex
100
AcDb2dVertex
 10
47.64641865504522
 20
22.51163474850163
 30
0.0
  0
VERTEX
  5
D7
330
5F
100
AcDbEntity
  8
0
  6
Continuous
 62
    18
420
        0
370
    70
100
AcDbVertex
100
AcDb2dVertex
 10
47.88318478060532
 20
22.51163474850163
 30
0.0
  0
VERTEX
  5
D8
330
5F
100
AcDbEntity
  8
0
  6
Continuous
 62
    18
420
        0
370
    70
100
AcDbVertex
100
AcDb2dVertex
 10
47.88318478058694
 20
22.41163474850163
 30
0.0
  0
VERTEX
  5
D9
330
5F
100
AcDbEntity
  8
0
  6
Continuous
 62
    18
420
        0
370
    70
100
AcDbVertex
100
AcDb2dVertex
 10
46.22406749319926
 20
22.41163474850163
 30
0.0
  0
VERTEX
  5
DA
330
5F
100
AcDbEntity
  8
0
  6
Continuous
 62
    18
420
        0
370
    70
100
AcDbVertex
100
AcDb2dVertex
 10
46.2240674931993
 20
22.51163474850163
 30
0.0
  0
VERTEX
  5
DB
330
5F
100
AcDbEntity
  8
0
  6
Continuous
 62
    18
420
        0
370
    70
100
AcDbVertex
100
AcDb2dVertex
 10
47.54641865504523
 20
22.51163474850163
 30
0.0
  0
VERTEX
  5
DC
330
5F
100
AcDbEntity
  8
0
  6
Continuous
 62
    18
420
        0
370
    70
100
AcDbVertex
100
AcDb2dVertex
 10
47.54641865504523
 20
28.55326464550762
 30
0.0
  0
VERTEX
  5
DD
330
5F
100
AcDbEntity
  8
0
  6
Continuous
 62
    18
420
        0
370
    70
100
AcDbVertex
100
AcDb2dVertex
 10
44.90367054180066
 20
28.55326464550762
 30
0.0
  0
VERTEX
  5
DE
330
5F
100
AcDbEntity
  8
0
  6
Continuous
 62
    18
420
        0
370
    70
100
AcDbVertex
100
AcDb2dVertex
 10
44.90367054180066
 20
22.51163474850163
 30
0.0
  0
VERTEX
  5
DF
330
5F
100
AcDbEntity
  8
0
  6
Continuous
 62
    18
420
        0
370
    70
100
AcDbVertex
100
AcDb2dVertex
 10
45.15706749319929
 20
22.51163474850163
 30
0.0
  0
VERTEX
  5
E0
330
5F
100
AcDbEntity
  8
0
  6
Continuous
 62
    18
420
        0
370
    70
100
AcDbVertex
100
AcDb2dVertex
 10
45.15706749319926
 20
22.41163474850162
 30
0.0
  0
VERTEX
  5
E1
330
5F
100
AcDbEntity
  8
0
  6
Continuous
 62
    18
420
        0
370
    70
100
AcDbVertex
100
AcDb2dVertex
 10
43.48168905895039
 20
22.41163474850163
 30
0.0
  0
VERTEX
  5
E2
330
5F
100
AcDbEntity
  8
0
  6
Continuous
 62
    18
420
        0
370
    70
100
AcDbVertex
100
AcDb2dVertex
 10
43.48168905895039
 20
22.51163474850163
 30
0.0
  0
VERTEX
  5
E3
330
5F
100
AcDbEntity
  8
0
  6
Continuous
 62
    18
420
        0
370
    70
100
AcDbVertex
100
AcDb2dVertex
 10
44.80367054180067
 20
22.51163474850163
 30
0.0
  0
VERTEX
  5
E4
330
5F
100
AcDbEntity
  8
0
  6
Continuous
 62
    18
420
        0
370
    70
100
AcDbVertex
100
AcDb2dVertex
 10
44.80367054180067
 20
28.55326464550762
 30
0.0
  0
VERTEX
  5
E5
330
5F
100
AcDbEntity
  8
0
  6
Continuous
 62
    18
420
        0
370
    70
100
AcDbVertex
100
AcDb2dVertex
 10
42.17792293339028
 20
28.55326464550762
 30
0.0
  0
VERTEX
  5
E6
330
5F
100
AcDbEntity
  8
0
  6
Continuous
 62
    18
420
        0
370
    70
100
AcDbVertex
100
AcDb2dVertex
 10
42.17792293339028
 20
22.51163474850163
 30
0.0
  0
VERTEX
  5
E7
330
5F
100
AcDbEntity
  8
0
  6
Continuous
 62
    18
420
        0
370
    70
100
AcDbVertex
100
AcDb2dVertex
 10
42.41468905895039
 20
22.51163474850163
 30
0.0
  0
VERTEX
  5
E8
330
5F
100
AcDbEntity
  8
0
  6
Continuous
 62
    18
420
        0
370
    70
100
AcDbVertex
100
AcDb2dVertex
 10
42.41468905895042
 20
22.41163474850162
 30
0.0
  0
VERTEX
  5
E9
330
5F
100
AcDbEntity
  8
0
  6
Continuous
 62
    18
420
        0
370
    70
100
AcDbVertex
100
AcDb2dVertex
 10
40.77911561201739
 20
22.41163474850162
 30
0.0
  0
VERTEX
  5
EA
330
5F
100
AcDbEntity
  8
0
  6
Continuous
 62
    18
420
        0
370
    70
100
AcDbVertex
100
AcDb2dVertex
 10
40.77911561201736
 20
22.51163474850163
 30
0.0
  0
VERTEX
  5
EB
330
5F
100
AcDbEntity
  8
0
  6
Continuous
 62
    18
420
        0
370
    70
100
AcDbVertex
100
AcDb2dVertex
 10
42.07792293339025
 20
22.51163474850163
 30
0.0
  0
VERTEX
  5
EC
330
5F
100
AcDbEntity
  8
0
  6
Continuous
 62
    18
420
        0
370
    70
100
AcDbVertex
100
AcDb2dVertex
 10
42.07792293339025
 20
28.55326464550762
 30
0.0
  0
VERTEX
  5
ED
330
5F
100
AcDbEntity
  8
0
  6
Continuous
 62
    18
420
        0
370
    70
100
AcDbVertex
100
AcDb2dVertex
 10
39.45217532497989
 20
28.55326464550762
 30
0.0
  0
VERTEX
  5
EE
330
5F
100
AcDbEntity
  8
0
  6
Continuous
 62
    18
420
        0
370
    70
100
AcDbVertex
100
AcDb2dVertex
 10
39.45217532497989
 20
22.51163474850163
 30
0.0
  0
VERTEX
  5
EF
330
5F
100
AcDbEntity
  8
0
  6
Continuous
 62
    18
420
        0
370
    70
100
AcDbVertex
100
AcDb2dVertex
 10
39.71211561201737
 20
22.51163474850163
 30
0.0
  0
VERTEX
  5
F0
330
5F
100
AcDbEntity
  8
0
  6
Continuous
 62
    18
420
        0
370
    70
100
AcDbVertex
100
AcDb2dVertex
 10
39.71211561201737
 20
22.41163474850162
 30
0.0
  0
VERTEX
  5
F1
330
5F
100
AcDbEntity
  8
0
  6
Continuous
 62
    18
420
        0
370
    70
100
AcDbVertex
100
AcDb2dVertex
 10
38.01886017224015
 20
22.41163474850162
 30
0.0
  0
VERTEX
  5
F2
330
5F
100
AcDbEntity
  8
0
  6
Continuous
 62
    18
420
        0
370
    70
100
AcDbVertex
100
AcDb2dVertex
 10
38.01886017224015
 20
22.51163474850163
 30
0.0
  0
VERTEX
  5
F3
330
5F
100
AcDbEntity
  8
0
  6
Continuous
 62
    18
420
        0
370
    70
100
AcDbVertex
100
AcDb2dVertex
 10
39.35217532497989
 20
22.51163474850163
 30
0.0
  0
VERTEX
  5
F4
330
5F
100
AcDbEntity
  8
0
  6
Continuous
 62
    18
420
        0
370
    70
100
AcDbVertex
100
AcDb2dVertex
 10
39.3521753249799
 20
28.55326464550762
 30
0.0
  0
VERTEX
  5
F5
330
5F
100
AcDbEntity
  8
0
  6
Continuous
 62
    18
420
        0
370
    70
100
AcDbVertex
100
AcDb2dVertex
 10
36.71509404668005
 20
28.55326464550762
 30
0.0
  0
VERTEX
  5
F6
330
5F
100
AcDbEntity
  8
0
  6
Continuous
 62
    18
420
        0
370
    70
100
AcDbVertex
100
AcDb2dVertex
 10
36.71509404668005
 20
22.51163474850163
 30
0.0
  0
VERTEX
  5
F7
330
5F
100
AcDbEntity
  8
0
  6
Continuous
 62
    18
420
        0
370
    70
100
AcDbVertex
100
AcDb2dVertex
 10
36.95186017224017
 20
22.51163474850163
 30
0.0
  0
VERTEX
  5
F8
330
5F
100
AcDbEntity
  8
0
  6
Continuous
 62
    18
420
        0
370
    70
100
AcDbVertex
100
AcDb2dVertex
 10
36.95186017224016
 20
22.41163474850162
 30
0.0
  0
VERTEX
  5
F9
330
5F
100
AcDbEntity
  8
0
  6
Continuous
 62
    18
420
        0
370
    70
100
AcDbVertex
100
AcDb2dVertex
 10
35.27995513909799
 20
22.41163474850162
 30
0.0
  0
VERTEX
  5
FA
330
5F
100
AcDbEntity
  8
0
  6
Continuous
 62
    18
420
        0
370
    70
100
AcDbVertex
100
AcDb2dVertex
 10
35.27995513909801
 20
22.51163474850163
 30
0.0
  0
VERTEX
  5
FB
330
5F
100
AcDbEntity
  8
0
  6
Continuous
 62
    18
420
        0
370
    70
100
AcDbVertex
100
AcDb2dVertex
 10
36.61509404668005
 20
22.51163474850163
 30
0.0
  0
VERTEX
  5
FC
330
5F
100
AcDbEntity
  8
0
  6
Continuous
 62
    18
420
        0
370
    70
100
AcDbVertex
100
AcDb2dVertex
 10
36.61509404668005
 20
28.55326464550762
 30
0.0
  0
VERTEX
  5
FD
330
5F
100
AcDbEntity
  8
0
  6
Continuous
 62
    18
420
        0
370
    70
100
AcDbVertex
100
AcDb2dVertex
 10
33.97801276838021
 20
28.55326464550762
 30
0.0
  0
VERTEX
  5
FE
330
5F
100
AcDbEntity
  8
0
  6
Continuous
 62
    18
420
        0
370
    70
100
AcDbVertex
100
AcDb2dVertex
 10
33.97801276838021
 20
22.51163474850163
 30
0.0
  0
VERTEX
  5
FF
330
5F
100
AcDbEntity
  8
0
  6
Continuous
 62
    18
420
        0
370
    70
100
AcDbVertex
100
AcDb2dVertex
 10
34.21295513909801
 20
22.51163474850163
 30
0.0
  0
VERTEX
  5
100
330
5F
100
AcDbEntity
  8
0
  6
Continuous
 62
    18
420
        0
370
    70
100
AcDbVertex
100
AcDb2dVertex
 10
34.21295513909801
 20
22.41163474850162
 30
0.0
  0
VERTEX
  5
101
330
5F
100
AcDbEntity
  8
0
  6
Continuous
 62
    18
420
        0
370
    70
100
AcDbVertex
100
AcDb2dVertex
 10
32.55036445058524
 20
22.41163474850162
 30
0.0
  0
VERTEX
  5
102
330
5F
100
AcDbEntity
  8
0
  6
Continuous
 62
    18
420
        0
370
    70
100
AcDbVertex
100
AcDb2dVertex
 10
32.55036445058523
 20
22.51163474850163
 30
0.0
  0
VERTEX
  5
103
330
5F
100
AcDbEntity
  8
0
  6
Continuous
 62
    18
420
        0
370
    70
100
AcDbVertex
100
AcDb2dVertex
 10
33.87801276838022
 20
22.51163474850163
 30
0.0
  0
VERTEX
  5
104
330
5F
100
AcDbEntity
  8
0
  6
Continuous
 62
    18
420
        0
370
    70
100
AcDbVertex
100
AcDb2dVertex
 10
33.87801276838022
 20
28.55326464550762
 30
0.0
  0
VERTEX
  5
105
330
5F
100
AcDbEntity
  8
0
  6
Continuous
 62
    18
420
        0
370
    70
100
AcDbVertex
100
AcDb2dVertex
 10
31.24659832502511
 20
28.55326464550762
 30
0.0
  0
VERTEX
  5
106
330
5F
100
AcDbEntity
  8
0
  6
Continuous
 62
    18
420
        0
370
    70
100
AcDbVertex
100
AcDb2dVertex
 10
31.24659832502511
 20
22.51163474850163
 30
0.0
  0
VERTEX
  5
107
330
5F
100
AcDbEntity
  8
0
  6
Continuous
 62
    18
420
        0
370
    70
100
AcDbVertex
100
AcDb2dVertex
 10
31.48336445058521
 20
22.51163474850163
 30
0.0
  0
VERTEX
  5
108
330
5F
100
AcDbEntity
  8
0
  6
Continuous
 62
    18
420
        0
370
    70
100
AcDbVertex
100
AcDb2dVertex
 10
31.48336445058523
 20
22.41163474850162
 30
0.0
  0
VERTEX
  5
109
330
5F
100
AcDbEntity
  8
0
  6
Continuous
 62
    18
420
        0
370
    70
100
AcDbVertex
100
AcDb2dVertex
 10
29.84102643477577
 20
22.41163474850162
 30
0.0
  0
VERTEX
  5
10A
330
5F
100
AcDbEntity
  8
0
  6
Continuous
 62
    18
420
        0
370
    70
100
AcDbVertex
100
AcDb2dVertex
 10
29.84102643477578
 20
22.51163474850163
 30
0.0
  0
VERTEX
  5
10B
330
5F
100
AcDbEntity
  8
0
  6
Continuous
 62
    18
420
        0
370
    70
100
AcDbVertex
100
AcDb2dVertex
 10
31.14659832502511
 20
22.51163474850163
 30
0.0
  0
VERTEX
  5
10C
330
5F
100
AcDbEntity
  8
0
  6
Continuous
 62
    18
420
        0
370
    70
100
AcDbVertex
100
AcDb2dVertex
 10
31.14659832502511
 20
28.55326464550762
 30
0.0
  0
VERTEX
  5
10D
330
5F
100
AcDbEntity
  8
0
  6
Continuous
 62
    18
420
        0
370
    70
100
AcDbVertex
100
AcDb2dVertex
 10
28.51518388167
 20
28.55326464550762
 30
0.0
  0
VERTEX
  5
10E
330
5F
100
AcDbEntity
  8
0
  6
Continuous
 62
    18
420
        0
370
    70
100
AcDbVertex
100
AcDb2dVertex
 10
28.51518388167
 20
22.51163474850163
 30
0.0
  0
VERTEX
  5
10F
330
5F
100
AcDbEntity
  8
0
  6
Continuous
 62
    18
420
        0
370
    70
100
AcDbVertex
100
AcDb2dVertex
 10
28.77402643477578
 20
22.51163474850163
 30
0.0
  0
VERTEX
  5
110
330
5F
100
AcDbEntity
  8
0
  6
Continuous
 62
    18
420
        0
370
    70
100
AcDbVertex
100
AcDb2dVertex
 10
28.77402643477578
 20
22.41163474850163
 30
0.0
  0
VERTEX
  5
111
330
5F
100
AcDbEntity
  8
0
  6
Continuous
 62
    18
420
        0
370
    70
100
AcDbVertex
100
AcDb2dVertex
 10
27.07017621594591
 20
22.41163474850163
 30
0.0
  0
VERTEX
  5
112
330
5F
100
AcDbEntity
  8
0
  6
Continuous
 62
    18
420
        0
370
    70
100
AcDbVertex
100
AcDb2dVertex
 10
27.07017621594591
 20
22.51163474850163
 30
0.0
  0
VERTEX
  5
113
330
5F
100
AcDbEntity
  8
0
  6
Continuous
 62
    18
420
        0
370
    70
100
AcDbVertex
100
AcDb2dVertex
 10
28.41518388167
 20
22.51163474850163
 30
0.0
  0
VERTEX
  5
114
330
5F
100
AcDbEntity
  8
0
  6
Continuous
 62
    18
420
        0
370
    70
100
AcDbVertex
100
AcDb2dVertex
 10
28.41518388167
 20
28.55326464550762
 30
0.0
  0
VERTEX
  5
115
330
5F
100
AcDbEntity
  8
0
  6
Continuous
 62
    18
420
        0
370
    70
100
AcDbVertex
100
AcDb2dVertex
 10
25.76641009038579
 20
28.55326464550762
 30
0.0
  0
VERTEX
  5
116
330
5F
100
AcDbEntity
  8
0
  6
Continuous
 62
    18
420
        0
370
    70
100
AcDbVertex
100
AcDb2dVertex
 10
25.76641009038579
 20
22.51163474850163
 30
0.0
  0
VERTEX
  5
117
330
5F
100
AcDbEntity
  8
0
  6
Continuous
 62
    18
420
        0
370
    70
100
AcDbVertex
100
AcDb2dVertex
 10
26.0031762159459
 20
22.51163474850163
 30
0.0
  0
VERTEX
  5
118
330
5F
100
AcDbEntity
  8
0
  6
Continuous
 62
    18
420
        0
370
    70
100
AcDbVertex
100
AcDb2dVertex
 10
26.0031762159459
 20
22.41163474850162
 30
0.0
  0
VERTEX
  5
119
330
5F
100
AcDbEntity
  8
0
  6
Continuous
 62
    18
420
        0
370
    70
100
AcDbVertex
100
AcDb2dVertex
 10
24.31175007755783
 20
22.41163474850162
 30
0.0
  0
VERTEX
  5
11A
330
5F
100
AcDbEntity
  8
0
  6
Continuous
 62
    18
420
        0
370
    70
100
AcDbVertex
100
AcDb2dVertex
 10
24.31175007755786
 20
22.51163474850163
 30
0.0
  0
VERTEX
  5
11B
330
5F
100
AcDbEntity
  8
0
  6
Continuous
 62
    18
420
        0
370
    70
100
AcDbVertex
100
AcDb2dVertex
 10
25.6664100903858
 20
22.51163474850163
 30
0.0
  0
VERTEX
  5
11C
330
5F
100
AcDbEntity
  8
0
  6
Continuous
 62
    18
420
        0
370
    70
100
AcDbVertex
100
AcDb2dVertex
 10
25.6664100903858
 20
28.55326464550762
 30
0.0
  0
VERTEX
  5
11D
330
5F
100
AcDbEntity
  8
0
  6
Continuous
 62
    18
420
        0
370
    70
100
AcDbVertex
100
AcDb2dVertex
 10
23.01763629910157
 20
28.55326464550762
 30
0.0
  0
VERTEX
  5
11E
330
5F
100
AcDbEntity
  8
0
  6
Continuous
 62
    18
420
        0
370
    70
100
AcDbVertex
100
AcDb2dVertex
 10
23.01763629910157
 20
22.51163474850163
 30
0.0
  0
VERTEX
  5
11F
330
5F
100
AcDbEntity
  8
0
  6
Continuous
 62
    18
420
        0
370
    70
100
AcDbVertex
100
AcDb2dVertex
 10
23.24475007755785
 20
22.51163474850163
 30
0.0
  0
VERTEX
  5
120
330
5F
100
AcDbEntity
  8
0
  6
Continuous
 62
    18
420
        0
370
    70
100
AcDbVertex
100
AcDb2dVertex
 10
23.24475007755785
 20
22.41163474850163
 30
0.0
  0
VERTEX
  5
121
330
5F
100
AcDbEntity
  8
0
  6
Continuous
 62
    18
420
        0
370
    70
100
AcDbVertex
100
AcDb2dVertex
 10
21.47965995018423
 20
22.41163474850162
 30
0.0
  0
VERTEX
  5
122
330
5F
100
AcDbEntity
  8
0
  6
Continuous
 62
    18
420
        0
370
    70
100
AcDbVertex
100
AcDb2dVertex
 10
21.47965995018423
 20
22.51163474850163
 30
0.0
  0
VERTEX
  5
123
330
5F
100
AcDbEntity
  8
0
  6
Continuous
 62
    18
420
        0
370
    70
100
AcDbVertex
100
AcDb2dVertex
 10
22.91763629910156
 20
22.51163474850163
 30
0.0
  0
VERTEX
  5
124
330
5F
100
AcDbEntity
  8
0
  6
Continuous
 62
    18
420
        0
370
    70
100
AcDbVertex
100
AcDb2dVertex
 10
22.91763629910156
 20
28.55326464550762
 30
0.0
  0
VERTEX
  5
125
330
5F
100
AcDbEntity
  8
0
  6
Continuous
 62
    18
420
        0
370
    70
100
AcDbVertex
100
AcDb2dVertex
 10
20.17589382462413
 20
28.55326464550762
 30
0.0
  0
VERTEX
  5
126
330
5F
100
AcDbEntity
  8
0
  6
Continuous
 62
    18
420
        0
370
    70
100
AcDbVertex
100
AcDb2dVertex
 10
20.17589382462413
 20
22.51163474850163
 30
0.0
  0
VERTEX
  5
127
330
5F
100
AcDbEntity
  8
0
  6
Continuous
 62
    18
420
        0
370
    70
100
AcDbVertex
100
AcDb2dVertex
 10
20.41265995018423
 20
22.51163474850163
 30
0.0
  0
VERTEX
  5
128
330
5F
100
AcDbEntity
  8
0
  6
Continuous
 62
    18
420
        0
370
    70
100
AcDbVertex
100
AcDb2dVertex
 10
20.41265995018422
 20
22.41163474850162
 30
0.0
  0
VERTEX
  5
129
330
5F
100
AcDbEntity
  8
0
  6
Continuous
 62
    18
420
        0
370
    70
100
AcDbVertex
100
AcDb2dVertex
 10
18.63791747570677
 20
22.41163474850162
 30
0.0
  0
VERTEX
  5
12A
330
5F
100
AcDbEntity
  8
0
  6
Continuous
 62
    18
420
        0
370
    70
100
AcDbVertex
100
AcDb2dVertex
 10
18.63791747570676
 20
22.51163474850163
 30
0.0
  0
VERTEX
  5
12B
330
5F
100
AcDbEntity
  8
0
  6
Continuous
 62
    18
420
        0
370
    70
100
AcDbVertex
100
AcDb2dVertex
 10
20.0758938246241
 20
22.51163474850163
 30
0.0
  0
VERTEX
  5
12C
330
5F
100
AcDbEntity
  8
0
  6
Continuous
 62
    18
420
        0
370
    70
100
AcDbVertex
100
AcDb2dVertex
 10
20.0758938246241
 20
28.55326464550762
 30
0.0
  0
VERTEX
  5
12D
330
5F
100
AcDbEntity
  8
0
  6
Continuous
 62
    18
420
        0
370
    70
100
AcDbVertex
100
AcDb2dVertex
 10
17.33415135014667
 20
28.55326464550762
 30
0.0
  0
VERTEX
  5
12E
330
5F
100
AcDbEntity
  8
0
  6
Continuous
 62
    18
420
        0
370
    70
100
AcDbVertex
100
AcDb2dVertex
 10
17.33415135014667
 20
22.51163474850163
 30
0.0
  0
VERTEX
  5
12F
330
5F
100
AcDbEntity
  8
0
  6
Continuous
 62
    18
420
        0
370
    70
100
AcDbVertex
100
AcDb2dVertex
 10
17.57091747570678
 20
22.51163474850163
 30
0.0
  0
VERTEX
  5
130
330
5F
100
AcDbEntity
  8
0
  6
Continuous
 62
    18
420
        0
370
    70
100
AcDbVertex
100
AcDb2dVertex
 10
17.57091747570677
 20
22.41163474850162
 30
0.0
  0
VERTEX
  5
131
330
5F
100
AcDbEntity
  8
0
  6
Continuous
 62
    18
420
        0
370
    70
100
AcDbVertex
100
AcDb2dVertex
 10
17.23415135014666
 20
22.41163474850162
 30
0.0
  0
VERTEX
  5
132
330
5F
100
AcDbEntity
  8
0
  6
Continuous
 62
    18
420
        0
370
    70
100
AcDbVertex
100
AcDb2dVertex
 10
17.23415135014666
 20
28.55326464550762
 30
0.0
  0
VERTEX
  5
133
330
5F
100
AcDbEntity
  8
0
  6
Continuous
 62
    18
420
        0
370
    70
100
AcDbVertex
100
AcDb2dVertex
 10
14.71305030680819
 20
28.55326464550762
 30
0.0
  0
VERTEX
  5
134
330
5F
100
AcDbEntity
  8
0
  6
Continuous
 62
    18
420
        0
370
    70
100
AcDbVertex
100
AcDb2dVertex
 10
14.71305030680819
 20
26.97442155829446
 30
0.0
  0
VERTEX
  5
135
330
5F
100
AcDbEntity
  8
0
  6
Continuous
 62
    18
420
        0
370
    70
100
AcDbVertex
100
AcDb2dVertex
 10
14.61305030680819
 20
26.97442155831401
 30
0.0
  0
VERTEX
  5
136
330
5F
100
AcDbEntity
  8
0
  6
Continuous
 62
    18
420
        0
370
    70
100
AcDbVertex
100
AcDb2dVertex
 10
14.61305030680819
 20
28.55326464550762
 30
0.0
  0
VERTEX
  5
137
330
5F
100
AcDbEntity
  8
0
  6
Continuous
 62
    18
420
        0
370
    70
100
AcDbVertex
100
AcDb2dVertex
 10
8.924999999999997
 20
28.55326464550762
 30
0.0
  0
VERTEX
  5
138
330
5F
100
AcDbEntity
  8
0
  6
Continuous
 62
    18
420
        0
370
    70
100
AcDbVertex
100
AcDb2dVertex
 10
8.924752649086983
 20
25.58244969700463
 30
0.0
  0
VERTEX
  5
139
330
5F
100
AcDbEntity
  8
0
  6
Continuous
 62
    18
420
        0
370
    70
100
AcDbVertex
100
AcDb2dVertex
 10
14.61305030680819
 20
25.58244969700463
 30
0.0
  0
VERTEX
  5
13A
330
5F
100
AcDbEntity
  8
0
  6
Continuous
 62
    18
420
        0
370
    70
100
AcDbVertex
100
AcDb2dVertex
 10
14.61305030680819
 20
25.90742155831402
 30
0.0
  0
VERTEX
  5
13B
330
5F
100
AcDbEntity
  8
0
  6
Continuous
 62
    18
420
        0
370
    70
100
AcDbVertex
100
AcDb2dVertex
 10
14.71305030680819
 20
25.90742155829715
 30
0.0
  0
VERTEX
  5
13C
330
5F
100
AcDbEntity
  8
0
  6
Continuous
 62
    18
420
        0
370
    70
100
AcDbVertex
100
AcDb2dVertex
 10
14.71305030680819
 20
23.90360660981101
 30
0.0
  0
VERTEX
  5
13D
330
5F
100
AcDbEntity
  8
0
  6
Continuous
 62
    18
420
        0
370
    70
100
AcDbVertex
100
AcDb2dVertex
 10
14.61305030680819
 20
23.90360660981101
 30
0.0
  0
VERTEX
  5
13E
330
5F
100
AcDbEntity
  8
0
  6
Continuous
 62
    18
420
        0
370
    70
100
AcDbVertex
100
AcDb2dVertex
 10
14.61305030680819
 20
25.48244969700462
 30
0.0
  0
VERTEX
  5
13F
330
5F
100
AcDbEntity
  8
0
  6
Continuous
 62
    18
420
        0
370
    70
100
AcDbVertex
100
AcDb2dVertex
 10
8.924750602032503
 20
25.48244969717224
 30
0.0
  0
VERTEX
  5
140
330
5F
100
AcDbEntity
  8
0
  6
Continuous
 62
    18
420
        0
370
    70
100
AcDbVertex
100
AcDb2dVertex
 10
8.924505298173969
 20
22.51163474850163
 30
0.0
  0
VERTEX
  5
141
330
5F
100
AcDbEntity
  8
0
  6
Continuous
 62
    18
420
        0
370
    70
100
AcDbVertex
100
AcDb2dVertex
 10
14.61305030680819
 20
22.51163474850163
 30
0.0
  0
VERTEX
  5
142
330
5F
100
AcDbEntity
  8
0
  6
Continuous
 62
    18
420
        0
370
    70
100
AcDbVertex
100
AcDb2dVertex
 10
14.61305030680819
 20
22.83660660981102
 30
0.0
  0
VERTEX
  5
143
330
5F
100
AcDbEntity
  8
0
  6
Continuous
 62
    18
420
        0
370
    70
100
AcDbVertex
100
AcDb2dVertex
 10
14.71305030680819
 20
22.83660660981102
 30
0.0
  0
VERTEX
  5
144
330
5F
100
AcDbEntity
  8
0
  6
Continuous
 62
    18
420
        0
370
    70
100
AcDbVertex
100
AcDb2dVertex
 10
14.71305030680819
 20
21.15683769135769
 30
0.0
  0
VERTEX
  5
145
330
5F
100
AcDbEntity
  8
0
  6
Continuous
 62
    18
420
        0
370
    70
100
AcDbVertex
100
AcDb2dVertex
 10
14.61305030680819
 20
21.15683769135767
 30
0.0
  0
VERTEX
  5
146
330
5F
100
AcDbEntity
  8
0
  6
Continuous
 62
    18
420
        0
370
    70
100
AcDbVertex
100
AcDb2dVertex
 10
14.61305030680819
 20
22.41163474850163
 30
0.0
  0
VERTEX
  5
147
330
5F
100
AcDbEntity
  8
0
  6
Continuous
 62
    18
420
        0
370
    70
100
AcDbVertex
100
AcDb2dVertex
 10
8.924752649086983
 20
22.41163474850163
 30
0.0
  0
VERTEX
  5
148
330
5F
100
AcDbEntity
  8
0
  6
Continuous
 62
    18
420
        0
370
    70
100
AcDbVertex
100
AcDb2dVertex
 10
8.924404062203791
 20
19.76486583004829
 30
0.0
  0
VERTEX
  5
149
330
5F
100
AcDbEntity
  8
0
  6
Continuous
 62
    18
420
        0
370
    70
100
AcDbVertex
100
AcDb2dVertex
 10
14.61305030680819
 20
19.76486583004829
 30
0.0
  0
VERTEX
  5
14A
330
5F
100
AcDbEntity
  8
0
  6
Continuous
 62
    18
420
        0
370
    70
100
AcDbVertex
100
AcDb2dVertex
 10
14.61305030680819
 20
20.08983769135768
 30
0.0
  0
VERTEX
  5
14B
330
5F
100
AcDbEntity
  8
0
  6
Continuous
 62
    18
420
        0
370
    70
100
AcDbVertex
100
AcDb2dVertex
 10
14.71305030680819
 20
20.08983769135768
 30
0.0
  0
VERTEX
  5
14C
330
5F
100
AcDbEntity
  8
0
  6
Continuous
 62
    18
420
        0
370
    70
100
AcDbVertex
100
AcDb2dVertex
 10
14.71305030680819
 20
18.41811038332146
 30
0.0
  0
VERTEX
  5
14D
330
5F
100
AcDbEntity
  8
0
  6
Continuous
 62
    18
420
        0
370
    70
100
AcDbVertex
100
AcDb2dVertex
 10
14.61305030680819
 20
18.41811038332146
 30
0.0
  0
VERTEX
  5
14E
330
5F
100
AcDbEntity
  8
0
  6
Continuous
 62
    18
420
        0
370
    70
100
AcDbVertex
100
AcDb2dVertex
 10
14.61305030680819
 20
19.66486583004828
 30
0.0
  0
VERTEX
  5
14F
330
5F
100
AcDbEntity
  8
0
  6
Continuous
 62
    18
420
        0
370
    70
100
AcDbVertex
100
AcDb2dVertex
 10
8.924400830680355
 20
19.66486583046599
 30
0.0
  0
VERTEX
  5
150
330
5F
100
AcDbEntity
  8
0
  6
Continuous
 62
    18
420
        0
370
    70
100
AcDbVertex
100
AcDb2dVertex
 10
8.9240554753206
 20
17.01809691159493
 30
0.0
  0
VERTEX
  5
151
330
5F
100
AcDbEntity
  8
0
  6
Continuous
 62
    18
420
        0
370
    70
100
AcDbVertex
100
AcDb2dVertex
 10
14.61305030680819
 20
17.01809691159493
 30
0.0
  0
VERTEX
  5
152
330
5F
100
AcDbEntity
  8
0
  6
Continuous
 62
    18
420
        0
370
    70
100
AcDbVertex
100
AcDb2dVertex
 10
14.61305030680819
 20
17.35111038332145
 30
0.0
  0
VERTEX
  5
153
330
5F
100
AcDbEntity
  8
0
  6
Continuous
 62
    18
420
        0
370
    70
100
AcDbVertex
100
AcDb2dVertex
 10
14.71305030680819
 20
17.35111038332145
 30
0.0
  0
VERTEX
  5
154
330
5F
100
AcDbEntity
  8
0
  6
Continuous
 62
    18
420
        0
370
    70
100
AcDbVertex
100
AcDb2dVertex
 10
14.71305030680819
 20
15.68352780760169
 30
0.0
  0
VERTEX
  5
155
330
5F
100
AcDbEntity
  8
0
  6
Continuous
 62
    18
420
        0
370
    70
100
AcDbVertex
100
AcDb2dVertex
 10
14.61305030680819
 20
15.68352780760167
 30
0.0
  0
VERTEX
  5
156
330
5F
100
AcDbEntity
  8
0
  6
Continuous
 62
    18
420
        0
370
    70
100
AcDbVertex
100
AcDb2dVertex
 10
14.61305030680819
 20
16.91809691159494
 30
0.0
  0
VERTEX
  5
157
330
5F
100
AcDbEntity
  8
0
  6
Continuous
 62
    18
420
        0
370
    70
100
AcDbVertex
100
AcDb2dVertex
 10
8.924527737660298
 20
16.91809691159494
 30
0.0
  0
VERTEX
  5
158
330
5F
100
AcDbEntity
  8
0
  6
Continuous
 62
    18
420
        0
370
    70
100
AcDbVertex
100
AcDb2dVertex
 10
8.924068351372654
 20
14.29155594629228
 30
0.0
  0
VERTEX
  5
159
330
5F
100
AcDbEntity
  8
0
  6
Continuous
 62
    18
420
        0
370
    70
100
AcDbVertex
100
AcDb2dVertex
 10
14.61305030680819
 20
14.29155594629228
 30
0.0
  0
VERTEX
  5
15A
330
5F
100
AcDbEntity
  8
0
  6
Continuous
 62
    18
420
        0
370
    70
100
AcDbVertex
100
AcDb2dVertex
 10
14.61305030680819
 20
14.61652780760168
 30
0.0
  0
VERTEX
  5
15B
330
5F
100
AcDbEntity
  8
0
  6
Continuous
 62
    18
420
        0
370
    70
100
AcDbVertex
100
AcDb2dVertex
 10
14.71305030680819
 20
14.61652780760168
 30
0.0
  0
VERTEX
  5
15C
330
5F
100
AcDbEntity
  8
0
  6
Continuous
 62
    18
420
        0
370
    70
100
AcDbVertex
100
AcDb2dVertex
 10
14.71305030680819
 20
12.821176375996
 30
0.0
  0
VERTEX
  5
15D
330
5F
100
AcDbEntity
  8
0
  6
Continuous
 62
    18
420
        0
370
    70
100
AcDbVertex
100
AcDb2dVertex
 10
14.61305030680819
 20
12.82117637599598
 30
0.0
  0
VERTEX
  5
15E
330
5F
100
AcDbEntity
  8
0
  6
Continuous
 62
    18
420
        0
370
    70
100
AcDbVertex
100
AcDb2dVertex
 10
14.61305030680819
 20
14.19155594629228
 30
0.0
  0
VERTEX
  5
15F
330
5F
100
AcDbEntity
  8
0
  6
Continuous
 62
    18
420
        0
370
    70
100
AcDbVertex
100
AcDb2dVertex
 10
8.924064060514809
 20
14.19155594702874
 30
0.0
  0
VERTEX
  5
160
330
5F
100
AcDbEntity
  8
0
  6
Continuous
 62
    18
420
        0
370
    70
100
AcDbVertex
100
AcDb2dVertex
 10
8.923608965085037
 20
11.56501498098962
 30
0.0
  0
VERTEX
  5
161
330
5F
100
AcDbEntity
  8
0
  6
Continuous
 62
    18
420
        0
370
    70
100
AcDbVertex
100
AcDb2dVertex
 10
14.61305030680819
 20
11.56501498098962
 30
0.0
  0
VERTEX
  5
162
330
5F
100
AcDbEntity
  8
0
  6
Continuous
 62
    18
420
        0
370
    70
100
AcDbVertex
100
AcDb2dVertex
 10
14.61305030680819
 20
11.75417637599599
 30
0.0
  0
VERTEX
  5
163
330
5F
100
AcDbEntity
  8
0
  6
Continuous
 62
    18
420
        0
370
    70
100
AcDbVertex
100
AcDb2dVertex
 10
14.71305030680819
 20
11.75417637599599
 30
0.0
  0
VERTEX
  5
164
330
5F
100
AcDbEntity
  8
0
  6
Continuous
 62
    18
420
        0
370
    70
100
AcDbVertex
100
AcDb2dVertex
 10
14.71305030680819
 20
11.46501498098963
 30
0.0
  0
VERTEX
  5
165
330
5F
100
AcDbEntity
  8
0
  6
Continuous
 62
    18
420
        0
370
    70
100
AcDbVertex
100
AcDb2dVertex
 10
8.92430448254251
 20
11.46501498098963
 30
0.0
  0
SEQEND
  5
166
330
5F
100
AcDbEntity
  8
0
  6
Continuous
 62
    18
420
        0
370
    70
  0
ENDSEC
  0
SECTION
  2
OBJECTS
  0
DICTIONARY
  5
C
330
0
100
AcDbDictionary
281
     1
  3
ACAD_DETAILVIEWSTYLE
350
19E
  3
ACAD_GROUP
350
D
  3
ACAD_LAYOUT
350
1A
  3
ACAD_MATERIAL
350
43
  3
ACAD_MLEADERSTYLE
350
5B
  3
ACAD_MLINESTYLE
350
17
  3
ACAD_PLOTSETTINGS
350
19
  3
ACAD_PLOTSTYLENAME
350
E
  3
ACAD_SCALELIST
350
47
  3
ACAD_SECTIONVIEWSTYLE
350
19F
  3
ACAD_TABLESTYLE
350
59
  3
ACAD_VISUALSTYLE
350
2A
  3
ACDB_RECOMPOSE_DATA
350
19B
  3
AcDbVariableDictionary
350
167
  0
SUN
  5
5D
330
29
100
AcDbSun
 90
        1
290
     0
 63
     7
421
 16777215
 40
1.0
291
     1
 91
  2455826
 92
 54000000
292
     0
 70
     2
 71
   256
280
     1
  0
DICTIONARY
  5
19E
102
{ACAD_REACTORS
330
C
102
}
330
C
100
AcDbDictionary
281
     1
  0
DICTIONARY
  5
D
102
{ACAD_REACTORS
330
C
102
}
330
C
100
AcDbDictionary
281
     1
  0
DICTIONARY
  5
1A
102
{ACAD_REACTORS
330
C
102
}
330
C
100
AcDbDictionary
281
     1
  3
Layout1
350
1E
  3
Layout2
350
26
  3
Model
350
22
  0
DICTIONARY
  5
43
102
{ACAD_REACTORS
330
C
102
}
330
C
100
AcDbDictionary
281
     1
  3
ByBlock
350
45
  3
ByLayer
350
44
  3
Global
350
46
  0
DICTIONARY
  5
5B
102
{ACAD_REACTORS
330
C
102
}
330
C
100
AcDbDictionary
281
     1
  3
Standard
350
5C
  0
DICTIONARY
  5
17
102
{ACAD_REACTORS
330
C
102
}
330
C
100
AcDbDictionary
281
     1
  3
Standard
350
18
  0
DICTIONARY
  5
19
102
{ACAD_REACTORS
330
C
102
}
330
C
100
AcDbDictionary
281
     1
  0
ACDBDICTIONARYWDFLT
  5
E
102
{ACAD_REACTORS
330
C
102
}
330
C
100
AcDbDictionary
281
     1
  3
Normal
350
F
100
AcDbDictionaryWithDefault
340
F
  0
DICTIONARY
  5
47
102
{ACAD_REACTORS
330
C
102
}
330
C
100
AcDbDictionary
281
     1
  3
A0
350
48
  3
A1
350
49
  3
A2
350
4A
  3
A3
350
4B
  3
A4
350
4C
  3
A5
350
4D
  3
A6
350
4E
  3
A7
350
4F
  3
A8
350
50
  3
A9
350
51
  3
B1
350
52
  3
B2
350
53
  3
B3
350
54
  3
B4
350
55
  3
B5
350
56
  3
B6
350
57
  3
B7
350
58
  0
DICTIONARY
  5
19F
102
{ACAD_REACTORS
330
C
102
}
330
C
100
AcDbDictionary
281
     1
  0
DICTIONARY
  5
59
102
{ACAD_REACTORS
330
C
102
}
330
C
100
AcDbDictionary
281
     1
  3
Standard
350
5A
  0
DICTIONARY
  5
2A
102
{ACAD_REACTORS
330
C
102
}
330
C
100
AcDbDictionary
281
     1
  3
2dWireframe
350
2F
  3
Basic
350
32
  3
Brighten
350
36
  3
ColorChange
350
3A
  3
Conceptual
350
34
  3
Dim
350
35
  3
EdgeColorOff
350
3D
  3
Facepattern
350
39
  3
Flat
350
2B
  3
FlatWithEdges
350
2C
  3
Gouraud
350
2D
  3
GouraudWithEdges
350
2E
  3
Hidden
350
31
  3
JitterOff
350
3B
  3
Linepattern
350
38
  3
OverhangOff
350
3C
  3
Realistic
350
33
  3
Shaded
350
42
  3
Shaded with edges
350
41
  3
Shades of Gray
350
3E
  3
Sketchy
350
3F
  3
Thicken
350
37
  3
Wireframe
350
30
  3
X-Ray
350
40
  0
XRECORD
  5
19B
102
{ACAD_REACTORS
330
C
102
}
330
C
100
AcDbXrecord
280
     1
 90
        1
330
5A
  0
DICTIONARY
  5
167
102
{ACAD_REACTORS
330
C
102
}
330
C
100
AcDbDictionary
281
     1
  3
CANNOSCALE
350
168
  3
CMLEADERSTYLE
350
19D
  3
CTABLESTYLE
350
19C
  0
LAYOUT
  5
1E
102
{ACAD_REACTORS
330
1A
102
}
330
1A
100
AcDbPlotSettings
  1

  2
none_device
  4

  6

 40
0.0
 41
0.0
 42
0.0
 43
0.0
 44
0.0
 45
0.0
 46
0.0
 47
0.0
 48
0.0
 49
0.0
140
0.0
141
0.0
142
1.0
143
1.0
 70
   688
 72
     0
 73
     0
 74
     5
  7

 75
    16
 76
     0
 77
     2
 78
   300
147
1.0
148
0.0
149
0.0
100
AcDbLayout
  1
Layout1
 70
     1
 71
     1
 10
0.0
 20
0.0
 11
12.0
 21
9.0
 12
0.0
 22
0.0
 32
0.0
 14
1.000000000000000E+20
 24
1.000000000000000E+20
 34
1.000000000000000E+20
 15
-1.000000000000000E+20
 25
-1.000000000000000E+20
 35
-1.000000000000000E+20
146
0.0
 13
0.0
 23
0.0
 33
0.0
 16
1.0
 26
0.0
 36
0.0
 17
0.0
 27
1.0
 37
0.0
 76
     0
330
1B
  0
LAYOUT
  5
26
102
{ACAD_REACTORS
330
1A
102
}
330
1A
100
AcDbPlotSettings
  1

  2
none_device
  4

  6

 40
0.0
 41
0.0
 42
0.0
 43
0.0
 44
0.0
 45
0.0
 46
0.0
 47
0.0
 48
0.0
 49
0.0
140
0.0
141
0.0
142
1.0
143
1.0
 70
   688
 72
     0
 73
     0
 74
     5
  7

 75
    16
 76
     0
 77
     2
 78
   300
147
1.0
148
0.0
149
0.0
100
AcDbLayout
  1
Layout2
 70
     1
 71
     2
 10
0.0
 20
0.0
 11
0.0
 21
0.0
 12
0.0
 22
0.0
 32
0.0
 14
0.0
 24
0.0
 34
0.0
 15
0.0
 25
0.0
 35
0.0
146
0.0
 13
0.0
 23
0.0
 33
0.0
 16
1.0
 26
0.0
 36
0.0
 17
0.0
 27
1.0
 37
0.0
 76
     0
330
23
  0
LAYOUT
  5
22
102
{ACAD_REACTORS
330
1A
102
}
330
1A
100
AcDbPlotSettings
  1

  2
none_device
  4
Letter_(8.50_x_11.00_Inches)
  6

 40
6.35
 41
6.35
 42
6.35000508
 43
6.35000508
 44
215.9
 45
279.4
 46
0.0
 47
0.0
 48
0.0
 49
0.0
140
0.0
141
0.0
142
1.0
143
1.0
 70
  1712
 72
     0
 73
     0
 74
     0
  7

 75
     0
 76
     0
 77
     2
 78
   300
147
1.0
148
0.0
149
0.0
100
AcDbLayout
  1
Model
 70
     1
 71
     0
 10
0.0
 20
0.0
 11
12.0
 21
9.0
 12
0.0
 22
0.0
 32
0.0
 14
8.923131978424749
 24
0.0211666666666659
 34
0.0
 15
66.79329154125053
 25
28.55326464550762
 35
0.0
146
0.0
 13
0.0
 23
0.0
 33
0.0
 16
1.0
 26
0.0
 36
0.0
 17
0.0
 27
1.0
 37
0.0
 76
     0
330
1F
331
29
  0
MATERIAL
  5
45
102
{ACAD_REACTORS
330
43
102
}
330
43
100
AcDbMaterial
  1
ByBlock
 72
     1
 94
      127
  0
MATERIAL
  5
44
102
{ACAD_REACTORS
330
43
102
}
330
43
100
AcDbMaterial
  1
ByLayer
 72
     1
 94
      127
  0
MATERIAL
  5
46
102
{ACAD_REACTORS
330
43
102
}
330
43
100
AcDbMaterial
  1
Global
 72
     1
 94
      127
  0
MLEADERSTYLE
  5
5C
102
{ACAD_REACTORS
330
5B
102
}
330
5B
100
AcDbMLeaderStyle
179
     2
170
     2
171
     1
172
     0
 90
        2
 40
0.0
 41
0.0
173
     1
 91
-1056964608
340
14
 92
       -2
290
     1
 42
0.09
291
     1
 43
0.36
  3
Standard
341
0
 44
0.18
300

342
11
174
     1
178
     6
175
     1
176
     0
 93
-1056964608
 45
0.18
292
     0
297
     0
 46
0.18
343
0
 94
-1056964608
 47
1.0
 49
1.0
140
1.0
293
     1
141
0.0
294
     1
177
     0
142
1.0
295
     0
296
     0
143
0.125
271
     0
272
     9
273
     9
  0
MLINESTYLE
  5
18
102
{ACAD_REACTORS
330
17
102
}
330
17
100
AcDbMlineStyle
  2
Standard
 70
     0
  3

 62
   256
 51
90.0
 52
90.0
 71
     2
 49
0.5
 62
   256
  6
BYLAYER
 49
-0.5
 62
   256
  6
BYLAYER
  0
ACDBPLACEHOLDER
  5
F
102
{ACAD_REACTORS
330
E
102
}
330
E
  0
SCALE
  5
48
102
{ACAD_REACTORS
330
47
102
}
330
47
100
AcDbScale
 70
     0
300
1:1
140
1.0
141
1.0
290
     1
  0
SCALE
  5
49
102
{ACAD_REACTORS
330
47
102
}
330
47
100
AcDbScale
 70
     0
300
1/128" = 1'-0"
140
0.0078125
141
12.0
290
     0
  0
SCALE
  5
4A
102
{ACAD_REACTORS
330
47
102
}
330
47
100
AcDbScale
 70
     0
300
1/64" = 1'-0"
140
0.015625
141
12.0
290
     0
  0
SCALE
  5
4B
102
{ACAD_REACTORS
330
47
102
}
330
47
100
AcDbScale
 70
     0
300
1/32" = 1'-0"
140
0.03125
141
12.0
290
     0
  0
SCALE
  5
4C
102
{ACAD_REACTORS
330
47
102
}
330
47
100
AcDbScale
 70
     0
300
1/16" = 1'-0"
140
0.0625
141
12.0
290
     0
  0
SCALE
  5
4D
102
{ACAD_REACTORS
330
47
102
}
330
47
100
AcDbScale
 70
     0
300
3/32" = 1'-0"
140
0.09375
141
12.0
290
     0
  0
SCALE
  5
4E
102
{ACAD_REACTORS
330
47
102
}
330
47
100
AcDbScale
 70
     0
300
1/8" = 1'-0"
140
0.125
141
12.0
290
     0
  0
SCALE
  5
4F
102
{ACAD_REACTORS
330
47
102
}
330
47
100
AcDbScale
 70
     0
300
3/16" = 1'-0"
140
0.1875
141
12.0
290
     0
  0
SCALE
  5
50
102
{ACAD_REACTORS
330
47
102
}
330
47
100
AcDbScale
 70
     0
300
1/4" = 1'-0"
140
0.25
141
12.0
290
     0
  0
SCALE
  5
51
102
{ACAD_REACTORS
330
47
102
}
330
47
100
AcDbScale
 70
     0
300
3/8" = 1'-0"
140
0.375
141
12.0
290
     0
  0
SCALE
  5
52
102
{ACAD_REACTORS
330
47
102
}
330
47
100
AcDbScale
 70
     0
300
1/2" = 1'-0"
140
0.5
141
12.0
290
     0
  0
SCALE
  5
53
102
{ACAD_REACTORS
330
47
102
}
330
47
100
AcDbScale
 70
     0
300
3/4" = 1'-0"
140
0.75
141
12.0
290
     0
  0
SCALE
  5
54
102
{ACAD_REACTORS
330
47
102
}
330
47
100
AcDbScale
 70
     0
300
1" = 1'-0"
140
1.0
141
12.0
290
     0
  0
SCALE
  5
55
102
{ACAD_REACTORS
330
47
102
}
330
47
100
AcDbScale
 70
     0
300
1-1/2" = 1'-0"
140
1.5
141
12.0
290
     0
  0
SCALE
  5
56
102
{ACAD_REACTORS
330
47
102
}
330
47
100
AcDbScale
 70
     0
300
3" = 1'-0"
140
3.0
141
12.0
290
     0
  0
SCALE
  5
57
102
{ACAD_REACTORS
330
47
102
}
330
47
100
AcDbScale
 70
     0
300
6" = 1'-0"
140
6.0
141
12.0
290
     0
  0
SCALE
  5
58
102
{ACAD_REACTORS
330
47
102
}
330
47
100
AcDbScale
 70
     0
300
1'-0" = 1'-0"
140
12.0
141
12.0
290
     0
  0
TABLESTYLE
  5
5A
102
{ACAD_REACTORS
330
59
102
}
102
{ACAD_XDICTIONARY
360
199
102
}
330
59
100
AcDbTableStyle
  3
Standard
 70
     0
 71
     0
 40
0.06
 41
0.06
280
     0
281
     0
  7
Standard
140
0.18
170
     2
 62
     0
 63
   257
283
     0
 90
        4
 91
        0
  1

274
    -2
284
     1
 64
     0
275
    -2
285
     1
 65
     0
276
    -2
286
     1
 66
     0
277
    -2
287
     1
 67
     0
278
    -2
288
     1
 68
     0
279
    -2
289
     1
 69
     0
  7
Standard
140
0.25
170
     5
 62
     0
 63
   257
283
     0
 90
        4
 91
        0
  1

274
    -2
284
     1
 64
     0
275
    -2
285
     1
 65
     0
276
    -2
286
     1
 66
     0
277
    -2
287
     1
 67
     0
278
    -2
288
     1
 68
     0
279
    -2
289
     1
 69
     0
  7
Standard
140
0.18
170
     5
 62
     0
 63
   257
283
     0
 90
        4
 91
        0
  1

274
    -2
284
     1
 64
     0
275
    -2
285
     1
 65
     0
276
    -2
286
     1
 66
     0
277
    -2
287
     1
 67
     0
278
    -2
288
     1
 68
     0
279
    -2
289
     1
 69
     0
  0
VISUALSTYLE
  5
2F
102
{ACAD_REACTORS
330
2A
102
}
102
{ACAD_XDICTIONARY
360
171
102
}
330
2A
100
AcDbVisualStyle
  2
2dWireframe
 70
     4
177
     2
291
     0
 71
     0
176
     1
 72
     2
176
     1
 73
     0
176
     1
 90
        0
176
     1
 40
0.6
176
     1
 41
30.0
176
     1
 62
     5
 63
     7
421
 16777215
176
     1
 74
     1
176
     1
 91
        4
176
     1
 64
     7
176
     1
 65
   257
176
     1
 75
     1
176
     1
175
     1
176
     1
 42
1.0
176
     1
 92
        0
176
     1
 66
   257
176
     1
 43
1.0
176
     1
 76
     1
176
     1
 77
     6
176
     1
 78
     2
176
     1
 67
     7
176
     1
 79
     5
176
     1
170
     0
176
     1
171
     0
176
     1
290
     0
176
     1
 93
        1
176
     1
 44
0.0
176
     1
173
     0
176
     1
  0
VISUALSTYLE
  5
32
102
{ACAD_REACTORS
330
2A
102
}
102
{ACAD_XDICTIONARY
360
177
102
}
330
2A
100
AcDbVisualStyle
  2
Basic
 70
     7
177
     2
291
     1
 71
     1
176
     1
 72
     0
176
     1
 73
     1
176
     1
 90
        0
176
     1
 40
0.6
176
     1
 41
30.0
176
     1
 62
     5
 63
     7
421
 16777215
176
     1
 74
     0
176
     1
 91
        4
176
     1
 64
     7
176
     1
 65
   257
176
     1
 75
     1
176
     1
175
     1
176
     1
 42
1.0
176
     1
 92
        8
176
     1
 66
     7
176
     1
 43
1.0
176
     1
 76
     1
176
     1
 77
     6
176
     1
 78
     2
176
     1
 67
     7
176
     1
 79
     5
176
     1
170
     0
176
     1
171
     0
176
     1
290
     0
176
     1
 93
        1
176
     1
 44
0.0
176
     1
173
     0
176
     1
  0
VISUALSTYLE
  5
36
102
{ACAD_REACTORS
330
2A
102
}
102
{ACAD_XDICTIONARY
360
17F
102
}
330
2A
100
AcDbVisualStyle
  2
Brighten
 70
    12
177
     2
291
     1
 71
     2
176
     1
 72
     2
176
     1
 73
     0
176
     1
 90
        0
176
     1
 40
0.6
176
     1
 41
30.0
176
     1
 62
     5
 63
     7
421
 16777215
176
     1
 74
     1
176
     1
 91
        4
176
     1
 64
     7
176
     1
 65
   257
176
     1
 75
     1
176
     1
175
     1
176
     1
 42
1.0
176
     1
 92
        8
176
     1
 66
     7
176
     1
 43
1.0
176
     1
 76
     1
176
     1
 77
     6
176
     1
 78
     2
176
     1
 67
     7
176
     1
 79
     5
176
     1
170
     0
176
     1
171
     0
176
     1
290
     0
176
     1
 93
        1
176
     1
 44
50.0
176
     1
173
     0
176
     1
  0
VISUALSTYLE
  5
3A
102
{ACAD_REACTORS
330
2A
102
}
102
{ACAD_XDICTIONARY
360
187
102
}
330
2A
100
AcDbVisualStyle
  2
ColorChange
 70
    16
177
     2
291
     1
 71
     2
176
     1
 72
     2
176
     1
 73
     3
176
     1
 90
        0
176
     1
 40
0.6
176
     1
 41
30.0
176
     1
 62
     5
 63
     8
421
  8421504
176
     1
 74
     1
176
     1
 91
        4
176
     1
 64
     7
176
     1
 65
   257
176
     1
 75
     1
176
     1
175
     1
176
     1
 42
1.0
176
     1
 92
        8
176
     1
 66
     8
424
  8421504
176
     1
 43
1.0
176
     1
 76
     1
176
     1
 77
     6
176
     1
 78
     2
176
     1
 67
     7
176
     1
 79
     5
176
     1
170
     0
176
     1
171
     0
176
     1
290
     0
176
     1
 93
        1
176
     1
 44
0.0
176
     1
173
     0
176
     1
  0
VISUALSTYLE
  5
34
102
{ACAD_REACTORS
330
2A
102
}
102
{ACAD_XDICTIONARY
360
17B
102
}
330
2A
100
AcDbVisualStyle
  2
Conceptual
 70
     9
177
     2
291
     0
 71
     3
176
     1
 72
     2
176
     1
 73
     0
176
     1
 90
        0
176
     1
 40
0.6
176
     1
 41
30.0
176
     1
 62
     5
 63
     7
421
 16777215
176
     1
 74
     2
176
     1
 91
        2
176
     1
 64
     7
176
     1
 65
   257
176
     1
 75
     1
176
     1
175
     1
176
     1
 42
179.0
176
     1
 92
        8
176
     1
 66
     7
176
     1
 43
1.0
176
     1
 76
     1
176
     1
 77
     6
176
     1
 78
     2
176
     1
 67
     7
176
     1
 79
     3
176
     1
170
     0
176
     1
171
     0
176
     1
290
     0
176
     1
 93
        1
176
     1
 44
0.0
176
     1
173
     0
176
     1
  0
VISUALSTYLE
  5
35
102
{ACAD_REACTORS
330
2A
102
}
102
{ACAD_XDICTIONARY
360
17D
102
}
330
2A
100
AcDbVisualStyle
  2
Dim
 70
    11
177
     2
291
     1
 71
     2
176
     1
 72
     2
176
     1
 73
     0
176
     1
 90
        0
176
     1
 40
0.6
176
     1
 41
30.0
176
     1
 62
     5
 63
     7
421
 16777215
176
     1
 74
     1
176
     1
 91
        4
176
     1
 64
     7
176
     1
 65
   257
176
     1
 75
     1
176
     1
175
     1
176
     1
 42
1.0
176
     1
 92
        8
176
     1
 66
     7
176
     1
 43
1.0
176
     1
 76
     1
176
     1
 77
     6
176
     1
 78
     2
176
     1
 67
     7
176
     1
 79
     5
176
     1
170
     0
176
     1
171
     0
176
     1
290
     0
176
     1
 93
        1
176
     1
 44
-50.0
176
     1
173
     0
176
     1
  0
VISUALSTYLE
  5
3D
102
{ACAD_REACTORS
330
2A
102
}
102
{ACAD_XDICTIONARY
360
18D
102
}
330
2A
100
AcDbVisualStyle
  2
EdgeColorOff
 70
    22
177
     2
291
     1
 71
     2
176
     0
 72
     2
176
     0
 73
     0
176
     0
 90
        0
176
     0
 40
0.6
176
     0
 41
30.0
176
     0
 62
     5
 63
     7
421
 16777215
176
     0
 74
     1
176
     0
 91
        4
176
     0
 64
     7
176
     0
 65
   257
176
     0
 75
     1
176
     0
175
     1
176
     0
 42
1.0
176
     0
 92
        8
176
     2
 66
     7
176
     0
 43
1.0
176
     0
 76
     1
176
     0
 77
     6
176
     0
 78
     2
176
     0
 67
     7
176
     0
 79
     5
176
     0
170
     0
176
     0
171
     0
176
     0
290
     0
176
     0
 93
        1
176
     0
 44
0.0
176
     0
173
     0
176
     0
  0
VISUALSTYLE
  5
39
102
{ACAD_REACTORS
330
2A
102
}
102
{ACAD_XDICTIONARY
360
185
102
}
330
2A
100
AcDbVisualStyle
  2
Facepattern
 70
    15
177
     2
291
     1
 71
     2
176
     1
 72
     2
176
     1
 73
     0
176
     1
 90
        0
176
     1
 40
0.6
176
     1
 41
30.0
176
     1
 62
     5
 63
     7
421
 16777215
176
     1
 74
     1
176
     1
 91
        4
176
     1
 64
     7
176
     1
 65
   257
176
     1
 75
     1
176
     1
175
     1
176
     1
 42
1.0
176
     1
 92
        8
176
     1
 66
     7
176
     1
 43
1.0
176
     1
 76
     1
176
     1
 77
     6
176
     1
 78
     2
176
     1
 67
     7
176
     1
 79
     5
176
     1
170
     0
176
     1
171
     0
176
     1
290
     0
176
     1
 93
        1
176
     1
 44
0.0
176
     1
173
     0
176
     1
  0
VISUALSTYLE
  5
2B
102
{ACAD_REACTORS
330
2A
102
}
102
{ACAD_XDICTIONARY
360
169
102
}
330
2A
100
AcDbVisualStyle
  2
Flat
 70
     0
177
     2
291
     1
 71
     2
176
     1
 72
     1
176
     1
 73
     1
176
     1
 90
        2
176
     1
 40
0.6
176
     1
 41
30.0
176
     1
 62
     5
 63
     7
421
 16777215
176
     1
 74
     0
176
     1
 91
        0
176
     1
 64
     7
176
     1
 65
   257
176
     1
 75
     1
176
     1
175
     1
176
     1
 42
1.0
176
     1
 92
        8
176
     1
 66
     7
176
     1
 43
1.0
176
     1
 76
     1
176
     1
 77
     6
176
     1
 78
     2
176
     1
 67
     7
176
     1
 79
     5
176
     1
170
     0
176
     1
171
     0
176
     1
290
     0
176
     1
 93
       13
176
     1
 44
0.0
176
     1
173
     0
176
     1
  0
VISUALSTYLE
  5
2C
102
{ACAD_REACTORS
330
2A
102
}
102
{ACAD_XDICTIONARY
360
16B
102
}
330
2A
100
AcDbVisualStyle
  2
FlatWithEdges
 70
     1
177
     2
291
     1
 71
     2
176
     1
 72
     1
176
     1
 73
     1
176
     1
 90
        2
176
     1
 40
0.6
176
     1
 41
30.0
176
     1
 62
     5
 63
     7
421
 16777215
176
     1
 74
     1
176
     1
 91
        0
176
     1
 64
     7
176
     1
 65
   257
176
     1
 75
     1
176
     1
175
     1
176
     1
 42
1.0
176
     1
 92
        0
176
     1
 66
   257
176
     1
 43
1.0
176
     1
 76
     1
176
     1
 77
     6
176
     1
 78
     2
176
     1
 67
     7
176
     1
 79
     5
176
     1
170
     0
176
     1
171
     0
176
     1
290
     0
176
     1
 93
       13
176
     1
 44
0.0
176
     1
173
     0
176
     1
  0
VISUALSTYLE
  5
2D
102
{ACAD_REACTORS
330
2A
102
}
102
{ACAD_XDICTIONARY
360
16D
102
}
330
2A
100
AcDbVisualStyle
  2
Gouraud
 70
     2
177
     2
291
     1
 71
     2
176
     1
 72
     2
176
     1
 73
     1
176
     1
 90
        2
176
     1
 40
0.6
176
     1
 41
30.0
176
     1
 62
     5
 63
     7
421
 16777215
176
     1
 74
     0
176
     1
 91
        0
176
     1
 64
     7
176
     1
 65
   257
176
     1
 75
     1
176
     1
175
     1
176
     1
 42
1.0
176
     1
 92
        0
176
     1
 66
     7
176
     1
 43
1.0
176
     1
 76
     1
176
     1
 77
     6
176
     1
 78
     2
176
     1
 67
     7
176
     1
 79
     5
176
     1
170
     0
176
     1
171
     0
176
     1
290
     0
176
     1
 93
       13
176
     1
 44
0.0
176
     1
173
     0
176
     1
  0
VISUALSTYLE
  5
2E
102
{ACAD_REACTORS
330
2A
102
}
102
{ACAD_XDICTIONARY
360
16F
102
}
330
2A
100
AcDbVisualStyle
  2
GouraudWithEdges
 70
     3
177
     2
291
     1
 71
     2
176
     1
 72
     2
176
     1
 73
     1
176
     1
 90
        2
176
     1
 40
0.6
176
     1
 41
30.0
176
     1
 62
     5
 63
     7
421
 16777215
176
     1
 74
     1
176
     1
 91
        0
176
     1
 64
     7
176
     1
 65
   257
176
     1
 75
     1
176
     1
175
     1
176
     1
 42
1.0
176
     1
 92
        0
176
     1
 66
   257
176
     1
 43
1.0
176
     1
 76
     1
176
     1
 77
     6
176
     1
 78
     2
176
     1
 67
     7
176
     1
 79
     5
176
     1
170
     0
176
     1
171
     0
176
     1
290
     0
176
     1
 93
       13
176
     1
 44
0.0
176
     1
173
     0
176
     1
  0
VISUALSTYLE
  5
31
102
{ACAD_REACTORS
330
2A
102
}
102
{ACAD_XDICTIONARY
360
175
102
}
330
2A
100
AcDbVisualStyle
  2
Hidden
 70
     6
177
     2
291
     0
 71
     1
176
     1
 72
     2
176
     1
 73
     2
176
     1
 90
        0
176
     1
 40
0.6
176
     1
 41
30.0
176
     1
 62
     5
 63
     7
421
 16777215
176
     1
 74
     2
176
     1
 91
        2
176
     1
 64
     7
176
     1
 65
   257
176
     1
 75
     2
176
     1
175
     1
176
     1
 42
40.0
176
     1
 92
        0
176
     1
 66
   257
176
     1
 43
1.0
176
     1
 76
     1
176
     1
 77
     6
176
     1
 78
     2
176
     1
 67
     7
176
     1
 79
     3
176
     1
170
     0
176
     1
171
     0
176
     1
290
     0
176
     1
 93
        1
176
     1
 44
0.0
176
     1
173
     0
176
     1
  0
VISUALSTYLE
  5
3B
102
{ACAD_REACTORS
330
2A
102
}
102
{ACAD_XDICTIONARY
360
189
102
}
330
2A
100
AcDbVisualStyle
  2
JitterOff
 70
    20
177
     2
291
     1
 71
     2
176
     0
 72
     2
176
     0
 73
     0
176
     0
 90
        0
176
     0
 40
0.6
176
     0
 41
30.0
176
     0
 62
     5
 63
     7
421
 16777215
176
     0
 74
     1
176
     0
 91
        4
176
     0
 64
     7
176
     0
 65
   257
176
     0
 75
     1
176
     0
175
     1
176
     0
 42
1.0
176
     0
 92
       10
176
     2
 66
     7
176
     0
 43
1.0
176
     0
 76
     1
176
     0
 77
     6
176
     0
 78
     2
176
     0
 67
     7
176
     0
 79
     5
176
     0
170
     0
176
     0
171
     0
176
     0
290
     0
176
     0
 93
        1
176
     0
 44
0.0
176
     0
173
     0
176
     0
  0
VISUALSTYLE
  5
38
102
{ACAD_REACTORS
330
2A
102
}
102
{ACAD_XDICTIONARY
360
183
102
}
330
2A
100
AcDbVisualStyle
  2
Linepattern
 70
    14
177
     2
291
     1
 71
     2
176
     1
 72
     2
176
     1
 73
     0
176
     1
 90
        0
176
     1
 40
0.6
176
     1
 41
30.0
176
     1
 62
     5
 63
     7
421
 16777215
176
     1
 74
     1
176
     1
 91
        4
176
     1
 64
     7
176
     1
 65
   257
176
     1
 75
     7
176
     1
175
     7
176
     1
 42
1.0
176
     1
 92
        8
176
     1
 66
     7
176
     1
 43
1.0
176
     1
 76
     1
176
     1
 77
     6
176
     1
 78
     2
176
     1
 67
     7
176
     1
 79
     5
176
     1
170
     0
176
     1
171
     0
176
     1
290
     0
176
     1
 93
        1
176
     1
 44
0.0
176
     1
173
     0
176
     1
  0
VISUALSTYLE
  5
3C
102
{ACAD_REACTORS
330
2A
102
}
102
{ACAD_XDICTIONARY
360
18B
102
}
330
2A
100
AcDbVisualStyle
  2
OverhangOff
 70
    21
177
     2
291
     1
 71
     2
176
     0
 72
     2
176
     0
 73
     0
176
     0
 90
        0
176
     0
 40
0.6
176
     0
 41
30.0
176
     0
 62
     5
 63
     7
421
 16777215
176
     0
 74
     1
176
     0
 91
        4
176
     0
 64
     7
176
     0
 65
   257
176
     0
 75
     1
176
     0
175
     1
176
     0
 42
1.0
176
     0
 92
        9
176
     2
 66
     7
176
     0
 43
1.0
176
     0
 76
     1
176
     0
 77
     6
176
     0
 78
     2
176
     0
 67
     7
176
     0
 79
     5
176
     0
170
     0
176
     0
171
     0
176
     0
290
     0
176
     0
 93
        1
176
     0
 44
0.0
176
     0
173
     0
176
     0
  0
VISUALSTYLE
  5
33
102
{ACAD_REACTORS
330
2A
102
}
102
{ACAD_XDICTIONARY
360
179
102
}
330
2A
100
AcDbVisualStyle
  2
Realistic
 70
     8
177
     2
291
     0
 71
     2
176
     1
 72
     3
176
     1
 73
     0
176
     1
 90
        2
176
     1
 40
0.6
176
     1
 41
30.0
176
     1
 62
     5
 63
     7
421
 16777215
176
     1
 74
     0
176
     1
 91
        0
176
     1
 64
     7
176
     1
 65
   257
176
     1
 75
     1
176
     1
175
     1
176
     1
 42
1.0
176
     1
 92
        8
176
     1
 66
   257
176
     1
 43
1.0
176
     1
 76
     1
176
     1
 77
     6
176
     1
 78
     2
176
     1
 67
     7
176
     1
 79
     3
176
     1
170
     0
176
     1
171
     0
176
     1
290
     0
176
     1
 93
       13
176
     1
 44
0.0
176
     1
173
     0
176
     1
  0
VISUALSTYLE
  5
42
102
{ACAD_REACTORS
330
2A
102
}
102
{ACAD_XDICTIONARY
360
197
102
}
330
2A
100
AcDbVisualStyle
  2
Shaded
 70
    27
177
     2
291
     0
 71
     2
176
     1
 72
     2
176
     1
 73
     1
176
     1
 90
        2
176
     1
 40
0.6
176
     1
 41
30.0
176
     1
 62
     5
 63
     7
421
 16777215
176
     1
 74
     0
176
     1
 91
        4
176
     1
 64
     7
176
     1
 65
   257
176
     1
 75
     1
176
     1
175
     1
176
     1
 42
1.0
176
     1
 92
        8
176
     1
 66
   257
176
     1
 43
1.0
176
     1
 76
     1
176
     1
 77
     6
176
     1
 78
     2
176
     1
 67
     8
425
  7895160
176
     1
 79
     3
176
     1
170
     0
176
     1
171
     0
176
     1
290
     0
176
     1
 93
        5
176
     1
 44
0.0
176
     1
173
     0
176
     1
  0
VISUALSTYLE
  5
41
102
{ACAD_REACTORS
330
2A
102
}
102
{ACAD_XDICTIONARY
360
195
102
}
330
2A
100
AcDbVisualStyle
  2
Shaded with edges
 70
    26
177
     2
291
     0
 71
     2
176
     1
 72
     2
176
     1
 73
     1
176
     1
 90
        2
176
     1
 40
0.6
176
     1
 41
30.0
176
     1
 62
     5
 63
     7
421
 16777215
176
     1
 74
     1
176
     1
 91
       10
176
     1
 64
     7
176
     1
 65
   257
176
     1
 75
     2
176
     1
175
     1
176
     1
 42
1.0
176
     1
 92
        8
176
     1
 66
   257
176
     1
 43
1.0
176
     1
 76
     1
176
     1
 77
     6
176
     1
 78
     2
176
     1
 67
     7
176
     1
 79
     3
176
     1
170
     0
176
     1
171
     0
176
     1
290
     0
176
     1
 93
        5
176
     1
 44
0.0
176
     1
173
     0
176
     1
  0
VISUALSTYLE
  5
3E
102
{ACAD_REACTORS
330
2A
102
}
102
{ACAD_XDICTIONARY
360
18F
102
}
330
2A
100
AcDbVisualStyle
  2
Shades of Gray
 70
    23
177
     2
291
     0
 71
     2
176
     1
 72
     2
176
     1
 73
     3
176
     1
 90
        0
176
     1
 40
0.6
176
     1
 41
30.0
176
     1
 62
     5
 63
     7
421
 16777215
176
     1
 74
     2
176
     1
 91
        2
176
     1
 64
     7
176
     1
 65
     7
176
     1
 75
     1
176
     1
175
     1
176
     1
 42
40.0
176
     1
 92
        8
176
     1
 66
     7
176
     1
 43
1.0
176
     1
 76
     1
176
     1
 77
     6
176
     1
 78
     2
176
     1
 67
     7
176
     1
 79
     3
176
     1
170
     0
176
     1
171
     0
176
     1
290
     0
176
     1
 93
        1
176
     1
 44
0.0
176
     1
173
     0
176
     1
  0
VISUALSTYLE
  5
3F
102
{ACAD_REACTORS
330
2A
102
}
102
{ACAD_XDICTIONARY
360
191
102
}
330
2A
100
AcDbVisualStyle
  2
Sketchy
 70
    24
177
     2
291
     0
 71
     1
176
     1
 72
     2
176
     1
 73
     2
176
     1
 90
        0
176
     1
 40
0.6
176
     1
 41
30.0
176
     1
 62
     5
 63
     7
421
 16777215
176
     1
 74
     2
176
     1
 91
        2
176
     1
 64
     7
176
     1
 65
     7
176
     1
 75
     1
176
     1
175
     1
176
     1
 42
40.0
176
     1
 92
       11
176
     1
 66
     7
176
     1
 43
1.0
176
     1
 76
     1
176
     1
 77
     6
176
     1
 78
     2
176
     1
 67
     7
176
     1
 79
     6
176
     1
170
     0
176
     1
171
     0
176
     1
290
     0
176
     1
 93
        1
176
     1
 44
0.0
176
     1
173
     0
176
     1
  0
VISUALSTYLE
  5
37
102
{ACAD_REACTORS
330
2A
102
}
102
{ACAD_XDICTIONARY
360
181
102
}
330
2A
100
AcDbVisualStyle
  2
Thicken
 70
    13
177
     2
291
     1
 71
     2
176
     1
 72
     2
176
     1
 73
     0
176
     1
 90
        0
176
     1
 40
0.6
176
     1
 41
30.0
176
     1
 62
     5
 63
     7
421
 16777215
176
     1
 74
     1
176
     1
 91
        4
176
     1
 64
     7
176
     1
 65
   257
176
     1
 75
     1
176
     1
175
     1
176
     1
 42
1.0
176
     1
 92
       12
176
     1
 66
     7
176
     1
 43
1.0
176
     1
 76
     1
176
     1
 77
     6
176
     1
 78
     2
176
     1
 67
     7
176
     1
 79
     5
176
     1
170
     0
176
     1
171
     0
176
     1
290
     0
176
     1
 93
        1
176
     1
 44
0.0
176
     1
173
     0
176
     1
  0
VISUALSTYLE
  5
30
102
{ACAD_REACTORS
330
2A
102
}
102
{ACAD_XDICTIONARY
360
173
102
}
330
2A
100
AcDbVisualStyle
  2
Wireframe
 70
     5
177
     2
291
     0
 71
     0
176
     1
 72
     2
176
     1
 73
     0
176
     1
 90
        0
176
     1
 40
0.6
176
     1
 41
30.0
176
     1
 62
     5
 63
     7
421
 16777215
176
     1
 74
     1
176
     1
 91
        4
176
     1
 64
     7
176
     1
 65
   257
176
     1
 75
     1
176
     1
175
     1
176
     1
 42
1.0
176
     1
 92
        0
176
     1
 66
   257
176
     1
 43
1.0
176
     1
 76
     1
176
     1
 77
     6
176
     1
 78
     2
176
     1
 67
     7
176
     1
 79
     3
176
     1
170
     0
176
     1
171
     0
176
     1
290
     0
176
     1
 93
        1
176
     1
 44
0.0
176
     1
173
     0
176
     1
  0
VISUALSTYLE
  5
40
102
{ACAD_REACTORS
330
2A
102
}
102
{ACAD_XDICTIONARY
360
193
102
}
330
2A
100
AcDbVisualStyle
  2
X-Ray
 70
    25
177
     2
291
     0
 71
     2
176
     1
 72
     2
176
     1
 73
     1
176
     1
 90
        1
176
     1
 40
0.5
176
     1
 41
30.0
176
     1
 62
     5
 63
     7
421
 16777215
176
     1
 74
     1
176
     1
 91
        0
176
     1
 64
     7
176
     1
 65
   257
176
     1
 75
     1
176
     1
175
     1
176
     1
 42
1.0
176
     1
 92
        8
176
     1
 66
     7
176
     1
 43
1.0
176
     1
 76
     1
176
     1
 77
     6
176
     1
 78
     2
176
     1
 67
     7
176
     1
 79
     3
176
     1
170
     0
176
     1
171
     0
176
     1
290
     0
176
     1
 93
       13
176
     1
 44
0.0
176
     1
173
     0
176
     1
  0
DICTIONARYVAR
  5
168
102
{ACAD_REACTORS
330
167
102
}
330
167
100
DictionaryVariables
280
     0
  1
1:1
  0
DICTIONARYVAR
  5
19D
102
{ACAD_REACTORS
330
167
102
}
330
167
100
DictionaryVariables
280
     0
  1
Standard
  0
DICTIONARYVAR
  5
19C
102
{ACAD_REACTORS
330
167
102
}
330
167
100
DictionaryVariables
280
     0
  1
Standard
  0
DICTIONARY
  5
199
330
5A
100
AcDbDictionary
280
     1
281
     1
  3
ACAD_ROUNDTRIP_2008_TABLESTYLE_CELLSTYLEMAP
360
19A
  0
DICTIONARY
  5
171
330
2F
100
AcDbDictionary
280
     1
281
     1
  3
ACAD_XREC_ROUNDTRIP
360
172
  0
DICTIONARY
  5
177
330
32
100
AcDbDictionary
280
     1
281
     1
  3
ACAD_XREC_ROUNDTRIP
360
178
  0
DICTIONARY
  5
17F
330
36
100
AcDbDictionary
280
     1
281
     1
  3
ACAD_XREC_ROUNDTRIP
360
180
  0
DICTIONARY
  5
187
330
3A
100
AcDbDictionary
280
     1
281
     1
  3
ACAD_XREC_ROUNDTRIP
360
188
  0
DICTIONARY
  5
17B
330
34
100
AcDbDictionary
280
     1
281
     1
  3
ACAD_XREC_ROUNDTRIP
360
17C
  0
DICTIONARY
  5
17D
330
35
100
AcDbDictionary
280
     1
281
     1
  3
ACAD_XREC_ROUNDTRIP
360
17E
  0
DICTIONARY
  5
18D
330
3D
100
AcDbDictionary
280
     1
281
     1
  3
ACAD_XREC_ROUNDTRIP
360
18E
  0
DICTIONARY
  5
185
330
39
100
AcDbDictionary
280
     1
281
     1
  3
ACAD_XREC_ROUNDTRIP
360
186
  0
DICTIONARY
  5
169
330
2B
100
AcDbDictionary
280
     1
281
     1
  3
ACAD_XREC_ROUNDTRIP
360
16A
  0
DICTIONARY
  5
16B
330
2C
100
AcDbDictionary
280
     1
281
     1
  3
ACAD_XREC_ROUNDTRIP
360
16C
  0
DICTIONARY
  5
16D
330
2D
100
AcDbDictionary
280
     1
281
     1
  3
ACAD_XREC_ROUNDTRIP
360
16E
  0
DICTIONARY
  5
16F
330
2E
100
AcDbDictionary
280
     1
281
     1
  3
ACAD_XREC_ROUNDTRIP
360
170
  0
DICTIONARY
  5
175
330
31
100
AcDbDictionary
280
     1
281
     1
  3
ACAD_XREC_ROUNDTRIP
360
176
  0
DICTIONARY
  5
189
330
3B
100
AcDbDictionary
280
     1
281
     1
  3
ACAD_XREC_ROUNDTRIP
360
18A
  0
DICTIONARY
  5
183
330
38
100
AcDbDictionary
280
     1
281
     1
  3
ACAD_XREC_ROUNDTRIP
360
184
  0
DICTIONARY
  5
18B
330
3C
100
AcDbDictionary
280
     1
281
     1
  3
ACAD_XREC_ROUNDTRIP
360
18C
  0
DICTIONARY
  5
179
330
33
100
AcDbDictionary
280
     1
281
     1
  3
ACAD_XREC_ROUNDTRIP
360
17A
  0
DICTIONARY
  5
197
330
42
100
AcDbDictionary
280
     1
281
     1
  3
ACAD_XREC_ROUNDTRIP
360
198
  0
DICTIONARY
  5
195
330
41
100
AcDbDictionary
280
     1
281
     1
  3
ACAD_XREC_ROUNDTRIP
360
196
  0
DICTIONARY
  5
18F
330
3E
100
AcDbDictionary
280
     1
281
     1
  3
ACAD_XREC_ROUNDTRIP
360
190
  0
DICTIONARY
  5
191
330
3F
100
AcDbDictionary
280
     1
281
     1
  3
ACAD_XREC_ROUNDTRIP
360
192
  0
DICTIONARY
  5
181
330
37
100
AcDbDictionary
280
     1
281
     1
  3
ACAD_XREC_ROUNDTRIP
360
182
  0
DICTIONARY
  5
173
330
30
100
AcDbDictionary
280
     1
281
     1
  3
ACAD_XREC_ROUNDTRIP
360
174
  0
DICTIONARY
  5
193
330
40
100
AcDbDictionary
280
     1
281
     1
  3
ACAD_XREC_ROUNDTRIP
360
194
  0
CELLSTYLEMAP
  5
19A
102
{ACAD_REACTORS
330
199
102
}
330
199
100
AcDbCellStyleMap
 90
        3
300
CELLSTYLE
  1
TABLEFORMAT_BEGIN
 90
        5
170
     1
 91
        0
 92
    32768
 62
   257
 93
        1
300
CONTENTFORMAT
  1
CONTENTFORMAT_BEGIN
 90
        0
 91
        0
 92
        4
 93
        0
300

 40
0.0
140
1.0
 94
        5
 62
     0
340
11
144
0.25
309
CONTENTFORMAT_END
171
     1
301
MARGIN
  1
CELLMARGIN_BEGIN
 40
0.06
 40
0.06
 40
0.06
 40
0.06
 40
0.06
 40
0.06
309
CELLMARGIN_END
 94
        6
 95
        1
302
GRIDFORMAT
  1
GRIDFORMAT_BEGIN
 90
        0
 91
        1
 62
     0
 92
       -2
340
14
 93
        0
 40
0.045
309
GRIDFORMAT_END
 95
        2
302
GRIDFORMAT
  1
GRIDFORMAT_BEGIN
 90
        0
 91
        1
 62
     0
 92
       -2
340
14
 93
        0
 40
0.045
309
GRIDFORMAT_END
 95
        4
302
GRIDFORMAT
  1
GRIDFORMAT_BEGIN
 90
        0
 91
        1
 62
     0
 92
       -2
340
14
 93
        0
 40
0.045
309
GRIDFORMAT_END
 95
        8
302
GRIDFORMAT
  1
GRIDFORMAT_BEGIN
 90
        0
 91
        1
 62
     0
 92
       -2
340
14
 93
        0
 40
0.045
309
GRIDFORMAT_END
 95
       16
302
GRIDFORMAT
  1
GRIDFORMAT_BEGIN
 90
        0
 91
        1
 62
     0
 92
       -2
340
14
 93
        0
 40
0.045
309
GRIDFORMAT_END
 95
       32
302
GRIDFORMAT
  1
GRIDFORMAT_BEGIN
 90
        0
 91
        1
 62
     0
 92
       -2
340
14
 93
        0
 40
0.045
309
GRIDFORMAT_END
309
TABLEFORMAT_END
  1
CELLSTYLE_BEGIN
 90
        1
 91
        1
300
_TITLE
309
CELLSTYLE_END
300
CELLSTYLE
  1
TABLEFORMAT_BEGIN
 90
        5
170
     1
 91
        0
 92
        0
 62
   257
 93
        1
300
CONTENTFORMAT
  1
CONTENTFORMAT_BEGIN
 90
        0
 91
        0
 92
        4
 93
        0
300

 40
0.0
140
1.0
 94
        5
 62
     0
340
11
144
0.18
309
CONTENTFORMAT_END
171
     1
301
MARGIN
  1
CELLMARGIN_BEGIN
 40
0.06
 40
0.06
 40
0.06
 40
0.06
 40
0.06
 40
0.06
309
CELLMARGIN_END
 94
        6
 95
        1
302
GRIDFORMAT
  1
GRIDFORMAT_BEGIN
 90
        0
 91
        1
 62
     0
 92
       -2
340
14
 93
        0
 40
0.045
309
GRIDFORMAT_END
 95
        2
302
GRIDFORMAT
  1
GRIDFORMAT_BEGIN
 90
        0
 91
        1
 62
     0
 92
       -2
340
14
 93
        0
 40
0.045
309
GRIDFORMAT_END
 95
        4
302
GRIDFORMAT
  1
GRIDFORMAT_BEGIN
 90
        0
 91
        1
 62
     0
 92
       -2
340
14
 93
        0
 40
0.045
309
GRIDFORMAT_END
 95
        8
302
GRIDFORMAT
  1
GRIDFORMAT_BEGIN
 90
        0
 91
        1
 62
     0
 92
       -2
340
14
 93
        0
 40
0.045
309
GRIDFORMAT_END
 95
       16
302
GRIDFORMAT
  1
GRIDFORMAT_BEGIN
 90
        0
 91
        1
 62
     0
 92
       -2
340
14
 93
        0
 40
0.045
309
GRIDFORMAT_END
 95
       32
302
GRIDFORMAT
  1
GRIDFORMAT_BEGIN
 90
        0
 91
        1
 62
     0
 92
       -2
340
14
 93
        0
 40
0.045
309
GRIDFORMAT_END
309
TABLEFORMAT_END
  1
CELLSTYLE_BEGIN
 90
        2
 91
        1
300
_HEADER
309
CELLSTYLE_END
300
CELLSTYLE
  1
TABLEFORMAT_BEGIN
 90
        5
170
     1
 91
        0
 92
        0
 62
   257
 93
        1
300
CONTENTFORMAT
  1
CONTENTFORMAT_BEGIN
 90
        0
 91
        0
 92
        4
 93
        0
300

 40
0.0
140
1.0
 94
        2
 62
     0
340
11
144
0.18
309
CONTENTFORMAT_END
171
     1
301
MARGIN
  1
CELLMARGIN_BEGIN
 40
0.06
 40
0.06
 40
0.06
 40
0.06
 40
0.06
 40
0.06
309
CELLMARGIN_END
 94
        6
 95
        1
302
GRIDFORMAT
  1
GRIDFORMAT_BEGIN
 90
        0
 91
        1
 62
     0
 92
       -2
340
14
 93
        0
 40
0.045
309
GRIDFORMAT_END
 95
        2
302
GRIDFORMAT
  1
GRIDFORMAT_BEGIN
 90
        0
 91
        1
 62
     0
 92
       -2
340
14
 93
        0
 40
0.045
309
GRIDFORMAT_END
 95
        4
302
GRIDFORMAT
  1
GRIDFORMAT_BEGIN
 90
        0
 91
        1
 62
     0
 92
       -2
340
14
 93
        0
 40
0.045
309
GRIDFORMAT_END
 95
        8
302
GRIDFORMAT
  1
GRIDFORMAT_BEGIN
 90
        0
 91
        1
 62
     0
 92
       -2
340
14
 93
        0
 40
0.045
309
GRIDFORMAT_END
 95
       16
302
GRIDFORMAT
  1
GRIDFORMAT_BEGIN
 90
        0
 91
        1
 62
     0
 92
       -2
340
14
 93
        0
 40
0.045
309
GRIDFORMAT_END
 95
       32
302
GRIDFORMAT
  1
GRIDFORMAT_BEGIN
 90
        0
 91
        1
 62
     0
 92
       -2
340
14
 93
        0
 40
0.045
309
GRIDFORMAT_END
309
TABLEFORMAT_END
  1
CELLSTYLE_BEGIN
 90
        3
 91
        2
300
_DATA
309
CELLSTYLE_END
  0
XRECORD
  5
172
102
{ACAD_REACTORS
330
171
102
}
330
171
100
AcDbXrecord
280
     1
102
RTVSPost2010Prop28
280
     1
102
RTVSPost2010PropOp28
 70
     1
102
RTVSPost2010Prop29
280
     1
102
RTVSPost2010PropOp29
 70
     1
102
RTVSPost2010Prop30
280
     0
102
RTVSPost2010PropOp30
 70
     1
102
RTVSPost2010Prop31
280
     0
102
RTVSPost2010PropOp31
 70
     1
102
RTVSPost2010Prop32
280
     0
102
RTVSPost2010PropOp32
 70
     1
102
RTVSPost2010Prop33
280
     0
102
RTVSPost2010PropOp33
 70
     1
102
RTVSPost2010Prop34
280
     0
102
RTVSPost2010PropOp34
 70
     1
102
RTVSPost2010Prop35
280
     0
102
RTVSPost2010PropOp35
 70
     1
102
RTVSPost2010Prop36
280
     0
102
RTVSPost2010PropOp36
 70
     1
102
RTVSPost2010Prop37
 90
       50
102
RTVSPost2010PropOp37
 70
     1
102
RTVSPost2010Prop38
140
0.0
102
RTVSPost2010PropOp38
 70
     1
102
RTVSPost2010Prop39
140
1.0
102
RTVSPost2010PropOp39
 70
     1
102
RTVSPost2010Prop40
 90
        0
102
RTVSPost2010PropOp40
 70
     1
102
RTVSPost2010Prop41ColorIndex
 90
       18
102
RTVSPost2010Prop41ColorRGB
 90
        0
102
RTVSPost2010PropOp41
 70
     1
102
RTVSPost2010Prop42
 90
       50
102
RTVSPost2010PropOp42
 70
     1
102
RTVSPost2010Prop43
 90
        3
102
RTVSPost2010PropOp43
 70
     1
102
RTVSPost2010Prop44ColorIndex
 90
        5
102
RTVSPost2010Prop44ColorRGB
 90
      255
102
RTVSPost2010PropOp44
 70
     1
102
RTVSPost2010Prop45
280
     0
102
RTVSPost2010PropOp45
 70
     1
102
RTVSPost2010Prop46
 90
       50
102
RTVSPost2010PropOp46
 70
     1
102
RTVSPost2010Prop47
 90
       50
102
RTVSPost2010PropOp47
 70
     1
102
RTVSPost2010Prop48
 90
       50
102
RTVSPost2010PropOp48
 70
     1
102
RTVSPost2010Prop49
280
     0
102
RTVSPost2010PropOp49
 70
     1
102
RTVSPost2010Prop50
 90
       50
102
RTVSPost2010PropOp50
 70
     1
102
RTVSPost2010Prop51ColorIndex
 90
      256
102
RTVSPost2010Prop51ColorRGB
 90
-16777216
102
RTVSPost2010PropOp51
 70
     0
102
RTVSPost2010Prop52
140
1.0
102
RTVSPost2010PropOp52
 70
     0
102
RTVSPost2010Prop53
 90
        2
102
RTVSPost2010PropOp53
 70
     1
102
RTVSPost2010Prop54
  1
strokes_ogs.tif
102
RTVSPost2010PropOp54
 70
     1
102
RTVSPost2010Prop55
280
     0
102
RTVSPost2010PropOp55
 70
     1
102
RTVSPost2010Prop56
140
1.0
102
RTVSPost2010PropOp56
 70
     1
102
RTVSPost2010Prop57
140
1.0
102
RTVSPost2010PropOp57
 70
     1
  0
XRECORD
  5
178
102
{ACAD_REACTORS
330
177
102
}
330
177
100
AcDbXrecord
280
     1
102
RTVSPost2010Prop28
280
     0
102
RTVSPost2010PropOp28
 70
     1
102
RTVSPost2010Prop29
280
     1
102
RTVSPost2010PropOp29
 70
     1
102
RTVSPost2010Prop30
280
     1
102
RTVSPost2010PropOp30
 70
     1
102
RTVSPost2010Prop31
280
     0
102
RTVSPost2010PropOp31
 70
     1
102
RTVSPost2010Prop32
280
     0
102
RTVSPost2010PropOp32
 70
     1
102
RTVSPost2010Prop33
280
     0
102
RTVSPost2010PropOp33
 70
     1
102
RTVSPost2010Prop34
280
     0
102
RTVSPost2010PropOp34
 70
     1
102
RTVSPost2010Prop35
280
     0
102
RTVSPost2010PropOp35
 70
     1
102
RTVSPost2010Prop36
280
     0
102
RTVSPost2010PropOp36
 70
     1
102
RTVSPost2010Prop37
 90
       50
102
RTVSPost2010PropOp37
 70
     1
102
RTVSPost2010Prop38
140
0.0
102
RTVSPost2010PropOp38
 70
     1
102
RTVSPost2010Prop39
140
1.0
102
RTVSPost2010PropOp39
 70
     1
102
RTVSPost2010Prop40
 90
        0
102
RTVSPost2010PropOp40
 70
     1
102
RTVSPost2010Prop41ColorIndex
 90
       18
102
RTVSPost2010Prop41ColorRGB
 90
        0
102
RTVSPost2010PropOp41
 70
     1
102
RTVSPost2010Prop42
 90
       50
102
RTVSPost2010PropOp42
 70
     1
102
RTVSPost2010Prop43
 90
        3
102
RTVSPost2010PropOp43
 70
     1
102
RTVSPost2010Prop44ColorIndex
 90
        5
102
RTVSPost2010Prop44ColorRGB
 90
      255
102
RTVSPost2010PropOp44
 70
     1
102
RTVSPost2010Prop45
280
     0
102
RTVSPost2010PropOp45
 70
     1
102
RTVSPost2010Prop46
 90
       50
102
RTVSPost2010PropOp46
 70
     1
102
RTVSPost2010Prop47
 90
       50
102
RTVSPost2010PropOp47
 70
     1
102
RTVSPost2010Prop48
 90
       50
102
RTVSPost2010PropOp48
 70
     1
102
RTVSPost2010Prop49
280
     0
102
RTVSPost2010PropOp49
 70
     1
102
RTVSPost2010Prop50
 90
       50
102
RTVSPost2010PropOp50
 70
     1
102
RTVSPost2010Prop51ColorIndex
 90
      256
102
RTVSPost2010Prop51ColorRGB
 90
-16777216
102
RTVSPost2010PropOp51
 70
     0
102
RTVSPost2010Prop52
140
1.0
102
RTVSPost2010PropOp52
 70
     0
102
RTVSPost2010Prop53
 90
        2
102
RTVSPost2010PropOp53
 70
     1
102
RTVSPost2010Prop54
  1
strokes_ogs.tif
102
RTVSPost2010PropOp54
 70
     1
102
RTVSPost2010Prop55
280
     0
102
RTVSPost2010PropOp55
 70
     1
102
RTVSPost2010Prop56
140
1.0
102
RTVSPost2010PropOp56
 70
     1
102
RTVSPost2010Prop57
140
1.0
102
RTVSPost2010PropOp57
 70
     1
  0
XRECORD
  5
180
102
{ACAD_REACTORS
330
17F
102
}
330
17F
100
AcDbXrecord
280
     1
102
RTVSPost2010Prop28
280
     0
102
RTVSPost2010PropOp28
 70
     1
102
RTVSPost2010Prop29
280
     1
102
RTVSPost2010PropOp29
 70
     1
102
RTVSPost2010Prop30
280
     1
102
RTVSPost2010PropOp30
 70
     1
102
RTVSPost2010Prop31
280
     0
102
RTVSPost2010PropOp31
 70
     1
102
RTVSPost2010Prop32
280
     0
102
RTVSPost2010PropOp32
 70
     1
102
RTVSPost2010Prop33
280
     0
102
RTVSPost2010PropOp33
 70
     1
102
RTVSPost2010Prop34
280
     0
102
RTVSPost2010PropOp34
 70
     1
102
RTVSPost2010Prop35
280
     0
102
RTVSPost2010PropOp35
 70
     1
102
RTVSPost2010Prop36
280
     0
102
RTVSPost2010PropOp36
 70
     1
102
RTVSPost2010Prop37
 90
       50
102
RTVSPost2010PropOp37
 70
     1
102
RTVSPost2010Prop38
140
0.0
102
RTVSPost2010PropOp38
 70
     1
102
RTVSPost2010Prop39
140
1.0
102
RTVSPost2010PropOp39
 70
     1
102
RTVSPost2010Prop40
 90
        0
102
RTVSPost2010PropOp40
 70
     1
102
RTVSPost2010Prop41ColorIndex
 90
       18
102
RTVSPost2010Prop41ColorRGB
 90
        0
102
RTVSPost2010PropOp41
 70
     1
102
RTVSPost2010Prop42
 90
       50
102
RTVSPost2010PropOp42
 70
     1
102
RTVSPost2010Prop43
 90
        3
102
RTVSPost2010PropOp43
 70
     1
102
RTVSPost2010Prop44ColorIndex
 90
        5
102
RTVSPost2010Prop44ColorRGB
 90
      255
102
RTVSPost2010PropOp44
 70
     1
102
RTVSPost2010Prop45
280
     0
102
RTVSPost2010PropOp45
 70
     1
102
RTVSPost2010Prop46
 90
       50
102
RTVSPost2010PropOp46
 70
     1
102
RTVSPost2010Prop47
 90
       50
102
RTVSPost2010PropOp47
 70
     1
102
RTVSPost2010Prop48
 90
       50
102
RTVSPost2010PropOp48
 70
     1
102
RTVSPost2010Prop49
280
     0
102
RTVSPost2010PropOp49
 70
     1
102
RTVSPost2010Prop50
 90
       50
102
RTVSPost2010PropOp50
 70
     1
102
RTVSPost2010Prop51ColorIndex
 90
      256
102
RTVSPost2010Prop51ColorRGB
 90
-16777216
102
RTVSPost2010PropOp51
 70
     0
102
RTVSPost2010Prop52
140
1.0
102
RTVSPost2010PropOp52
 70
     0
102
RTVSPost2010Prop53
 90
        2
102
RTVSPost2010PropOp53
 70
     1
102
RTVSPost2010Prop54
  1
strokes_ogs.tif
102
RTVSPost2010PropOp54
 70
     1
102
RTVSPost2010Prop55
280
     0
102
RTVSPost2010PropOp55
 70
     1
102
RTVSPost2010Prop56
140
1.0
102
RTVSPost2010PropOp56
 70
     1
102
RTVSPost2010Prop57
140
1.0
102
RTVSPost2010PropOp57
 70
     1
  0
XRECORD
  5
188
102
{ACAD_REACTORS
330
187
102
}
330
187
100
AcDbXrecord
280
     1
102
RTVSPost2010Prop28
280
     0
102
RTVSPost2010PropOp28
 70
     1
102
RTVSPost2010Prop29
280
     1
102
RTVSPost2010PropOp29
 70
     1
102
RTVSPost2010Prop30
280
     1
102
RTVSPost2010PropOp30
 70
     1
102
RTVSPost2010Prop31
280
     0
102
RTVSPost2010PropOp31
 70
     1
102
RTVSPost2010Prop32
280
     0
102
RTVSPost2010PropOp32
 70
     1
102
RTVSPost2010Prop33
280
     0
102
RTVSPost2010PropOp33
 70
     1
102
RTVSPost2010Prop34
280
     0
102
RTVSPost2010PropOp34
 70
     1
102
RTVSPost2010Prop35
280
     0
102
RTVSPost2010PropOp35
 70
     1
102
RTVSPost2010Prop36
280
     0
102
RTVSPost2010PropOp36
 70
     1
102
RTVSPost2010Prop37
 90
       50
102
RTVSPost2010PropOp37
 70
     1
102
RTVSPost2010Prop38
140
0.0
102
RTVSPost2010PropOp38
 70
     1
102
RTVSPost2010Prop39
140
1.0
102
RTVSPost2010PropOp39
 70
     1
102
RTVSPost2010Prop40
 90
        0
102
RTVSPost2010PropOp40
 70
     1
102
RTVSPost2010Prop41ColorIndex
 90
       18
102
RTVSPost2010Prop41ColorRGB
 90
        0
102
RTVSPost2010PropOp41
 70
     1
102
RTVSPost2010Prop42
 90
       50
102
RTVSPost2010PropOp42
 70
     1
102
RTVSPost2010Prop43
 90
        3
102
RTVSPost2010PropOp43
 70
     1
102
RTVSPost2010Prop44ColorIndex
 90
        5
102
RTVSPost2010Prop44ColorRGB
 90
      255
102
RTVSPost2010PropOp44
 70
     1
102
RTVSPost2010Prop45
280
     0
102
RTVSPost2010PropOp45
 70
     1
102
RTVSPost2010Prop46
 90
       50
102
RTVSPost2010PropOp46
 70
     1
102
RTVSPost2010Prop47
 90
       50
102
RTVSPost2010PropOp47
 70
     1
102
RTVSPost2010Prop48
 90
       50
102
RTVSPost2010PropOp48
 70
     1
102
RTVSPost2010Prop49
280
     0
102
RTVSPost2010PropOp49
 70
     1
102
RTVSPost2010Prop50
 90
       50
102
RTVSPost2010PropOp50
 70
     1
102
RTVSPost2010Prop51ColorIndex
 90
      256
102
RTVSPost2010Prop51ColorRGB
 90
-16777216
102
RTVSPost2010PropOp51
 70
     0
102
RTVSPost2010Prop52
140
1.0
102
RTVSPost2010PropOp52
 70
     0
102
RTVSPost2010Prop53
 90
        2
102
RTVSPost2010PropOp53
 70
     1
102
RTVSPost2010Prop54
  1
strokes_ogs.tif
102
RTVSPost2010PropOp54
 70
     1
102
RTVSPost2010Prop55
280
     0
102
RTVSPost2010PropOp55
 70
     1
102
RTVSPost2010Prop56
140
1.0
102
RTVSPost2010PropOp56
 70
     1
102
RTVSPost2010Prop57
140
1.0
102
RTVSPost2010PropOp57
 70
     1
  0
XRECORD
  5
17C
102
{ACAD_REACTORS
330
17B
102
}
330
17B
100
AcDbXrecord
280
     1
102
RTVSPost2010Prop28
280
     0
102
RTVSPost2010PropOp28
 70
     1
102
RTVSPost2010Prop29
280
     1
102
RTVSPost2010PropOp29
 70
     1
102
RTVSPost2010Prop30
280
     1
102
RTVSPost2010PropOp30
 70
     1
102
RTVSPost2010Prop31
280
     0
102
RTVSPost2010PropOp31
 70
     1
102
RTVSPost2010Prop32
280
     0
102
RTVSPost2010PropOp32
 70
     1
102
RTVSPost2010Prop33
280
     0
102
RTVSPost2010PropOp33
 70
     1
102
RTVSPost2010Prop34
280
     0
102
RTVSPost2010PropOp34
 70
     1
102
RTVSPost2010Prop35
280
     0
102
RTVSPost2010PropOp35
 70
     1
102
RTVSPost2010Prop36
280
     0
102
RTVSPost2010PropOp36
 70
     1
102
RTVSPost2010Prop37
 90
       50
102
RTVSPost2010PropOp37
 70
     1
102
RTVSPost2010Prop38
140
0.0
102
RTVSPost2010PropOp38
 70
     1
102
RTVSPost2010Prop39
140
1.0
102
RTVSPost2010PropOp39
 70
     1
102
RTVSPost2010Prop40
 90
        0
102
RTVSPost2010PropOp40
 70
     1
102
RTVSPost2010Prop41ColorIndex
 90
       18
102
RTVSPost2010Prop41ColorRGB
 90
        0
102
RTVSPost2010PropOp41
 70
     1
102
RTVSPost2010Prop42
 90
       50
102
RTVSPost2010PropOp42
 70
     1
102
RTVSPost2010Prop43
 90
        3
102
RTVSPost2010PropOp43
 70
     1
102
RTVSPost2010Prop44ColorIndex
 90
        5
102
RTVSPost2010Prop44ColorRGB
 90
      255
102
RTVSPost2010PropOp44
 70
     1
102
RTVSPost2010Prop45
280
     0
102
RTVSPost2010PropOp45
 70
     1
102
RTVSPost2010Prop46
 90
       50
102
RTVSPost2010PropOp46
 70
     1
102
RTVSPost2010Prop47
 90
       50
102
RTVSPost2010PropOp47
 70
     1
102
RTVSPost2010Prop48
 90
       50
102
RTVSPost2010PropOp48
 70
     1
102
RTVSPost2010Prop49
280
     0
102
RTVSPost2010PropOp49
 70
     1
102
RTVSPost2010Prop50
 90
       50
102
RTVSPost2010PropOp50
 70
     1
102
RTVSPost2010Prop51ColorIndex
 90
      256
102
RTVSPost2010Prop51ColorRGB
 90
-16777216
102
RTVSPost2010PropOp51
 70
     0
102
RTVSPost2010Prop52
140
1.0
102
RTVSPost2010PropOp52
 70
     0
102
RTVSPost2010Prop53
 90
        2
102
RTVSPost2010PropOp53
 70
     1
102
RTVSPost2010Prop54
  1
strokes_ogs.tif
102
RTVSPost2010PropOp54
 70
     1
102
RTVSPost2010Prop55
280
     0
102
RTVSPost2010PropOp55
 70
     1
102
RTVSPost2010Prop56
140
1.0
102
RTVSPost2010PropOp56
 70
     1
102
RTVSPost2010Prop57
140
1.0
102
RTVSPost2010PropOp57
 70
     1
  0
XRECORD
  5
17E
102
{ACAD_REACTORS
330
17D
102
}
330
17D
100
AcDbXrecord
280
     1
102
RTVSPost2010Prop28
280
     0
102
RTVSPost2010PropOp28
 70
     1
102
RTVSPost2010Prop29
280
     1
102
RTVSPost2010PropOp29
 70
     1
102
RTVSPost2010Prop30
280
     1
102
RTVSPost2010PropOp30
 70
     1
102
RTVSPost2010Prop31
280
     0
102
RTVSPost2010PropOp31
 70
     1
102
RTVSPost2010Prop32
280
     0
102
RTVSPost2010PropOp32
 70
     1
102
RTVSPost2010Prop33
280
     0
102
RTVSPost2010PropOp33
 70
     1
102
RTVSPost2010Prop34
280
     0
102
RTVSPost2010PropOp34
 70
     1
102
RTVSPost2010Prop35
280
     0
102
RTVSPost2010PropOp35
 70
     1
102
RTVSPost2010Prop36
280
     0
102
RTVSPost2010PropOp36
 70
     1
102
RTVSPost2010Prop37
 90
       50
102
RTVSPost2010PropOp37
 70
     1
102
RTVSPost2010Prop38
140
0.0
102
RTVSPost2010PropOp38
 70
     1
102
RTVSPost2010Prop39
140
1.0
102
RTVSPost2010PropOp39
 70
     1
102
RTVSPost2010Prop40
 90
        0
102
RTVSPost2010PropOp40
 70
     1
102
RTVSPost2010Prop41ColorIndex
 90
       18
102
RTVSPost2010Prop41ColorRGB
 90
        0
102
RTVSPost2010PropOp41
 70
     1
102
RTVSPost2010Prop42
 90
       50
102
RTVSPost2010PropOp42
 70
     1
102
RTVSPost2010Prop43
 90
        3
102
RTVSPost2010PropOp43
 70
     1
102
RTVSPost2010Prop44ColorIndex
 90
        5
102
RTVSPost2010Prop44ColorRGB
 90
      255
102
RTVSPost2010PropOp44
 70
     1
102
RTVSPost2010Prop45
280
     0
102
RTVSPost2010PropOp45
 70
     1
102
RTVSPost2010Prop46
 90
       50
102
RTVSPost2010PropOp46
 70
     1
102
RTVSPost2010Prop47
 90
       50
102
RTVSPost2010PropOp47
 70
     1
102
RTVSPost2010Prop48
 90
       50
102
RTVSPost2010PropOp48
 70
     1
102
RTVSPost2010Prop49
280
     0
102
RTVSPost2010PropOp49
 70
     1
102
RTVSPost2010Prop50
 90
       50
102
RTVSPost2010PropOp50
 70
     1
102
RTVSPost2010Prop51ColorIndex
 90
      256
102
RTVSPost2010Prop51ColorRGB
 90
-16777216
102
RTVSPost2010PropOp51
 70
     0
102
RTVSPost2010Prop52
140
1.0
102
RTVSPost2010PropOp52
 70
     0
102
RTVSPost2010Prop53
 90
        2
102
RTVSPost2010PropOp53
 70
     1
102
RTVSPost2010Prop54
  1
strokes_ogs.tif
102
RTVSPost2010PropOp54
 70
     1
102
RTVSPost2010Prop55
280
     0
102
RTVSPost2010PropOp55
 70
     1
102
RTVSPost2010Prop56
140
1.0
102
RTVSPost2010PropOp56
 70
     1
102
RTVSPost2010Prop57
140
1.0
102
RTVSPost2010PropOp57
 70
     1
  0
XRECORD
  5
18E
102
{ACAD_REACTORS
330
18D
102
}
330
18D
100
AcDbXrecord
280
     1
102
RTVSPost2010Prop28
280
     0
102
RTVSPost2010PropOp28
 70
     0
102
RTVSPost2010Prop29
280
     1
102
RTVSPost2010PropOp29
 70
     0
102
RTVSPost2010Prop30
280
     1
102
RTVSPost2010PropOp30
 70
     0
102
RTVSPost2010Prop31
280
     0
102
RTVSPost2010PropOp31
 70
     0
102
RTVSPost2010Prop32
280
     0
102
RTVSPost2010PropOp32
 70
     0
102
RTVSPost2010Prop33
280
     0
102
RTVSPost2010PropOp33
 70
     0
102
RTVSPost2010Prop34
280
     0
102
RTVSPost2010PropOp34
 70
     0
102
RTVSPost2010Prop35
280
     0
102
RTVSPost2010PropOp35
 70
     0
102
RTVSPost2010Prop36
280
     0
102
RTVSPost2010PropOp36
 70
     0
102
RTVSPost2010Prop37
 90
       50
102
RTVSPost2010PropOp37
 70
     0
102
RTVSPost2010Prop38
140
0.0
102
RTVSPost2010PropOp38
 70
     0
102
RTVSPost2010Prop39
140
1.0
102
RTVSPost2010PropOp39
 70
     0
102
RTVSPost2010Prop40
 90
        0
102
RTVSPost2010PropOp40
 70
     0
102
RTVSPost2010Prop41ColorIndex
 90
       18
102
RTVSPost2010Prop41ColorRGB
 90
        0
102
RTVSPost2010PropOp41
 70
     0
102
RTVSPost2010Prop42
 90
       50
102
RTVSPost2010PropOp42
 70
     0
102
RTVSPost2010Prop43
 90
        3
102
RTVSPost2010PropOp43
 70
     0
102
RTVSPost2010Prop44ColorIndex
 90
        5
102
RTVSPost2010Prop44ColorRGB
 90
      255
102
RTVSPost2010PropOp44
 70
     0
102
RTVSPost2010Prop45
280
     0
102
RTVSPost2010PropOp45
 70
     0
102
RTVSPost2010Prop46
 90
       50
102
RTVSPost2010PropOp46
 70
     0
102
RTVSPost2010Prop47
 90
       50
102
RTVSPost2010PropOp47
 70
     0
102
RTVSPost2010Prop48
 90
       50
102
RTVSPost2010PropOp48
 70
     0
102
RTVSPost2010Prop49
280
     0
102
RTVSPost2010PropOp49
 70
     0
102
RTVSPost2010Prop50
 90
       50
102
RTVSPost2010PropOp50
 70
     0
102
RTVSPost2010Prop51ColorIndex
 90
      256
102
RTVSPost2010Prop51ColorRGB
 90
-16777216
102
RTVSPost2010PropOp51
 70
     0
102
RTVSPost2010Prop52
140
1.0
102
RTVSPost2010PropOp52
 70
     0
102
RTVSPost2010Prop53
 90
        2
102
RTVSPost2010PropOp53
 70
     0
102
RTVSPost2010Prop54
  1
strokes_ogs.tif
102
RTVSPost2010PropOp54
 70
     0
102
RTVSPost2010Prop55
280
     0
102
RTVSPost2010PropOp55
 70
     0
102
RTVSPost2010Prop56
140
1.0
102
RTVSPost2010PropOp56
 70
     0
102
RTVSPost2010Prop57
140
1.0
102
RTVSPost2010PropOp57
 70
     0
  0
XRECORD
  5
186
102
{ACAD_REACTORS
330
185
102
}
330
185
100
AcDbXrecord
280
     1
102
RTVSPost2010Prop28
280
     0
102
RTVSPost2010PropOp28
 70
     1
102
RTVSPost2010Prop29
280
     1
102
RTVSPost2010PropOp29
 70
     1
102
RTVSPost2010Prop30
280
     1
102
RTVSPost2010PropOp30
 70
     1
102
RTVSPost2010Prop31
280
     0
102
RTVSPost2010PropOp31
 70
     1
102
RTVSPost2010Prop32
280
     0
102
RTVSPost2010PropOp32
 70
     1
102
RTVSPost2010Prop33
280
     0
102
RTVSPost2010PropOp33
 70
     1
102
RTVSPost2010Prop34
280
     0
102
RTVSPost2010PropOp34
 70
     1
102
RTVSPost2010Prop35
280
     0
102
RTVSPost2010PropOp35
 70
     1
102
RTVSPost2010Prop36
280
     0
102
RTVSPost2010PropOp36
 70
     1
102
RTVSPost2010Prop37
 90
       50
102
RTVSPost2010PropOp37
 70
     1
102
RTVSPost2010Prop38
140
0.0
102
RTVSPost2010PropOp38
 70
     1
102
RTVSPost2010Prop39
140
1.0
102
RTVSPost2010PropOp39
 70
     1
102
RTVSPost2010Prop40
 90
        0
102
RTVSPost2010PropOp40
 70
     1
102
RTVSPost2010Prop41ColorIndex
 90
       18
102
RTVSPost2010Prop41ColorRGB
 90
        0
102
RTVSPost2010PropOp41
 70
     1
102
RTVSPost2010Prop42
 90
       50
102
RTVSPost2010PropOp42
 70
     1
102
RTVSPost2010Prop43
 90
        3
102
RTVSPost2010PropOp43
 70
     1
102
RTVSPost2010Prop44ColorIndex
 90
        5
102
RTVSPost2010Prop44ColorRGB
 90
      255
102
RTVSPost2010PropOp44
 70
     1
102
RTVSPost2010Prop45
280
     0
102
RTVSPost2010PropOp45
 70
     1
102
RTVSPost2010Prop46
 90
       50
102
RTVSPost2010PropOp46
 70
     1
102
RTVSPost2010Prop47
 90
       50
102
RTVSPost2010PropOp47
 70
     1
102
RTVSPost2010Prop48
 90
       50
102
RTVSPost2010PropOp48
 70
     1
102
RTVSPost2010Prop49
280
     0
102
RTVSPost2010PropOp49
 70
     1
102
RTVSPost2010Prop50
 90
       50
102
RTVSPost2010PropOp50
 70
     1
102
RTVSPost2010Prop51ColorIndex
 90
      256
102
RTVSPost2010Prop51ColorRGB
 90
-16777216
102
RTVSPost2010PropOp51
 70
     0
102
RTVSPost2010Prop52
140
1.0
102
RTVSPost2010PropOp52
 70
     0
102
RTVSPost2010Prop53
 90
        2
102
RTVSPost2010PropOp53
 70
     1
102
RTVSPost2010Prop54
  1
strokes_ogs.tif
102
RTVSPost2010PropOp54
 70
     1
102
RTVSPost2010Prop55
280
     0
102
RTVSPost2010PropOp55
 70
     1
102
RTVSPost2010Prop56
140
1.0
102
RTVSPost2010PropOp56
 70
     1
102
RTVSPost2010Prop57
140
1.0
102
RTVSPost2010PropOp57
 70
     1
  0
XRECORD
  5
16A
102
{ACAD_REACTORS
330
169
102
}
330
169
100
AcDbXrecord
280
     1
102
RTVSPost2010Prop28
280
     0
102
RTVSPost2010PropOp28
 70
     1
102
RTVSPost2010Prop29
280
     1
102
RTVSPost2010PropOp29
 70
     1
102
RTVSPost2010Prop30
280
     1
102
RTVSPost2010PropOp30
 70
     1
102
RTVSPost2010Prop31
280
     0
102
RTVSPost2010PropOp31
 70
     1
102
RTVSPost2010Prop32
280
     0
102
RTVSPost2010PropOp32
 70
     1
102
RTVSPost2010Prop33
280
     0
102
RTVSPost2010PropOp33
 70
     1
102
RTVSPost2010Prop34
280
     0
102
RTVSPost2010PropOp34
 70
     1
102
RTVSPost2010Prop35
280
     0
102
RTVSPost2010PropOp35
 70
     1
102
RTVSPost2010Prop36
280
     0
102
RTVSPost2010PropOp36
 70
     1
102
RTVSPost2010Prop37
 90
       50
102
RTVSPost2010PropOp37
 70
     1
102
RTVSPost2010Prop38
140
0.0
102
RTVSPost2010PropOp38
 70
     1
102
RTVSPost2010Prop39
140
1.0
102
RTVSPost2010PropOp39
 70
     1
102
RTVSPost2010Prop40
 90
        0
102
RTVSPost2010PropOp40
 70
     1
102
RTVSPost2010Prop41ColorIndex
 90
       18
102
RTVSPost2010Prop41ColorRGB
 90
        0
102
RTVSPost2010PropOp41
 70
     1
102
RTVSPost2010Prop42
 90
       50
102
RTVSPost2010PropOp42
 70
     1
102
RTVSPost2010Prop43
 90
        3
102
RTVSPost2010PropOp43
 70
     1
102
RTVSPost2010Prop44ColorIndex
 90
        5
102
RTVSPost2010Prop44ColorRGB
 90
      255
102
RTVSPost2010PropOp44
 70
     1
102
RTVSPost2010Prop45
280
     0
102
RTVSPost2010PropOp45
 70
     1
102
RTVSPost2010Prop46
 90
       50
102
RTVSPost2010PropOp46
 70
     1
102
RTVSPost2010Prop47
 90
       50
102
RTVSPost2010PropOp47
 70
     1
102
RTVSPost2010Prop48
 90
       50
102
RTVSPost2010PropOp48
 70
     1
102
RTVSPost2010Prop49
280
     0
102
RTVSPost2010PropOp49
 70
     1
102
RTVSPost2010Prop50
 90
       50
102
RTVSPost2010PropOp50
 70
     1
102
RTVSPost2010Prop51ColorIndex
 90
      256
102
RTVSPost2010Prop51ColorRGB
 90
-16777216
102
RTVSPost2010PropOp51
 70
     0
102
RTVSPost2010Prop52
140
1.0
102
RTVSPost2010PropOp52
 70
     0
102
RTVSPost2010Prop53
 90
        2
102
RTVSPost2010PropOp53
 70
     1
102
RTVSPost2010Prop54
  1
strokes_ogs.tif
102
RTVSPost2010PropOp54
 70
     1
102
RTVSPost2010Prop55
280
     0
102
RTVSPost2010PropOp55
 70
     1
102
RTVSPost2010Prop56
140
1.0
102
RTVSPost2010PropOp56
 70
     1
102
RTVSPost2010Prop57
140
1.0
102
RTVSPost2010PropOp57
 70
     1
  0
XRECORD
  5
16C
102
{ACAD_REACTORS
330
16B
102
}
330
16B
100
AcDbXrecord
280
     1
102
RTVSPost2010Prop28
280
     0
102
RTVSPost2010PropOp28
 70
     1
102
RTVSPost2010Prop29
280
     1
102
RTVSPost2010PropOp29
 70
     1
102
RTVSPost2010Prop30
280
     1
102
RTVSPost2010PropOp30
 70
     1
102
RTVSPost2010Prop31
280
     0
102
RTVSPost2010PropOp31
 70
     1
102
RTVSPost2010Prop32
280
     0
102
RTVSPost2010PropOp32
 70
     1
102
RTVSPost2010Prop33
280
     0
102
RTVSPost2010PropOp33
 70
     1
102
RTVSPost2010Prop34
280
     0
102
RTVSPost2010PropOp34
 70
     1
102
RTVSPost2010Prop35
280
     0
102
RTVSPost2010PropOp35
 70
     1
102
RTVSPost2010Prop36
280
     0
102
RTVSPost2010PropOp36
 70
     1
102
RTVSPost2010Prop37
 90
       50
102
RTVSPost2010PropOp37
 70
     1
102
RTVSPost2010Prop38
140
0.0
102
RTVSPost2010PropOp38
 70
     1
102
RTVSPost2010Prop39
140
1.0
102
RTVSPost2010PropOp39
 70
     1
102
RTVSPost2010Prop40
 90
        0
102
RTVSPost2010PropOp40
 70
     1
102
RTVSPost2010Prop41ColorIndex
 90
       18
102
RTVSPost2010Prop41ColorRGB
 90
        0
102
RTVSPost2010PropOp41
 70
     1
102
RTVSPost2010Prop42
 90
       50
102
RTVSPost2010PropOp42
 70
     1
102
RTVSPost2010Prop43
 90
        3
102
RTVSPost2010PropOp43
 70
     1
102
RTVSPost2010Prop44ColorIndex
 90
        5
102
RTVSPost2010Prop44ColorRGB
 90
      255
102
RTVSPost2010PropOp44
 70
     1
102
RTVSPost2010Prop45
280
     0
102
RTVSPost2010PropOp45
 70
     1
102
RTVSPost2010Prop46
 90
       50
102
RTVSPost2010PropOp46
 70
     1
102
RTVSPost2010Prop47
 90
       50
102
RTVSPost2010PropOp47
 70
     1
102
RTVSPost2010Prop48
 90
       50
102
RTVSPost2010PropOp48
 70
     1
102
RTVSPost2010Prop49
280
     0
102
RTVSPost2010PropOp49
 70
     1
102
RTVSPost2010Prop50
 90
       50
102
RTVSPost2010PropOp50
 70
     1
102
RTVSPost2010Prop51ColorIndex
 90
      256
102
RTVSPost2010Prop51ColorRGB
 90
-16777216
102
RTVSPost2010PropOp51
 70
     0
102
RTVSPost2010Prop52
140
1.0
102
RTVSPost2010PropOp52
 70
     0
102
RTVSPost2010Prop53
 90
        2
102
RTVSPost2010PropOp53
 70
     1
102
RTVSPost2010Prop54
  1
strokes_ogs.tif
102
RTVSPost2010PropOp54
 70
     1
102
RTVSPost2010Prop55
280
     0
102
RTVSPost2010PropOp55
 70
     1
102
RTVSPost2010Prop56
140
1.0
102
RTVSPost2010PropOp56
 70
     1
102
RTVSPost2010Prop57
140
1.0
102
RTVSPost2010PropOp57
 70
     1
  0
XRECORD
  5
16E
102
{ACAD_REACTORS
330
16D
102
}
330
16D
100
AcDbXrecord
280
     1
102
RTVSPost2010Prop28
280
     0
102
RTVSPost2010PropOp28
 70
     1
102
RTVSPost2010Prop29
280
     1
102
RTVSPost2010PropOp29
 70
     1
102
RTVSPost2010Prop30
280
     1
102
RTVSPost2010PropOp30
 70
     1
102
RTVSPost2010Prop31
280
     0
102
RTVSPost2010PropOp31
 70
     1
102
RTVSPost2010Prop32
280
     0
102
RTVSPost2010PropOp32
 70
     1
102
RTVSPost2010Prop33
280
     0
102
RTVSPost2010PropOp33
 70
     1
102
RTVSPost2010Prop34
280
     0
102
RTVSPost2010PropOp34
 70
     1
102
RTVSPost2010Prop35
280
     0
102
RTVSPost2010PropOp35
 70
     1
102
RTVSPost2010Prop36
280
     0
102
RTVSPost2010PropOp36
 70
     1
102
RTVSPost2010Prop37
 90
       50
102
RTVSPost2010PropOp37
 70
     1
102
RTVSPost2010Prop38
140
0.0
102
RTVSPost2010PropOp38
 70
     1
102
RTVSPost2010Prop39
140
1.0
102
RTVSPost2010PropOp39
 70
     1
102
RTVSPost2010Prop40
 90
        0
102
RTVSPost2010PropOp40
 70
     1
102
RTVSPost2010Prop41ColorIndex
 90
       18
102
RTVSPost2010Prop41ColorRGB
 90
        0
102
RTVSPost2010PropOp41
 70
     1
102
RTVSPost2010Prop42
 90
       50
102
RTVSPost2010PropOp42
 70
     1
102
RTVSPost2010Prop43
 90
        3
102
RTVSPost2010PropOp43
 70
     1
102
RTVSPost2010Prop44ColorIndex
 90
        5
102
RTVSPost2010Prop44ColorRGB
 90
      255
102
RTVSPost2010PropOp44
 70
     1
102
RTVSPost2010Prop45
280
     0
102
RTVSPost2010PropOp45
 70
     1
102
RTVSPost2010Prop46
 90
       50
102
RTVSPost2010PropOp46
 70
     1
102
RTVSPost2010Prop47
 90
       50
102
RTVSPost2010PropOp47
 70
     1
102
RTVSPost2010Prop48
 90
       50
102
RTVSPost2010PropOp48
 70
     1
102
RTVSPost2010Prop49
280
     0
102
RTVSPost2010PropOp49
 70
     1
102
RTVSPost2010Prop50
 90
       50
102
RTVSPost2010PropOp50
 70
     1
102
RTVSPost2010Prop51ColorIndex
 90
      256
102
RTVSPost2010Prop51ColorRGB
 90
-16777216
102
RTVSPost2010PropOp51
 70
     0
102
RTVSPost2010Prop52
140
1.0
102
RTVSPost2010PropOp52
 70
     0
102
RTVSPost2010Prop53
 90
        2
102
RTVSPost2010PropOp53
 70
     1
102
RTVSPost2010Prop54
  1
strokes_ogs.tif
102
RTVSPost2010PropOp54
 70
     1
102
RTVSPost2010Prop55
280
     0
102
RTVSPost2010PropOp55
 70
     1
102
RTVSPost2010Prop56
140
1.0
102
RTVSPost2010PropOp56
 70
     1
102
RTVSPost2010Prop57
140
1.0
102
RTVSPost2010PropOp57
 70
     1
  0
XRECORD
  5
170
102
{ACAD_REACTORS
330
16F
102
}
330
16F
100
AcDbXrecord
280
     1
102
RTVSPost2010Prop28
280
     0
102
RTVSPost2010PropOp28
 70
     1
102
RTVSPost2010Prop29
280
     1
102
RTVSPost2010PropOp29
 70
     1
102
RTVSPost2010Prop30
280
     1
102
RTVSPost2010PropOp30
 70
     1
102
RTVSPost2010Prop31
280
     0
102
RTVSPost2010PropOp31
 70
     1
102
RTVSPost2010Prop32
280
     0
102
RTVSPost2010PropOp32
 70
     1
102
RTVSPost2010Prop33
280
     0
102
RTVSPost2010PropOp33
 70
     1
102
RTVSPost2010Prop34
280
     0
102
RTVSPost2010PropOp34
 70
     1
102
RTVSPost2010Prop35
280
     0
102
RTVSPost2010PropOp35
 70
     1
102
RTVSPost2010Prop36
280
     0
102
RTVSPost2010PropOp36
 70
     1
102
RTVSPost2010Prop37
 90
       50
102
RTVSPost2010PropOp37
 70
     1
102
RTVSPost2010Prop38
140
0.0
102
RTVSPost2010PropOp38
 70
     1
102
RTVSPost2010Prop39
140
1.0
102
RTVSPost2010PropOp39
 70
     1
102
RTVSPost2010Prop40
 90
        0
102
RTVSPost2010PropOp40
 70
     1
102
RTVSPost2010Prop41ColorIndex
 90
       18
102
RTVSPost2010Prop41ColorRGB
 90
        0
102
RTVSPost2010PropOp41
 70
     1
102
RTVSPost2010Prop42
 90
       50
102
RTVSPost2010PropOp42
 70
     1
102
RTVSPost2010Prop43
 90
        3
102
RTVSPost2010PropOp43
 70
     1
102
RTVSPost2010Prop44ColorIndex
 90
        5
102
RTVSPost2010Prop44ColorRGB
 90
      255
102
RTVSPost2010PropOp44
 70
     1
102
RTVSPost2010Prop45
280
     0
102
RTVSPost2010PropOp45
 70
     1
102
RTVSPost2010Prop46
 90
       50
102
RTVSPost2010PropOp46
 70
     1
102
RTVSPost2010Prop47
 90
       50
102
RTVSPost2010PropOp47
 70
     1
102
RTVSPost2010Prop48
 90
       50
102
RTVSPost2010PropOp48
 70
     1
102
RTVSPost2010Prop49
280
     0
102
RTVSPost2010PropOp49
 70
     1
102
RTVSPost2010Prop50
 90
       50
102
RTVSPost2010PropOp50
 70
     1
102
RTVSPost2010Prop51ColorIndex
 90
      256
102
RTVSPost2010Prop51ColorRGB
 90
-16777216
102
RTVSPost2010PropOp51
 70
     0
102
RTVSPost2010Prop52
140
1.0
102
RTVSPost2010PropOp52
 70
     0
102
RTVSPost2010Prop53
 90
        2
102
RTVSPost2010PropOp53
 70
     1
102
RTVSPost2010Prop54
  1
strokes_ogs.tif
102
RTVSPost2010PropOp54
 70
     1
102
RTVSPost2010Prop55
280
     0
102
RTVSPost2010PropOp55
 70
     1
102
RTVSPost2010Prop56
140
1.0
102
RTVSPost2010PropOp56
 70
     1
102
RTVSPost2010Prop57
140
1.0
102
RTVSPost2010PropOp57
 70
     1
  0
XRECORD
  5
176
102
{ACAD_REACTORS
330
175
102
}
330
175
100
AcDbXrecord
280
     1
102
RTVSPost2010Prop28
280
     0
102
RTVSPost2010PropOp28
 70
     1
102
RTVSPost2010Prop29
280
     1
102
RTVSPost2010PropOp29
 70
     1
102
RTVSPost2010Prop30
280
     1
102
RTVSPost2010PropOp30
 70
     1
102
RTVSPost2010Prop31
280
     0
102
RTVSPost2010PropOp31
 70
     1
102
RTVSPost2010Prop32
280
     0
102
RTVSPost2010PropOp32
 70
     1
102
RTVSPost2010Prop33
280
     0
102
RTVSPost2010PropOp33
 70
     1
102
RTVSPost2010Prop34
280
     0
102
RTVSPost2010PropOp34
 70
     1
102
RTVSPost2010Prop35
280
     0
102
RTVSPost2010PropOp35
 70
     1
102
RTVSPost2010Prop36
280
     0
102
RTVSPost2010PropOp36
 70
     1
102
RTVSPost2010Prop37
 90
       50
102
RTVSPost2010PropOp37
 70
     1
102
RTVSPost2010Prop38
140
0.0
102
RTVSPost2010PropOp38
 70
     1
102
RTVSPost2010Prop39
140
1.0
102
RTVSPost2010PropOp39
 70
     1
102
RTVSPost2010Prop40
 90
        0
102
RTVSPost2010PropOp40
 70
     1
102
RTVSPost2010Prop41ColorIndex
 90
       18
102
RTVSPost2010Prop41ColorRGB
 90
        0
102
RTVSPost2010PropOp41
 70
     1
102
RTVSPost2010Prop42
 90
       50
102
RTVSPost2010PropOp42
 70
     1
102
RTVSPost2010Prop43
 90
        3
102
RTVSPost2010PropOp43
 70
     1
102
RTVSPost2010Prop44ColorIndex
 90
        5
102
RTVSPost2010Prop44ColorRGB
 90
      255
102
RTVSPost2010PropOp44
 70
     1
102
RTVSPost2010Prop45
280
     0
102
RTVSPost2010PropOp45
 70
     1
102
RTVSPost2010Prop46
 90
       50
102
RTVSPost2010PropOp46
 70
     1
102
RTVSPost2010Prop47
 90
       50
102
RTVSPost2010PropOp47
 70
     1
102
RTVSPost2010Prop48
 90
       50
102
RTVSPost2010PropOp48
 70
     1
102
RTVSPost2010Prop49
280
     0
102
RTVSPost2010PropOp49
 70
     1
102
RTVSPost2010Prop50
 90
       50
102
RTVSPost2010PropOp50
 70
     1
102
RTVSPost2010Prop51ColorIndex
 90
      256
102
RTVSPost2010Prop51ColorRGB
 90
-16777216
102
RTVSPost2010PropOp51
 70
     0
102
RTVSPost2010Prop52
140
1.0
102
RTVSPost2010PropOp52
 70
     0
102
RTVSPost2010Prop53
 90
        2
102
RTVSPost2010PropOp53
 70
     1
102
RTVSPost2010Prop54
  1
strokes_ogs.tif
102
RTVSPost2010PropOp54
 70
     1
102
RTVSPost2010Prop55
280
     0
102
RTVSPost2010PropOp55
 70
     1
102
RTVSPost2010Prop56
140
1.0
102
RTVSPost2010PropOp56
 70
     1
102
RTVSPost2010Prop57
140
1.0
102
RTVSPost2010PropOp57
 70
     1
  0
XRECORD
  5
18A
102
{ACAD_REACTORS
330
189
102
}
330
189
100
AcDbXrecord
280
     1
102
RTVSPost2010Prop28
280
     0
102
RTVSPost2010PropOp28
 70
     0
102
RTVSPost2010Prop29
280
     1
102
RTVSPost2010PropOp29
 70
     0
102
RTVSPost2010Prop30
280
     1
102
RTVSPost2010PropOp30
 70
     0
102
RTVSPost2010Prop31
280
     0
102
RTVSPost2010PropOp31
 70
     0
102
RTVSPost2010Prop32
280
     0
102
RTVSPost2010PropOp32
 70
     0
102
RTVSPost2010Prop33
280
     0
102
RTVSPost2010PropOp33
 70
     0
102
RTVSPost2010Prop34
280
     0
102
RTVSPost2010PropOp34
 70
     0
102
RTVSPost2010Prop35
280
     0
102
RTVSPost2010PropOp35
 70
     0
102
RTVSPost2010Prop36
280
     0
102
RTVSPost2010PropOp36
 70
     0
102
RTVSPost2010Prop37
 90
       50
102
RTVSPost2010PropOp37
 70
     0
102
RTVSPost2010Prop38
140
0.0
102
RTVSPost2010PropOp38
 70
     0
102
RTVSPost2010Prop39
140
1.0
102
RTVSPost2010PropOp39
 70
     0
102
RTVSPost2010Prop40
 90
        0
102
RTVSPost2010PropOp40
 70
     0
102
RTVSPost2010Prop41ColorIndex
 90
       18
102
RTVSPost2010Prop41ColorRGB
 90
        0
102
RTVSPost2010PropOp41
 70
     0
102
RTVSPost2010Prop42
 90
       50
102
RTVSPost2010PropOp42
 70
     0
102
RTVSPost2010Prop43
 90
        3
102
RTVSPost2010PropOp43
 70
     0
102
RTVSPost2010Prop44ColorIndex
 90
        5
102
RTVSPost2010Prop44ColorRGB
 90
      255
102
RTVSPost2010PropOp44
 70
     0
102
RTVSPost2010Prop45
280
     0
102
RTVSPost2010PropOp45
 70
     0
102
RTVSPost2010Prop46
 90
       50
102
RTVSPost2010PropOp46
 70
     0
102
RTVSPost2010Prop47
 90
       50
102
RTVSPost2010PropOp47
 70
     0
102
RTVSPost2010Prop48
 90
       50
102
RTVSPost2010PropOp48
 70
     0
102
RTVSPost2010Prop49
280
     0
102
RTVSPost2010PropOp49
 70
     0
102
RTVSPost2010Prop50
 90
       50
102
RTVSPost2010PropOp50
 70
     0
102
RTVSPost2010Prop51ColorIndex
 90
      256
102
RTVSPost2010Prop51ColorRGB
 90
-16777216
102
RTVSPost2010PropOp51
 70
     0
102
RTVSPost2010Prop52
140
1.0
102
RTVSPost2010PropOp52
 70
     0
102
RTVSPost2010Prop53
 90
        2
102
RTVSPost2010PropOp53
 70
     0
102
RTVSPost2010Prop54
  1
strokes_ogs.tif
102
RTVSPost2010PropOp54
 70
     0
102
RTVSPost2010Prop55
280
     0
102
RTVSPost2010PropOp55
 70
     0
102
RTVSPost2010Prop56
140
1.0
102
RTVSPost2010PropOp56
 70
     0
102
RTVSPost2010Prop57
140
1.0
102
RTVSPost2010PropOp57
 70
     0
  0
XRECORD
  5
184
102
{ACAD_REACTORS
330
183
102
}
330
183
100
AcDbXrecord
280
     1
102
RTVSPost2010Prop28
280
     0
102
RTVSPost2010PropOp28
 70
     1
102
RTVSPost2010Prop29
280
     1
102
RTVSPost2010PropOp29
 70
     1
102
RTVSPost2010Prop30
280
     1
102
RTVSPost2010PropOp30
 70
     1
102
RTVSPost2010Prop31
280
     0
102
RTVSPost2010PropOp31
 70
     1
102
RTVSPost2010Prop32
280
     0
102
RTVSPost2010PropOp32
 70
     1
102
RTVSPost2010Prop33
280
     0
102
RTVSPost2010PropOp33
 70
     1
102
RTVSPost2010Prop34
280
     0
102
RTVSPost2010PropOp34
 70
     1
102
RTVSPost2010Prop35
280
     0
102
RTVSPost2010PropOp35
 70
     1
102
RTVSPost2010Prop36
280
     0
102
RTVSPost2010PropOp36
 70
     1
102
RTVSPost2010Prop37
 90
       50
102
RTVSPost2010PropOp37
 70
     1
102
RTVSPost2010Prop38
140
0.0
102
RTVSPost2010PropOp38
 70
     1
102
RTVSPost2010Prop39
140
1.0
102
RTVSPost2010PropOp39
 70
     1
102
RTVSPost2010Prop40
 90
        0
102
RTVSPost2010PropOp40
 70
     1
102
RTVSPost2010Prop41ColorIndex
 90
       18
102
RTVSPost2010Prop41ColorRGB
 90
        0
102
RTVSPost2010PropOp41
 70
     1
102
RTVSPost2010Prop42
 90
       50
102
RTVSPost2010PropOp42
 70
     1
102
RTVSPost2010Prop43
 90
        3
102
RTVSPost2010PropOp43
 70
     1
102
RTVSPost2010Prop44ColorIndex
 90
        5
102
RTVSPost2010Prop44ColorRGB
 90
      255
102
RTVSPost2010PropOp44
 70
     1
102
RTVSPost2010Prop45
280
     0
102
RTVSPost2010PropOp45
 70
     1
102
RTVSPost2010Prop46
 90
       50
102
RTVSPost2010PropOp46
 70
     1
102
RTVSPost2010Prop47
 90
       50
102
RTVSPost2010PropOp47
 70
     1
102
RTVSPost2010Prop48
 90
       50
102
RTVSPost2010PropOp48
 70
     1
102
RTVSPost2010Prop49
280
     0
102
RTVSPost2010PropOp49
 70
     1
102
RTVSPost2010Prop50
 90
       50
102
RTVSPost2010PropOp50
 70
     1
102
RTVSPost2010Prop51ColorIndex
 90
      256
102
RTVSPost2010Prop51ColorRGB
 90
-16777216
102
RTVSPost2010PropOp51
 70
     0
102
RTVSPost2010Prop52
140
1.0
102
RTVSPost2010PropOp52
 70
     0
102
RTVSPost2010Prop53
 90
        2
102
RTVSPost2010PropOp53
 70
     1
102
RTVSPost2010Prop54
  1
strokes_ogs.tif
102
RTVSPost2010PropOp54
 70
     1
102
RTVSPost2010Prop55
280
     0
102
RTVSPost2010PropOp55
 70
     1
102
RTVSPost2010Prop56
140
1.0
102
RTVSPost2010PropOp56
 70
     1
102
RTVSPost2010Prop57
140
1.0
102
RTVSPost2010PropOp57
 70
     1
  0
XRECORD
  5
18C
102
{ACAD_REACTORS
330
18B
102
}
330
18B
100
AcDbXrecord
280
     1
102
RTVSPost2010Prop28
280
     0
102
RTVSPost2010PropOp28
 70
     0
102
RTVSPost2010Prop29
280
     1
102
RTVSPost2010PropOp29
 70
     0
102
RTVSPost2010Prop30
280
     1
102
RTVSPost2010PropOp30
 70
     0
102
RTVSPost2010Prop31
280
     0
102
RTVSPost2010PropOp31
 70
     0
102
RTVSPost2010Prop32
280
     0
102
RTVSPost2010PropOp32
 70
     0
102
RTVSPost2010Prop33
280
     0
102
RTVSPost2010PropOp33
 70
     0
102
RTVSPost2010Prop34
280
     0
102
RTVSPost2010PropOp34
 70
     0
102
RTVSPost2010Prop35
280
     0
102
RTVSPost2010PropOp35
 70
     0
102
RTVSPost2010Prop36
280
     0
102
RTVSPost2010PropOp36
 70
     0
102
RTVSPost2010Prop37
 90
       50
102
RTVSPost2010PropOp37
 70
     0
102
RTVSPost2010Prop38
140
0.0
102
RTVSPost2010PropOp38
 70
     0
102
RTVSPost2010Prop39
140
1.0
102
RTVSPost2010PropOp39
 70
     0
102
RTVSPost2010Prop40
 90
        0
102
RTVSPost2010PropOp40
 70
     0
102
RTVSPost2010Prop41ColorIndex
 90
       18
102
RTVSPost2010Prop41ColorRGB
 90
        0
102
RTVSPost2010PropOp41
 70
     0
102
RTVSPost2010Prop42
 90
       50
102
RTVSPost2010PropOp42
 70
     0
102
RTVSPost2010Prop43
 90
        3
102
RTVSPost2010PropOp43
 70
     0
102
RTVSPost2010Prop44ColorIndex
 90
        5
102
RTVSPost2010Prop44ColorRGB
 90
      255
102
RTVSPost2010PropOp44
 70
     0
102
RTVSPost2010Prop45
280
     0
102
RTVSPost2010PropOp45
 70
     0
102
RTVSPost2010Prop46
 90
       50
102
RTVSPost2010PropOp46
 70
     0
102
RTVSPost2010Prop47
 90
       50
102
RTVSPost2010PropOp47
 70
     0
102
RTVSPost2010Prop48
 90
       50
102
RTVSPost2010PropOp48
 70
     0
102
RTVSPost2010Prop49
280
     0
102
RTVSPost2010PropOp49
 70
     0
102
RTVSPost2010Prop50
 90
       50
102
RTVSPost2010PropOp50
 70
     0
102
RTVSPost2010Prop51ColorIndex
 90
      256
102
RTVSPost2010Prop51ColorRGB
 90
-16777216
102
RTVSPost2010PropOp51
 70
     0
102
RTVSPost2010Prop52
140
1.0
102
RTVSPost2010PropOp52
 70
     0
102
RTVSPost2010Prop53
 90
        2
102
RTVSPost2010PropOp53
 70
     0
102
RTVSPost2010Prop54
  1
strokes_ogs.tif
102
RTVSPost2010PropOp54
 70
     0
102
RTVSPost2010Prop55
280
     0
102
RTVSPost2010PropOp55
 70
     0
102
RTVSPost2010Prop56
140
1.0
102
RTVSPost2010PropOp56
 70
     0
102
RTVSPost2010Prop57
140
1.0
102
RTVSPost2010PropOp57
 70
     0
  0
XRECORD
  5
17A
102
{ACAD_REACTORS
330
179
102
}
330
179
100
AcDbXrecord
280
     1
102
RTVSPost2010Prop28
280
     0
102
RTVSPost2010PropOp28
 70
     1
102
RTVSPost2010Prop29
280
     1
102
RTVSPost2010PropOp29
 70
     1
102
RTVSPost2010Prop30
280
     1
102
RTVSPost2010PropOp30
 70
     1
102
RTVSPost2010Prop31
280
     0
102
RTVSPost2010PropOp31
 70
     1
102
RTVSPost2010Prop32
280
     0
102
RTVSPost2010PropOp32
 70
     1
102
RTVSPost2010Prop33
280
     0
102
RTVSPost2010PropOp33
 70
     1
102
RTVSPost2010Prop34
280
     0
102
RTVSPost2010PropOp34
 70
     1
102
RTVSPost2010Prop35
280
     0
102
RTVSPost2010PropOp35
 70
     1
102
RTVSPost2010Prop36
280
     0
102
RTVSPost2010PropOp36
 70
     1
102
RTVSPost2010Prop37
 90
       50
102
RTVSPost2010PropOp37
 70
     1
102
RTVSPost2010Prop38
140
0.0
102
RTVSPost2010PropOp38
 70
     1
102
RTVSPost2010Prop39
140
1.0
102
RTVSPost2010PropOp39
 70
     1
102
RTVSPost2010Prop40
 90
        0
102
RTVSPost2010PropOp40
 70
     1
102
RTVSPost2010Prop41ColorIndex
 90
       18
102
RTVSPost2010Prop41ColorRGB
 90
        0
102
RTVSPost2010PropOp41
 70
     1
102
RTVSPost2010Prop42
 90
       50
102
RTVSPost2010PropOp42
 70
     1
102
RTVSPost2010Prop43
 90
        3
102
RTVSPost2010PropOp43
 70
     1
102
RTVSPost2010Prop44ColorIndex
 90
        5
102
RTVSPost2010Prop44ColorRGB
 90
      255
102
RTVSPost2010PropOp44
 70
     1
102
RTVSPost2010Prop45
280
     0
102
RTVSPost2010PropOp45
 70
     1
102
RTVSPost2010Prop46
 90
       50
102
RTVSPost2010PropOp46
 70
     1
102
RTVSPost2010Prop47
 90
       50
102
RTVSPost2010PropOp47
 70
     1
102
RTVSPost2010Prop48
 90
       50
102
RTVSPost2010PropOp48
 70
     1
102
RTVSPost2010Prop49
280
     0
102
RTVSPost2010PropOp49
 70
     1
102
RTVSPost2010Prop50
 90
       50
102
RTVSPost2010PropOp50
 70
     1
102
RTVSPost2010Prop51ColorIndex
 90
      256
102
RTVSPost2010Prop51ColorRGB
 90
-16777216
102
RTVSPost2010PropOp51
 70
     0
102
RTVSPost2010Prop52
140
1.0
102
RTVSPost2010PropOp52
 70
     0
102
RTVSPost2010Prop53
 90
        2
102
RTVSPost2010PropOp53
 70
     1
102
RTVSPost2010Prop54
  1
strokes_ogs.tif
102
RTVSPost2010PropOp54
 70
     1
102
RTVSPost2010Prop55
280
     0
102
RTVSPost2010PropOp55
 70
     1
102
RTVSPost2010Prop56
140
1.0
102
RTVSPost2010PropOp56
 70
     1
102
RTVSPost2010Prop57
140
1.0
102
RTVSPost2010PropOp57
 70
     1
  0
XRECORD
  5
198
102
{ACAD_REACTORS
330
197
102
}
330
197
100
AcDbXrecord
280
     1
102
RTVSPost2010Prop28
280
     0
102
RTVSPost2010PropOp28
 70
     1
102
RTVSPost2010Prop29
280
     1
102
RTVSPost2010PropOp29
 70
     1
102
RTVSPost2010Prop30
280
     1
102
RTVSPost2010PropOp30
 70
     1
102
RTVSPost2010Prop31
280
     0
102
RTVSPost2010PropOp31
 70
     1
102
RTVSPost2010Prop32
280
     0
102
RTVSPost2010PropOp32
 70
     1
102
RTVSPost2010Prop33
280
     0
102
RTVSPost2010PropOp33
 70
     1
102
RTVSPost2010Prop34
280
     0
102
RTVSPost2010PropOp34
 70
     1
102
RTVSPost2010Prop35
280
     0
102
RTVSPost2010PropOp35
 70
     1
102
RTVSPost2010Prop36
280
     0
102
RTVSPost2010PropOp36
 70
     1
102
RTVSPost2010Prop37
 90
       50
102
RTVSPost2010PropOp37
 70
     1
102
RTVSPost2010Prop38
140
0.0
102
RTVSPost2010PropOp38
 70
     1
102
RTVSPost2010Prop39
140
1.0
102
RTVSPost2010PropOp39
 70
     1
102
RTVSPost2010Prop40
 90
        0
102
RTVSPost2010PropOp40
 70
     1
102
RTVSPost2010Prop41ColorIndex
 90
       18
102
RTVSPost2010Prop41ColorRGB
 90
        0
102
RTVSPost2010PropOp41
 70
     1
102
RTVSPost2010Prop42
 90
       50
102
RTVSPost2010PropOp42
 70
     1
102
RTVSPost2010Prop43
 90
        3
102
RTVSPost2010PropOp43
 70
     1
102
RTVSPost2010Prop44ColorIndex
 90
        5
102
RTVSPost2010Prop44ColorRGB
 90
      255
102
RTVSPost2010PropOp44
 70
     1
102
RTVSPost2010Prop45
280
     0
102
RTVSPost2010PropOp45
 70
     1
102
RTVSPost2010Prop46
 90
       50
102
RTVSPost2010PropOp46
 70
     1
102
RTVSPost2010Prop47
 90
       50
102
RTVSPost2010PropOp47
 70
     1
102
RTVSPost2010Prop48
 90
       50
102
RTVSPost2010PropOp48
 70
     1
102
RTVSPost2010Prop49
280
     0
102
RTVSPost2010PropOp49
 70
     1
102
RTVSPost2010Prop50
 90
       50
102
RTVSPost2010PropOp50
 70
     1
102
RTVSPost2010Prop51ColorIndex
 90
      256
102
RTVSPost2010Prop51ColorRGB
 90
-16777216
102
RTVSPost2010PropOp51
 70
     0
102
RTVSPost2010Prop52
140
1.0
102
RTVSPost2010PropOp52
 70
     0
102
RTVSPost2010Prop53
 90
        2
102
RTVSPost2010PropOp53
 70
     1
102
RTVSPost2010Prop54
  1
strokes_ogs.tif
102
RTVSPost2010PropOp54
 70
     1
102
RTVSPost2010Prop55
280
     0
102
RTVSPost2010PropOp55
 70
     1
102
RTVSPost2010Prop56
140
1.0
102
RTVSPost2010PropOp56
 70
     1
102
RTVSPost2010Prop57
140
1.0
102
RTVSPost2010PropOp57
 70
     1
  0
XRECORD
  5
196
102
{ACAD_REACTORS
330
195
102
}
330
195
100
AcDbXrecord
280
     1
102
RTVSPost2010Prop28
280
     0
102
RTVSPost2010PropOp28
 70
     1
102
RTVSPost2010Prop29
280
     1
102
RTVSPost2010PropOp29
 70
     1
102
RTVSPost2010Prop30
280
     1
102
RTVSPost2010PropOp30
 70
     1
102
RTVSPost2010Prop31
280
     0
102
RTVSPost2010PropOp31
 70
     1
102
RTVSPost2010Prop32
280
     0
102
RTVSPost2010PropOp32
 70
     1
102
RTVSPost2010Prop33
280
     0
102
RTVSPost2010PropOp33
 70
     1
102
RTVSPost2010Prop34
280
     0
102
RTVSPost2010PropOp34
 70
     1
102
RTVSPost2010Prop35
280
     0
102
RTVSPost2010PropOp35
 70
     1
102
RTVSPost2010Prop36
280
     0
102
RTVSPost2010PropOp36
 70
     1
102
RTVSPost2010Prop37
 90
       50
102
RTVSPost2010PropOp37
 70
     1
102
RTVSPost2010Prop38
140
0.0
102
RTVSPost2010PropOp38
 70
     1
102
RTVSPost2010Prop39
140
1.0
102
RTVSPost2010PropOp39
 70
     1
102
RTVSPost2010Prop40
 90
        0
102
RTVSPost2010PropOp40
 70
     1
102
RTVSPost2010Prop41ColorIndex
 90
       18
102
RTVSPost2010Prop41ColorRGB
 90
        0
102
RTVSPost2010PropOp41
 70
     1
102
RTVSPost2010Prop42
 90
       50
102
RTVSPost2010PropOp42
 70
     1
102
RTVSPost2010Prop43
 90
        3
102
RTVSPost2010PropOp43
 70
     1
102
RTVSPost2010Prop44ColorIndex
 90
        5
102
RTVSPost2010Prop44ColorRGB
 90
      255
102
RTVSPost2010PropOp44
 70
     1
102
RTVSPost2010Prop45
280
     0
102
RTVSPost2010PropOp45
 70
     1
102
RTVSPost2010Prop46
 90
       50
102
RTVSPost2010PropOp46
 70
     1
102
RTVSPost2010Prop47
 90
       50
102
RTVSPost2010PropOp47
 70
     1
102
RTVSPost2010Prop48
 90
       50
102
RTVSPost2010PropOp48
 70
     1
102
RTVSPost2010Prop49
280
     0
102
RTVSPost2010PropOp49
 70
     1
102
RTVSPost2010Prop50
 90
       50
102
RTVSPost2010PropOp50
 70
     1
102
RTVSPost2010Prop51ColorIndex
 90
      256
102
RTVSPost2010Prop51ColorRGB
 90
-16777216
102
RTVSPost2010PropOp51
 70
     0
102
RTVSPost2010Prop52
140
1.0
102
RTVSPost2010PropOp52
 70
     0
102
RTVSPost2010Prop53
 90
        2
102
RTVSPost2010PropOp53
 70
     1
102
RTVSPost2010Prop54
  1
strokes_ogs.tif
102
RTVSPost2010PropOp54
 70
     1
102
RTVSPost2010Prop55
280
     0
102
RTVSPost2010PropOp55
 70
     1
102
RTVSPost2010Prop56
140
1.0
102
RTVSPost2010PropOp56
 70
     1
102
RTVSPost2010Prop57
140
1.0
102
RTVSPost2010PropOp57
 70
     1
  0
XRECORD
  5
190
102
{ACAD_REACTORS
330
18F
102
}
330
18F
100
AcDbXrecord
280
     1
102
RTVSPost2010Prop28
280
     0
102
RTVSPost2010PropOp28
 70
     1
102
RTVSPost2010Prop29
280
     1
102
RTVSPost2010PropOp29
 70
     1
102
RTVSPost2010Prop30
280
     1
102
RTVSPost2010PropOp30
 70
     1
102
RTVSPost2010Prop31
280
     0
102
RTVSPost2010PropOp31
 70
     1
102
RTVSPost2010Prop32
280
     0
102
RTVSPost2010PropOp32
 70
     1
102
RTVSPost2010Prop33
280
     0
102
RTVSPost2010PropOp33
 70
     1
102
RTVSPost2010Prop34
280
     0
102
RTVSPost2010PropOp34
 70
     1
102
RTVSPost2010Prop35
280
     0
102
RTVSPost2010PropOp35
 70
     1
102
RTVSPost2010Prop36
280
     0
102
RTVSPost2010PropOp36
 70
     1
102
RTVSPost2010Prop37
 90
       50
102
RTVSPost2010PropOp37
 70
     1
102
RTVSPost2010Prop38
140
0.0
102
RTVSPost2010PropOp38
 70
     1
102
RTVSPost2010Prop39
140
1.0
102
RTVSPost2010PropOp39
 70
     1
102
RTVSPost2010Prop40
 90
        0
102
RTVSPost2010PropOp40
 70
     1
102
RTVSPost2010Prop41ColorIndex
 90
       18
102
RTVSPost2010Prop41ColorRGB
 90
        0
102
RTVSPost2010PropOp41
 70
     1
102
RTVSPost2010Prop42
 90
       50
102
RTVSPost2010PropOp42
 70
     1
102
RTVSPost2010Prop43
 90
        3
102
RTVSPost2010PropOp43
 70
     1
102
RTVSPost2010Prop44ColorIndex
 90
        5
102
RTVSPost2010Prop44ColorRGB
 90
      255
102
RTVSPost2010PropOp44
 70
     1
102
RTVSPost2010Prop45
280
     0
102
RTVSPost2010PropOp45
 70
     1
102
RTVSPost2010Prop46
 90
       50
102
RTVSPost2010PropOp46
 70
     1
102
RTVSPost2010Prop47
 90
       50
102
RTVSPost2010PropOp47
 70
     1
102
RTVSPost2010Prop48
 90
       50
102
RTVSPost2010PropOp48
 70
     1
102
RTVSPost2010Prop49
280
     0
102
RTVSPost2010PropOp49
 70
     1
102
RTVSPost2010Prop50
 90
       50
102
RTVSPost2010PropOp50
 70
     1
102
RTVSPost2010Prop51ColorIndex
 90
      256
102
RTVSPost2010Prop51ColorRGB
 90
-16777216
102
RTVSPost2010PropOp51
 70
     0
102
RTVSPost2010Prop52
140
1.0
102
RTVSPost2010PropOp52
 70
     0
102
RTVSPost2010Prop53
 90
        2
102
RTVSPost2010PropOp53
 70
     1
102
RTVSPost2010Prop54
  1
strokes_ogs.tif
102
RTVSPost2010PropOp54
 70
     1
102
RTVSPost2010Prop55
280
     0
102
RTVSPost2010PropOp55
 70
     1
102
RTVSPost2010Prop56
140
1.0
102
RTVSPost2010PropOp56
 70
     1
102
RTVSPost2010Prop57
140
1.0
102
RTVSPost2010PropOp57
 70
     1
  0
XRECORD
  5
192
102
{ACAD_REACTORS
330
191
102
}
330
191
100
AcDbXrecord
280
     1
102
RTVSPost2010Prop28
280
     0
102
RTVSPost2010PropOp28
 70
     1
102
RTVSPost2010Prop29
280
     1
102
RTVSPost2010PropOp29
 70
     1
102
RTVSPost2010Prop30
280
     1
102
RTVSPost2010PropOp30
 70
     1
102
RTVSPost2010Prop31
280
     0
102
RTVSPost2010PropOp31
 70
     1
102
RTVSPost2010Prop32
280
     0
102
RTVSPost2010PropOp32
 70
     1
102
RTVSPost2010Prop33
280
     0
102
RTVSPost2010PropOp33
 70
     1
102
RTVSPost2010Prop34
280
     0
102
RTVSPost2010PropOp34
 70
     1
102
RTVSPost2010Prop35
280
     0
102
RTVSPost2010PropOp35
 70
     1
102
RTVSPost2010Prop36
280
     0
102
RTVSPost2010PropOp36
 70
     1
102
RTVSPost2010Prop37
 90
       50
102
RTVSPost2010PropOp37
 70
     1
102
RTVSPost2010Prop38
140
0.0
102
RTVSPost2010PropOp38
 70
     1
102
RTVSPost2010Prop39
140
1.0
102
RTVSPost2010PropOp39
 70
     1
102
RTVSPost2010Prop40
 90
        0
102
RTVSPost2010PropOp40
 70
     1
102
RTVSPost2010Prop41ColorIndex
 90
       18
102
RTVSPost2010Prop41ColorRGB
 90
        0
102
RTVSPost2010PropOp41
 70
     1
102
RTVSPost2010Prop42
 90
       50
102
RTVSPost2010PropOp42
 70
     1
102
RTVSPost2010Prop43
 90
        3
102
RTVSPost2010PropOp43
 70
     1
102
RTVSPost2010Prop44ColorIndex
 90
        5
102
RTVSPost2010Prop44ColorRGB
 90
      255
102
RTVSPost2010PropOp44
 70
     1
102
RTVSPost2010Prop45
280
     0
102
RTVSPost2010PropOp45
 70
     1
102
RTVSPost2010Prop46
 90
       50
102
RTVSPost2010PropOp46
 70
     1
102
RTVSPost2010Prop47
 90
       50
102
RTVSPost2010PropOp47
 70
     1
102
RTVSPost2010Prop48
 90
       50
102
RTVSPost2010PropOp48
 70
     1
102
RTVSPost2010Prop49
280
     0
102
RTVSPost2010PropOp49
 70
     1
102
RTVSPost2010Prop50
 90
       50
102
RTVSPost2010PropOp50
 70
     1
102
RTVSPost2010Prop51ColorIndex
 90
      256
102
RTVSPost2010Prop51ColorRGB
 90
-16777216
102
RTVSPost2010PropOp51
 70
     0
102
RTVSPost2010Prop52
140
1.0
102
RTVSPost2010PropOp52
 70
     0
102
RTVSPost2010Prop53
 90
        2
102
RTVSPost2010PropOp53
 70
     1
102
RTVSPost2010Prop54
  1
strokes_ogs.tif
102
RTVSPost2010PropOp54
 70
     1
102
RTVSPost2010Prop55
280
     0
102
RTVSPost2010PropOp55
 70
     1
102
RTVSPost2010Prop56
140
1.0
102
RTVSPost2010PropOp56
 70
     1
102
RTVSPost2010Prop57
140
1.0
102
RTVSPost2010PropOp57
 70
     1
  0
XRECORD
  5
182
102
{ACAD_REACTORS
330
181
102
}
330
181
100
AcDbXrecord
280
     1
102
RTVSPost2010Prop28
280
     0
102
RTVSPost2010PropOp28
 70
     1
102
RTVSPost2010Prop29
280
     1
102
RTVSPost2010PropOp29
 70
     1
102
RTVSPost2010Prop30
280
     1
102
RTVSPost2010PropOp30
 70
     1
102
RTVSPost2010Prop31
280
     0
102
RTVSPost2010PropOp31
 70
     1
102
RTVSPost2010Prop32
280
     0
102
RTVSPost2010PropOp32
 70
     1
102
RTVSPost2010Prop33
280
     0
102
RTVSPost2010PropOp33
 70
     1
102
RTVSPost2010Prop34
280
     0
102
RTVSPost2010PropOp34
 70
     1
102
RTVSPost2010Prop35
280
     0
102
RTVSPost2010PropOp35
 70
     1
102
RTVSPost2010Prop36
280
     0
102
RTVSPost2010PropOp36
 70
     1
102
RTVSPost2010Prop37
 90
       50
102
RTVSPost2010PropOp37
 70
     1
102
RTVSPost2010Prop38
140
0.0
102
RTVSPost2010PropOp38
 70
     1
102
RTVSPost2010Prop39
140
1.0
102
RTVSPost2010PropOp39
 70
     1
102
RTVSPost2010Prop40
 90
        0
102
RTVSPost2010PropOp40
 70
     1
102
RTVSPost2010Prop41ColorIndex
 90
       18
102
RTVSPost2010Prop41ColorRGB
 90
        0
102
RTVSPost2010PropOp41
 70
     1
102
RTVSPost2010Prop42
 90
       50
102
RTVSPost2010PropOp42
 70
     1
102
RTVSPost2010Prop43
 90
        3
102
RTVSPost2010PropOp43
 70
     1
102
RTVSPost2010Prop44ColorIndex
 90
        5
102
RTVSPost2010Prop44ColorRGB
 90
      255
102
RTVSPost2010PropOp44
 70
     1
102
RTVSPost2010Prop45
280
     0
102
RTVSPost2010PropOp45
 70
     1
102
RTVSPost2010Prop46
 90
       50
102
RTVSPost2010PropOp46
 70
     1
102
RTVSPost2010Prop47
 90
       50
102
RTVSPost2010PropOp47
 70
     1
102
RTVSPost2010Prop48
 90
       50
102
RTVSPost2010PropOp48
 70
     1
102
RTVSPost2010Prop49
280
     0
102
RTVSPost2010PropOp49
 70
     1
102
RTVSPost2010Prop50
 90
       50
102
RTVSPost2010PropOp50
 70
     1
102
RTVSPost2010Prop51ColorIndex
 90
      256
102
RTVSPost2010Prop51ColorRGB
 90
-16777216
102
RTVSPost2010PropOp51
 70
     0
102
RTVSPost2010Prop52
140
1.0
102
RTVSPost2010PropOp52
 70
     0
102
RTVSPost2010Prop53
 90
        2
102
RTVSPost2010PropOp53
 70
     1
102
RTVSPost2010Prop54
  1
strokes_ogs.tif
102
RTVSPost2010PropOp54
 70
     1
102
RTVSPost2010Prop55
280
     0
102
RTVSPost2010PropOp55
 70
     1
102
RTVSPost2010Prop56
140
1.0
102
RTVSPost2010PropOp56
 70
     1
102
RTVSPost2010Prop57
140
1.0
102
RTVSPost2010PropOp57
 70
     1
  0
XRECORD
  5
174
102
{ACAD_REACTORS
330
173
102
}
330
173
100
AcDbXrecord
280
     1
102
RTVSPost2010Prop28
280
     0
102
RTVSPost2010PropOp28
 70
     1
102
RTVSPost2010Prop29
280
     1
102
RTVSPost2010PropOp29
 70
     1
102
RTVSPost2010Prop30
280
     1
102
RTVSPost2010PropOp30
 70
     1
102
RTVSPost2010Prop31
280
     0
102
RTVSPost2010PropOp31
 70
     1
102
RTVSPost2010Prop32
280
     0
102
RTVSPost2010PropOp32
 70
     1
102
RTVSPost2010Prop33
280
     0
102
RTVSPost2010PropOp33
 70
     1
102
RTVSPost2010Prop34
280
     0
102
RTVSPost2010PropOp34
 70
     1
102
RTVSPost2010Prop35
280
     0
102
RTVSPost2010PropOp35
 70
     1
102
RTVSPost2010Prop36
280
     0
102
RTVSPost2010PropOp36
 70
     1
102
RTVSPost2010Prop37
 90
       50
102
RTVSPost2010PropOp37
 70
     1
102
RTVSPost2010Prop38
140
0.0
102
RTVSPost2010PropOp38
 70
     1
102
RTVSPost2010Prop39
140
1.0
102
RTVSPost2010PropOp39
 70
     1
102
RTVSPost2010Prop40
 90
        0
102
RTVSPost2010PropOp40
 70
     1
102
RTVSPost2010Prop41ColorIndex
 90
       18
102
RTVSPost2010Prop41ColorRGB
 90
        0
102
RTVSPost2010PropOp41
 70
     1
102
RTVSPost2010Prop42
 90
       50
102
RTVSPost2010PropOp42
 70
     1
102
RTVSPost2010Prop43
 90
        3
102
RTVSPost2010PropOp43
 70
     1
102
RTVSPost2010Prop44ColorIndex
 90
        5
102
RTVSPost2010Prop44ColorRGB
 90
      255
102
RTVSPost2010PropOp44
 70
     1
102
RTVSPost2010Prop45
280
     0
102
RTVSPost2010PropOp45
 70
     1
102
RTVSPost2010Prop46
 90
       50
102
RTVSPost2010PropOp46
 70
     1
102
RTVSPost2010Prop47
 90
       50
102
RTVSPost2010PropOp47
 70
     1
102
RTVSPost2010Prop48
 90
       50
102
RTVSPost2010PropOp48
 70
     1
102
RTVSPost2010Prop49
280
     0
102
RTVSPost2010PropOp49
 70
     1
102
RTVSPost2010Prop50
 90
       50
102
RTVSPost2010PropOp50
 70
     1
102
RTVSPost2010Prop51ColorIndex
 90
      256
102
RTVSPost2010Prop51ColorRGB
 90
-16777216
102
RTVSPost2010PropOp51
 70
     0
102
RTVSPost2010Prop52
140
1.0
102
RTVSPost2010PropOp52
 70
     0
102
RTVSPost2010Prop53
 90
        2
102
RTVSPost2010PropOp53
 70
     1
102
RTVSPost2010Prop54
  1
strokes_ogs.tif
102
RTVSPost2010PropOp54
 70
     1
102
RTVSPost2010Prop55
280
     0
102
RTVSPost2010PropOp55
 70
     1
102
RTVSPost2010Prop56
140
1.0
102
RTVSPost2010PropOp56
 70
     1
102
RTVSPost2010Prop57
140
1.0
102
RTVSPost2010PropOp57
 70
     1
  0
XRECORD
  5
194
102
{ACAD_REACTORS
330
193
102
}
330
193
100
AcDbXrecord
280
     1
102
RTVSPost2010Prop28
280
     0
102
RTVSPost2010PropOp28
 70
     1
102
RTVSPost2010Prop29
280
     1
102
RTVSPost2010PropOp29
 70
     1
102
RTVSPost2010Prop30
280
     1
102
RTVSPost2010PropOp30
 70
     1
102
RTVSPost2010Prop31
280
     0
102
RTVSPost2010PropOp31
 70
     1
102
RTVSPost2010Prop32
280
     0
102
RTVSPost2010PropOp32
 70
     1
102
RTVSPost2010Prop33
280
     0
102
RTVSPost2010PropOp33
 70
     1
102
RTVSPost2010Prop34
280
     0
102
RTVSPost2010PropOp34
 70
     1
102
RTVSPost2010Prop35
280
     0
102
RTVSPost2010PropOp35
 70
     1
102
RTVSPost2010Prop36
280
     0
102
RTVSPost2010PropOp36
 70
     1
102
RTVSPost2010Prop37
 90
       50
102
RTVSPost2010PropOp37
 70
     1
102
RTVSPost2010Prop38
140
0.0
102
RTVSPost2010PropOp38
 70
     1
102
RTVSPost2010Prop39
140
1.0
102
RTVSPost2010PropOp39
 70
     1
102
RTVSPost2010Prop40
 90
        0
102
RTVSPost2010PropOp40
 70
     1
102
RTVSPost2010Prop41ColorIndex
 90
       18
102
RTVSPost2010Prop41ColorRGB
 90
        0
102
RTVSPost2010PropOp41
 70
     1
102
RTVSPost2010Prop42
 90
       50
102
RTVSPost2010PropOp42
 70
     1
102
RTVSPost2010Prop43
 90
        3
102
RTVSPost2010PropOp43
 70
     1
102
RTVSPost2010Prop44ColorIndex
 90
        5
102
RTVSPost2010Prop44ColorRGB
 90
      255
102
RTVSPost2010PropOp44
 70
     1
102
RTVSPost2010Prop45
280
     0
102
RTVSPost2010PropOp45
 70
     1
102
RTVSPost2010Prop46
 90
       50
102
RTVSPost2010PropOp46
 70
     1
102
RTVSPost2010Prop47
 90
       50
102
RTVSPost2010PropOp47
 70
     1
102
RTVSPost2010Prop48
 90
       50
102
RTVSPost2010PropOp48
 70
     1
102
RTVSPost2010Prop49
280
     0
102
RTVSPost2010PropOp49
 70
     1
102
RTVSPost2010Prop50
 90
       50
102
RTVSPost2010PropOp50
 70
     1
102
RTVSPost2010Prop51ColorIndex
 90
      256
102
RTVSPost2010Prop51ColorRGB
 90
-16777216
102
RTVSPost2010PropOp51
 70
     0
102
RTVSPost2010Prop52
140
1.0
102
RTVSPost2010PropOp52
 70
     0
102
RTVSPost2010Prop53
 90
        2
102
RTVSPost2010PropOp53
 70
     1
102
RTVSPost2010Prop54
  1
strokes_ogs.tif
102
RTVSPost2010PropOp54
 70
     1
102
RTVSPost2010Prop55
280
     0
102
RTVSPost2010PropOp55
 70
     1
102
RTVSPost2010Prop56
140
1.0
102
RTVSPost2010PropOp56
 70
     1
102
RTVSPost2010Prop57
140
1.0
102
RTVSPost2010PropOp57
 70
     1
  0
ENDSEC
  0
EOF
